-12.97,-12.92,-13.06,-12.48,-12.92,-13.19,-13.14,-12.97,-12.78,-12.70,-12.70,-12.83,-12.83,-12.61,-12.78,-12.92,-12.92,-12.92,-12.70,-12.92,-12.78,-12.78,-12.92,-12.48,-12.61,-12.04,-12.83,-12.61,-12.48,-12.39,-12.56,-12.61,-12.61,-12.61,-13.06,-12.39,-12.83,-12.83,-12.61,-12.48,-12.61,-12.20,-12.20,-12.70,-12.70,-12.92,-12.48,-12.78,-12.48,-12.70,-12.34,-12.39,-12.34,-12.39,-12.61,-12.70,-12.48,-12.34,-12.39,-12.48,-12.39,-12.26,-12.39,-12.48,-12.48,-12.26,-12.26,-12.61,-12.48,-12.39,-12.39,-12.34,-12.48,-12.39,-12.70,-12.70,-12.48,-12.39,-12.39,-12.12,-12.48,-12.34,-12.56,-12.70,-11.90,-11.90,-12.26,-12.70,-12.34,-12.34,-12.04,-12.04,-12.12,-12.39,-12.34,-12.39,-12.39,-12.39,-12.48,-11.98,-11.90,-12.26,-11.90,-11.76,-11.76,-11.85,-11.90,-12.04,-11.85,-11.90,-11.55,-11.90,-11.76,-11.98,-12.20,-11.98,-11.85,-12.12,-11.90,-12.20,-12.12,-12.04,-12.39,-12.26,-12.04,-12.20,-11.90,-12.20,-11.98,-12.12,-12.39,-12.12,-11.55,-11.68,-11.68,-11.85,-12.04,-11.19,-11.49,-11.68,-11.68,-11.55,-11.55,-11.63,-11.63,-11.85,-11.76,-11.76,-11.14,-10.57,-10.79,-11.06,-10.57,-10.57,-10.44,-11.27,-11.19,-11.06,-11.00,-10.79,-10.71,-11.19,-11.06,-11.19,-11.49,-11.36,-11.41,-11.55,-11.68,-11.90,-12.04,-11.68,-11.76,-11.85,-11.68,-11.98,-11.68,-11.68,-11.98,-11.49,-11.63,-11.41,-11.63,-11.19,-11.55,-11.63,-11.90,-11.55,-11.68,-11.63,-11.76,-11.36,-11.41,-11.85,-11.68,-11.55,-11.49,-11.36,-11.27,-11.63,-11.41,-11.41,-11.41,-11.41,-11.19,-11.27,-11.55,-11.41,-11.36,-11.06,-11.36,-11.41,-11.55,-11.19,-11.14,-11.14,-11.19,-11.14,-11.14,-11.06,-10.92,-11.41,-11.27,-11.27,-11.68,-11.19,-11.36,-11.49,-11.41,-11.49,-11.41,-11.49,-11.41,-11.63,-11.27,-10.04,-9.16,-8.82,-8.82,-7.93,-7.80,-8.74,-9.29,-9.35,-10.09,-11.14,-11.63,-11.76,-11.85,-11.85,-12.26,-11.98,-12.12,-12.20,-12.04,-12.20,-11.76,-11.98,-11.90,-11.98,-12.12,-11.85,-12.04,-11.98,-11.90,-12.12,-12.12,-11.90,-11.85,-11.90,-11.68,-11.63,-11.68,-11.90,-11.85,-11.90,-11.98,-11.90,-12.20,-12.26,-12.39,-12.12,-12.12,-11.98,-11.90,-12.20,-12.12,-12.34,-12.20,-12.12,-12.48,-12.48,-12.26,-11.76,-12.20,-12.26,-12.20,-12.34,-12.26,-11.85,-12.26,-12.34,-12.12,-12.26,-12.26,-12.26,-12.56,-12.39,-12.39,-12.48,-12.61,-12.39,-12.48,-12.34,-12.20,-12.78,-12.61,-12.39,-12.70,-12.70,-12.34,-12.26,-12.39,-12.34,-12.04,-12.39,-12.61,-12.26,-12.39,-12.70,-12.92,-12.56,-12.48,-12.61,-12.61,-12.61,-12.97,-12.61,-12.70,-12.48,-12.39,-12.61,-12.78,-12.61,-12.48,-12.56,-12.56,-12.39,-12.48,-12.48,-12.70,-13.19,-12.34,-12.56,-12.56,-12.83,-12.92,-12.97,-12.56,-12.70,-12.70,-12.56,-12.92,-12.97,-12.70,-12.56,-12.97,-12.56,-12.70,-12.78,-12.92,-12.70,-12.70,-12.83,-12.61,-12.83,-13.14,-12.83,-12.97,-12.70,-12.78,-12.78
-12.97,-12.92,-12.83,-12.26,-12.83,-12.70,-12.61,-12.78,-12.70,-12.70,-12.78,-12.48,-12.70,-12.56,-12.61,-12.70,-12.56,-12.61,-12.61,-12.61,-12.34,-12.39,-12.39,-12.39,-12.26,-12.61,-12.78,-12.83,-12.56,-12.34,-12.39,-12.39,-12.56,-12.70,-12.48,-12.61,-12.78,-12.83,-12.61,-12.61,-12.78,-12.70,-12.61,-12.39,-12.61,-12.70,-12.34,-12.48,-12.39,-12.39,-12.20,-12.34,-12.34,-12.34,-12.48,-12.39,-12.34,-12.26,-12.61,-12.61,-12.34,-12.56,-12.39,-12.12,-12.97,-12.48,-12.34,-12.39,-12.39,-12.56,-12.83,-12.39,-12.34,-12.48,-12.48,-12.26,-12.61,-12.56,-12.34,-12.04,-12.20,-12.48,-11.98,-12.20,-12.48,-12.20,-12.78,-12.34,-12.34,-12.04,-12.12,-12.34,-12.26,-12.20,-12.12,-12.39,-12.26,-11.98,-12.20,-12.20,-12.20,-11.85,-12.04,-11.85,-12.04,-11.76,-11.76,-11.85,-11.27,-11.90,-11.98,-11.98,-11.98,-11.68,-11.63,-11.85,-11.76,-12.12,-11.98,-11.90,-11.76,-12.04,-11.90,-11.55,-12.20,-11.98,-12.20,-12.26,-11.90,-12.04,-11.98,-12.26,-12.20,-11.90,-11.90,-11.85,-11.49,-11.55,-11.41,-11.41,-11.63,-11.41,-11.41,-11.49,-11.41,-11.68,-11.85,-11.55,-11.41,-11.14,-10.57,-10.92,-10.65,-10.65,-10.30,-10.84,-10.44,-10.65,-10.84,-10.92,-10.52,-11.14,-10.71,-10.84,-11.49,-11.36,-11.06,-11.49,-11.68,-11.85,-12.12,-11.55,-11.55,-11.68,-11.85,-11.41,-11.76,-11.68,-11.85,-11.90,-11.63,-11.27,-11.27,-11.27,-11.27,-11.55,-11.19,-11.55,-11.63,-11.63,-11.36,-11.36,-11.76,-11.55,-11.63,-11.68,-11.49,-11.41,-11.49,-11.27,-11.63,-11.41,-11.36,-11.63,-11.19,-11.14,-11.19,-11.41,-11.27,-11.36,-11.14,-11.27,-11.19,-11.41,-11.27,-11.36,-11.27,-11.14,-11.00,-11.06,-10.79,-11.14,-10.84,-11.36,-11.14,-11.41,-11.27,-11.36,-11.27,-11.36,-11.27,-11.41,-11.41,-11.41,-11.06,-9.35,-8.74,-8.95,-8.27,-7.54,-8.53,-9.35,-8.95,-9.82,-10.44,-11.27,-11.76,-12.12,-12.04,-11.76,-11.68,-11.76,-11.98,-11.68,-11.98,-12.12,-12.12,-11.90,-11.90,-11.68,-12.39,-11.76,-11.68,-12.04,-12.12,-11.63,-11.98,-11.68,-11.85,-12.04,-11.76,-11.90,-11.98,-11.85,-11.41,-11.98,-11.76,-12.04,-11.90,-12.34,-12.26,-12.34,-11.98,-12.34,-12.12,-12.12,-11.68,-12.04,-12.26,-12.39,-12.34,-12.20,-12.04,-12.12,-12.12,-11.90,-12.12,-12.04,-12.12,-12.26,-12.04,-12.34,-12.34,-12.39,-12.26,-12.04,-12.26,-11.85,-12.04,-12.39,-12.12,-12.20,-12.34,-12.12,-12.39,-12.39,-12.34,-11.85,-12.39,-12.34,-12.39,-12.48,-12.48,-12.34,-12.56,-12.20,-12.39,-12.26,-12.39,-12.48,-12.83,-12.39,-12.56,-12.48,-12.39,-12.39,-12.61,-12.39,-12.48,-12.34,-12.39,-12.26,-12.56,-12.48,-12.26,-12.78,-12.39,-12.78,-12.48,-12.92,-12.61,-12.56,-12.56,-12.78,-12.83,-12.56,-12.83,-12.48,-12.78,-12.61,-12.70,-12.48,-12.92,-12.70,-12.78,-12.70,-12.61,-12.97,-12.61,-12.61,-12.48,-12.56,-12.61,-12.78,-12.70,-12.83,-12.83,-12.83,-12.92,-12.92,-13.06,-12.78
-12.70,-12.92,-12.97,-13.14,-12.56,-12.56,-12.61,-13.06,-12.92,-12.92,-13.14,-12.97,-12.70,-12.97,-12.56,-12.83,-12.70,-12.70,-12.78,-12.78,-12.56,-12.83,-12.92,-12.78,-12.61,-12.61,-12.34,-12.83,-12.39,-12.78,-12.26,-12.83,-12.83,-12.56,-12.56,-12.48,-12.78,-12.34,-12.83,-12.78,-12.39,-12.39,-12.61,-12.56,-12.34,-12.61,-12.70,-12.48,-12.34,-12.70,-12.20,-12.70,-12.61,-12.26,-12.20,-11.90,-12.56,-12.48,-12.61,-12.48,-12.12,-12.12,-12.26,-12.39,-12.34,-12.48,-12.39,-12.34,-12.39,-12.56,-12.39,-12.39,-12.34,-12.48,-12.34,-12.26,-12.26,-12.34,-12.34,-12.20,-12.34,-12.39,-12.48,-12.48,-12.26,-12.34,-12.12,-12.26,-12.26,-12.26,-12.34,-12.26,-12.34,-12.39,-12.20,-12.26,-12.34,-12.20,-12.20,-12.26,-12.04,-12.20,-12.39,-11.68,-11.90,-11.85,-11.90,-11.85,-11.90,-11.85,-11.90,-11.49,-11.98,-11.90,-11.90,-12.04,-12.20,-11.76,-11.85,-11.85,-11.63,-11.68,-12.39,-12.20,-12.12,-12.34,-11.76,-12.20,-12.34,-11.90,-12.04,-11.98,-12.34,-12.04,-11.90,-11.85,-11.76,-11.85,-11.19,-11.06,-11.41,-11.49,-11.49,-11.14,-11.27,-11.76,-11.63,-11.49,-11.68,-11.49,-10.79,-10.71,-10.22,-10.44,-10.52,-10.44,-10.44,-10.57,-11.00,-11.00,-10.65,-10.65,-10.79,-11.19,-11.19,-11.41,-11.55,-11.19,-11.63,-11.63,-11.55,-11.55,-11.49,-11.68,-11.63,-11.68,-11.41,-11.76,-11.76,-11.76,-11.68,-11.76,-11.63,-11.19,-11.27,-11.49,-11.41,-11.06,-11.63,-11.27,-11.41,-11.49,-11.06,-11.41,-11.27,-11.49,-11.63,-11.76,-11.55,-11.49,-10.84,-11.19,-11.19,-11.41,-11.19,-11.00,-11.14,-11.00,-11.19,-11.27,-11.49,-11.36,-11.63,-11.49,-11.27,-11.14,-10.92,-10.92,-10.92,-11.41,-11.14,-11.27,-11.36,-11.36,-11.19,-11.27,-11.55,-11.14,-11.36,-11.41,-11.14,-11.76,-11.19,-10.79,-9.96,-9.16,-8.95,-8.69,-8.01,-7.75,-8.74,-9.29,-9.16,-10.04,-11.14,-11.55,-12.04,-12.26,-12.26,-11.68,-11.98,-11.85,-12.04,-11.90,-11.98,-11.90,-11.85,-11.90,-11.98,-11.85,-11.76,-11.90,-11.98,-12.12,-11.90,-11.85,-11.98,-11.90,-12.12,-11.85,-11.19,-11.90,-11.98,-12.34,-11.63,-12.12,-12.04,-11.90,-12.20,-12.04,-11.98,-12.20,-12.04,-12.26,-11.90,-12.12,-12.26,-12.20,-12.26,-12.20,-12.20,-12.20,-12.39,-12.26,-12.39,-12.56,-11.98,-12.26,-12.26,-12.34,-12.39,-12.04,-12.12,-12.20,-12.39,-12.39,-12.39,-12.39,-12.56,-12.39,-12.20,-12.39,-12.48,-12.04,-12.34,-12.39,-12.26,-12.39,-12.56,-12.48,-12.20,-12.12,-12.34,-12.34,-12.12,-12.34,-12.39,-12.48,-12.34,-12.39,-12.61,-12.39,-12.34,-12.39,-12.48,-12.48,-12.20,-12.78,-12.39,-12.70,-12.20,-12.39,-12.34,-12.48,-12.48,-12.34,-12.70,-12.83,-12.39,-12.70,-12.70,-12.48,-12.39,-12.61,-12.70,-12.56,-12.48,-12.61,-12.61,-12.61,-12.92,-12.61,-12.83,-12.78,-12.26,-12.78,-12.61,-12.83,-12.61,-12.61,-12.56,-13.19,-12.61,-13.14,-12.92,-12.78,-13.14,-12.61,-12.92,-12.83,-12.92,-13.06
-12.83,-12.70,-12.78,-12.83,-12.48,-12.78,-12.83,-12.78,-12.83,-12.61,-12.83,-12.39,-12.48,-12.26,-12.70,-12.78,-12.97,-12.70,-12.78,-12.78,-12.39,-12.70,-12.39,-12.70,-12.48,-12.34,-12.34,-12.61,-12.78,-12.34,-12.56,-12.39,-12.39,-12.56,-12.48,-12.83,-12.20,-12.48,-12.39,-12.48,-12.39,-12.39,-12.56,-12.61,-12.20,-12.39,-12.48,-12.61,-12.12,-12.20,-12.20,-12.39,-12.34,-12.34,-12.39,-12.83,-12.12,-12.26,-12.39,-12.12,-12.39,-12.34,-12.20,-12.26,-12.20,-12.48,-12.26,-12.20,-12.34,-12.04,-12.34,-12.56,-12.34,-12.26,-12.56,-12.39,-12.39,-12.34,-12.34,-12.12,-12.12,-12.20,-11.90,-12.04,-11.98,-12.20,-12.20,-11.98,-12.26,-12.20,-12.12,-12.39,-12.12,-12.34,-12.04,-11.98,-11.98,-12.04,-11.98,-12.12,-12.12,-12.26,-12.12,-11.98,-11.98,-11.98,-12.04,-11.55,-11.68,-11.90,-11.68,-11.90,-11.63,-11.63,-11.55,-11.90,-12.04,-11.90,-11.98,-11.90,-11.63,-11.68,-11.55,-11.98,-12.04,-12.20,-11.98,-11.68,-11.76,-11.90,-11.76,-12.12,-11.76,-12.12,-12.12,-11.63,-11.63,-11.49,-11.19,-10.92,-11.00,-11.27,-11.41,-11.36,-11.49,-11.06,-11.27,-11.19,-11.68,-11.63,-10.92,-10.52,-10.65,-10.38,-10.17,-10.04,-10.44,-10.44,-11.00,-11.14,-10.57,-10.79,-10.92,-11.06,-11.14,-11.36,-11.49,-11.41,-11.19,-11.63,-11.55,-11.36,-11.68,-11.76,-11.76,-11.68,-11.49,-11.68,-11.41,-11.63,-11.68,-11.76,-11.06,-11.41,-11.19,-11.36,-11.36,-11.19,-11.49,-11.49,-11.41,-11.55,-11.27,-11.19,-11.36,-11.27,-11.19,-11.63,-11.00,-11.49,-11.41,-11.27,-11.36,-11.06,-11.00,-11.41,-11.00,-11.41,-11.06,-10.92,-11.27,-11.19,-11.27,-11.41,-10.92,-10.84,-10.84,-11.14,-10.84,-10.92,-11.19,-11.27,-11.27,-11.14,-11.27,-11.06,-11.14,-11.14,-11.49,-11.55,-11.36,-11.27,-11.14,-10.84,-9.56,-8.87,-9.00,-8.53,-7.62,-8.69,-8.95,-9.42,-9.48,-10.57,-11.19,-11.55,-12.04,-12.04,-11.90,-12.04,-11.85,-11.63,-12.04,-11.76,-11.98,-11.85,-12.04,-11.90,-11.85,-11.90,-11.98,-11.68,-11.98,-11.98,-11.90,-11.63,-11.55,-11.90,-11.85,-11.68,-11.85,-11.68,-11.68,-11.55,-11.98,-11.90,-12.12,-11.85,-12.26,-12.39,-11.85,-12.12,-12.04,-11.85,-12.04,-12.26,-12.20,-11.98,-12.04,-12.12,-12.20,-12.12,-11.68,-12.04,-11.85,-12.12,-11.85,-11.85,-12.20,-12.04,-12.04,-11.98,-12.20,-12.61,-12.39,-12.34,-12.34,-12.12,-12.34,-12.34,-12.26,-12.20,-12.26,-12.20,-12.34,-12.26,-12.34,-12.48,-12.48,-12.34,-12.34,-12.39,-12.48,-12.61,-12.56,-12.39,-12.39,-12.12,-12.34,-12.34,-12.61,-12.20,-12.48,-12.70,-12.04,-12.48,-12.20,-12.61,-12.34,-12.61,-12.70,-12.39,-12.34,-12.34,-12.56,-12.34,-12.26,-12.26,-12.92,-12.48,-12.48,-12.56,-12.34,-12.56,-12.39,-12.48,-12.70,-12.61,-12.56,-12.56,-12.83,-12.20,-12.39,-12.83,-12.56,-12.56,-12.61,-12.70,-12.48,-12.70,-12.70,-12.92,-12.70,-12.92,-12.92,-12.56,-12.56,-12.78,-12.92,-12.70,-13.14,-12.92
-12.56,-13.06,-12.61,-12.56,-12.39,-12.39,-12.61,-12.92,-13.14,-12.70,-12.70,-12.83,-12.83,-12.61,-12.70,-12.39,-12.39,-12.83,-12.83,-12.83,-12.78,-12.48,-12.56,-12.78,-12.39,-12.61,-12.70,-12.70,-12.39,-12.48,-12.56,-12.48,-12.34,-12.61,-12.70,-12.34,-12.48,-12.61,-12.48,-12.48,-12.56,-12.48,-12.70,-12.26,-12.39,-12.48,-12.20,-12.61,-12.39,-12.34,-12.34,-12.34,-12.20,-12.48,-12.26,-12.61,-12.34,-12.12,-12.34,-12.56,-12.04,-12.39,-12.78,-12.70,-12.56,-12.48,-12.34,-12.12,-12.12,-12.39,-12.34,-12.34,-12.70,-12.26,-12.04,-12.78,-12.34,-12.48,-12.34,-12.70,-12.39,-12.04,-12.34,-12.34,-12.20,-12.20,-12.56,-12.34,-12.39,-11.90,-12.12,-12.20,-12.04,-12.48,-12.20,-12.34,-12.34,-12.39,-11.90,-12.20,-12.39,-12.12,-12.04,-12.20,-11.90,-11.85,-11.68,-11.85,-11.63,-11.55,-11.85,-11.98,-11.63,-11.49,-11.98,-12.04,-12.04,-12.04,-11.63,-11.76,-11.90,-11.76,-11.85,-11.85,-12.12,-12.20,-11.90,-12.04,-12.20,-12.04,-11.76,-12.04,-11.90,-12.20,-12.20,-12.26,-12.04,-12.04,-11.85,-11.55,-11.14,-11.41,-11.55,-11.41,-11.68,-11.49,-11.27,-11.49,-11.49,-11.36,-11.27,-11.00,-10.65,-10.22,-10.44,-10.38,-10.44,-10.44,-11.00,-10.84,-11.06,-10.71,-11.19,-10.84,-10.84,-11.27,-11.27,-11.27,-11.41,-11.49,-11.55,-11.76,-11.98,-11.68,-11.76,-11.63,-11.49,-11.41,-11.68,-11.68,-11.63,-11.27,-11.36,-11.41,-11.36,-11.36,-11.49,-11.36,-11.49,-11.49,-11.19,-11.27,-11.55,-11.41,-11.19,-11.19,-11.27,-11.27,-11.49,-11.06,-11.36,-10.84,-11.06,-11.55,-11.00,-11.41,-11.27,-11.19,-11.36,-11.14,-11.06,-11.55,-11.36,-11.27,-11.27,-10.84,-11.14,-11.06,-11.06,-10.92,-11.00,-11.19,-11.49,-11.36,-11.36,-11.41,-11.27,-11.36,-11.49,-11.68,-11.14,-11.55,-10.92,-10.09,-9.42,-9.29,-8.87,-8.69,-7.93,-8.82,-9.42,-9.77,-10.22,-11.36,-11.55,-11.76,-11.68,-11.85,-11.85,-11.68,-11.68,-11.85,-11.76,-12.26,-11.85,-12.04,-11.98,-11.85,-12.04,-11.90,-11.98,-12.12,-11.98,-11.85,-11.98,-12.20,-11.76,-11.49,-11.63,-11.90,-11.90,-11.68,-11.68,-11.98,-11.55,-12.34,-11.85,-11.85,-12.12,-12.04,-11.98,-12.04,-12.20,-12.12,-12.20,-12.34,-12.20,-12.26,-12.34,-12.12,-12.12,-11.98,-11.90,-12.26,-12.26,-12.34,-12.20,-12.26,-12.48,-12.26,-12.26,-12.48,-11.98,-11.90,-12.39,-12.56,-12.34,-11.98,-12.48,-12.39,-12.12,-12.34,-12.48,-12.34,-11.85,-12.20,-12.04,-12.34,-12.70,-12.26,-11.98,-12.61,-12.70,-12.56,-12.48,-12.34,-12.34,-12.39,-12.12,-12.34,-12.39,-12.39,-12.39,-12.61,-12.56,-12.61,-12.26,-12.78,-12.48,-12.56,-12.04,-12.48,-12.20,-12.39,-12.39,-12.56,-12.26,-12.83,-12.34,-12.48,-12.92,-12.26,-12.39,-12.61,-12.92,-12.78,-12.61,-12.61,-12.78,-12.34,-12.70,-12.39,-12.39,-12.92,-12.92,-12.61,-12.48,-12.48,-12.70,-12.70,-12.92,-12.61,-12.70,-12.61,-12.83,-12.78,-12.83,-12.56,-12.56,-12.97,-12.70,-12.70
-12.92,-12.48,-12.83,-12.61,-12.56,-12.92,-12.56,-13.19,-12.97,-12.78,-12.78,-12.78,-12.78,-12.70,-12.61,-12.26,-12.39,-12.70,-12.83,-12.34,-12.78,-12.70,-12.78,-12.56,-12.26,-12.39,-12.92,-12.83,-12.70,-12.39,-12.39,-12.12,-12.48,-12.56,-12.39,-12.48,-12.48,-12.61,-12.48,-12.34,-12.26,-12.34,-12.61,-12.34,-12.83,-12.61,-12.39,-12.39,-12.48,-12.20,-12.34,-12.70,-12.20,-12.48,-12.39,-12.34,-12.20,-12.34,-12.26,-12.39,-12.48,-11.98,-12.04,-12.39,-12.56,-12.39,-12.48,-12.04,-12.20,-12.78,-12.26,-12.48,-12.34,-12.34,-12.61,-12.34,-12.12,-12.26,-12.12,-12.26,-11.98,-12.12,-12.26,-12.34,-12.34,-11.98,-12.39,-12.12,-12.26,-12.39,-12.12,-12.20,-11.98,-12.34,-12.04,-12.12,-11.90,-12.04,-11.98,-11.98,-11.90,-12.20,-11.85,-11.85,-11.76,-11.76,-11.68,-11.90,-11.68,-11.76,-11.55,-11.85,-11.49,-11.55,-11.98,-11.41,-11.76,-11.55,-11.85,-11.68,-11.85,-12.26,-11.98,-11.85,-12.20,-11.76,-12.04,-11.90,-11.85,-11.85,-11.90,-11.98,-11.90,-12.04,-11.68,-11.90,-12.04,-11.85,-12.26,-11.63,-11.49,-10.84,-10.84,-11.27,-11.55,-11.19,-11.55,-11.27,-11.76,-11.55,-11.27,-11.27,-10.52,-10.57,-10.38,-10.65,-10.09,-10.44,-10.79,-11.00,-11.14,-10.79,-10.52,-10.84,-11.06,-11.06,-11.06,-11.14,-11.06,-11.55,-11.55,-11.68,-11.55,-11.41,-11.49,-11.63,-11.49,-11.55,-11.41,-11.76,-11.63,-11.41,-11.55,-11.27,-11.19,-11.49,-11.63,-11.68,-11.49,-11.27,-11.36,-11.27,-11.14,-11.36,-11.14,-11.27,-11.27,-11.27,-11.36,-11.14,-11.27,-11.14,-11.27,-11.19,-11.14,-11.27,-11.00,-11.14,-11.27,-11.27,-11.00,-10.92,-11.00,-11.27,-11.14,-10.79,-10.84,-11.06,-10.84,-10.84,-11.06,-11.41,-11.27,-11.14,-11.55,-11.63,-11.27,-11.41,-11.36,-11.41,-11.41,-11.27,-10.92,-9.96,-9.16,-8.74,-8.95,-8.06,-8.69,-9.08,-9.29,-9.77,-10.44,-11.14,-11.41,-11.49,-11.76,-11.85,-11.98,-11.76,-12.04,-11.85,-11.63,-11.63,-11.90,-11.76,-11.98,-11.90,-11.98,-12.04,-12.12,-11.55,-12.04,-11.49,-11.85,-11.90,-11.85,-11.76,-11.90,-11.55,-12.26,-11.68,-11.76,-11.76,-12.39,-11.98,-12.12,-11.90,-11.98,-12.12,-11.98,-11.90,-12.20,-11.90,-12.04,-12.26,-12.20,-11.90,-11.85,-11.90,-11.76,-11.63,-11.85,-12.34,-12.39,-11.98,-12.48,-12.20,-12.04,-11.90,-11.76,-12.20,-12.26,-11.98,-12.34,-12.12,-12.34,-12.20,-12.26,-12.04,-12.20,-12.39,-12.39,-12.26,-12.34,-12.20,-12.04,-12.48,-12.20,-12.20,-12.39,-12.04,-12.34,-11.98,-12.70,-12.39,-12.39,-12.26,-12.39,-12.34,-11.98,-12.12,-12.26,-12.34,-12.83,-12.34,-12.39,-12.26,-12.56,-12.56,-12.34,-12.70,-12.83,-12.48,-12.34,-12.34,-12.83,-12.48,-12.92,-12.39,-12.48,-12.56,-12.92,-12.34,-12.34,-12.61,-12.48,-12.48,-12.39,-12.39,-12.56,-12.70,-12.39,-12.70,-12.83,-12.48,-12.56,-12.61,-12.78,-12.70,-12.56,-12.83,-12.83,-12.61,-12.92,-12.92,-12.61,-12.92,-12.48,-12.56,-12.56,-12.39
-12.83,-12.97,-12.92,-12.83,-13.28,-12.92,-12.83,-12.83,-12.70,-12.83,-12.70,-12.78,-12.78,-12.78,-12.70,-12.92,-12.61,-12.92,-12.48,-12.34,-12.78,-12.78,-12.61,-12.39,-12.34,-12.70,-12.61,-12.34,-12.78,-12.34,-12.34,-12.48,-12.12,-12.48,-12.34,-12.26,-12.39,-12.39,-12.34,-12.34,-12.39,-12.39,-12.78,-12.56,-12.78,-12.56,-12.56,-12.56,-12.48,-12.20,-12.48,-12.70,-12.56,-12.48,-12.83,-12.34,-12.20,-12.34,-12.48,-12.39,-12.70,-12.26,-12.48,-12.56,-12.78,-12.39,-12.20,-12.61,-12.34,-11.98,-12.20,-12.26,-12.39,-12.34,-12.61,-12.26,-12.20,-12.26,-12.20,-12.12,-12.34,-11.98,-12.34,-12.26,-12.12,-12.04,-12.04,-12.20,-12.34,-12.12,-12.48,-12.26,-11.98,-11.90,-12.04,-12.26,-11.85,-12.04,-12.04,-12.34,-11.98,-12.34,-12.20,-12.56,-11.49,-12.04,-11.98,-12.12,-11.85,-11.85,-11.90,-11.98,-11.68,-11.76,-11.76,-11.76,-12.04,-11.98,-11.68,-12.04,-12.04,-11.63,-11.90,-12.04,-11.90,-11.98,-11.98,-12.20,-11.98,-12.26,-12.12,-12.04,-12.04,-12.04,-11.98,-11.98,-12.12,-11.90,-11.76,-11.68,-11.55,-11.49,-11.00,-11.19,-11.55,-11.41,-11.55,-11.19,-11.55,-11.06,-11.19,-11.36,-11.00,-10.79,-10.44,-10.52,-10.44,-10.57,-10.44,-10.71,-11.06,-11.00,-10.79,-11.06,-10.92,-11.00,-11.41,-11.19,-11.36,-11.36,-11.55,-11.36,-11.68,-11.27,-11.68,-11.68,-11.85,-11.41,-11.68,-11.41,-11.49,-11.76,-11.19,-11.49,-11.19,-11.36,-11.49,-11.36,-11.19,-11.41,-11.36,-11.36,-11.14,-11.27,-10.71,-11.41,-11.19,-11.19,-11.00,-11.00,-11.27,-11.36,-10.52,-11.14,-11.14,-11.14,-11.36,-10.79,-10.92,-10.84,-11.14,-11.19,-11.27,-11.00,-11.19,-11.14,-10.79,-10.84,-11.14,-11.14,-10.84,-11.19,-11.19,-11.06,-11.19,-11.36,-11.19,-11.36,-11.63,-11.19,-11.36,-11.19,-10.44,-9.35,-8.95,-9.16,-8.27,-8.06,-8.74,-9.21,-9.35,-10.04,-11.19,-11.41,-11.63,-11.68,-11.90,-11.68,-11.85,-12.04,-11.90,-11.76,-11.90,-11.76,-11.98,-11.85,-11.85,-11.90,-12.12,-11.85,-11.76,-11.76,-11.85,-12.12,-11.68,-11.55,-11.63,-11.49,-11.85,-11.76,-11.55,-12.04,-11.76,-12.12,-12.12,-12.20,-12.04,-11.68,-12.20,-12.12,-12.20,-11.85,-11.63,-11.76,-11.98,-11.63,-11.98,-12.12,-12.12,-11.85,-12.26,-11.55,-11.85,-12.12,-11.90,-12.20,-12.12,-11.63,-11.98,-12.34,-12.20,-12.12,-12.20,-12.26,-12.39,-12.34,-11.90,-12.26,-12.34,-11.98,-12.34,-12.26,-11.90,-11.98,-12.26,-12.26,-12.34,-12.48,-12.48,-12.04,-12.92,-12.61,-12.39,-12.48,-12.39,-12.48,-12.39,-12.34,-12.12,-12.39,-12.39,-12.26,-12.39,-12.26,-12.56,-12.56,-12.39,-12.56,-12.20,-12.39,-12.34,-12.34,-12.56,-12.56,-12.83,-12.34,-12.34,-12.48,-12.34,-12.20,-12.34,-12.48,-12.39,-12.48,-12.61,-12.61,-12.70,-12.34,-12.56,-12.70,-12.56,-12.26,-12.92,-12.61,-12.61,-12.48,-12.34,-12.48,-12.78,-12.39,-12.70,-12.61,-12.61,-12.97,-12.78,-12.56,-12.83,-12.56,-12.78,-12.56,-12.83,-12.83
-12.83,-12.61,-12.78,-12.83,-12.39,-12.83,-12.70,-12.56,-12.56,-12.70,-13.33,-13.06,-13.06,-12.39,-12.70,-12.92,-12.56,-12.83,-12.78,-12.61,-12.70,-12.70,-12.78,-12.34,-12.39,-12.39,-12.56,-12.48,-12.61,-12.34,-12.56,-12.56,-12.56,-12.78,-12.61,-12.12,-12.56,-12.34,-12.26,-12.39,-12.20,-12.48,-12.56,-12.26,-12.39,-12.61,-12.48,-12.39,-12.70,-12.56,-12.78,-12.39,-12.70,-12.04,-12.34,-12.12,-12.34,-12.39,-12.48,-12.48,-12.48,-12.48,-12.39,-12.04,-12.48,-12.26,-12.39,-12.48,-12.34,-12.26,-12.20,-12.56,-12.34,-12.34,-12.34,-12.12,-12.26,-12.26,-12.26,-12.20,-12.34,-12.04,-12.12,-12.26,-12.48,-12.12,-12.12,-12.20,-12.20,-12.26,-12.04,-12.20,-12.39,-12.12,-11.98,-11.76,-12.04,-12.26,-12.26,-12.34,-12.39,-11.98,-12.04,-11.98,-11.90,-12.20,-11.90,-11.76,-12.04,-11.68,-11.85,-11.85,-11.55,-11.55,-11.63,-11.90,-11.98,-11.98,-11.49,-11.90,-11.55,-12.04,-11.90,-11.55,-11.90,-11.85,-11.98,-11.85,-12.39,-11.68,-11.98,-12.04,-11.76,-12.12,-11.98,-11.85,-11.76,-11.41,-11.49,-11.36,-11.55,-11.68,-11.36,-11.41,-11.27,-11.19,-11.55,-11.36,-11.41,-11.49,-11.19,-11.27,-11.19,-10.84,-10.17,-10.52,-10.52,-10.65,-10.57,-11.00,-10.79,-10.92,-11.14,-10.92,-11.06,-10.92,-11.14,-11.27,-11.27,-11.36,-11.36,-11.55,-11.68,-11.90,-11.55,-11.41,-11.27,-11.68,-11.55,-11.27,-11.27,-11.63,-11.36,-11.49,-11.27,-11.27,-11.27,-11.49,-11.14,-11.14,-11.06,-11.36,-10.79,-11.27,-10.84,-11.00,-11.14,-11.27,-11.19,-11.19,-11.19,-11.27,-11.19,-11.49,-11.06,-11.06,-11.27,-11.14,-10.84,-11.36,-11.14,-10.84,-10.79,-11.14,-11.27,-11.14,-11.14,-10.71,-10.84,-11.06,-11.55,-11.00,-11.00,-11.55,-11.14,-11.27,-11.36,-11.41,-11.27,-11.27,-10.84,-10.79,-10.04,-9.16,-9.48,-8.87,-8.27,-8.53,-9.16,-9.82,-9.77,-10.52,-11.06,-11.63,-11.76,-12.04,-12.34,-12.12,-11.68,-11.90,-11.98,-11.68,-11.90,-11.76,-11.90,-11.76,-11.90,-12.12,-11.98,-12.12,-11.76,-11.68,-11.68,-11.90,-11.76,-11.55,-11.63,-11.68,-11.49,-11.63,-12.04,-11.98,-11.90,-11.85,-12.12,-12.04,-12.04,-12.34,-12.12,-12.20,-12.39,-11.68,-12.04,-12.20,-11.90,-11.85,-12.04,-11.85,-12.12,-11.85,-11.49,-11.98,-11.68,-12.04,-11.85,-12.34,-12.04,-12.12,-11.98,-12.04,-12.34,-12.34,-12.26,-12.12,-12.26,-12.20,-12.48,-11.98,-12.12,-11.90,-12.26,-12.48,-11.98,-12.20,-12.48,-12.26,-12.34,-12.20,-12.70,-12.34,-12.39,-12.34,-12.04,-12.20,-12.39,-12.56,-12.48,-12.34,-12.56,-12.61,-12.48,-12.39,-12.34,-12.26,-12.39,-12.39,-12.26,-12.48,-12.61,-12.61,-12.12,-12.48,-12.39,-12.61,-12.56,-12.61,-12.39,-12.26,-12.48,-12.56,-12.39,-12.39,-12.83,-12.70,-12.70,-12.61,-12.39,-12.39,-12.34,-12.56,-12.56,-12.61,-12.78,-12.78,-12.48,-12.56,-12.61,-12.61,-12.70,-12.48,-12.92,-12.83,-12.70,-12.61,-13.28,-12.56,-12.97,-12.97,-12.97,-12.70,-12.56,-12.83
-13.28,-12.70,-12.92,-12.78,-12.83,-12.92,-12.48,-12.78,-12.56,-12.92,-12.70,-12.83,-12.26,-12.34,-12.39,-12.78,-12.70,-12.61,-12.92,-12.39,-12.26,-12.83,-12.48,-12.61,-12.56,-12.61,-12.56,-12.26,-12.83,-12.48,-12.61,-12.39,-12.26,-12.26,-12.39,-12.48,-12.48,-12.39,-12.61,-12.39,-12.34,-12.56,-12.56,-12.61,-12.20,-12.12,-12.39,-12.34,-12.12,-12.34,-12.12,-12.39,-12.48,-12.39,-12.20,-12.34,-12.26,-12.26,-12.34,-11.98,-12.20,-12.04,-12.61,-12.20,-12.61,-12.20,-12.34,-12.34,-12.39,-12.56,-12.26,-12.20,-12.61,-12.34,-12.26,-12.39,-12.34,-12.34,-12.20,-12.12,-12.26,-12.26,-12.20,-12.12,-12.39,-11.98,-12.04,-12.39,-12.34,-12.26,-12.20,-12.39,-12.12,-12.20,-11.76,-12.04,-12.12,-11.98,-12.39,-12.12,-11.90,-12.20,-11.98,-11.98,-11.76,-11.98,-11.85,-11.98,-11.90,-11.90,-12.12,-11.76,-11.85,-11.63,-11.55,-11.63,-11.90,-11.85,-11.68,-11.63,-11.76,-11.49,-11.85,-12.04,-11.85,-11.85,-11.85,-12.04,-11.85,-11.68,-11.98,-11.98,-11.90,-11.76,-12.26,-12.12,-12.04,-11.76,-11.49,-11.76,-11.55,-11.49,-11.19,-11.36,-11.36,-11.14,-11.49,-11.55,-11.27,-11.55,-11.63,-11.41,-11.19,-10.65,-10.65,-10.57,-10.71,-10.71,-10.84,-10.79,-11.06,-11.19,-10.71,-10.57,-10.84,-10.79,-10.79,-10.84,-11.36,-11.14,-10.92,-11.49,-11.55,-11.27,-11.85,-11.36,-11.90,-11.27,-11.49,-11.55,-11.14,-11.27,-11.27,-11.06,-11.27,-11.06,-11.41,-11.27,-11.14,-11.27,-10.92,-10.79,-10.84,-10.92,-11.06,-10.84,-10.79,-10.92,-10.71,-11.00,-10.92,-11.00,-10.84,-10.84,-11.00,-11.14,-10.57,-10.65,-11.00,-10.71,-11.00,-11.06,-10.79,-10.92,-10.92,-10.79,-11.00,-10.79,-11.06,-11.06,-11.41,-11.06,-11.14,-11.14,-11.19,-11.49,-11.14,-11.14,-11.41,-11.19,-11.36,-10.52,-9.42,-9.08,-8.87,-8.82,-8.14,-9.16,-9.29,-9.90,-10.04,-10.57,-11.27,-11.41,-11.76,-12.04,-11.90,-11.55,-12.20,-11.85,-11.68,-12.04,-11.98,-11.76,-11.90,-11.90,-11.68,-11.85,-11.76,-11.85,-11.85,-11.63,-11.90,-11.76,-11.68,-11.41,-11.49,-11.68,-11.55,-11.85,-11.98,-11.68,-12.20,-12.04,-12.04,-12.12,-11.98,-11.76,-11.76,-11.68,-12.04,-11.55,-12.12,-11.76,-11.76,-12.12,-11.98,-12.12,-11.98,-11.85,-11.76,-11.98,-12.20,-12.26,-12.04,-12.04,-11.85,-11.76,-12.12,-12.26,-12.26,-12.12,-12.20,-12.04,-12.12,-12.12,-12.48,-12.39,-12.12,-12.39,-12.70,-11.98,-12.39,-12.26,-12.20,-12.20,-11.98,-12.34,-12.04,-12.26,-12.34,-12.20,-12.34,-12.34,-12.48,-12.34,-12.48,-12.20,-12.34,-12.34,-12.48,-12.48,-12.48,-12.20,-12.20,-12.78,-12.39,-12.12,-12.39,-12.56,-12.48,-12.39,-12.34,-12.39,-12.26,-12.39,-12.70,-12.48,-12.39,-12.39,-12.56,-12.39,-12.56,-12.39,-12.56,-12.48,-12.34,-12.61,-12.70,-12.26,-12.48,-12.78,-12.61,-12.34,-12.83,-12.83,-12.61,-12.39,-12.78,-12.83,-12.39,-12.78,-12.56,-12.78,-12.70,-12.61,-12.78,-12.78,-12.56,-12.97,-12.78,-12.26
-12.92,-12.83,-12.83,-12.97,-12.92,-12.70,-12.78,-12.70,-12.92,-13.06,-12.48,-12.78,-12.70,-12.97,-12.70,-12.97,-12.70,-12.78,-12.78,-12.70,-12.48,-12.20,-12.56,-12.48,-12.56,-12.78,-12.48,-12.34,-12.61,-12.39,-12.34,-12.26,-12.48,-12.70,-12.70,-12.34,-12.39,-11.85,-12.48,-11.68,-12.70,-12.26,-12.70,-12.20,-12.34,-12.34,-12.48,-12.12,-12.26,-12.34,-12.12,-12.34,-12.61,-12.04,-12.12,-12.56,-12.39,-12.56,-12.26,-12.78,-12.26,-12.39,-12.26,-12.56,-12.56,-12.48,-12.39,-12.61,-12.20,-12.39,-12.26,-12.34,-12.34,-12.39,-12.56,-12.39,-12.20,-12.34,-12.12,-11.98,-12.12,-12.26,-12.34,-12.04,-12.39,-12.04,-12.12,-11.98,-12.12,-12.20,-12.34,-12.04,-11.98,-12.12,-11.98,-11.90,-12.04,-12.12,-12.12,-12.20,-11.76,-11.98,-11.90,-12.20,-12.04,-11.90,-12.04,-12.12,-11.85,-11.85,-11.76,-11.55,-11.85,-11.90,-11.55,-11.76,-11.85,-11.76,-11.63,-11.85,-11.68,-11.68,-11.63,-11.76,-11.49,-11.49,-12.04,-11.63,-11.76,-11.76,-11.90,-11.98,-11.90,-11.41,-11.63,-11.98,-11.98,-12.04,-11.85,-11.55,-11.36,-11.55,-11.36,-11.49,-11.36,-11.49,-11.49,-11.41,-11.63,-11.00,-11.14,-11.27,-11.36,-11.19,-10.44,-10.71,-10.57,-10.38,-10.71,-10.44,-10.84,-10.84,-10.57,-10.38,-10.57,-10.79,-10.92,-11.00,-11.14,-11.00,-11.14,-11.49,-11.55,-11.36,-11.19,-11.55,-11.68,-11.68,-11.41,-11.68,-11.41,-11.14,-11.76,-11.00,-11.27,-11.55,-11.19,-11.19,-11.36,-11.14,-10.84,-11.27,-10.92,-11.06,-11.19,-11.14,-11.14,-11.14,-11.41,-11.19,-11.14,-10.84,-11.14,-11.00,-10.92,-11.06,-11.00,-11.00,-11.06,-10.79,-10.52,-10.79,-11.06,-10.84,-11.14,-10.84,-11.00,-11.27,-11.27,-11.06,-11.41,-11.00,-11.00,-11.27,-11.14,-11.19,-11.19,-11.27,-11.19,-11.27,-10.84,-10.30,-9.21,-9.35,-8.87,-8.14,-8.69,-9.48,-9.42,-9.82,-10.44,-11.14,-11.27,-11.76,-11.76,-11.27,-11.68,-11.90,-12.12,-11.68,-11.41,-11.68,-11.41,-11.90,-11.90,-12.12,-11.76,-12.34,-11.76,-11.68,-12.04,-11.85,-11.55,-11.63,-11.41,-11.55,-11.55,-11.63,-11.63,-11.55,-11.85,-11.90,-12.20,-11.68,-12.12,-11.98,-11.55,-11.85,-11.98,-11.55,-11.90,-11.98,-11.68,-11.55,-12.04,-11.68,-11.85,-11.55,-11.85,-11.90,-11.76,-11.55,-12.04,-11.90,-12.04,-12.20,-12.26,-12.26,-12.20,-12.20,-11.98,-11.76,-11.98,-12.12,-12.26,-12.26,-12.04,-12.48,-12.34,-12.34,-12.20,-11.90,-12.12,-11.98,-12.34,-12.39,-12.12,-12.34,-12.34,-12.26,-12.26,-12.12,-12.48,-11.90,-12.39,-12.26,-12.39,-12.20,-12.70,-12.34,-12.48,-12.12,-12.39,-12.56,-12.20,-12.70,-12.26,-12.39,-12.92,-12.34,-12.20,-12.26,-12.39,-12.12,-12.61,-12.61,-12.34,-12.39,-12.48,-12.26,-12.70,-12.39,-12.34,-12.78,-12.78,-12.61,-12.78,-12.56,-12.56,-12.56,-12.48,-12.39,-12.39,-12.70,-12.83,-12.61,-12.34,-12.48,-12.56,-12.61,-12.48,-12.26,-12.56,-12.70,-12.48,-12.39,-12.39,-12.83,-12.61,-12.78,-12.39,-12.78
-12.39,-12.61,-12.61,-12.92,-12.92,-12.78,-12.78,-12.70,-12.78,-12.78,-12.83,-12.83,-12.70,-12.34,-12.78,-12.61,-12.83,-12.70,-12.61,-12.56,-12.97,-12.20,-12.48,-12.39,-12.70,-12.70,-12.83,-12.78,-12.48,-12.48,-12.12,-12.34,-12.26,-12.56,-12.26,-12.48,-12.20,-12.26,-12.12,-12.26,-12.56,-12.48,-12.61,-12.56,-12.20,-12.39,-12.61,-12.61,-12.26,-12.04,-12.34,-12.20,-11.98,-12.12,-12.39,-12.70,-12.20,-12.20,-12.04,-12.12,-12.39,-12.56,-12.48,-12.20,-12.48,-12.34,-12.56,-12.56,-12.34,-12.26,-12.39,-12.26,-12.70,-12.34,-12.39,-12.26,-12.12,-12.12,-12.12,-12.12,-12.34,-12.20,-12.26,-12.56,-12.26,-12.26,-11.98,-12.12,-12.12,-11.90,-12.26,-12.04,-12.20,-12.20,-11.90,-12.39,-11.90,-12.34,-11.76,-12.12,-12.26,-11.90,-11.68,-11.63,-12.12,-11.90,-12.04,-11.85,-11.85,-11.90,-11.55,-11.41,-11.76,-11.85,-11.63,-11.68,-11.27,-11.41,-11.19,-11.63,-11.41,-11.41,-11.63,-11.76,-11.55,-11.41,-12.04,-11.85,-11.68,-11.76,-11.49,-11.98,-11.85,-11.98,-12.12,-11.68,-11.90,-11.76,-11.49,-11.41,-11.63,-11.63,-11.36,-11.41,-11.49,-11.55,-11.27,-11.36,-11.27,-11.63,-11.19,-11.14,-11.49,-11.36,-10.79,-10.79,-10.57,-10.38,-10.38,-10.30,-10.71,-10.84,-11.00,-10.84,-10.84,-10.71,-10.52,-10.92,-10.84,-11.14,-11.00,-11.55,-11.19,-11.27,-11.63,-11.63,-11.27,-11.41,-11.41,-11.27,-11.76,-11.55,-11.68,-11.14,-11.06,-11.27,-11.27,-11.19,-11.00,-11.19,-11.00,-10.65,-11.14,-10.84,-11.14,-11.00,-11.06,-11.06,-10.79,-10.71,-10.92,-11.06,-11.19,-11.19,-11.27,-11.06,-11.06,-10.71,-11.06,-10.92,-11.19,-10.71,-11.14,-11.27,-11.00,-10.92,-10.71,-11.06,-10.71,-10.84,-10.92,-11.06,-11.00,-11.19,-11.19,-11.06,-11.49,-10.71,-11.14,-11.14,-10.79,-9.77,-9.42,-9.35,-8.69,-8.40,-9.29,-9.82,-9.42,-9.77,-10.65,-11.27,-11.49,-11.76,-11.76,-11.63,-11.85,-11.63,-11.55,-11.68,-11.76,-11.85,-11.63,-11.63,-11.68,-11.68,-12.04,-12.04,-11.68,-11.76,-11.76,-11.85,-11.14,-11.36,-11.36,-11.76,-11.90,-11.55,-11.63,-12.04,-11.68,-11.90,-11.90,-12.26,-12.26,-11.90,-11.98,-11.98,-11.98,-11.68,-12.04,-12.04,-11.68,-11.49,-11.63,-11.98,-11.68,-11.63,-11.63,-11.41,-12.12,-12.04,-11.90,-11.98,-11.76,-11.85,-12.12,-12.12,-11.85,-12.20,-12.26,-12.04,-12.39,-12.12,-12.39,-12.12,-11.90,-12.26,-12.04,-12.20,-12.12,-12.26,-12.61,-12.20,-12.20,-12.04,-11.98,-12.12,-12.39,-12.34,-12.12,-12.26,-12.48,-12.34,-12.48,-12.56,-12.20,-12.12,-12.26,-12.39,-12.56,-12.34,-12.20,-12.39,-12.26,-12.39,-12.48,-12.34,-12.20,-12.26,-12.83,-12.39,-12.12,-12.61,-12.56,-12.39,-12.26,-12.61,-12.56,-12.61,-12.56,-12.61,-12.39,-12.48,-12.70,-12.26,-12.83,-12.70,-12.34,-12.26,-12.39,-12.70,-12.39,-12.56,-12.34,-12.61,-12.56,-12.39,-12.48,-12.61,-12.61,-12.70,-12.48,-12.56,-12.78,-12.92,-12.70,-12.39,-12.83,-12.70,-12.56,-12.97
-12.92,-12.97,-13.06,-12.83,-12.83,-12.48,-12.70,-12.83,-12.78,-12.97,-12.70,-12.92,-12.78,-12.83,-12.56,-12.56,-12.70,-12.48,-12.78,-12.48,-12.56,-12.61,-12.48,-12.04,-12.34,-12.39,-12.34,-12.56,-12.56,-12.56,-12.78,-12.48,-12.39,-12.56,-12.56,-12.39,-12.34,-12.26,-12.26,-12.61,-12.39,-12.34,-12.26,-12.61,-12.48,-12.34,-12.26,-12.26,-12.34,-12.34,-12.20,-12.12,-12.39,-12.26,-12.26,-12.20,-12.34,-12.56,-12.70,-12.26,-12.26,-12.48,-12.34,-12.34,-12.39,-12.56,-11.90,-12.04,-12.39,-11.98,-12.12,-12.20,-12.39,-12.34,-12.20,-12.04,-12.12,-12.39,-12.34,-12.26,-12.26,-12.20,-12.39,-12.26,-12.12,-12.20,-11.68,-12.26,-12.12,-12.20,-12.34,-12.12,-12.20,-12.12,-12.20,-12.20,-12.26,-11.68,-11.98,-11.98,-12.12,-11.85,-11.98,-12.04,-11.68,-11.90,-11.68,-11.85,-12.04,-11.63,-11.85,-11.55,-11.85,-11.68,-11.68,-11.41,-11.27,-11.68,-11.41,-11.55,-11.55,-11.49,-11.76,-11.55,-11.63,-11.68,-11.49,-11.68,-11.76,-11.63,-11.55,-12.04,-12.12,-11.63,-12.26,-12.26,-11.76,-11.98,-12.04,-11.49,-11.90,-11.68,-11.55,-11.63,-11.36,-11.36,-11.36,-11.41,-11.41,-11.49,-11.49,-11.36,-11.14,-11.19,-11.36,-10.71,-10.38,-10.71,-10.44,-10.79,-10.52,-10.79,-11.36,-10.79,-10.71,-10.79,-10.84,-10.84,-10.84,-11.19,-11.19,-11.14,-11.36,-11.27,-11.36,-11.36,-11.68,-11.41,-11.68,-11.55,-11.55,-11.19,-11.41,-11.63,-11.14,-11.06,-11.00,-11.06,-11.06,-11.36,-11.27,-11.27,-11.00,-11.00,-10.92,-10.79,-11.14,-11.27,-11.00,-10.92,-11.06,-10.84,-10.84,-11.06,-10.92,-10.92,-10.79,-10.65,-10.65,-10.79,-10.84,-11.00,-11.06,-10.71,-11.36,-11.00,-11.00,-11.06,-11.19,-10.92,-11.06,-11.06,-11.06,-11.19,-10.92,-11.19,-11.27,-11.14,-11.14,-10.71,-10.38,-9.21,-9.08,-8.87,-8.53,-8.69,-9.77,-9.90,-9.48,-10.44,-11.00,-11.41,-11.68,-11.55,-11.85,-11.63,-11.76,-12.12,-11.68,-11.76,-11.90,-11.76,-12.20,-11.76,-11.85,-12.12,-11.85,-11.55,-11.85,-11.85,-11.68,-11.63,-11.68,-12.04,-11.63,-11.63,-11.63,-11.63,-12.04,-11.90,-11.76,-11.68,-11.98,-11.63,-11.98,-12.12,-11.55,-11.85,-11.68,-11.85,-12.12,-11.76,-11.76,-11.68,-11.98,-11.76,-11.90,-11.85,-11.98,-11.76,-11.90,-12.20,-11.90,-11.98,-12.04,-12.20,-12.04,-12.20,-12.20,-12.04,-12.12,-12.20,-12.26,-11.55,-12.34,-12.12,-12.20,-12.20,-12.12,-12.26,-12.12,-12.56,-12.26,-12.26,-12.26,-11.98,-12.34,-12.48,-12.12,-12.39,-12.20,-12.20,-12.56,-12.70,-12.34,-12.34,-12.20,-12.26,-12.20,-12.20,-12.26,-12.12,-12.61,-12.56,-12.39,-12.20,-12.39,-12.20,-12.48,-12.48,-12.34,-12.56,-12.34,-12.61,-12.56,-12.39,-12.48,-12.70,-12.20,-12.39,-12.56,-12.61,-12.39,-12.56,-12.39,-12.97,-12.34,-12.78,-12.39,-12.70,-12.61,-12.92,-12.78,-12.34,-12.56,-12.34,-12.56,-12.34,-12.48,-12.83,-12.48,-12.56,-12.92,-12.48,-12.83,-12.20,-12.61,-12.70,-12.70,-12.61,-12.56,-12.92
-12.48,-12.83,-12.97,-12.39,-12.97,-12.61,-12.48,-12.78,-12.83,-12.83,-11.98,-12.70,-12.97,-12.70,-12.56,-12.70,-12.61,-12.70,-12.20,-12.26,-12.20,-12.56,-12.34,-12.20,-12.61,-12.48,-12.61,-12.56,-12.48,-12.39,-12.56,-12.39,-12.39,-12.56,-12.26,-12.78,-12.48,-12.34,-12.56,-12.39,-12.34,-12.26,-12.39,-12.20,-12.61,-12.26,-12.04,-12.48,-12.04,-12.12,-12.26,-12.48,-12.04,-12.34,-12.39,-12.34,-12.12,-12.12,-12.39,-12.48,-12.34,-12.20,-12.12,-12.48,-12.20,-12.26,-12.04,-11.98,-12.34,-12.34,-12.26,-12.56,-12.12,-12.56,-12.56,-11.98,-12.20,-11.98,-12.12,-12.12,-11.98,-12.12,-12.20,-12.04,-12.34,-12.12,-12.20,-12.04,-12.12,-11.98,-12.20,-12.26,-12.26,-11.98,-11.90,-11.68,-12.20,-11.98,-12.34,-12.12,-11.76,-11.49,-11.98,-12.04,-11.76,-11.68,-11.68,-11.55,-11.63,-11.63,-11.76,-11.76,-11.63,-11.63,-11.63,-11.27,-11.36,-11.63,-11.49,-11.68,-11.41,-11.85,-11.90,-11.68,-11.76,-11.90,-11.63,-11.49,-11.76,-11.90,-11.68,-11.76,-11.90,-11.85,-11.90,-11.85,-11.90,-11.98,-12.12,-11.55,-11.85,-11.41,-11.41,-11.76,-11.49,-11.27,-11.36,-11.49,-11.55,-11.27,-11.27,-11.36,-11.41,-11.00,-11.49,-11.06,-10.71,-10.71,-10.57,-10.71,-10.71,-10.71,-10.71,-10.92,-10.52,-10.52,-10.79,-10.38,-11.00,-10.92,-10.92,-11.14,-11.27,-11.36,-11.63,-11.27,-11.41,-11.55,-11.19,-11.76,-11.14,-11.27,-11.14,-11.27,-11.27,-11.14,-11.14,-11.14,-11.19,-11.27,-11.06,-11.00,-11.14,-11.00,-11.14,-11.00,-11.14,-11.00,-11.00,-10.79,-10.71,-10.92,-11.00,-10.71,-10.92,-11.00,-10.44,-10.84,-10.92,-10.52,-10.79,-11.00,-10.57,-11.00,-11.06,-10.65,-10.92,-10.57,-10.71,-10.92,-10.92,-10.92,-10.92,-11.36,-10.92,-10.92,-11.06,-11.36,-11.19,-10.92,-9.61,-9.16,-9.29,-9.21,-8.61,-9.08,-9.77,-9.69,-9.90,-10.92,-11.19,-11.41,-11.68,-11.85,-11.90,-11.63,-11.63,-11.41,-11.63,-11.76,-11.68,-11.63,-11.85,-11.76,-11.63,-11.85,-11.76,-11.85,-11.68,-11.49,-11.41,-11.55,-11.36,-11.76,-11.68,-11.63,-11.98,-12.12,-12.04,-11.68,-11.98,-11.85,-12.12,-12.04,-11.98,-11.98,-11.90,-12.04,-11.98,-11.68,-11.49,-11.85,-11.90,-11.90,-11.68,-11.55,-11.76,-11.90,-11.68,-11.90,-11.63,-11.90,-12.04,-12.12,-11.90,-11.76,-12.12,-12.12,-12.26,-12.12,-11.98,-12.61,-12.48,-12.26,-12.39,-11.85,-12.04,-11.98,-12.04,-12.34,-12.56,-12.04,-12.12,-12.04,-11.98,-12.39,-12.04,-11.98,-12.12,-12.12,-12.26,-12.04,-12.39,-12.26,-12.26,-12.39,-12.04,-12.20,-12.20,-12.39,-12.20,-12.20,-12.61,-12.04,-12.26,-12.34,-12.20,-12.56,-12.34,-12.12,-12.48,-12.48,-12.26,-12.56,-12.04,-12.34,-12.39,-12.39,-12.39,-12.48,-12.34,-12.97,-12.83,-12.39,-12.34,-12.34,-12.20,-12.26,-12.26,-12.26,-12.20,-12.39,-12.39,-12.56,-12.56,-12.78,-12.34,-12.34,-12.39,-12.61,-12.39,-12.56,-12.48,-12.78,-12.39,-12.70,-12.56,-12.83,-12.20,-12.61,-12.70,-12.92
-12.70,-12.92,-12.83,-12.78,-12.61,-12.70,-12.83,-12.78,-12.56,-12.39,-12.39,-12.56,-12.56,-12.34,-12.61,-12.56,-12.34,-12.48,-12.56,-12.34,-12.56,-12.39,-12.61,-12.39,-12.56,-12.48,-12.61,-12.70,-12.48,-12.26,-12.70,-12.56,-12.61,-12.20,-12.34,-12.78,-12.61,-12.20,-12.34,-12.61,-12.04,-12.04,-12.20,-12.56,-12.48,-12.39,-12.12,-12.48,-12.39,-12.39,-12.48,-12.26,-12.04,-12.39,-12.39,-12.04,-12.26,-12.04,-12.12,-12.34,-12.26,-12.26,-11.90,-12.26,-12.20,-12.26,-12.48,-12.61,-12.39,-12.04,-12.12,-12.12,-12.12,-12.04,-11.90,-12.20,-12.20,-12.04,-12.20,-12.04,-12.20,-12.56,-12.12,-12.26,-12.26,-12.12,-11.90,-12.20,-12.20,-12.12,-12.34,-12.48,-12.20,-12.26,-12.04,-12.12,-11.76,-11.98,-11.85,-11.98,-11.76,-12.04,-11.68,-11.41,-11.76,-11.85,-11.76,-11.55,-11.41,-11.63,-11.27,-11.55,-11.55,-11.19,-11.36,-11.36,-11.36,-11.49,-11.55,-11.49,-11.49,-11.55,-11.76,-11.68,-11.49,-11.68,-11.41,-11.85,-11.85,-11.63,-11.85,-11.90,-11.49,-11.63,-11.85,-12.12,-11.55,-11.85,-11.85,-11.63,-11.41,-11.90,-11.36,-11.85,-11.27,-11.55,-11.19,-11.63,-11.55,-11.49,-11.27,-11.06,-11.27,-11.06,-11.06,-11.00,-10.71,-10.38,-10.65,-10.71,-10.92,-10.52,-10.79,-10.92,-10.44,-10.38,-10.22,-10.57,-10.79,-10.92,-11.06,-10.92,-11.27,-11.00,-11.36,-11.14,-11.36,-11.68,-11.19,-11.06,-11.36,-11.27,-11.06,-11.19,-11.19,-10.71,-11.14,-11.49,-10.79,-11.14,-11.14,-10.92,-10.84,-10.71,-10.65,-10.92,-10.71,-10.57,-10.92,-10.92,-10.84,-11.06,-10.84,-11.06,-10.79,-10.71,-10.84,-10.79,-10.57,-10.65,-11.00,-10.84,-10.84,-10.92,-10.71,-10.65,-11.00,-10.84,-10.84,-10.79,-10.71,-11.06,-11.00,-11.14,-11.14,-11.00,-11.06,-11.19,-11.06,-10.17,-9.35,-9.56,-9.29,-8.74,-8.48,-9.21,-9.69,-9.96,-10.30,-11.41,-11.49,-11.63,-11.55,-11.85,-11.41,-11.90,-11.63,-11.63,-11.63,-11.76,-11.68,-11.85,-11.68,-11.68,-11.76,-11.85,-11.49,-11.36,-11.68,-11.85,-11.55,-11.55,-11.55,-11.49,-11.55,-11.55,-11.63,-12.12,-11.68,-11.68,-12.04,-11.68,-11.98,-11.55,-11.68,-11.68,-11.63,-11.63,-11.49,-12.04,-11.85,-11.98,-11.55,-11.55,-11.55,-11.36,-11.55,-11.49,-11.85,-11.98,-11.90,-11.90,-11.98,-11.90,-11.85,-12.26,-11.98,-12.26,-12.20,-12.26,-12.48,-12.26,-12.26,-12.61,-12.04,-11.90,-12.20,-12.20,-12.04,-12.26,-12.34,-12.39,-11.98,-12.12,-12.04,-11.63,-12.48,-12.34,-12.20,-12.04,-12.12,-12.12,-12.20,-12.20,-12.12,-12.56,-11.98,-12.04,-12.12,-12.26,-12.48,-12.34,-12.56,-12.34,-12.34,-12.34,-12.39,-12.48,-12.34,-12.34,-12.26,-12.39,-12.26,-12.48,-11.98,-12.48,-12.34,-12.26,-12.56,-12.48,-12.39,-12.20,-12.20,-12.48,-12.56,-12.70,-12.61,-12.39,-12.20,-12.61,-12.20,-12.12,-12.34,-12.48,-12.70,-12.78,-12.26,-12.34,-12.39,-12.26,-12.48,-12.83,-12.78,-12.70,-12.39,-12.83,-12.48,-12.56,-12.61,-12.78,-12.83,-12.56
-12.78,-12.70,-12.92,-12.97,-12.61,-12.83,-12.61,-12.61,-12.48,-12.61,-12.48,-12.34,-12.78,-12.48,-12.78,-12.48,-12.78,-12.39,-12.39,-12.48,-12.48,-12.26,-12.26,-12.20,-12.48,-12.48,-12.61,-12.48,-12.48,-12.39,-12.26,-12.26,-12.12,-12.20,-12.61,-12.70,-12.78,-12.26,-12.48,-12.78,-12.56,-12.34,-12.56,-12.39,-12.56,-12.34,-12.20,-11.98,-12.48,-12.12,-12.20,-12.20,-12.04,-12.48,-12.12,-12.26,-11.98,-11.98,-12.20,-12.39,-12.20,-12.34,-12.26,-12.20,-12.26,-12.04,-11.98,-12.39,-12.26,-12.26,-12.39,-11.98,-12.39,-12.20,-12.04,-12.20,-12.12,-12.12,-11.98,-12.12,-12.34,-12.39,-12.04,-12.04,-11.90,-12.26,-12.39,-12.39,-11.90,-12.04,-12.04,-12.04,-12.12,-12.12,-11.85,-11.68,-12.20,-11.90,-12.12,-11.76,-11.98,-11.76,-11.85,-11.85,-11.90,-11.68,-11.68,-11.68,-11.49,-11.68,-11.55,-11.63,-11.63,-11.68,-11.55,-11.36,-11.14,-11.68,-11.36,-11.41,-11.27,-11.63,-11.49,-11.19,-11.49,-11.90,-11.55,-11.76,-11.41,-11.68,-11.63,-11.63,-11.63,-11.76,-11.68,-11.63,-11.63,-11.98,-11.90,-11.68,-11.98,-11.63,-11.63,-11.41,-11.85,-11.49,-11.14,-11.41,-11.19,-11.85,-11.27,-11.41,-11.27,-11.00,-11.41,-11.36,-10.71,-10.30,-10.30,-10.79,-10.65,-10.38,-10.44,-10.79,-10.44,-10.79,-10.38,-10.17,-10.52,-10.79,-11.19,-10.92,-10.84,-11.27,-11.36,-11.55,-11.41,-11.49,-11.19,-11.55,-11.14,-11.27,-11.14,-10.92,-11.14,-10.79,-10.79,-11.06,-11.27,-11.00,-10.79,-10.79,-10.92,-11.00,-10.52,-10.52,-10.57,-10.71,-10.57,-11.00,-10.92,-10.92,-10.84,-10.65,-10.92,-10.84,-10.84,-11.00,-10.52,-10.92,-10.92,-11.06,-10.71,-11.00,-10.71,-10.92,-10.84,-10.92,-11.06,-11.14,-11.06,-11.06,-10.92,-11.14,-11.68,-11.14,-11.19,-11.00,-10.92,-9.82,-9.29,-9.29,-9.08,-8.53,-9.08,-9.16,-9.82,-9.90,-10.79,-11.14,-11.55,-11.49,-11.49,-11.41,-11.68,-11.49,-11.85,-11.76,-11.63,-11.76,-11.68,-11.85,-11.98,-11.68,-11.76,-11.55,-11.68,-11.85,-11.76,-11.36,-11.55,-11.63,-11.63,-11.68,-11.49,-11.63,-11.68,-11.63,-11.90,-11.90,-11.98,-12.04,-11.76,-11.85,-11.98,-11.98,-11.55,-11.49,-11.98,-11.41,-11.55,-11.49,-11.41,-11.85,-11.49,-11.76,-11.68,-11.68,-11.85,-12.12,-12.12,-11.85,-11.68,-11.63,-11.98,-11.98,-12.26,-11.98,-12.04,-12.04,-11.98,-12.12,-12.04,-11.98,-11.90,-11.76,-12.12,-12.04,-11.85,-12.26,-12.12,-11.90,-12.20,-12.12,-12.20,-12.20,-12.12,-12.20,-12.39,-12.39,-12.34,-12.20,-12.12,-12.20,-12.34,-12.34,-12.26,-12.34,-12.48,-11.98,-12.12,-12.26,-12.34,-12.04,-12.12,-12.39,-12.20,-12.04,-12.34,-12.39,-12.56,-12.39,-12.26,-12.26,-12.20,-12.39,-12.34,-12.26,-12.56,-12.39,-12.39,-12.20,-12.61,-12.56,-12.70,-12.56,-12.61,-12.39,-12.83,-12.78,-12.61,-12.48,-12.70,-12.56,-12.70,-12.56,-12.70,-12.78,-12.56,-12.61,-12.56,-12.56,-12.61,-12.39,-12.56,-12.78,-12.48,-12.92,-12.78,-12.61,-12.78,-12.61
-12.70,-12.48,-12.78,-12.83,-12.78,-12.61,-12.83,-12.70,-12.78,-12.70,-12.56,-12.83,-12.39,-12.34,-12.56,-12.61,-12.34,-12.48,-12.70,-12.34,-12.39,-12.48,-12.56,-12.39,-12.12,-12.39,-12.56,-12.56,-12.20,-12.56,-12.56,-12.56,-12.56,-12.39,-12.34,-12.56,-12.34,-12.48,-12.70,-12.26,-11.76,-12.26,-12.39,-12.48,-12.26,-12.26,-12.20,-12.39,-12.26,-12.12,-12.34,-12.12,-12.12,-12.26,-12.34,-12.70,-12.26,-12.20,-12.34,-12.12,-12.26,-12.26,-12.56,-12.12,-12.20,-12.48,-12.12,-12.12,-12.26,-12.12,-12.34,-11.90,-12.26,-12.26,-12.48,-12.12,-12.26,-12.04,-12.48,-12.12,-12.26,-12.04,-12.04,-12.04,-12.26,-12.26,-11.98,-12.20,-11.76,-12.12,-12.04,-11.98,-12.20,-11.98,-11.68,-12.04,-12.48,-11.98,-11.85,-11.98,-11.76,-11.85,-11.85,-11.85,-11.68,-12.04,-11.55,-11.49,-11.68,-11.41,-11.19,-11.14,-11.27,-11.41,-11.27,-11.14,-11.68,-11.14,-11.14,-11.27,-11.06,-11.19,-11.76,-11.36,-11.76,-11.55,-11.49,-11.55,-11.41,-11.85,-11.63,-11.63,-11.41,-11.76,-11.85,-11.68,-11.98,-11.68,-11.76,-11.85,-11.41,-11.85,-11.49,-11.27,-11.36,-11.49,-11.55,-11.41,-11.63,-11.36,-11.49,-11.36,-11.00,-11.19,-10.84,-11.14,-10.92,-10.71,-10.71,-10.22,-10.79,-10.52,-10.79,-10.71,-10.84,-10.65,-10.57,-10.84,-11.06,-10.52,-10.79,-11.06,-11.00,-11.06,-11.06,-11.55,-11.36,-11.36,-11.19,-11.27,-11.06,-11.36,-11.14,-11.41,-11.06,-11.14,-11.06,-11.14,-10.84,-11.19,-10.79,-10.57,-10.52,-10.38,-10.57,-10.38,-10.30,-10.17,-10.38,-10.65,-10.84,-10.52,-11.06,-11.06,-10.92,-10.92,-10.52,-10.65,-10.65,-10.65,-10.84,-10.52,-10.84,-11.00,-10.79,-10.92,-10.92,-10.92,-10.84,-10.84,-11.00,-11.00,-10.79,-10.84,-11.06,-11.14,-10.84,-11.00,-10.92,-9.42,-9.61,-9.77,-8.87,-8.61,-9.42,-9.29,-9.35,-10.30,-10.84,-11.41,-11.68,-11.49,-11.90,-11.55,-11.55,-11.36,-11.76,-11.98,-12.04,-12.04,-11.98,-11.85,-11.55,-11.68,-11.68,-11.41,-11.68,-11.68,-11.55,-11.63,-11.36,-11.63,-11.68,-11.68,-12.04,-11.90,-11.68,-11.63,-11.85,-11.68,-11.85,-11.76,-11.85,-11.98,-11.90,-11.90,-11.55,-11.76,-11.76,-11.68,-11.41,-11.19,-10.79,-11.00,-11.41,-11.49,-11.49,-11.41,-11.36,-11.63,-11.98,-12.04,-11.98,-11.76,-12.04,-12.12,-12.12,-12.04,-11.90,-12.12,-12.20,-12.26,-12.48,-12.04,-11.98,-12.20,-12.26,-12.26,-12.04,-11.98,-12.26,-12.61,-12.20,-12.20,-11.68,-11.90,-12.34,-12.20,-11.98,-12.34,-12.39,-12.20,-12.34,-12.12,-12.12,-12.12,-12.20,-12.34,-12.61,-12.34,-12.20,-12.04,-12.26,-12.26,-12.34,-12.61,-12.20,-12.20,-12.56,-12.39,-11.90,-12.20,-12.61,-12.48,-12.56,-12.26,-12.78,-12.04,-12.56,-12.39,-12.20,-12.39,-12.34,-12.56,-12.56,-12.56,-12.48,-12.20,-12.26,-12.12,-12.56,-12.34,-12.39,-12.39,-12.34,-12.26,-12.26,-12.56,-12.70,-12.78,-12.83,-12.26,-12.48,-12.70,-12.61,-12.39,-12.78,-12.34,-12.26,-12.78,-12.92,-12.56
-13.06,-12.26,-12.78,-12.70,-12.12,-12.70,-12.20,-12.61,-12.83,-12.61,-12.97,-12.34,-12.61,-12.61,-12.48,-12.78,-12.12,-12.61,-12.20,-12.78,-12.70,-12.61,-12.56,-12.12,-12.20,-12.56,-12.39,-12.48,-12.34,-12.56,-12.26,-12.48,-12.20,-12.20,-12.39,-12.39,-12.12,-12.12,-12.04,-12.26,-12.56,-12.20,-12.39,-12.48,-12.04,-12.39,-12.56,-12.56,-12.61,-12.26,-12.48,-12.56,-12.20,-12.56,-12.26,-12.39,-12.26,-12.04,-12.20,-12.34,-12.70,-12.48,-12.12,-12.12,-12.39,-12.20,-12.20,-12.56,-12.56,-12.04,-11.90,-11.98,-12.70,-12.20,-12.39,-12.39,-12.12,-12.26,-12.26,-12.26,-12.20,-12.20,-12.26,-12.12,-12.26,-12.34,-11.98,-12.26,-12.12,-12.20,-12.39,-12.39,-12.12,-11.76,-11.98,-12.20,-11.76,-11.85,-11.76,-11.68,-11.85,-11.76,-11.76,-11.90,-11.68,-11.49,-11.76,-11.27,-11.27,-11.55,-11.41,-11.00,-11.19,-11.19,-11.14,-11.41,-11.27,-11.27,-11.49,-11.06,-11.19,-11.41,-11.19,-11.27,-11.36,-11.49,-11.49,-11.36,-11.55,-11.55,-11.41,-11.55,-11.98,-11.36,-11.27,-11.68,-11.68,-11.76,-11.76,-11.90,-11.98,-11.55,-11.55,-11.41,-11.55,-11.41,-11.49,-11.55,-11.49,-11.14,-11.36,-11.41,-11.55,-11.27,-11.06,-11.14,-11.00,-10.84,-10.30,-10.38,-10.17,-10.52,-10.44,-10.52,-10.79,-10.57,-10.71,-10.71,-10.79,-10.79,-10.79,-10.79,-11.00,-10.92,-10.65,-11.49,-11.19,-11.14,-11.14,-11.14,-11.36,-11.19,-11.14,-11.06,-11.06,-11.00,-11.00,-10.92,-10.92,-11.00,-10.92,-10.92,-10.92,-10.84,-9.90,-10.04,-10.04,-10.38,-10.09,-10.17,-10.22,-10.71,-10.57,-10.92,-10.79,-11.14,-10.52,-10.52,-10.79,-10.44,-10.65,-10.92,-11.06,-11.00,-10.71,-10.52,-10.92,-10.52,-10.71,-10.57,-10.92,-10.84,-11.19,-10.92,-10.92,-10.92,-10.92,-11.00,-9.96,-9.42,-9.56,-8.87,-8.48,-9.08,-9.48,-9.77,-9.90,-10.38,-11.14,-11.55,-11.63,-11.49,-11.41,-11.27,-11.55,-11.49,-11.27,-11.49,-11.49,-12.04,-11.90,-11.68,-11.63,-11.55,-11.85,-11.68,-11.49,-11.41,-11.27,-11.68,-11.49,-11.63,-11.55,-11.55,-11.63,-11.90,-12.26,-11.90,-11.76,-12.04,-11.90,-11.90,-11.68,-11.98,-11.41,-11.85,-11.85,-11.76,-11.36,-11.00,-11.41,-11.27,-11.36,-11.19,-11.14,-11.00,-11.27,-11.27,-11.49,-11.19,-11.98,-11.55,-11.98,-11.90,-11.63,-11.98,-12.56,-11.85,-12.04,-11.76,-12.12,-12.12,-12.12,-11.76,-12.12,-12.12,-12.34,-12.04,-12.12,-12.39,-12.26,-11.90,-11.98,-11.98,-12.20,-11.90,-12.34,-12.04,-11.90,-12.39,-12.34,-11.90,-12.26,-12.56,-12.20,-12.20,-12.04,-12.04,-12.26,-11.76,-12.20,-12.61,-12.12,-12.34,-12.12,-12.34,-12.48,-12.12,-12.04,-12.39,-12.56,-12.34,-12.26,-12.61,-12.34,-12.39,-12.26,-12.56,-12.56,-12.20,-12.39,-12.34,-12.39,-12.70,-12.34,-12.48,-12.61,-12.61,-12.48,-12.26,-12.61,-12.56,-12.83,-12.61,-12.34,-12.12,-12.34,-12.61,-12.20,-12.70,-12.70,-12.39,-12.61,-12.39,-12.70,-12.48,-12.78,-12.70,-12.61,-12.83,-12.83,-12.56
-12.83,-12.70,-13.06,-12.56,-12.92,-12.78,-12.92,-12.97,-12.78,-12.78,-12.61,-12.56,-12.61,-12.61,-12.56,-12.61,-12.78,-12.56,-12.56,-12.48,-12.26,-12.26,-12.34,-12.70,-12.26,-12.39,-12.61,-12.56,-12.56,-12.39,-12.70,-12.26,-11.98,-12.20,-12.12,-12.83,-12.56,-12.48,-12.39,-12.61,-12.04,-12.20,-12.56,-12.26,-12.56,-12.48,-11.98,-12.39,-12.48,-12.04,-12.12,-12.34,-12.34,-12.34,-12.20,-12.26,-12.34,-12.04,-12.48,-12.39,-12.34,-12.61,-12.48,-12.61,-12.04,-12.20,-12.04,-12.97,-12.12,-12.20,-12.39,-12.12,-12.39,-12.39,-12.12,-12.12,-12.04,-12.20,-11.98,-12.04,-12.20,-12.04,-12.04,-12.04,-12.26,-11.68,-12.26,-12.20,-12.20,-12.12,-11.76,-12.34,-12.20,-11.98,-12.26,-11.68,-12.56,-12.39,-12.20,-11.68,-12.04,-11.68,-11.63,-11.68,-12.04,-11.63,-11.14,-11.49,-11.41,-11.19,-11.49,-11.27,-11.27,-11.27,-11.27,-11.14,-11.06,-11.49,-11.27,-11.19,-11.06,-11.19,-11.36,-11.19,-11.06,-11.68,-11.55,-11.27,-11.49,-11.19,-11.63,-11.55,-11.90,-11.85,-11.36,-11.49,-11.41,-12.04,-11.76,-11.41,-11.76,-11.55,-11.63,-11.68,-11.55,-11.63,-11.63,-11.63,-11.36,-11.36,-11.14,-11.41,-11.41,-11.27,-11.00,-11.41,-11.14,-10.92,-10.65,-10.38,-10.52,-10.44,-10.79,-10.71,-10.52,-10.44,-10.38,-10.38,-10.30,-10.38,-10.30,-10.71,-10.79,-10.84,-10.84,-11.36,-11.36,-11.19,-11.19,-11.19,-11.27,-11.19,-11.19,-10.84,-10.71,-11.36,-11.00,-10.84,-11.27,-10.92,-10.92,-10.57,-10.92,-10.38,-9.69,-9.69,-9.16,-9.77,-9.82,-9.82,-10.44,-10.44,-10.22,-11.06,-10.71,-10.57,-10.65,-10.65,-10.65,-10.52,-10.84,-10.79,-10.79,-10.84,-11.00,-10.92,-10.84,-11.06,-10.57,-10.65,-10.65,-11.14,-11.14,-11.00,-10.84,-11.27,-11.27,-10.57,-9.56,-9.16,-9.48,-9.08,-8.61,-9.29,-9.69,-10.04,-10.22,-10.71,-11.41,-11.41,-11.49,-11.49,-11.63,-11.68,-11.68,-11.63,-11.68,-11.85,-11.90,-11.55,-11.55,-11.63,-11.63,-11.55,-11.68,-11.68,-11.68,-11.41,-11.68,-11.85,-11.63,-11.41,-11.41,-11.76,-11.76,-11.63,-11.76,-11.85,-11.98,-11.63,-11.76,-11.98,-11.85,-11.49,-11.90,-11.98,-11.76,-11.55,-11.49,-10.71,-10.57,-10.92,-10.84,-11.14,-10.84,-10.79,-10.84,-11.19,-11.76,-11.68,-11.76,-11.85,-11.98,-11.85,-12.20,-11.90,-11.90,-12.04,-11.85,-11.85,-11.98,-12.39,-12.20,-12.26,-12.04,-12.12,-11.98,-12.20,-12.26,-12.39,-12.34,-12.20,-12.26,-12.12,-12.12,-12.04,-12.12,-12.04,-12.04,-12.34,-11.90,-12.12,-12.12,-12.20,-12.04,-12.39,-11.76,-12.04,-12.04,-12.34,-12.56,-12.26,-12.12,-12.20,-12.20,-12.20,-12.34,-12.20,-12.34,-12.26,-12.56,-12.34,-12.26,-12.56,-12.34,-12.20,-12.26,-12.61,-12.20,-12.34,-12.34,-12.56,-12.34,-12.12,-12.39,-12.48,-12.26,-12.34,-12.70,-12.26,-12.70,-12.34,-12.39,-12.39,-12.39,-12.70,-12.39,-12.34,-12.70,-12.61,-12.04,-12.34,-12.39,-12.78,-12.61,-12.61,-12.39,-12.78,-12.61,-12.70,-12.48,-12.70
-12.61,-12.78,-12.92,-12.78,-12.83,-12.39,-12.78,-12.70,-12.61,-12.61,-12.70,-12.83,-12.26,-12.26,-12.83,-12.56,-12.61,-12.48,-12.70,-12.48,-12.48,-12.56,-12.39,-12.26,-12.26,-12.48,-12.83,-12.12,-12.78,-12.48,-12.61,-12.04,-12.61,-12.34,-12.39,-12.20,-12.48,-12.26,-12.04,-12.61,-12.39,-11.90,-12.34,-11.98,-12.34,-12.39,-12.39,-12.34,-12.20,-11.98,-12.48,-12.39,-11.98,-12.34,-12.34,-12.39,-12.39,-12.39,-12.39,-12.48,-12.26,-12.34,-12.26,-12.12,-12.48,-12.26,-11.98,-12.04,-12.12,-12.34,-12.12,-12.56,-12.20,-12.20,-12.26,-12.26,-12.04,-12.39,-11.98,-11.90,-12.20,-12.12,-12.12,-11.98,-12.39,-11.90,-11.98,-12.12,-12.12,-11.98,-12.04,-11.98,-12.12,-11.90,-11.90,-12.26,-11.63,-12.04,-11.68,-11.98,-11.85,-11.90,-11.68,-11.49,-11.63,-12.04,-11.19,-11.49,-11.63,-11.41,-11.27,-11.14,-11.49,-11.27,-11.41,-11.36,-11.36,-11.41,-11.19,-11.27,-11.14,-11.14,-11.63,-11.19,-11.27,-11.27,-11.49,-11.36,-11.49,-11.55,-11.36,-11.27,-11.36,-11.49,-11.41,-11.76,-11.41,-11.49,-11.41,-11.76,-11.85,-11.68,-11.55,-11.36,-11.63,-11.63,-11.41,-11.49,-11.36,-11.49,-11.49,-11.27,-10.92,-11.27,-11.36,-11.19,-11.27,-11.55,-11.00,-10.52,-10.17,-10.84,-10.44,-10.22,-10.44,-10.57,-10.71,-10.57,-10.30,-10.57,-10.52,-10.65,-10.84,-10.65,-10.92,-11.36,-11.14,-11.14,-11.06,-11.06,-11.00,-10.92,-11.27,-11.06,-11.14,-11.36,-10.79,-10.79,-10.65,-11.00,-10.65,-10.71,-10.79,-10.30,-9.56,-9.35,-8.74,-9.48,-9.42,-9.90,-10.65,-10.52,-10.52,-10.44,-10.65,-10.92,-10.52,-10.92,-10.38,-10.71,-10.79,-11.14,-11.06,-10.84,-10.79,-10.79,-10.71,-10.84,-10.84,-10.84,-11.00,-10.71,-11.36,-10.57,-11.00,-11.06,-10.79,-9.96,-9.69,-9.48,-9.16,-8.61,-9.00,-9.61,-9.77,-9.96,-10.22,-11.14,-11.27,-11.68,-11.63,-11.68,-11.41,-11.68,-11.76,-11.49,-11.98,-11.76,-11.63,-11.49,-11.49,-11.63,-11.55,-11.63,-11.68,-11.41,-11.36,-11.76,-11.55,-11.41,-11.41,-11.85,-11.63,-11.98,-11.63,-11.49,-11.36,-11.55,-11.41,-11.85,-11.85,-11.90,-11.85,-11.63,-11.85,-11.49,-11.41,-11.19,-11.49,-10.52,-10.38,-10.92,-10.57,-10.57,-10.22,-10.79,-11.36,-11.36,-11.27,-11.27,-11.85,-11.85,-11.63,-11.98,-11.63,-12.04,-11.76,-11.98,-12.34,-11.98,-12.34,-12.26,-12.34,-12.34,-11.98,-12.12,-12.04,-12.12,-12.20,-12.04,-12.04,-12.12,-11.98,-12.34,-11.90,-12.20,-12.20,-12.39,-11.85,-12.20,-12.20,-12.12,-12.39,-12.48,-12.26,-12.48,-12.26,-12.34,-11.90,-12.26,-12.34,-12.04,-12.12,-12.48,-12.12,-12.34,-12.39,-12.48,-12.12,-12.26,-12.34,-12.34,-12.34,-12.56,-12.56,-12.56,-12.20,-12.26,-12.26,-12.34,-12.04,-12.26,-12.34,-12.48,-12.48,-12.34,-12.61,-12.56,-12.39,-12.39,-12.48,-12.34,-12.48,-12.56,-12.26,-12.61,-12.70,-12.34,-12.70,-12.78,-12.61,-12.39,-12.78,-12.83,-12.92,-12.70,-12.61,-12.61,-12.56,-12.56,-12.78,-12.97
-12.97,-12.83,-12.26,-12.56,-12.70,-12.78,-12.78,-12.56,-12.70,-12.61,-12.56,-12.70,-12.56,-12.56,-12.70,-12.56,-12.61,-12.20,-12.48,-12.39,-12.61,-12.61,-12.20,-12.39,-12.12,-12.12,-12.39,-12.56,-12.34,-12.56,-12.70,-12.12,-12.48,-12.26,-12.39,-12.20,-12.48,-12.78,-12.04,-12.20,-12.26,-12.83,-12.34,-12.48,-12.39,-12.20,-12.39,-12.56,-12.39,-12.39,-12.48,-12.34,-12.12,-11.90,-12.20,-12.48,-12.12,-12.20,-12.20,-12.04,-12.48,-12.20,-12.12,-12.56,-12.12,-12.12,-12.39,-12.12,-12.12,-12.12,-11.98,-12.26,-12.20,-12.39,-12.12,-12.34,-11.90,-11.98,-12.04,-11.98,-12.12,-12.34,-12.34,-12.48,-11.90,-12.04,-11.90,-12.20,-11.90,-11.98,-12.39,-12.34,-12.12,-11.76,-11.76,-11.68,-12.20,-12.04,-11.90,-12.20,-12.12,-12.04,-12.20,-11.55,-11.49,-11.27,-11.36,-10.71,-11.49,-11.14,-11.41,-11.14,-11.49,-11.19,-11.55,-11.63,-11.41,-11.55,-11.19,-11.06,-11.41,-11.55,-11.36,-11.55,-11.49,-11.19,-11.85,-11.19,-11.49,-11.36,-11.41,-11.63,-11.76,-11.36,-11.41,-11.63,-11.55,-11.49,-11.76,-11.41,-11.49,-11.85,-11.90,-11.90,-11.85,-11.90,-11.55,-11.85,-11.41,-11.55,-11.36,-11.27,-11.27,-11.41,-11.55,-11.76,-11.49,-11.06,-10.92,-10.79,-10.65,-10.57,-10.71,-10.79,-10.52,-10.57,-10.52,-10.38,-10.22,-10.38,-10.38,-10.92,-10.79,-10.65,-10.92,-10.79,-11.00,-11.00,-11.06,-10.92,-11.19,-10.71,-11.00,-11.00,-10.79,-11.00,-10.65,-11.14,-10.92,-10.84,-10.52,-10.44,-10.79,-10.38,-9.61,-9.21,-8.95,-9.35,-9.42,-9.96,-10.30,-10.44,-10.71,-10.65,-11.06,-10.71,-10.52,-10.71,-10.57,-10.44,-10.44,-10.79,-10.52,-10.65,-10.92,-10.79,-10.79,-10.84,-10.92,-11.06,-10.79,-11.00,-10.79,-11.00,-10.84,-10.79,-10.44,-9.90,-9.61,-9.48,-9.21,-8.69,-9.21,-9.82,-9.82,-10.22,-10.84,-11.06,-11.27,-11.55,-11.49,-11.55,-12.04,-11.68,-11.68,-11.41,-11.63,-11.85,-11.41,-11.68,-11.41,-11.49,-11.63,-11.76,-11.06,-11.55,-11.63,-11.63,-11.90,-11.19,-11.85,-11.63,-11.76,-11.49,-11.49,-11.68,-11.55,-11.85,-11.76,-11.55,-11.85,-11.55,-11.63,-11.49,-11.68,-11.41,-11.41,-11.27,-11.06,-10.09,-10.09,-10.09,-10.09,-10.04,-10.30,-10.79,-10.79,-10.65,-11.14,-11.27,-11.36,-11.63,-11.68,-11.68,-12.12,-12.04,-11.90,-11.90,-12.34,-11.85,-11.76,-11.98,-12.04,-12.04,-12.26,-12.04,-12.48,-12.12,-11.98,-12.26,-12.26,-11.90,-12.34,-11.90,-11.90,-11.85,-12.20,-12.26,-12.34,-12.20,-12.26,-12.56,-12.34,-12.26,-12.04,-12.34,-12.12,-12.34,-12.12,-12.12,-11.98,-12.39,-12.20,-12.12,-12.61,-12.12,-12.20,-12.26,-12.48,-12.34,-12.12,-12.26,-12.48,-12.04,-12.39,-12.56,-12.20,-12.12,-12.20,-12.26,-12.70,-12.61,-12.48,-12.48,-12.70,-12.12,-12.39,-12.34,-12.26,-12.48,-12.48,-12.39,-12.56,-12.48,-12.78,-12.70,-12.48,-12.26,-12.56,-12.48,-12.39,-12.34,-12.70,-12.56,-12.34,-12.34,-12.39,-12.39,-12.56,-12.61,-12.70,-12.61
-12.48,-12.83,-12.92,-12.83,-12.83,-12.70,-12.70,-12.61,-12.39,-12.39,-12.61,-12.56,-12.56,-12.61,-12.48,-12.48,-12.34,-12.48,-12.56,-12.56,-12.83,-12.39,-12.39,-12.39,-12.26,-12.20,-12.12,-12.48,-12.20,-12.48,-12.39,-12.26,-12.26,-12.48,-12.20,-12.20,-12.56,-12.34,-12.48,-12.26,-12.39,-12.48,-12.39,-12.48,-12.26,-12.12,-12.12,-12.26,-12.39,-12.34,-12.61,-11.98,-12.04,-12.48,-12.04,-12.48,-12.20,-12.39,-12.04,-12.04,-11.98,-11.98,-12.20,-12.20,-12.20,-11.90,-12.20,-12.12,-12.12,-12.04,-12.26,-12.39,-12.34,-12.34,-12.12,-12.04,-12.12,-12.70,-12.20,-11.90,-11.90,-12.12,-12.12,-11.98,-12.12,-11.85,-12.34,-12.12,-12.04,-12.12,-12.12,-12.20,-12.26,-11.98,-12.12,-11.63,-12.04,-12.04,-11.55,-11.98,-12.12,-11.98,-11.98,-11.85,-11.63,-11.68,-11.41,-11.55,-11.27,-11.27,-11.00,-11.55,-11.36,-11.27,-11.27,-11.63,-11.14,-11.27,-11.27,-11.19,-11.49,-11.14,-11.06,-10.92,-11.49,-11.36,-11.14,-11.36,-11.27,-11.06,-11.27,-10.92,-11.14,-11.49,-11.36,-11.41,-11.68,-11.68,-11.27,-11.41,-11.76,-11.76,-11.98,-11.49,-11.68,-11.49,-11.41,-11.49,-11.41,-11.41,-11.41,-11.36,-11.19,-11.19,-11.14,-11.14,-11.27,-11.06,-10.79,-10.79,-10.57,-10.30,-10.38,-10.52,-10.17,-10.65,-10.57,-10.38,-10.30,-10.71,-10.65,-10.57,-10.92,-10.79,-10.84,-10.57,-10.84,-10.71,-11.00,-11.06,-11.00,-11.06,-11.14,-10.92,-10.84,-10.71,-10.84,-10.79,-10.52,-10.30,-10.84,-10.52,-10.38,-10.38,-9.69,-9.21,-8.69,-9.61,-9.48,-9.77,-10.30,-10.44,-10.30,-10.57,-10.65,-10.52,-10.57,-10.52,-10.71,-10.65,-10.38,-10.65,-10.44,-10.92,-10.71,-10.84,-11.00,-10.71,-10.71,-10.92,-10.84,-11.49,-11.00,-11.41,-11.00,-10.84,-10.22,-9.69,-9.08,-9.21,-8.95,-8.95,-9.61,-10.04,-10.04,-10.52,-11.19,-11.41,-11.55,-11.19,-11.41,-11.85,-11.55,-11.41,-11.41,-11.49,-11.63,-11.63,-11.41,-11.76,-11.49,-11.19,-11.55,-11.41,-11.49,-11.63,-11.85,-11.76,-11.76,-11.63,-11.98,-11.49,-12.12,-11.68,-11.76,-11.68,-11.55,-11.85,-11.98,-11.98,-11.49,-11.41,-11.55,-11.76,-11.76,-11.41,-11.41,-11.41,-10.52,-10.30,-9.90,-9.77,-10.30,-10.30,-10.09,-10.04,-9.90,-10.52,-11.19,-11.49,-11.49,-11.63,-11.90,-11.98,-11.76,-11.76,-11.90,-11.85,-12.12,-12.20,-12.20,-12.34,-12.04,-12.04,-11.90,-11.90,-12.04,-11.90,-11.85,-11.98,-12.26,-12.12,-12.04,-12.12,-12.34,-12.20,-12.39,-12.12,-12.34,-12.20,-11.85,-12.20,-12.34,-12.12,-12.39,-12.04,-12.20,-12.34,-12.34,-12.26,-12.04,-12.39,-12.39,-12.39,-12.39,-12.20,-12.48,-12.12,-12.26,-12.20,-12.12,-12.48,-12.39,-12.34,-12.20,-12.20,-12.61,-12.26,-12.56,-12.04,-12.26,-12.39,-12.20,-12.34,-12.34,-12.56,-12.56,-12.56,-12.61,-12.04,-12.78,-12.26,-12.34,-12.26,-12.48,-12.61,-12.34,-12.26,-12.26,-12.78,-12.78,-12.78,-12.26,-12.70,-12.56,-12.39,-12.48,-12.61,-12.39,-12.83,-12.26,-12.26
-12.78,-12.78,-12.83,-12.83,-12.26,-12.78,-12.61,-12.56,-12.61,-12.26,-12.34,-12.56,-12.34,-12.39,-12.78,-12.20,-12.39,-12.26,-12.56,-12.61,-12.48,-12.48,-12.61,-12.04,-12.56,-12.56,-12.61,-12.56,-12.48,-12.48,-12.26,-12.70,-12.20,-12.26,-12.26,-12.48,-12.26,-12.39,-12.48,-12.12,-12.20,-12.04,-12.34,-12.12,-12.20,-11.98,-12.39,-12.26,-12.34,-12.12,-12.20,-12.20,-12.26,-12.04,-12.04,-12.20,-12.48,-12.20,-12.26,-12.26,-12.12,-12.04,-12.39,-12.12,-11.98,-12.26,-12.20,-12.26,-12.20,-12.56,-12.20,-12.26,-12.61,-11.90,-12.04,-12.12,-12.12,-12.48,-11.90,-12.34,-12.04,-12.20,-12.12,-12.34,-11.68,-11.63,-12.34,-11.76,-12.04,-12.12,-11.76,-11.90,-11.85,-12.20,-11.90,-11.76,-12.04,-12.12,-11.98,-12.34,-11.85,-12.12,-12.04,-12.20,-12.04,-12.12,-11.68,-11.85,-12.04,-11.85,-12.04,-11.98,-11.76,-11.63,-11.68,-11.63,-11.19,-11.49,-11.14,-11.14,-11.55,-11.36,-11.36,-11.55,-11.14,-11.19,-11.06,-11.00,-11.36,-11.06,-11.19,-11.27,-11.36,-11.49,-11.36,-11.41,-11.36,-11.63,-11.55,-11.27,-11.41,-11.68,-11.68,-11.68,-11.85,-11.41,-11.55,-11.49,-11.76,-11.49,-11.41,-11.49,-11.36,-11.19,-11.36,-11.14,-10.79,-10.92,-10.71,-10.92,-10.79,-10.57,-10.09,-10.38,-9.96,-10.44,-10.52,-10.38,-10.17,-10.30,-10.52,-10.30,-10.57,-10.92,-10.79,-10.84,-10.92,-11.06,-11.14,-11.06,-10.84,-10.84,-11.06,-10.92,-10.79,-10.84,-10.57,-10.79,-10.52,-10.57,-10.84,-10.38,-10.38,-10.22,-9.35,-9.08,-8.74,-9.77,-9.56,-9.69,-10.22,-10.57,-10.84,-10.71,-10.38,-10.57,-10.79,-10.09,-10.79,-10.44,-10.65,-10.22,-10.71,-10.57,-10.71,-10.57,-11.06,-10.84,-10.84,-11.06,-10.79,-11.00,-10.92,-10.84,-10.84,-10.84,-10.04,-9.29,-9.42,-8.95,-9.08,-9.00,-9.77,-9.82,-10.09,-10.92,-10.79,-11.49,-11.55,-11.49,-11.63,-11.63,-11.85,-11.36,-11.76,-11.49,-11.76,-11.36,-11.41,-11.36,-11.36,-11.49,-11.36,-11.27,-11.41,-11.36,-11.27,-11.36,-11.36,-11.90,-11.76,-11.49,-11.85,-11.63,-11.63,-11.55,-11.36,-11.63,-11.76,-11.41,-11.85,-11.41,-11.49,-11.41,-11.27,-11.41,-11.36,-10.79,-10.57,-10.30,-9.77,-9.69,-9.69,-10.04,-9.35,-9.35,-10.38,-11.14,-11.49,-11.55,-11.27,-11.49,-11.76,-11.98,-12.04,-11.90,-11.85,-12.04,-12.04,-12.12,-12.04,-12.39,-12.12,-11.76,-11.90,-11.98,-12.26,-12.34,-12.20,-11.98,-12.26,-11.90,-12.04,-12.20,-12.04,-12.20,-12.04,-12.04,-12.04,-11.98,-12.04,-11.98,-11.98,-12.04,-11.98,-12.04,-11.98,-12.34,-12.56,-12.04,-12.26,-12.34,-12.56,-12.20,-12.20,-12.26,-11.85,-12.12,-12.34,-12.34,-11.98,-12.48,-12.34,-12.34,-12.48,-12.34,-12.26,-12.39,-12.34,-12.26,-12.48,-12.56,-12.61,-12.26,-12.20,-12.26,-12.20,-12.04,-12.34,-12.26,-12.48,-12.78,-12.70,-12.34,-12.61,-12.39,-12.78,-12.39,-12.61,-12.56,-12.56,-12.26,-12.61,-12.70,-12.61,-12.78,-12.39,-12.34,-12.70,-12.56,-12.26,-12.78
-12.70,-12.48,-13.06,-12.70,-12.78,-12.48,-12.78,-12.83,-12.61,-12.61,-12.61,-12.34,-12.56,-12.56,-12.56,-12.39,-12.26,-12.34,-12.56,-12.83,-12.34,-12.48,-12.34,-12.56,-12.39,-12.34,-12.39,-12.61,-12.48,-12.39,-12.12,-12.48,-12.56,-12.34,-12.48,-12.39,-12.12,-11.98,-12.70,-12.39,-12.12,-12.26,-12.34,-12.48,-12.12,-12.04,-12.34,-12.20,-12.34,-12.12,-12.12,-12.26,-12.48,-11.98,-11.98,-11.98,-12.12,-12.39,-12.34,-12.39,-12.12,-11.98,-12.04,-12.34,-12.04,-12.12,-12.26,-12.39,-12.20,-11.98,-12.04,-12.56,-12.12,-12.04,-12.04,-12.04,-12.39,-12.12,-12.56,-11.90,-11.98,-11.76,-12.12,-11.85,-12.04,-12.04,-11.90,-11.85,-12.20,-12.48,-12.20,-12.04,-12.34,-11.90,-12.04,-12.04,-11.98,-12.04,-11.76,-12.12,-11.98,-12.12,-12.26,-11.68,-11.68,-12.04,-11.98,-11.68,-11.90,-11.98,-11.98,-11.68,-11.76,-11.90,-11.49,-11.55,-11.55,-11.68,-11.55,-11.63,-11.41,-11.36,-11.19,-11.55,-10.84,-11.36,-11.14,-11.00,-11.14,-11.06,-11.19,-11.19,-11.55,-11.27,-11.63,-11.27,-11.14,-11.68,-11.68,-11.36,-11.49,-11.55,-11.36,-11.63,-11.76,-11.41,-11.49,-11.63,-11.63,-11.90,-11.27,-11.00,-11.41,-11.14,-11.41,-11.14,-11.14,-11.36,-11.00,-11.06,-10.79,-10.84,-10.22,-10.65,-10.17,-10.38,-10.17,-10.57,-10.57,-10.04,-10.30,-10.38,-10.30,-10.79,-10.65,-10.65,-11.06,-11.19,-10.84,-11.06,-10.71,-10.65,-11.06,-11.00,-11.00,-11.19,-10.84,-10.71,-10.57,-10.38,-10.38,-10.44,-10.44,-10.17,-9.48,-9.16,-9.08,-9.21,-9.82,-9.96,-9.96,-10.52,-10.17,-10.30,-10.52,-10.44,-10.57,-10.52,-10.71,-10.65,-10.44,-10.71,-10.71,-10.84,-10.84,-10.71,-10.84,-10.71,-10.57,-10.92,-11.41,-10.84,-10.84,-10.92,-10.92,-10.22,-9.56,-9.61,-9.69,-9.08,-8.87,-9.61,-9.90,-10.09,-10.22,-10.92,-11.27,-11.36,-11.19,-11.19,-11.36,-11.49,-11.55,-11.55,-11.41,-11.55,-11.85,-11.76,-11.27,-11.41,-11.63,-11.00,-11.49,-11.55,-11.63,-11.63,-11.49,-11.55,-11.41,-11.49,-11.68,-12.04,-11.76,-11.85,-11.68,-11.55,-11.85,-11.76,-11.76,-11.63,-11.55,-11.68,-11.49,-11.63,-11.41,-11.41,-11.19,-10.79,-10.79,-10.17,-10.17,-9.96,-9.96,-9.69,-9.48,-10.17,-10.22,-10.65,-10.71,-11.19,-11.68,-11.76,-11.98,-11.90,-12.39,-12.26,-12.12,-12.12,-11.76,-11.85,-11.98,-11.90,-12.04,-11.68,-11.85,-11.98,-12.12,-12.04,-11.90,-11.85,-12.12,-11.85,-12.04,-11.98,-11.98,-12.12,-12.04,-11.98,-12.20,-12.04,-12.12,-12.34,-12.26,-12.26,-11.98,-12.04,-12.12,-11.90,-12.12,-12.20,-12.04,-12.26,-12.34,-12.26,-12.12,-12.12,-12.26,-12.04,-11.98,-11.98,-11.90,-12.12,-12.34,-12.34,-12.48,-12.26,-12.26,-12.20,-12.12,-11.98,-12.39,-12.26,-12.26,-12.34,-12.12,-12.26,-12.48,-12.12,-12.39,-12.20,-12.12,-12.61,-12.20,-12.39,-12.78,-12.56,-12.39,-12.70,-12.70,-12.48,-12.39,-12.56,-12.61,-12.83,-12.26,-12.61,-12.34,-12.61,-12.48,-12.83,-12.48,-12.34
-12.78,-12.48,-12.78,-12.20,-12.39,-12.83,-12.34,-12.48,-12.56,-12.56,-12.61,-12.61,-12.39,-12.26,-12.39,-12.61,-12.56,-12.39,-12.56,-12.61,-12.39,-12.20,-12.34,-12.26,-12.12,-12.26,-12.56,-12.70,-12.39,-12.48,-12.39,-12.34,-12.39,-12.48,-12.34,-12.48,-12.34,-12.20,-12.20,-12.20,-12.34,-12.39,-12.12,-12.48,-12.12,-12.12,-12.39,-12.39,-12.04,-12.39,-12.39,-12.34,-12.04,-12.20,-12.39,-11.98,-12.04,-12.34,-12.26,-12.20,-11.98,-12.04,-12.34,-12.20,-12.34,-12.20,-11.76,-12.04,-12.20,-12.26,-11.90,-12.26,-11.98,-12.20,-12.04,-11.85,-11.68,-11.85,-12.20,-11.90,-12.26,-11.98,-12.39,-12.20,-11.90,-12.26,-12.12,-11.68,-11.90,-11.55,-12.04,-12.12,-11.76,-11.90,-12.39,-12.20,-12.04,-11.98,-12.04,-11.98,-11.68,-11.90,-11.98,-12.20,-11.98,-11.98,-11.98,-12.04,-11.98,-11.90,-11.90,-11.68,-12.12,-11.63,-12.20,-11.90,-11.76,-11.76,-12.20,-11.49,-11.63,-11.68,-11.55,-11.41,-11.19,-11.55,-11.00,-10.71,-11.14,-11.14,-11.14,-11.19,-11.55,-11.06,-11.41,-11.36,-11.63,-11.76,-11.27,-11.49,-11.14,-11.49,-11.68,-11.41,-11.63,-11.41,-11.49,-11.36,-11.68,-11.14,-11.85,-11.49,-11.36,-10.92,-11.06,-11.19,-11.00,-10.92,-11.06,-10.92,-11.06,-10.79,-10.57,-10.30,-10.17,-10.52,-10.22,-10.22,-10.38,-10.17,-10.44,-10.22,-10.30,-10.84,-10.38,-10.79,-10.84,-10.65,-10.84,-11.27,-10.92,-10.71,-10.84,-10.92,-11.00,-11.00,-11.41,-10.65,-10.79,-10.30,-10.44,-10.30,-10.65,-10.52,-9.69,-9.48,-9.29,-9.48,-9.69,-9.96,-10.17,-10.22,-10.71,-10.30,-10.57,-10.22,-10.57,-10.38,-10.44,-10.52,-10.71,-10.44,-10.57,-10.52,-10.71,-10.79,-10.71,-10.38,-11.14,-10.84,-10.92,-11.06,-10.71,-10.71,-10.65,-10.04,-9.56,-9.56,-9.29,-8.61,-9.56,-9.77,-9.69,-10.17,-11.06,-11.27,-11.36,-11.55,-11.41,-11.36,-11.36,-11.55,-11.85,-11.36,-11.49,-11.27,-11.36,-11.49,-11.36,-11.36,-11.27,-11.55,-11.55,-11.41,-11.63,-11.49,-11.36,-11.98,-11.85,-11.55,-11.49,-11.85,-11.49,-11.49,-11.63,-11.90,-11.76,-11.76,-11.49,-11.63,-11.49,-11.49,-10.92,-11.36,-11.76,-11.14,-11.14,-10.71,-10.65,-10.44,-10.38,-9.96,-10.30,-10.09,-10.52,-10.65,-10.65,-10.79,-11.06,-11.36,-11.63,-11.76,-11.63,-12.04,-11.85,-11.98,-12.04,-11.98,-11.98,-12.12,-11.76,-12.12,-11.85,-12.34,-12.04,-12.26,-12.04,-12.04,-11.98,-11.55,-12.12,-12.39,-12.04,-12.34,-12.39,-11.63,-12.12,-12.12,-12.04,-12.56,-11.85,-11.98,-11.98,-11.98,-11.90,-11.98,-12.39,-12.26,-11.98,-12.20,-12.12,-12.34,-12.12,-12.04,-12.04,-12.48,-12.39,-12.12,-12.20,-11.90,-12.12,-12.56,-12.20,-12.34,-12.39,-12.48,-12.39,-12.39,-12.12,-12.20,-12.12,-12.20,-12.34,-12.61,-12.39,-12.61,-12.39,-12.48,-12.34,-12.20,-12.12,-12.61,-12.48,-12.26,-12.83,-12.56,-12.70,-12.39,-12.26,-12.56,-12.39,-12.12,-12.70,-12.26,-12.26,-12.61,-12.61,-12.39,-12.78,-12.70,-12.56,-12.61
-12.70,-12.83,-12.26,-12.92,-12.48,-12.56,-12.83,-12.83,-12.56,-12.56,-12.83,-12.39,-12.39,-12.56,-12.78,-12.61,-12.78,-12.39,-12.61,-12.39,-12.26,-12.39,-12.39,-12.26,-12.26,-12.34,-12.39,-12.34,-12.20,-12.20,-12.26,-12.39,-12.39,-12.26,-12.56,-12.20,-11.98,-12.04,-12.04,-12.20,-12.39,-12.20,-12.20,-12.34,-12.39,-12.26,-12.39,-12.26,-12.20,-12.04,-12.48,-12.83,-12.12,-12.04,-12.26,-11.98,-12.34,-12.39,-12.39,-11.98,-12.04,-12.12,-11.98,-12.26,-12.04,-11.98,-12.20,-12.12,-12.12,-12.34,-11.98,-12.12,-12.26,-12.20,-12.34,-11.98,-12.12,-12.04,-11.98,-12.12,-11.98,-12.04,-12.04,-12.12,-11.98,-12.39,-12.12,-12.04,-12.12,-11.98,-11.98,-12.20,-12.12,-11.98,-11.98,-11.85,-11.76,-12.12,-11.85,-11.90,-12.04,-11.90,-11.98,-11.76,-12.04,-12.20,-12.04,-11.85,-11.90,-12.12,-11.90,-12.04,-12.12,-11.90,-11.55,-11.76,-11.49,-11.55,-11.68,-11.90,-11.68,-11.85,-11.68,-11.27,-11.68,-11.63,-11.27,-11.06,-11.06,-10.79,-11.00,-11.14,-11.63,-11.14,-11.63,-11.14,-11.49,-10.84,-11.36,-11.55,-11.36,-11.27,-11.55,-11.90,-11.49,-11.49,-11.41,-11.36,-11.68,-11.63,-11.68,-11.55,-11.19,-11.27,-11.19,-11.06,-10.57,-11.00,-10.84,-11.06,-10.71,-10.65,-10.52,-9.96,-9.96,-9.96,-9.96,-10.04,-10.17,-10.09,-10.17,-10.30,-10.09,-10.57,-10.71,-10.65,-10.44,-10.71,-10.65,-11.06,-11.06,-10.92,-10.92,-11.00,-11.00,-10.71,-10.84,-10.52,-10.57,-10.30,-10.38,-10.52,-10.30,-9.96,-9.77,-9.29,-9.08,-9.61,-9.69,-10.09,-9.82,-10.38,-10.30,-10.09,-10.30,-10.44,-10.30,-10.17,-10.22,-10.38,-10.71,-10.84,-10.71,-10.71,-10.79,-10.79,-10.65,-10.79,-10.84,-11.00,-10.84,-10.57,-10.71,-10.71,-10.22,-9.56,-9.77,-9.29,-9.21,-9.08,-9.69,-9.82,-10.30,-10.44,-10.92,-11.63,-11.41,-11.49,-11.49,-11.55,-11.27,-11.41,-11.00,-11.55,-11.00,-10.92,-11.41,-11.14,-11.14,-11.36,-11.19,-10.92,-11.55,-11.49,-11.49,-11.55,-11.55,-11.49,-11.36,-11.63,-12.04,-11.63,-11.55,-11.68,-11.98,-11.85,-11.76,-11.55,-11.27,-11.55,-11.41,-11.63,-11.49,-11.19,-11.76,-11.19,-11.06,-11.19,-11.06,-10.38,-10.30,-10.38,-10.71,-10.71,-10.84,-10.79,-11.41,-11.36,-11.55,-11.76,-11.90,-12.04,-11.55,-12.12,-11.90,-11.85,-11.76,-11.76,-12.12,-11.90,-11.90,-11.90,-12.04,-11.98,-12.34,-12.20,-11.90,-11.90,-12.26,-11.85,-12.04,-12.12,-12.04,-12.12,-11.98,-12.39,-12.12,-12.12,-12.12,-12.12,-11.76,-11.90,-12.04,-11.98,-12.04,-12.12,-12.20,-12.04,-12.12,-12.34,-12.34,-12.20,-12.20,-12.26,-12.04,-12.20,-12.26,-12.39,-12.34,-12.26,-12.04,-12.39,-12.34,-12.48,-12.20,-12.04,-12.39,-12.26,-12.48,-12.04,-12.56,-12.56,-11.98,-12.34,-12.26,-12.12,-12.48,-12.61,-12.20,-12.61,-12.12,-12.48,-12.48,-12.39,-12.26,-12.39,-12.48,-12.70,-12.61,-12.48,-12.48,-12.48,-12.39,-12.61,-12.61,-12.39,-12.70,-12.39,-12.34,-12.61,-12.61,-12.70
-12.61,-12.61,-12.48,-12.56,-12.56,-12.70,-12.70,-12.92,-12.34,-12.34,-12.48,-12.78,-12.61,-12.48,-12.56,-12.48,-12.56,-12.56,-12.20,-12.12,-12.56,-12.48,-12.48,-12.20,-12.26,-12.26,-12.48,-12.34,-12.48,-12.12,-12.34,-12.20,-12.48,-12.26,-12.48,-12.56,-12.48,-12.34,-11.90,-12.48,-12.48,-12.39,-12.34,-12.39,-12.26,-11.98,-12.04,-11.85,-12.56,-12.39,-12.34,-12.39,-11.98,-12.20,-12.26,-12.39,-12.12,-12.20,-12.26,-12.04,-12.20,-12.04,-12.26,-12.39,-12.34,-12.20,-12.26,-12.34,-11.85,-12.26,-11.85,-11.98,-12.34,-12.04,-12.34,-11.98,-12.56,-11.85,-11.98,-12.04,-12.48,-12.04,-12.12,-12.20,-11.85,-12.20,-11.98,-11.98,-12.34,-11.90,-11.90,-12.20,-11.90,-11.68,-12.04,-11.98,-11.98,-12.12,-11.98,-12.04,-11.85,-11.76,-11.98,-11.98,-11.68,-11.76,-11.90,-11.90,-11.98,-11.98,-11.90,-12.26,-11.98,-11.76,-12.04,-11.85,-12.04,-11.55,-11.55,-11.55,-11.98,-11.68,-11.63,-11.68,-11.90,-11.41,-11.76,-11.55,-11.06,-11.06,-11.36,-11.27,-11.19,-11.36,-11.27,-11.19,-11.41,-11.27,-11.19,-11.19,-11.14,-11.36,-11.55,-12.12,-11.19,-11.27,-11.36,-11.49,-11.63,-11.41,-11.27,-11.36,-11.27,-11.19,-10.79,-11.14,-11.14,-11.06,-10.92,-10.65,-10.57,-10.71,-10.38,-10.22,-10.04,-10.04,-10.17,-9.82,-9.48,-10.22,-9.77,-9.96,-10.22,-10.09,-10.44,-10.44,-10.79,-10.84,-10.79,-10.65,-10.92,-10.71,-10.65,-11.00,-10.52,-10.65,-10.84,-10.92,-10.44,-10.65,-10.57,-10.30,-10.09,-10.38,-9.56,-9.61,-9.00,-9.35,-9.56,-9.69,-9.96,-10.30,-10.38,-10.52,-10.44,-10.09,-10.30,-10.09,-10.44,-10.65,-10.52,-10.65,-10.84,-10.57,-10.84,-10.79,-10.71,-10.84,-10.92,-10.84,-10.79,-10.92,-10.71,-10.44,-10.17,-9.56,-9.48,-9.42,-9.08,-9.29,-9.69,-10.09,-10.09,-10.71,-11.36,-11.55,-11.55,-11.49,-10.92,-11.36,-11.27,-11.41,-11.00,-11.41,-11.19,-11.19,-11.19,-11.19,-10.92,-10.92,-11.06,-11.06,-11.27,-11.27,-11.55,-11.49,-11.55,-11.55,-11.41,-11.68,-11.68,-11.68,-11.76,-11.90,-11.55,-11.41,-11.63,-11.49,-11.36,-11.55,-11.41,-11.76,-11.19,-11.49,-11.36,-11.19,-11.27,-10.92,-10.52,-10.52,-11.14,-10.92,-11.06,-10.84,-11.41,-11.68,-11.85,-11.85,-11.85,-11.85,-11.68,-11.85,-12.04,-11.90,-12.04,-11.90,-12.20,-11.90,-11.98,-11.85,-11.98,-11.98,-11.98,-12.26,-11.98,-11.68,-11.98,-11.76,-12.12,-11.90,-11.98,-11.98,-11.90,-11.68,-12.26,-11.98,-12.04,-12.48,-12.26,-12.12,-12.12,-12.12,-12.20,-11.98,-11.98,-12.39,-12.39,-12.20,-12.34,-11.90,-12.56,-12.12,-12.34,-11.85,-12.04,-12.34,-12.56,-12.12,-12.04,-12.04,-12.04,-12.39,-12.39,-12.20,-12.39,-12.12,-12.34,-12.39,-12.12,-12.34,-12.48,-12.39,-12.20,-12.56,-12.04,-12.56,-12.34,-12.39,-12.70,-12.56,-12.20,-12.34,-12.26,-12.39,-12.12,-12.56,-12.61,-12.61,-12.61,-12.34,-12.34,-12.34,-12.61,-12.70,-12.70,-12.48,-12.34,-12.56,-12.48,-12.56,-12.48,-12.48
-13.14,-12.61,-12.48,-12.48,-12.97,-12.61,-12.61,-12.61,-12.26,-12.39,-12.78,-12.56,-12.26,-12.61,-12.48,-12.48,-12.61,-12.83,-12.56,-12.48,-12.48,-12.39,-12.56,-12.48,-12.20,-12.48,-12.48,-12.61,-12.56,-12.34,-12.61,-12.61,-12.34,-12.20,-12.20,-12.48,-12.20,-12.56,-12.48,-12.34,-12.12,-11.98,-12.48,-12.34,-12.48,-12.56,-11.98,-12.12,-12.34,-12.34,-12.04,-12.34,-12.26,-12.34,-11.98,-12.12,-11.98,-12.12,-12.12,-12.20,-12.20,-12.26,-12.20,-12.34,-12.39,-12.26,-12.39,-12.04,-12.39,-12.39,-12.26,-12.34,-12.39,-12.12,-12.12,-12.12,-11.98,-12.12,-12.34,-12.04,-12.04,-11.41,-11.90,-12.12,-11.98,-11.90,-11.98,-11.90,-12.04,-12.12,-12.12,-11.90,-11.63,-11.85,-11.85,-11.90,-12.39,-11.76,-12.20,-11.98,-11.63,-11.85,-11.68,-12.04,-12.04,-12.12,-11.68,-12.04,-11.68,-12.04,-11.90,-11.90,-11.68,-12.26,-11.76,-11.76,-11.90,-11.63,-11.63,-11.98,-11.85,-11.49,-11.98,-11.68,-11.76,-11.55,-11.68,-11.55,-11.76,-11.36,-11.68,-11.36,-11.85,-11.63,-11.49,-11.41,-11.19,-11.27,-11.63,-11.63,-11.36,-11.36,-11.68,-11.06,-11.36,-11.41,-11.41,-11.41,-11.55,-11.27,-11.27,-11.41,-11.27,-11.41,-11.14,-11.27,-11.14,-10.92,-11.14,-10.79,-11.19,-10.57,-10.71,-10.52,-10.17,-10.04,-10.17,-9.77,-10.04,-9.77,-9.21,-9.61,-9.82,-9.69,-10.30,-10.71,-10.65,-10.65,-10.92,-10.65,-10.84,-10.79,-10.79,-11.00,-10.65,-10.65,-10.65,-10.57,-10.44,-10.65,-10.79,-10.30,-10.09,-10.22,-9.61,-9.77,-9.56,-9.29,-9.56,-9.61,-9.77,-10.17,-10.17,-10.22,-10.44,-10.71,-10.71,-10.09,-10.38,-10.57,-10.30,-10.52,-10.65,-10.92,-10.65,-10.84,-10.65,-10.92,-10.92,-10.84,-10.92,-10.92,-10.84,-10.65,-10.17,-9.48,-9.77,-9.29,-9.21,-9.82,-9.96,-10.22,-10.30,-10.92,-11.14,-11.27,-11.27,-11.41,-11.49,-11.49,-11.41,-11.36,-11.19,-11.36,-11.27,-10.84,-10.92,-10.79,-11.14,-11.00,-11.06,-11.27,-11.36,-11.49,-11.49,-11.85,-11.76,-11.55,-11.76,-11.76,-11.76,-11.41,-11.55,-11.68,-11.55,-11.90,-11.49,-11.49,-11.76,-11.55,-11.19,-11.49,-11.41,-11.49,-11.49,-11.76,-11.19,-11.00,-11.19,-11.19,-11.06,-11.27,-11.00,-11.63,-11.68,-11.76,-12.26,-11.85,-12.20,-11.85,-11.90,-11.76,-12.12,-11.85,-11.98,-12.20,-11.85,-11.85,-11.98,-12.04,-11.90,-12.12,-12.48,-11.68,-12.34,-12.20,-12.04,-11.98,-11.85,-11.98,-11.85,-11.90,-11.90,-12.04,-11.90,-11.98,-12.34,-11.85,-11.98,-11.76,-11.98,-11.98,-11.85,-12.56,-12.34,-12.39,-12.34,-11.85,-12.39,-12.48,-12.04,-12.04,-12.39,-12.26,-12.48,-12.34,-11.98,-12.39,-12.04,-12.70,-12.39,-12.12,-12.39,-12.61,-12.12,-12.20,-12.39,-12.48,-12.26,-12.56,-11.98,-12.39,-12.04,-12.70,-12.61,-12.48,-12.34,-12.48,-12.70,-12.20,-12.39,-12.26,-12.20,-12.56,-12.78,-12.26,-12.34,-12.70,-12.20,-12.48,-12.26,-12.70,-12.61,-12.61,-12.78,-12.83,-12.70,-12.34,-12.61,-13.06,-12.78,-12.70
-12.70,-12.56,-12.61,-12.83,-12.70,-12.61,-12.61,-12.78,-12.26,-12.70,-12.56,-12.61,-12.78,-12.61,-12.97,-12.56,-12.78,-12.26,-12.48,-12.78,-12.39,-12.48,-12.20,-12.70,-12.56,-12.48,-12.39,-12.12,-12.12,-12.39,-12.20,-12.39,-12.12,-12.48,-12.20,-12.56,-12.20,-12.26,-11.90,-11.98,-12.20,-11.98,-12.48,-12.12,-11.90,-11.98,-12.48,-12.12,-12.12,-12.12,-11.98,-12.56,-12.39,-12.20,-12.26,-12.34,-11.98,-11.98,-12.48,-12.04,-11.85,-12.34,-12.12,-12.12,-12.39,-12.04,-12.12,-12.20,-12.04,-12.12,-12.04,-12.26,-12.26,-12.12,-12.12,-11.98,-11.98,-12.04,-12.20,-12.04,-12.26,-12.20,-12.20,-11.85,-11.98,-11.90,-12.12,-12.34,-12.04,-12.04,-12.04,-12.04,-11.68,-11.90,-12.12,-11.98,-11.90,-11.85,-12.04,-12.48,-11.49,-11.90,-11.63,-11.90,-11.98,-11.98,-11.85,-11.90,-12.12,-11.90,-11.98,-11.68,-12.20,-11.68,-11.55,-11.63,-12.04,-11.63,-11.68,-11.68,-11.85,-11.68,-11.68,-12.04,-11.76,-11.68,-11.68,-11.55,-11.63,-11.76,-11.36,-11.49,-11.36,-11.19,-11.55,-11.55,-11.41,-11.36,-11.49,-11.27,-11.14,-11.14,-11.27,-11.19,-11.63,-11.36,-11.41,-11.27,-11.68,-11.63,-11.19,-11.19,-11.41,-11.41,-11.19,-11.00,-11.19,-10.71,-10.52,-10.84,-10.71,-10.71,-10.30,-10.30,-10.04,-9.90,-9.77,-9.96,-9.48,-9.00,-8.35,-8.35,-8.21,-9.21,-10.04,-10.38,-10.38,-10.65,-10.79,-11.00,-10.84,-10.92,-10.84,-10.84,-10.71,-10.22,-10.92,-10.79,-10.52,-10.65,-10.30,-10.22,-10.52,-10.17,-9.90,-9.56,-9.56,-9.35,-9.48,-9.82,-9.82,-10.04,-10.22,-10.44,-10.17,-10.22,-10.17,-10.65,-10.57,-10.57,-10.44,-10.71,-10.44,-10.52,-10.57,-10.92,-10.71,-11.00,-11.06,-10.79,-10.84,-10.79,-10.65,-10.09,-9.69,-9.48,-9.35,-9.08,-9.56,-9.82,-9.77,-10.22,-10.65,-11.06,-11.27,-11.36,-11.55,-11.14,-11.06,-11.36,-11.27,-11.41,-11.27,-11.06,-11.19,-11.00,-10.84,-10.92,-10.71,-10.84,-11.49,-11.41,-11.27,-11.49,-11.49,-11.90,-11.41,-11.76,-11.90,-11.85,-11.63,-11.63,-11.68,-11.85,-11.76,-11.41,-11.68,-11.36,-11.41,-11.36,-11.49,-11.49,-11.27,-11.36,-11.41,-11.49,-11.06,-11.36,-11.14,-10.84,-11.14,-11.27,-11.55,-11.68,-11.63,-11.49,-11.85,-11.98,-11.85,-11.85,-11.68,-11.76,-12.12,-12.20,-11.98,-11.27,-11.90,-11.98,-11.98,-11.98,-11.68,-11.98,-11.90,-11.85,-12.20,-12.20,-12.12,-12.04,-11.90,-11.90,-11.90,-11.98,-12.12,-11.98,-11.98,-11.98,-11.98,-11.85,-12.26,-12.26,-12.20,-12.20,-11.98,-12.04,-12.04,-12.39,-12.34,-11.90,-12.34,-12.34,-12.04,-12.20,-12.04,-12.20,-12.39,-12.12,-12.12,-12.70,-12.48,-12.26,-12.34,-12.48,-12.34,-12.48,-12.39,-12.04,-12.20,-12.34,-12.20,-12.04,-12.34,-12.39,-12.26,-12.78,-12.34,-12.70,-12.61,-12.61,-12.70,-12.39,-12.39,-12.48,-12.39,-12.26,-12.56,-12.34,-12.34,-12.56,-12.61,-12.48,-12.61,-12.26,-12.78,-12.26,-12.56,-12.20,-12.78,-12.56,-12.56,-12.56,-12.34,-12.92
-12.56,-12.70,-12.56,-12.56,-12.48,-12.70,-12.56,-12.61,-12.56,-12.97,-12.56,-12.34,-12.56,-12.61,-12.70,-12.61,-12.56,-12.56,-12.48,-12.39,-12.34,-12.56,-12.39,-12.04,-12.20,-12.48,-12.26,-12.78,-12.12,-12.20,-12.34,-12.34,-12.04,-11.98,-11.98,-12.12,-12.20,-12.26,-12.39,-12.26,-12.20,-12.26,-12.12,-12.04,-12.34,-12.39,-12.04,-12.26,-12.04,-12.26,-12.12,-12.04,-11.90,-11.98,-12.34,-12.12,-12.04,-12.04,-12.48,-11.90,-11.98,-12.12,-12.04,-12.04,-12.04,-11.98,-12.26,-12.26,-11.63,-12.12,-12.12,-12.39,-11.98,-12.04,-11.98,-12.39,-12.12,-12.48,-11.98,-11.90,-12.12,-12.26,-12.26,-11.85,-11.98,-11.98,-12.20,-11.90,-12.04,-11.98,-11.98,-11.90,-12.04,-11.90,-12.20,-12.12,-12.12,-11.98,-12.12,-11.68,-12.20,-11.90,-11.98,-12.04,-11.90,-11.90,-11.68,-11.68,-11.76,-12.34,-11.76,-11.98,-11.76,-11.85,-11.76,-11.98,-12.12,-11.85,-11.49,-11.63,-11.68,-11.49,-11.90,-11.76,-11.85,-11.63,-11.63,-11.90,-11.68,-11.68,-11.68,-11.55,-11.76,-11.36,-11.27,-11.49,-11.68,-11.55,-11.68,-11.63,-11.41,-11.27,-11.41,-11.19,-11.41,-11.14,-11.36,-11.36,-11.14,-11.36,-11.36,-11.68,-11.14,-11.68,-11.41,-11.27,-11.36,-11.00,-10.92,-10.71,-10.84,-10.57,-10.38,-10.44,-10.57,-9.90,-9.82,-9.77,-8.87,-7.15,-7.67,-7.02,-7.20,-8.14,-9.42,-10.17,-10.38,-10.65,-10.84,-10.79,-10.92,-10.84,-10.79,-11.00,-10.65,-10.84,-10.44,-10.38,-10.71,-10.44,-10.17,-10.44,-10.22,-9.96,-9.61,-9.56,-9.21,-9.29,-9.69,-9.56,-9.96,-10.30,-9.90,-10.09,-10.38,-10.44,-10.52,-10.30,-10.22,-10.30,-10.44,-10.79,-10.52,-10.65,-10.71,-10.84,-10.92,-10.71,-10.92,-11.00,-10.84,-10.71,-10.52,-9.82,-9.82,-9.48,-9.69,-9.21,-9.82,-9.77,-9.82,-10.44,-10.84,-11.27,-11.27,-11.55,-11.49,-11.36,-11.41,-11.36,-11.00,-11.14,-11.36,-11.27,-11.14,-11.19,-10.79,-10.44,-10.84,-11.00,-11.00,-11.41,-10.84,-11.41,-11.49,-11.36,-11.41,-11.76,-11.63,-11.85,-11.49,-11.49,-11.90,-11.63,-11.68,-11.27,-11.63,-11.27,-11.68,-11.41,-11.41,-11.55,-11.41,-11.27,-11.36,-11.85,-11.55,-11.49,-11.06,-11.41,-11.49,-11.85,-11.63,-11.85,-11.68,-11.41,-11.76,-11.98,-12.12,-12.26,-11.85,-11.76,-11.90,-11.98,-12.12,-11.85,-12.20,-11.98,-12.26,-12.26,-11.68,-11.98,-12.20,-11.98,-11.98,-12.04,-12.04,-12.12,-11.98,-11.98,-12.39,-12.04,-11.90,-11.85,-12.12,-12.34,-11.98,-11.90,-11.98,-12.20,-12.26,-11.98,-12.39,-12.26,-12.04,-12.39,-12.12,-12.39,-12.56,-12.34,-11.90,-12.34,-12.39,-12.04,-12.20,-12.48,-12.39,-12.26,-12.34,-12.12,-12.39,-11.98,-12.20,-12.12,-12.39,-12.12,-12.61,-12.39,-12.26,-12.12,-12.56,-12.56,-12.34,-12.61,-12.48,-12.56,-12.20,-12.48,-12.12,-12.39,-12.48,-12.39,-12.61,-12.48,-12.26,-12.61,-12.34,-12.61,-12.04,-12.61,-12.56,-12.34,-12.12,-12.61,-12.20,-12.61,-12.34,-12.48,-12.78,-12.61,-12.48,-12.34
-12.56,-12.83,-12.48,-13.06,-12.48,-12.70,-12.56,-12.48,-12.61,-12.20,-12.78,-12.20,-12.26,-12.26,-12.48,-12.20,-12.61,-12.48,-12.26,-12.34,-12.78,-12.12,-12.48,-12.56,-12.39,-12.56,-12.34,-12.39,-12.48,-12.61,-12.48,-12.39,-12.39,-12.48,-12.20,-12.34,-12.56,-12.39,-12.04,-12.39,-12.39,-12.39,-12.34,-12.20,-12.12,-12.26,-12.48,-12.34,-12.48,-11.98,-12.20,-12.26,-12.20,-12.12,-12.20,-12.48,-12.34,-12.34,-12.04,-11.98,-12.04,-12.20,-11.98,-12.26,-12.34,-12.12,-12.12,-12.34,-12.12,-12.04,-11.98,-12.04,-11.90,-12.12,-12.39,-11.85,-11.55,-12.20,-11.90,-12.34,-11.68,-11.76,-12.12,-12.12,-12.04,-12.04,-11.76,-12.12,-12.20,-12.12,-12.12,-12.04,-12.04,-12.20,-11.98,-12.26,-12.26,-12.04,-11.85,-11.68,-11.90,-11.98,-11.85,-11.98,-11.98,-11.90,-11.98,-11.90,-12.12,-11.98,-11.76,-11.98,-11.90,-11.85,-11.98,-11.68,-11.68,-11.63,-11.63,-11.63,-11.85,-12.12,-12.04,-12.04,-11.98,-11.85,-12.04,-11.27,-11.68,-11.63,-11.55,-11.49,-11.63,-11.49,-11.49,-11.14,-11.36,-11.36,-11.36,-11.41,-11.19,-11.41,-11.36,-11.36,-11.49,-11.36,-11.19,-11.00,-11.14,-11.41,-11.55,-11.41,-11.06,-11.19,-11.49,-11.19,-11.19,-11.19,-10.92,-11.14,-10.84,-10.22,-10.30,-10.65,-10.38,-10.04,-9.69,-9.69,-8.69,-6.30,-6.82,-5.21,-5.67,-6.69,-9.08,-9.96,-10.22,-10.22,-10.38,-10.71,-10.84,-10.71,-10.92,-10.52,-10.57,-10.79,-10.65,-10.38,-10.44,-10.57,-10.30,-10.09,-10.30,-10.17,-9.61,-9.42,-9.42,-9.21,-9.69,-9.35,-9.77,-10.09,-9.90,-10.04,-10.17,-10.52,-10.30,-10.71,-10.57,-10.65,-10.52,-10.79,-10.44,-10.79,-10.57,-10.79,-10.79,-10.92,-11.19,-10.92,-10.79,-10.65,-10.44,-9.77,-9.77,-9.56,-9.42,-9.48,-9.77,-10.22,-10.09,-10.79,-11.19,-11.19,-11.41,-10.92,-11.36,-11.41,-11.36,-11.27,-11.36,-11.14,-10.79,-11.19,-10.65,-10.84,-11.06,-10.71,-10.79,-10.71,-11.19,-11.36,-11.63,-11.55,-11.49,-11.55,-11.49,-11.68,-11.55,-11.27,-11.98,-11.85,-11.68,-11.76,-11.98,-11.49,-11.41,-11.55,-11.63,-11.63,-11.27,-11.41,-11.68,-11.27,-11.49,-11.63,-11.55,-11.85,-11.85,-11.85,-11.90,-11.85,-11.76,-12.20,-11.85,-11.98,-11.98,-12.20,-12.20,-11.90,-12.20,-11.98,-11.85,-12.04,-11.85,-12.26,-11.85,-12.26,-12.20,-11.98,-12.04,-12.04,-12.34,-12.12,-12.12,-11.90,-11.98,-12.20,-12.12,-12.04,-11.90,-12.26,-11.90,-12.04,-12.26,-11.68,-11.85,-11.85,-12.20,-12.34,-12.34,-12.26,-11.85,-12.20,-12.34,-12.20,-12.20,-12.12,-11.85,-12.12,-12.48,-12.20,-12.39,-12.12,-12.34,-12.48,-12.12,-12.34,-12.34,-12.12,-12.39,-12.48,-12.34,-12.20,-12.70,-12.12,-12.20,-12.12,-12.48,-12.61,-12.20,-12.39,-12.39,-12.39,-12.39,-12.56,-12.26,-12.61,-12.48,-12.12,-12.48,-12.48,-12.56,-12.48,-12.70,-12.39,-12.20,-12.48,-12.56,-12.56,-12.12,-12.61,-12.48,-12.78,-12.61,-12.48,-12.48,-12.61,-12.61,-13.06,-12.83,-12.70
-12.70,-12.56,-12.78,-12.78,-12.61,-12.61,-12.61,-12.48,-12.83,-12.48,-12.12,-12.61,-12.61,-12.56,-12.56,-12.48,-12.61,-12.56,-12.61,-12.70,-12.39,-12.20,-12.56,-12.39,-12.34,-12.12,-12.61,-12.48,-12.39,-12.20,-12.56,-12.48,-12.78,-12.56,-12.20,-11.98,-12.39,-12.26,-12.39,-12.04,-12.20,-11.98,-12.12,-12.48,-12.12,-12.39,-12.12,-12.26,-11.90,-12.20,-11.90,-11.98,-12.39,-12.20,-12.34,-12.39,-11.90,-12.20,-11.63,-12.04,-11.98,-11.85,-11.98,-12.12,-11.90,-11.98,-11.98,-11.90,-11.98,-12.26,-12.12,-12.04,-12.12,-12.12,-11.76,-12.04,-12.26,-11.68,-11.98,-11.98,-12.04,-12.04,-11.76,-11.90,-11.76,-11.90,-11.98,-11.90,-12.26,-11.98,-12.12,-12.20,-12.20,-11.68,-11.76,-11.68,-11.90,-11.98,-11.98,-11.90,-12.20,-11.98,-11.76,-11.90,-11.76,-12.12,-11.90,-11.85,-11.68,-11.98,-11.63,-11.85,-11.63,-11.55,-12.12,-12.34,-12.04,-11.98,-12.12,-11.98,-11.63,-12.04,-11.76,-11.63,-11.68,-11.76,-11.85,-11.63,-11.85,-11.63,-11.90,-11.55,-11.68,-11.76,-11.27,-11.19,-11.55,-11.14,-11.36,-11.63,-11.63,-11.49,-11.36,-11.14,-11.55,-11.27,-11.19,-11.00,-11.14,-11.27,-11.06,-11.19,-11.55,-11.63,-11.00,-11.63,-11.41,-11.14,-11.14,-11.19,-11.14,-11.00,-10.65,-10.57,-10.79,-10.44,-9.48,-9.42,-8.74,-5.47,-4.59,-3.22,-4.71,-6.05,-8.69,-9.69,-10.38,-10.38,-10.52,-10.92,-10.71,-10.57,-10.84,-10.52,-10.71,-10.38,-10.71,-10.52,-10.52,-10.22,-10.52,-10.22,-9.96,-10.22,-9.61,-9.16,-9.08,-9.42,-9.21,-9.48,-9.82,-9.82,-10.22,-10.30,-10.17,-10.22,-10.30,-10.30,-10.22,-10.52,-10.52,-10.71,-10.44,-10.84,-10.92,-10.84,-10.92,-10.79,-10.84,-10.65,-10.84,-10.38,-9.82,-9.69,-9.56,-9.16,-9.35,-9.56,-9.77,-9.82,-10.17,-10.79,-11.00,-11.49,-11.49,-11.41,-11.36,-11.49,-11.49,-10.92,-11.06,-11.27,-10.92,-10.71,-10.71,-10.71,-10.84,-11.00,-11.36,-11.27,-11.19,-11.41,-11.41,-11.49,-11.55,-11.55,-11.68,-11.68,-11.49,-11.41,-11.55,-11.85,-11.55,-11.76,-11.41,-11.27,-11.27,-11.49,-11.68,-11.49,-11.55,-11.63,-11.68,-11.55,-11.19,-11.68,-11.27,-11.85,-11.68,-11.85,-11.76,-11.85,-11.76,-12.20,-11.90,-11.76,-11.85,-11.98,-11.90,-11.76,-11.98,-12.20,-11.68,-12.12,-11.90,-11.76,-12.34,-12.20,-12.12,-11.90,-11.90,-11.76,-12.26,-12.04,-12.20,-11.90,-11.76,-12.26,-11.76,-11.90,-12.12,-12.26,-12.48,-12.04,-12.04,-11.85,-11.85,-12.04,-11.90,-11.76,-12.12,-12.39,-11.90,-12.12,-11.98,-12.12,-12.12,-11.98,-12.20,-12.34,-11.90,-12.04,-12.34,-12.04,-12.34,-12.20,-12.39,-12.34,-12.34,-12.48,-12.12,-12.34,-12.20,-11.85,-12.04,-12.04,-12.39,-11.76,-11.85,-11.98,-12.34,-12.39,-12.48,-12.20,-12.56,-12.34,-12.70,-12.26,-12.48,-12.20,-12.56,-12.20,-12.56,-12.20,-12.70,-12.48,-12.48,-12.56,-12.56,-12.48,-12.34,-12.48,-12.56,-12.56,-12.56,-12.56,-12.56,-12.56,-12.34,-12.48,-12.70,-12.56
-12.56,-12.39,-12.70,-12.39,-12.56,-12.61,-12.70,-12.61,-12.56,-12.56,-12.39,-12.56,-12.48,-12.61,-12.39,-12.83,-12.39,-12.56,-12.70,-12.34,-11.98,-12.92,-12.39,-12.20,-12.04,-12.26,-11.90,-12.12,-12.39,-12.39,-12.26,-12.48,-12.26,-12.56,-12.39,-12.26,-11.98,-12.34,-11.63,-11.98,-12.04,-12.39,-12.39,-12.39,-12.61,-12.26,-12.34,-11.98,-12.20,-12.34,-12.26,-11.90,-12.20,-12.12,-12.04,-12.34,-12.12,-12.39,-12.61,-12.26,-12.04,-12.12,-12.48,-12.39,-12.20,-12.04,-12.26,-11.85,-12.12,-12.20,-12.26,-12.04,-12.04,-12.12,-12.48,-12.04,-12.04,-12.04,-11.90,-11.49,-12.12,-12.04,-11.90,-11.98,-12.12,-11.76,-11.85,-11.98,-12.04,-11.98,-12.12,-11.90,-11.98,-12.04,-11.76,-12.20,-12.04,-12.04,-11.49,-12.04,-12.12,-12.04,-11.68,-12.04,-12.20,-12.04,-11.90,-11.90,-11.76,-11.85,-11.90,-11.76,-11.90,-11.90,-11.90,-11.63,-12.20,-12.12,-11.55,-11.76,-11.90,-11.76,-11.85,-11.63,-11.55,-11.76,-12.04,-11.68,-11.68,-11.68,-11.55,-11.36,-11.55,-11.55,-11.76,-11.49,-11.00,-11.49,-11.55,-11.41,-11.27,-11.27,-11.63,-11.41,-11.63,-11.27,-11.41,-11.27,-11.41,-11.36,-11.27,-11.36,-11.36,-11.36,-11.27,-11.41,-11.27,-11.19,-11.41,-11.14,-11.19,-11.06,-10.65,-10.44,-10.44,-10.57,-10.22,-9.42,-9.42,-6.69,-3.52,-2.68,-4.34,-5.67,-7.75,-9.08,-10.09,-10.38,-10.30,-10.79,-10.65,-10.84,-10.65,-10.65,-10.38,-10.38,-10.65,-10.57,-10.71,-10.84,-10.38,-10.22,-10.09,-9.96,-9.21,-8.61,-9.08,-8.87,-9.48,-9.21,-9.56,-9.96,-9.77,-10.09,-10.04,-9.96,-10.30,-10.22,-10.38,-10.17,-10.38,-10.38,-10.65,-10.57,-10.84,-11.14,-10.65,-10.79,-11.19,-10.79,-10.44,-10.22,-9.82,-9.77,-9.35,-9.42,-9.56,-9.77,-10.17,-10.17,-10.84,-10.79,-11.19,-11.49,-11.27,-11.36,-11.27,-11.41,-11.27,-11.27,-11.27,-11.27,-11.19,-11.36,-10.92,-10.84,-10.84,-11.49,-11.49,-11.14,-11.19,-11.27,-11.55,-11.27,-11.76,-11.76,-11.76,-11.55,-11.63,-11.76,-11.41,-11.55,-11.76,-11.27,-11.27,-11.27,-11.27,-11.36,-11.41,-11.41,-11.27,-11.76,-11.49,-11.36,-11.68,-11.98,-11.63,-11.63,-11.41,-11.68,-11.55,-11.90,-11.90,-11.63,-11.98,-11.98,-12.20,-11.90,-11.68,-11.85,-12.20,-11.76,-11.90,-12.12,-11.76,-12.26,-12.20,-11.85,-11.68,-11.90,-12.12,-12.26,-11.98,-12.20,-12.04,-12.04,-12.04,-11.85,-11.85,-11.85,-12.12,-12.04,-12.20,-12.12,-12.04,-12.04,-11.85,-11.85,-12.12,-12.04,-12.04,-11.85,-12.20,-12.34,-12.26,-12.12,-11.98,-12.20,-11.90,-11.98,-12.34,-11.90,-12.48,-11.90,-12.26,-12.20,-12.34,-12.04,-12.39,-12.26,-12.34,-12.12,-12.26,-12.39,-12.34,-12.39,-12.48,-11.90,-12.39,-12.39,-12.39,-12.48,-12.12,-12.26,-12.48,-12.34,-12.12,-12.20,-12.39,-12.12,-12.39,-12.48,-12.56,-12.39,-12.61,-12.20,-12.34,-12.34,-12.39,-12.56,-12.83,-12.48,-12.61,-12.26,-12.70,-12.78,-12.61,-12.48,-12.56,-13.06,-12.56,-12.70
-12.34,-12.56,-12.61,-12.48,-12.83,-12.70,-12.56,-12.34,-12.61,-12.48,-12.70,-12.78,-12.56,-12.61,-12.20,-12.48,-12.20,-12.56,-12.04,-12.78,-12.39,-12.56,-12.48,-12.26,-12.48,-12.34,-12.56,-12.20,-12.20,-12.26,-12.39,-12.20,-12.48,-12.61,-12.70,-12.12,-12.48,-12.39,-12.20,-12.26,-12.34,-12.39,-12.39,-12.12,-12.12,-12.12,-12.26,-12.34,-12.04,-12.48,-12.39,-12.20,-12.39,-11.98,-12.48,-12.20,-12.20,-12.04,-12.39,-12.04,-11.90,-11.98,-11.90,-11.85,-11.98,-11.98,-11.90,-12.26,-12.12,-12.12,-11.98,-12.04,-12.34,-11.90,-11.85,-12.12,-11.85,-11.98,-11.85,-11.98,-11.90,-12.20,-11.90,-11.76,-11.98,-11.90,-12.34,-12.12,-12.04,-12.12,-12.20,-12.12,-12.12,-12.20,-12.26,-11.90,-12.39,-11.68,-11.90,-12.12,-11.68,-11.98,-11.98,-11.90,-11.90,-11.98,-11.63,-11.90,-12.04,-11.90,-12.39,-11.98,-12.04,-11.85,-11.68,-11.55,-12.04,-11.68,-11.68,-11.85,-11.49,-11.98,-11.36,-11.55,-11.85,-11.49,-12.04,-12.04,-11.90,-11.98,-11.85,-11.98,-11.55,-11.63,-11.63,-11.36,-11.68,-11.49,-11.36,-11.36,-11.27,-11.36,-11.41,-11.68,-11.55,-11.55,-11.55,-11.41,-11.27,-11.19,-11.19,-11.06,-11.14,-11.06,-11.36,-11.06,-11.55,-11.27,-11.27,-11.36,-11.27,-11.19,-11.06,-10.65,-10.57,-10.44,-10.17,-9.77,-9.35,-8.27,-5.16,-4.34,-3.84,-6.25,-7.07,-9.08,-9.69,-10.17,-10.65,-10.38,-10.84,-10.52,-10.52,-10.38,-10.44,-10.38,-10.52,-10.57,-10.30,-10.38,-10.17,-10.30,-9.90,-9.61,-8.82,-8.74,-8.53,-8.40,-9.08,-9.35,-9.29,-10.17,-9.82,-10.04,-10.09,-9.90,-10.17,-10.04,-10.30,-10.17,-10.44,-10.79,-10.52,-10.52,-10.44,-10.52,-10.92,-10.84,-11.06,-10.65,-10.44,-10.04,-9.42,-9.42,-9.35,-9.21,-9.56,-10.04,-10.09,-10.38,-10.92,-11.19,-11.00,-11.36,-11.55,-11.00,-10.84,-11.19,-11.19,-10.92,-11.06,-11.19,-11.27,-10.92,-11.27,-11.19,-11.14,-11.55,-11.27,-11.49,-11.14,-11.41,-11.41,-11.76,-11.49,-11.63,-11.63,-11.55,-11.49,-11.41,-11.41,-11.63,-11.55,-11.90,-11.68,-11.49,-11.49,-11.49,-11.63,-11.68,-11.63,-11.63,-11.63,-11.76,-11.68,-11.63,-11.63,-11.85,-12.20,-11.68,-11.68,-11.98,-11.85,-11.68,-12.20,-11.85,-11.68,-11.76,-11.63,-11.85,-11.90,-11.68,-12.20,-12.04,-12.12,-11.90,-11.98,-11.85,-12.04,-11.63,-12.34,-12.34,-12.20,-12.04,-12.26,-11.85,-12.20,-12.26,-11.90,-12.12,-11.76,-11.85,-11.63,-11.90,-12.48,-12.26,-12.20,-11.98,-11.90,-11.98,-12.04,-11.98,-12.12,-12.20,-11.90,-12.26,-12.04,-12.04,-11.98,-12.26,-12.34,-12.26,-12.20,-11.90,-12.12,-12.34,-12.34,-12.12,-12.39,-12.26,-11.98,-11.98,-12.26,-12.48,-12.39,-12.20,-12.48,-12.39,-12.39,-12.34,-12.12,-12.12,-12.20,-12.56,-12.04,-12.48,-12.34,-12.20,-12.39,-12.12,-12.61,-12.61,-12.56,-12.56,-12.56,-12.48,-12.56,-12.56,-12.56,-12.56,-12.34,-12.61,-12.97,-12.26,-12.20,-12.56,-12.56,-12.39,-12.04,-12.61,-12.56,-12.48
-12.97,-12.70,-12.61,-12.56,-12.78,-12.70,-12.61,-12.56,-12.34,-12.61,-12.48,-12.48,-12.56,-12.56,-12.48,-12.83,-12.48,-12.39,-12.34,-12.34,-12.26,-12.56,-12.39,-12.56,-12.39,-12.48,-12.04,-12.12,-11.90,-12.20,-12.48,-12.26,-12.48,-12.48,-12.26,-12.39,-12.48,-12.48,-12.20,-12.34,-12.12,-12.48,-12.04,-12.34,-12.34,-12.04,-12.34,-12.20,-12.39,-12.20,-12.39,-12.04,-12.26,-12.26,-11.85,-12.39,-12.12,-12.34,-12.12,-11.90,-12.39,-12.04,-12.20,-12.04,-12.04,-12.39,-11.85,-12.12,-12.39,-12.20,-11.63,-11.76,-12.26,-11.98,-11.90,-12.04,-11.90,-12.04,-12.04,-11.85,-12.04,-11.85,-12.04,-12.12,-11.85,-11.55,-11.98,-11.55,-11.98,-11.68,-12.34,-11.98,-12.12,-12.04,-11.90,-11.98,-11.76,-11.85,-11.98,-11.90,-11.68,-11.85,-11.63,-11.90,-11.98,-11.63,-11.68,-11.85,-11.90,-11.76,-12.12,-11.98,-12.12,-11.90,-12.04,-11.68,-11.98,-11.76,-12.20,-11.76,-11.68,-11.68,-11.41,-11.63,-11.27,-11.19,-11.41,-11.41,-11.63,-11.68,-11.49,-11.55,-11.85,-11.55,-11.41,-11.63,-11.63,-11.49,-11.55,-11.36,-11.19,-11.63,-11.41,-11.41,-11.14,-11.90,-11.55,-11.27,-11.36,-11.06,-11.41,-11.19,-11.14,-11.06,-11.85,-11.36,-11.06,-10.92,-11.06,-11.00,-11.36,-11.06,-11.14,-11.06,-10.65,-10.57,-10.71,-10.09,-9.90,-9.96,-7.54,-4.96,-4.66,-6.00,-6.77,-8.40,-9.56,-10.04,-10.30,-10.22,-10.30,-10.71,-10.71,-10.52,-10.65,-10.71,-10.38,-10.44,-10.17,-10.30,-10.09,-10.22,-10.30,-9.69,-8.53,-8.27,-8.06,-8.40,-9.00,-9.00,-9.42,-9.96,-9.77,-10.09,-10.22,-9.77,-10.22,-10.30,-9.96,-10.57,-10.52,-10.17,-10.52,-10.84,-10.71,-11.06,-10.92,-10.84,-10.65,-10.71,-10.52,-9.96,-9.61,-9.48,-9.00,-9.21,-9.48,-10.09,-9.82,-10.71,-11.00,-11.49,-11.36,-11.19,-10.71,-11.00,-10.79,-11.00,-10.92,-10.71,-10.84,-11.14,-10.79,-11.27,-11.19,-11.19,-11.14,-11.27,-11.36,-11.36,-11.63,-11.98,-11.41,-11.49,-11.98,-11.68,-11.63,-11.76,-11.41,-11.68,-11.49,-11.76,-11.63,-11.49,-11.63,-11.49,-11.55,-11.27,-11.41,-11.76,-11.63,-12.04,-11.76,-11.49,-11.55,-11.68,-11.98,-11.98,-11.85,-12.12,-11.90,-11.85,-12.26,-11.68,-11.85,-11.76,-11.85,-11.85,-11.90,-12.20,-11.63,-11.90,-12.26,-11.76,-11.90,-11.76,-12.04,-11.85,-12.34,-11.85,-11.98,-12.04,-11.68,-11.98,-11.98,-11.76,-12.04,-12.34,-12.04,-12.20,-12.20,-12.26,-11.68,-12.26,-11.63,-12.34,-11.98,-12.04,-12.12,-12.34,-12.20,-12.12,-11.76,-12.12,-12.39,-11.85,-12.48,-11.98,-12.20,-12.20,-12.26,-12.48,-12.39,-12.20,-12.26,-12.34,-12.34,-11.85,-12.12,-12.04,-12.04,-12.12,-12.20,-12.26,-12.12,-12.56,-12.26,-12.20,-12.26,-12.20,-12.34,-12.61,-12.48,-12.39,-12.26,-12.26,-12.48,-12.48,-12.26,-12.39,-12.61,-12.70,-12.56,-12.34,-12.56,-12.70,-12.61,-12.48,-12.70,-12.48,-11.98,-12.34,-12.61,-12.78,-12.48,-12.04,-12.39,-12.48,-12.70,-12.70,-12.78,-12.70
-12.39,-12.78,-12.26,-12.70,-12.34,-12.61,-12.48,-12.48,-12.56,-12.61,-12.56,-12.70,-12.78,-12.26,-12.39,-12.26,-12.56,-12.39,-12.48,-12.56,-12.26,-12.39,-12.34,-12.12,-12.56,-12.34,-12.34,-12.39,-12.61,-12.34,-12.56,-12.20,-12.48,-12.39,-12.12,-12.48,-12.78,-12.26,-12.34,-12.34,-12.04,-11.98,-12.26,-12.12,-12.39,-12.12,-12.26,-12.34,-12.12,-12.26,-12.39,-12.12,-12.34,-12.34,-12.34,-12.20,-12.12,-12.12,-12.26,-12.34,-12.20,-12.04,-11.90,-12.04,-12.04,-11.98,-12.20,-12.12,-11.98,-12.04,-12.04,-12.26,-12.04,-11.90,-11.90,-12.12,-11.76,-11.49,-11.55,-11.76,-11.85,-11.63,-11.90,-11.68,-11.98,-11.98,-11.85,-11.98,-11.90,-11.68,-11.90,-11.98,-11.98,-11.55,-11.90,-11.68,-11.68,-11.68,-11.90,-11.68,-11.63,-11.76,-11.98,-11.90,-11.90,-11.90,-11.55,-11.76,-11.98,-11.55,-11.98,-11.90,-11.68,-11.90,-11.98,-11.55,-11.55,-11.55,-11.76,-11.68,-11.68,-11.49,-11.63,-11.06,-11.14,-11.00,-11.06,-11.06,-11.27,-11.49,-11.55,-11.49,-11.85,-11.63,-11.85,-11.68,-11.36,-11.36,-11.63,-11.27,-11.41,-11.27,-11.36,-11.19,-11.55,-11.19,-11.55,-11.36,-11.76,-11.27,-11.06,-11.19,-11.19,-11.27,-11.19,-10.92,-11.27,-11.41,-11.41,-11.19,-11.00,-10.79,-11.36,-11.19,-11.06,-10.22,-10.84,-10.44,-10.04,-9.42,-8.82,-6.38,-5.54,-5.62,-7.07,-7.80,-9.48,-9.69,-10.17,-10.52,-10.52,-10.17,-10.52,-10.30,-10.71,-10.30,-10.65,-10.52,-10.22,-10.22,-10.57,-10.17,-9.61,-9.61,-8.95,-7.67,-7.88,-7.75,-8.27,-8.74,-9.16,-9.69,-9.61,-9.82,-10.09,-9.90,-10.30,-10.30,-10.09,-10.22,-10.22,-10.52,-10.52,-10.71,-10.65,-10.71,-10.71,-10.38,-10.57,-10.30,-10.09,-9.48,-9.82,-9.77,-9.16,-9.42,-9.90,-10.04,-10.17,-10.65,-10.71,-11.14,-11.36,-11.36,-11.06,-10.84,-10.84,-10.84,-10.79,-11.14,-11.14,-11.14,-10.92,-11.27,-11.14,-11.41,-11.36,-11.41,-11.36,-11.49,-11.19,-11.76,-11.49,-11.63,-11.49,-11.41,-11.36,-11.41,-11.41,-11.41,-11.49,-11.85,-11.55,-11.76,-11.55,-11.85,-11.55,-11.36,-11.41,-11.41,-11.55,-11.49,-11.55,-11.76,-11.98,-11.85,-12.20,-11.76,-11.98,-11.85,-11.85,-11.76,-11.49,-12.04,-11.98,-11.90,-11.85,-12.04,-11.98,-11.76,-11.85,-12.04,-11.85,-11.85,-12.20,-12.04,-11.76,-11.90,-12.12,-12.12,-11.63,-12.34,-12.12,-11.90,-11.85,-11.68,-12.34,-11.90,-11.68,-11.76,-11.90,-11.98,-12.26,-12.26,-11.85,-11.85,-12.20,-12.26,-12.20,-12.04,-12.04,-12.39,-11.90,-12.12,-11.90,-12.20,-12.34,-12.34,-12.04,-12.20,-12.04,-12.12,-11.76,-12.39,-12.26,-11.76,-12.20,-12.26,-12.04,-11.98,-12.20,-12.12,-11.76,-11.98,-12.12,-12.48,-12.26,-12.26,-12.12,-12.48,-12.39,-12.20,-12.04,-12.56,-12.26,-12.04,-11.98,-12.48,-12.48,-12.39,-12.70,-12.39,-12.56,-12.56,-12.83,-13.06,-12.56,-12.26,-12.56,-12.48,-12.61,-12.39,-12.48,-12.26,-12.48,-12.56,-12.56,-12.78,-12.78,-12.39,-12.78,-12.39
-12.48,-12.78,-12.56,-12.70,-12.48,-12.26,-12.61,-12.70,-12.61,-12.56,-12.39,-12.61,-12.39,-12.61,-12.61,-12.26,-12.48,-12.34,-12.26,-12.34,-12.39,-12.34,-12.48,-12.34,-12.61,-12.12,-12.39,-12.20,-12.39,-12.20,-12.20,-12.26,-12.20,-12.12,-12.20,-12.39,-12.26,-11.98,-12.34,-12.04,-12.39,-11.90,-12.04,-11.90,-12.48,-12.04,-12.20,-12.20,-12.12,-12.39,-12.34,-12.12,-12.20,-12.34,-12.04,-12.34,-12.12,-12.34,-12.26,-12.12,-12.34,-12.04,-12.26,-12.20,-12.34,-11.98,-12.12,-12.26,-12.34,-11.98,-12.12,-11.76,-12.12,-11.76,-11.68,-12.34,-11.68,-11.98,-12.26,-12.12,-11.98,-11.55,-11.76,-11.85,-11.98,-11.68,-11.85,-11.68,-11.68,-12.04,-11.90,-11.85,-11.76,-11.90,-11.90,-11.90,-12.12,-11.76,-11.90,-12.04,-12.04,-11.68,-12.04,-11.90,-11.76,-11.55,-11.98,-11.98,-11.85,-11.63,-11.68,-11.76,-11.98,-11.63,-11.90,-11.76,-11.85,-11.49,-11.68,-11.63,-11.49,-11.41,-11.36,-11.14,-11.27,-10.71,-10.44,-10.52,-11.14,-11.14,-11.63,-11.63,-11.63,-11.63,-11.76,-11.68,-11.85,-11.63,-11.68,-11.85,-11.49,-11.68,-11.55,-11.49,-11.49,-11.49,-11.41,-11.55,-11.41,-11.76,-11.63,-11.49,-11.63,-11.06,-10.79,-11.06,-11.27,-11.19,-11.27,-10.92,-11.19,-11.06,-11.14,-11.19,-11.06,-10.71,-10.92,-10.17,-10.22,-9.69,-9.42,-8.01,-6.18,-5.92,-6.69,-7.62,-8.82,-9.29,-10.09,-10.09,-10.57,-10.52,-10.52,-10.22,-10.38,-10.44,-10.65,-10.52,-10.22,-10.52,-10.04,-10.04,-9.56,-9.42,-8.87,-7.62,-7.41,-7.54,-7.80,-8.35,-9.00,-9.56,-9.61,-10.04,-9.90,-9.69,-10.09,-10.22,-10.22,-10.09,-10.22,-10.17,-10.65,-10.65,-10.71,-10.92,-10.57,-10.71,-10.38,-10.17,-9.48,-9.96,-9.61,-9.48,-9.42,-10.22,-10.04,-10.09,-10.30,-11.06,-11.36,-10.84,-11.19,-10.92,-11.06,-10.92,-10.57,-11.19,-10.79,-10.65,-11.14,-11.14,-10.92,-11.49,-11.19,-11.27,-11.06,-11.49,-11.36,-11.55,-11.68,-11.41,-11.19,-11.41,-11.55,-11.55,-11.36,-11.68,-11.55,-11.36,-11.41,-11.41,-11.63,-11.55,-11.63,-11.49,-11.68,-11.41,-11.49,-11.63,-11.68,-11.85,-11.41,-11.36,-11.68,-11.90,-11.85,-11.76,-11.76,-12.04,-11.76,-11.98,-12.04,-12.04,-12.04,-11.85,-12.12,-12.04,-11.85,-11.98,-11.90,-12.20,-11.85,-11.90,-11.98,-11.85,-12.12,-12.20,-11.85,-11.68,-11.85,-11.85,-12.04,-11.85,-11.76,-11.76,-11.90,-12.04,-12.12,-11.85,-11.76,-11.90,-12.12,-11.68,-12.12,-12.04,-11.85,-12.20,-12.34,-12.26,-12.04,-12.26,-12.39,-12.20,-11.90,-11.85,-12.12,-11.76,-11.98,-12.12,-12.12,-12.20,-12.34,-12.56,-12.34,-11.90,-12.26,-12.20,-12.20,-12.39,-12.26,-12.34,-12.12,-12.39,-12.34,-12.39,-12.04,-12.12,-12.12,-12.26,-12.48,-12.12,-12.34,-12.20,-12.56,-12.48,-12.12,-12.61,-12.34,-12.56,-12.70,-12.34,-12.12,-12.56,-12.39,-12.61,-12.48,-12.12,-12.39,-12.48,-12.34,-12.39,-12.39,-12.56,-12.39,-12.39,-12.26,-12.61,-12.61,-12.56,-12.70,-12.56
-12.78,-12.78,-12.34,-12.48,-12.56,-12.61,-12.48,-12.48,-12.61,-12.61,-12.48,-12.70,-12.48,-12.70,-12.70,-12.83,-12.20,-12.20,-12.48,-12.56,-12.56,-12.61,-12.83,-12.48,-12.56,-12.20,-12.39,-12.39,-12.34,-12.61,-12.34,-12.12,-12.39,-11.98,-12.48,-12.39,-12.34,-12.48,-12.04,-12.39,-12.12,-12.48,-12.20,-12.39,-12.04,-12.12,-12.04,-11.98,-11.90,-12.20,-11.98,-12.39,-12.04,-12.34,-12.20,-12.12,-12.26,-12.04,-11.90,-12.78,-12.12,-12.12,-12.39,-12.39,-12.04,-11.90,-12.04,-11.90,-11.98,-11.98,-12.04,-12.20,-12.12,-11.90,-11.90,-11.85,-11.85,-11.41,-11.98,-11.85,-11.76,-11.85,-11.76,-11.98,-11.90,-11.85,-11.68,-11.63,-11.55,-11.90,-11.90,-11.76,-11.68,-11.41,-11.85,-11.98,-11.90,-11.98,-12.04,-12.12,-11.90,-12.12,-11.98,-12.04,-11.68,-11.68,-11.90,-11.63,-11.76,-11.85,-11.90,-11.76,-11.90,-12.20,-11.68,-11.55,-11.76,-11.85,-11.98,-11.63,-11.76,-11.36,-11.27,-10.92,-11.14,-11.14,-10.44,-10.65,-10.65,-11.14,-11.49,-11.55,-11.63,-11.68,-11.68,-11.55,-11.63,-11.27,-11.49,-11.49,-11.19,-11.19,-11.27,-11.06,-11.63,-11.41,-11.63,-11.41,-11.63,-11.36,-11.19,-11.19,-10.84,-11.14,-11.27,-11.19,-11.27,-11.36,-11.19,-11.41,-11.19,-11.19,-11.19,-11.06,-11.06,-10.65,-10.65,-10.52,-10.17,-10.09,-9.61,-9.29,-7.20,-6.64,-6.51,-7.62,-8.35,-9.16,-9.82,-10.17,-10.52,-10.71,-10.57,-10.65,-10.52,-10.17,-10.79,-10.44,-10.38,-10.17,-10.09,-10.22,-9.82,-9.21,-8.01,-7.15,-6.56,-6.64,-7.62,-8.14,-8.82,-9.16,-9.69,-9.77,-9.69,-10.17,-10.22,-10.30,-10.30,-10.38,-10.38,-10.22,-10.57,-10.65,-10.57,-10.71,-10.65,-10.38,-10.52,-10.09,-9.48,-9.42,-9.42,-9.61,-9.48,-9.82,-10.22,-10.22,-10.79,-11.00,-10.84,-11.14,-11.19,-11.19,-10.71,-10.65,-10.44,-11.06,-10.57,-10.92,-11.14,-11.27,-11.36,-11.36,-11.14,-11.14,-11.36,-11.36,-11.85,-11.36,-11.36,-11.36,-11.27,-11.14,-11.76,-11.55,-11.41,-11.41,-11.85,-11.49,-11.19,-11.27,-11.55,-11.36,-11.55,-12.12,-11.63,-11.68,-11.27,-11.90,-11.63,-11.68,-11.76,-11.85,-11.63,-11.85,-11.76,-11.63,-11.76,-11.85,-11.76,-11.68,-11.85,-12.04,-11.76,-12.12,-12.04,-12.12,-11.76,-12.04,-11.76,-11.85,-11.76,-11.90,-12.04,-11.85,-12.04,-12.20,-11.55,-11.90,-11.90,-11.90,-11.68,-11.85,-11.85,-11.76,-11.90,-11.85,-11.76,-11.41,-12.12,-11.76,-12.12,-11.76,-11.85,-12.12,-12.12,-12.12,-11.90,-11.98,-12.26,-11.90,-12.26,-11.85,-11.98,-11.90,-11.76,-12.20,-11.85,-11.90,-11.85,-12.20,-11.98,-11.98,-12.39,-12.26,-12.26,-12.39,-12.26,-11.98,-12.26,-12.48,-12.34,-12.34,-12.34,-11.90,-12.26,-12.34,-12.34,-12.26,-12.39,-12.34,-12.39,-12.70,-12.20,-12.78,-12.48,-12.48,-12.39,-12.56,-12.39,-12.39,-12.56,-12.20,-12.48,-12.20,-12.20,-12.61,-12.20,-12.61,-12.34,-12.56,-12.48,-12.39,-12.48,-12.92,-12.61,-12.48,-12.83,-12.70,-12.56,-12.83
-12.78,-12.92,-12.56,-12.70,-12.61,-12.70,-12.78,-12.20,-12.70,-12.70,-12.26,-12.70,-12.39,-12.56,-12.61,-12.34,-12.61,-12.34,-12.56,-12.34,-12.48,-12.34,-12.48,-12.20,-12.39,-12.26,-12.48,-12.70,-12.39,-12.39,-12.04,-12.26,-12.12,-12.48,-11.98,-12.12,-12.12,-12.48,-12.39,-12.04,-12.04,-12.04,-12.39,-12.39,-12.20,-12.26,-12.04,-12.34,-12.26,-12.26,-11.68,-12.48,-12.48,-12.34,-12.20,-11.98,-12.04,-11.90,-11.98,-12.12,-11.98,-11.98,-11.68,-12.34,-11.98,-12.20,-11.98,-12.04,-12.34,-12.26,-11.68,-11.98,-11.98,-12.12,-11.90,-12.04,-11.90,-11.90,-11.76,-11.76,-11.63,-12.12,-11.85,-12.12,-11.49,-11.49,-11.55,-11.90,-11.76,-11.55,-11.63,-11.76,-11.85,-11.63,-11.63,-11.63,-11.49,-11.90,-11.85,-11.85,-11.98,-11.63,-11.68,-11.85,-11.63,-11.68,-11.63,-11.90,-11.63,-11.76,-11.98,-12.12,-11.85,-12.04,-11.68,-11.68,-11.85,-11.63,-11.68,-11.63,-11.06,-11.41,-11.00,-10.52,-10.30,-10.38,-10.38,-10.44,-10.44,-10.71,-10.65,-11.19,-11.36,-11.76,-11.55,-11.41,-11.63,-11.63,-11.90,-11.76,-11.41,-11.49,-11.36,-11.49,-11.27,-11.36,-11.19,-11.63,-11.27,-11.41,-11.27,-11.36,-11.55,-11.27,-11.19,-11.06,-11.14,-10.79,-10.92,-11.36,-11.41,-10.92,-10.65,-10.92,-11.14,-10.65,-10.52,-10.44,-10.44,-10.22,-10.04,-9.48,-8.40,-7.20,-7.07,-7.20,-8.27,-8.74,-9.35,-9.82,-9.77,-10.22,-10.52,-10.38,-10.79,-10.52,-10.30,-10.22,-10.38,-10.04,-10.17,-10.30,-10.09,-9.29,-7.93,-6.25,-6.00,-6.05,-7.33,-8.35,-8.53,-9.29,-9.35,-9.61,-9.77,-9.77,-10.22,-10.09,-9.77,-10.17,-10.09,-10.44,-10.84,-10.92,-10.52,-11.00,-10.57,-10.57,-10.44,-10.17,-9.48,-9.42,-9.48,-9.56,-9.82,-9.77,-10.09,-10.65,-11.14,-11.00,-10.84,-10.92,-10.92,-11.06,-11.06,-10.57,-10.71,-10.79,-10.92,-11.00,-10.57,-11.27,-11.19,-11.36,-11.27,-11.27,-11.41,-11.27,-11.55,-11.14,-11.41,-11.36,-11.36,-11.41,-11.19,-11.41,-11.27,-11.68,-11.49,-11.63,-11.63,-11.41,-11.49,-11.55,-11.27,-11.85,-11.68,-11.55,-11.55,-11.36,-11.55,-11.76,-11.76,-11.49,-11.27,-11.85,-11.63,-11.63,-11.76,-11.55,-11.76,-11.85,-11.49,-11.63,-11.85,-11.63,-11.76,-12.20,-12.04,-11.85,-11.90,-12.04,-12.12,-11.68,-11.85,-11.90,-11.85,-11.76,-11.63,-11.85,-12.12,-11.63,-12.20,-11.68,-11.90,-11.63,-11.98,-12.12,-11.98,-11.98,-12.12,-12.04,-11.90,-11.90,-12.26,-12.04,-11.90,-11.85,-11.85,-12.04,-11.76,-12.26,-12.34,-12.04,-11.85,-12.34,-12.12,-11.85,-11.76,-12.20,-12.34,-12.20,-12.20,-12.20,-12.12,-12.20,-12.26,-12.39,-12.20,-12.34,-12.34,-12.12,-12.20,-12.39,-11.98,-11.90,-12.34,-12.34,-12.48,-12.26,-11.98,-12.26,-11.98,-12.04,-12.39,-12.39,-12.39,-12.20,-12.12,-12.56,-12.04,-12.26,-12.12,-12.78,-12.61,-12.56,-12.34,-12.48,-12.20,-12.56,-12.34,-12.48,-12.78,-12.56,-12.61,-12.34,-12.48,-12.26,-12.48,-12.56,-12.70,-12.20
-12.34,-12.70,-12.61,-12.61,-12.92,-12.39,-12.70,-12.34,-12.92,-12.48,-12.61,-12.56,-12.56,-12.48,-12.48,-12.26,-12.12,-12.34,-12.26,-12.34,-12.34,-12.56,-12.12,-11.98,-12.39,-12.48,-12.39,-12.34,-12.39,-12.20,-12.83,-12.56,-12.26,-12.34,-12.20,-12.48,-12.12,-12.20,-12.48,-12.20,-12.48,-12.04,-12.20,-12.34,-12.26,-12.20,-12.04,-12.12,-12.12,-12.04,-11.98,-11.98,-12.39,-12.12,-11.76,-11.98,-12.04,-12.20,-12.48,-11.90,-12.26,-12.39,-11.98,-11.98,-11.98,-11.98,-12.20,-11.98,-12.12,-11.85,-11.76,-11.85,-11.90,-11.90,-12.12,-12.26,-11.90,-11.90,-11.49,-11.90,-11.90,-11.41,-11.63,-11.41,-11.85,-11.41,-11.55,-11.41,-11.49,-11.55,-11.90,-11.55,-11.55,-11.68,-11.55,-11.55,-11.55,-11.55,-11.85,-11.63,-12.12,-12.26,-11.49,-11.90,-11.68,-11.63,-12.04,-11.98,-11.63,-11.76,-11.63,-11.63,-12.12,-11.55,-11.85,-11.98,-11.85,-11.49,-11.68,-11.49,-11.14,-11.19,-10.92,-11.06,-10.09,-9.82,-10.22,-10.22,-10.44,-10.71,-10.57,-11.14,-11.19,-11.27,-11.36,-11.63,-11.36,-11.36,-11.19,-11.76,-11.55,-11.27,-11.68,-11.41,-11.55,-11.27,-11.36,-11.36,-11.36,-11.19,-11.55,-11.27,-11.14,-11.36,-11.14,-11.19,-11.19,-11.19,-11.36,-11.27,-11.19,-11.55,-11.19,-11.19,-11.14,-11.00,-10.84,-10.57,-10.52,-10.44,-10.22,-9.82,-9.35,-7.93,-7.62,-7.33,-8.21,-8.53,-9.16,-9.56,-9.96,-10.22,-10.52,-10.52,-10.17,-10.04,-10.22,-10.09,-10.04,-10.30,-9.61,-9.56,-9.61,-9.16,-8.48,-6.51,-6.30,-6.25,-7.07,-7.80,-8.27,-9.00,-8.95,-9.48,-9.56,-9.77,-9.82,-9.96,-9.96,-10.17,-10.22,-10.65,-10.71,-10.84,-10.52,-10.57,-10.65,-10.09,-10.04,-9.48,-9.42,-9.35,-8.95,-9.48,-9.69,-9.96,-9.96,-10.57,-10.84,-10.92,-11.19,-10.92,-10.71,-10.92,-10.79,-10.84,-10.84,-10.84,-11.00,-10.84,-11.14,-11.19,-11.19,-11.14,-11.19,-11.14,-11.36,-11.36,-11.41,-11.63,-11.41,-11.41,-11.63,-11.63,-11.41,-11.49,-11.27,-11.36,-11.36,-11.36,-11.55,-11.27,-11.27,-11.85,-11.68,-11.49,-11.49,-11.68,-11.55,-11.90,-11.63,-11.90,-11.90,-11.68,-11.63,-11.98,-11.76,-11.68,-11.98,-11.68,-11.85,-11.76,-11.85,-11.76,-12.20,-11.85,-11.49,-11.76,-11.98,-11.85,-12.04,-11.63,-11.76,-11.55,-11.85,-11.76,-11.68,-11.90,-11.68,-11.68,-11.98,-11.85,-11.98,-11.76,-11.90,-11.98,-11.90,-12.12,-11.98,-11.63,-11.76,-11.90,-12.04,-12.12,-12.26,-12.12,-12.12,-11.76,-12.20,-12.26,-12.12,-12.12,-12.04,-12.12,-12.12,-11.98,-11.85,-11.85,-12.39,-12.12,-12.26,-12.34,-12.48,-12.20,-12.20,-11.90,-12.04,-11.90,-12.20,-12.48,-12.39,-12.04,-12.20,-12.20,-11.85,-12.04,-12.26,-12.34,-12.39,-12.26,-12.39,-12.34,-12.12,-12.48,-12.39,-12.12,-12.70,-12.34,-12.12,-12.34,-12.39,-12.56,-12.26,-12.56,-12.56,-12.26,-12.61,-11.98,-12.48,-12.61,-12.56,-12.48,-12.56,-12.39,-12.48,-12.61,-12.70,-12.97,-12.56,-12.78,-12.56,-12.61
-12.78,-12.26,-12.70,-12.92,-12.78,-12.56,-12.56,-12.61,-12.78,-12.97,-12.78,-12.20,-12.70,-12.83,-12.39,-12.48,-12.48,-12.20,-12.48,-12.56,-11.90,-12.56,-12.12,-12.39,-12.34,-12.12,-12.34,-12.34,-12.39,-12.04,-12.61,-12.48,-12.04,-12.39,-12.39,-12.34,-12.56,-12.56,-12.04,-12.48,-12.04,-12.34,-12.34,-12.34,-12.04,-12.20,-12.04,-12.34,-12.26,-12.12,-12.34,-12.34,-12.20,-12.26,-12.26,-11.98,-11.98,-12.26,-11.98,-12.20,-11.76,-12.12,-12.26,-11.98,-11.98,-12.04,-12.04,-12.20,-12.12,-11.98,-12.20,-11.90,-12.39,-11.98,-11.90,-11.85,-12.12,-12.20,-11.85,-11.85,-11.76,-11.90,-11.85,-11.63,-12.04,-11.68,-11.49,-11.90,-11.27,-11.55,-11.68,-11.55,-11.90,-11.49,-11.63,-11.90,-11.41,-11.90,-11.90,-11.55,-11.90,-11.68,-11.27,-11.68,-11.68,-11.90,-11.90,-11.68,-11.98,-11.90,-11.90,-11.85,-11.98,-11.63,-11.90,-11.98,-11.85,-12.04,-11.55,-12.04,-11.85,-11.06,-10.44,-10.04,-10.17,-10.30,-10.04,-10.30,-10.09,-10.44,-10.65,-10.71,-10.65,-11.00,-11.14,-11.06,-11.41,-11.49,-11.55,-11.41,-11.55,-11.68,-11.76,-11.27,-11.49,-11.41,-11.14,-11.14,-11.27,-11.27,-11.27,-11.27,-11.36,-11.14,-11.19,-11.41,-11.49,-11.36,-11.19,-11.14,-11.27,-11.27,-11.55,-11.27,-10.84,-10.79,-10.71,-10.52,-10.57,-10.44,-10.52,-10.22,-9.77,-8.95,-7.67,-7.28,-7.88,-8.35,-9.00,-9.21,-9.82,-10.09,-10.04,-10.22,-10.22,-10.04,-10.38,-10.04,-9.96,-10.04,-9.96,-9.77,-9.56,-9.42,-8.35,-7.07,-6.82,-6.69,-7.20,-7.62,-8.35,-8.95,-8.87,-9.48,-9.56,-9.90,-9.82,-9.77,-9.96,-10.30,-10.57,-10.30,-10.57,-10.71,-10.79,-10.65,-10.57,-10.30,-9.90,-9.82,-9.90,-9.56,-9.42,-9.77,-9.82,-9.96,-10.22,-11.19,-10.84,-10.84,-11.06,-11.19,-11.14,-10.52,-11.06,-10.92,-10.71,-11.00,-11.14,-11.14,-10.79,-11.19,-11.00,-11.19,-11.14,-11.14,-11.41,-11.36,-11.68,-11.49,-11.41,-11.55,-11.19,-11.41,-11.41,-11.55,-11.63,-11.36,-11.41,-11.85,-11.41,-11.41,-11.19,-11.55,-11.76,-11.55,-11.55,-12.12,-11.63,-11.76,-11.90,-11.85,-11.85,-11.63,-11.68,-11.68,-11.49,-11.49,-11.68,-11.63,-11.76,-11.49,-11.63,-11.63,-12.04,-11.90,-11.90,-11.90,-12.04,-11.98,-11.85,-11.68,-11.90,-11.98,-11.85,-11.90,-11.68,-11.85,-11.98,-11.85,-11.98,-11.68,-11.85,-11.76,-12.26,-11.90,-11.76,-12.04,-11.90,-11.76,-12.26,-11.68,-11.55,-11.68,-11.85,-12.12,-11.90,-11.85,-12.04,-11.98,-12.04,-11.98,-12.39,-12.04,-12.04,-11.76,-11.98,-11.98,-12.20,-12.20,-12.20,-12.12,-11.90,-12.12,-12.34,-12.20,-12.26,-12.26,-11.98,-12.12,-12.61,-12.20,-12.34,-11.76,-12.26,-12.20,-12.48,-12.70,-12.26,-12.12,-12.34,-12.20,-11.90,-12.34,-12.34,-12.34,-12.34,-12.61,-12.39,-12.39,-12.48,-12.34,-12.48,-12.34,-12.20,-12.34,-12.56,-12.34,-12.39,-12.48,-12.39,-12.70,-12.39,-12.20,-12.34,-12.34,-12.70,-12.70,-12.20,-12.48,-12.70,-12.39
-12.34,-12.34,-13.06,-13.06,-12.39,-12.56,-12.56,-12.39,-12.61,-12.70,-12.56,-12.20,-12.26,-12.48,-12.61,-12.34,-12.83,-12.56,-12.04,-12.26,-12.34,-12.56,-12.34,-12.34,-12.39,-12.12,-11.90,-11.98,-12.20,-12.20,-12.12,-12.12,-12.34,-12.34,-12.12,-12.12,-12.34,-12.26,-12.04,-12.20,-12.20,-12.34,-12.70,-12.48,-12.34,-11.98,-12.12,-12.34,-12.48,-12.04,-11.85,-12.12,-12.20,-11.90,-11.98,-11.85,-12.04,-12.04,-12.04,-12.04,-12.12,-12.04,-11.90,-12.26,-12.20,-11.68,-12.12,-11.98,-12.04,-12.04,-11.98,-11.98,-12.04,-12.12,-12.20,-11.76,-11.85,-12.04,-11.63,-11.55,-11.68,-11.55,-11.76,-11.55,-11.49,-11.55,-11.49,-11.85,-11.36,-11.49,-11.14,-11.76,-11.76,-11.63,-11.19,-11.41,-11.76,-11.68,-11.76,-11.63,-11.85,-11.49,-11.85,-11.63,-11.98,-11.63,-11.85,-12.12,-11.98,-11.90,-11.55,-11.76,-11.68,-11.85,-11.68,-11.68,-11.85,-11.68,-12.04,-11.76,-11.98,-11.55,-11.14,-10.52,-9.96,-10.17,-10.30,-10.17,-10.22,-10.04,-10.44,-10.57,-11.06,-11.00,-10.71,-10.79,-11.19,-11.36,-11.19,-11.49,-11.55,-11.55,-11.19,-11.49,-11.19,-11.76,-11.41,-11.14,-11.19,-11.19,-11.36,-11.36,-11.41,-11.27,-10.71,-11.14,-11.19,-11.27,-11.14,-11.27,-11.27,-11.19,-10.92,-10.92,-10.84,-11.14,-11.00,-10.57,-10.52,-10.52,-10.38,-10.44,-10.04,-9.61,-7.93,-7.75,-7.67,-8.14,-8.69,-9.08,-9.90,-9.96,-10.17,-10.09,-10.17,-10.09,-10.09,-9.96,-10.04,-10.09,-10.04,-9.61,-9.48,-9.48,-8.87,-7.20,-7.07,-7.02,-7.67,-7.93,-8.06,-8.40,-8.95,-9.16,-9.56,-9.77,-10.04,-9.90,-9.96,-10.30,-10.30,-10.22,-10.38,-10.38,-10.57,-10.71,-10.57,-10.38,-9.61,-9.61,-9.42,-9.00,-9.69,-9.96,-9.90,-10.04,-10.22,-10.71,-11.06,-10.92,-10.92,-11.06,-10.79,-10.79,-11.06,-10.65,-10.84,-10.92,-10.92,-10.92,-11.36,-11.14,-11.19,-11.06,-11.41,-11.55,-11.41,-11.19,-11.19,-11.55,-11.41,-11.36,-11.14,-11.19,-11.49,-11.49,-11.68,-11.55,-11.36,-11.68,-11.27,-11.49,-11.68,-11.49,-11.36,-11.68,-11.85,-11.90,-11.68,-11.63,-11.68,-11.85,-11.90,-11.49,-11.85,-11.76,-11.98,-12.20,-11.49,-11.85,-11.63,-11.63,-11.85,-11.90,-11.76,-12.04,-11.68,-11.85,-11.90,-11.90,-12.04,-11.85,-11.90,-12.20,-11.76,-11.98,-11.98,-11.90,-12.04,-11.85,-11.98,-11.85,-11.85,-12.04,-11.63,-11.90,-12.12,-12.12,-12.12,-11.55,-11.98,-11.85,-11.68,-11.55,-11.85,-11.68,-11.63,-11.76,-11.98,-11.76,-11.90,-11.76,-11.98,-12.04,-11.98,-11.90,-12.12,-11.98,-12.20,-11.98,-12.12,-11.98,-11.68,-12.20,-11.85,-12.20,-12.26,-12.39,-12.39,-11.90,-12.39,-12.20,-12.34,-12.34,-12.26,-11.98,-12.20,-12.26,-12.34,-12.48,-12.26,-12.39,-12.20,-12.61,-12.20,-12.12,-12.26,-12.12,-12.48,-12.56,-12.56,-12.26,-12.48,-12.34,-12.39,-12.48,-12.39,-12.39,-12.39,-12.70,-12.70,-12.39,-12.26,-12.48,-12.56,-12.56,-12.34,-12.56,-12.39,-12.56,-12.61,-12.39
-12.20,-12.56,-13.06,-12.20,-12.39,-12.56,-12.48,-12.39,-12.70,-12.39,-12.48,-12.56,-12.56,-12.48,-12.48,-12.26,-12.56,-12.39,-12.12,-12.56,-12.34,-12.34,-12.12,-11.85,-12.34,-12.12,-12.39,-12.78,-11.98,-12.39,-12.12,-12.20,-11.98,-12.12,-12.34,-12.20,-12.34,-12.20,-12.48,-11.98,-12.48,-11.85,-12.20,-12.04,-11.90,-12.34,-11.98,-12.12,-12.34,-12.04,-11.98,-12.04,-12.26,-12.12,-11.90,-11.90,-12.12,-12.12,-12.26,-11.85,-12.12,-11.98,-12.04,-12.04,-11.98,-11.98,-12.12,-12.04,-12.04,-12.34,-12.34,-11.90,-12.04,-11.85,-11.90,-11.98,-11.49,-11.90,-12.04,-11.63,-11.63,-11.55,-11.90,-11.63,-11.41,-11.55,-11.55,-11.63,-11.76,-11.49,-11.63,-11.55,-11.36,-11.41,-11.41,-11.68,-11.41,-11.41,-11.90,-11.76,-11.27,-11.76,-11.49,-11.63,-11.85,-11.68,-11.85,-11.90,-11.49,-11.55,-11.90,-11.76,-11.85,-11.98,-11.85,-11.63,-11.49,-11.76,-11.98,-11.41,-11.98,-11.55,-11.55,-11.41,-11.14,-10.52,-10.30,-10.17,-10.44,-10.04,-10.17,-10.30,-10.65,-10.79,-10.71,-10.71,-11.00,-10.79,-11.06,-11.76,-11.41,-11.49,-11.55,-11.55,-11.76,-11.68,-11.27,-11.55,-11.36,-11.36,-11.19,-11.19,-11.19,-11.19,-11.19,-11.55,-11.41,-11.19,-11.41,-11.00,-11.06,-11.41,-11.36,-11.41,-11.36,-11.27,-10.79,-10.71,-10.65,-10.79,-10.38,-10.52,-9.56,-9.56,-9.08,-8.27,-8.06,-7.93,-8.35,-9.00,-9.61,-9.82,-10.04,-10.38,-10.09,-10.22,-10.22,-9.96,-10.04,-9.96,-9.82,-9.56,-9.48,-9.00,-8.82,-7.20,-7.15,-7.33,-8.27,-8.21,-7.88,-8.27,-8.87,-8.87,-9.00,-9.48,-9.69,-9.77,-9.96,-10.17,-10.09,-10.22,-10.52,-10.71,-10.30,-10.71,-10.71,-9.90,-9.48,-9.42,-9.35,-9.61,-9.56,-10.30,-9.96,-10.04,-10.71,-10.92,-10.71,-11.14,-11.27,-11.14,-10.79,-10.65,-11.00,-10.79,-11.00,-11.00,-11.06,-11.19,-11.19,-11.00,-11.19,-11.27,-11.68,-11.27,-11.19,-11.55,-11.76,-11.49,-11.41,-11.49,-11.41,-11.68,-11.76,-11.41,-11.55,-11.36,-11.41,-11.19,-11.41,-11.49,-12.04,-11.41,-11.76,-11.41,-11.68,-11.63,-11.68,-11.85,-11.68,-11.98,-11.55,-11.90,-11.85,-11.98,-11.55,-11.63,-11.68,-11.85,-11.76,-11.63,-11.63,-11.76,-11.98,-11.68,-11.85,-11.85,-11.85,-11.63,-12.04,-11.90,-12.04,-11.76,-11.68,-11.90,-12.20,-11.85,-11.90,-11.76,-11.85,-12.12,-11.98,-12.04,-11.90,-11.90,-11.98,-12.26,-11.68,-11.98,-12.12,-11.68,-11.68,-12.12,-12.20,-11.85,-12.20,-11.85,-12.04,-11.63,-11.98,-11.68,-11.98,-11.68,-12.04,-12.12,-11.63,-11.98,-12.12,-12.20,-12.12,-11.85,-12.26,-11.98,-12.20,-12.04,-12.20,-12.34,-12.34,-12.04,-12.12,-11.76,-12.26,-12.04,-12.26,-11.90,-12.12,-12.20,-12.39,-12.26,-11.90,-12.26,-11.98,-12.39,-12.56,-12.26,-12.26,-12.26,-12.48,-12.48,-12.34,-12.26,-12.34,-12.56,-12.20,-12.20,-12.61,-12.26,-12.12,-12.48,-12.70,-12.48,-12.34,-12.56,-12.48,-12.48,-12.61,-12.39,-12.78,-12.56,-12.34,-12.78
-12.70,-12.61,-12.61,-12.20,-12.70,-12.61,-12.61,-12.61,-12.78,-12.48,-12.34,-12.61,-12.56,-12.56,-12.26,-12.56,-12.20,-12.34,-12.39,-12.56,-12.39,-12.26,-12.34,-12.34,-12.34,-12.20,-12.34,-12.48,-12.78,-12.12,-12.12,-12.34,-12.04,-12.12,-12.56,-12.04,-12.39,-12.12,-12.26,-11.90,-12.34,-11.90,-11.90,-12.26,-12.04,-12.34,-12.20,-12.20,-12.04,-12.12,-12.04,-12.04,-12.48,-11.98,-12.04,-12.04,-11.98,-11.98,-12.20,-12.12,-11.90,-11.76,-12.04,-12.04,-12.12,-12.20,-11.90,-11.90,-12.34,-11.98,-11.76,-12.20,-12.39,-12.04,-11.85,-11.98,-11.98,-11.98,-11.63,-11.68,-11.68,-11.76,-11.63,-11.85,-11.76,-11.41,-11.55,-11.49,-11.41,-11.41,-11.41,-11.36,-11.27,-11.68,-11.63,-11.68,-11.41,-11.55,-11.76,-11.76,-11.55,-11.85,-11.41,-11.90,-11.85,-11.63,-11.63,-11.49,-11.85,-11.98,-11.68,-11.76,-11.90,-11.98,-11.76,-11.63,-11.98,-11.68,-11.49,-11.41,-11.55,-11.85,-11.63,-11.68,-11.76,-11.14,-10.65,-10.65,-10.52,-10.44,-10.38,-10.04,-10.22,-10.52,-10.71,-10.92,-11.06,-10.65,-11.00,-11.14,-11.19,-11.49,-11.49,-11.49,-11.41,-11.27,-11.36,-11.68,-11.55,-11.55,-11.14,-11.41,-11.55,-11.36,-11.49,-11.41,-11.14,-11.36,-11.19,-11.19,-11.27,-11.27,-11.19,-11.27,-10.79,-11.14,-11.00,-10.57,-10.79,-10.52,-10.09,-10.44,-10.09,-9.90,-9.61,-8.48,-8.27,-7.80,-8.40,-8.95,-9.00,-9.21,-9.96,-9.96,-10.17,-10.17,-10.09,-10.04,-9.82,-9.48,-9.61,-9.56,-9.29,-8.87,-9.00,-7.28,-7.07,-7.49,-8.21,-8.82,-8.40,-8.53,-8.95,-8.95,-9.48,-9.48,-9.56,-9.69,-9.82,-9.96,-10.22,-10.22,-10.65,-10.52,-10.22,-10.52,-10.44,-9.56,-9.61,-9.56,-9.42,-9.48,-9.61,-9.90,-10.30,-10.44,-10.79,-10.79,-10.71,-11.00,-10.84,-10.71,-10.79,-11.00,-10.57,-10.92,-10.71,-11.36,-11.06,-11.19,-11.19,-11.19,-11.19,-11.14,-11.14,-11.63,-11.68,-11.14,-11.36,-11.55,-11.85,-11.68,-11.36,-11.41,-11.19,-11.76,-11.36,-11.63,-11.27,-11.68,-11.19,-11.63,-11.90,-11.49,-11.85,-11.85,-11.55,-11.49,-11.68,-11.68,-11.76,-11.68,-12.04,-11.76,-11.90,-11.98,-11.68,-11.55,-11.41,-11.63,-11.55,-11.55,-12.12,-11.41,-11.41,-12.04,-11.68,-11.76,-11.68,-11.68,-11.68,-11.90,-11.90,-11.63,-11.90,-11.98,-11.76,-11.63,-11.90,-12.26,-12.20,-11.76,-11.98,-11.98,-11.49,-11.90,-11.85,-11.68,-11.49,-11.76,-11.76,-11.85,-12.12,-11.55,-11.68,-11.63,-11.90,-11.68,-11.76,-11.76,-11.76,-11.76,-11.98,-11.98,-12.26,-11.90,-12.04,-12.12,-11.76,-11.85,-12.26,-12.04,-12.12,-12.04,-11.98,-12.12,-12.20,-12.12,-12.70,-12.12,-12.12,-12.20,-12.34,-12.12,-12.12,-12.34,-12.26,-11.98,-12.20,-12.12,-12.20,-12.20,-12.34,-12.26,-12.26,-12.34,-12.39,-12.48,-12.34,-12.26,-12.26,-12.56,-12.34,-12.56,-12.61,-12.48,-12.61,-12.78,-12.83,-12.34,-12.39,-12.70,-12.34,-12.70,-12.61,-12.34,-12.56,-12.12,-12.04,-12.39,-12.97,-12.56
-12.56,-12.70,-12.61,-12.70,-12.70,-12.48,-12.92,-12.48,-12.39,-12.39,-12.56,-12.39,-12.48,-12.39,-12.61,-12.39,-12.70,-12.12,-12.56,-12.12,-12.20,-12.20,-12.34,-12.39,-12.61,-12.26,-12.34,-12.39,-12.34,-12.39,-12.39,-12.26,-12.20,-12.48,-12.34,-12.12,-12.20,-11.98,-11.98,-11.98,-12.34,-12.48,-12.04,-11.85,-12.26,-12.26,-12.34,-12.12,-12.04,-12.20,-11.98,-12.04,-12.20,-12.04,-11.76,-12.26,-11.90,-11.90,-12.04,-12.20,-11.98,-12.04,-12.04,-11.76,-12.34,-12.12,-12.34,-12.34,-12.04,-12.04,-11.63,-11.85,-12.12,-11.85,-11.98,-11.98,-11.68,-11.49,-11.85,-11.55,-11.41,-11.49,-11.68,-11.85,-11.36,-11.19,-11.27,-11.49,-11.36,-11.41,-11.19,-11.68,-11.27,-11.63,-11.55,-11.55,-11.49,-11.19,-11.49,-11.68,-11.55,-11.85,-11.90,-11.49,-11.90,-11.55,-11.06,-11.63,-11.90,-11.63,-12.04,-11.90,-11.85,-11.36,-11.85,-11.85,-11.55,-11.68,-11.55,-11.68,-11.55,-11.68,-11.55,-12.04,-11.63,-11.76,-11.41,-10.92,-10.71,-10.52,-10.44,-10.71,-10.44,-10.22,-10.57,-11.14,-11.00,-10.84,-10.79,-10.71,-11.19,-11.06,-11.14,-11.27,-11.36,-11.27,-11.19,-11.27,-11.27,-11.06,-11.41,-11.27,-11.14,-11.36,-11.68,-11.41,-11.36,-11.41,-11.19,-11.14,-11.27,-11.19,-11.14,-11.14,-11.14,-10.71,-10.79,-10.38,-10.57,-10.65,-10.65,-10.52,-10.44,-10.04,-9.90,-9.00,-8.21,-7.88,-7.93,-8.82,-8.74,-9.48,-9.82,-10.04,-9.90,-9.90,-10.17,-9.82,-9.56,-9.56,-9.35,-9.56,-9.21,-8.82,-8.27,-7.41,-7.28,-7.33,-8.48,-8.87,-9.42,-9.00,-8.69,-8.95,-9.00,-9.16,-9.35,-9.35,-9.77,-9.69,-9.77,-10.38,-10.57,-10.57,-10.57,-10.65,-9.96,-9.56,-9.61,-9.48,-9.42,-9.96,-9.56,-9.77,-10.09,-10.71,-10.84,-11.00,-11.06,-11.14,-11.00,-10.79,-10.92,-10.79,-11.14,-11.06,-11.06,-10.84,-11.27,-11.14,-11.00,-11.14,-11.19,-11.49,-11.36,-11.49,-11.27,-11.68,-11.41,-11.55,-11.36,-11.63,-11.55,-11.36,-11.63,-11.27,-11.41,-11.49,-11.55,-11.49,-11.49,-11.63,-11.85,-11.68,-11.63,-11.55,-12.04,-11.68,-11.55,-11.76,-11.63,-11.68,-11.68,-12.04,-11.98,-11.27,-12.12,-11.68,-11.63,-11.63,-11.63,-11.76,-11.85,-11.76,-11.98,-11.76,-11.49,-11.90,-12.04,-11.76,-11.63,-12.12,-12.12,-12.26,-11.63,-11.63,-11.76,-12.12,-11.98,-11.68,-12.04,-11.63,-11.85,-11.85,-11.68,-11.76,-11.76,-11.98,-11.85,-11.98,-11.68,-11.76,-11.85,-11.76,-11.85,-11.63,-11.85,-11.98,-11.90,-11.85,-11.76,-11.90,-12.04,-12.12,-11.85,-11.98,-11.63,-11.76,-11.90,-11.68,-12.26,-12.12,-12.12,-11.76,-12.04,-12.12,-12.26,-11.98,-12.20,-11.98,-12.20,-12.20,-12.04,-12.12,-11.98,-12.20,-12.04,-12.20,-11.90,-12.12,-12.26,-12.48,-11.90,-12.34,-12.39,-12.26,-12.39,-12.61,-12.34,-12.48,-12.34,-12.34,-12.56,-12.26,-12.56,-12.34,-12.04,-12.34,-12.26,-12.61,-12.61,-12.20,-12.34,-12.39,-12.34,-12.56,-12.39,-12.92,-12.61,-12.26,-12.61,-12.70
-12.61,-12.56,-12.56,-12.34,-12.70,-12.92,-12.78,-12.48,-12.61,-12.39,-12.39,-12.56,-12.26,-12.61,-12.26,-12.70,-12.39,-12.48,-12.04,-12.39,-12.20,-12.39,-12.39,-12.34,-12.34,-12.34,-12.48,-12.26,-12.39,-12.48,-12.34,-11.98,-12.26,-12.04,-12.39,-12.04,-12.12,-12.04,-12.26,-12.56,-12.34,-12.20,-12.20,-12.26,-11.90,-11.85,-11.98,-12.26,-11.90,-11.98,-12.04,-12.26,-12.39,-12.48,-12.26,-12.12,-12.26,-12.12,-12.20,-11.98,-11.76,-12.34,-11.98,-12.12,-12.20,-12.34,-12.12,-11.98,-12.12,-12.04,-11.98,-11.90,-12.26,-11.76,-11.90,-11.98,-12.20,-11.49,-11.85,-11.68,-11.68,-11.49,-11.63,-11.41,-11.55,-11.68,-11.55,-11.55,-11.63,-11.49,-11.41,-11.36,-11.41,-11.49,-11.14,-11.36,-11.36,-11.49,-11.27,-11.63,-11.55,-11.41,-11.55,-11.68,-11.55,-11.63,-11.49,-11.76,-11.90,-11.49,-11.49,-11.41,-11.49,-11.85,-11.63,-11.55,-11.68,-11.63,-11.68,-11.68,-11.49,-11.63,-11.85,-11.76,-11.85,-11.55,-11.49,-11.55,-11.55,-10.79,-10.71,-10.44,-10.71,-10.57,-10.22,-10.38,-10.65,-11.06,-10.92,-10.71,-10.84,-10.79,-11.06,-11.19,-11.27,-11.14,-11.36,-11.41,-11.19,-11.49,-11.36,-11.14,-11.19,-11.36,-11.27,-11.68,-11.63,-11.19,-11.06,-11.19,-11.14,-10.84,-11.00,-11.06,-11.36,-10.84,-11.00,-10.57,-10.65,-10.57,-10.65,-10.71,-10.44,-10.04,-10.04,-9.35,-8.69,-8.74,-8.14,-8.74,-8.95,-9.16,-9.61,-9.77,-10.04,-10.04,-10.09,-9.56,-9.69,-9.35,-9.90,-9.08,-9.29,-8.87,-8.40,-7.75,-7.41,-7.67,-8.35,-9.16,-9.00,-9.16,-9.00,-8.82,-9.16,-9.00,-9.35,-9.29,-9.56,-9.69,-10.04,-10.30,-10.44,-10.71,-10.52,-10.17,-9.96,-9.96,-9.35,-9.56,-9.48,-9.69,-9.77,-9.77,-10.52,-10.65,-10.57,-10.79,-10.92,-10.79,-11.06,-10.71,-10.84,-11.00,-11.00,-11.14,-11.06,-11.06,-11.14,-11.06,-10.92,-11.27,-11.36,-11.41,-11.55,-11.27,-11.63,-11.14,-11.27,-11.19,-11.49,-11.49,-11.00,-11.36,-11.68,-11.36,-11.55,-11.27,-11.19,-11.76,-11.55,-11.76,-11.63,-11.55,-11.63,-11.49,-11.68,-11.49,-11.68,-11.68,-11.63,-11.63,-11.41,-11.85,-11.85,-12.20,-11.49,-11.68,-11.55,-11.76,-11.55,-11.76,-11.63,-11.68,-11.55,-11.76,-11.49,-11.68,-11.76,-11.85,-11.90,-11.68,-11.63,-11.85,-11.63,-11.98,-12.04,-11.68,-11.55,-11.85,-12.34,-11.85,-11.85,-12.12,-11.76,-11.85,-11.85,-11.68,-11.85,-11.49,-11.63,-11.85,-11.63,-11.98,-11.98,-11.76,-11.76,-11.63,-12.12,-11.85,-11.98,-11.85,-11.90,-12.12,-12.04,-11.85,-11.68,-11.68,-11.85,-11.68,-11.85,-11.98,-11.98,-12.20,-11.85,-12.20,-11.90,-12.12,-12.20,-11.90,-12.12,-12.04,-12.26,-12.39,-12.34,-12.26,-12.20,-12.20,-12.48,-12.26,-12.48,-12.26,-12.26,-12.04,-12.26,-12.48,-12.34,-12.20,-12.34,-12.48,-12.39,-12.56,-12.39,-12.39,-11.98,-12.39,-12.12,-12.20,-12.61,-12.48,-12.48,-12.39,-12.56,-12.61,-12.78,-12.61,-12.56,-12.48,-12.61,-12.48,-12.56,-12.61
-12.48,-12.56,-12.70,-12.56,-12.83,-12.70,-12.97,-12.20,-12.56,-12.12,-12.34,-12.56,-12.48,-12.34,-12.39,-12.48,-12.26,-12.83,-12.12,-12.20,-12.34,-12.34,-12.48,-12.34,-12.04,-12.20,-12.34,-12.12,-12.39,-12.20,-12.48,-12.12,-12.26,-11.85,-12.34,-12.26,-12.20,-12.34,-12.20,-12.39,-12.20,-12.04,-11.90,-12.12,-12.20,-12.26,-12.26,-12.12,-12.04,-11.68,-12.12,-12.04,-11.98,-12.04,-11.98,-11.76,-11.90,-11.85,-12.04,-12.20,-11.98,-12.12,-11.98,-12.04,-12.04,-12.04,-11.98,-12.04,-12.20,-12.04,-12.12,-12.04,-11.90,-11.98,-11.98,-11.90,-11.98,-11.85,-11.55,-11.68,-11.85,-11.63,-11.49,-11.55,-11.36,-11.41,-11.49,-11.85,-11.49,-11.36,-11.19,-11.41,-11.27,-11.49,-11.06,-11.41,-11.06,-11.41,-11.49,-11.55,-11.63,-11.55,-11.36,-11.49,-11.55,-11.63,-11.76,-11.14,-11.63,-11.55,-11.63,-11.55,-11.85,-11.63,-11.68,-11.68,-11.85,-11.63,-11.49,-11.49,-11.49,-11.63,-11.63,-11.49,-11.63,-11.63,-11.76,-11.63,-11.76,-11.49,-11.19,-10.92,-10.38,-10.65,-10.57,-10.52,-10.52,-10.44,-10.84,-11.00,-11.00,-10.71,-11.00,-10.65,-11.19,-11.55,-11.49,-11.41,-11.41,-11.49,-11.27,-11.49,-11.63,-11.27,-11.41,-11.41,-11.27,-11.14,-11.49,-11.27,-10.92,-11.14,-11.00,-11.06,-11.06,-11.00,-10.71,-10.79,-10.52,-10.71,-10.52,-10.30,-10.38,-10.17,-9.96,-9.69,-9.35,-8.35,-8.14,-8.48,-8.87,-8.74,-9.48,-9.48,-9.82,-9.90,-9.77,-9.82,-9.61,-9.56,-9.21,-9.00,-9.21,-8.69,-8.61,-8.01,-8.06,-8.01,-8.40,-8.95,-9.29,-9.61,-9.48,-8.95,-9.00,-8.95,-9.61,-9.56,-9.16,-9.48,-9.77,-10.17,-10.30,-10.44,-10.22,-9.96,-9.48,-9.56,-9.48,-9.42,-9.61,-9.69,-9.96,-10.09,-10.65,-11.06,-10.79,-10.65,-10.84,-11.14,-11.06,-10.65,-11.19,-11.06,-11.00,-11.19,-11.19,-11.06,-11.27,-11.27,-11.06,-11.27,-11.36,-11.68,-11.36,-11.63,-11.14,-11.19,-11.36,-11.06,-11.27,-11.19,-11.14,-11.41,-11.27,-11.36,-11.55,-11.76,-11.55,-11.90,-11.76,-11.55,-11.49,-11.85,-11.63,-11.68,-11.68,-11.63,-11.76,-11.68,-11.90,-11.98,-12.04,-11.55,-11.49,-11.49,-11.85,-11.55,-11.68,-11.49,-11.85,-11.55,-11.63,-11.49,-11.90,-11.98,-11.55,-11.63,-11.68,-11.68,-11.76,-11.76,-11.85,-11.98,-11.68,-12.04,-11.76,-11.76,-11.90,-11.90,-11.76,-11.85,-11.90,-11.98,-11.68,-11.68,-11.68,-11.85,-11.98,-11.55,-12.04,-11.68,-11.68,-11.63,-11.76,-11.85,-11.76,-11.85,-11.76,-11.55,-11.63,-11.49,-11.98,-11.76,-11.63,-11.90,-11.63,-11.85,-11.49,-12.04,-12.20,-11.85,-12.12,-11.90,-12.04,-12.26,-12.04,-12.12,-12.26,-12.39,-11.85,-12.20,-11.98,-12.20,-12.48,-12.12,-12.26,-12.39,-12.12,-12.26,-12.34,-12.12,-12.39,-12.26,-11.98,-12.56,-12.26,-12.39,-12.26,-12.39,-12.39,-12.34,-12.56,-12.39,-12.12,-12.48,-12.34,-12.26,-12.48,-12.56,-12.56,-12.48,-12.56,-12.48,-12.56,-12.61,-12.97,-12.70,-12.83,-12.61,-12.61,-12.34
-12.56,-12.61,-12.61,-12.61,-12.48,-12.61,-12.56,-12.61,-12.39,-12.56,-12.48,-12.78,-12.04,-12.61,-12.39,-12.34,-12.39,-12.39,-11.90,-12.48,-12.70,-12.34,-12.04,-12.39,-12.12,-12.26,-12.39,-12.20,-11.98,-11.90,-12.26,-12.34,-12.34,-12.26,-12.20,-11.98,-12.34,-11.90,-12.39,-12.20,-12.12,-12.34,-12.12,-12.34,-11.85,-12.48,-12.26,-12.20,-12.12,-11.98,-11.90,-11.98,-12.12,-12.04,-11.90,-11.98,-12.20,-11.98,-12.12,-12.04,-11.85,-11.76,-12.26,-11.98,-12.04,-12.04,-11.90,-12.39,-12.12,-12.12,-12.12,-12.20,-11.98,-12.20,-12.12,-11.98,-12.12,-11.98,-11.85,-11.85,-11.85,-11.85,-11.90,-11.41,-11.55,-11.41,-11.55,-11.14,-11.55,-11.49,-11.19,-11.36,-11.41,-11.27,-11.36,-11.55,-11.49,-11.55,-11.55,-11.41,-11.63,-11.49,-11.55,-11.90,-12.04,-11.55,-11.76,-11.55,-11.76,-11.49,-11.41,-11.49,-11.76,-11.49,-11.41,-11.49,-11.19,-11.76,-11.90,-11.49,-11.41,-11.63,-11.36,-11.98,-11.63,-11.76,-11.55,-11.55,-11.36,-11.76,-11.49,-11.68,-11.14,-11.00,-10.71,-10.71,-10.84,-10.65,-10.44,-10.65,-11.14,-11.00,-10.71,-11.00,-11.14,-11.14,-11.14,-11.14,-11.36,-11.19,-11.36,-11.14,-11.55,-11.36,-11.41,-11.19,-11.41,-11.06,-11.14,-11.36,-11.19,-10.84,-11.14,-11.06,-10.84,-10.79,-10.92,-10.79,-11.00,-10.79,-10.65,-10.44,-10.52,-10.65,-10.17,-9.96,-9.56,-9.08,-8.48,-8.27,-8.87,-8.87,-9.08,-9.61,-9.77,-9.35,-9.77,-9.42,-9.16,-9.35,-9.08,-8.95,-8.74,-9.08,-8.53,-8.21,-8.14,-7.93,-8.48,-8.82,-9.35,-9.48,-9.56,-9.56,-9.16,-9.42,-9.00,-9.16,-9.16,-9.56,-9.77,-9.77,-10.09,-10.30,-10.09,-9.90,-9.35,-9.69,-9.29,-9.21,-9.96,-9.69,-9.77,-10.65,-10.65,-10.92,-11.06,-11.14,-10.79,-11.06,-11.14,-10.65,-10.92,-11.00,-11.14,-11.06,-11.19,-11.49,-11.27,-11.36,-11.06,-11.68,-11.00,-11.36,-11.63,-11.63,-11.27,-11.19,-11.49,-11.36,-11.36,-11.27,-11.27,-11.14,-11.41,-11.55,-11.49,-11.63,-11.27,-11.36,-11.49,-11.76,-11.55,-11.63,-11.85,-11.76,-11.63,-11.55,-11.68,-11.68,-11.63,-11.49,-11.63,-11.76,-11.63,-11.98,-11.27,-11.63,-11.49,-11.49,-11.41,-11.90,-11.63,-11.90,-11.98,-11.68,-11.49,-11.68,-11.90,-11.49,-11.98,-11.68,-11.63,-11.85,-11.76,-11.68,-11.68,-11.63,-11.41,-11.76,-11.98,-11.98,-12.04,-11.63,-11.68,-11.76,-11.63,-11.98,-11.63,-11.98,-11.68,-11.68,-11.68,-11.55,-11.85,-11.76,-11.76,-11.63,-11.68,-12.04,-11.63,-11.68,-11.68,-11.49,-11.49,-11.90,-11.63,-11.63,-11.63,-12.12,-11.63,-11.76,-11.98,-12.26,-11.98,-11.76,-11.76,-12.12,-12.20,-11.90,-12.34,-12.61,-11.76,-12.26,-12.26,-12.34,-12.26,-12.20,-12.20,-12.12,-12.39,-12.12,-12.34,-12.26,-12.34,-12.26,-12.12,-12.26,-12.48,-12.12,-12.48,-12.39,-12.48,-12.26,-12.12,-12.12,-12.34,-12.12,-12.39,-12.48,-12.26,-12.34,-12.20,-12.56,-12.26,-12.48,-12.39,-12.34,-12.48,-12.56,-12.56,-12.61
-12.78,-12.48,-12.34,-12.26,-12.39,-12.70,-12.48,-12.48,-12.20,-12.48,-12.39,-12.48,-12.39,-12.70,-12.34,-12.39,-12.12,-12.26,-12.56,-12.12,-12.34,-12.39,-12.39,-12.26,-12.34,-12.39,-12.12,-12.26,-12.34,-12.20,-12.26,-12.04,-12.20,-12.34,-11.85,-11.90,-12.26,-12.34,-12.56,-12.34,-11.98,-12.26,-12.04,-12.39,-12.20,-12.26,-12.04,-12.34,-11.90,-11.98,-12.20,-11.98,-11.76,-11.85,-12.20,-12.26,-12.26,-12.12,-11.98,-12.20,-12.04,-12.26,-11.98,-12.12,-12.39,-12.12,-11.85,-11.68,-12.26,-12.04,-12.39,-12.34,-11.85,-11.85,-12.12,-12.12,-12.04,-11.90,-11.98,-12.04,-11.68,-11.98,-11.68,-11.63,-11.55,-11.68,-11.63,-11.55,-11.49,-11.14,-11.49,-11.06,-11.55,-11.27,-11.14,-11.27,-11.36,-11.14,-11.14,-11.36,-11.41,-11.14,-11.55,-11.19,-11.49,-11.55,-11.49,-11.41,-11.55,-11.63,-11.36,-11.63,-11.55,-11.49,-11.55,-11.55,-11.68,-11.49,-11.55,-11.63,-11.63,-11.27,-11.76,-11.68,-11.90,-11.41,-11.76,-11.41,-11.27,-11.68,-11.76,-11.76,-11.76,-11.14,-11.06,-11.00,-10.71,-10.44,-10.44,-10.57,-10.52,-10.84,-10.79,-11.06,-11.14,-11.00,-10.71,-11.14,-11.19,-11.27,-11.49,-11.27,-11.55,-11.36,-11.36,-11.19,-11.41,-11.41,-11.36,-11.36,-11.06,-11.19,-11.36,-11.27,-11.19,-11.06,-11.14,-10.71,-10.65,-10.71,-10.71,-10.65,-10.71,-10.52,-10.57,-10.04,-9.61,-9.42,-8.82,-8.27,-8.61,-8.82,-8.69,-9.21,-9.48,-9.90,-9.21,-9.00,-9.16,-9.21,-9.21,-9.00,-8.74,-9.00,-9.08,-8.06,-7.88,-8.06,-8.48,-8.95,-9.35,-9.82,-9.56,-9.82,-9.56,-9.42,-9.08,-9.08,-9.16,-9.90,-9.77,-9.77,-10.09,-10.30,-9.96,-9.61,-9.90,-9.48,-9.42,-9.61,-9.69,-9.77,-10.22,-10.84,-10.57,-11.14,-11.00,-11.06,-10.84,-10.84,-10.92,-11.06,-10.84,-11.27,-11.19,-11.14,-10.84,-11.19,-11.36,-10.84,-11.14,-11.36,-11.14,-11.49,-11.36,-10.92,-11.27,-11.27,-11.36,-11.19,-11.36,-11.14,-11.63,-11.41,-11.55,-11.76,-11.63,-11.49,-11.55,-11.55,-11.68,-11.63,-11.49,-11.76,-11.68,-11.85,-11.85,-11.55,-11.49,-11.55,-11.36,-11.49,-11.55,-11.63,-11.76,-11.63,-11.55,-11.68,-11.36,-11.55,-11.49,-11.90,-11.27,-11.49,-11.76,-11.63,-12.04,-11.63,-11.76,-11.76,-11.76,-11.76,-11.63,-11.55,-11.90,-11.76,-11.68,-11.55,-11.68,-11.68,-11.98,-11.49,-11.55,-11.98,-11.55,-11.76,-11.85,-11.63,-11.55,-11.55,-11.76,-11.63,-11.68,-11.85,-11.76,-11.98,-11.68,-11.55,-11.85,-11.63,-11.85,-12.04,-11.76,-11.76,-11.36,-11.41,-11.41,-11.68,-11.27,-11.63,-11.63,-11.85,-12.20,-11.90,-12.12,-12.20,-12.04,-11.49,-12.26,-12.04,-12.26,-12.34,-12.20,-12.20,-12.12,-12.26,-12.20,-12.39,-12.20,-12.34,-12.12,-11.98,-12.34,-12.39,-12.20,-12.20,-12.26,-12.20,-12.48,-12.26,-12.39,-12.39,-12.39,-12.56,-12.39,-12.56,-12.70,-12.39,-12.48,-11.98,-12.12,-12.48,-12.61,-12.39,-12.26,-12.70,-12.56,-12.61,-12.39,-12.61,-12.78,-12.56
-12.39,-12.56,-12.56,-12.39,-12.61,-12.39,-12.56,-12.34,-12.70,-12.61,-12.48,-12.48,-12.12,-12.04,-12.34,-12.48,-12.39,-12.39,-12.56,-12.56,-12.04,-12.34,-12.34,-12.20,-12.34,-12.26,-12.04,-12.48,-12.34,-12.20,-12.39,-12.34,-12.48,-12.34,-12.56,-11.98,-12.12,-11.76,-12.04,-12.12,-12.26,-12.20,-12.39,-12.39,-11.98,-12.26,-12.48,-12.12,-12.26,-11.90,-12.12,-12.26,-11.76,-11.90,-12.26,-12.04,-11.90,-12.20,-12.34,-11.90,-12.20,-11.90,-12.20,-12.04,-12.12,-12.20,-12.04,-12.34,-12.20,-11.76,-12.04,-11.90,-11.85,-11.90,-11.90,-11.85,-12.04,-11.98,-12.04,-12.04,-11.85,-11.98,-11.55,-11.68,-12.04,-11.68,-11.55,-11.55,-11.90,-11.49,-11.41,-11.55,-11.36,-11.27,-11.14,-11.27,-11.14,-11.55,-11.41,-11.19,-11.36,-11.06,-11.27,-11.19,-11.49,-11.55,-11.49,-11.63,-11.41,-11.49,-11.85,-11.55,-11.49,-11.36,-11.63,-11.41,-11.49,-11.36,-11.63,-11.55,-11.68,-11.49,-11.76,-11.19,-11.76,-11.49,-11.55,-11.55,-11.49,-11.49,-11.85,-11.68,-11.41,-11.63,-11.63,-11.19,-11.14,-10.71,-10.92,-10.65,-10.92,-10.44,-10.52,-11.14,-10.84,-11.19,-11.19,-10.79,-11.14,-11.06,-11.41,-11.19,-11.14,-11.19,-11.27,-11.14,-11.06,-11.14,-11.06,-11.36,-10.79,-11.19,-11.00,-11.14,-11.27,-10.79,-10.79,-10.84,-10.65,-10.65,-11.00,-10.52,-10.65,-10.65,-10.52,-10.17,-9.82,-9.48,-8.82,-8.87,-8.61,-8.74,-9.00,-9.00,-9.42,-9.35,-9.00,-9.16,-9.48,-9.29,-9.29,-8.82,-9.00,-9.42,-9.00,-8.06,-8.40,-8.06,-7.93,-8.95,-9.08,-9.35,-9.69,-9.56,-9.56,-9.35,-9.56,-9.29,-8.87,-9.00,-9.42,-9.61,-9.90,-10.17,-9.77,-9.29,-9.56,-9.35,-9.16,-9.42,-10.09,-9.82,-10.22,-10.22,-10.71,-10.79,-10.79,-10.65,-11.00,-10.44,-10.84,-10.84,-11.27,-10.71,-11.19,-11.06,-11.00,-11.36,-10.65,-11.06,-11.14,-11.19,-11.14,-11.41,-11.06,-11.55,-11.27,-11.55,-11.27,-11.27,-11.49,-11.63,-11.19,-11.14,-11.63,-11.55,-11.98,-11.76,-11.27,-11.63,-11.63,-11.76,-11.85,-11.76,-11.41,-11.76,-11.36,-11.14,-11.76,-11.27,-11.41,-11.49,-11.14,-11.76,-11.41,-11.63,-11.68,-11.27,-11.36,-11.49,-11.55,-11.55,-11.55,-11.49,-11.68,-11.49,-11.76,-11.68,-11.49,-11.68,-11.63,-11.76,-11.63,-11.76,-11.55,-11.98,-11.63,-11.68,-11.55,-11.98,-11.49,-11.76,-11.63,-11.76,-11.55,-11.85,-11.63,-11.63,-11.19,-11.68,-11.63,-11.76,-11.49,-11.63,-11.63,-11.68,-11.90,-11.76,-11.49,-11.68,-11.85,-11.68,-11.63,-11.85,-11.55,-11.41,-11.41,-11.68,-11.76,-11.98,-12.20,-12.12,-12.04,-11.90,-12.04,-12.26,-12.20,-12.20,-12.12,-12.20,-12.56,-12.12,-12.20,-11.76,-12.04,-12.26,-12.34,-12.26,-12.26,-12.34,-12.34,-12.26,-11.90,-11.98,-12.39,-12.39,-12.39,-12.26,-12.34,-12.56,-12.34,-12.39,-12.34,-12.56,-12.61,-12.61,-12.48,-12.34,-12.20,-12.48,-12.20,-12.56,-12.48,-12.26,-12.34,-12.56,-12.39,-12.48,-12.34,-12.34,-12.48,-12.56
-12.83,-12.83,-12.78,-12.34,-12.83,-12.83,-12.20,-12.70,-12.61,-12.34,-12.34,-12.61,-12.78,-12.56,-12.48,-12.39,-12.48,-12.61,-12.48,-12.39,-12.26,-12.12,-12.20,-12.56,-12.34,-12.70,-12.12,-12.20,-12.39,-12.34,-12.20,-12.26,-12.34,-12.34,-12.20,-12.04,-12.20,-12.34,-12.04,-12.34,-12.12,-11.98,-12.39,-12.12,-11.98,-12.39,-12.39,-12.26,-12.34,-11.76,-12.12,-12.34,-12.48,-12.04,-12.04,-11.98,-12.04,-11.90,-12.39,-11.90,-12.12,-11.49,-12.34,-12.26,-12.48,-11.76,-12.26,-12.12,-12.04,-11.85,-12.04,-11.98,-11.85,-11.98,-11.85,-12.04,-11.90,-12.04,-12.12,-11.90,-11.68,-11.90,-11.85,-11.49,-11.85,-11.85,-11.55,-11.68,-11.36,-11.55,-11.68,-11.49,-11.19,-11.27,-11.06,-11.36,-11.06,-11.14,-11.27,-11.68,-11.49,-11.36,-11.14,-11.14,-11.41,-11.41,-11.36,-11.36,-11.49,-11.49,-11.41,-11.14,-11.41,-11.63,-11.76,-11.06,-11.36,-11.49,-11.49,-11.63,-11.55,-11.19,-11.68,-11.49,-11.85,-11.36,-11.76,-11.76,-11.63,-11.55,-11.55,-11.36,-11.68,-11.41,-11.85,-11.55,-11.41,-11.19,-10.92,-10.57,-10.57,-10.84,-10.65,-10.52,-10.65,-10.79,-10.57,-11.00,-11.14,-11.68,-11.06,-10.84,-11.14,-11.19,-11.27,-11.36,-11.49,-11.06,-11.36,-11.14,-11.36,-11.14,-11.19,-11.19,-11.06,-11.19,-10.92,-11.14,-10.79,-10.57,-10.71,-10.57,-10.57,-10.52,-10.52,-10.09,-9.96,-9.48,-9.42,-8.82,-8.21,-8.74,-8.74,-9.08,-9.35,-9.16,-9.21,-9.29,-9.00,-9.00,-8.87,-8.48,-9.00,-9.08,-8.61,-8.21,-8.06,-8.27,-8.35,-8.82,-9.08,-9.16,-9.48,-9.82,-9.48,-9.48,-9.21,-9.35,-9.16,-9.21,-9.42,-9.82,-9.96,-9.77,-9.48,-9.21,-9.48,-9.42,-9.35,-9.69,-9.61,-10.09,-10.30,-10.84,-10.71,-10.92,-10.92,-11.00,-11.06,-11.06,-10.65,-11.00,-10.71,-11.14,-10.84,-10.92,-10.84,-10.84,-11.49,-11.14,-11.06,-11.27,-11.19,-11.41,-11.27,-11.49,-11.19,-11.36,-11.00,-11.14,-11.19,-11.55,-11.27,-11.49,-11.55,-11.63,-11.55,-11.19,-11.68,-11.41,-11.19,-11.41,-11.49,-11.68,-11.36,-11.55,-11.49,-11.55,-11.49,-11.55,-11.55,-11.63,-11.63,-11.76,-11.41,-11.41,-11.41,-11.55,-11.55,-11.68,-11.76,-11.49,-11.55,-11.63,-11.36,-11.68,-11.55,-11.76,-11.90,-11.90,-11.55,-11.85,-11.68,-11.90,-11.68,-11.98,-11.41,-11.49,-11.68,-11.49,-11.36,-11.76,-11.49,-11.06,-11.49,-11.68,-11.76,-11.68,-11.41,-11.68,-11.55,-11.63,-11.27,-11.85,-11.63,-11.55,-11.68,-11.41,-11.55,-11.98,-11.63,-11.19,-11.41,-11.55,-11.55,-11.76,-11.76,-11.63,-11.76,-11.55,-11.49,-11.68,-11.98,-12.20,-12.04,-12.56,-11.76,-11.85,-12.12,-11.90,-12.04,-12.04,-11.85,-12.20,-12.26,-12.04,-12.26,-12.56,-12.26,-12.34,-11.90,-11.98,-12.39,-12.20,-12.39,-12.39,-12.34,-12.34,-12.48,-12.39,-12.26,-12.56,-12.26,-12.39,-12.34,-12.12,-12.34,-12.39,-12.56,-12.61,-12.39,-12.39,-12.39,-12.56,-12.12,-12.39,-12.70,-12.20,-12.26,-12.48,-12.56,-12.48
-12.83,-12.70,-12.56,-12.48,-12.39,-12.48,-12.48,-12.48,-12.12,-12.48,-12.56,-12.83,-12.48,-12.70,-12.61,-12.39,-12.04,-12.26,-12.34,-12.61,-12.26,-12.12,-12.34,-12.20,-12.26,-12.48,-12.34,-12.26,-12.48,-12.39,-12.39,-12.04,-12.20,-12.26,-12.48,-12.39,-12.20,-11.98,-12.39,-12.34,-12.12,-12.04,-12.20,-11.90,-12.20,-12.34,-12.39,-11.76,-12.20,-12.26,-12.34,-11.98,-11.85,-11.85,-11.98,-12.26,-11.98,-12.39,-12.12,-11.90,-12.26,-11.85,-11.90,-12.04,-12.04,-11.85,-11.98,-11.90,-11.90,-11.98,-11.90,-11.90,-11.98,-12.12,-11.85,-12.04,-11.98,-12.04,-12.04,-11.85,-11.63,-11.98,-11.76,-12.04,-11.90,-11.68,-11.55,-11.55,-11.63,-11.36,-11.63,-11.36,-11.68,-11.85,-11.49,-11.14,-11.06,-11.27,-10.92,-11.06,-11.14,-11.55,-11.41,-11.27,-11.00,-11.49,-11.27,-11.55,-11.49,-11.41,-11.55,-11.55,-11.68,-11.36,-11.68,-11.41,-11.85,-11.55,-11.55,-11.41,-11.27,-11.63,-11.27,-11.36,-11.27,-11.55,-11.55,-11.55,-11.85,-11.85,-11.76,-11.68,-11.41,-11.63,-11.19,-11.36,-11.49,-11.36,-11.27,-11.14,-10.65,-10.71,-10.92,-10.92,-10.44,-10.65,-10.84,-11.06,-10.92,-11.00,-11.19,-10.79,-11.27,-10.65,-11.06,-11.14,-11.36,-11.36,-11.41,-11.14,-11.41,-11.41,-11.27,-10.92,-11.19,-11.14,-11.00,-10.79,-11.00,-10.65,-10.84,-10.65,-10.38,-10.65,-10.52,-10.71,-10.04,-9.96,-9.35,-8.87,-8.74,-8.27,-8.82,-8.82,-8.95,-9.00,-8.69,-9.00,-8.95,-9.21,-9.29,-8.69,-9.48,-9.16,-9.21,-8.35,-8.27,-8.27,-8.48,-8.87,-8.95,-9.00,-9.42,-9.48,-9.48,-9.61,-9.16,-8.87,-9.16,-9.29,-9.16,-9.69,-9.48,-9.61,-9.08,-10.04,-9.29,-9.00,-9.61,-9.69,-9.77,-9.90,-10.17,-10.79,-10.57,-11.00,-10.79,-11.06,-10.84,-11.19,-10.79,-11.06,-11.14,-11.00,-10.92,-10.79,-10.92,-11.41,-11.00,-11.00,-11.19,-11.27,-11.27,-10.79,-11.19,-11.00,-11.63,-11.55,-11.36,-11.27,-11.63,-11.55,-11.63,-11.55,-11.68,-11.68,-11.36,-11.76,-11.27,-11.49,-11.68,-11.55,-11.55,-11.49,-11.19,-11.55,-11.49,-11.76,-11.68,-11.49,-11.27,-11.49,-11.49,-11.55,-11.68,-11.55,-11.55,-11.36,-11.63,-11.41,-11.41,-11.68,-11.14,-11.49,-11.63,-11.68,-12.04,-11.63,-11.63,-11.63,-11.63,-11.49,-11.49,-11.55,-11.36,-11.63,-11.55,-11.68,-11.14,-11.27,-11.49,-11.76,-11.55,-11.63,-11.27,-11.63,-11.36,-11.63,-11.41,-11.49,-11.49,-11.49,-11.63,-11.63,-11.49,-11.85,-11.76,-11.41,-11.55,-11.63,-11.49,-11.63,-11.90,-11.85,-11.68,-11.49,-11.76,-11.68,-11.98,-11.76,-11.98,-11.85,-12.26,-12.34,-12.34,-12.26,-11.85,-12.04,-12.26,-12.34,-12.26,-11.90,-12.12,-12.12,-12.20,-12.12,-12.20,-12.12,-11.90,-12.26,-12.12,-12.20,-11.98,-12.20,-11.85,-12.12,-12.20,-12.34,-12.26,-12.12,-12.04,-12.61,-12.39,-12.12,-12.26,-11.98,-12.34,-12.48,-12.56,-12.48,-12.48,-12.70,-12.56,-12.39,-12.04,-12.39,-12.48,-12.39,-12.04,-12.48,-12.34,-12.34
-12.48,-13.06,-12.83,-12.48,-12.70,-12.56,-12.70,-12.61,-12.56,-12.34,-12.39,-12.39,-12.70,-12.12,-12.48,-12.56,-12.39,-12.34,-12.48,-11.85,-12.26,-12.20,-12.39,-12.39,-12.04,-11.90,-12.04,-12.39,-12.39,-11.90,-12.12,-11.98,-12.34,-12.26,-12.56,-12.12,-12.26,-12.20,-11.85,-12.39,-12.12,-12.12,-12.26,-11.85,-12.20,-12.12,-12.48,-12.34,-12.04,-11.98,-11.68,-12.56,-12.12,-11.98,-11.90,-11.90,-11.85,-12.20,-12.26,-11.90,-12.04,-12.04,-12.34,-12.20,-11.98,-11.90,-12.20,-11.76,-12.04,-11.90,-11.85,-11.90,-12.12,-12.04,-12.04,-12.04,-11.98,-11.68,-11.85,-11.76,-11.55,-12.12,-12.04,-12.12,-11.63,-11.55,-11.55,-11.68,-11.68,-11.36,-11.76,-11.41,-11.68,-11.49,-11.41,-11.55,-11.19,-11.49,-11.36,-11.55,-11.14,-11.27,-11.00,-11.00,-11.14,-11.06,-11.00,-11.14,-11.00,-11.36,-11.36,-11.63,-11.55,-11.49,-11.41,-11.55,-11.55,-11.41,-11.76,-11.63,-11.55,-11.19,-11.49,-11.63,-11.63,-11.63,-11.41,-11.19,-11.49,-11.41,-11.36,-11.68,-11.55,-11.68,-11.76,-11.63,-11.68,-11.68,-11.63,-11.41,-11.14,-10.84,-10.71,-10.65,-10.71,-10.79,-10.30,-10.84,-10.79,-11.00,-11.14,-10.57,-10.71,-11.06,-10.71,-11.36,-11.63,-11.55,-11.19,-11.19,-11.14,-11.27,-11.19,-10.92,-11.41,-10.92,-10.84,-11.00,-10.71,-10.65,-10.65,-10.71,-10.57,-10.71,-10.17,-10.65,-10.04,-9.90,-9.48,-9.08,-8.87,-8.74,-8.48,-8.95,-8.74,-8.82,-9.00,-8.87,-9.42,-9.42,-9.16,-9.08,-9.08,-9.29,-8.95,-8.14,-8.21,-7.75,-8.27,-8.61,-9.00,-9.00,-9.21,-9.56,-9.48,-9.29,-9.29,-9.08,-9.08,-8.95,-9.21,-9.35,-9.82,-9.61,-9.48,-9.42,-9.48,-9.48,-9.90,-9.61,-9.82,-10.04,-10.52,-10.79,-10.84,-10.79,-10.44,-10.79,-10.71,-10.71,-11.19,-10.79,-10.71,-11.06,-10.92,-11.36,-10.79,-11.06,-11.14,-11.14,-11.27,-11.63,-11.14,-11.14,-11.14,-11.27,-11.14,-11.06,-11.36,-11.55,-11.19,-11.49,-11.27,-11.49,-11.98,-11.63,-11.63,-11.55,-11.76,-11.63,-11.76,-11.55,-11.55,-11.55,-11.63,-11.63,-11.55,-11.76,-11.68,-11.36,-11.19,-11.68,-11.85,-11.41,-11.76,-11.63,-11.76,-11.49,-11.41,-11.68,-11.49,-11.63,-11.85,-11.63,-11.90,-11.55,-11.68,-11.49,-11.63,-11.76,-11.63,-11.76,-11.68,-11.68,-11.49,-11.36,-11.63,-11.68,-11.68,-11.14,-11.55,-11.68,-11.55,-11.27,-11.68,-11.55,-11.49,-11.55,-11.55,-11.55,-11.85,-11.90,-11.63,-11.68,-11.68,-11.63,-11.76,-11.76,-11.68,-11.98,-11.85,-11.85,-11.63,-11.76,-11.90,-11.49,-12.04,-11.76,-11.55,-12.12,-12.12,-12.20,-12.04,-12.26,-11.98,-12.04,-12.34,-11.98,-12.04,-12.04,-11.90,-12.61,-12.12,-11.98,-11.90,-12.20,-12.34,-12.20,-12.34,-12.39,-12.12,-12.26,-12.04,-12.39,-11.90,-12.34,-12.34,-12.48,-12.12,-12.39,-12.34,-12.83,-12.56,-12.26,-12.12,-12.39,-12.20,-12.04,-12.20,-12.34,-12.20,-12.34,-12.39,-12.39,-12.26,-12.61,-12.56,-12.39,-12.12,-12.78,-12.70,-12.04
-12.61,-12.70,-12.78,-12.61,-12.48,-12.56,-12.39,-12.20,-12.48,-12.83,-12.20,-12.26,-12.92,-12.56,-12.61,-12.56,-12.12,-12.20,-12.20,-12.70,-12.34,-12.34,-12.04,-12.48,-12.34,-12.34,-12.48,-12.04,-12.34,-11.98,-12.61,-12.26,-12.04,-12.39,-11.85,-11.98,-12.48,-11.90,-12.48,-12.34,-12.34,-12.20,-12.20,-12.12,-11.90,-12.26,-12.39,-12.26,-11.98,-12.04,-12.12,-12.34,-12.26,-12.20,-11.98,-11.90,-12.12,-11.90,-11.98,-11.90,-12.04,-12.26,-12.26,-12.34,-12.12,-11.98,-12.04,-12.12,-12.12,-11.85,-11.76,-12.26,-11.98,-11.98,-12.26,-11.55,-11.90,-11.90,-11.90,-12.12,-11.41,-11.76,-11.55,-11.98,-11.63,-11.85,-12.12,-11.98,-12.04,-12.04,-11.63,-11.63,-11.90,-11.63,-11.63,-11.63,-11.49,-11.76,-11.41,-11.49,-11.14,-11.06,-11.06,-11.41,-11.36,-11.55,-10.92,-11.00,-11.41,-11.55,-11.49,-11.41,-10.92,-11.27,-11.19,-11.14,-11.41,-11.41,-11.49,-11.55,-11.49,-11.55,-11.55,-11.55,-11.63,-11.98,-11.68,-11.85,-11.76,-11.36,-11.55,-11.41,-11.49,-11.63,-11.55,-11.55,-11.68,-11.63,-11.55,-11.63,-11.49,-11.27,-11.36,-10.84,-10.84,-10.79,-11.19,-10.57,-11.00,-10.79,-11.00,-10.79,-10.84,-11.19,-11.06,-11.14,-11.14,-11.27,-11.19,-11.19,-11.19,-11.41,-10.84,-11.19,-11.00,-11.06,-10.79,-10.71,-10.79,-10.92,-11.06,-10.84,-10.52,-10.65,-10.44,-10.52,-10.44,-10.17,-9.90,-9.48,-9.61,-8.82,-8.53,-9.00,-8.74,-8.82,-8.95,-8.95,-9.16,-9.16,-8.74,-9.16,-9.21,-9.35,-8.74,-8.40,-8.14,-8.14,-8.27,-8.74,-8.95,-8.95,-9.08,-9.29,-9.21,-9.42,-9.48,-9.00,-9.00,-9.35,-9.48,-9.35,-9.48,-9.48,-9.77,-9.48,-8.87,-9.69,-9.61,-9.77,-9.90,-10.44,-10.65,-11.00,-10.79,-10.44,-10.52,-11.06,-10.79,-10.71,-10.92,-11.00,-11.00,-10.79,-11.06,-10.71,-11.14,-11.14,-11.36,-11.06,-11.06,-11.49,-11.14,-11.36,-11.06,-11.55,-11.36,-11.49,-11.36,-11.55,-11.76,-11.49,-11.27,-11.41,-11.27,-11.63,-11.19,-11.85,-11.85,-11.63,-11.49,-11.27,-11.63,-11.41,-11.55,-11.19,-11.19,-11.19,-11.63,-11.55,-11.55,-11.55,-11.49,-11.14,-11.41,-11.63,-11.63,-11.27,-11.49,-11.63,-11.68,-11.68,-11.85,-11.63,-11.63,-11.68,-11.36,-11.63,-11.55,-11.41,-11.63,-11.14,-11.41,-11.49,-11.41,-11.49,-11.27,-11.41,-11.41,-11.49,-11.41,-11.36,-11.68,-11.49,-11.63,-11.36,-11.41,-11.76,-11.41,-11.68,-11.90,-11.63,-11.41,-11.68,-11.76,-11.98,-11.41,-11.68,-11.55,-11.49,-11.55,-11.76,-12.04,-11.98,-12.04,-11.68,-12.20,-11.90,-12.12,-11.76,-11.90,-12.20,-11.98,-12.20,-12.26,-12.12,-12.20,-11.98,-11.85,-12.12,-11.68,-12.26,-12.26,-12.26,-12.20,-12.26,-12.20,-12.20,-12.48,-12.39,-12.39,-12.34,-12.26,-12.20,-12.20,-11.68,-12.48,-12.20,-12.48,-12.12,-12.12,-12.34,-12.39,-12.48,-12.34,-12.34,-12.34,-12.48,-12.61,-12.56,-12.39,-12.56,-12.34,-12.39,-12.56,-12.70,-12.48,-12.04,-12.70,-12.70,-12.61,-12.61
-12.56,-12.48,-12.34,-12.56,-12.61,-12.83,-12.48,-12.34,-12.78,-12.39,-12.56,-12.61,-12.70,-12.12,-12.56,-12.34,-12.04,-12.48,-12.48,-12.39,-12.48,-12.48,-12.56,-12.26,-12.04,-12.34,-12.34,-12.26,-12.20,-12.34,-12.34,-12.34,-12.48,-12.12,-12.26,-12.12,-12.39,-12.20,-12.26,-12.20,-12.26,-12.56,-12.26,-12.12,-12.34,-12.39,-12.12,-12.26,-12.12,-11.90,-11.98,-11.98,-11.68,-11.98,-11.98,-11.98,-12.04,-12.04,-11.98,-12.20,-12.04,-12.04,-12.04,-12.12,-11.90,-11.68,-11.90,-11.98,-12.04,-11.98,-12.26,-11.76,-12.12,-11.90,-11.90,-11.55,-11.98,-12.04,-11.90,-11.68,-11.85,-11.63,-11.98,-12.04,-11.68,-11.49,-11.85,-11.68,-11.68,-11.90,-11.90,-11.63,-11.76,-11.98,-11.55,-11.68,-11.68,-11.41,-11.68,-11.19,-11.00,-11.19,-11.19,-11.19,-11.00,-11.14,-11.19,-11.06,-10.84,-11.06,-11.14,-11.41,-11.27,-11.41,-11.19,-11.27,-11.06,-11.41,-11.49,-11.36,-11.63,-11.63,-11.36,-11.41,-11.63,-11.36,-11.85,-11.19,-11.41,-11.36,-11.41,-11.27,-11.68,-11.55,-11.76,-11.68,-11.85,-11.36,-11.76,-11.76,-11.76,-11.41,-11.41,-11.36,-11.06,-11.06,-10.79,-10.79,-10.71,-10.65,-10.57,-10.79,-11.00,-11.27,-10.71,-10.79,-11.00,-11.06,-11.49,-11.41,-11.19,-11.27,-11.00,-10.84,-11.14,-11.06,-10.92,-10.79,-10.65,-10.57,-10.57,-11.00,-10.71,-10.52,-10.65,-10.65,-10.57,-10.71,-9.96,-9.35,-9.16,-8.87,-8.82,-8.40,-8.69,-8.69,-8.82,-8.69,-9.29,-9.00,-9.21,-9.08,-9.48,-8.95,-8.95,-8.61,-7.93,-8.35,-8.27,-8.69,-8.82,-9.16,-9.42,-9.48,-9.35,-9.56,-9.35,-8.74,-8.95,-9.35,-9.42,-9.29,-9.29,-9.42,-9.08,-9.21,-9.56,-9.42,-9.56,-9.61,-10.44,-10.57,-10.52,-10.65,-10.52,-10.84,-11.14,-10.44,-10.84,-10.79,-10.84,-10.92,-10.79,-11.27,-11.06,-11.06,-11.00,-11.06,-11.19,-11.49,-11.36,-11.27,-11.27,-11.00,-11.00,-11.19,-11.36,-11.06,-11.27,-11.63,-11.76,-11.27,-11.06,-11.19,-11.76,-11.55,-11.55,-11.41,-11.63,-11.49,-11.85,-11.36,-11.36,-11.68,-11.41,-11.63,-11.63,-11.55,-11.76,-11.49,-11.63,-11.68,-11.76,-11.41,-11.49,-11.55,-11.27,-11.19,-11.63,-11.68,-11.68,-11.85,-11.76,-11.63,-11.68,-11.55,-11.68,-11.55,-11.68,-11.49,-11.36,-11.27,-11.55,-11.19,-11.27,-11.41,-11.55,-11.27,-11.49,-11.49,-11.68,-11.76,-11.55,-11.49,-11.36,-11.63,-11.68,-11.85,-11.76,-11.36,-11.76,-11.68,-11.68,-11.63,-11.55,-11.76,-11.76,-11.68,-12.04,-11.63,-11.98,-11.76,-12.04,-11.98,-11.98,-11.98,-12.26,-11.90,-12.12,-12.12,-11.98,-11.85,-11.90,-12.34,-12.04,-11.90,-12.12,-12.20,-12.20,-12.56,-12.12,-12.26,-11.85,-11.85,-11.98,-11.98,-12.12,-12.26,-12.20,-12.34,-12.20,-12.04,-12.39,-11.98,-12.26,-12.20,-12.26,-12.48,-12.48,-12.04,-12.12,-12.26,-12.48,-12.20,-12.61,-12.12,-12.34,-12.34,-12.61,-12.39,-12.12,-12.26,-12.48,-12.61,-12.26,-12.39,-12.70,-12.12,-12.34,-12.48,-12.61,-12.39
-12.78,-12.70,-12.48,-12.34,-12.34,-12.56,-12.56,-12.56,-12.48,-12.56,-12.61,-12.26,-12.12,-12.56,-12.39,-12.48,-12.56,-12.20,-12.12,-12.56,-12.34,-12.20,-12.48,-12.34,-12.34,-12.56,-11.90,-12.48,-12.20,-12.20,-12.20,-12.34,-12.34,-12.26,-12.04,-12.26,-12.34,-12.04,-12.26,-12.26,-12.04,-11.90,-11.90,-12.26,-11.98,-12.39,-12.26,-12.34,-12.20,-12.04,-12.12,-12.12,-12.20,-12.04,-12.34,-11.90,-12.20,-12.04,-11.85,-11.90,-12.12,-11.85,-12.12,-12.20,-12.12,-12.20,-11.85,-11.90,-12.12,-11.90,-11.85,-11.76,-12.04,-12.20,-11.90,-12.12,-12.04,-11.90,-12.04,-11.98,-11.63,-12.12,-11.98,-11.49,-11.85,-11.63,-11.55,-11.63,-11.98,-12.12,-11.76,-11.76,-11.98,-11.90,-11.85,-11.55,-11.85,-11.68,-11.49,-11.63,-11.36,-11.36,-11.41,-11.36,-11.41,-11.68,-11.27,-11.19,-11.27,-11.00,-11.06,-11.55,-11.06,-11.14,-11.06,-11.41,-11.36,-11.06,-11.55,-11.55,-11.49,-11.55,-11.14,-11.55,-11.19,-11.36,-11.36,-11.49,-11.49,-11.27,-11.68,-11.63,-11.36,-11.49,-11.41,-11.63,-12.04,-11.41,-11.55,-11.36,-11.55,-11.41,-11.41,-11.41,-11.19,-11.00,-11.27,-10.52,-10.57,-10.92,-10.92,-10.79,-11.14,-10.52,-10.92,-11.19,-10.92,-10.84,-10.57,-10.92,-11.49,-11.36,-11.14,-10.79,-11.14,-10.92,-11.06,-10.79,-10.65,-10.57,-10.84,-10.44,-10.65,-10.65,-10.22,-10.52,-10.30,-10.09,-9.96,-9.82,-9.42,-9.00,-8.74,-8.48,-8.74,-8.53,-8.74,-8.74,-8.95,-8.69,-9.00,-9.35,-9.00,-8.95,-8.87,-8.69,-8.27,-7.80,-8.27,-8.48,-8.74,-9.00,-8.87,-8.95,-9.42,-9.35,-9.08,-8.95,-9.00,-8.61,-9.48,-8.87,-8.87,-9.08,-9.42,-9.35,-9.00,-9.69,-9.61,-9.77,-10.30,-10.84,-11.00,-10.71,-10.84,-10.92,-10.57,-10.84,-10.57,-10.84,-10.84,-10.65,-10.92,-11.06,-10.79,-11.06,-10.92,-11.00,-11.27,-11.36,-11.27,-10.79,-11.55,-11.14,-11.06,-11.14,-11.55,-11.49,-11.36,-11.27,-11.55,-11.41,-11.68,-11.55,-11.36,-11.27,-11.14,-11.41,-11.76,-11.76,-11.68,-11.55,-11.63,-11.36,-11.63,-11.76,-11.27,-11.06,-11.41,-11.63,-11.36,-11.19,-11.68,-11.55,-11.49,-11.90,-11.41,-11.27,-11.36,-11.41,-11.55,-11.41,-11.55,-11.63,-11.55,-11.41,-11.76,-11.49,-11.49,-11.68,-11.14,-11.49,-11.41,-11.49,-11.49,-11.55,-11.49,-11.49,-11.27,-11.19,-11.63,-11.06,-11.55,-11.55,-11.49,-11.41,-11.19,-11.49,-11.68,-11.49,-11.55,-11.85,-11.98,-11.90,-11.55,-11.55,-11.55,-11.76,-12.12,-11.76,-11.76,-12.04,-11.98,-11.76,-11.85,-12.12,-11.85,-12.56,-12.20,-12.12,-12.34,-12.26,-11.68,-12.04,-12.20,-11.76,-11.76,-12.26,-11.85,-11.90,-12.20,-11.98,-12.04,-11.90,-11.98,-11.98,-12.20,-12.26,-12.20,-12.39,-12.20,-12.34,-12.04,-12.26,-11.98,-12.26,-12.34,-12.39,-12.12,-12.12,-11.98,-12.48,-12.61,-11.90,-12.48,-12.56,-12.48,-12.34,-12.34,-12.12,-12.34,-12.39,-12.48,-12.61,-12.39,-12.12,-12.34,-12.78,-12.26,-12.39,-12.39,-12.39
-12.26,-12.56,-12.48,-12.78,-12.56,-12.61,-12.78,-12.61,-12.39,-12.39,-12.26,-12.34,-12.61,-12.26,-12.12,-12.56,-12.20,-12.56,-12.48,-12.56,-12.12,-12.26,-12.26,-12.04,-12.39,-12.56,-12.34,-12.34,-11.98,-11.90,-12.04,-12.26,-11.98,-12.56,-12.34,-12.34,-11.98,-12.12,-11.98,-12.34,-12.34,-12.39,-12.34,-12.04,-12.12,-12.04,-12.12,-12.39,-12.39,-12.39,-12.04,-12.20,-12.04,-12.26,-11.85,-11.76,-12.04,-11.85,-11.85,-11.76,-12.12,-12.61,-12.12,-12.04,-12.26,-12.04,-12.04,-11.85,-11.76,-12.12,-11.98,-12.12,-11.90,-11.98,-12.04,-12.04,-11.98,-12.04,-11.85,-11.98,-11.98,-12.12,-12.04,-11.63,-11.63,-11.68,-11.68,-11.76,-11.68,-11.98,-11.85,-11.76,-11.85,-11.55,-11.63,-11.76,-11.68,-11.90,-11.68,-11.63,-11.36,-11.27,-11.68,-11.55,-11.85,-11.49,-11.19,-11.41,-11.14,-11.36,-10.71,-11.06,-11.27,-11.00,-11.36,-11.36,-11.00,-11.19,-11.14,-11.27,-11.06,-11.36,-11.49,-11.63,-11.19,-11.63,-11.14,-11.49,-11.63,-11.63,-11.27,-11.55,-11.36,-11.68,-11.36,-11.63,-11.49,-11.63,-11.63,-11.36,-11.36,-11.68,-11.27,-11.06,-11.41,-11.27,-11.19,-11.06,-10.84,-10.57,-10.71,-11.06,-10.79,-10.79,-10.84,-11.19,-11.06,-11.00,-11.00,-11.14,-10.92,-11.36,-11.49,-10.92,-11.36,-10.79,-10.79,-10.57,-10.57,-10.52,-10.65,-10.79,-10.84,-10.57,-10.38,-10.65,-10.65,-10.22,-10.30,-10.09,-10.09,-9.42,-9.00,-8.87,-8.48,-8.61,-8.69,-8.27,-8.87,-9.08,-9.00,-8.95,-9.00,-9.00,-8.74,-8.06,-8.35,-8.01,-8.14,-8.61,-8.87,-9.00,-8.69,-9.08,-9.35,-9.29,-9.29,-8.87,-8.82,-8.95,-9.48,-9.00,-8.95,-9.35,-9.29,-9.08,-9.61,-10.04,-9.82,-10.52,-10.84,-10.44,-10.44,-11.00,-10.79,-10.84,-10.79,-11.14,-10.71,-10.57,-11.14,-11.06,-10.79,-10.84,-11.49,-11.00,-11.06,-11.19,-11.14,-11.36,-11.06,-11.27,-11.36,-11.36,-11.36,-11.19,-11.55,-11.27,-11.63,-11.36,-11.55,-11.19,-11.68,-11.49,-11.68,-11.63,-11.63,-11.68,-11.49,-11.14,-11.36,-11.49,-11.41,-11.49,-11.55,-11.36,-11.49,-11.27,-11.55,-11.27,-11.55,-11.41,-11.41,-11.55,-11.41,-11.55,-11.49,-11.55,-11.90,-11.63,-11.36,-11.55,-11.63,-11.49,-11.85,-11.14,-11.49,-11.41,-11.00,-11.63,-11.55,-11.14,-11.27,-11.55,-11.27,-11.68,-11.55,-11.27,-11.85,-11.41,-11.55,-11.36,-11.49,-10.92,-11.27,-11.36,-11.68,-12.04,-11.76,-11.98,-12.12,-11.63,-11.85,-11.63,-12.12,-11.68,-11.85,-12.12,-11.98,-12.26,-12.12,-11.90,-11.85,-12.20,-11.85,-11.98,-12.26,-12.20,-12.12,-12.12,-12.20,-12.04,-12.12,-11.90,-12.04,-12.34,-12.34,-12.20,-11.90,-12.26,-11.76,-12.48,-12.20,-12.04,-12.20,-12.34,-12.20,-12.12,-12.26,-12.34,-12.04,-12.48,-12.34,-12.26,-12.26,-12.48,-12.56,-12.48,-11.98,-12.39,-12.61,-12.39,-12.39,-12.61,-12.39,-12.34,-12.48,-12.20,-12.61,-12.39,-12.39,-12.39,-12.70,-12.48,-12.39,-12.39,-12.48,-12.48,-12.56,-12.26,-12.48,-12.48
-12.70,-12.70,-12.70,-12.56,-12.61,-12.70,-12.56,-12.26,-12.20,-12.78,-12.56,-12.56,-12.78,-12.39,-12.12,-12.48,-12.26,-12.20,-12.20,-12.39,-12.26,-12.48,-12.20,-12.56,-12.39,-11.98,-12.04,-11.98,-12.12,-12.34,-12.26,-12.20,-12.39,-11.98,-12.20,-12.20,-12.04,-11.76,-12.04,-12.20,-12.26,-11.98,-11.98,-12.20,-12.04,-12.20,-12.39,-12.12,-12.34,-12.34,-11.90,-11.98,-11.98,-12.39,-11.98,-11.98,-12.39,-11.90,-12.20,-11.98,-11.85,-11.90,-11.63,-12.12,-11.90,-12.12,-12.39,-12.20,-11.98,-12.04,-11.68,-11.85,-11.90,-11.90,-12.04,-11.90,-11.90,-11.98,-12.20,-11.68,-11.85,-11.68,-11.85,-11.98,-11.85,-11.90,-11.41,-11.98,-11.63,-11.68,-12.04,-12.04,-11.76,-11.98,-11.68,-11.68,-11.68,-11.76,-11.49,-11.68,-11.36,-11.63,-11.41,-11.55,-12.04,-11.49,-11.41,-11.36,-11.90,-11.14,-11.41,-11.36,-11.19,-11.14,-10.84,-11.27,-11.19,-11.14,-11.06,-11.55,-11.00,-11.19,-11.19,-11.19,-11.27,-11.76,-11.19,-11.19,-11.36,-11.63,-11.68,-11.19,-11.68,-11.27,-11.27,-11.36,-11.68,-11.76,-11.55,-11.27,-11.41,-11.41,-11.63,-11.19,-11.55,-11.41,-11.27,-11.14,-11.36,-10.71,-10.52,-10.84,-10.92,-10.71,-10.84,-10.71,-11.00,-10.84,-11.06,-10.84,-11.14,-11.14,-11.00,-11.06,-11.41,-11.14,-11.00,-10.65,-10.84,-10.79,-10.65,-10.65,-10.65,-10.71,-10.79,-10.44,-10.38,-10.38,-10.38,-10.17,-9.96,-9.69,-8.74,-8.95,-8.06,-8.48,-8.48,-8.82,-8.82,-8.82,-8.82,-8.95,-9.35,-8.82,-8.74,-8.40,-7.88,-7.80,-8.14,-8.06,-8.27,-8.74,-8.95,-9.00,-9.08,-9.29,-9.00,-9.08,-8.95,-8.95,-9.16,-8.95,-8.95,-9.21,-9.42,-9.61,-9.82,-9.42,-9.69,-10.44,-10.84,-10.65,-10.65,-10.84,-11.06,-10.84,-10.71,-10.71,-11.19,-10.65,-10.92,-11.00,-11.14,-11.14,-11.14,-11.14,-11.06,-11.14,-11.41,-11.19,-11.19,-11.19,-11.36,-11.14,-11.19,-11.19,-11.63,-11.49,-11.49,-11.55,-11.63,-11.36,-11.27,-11.14,-11.55,-11.36,-11.49,-11.63,-11.76,-11.36,-11.36,-11.49,-11.49,-11.76,-11.63,-11.36,-11.63,-11.41,-11.41,-11.63,-11.36,-11.49,-11.76,-11.55,-11.55,-11.63,-11.68,-11.55,-11.90,-11.27,-11.76,-11.19,-11.68,-11.49,-11.19,-11.68,-11.41,-11.41,-11.36,-11.55,-11.63,-11.27,-11.49,-11.14,-11.14,-11.63,-11.55,-11.41,-11.41,-11.19,-11.90,-11.36,-11.55,-11.49,-11.63,-11.49,-11.63,-11.55,-11.85,-11.63,-11.90,-11.63,-11.63,-11.49,-12.20,-11.85,-11.76,-12.04,-11.90,-12.20,-11.90,-11.98,-11.98,-11.98,-11.90,-12.04,-11.98,-12.04,-12.34,-11.85,-12.12,-11.85,-12.04,-11.98,-12.04,-12.12,-11.98,-11.76,-11.85,-12.34,-12.20,-11.98,-12.12,-12.26,-12.39,-12.12,-12.20,-12.26,-12.39,-12.48,-11.98,-12.34,-11.90,-12.26,-12.20,-12.61,-12.04,-12.34,-12.12,-12.26,-12.20,-12.48,-12.34,-12.04,-12.34,-12.20,-12.48,-12.26,-12.39,-12.12,-12.34,-12.83,-12.56,-12.56,-12.61,-12.48,-12.48,-12.56,-12.48,-12.70,-12.78,-12.92
-12.56,-12.48,-12.92,-12.70,-12.92,-12.92,-12.34,-12.39,-12.26,-12.61,-12.20,-12.48,-12.26,-12.61,-12.34,-12.34,-12.26,-12.26,-12.56,-12.39,-12.39,-12.34,-12.26,-11.98,-11.98,-12.04,-12.12,-12.48,-12.26,-11.90,-12.34,-12.39,-11.90,-11.98,-12.34,-12.34,-12.04,-12.12,-11.90,-12.26,-12.34,-11.85,-11.98,-12.39,-12.04,-12.26,-12.12,-12.04,-11.68,-12.26,-12.20,-12.20,-12.04,-12.04,-11.90,-12.20,-12.12,-12.04,-12.20,-12.12,-12.04,-11.90,-11.85,-11.98,-12.12,-11.68,-11.85,-11.90,-11.90,-12.26,-12.20,-12.04,-11.90,-12.12,-11.85,-11.68,-12.04,-12.04,-11.76,-11.85,-11.76,-12.20,-12.12,-11.90,-11.90,-11.49,-12.12,-11.98,-11.98,-11.90,-11.76,-11.76,-11.90,-11.76,-11.63,-11.76,-11.76,-11.41,-12.12,-11.63,-11.76,-11.55,-11.41,-11.85,-11.49,-11.63,-11.63,-11.49,-11.36,-11.49,-11.49,-11.76,-11.55,-11.49,-10.92,-11.41,-11.19,-10.79,-11.14,-11.41,-11.36,-11.27,-11.27,-11.41,-11.63,-11.06,-11.41,-11.36,-11.41,-11.19,-11.49,-11.76,-11.49,-11.14,-11.49,-11.41,-11.36,-11.49,-11.76,-11.49,-11.41,-11.49,-11.63,-11.49,-11.36,-11.76,-11.55,-11.27,-11.36,-11.76,-11.27,-10.71,-10.84,-10.84,-10.71,-10.71,-10.84,-10.71,-11.06,-11.14,-10.84,-11.19,-11.00,-10.84,-10.92,-10.79,-11.00,-10.71,-10.84,-10.65,-10.57,-10.65,-10.71,-10.71,-10.52,-10.22,-10.65,-10.52,-10.17,-10.52,-9.90,-9.48,-9.35,-8.69,-8.69,-8.14,-8.87,-8.48,-8.69,-8.74,-8.87,-9.16,-8.82,-8.95,-8.40,-7.88,-8.06,-7.93,-7.88,-7.93,-8.21,-8.40,-8.53,-9.00,-8.82,-9.00,-8.95,-8.87,-8.95,-8.95,-8.95,-8.87,-9.00,-9.35,-9.08,-9.90,-9.56,-9.90,-10.57,-10.71,-10.71,-10.65,-10.79,-10.84,-10.71,-10.71,-10.57,-10.84,-10.84,-10.84,-10.79,-10.79,-10.92,-11.06,-11.06,-10.84,-11.14,-11.06,-11.27,-11.06,-11.19,-11.36,-11.06,-11.00,-11.19,-11.41,-11.36,-11.55,-11.00,-11.36,-11.19,-11.27,-11.36,-11.49,-11.63,-11.49,-11.68,-11.49,-11.19,-11.49,-11.27,-11.19,-11.36,-11.06,-11.19,-11.14,-11.00,-11.19,-11.55,-11.41,-11.76,-11.68,-11.41,-11.63,-11.49,-11.55,-11.55,-11.68,-11.63,-11.14,-11.68,-11.41,-11.41,-11.55,-11.06,-11.41,-11.55,-11.14,-11.41,-11.49,-11.55,-11.41,-11.90,-11.00,-11.27,-11.41,-11.76,-11.49,-11.36,-11.49,-11.36,-11.49,-11.55,-11.41,-11.41,-11.41,-11.49,-11.68,-11.41,-11.76,-11.85,-11.55,-11.63,-12.04,-11.68,-12.04,-11.68,-11.76,-11.68,-11.68,-11.98,-12.04,-12.12,-12.12,-11.90,-11.90,-12.04,-11.85,-11.55,-12.20,-11.90,-12.12,-12.12,-11.85,-11.68,-11.98,-12.20,-12.12,-12.04,-12.12,-12.12,-12.34,-12.34,-12.12,-12.26,-12.20,-12.20,-12.48,-12.39,-12.39,-12.48,-12.20,-12.04,-12.26,-12.26,-12.04,-12.26,-12.39,-12.20,-11.98,-12.26,-12.48,-12.34,-12.26,-12.39,-12.56,-12.39,-12.61,-12.12,-12.39,-12.26,-12.56,-12.61,-12.39,-12.48,-12.26,-12.26,-12.34,-12.39,-12.70,-12.48,-12.56
-12.48,-12.61,-12.39,-12.48,-12.48,-12.34,-12.56,-12.34,-12.48,-12.39,-12.56,-12.56,-12.70,-12.26,-12.39,-12.78,-12.48,-12.39,-12.26,-12.39,-12.83,-12.26,-12.56,-12.34,-12.12,-12.04,-12.26,-12.48,-12.20,-12.26,-11.90,-12.20,-12.04,-12.39,-12.61,-11.98,-12.39,-12.04,-12.39,-12.12,-12.39,-12.04,-12.48,-12.34,-12.12,-11.98,-12.34,-12.26,-11.90,-11.98,-12.34,-12.39,-12.26,-12.34,-11.98,-11.98,-11.98,-11.98,-11.85,-12.12,-12.20,-12.20,-12.26,-12.04,-12.12,-12.34,-12.20,-11.98,-12.26,-11.90,-11.98,-12.20,-12.26,-12.20,-11.90,-11.49,-11.98,-12.12,-11.85,-12.04,-12.26,-11.90,-11.98,-11.90,-11.55,-12.04,-11.63,-11.68,-11.98,-11.90,-11.85,-11.90,-11.49,-11.63,-11.49,-11.49,-11.68,-11.55,-11.76,-11.85,-11.55,-11.63,-11.49,-11.90,-11.55,-11.68,-11.90,-11.68,-11.49,-11.68,-11.55,-11.55,-11.63,-11.49,-11.49,-11.49,-11.14,-11.14,-11.36,-11.49,-11.49,-11.49,-11.41,-11.55,-11.41,-11.19,-11.49,-11.55,-11.36,-11.19,-11.41,-11.41,-11.41,-11.27,-11.27,-11.55,-11.55,-11.14,-11.36,-11.41,-11.19,-11.19,-11.36,-11.55,-11.36,-11.63,-11.36,-11.36,-11.36,-11.49,-11.76,-11.27,-11.19,-11.19,-10.79,-10.84,-11.00,-10.84,-10.92,-10.57,-10.52,-11.06,-11.36,-10.57,-11.19,-10.92,-10.71,-10.57,-11.00,-10.65,-10.65,-10.71,-10.52,-10.84,-10.57,-10.65,-10.52,-10.71,-10.09,-10.22,-10.09,-9.96,-9.56,-8.82,-8.40,-8.27,-8.27,-8.61,-8.69,-8.69,-8.74,-9.00,-9.00,-8.74,-8.82,-8.21,-7.80,-8.01,-7.62,-7.88,-8.48,-8.69,-8.87,-9.29,-8.74,-8.82,-8.95,-9.08,-8.87,-8.82,-8.74,-8.95,-9.21,-9.08,-9.35,-9.90,-9.77,-9.82,-10.57,-10.57,-10.84,-10.57,-10.57,-10.79,-10.57,-10.71,-10.71,-10.79,-10.84,-11.27,-11.14,-11.14,-10.92,-11.27,-11.27,-11.19,-11.00,-11.36,-11.27,-11.55,-10.92,-11.00,-11.27,-11.19,-11.27,-11.27,-11.27,-11.36,-11.68,-11.55,-11.27,-11.36,-11.55,-11.55,-11.19,-11.41,-11.41,-11.49,-11.68,-11.49,-11.36,-11.36,-11.49,-11.49,-11.63,-11.55,-11.36,-11.27,-11.76,-11.41,-11.68,-11.27,-11.55,-11.41,-11.36,-11.49,-11.27,-11.14,-11.49,-11.49,-11.49,-11.49,-11.63,-11.36,-11.49,-11.68,-11.36,-11.49,-11.68,-11.63,-11.68,-11.49,-11.49,-11.49,-11.49,-11.36,-11.76,-11.55,-11.90,-11.49,-11.36,-11.55,-11.49,-11.49,-11.90,-11.55,-11.90,-11.76,-12.04,-11.68,-11.85,-11.90,-12.04,-11.90,-11.98,-11.68,-12.12,-11.76,-12.12,-12.04,-12.20,-12.26,-11.98,-12.20,-11.90,-12.04,-12.12,-12.26,-12.20,-12.04,-11.98,-11.85,-11.85,-11.98,-11.90,-11.68,-12.26,-11.98,-12.26,-12.26,-12.04,-12.12,-11.68,-12.39,-11.90,-12.04,-12.61,-12.20,-12.39,-12.48,-12.26,-12.20,-12.39,-12.56,-12.39,-12.34,-12.39,-12.20,-12.34,-12.48,-12.26,-12.20,-12.34,-12.12,-12.34,-12.12,-11.98,-12.20,-12.04,-12.12,-12.26,-12.56,-12.61,-12.61,-12.34,-12.20,-12.48,-12.48,-12.56,-12.39,-12.61,-12.56
-12.56,-12.26,-12.78,-12.61,-12.78,-12.26,-12.56,-12.39,-12.61,-12.56,-12.83,-12.04,-12.20,-12.61,-12.34,-12.34,-12.48,-12.39,-12.48,-12.56,-12.61,-12.20,-12.48,-12.39,-12.20,-11.90,-12.12,-12.26,-12.34,-12.12,-12.39,-12.04,-12.12,-12.12,-12.26,-12.12,-12.12,-12.04,-12.04,-12.12,-11.90,-11.55,-12.48,-12.39,-11.90,-12.39,-12.20,-12.04,-12.20,-11.98,-12.04,-11.98,-12.26,-11.76,-11.98,-11.68,-11.98,-11.85,-11.85,-11.90,-12.12,-11.90,-11.90,-11.98,-11.68,-11.98,-12.48,-11.90,-12.04,-11.85,-11.76,-11.98,-12.04,-12.12,-11.98,-11.85,-12.34,-11.98,-11.90,-11.76,-11.68,-11.98,-12.12,-11.98,-11.76,-11.85,-12.04,-11.85,-11.55,-11.76,-11.85,-11.76,-11.68,-11.49,-11.85,-11.49,-12.12,-11.76,-11.85,-11.68,-11.63,-11.98,-11.85,-11.36,-11.55,-11.68,-11.76,-11.55,-11.27,-11.63,-11.55,-11.63,-11.68,-11.55,-11.41,-11.55,-11.55,-11.76,-11.85,-11.68,-11.63,-11.14,-11.36,-11.14,-11.41,-11.19,-11.63,-11.19,-11.36,-11.27,-11.19,-11.27,-11.41,-11.14,-11.49,-11.36,-11.36,-11.36,-11.19,-11.63,-11.27,-11.27,-11.36,-11.63,-11.27,-11.27,-11.68,-11.27,-11.49,-11.14,-11.19,-11.27,-11.27,-11.00,-10.92,-11.06,-11.06,-11.06,-11.06,-11.06,-11.00,-10.92,-10.71,-10.57,-11.19,-11.06,-10.92,-10.71,-11.00,-10.52,-10.44,-10.71,-10.79,-11.00,-10.57,-10.79,-10.38,-10.65,-10.30,-10.57,-9.96,-9.82,-9.61,-9.21,-8.82,-8.40,-8.40,-8.74,-8.74,-8.21,-8.87,-8.95,-8.69,-8.87,-8.21,-8.06,-7.88,-7.75,-7.62,-7.75,-8.21,-8.40,-8.61,-9.08,-8.95,-8.87,-9.35,-8.95,-8.87,-9.00,-8.87,-9.29,-9.42,-9.00,-9.42,-9.77,-9.82,-10.17,-10.52,-10.52,-10.57,-10.65,-10.79,-10.79,-10.65,-10.44,-10.92,-10.79,-10.71,-10.79,-11.36,-11.00,-11.19,-11.00,-11.14,-11.14,-11.00,-11.19,-11.49,-11.19,-11.19,-11.41,-11.00,-11.00,-11.00,-11.06,-11.49,-11.27,-11.19,-11.55,-11.55,-11.14,-11.49,-11.41,-11.63,-11.41,-11.68,-11.41,-11.63,-11.76,-11.41,-11.06,-11.27,-11.76,-11.68,-11.19,-11.49,-11.36,-11.41,-11.55,-11.27,-11.41,-11.49,-11.68,-11.76,-11.63,-11.41,-11.49,-11.63,-11.19,-11.19,-11.55,-11.41,-11.68,-11.41,-11.49,-11.49,-11.63,-11.49,-11.63,-11.55,-11.68,-11.68,-11.63,-11.68,-11.41,-11.63,-11.49,-11.49,-11.49,-11.55,-11.49,-11.90,-11.63,-11.76,-11.98,-11.68,-11.63,-11.68,-11.76,-11.68,-11.68,-11.90,-12.04,-12.12,-11.90,-12.04,-11.85,-12.20,-12.12,-11.98,-11.76,-12.04,-11.49,-12.12,-12.12,-11.90,-11.90,-11.76,-11.90,-12.04,-12.20,-11.98,-11.85,-12.34,-12.20,-12.20,-11.90,-11.76,-12.12,-11.98,-12.04,-12.12,-12.26,-11.90,-12.26,-12.20,-12.04,-11.98,-12.04,-12.34,-12.20,-12.20,-12.48,-11.98,-12.20,-12.20,-12.26,-12.26,-12.04,-11.90,-12.26,-12.20,-12.61,-12.39,-12.34,-12.39,-12.39,-12.26,-12.26,-12.56,-12.04,-12.39,-12.70,-12.26,-12.34,-12.34,-12.70,-12.70,-12.39,-12.83,-12.34
-12.78,-12.48,-12.39,-12.70,-12.83,-12.34,-12.61,-12.56,-12.48,-12.48,-12.34,-12.48,-12.26,-12.12,-12.39,-12.78,-12.39,-12.39,-12.39,-12.34,-12.39,-12.39,-12.39,-12.12,-12.34,-12.39,-12.12,-12.39,-12.04,-12.04,-12.34,-11.98,-12.39,-12.04,-12.48,-11.98,-12.26,-12.34,-11.98,-11.98,-12.12,-12.48,-11.90,-11.85,-12.48,-12.12,-11.85,-12.26,-12.20,-11.98,-12.04,-12.26,-12.04,-12.48,-12.04,-12.04,-11.90,-11.90,-12.04,-11.76,-12.12,-12.26,-11.90,-12.39,-12.04,-11.85,-12.12,-11.98,-11.98,-11.90,-12.04,-11.90,-12.12,-11.68,-11.76,-11.85,-11.98,-12.04,-12.04,-11.90,-11.98,-12.04,-11.76,-11.98,-11.68,-11.76,-11.85,-11.63,-11.90,-11.68,-11.76,-12.04,-11.76,-11.63,-11.85,-11.55,-11.68,-11.63,-11.63,-11.49,-11.90,-11.63,-11.55,-11.41,-11.68,-11.85,-11.55,-11.41,-11.55,-11.49,-11.49,-11.85,-11.55,-11.76,-11.76,-11.49,-11.68,-11.49,-11.90,-11.63,-11.68,-11.49,-11.49,-11.49,-11.27,-11.76,-11.19,-11.19,-11.27,-11.36,-11.85,-11.49,-11.68,-11.41,-11.41,-11.49,-11.06,-11.19,-11.27,-11.63,-11.19,-11.19,-11.19,-11.49,-11.41,-11.41,-11.49,-11.41,-11.41,-11.41,-11.55,-11.00,-11.36,-11.49,-11.14,-11.06,-10.79,-10.65,-11.06,-11.06,-10.71,-11.00,-11.06,-10.84,-11.14,-10.79,-10.71,-10.52,-10.57,-10.79,-10.71,-10.84,-10.57,-10.38,-10.79,-10.38,-10.57,-10.52,-10.38,-10.22,-10.38,-10.30,-9.96,-9.42,-8.74,-8.48,-8.40,-8.61,-8.69,-8.35,-8.69,-8.87,-8.61,-8.27,-8.35,-7.93,-7.80,-7.28,-7.54,-7.67,-7.93,-8.21,-8.21,-8.69,-8.74,-8.82,-8.69,-8.35,-8.53,-8.87,-8.69,-8.74,-9.00,-9.35,-9.56,-9.48,-9.82,-10.09,-10.38,-10.65,-10.71,-10.84,-10.65,-10.79,-10.57,-10.65,-10.79,-10.79,-11.36,-11.00,-11.14,-11.06,-11.14,-11.14,-10.84,-11.63,-11.41,-11.36,-11.00,-11.14,-11.27,-11.14,-10.92,-11.19,-11.49,-11.19,-11.27,-11.27,-11.55,-11.63,-11.36,-11.19,-11.68,-11.36,-11.63,-11.19,-11.49,-11.55,-11.55,-11.27,-11.14,-11.19,-11.55,-11.27,-11.19,-11.27,-11.41,-11.19,-11.41,-11.19,-11.55,-11.41,-11.49,-11.49,-11.06,-11.41,-11.27,-11.19,-11.55,-11.19,-11.19,-11.36,-11.41,-11.49,-11.76,-11.36,-11.55,-11.41,-11.63,-11.49,-11.68,-11.76,-11.68,-11.36,-11.55,-11.76,-11.27,-11.49,-11.76,-11.63,-11.90,-11.90,-11.55,-11.49,-11.49,-11.55,-11.85,-11.76,-11.98,-11.85,-11.98,-11.90,-11.63,-11.90,-11.85,-12.26,-11.98,-11.76,-11.85,-12.04,-11.63,-12.04,-11.98,-12.12,-11.98,-12.12,-12.04,-11.98,-11.85,-12.12,-12.12,-12.04,-12.20,-11.76,-12.04,-11.76,-12.34,-12.20,-12.04,-11.98,-12.12,-12.20,-12.12,-12.34,-12.20,-12.26,-12.34,-12.20,-12.12,-12.39,-12.48,-11.90,-12.12,-12.34,-12.26,-12.34,-12.12,-12.34,-12.20,-12.48,-12.26,-12.34,-12.26,-12.48,-12.34,-12.48,-12.34,-12.12,-12.34,-12.26,-12.39,-12.34,-12.48,-12.70,-12.34,-12.39,-12.56,-12.34,-12.56,-12.78,-12.39,-12.56
-12.61,-12.61,-12.39,-12.56,-12.70,-12.26,-12.61,-12.61,-12.39,-12.61,-12.56,-12.26,-12.56,-12.20,-12.39,-12.56,-11.98,-12.48,-12.20,-12.61,-12.20,-12.04,-12.34,-12.20,-12.26,-12.26,-11.76,-12.26,-12.48,-12.12,-12.12,-12.48,-12.34,-12.56,-11.55,-12.04,-12.20,-12.39,-12.04,-12.26,-12.48,-11.98,-12.48,-12.12,-11.90,-11.90,-12.04,-12.26,-12.04,-11.76,-12.20,-11.98,-12.04,-12.04,-12.26,-12.12,-12.39,-11.85,-11.98,-11.85,-12.20,-11.90,-11.90,-12.12,-11.90,-11.90,-11.90,-11.98,-12.20,-11.63,-11.98,-11.98,-12.04,-11.76,-11.68,-11.98,-12.12,-11.90,-12.04,-11.98,-11.90,-11.76,-11.90,-11.76,-12.26,-11.63,-11.85,-12.04,-11.90,-11.85,-11.98,-12.04,-11.55,-11.85,-11.49,-11.68,-11.98,-11.63,-11.63,-11.55,-11.90,-11.55,-11.49,-11.76,-11.63,-11.49,-11.41,-11.98,-11.85,-11.76,-11.63,-11.63,-11.68,-11.98,-11.55,-11.41,-11.55,-11.85,-11.63,-11.55,-11.41,-11.49,-11.63,-11.27,-11.36,-11.41,-11.19,-11.49,-11.27,-11.14,-11.14,-11.19,-11.19,-11.19,-11.36,-11.36,-11.19,-11.19,-11.14,-11.27,-11.00,-11.36,-11.36,-11.36,-11.41,-11.85,-11.41,-11.36,-11.14,-11.41,-11.19,-11.36,-11.19,-11.36,-11.36,-11.00,-10.71,-10.71,-11.00,-10.92,-11.00,-11.14,-11.06,-10.79,-10.57,-10.79,-10.65,-10.79,-10.65,-10.44,-10.65,-10.65,-10.71,-10.71,-10.65,-10.84,-10.44,-10.71,-10.71,-10.71,-10.17,-10.04,-10.04,-9.56,-8.87,-8.69,-8.48,-8.40,-8.53,-8.21,-8.27,-8.61,-8.48,-8.35,-8.48,-8.06,-7.54,-7.41,-7.15,-7.80,-7.88,-8.21,-8.14,-8.27,-8.69,-8.40,-8.40,-8.48,-8.61,-8.61,-8.53,-8.95,-9.00,-9.00,-9.35,-9.56,-10.17,-10.09,-10.52,-10.71,-10.79,-10.84,-10.57,-10.44,-10.52,-10.71,-10.84,-10.79,-10.79,-10.79,-10.71,-11.27,-10.79,-11.00,-11.14,-11.06,-11.27,-11.27,-10.84,-10.92,-11.27,-11.27,-11.36,-10.92,-11.14,-11.63,-11.14,-11.41,-11.41,-11.68,-11.41,-11.41,-11.49,-11.49,-11.76,-11.19,-11.41,-11.41,-11.36,-11.55,-11.49,-11.06,-11.19,-11.19,-11.36,-11.27,-11.06,-11.41,-11.41,-11.68,-11.41,-11.63,-11.49,-11.49,-11.49,-11.49,-11.68,-11.63,-11.68,-11.27,-11.55,-11.63,-11.55,-11.90,-11.63,-11.55,-11.63,-11.76,-11.55,-11.68,-11.98,-11.63,-11.49,-11.90,-11.68,-11.55,-11.55,-11.90,-11.68,-11.98,-12.20,-11.90,-11.85,-12.04,-11.85,-11.98,-11.76,-11.68,-11.85,-11.76,-11.68,-12.20,-11.76,-11.68,-11.76,-12.12,-12.04,-11.98,-11.85,-11.85,-12.12,-11.90,-11.90,-11.63,-12.12,-12.12,-11.98,-11.98,-11.90,-12.12,-12.26,-12.12,-12.20,-11.98,-11.98,-11.76,-12.04,-12.04,-11.85,-11.85,-12.04,-11.68,-11.90,-12.12,-11.98,-11.90,-11.98,-11.76,-12.26,-11.90,-12.26,-12.12,-12.34,-12.34,-12.48,-11.90,-11.90,-12.39,-12.26,-12.12,-12.39,-12.34,-12.12,-12.39,-12.12,-12.39,-12.48,-12.20,-12.12,-12.12,-12.12,-12.26,-12.34,-12.56,-12.48,-12.04,-12.39,-12.12,-12.48,-12.83,-12.34,-12.48
-12.92,-12.39,-12.61,-12.39,-12.20,-12.56,-12.70,-12.12,-12.48,-12.48,-12.39,-12.39,-12.78,-12.39,-12.39,-12.48,-11.98,-12.48,-12.04,-12.34,-12.26,-12.20,-12.26,-12.34,-12.04,-12.20,-11.98,-12.34,-12.48,-12.20,-12.04,-12.12,-11.98,-12.56,-12.26,-12.20,-12.39,-12.12,-11.90,-12.26,-12.04,-12.04,-12.26,-11.98,-12.04,-12.12,-12.04,-12.20,-12.04,-12.26,-11.85,-11.90,-11.85,-12.20,-11.76,-11.90,-12.12,-12.34,-11.98,-12.04,-11.98,-11.90,-11.98,-12.04,-11.85,-11.85,-12.20,-11.85,-12.20,-11.76,-11.98,-12.04,-12.04,-11.85,-11.90,-11.85,-11.68,-11.90,-12.04,-11.90,-11.68,-12.12,-11.76,-11.68,-11.68,-11.98,-11.90,-11.63,-11.90,-11.68,-11.68,-11.68,-11.63,-11.76,-11.85,-11.49,-11.55,-11.90,-11.98,-11.49,-11.68,-11.63,-11.55,-11.19,-11.63,-11.68,-12.04,-11.68,-11.68,-11.68,-11.49,-11.68,-11.49,-11.49,-11.55,-11.49,-11.85,-11.55,-11.68,-11.63,-11.63,-11.36,-11.36,-11.36,-11.55,-11.63,-11.36,-11.49,-11.19,-11.19,-11.00,-11.36,-11.27,-11.49,-11.49,-11.36,-11.41,-11.36,-11.36,-11.36,-11.27,-11.19,-11.14,-10.92,-11.27,-11.14,-11.41,-11.55,-11.49,-11.63,-11.41,-11.49,-11.27,-11.49,-11.49,-11.36,-11.00,-11.19,-11.14,-10.84,-10.71,-11.00,-11.00,-11.06,-10.79,-10.57,-10.79,-10.71,-10.57,-10.44,-10.30,-10.71,-10.65,-10.52,-10.71,-11.00,-10.44,-10.38,-10.65,-10.52,-10.22,-10.17,-10.17,-9.96,-9.00,-8.61,-8.27,-8.27,-7.93,-8.40,-8.35,-8.21,-8.35,-8.27,-7.80,-7.49,-7.28,-7.49,-7.15,-7.54,-7.75,-7.88,-8.01,-7.93,-8.14,-8.48,-8.48,-8.74,-8.35,-8.61,-8.95,-8.95,-8.87,-9.61,-9.48,-10.04,-10.17,-10.57,-10.79,-11.00,-10.52,-10.79,-10.65,-10.57,-10.65,-10.92,-10.71,-10.84,-10.84,-11.00,-10.79,-10.84,-11.06,-11.27,-11.19,-11.14,-11.63,-11.19,-11.49,-11.19,-11.00,-11.27,-11.14,-11.06,-11.36,-11.19,-11.68,-11.49,-11.49,-11.55,-11.36,-11.49,-11.19,-11.76,-11.63,-11.27,-11.49,-11.27,-11.41,-11.19,-11.49,-11.41,-11.36,-11.27,-11.55,-11.68,-11.00,-11.27,-11.55,-11.68,-11.27,-11.68,-11.06,-11.41,-11.27,-11.49,-11.36,-11.27,-11.41,-11.55,-11.41,-11.63,-11.49,-11.41,-11.76,-11.49,-11.55,-11.55,-11.63,-11.55,-11.55,-11.19,-11.63,-11.68,-11.90,-11.49,-11.85,-12.12,-11.90,-11.55,-11.63,-11.68,-11.68,-11.55,-12.04,-11.90,-11.98,-11.98,-12.04,-11.90,-12.12,-12.12,-11.68,-12.12,-12.20,-11.90,-12.12,-11.90,-11.98,-11.85,-12.34,-12.12,-11.55,-11.68,-12.20,-12.34,-11.63,-11.98,-11.98,-12.12,-11.85,-12.12,-12.12,-12.20,-12.04,-12.04,-12.20,-11.68,-12.12,-12.04,-12.12,-12.12,-12.26,-11.85,-12.26,-12.20,-12.26,-12.20,-12.12,-12.48,-12.04,-12.34,-12.48,-12.04,-12.26,-12.34,-12.20,-12.39,-12.56,-12.48,-12.26,-12.56,-12.26,-12.34,-12.12,-12.04,-12.34,-12.12,-12.61,-12.39,-12.48,-12.04,-12.48,-12.39,-12.26,-12.39,-12.56,-12.04,-12.39,-12.78,-12.04,-12.83
-12.12,-12.39,-12.56,-12.39,-12.48,-12.56,-12.61,-12.20,-12.34,-12.48,-12.34,-12.48,-12.61,-12.26,-12.48,-12.56,-12.56,-12.39,-12.34,-11.98,-12.12,-12.20,-12.56,-12.04,-12.26,-12.39,-12.39,-12.48,-12.26,-12.12,-12.12,-12.48,-12.39,-12.26,-12.04,-12.04,-11.98,-12.12,-11.98,-11.98,-12.12,-11.90,-12.39,-12.12,-12.20,-12.20,-11.90,-11.90,-12.12,-12.04,-12.04,-11.90,-11.90,-12.12,-12.48,-11.85,-12.20,-11.90,-11.90,-11.90,-11.98,-11.85,-12.12,-11.98,-12.12,-12.04,-11.68,-12.04,-12.12,-11.49,-12.26,-12.12,-12.12,-12.12,-12.12,-11.85,-12.12,-12.20,-11.76,-11.98,-12.20,-12.04,-11.85,-11.76,-12.12,-11.63,-11.85,-11.76,-11.68,-11.68,-11.98,-11.68,-11.76,-11.85,-12.04,-11.90,-11.85,-12.04,-11.68,-11.27,-11.98,-11.76,-11.55,-11.68,-12.04,-11.76,-11.68,-11.55,-11.63,-11.55,-11.63,-11.76,-11.49,-11.49,-11.49,-11.49,-11.76,-11.49,-11.55,-11.68,-11.06,-11.41,-11.49,-11.55,-11.49,-11.19,-11.68,-11.41,-11.55,-11.14,-11.19,-11.27,-11.27,-11.00,-11.41,-11.41,-11.36,-11.36,-11.27,-11.27,-11.06,-11.14,-10.79,-11.36,-11.14,-11.27,-11.27,-11.36,-11.14,-11.14,-11.41,-11.41,-11.49,-11.49,-11.85,-11.41,-11.55,-11.27,-11.41,-11.06,-10.92,-11.06,-10.52,-10.84,-10.57,-10.79,-10.71,-10.57,-10.71,-10.09,-10.52,-10.04,-10.44,-10.71,-10.65,-10.52,-10.57,-10.65,-10.57,-10.57,-10.22,-10.44,-10.52,-10.04,-9.56,-8.87,-8.69,-8.14,-8.21,-8.06,-7.88,-7.80,-8.14,-7.67,-7.62,-7.20,-7.07,-7.02,-6.89,-7.49,-7.49,-7.80,-7.67,-8.06,-8.14,-8.27,-8.40,-8.61,-8.48,-8.61,-8.69,-8.69,-9.00,-9.29,-9.69,-9.90,-10.09,-10.71,-10.57,-10.71,-10.71,-10.71,-10.65,-10.57,-10.79,-10.65,-10.79,-10.84,-10.65,-10.57,-11.00,-11.14,-11.00,-11.06,-11.00,-11.14,-11.06,-11.41,-11.14,-11.14,-11.36,-11.27,-11.36,-11.27,-11.36,-11.49,-11.36,-11.27,-11.14,-11.68,-11.27,-11.49,-11.36,-11.14,-11.36,-11.49,-11.06,-11.36,-11.27,-11.41,-11.00,-11.36,-11.27,-11.36,-11.27,-11.14,-11.19,-11.49,-11.27,-11.55,-11.27,-11.55,-11.49,-11.63,-11.49,-11.27,-11.19,-11.19,-11.55,-11.14,-11.36,-11.76,-11.76,-11.49,-11.55,-11.68,-11.68,-11.85,-11.63,-11.63,-11.63,-11.68,-12.12,-11.49,-11.90,-11.49,-11.63,-11.55,-11.68,-11.68,-11.63,-11.68,-11.85,-11.68,-12.12,-12.04,-12.12,-11.98,-11.85,-11.98,-11.68,-11.85,-11.76,-12.26,-11.90,-11.98,-11.85,-11.98,-11.68,-11.98,-11.68,-11.68,-11.90,-12.04,-12.04,-12.12,-11.98,-12.20,-11.90,-11.85,-12.04,-12.20,-11.90,-12.20,-12.04,-11.68,-12.20,-12.34,-12.34,-11.90,-12.20,-11.90,-11.98,-12.20,-12.26,-12.56,-12.20,-12.20,-12.34,-12.20,-12.39,-12.04,-11.90,-12.39,-12.26,-11.98,-11.98,-12.04,-12.26,-11.85,-12.48,-12.39,-12.34,-12.12,-12.34,-12.39,-12.20,-11.90,-12.39,-12.34,-12.39,-12.39,-12.48,-12.12,-12.34,-12.39,-12.48,-12.56,-12.56,-12.78,-12.48,-12.26
-12.56,-12.78,-12.48,-12.78,-12.83,-12.39,-12.61,-12.39,-12.26,-12.39,-12.56,-12.20,-12.48,-12.20,-12.12,-12.26,-12.39,-12.04,-12.20,-12.26,-12.56,-12.34,-12.39,-12.04,-12.61,-12.34,-11.98,-12.39,-12.34,-12.34,-12.26,-11.90,-12.39,-12.39,-12.12,-12.04,-12.56,-11.98,-12.39,-12.26,-11.90,-11.76,-12.39,-11.90,-12.20,-12.04,-12.26,-12.04,-12.12,-12.04,-11.63,-12.12,-12.26,-12.20,-12.26,-12.20,-11.68,-11.76,-12.56,-12.04,-11.90,-11.98,-12.12,-12.12,-11.63,-11.98,-12.34,-12.12,-12.12,-12.34,-11.68,-11.85,-12.12,-12.04,-11.85,-12.12,-11.68,-11.68,-12.12,-12.04,-11.85,-11.68,-11.76,-11.76,-11.63,-11.63,-11.68,-11.90,-11.49,-11.90,-12.12,-11.63,-11.76,-11.90,-12.04,-11.98,-11.98,-11.49,-11.76,-11.55,-11.68,-11.98,-11.76,-11.41,-11.76,-11.76,-11.90,-11.85,-11.55,-11.98,-11.63,-11.85,-11.68,-11.85,-11.49,-11.55,-11.63,-11.19,-11.68,-11.68,-11.68,-11.68,-11.90,-11.41,-11.63,-11.90,-11.55,-11.55,-11.55,-11.41,-11.41,-11.63,-11.68,-11.36,-11.27,-11.76,-11.36,-11.36,-11.36,-11.19,-11.14,-11.49,-11.27,-11.27,-11.41,-11.27,-11.49,-11.55,-11.68,-11.14,-11.19,-11.27,-11.19,-11.41,-11.19,-11.27,-11.41,-11.36,-11.19,-11.55,-11.36,-10.84,-11.14,-10.79,-10.84,-11.00,-10.44,-10.57,-10.44,-10.57,-10.38,-10.44,-10.57,-10.79,-10.65,-10.57,-10.92,-10.79,-11.06,-10.52,-10.52,-10.22,-10.38,-10.17,-9.69,-9.42,-8.87,-8.27,-7.75,-7.75,-7.49,-7.67,-7.75,-7.67,-7.49,-7.28,-6.94,-6.69,-6.64,-7.02,-7.15,-7.33,-7.67,-7.80,-7.80,-8.27,-8.69,-8.35,-8.21,-8.40,-8.69,-9.00,-9.29,-9.77,-9.56,-10.22,-10.38,-10.57,-10.65,-10.65,-10.65,-10.65,-10.52,-10.65,-10.84,-10.38,-10.71,-10.84,-10.84,-11.14,-10.84,-11.14,-11.27,-11.27,-11.14,-11.14,-11.68,-11.36,-11.06,-11.36,-11.00,-11.19,-11.00,-11.36,-11.06,-11.36,-11.19,-11.49,-11.49,-11.41,-11.19,-11.55,-11.49,-11.27,-11.55,-11.63,-11.55,-11.63,-11.41,-11.63,-11.55,-11.41,-11.27,-11.63,-11.36,-11.68,-11.36,-11.49,-11.14,-11.49,-11.49,-11.55,-11.63,-11.55,-11.14,-11.68,-11.55,-11.55,-11.36,-11.41,-11.55,-11.55,-11.76,-11.68,-12.12,-11.90,-11.55,-11.98,-11.41,-11.55,-11.41,-11.98,-11.76,-11.76,-11.85,-11.68,-11.98,-11.90,-11.68,-11.90,-11.49,-11.90,-11.68,-11.49,-11.55,-11.90,-11.63,-11.85,-12.04,-11.85,-11.85,-12.04,-12.12,-12.20,-12.20,-11.85,-12.04,-11.90,-11.49,-12.04,-11.76,-11.76,-12.04,-11.98,-12.04,-11.68,-11.85,-11.85,-12.26,-12.34,-11.90,-12.12,-12.20,-12.12,-12.04,-12.20,-11.90,-12.04,-11.85,-12.04,-12.04,-12.26,-12.04,-11.98,-12.34,-12.34,-12.26,-12.70,-12.34,-12.34,-12.26,-12.20,-12.04,-12.26,-11.98,-12.34,-11.76,-11.98,-12.34,-12.39,-12.26,-12.39,-12.39,-11.98,-12.34,-12.39,-12.61,-12.56,-12.48,-12.56,-12.56,-12.12,-12.39,-12.26,-12.61,-12.48,-12.83,-12.48,-12.26,-12.34,-12.12,-12.56
-12.56,-12.61,-12.56,-12.56,-12.56,-12.48,-12.48,-12.56,-12.48,-12.26,-12.39,-12.61,-12.12,-12.20,-12.83,-12.26,-12.39,-12.56,-12.39,-12.34,-12.34,-11.98,-12.04,-11.98,-12.34,-12.04,-11.98,-12.34,-11.98,-12.12,-12.04,-12.26,-12.34,-12.12,-12.26,-12.12,-11.98,-12.34,-12.04,-11.98,-12.39,-12.34,-12.26,-11.98,-12.26,-12.26,-12.39,-12.34,-12.20,-11.63,-12.20,-12.34,-12.12,-12.12,-12.04,-11.90,-12.26,-12.20,-12.12,-12.12,-12.12,-11.98,-11.63,-11.85,-11.90,-11.55,-12.20,-12.04,-12.04,-12.04,-11.98,-11.90,-12.12,-12.12,-11.98,-12.20,-11.90,-11.98,-12.20,-11.68,-11.76,-12.48,-11.76,-11.85,-11.76,-11.76,-11.85,-11.85,-11.63,-11.63,-11.85,-11.85,-11.49,-11.68,-11.49,-11.85,-11.85,-11.68,-11.85,-11.63,-11.76,-11.49,-11.63,-11.55,-11.49,-11.55,-11.41,-11.55,-11.63,-11.76,-11.90,-11.90,-11.06,-11.63,-11.49,-11.63,-11.41,-11.98,-11.68,-11.36,-11.49,-11.68,-11.85,-11.85,-11.27,-11.55,-11.49,-11.63,-11.27,-11.76,-11.49,-11.36,-11.63,-11.55,-11.19,-11.27,-11.49,-10.92,-11.00,-11.27,-11.14,-11.06,-11.14,-11.36,-11.19,-11.36,-11.14,-11.41,-11.14,-11.14,-11.36,-10.84,-11.06,-10.84,-11.19,-11.49,-11.41,-11.41,-11.14,-11.00,-11.27,-11.14,-11.19,-11.00,-10.92,-10.44,-10.57,-10.57,-10.52,-10.52,-10.30,-10.44,-10.38,-10.22,-10.52,-10.65,-10.65,-10.52,-10.71,-10.52,-10.09,-10.09,-10.09,-9.90,-9.96,-9.77,-8.40,-7.80,-7.88,-7.54,-7.49,-7.67,-7.54,-7.67,-7.20,-6.82,-6.69,-6.13,-6.38,-6.43,-6.77,-7.20,-7.49,-7.49,-7.80,-7.80,-7.67,-7.88,-8.01,-8.14,-8.40,-8.82,-9.08,-9.61,-9.77,-10.04,-10.17,-10.52,-10.52,-10.38,-10.57,-11.06,-10.44,-10.52,-10.71,-10.84,-11.00,-10.79,-11.19,-10.57,-10.79,-11.06,-11.41,-11.19,-11.49,-11.00,-11.27,-11.19,-11.14,-11.27,-11.27,-11.27,-11.36,-11.36,-11.55,-11.55,-11.14,-11.36,-11.27,-11.63,-11.14,-11.36,-11.55,-11.68,-11.06,-11.55,-11.41,-11.14,-11.41,-11.19,-11.63,-11.19,-11.27,-11.63,-11.85,-11.55,-11.14,-11.41,-11.27,-11.49,-11.55,-11.49,-11.06,-11.41,-11.27,-11.55,-11.19,-11.63,-11.63,-11.63,-11.63,-11.76,-11.49,-11.55,-11.63,-11.27,-11.68,-11.63,-11.76,-11.63,-11.85,-11.27,-11.55,-11.63,-11.90,-11.76,-11.85,-11.63,-11.68,-11.68,-11.63,-11.85,-11.55,-11.55,-11.63,-11.85,-11.68,-12.04,-11.85,-11.63,-11.85,-11.27,-11.90,-11.63,-11.90,-11.68,-11.76,-11.68,-11.90,-12.12,-11.76,-11.63,-12.12,-11.98,-11.76,-11.68,-12.12,-11.68,-12.26,-12.04,-11.85,-12.04,-11.90,-12.12,-11.90,-12.20,-12.20,-12.20,-12.04,-11.68,-12.04,-12.34,-11.98,-12.48,-11.90,-12.20,-12.26,-12.20,-12.39,-12.12,-12.26,-12.39,-12.39,-12.26,-12.26,-12.48,-12.20,-12.12,-12.39,-12.39,-12.26,-11.98,-12.20,-12.39,-12.56,-12.12,-12.56,-12.12,-12.48,-12.48,-12.34,-12.39,-12.26,-12.20,-12.39,-12.34,-12.34,-12.48,-12.61,-12.70,-12.48,-12.97
-12.48,-12.48,-12.56,-12.70,-12.92,-12.20,-12.78,-12.20,-12.56,-12.78,-12.48,-12.26,-12.56,-12.39,-12.78,-12.39,-12.34,-12.39,-12.04,-12.39,-12.26,-12.61,-12.12,-12.20,-12.34,-12.39,-12.12,-12.34,-12.12,-12.12,-12.20,-11.98,-12.04,-12.12,-12.56,-11.76,-12.04,-12.34,-12.34,-12.26,-12.39,-12.39,-12.04,-12.12,-12.48,-12.20,-12.12,-11.76,-11.90,-11.98,-12.12,-12.04,-12.12,-11.90,-11.90,-11.68,-12.26,-11.68,-11.98,-12.20,-11.98,-11.90,-11.76,-12.20,-12.04,-12.26,-11.98,-11.68,-12.34,-11.85,-12.04,-11.85,-11.85,-11.98,-12.20,-12.04,-11.85,-11.90,-11.98,-12.04,-12.20,-12.12,-11.85,-11.85,-11.76,-12.12,-11.63,-11.85,-11.85,-11.90,-11.85,-11.68,-11.49,-11.98,-11.63,-11.98,-11.68,-11.85,-11.49,-11.63,-11.63,-11.49,-11.68,-11.76,-11.68,-11.63,-11.76,-11.41,-11.41,-11.76,-11.55,-11.63,-11.55,-11.55,-11.36,-11.49,-11.49,-11.27,-11.49,-11.49,-11.68,-11.76,-11.49,-11.55,-11.68,-11.41,-11.36,-11.19,-11.41,-11.49,-11.19,-11.27,-11.41,-11.36,-11.19,-11.19,-11.49,-11.41,-11.19,-11.19,-11.41,-11.19,-11.36,-11.27,-11.36,-10.84,-11.19,-11.36,-11.27,-11.06,-11.49,-11.14,-11.19,-11.06,-11.41,-11.19,-11.36,-11.06,-11.36,-11.41,-11.76,-11.06,-11.14,-11.36,-11.06,-10.71,-10.65,-10.52,-10.52,-10.44,-10.38,-10.17,-10.30,-10.71,-10.79,-10.57,-10.65,-10.65,-10.57,-10.38,-10.65,-10.17,-10.04,-10.38,-9.96,-9.42,-8.87,-8.01,-8.01,-7.28,-7.49,-7.28,-7.07,-7.15,-6.64,-6.77,-6.05,-5.92,-5.87,-6.13,-6.56,-6.82,-6.64,-6.94,-7.54,-7.54,-7.88,-7.54,-8.01,-8.06,-8.40,-8.74,-9.21,-9.21,-9.77,-10.22,-10.52,-10.38,-10.84,-10.79,-10.79,-10.79,-10.52,-10.84,-10.79,-10.57,-10.65,-10.65,-10.79,-10.71,-11.00,-11.00,-11.14,-11.41,-11.27,-11.27,-10.84,-11.27,-11.19,-11.36,-11.41,-11.19,-11.41,-11.14,-11.55,-11.55,-11.00,-11.36,-11.27,-11.14,-11.41,-11.63,-11.36,-11.36,-11.49,-11.14,-11.41,-11.41,-11.14,-11.19,-11.55,-11.49,-11.41,-11.27,-11.27,-11.36,-11.41,-11.14,-11.49,-11.49,-11.63,-11.55,-11.49,-11.19,-11.49,-11.68,-11.63,-11.41,-11.68,-11.36,-11.68,-11.55,-11.19,-11.49,-11.49,-11.49,-11.63,-11.41,-11.19,-11.85,-11.68,-11.41,-11.68,-12.12,-11.76,-11.55,-11.90,-11.85,-11.76,-11.55,-11.68,-11.63,-11.76,-11.85,-12.04,-11.90,-12.20,-12.26,-11.90,-11.98,-11.98,-12.04,-11.98,-11.85,-11.98,-11.76,-11.90,-11.68,-11.68,-11.76,-11.90,-12.26,-11.98,-11.76,-12.04,-12.34,-11.85,-12.04,-12.12,-11.76,-12.20,-12.26,-12.04,-12.20,-11.98,-11.68,-12.12,-12.12,-12.12,-11.90,-11.76,-11.90,-12.26,-11.98,-12.26,-12.26,-12.34,-12.04,-12.04,-11.98,-12.26,-12.12,-12.34,-12.56,-12.39,-12.56,-12.26,-12.20,-12.20,-12.12,-12.39,-12.26,-12.34,-12.78,-12.39,-12.39,-12.34,-12.56,-12.20,-12.39,-12.20,-12.26,-12.48,-11.90,-12.26,-12.48,-12.48,-12.39,-12.39,-12.61,-12.48,-12.70
-12.83,-12.78,-12.48,-12.61,-12.56,-12.56,-12.39,-12.20,-12.39,-12.70,-12.39,-12.56,-12.34,-12.20,-12.83,-12.26,-12.39,-12.48,-12.26,-12.26,-12.34,-12.34,-12.26,-11.98,-12.34,-12.04,-12.12,-12.20,-12.34,-12.34,-12.20,-12.04,-12.34,-12.56,-12.12,-12.12,-11.41,-12.12,-12.04,-12.12,-12.12,-12.12,-11.90,-12.26,-12.34,-11.76,-12.04,-11.98,-12.04,-11.98,-12.04,-12.20,-12.26,-12.26,-11.85,-11.90,-12.04,-11.63,-11.98,-11.63,-11.90,-11.98,-12.04,-12.12,-11.36,-11.90,-12.20,-11.98,-11.98,-12.04,-12.12,-11.63,-11.98,-12.26,-12.04,-12.04,-11.63,-12.04,-11.90,-11.98,-11.98,-11.55,-11.85,-12.20,-11.98,-11.49,-11.85,-11.76,-12.04,-11.55,-11.85,-11.68,-11.76,-11.55,-11.90,-11.55,-11.63,-11.76,-11.98,-11.68,-11.76,-11.76,-11.55,-11.76,-11.49,-11.90,-11.19,-11.63,-11.63,-11.63,-11.63,-11.49,-11.63,-11.76,-11.27,-11.55,-11.55,-11.55,-11.41,-11.41,-11.63,-11.85,-11.76,-11.27,-11.41,-11.98,-11.19,-11.49,-11.19,-11.41,-11.49,-11.41,-11.63,-11.27,-11.36,-11.27,-11.55,-11.49,-11.68,-11.49,-11.36,-11.76,-11.19,-11.27,-11.27,-11.14,-11.14,-11.55,-11.14,-11.36,-11.41,-11.19,-11.19,-11.36,-11.49,-11.19,-11.36,-11.36,-11.27,-11.06,-11.27,-11.27,-11.14,-11.19,-11.00,-10.71,-10.71,-10.79,-10.79,-10.38,-10.44,-10.65,-10.38,-10.52,-10.52,-10.71,-10.71,-10.44,-10.38,-10.17,-10.38,-10.22,-10.57,-9.96,-9.90,-9.16,-8.82,-8.06,-7.41,-7.41,-6.82,-7.02,-7.07,-7.02,-6.56,-6.30,-5.62,-5.67,-5.67,-5.47,-6.00,-6.51,-6.69,-6.82,-7.41,-7.20,-7.54,-7.62,-8.21,-8.14,-8.48,-8.95,-9.16,-9.61,-10.09,-10.09,-10.38,-10.65,-10.57,-10.57,-10.71,-10.65,-10.79,-10.65,-11.14,-10.79,-11.06,-11.19,-11.14,-11.14,-11.19,-11.27,-11.36,-11.63,-11.27,-11.27,-11.06,-11.36,-11.27,-11.14,-11.36,-11.55,-11.49,-11.27,-11.14,-11.76,-11.55,-11.49,-11.49,-11.19,-11.41,-11.14,-11.00,-11.27,-11.14,-11.41,-11.41,-11.36,-11.41,-11.14,-11.55,-11.49,-11.55,-11.19,-11.14,-11.49,-11.06,-11.36,-11.41,-11.19,-11.36,-11.55,-11.27,-11.76,-11.00,-11.41,-11.55,-11.49,-11.85,-11.63,-11.49,-11.55,-11.85,-11.55,-11.68,-11.55,-11.63,-11.68,-11.55,-11.63,-11.49,-11.76,-11.76,-11.49,-11.98,-11.98,-12.04,-11.68,-11.41,-11.49,-11.90,-11.63,-11.90,-12.04,-11.85,-11.63,-12.04,-11.98,-12.04,-11.85,-11.90,-12.20,-11.63,-11.76,-11.98,-11.98,-12.04,-12.12,-11.76,-11.55,-11.68,-11.85,-11.98,-12.26,-12.04,-11.98,-12.12,-11.90,-11.98,-12.12,-11.98,-11.98,-12.12,-12.12,-11.68,-11.85,-12.12,-11.90,-12.04,-12.12,-12.04,-12.12,-11.85,-11.85,-12.20,-11.98,-12.20,-12.26,-12.26,-11.90,-11.90,-12.12,-12.12,-12.26,-12.34,-12.34,-12.20,-11.90,-12.04,-12.26,-11.85,-12.20,-12.56,-12.39,-12.20,-12.20,-12.34,-12.26,-12.39,-12.04,-12.39,-12.20,-12.12,-12.39,-12.56,-12.56,-12.97,-12.34,-12.61,-12.83,-12.70,-12.34
-12.48,-12.26,-12.48,-12.83,-12.48,-12.61,-12.61,-12.92,-12.48,-12.48,-12.34,-12.39,-12.56,-12.78,-12.48,-12.34,-12.56,-12.39,-12.12,-12.34,-12.61,-12.39,-12.04,-12.12,-12.20,-12.04,-11.90,-12.26,-12.34,-12.39,-12.26,-12.04,-12.26,-12.12,-11.98,-12.39,-12.20,-11.98,-11.98,-12.12,-12.04,-11.98,-12.12,-11.85,-12.04,-12.04,-12.04,-12.34,-11.98,-12.34,-12.20,-11.90,-11.98,-11.85,-11.90,-12.04,-12.20,-11.90,-12.04,-11.68,-12.26,-11.98,-11.90,-12.12,-11.90,-12.26,-12.20,-12.26,-12.20,-11.90,-12.04,-12.20,-11.98,-12.26,-12.12,-11.76,-11.55,-12.04,-11.68,-11.76,-11.85,-11.68,-11.90,-11.55,-12.12,-11.68,-12.04,-12.04,-12.12,-11.49,-11.76,-11.90,-11.98,-12.04,-11.85,-11.76,-11.85,-12.12,-11.76,-11.85,-11.85,-11.68,-11.90,-11.85,-11.63,-11.76,-11.68,-11.63,-11.63,-11.55,-11.63,-11.63,-11.98,-11.68,-11.68,-11.49,-11.68,-11.55,-11.63,-11.49,-11.68,-11.55,-11.68,-11.36,-11.41,-11.55,-11.36,-11.49,-11.76,-11.36,-11.55,-11.19,-11.19,-11.06,-11.41,-11.00,-11.49,-11.14,-11.63,-11.06,-11.41,-11.55,-11.41,-11.14,-11.06,-11.27,-11.55,-11.19,-11.36,-11.41,-11.36,-11.63,-11.06,-11.27,-11.41,-11.14,-11.36,-11.36,-11.36,-11.36,-11.36,-11.41,-11.27,-11.19,-11.63,-11.27,-10.79,-10.17,-10.22,-10.52,-10.38,-10.30,-10.57,-10.57,-10.38,-10.65,-10.79,-10.84,-10.44,-10.22,-10.17,-10.17,-9.90,-10.22,-9.56,-9.21,-8.69,-8.21,-7.67,-7.41,-7.02,-7.02,-7.54,-7.02,-6.89,-6.30,-5.87,-5.34,-5.16,-5.47,-5.47,-6.00,-6.30,-6.64,-6.82,-6.94,-7.02,-7.54,-7.54,-7.88,-8.40,-9.21,-9.35,-9.56,-9.90,-10.09,-10.52,-10.38,-10.65,-10.44,-10.71,-10.79,-10.84,-10.71,-10.79,-10.79,-10.84,-11.14,-11.19,-11.19,-10.84,-11.06,-11.06,-11.27,-11.41,-11.36,-11.36,-11.63,-11.36,-11.27,-11.36,-11.36,-11.27,-11.41,-11.63,-11.27,-11.36,-11.19,-11.55,-11.36,-11.19,-11.27,-11.27,-11.41,-11.27,-11.63,-11.55,-11.27,-11.19,-11.76,-11.49,-11.49,-11.49,-11.41,-11.41,-11.49,-11.68,-11.55,-11.27,-11.68,-11.55,-11.49,-11.27,-11.55,-11.68,-11.27,-11.49,-11.76,-11.49,-11.27,-11.63,-11.63,-11.55,-11.55,-11.76,-11.55,-11.55,-11.76,-11.85,-11.85,-12.20,-11.76,-12.04,-11.55,-11.76,-11.55,-11.68,-11.68,-11.76,-11.90,-11.63,-11.76,-11.85,-11.55,-11.63,-11.76,-11.90,-12.04,-11.76,-11.85,-11.55,-11.85,-11.76,-11.90,-12.04,-11.85,-12.04,-11.63,-12.12,-11.90,-11.85,-12.12,-12.04,-12.04,-11.90,-11.98,-12.20,-11.90,-12.12,-12.04,-11.90,-11.85,-12.04,-12.20,-12.12,-12.04,-12.12,-12.04,-12.04,-12.20,-12.26,-12.26,-11.98,-12.12,-12.12,-11.90,-11.90,-12.20,-12.04,-12.34,-12.20,-11.98,-12.26,-12.04,-12.34,-12.34,-12.26,-12.48,-12.20,-12.34,-12.20,-12.20,-12.48,-12.26,-12.56,-12.12,-12.12,-12.34,-12.26,-12.34,-12.48,-12.48,-12.34,-12.26,-12.20,-11.98,-12.56,-12.48,-12.48,-12.39,-12.78,-12.56
-12.34,-12.78,-12.20,-12.48,-12.26,-12.20,-12.61,-12.61,-12.56,-12.56,-12.56,-12.70,-12.61,-12.34,-12.48,-12.48,-12.20,-12.39,-12.26,-12.26,-12.04,-12.20,-12.26,-12.26,-12.20,-12.12,-12.04,-12.04,-12.20,-12.12,-11.98,-12.20,-12.34,-12.20,-11.76,-12.20,-12.26,-11.90,-12.26,-12.12,-11.98,-12.26,-12.12,-12.48,-11.90,-12.12,-12.04,-12.39,-11.55,-12.04,-12.20,-11.98,-12.26,-12.39,-12.04,-11.68,-11.85,-12.20,-11.90,-11.85,-12.20,-12.26,-11.63,-12.12,-12.12,-11.90,-12.12,-11.68,-11.85,-12.04,-12.04,-12.34,-11.85,-12.20,-11.98,-11.49,-11.55,-11.68,-11.68,-11.98,-11.76,-11.55,-11.68,-11.63,-11.76,-11.63,-11.68,-11.98,-12.20,-11.63,-11.68,-11.63,-11.49,-11.55,-11.85,-11.63,-11.76,-11.63,-11.90,-11.63,-11.49,-11.55,-11.68,-11.55,-11.68,-11.85,-11.85,-11.76,-11.68,-11.76,-11.41,-11.49,-11.76,-11.55,-11.76,-11.76,-11.76,-11.41,-11.85,-11.55,-11.68,-11.63,-11.36,-11.63,-11.63,-11.19,-11.55,-11.36,-11.68,-11.36,-11.63,-11.00,-11.27,-11.36,-11.41,-11.41,-11.19,-11.63,-11.41,-11.41,-11.36,-11.63,-11.63,-11.41,-11.41,-11.41,-11.49,-11.41,-11.49,-11.27,-11.00,-11.06,-11.36,-11.49,-11.14,-11.36,-11.41,-11.27,-11.19,-11.49,-11.41,-11.27,-11.19,-11.49,-10.92,-11.19,-11.36,-10.65,-10.30,-10.22,-10.22,-10.44,-10.30,-10.30,-10.38,-10.57,-10.44,-10.71,-10.52,-10.22,-10.22,-10.44,-10.22,-9.90,-9.61,-9.21,-8.87,-8.27,-8.01,-7.49,-7.62,-7.54,-7.15,-6.82,-6.43,-5.74,-5.67,-5.09,-4.84,-5.09,-4.91,-5.42,-5.92,-5.92,-6.25,-6.56,-7.15,-7.33,-7.67,-8.40,-8.35,-8.69,-9.29,-9.61,-9.90,-9.96,-10.22,-10.57,-10.71,-10.57,-10.71,-11.00,-10.79,-10.92,-11.00,-10.79,-11.06,-11.19,-10.92,-11.14,-11.14,-11.41,-11.41,-11.36,-11.27,-11.27,-11.41,-11.19,-11.14,-11.19,-11.14,-11.41,-11.19,-11.27,-11.14,-11.36,-11.36,-11.36,-11.06,-11.63,-11.36,-11.19,-11.14,-11.41,-11.36,-11.55,-11.68,-11.27,-11.55,-11.49,-11.49,-11.49,-11.68,-11.27,-11.36,-11.36,-11.36,-11.19,-11.63,-11.41,-11.06,-11.14,-11.27,-11.19,-11.76,-11.63,-11.68,-11.36,-11.90,-11.36,-11.63,-11.49,-11.76,-11.41,-11.76,-11.41,-11.36,-11.55,-11.76,-11.90,-11.36,-11.63,-11.63,-11.63,-11.55,-11.55,-11.85,-11.85,-11.68,-11.85,-11.90,-11.76,-11.85,-11.85,-11.85,-11.85,-11.85,-12.12,-11.85,-11.90,-11.98,-11.85,-11.76,-12.12,-11.90,-11.85,-11.85,-12.04,-11.85,-11.85,-11.85,-12.12,-11.76,-12.04,-11.90,-11.76,-11.85,-11.68,-11.68,-11.90,-11.68,-11.63,-11.85,-12.12,-12.20,-12.20,-12.12,-11.90,-12.04,-11.98,-12.20,-12.12,-12.20,-11.68,-11.98,-12.26,-12.20,-12.20,-12.39,-12.12,-12.04,-12.12,-12.20,-11.85,-11.76,-12.04,-12.20,-12.61,-12.04,-12.48,-12.04,-12.34,-12.39,-12.48,-12.39,-12.39,-12.12,-12.26,-12.61,-12.26,-12.12,-11.98,-12.56,-12.04,-11.85,-12.39,-12.70,-12.48,-12.48,-12.39,-12.48,-12.39
-12.48,-12.70,-12.48,-12.56,-12.39,-12.92,-12.48,-12.61,-12.39,-12.20,-12.34,-12.56,-12.20,-12.34,-11.98,-12.48,-12.12,-12.34,-11.85,-12.12,-12.26,-12.12,-12.39,-12.39,-12.48,-12.20,-12.20,-12.26,-12.26,-11.98,-12.34,-11.90,-12.04,-12.56,-11.98,-12.12,-12.20,-12.56,-12.04,-12.34,-12.04,-11.85,-12.34,-11.98,-12.12,-12.20,-11.98,-12.39,-12.48,-11.98,-12.12,-12.26,-11.90,-12.04,-12.04,-12.12,-12.20,-11.98,-12.34,-11.85,-11.63,-11.90,-11.85,-12.12,-11.85,-12.26,-11.90,-11.98,-11.98,-12.20,-11.90,-11.68,-11.98,-12.20,-11.85,-11.63,-11.76,-11.76,-12.04,-11.85,-11.63,-11.76,-11.85,-11.68,-12.04,-11.68,-11.85,-11.85,-11.85,-11.90,-11.85,-11.76,-11.85,-12.04,-11.63,-11.68,-11.76,-11.41,-11.49,-11.76,-11.76,-12.04,-11.55,-11.55,-11.63,-11.55,-11.49,-11.68,-11.63,-11.68,-11.55,-11.49,-11.76,-11.55,-11.55,-11.49,-11.49,-11.49,-11.68,-11.76,-11.27,-11.55,-11.36,-11.63,-11.41,-11.85,-11.63,-11.55,-11.14,-11.41,-11.36,-11.27,-11.55,-11.41,-11.36,-11.49,-11.27,-11.27,-11.36,-11.49,-11.36,-11.49,-11.14,-11.49,-11.14,-11.55,-11.41,-11.36,-11.49,-11.55,-11.14,-11.41,-11.41,-11.14,-11.19,-11.19,-10.92,-11.49,-11.14,-11.19,-11.19,-11.19,-11.06,-11.49,-11.14,-11.19,-10.84,-10.71,-10.65,-10.30,-10.38,-10.52,-10.09,-10.52,-10.65,-10.57,-10.22,-10.52,-10.44,-10.57,-10.30,-10.84,-10.17,-9.96,-9.42,-8.95,-8.74,-8.40,-8.14,-7.62,-7.67,-7.41,-7.15,-6.64,-6.25,-5.42,-5.04,-4.79,-4.34,-4.46,-4.46,-4.71,-5.04,-5.74,-6.25,-6.30,-6.89,-7.07,-7.67,-7.80,-8.21,-8.74,-9.21,-9.56,-9.96,-10.30,-10.38,-10.52,-10.65,-10.57,-10.71,-10.65,-11.06,-10.79,-11.00,-10.92,-11.19,-10.92,-11.14,-11.06,-11.14,-11.36,-11.19,-11.19,-11.36,-11.06,-11.27,-11.41,-11.36,-11.14,-11.49,-11.41,-11.36,-11.14,-11.19,-11.49,-11.55,-11.41,-11.68,-11.36,-11.41,-11.19,-11.14,-11.27,-11.36,-11.19,-11.55,-11.49,-11.19,-11.14,-11.27,-11.55,-11.06,-11.76,-11.06,-11.49,-11.36,-11.55,-11.41,-11.36,-11.55,-11.68,-11.41,-11.36,-11.36,-11.27,-11.68,-11.41,-11.63,-11.55,-11.76,-11.68,-11.55,-11.36,-11.90,-11.76,-11.41,-11.76,-11.90,-11.85,-11.63,-11.49,-11.76,-11.63,-11.76,-11.55,-11.90,-11.55,-11.85,-11.55,-11.55,-11.90,-11.63,-11.76,-11.68,-11.68,-11.85,-11.90,-11.76,-11.76,-11.55,-11.90,-11.55,-11.68,-11.76,-11.68,-12.04,-12.04,-11.98,-11.68,-11.90,-11.76,-11.63,-12.04,-11.55,-11.90,-11.76,-11.63,-11.68,-11.76,-12.04,-12.04,-11.98,-12.04,-12.04,-12.12,-12.20,-12.39,-12.20,-12.20,-12.12,-12.04,-12.26,-12.20,-12.12,-12.26,-12.12,-12.04,-12.12,-11.63,-12.20,-12.26,-12.34,-11.90,-11.90,-12.26,-12.12,-11.90,-12.20,-12.20,-12.34,-12.34,-11.90,-12.48,-12.39,-12.04,-12.78,-12.20,-12.34,-12.26,-11.98,-12.48,-12.56,-12.48,-12.20,-12.39,-12.70,-12.34,-12.34,-12.56,-12.70,-12.56
-12.56,-12.20,-12.56,-12.26,-12.34,-12.83,-12.56,-12.48,-12.56,-12.70,-12.34,-12.61,-12.61,-12.56,-12.48,-12.56,-12.34,-11.90,-12.39,-12.26,-12.26,-12.26,-12.12,-12.12,-12.20,-12.20,-12.39,-12.48,-12.39,-12.26,-12.12,-12.04,-12.20,-12.04,-11.90,-11.98,-11.90,-12.20,-11.90,-12.04,-12.04,-12.34,-12.26,-11.85,-12.12,-12.04,-11.90,-12.04,-12.04,-12.20,-12.12,-11.98,-12.12,-12.12,-11.90,-12.04,-11.90,-12.04,-11.85,-11.85,-11.76,-11.68,-11.98,-12.12,-12.04,-12.12,-12.04,-11.76,-11.90,-11.90,-11.98,-11.76,-11.63,-12.12,-11.85,-11.68,-11.76,-11.85,-11.85,-11.76,-11.63,-11.90,-11.68,-11.68,-11.76,-11.76,-11.63,-11.76,-11.63,-11.63,-12.04,-11.90,-11.55,-11.98,-11.90,-11.41,-11.63,-11.68,-11.68,-12.04,-11.76,-11.76,-11.55,-11.49,-11.49,-11.68,-11.55,-11.85,-11.49,-11.55,-11.49,-11.27,-11.55,-11.76,-11.68,-11.68,-11.90,-11.63,-11.55,-11.41,-11.36,-11.68,-11.85,-11.36,-11.49,-11.55,-11.68,-11.41,-11.36,-11.36,-11.85,-11.14,-11.49,-11.55,-11.49,-11.36,-11.41,-11.76,-11.76,-11.27,-11.27,-11.63,-11.27,-11.49,-11.49,-11.41,-11.27,-11.68,-11.41,-11.49,-11.49,-11.36,-11.41,-11.27,-11.14,-11.00,-11.27,-11.19,-11.36,-11.19,-11.06,-11.06,-11.27,-11.27,-11.36,-11.19,-11.00,-10.84,-10.44,-9.96,-9.96,-10.04,-10.04,-10.30,-10.22,-10.22,-10.17,-10.30,-10.30,-10.22,-10.30,-10.17,-10.38,-9.77,-9.35,-9.21,-8.82,-8.82,-8.35,-8.14,-7.75,-7.54,-6.94,-6.51,-5.92,-5.21,-4.39,-4.09,-3.96,-3.64,-3.76,-4.01,-4.46,-4.91,-5.67,-5.67,-6.51,-6.82,-7.41,-8.01,-8.27,-8.95,-9.16,-9.56,-10.09,-10.04,-10.44,-10.09,-10.52,-10.65,-10.84,-10.65,-10.92,-11.00,-11.00,-10.92,-11.00,-11.00,-11.14,-11.27,-11.14,-11.27,-11.27,-11.14,-11.36,-11.27,-11.14,-11.19,-11.27,-11.06,-11.19,-11.00,-11.27,-11.41,-11.41,-11.36,-11.36,-11.27,-11.19,-11.41,-11.36,-11.19,-11.36,-11.68,-11.41,-11.19,-11.19,-11.36,-11.76,-11.41,-11.49,-11.06,-11.55,-11.41,-11.63,-11.63,-11.36,-11.76,-11.14,-11.55,-11.27,-11.55,-11.49,-11.55,-11.36,-11.63,-11.41,-11.63,-11.27,-11.68,-11.55,-11.55,-11.49,-11.49,-11.68,-11.63,-11.68,-11.76,-11.63,-11.68,-11.76,-11.76,-11.63,-11.63,-11.68,-12.04,-11.85,-11.63,-11.68,-11.85,-11.68,-12.04,-11.68,-11.68,-11.98,-11.63,-11.98,-11.85,-11.90,-11.90,-11.90,-11.76,-11.49,-11.63,-11.68,-11.98,-11.90,-11.68,-11.98,-11.63,-11.90,-11.36,-11.85,-11.68,-11.76,-11.63,-11.68,-11.68,-12.20,-12.20,-11.98,-12.20,-12.12,-12.34,-11.85,-11.76,-12.34,-11.68,-12.04,-12.12,-12.04,-12.20,-12.34,-12.20,-12.26,-12.20,-12.04,-12.20,-11.76,-12.26,-12.20,-12.20,-12.26,-11.90,-12.12,-12.34,-12.48,-12.34,-12.20,-12.20,-12.34,-12.26,-12.26,-12.56,-12.20,-12.34,-12.39,-12.34,-12.26,-12.48,-12.39,-12.04,-12.39,-12.04,-12.12,-12.39,-12.20,-12.34,-12.39,-12.39,-12.56,-12.26
-12.56,-12.83,-12.83,-12.39,-12.56,-12.56,-12.39,-12.56,-12.48,-12.48,-11.98,-12.20,-12.26,-12.61,-12.04,-12.61,-12.34,-11.98,-12.26,-12.26,-12.26,-12.26,-12.39,-12.20,-11.90,-12.12,-12.20,-12.34,-12.04,-11.98,-12.39,-12.12,-12.12,-12.04,-11.98,-12.56,-12.20,-12.20,-12.12,-12.20,-12.20,-12.34,-11.85,-11.98,-11.68,-11.85,-11.90,-11.90,-12.04,-11.90,-12.04,-11.98,-12.34,-11.68,-12.04,-12.04,-12.20,-11.63,-12.12,-11.98,-11.98,-11.63,-11.76,-11.90,-12.20,-12.04,-12.04,-12.04,-11.85,-11.90,-11.98,-12.12,-11.55,-12.04,-11.68,-11.68,-11.85,-11.85,-11.85,-11.90,-11.76,-11.85,-11.68,-11.76,-11.63,-11.68,-11.76,-11.76,-11.41,-11.76,-11.63,-11.55,-11.98,-11.76,-11.63,-11.63,-11.85,-11.63,-11.76,-11.98,-11.68,-11.76,-11.41,-11.90,-11.76,-11.98,-11.68,-11.98,-11.85,-11.49,-11.68,-11.63,-11.49,-11.68,-11.49,-11.55,-11.55,-11.63,-11.63,-11.63,-11.63,-11.41,-11.36,-11.27,-11.19,-11.41,-11.36,-11.41,-11.06,-11.19,-11.14,-11.41,-11.49,-11.27,-11.41,-11.14,-11.36,-11.55,-11.49,-11.49,-11.41,-11.49,-11.49,-11.49,-11.41,-11.36,-11.36,-11.27,-11.27,-11.27,-11.14,-11.00,-11.55,-11.41,-11.49,-11.49,-10.92,-11.36,-11.14,-11.55,-11.14,-11.19,-11.14,-11.36,-11.14,-11.00,-11.27,-10.84,-10.44,-10.30,-10.09,-10.04,-10.09,-10.04,-10.30,-10.44,-10.17,-10.30,-10.22,-10.52,-10.57,-10.38,-10.22,-10.22,-9.82,-9.56,-8.87,-8.95,-8.87,-8.35,-7.80,-7.49,-7.02,-6.25,-5.54,-4.79,-3.89,-3.15,-2.97,-2.90,-2.73,-3.02,-4.09,-4.09,-4.91,-5.29,-6.18,-6.38,-7.28,-7.67,-7.93,-8.53,-9.29,-9.69,-10.22,-10.52,-10.57,-10.57,-10.57,-10.79,-10.79,-11.06,-11.19,-10.92,-11.00,-11.06,-11.00,-10.84,-11.19,-11.14,-11.27,-11.14,-11.19,-11.19,-11.36,-11.06,-11.19,-11.06,-11.27,-11.19,-11.27,-11.41,-11.49,-11.36,-10.92,-11.36,-11.14,-11.55,-11.27,-11.41,-11.36,-11.49,-11.41,-11.63,-11.27,-11.06,-11.68,-11.19,-11.19,-11.49,-11.41,-11.68,-11.68,-11.41,-11.36,-11.68,-11.63,-11.55,-11.19,-11.36,-11.27,-11.19,-11.55,-11.49,-11.27,-11.55,-11.55,-11.55,-11.41,-11.76,-11.36,-11.55,-11.55,-11.68,-11.36,-11.76,-11.85,-11.85,-11.63,-11.55,-11.76,-11.76,-11.55,-11.55,-11.85,-11.55,-11.85,-11.19,-11.63,-11.68,-12.04,-11.68,-11.85,-11.68,-12.12,-11.85,-11.98,-11.76,-11.49,-11.85,-11.90,-11.85,-12.04,-11.36,-11.68,-11.68,-11.68,-11.55,-11.63,-11.85,-11.63,-11.76,-11.76,-11.90,-11.49,-11.98,-11.85,-11.76,-12.12,-11.90,-11.98,-11.55,-11.76,-12.04,-11.76,-11.76,-11.90,-11.85,-11.76,-11.68,-11.90,-11.68,-12.26,-12.12,-12.04,-12.04,-12.26,-11.85,-12.20,-12.34,-12.04,-12.34,-12.20,-12.34,-12.20,-11.76,-12.12,-12.12,-12.04,-12.26,-12.26,-12.04,-12.34,-12.26,-12.34,-12.20,-12.26,-12.34,-12.39,-12.39,-12.04,-12.61,-12.12,-12.48,-12.26,-12.48,-12.34,-12.34,-12.26,-12.39,-12.39,-12.48
-12.61,-12.20,-12.39,-12.61,-12.48,-12.04,-12.48,-12.83,-12.39,-12.56,-12.39,-12.48,-12.39,-12.26,-12.56,-12.26,-12.04,-12.20,-12.39,-12.34,-12.78,-12.56,-12.20,-12.04,-12.34,-12.39,-12.39,-12.12,-12.20,-12.20,-12.12,-12.12,-12.20,-12.20,-12.12,-12.20,-12.34,-12.12,-12.20,-12.34,-12.04,-12.39,-11.68,-12.04,-12.20,-11.98,-11.90,-12.12,-12.20,-11.90,-12.48,-11.90,-11.85,-11.76,-11.90,-12.04,-12.20,-12.12,-12.20,-11.76,-12.04,-11.76,-11.55,-12.04,-11.90,-12.12,-12.12,-12.12,-11.76,-11.85,-11.90,-11.90,-12.12,-11.76,-11.98,-12.04,-11.85,-12.20,-11.49,-11.90,-11.90,-11.68,-11.63,-11.63,-11.68,-11.68,-11.76,-11.85,-11.85,-11.98,-11.63,-11.68,-11.85,-11.63,-11.68,-11.63,-11.85,-11.49,-11.68,-11.90,-11.41,-11.90,-11.68,-11.36,-11.76,-11.63,-11.76,-11.85,-11.68,-11.55,-11.55,-11.68,-11.68,-11.63,-11.76,-11.49,-11.68,-11.76,-11.55,-11.68,-11.36,-11.76,-11.49,-11.41,-11.49,-11.90,-11.41,-11.49,-11.68,-11.41,-11.36,-11.63,-11.76,-11.19,-11.85,-11.49,-11.49,-11.68,-11.36,-11.36,-11.55,-11.41,-11.63,-11.68,-11.49,-11.49,-11.36,-11.49,-11.27,-11.36,-11.36,-11.27,-11.41,-11.41,-11.36,-11.55,-11.14,-11.49,-11.27,-11.14,-11.27,-11.55,-11.14,-11.27,-11.19,-11.06,-10.79,-10.79,-10.65,-10.71,-10.44,-10.04,-10.04,-10.09,-10.09,-10.44,-10.38,-10.22,-10.38,-10.30,-10.52,-9.96,-10.09,-9.90,-9.82,-9.56,-9.35,-9.00,-8.87,-8.40,-7.75,-7.49,-6.69,-6.00,-5.21,-4.46,-3.39,-2.78,-2.07,-1.83,-1.88,-2.24,-2.68,-3.47,-4.09,-5.04,-5.42,-6.25,-7.02,-7.80,-7.67,-8.61,-9.61,-9.90,-9.82,-10.22,-10.71,-10.52,-10.84,-10.79,-10.79,-10.84,-11.00,-11.14,-11.14,-11.19,-11.00,-10.65,-11.06,-11.06,-11.00,-10.71,-11.00,-11.27,-11.36,-11.00,-11.63,-11.41,-11.14,-11.19,-11.27,-11.06,-11.36,-11.19,-11.49,-11.63,-11.19,-11.19,-11.41,-11.49,-11.27,-11.36,-11.27,-11.41,-11.41,-11.55,-11.41,-11.41,-11.63,-11.85,-11.36,-11.63,-11.27,-11.49,-11.63,-11.27,-11.06,-11.49,-11.49,-11.63,-11.41,-11.36,-11.36,-11.19,-11.55,-11.68,-11.63,-11.49,-11.49,-11.41,-11.36,-11.41,-11.49,-11.68,-11.68,-11.55,-11.63,-11.76,-11.68,-11.49,-11.63,-11.68,-11.55,-11.68,-11.76,-11.85,-11.85,-11.76,-11.76,-11.68,-11.85,-11.98,-11.76,-11.76,-11.98,-11.98,-11.85,-12.12,-11.90,-11.85,-11.68,-11.90,-11.63,-11.41,-11.76,-11.85,-11.90,-12.20,-12.04,-12.04,-11.76,-12.12,-12.04,-12.26,-12.20,-11.68,-12.12,-11.90,-11.85,-11.76,-11.68,-11.76,-11.90,-12.26,-11.98,-11.85,-12.20,-12.12,-12.12,-11.85,-11.98,-12.04,-11.63,-12.20,-12.34,-11.85,-12.20,-12.20,-12.26,-11.90,-12.04,-12.20,-12.12,-12.20,-12.04,-12.34,-11.98,-11.90,-12.12,-12.56,-12.20,-11.68,-11.85,-12.39,-12.34,-12.20,-12.26,-12.34,-12.12,-12.04,-12.20,-12.56,-12.56,-12.34,-12.26,-11.68,-12.39,-12.56,-12.39,-12.48,-12.26,-12.26
-12.70,-12.39,-12.61,-12.34,-12.39,-12.61,-12.26,-12.70,-12.34,-12.56,-12.39,-12.48,-12.39,-12.26,-12.04,-12.20,-12.48,-12.61,-12.12,-11.90,-12.39,-12.39,-12.12,-12.12,-12.04,-11.90,-12.04,-12.26,-12.04,-11.98,-12.20,-11.98,-11.90,-12.48,-12.04,-12.12,-12.26,-12.12,-12.39,-12.34,-11.76,-12.39,-12.20,-12.34,-11.98,-12.20,-12.04,-12.26,-11.90,-11.98,-11.76,-12.12,-11.68,-12.04,-11.90,-12.12,-11.98,-11.63,-12.12,-12.04,-12.04,-11.98,-12.04,-12.12,-12.04,-11.76,-11.98,-11.85,-11.76,-11.76,-12.04,-11.90,-11.68,-11.98,-12.34,-11.76,-12.04,-11.76,-11.68,-11.98,-11.63,-11.76,-11.27,-11.76,-11.85,-11.90,-11.68,-11.49,-11.98,-11.76,-11.63,-11.85,-11.76,-11.76,-11.68,-12.12,-11.68,-11.90,-11.63,-11.90,-11.68,-11.90,-11.68,-11.55,-11.68,-11.68,-11.55,-11.68,-11.27,-11.41,-11.55,-11.76,-11.85,-11.49,-11.27,-11.76,-11.41,-11.41,-11.27,-11.76,-11.63,-11.41,-11.68,-11.63,-11.55,-11.49,-11.41,-11.27,-11.68,-11.49,-11.27,-11.41,-11.55,-11.27,-11.85,-11.63,-11.27,-11.49,-11.14,-11.41,-11.41,-11.36,-11.55,-11.41,-11.63,-11.41,-11.19,-11.49,-11.36,-11.36,-11.27,-11.27,-11.55,-11.55,-11.36,-11.27,-11.19,-11.36,-11.63,-11.19,-11.49,-11.63,-11.27,-10.84,-10.92,-11.36,-11.00,-11.00,-10.65,-10.84,-10.38,-10.17,-10.09,-9.90,-10.17,-9.96,-10.22,-10.22,-10.09,-10.38,-10.09,-10.17,-10.17,-10.22,-9.96,-9.69,-9.42,-8.87,-8.87,-8.35,-8.21,-7.54,-6.30,-5.87,-4.79,-3.76,-2.85,-1.59,-1.15,-0.67,-0.50,-1.03,-1.39,-2.49,-3.39,-4.21,-5.16,-5.80,-6.69,-7.49,-8.06,-8.69,-9.29,-9.42,-9.82,-10.17,-10.38,-10.79,-10.71,-10.57,-10.92,-10.79,-11.27,-11.06,-11.27,-11.00,-11.19,-11.06,-11.27,-11.27,-10.92,-11.14,-10.71,-11.19,-11.27,-10.84,-11.36,-11.19,-11.41,-11.19,-11.19,-11.14,-11.19,-11.27,-11.14,-11.63,-11.19,-11.27,-11.19,-11.36,-11.27,-11.76,-11.14,-11.36,-11.55,-11.36,-11.36,-11.36,-11.36,-11.36,-11.49,-11.41,-11.49,-11.27,-11.27,-11.49,-11.49,-11.49,-11.19,-11.27,-11.49,-11.41,-11.55,-11.55,-11.19,-11.55,-11.19,-11.55,-11.49,-11.27,-11.36,-11.19,-11.76,-11.68,-11.63,-11.36,-11.55,-11.55,-11.76,-11.55,-11.55,-11.76,-11.63,-11.76,-12.04,-11.68,-12.04,-11.68,-11.76,-11.85,-11.85,-11.76,-11.76,-11.85,-12.04,-11.55,-11.68,-11.76,-11.68,-11.68,-11.63,-11.68,-11.55,-11.98,-11.63,-11.98,-12.12,-11.98,-11.76,-11.76,-11.76,-12.12,-11.41,-12.04,-11.68,-12.12,-11.90,-11.90,-11.76,-12.12,-12.20,-11.76,-11.90,-11.90,-11.85,-11.85,-12.26,-11.90,-11.85,-11.98,-12.04,-11.76,-12.20,-12.20,-11.85,-11.68,-12.12,-12.26,-11.98,-12.20,-12.20,-12.20,-11.98,-12.34,-12.12,-12.34,-12.34,-12.20,-12.20,-12.39,-12.61,-12.39,-12.26,-12.34,-12.20,-12.61,-12.26,-12.34,-11.90,-12.34,-12.34,-12.39,-12.48,-12.61,-12.39,-12.39,-12.56,-12.39,-12.12,-12.70,-12.34,-12.39
-12.48,-12.39,-12.48,-12.61,-12.83,-12.70,-12.56,-12.20,-12.70,-12.34,-12.26,-12.39,-12.39,-12.26,-12.56,-11.98,-12.20,-12.56,-12.39,-12.61,-12.39,-12.04,-12.26,-12.26,-12.04,-12.26,-12.34,-12.12,-12.20,-12.39,-12.20,-12.04,-11.85,-12.04,-12.04,-12.26,-11.90,-12.04,-12.12,-11.98,-11.68,-11.90,-12.61,-12.20,-12.20,-11.98,-12.26,-12.56,-12.12,-11.76,-12.04,-11.90,-11.90,-12.04,-11.85,-11.90,-12.12,-12.26,-11.85,-11.85,-12.04,-11.68,-11.90,-11.98,-12.12,-12.04,-11.85,-11.85,-12.04,-12.12,-12.04,-11.98,-11.98,-11.85,-12.12,-12.12,-11.76,-11.85,-11.76,-11.55,-11.76,-11.90,-11.68,-11.68,-11.85,-11.63,-11.63,-11.49,-11.85,-12.04,-11.76,-11.55,-11.90,-11.55,-11.49,-11.41,-11.55,-11.85,-11.76,-11.85,-12.04,-11.85,-11.68,-11.90,-11.55,-11.76,-11.76,-11.41,-11.55,-11.63,-11.76,-11.90,-11.49,-11.27,-11.85,-11.36,-11.49,-11.76,-11.36,-11.49,-11.68,-11.49,-11.55,-11.55,-11.49,-11.36,-11.41,-11.55,-11.49,-11.63,-11.55,-11.49,-11.49,-11.19,-11.14,-11.55,-11.19,-11.36,-11.41,-11.41,-11.27,-11.36,-11.55,-11.41,-11.27,-11.55,-11.49,-11.27,-11.41,-11.36,-11.36,-11.19,-11.27,-11.14,-11.41,-11.27,-10.92,-11.36,-11.14,-11.06,-11.19,-11.27,-11.27,-11.19,-11.06,-11.27,-10.84,-10.79,-10.84,-10.84,-10.44,-10.52,-10.22,-9.90,-9.96,-10.04,-10.17,-10.04,-10.17,-10.30,-10.09,-10.09,-10.38,-9.77,-10.09,-9.82,-9.35,-9.29,-9.08,-8.61,-8.21,-7.49,-6.43,-5.62,-4.39,-3.27,-1.71,-0.79,0.21,0.94,0.89,0.42,-0.10,-1.10,-2.49,-3.39,-4.51,-5.74,-6.43,-7.20,-8.06,-8.74,-9.35,-9.61,-9.96,-10.22,-10.57,-10.52,-10.79,-11.00,-11.06,-11.06,-11.27,-11.19,-11.00,-11.36,-11.36,-11.27,-10.71,-11.19,-11.00,-11.19,-11.14,-11.19,-11.00,-11.27,-11.36,-11.14,-11.27,-11.36,-11.36,-11.36,-11.19,-11.27,-11.27,-11.36,-11.49,-11.41,-11.41,-11.27,-11.41,-11.55,-11.41,-11.41,-11.19,-11.36,-11.27,-11.41,-11.36,-11.27,-11.27,-11.19,-11.27,-11.36,-11.55,-11.49,-11.49,-11.49,-11.55,-11.76,-11.68,-11.49,-11.27,-11.63,-11.63,-11.41,-11.68,-11.36,-11.41,-11.55,-11.55,-11.55,-11.49,-11.63,-11.41,-11.68,-11.41,-11.63,-11.49,-11.76,-11.27,-11.49,-11.68,-11.85,-11.76,-11.63,-11.85,-11.76,-11.55,-12.12,-11.85,-11.63,-11.85,-12.04,-11.76,-11.76,-12.20,-11.85,-11.63,-11.76,-12.12,-11.63,-11.90,-12.04,-11.85,-12.04,-12.04,-12.04,-11.90,-11.68,-11.90,-11.76,-11.98,-12.12,-11.68,-11.76,-12.12,-12.34,-11.63,-11.85,-11.76,-12.12,-11.68,-11.98,-12.04,-11.85,-12.04,-11.68,-11.90,-12.12,-12.20,-12.04,-11.98,-12.04,-12.20,-12.20,-11.90,-12.12,-11.98,-11.90,-12.56,-12.39,-12.04,-12.26,-11.63,-12.12,-11.98,-12.26,-12.48,-12.34,-12.39,-12.34,-12.34,-12.48,-12.39,-12.04,-12.26,-12.04,-11.98,-12.26,-12.20,-12.34,-12.34,-12.61,-12.34,-12.48,-12.34,-12.39,-12.48,-12.78,-12.26,-12.48
-12.92,-12.56,-12.61,-12.48,-12.61,-12.39,-12.48,-12.04,-12.12,-12.48,-12.34,-12.56,-12.34,-12.48,-12.34,-12.39,-12.26,-12.61,-12.39,-12.48,-12.39,-12.48,-12.26,-12.20,-11.98,-12.04,-12.34,-12.20,-11.98,-11.90,-12.26,-12.34,-12.26,-12.48,-11.90,-11.98,-11.90,-11.76,-12.39,-12.39,-12.12,-12.12,-11.98,-11.85,-11.90,-11.98,-12.20,-12.26,-11.98,-11.98,-11.85,-12.04,-11.90,-11.98,-11.90,-11.76,-12.20,-12.20,-12.04,-11.98,-11.68,-11.98,-12.12,-12.04,-11.85,-11.68,-12.20,-11.85,-12.12,-11.76,-11.63,-12.12,-11.98,-11.76,-11.90,-12.26,-11.98,-11.55,-12.20,-11.68,-11.90,-11.76,-11.76,-11.27,-11.49,-11.68,-11.63,-11.63,-11.90,-11.36,-11.68,-11.98,-11.63,-11.76,-11.68,-12.34,-11.68,-11.85,-11.85,-11.76,-11.76,-12.12,-11.55,-11.85,-11.68,-11.63,-11.55,-11.85,-11.55,-11.55,-11.68,-11.36,-11.85,-11.68,-11.76,-11.36,-11.90,-11.49,-11.27,-11.36,-11.41,-11.55,-11.68,-11.85,-11.36,-11.41,-11.36,-11.41,-11.41,-11.68,-10.84,-11.27,-11.27,-11.55,-11.41,-11.55,-11.63,-11.41,-11.55,-11.76,-11.41,-11.41,-11.49,-11.55,-11.41,-11.55,-11.19,-11.36,-11.68,-11.36,-11.49,-11.49,-11.41,-11.27,-11.19,-11.41,-11.49,-11.27,-11.19,-11.19,-11.41,-11.19,-11.14,-11.06,-11.14,-11.06,-11.27,-11.06,-10.92,-10.71,-10.65,-10.65,-10.52,-10.44,-10.38,-9.96,-9.96,-10.22,-10.30,-10.17,-10.09,-10.04,-10.04,-9.69,-9.61,-9.69,-9.29,-9.29,-8.87,-8.40,-8.27,-7.49,-6.38,-5.34,-3.71,-2.31,-0.86,0.78,2.08,2.66,3.05,2.43,1.46,0.26,-1.39,-2.61,-3.96,-5.16,-6.00,-6.94,-7.80,-8.40,-9.08,-9.42,-10.04,-10.57,-10.65,-10.65,-10.92,-10.65,-10.65,-11.27,-11.14,-11.06,-11.14,-11.27,-10.92,-11.19,-11.00,-11.06,-11.14,-11.00,-11.14,-11.06,-10.84,-11.27,-11.27,-11.27,-11.27,-11.68,-11.27,-11.14,-11.49,-11.19,-11.41,-11.55,-11.63,-11.49,-11.41,-11.49,-11.36,-11.36,-11.27,-11.49,-11.68,-11.19,-11.41,-11.49,-11.41,-11.55,-11.27,-11.63,-11.55,-11.41,-11.27,-11.49,-11.63,-11.55,-11.36,-11.14,-11.63,-11.63,-11.27,-11.36,-11.36,-11.19,-11.49,-11.19,-11.36,-11.63,-11.63,-11.06,-11.55,-11.55,-11.76,-11.68,-11.68,-11.68,-11.85,-11.63,-11.68,-11.76,-11.76,-11.68,-11.85,-11.98,-11.63,-11.90,-11.68,-11.63,-11.55,-11.76,-11.85,-11.63,-11.98,-11.68,-11.68,-11.90,-11.85,-11.85,-11.68,-11.90,-11.76,-11.76,-11.68,-11.85,-12.12,-11.85,-11.98,-11.76,-11.63,-11.63,-11.49,-11.76,-11.49,-11.55,-11.55,-11.85,-11.68,-11.90,-12.04,-11.76,-12.04,-12.12,-12.04,-12.34,-12.26,-12.26,-11.90,-12.12,-11.90,-11.76,-12.20,-12.20,-12.12,-12.12,-12.12,-12.12,-12.39,-11.98,-12.39,-12.20,-12.12,-11.90,-12.04,-11.98,-12.12,-12.34,-11.98,-12.56,-12.26,-12.34,-12.04,-12.39,-12.39,-12.12,-12.34,-11.85,-12.48,-12.34,-12.39,-12.48,-12.20,-12.20,-12.26,-12.56,-12.56,-12.34,-12.39,-12.39,-12.34,-12.34
-12.39,-12.56,-12.56,-12.56,-12.70,-12.48,-12.70,-12.39,-12.12,-12.61,-12.34,-12.83,-12.39,-12.61,-12.70,-12.04,-12.20,-12.20,-12.20,-12.26,-12.12,-12.70,-12.20,-12.12,-12.12,-11.90,-12.04,-12.04,-12.39,-12.04,-12.12,-12.12,-12.12,-12.04,-11.85,-12.12,-11.98,-11.90,-12.26,-12.04,-11.76,-11.98,-12.12,-11.98,-12.12,-12.04,-11.68,-11.90,-11.98,-12.48,-11.76,-12.04,-12.04,-11.85,-12.48,-12.12,-12.04,-11.90,-11.85,-11.90,-12.26,-11.98,-11.68,-12.04,-11.49,-11.68,-11.63,-12.26,-12.04,-11.85,-11.85,-11.98,-11.98,-11.68,-12.12,-11.98,-11.49,-11.68,-11.85,-11.98,-11.90,-12.04,-11.76,-11.55,-11.76,-11.76,-11.68,-11.76,-12.20,-11.76,-11.90,-11.63,-11.76,-11.63,-11.68,-11.85,-11.68,-11.85,-11.85,-11.41,-11.76,-11.55,-11.63,-11.98,-11.55,-11.55,-11.85,-11.76,-11.76,-11.49,-11.55,-11.90,-11.36,-11.63,-11.55,-11.55,-11.49,-11.85,-11.68,-11.36,-11.19,-11.27,-11.36,-11.68,-11.36,-11.36,-11.68,-11.49,-11.49,-11.41,-11.68,-11.49,-11.19,-11.68,-11.63,-11.68,-11.63,-11.19,-11.27,-11.36,-11.76,-11.36,-11.14,-11.49,-11.41,-11.36,-11.06,-11.27,-11.49,-11.36,-11.41,-11.55,-11.41,-11.36,-11.19,-11.36,-11.36,-11.27,-11.27,-11.41,-11.00,-11.41,-11.19,-11.36,-11.49,-11.00,-11.00,-10.79,-10.84,-10.84,-11.06,-10.92,-11.00,-10.65,-10.38,-10.22,-10.30,-9.69,-10.04,-10.04,-9.96,-9.77,-9.90,-9.69,-9.90,-9.48,-9.35,-9.21,-8.74,-8.74,-7.75,-7.02,-6.00,-4.71,-3.47,-1.22,0.61,2.66,4.49,5.30,5.75,4.76,3.67,1.53,0.26,-1.59,-3.34,-4.59,-5.67,-6.30,-7.49,-8.27,-8.95,-9.00,-9.69,-10.17,-10.71,-10.71,-10.79,-10.84,-10.92,-11.27,-11.36,-10.92,-11.14,-10.92,-11.06,-11.27,-11.19,-11.06,-11.00,-11.27,-11.00,-11.27,-11.19,-11.14,-11.19,-11.41,-11.14,-11.36,-10.84,-11.00,-11.06,-11.27,-11.19,-11.41,-11.55,-11.41,-11.27,-11.63,-11.36,-11.36,-11.19,-11.55,-11.19,-11.14,-11.36,-11.63,-11.27,-11.06,-11.27,-11.49,-11.19,-11.36,-11.49,-11.76,-11.63,-11.27,-11.36,-11.41,-11.49,-11.36,-11.55,-11.49,-11.36,-11.68,-11.49,-11.63,-11.49,-11.49,-11.27,-11.41,-11.36,-11.68,-11.19,-11.55,-11.76,-11.55,-11.68,-11.76,-11.68,-11.68,-11.63,-11.76,-11.85,-11.41,-12.12,-11.63,-11.85,-11.85,-11.76,-11.98,-11.76,-11.76,-12.12,-11.90,-11.76,-11.68,-11.85,-12.12,-11.98,-11.90,-11.90,-12.12,-11.76,-11.76,-12.12,-11.85,-11.76,-11.68,-11.68,-12.12,-11.76,-11.76,-11.98,-11.76,-12.04,-11.85,-12.04,-12.04,-11.98,-12.04,-11.76,-11.68,-12.20,-12.20,-11.68,-11.98,-12.20,-12.04,-11.76,-11.76,-12.20,-12.34,-11.90,-11.90,-12.12,-12.12,-11.90,-12.20,-12.34,-12.34,-12.34,-12.34,-11.90,-12.12,-12.39,-11.98,-12.26,-12.34,-12.26,-11.85,-12.34,-12.48,-12.34,-12.34,-12.20,-12.39,-12.56,-12.39,-12.48,-12.26,-12.48,-12.39,-12.56,-12.34,-12.39,-12.20,-12.39,-12.34,-12.48,-12.26
-12.20,-12.61,-12.97,-12.78,-12.70,-12.34,-12.56,-12.56,-12.12,-12.39,-12.83,-12.56,-12.39,-12.39,-12.56,-12.78,-12.26,-12.48,-12.20,-12.26,-11.98,-12.26,-12.39,-12.48,-12.48,-12.20,-12.12,-12.12,-12.12,-12.34,-11.90,-12.04,-12.04,-12.04,-12.04,-12.04,-12.20,-12.26,-11.98,-11.98,-12.12,-12.12,-11.90,-12.04,-12.26,-11.98,-11.63,-11.90,-12.12,-12.04,-11.85,-12.04,-11.98,-11.76,-11.98,-11.90,-11.98,-11.76,-11.63,-12.20,-12.26,-11.98,-12.04,-11.90,-11.49,-11.76,-11.85,-11.85,-12.26,-12.04,-12.12,-11.98,-12.20,-11.90,-12.04,-12.04,-11.68,-11.63,-11.68,-11.55,-11.90,-12.12,-11.98,-11.90,-11.68,-11.76,-11.76,-11.68,-11.76,-11.98,-11.90,-11.98,-11.85,-11.68,-11.76,-11.68,-11.68,-11.76,-11.85,-11.90,-11.55,-11.68,-11.49,-11.68,-11.55,-11.85,-11.68,-11.76,-12.04,-11.85,-11.76,-11.68,-11.41,-11.68,-11.63,-11.55,-11.63,-11.68,-11.68,-11.55,-11.90,-11.90,-11.27,-11.41,-11.36,-11.36,-11.27,-11.55,-11.55,-11.49,-11.19,-11.55,-11.49,-11.36,-11.68,-11.41,-11.63,-11.63,-11.19,-11.36,-11.49,-11.41,-11.19,-11.85,-11.27,-11.68,-11.36,-11.19,-11.36,-11.27,-11.19,-11.49,-11.49,-11.36,-11.36,-11.55,-11.49,-11.27,-11.49,-11.27,-11.49,-11.63,-11.63,-11.00,-11.36,-11.19,-11.14,-10.84,-11.27,-10.92,-10.71,-10.57,-10.79,-10.65,-10.84,-10.57,-10.52,-10.30,-10.04,-10.04,-9.96,-9.69,-9.56,-9.82,-9.69,-9.61,-9.56,-9.08,-8.74,-8.40,-8.06,-7.07,-5.92,-3.96,-2.61,0.26,3.01,6.28,9.15,10.62,10.77,9.21,7.08,4.26,1.92,-0.50,-2.19,-3.96,-5.21,-6.30,-7.28,-7.88,-8.82,-9.56,-9.56,-10.22,-10.79,-10.71,-10.52,-11.14,-11.14,-11.19,-10.79,-10.84,-11.06,-11.00,-11.27,-11.36,-10.92,-11.27,-11.36,-11.41,-11.00,-10.84,-11.14,-11.06,-11.41,-11.14,-11.36,-11.06,-11.14,-11.19,-11.36,-11.41,-11.41,-11.36,-11.36,-11.14,-11.41,-11.36,-11.41,-11.41,-11.76,-11.55,-11.63,-11.63,-11.68,-11.63,-11.41,-11.49,-11.41,-11.19,-11.27,-11.55,-11.27,-11.49,-11.27,-11.85,-11.19,-11.19,-11.36,-11.41,-11.41,-11.55,-11.76,-11.49,-11.27,-11.63,-11.27,-11.41,-11.55,-11.63,-11.49,-11.63,-11.63,-11.85,-11.41,-11.55,-11.55,-11.41,-11.68,-11.55,-11.76,-11.55,-11.49,-11.76,-11.76,-11.76,-11.85,-11.68,-11.76,-11.76,-11.63,-11.76,-11.90,-11.76,-11.76,-11.68,-11.85,-11.68,-11.76,-11.98,-11.76,-11.85,-11.90,-12.12,-11.55,-11.85,-11.76,-11.90,-12.34,-12.20,-12.04,-11.90,-11.90,-12.12,-12.04,-12.12,-11.68,-11.98,-12.04,-11.63,-12.04,-11.90,-11.68,-12.34,-12.26,-11.76,-12.12,-11.98,-12.04,-12.04,-12.34,-12.20,-12.20,-12.20,-12.12,-12.48,-11.98,-11.76,-12.04,-12.56,-11.90,-11.98,-11.85,-12.04,-12.12,-12.26,-12.26,-11.90,-12.20,-12.34,-12.20,-12.04,-12.34,-12.12,-12.48,-12.34,-12.39,-12.48,-12.39,-12.39,-12.34,-12.39,-12.20,-12.48,-12.56,-12.56,-12.04,-12.34,-12.61,-12.70
-12.70,-12.61,-12.56,-12.56,-12.12,-12.26,-12.70,-12.20,-12.39,-12.20,-12.39,-12.48,-12.26,-12.48,-12.04,-12.83,-12.39,-12.48,-12.39,-12.34,-12.26,-12.34,-12.26,-12.04,-12.39,-12.26,-11.98,-12.20,-12.20,-12.26,-12.39,-12.04,-11.98,-12.39,-12.12,-12.26,-12.12,-12.04,-12.48,-12.20,-12.12,-12.04,-12.26,-11.90,-12.04,-11.98,-12.04,-11.98,-11.85,-12.26,-12.20,-11.85,-11.90,-12.04,-11.90,-12.20,-11.76,-11.90,-12.20,-11.98,-11.85,-11.76,-12.20,-11.76,-11.98,-11.76,-12.04,-12.26,-12.04,-11.76,-12.26,-11.68,-12.20,-12.20,-12.12,-11.90,-11.76,-11.76,-11.76,-11.98,-11.76,-11.68,-11.98,-11.68,-11.68,-11.63,-11.41,-12.04,-11.90,-11.68,-12.04,-11.90,-11.41,-11.68,-11.68,-11.63,-11.68,-11.98,-11.85,-11.55,-11.41,-12.20,-11.63,-11.63,-11.63,-11.68,-11.76,-11.63,-11.63,-11.68,-11.49,-11.27,-11.85,-11.76,-11.76,-11.41,-11.36,-11.41,-11.41,-11.63,-11.85,-11.49,-11.49,-11.19,-11.41,-11.41,-11.36,-11.36,-11.36,-11.55,-11.76,-11.27,-11.55,-11.55,-11.49,-11.55,-11.19,-11.36,-11.19,-11.19,-11.36,-11.36,-11.68,-11.27,-11.49,-11.41,-11.63,-11.55,-11.55,-11.55,-11.19,-11.55,-11.14,-11.68,-11.41,-11.41,-11.41,-11.00,-11.14,-11.27,-11.19,-11.36,-11.14,-11.27,-10.84,-11.19,-10.79,-10.65,-10.65,-10.79,-10.52,-10.57,-10.52,-10.84,-10.71,-10.65,-10.17,-10.44,-10.22,-10.17,-9.82,-9.56,-9.61,-9.77,-9.61,-9.35,-9.16,-9.00,-8.48,-7.88,-7.49,-7.07,-5.47,-3.96,-1.10,2.32,8.21,15.06,21.02,23.75,22.53,18.38,13.14,8.39,4.49,1.34,-1.10,-3.02,-4.59,-5.92,-6.77,-8.06,-9.00,-9.48,-9.69,-10.17,-10.71,-10.79,-11.00,-10.84,-10.79,-11.27,-11.06,-10.84,-11.14,-10.84,-11.14,-11.00,-11.19,-10.71,-11.06,-11.36,-11.36,-10.84,-11.41,-11.49,-11.00,-11.27,-11.14,-11.14,-11.27,-11.19,-11.76,-11.27,-11.41,-11.36,-11.19,-11.55,-11.76,-11.27,-10.92,-11.14,-11.36,-11.36,-11.06,-11.49,-11.55,-11.41,-11.27,-11.41,-11.27,-11.55,-11.55,-11.41,-11.27,-11.49,-11.41,-11.19,-11.63,-11.36,-11.06,-10.92,-11.14,-11.19,-11.36,-11.06,-11.19,-11.27,-11.14,-11.49,-11.49,-11.36,-11.41,-11.63,-11.36,-11.41,-11.49,-11.90,-11.68,-11.98,-11.76,-11.90,-11.90,-11.55,-11.41,-11.90,-11.68,-12.12,-11.49,-11.76,-11.98,-11.98,-11.36,-11.68,-11.68,-11.55,-11.76,-11.85,-11.63,-11.76,-11.68,-11.98,-11.76,-11.76,-11.63,-12.04,-11.90,-11.90,-11.76,-11.85,-11.76,-11.63,-11.90,-11.90,-12.20,-11.76,-11.90,-11.98,-12.20,-11.85,-12.12,-11.90,-11.85,-11.90,-11.90,-11.98,-11.76,-11.98,-12.26,-11.85,-11.76,-11.98,-12.12,-11.90,-12.12,-12.34,-12.34,-11.90,-12.20,-12.34,-11.90,-12.26,-12.26,-11.98,-12.26,-12.48,-11.85,-11.90,-12.48,-11.98,-12.48,-12.26,-12.39,-12.70,-12.48,-12.48,-12.20,-12.12,-11.98,-12.04,-12.26,-12.26,-12.48,-12.39,-12.20,-12.48,-12.34,-12.56,-12.56,-12.39,-12.56,-12.39
-12.78,-12.48,-12.70,-12.39,-12.12,-12.34,-12.48,-12.48,-12.56,-12.39,-12.48,-12.12,-12.26,-12.20,-12.20,-12.70,-12.12,-12.39,-12.12,-12.34,-12.39,-12.34,-12.26,-12.39,-12.20,-12.26,-11.98,-11.98,-12.20,-12.26,-12.12,-12.26,-12.12,-12.34,-12.34,-12.26,-12.20,-11.90,-12.26,-11.90,-12.26,-11.98,-11.85,-11.98,-12.20,-12.04,-12.04,-11.98,-12.04,-12.04,-11.90,-12.04,-11.98,-12.34,-11.90,-11.98,-11.76,-12.34,-11.76,-12.20,-12.04,-11.85,-11.98,-11.63,-12.20,-11.85,-11.85,-12.04,-11.76,-11.68,-12.04,-11.98,-11.85,-12.12,-11.90,-12.20,-12.12,-11.85,-11.63,-11.76,-11.98,-11.76,-11.90,-11.85,-11.90,-11.55,-11.49,-12.20,-11.90,-11.55,-12.04,-11.76,-11.68,-11.90,-11.68,-11.76,-11.68,-11.85,-11.68,-11.63,-11.85,-11.55,-11.27,-11.41,-11.63,-11.90,-11.76,-11.76,-11.63,-11.85,-11.68,-11.85,-11.49,-11.85,-11.76,-11.63,-11.55,-11.41,-11.55,-11.76,-11.14,-11.55,-11.27,-11.27,-11.36,-11.55,-11.63,-11.49,-11.49,-11.41,-11.49,-11.49,-11.41,-11.49,-11.63,-11.49,-11.63,-11.63,-11.27,-11.27,-11.14,-11.55,-11.55,-11.41,-11.55,-11.36,-11.49,-11.41,-11.27,-11.00,-11.27,-11.27,-11.49,-11.41,-11.19,-11.06,-11.49,-11.68,-11.06,-11.14,-11.36,-11.36,-11.06,-11.06,-10.84,-11.14,-10.92,-10.52,-10.44,-10.30,-10.52,-10.38,-10.44,-10.44,-10.57,-10.22,-10.22,-10.65,-9.77,-10.04,-9.90,-9.82,-9.90,-9.61,-9.56,-9.35,-8.95,-8.61,-8.27,-7.88,-7.28,-6.64,-5.21,-3.15,0.54,7.49,19.32,33.42,153.60,210.86,189.73,65.59,26.18,15.57,8.54,3.67,0.14,-2.44,-4.39,-5.54,-6.82,-7.67,-8.69,-9.08,-9.69,-10.57,-10.65,-11.27,-10.92,-10.84,-10.92,-11.19,-11.00,-11.19,-11.00,-11.49,-11.14,-11.19,-10.84,-11.27,-11.19,-11.06,-11.27,-11.36,-11.19,-11.41,-10.65,-11.49,-11.27,-11.19,-11.41,-11.14,-11.19,-11.36,-11.49,-11.27,-11.36,-11.41,-11.19,-11.14,-11.36,-11.00,-11.27,-11.19,-11.06,-11.49,-11.36,-11.06,-11.68,-11.19,-11.27,-11.49,-11.19,-11.19,-11.55,-11.76,-11.41,-11.41,-11.27,-11.41,-11.68,-11.41,-11.19,-11.36,-11.27,-11.41,-11.55,-11.55,-11.63,-11.85,-11.19,-11.41,-11.41,-11.76,-11.76,-11.55,-11.36,-11.76,-11.68,-11.41,-11.85,-11.85,-11.55,-11.98,-11.63,-11.36,-11.90,-11.76,-11.68,-11.85,-12.04,-11.41,-11.85,-11.55,-11.49,-11.76,-11.90,-11.90,-12.04,-11.68,-11.68,-11.85,-12.12,-11.85,-12.39,-12.12,-11.63,-12.34,-11.76,-11.90,-12.20,-11.85,-12.20,-12.39,-11.98,-12.20,-11.98,-12.20,-11.98,-11.98,-11.98,-11.85,-12.04,-11.90,-12.20,-11.90,-12.39,-12.04,-12.20,-11.98,-12.04,-12.04,-11.98,-11.98,-11.85,-11.90,-12.12,-12.12,-12.26,-12.20,-12.26,-12.26,-11.90,-12.04,-12.20,-12.20,-12.20,-12.34,-12.04,-12.26,-12.26,-11.90,-12.39,-12.39,-12.48,-12.34,-12.12,-12.56,-12.26,-12.12,-12.56,-12.34,-12.56,-12.34,-12.12,-12.39,-12.39,-12.34,-12.61,-12.39,-12.12,-12.26
-12.78,-12.83,-12.92,-12.56,-12.12,-12.56,-12.26,-12.34,-12.70,-12.70,-12.34,-12.61,-12.39,-12.39,-12.39,-12.39,-12.56,-12.48,-12.48,-12.48,-12.20,-11.98,-12.12,-12.34,-12.20,-12.39,-12.20,-12.04,-12.04,-12.04,-12.34,-12.20,-12.39,-12.12,-12.12,-12.20,-12.04,-12.12,-12.20,-12.20,-12.20,-12.20,-12.20,-11.90,-12.04,-11.98,-11.98,-12.20,-11.85,-11.90,-11.90,-11.90,-11.85,-11.90,-11.76,-11.76,-11.63,-12.56,-12.12,-12.12,-11.90,-11.98,-11.68,-11.85,-11.76,-11.63,-12.04,-11.90,-11.85,-12.04,-12.20,-11.98,-11.90,-11.68,-11.68,-11.68,-11.85,-11.90,-11.76,-11.68,-11.76,-11.63,-11.90,-12.04,-11.98,-11.68,-11.68,-11.90,-11.68,-12.04,-11.90,-11.90,-11.85,-11.76,-11.55,-11.90,-11.90,-11.85,-11.76,-11.41,-11.90,-11.49,-11.76,-11.76,-11.49,-11.76,-11.85,-11.98,-11.68,-11.85,-11.68,-11.85,-11.68,-11.98,-11.49,-11.63,-11.41,-11.63,-11.41,-11.55,-11.41,-11.90,-11.36,-11.49,-11.49,-11.55,-11.63,-11.27,-11.55,-11.36,-11.55,-11.55,-11.41,-11.06,-11.19,-11.36,-11.41,-11.41,-11.27,-11.27,-11.36,-11.36,-11.27,-11.36,-11.63,-11.63,-11.41,-11.55,-11.49,-11.49,-11.36,-11.49,-11.06,-11.41,-11.49,-11.55,-11.49,-11.41,-11.27,-11.27,-11.19,-11.19,-11.19,-11.14,-11.27,-11.06,-10.92,-10.92,-10.79,-10.52,-10.71,-10.52,-10.30,-10.65,-10.57,-10.71,-10.17,-10.30,-10.22,-10.30,-10.57,-9.96,-9.69,-9.61,-9.42,-9.29,-9.16,-8.95,-8.53,-7.49,-7.02,-6.43,-4.71,-1.83,3.60,16.51,68.59,300.35,401.31,450.37,455.69,388.54,222.03,29.63,15.53,7.03,1.69,-1.59,-3.71,-5.29,-6.38,-7.28,-8.48,-9.29,-9.61,-10.22,-10.71,-10.65,-10.79,-11.14,-10.65,-10.84,-10.79,-11.36,-10.92,-10.65,-11.27,-11.14,-10.79,-10.79,-11.27,-11.19,-11.27,-11.14,-11.19,-11.00,-11.19,-11.19,-11.00,-11.06,-11.00,-11.06,-11.27,-11.27,-11.14,-11.27,-11.55,-11.36,-11.36,-11.49,-11.49,-11.27,-11.49,-11.68,-11.41,-11.76,-11.14,-11.36,-11.68,-11.27,-11.00,-11.49,-11.36,-11.06,-11.36,-11.55,-11.49,-11.19,-10.92,-11.14,-11.36,-11.14,-11.27,-11.06,-11.19,-11.14,-11.19,-11.41,-11.41,-11.41,-11.41,-11.68,-11.55,-11.76,-11.49,-11.41,-11.63,-11.68,-11.55,-11.36,-11.76,-11.98,-11.63,-11.85,-12.12,-11.76,-11.76,-11.85,-11.85,-11.63,-12.20,-11.98,-11.90,-11.90,-11.76,-11.76,-11.55,-11.90,-11.68,-11.76,-11.90,-11.76,-11.85,-12.12,-12.12,-11.85,-12.12,-11.63,-11.98,-12.26,-12.20,-11.55,-12.04,-11.90,-12.20,-11.68,-11.98,-11.76,-11.98,-11.98,-12.04,-11.98,-11.76,-11.85,-11.98,-11.98,-11.98,-12.12,-11.85,-12.20,-11.85,-11.90,-12.04,-11.85,-12.26,-11.98,-11.98,-12.34,-12.34,-12.39,-11.90,-12.34,-12.34,-12.39,-12.20,-12.04,-11.76,-11.90,-12.39,-12.20,-12.34,-12.39,-12.26,-12.39,-12.56,-12.34,-12.34,-12.48,-12.34,-12.56,-12.39,-12.39,-12.39,-12.12,-12.39,-12.26,-12.48,-12.48,-12.61,-12.39,-12.26,-12.70
-12.61,-11.98,-12.39,-12.56,-12.56,-12.48,-12.26,-12.56,-12.70,-12.56,-12.34,-12.78,-12.20,-12.48,-12.26,-12.04,-12.12,-12.20,-12.26,-12.34,-12.39,-12.48,-12.34,-12.34,-12.04,-11.85,-12.12,-12.12,-12.12,-12.39,-12.70,-12.12,-11.98,-12.12,-11.76,-11.85,-11.85,-11.76,-12.04,-12.26,-12.56,-12.20,-12.04,-11.98,-12.48,-11.68,-12.20,-11.98,-11.85,-12.04,-11.76,-11.68,-11.98,-11.98,-12.20,-12.04,-12.04,-11.76,-11.98,-11.90,-11.85,-11.68,-11.63,-11.76,-11.68,-11.68,-12.04,-11.63,-11.90,-12.12,-11.68,-11.76,-12.26,-11.36,-11.68,-11.98,-11.90,-11.90,-11.98,-11.85,-11.98,-11.90,-11.85,-11.68,-11.68,-11.85,-11.90,-11.76,-12.04,-11.41,-12.04,-11.90,-11.85,-11.76,-11.49,-11.76,-11.68,-11.55,-11.85,-11.49,-11.41,-11.85,-11.49,-11.63,-11.76,-11.27,-11.41,-11.49,-11.55,-11.36,-11.68,-11.76,-12.20,-11.36,-11.41,-11.36,-11.76,-11.63,-11.63,-11.49,-11.36,-11.41,-11.63,-11.63,-11.49,-11.41,-11.76,-11.49,-11.68,-11.49,-11.06,-11.36,-11.41,-11.90,-11.27,-11.49,-11.55,-11.41,-11.19,-11.27,-11.41,-11.14,-11.68,-11.41,-11.14,-11.27,-11.27,-11.36,-11.27,-11.36,-11.36,-11.14,-11.55,-11.36,-11.19,-11.19,-11.36,-11.14,-11.19,-10.92,-11.55,-11.14,-11.49,-11.49,-11.00,-11.00,-10.65,-10.57,-10.71,-10.22,-10.57,-10.92,-10.52,-10.44,-10.44,-10.38,-10.44,-10.44,-10.22,-10.09,-10.09,-9.77,-10.04,-9.82,-9.82,-9.21,-8.74,-8.69,-8.14,-7.33,-6.77,-5.92,-4.09,-0.67,7.34,28.61,322.92,509.24,597.66,632.15,636.03,616.50,485.78,236.29,26.98,12.26,4.44,-0.22,-2.73,-4.59,-5.92,-7.15,-8.01,-9.08,-9.42,-10.09,-10.71,-10.71,-11.14,-11.14,-11.06,-11.19,-10.92,-11.06,-11.14,-10.92,-10.79,-11.55,-11.41,-11.00,-11.41,-11.14,-11.27,-11.19,-11.06,-11.19,-11.14,-10.84,-11.00,-10.84,-11.19,-11.06,-11.19,-11.14,-11.19,-11.36,-11.27,-11.19,-11.85,-11.27,-11.19,-11.68,-11.06,-11.36,-11.36,-11.19,-11.27,-11.06,-11.27,-11.63,-11.19,-11.41,-11.27,-11.14,-11.27,-11.41,-11.41,-11.19,-11.36,-11.55,-11.41,-11.19,-11.19,-11.27,-11.14,-11.27,-11.06,-11.14,-11.14,-11.27,-11.19,-11.55,-11.36,-11.85,-11.90,-11.36,-11.63,-11.41,-11.68,-11.63,-11.85,-11.76,-11.85,-11.76,-11.55,-11.85,-11.68,-11.85,-11.55,-11.68,-11.85,-11.41,-11.98,-11.76,-11.76,-11.85,-11.68,-11.41,-11.68,-11.90,-11.76,-11.90,-11.98,-11.85,-11.90,-11.68,-11.98,-11.90,-11.98,-11.76,-11.90,-11.76,-11.76,-12.26,-11.85,-11.76,-11.90,-11.76,-11.85,-11.85,-12.04,-12.34,-12.34,-12.04,-12.20,-12.39,-11.98,-11.85,-12.20,-12.12,-12.12,-12.20,-12.26,-12.39,-12.34,-11.98,-11.98,-12.61,-12.26,-12.20,-12.34,-12.04,-12.20,-12.26,-12.34,-12.04,-12.26,-12.34,-12.39,-12.26,-12.04,-12.39,-12.34,-12.04,-12.39,-12.04,-12.12,-11.98,-12.56,-12.26,-12.34,-12.56,-12.39,-12.12,-11.98,-12.39,-12.39,-12.61,-12.48,-12.70,-12.26,-12.48
-12.48,-12.48,-12.48,-12.20,-12.39,-12.48,-12.56,-12.61,-12.48,-12.20,-12.61,-12.61,-12.61,-12.48,-12.48,-12.04,-12.20,-12.12,-12.26,-12.34,-12.34,-11.68,-12.26,-12.12,-11.85,-11.98,-12.12,-12.04,-12.04,-12.04,-12.26,-11.98,-12.39,-11.68,-12.04,-11.90,-11.85,-11.85,-11.98,-11.90,-12.04,-11.98,-12.04,-12.26,-12.04,-11.63,-12.39,-11.90,-12.26,-12.34,-12.12,-12.04,-11.85,-12.20,-12.26,-12.20,-11.76,-11.98,-11.90,-12.12,-11.63,-12.04,-11.76,-11.68,-11.85,-12.12,-11.90,-11.85,-11.98,-11.63,-11.63,-12.04,-11.98,-11.85,-11.63,-11.68,-11.85,-11.68,-11.68,-12.39,-11.85,-11.76,-12.12,-11.68,-11.68,-11.98,-11.85,-11.85,-11.76,-11.85,-11.90,-11.63,-11.85,-11.85,-11.98,-11.68,-11.76,-11.63,-11.76,-11.90,-11.85,-11.98,-11.49,-11.85,-11.49,-11.55,-11.55,-11.55,-11.41,-11.36,-11.90,-11.55,-11.36,-11.85,-11.41,-11.49,-11.36,-11.36,-11.41,-11.68,-11.49,-11.76,-11.76,-11.41,-11.27,-11.41,-11.55,-11.27,-11.36,-11.49,-11.49,-11.55,-11.36,-11.63,-11.49,-11.27,-11.49,-11.06,-11.36,-11.27,-11.19,-11.41,-11.27,-11.19,-11.49,-11.36,-11.68,-11.19,-11.68,-11.36,-11.36,-11.06,-11.49,-11.55,-11.41,-11.19,-11.19,-10.84,-11.27,-11.27,-11.19,-11.27,-11.36,-11.36,-11.27,-10.79,-10.84,-10.79,-10.52,-10.52,-10.38,-10.52,-10.71,-10.65,-10.22,-10.22,-10.30,-10.09,-10.17,-10.17,-10.09,-10.22,-9.77,-9.82,-9.77,-9.90,-8.87,-8.61,-8.06,-7.62,-6.82,-5.62,-3.39,0.42,10.98,105.12,505.50,690.26,800.05,824.96,781.98,766.79,682.45,457.26,138.70,19.10,7.38,1.34,-1.88,-3.89,-5.92,-7.07,-8.40,-9.16,-9.42,-10.30,-10.44,-10.57,-10.84,-10.84,-11.06,-11.06,-11.19,-11.00,-10.84,-10.92,-11.14,-11.19,-11.19,-10.84,-10.92,-11.14,-11.14,-11.36,-11.19,-11.27,-11.27,-11.19,-11.19,-10.92,-11.14,-11.06,-11.19,-11.14,-11.19,-11.49,-11.36,-11.19,-11.14,-11.63,-11.14,-11.14,-11.41,-11.41,-11.27,-10.84,-11.27,-11.41,-11.00,-11.27,-11.19,-11.19,-10.92,-11.41,-11.27,-11.19,-11.14,-10.84,-10.92,-11.19,-11.27,-11.36,-10.92,-11.19,-10.79,-11.27,-11.06,-11.27,-11.14,-11.27,-11.27,-11.63,-11.19,-11.63,-11.27,-11.41,-11.63,-11.55,-11.27,-11.36,-11.85,-11.68,-11.76,-11.63,-11.76,-11.85,-11.90,-11.90,-11.55,-11.55,-11.55,-11.63,-12.20,-12.04,-11.98,-11.85,-11.90,-11.63,-11.98,-11.76,-11.90,-11.98,-11.90,-11.55,-11.76,-11.98,-11.49,-12.04,-11.98,-11.68,-11.98,-11.76,-11.90,-11.90,-11.90,-11.76,-12.34,-11.63,-12.26,-11.98,-11.98,-11.98,-12.04,-12.20,-11.76,-11.85,-12.20,-12.04,-11.90,-12.26,-12.34,-11.76,-12.04,-11.98,-12.04,-12.04,-12.12,-12.34,-11.90,-11.90,-12.26,-11.98,-12.26,-11.85,-12.48,-12.12,-11.85,-12.34,-12.26,-12.12,-12.04,-12.48,-11.90,-12.48,-12.34,-12.20,-12.83,-12.34,-12.70,-12.39,-12.48,-12.39,-12.39,-11.98,-12.39,-12.39,-12.56,-12.26,-12.48,-12.70,-12.20,-12.70
-12.48,-12.97,-12.61,-12.56,-12.48,-12.48,-12.04,-12.48,-12.48,-12.48,-12.12,-12.34,-12.20,-12.61,-12.48,-12.26,-12.26,-12.20,-12.26,-12.26,-12.26,-12.20,-12.34,-12.56,-12.12,-12.20,-12.20,-12.26,-12.20,-12.04,-12.04,-12.04,-11.98,-12.20,-12.26,-12.12,-12.20,-12.12,-12.12,-11.90,-12.20,-12.34,-12.04,-12.04,-12.26,-12.26,-12.26,-12.04,-12.20,-12.20,-12.04,-12.34,-11.98,-11.85,-12.04,-11.98,-11.90,-12.26,-11.76,-12.12,-11.90,-11.85,-11.90,-11.90,-12.26,-11.98,-12.04,-11.98,-11.76,-12.12,-11.85,-12.20,-11.90,-11.76,-11.85,-12.04,-11.76,-11.85,-12.12,-11.98,-12.12,-11.85,-11.76,-11.63,-11.76,-12.20,-11.85,-11.90,-11.90,-11.98,-11.55,-11.98,-11.63,-11.85,-11.49,-11.68,-11.68,-11.76,-11.41,-11.85,-11.85,-11.55,-11.36,-11.49,-11.85,-11.68,-11.49,-11.68,-11.68,-11.76,-11.76,-11.49,-11.63,-11.85,-11.55,-11.63,-11.49,-11.41,-11.41,-11.68,-11.41,-11.55,-11.55,-11.49,-11.68,-11.68,-11.49,-11.41,-11.36,-11.49,-11.49,-11.63,-11.36,-11.55,-11.36,-11.36,-11.41,-11.36,-11.36,-11.36,-11.63,-11.41,-11.68,-11.36,-11.41,-11.36,-11.49,-11.76,-11.55,-11.49,-11.36,-12.04,-11.63,-11.19,-11.41,-11.36,-11.49,-11.00,-11.27,-11.36,-11.55,-11.36,-11.27,-11.49,-11.41,-11.27,-11.06,-11.36,-10.79,-10.22,-10.57,-10.57,-10.71,-10.44,-10.52,-10.22,-10.09,-10.57,-10.30,-10.22,-9.96,-9.96,-9.96,-9.77,-9.61,-9.42,-9.16,-8.87,-8.27,-7.54,-6.56,-5.21,-3.10,1.64,13.38,195.37,640.72,854.74,925.06,925.06,925.06,887.87,809.43,613.80,307.83,27.07,10.54,2.50,-1.88,-4.26,-6.05,-6.89,-8.48,-9.00,-9.77,-10.38,-10.65,-10.65,-10.84,-11.14,-11.14,-10.92,-10.92,-10.79,-10.84,-11.00,-11.14,-10.92,-10.71,-11.27,-11.19,-10.71,-11.19,-11.41,-11.06,-10.92,-11.14,-10.92,-11.06,-10.92,-11.14,-11.19,-11.41,-11.14,-11.14,-11.49,-11.36,-11.49,-11.49,-11.19,-11.19,-11.06,-11.41,-11.49,-11.19,-11.19,-11.36,-11.19,-11.14,-11.06,-11.27,-10.79,-11.41,-11.06,-11.14,-11.06,-11.41,-11.14,-11.19,-11.41,-10.92,-11.06,-11.19,-11.14,-10.84,-11.14,-11.19,-11.41,-11.00,-11.36,-11.27,-11.00,-11.41,-11.63,-11.41,-11.36,-11.36,-11.41,-11.55,-11.49,-11.41,-11.36,-11.63,-11.68,-11.55,-11.76,-11.55,-11.76,-11.55,-11.68,-11.76,-11.63,-11.90,-11.90,-11.55,-11.68,-11.98,-11.85,-11.85,-11.85,-11.76,-11.85,-12.04,-12.04,-12.04,-11.90,-11.98,-12.04,-12.04,-11.90,-11.85,-11.90,-11.68,-11.68,-12.04,-12.04,-12.12,-12.12,-11.85,-12.20,-11.85,-12.20,-12.12,-11.98,-11.85,-12.26,-12.20,-12.20,-12.20,-12.20,-12.26,-12.26,-12.20,-12.04,-12.26,-11.90,-12.04,-12.26,-12.20,-11.85,-12.04,-12.12,-12.34,-11.98,-12.12,-12.26,-12.20,-12.12,-12.20,-12.34,-12.39,-12.61,-12.26,-12.04,-12.48,-12.39,-12.04,-11.98,-11.98,-12.26,-12.12,-11.98,-12.34,-12.26,-12.34,-12.48,-12.56,-12.12,-12.92,-12.48,-12.78,-12.39
-12.56,-12.56,-12.61,-12.39,-12.20,-12.56,-12.56,-12.48,-12.61,-12.39,-12.04,-12.56,-12.48,-12.20,-12.12,-12.39,-12.20,-12.34,-12.12,-12.48,-12.34,-12.12,-12.20,-12.04,-12.04,-12.39,-12.26,-11.76,-12.12,-11.76,-11.90,-12.34,-11.90,-12.20,-12.04,-12.04,-12.34,-12.12,-12.20,-11.98,-12.20,-12.12,-12.34,-11.76,-12.12,-11.98,-11.90,-12.12,-11.90,-12.12,-11.68,-11.85,-11.68,-12.20,-11.98,-11.63,-11.85,-12.04,-11.68,-11.90,-12.04,-11.85,-11.90,-12.12,-12.04,-12.20,-12.20,-11.55,-11.85,-11.98,-12.04,-12.04,-11.90,-12.04,-11.90,-12.04,-11.85,-11.85,-11.63,-11.36,-11.55,-11.98,-11.85,-11.98,-11.68,-11.76,-11.55,-11.76,-11.36,-11.55,-11.98,-11.98,-11.85,-11.85,-11.85,-11.76,-11.41,-11.55,-11.41,-11.63,-11.68,-11.68,-11.68,-11.76,-11.63,-11.41,-11.49,-11.68,-11.41,-11.27,-11.49,-11.63,-11.76,-11.49,-11.55,-11.49,-11.49,-11.49,-11.36,-11.55,-11.49,-11.49,-11.36,-11.19,-11.49,-11.36,-11.41,-11.36,-11.19,-11.14,-11.36,-11.85,-11.85,-11.49,-11.41,-11.49,-11.49,-11.36,-11.49,-11.41,-11.19,-10.92,-11.41,-11.27,-11.36,-11.36,-11.27,-11.00,-11.19,-11.41,-11.14,-11.49,-11.19,-11.49,-11.14,-11.36,-11.49,-11.36,-11.49,-11.14,-11.36,-11.06,-11.27,-11.27,-10.92,-11.00,-10.84,-10.65,-10.65,-10.65,-10.79,-10.38,-10.65,-10.38,-10.22,-10.30,-10.57,-10.17,-10.30,-10.04,-9.90,-9.90,-9.61,-9.48,-9.77,-9.21,-8.87,-8.74,-8.06,-7.62,-6.38,-5.04,-2.56,2.20,13.63,200.41,697.60,925.06,925.06,925.06,925.06,925.06,885.38,703.09,418.60,34.50,13.34,3.51,-1.15,-4.09,-6.13,-7.41,-8.35,-9.35,-10.22,-10.22,-10.79,-10.92,-10.57,-10.92,-10.84,-10.79,-10.92,-11.27,-11.14,-11.14,-10.65,-11.06,-10.79,-10.79,-10.92,-10.92,-11.36,-10.84,-10.84,-10.79,-11.06,-11.49,-10.84,-10.84,-11.14,-11.36,-11.14,-11.06,-11.36,-11.19,-11.14,-11.49,-11.19,-11.14,-11.41,-11.00,-11.00,-11.27,-11.41,-11.49,-11.14,-11.06,-11.41,-11.27,-11.27,-11.27,-11.27,-11.41,-11.27,-11.19,-11.00,-10.92,-11.36,-10.92,-11.00,-11.00,-10.84,-11.06,-11.14,-11.00,-10.92,-11.00,-11.55,-11.27,-11.55,-11.19,-11.41,-11.76,-11.36,-11.27,-11.76,-11.49,-11.49,-11.68,-11.76,-11.36,-11.41,-11.68,-11.68,-11.68,-11.63,-11.76,-11.85,-11.90,-11.68,-11.85,-11.76,-12.12,-11.63,-11.55,-11.76,-11.63,-11.68,-11.76,-11.76,-11.63,-11.90,-11.90,-11.76,-11.85,-11.76,-11.68,-11.63,-12.04,-11.68,-11.68,-12.04,-11.76,-11.68,-11.85,-12.04,-11.90,-12.12,-11.76,-12.04,-11.63,-11.85,-11.98,-11.85,-12.04,-12.04,-11.68,-12.34,-11.90,-12.20,-12.26,-12.20,-11.98,-12.39,-12.04,-12.39,-12.34,-12.12,-12.20,-12.12,-12.20,-12.20,-12.48,-12.34,-12.26,-12.20,-12.26,-12.39,-12.12,-12.26,-12.34,-12.12,-12.12,-12.20,-12.26,-12.48,-12.48,-12.26,-12.34,-12.39,-11.90,-12.48,-12.34,-12.34,-12.48,-12.34,-12.48,-12.56,-12.20,-12.48,-12.39
-12.78,-12.26,-12.39,-12.39,-12.70,-12.56,-12.39,-12.48,-12.04,-12.56,-12.34,-12.12,-12.26,-12.34,-12.34,-12.12,-11.98,-12.39,-12.39,-12.34,-12.20,-12.39,-12.20,-11.98,-12.61,-11.98,-12.20,-12.20,-12.26,-12.04,-12.20,-12.12,-11.98,-12.12,-12.04,-12.20,-12.12,-12.34,-12.20,-12.12,-11.98,-11.76,-11.98,-12.12,-12.04,-12.34,-11.90,-11.98,-12.12,-11.68,-12.12,-11.68,-11.68,-12.20,-11.90,-11.90,-12.04,-11.98,-12.12,-11.68,-12.12,-11.85,-11.85,-11.85,-11.76,-12.20,-11.68,-11.76,-11.98,-11.90,-11.76,-11.63,-12.20,-11.85,-12.04,-11.76,-11.76,-11.68,-11.76,-11.76,-11.98,-11.68,-11.90,-11.98,-11.76,-11.76,-11.76,-11.85,-11.55,-11.63,-11.68,-11.49,-11.68,-11.63,-11.85,-11.85,-12.04,-11.63,-11.49,-11.55,-11.68,-11.68,-11.76,-11.36,-11.68,-11.76,-11.55,-11.63,-11.76,-11.68,-11.49,-11.36,-11.49,-11.55,-11.55,-11.49,-11.68,-11.49,-11.27,-11.49,-11.36,-11.49,-11.36,-11.27,-11.19,-11.55,-11.27,-11.85,-11.49,-10.92,-11.63,-11.00,-11.49,-11.49,-11.14,-11.19,-11.00,-11.41,-11.49,-11.36,-11.00,-11.14,-11.00,-11.27,-11.55,-11.19,-11.36,-11.14,-11.36,-11.27,-11.14,-11.19,-11.49,-11.06,-11.36,-11.19,-11.27,-11.41,-11.36,-11.14,-11.36,-10.84,-11.41,-11.14,-10.84,-11.00,-11.06,-10.84,-10.65,-10.65,-10.65,-10.71,-10.44,-10.38,-10.44,-10.57,-10.38,-10.30,-10.17,-10.17,-9.77,-10.04,-10.04,-9.61,-9.56,-9.35,-9.08,-8.82,-8.21,-7.15,-6.69,-5.04,-2.24,2.27,12.74,146.89,664.32,925.06,925.06,925.06,925.06,925.06,891.14,730.55,469.93,66.93,14.31,3.83,-1.51,-4.34,-6.38,-7.41,-8.61,-9.77,-9.77,-10.30,-10.79,-10.71,-10.84,-10.57,-10.84,-11.06,-10.84,-11.41,-10.84,-10.84,-10.92,-10.92,-11.14,-10.84,-11.36,-10.79,-10.92,-11.14,-11.19,-11.06,-10.65,-11.27,-11.06,-11.00,-11.19,-11.14,-10.79,-11.27,-11.06,-11.14,-11.49,-11.19,-11.41,-11.49,-11.14,-11.27,-11.00,-11.19,-11.49,-11.68,-11.27,-11.63,-11.36,-11.14,-11.36,-10.92,-11.27,-11.19,-10.79,-11.19,-11.06,-11.14,-11.14,-11.14,-11.14,-11.19,-11.14,-11.19,-11.19,-11.14,-10.92,-11.27,-11.00,-11.41,-11.49,-11.63,-11.76,-11.55,-11.27,-11.85,-11.76,-11.63,-11.63,-11.76,-11.85,-11.49,-11.63,-11.55,-11.63,-11.63,-11.63,-11.85,-11.90,-11.85,-11.90,-12.04,-11.76,-11.41,-11.76,-11.49,-11.85,-11.36,-11.90,-11.76,-11.68,-11.98,-11.98,-11.85,-11.98,-11.63,-11.76,-11.76,-11.98,-11.85,-11.49,-11.85,-12.12,-11.76,-11.76,-12.12,-11.85,-12.12,-12.20,-11.90,-11.68,-12.12,-12.26,-11.90,-11.90,-11.85,-11.68,-11.98,-12.04,-11.85,-12.12,-12.04,-12.12,-12.04,-12.12,-12.26,-11.85,-12.12,-12.26,-12.34,-12.04,-12.12,-11.85,-12.12,-12.34,-12.12,-12.56,-12.12,-12.26,-12.04,-12.39,-12.04,-12.34,-12.34,-12.04,-12.34,-11.90,-12.34,-12.56,-12.26,-12.39,-12.39,-12.56,-12.61,-12.34,-12.48,-12.39,-12.48,-12.48,-12.70,-12.39,-12.26
-12.56,-12.12,-12.56,-12.78,-12.20,-12.48,-12.56,-12.39,-12.39,-12.26,-12.26,-12.26,-12.12,-12.48,-12.34,-12.26,-12.34,-12.34,-12.20,-11.90,-12.26,-12.12,-11.98,-12.20,-12.12,-11.68,-12.20,-12.12,-11.98,-11.98,-11.76,-12.04,-11.98,-12.20,-11.90,-12.04,-12.04,-11.90,-11.98,-12.04,-12.12,-12.26,-11.85,-11.63,-12.26,-12.12,-12.34,-12.48,-12.20,-11.98,-11.68,-12.04,-12.04,-12.04,-11.63,-11.85,-12.12,-12.20,-12.04,-11.49,-11.76,-11.68,-11.68,-11.36,-11.90,-11.90,-11.98,-12.26,-11.90,-12.12,-11.85,-12.04,-11.90,-11.90,-11.76,-11.98,-11.85,-11.98,-11.68,-11.76,-11.85,-11.85,-11.98,-11.49,-11.90,-11.68,-11.90,-11.63,-11.49,-11.76,-11.90,-11.68,-11.68,-11.85,-11.63,-11.41,-11.76,-11.55,-11.76,-11.49,-11.41,-11.85,-11.63,-11.49,-11.68,-11.76,-11.68,-11.49,-11.76,-11.85,-11.41,-11.63,-11.41,-11.55,-11.36,-11.36,-11.41,-11.41,-11.36,-11.55,-11.63,-11.41,-11.19,-11.36,-11.27,-11.55,-11.41,-11.36,-11.49,-11.36,-11.41,-11.36,-11.41,-11.06,-11.41,-11.49,-11.49,-11.14,-11.49,-11.36,-11.27,-11.41,-11.36,-11.36,-11.36,-11.19,-11.27,-11.68,-11.63,-11.41,-11.36,-11.14,-11.06,-11.27,-11.36,-11.06,-11.55,-11.14,-11.27,-11.36,-11.41,-11.00,-11.00,-11.00,-10.71,-10.92,-10.92,-11.27,-10.65,-10.65,-10.57,-10.17,-10.65,-10.52,-10.22,-10.52,-9.96,-10.09,-10.04,-10.22,-10.30,-9.90,-9.82,-9.56,-9.42,-9.08,-9.16,-8.82,-8.06,-7.62,-6.69,-5.04,-2.44,2.15,10.83,34.88,563.06,925.06,925.06,925.06,925.06,925.06,838.10,705.47,458.04,36.75,13.67,3.33,-1.88,-4.71,-6.56,-7.67,-8.69,-9.90,-10.17,-10.52,-10.71,-10.65,-11.06,-10.79,-10.92,-10.92,-10.92,-11.00,-11.00,-10.71,-11.14,-11.19,-11.00,-10.84,-11.36,-10.92,-11.06,-11.14,-11.14,-11.27,-10.79,-10.84,-10.79,-11.14,-11.27,-11.19,-11.19,-11.41,-11.49,-11.06,-11.19,-11.00,-11.27,-11.36,-11.36,-11.06,-11.00,-10.92,-11.19,-11.19,-11.19,-11.19,-11.14,-11.19,-11.36,-11.14,-11.36,-11.19,-11.27,-11.19,-11.14,-11.41,-11.27,-11.14,-10.84,-10.84,-10.57,-11.06,-11.00,-11.49,-11.41,-11.36,-11.27,-11.27,-11.36,-11.14,-11.27,-11.36,-11.27,-11.41,-11.55,-11.55,-12.04,-11.36,-11.63,-11.36,-11.36,-11.76,-11.68,-11.85,-11.76,-11.76,-11.98,-11.63,-11.90,-11.76,-11.90,-11.90,-11.68,-11.55,-11.49,-12.26,-11.76,-11.90,-11.68,-11.98,-11.55,-11.68,-12.20,-11.90,-12.26,-11.85,-11.85,-12.26,-11.98,-12.26,-11.85,-12.12,-11.98,-11.85,-11.85,-11.85,-12.12,-12.12,-11.85,-11.85,-11.85,-11.90,-11.98,-11.76,-12.26,-12.39,-11.85,-11.85,-12.34,-12.26,-12.04,-12.04,-12.12,-12.04,-12.26,-11.76,-12.34,-12.39,-12.12,-12.39,-11.76,-12.04,-12.48,-12.39,-12.34,-12.26,-12.12,-12.04,-12.04,-12.12,-12.48,-12.04,-12.26,-12.48,-12.26,-12.20,-12.20,-12.26,-11.90,-12.34,-12.20,-12.20,-12.83,-12.39,-12.48,-12.39,-12.34,-12.70,-12.39,-12.70
-12.56,-12.48,-12.48,-12.26,-12.56,-12.56,-12.56,-12.70,-12.61,-12.56,-12.20,-12.61,-12.20,-12.56,-12.26,-12.26,-12.20,-12.39,-12.12,-12.34,-12.39,-12.56,-12.48,-12.20,-12.04,-12.26,-12.39,-12.12,-12.20,-12.20,-12.04,-12.39,-12.12,-11.98,-11.85,-12.20,-12.48,-12.12,-12.20,-12.20,-11.76,-12.20,-12.04,-11.90,-11.98,-12.04,-11.76,-11.98,-11.98,-11.68,-11.76,-11.85,-12.04,-12.12,-11.98,-11.90,-11.76,-11.85,-11.76,-11.98,-11.98,-11.85,-11.55,-11.90,-11.68,-11.90,-11.85,-11.90,-11.76,-11.76,-11.49,-11.76,-11.76,-11.85,-12.04,-11.55,-11.55,-11.90,-11.76,-12.20,-11.49,-11.90,-11.85,-11.85,-11.90,-11.85,-11.85,-11.41,-11.36,-11.68,-11.55,-11.63,-11.68,-11.85,-11.63,-11.85,-11.76,-11.76,-11.63,-11.27,-11.76,-11.63,-11.63,-11.76,-11.49,-11.49,-11.55,-11.63,-11.41,-11.76,-11.55,-11.63,-11.76,-11.41,-11.68,-11.55,-11.49,-11.36,-11.06,-11.19,-11.49,-11.14,-11.55,-11.36,-11.49,-11.49,-11.49,-11.36,-11.27,-11.41,-11.41,-11.14,-11.41,-11.49,-11.27,-11.55,-11.19,-11.36,-11.14,-11.36,-11.06,-11.19,-11.06,-11.63,-11.06,-11.06,-11.41,-11.63,-11.49,-11.55,-11.14,-11.14,-11.49,-11.41,-11.36,-11.19,-11.19,-11.14,-11.27,-11.00,-11.19,-10.92,-11.36,-11.00,-10.84,-10.92,-11.06,-10.79,-10.71,-10.44,-10.65,-10.38,-10.17,-10.04,-10.17,-10.30,-10.22,-10.04,-10.04,-9.69,-9.82,-9.82,-10.09,-9.82,-9.69,-9.35,-8.87,-8.48,-8.06,-7.49,-6.30,-4.96,-2.78,0.73,8.13,24.94,393.53,788.78,925.06,925.06,925.06,876.20,763.74,640.57,379.87,30.51,10.58,1.92,-2.78,-5.34,-6.94,-8.14,-9.00,-9.96,-10.09,-10.71,-10.65,-10.71,-11.19,-10.84,-11.27,-11.19,-10.92,-10.84,-11.27,-11.19,-11.06,-11.00,-11.27,-10.92,-11.00,-11.00,-11.06,-11.14,-11.27,-11.36,-10.92,-11.27,-11.14,-11.14,-10.92,-11.00,-11.27,-11.06,-11.19,-11.14,-11.36,-11.36,-11.36,-11.41,-11.27,-11.19,-11.41,-11.19,-11.36,-11.41,-11.27,-11.06,-11.14,-11.36,-11.27,-11.27,-11.41,-11.41,-10.84,-11.00,-11.19,-11.14,-11.19,-11.14,-10.92,-11.00,-10.79,-11.06,-11.27,-11.27,-11.55,-10.92,-10.92,-10.92,-11.41,-11.41,-11.27,-11.63,-11.19,-11.55,-11.55,-11.41,-11.85,-11.85,-11.85,-11.41,-11.27,-11.55,-11.36,-11.68,-11.85,-11.90,-11.76,-11.68,-11.90,-11.85,-11.90,-11.85,-11.76,-11.68,-11.76,-11.63,-11.55,-11.85,-11.90,-11.63,-11.90,-11.41,-11.85,-11.85,-11.76,-11.55,-11.85,-11.90,-12.20,-11.98,-11.90,-11.98,-11.85,-11.63,-11.98,-11.98,-11.63,-11.76,-11.85,-12.04,-11.68,-11.90,-11.90,-11.98,-12.12,-11.98,-12.20,-11.98,-12.04,-12.20,-12.20,-11.90,-12.26,-12.20,-11.98,-12.20,-11.98,-12.20,-12.39,-12.34,-12.26,-12.20,-12.26,-12.26,-11.98,-12.12,-12.20,-12.56,-12.39,-12.34,-12.34,-12.39,-12.04,-12.12,-12.34,-12.20,-12.34,-11.98,-12.12,-12.48,-12.34,-12.56,-12.12,-12.48,-12.39,-12.26,-12.34,-12.34,-12.26,-12.48
-12.92,-12.56,-12.26,-12.39,-12.39,-12.56,-12.70,-12.83,-12.78,-12.12,-12.48,-12.48,-12.26,-12.26,-12.26,-12.48,-12.20,-12.04,-12.20,-12.04,-12.12,-12.20,-11.85,-12.26,-12.12,-12.61,-11.85,-12.39,-12.12,-11.98,-12.12,-12.04,-11.90,-12.20,-11.98,-12.34,-12.20,-11.98,-11.90,-12.20,-11.98,-11.90,-12.12,-11.98,-12.12,-12.04,-12.20,-12.26,-12.04,-11.85,-12.20,-11.90,-12.20,-11.85,-12.04,-12.12,-11.98,-12.20,-11.63,-11.90,-11.76,-11.90,-11.55,-12.12,-11.85,-11.68,-11.90,-11.85,-11.90,-11.85,-11.85,-11.68,-12.26,-12.04,-12.12,-11.85,-11.85,-11.90,-11.90,-11.85,-11.98,-11.85,-12.04,-11.90,-11.63,-12.12,-11.90,-11.85,-11.68,-11.76,-11.90,-11.68,-11.55,-11.76,-11.55,-11.49,-11.63,-11.68,-11.85,-11.85,-11.55,-11.68,-11.68,-11.41,-11.55,-11.49,-11.85,-11.55,-11.41,-11.49,-11.41,-11.63,-11.49,-11.85,-11.55,-11.27,-11.36,-11.36,-11.41,-11.27,-11.19,-11.19,-11.68,-11.06,-11.36,-11.27,-11.36,-10.92,-11.00,-11.41,-11.49,-11.36,-11.36,-11.36,-11.49,-11.27,-11.19,-11.55,-11.00,-10.84,-10.84,-11.14,-11.36,-11.19,-11.27,-11.36,-11.41,-11.27,-11.19,-11.36,-11.36,-11.41,-11.19,-11.36,-11.06,-11.36,-11.27,-11.19,-11.49,-11.06,-11.36,-11.36,-11.49,-11.06,-10.92,-10.84,-10.92,-10.71,-10.57,-10.22,-10.38,-10.17,-10.22,-10.04,-10.17,-10.30,-10.04,-10.17,-10.17,-10.09,-10.30,-9.77,-9.61,-9.61,-9.35,-9.29,-8.48,-8.61,-8.06,-7.41,-6.77,-5.21,-3.59,-0.27,5.46,15.89,161.61,563.71,785.01,846.90,823.14,754.26,668.02,521.18,227.24,20.93,6.92,0.02,-3.47,-5.74,-7.41,-8.21,-9.08,-9.61,-10.04,-10.57,-10.57,-10.92,-11.00,-11.27,-10.71,-10.57,-10.92,-10.79,-11.19,-11.14,-11.14,-11.00,-11.14,-11.19,-10.79,-11.19,-10.92,-11.14,-11.14,-10.71,-11.14,-11.27,-11.19,-11.14,-11.19,-11.00,-11.14,-10.92,-11.06,-11.06,-11.36,-11.19,-11.06,-11.41,-11.41,-11.14,-11.36,-11.27,-11.55,-11.41,-11.68,-11.27,-11.00,-10.84,-11.27,-11.27,-11.14,-10.92,-11.49,-10.84,-11.27,-11.06,-11.27,-11.27,-10.79,-10.84,-10.71,-11.06,-11.27,-11.00,-10.92,-11.06,-11.06,-11.00,-11.49,-11.27,-11.36,-11.41,-11.63,-11.41,-11.41,-11.55,-11.63,-11.90,-11.49,-11.49,-12.04,-11.63,-11.90,-11.49,-11.41,-11.85,-11.76,-11.98,-11.90,-11.68,-12.04,-11.36,-11.76,-11.41,-11.98,-11.76,-12.20,-11.76,-11.90,-11.90,-11.85,-11.85,-11.68,-11.98,-11.76,-12.04,-11.76,-11.76,-11.98,-12.04,-11.98,-11.90,-11.63,-11.76,-11.85,-12.04,-11.85,-12.20,-12.04,-11.98,-12.20,-11.63,-11.85,-11.63,-12.34,-12.04,-12.26,-12.39,-12.12,-12.20,-11.98,-11.90,-12.26,-11.90,-12.39,-11.90,-11.98,-12.26,-12.20,-12.20,-12.04,-12.04,-12.48,-12.34,-11.90,-12.26,-11.85,-12.26,-12.12,-12.20,-12.34,-11.98,-12.04,-12.39,-12.48,-12.56,-12.20,-12.34,-12.34,-12.61,-12.56,-12.39,-12.34,-12.26,-12.20,-12.20,-12.34,-12.39,-12.56,-12.48
-12.83,-12.48,-12.70,-12.20,-12.48,-12.12,-12.61,-12.56,-12.04,-12.39,-12.39,-12.34,-12.61,-12.39,-12.56,-12.04,-12.48,-12.26,-12.48,-12.20,-12.20,-12.20,-12.12,-12.20,-12.04,-12.20,-12.39,-12.26,-12.12,-12.12,-12.04,-11.98,-12.56,-12.34,-12.26,-12.04,-12.04,-12.04,-11.98,-11.98,-11.85,-12.04,-12.20,-11.98,-12.26,-12.20,-11.98,-12.04,-11.55,-12.12,-11.90,-12.12,-11.98,-12.04,-12.12,-11.55,-11.63,-11.85,-11.55,-11.98,-11.90,-11.76,-11.63,-11.76,-11.76,-11.68,-11.90,-11.76,-12.20,-11.55,-11.98,-11.85,-12.12,-11.49,-11.76,-11.85,-11.90,-12.04,-11.76,-12.04,-12.20,-11.68,-11.85,-11.85,-11.68,-12.04,-11.68,-11.85,-11.98,-11.49,-11.85,-11.98,-11.76,-11.63,-11.85,-11.55,-11.90,-11.41,-11.76,-12.04,-11.68,-11.63,-11.68,-11.68,-11.55,-11.85,-11.49,-11.63,-11.49,-11.98,-11.63,-11.49,-11.55,-11.41,-11.36,-11.41,-11.41,-11.14,-11.41,-11.55,-11.49,-11.41,-11.41,-11.41,-11.36,-11.19,-11.14,-11.06,-11.27,-11.14,-11.19,-11.41,-11.14,-11.36,-11.19,-11.27,-11.55,-10.92,-11.27,-11.06,-11.49,-11.36,-11.49,-11.00,-11.19,-11.14,-10.79,-11.36,-11.19,-11.06,-11.06,-11.06,-11.36,-11.27,-11.06,-11.41,-11.19,-11.27,-11.00,-11.36,-11.41,-11.36,-11.19,-11.14,-10.79,-11.00,-11.14,-10.71,-10.44,-10.52,-10.22,-10.09,-10.17,-10.22,-10.22,-10.09,-10.30,-9.96,-10.09,-10.04,-9.69,-9.82,-9.61,-9.69,-9.16,-9.29,-8.74,-8.35,-8.35,-7.49,-6.82,-5.67,-3.52,-1.27,2.71,9.30,23.45,257.28,531.19,648.64,658.44,609.30,504.20,305.14,30.44,11.68,3.01,-1.59,-4.46,-6.30,-7.93,-8.35,-9.48,-10.17,-10.38,-10.57,-10.79,-10.71,-10.84,-10.84,-10.79,-10.84,-11.27,-10.84,-10.92,-10.92,-11.19,-10.84,-11.00,-11.00,-11.00,-11.06,-11.27,-11.14,-11.14,-10.92,-11.49,-10.92,-10.84,-11.06,-11.00,-11.14,-11.27,-10.92,-11.00,-11.14,-11.00,-10.92,-11.14,-11.06,-11.14,-10.79,-11.19,-11.14,-11.41,-11.19,-11.14,-11.14,-11.55,-11.19,-11.19,-11.36,-11.27,-11.00,-11.14,-11.06,-10.84,-11.14,-10.65,-10.84,-10.92,-11.14,-11.14,-11.06,-11.27,-11.19,-10.79,-11.19,-11.06,-11.19,-11.19,-11.41,-11.49,-11.19,-11.41,-11.27,-11.49,-11.41,-11.68,-11.63,-11.76,-11.85,-11.68,-11.63,-11.63,-11.85,-11.85,-11.68,-11.90,-11.49,-11.76,-11.90,-11.85,-11.85,-11.85,-11.85,-11.49,-11.41,-11.90,-11.68,-11.76,-11.90,-11.98,-11.85,-11.90,-12.04,-11.90,-11.90,-11.63,-11.85,-12.12,-11.98,-11.76,-12.20,-12.12,-11.85,-12.12,-11.76,-11.68,-12.20,-12.04,-12.34,-11.68,-12.39,-11.76,-11.90,-12.04,-12.04,-12.34,-12.26,-11.90,-12.12,-12.34,-11.98,-12.20,-12.34,-12.04,-12.12,-12.04,-11.98,-11.98,-12.12,-11.90,-12.04,-12.26,-12.04,-12.34,-12.04,-12.39,-12.39,-12.04,-12.20,-12.26,-12.26,-12.20,-12.39,-12.39,-12.26,-12.20,-12.04,-12.34,-12.48,-12.39,-12.48,-11.90,-12.26,-12.34,-12.04,-12.56,-12.34,-12.34,-12.39
-12.78,-12.70,-12.20,-12.48,-12.61,-12.48,-12.70,-12.26,-12.20,-12.12,-12.20,-12.12,-12.39,-12.56,-12.26,-12.39,-12.04,-12.48,-12.04,-12.48,-12.04,-12.20,-11.98,-12.20,-12.20,-12.12,-12.12,-11.76,-11.90,-11.98,-12.04,-12.04,-11.55,-11.68,-11.90,-12.12,-12.20,-11.98,-11.68,-12.48,-12.12,-12.12,-12.04,-12.20,-11.85,-12.34,-11.85,-11.68,-11.76,-12.04,-12.12,-11.98,-12.04,-11.90,-12.04,-11.98,-12.04,-12.20,-11.90,-11.68,-11.98,-11.76,-12.04,-11.55,-11.76,-11.68,-11.90,-11.55,-11.90,-11.68,-11.90,-11.36,-12.04,-11.98,-11.98,-11.68,-11.85,-11.85,-11.98,-11.68,-11.68,-11.68,-11.55,-11.85,-11.76,-11.85,-11.90,-11.76,-11.55,-11.90,-11.85,-11.98,-11.85,-11.76,-11.55,-11.85,-11.55,-11.76,-11.41,-11.55,-11.68,-11.41,-11.55,-11.55,-11.90,-11.55,-11.85,-11.55,-11.49,-11.63,-11.49,-11.55,-11.41,-11.55,-11.06,-11.68,-11.49,-11.36,-11.36,-11.55,-10.92,-11.14,-11.41,-11.36,-11.27,-11.19,-11.19,-11.55,-11.19,-11.00,-11.63,-11.41,-11.14,-11.41,-11.19,-11.06,-11.41,-11.00,-11.36,-11.14,-10.79,-11.06,-11.00,-10.92,-11.00,-11.49,-11.49,-11.41,-11.36,-11.19,-11.27,-11.00,-11.14,-11.49,-11.63,-11.14,-11.55,-11.06,-11.41,-11.14,-11.14,-11.36,-11.27,-11.41,-11.14,-11.00,-10.79,-10.79,-10.52,-10.44,-9.69,-10.22,-9.96,-9.77,-10.22,-10.17,-10.22,-10.30,-9.90,-10.38,-9.96,-9.96,-9.61,-8.95,-9.16,-9.29,-9.08,-8.61,-8.40,-8.06,-6.94,-6.00,-4.26,-2.49,0.37,4.38,11.47,24.28,164.23,331.13,384.92,344.02,208.68,29.95,14.21,5.19,0.21,-2.90,-5.74,-7.02,-8.35,-9.00,-9.90,-10.17,-10.57,-10.52,-10.84,-10.79,-11.00,-10.84,-10.65,-10.92,-10.84,-10.84,-10.84,-11.06,-11.00,-10.92,-10.92,-10.79,-10.71,-11.14,-10.92,-10.84,-10.92,-11.00,-11.14,-10.92,-10.92,-10.79,-10.84,-10.71,-10.79,-10.71,-11.00,-11.00,-10.79,-11.06,-11.41,-11.27,-11.14,-11.19,-11.36,-11.14,-11.19,-11.27,-11.27,-11.14,-11.36,-11.55,-11.00,-11.19,-11.19,-11.27,-11.41,-11.06,-10.84,-11.00,-11.06,-11.19,-10.65,-10.79,-10.79,-11.36,-10.92,-11.41,-10.84,-11.27,-11.00,-11.06,-11.41,-11.49,-11.55,-11.27,-11.63,-11.68,-11.27,-11.27,-11.63,-11.63,-11.85,-11.68,-11.76,-11.76,-11.55,-11.76,-11.90,-11.63,-11.85,-11.49,-11.19,-11.90,-11.68,-11.55,-11.68,-11.63,-11.85,-11.68,-11.85,-11.90,-11.68,-11.68,-11.85,-11.90,-11.85,-11.76,-11.85,-11.55,-12.12,-11.85,-11.98,-11.76,-11.85,-12.04,-12.04,-11.68,-11.85,-11.68,-12.04,-11.63,-11.90,-11.85,-12.12,-11.85,-11.90,-12.26,-12.20,-12.26,-11.85,-11.68,-12.26,-12.20,-12.20,-12.12,-11.98,-12.34,-11.98,-11.90,-12.26,-12.20,-12.12,-12.39,-12.12,-11.90,-12.34,-12.20,-11.90,-12.12,-12.61,-12.12,-12.04,-12.12,-12.34,-12.20,-12.26,-12.48,-12.12,-12.39,-12.12,-12.04,-12.39,-12.26,-11.98,-12.12,-12.26,-12.04,-12.26,-12.12,-12.61,-12.56,-12.48,-12.26
-12.20,-12.61,-12.56,-12.61,-12.48,-12.61,-12.26,-12.39,-12.12,-12.39,-12.56,-12.39,-12.39,-12.34,-12.34,-12.26,-12.26,-12.20,-12.12,-12.34,-12.12,-11.90,-11.85,-11.76,-11.98,-12.34,-12.34,-12.04,-12.26,-12.26,-12.04,-12.20,-12.04,-11.98,-12.04,-12.12,-12.12,-12.12,-11.98,-12.04,-11.98,-11.76,-11.85,-12.26,-12.20,-12.12,-11.68,-12.12,-12.20,-12.20,-11.76,-11.90,-12.04,-11.98,-11.76,-11.85,-11.85,-11.85,-11.98,-11.98,-12.20,-11.90,-11.76,-12.26,-12.12,-11.55,-11.85,-11.68,-11.55,-11.76,-11.76,-11.68,-11.90,-11.76,-11.76,-11.68,-11.68,-11.76,-11.68,-11.68,-11.76,-11.63,-11.68,-11.55,-11.36,-11.76,-11.68,-11.76,-11.41,-11.63,-11.63,-11.41,-11.90,-11.68,-11.41,-11.85,-11.68,-11.49,-11.85,-11.49,-11.85,-11.41,-11.63,-11.90,-11.98,-11.63,-11.85,-11.55,-11.49,-11.76,-11.85,-11.76,-11.63,-11.55,-11.49,-11.55,-11.55,-11.68,-11.41,-11.06,-11.41,-11.49,-11.19,-11.36,-10.92,-11.06,-11.14,-11.49,-11.27,-11.19,-11.00,-11.06,-10.92,-11.14,-10.92,-11.06,-11.19,-10.92,-11.27,-10.79,-11.00,-11.36,-10.84,-10.92,-11.27,-11.14,-11.06,-11.19,-11.36,-11.55,-11.14,-11.14,-10.79,-11.41,-11.14,-11.41,-11.19,-11.36,-11.41,-11.55,-11.41,-11.36,-11.00,-11.00,-11.49,-11.19,-10.79,-10.92,-10.71,-10.38,-10.30,-10.22,-10.17,-10.22,-10.52,-10.30,-10.22,-10.09,-10.44,-9.77,-9.69,-9.77,-9.56,-9.48,-8.95,-9.08,-8.74,-8.74,-8.06,-7.88,-7.28,-6.05,-5.21,-3.59,-1.27,1.69,5.03,10.28,17.39,24.94,28.88,26.95,19.77,12.07,5.46,1.29,-1.83,-4.14,-6.13,-7.33,-8.27,-9.21,-9.77,-10.09,-10.57,-10.52,-10.71,-10.71,-11.00,-11.14,-11.14,-11.00,-10.84,-11.06,-10.84,-10.79,-10.92,-11.27,-10.92,-11.00,-11.00,-10.84,-11.00,-10.79,-10.92,-10.79,-11.14,-11.41,-10.84,-10.79,-10.79,-10.71,-10.30,-10.52,-10.71,-10.65,-10.71,-10.65,-10.84,-11.36,-11.06,-11.41,-11.19,-11.27,-11.41,-11.14,-11.27,-11.41,-11.49,-10.84,-11.41,-11.06,-11.27,-11.19,-11.36,-11.19,-11.19,-10.92,-10.92,-11.00,-10.79,-11.00,-10.79,-10.79,-11.19,-11.00,-11.06,-11.00,-11.27,-11.06,-11.27,-11.41,-11.55,-11.63,-11.68,-11.27,-11.63,-11.76,-11.49,-11.36,-11.27,-11.55,-11.76,-11.85,-11.63,-11.90,-12.04,-11.68,-11.85,-11.68,-11.98,-11.76,-11.68,-11.98,-12.04,-11.85,-11.98,-11.49,-11.85,-11.63,-11.85,-11.90,-11.68,-11.76,-11.68,-12.04,-11.85,-11.90,-11.90,-12.12,-11.85,-11.85,-11.55,-11.76,-12.04,-11.98,-11.90,-11.85,-11.90,-12.12,-11.76,-12.12,-11.90,-11.85,-11.90,-11.85,-11.85,-11.63,-11.98,-12.12,-12.12,-11.85,-11.76,-12.12,-12.12,-11.85,-12.26,-12.12,-12.26,-12.12,-12.48,-11.90,-11.85,-12.26,-12.48,-12.34,-12.26,-11.98,-12.20,-12.34,-12.34,-12.26,-12.20,-12.48,-12.04,-12.12,-12.26,-11.85,-12.20,-12.39,-12.39,-12.34,-12.48,-12.26,-12.20,-12.56,-12.04,-12.83,-12.70,-12.39,-12.34,-12.92
-12.56,-12.56,-12.61,-12.39,-12.12,-12.34,-12.61,-12.20,-12.61,-12.48,-12.48,-12.34,-12.39,-12.56,-12.34,-12.39,-12.56,-12.20,-12.34,-12.56,-12.34,-12.34,-12.56,-12.20,-12.26,-12.26,-12.04,-12.26,-12.12,-12.12,-12.12,-12.04,-11.98,-12.34,-12.48,-12.34,-12.20,-11.85,-12.26,-12.04,-12.04,-11.49,-12.34,-12.26,-11.90,-12.04,-11.85,-11.98,-12.12,-11.68,-11.90,-11.76,-11.98,-12.26,-12.20,-12.26,-12.04,-11.85,-12.12,-11.76,-11.85,-12.04,-11.55,-11.76,-11.85,-12.20,-11.68,-11.90,-11.85,-11.85,-11.85,-11.76,-11.76,-11.85,-11.90,-11.63,-11.85,-11.90,-11.76,-11.90,-11.55,-11.76,-11.90,-11.85,-11.76,-12.12,-11.85,-11.68,-11.85,-11.63,-11.76,-11.68,-11.55,-11.76,-11.36,-11.55,-11.90,-11.63,-11.90,-11.68,-11.90,-11.49,-11.63,-11.68,-11.90,-11.76,-11.98,-11.55,-11.49,-11.85,-11.55,-11.36,-11.49,-11.49,-11.63,-11.63,-11.55,-11.49,-11.36,-11.19,-10.84,-11.00,-11.27,-11.00,-11.06,-11.06,-11.19,-11.19,-10.92,-11.14,-11.00,-11.49,-11.27,-10.84,-11.00,-11.27,-11.00,-11.14,-11.06,-10.92,-11.55,-11.19,-11.27,-11.41,-11.27,-11.19,-11.14,-11.36,-11.19,-11.19,-11.41,-11.27,-11.06,-11.63,-11.14,-11.49,-11.14,-11.14,-11.49,-11.27,-11.41,-11.14,-11.06,-11.14,-11.27,-11.19,-10.84,-10.71,-10.71,-10.38,-10.38,-10.44,-10.38,-10.38,-10.30,-10.52,-10.17,-10.22,-10.04,-9.69,-9.48,-9.69,-9.35,-9.42,-9.00,-9.21,-8.82,-8.82,-8.74,-8.40,-7.20,-6.56,-5.87,-4.66,-2.73,-0.79,1.57,4.60,7.30,9.88,10.77,10.02,7.76,4.65,1.46,-1.39,-3.59,-5.16,-6.89,-8.21,-8.87,-9.42,-10.04,-10.30,-10.57,-10.79,-10.92,-11.00,-10.71,-11.00,-11.00,-10.92,-11.00,-10.92,-11.19,-11.19,-11.06,-11.41,-11.14,-10.92,-11.06,-11.06,-11.19,-11.27,-11.06,-10.79,-11.06,-10.57,-10.71,-10.92,-10.84,-10.57,-10.52,-10.52,-10.22,-10.52,-10.57,-10.65,-10.65,-10.79,-11.06,-11.00,-11.36,-11.19,-11.41,-11.14,-11.41,-11.27,-11.27,-11.36,-11.00,-11.14,-11.49,-11.41,-11.36,-11.14,-11.36,-11.00,-11.19,-10.65,-10.84,-10.84,-10.79,-11.19,-11.41,-11.14,-11.06,-11.36,-11.14,-11.55,-11.41,-11.14,-11.41,-11.36,-11.63,-11.63,-11.63,-11.63,-11.68,-12.12,-11.63,-11.85,-12.12,-11.68,-11.68,-11.90,-11.85,-11.90,-11.68,-11.76,-11.98,-11.76,-11.55,-11.98,-11.41,-11.98,-11.76,-11.85,-11.76,-11.41,-11.85,-11.68,-11.68,-11.76,-11.68,-11.76,-11.63,-12.12,-12.20,-12.12,-11.85,-11.36,-11.90,-11.76,-11.90,-11.85,-11.85,-11.98,-11.85,-11.85,-12.04,-11.90,-12.20,-11.98,-11.90,-12.04,-11.98,-12.12,-12.04,-11.85,-12.12,-12.34,-11.85,-11.85,-11.90,-12.20,-12.20,-11.85,-11.90,-12.04,-11.90,-12.04,-12.26,-12.12,-11.98,-12.34,-12.26,-12.04,-12.20,-11.85,-12.39,-12.20,-12.34,-12.61,-12.26,-12.48,-12.20,-12.26,-12.04,-12.26,-12.26,-12.26,-12.61,-12.39,-12.56,-12.39,-12.48,-12.04,-12.83,-12.20,-12.48,-12.34
-12.39,-12.70,-12.39,-12.48,-12.83,-12.48,-12.26,-12.20,-12.26,-12.56,-12.20,-12.56,-12.34,-12.61,-12.70,-12.20,-12.12,-12.12,-12.20,-12.04,-12.34,-12.26,-12.26,-12.26,-12.04,-12.12,-12.20,-12.12,-11.85,-12.04,-12.26,-12.26,-12.26,-12.26,-12.26,-12.20,-11.76,-12.04,-11.98,-12.12,-12.20,-12.34,-12.20,-12.20,-11.85,-12.20,-12.12,-12.04,-11.90,-12.20,-11.90,-12.12,-12.26,-11.90,-11.90,-11.85,-11.98,-12.12,-11.90,-11.90,-11.76,-11.90,-11.90,-11.98,-11.85,-12.12,-11.55,-11.76,-11.63,-11.76,-11.98,-11.85,-12.26,-11.85,-11.76,-11.76,-11.76,-11.85,-11.68,-11.90,-11.68,-11.76,-11.55,-11.68,-11.41,-11.85,-11.68,-11.68,-11.49,-11.90,-11.49,-11.90,-11.49,-12.20,-11.76,-11.68,-11.98,-11.76,-11.85,-11.63,-11.98,-11.85,-11.41,-11.63,-11.49,-11.98,-11.49,-11.85,-11.41,-11.63,-11.76,-11.36,-11.49,-11.36,-11.36,-11.55,-11.63,-11.41,-10.92,-10.92,-10.65,-10.71,-10.44,-10.84,-10.84,-10.79,-10.84,-11.06,-11.06,-11.00,-11.14,-11.41,-11.19,-11.14,-11.36,-11.41,-11.19,-11.06,-10.92,-11.00,-11.14,-11.49,-11.49,-11.06,-11.19,-11.49,-11.19,-11.06,-11.19,-11.19,-10.92,-11.27,-11.36,-11.27,-11.27,-11.76,-11.19,-11.41,-11.41,-10.84,-11.36,-11.19,-11.06,-11.19,-11.14,-11.00,-10.84,-11.06,-10.71,-10.52,-10.44,-10.17,-10.30,-10.09,-10.44,-10.09,-10.09,-10.09,-9.77,-9.56,-9.61,-9.42,-9.35,-9.00,-9.00,-9.48,-9.35,-8.95,-8.82,-8.21,-7.49,-6.69,-5.80,-5.16,-3.89,-2.36,-0.58,1.46,3.28,4.44,4.92,4.56,3.12,1.46,-0.50,-2.56,-4.39,-5.74,-7.41,-8.21,-8.95,-9.61,-10.04,-10.38,-10.30,-10.92,-11.06,-10.92,-10.84,-11.27,-10.71,-11.14,-11.00,-11.06,-11.00,-11.00,-11.19,-11.14,-10.79,-11.36,-10.52,-10.84,-10.79,-11.14,-10.92,-11.27,-11.27,-10.79,-10.57,-10.79,-10.57,-10.44,-10.71,-10.52,-10.71,-10.71,-10.44,-10.65,-10.65,-10.84,-10.79,-11.19,-10.84,-11.14,-11.41,-11.27,-11.41,-11.36,-11.27,-11.00,-11.41,-11.41,-11.36,-11.27,-11.36,-11.27,-11.55,-11.41,-11.19,-11.06,-10.84,-10.71,-11.14,-10.92,-11.36,-11.19,-11.19,-11.41,-11.36,-11.14,-11.41,-11.19,-11.49,-11.41,-11.49,-11.27,-11.68,-11.27,-11.27,-11.68,-11.76,-11.63,-11.27,-11.85,-11.55,-11.55,-11.90,-11.90,-11.49,-12.04,-11.90,-11.68,-11.68,-11.76,-11.98,-11.68,-11.98,-11.63,-11.55,-11.98,-11.68,-11.85,-11.85,-11.98,-11.85,-11.85,-11.68,-11.90,-12.04,-11.98,-11.55,-11.76,-12.34,-11.76,-12.04,-11.85,-11.85,-11.98,-11.76,-11.90,-11.55,-11.76,-12.12,-11.90,-12.48,-12.26,-12.12,-12.20,-11.85,-11.76,-12.04,-11.68,-11.55,-11.76,-11.85,-11.90,-12.26,-12.12,-11.90,-12.26,-12.56,-12.34,-12.12,-12.26,-11.98,-12.34,-12.20,-12.39,-12.12,-12.34,-11.98,-12.04,-11.98,-12.26,-12.34,-12.04,-12.48,-12.04,-12.56,-11.90,-11.90,-12.39,-12.20,-12.04,-12.34,-12.39,-12.56,-12.48,-12.78,-12.39,-12.34,-12.56
-12.61,-12.78,-12.61,-12.83,-12.56,-12.70,-12.26,-11.98,-12.34,-12.48,-12.39,-12.56,-12.26,-12.48,-12.61,-12.34,-11.98,-12.20,-12.20,-12.20,-12.04,-12.56,-12.12,-12.26,-12.12,-12.12,-12.12,-12.26,-12.26,-12.04,-12.26,-12.26,-12.20,-12.48,-12.34,-11.68,-12.04,-12.04,-12.04,-12.20,-12.04,-11.98,-12.04,-12.20,-12.12,-12.04,-11.41,-12.20,-11.98,-11.98,-11.85,-12.04,-11.68,-12.12,-11.90,-11.98,-12.20,-11.90,-11.68,-11.76,-11.90,-12.20,-12.20,-11.85,-11.76,-11.98,-11.68,-11.76,-11.98,-12.20,-11.98,-11.90,-11.98,-11.90,-11.85,-11.85,-11.98,-11.55,-11.27,-11.90,-11.55,-11.63,-11.55,-11.55,-11.41,-11.85,-11.85,-11.49,-11.55,-11.98,-11.41,-11.55,-11.63,-11.85,-11.68,-11.63,-11.63,-11.49,-11.76,-11.68,-11.63,-11.63,-11.76,-11.90,-11.55,-11.41,-11.55,-11.63,-11.49,-11.76,-11.49,-11.49,-11.55,-11.49,-11.55,-11.49,-11.41,-11.14,-11.36,-11.00,-11.00,-10.71,-10.38,-10.38,-10.57,-10.92,-10.92,-11.27,-11.06,-11.00,-10.92,-11.06,-10.92,-11.14,-11.27,-11.00,-10.79,-11.36,-11.14,-11.63,-11.19,-11.19,-11.19,-11.14,-11.14,-11.14,-11.00,-11.06,-11.36,-11.55,-11.27,-11.41,-11.41,-11.19,-10.92,-11.41,-11.36,-11.19,-11.19,-11.41,-11.41,-11.49,-11.36,-11.27,-11.00,-10.92,-11.06,-11.14,-10.44,-10.65,-10.22,-10.17,-10.52,-10.09,-10.38,-9.82,-9.61,-9.29,-9.42,-9.35,-9.56,-9.48,-9.29,-9.48,-9.69,-9.61,-9.29,-9.08,-8.82,-8.61,-7.41,-7.02,-6.56,-5.67,-4.66,-3.52,-2.24,-0.62,0.61,1.76,1.92,1.76,0.89,-0.62,-2.19,-3.76,-5.34,-6.43,-7.67,-8.27,-9.08,-9.69,-10.30,-10.38,-10.52,-11.00,-11.00,-10.84,-11.14,-11.06,-11.06,-11.14,-10.84,-10.84,-10.92,-11.06,-10.65,-11.00,-10.92,-10.92,-11.06,-11.06,-11.00,-11.14,-11.00,-10.92,-10.71,-10.65,-10.71,-10.17,-10.30,-10.04,-10.57,-10.44,-10.57,-10.71,-10.79,-10.84,-10.79,-10.71,-10.71,-10.84,-11.19,-11.19,-11.36,-11.41,-11.36,-11.55,-11.27,-11.55,-11.68,-11.49,-11.41,-11.55,-11.68,-11.85,-11.06,-11.14,-11.19,-11.41,-11.19,-10.57,-10.79,-10.57,-11.36,-10.84,-11.27,-11.06,-11.36,-11.36,-11.27,-11.36,-11.27,-11.68,-11.55,-11.55,-11.49,-11.19,-11.55,-11.68,-11.63,-11.68,-11.76,-11.41,-11.68,-11.63,-11.85,-11.63,-11.68,-11.36,-11.55,-11.55,-11.85,-11.85,-11.76,-11.90,-11.85,-11.90,-11.55,-11.85,-11.63,-11.76,-11.76,-11.90,-11.55,-11.90,-11.76,-11.55,-11.76,-11.76,-11.63,-11.85,-11.90,-11.76,-11.98,-11.85,-12.20,-12.04,-11.98,-11.90,-11.63,-11.90,-12.04,-11.85,-11.98,-12.20,-11.98,-11.85,-11.98,-12.20,-12.04,-11.98,-12.04,-11.90,-11.90,-11.90,-11.76,-11.85,-11.76,-12.20,-12.20,-12.12,-12.20,-11.85,-11.90,-11.98,-11.90,-12.39,-11.90,-12.26,-12.20,-12.39,-12.39,-12.48,-12.04,-12.04,-12.34,-12.48,-12.48,-12.39,-12.39,-12.48,-12.48,-12.26,-12.39,-12.39,-12.39,-12.34,-12.26,-12.97,-12.39,-12.78
-12.92,-12.56,-12.26,-12.56,-12.48,-12.78,-12.26,-12.20,-12.48,-12.20,-12.20,-12.78,-12.26,-12.26,-12.48,-12.26,-12.26,-12.34,-12.39,-12.20,-12.39,-12.20,-12.20,-12.04,-12.26,-11.98,-12.26,-12.48,-12.12,-11.85,-12.12,-12.04,-11.76,-12.20,-12.26,-11.98,-12.26,-12.12,-12.34,-12.26,-12.04,-11.98,-11.98,-11.98,-12.34,-12.20,-11.68,-11.85,-11.76,-11.76,-12.12,-11.68,-12.04,-11.76,-11.85,-11.98,-12.12,-11.90,-12.20,-11.76,-11.98,-11.76,-11.98,-11.85,-11.85,-11.85,-11.85,-11.49,-12.04,-12.04,-11.98,-11.90,-11.98,-11.49,-11.76,-11.55,-11.98,-11.98,-11.76,-11.85,-11.63,-11.68,-11.76,-11.90,-11.55,-11.55,-11.68,-11.85,-11.76,-11.41,-11.85,-12.04,-11.49,-11.76,-11.98,-11.68,-11.49,-11.63,-11.63,-11.76,-11.63,-11.36,-11.68,-11.55,-11.85,-11.49,-11.49,-11.06,-11.41,-11.68,-11.63,-11.49,-11.41,-11.63,-11.36,-11.27,-10.71,-10.79,-11.06,-11.00,-10.92,-11.00,-11.00,-10.44,-10.52,-10.52,-10.84,-10.92,-10.84,-11.14,-10.79,-11.14,-11.19,-11.00,-11.06,-11.36,-10.92,-11.00,-11.19,-11.06,-11.49,-11.27,-11.19,-11.36,-11.27,-11.00,-11.41,-11.36,-11.27,-11.14,-11.19,-11.36,-11.19,-11.68,-11.41,-11.55,-11.19,-11.14,-11.14,-11.36,-11.63,-11.41,-11.55,-11.41,-11.00,-11.14,-11.19,-10.79,-10.71,-10.79,-10.17,-10.22,-10.30,-10.04,-9.48,-9.69,-9.35,-9.56,-9.69,-9.69,-9.69,-9.56,-9.61,-9.96,-9.90,-9.35,-9.48,-9.42,-9.35,-8.69,-7.33,-6.43,-6.82,-6.38,-5.67,-4.51,-3.34,-2.19,-1.27,-0.46,-0.15,0.02,-1.03,-1.95,-2.85,-4.46,-5.67,-6.77,-7.80,-8.40,-9.48,-9.77,-9.77,-10.09,-10.57,-10.84,-11.00,-10.84,-11.00,-11.36,-11.06,-11.19,-11.27,-11.55,-11.41,-10.84,-10.92,-11.06,-10.79,-10.84,-10.79,-10.84,-11.14,-10.84,-11.00,-10.84,-10.84,-10.71,-10.71,-10.57,-9.90,-10.52,-10.52,-10.09,-10.57,-10.52,-10.57,-10.79,-10.71,-10.84,-10.79,-10.79,-11.36,-11.27,-11.19,-11.27,-11.49,-11.49,-11.41,-11.41,-11.27,-11.14,-11.41,-11.27,-11.19,-11.55,-11.55,-11.36,-11.76,-11.76,-11.55,-11.27,-11.36,-10.92,-10.92,-11.06,-11.06,-11.49,-11.49,-11.36,-11.36,-11.49,-11.68,-11.63,-11.68,-11.06,-11.41,-11.63,-11.36,-11.76,-11.63,-11.63,-11.68,-11.27,-11.68,-11.63,-11.98,-11.98,-11.76,-11.76,-11.55,-11.55,-11.76,-11.55,-12.20,-11.90,-11.41,-11.63,-11.63,-11.98,-11.55,-11.90,-11.55,-11.85,-11.68,-11.85,-11.85,-11.90,-11.68,-11.85,-11.76,-11.90,-11.63,-11.76,-11.63,-12.04,-11.90,-11.55,-11.90,-11.55,-12.12,-11.68,-11.85,-11.63,-11.98,-12.04,-11.90,-12.39,-12.12,-12.34,-11.98,-11.98,-12.12,-12.34,-12.34,-12.26,-11.98,-12.20,-12.39,-12.26,-12.12,-12.12,-12.04,-12.34,-12.20,-11.85,-12.04,-12.04,-11.98,-12.56,-12.26,-11.98,-12.20,-12.34,-12.26,-12.39,-12.34,-12.39,-12.12,-12.56,-12.26,-12.12,-12.39,-12.39,-12.39,-12.34,-12.39,-12.48,-12.56,-12.39,-12.12,-12.70
-12.39,-12.12,-12.56,-12.48,-12.70,-12.56,-12.56,-12.48,-12.12,-12.39,-12.39,-12.26,-12.26,-12.34,-12.20,-11.98,-12.12,-12.20,-12.26,-12.20,-11.90,-12.20,-11.98,-12.26,-12.12,-12.20,-12.12,-11.98,-12.20,-12.04,-11.98,-12.48,-12.04,-11.76,-11.90,-11.85,-11.98,-11.85,-12.12,-11.98,-11.76,-11.90,-11.98,-11.85,-12.04,-12.26,-12.04,-11.90,-12.34,-12.20,-12.12,-11.90,-12.20,-11.76,-11.90,-12.26,-12.20,-11.90,-12.12,-11.98,-11.98,-11.98,-12.26,-11.76,-11.90,-11.76,-11.76,-11.85,-12.04,-11.90,-12.04,-11.76,-12.04,-12.12,-11.76,-12.04,-11.85,-11.41,-11.68,-11.85,-11.90,-11.76,-12.04,-11.98,-12.04,-11.76,-11.76,-11.68,-11.98,-11.55,-11.63,-11.76,-11.49,-11.49,-11.55,-11.85,-12.04,-11.63,-11.55,-11.41,-11.68,-11.98,-11.85,-11.49,-11.41,-11.85,-11.49,-11.76,-11.27,-11.63,-11.55,-11.27,-11.49,-11.55,-11.14,-11.14,-11.41,-11.19,-11.06,-10.79,-10.52,-10.65,-10.79,-10.57,-10.65,-10.52,-10.71,-10.57,-10.44,-10.79,-10.84,-11.00,-11.19,-11.19,-11.19,-11.06,-11.14,-11.00,-10.71,-10.79,-10.92,-10.92,-11.41,-11.14,-11.19,-11.06,-11.06,-10.92,-11.14,-11.14,-11.19,-11.36,-11.27,-11.55,-11.41,-11.27,-11.49,-11.49,-11.27,-11.36,-11.00,-11.14,-11.55,-11.41,-11.14,-11.00,-10.84,-10.65,-10.44,-10.17,-10.38,-10.09,-10.09,-9.61,-9.08,-9.77,-9.21,-9.48,-9.77,-10.09,-10.04,-10.04,-9.77,-9.69,-9.82,-9.61,-9.48,-9.42,-9.16,-8.61,-7.75,-6.56,-6.82,-6.51,-5.87,-5.16,-4.51,-3.27,-2.56,-1.71,-1.47,-1.63,-1.95,-2.85,-4.01,-4.79,-5.92,-7.41,-8.21,-8.87,-9.56,-9.48,-10.44,-10.38,-10.92,-11.06,-10.84,-11.14,-10.71,-10.79,-11.19,-10.92,-11.00,-11.41,-11.00,-11.00,-11.14,-11.49,-11.36,-11.06,-11.36,-10.92,-11.06,-11.19,-10.84,-11.36,-10.65,-10.71,-10.71,-10.22,-10.09,-10.17,-10.44,-10.30,-10.44,-10.65,-10.65,-10.71,-10.71,-11.00,-11.14,-11.19,-11.41,-11.06,-11.27,-11.27,-11.14,-11.41,-11.36,-11.27,-11.36,-11.36,-11.63,-11.41,-11.41,-11.27,-11.41,-11.27,-11.49,-11.36,-11.49,-11.55,-11.55,-11.49,-10.84,-11.14,-10.92,-11.27,-11.14,-11.27,-11.49,-11.27,-11.63,-11.63,-11.41,-11.68,-11.36,-11.68,-11.68,-11.90,-11.76,-11.49,-11.63,-11.63,-11.55,-11.76,-11.41,-11.49,-11.55,-11.63,-11.90,-11.85,-11.98,-11.76,-11.76,-11.68,-11.85,-11.49,-11.55,-11.63,-11.55,-11.76,-11.90,-11.76,-11.68,-11.63,-11.85,-11.90,-11.85,-11.90,-11.90,-11.68,-11.98,-11.68,-11.76,-11.90,-12.12,-11.76,-11.68,-11.85,-11.98,-12.20,-11.76,-12.04,-11.85,-11.98,-11.98,-11.76,-11.85,-11.55,-12.12,-12.26,-12.26,-12.20,-11.90,-12.20,-12.20,-12.20,-12.34,-12.12,-12.26,-12.26,-11.98,-12.04,-12.26,-12.04,-12.26,-12.34,-12.34,-12.34,-12.12,-12.26,-12.20,-12.48,-12.34,-12.34,-12.48,-12.20,-12.39,-12.56,-12.12,-12.34,-12.39,-12.12,-12.12,-12.12,-12.56,-12.20,-12.34,-12.20,-12.39,-12.39
-12.83,-12.70,-12.61,-12.48,-12.12,-12.61,-12.48,-12.70,-12.34,-12.39,-12.26,-12.48,-12.61,-12.26,-12.56,-12.39,-12.34,-12.34,-12.26,-12.39,-12.12,-11.98,-12.26,-12.12,-12.48,-12.12,-12.20,-12.48,-12.12,-12.04,-12.12,-12.04,-12.39,-12.39,-11.90,-11.85,-12.20,-11.85,-11.76,-12.12,-12.26,-12.04,-12.04,-12.04,-11.68,-12.04,-12.04,-11.76,-11.98,-12.26,-11.90,-11.90,-12.04,-12.26,-11.68,-11.90,-12.26,-11.85,-11.76,-12.04,-11.63,-11.90,-11.68,-11.90,-11.76,-11.76,-11.90,-11.76,-11.68,-11.98,-11.49,-11.90,-11.85,-11.55,-11.76,-11.76,-11.76,-12.12,-11.55,-11.85,-11.68,-11.85,-11.68,-11.90,-11.55,-11.68,-11.90,-11.63,-11.68,-11.90,-11.55,-11.63,-11.76,-11.85,-11.76,-11.27,-11.76,-11.63,-11.68,-12.04,-11.68,-11.85,-11.63,-11.49,-11.55,-11.90,-11.63,-11.98,-11.55,-11.63,-11.63,-11.36,-11.41,-11.49,-11.36,-11.36,-10.79,-11.41,-10.92,-10.57,-10.92,-10.79,-10.38,-10.30,-10.57,-10.52,-10.38,-10.79,-10.65,-11.00,-11.00,-11.19,-11.14,-11.14,-11.19,-10.92,-10.92,-11.06,-11.06,-11.06,-11.14,-11.27,-11.14,-11.55,-11.06,-11.27,-11.55,-11.14,-11.06,-11.55,-11.49,-11.19,-11.55,-11.27,-11.41,-11.41,-11.27,-11.27,-11.36,-11.19,-11.27,-11.27,-11.49,-11.19,-11.27,-11.14,-10.71,-10.79,-10.44,-10.44,-10.44,-9.82,-9.00,-9.00,-9.16,-9.29,-9.29,-9.69,-10.30,-9.96,-10.22,-9.77,-9.82,-9.82,-9.69,-9.96,-9.42,-9.29,-9.08,-8.82,-8.27,-7.75,-7.75,-6.89,-6.43,-5.67,-5.16,-4.46,-3.52,-2.73,-2.68,-2.56,-3.02,-3.39,-4.39,-5.09,-6.13,-7.20,-8.06,-8.82,-9.48,-9.90,-10.30,-10.79,-10.65,-11.00,-10.79,-10.92,-11.06,-10.92,-11.06,-11.36,-11.06,-11.63,-11.19,-11.19,-10.92,-11.14,-11.06,-10.79,-11.36,-11.06,-10.71,-11.14,-11.19,-10.79,-10.71,-10.65,-10.79,-10.38,-9.96,-10.09,-10.17,-10.30,-10.22,-10.38,-10.84,-10.57,-10.84,-10.79,-10.92,-10.92,-11.27,-11.19,-11.19,-11.19,-11.06,-11.41,-11.27,-11.41,-11.36,-11.49,-11.36,-11.36,-11.41,-11.41,-11.41,-11.27,-11.27,-11.49,-11.63,-11.76,-11.14,-11.36,-11.19,-11.00,-11.14,-11.27,-11.41,-11.27,-11.36,-11.41,-11.36,-11.41,-11.68,-11.49,-11.27,-11.68,-11.63,-11.68,-11.55,-11.68,-11.63,-11.68,-11.63,-11.63,-11.90,-11.63,-11.68,-11.49,-11.68,-11.90,-11.85,-11.85,-11.68,-11.63,-11.76,-11.76,-11.90,-11.68,-12.04,-11.49,-11.68,-11.76,-11.76,-11.68,-11.85,-11.76,-11.90,-11.76,-12.12,-11.85,-11.55,-11.76,-11.85,-11.63,-11.90,-11.76,-11.68,-11.68,-11.76,-12.39,-11.49,-11.85,-11.85,-11.63,-12.26,-12.26,-12.04,-11.90,-12.26,-11.90,-11.76,-11.98,-11.85,-11.98,-12.26,-12.20,-11.76,-12.34,-12.34,-12.39,-11.85,-12.20,-12.39,-11.85,-12.12,-12.34,-12.12,-12.04,-12.34,-12.20,-12.20,-12.26,-12.34,-12.56,-11.90,-12.34,-12.39,-12.26,-11.90,-12.26,-11.90,-12.34,-12.34,-12.04,-12.48,-12.39,-12.34,-11.90,-12.34,-12.26
-12.48,-12.56,-12.48,-12.48,-12.56,-12.04,-12.48,-12.12,-12.26,-12.56,-12.12,-12.48,-12.48,-12.20,-12.04,-12.56,-12.34,-12.39,-11.90,-12.56,-12.61,-12.48,-12.12,-12.20,-12.39,-12.20,-11.98,-11.90,-12.12,-11.98,-11.98,-12.48,-12.26,-12.34,-12.20,-12.20,-11.90,-11.85,-12.20,-11.90,-12.12,-11.68,-11.68,-11.85,-12.20,-12.12,-11.85,-12.12,-11.98,-11.98,-12.04,-11.55,-11.85,-11.98,-11.85,-12.34,-11.98,-11.63,-11.85,-11.85,-11.90,-12.04,-11.98,-11.76,-11.63,-11.55,-11.90,-11.63,-12.04,-11.90,-11.55,-11.76,-11.85,-11.63,-11.49,-11.85,-11.41,-11.90,-11.63,-11.85,-11.85,-11.76,-11.76,-12.12,-11.55,-11.68,-11.98,-11.68,-12.04,-11.85,-11.68,-11.63,-11.63,-11.63,-11.49,-11.90,-11.49,-11.49,-11.68,-11.49,-11.68,-11.49,-11.49,-11.76,-11.49,-11.68,-11.63,-11.55,-11.63,-11.63,-11.63,-11.63,-11.55,-11.55,-11.49,-11.06,-11.14,-11.27,-11.41,-11.06,-10.84,-10.84,-10.57,-10.17,-10.65,-10.92,-11.14,-11.06,-10.79,-11.19,-11.06,-11.19,-11.14,-11.00,-11.19,-11.19,-11.41,-11.27,-11.41,-11.49,-11.68,-11.14,-11.63,-11.14,-11.14,-11.41,-11.27,-11.36,-11.41,-11.06,-11.14,-11.19,-11.19,-11.19,-11.41,-11.41,-10.92,-11.36,-11.19,-11.14,-11.36,-11.36,-11.14,-11.27,-11.14,-10.79,-10.84,-10.71,-10.52,-10.38,-9.96,-9.29,-9.42,-9.42,-9.48,-9.61,-10.04,-10.17,-10.38,-10.17,-10.09,-9.90,-9.90,-9.69,-9.77,-9.90,-9.56,-9.35,-9.35,-8.74,-8.40,-8.01,-7.75,-7.20,-7.02,-6.25,-5.67,-5.16,-4.51,-3.84,-3.84,-3.39,-3.89,-4.14,-4.84,-5.42,-6.56,-7.20,-8.21,-8.69,-9.35,-10.17,-10.38,-10.84,-10.92,-10.92,-10.92,-11.19,-11.06,-11.00,-11.36,-11.14,-11.19,-11.36,-11.49,-11.19,-11.27,-10.92,-11.27,-11.27,-11.27,-10.79,-11.36,-11.06,-11.27,-11.19,-10.65,-10.71,-10.79,-10.52,-10.52,-10.44,-10.38,-10.09,-10.52,-10.30,-10.79,-10.65,-10.65,-10.71,-10.84,-10.84,-10.79,-11.27,-11.49,-11.49,-11.41,-11.00,-11.49,-11.55,-11.36,-11.36,-11.27,-11.49,-11.41,-11.41,-11.41,-11.19,-11.41,-11.36,-11.49,-11.41,-11.36,-11.36,-11.49,-11.36,-11.14,-11.55,-11.06,-10.92,-11.36,-11.27,-11.49,-11.55,-11.19,-11.85,-11.49,-11.76,-11.85,-11.98,-11.85,-11.63,-11.76,-11.98,-11.68,-11.85,-11.49,-11.68,-11.63,-11.55,-12.04,-12.04,-11.76,-11.68,-11.68,-11.85,-11.76,-11.90,-11.76,-11.90,-11.76,-11.76,-12.04,-11.85,-11.90,-12.34,-11.49,-11.76,-11.85,-11.68,-12.12,-11.85,-12.04,-12.20,-12.04,-11.90,-11.76,-11.90,-11.63,-11.76,-12.12,-11.85,-11.85,-11.85,-12.20,-11.76,-11.63,-11.90,-11.90,-11.98,-12.04,-11.98,-11.68,-11.76,-12.26,-12.26,-12.20,-12.12,-12.20,-12.26,-12.12,-11.85,-12.20,-12.34,-12.04,-12.61,-12.04,-12.26,-12.26,-12.04,-12.12,-12.39,-12.39,-12.26,-12.26,-12.34,-11.98,-12.34,-12.39,-12.26,-12.12,-12.48,-12.70,-12.48,-12.34,-12.26,-12.56,-12.56,-12.39,-12.83,-12.61,-12.56
-12.34,-12.56,-12.48,-12.61,-12.56,-12.56,-12.61,-12.39,-12.78,-12.34,-12.61,-12.34,-12.78,-12.39,-12.20,-12.34,-12.26,-12.20,-12.26,-12.26,-12.26,-12.04,-12.34,-12.34,-12.20,-11.98,-12.34,-12.39,-12.12,-12.04,-12.04,-12.12,-12.20,-11.85,-11.76,-11.68,-12.20,-12.20,-12.12,-12.20,-11.76,-12.26,-12.12,-11.85,-11.85,-12.34,-12.26,-12.20,-11.76,-11.98,-11.63,-11.98,-12.04,-11.85,-11.76,-12.26,-11.76,-12.20,-11.90,-11.41,-11.85,-12.20,-11.85,-11.90,-11.98,-11.98,-11.63,-12.04,-11.55,-11.76,-11.90,-11.68,-11.76,-11.98,-11.55,-12.12,-11.55,-11.76,-11.76,-11.85,-12.04,-11.76,-11.90,-11.68,-12.20,-12.20,-11.76,-11.55,-11.68,-11.85,-11.98,-11.68,-11.68,-11.63,-11.49,-11.68,-11.85,-11.76,-11.63,-11.55,-11.90,-11.85,-11.55,-11.49,-11.98,-11.49,-11.63,-11.63,-11.68,-11.55,-11.68,-11.36,-11.90,-11.00,-11.49,-11.49,-11.36,-11.06,-11.00,-11.06,-10.92,-10.52,-10.71,-10.44,-10.57,-10.57,-10.44,-11.00,-10.71,-11.06,-11.27,-10.92,-11.14,-11.06,-11.06,-11.19,-11.55,-11.27,-11.36,-11.27,-11.41,-11.27,-11.14,-11.19,-11.63,-11.41,-11.19,-11.27,-11.19,-11.14,-11.49,-11.14,-11.55,-11.14,-11.06,-11.19,-11.19,-11.27,-11.41,-11.36,-11.41,-11.27,-11.68,-11.49,-11.36,-11.00,-11.00,-10.52,-10.38,-10.09,-9.77,-9.56,-9.56,-9.82,-9.90,-10.22,-10.22,-10.09,-10.09,-10.17,-10.09,-10.09,-9.96,-9.90,-9.82,-9.48,-9.77,-9.21,-9.16,-8.95,-8.87,-8.27,-8.27,-7.28,-7.07,-6.43,-6.13,-5.67,-5.09,-4.39,-3.89,-4.34,-4.46,-4.51,-5.04,-5.92,-6.56,-7.33,-8.14,-8.82,-9.16,-9.69,-10.04,-10.84,-10.30,-10.92,-10.92,-11.00,-11.06,-11.06,-11.00,-10.92,-11.27,-11.19,-10.92,-11.14,-11.00,-11.14,-11.41,-11.14,-11.27,-11.36,-10.92,-11.06,-11.27,-11.36,-10.84,-10.84,-10.52,-10.65,-10.30,-10.30,-9.90,-10.30,-10.71,-10.65,-10.52,-10.65,-10.84,-10.84,-10.92,-11.14,-10.92,-11.36,-11.49,-11.14,-11.19,-11.00,-11.41,-11.55,-11.55,-11.36,-11.49,-11.49,-11.41,-11.41,-11.41,-11.19,-11.14,-11.49,-11.06,-11.49,-11.49,-11.41,-11.55,-11.49,-11.36,-11.36,-11.27,-11.55,-11.36,-11.49,-11.36,-11.63,-11.55,-11.49,-11.41,-11.68,-11.49,-11.90,-11.68,-11.55,-11.41,-11.36,-11.68,-11.76,-11.41,-12.04,-11.85,-11.49,-11.63,-11.49,-11.36,-11.55,-11.49,-11.85,-11.90,-11.68,-11.90,-11.90,-11.68,-11.76,-11.76,-12.12,-11.63,-11.76,-11.90,-11.55,-11.55,-11.68,-11.76,-11.76,-11.85,-11.63,-11.85,-11.76,-11.55,-11.76,-11.90,-11.90,-11.98,-11.63,-11.85,-11.85,-11.85,-11.68,-11.76,-11.90,-11.63,-11.85,-12.12,-12.48,-11.98,-12.12,-12.20,-11.98,-12.04,-11.90,-12.26,-12.20,-11.90,-11.98,-11.98,-12.26,-11.98,-11.98,-11.98,-12.26,-12.26,-11.85,-12.34,-11.98,-12.12,-12.20,-12.20,-12.39,-12.26,-12.20,-12.26,-12.20,-12.34,-12.04,-12.26,-12.12,-12.26,-12.48,-12.56,-12.26,-12.48,-12.20,-12.48,-12.48
-12.83,-12.78,-12.48,-12.70,-12.61,-12.26,-12.26,-12.56,-12.56,-12.56,-12.12,-12.12,-12.26,-12.34,-12.26,-11.98,-12.34,-12.56,-12.34,-12.12,-12.04,-12.39,-12.12,-12.20,-12.26,-11.98,-12.12,-11.98,-12.04,-12.12,-12.04,-12.20,-12.20,-12.26,-12.34,-12.12,-12.04,-12.04,-12.12,-12.04,-12.34,-11.90,-11.76,-11.98,-12.12,-12.20,-12.04,-12.34,-11.90,-11.85,-11.85,-11.85,-11.85,-11.90,-11.55,-11.85,-11.90,-11.90,-12.04,-11.90,-11.85,-11.68,-11.68,-11.85,-11.68,-11.76,-11.63,-12.20,-11.63,-12.04,-12.12,-11.49,-11.76,-11.85,-11.90,-11.76,-11.85,-11.68,-11.90,-11.85,-11.98,-11.90,-11.55,-12.12,-11.68,-12.12,-11.90,-11.98,-11.76,-11.68,-11.76,-11.85,-11.55,-11.55,-11.68,-11.85,-11.55,-11.63,-11.49,-12.04,-11.85,-11.63,-11.63,-11.41,-11.41,-11.76,-11.76,-11.76,-11.63,-11.55,-11.63,-11.14,-11.85,-11.49,-11.63,-11.49,-11.49,-11.19,-10.71,-10.65,-10.79,-10.52,-10.17,-10.44,-10.44,-11.00,-10.84,-11.36,-11.19,-11.36,-11.14,-11.41,-11.76,-11.14,-11.49,-11.49,-11.36,-11.36,-11.68,-11.14,-11.55,-11.49,-11.19,-11.55,-11.41,-11.49,-11.19,-11.36,-11.19,-11.36,-11.27,-11.49,-11.19,-11.19,-11.27,-11.49,-10.92,-11.68,-11.41,-11.41,-11.36,-11.55,-11.00,-11.49,-11.19,-11.36,-10.71,-10.52,-10.44,-9.77,-9.42,-9.90,-9.82,-10.17,-10.30,-10.17,-9.96,-10.09,-10.38,-10.09,-9.96,-10.04,-10.04,-9.61,-9.82,-10.09,-9.56,-9.21,-9.21,-8.82,-8.48,-8.48,-8.35,-7.80,-7.20,-6.82,-6.51,-5.80,-5.80,-5.09,-5.16,-4.71,-5.29,-5.34,-5.67,-6.64,-6.82,-7.20,-8.40,-8.82,-9.48,-9.82,-10.52,-10.79,-10.65,-11.14,-10.84,-11.36,-11.36,-11.14,-11.06,-11.19,-11.06,-10.92,-11.27,-11.49,-11.41,-11.27,-11.27,-11.14,-11.49,-11.55,-11.55,-11.36,-11.41,-11.06,-11.49,-10.79,-11.06,-10.79,-10.52,-10.52,-10.38,-10.04,-10.17,-10.52,-10.52,-10.44,-10.92,-10.84,-11.27,-11.36,-11.36,-11.41,-11.06,-11.55,-10.84,-11.49,-11.49,-11.36,-11.41,-11.55,-11.41,-11.27,-11.49,-11.41,-11.90,-11.36,-11.49,-11.19,-11.55,-11.27,-11.49,-11.27,-11.19,-11.68,-11.36,-11.00,-11.27,-11.19,-11.36,-11.41,-11.41,-11.36,-11.85,-11.36,-11.85,-11.85,-11.76,-11.76,-11.63,-11.68,-11.55,-11.63,-11.98,-11.76,-11.76,-11.68,-11.63,-11.55,-11.85,-11.76,-11.90,-11.55,-11.76,-11.85,-11.68,-11.41,-11.90,-11.90,-12.26,-11.68,-11.76,-12.04,-12.04,-11.90,-12.04,-11.63,-11.68,-11.98,-12.04,-11.55,-11.63,-11.98,-11.68,-11.85,-11.68,-11.85,-11.68,-12.26,-11.98,-11.90,-11.90,-11.76,-11.68,-12.04,-11.90,-11.85,-11.98,-11.90,-12.04,-11.68,-11.98,-11.90,-12.12,-11.85,-11.98,-12.04,-12.26,-12.34,-11.98,-12.26,-12.04,-12.12,-12.04,-12.48,-12.20,-11.98,-12.34,-11.98,-12.26,-12.20,-11.85,-12.04,-12.39,-12.12,-12.26,-12.12,-12.26,-11.98,-12.04,-12.48,-12.34,-12.48,-11.98,-12.61,-12.48,-12.48,-12.26,-12.48,-12.34,-12.48
-12.56,-12.78,-12.92,-12.70,-12.26,-12.83,-12.39,-12.48,-12.34,-12.04,-12.34,-12.61,-12.26,-12.56,-12.48,-12.34,-11.90,-12.34,-12.61,-12.04,-12.26,-12.26,-12.78,-12.26,-12.26,-11.98,-12.20,-11.98,-12.12,-12.20,-11.76,-12.26,-12.04,-12.04,-11.68,-12.26,-12.04,-12.20,-12.12,-12.20,-12.26,-12.12,-11.76,-12.20,-12.26,-12.04,-12.20,-12.12,-11.85,-12.26,-12.12,-11.85,-11.85,-11.68,-11.85,-11.68,-12.04,-11.85,-11.98,-11.85,-11.98,-12.20,-11.49,-11.98,-11.76,-11.68,-11.85,-11.85,-11.68,-11.90,-11.85,-11.68,-11.76,-11.85,-11.41,-11.98,-11.85,-11.68,-12.04,-11.49,-11.55,-11.68,-11.76,-11.63,-11.63,-11.63,-11.55,-11.76,-11.68,-11.76,-11.68,-11.63,-11.76,-11.90,-12.04,-11.85,-11.76,-11.55,-11.49,-11.85,-11.55,-11.41,-11.63,-11.49,-11.55,-11.55,-11.68,-11.55,-11.68,-11.76,-11.68,-11.55,-11.55,-11.41,-11.85,-11.14,-11.14,-11.00,-11.14,-10.84,-11.49,-11.19,-11.06,-10.65,-11.00,-11.19,-11.36,-11.49,-11.55,-11.27,-11.55,-11.55,-11.49,-11.63,-11.41,-11.19,-11.19,-11.14,-11.68,-11.27,-11.27,-11.36,-11.36,-11.49,-11.19,-11.14,-11.36,-11.14,-11.55,-11.19,-11.41,-11.55,-11.27,-11.36,-11.36,-11.19,-11.36,-11.36,-11.36,-11.27,-11.55,-11.55,-11.06,-11.06,-11.36,-10.92,-10.57,-10.71,-10.38,-10.22,-10.22,-10.17,-10.17,-10.52,-10.22,-10.57,-10.17,-10.09,-10.30,-10.04,-9.77,-9.90,-9.96,-9.90,-9.77,-9.56,-9.77,-9.77,-9.08,-9.08,-8.48,-8.69,-8.14,-8.01,-7.54,-7.49,-6.77,-6.51,-5.80,-5.80,-5.54,-5.74,-5.47,-5.54,-5.92,-6.56,-6.89,-7.41,-8.21,-8.82,-9.29,-10.04,-10.17,-10.79,-10.84,-11.36,-11.19,-11.27,-11.00,-10.65,-11.27,-11.19,-11.36,-11.41,-11.00,-11.06,-11.14,-11.00,-11.36,-11.41,-11.41,-11.27,-11.06,-11.41,-11.27,-11.06,-11.27,-10.92,-11.41,-11.06,-11.06,-11.06,-11.06,-10.79,-10.52,-10.71,-10.44,-10.22,-10.30,-10.71,-10.84,-11.14,-10.84,-11.36,-11.36,-11.27,-11.19,-11.27,-11.55,-11.49,-11.49,-11.27,-11.36,-11.19,-11.68,-11.36,-11.55,-11.27,-11.27,-11.14,-11.27,-11.68,-11.55,-11.55,-11.55,-11.36,-11.55,-11.76,-11.36,-11.36,-11.76,-11.49,-11.27,-11.76,-11.36,-11.49,-11.00,-11.63,-11.76,-11.68,-11.85,-11.49,-11.90,-11.63,-11.68,-11.68,-11.55,-11.85,-11.76,-11.76,-11.98,-11.41,-11.76,-11.55,-11.63,-11.85,-11.90,-11.76,-11.55,-11.85,-11.63,-11.85,-11.85,-11.76,-11.68,-11.68,-11.90,-11.68,-11.90,-11.90,-12.04,-11.98,-11.36,-11.85,-11.76,-11.85,-12.04,-11.90,-11.98,-11.90,-11.76,-11.90,-11.76,-11.85,-11.90,-11.98,-11.85,-11.90,-12.12,-11.98,-11.90,-11.98,-11.85,-12.20,-12.04,-12.26,-12.12,-11.90,-11.90,-12.12,-12.04,-12.12,-11.76,-12.12,-12.39,-11.90,-12.34,-12.20,-12.12,-12.26,-12.39,-12.20,-12.04,-12.34,-12.20,-12.39,-12.34,-11.90,-11.90,-12.20,-12.12,-12.39,-11.90,-12.04,-12.20,-12.26,-12.04,-12.20,-12.70,-12.83,-12.61,-12.34
-12.39,-12.56,-12.39,-12.34,-12.48,-12.48,-12.70,-12.56,-12.20,-12.26,-12.26,-12.34,-12.34,-12.34,-12.48,-11.98,-12.39,-12.34,-12.20,-12.20,-12.12,-12.04,-12.04,-12.48,-12.12,-12.20,-12.04,-12.34,-12.12,-12.26,-11.90,-12.04,-12.12,-12.20,-11.98,-11.90,-12.26,-12.26,-12.04,-11.98,-11.90,-12.20,-12.12,-12.26,-12.20,-12.04,-11.76,-12.04,-12.12,-11.98,-11.98,-11.63,-12.20,-12.04,-11.98,-11.90,-11.76,-11.90,-11.49,-11.68,-12.04,-12.04,-11.90,-11.85,-11.98,-11.49,-11.76,-11.98,-11.55,-11.68,-11.55,-11.68,-11.55,-11.68,-11.68,-11.85,-11.85,-11.98,-11.85,-11.63,-11.76,-11.90,-11.68,-11.49,-11.98,-11.41,-11.68,-11.90,-11.98,-11.55,-11.76,-11.98,-11.55,-12.04,-11.85,-11.41,-11.85,-11.76,-11.63,-11.68,-11.68,-11.76,-11.76,-11.85,-11.68,-11.76,-11.49,-11.36,-11.49,-11.49,-11.49,-11.49,-11.68,-11.41,-11.49,-11.27,-11.41,-11.14,-11.55,-11.14,-11.36,-11.27,-11.14,-11.06,-11.19,-11.55,-11.36,-11.41,-11.55,-11.36,-11.19,-11.76,-11.36,-11.27,-11.19,-11.27,-11.41,-11.27,-11.19,-11.55,-11.19,-11.36,-11.76,-11.19,-11.27,-11.41,-11.41,-11.14,-11.19,-11.27,-11.41,-11.36,-11.49,-11.36,-11.36,-11.36,-11.68,-11.36,-11.06,-11.41,-11.49,-11.36,-11.06,-11.14,-11.06,-11.06,-10.79,-10.30,-10.52,-10.52,-10.09,-10.44,-10.44,-10.09,-10.09,-10.22,-10.22,-10.09,-9.77,-10.22,-10.17,-10.17,-10.22,-9.77,-10.17,-9.69,-9.56,-9.56,-9.08,-9.00,-9.00,-8.74,-8.35,-7.80,-7.62,-7.62,-6.94,-6.89,-6.64,-6.13,-6.00,-6.05,-6.25,-6.30,-6.30,-6.94,-7.15,-7.49,-8.27,-9.08,-9.35,-9.96,-10.22,-10.71,-10.79,-10.65,-11.06,-11.06,-10.92,-11.19,-11.36,-11.14,-10.92,-11.27,-11.36,-11.06,-11.19,-11.36,-11.19,-11.36,-11.14,-11.36,-11.36,-11.06,-11.49,-11.55,-11.27,-11.27,-11.49,-11.14,-11.41,-11.27,-11.00,-11.14,-10.92,-10.92,-10.92,-10.84,-10.92,-11.19,-11.19,-11.27,-11.36,-11.27,-11.36,-11.55,-11.14,-10.92,-11.06,-11.27,-11.06,-11.49,-11.55,-11.55,-11.49,-11.41,-11.19,-11.41,-11.68,-11.19,-11.36,-11.41,-11.27,-11.55,-11.19,-11.41,-11.36,-11.27,-11.19,-11.41,-11.49,-11.76,-11.85,-11.55,-11.76,-11.41,-11.85,-11.90,-11.68,-11.68,-11.49,-11.68,-11.76,-11.90,-12.04,-11.41,-11.63,-11.49,-11.76,-11.68,-11.63,-11.90,-11.55,-11.85,-11.98,-11.98,-11.85,-11.55,-11.98,-11.85,-11.68,-11.90,-11.85,-11.85,-11.98,-11.68,-11.85,-11.90,-11.68,-11.98,-11.63,-12.04,-11.63,-11.90,-11.49,-11.85,-11.90,-12.04,-11.55,-11.98,-11.68,-12.20,-11.85,-11.76,-11.98,-11.90,-12.20,-12.04,-11.90,-11.85,-11.68,-11.68,-11.85,-12.20,-12.20,-11.90,-11.85,-12.34,-11.85,-11.85,-11.98,-11.85,-11.85,-12.34,-12.34,-12.04,-12.04,-12.04,-12.39,-12.34,-11.85,-12.20,-12.12,-12.48,-12.20,-12.04,-12.26,-12.26,-12.04,-12.04,-12.26,-12.56,-12.39,-12.26,-12.04,-12.04,-12.34,-12.34,-12.34,-12.04,-12.26,-12.56
-12.48,-12.48,-12.56,-12.70,-12.39,-12.12,-12.56,-12.39,-12.12,-12.39,-11.90,-12.26,-12.20,-12.12,-12.20,-12.12,-11.98,-12.20,-12.20,-12.48,-12.26,-12.12,-12.26,-12.20,-11.76,-12.04,-12.04,-11.98,-12.12,-12.26,-11.90,-12.04,-12.04,-12.34,-12.20,-12.12,-11.98,-12.04,-11.98,-11.68,-12.34,-11.76,-11.76,-12.26,-12.04,-11.85,-11.90,-11.85,-12.12,-11.90,-11.90,-12.04,-12.12,-11.85,-11.68,-11.76,-11.85,-11.90,-11.90,-11.98,-11.68,-12.12,-11.76,-11.90,-11.76,-11.76,-11.98,-11.63,-12.12,-11.98,-11.90,-11.85,-11.76,-11.63,-11.49,-11.85,-11.68,-11.55,-11.85,-11.85,-11.68,-11.55,-11.76,-11.63,-11.98,-11.98,-11.55,-11.90,-11.55,-11.49,-11.55,-11.98,-11.41,-11.85,-11.68,-11.27,-11.63,-11.85,-11.76,-11.85,-11.49,-11.68,-11.76,-11.63,-11.49,-11.36,-11.55,-11.41,-11.68,-11.49,-11.90,-11.63,-11.55,-11.85,-11.06,-11.55,-11.36,-11.14,-11.19,-11.49,-11.00,-11.36,-11.36,-11.36,-11.19,-11.36,-11.36,-11.49,-11.55,-11.41,-11.68,-11.19,-11.63,-11.41,-11.27,-11.68,-11.41,-11.41,-11.49,-11.27,-11.36,-11.63,-11.41,-11.55,-11.36,-11.19,-11.49,-11.19,-11.19,-11.14,-11.19,-11.27,-11.19,-11.19,-11.41,-11.76,-11.49,-11.41,-11.19,-11.41,-11.19,-11.00,-11.00,-11.41,-11.27,-10.65,-11.00,-10.52,-10.57,-10.52,-11.00,-10.30,-10.38,-10.22,-10.22,-10.17,-10.17,-10.38,-10.09,-10.09,-10.09,-10.09,-10.09,-9.90,-9.77,-9.56,-9.69,-9.61,-9.16,-9.16,-8.35,-8.53,-8.27,-8.06,-8.01,-7.62,-7.33,-6.89,-6.77,-6.56,-6.69,-6.38,-6.38,-6.43,-6.43,-6.64,-7.41,-7.75,-8.21,-8.82,-9.08,-10.09,-9.96,-10.52,-10.52,-10.79,-11.19,-11.00,-11.06,-11.00,-11.06,-11.00,-11.36,-10.84,-11.14,-11.14,-11.00,-11.14,-11.27,-11.06,-11.00,-11.55,-11.06,-11.00,-11.63,-11.36,-11.06,-11.36,-11.36,-11.19,-11.36,-11.14,-11.14,-11.27,-11.55,-11.19,-11.27,-11.36,-11.27,-10.84,-10.65,-11.27,-11.00,-11.14,-10.84,-11.49,-11.36,-11.27,-11.36,-11.36,-11.55,-11.55,-11.19,-11.68,-11.41,-11.49,-11.41,-11.27,-11.41,-11.49,-11.27,-11.63,-11.36,-11.41,-11.27,-11.19,-11.41,-11.41,-11.41,-11.49,-11.55,-11.49,-11.76,-11.55,-11.55,-11.85,-11.76,-11.68,-11.55,-11.41,-11.41,-11.76,-11.68,-11.41,-11.55,-11.63,-11.63,-11.55,-11.98,-11.55,-11.85,-11.68,-11.41,-11.63,-11.49,-11.68,-11.68,-11.98,-12.12,-11.76,-11.68,-11.68,-12.04,-11.98,-11.76,-11.85,-12.12,-11.85,-11.98,-12.04,-11.90,-12.04,-11.76,-11.68,-11.98,-11.76,-11.85,-11.98,-11.55,-11.90,-11.68,-11.68,-11.90,-11.76,-11.90,-11.85,-12.04,-11.85,-12.34,-11.90,-12.26,-11.76,-11.68,-12.48,-12.12,-11.90,-12.20,-12.20,-11.98,-11.98,-11.90,-12.39,-12.39,-12.04,-12.26,-12.12,-12.12,-12.48,-12.12,-12.20,-11.98,-11.98,-12.39,-12.20,-12.34,-12.04,-11.85,-11.98,-12.26,-12.39,-12.34,-12.04,-12.34,-11.90,-12.26,-11.98,-12.39,-12.04,-12.39,-12.48,-12.39,-12.26
-12.34,-12.61,-12.56,-12.20,-12.48,-12.56,-12.48,-12.61,-12.61,-12.39,-12.56,-12.48,-12.04,-12.34,-12.20,-12.48,-12.12,-12.12,-12.20,-12.20,-12.20,-12.70,-12.34,-12.12,-12.04,-12.20,-12.20,-12.04,-12.04,-12.20,-12.20,-12.04,-12.26,-11.85,-12.12,-11.90,-12.20,-12.34,-12.56,-12.04,-11.76,-12.04,-12.04,-12.12,-12.20,-11.90,-11.68,-12.26,-11.85,-12.26,-12.26,-11.98,-11.85,-11.85,-11.68,-11.76,-11.76,-11.90,-11.49,-11.63,-11.68,-11.85,-11.68,-11.55,-11.76,-12.04,-11.68,-12.12,-11.90,-11.63,-11.63,-11.68,-11.68,-11.90,-11.55,-11.49,-11.90,-11.98,-11.55,-11.76,-11.63,-11.76,-11.98,-12.04,-11.85,-11.76,-11.90,-11.63,-12.04,-11.76,-11.90,-11.98,-11.63,-11.68,-11.41,-11.63,-11.76,-11.41,-11.76,-11.49,-11.55,-11.41,-11.85,-11.55,-11.27,-11.90,-11.63,-11.85,-11.36,-11.41,-11.68,-11.36,-11.27,-11.27,-11.55,-11.27,-11.27,-11.14,-11.41,-11.49,-11.36,-11.27,-11.41,-11.36,-11.41,-11.14,-11.55,-11.55,-11.36,-11.41,-11.27,-11.41,-11.19,-11.68,-11.36,-11.49,-11.36,-11.06,-11.27,-11.19,-11.19,-11.49,-11.06,-11.36,-11.19,-11.27,-11.19,-11.90,-11.27,-11.27,-11.19,-11.27,-11.41,-11.27,-11.27,-11.55,-11.19,-11.00,-11.27,-11.49,-11.27,-11.49,-11.19,-11.14,-11.14,-11.06,-10.84,-10.79,-10.84,-10.84,-10.17,-10.52,-10.44,-10.52,-10.44,-10.30,-9.90,-10.30,-10.30,-9.82,-10.09,-10.17,-10.09,-9.96,-9.77,-10.04,-9.90,-9.42,-9.21,-9.08,-8.95,-8.69,-8.35,-8.40,-8.14,-7.88,-7.15,-7.41,-7.02,-7.07,-6.89,-6.82,-6.64,-6.56,-6.94,-7.07,-7.33,-7.88,-8.35,-8.95,-9.61,-9.77,-10.04,-10.79,-11.00,-10.71,-11.06,-11.49,-11.19,-11.00,-11.36,-11.27,-11.41,-11.27,-11.49,-11.00,-11.27,-11.27,-11.19,-11.41,-11.41,-11.41,-11.27,-11.27,-11.36,-11.36,-11.36,-11.55,-11.27,-11.27,-11.41,-11.27,-11.27,-11.36,-11.27,-11.27,-11.41,-11.06,-11.27,-11.36,-11.36,-11.00,-11.27,-11.27,-11.14,-11.27,-11.19,-11.27,-11.55,-11.27,-11.27,-11.41,-11.49,-11.27,-11.27,-11.63,-11.14,-11.55,-11.00,-11.36,-11.55,-11.36,-11.41,-11.41,-11.49,-11.36,-11.49,-11.49,-11.85,-11.55,-11.98,-11.76,-11.55,-11.63,-11.76,-11.85,-11.68,-11.68,-11.49,-11.68,-11.55,-11.68,-11.76,-11.76,-11.90,-11.76,-11.85,-11.76,-11.85,-11.85,-11.68,-11.85,-11.90,-11.76,-11.98,-11.85,-11.98,-11.98,-11.68,-11.68,-11.76,-11.55,-11.90,-11.98,-12.20,-11.98,-11.90,-12.04,-11.98,-12.04,-11.90,-11.49,-12.12,-11.90,-11.90,-11.76,-11.85,-11.68,-12.20,-11.41,-11.85,-12.04,-11.85,-12.04,-12.04,-11.76,-11.98,-11.68,-12.26,-12.34,-11.76,-12.12,-12.26,-11.98,-12.26,-12.20,-12.20,-12.12,-11.98,-11.85,-11.98,-11.85,-12.20,-11.90,-12.04,-12.12,-11.98,-12.04,-12.39,-12.20,-12.39,-12.12,-12.39,-12.12,-12.26,-12.34,-12.26,-12.39,-12.26,-12.04,-12.26,-12.04,-12.04,-12.26,-12.39,-12.34,-12.56,-12.39,-12.26,-12.48,-12.34,-12.12
-12.61,-12.39,-12.39,-12.34,-12.70,-12.26,-12.20,-12.12,-12.34,-12.20,-12.12,-12.12,-12.34,-12.04,-12.20,-12.48,-12.70,-12.26,-12.39,-12.26,-12.56,-12.12,-12.12,-12.04,-11.76,-12.04,-11.98,-11.90,-12.20,-11.90,-12.04,-11.98,-11.90,-12.20,-11.85,-11.85,-11.90,-11.98,-11.85,-12.04,-12.04,-12.20,-12.04,-11.90,-11.76,-11.68,-11.90,-11.85,-11.85,-12.04,-11.76,-12.04,-12.12,-11.85,-12.12,-11.76,-11.98,-12.04,-11.90,-12.20,-11.85,-11.90,-11.76,-11.98,-11.55,-11.90,-11.63,-11.85,-11.68,-11.90,-11.49,-12.04,-11.55,-11.85,-11.41,-11.85,-11.76,-12.12,-11.90,-11.76,-11.68,-12.12,-11.55,-11.68,-11.90,-11.68,-11.68,-11.41,-11.76,-11.55,-11.49,-11.76,-11.55,-11.76,-11.36,-11.76,-11.90,-11.41,-11.49,-11.41,-11.41,-11.55,-11.55,-11.85,-11.63,-11.68,-11.63,-11.55,-11.27,-11.41,-11.55,-11.55,-11.19,-11.41,-11.49,-11.49,-11.41,-11.36,-11.63,-11.63,-11.36,-11.41,-11.55,-11.41,-11.63,-11.63,-11.36,-11.27,-11.14,-11.36,-11.06,-11.14,-10.84,-11.41,-11.14,-11.49,-11.49,-11.41,-11.06,-11.36,-11.49,-11.19,-10.92,-11.27,-11.49,-11.06,-11.41,-11.36,-11.14,-11.63,-11.27,-11.00,-11.27,-11.27,-11.36,-11.55,-11.36,-11.36,-11.36,-11.55,-11.14,-11.41,-11.36,-11.14,-10.92,-10.57,-11.00,-10.92,-10.57,-10.52,-10.38,-10.17,-10.30,-10.38,-10.38,-10.22,-10.22,-10.38,-9.61,-10.30,-10.22,-9.90,-9.82,-9.61,-9.69,-9.77,-9.61,-9.08,-9.16,-9.00,-8.74,-8.69,-8.40,-8.53,-8.21,-8.06,-7.88,-7.28,-7.20,-7.15,-7.33,-7.15,-6.89,-7.02,-7.15,-7.02,-7.62,-7.80,-8.35,-8.87,-9.69,-9.69,-10.44,-11.00,-10.57,-11.00,-10.84,-11.00,-11.49,-11.27,-11.41,-11.06,-11.49,-11.27,-11.27,-11.14,-11.00,-11.27,-11.49,-10.92,-11.14,-11.36,-11.36,-11.00,-11.36,-11.27,-11.41,-11.14,-11.19,-11.36,-11.36,-11.19,-11.41,-11.00,-11.49,-11.55,-11.41,-11.27,-11.68,-11.41,-11.27,-11.55,-10.92,-11.27,-11.55,-11.14,-11.36,-11.41,-11.14,-11.41,-11.49,-11.27,-11.36,-11.00,-11.27,-11.41,-11.41,-11.49,-11.49,-11.49,-11.49,-11.49,-11.49,-11.27,-11.41,-11.63,-11.41,-11.55,-11.49,-11.27,-11.63,-11.55,-11.36,-11.85,-11.49,-11.49,-11.68,-11.76,-11.63,-11.68,-11.85,-11.90,-11.90,-11.76,-11.55,-11.49,-11.68,-11.85,-11.90,-11.98,-11.63,-12.12,-11.68,-11.85,-11.85,-11.68,-11.55,-11.68,-11.76,-11.98,-11.68,-11.76,-11.63,-11.55,-12.04,-11.76,-11.76,-12.20,-11.90,-12.04,-11.85,-11.68,-11.76,-11.85,-12.04,-12.20,-11.76,-11.76,-11.55,-11.76,-11.85,-11.98,-12.20,-11.68,-11.68,-11.76,-12.04,-11.85,-11.63,-11.98,-12.26,-12.26,-11.85,-11.76,-12.34,-12.39,-11.98,-12.12,-12.26,-12.04,-11.85,-11.98,-12.20,-11.90,-12.20,-12.12,-11.76,-12.26,-12.34,-12.26,-12.20,-12.04,-12.26,-11.90,-12.04,-12.04,-12.26,-12.26,-12.04,-11.98,-12.39,-12.20,-12.34,-12.34,-12.48,-12.78,-12.20,-12.20,-12.26,-12.34,-12.39,-12.56
-12.48,-12.26,-12.12,-12.39,-12.20,-12.61,-12.34,-12.04,-12.56,-12.48,-12.12,-12.48,-12.26,-12.20,-12.48,-12.48,-12.39,-12.34,-12.34,-12.26,-12.39,-12.26,-12.12,-11.98,-12.12,-12.26,-12.20,-12.39,-12.20,-12.34,-12.04,-12.04,-12.26,-11.98,-12.20,-12.20,-12.20,-12.12,-12.12,-12.04,-11.98,-12.12,-12.12,-11.85,-11.85,-11.85,-11.90,-11.55,-11.55,-11.98,-11.98,-11.76,-11.63,-11.85,-11.76,-11.98,-11.85,-11.68,-11.98,-11.68,-11.85,-11.55,-11.68,-11.85,-11.76,-11.63,-11.98,-11.76,-12.20,-11.68,-11.63,-11.55,-11.49,-11.63,-11.76,-12.20,-11.98,-11.63,-11.98,-11.63,-11.68,-11.55,-12.04,-11.98,-11.68,-11.63,-11.90,-11.76,-11.68,-11.63,-11.85,-11.63,-11.68,-11.68,-11.68,-11.90,-11.76,-12.04,-11.68,-11.63,-11.68,-11.63,-11.63,-11.63,-11.41,-11.41,-11.68,-11.85,-11.68,-11.68,-11.76,-11.55,-11.63,-11.76,-11.49,-11.41,-11.27,-11.36,-11.55,-11.36,-11.49,-11.63,-11.19,-11.85,-11.49,-11.49,-11.36,-11.63,-11.55,-11.49,-11.27,-11.36,-11.49,-11.27,-11.36,-11.00,-11.06,-11.27,-11.19,-11.06,-11.41,-11.36,-11.55,-11.14,-11.36,-11.41,-11.49,-11.36,-11.14,-11.14,-11.19,-11.76,-11.27,-11.19,-11.19,-11.49,-11.19,-11.14,-11.14,-11.14,-11.27,-11.49,-11.41,-11.41,-11.27,-11.14,-10.92,-11.00,-10.71,-10.84,-10.44,-10.52,-10.52,-10.30,-10.22,-10.22,-9.90,-10.30,-10.17,-10.09,-10.30,-9.96,-10.38,-9.90,-9.77,-9.69,-9.48,-9.29,-9.48,-9.08,-8.82,-8.87,-9.00,-8.27,-8.27,-7.88,-7.93,-7.67,-7.80,-7.49,-7.49,-7.49,-7.28,-7.54,-7.41,-7.67,-7.88,-8.01,-8.53,-9.00,-9.16,-9.77,-10.04,-10.38,-10.57,-11.00,-11.06,-11.00,-11.06,-10.92,-10.92,-11.06,-11.36,-11.41,-11.27,-11.06,-11.41,-11.49,-11.36,-11.06,-11.27,-11.27,-11.41,-11.14,-11.06,-11.49,-11.55,-11.14,-11.36,-11.00,-11.76,-11.27,-11.27,-11.55,-11.49,-11.49,-11.63,-11.41,-11.36,-11.19,-11.36,-11.27,-11.14,-11.27,-11.49,-11.63,-11.63,-11.41,-11.41,-11.41,-11.36,-11.41,-11.19,-11.49,-11.27,-11.36,-11.19,-11.41,-11.41,-11.27,-11.36,-11.68,-11.36,-11.41,-11.41,-11.49,-11.36,-11.55,-11.63,-11.49,-11.49,-11.19,-11.19,-11.55,-11.68,-11.49,-11.49,-11.55,-11.68,-11.76,-11.90,-11.55,-11.76,-11.76,-11.85,-11.27,-11.41,-11.36,-11.36,-11.27,-11.68,-11.68,-11.68,-11.85,-11.63,-11.55,-11.85,-11.76,-11.76,-11.85,-11.98,-11.90,-11.85,-11.90,-11.55,-11.98,-12.20,-11.90,-11.90,-11.68,-11.76,-11.90,-11.76,-11.90,-11.76,-11.68,-11.90,-11.90,-12.26,-11.90,-11.68,-11.68,-11.85,-12.20,-11.98,-11.98,-11.98,-11.85,-11.98,-12.12,-11.68,-11.76,-12.04,-12.04,-12.04,-11.90,-11.90,-12.04,-12.04,-12.20,-12.20,-11.85,-11.90,-11.98,-11.90,-12.20,-12.12,-12.39,-12.04,-12.04,-12.39,-12.34,-12.39,-12.48,-12.26,-12.04,-12.26,-11.98,-12.20,-12.04,-12.34,-12.26,-12.04,-12.20,-12.26,-12.26,-12.39,-12.56,-12.20,-12.39,-12.56,-12.26
-12.56,-12.48,-12.56,-12.39,-12.26,-12.48,-12.34,-12.39,-12.48,-12.20,-12.04,-12.56,-12.48,-12.34,-12.04,-12.26,-12.20,-12.61,-12.39,-12.04,-11.98,-12.26,-12.20,-12.20,-12.12,-12.04,-12.26,-12.04,-12.20,-11.85,-12.26,-12.26,-12.12,-11.98,-11.85,-12.20,-11.98,-12.04,-12.34,-11.85,-12.20,-12.12,-11.90,-11.98,-11.98,-11.90,-11.85,-12.12,-11.90,-11.90,-11.76,-11.90,-11.68,-11.63,-11.76,-11.90,-12.04,-12.20,-11.55,-12.12,-11.98,-11.63,-11.55,-11.49,-11.85,-11.85,-11.98,-11.90,-11.98,-11.49,-11.85,-11.63,-12.20,-12.26,-12.04,-11.76,-11.90,-11.76,-12.20,-11.76,-11.63,-11.98,-11.63,-11.68,-12.04,-11.55,-11.98,-11.55,-11.90,-11.76,-11.76,-11.49,-11.27,-11.55,-11.63,-11.55,-11.68,-11.76,-11.68,-11.63,-12.12,-11.68,-11.49,-11.41,-11.36,-12.12,-11.49,-11.14,-11.36,-11.55,-11.41,-11.85,-11.68,-11.36,-11.68,-11.68,-11.41,-11.36,-11.49,-11.55,-11.63,-11.55,-11.36,-11.49,-11.49,-11.55,-11.36,-11.36,-11.41,-11.41,-11.49,-11.14,-11.27,-11.06,-11.27,-11.19,-11.06,-11.27,-11.06,-11.36,-11.19,-11.27,-11.49,-11.27,-11.14,-11.41,-11.19,-11.36,-11.55,-11.36,-11.19,-11.49,-11.41,-11.55,-11.49,-11.55,-11.36,-11.49,-11.19,-11.27,-11.00,-11.41,-11.41,-11.55,-11.27,-10.92,-11.06,-10.84,-10.92,-10.57,-10.71,-10.38,-10.52,-10.52,-9.96,-10.22,-9.82,-10.17,-10.09,-10.17,-10.04,-9.96,-9.69,-10.04,-9.69,-9.77,-9.48,-9.42,-9.56,-8.95,-8.87,-8.87,-8.48,-8.48,-8.61,-8.21,-7.88,-7.67,-7.88,-7.62,-7.62,-7.80,-7.54,-7.62,-7.88,-7.54,-7.80,-8.06,-8.74,-9.16,-9.48,-10.04,-10.09,-10.79,-10.38,-10.92,-11.19,-10.92,-11.00,-11.19,-11.19,-10.92,-11.41,-10.92,-11.06,-10.79,-11.00,-11.00,-11.06,-11.41,-11.49,-11.36,-11.19,-11.41,-11.36,-11.49,-11.36,-11.36,-11.63,-11.41,-11.27,-11.41,-11.63,-11.14,-11.55,-11.41,-11.36,-11.27,-11.36,-11.14,-11.41,-11.76,-11.63,-11.41,-11.41,-11.36,-11.36,-11.55,-11.27,-11.19,-11.06,-11.49,-11.41,-11.36,-11.36,-11.49,-11.49,-11.41,-11.36,-11.41,-11.63,-11.36,-11.41,-11.36,-11.55,-11.41,-11.41,-11.68,-11.63,-11.49,-11.55,-11.85,-11.41,-11.76,-11.27,-11.63,-11.76,-11.85,-11.41,-11.27,-11.49,-11.49,-11.85,-11.41,-11.90,-11.98,-11.98,-11.68,-11.49,-11.55,-11.76,-11.90,-11.76,-11.68,-12.26,-11.55,-11.63,-11.90,-11.90,-11.85,-11.98,-11.85,-11.90,-11.90,-12.20,-12.12,-11.98,-12.26,-11.98,-11.85,-11.90,-11.76,-12.20,-12.04,-11.41,-11.85,-12.12,-12.20,-12.04,-11.68,-11.90,-12.48,-11.98,-11.98,-11.98,-11.85,-12.12,-11.76,-11.98,-12.12,-11.90,-11.76,-11.68,-11.76,-11.90,-11.85,-12.26,-11.90,-12.04,-12.20,-12.34,-11.85,-12.26,-11.90,-12.12,-11.98,-11.98,-12.34,-12.26,-12.26,-12.04,-12.39,-11.98,-12.12,-12.48,-12.48,-12.04,-12.20,-12.39,-12.26,-12.39,-12.34,-12.34,-12.39,-12.34,-12.12,-12.12,-12.78,-12.39,-12.56,-12.39,-12.39
-12.61,-12.48,-12.48,-12.56,-12.61,-12.48,-12.48,-12.61,-12.48,-12.20,-12.20,-12.26,-12.20,-12.39,-12.56,-12.48,-11.98,-12.20,-12.12,-11.76,-12.61,-11.85,-12.26,-11.98,-12.26,-11.98,-12.34,-11.90,-12.26,-12.20,-12.34,-11.90,-12.04,-12.26,-12.20,-12.20,-11.85,-12.04,-11.98,-11.98,-12.20,-12.20,-12.26,-12.12,-11.98,-11.98,-11.76,-11.98,-11.98,-11.85,-11.90,-11.68,-11.90,-11.90,-11.98,-11.90,-11.49,-11.85,-11.49,-11.68,-11.68,-11.68,-11.68,-12.04,-11.55,-11.85,-12.04,-11.85,-12.04,-11.68,-11.68,-11.49,-11.98,-11.68,-11.90,-11.63,-11.90,-12.12,-11.98,-11.98,-11.76,-11.63,-11.90,-11.68,-11.76,-11.63,-11.76,-11.90,-11.63,-11.55,-11.85,-11.90,-11.68,-11.63,-11.90,-11.90,-12.04,-11.85,-11.55,-11.63,-11.90,-11.68,-11.63,-11.49,-11.55,-11.68,-11.63,-11.76,-11.68,-11.19,-11.49,-11.41,-11.41,-11.36,-11.49,-11.68,-11.68,-11.36,-11.49,-11.41,-11.76,-11.14,-11.49,-11.76,-11.19,-11.63,-11.00,-11.27,-11.27,-11.55,-11.27,-11.19,-11.19,-11.19,-11.49,-11.27,-11.27,-11.49,-11.19,-11.19,-11.06,-11.14,-11.27,-11.36,-11.49,-11.27,-11.19,-11.49,-11.55,-11.55,-11.14,-11.41,-11.14,-11.27,-11.36,-11.49,-11.27,-11.41,-11.14,-11.49,-11.55,-11.36,-11.14,-11.19,-11.06,-11.00,-10.79,-11.06,-10.57,-10.92,-10.71,-10.38,-10.22,-10.44,-10.38,-9.90,-10.22,-10.30,-10.09,-10.17,-10.09,-9.90,-9.77,-9.90,-9.96,-9.48,-9.56,-9.29,-9.21,-9.08,-8.82,-9.21,-9.00,-9.16,-8.61,-8.35,-8.40,-8.21,-7.88,-7.80,-7.75,-8.14,-8.06,-8.14,-7.88,-7.80,-8.27,-8.35,-8.69,-8.95,-9.56,-10.04,-10.09,-10.65,-10.71,-10.92,-10.84,-11.27,-10.92,-11.06,-10.92,-11.06,-11.41,-11.27,-10.84,-11.27,-11.14,-11.19,-11.27,-11.00,-11.49,-11.06,-11.36,-11.27,-11.41,-11.36,-11.14,-11.49,-11.14,-11.14,-11.41,-11.36,-11.14,-11.19,-11.36,-11.36,-11.41,-11.36,-11.49,-11.36,-11.36,-11.55,-11.63,-11.06,-11.49,-11.55,-11.14,-11.41,-11.14,-11.63,-11.41,-11.36,-11.14,-11.41,-11.55,-11.36,-11.27,-11.41,-11.49,-11.41,-11.19,-11.68,-11.41,-11.49,-11.55,-11.76,-11.63,-11.49,-11.63,-11.36,-11.55,-11.63,-11.49,-11.14,-11.49,-11.49,-11.41,-11.36,-11.68,-11.41,-11.85,-11.55,-11.49,-11.55,-11.63,-11.85,-11.76,-11.98,-11.85,-11.49,-11.55,-11.63,-11.68,-11.63,-11.76,-11.49,-11.41,-12.04,-11.63,-11.98,-11.98,-11.90,-11.49,-11.90,-11.76,-11.85,-12.04,-11.85,-11.85,-11.85,-11.76,-11.98,-11.85,-11.90,-11.76,-12.26,-11.85,-11.85,-11.68,-11.90,-12.12,-11.98,-11.98,-11.90,-11.98,-11.98,-11.76,-11.85,-11.98,-11.90,-11.76,-11.90,-11.90,-12.12,-12.34,-11.98,-12.12,-12.20,-11.98,-12.34,-12.26,-11.98,-12.12,-12.04,-11.90,-11.85,-11.98,-12.04,-12.26,-12.20,-11.85,-12.26,-12.12,-11.98,-12.04,-12.12,-12.34,-12.39,-12.26,-12.20,-12.12,-12.26,-12.39,-12.26,-11.90,-11.98,-12.39,-12.39,-12.34,-12.48,-12.39,-12.20
-12.61,-12.61,-12.56,-12.39,-12.34,-12.70,-12.48,-12.20,-12.20,-12.48,-12.20,-12.26,-12.56,-12.26,-12.26,-12.20,-12.26,-11.85,-12.20,-12.04,-12.70,-12.26,-12.26,-12.26,-12.26,-12.34,-11.85,-12.26,-12.26,-12.12,-11.98,-11.90,-12.12,-12.20,-12.20,-11.98,-12.12,-12.26,-12.12,-11.90,-11.76,-12.20,-11.90,-11.90,-11.90,-11.85,-11.76,-11.90,-12.20,-11.98,-12.26,-11.85,-12.12,-12.04,-11.98,-11.85,-11.90,-11.85,-11.76,-12.04,-12.20,-11.98,-11.49,-11.85,-11.90,-11.76,-11.76,-11.76,-11.63,-12.12,-11.68,-11.63,-11.85,-11.90,-12.26,-12.12,-11.90,-11.55,-11.68,-11.55,-11.85,-11.85,-12.12,-11.68,-11.98,-11.90,-12.04,-11.90,-11.98,-11.76,-11.76,-11.63,-11.76,-11.76,-11.68,-11.76,-11.98,-11.68,-11.55,-11.63,-11.68,-11.85,-11.36,-11.76,-11.63,-11.41,-11.49,-11.41,-11.36,-11.27,-11.68,-11.55,-11.49,-11.55,-11.41,-11.49,-11.41,-11.68,-11.41,-11.36,-11.55,-11.19,-11.49,-11.68,-11.36,-11.27,-11.36,-11.19,-11.14,-11.27,-11.27,-11.36,-11.55,-11.06,-11.27,-11.36,-11.14,-11.49,-11.14,-11.19,-11.55,-11.63,-11.63,-11.41,-11.19,-11.36,-11.19,-11.41,-11.68,-11.49,-11.63,-11.19,-11.36,-11.00,-11.19,-11.63,-11.27,-11.55,-11.36,-11.14,-11.41,-11.41,-11.19,-11.41,-11.36,-11.14,-10.65,-11.06,-10.71,-10.57,-10.52,-10.44,-10.52,-10.52,-10.38,-10.17,-10.38,-10.22,-10.09,-9.82,-10.09,-9.96,-9.96,-9.69,-9.96,-9.35,-9.82,-9.56,-9.29,-9.48,-8.74,-9.00,-9.00,-8.69,-8.48,-8.40,-8.48,-8.35,-7.88,-8.21,-8.06,-7.93,-7.75,-7.80,-8.06,-8.06,-8.27,-8.21,-8.48,-9.16,-9.61,-10.04,-10.22,-10.30,-10.57,-11.00,-11.14,-11.36,-11.19,-11.00,-11.19,-11.14,-11.36,-11.06,-11.36,-11.19,-11.36,-11.36,-11.06,-11.41,-11.41,-11.14,-11.06,-11.41,-11.19,-11.49,-11.41,-11.14,-11.49,-11.36,-11.36,-11.41,-11.14,-11.27,-11.41,-11.41,-11.36,-11.06,-11.63,-11.76,-11.41,-11.41,-11.55,-11.27,-11.36,-11.49,-11.06,-11.55,-11.55,-11.36,-11.27,-11.36,-11.19,-11.63,-11.68,-11.49,-11.49,-11.41,-11.49,-11.41,-11.36,-11.19,-11.36,-11.41,-11.27,-11.55,-11.49,-11.55,-11.55,-11.36,-11.41,-11.76,-11.41,-11.41,-11.90,-11.85,-11.63,-11.63,-11.36,-11.55,-11.76,-11.41,-11.63,-11.63,-11.49,-11.41,-12.12,-11.55,-11.90,-11.76,-11.68,-11.68,-11.49,-11.68,-11.49,-11.76,-11.19,-11.68,-11.76,-11.76,-11.85,-11.90,-11.76,-11.63,-11.68,-11.90,-12.20,-11.68,-11.85,-11.76,-11.98,-12.20,-11.85,-11.90,-11.85,-11.76,-11.98,-11.90,-11.90,-11.85,-12.04,-11.63,-11.68,-11.90,-11.90,-11.68,-11.90,-12.20,-12.20,-11.90,-11.76,-11.85,-11.90,-12.12,-12.20,-11.98,-11.98,-11.98,-11.90,-11.90,-12.04,-12.20,-11.85,-12.12,-12.26,-12.26,-11.85,-12.20,-11.98,-11.98,-11.98,-12.12,-12.26,-12.12,-12.26,-11.98,-12.20,-12.26,-12.34,-12.04,-12.39,-12.39,-12.04,-12.39,-12.56,-12.34,-12.26,-12.26,-12.34,-12.34,-12.48,-12.34
-12.39,-12.61,-12.48,-12.26,-12.26,-12.20,-12.48,-12.61,-12.39,-12.56,-12.61,-12.48,-12.34,-12.56,-12.56,-12.48,-12.20,-12.26,-12.48,-12.20,-12.12,-12.26,-11.85,-12.12,-12.20,-12.20,-11.98,-11.90,-12.20,-12.12,-12.04,-11.98,-11.76,-12.04,-12.26,-12.12,-12.26,-12.26,-11.98,-12.12,-11.85,-12.12,-11.63,-11.90,-11.76,-11.98,-11.85,-11.76,-12.12,-11.90,-11.90,-11.85,-11.55,-11.68,-11.90,-11.63,-11.49,-11.85,-11.98,-11.68,-11.68,-11.55,-11.55,-11.49,-11.85,-11.98,-11.90,-11.98,-11.85,-11.98,-11.85,-11.63,-11.90,-11.90,-11.85,-11.63,-11.76,-11.98,-11.85,-11.76,-11.85,-11.85,-11.90,-11.55,-11.63,-11.76,-11.68,-11.49,-11.68,-11.55,-11.63,-11.68,-11.55,-11.68,-11.36,-11.76,-11.14,-11.68,-11.49,-11.68,-11.85,-11.49,-11.41,-11.55,-11.41,-11.27,-11.41,-11.36,-11.41,-11.19,-11.41,-11.06,-11.27,-11.76,-11.27,-11.63,-11.55,-11.55,-11.14,-11.27,-11.27,-11.27,-11.98,-11.49,-11.68,-11.63,-11.19,-11.41,-11.36,-11.36,-11.41,-11.41,-11.55,-11.63,-11.36,-11.19,-11.55,-11.19,-11.41,-11.19,-11.06,-11.14,-11.36,-11.27,-11.27,-11.27,-11.55,-11.19,-11.27,-11.63,-11.36,-11.41,-11.36,-11.14,-10.79,-11.36,-11.19,-11.27,-11.41,-11.19,-11.19,-11.27,-11.36,-11.41,-11.06,-11.19,-11.06,-10.65,-10.52,-10.65,-10.57,-10.79,-10.30,-10.44,-10.38,-10.38,-10.17,-10.22,-10.04,-10.04,-10.22,-10.17,-9.96,-9.90,-9.69,-9.69,-9.61,-9.42,-9.16,-9.21,-9.16,-8.82,-8.95,-8.95,-8.48,-8.48,-8.27,-8.48,-8.53,-8.21,-8.14,-8.48,-8.21,-7.93,-7.80,-8.14,-8.14,-8.35,-8.87,-9.00,-9.42,-9.82,-10.22,-10.52,-10.92,-10.92,-10.84,-11.14,-11.27,-11.06,-10.92,-11.19,-10.79,-10.84,-11.19,-11.19,-11.36,-11.14,-11.14,-11.63,-11.14,-11.14,-11.49,-11.14,-11.36,-11.27,-11.06,-11.00,-11.49,-11.06,-11.36,-11.06,-11.19,-11.49,-11.49,-11.55,-11.19,-11.36,-11.63,-11.49,-11.27,-11.14,-11.63,-11.27,-11.19,-11.49,-11.36,-11.36,-11.36,-11.27,-11.55,-11.49,-11.63,-11.63,-11.19,-11.41,-11.36,-11.41,-11.85,-11.41,-11.06,-11.36,-11.06,-11.19,-11.36,-11.00,-11.49,-11.55,-11.36,-11.41,-11.27,-11.41,-11.76,-11.85,-11.14,-11.27,-11.49,-11.36,-11.41,-11.49,-11.85,-11.41,-11.36,-11.49,-11.36,-11.90,-11.55,-11.41,-11.76,-11.19,-11.63,-11.98,-11.36,-11.85,-11.90,-11.49,-11.49,-11.76,-11.68,-11.63,-11.85,-11.68,-12.04,-12.04,-11.76,-11.85,-11.49,-11.76,-11.85,-11.85,-12.20,-12.20,-11.85,-11.98,-12.04,-11.63,-11.55,-11.90,-12.12,-11.90,-11.85,-12.04,-11.98,-11.90,-11.76,-11.85,-11.68,-11.76,-11.98,-11.90,-11.76,-12.04,-11.76,-11.90,-11.98,-11.68,-11.85,-11.90,-11.98,-11.90,-12.20,-12.04,-12.04,-12.48,-12.26,-12.12,-12.26,-12.39,-12.04,-11.76,-11.90,-12.26,-11.90,-12.20,-11.98,-12.20,-12.20,-12.20,-12.04,-12.26,-11.90,-12.39,-12.48,-12.39,-12.39,-11.90,-12.12,-12.56,-12.48,-12.26,-12.39,-12.26
-12.48,-12.56,-12.92,-12.48,-12.56,-12.39,-12.48,-12.20,-12.56,-12.56,-12.34,-12.48,-12.20,-12.04,-12.26,-11.98,-12.39,-12.20,-11.76,-12.12,-12.26,-12.12,-12.04,-11.98,-12.34,-12.12,-12.26,-12.12,-12.26,-11.90,-12.12,-11.85,-11.76,-12.04,-12.12,-11.98,-12.20,-11.85,-11.98,-11.90,-12.20,-11.85,-11.90,-12.12,-12.26,-12.04,-11.90,-12.20,-11.98,-12.20,-11.76,-11.90,-12.04,-11.98,-11.90,-11.76,-11.76,-11.85,-11.76,-11.98,-11.90,-12.04,-12.26,-11.63,-11.76,-12.12,-11.98,-11.76,-11.55,-12.04,-11.90,-11.90,-11.68,-11.76,-12.12,-11.76,-11.98,-11.49,-11.98,-11.76,-11.85,-11.63,-11.85,-11.27,-11.68,-11.49,-11.85,-11.55,-11.55,-11.49,-11.55,-11.55,-11.76,-11.49,-11.76,-11.49,-11.55,-11.85,-11.85,-11.90,-11.27,-11.49,-11.68,-11.49,-11.49,-11.55,-11.41,-11.63,-11.68,-11.49,-11.68,-11.41,-11.36,-11.49,-11.63,-11.49,-11.55,-11.55,-11.63,-11.06,-11.27,-11.55,-11.49,-11.19,-11.41,-11.55,-11.41,-11.19,-11.63,-11.27,-11.27,-11.27,-11.19,-11.36,-11.68,-11.63,-11.41,-11.27,-11.14,-11.41,-11.63,-11.14,-11.00,-11.55,-11.63,-11.36,-11.49,-11.55,-11.63,-11.36,-11.14,-11.41,-11.19,-11.63,-11.36,-11.41,-11.14,-11.63,-11.19,-11.55,-11.55,-11.49,-11.19,-11.36,-11.19,-10.92,-11.14,-10.92,-10.79,-10.84,-10.22,-10.57,-10.30,-10.44,-10.71,-10.38,-10.65,-9.82,-10.17,-10.38,-10.04,-9.82,-10.30,-9.90,-9.82,-9.77,-9.82,-9.77,-9.42,-9.48,-8.87,-9.42,-9.08,-9.16,-8.87,-8.53,-8.74,-8.53,-8.48,-8.27,-8.35,-8.27,-8.69,-8.21,-8.69,-8.21,-8.40,-8.48,-8.74,-9.29,-9.69,-10.04,-10.57,-10.71,-10.71,-10.92,-11.00,-11.36,-11.55,-11.36,-10.92,-11.27,-11.41,-11.49,-11.19,-11.27,-11.27,-11.36,-11.49,-11.36,-11.36,-11.41,-11.63,-11.36,-11.49,-11.27,-11.36,-11.36,-11.41,-11.41,-11.41,-11.49,-11.49,-11.41,-11.41,-11.41,-11.06,-11.76,-11.63,-11.41,-11.68,-11.63,-11.14,-11.27,-11.27,-11.68,-11.49,-11.41,-11.27,-11.19,-11.06,-11.19,-11.27,-11.41,-11.19,-11.55,-11.36,-11.68,-11.36,-11.55,-11.27,-11.98,-11.68,-11.49,-11.63,-11.76,-11.55,-11.41,-11.36,-11.41,-11.49,-11.49,-11.49,-11.49,-11.36,-11.49,-11.63,-11.36,-11.27,-11.27,-11.41,-11.55,-11.41,-11.85,-11.49,-11.55,-11.76,-11.55,-11.90,-11.63,-11.90,-11.76,-11.63,-11.49,-11.49,-11.49,-11.90,-11.55,-11.36,-11.76,-11.76,-11.98,-11.63,-11.63,-11.85,-11.68,-11.68,-11.90,-11.90,-11.85,-11.76,-11.98,-11.63,-12.04,-12.20,-11.85,-12.12,-12.12,-11.98,-11.68,-12.34,-11.90,-11.76,-11.68,-11.90,-11.68,-11.63,-11.68,-12.04,-11.85,-12.20,-11.76,-11.98,-12.04,-11.98,-12.34,-12.26,-11.90,-12.12,-12.20,-12.34,-11.85,-12.04,-11.98,-12.26,-12.26,-12.20,-12.39,-11.90,-12.20,-11.98,-12.26,-11.90,-12.12,-12.20,-12.12,-12.39,-12.48,-12.34,-12.20,-12.12,-12.39,-12.61,-12.34,-12.04,-12.20,-12.20,-12.39,-12.48,-12.34,-11.98,-12.56
-12.61,-12.20,-12.56,-12.56,-12.20,-12.20,-12.48,-12.26,-12.20,-12.39,-12.26,-12.26,-12.26,-12.12,-12.26,-12.34,-12.48,-12.20,-12.26,-12.26,-12.48,-12.61,-12.12,-12.04,-12.04,-12.26,-12.12,-11.85,-12.12,-12.20,-12.26,-12.20,-11.85,-12.20,-11.90,-11.98,-12.12,-11.85,-11.90,-11.85,-12.12,-11.98,-11.85,-11.98,-11.85,-11.85,-12.12,-11.85,-11.85,-12.04,-11.90,-11.76,-11.90,-11.68,-11.76,-11.41,-11.98,-11.55,-11.68,-11.76,-11.98,-11.98,-11.85,-11.63,-11.85,-11.63,-11.90,-11.63,-11.68,-11.68,-11.90,-11.85,-11.63,-11.98,-11.98,-11.76,-11.85,-11.85,-11.98,-11.68,-11.90,-11.76,-11.76,-11.68,-11.85,-11.63,-11.68,-11.90,-11.68,-11.90,-11.36,-11.98,-11.63,-11.68,-11.63,-11.68,-11.49,-11.41,-11.41,-11.68,-11.49,-11.49,-11.68,-11.41,-11.27,-11.55,-11.19,-11.63,-11.49,-11.41,-11.68,-11.41,-11.49,-11.27,-11.27,-11.00,-11.14,-11.14,-11.68,-11.14,-11.41,-11.06,-11.49,-11.14,-11.41,-11.19,-11.41,-11.49,-11.68,-11.49,-11.41,-11.41,-11.49,-11.41,-11.19,-11.63,-11.76,-11.19,-11.36,-11.41,-11.55,-11.06,-11.27,-11.63,-11.49,-11.49,-11.68,-11.41,-11.49,-11.27,-11.36,-11.55,-11.49,-11.68,-11.27,-11.36,-11.41,-11.36,-11.36,-11.19,-11.19,-11.41,-11.19,-10.84,-11.27,-11.00,-11.19,-10.84,-11.00,-10.84,-10.92,-10.30,-10.52,-10.38,-10.30,-10.57,-10.22,-10.04,-10.04,-9.77,-10.30,-10.30,-10.09,-9.90,-10.04,-9.90,-9.48,-9.48,-9.90,-9.48,-9.29,-9.29,-9.16,-9.08,-8.82,-9.08,-8.53,-8.61,-8.69,-8.35,-8.40,-8.74,-8.53,-8.82,-8.48,-8.53,-8.48,-8.74,-9.00,-9.35,-9.96,-9.90,-10.30,-10.57,-10.65,-11.00,-10.71,-11.00,-11.00,-11.27,-11.14,-11.41,-11.19,-11.36,-11.41,-11.06,-11.41,-11.27,-11.41,-11.76,-11.27,-11.06,-11.36,-11.36,-11.36,-11.49,-11.49,-11.76,-11.27,-11.55,-11.36,-11.63,-11.27,-11.49,-11.36,-11.36,-11.41,-11.49,-11.63,-11.36,-11.68,-11.63,-11.49,-11.63,-11.55,-11.55,-11.49,-11.49,-11.36,-11.41,-11.41,-11.27,-11.55,-11.68,-11.49,-11.49,-10.92,-11.36,-11.41,-11.36,-11.55,-11.36,-11.63,-11.68,-11.55,-11.41,-11.36,-11.55,-11.41,-11.36,-11.49,-11.27,-11.19,-11.19,-11.63,-11.49,-11.63,-11.55,-11.36,-11.49,-11.85,-11.27,-11.55,-11.63,-11.85,-11.55,-11.55,-11.41,-11.76,-11.41,-11.49,-11.55,-11.68,-11.27,-11.90,-11.90,-12.04,-11.90,-11.85,-11.76,-11.90,-12.12,-11.90,-12.04,-11.68,-11.76,-11.76,-11.85,-11.63,-12.04,-12.20,-11.85,-11.90,-11.98,-11.63,-11.68,-11.98,-11.68,-11.90,-11.90,-11.98,-11.76,-11.76,-11.98,-11.63,-11.63,-11.68,-11.85,-11.85,-11.98,-11.85,-11.90,-11.85,-11.90,-12.26,-11.76,-12.12,-11.98,-12.04,-11.90,-12.26,-11.85,-11.90,-12.04,-11.98,-12.39,-12.20,-11.98,-11.98,-12.20,-12.04,-12.26,-12.04,-12.20,-11.98,-12.04,-12.26,-12.04,-12.56,-12.26,-11.90,-12.12,-12.26,-12.12,-12.12,-12.39,-12.48,-12.26,-12.39,-12.56,-12.34,-12.26
-12.61,-12.12,-12.61,-12.56,-12.12,-12.61,-12.26,-12.26,-12.78,-12.12,-12.48,-12.20,-12.39,-12.39,-12.12,-11.85,-12.20,-12.20,-11.90,-12.26,-12.20,-12.34,-12.48,-12.26,-12.12,-12.34,-12.26,-12.12,-12.20,-11.68,-11.55,-11.85,-12.04,-11.98,-12.20,-11.55,-11.90,-12.12,-11.85,-11.85,-11.90,-12.20,-12.39,-12.12,-11.90,-11.98,-11.63,-12.04,-11.85,-11.90,-11.85,-11.90,-11.76,-11.90,-11.85,-11.85,-12.04,-11.98,-11.90,-11.85,-12.04,-12.04,-11.76,-11.68,-11.63,-11.76,-11.63,-11.55,-11.49,-11.68,-11.63,-11.55,-11.68,-11.76,-11.90,-11.98,-11.41,-11.76,-11.63,-12.04,-11.68,-11.76,-11.49,-11.76,-11.90,-11.76,-11.63,-12.04,-11.90,-11.68,-11.90,-11.63,-11.76,-11.41,-11.63,-11.19,-11.14,-11.49,-11.41,-11.76,-11.49,-11.55,-11.41,-11.49,-11.49,-11.36,-11.27,-11.14,-11.55,-11.41,-11.27,-11.27,-11.14,-11.27,-11.36,-11.00,-11.49,-11.06,-11.55,-11.27,-11.49,-11.06,-11.36,-11.27,-11.41,-11.19,-11.36,-11.19,-11.63,-11.19,-11.36,-11.27,-11.68,-11.49,-11.63,-11.63,-11.19,-11.76,-11.49,-11.55,-11.27,-11.19,-11.19,-11.55,-11.55,-11.49,-11.41,-11.36,-11.36,-11.41,-11.63,-11.55,-11.14,-11.49,-11.19,-11.55,-11.36,-11.19,-11.00,-11.63,-11.55,-11.06,-11.19,-11.63,-11.14,-11.00,-11.00,-10.92,-10.84,-10.71,-10.30,-10.38,-10.30,-10.30,-10.17,-10.52,-10.57,-10.30,-10.22,-10.04,-10.04,-10.04,-10.17,-10.04,-9.82,-9.96,-10.04,-9.61,-9.69,-9.48,-9.61,-9.48,-9.16,-9.08,-8.53,-8.74,-8.82,-8.69,-8.53,-8.74,-8.61,-8.53,-8.69,-8.61,-8.74,-8.82,-8.53,-9.08,-9.00,-9.16,-9.61,-9.82,-10.30,-10.79,-11.41,-11.19,-11.19,-11.19,-11.00,-11.14,-11.41,-11.06,-11.63,-11.14,-11.06,-11.49,-11.36,-11.19,-11.55,-11.14,-11.49,-11.63,-11.55,-11.55,-11.49,-11.63,-11.41,-11.19,-11.19,-11.41,-11.49,-11.49,-11.55,-11.49,-11.55,-11.49,-11.19,-11.55,-11.06,-11.27,-11.55,-11.63,-11.76,-11.14,-11.49,-11.27,-11.36,-11.06,-11.63,-11.55,-11.49,-11.55,-11.36,-11.49,-11.76,-11.63,-11.36,-11.55,-11.36,-11.55,-11.36,-11.55,-11.63,-11.36,-11.41,-11.19,-11.76,-11.41,-11.27,-11.41,-11.41,-11.36,-11.06,-11.00,-11.36,-11.19,-11.36,-11.36,-11.27,-11.27,-11.55,-11.41,-11.36,-11.63,-11.41,-11.27,-11.49,-11.41,-11.49,-11.63,-11.49,-11.41,-11.98,-11.41,-11.63,-11.76,-11.41,-11.85,-11.49,-11.68,-11.68,-11.63,-11.63,-11.85,-11.76,-11.68,-11.85,-11.68,-11.68,-11.85,-12.04,-11.90,-12.26,-11.85,-11.90,-11.90,-11.90,-12.20,-11.85,-11.90,-11.76,-11.98,-11.90,-11.90,-11.76,-11.90,-11.76,-11.90,-11.68,-11.55,-12.04,-11.98,-12.04,-11.90,-11.85,-11.98,-12.12,-11.63,-11.85,-11.85,-11.68,-11.76,-12.12,-12.34,-12.04,-11.98,-11.98,-12.04,-12.26,-11.90,-12.12,-12.20,-12.34,-12.34,-12.34,-12.20,-11.98,-12.12,-12.26,-11.98,-12.26,-12.48,-12.48,-12.34,-12.04,-12.26,-12.34,-12.26,-12.39,-12.39,-12.83,-12.26
-12.39,-12.70,-12.48,-12.26,-12.39,-12.56,-12.20,-12.04,-12.26,-12.56,-12.26,-12.39,-12.26,-12.26,-12.70,-12.26,-12.12,-12.56,-12.20,-12.48,-12.20,-12.04,-12.20,-11.85,-12.20,-12.34,-12.12,-12.26,-12.20,-12.26,-12.20,-12.26,-12.20,-11.98,-11.90,-11.76,-11.98,-12.12,-11.85,-11.76,-12.04,-11.98,-11.90,-11.98,-11.85,-12.20,-12.04,-11.76,-12.12,-11.85,-11.90,-11.85,-12.12,-11.85,-11.90,-11.63,-11.85,-11.98,-11.63,-11.68,-12.04,-11.55,-11.55,-11.98,-11.49,-11.98,-11.98,-11.85,-11.85,-12.12,-11.76,-11.98,-11.68,-11.63,-11.76,-11.76,-11.85,-11.63,-11.63,-11.98,-11.68,-11.63,-11.63,-11.76,-11.55,-11.63,-11.49,-11.85,-11.63,-11.49,-11.63,-11.55,-11.63,-11.63,-11.49,-11.49,-11.27,-11.76,-11.36,-11.68,-11.27,-11.27,-11.63,-11.55,-11.14,-11.19,-11.27,-11.27,-11.06,-11.49,-11.06,-10.79,-11.14,-11.49,-11.14,-11.19,-11.41,-11.36,-11.68,-11.49,-11.49,-11.49,-11.76,-11.63,-11.49,-11.36,-11.76,-11.90,-11.55,-11.19,-11.41,-11.41,-11.49,-11.36,-11.41,-11.63,-11.41,-11.41,-11.55,-11.27,-11.41,-11.85,-11.41,-11.63,-11.36,-11.36,-11.49,-11.36,-11.14,-11.41,-11.36,-11.19,-11.27,-11.27,-11.63,-11.36,-11.19,-11.85,-11.36,-11.06,-11.36,-11.36,-11.36,-11.19,-11.36,-11.27,-11.19,-10.79,-10.79,-10.65,-10.79,-10.22,-10.44,-10.44,-10.30,-10.44,-10.30,-10.09,-10.52,-10.04,-10.17,-10.17,-9.90,-9.82,-10.04,-9.69,-9.82,-9.61,-9.90,-9.56,-9.61,-9.16,-9.35,-9.21,-9.21,-8.82,-8.61,-8.69,-8.87,-9.00,-8.87,-8.69,-8.87,-8.74,-8.74,-9.08,-8.74,-9.08,-9.42,-9.42,-9.77,-10.22,-10.22,-10.84,-10.92,-10.92,-11.00,-11.14,-11.41,-11.55,-11.19,-11.49,-11.36,-11.55,-11.06,-11.14,-11.27,-11.27,-11.49,-11.27,-11.49,-11.49,-11.63,-11.27,-11.27,-11.49,-11.06,-11.19,-11.49,-11.19,-11.55,-11.41,-11.27,-11.36,-11.68,-11.27,-11.85,-11.19,-11.63,-11.41,-11.36,-11.27,-11.36,-11.36,-11.41,-11.55,-11.49,-11.36,-11.68,-11.63,-11.36,-11.49,-11.55,-11.36,-11.68,-11.41,-11.27,-11.27,-11.27,-11.36,-11.68,-11.41,-11.55,-11.85,-11.55,-11.41,-11.63,-11.55,-11.76,-11.63,-11.41,-11.85,-11.27,-11.27,-11.27,-11.36,-10.84,-11.06,-11.19,-11.27,-11.36,-10.84,-11.14,-11.41,-11.36,-11.76,-11.49,-11.55,-11.41,-11.49,-11.36,-11.68,-11.63,-11.41,-11.49,-11.41,-11.55,-11.68,-11.68,-11.85,-11.85,-11.90,-11.90,-11.85,-12.04,-12.12,-11.63,-11.90,-11.98,-11.85,-11.98,-11.85,-11.76,-11.68,-11.90,-12.20,-12.04,-11.68,-11.85,-11.68,-11.98,-11.68,-11.98,-11.90,-11.76,-11.98,-11.68,-11.76,-11.85,-12.04,-11.98,-11.68,-11.76,-12.26,-11.85,-11.85,-12.12,-11.90,-12.34,-12.04,-11.90,-11.90,-11.76,-11.90,-12.26,-12.04,-12.04,-12.12,-12.12,-12.34,-12.12,-12.12,-12.26,-11.98,-12.34,-12.12,-12.26,-11.85,-11.85,-11.90,-12.04,-12.48,-12.26,-12.04,-12.12,-12.39,-12.34,-12.26,-12.26,-12.26,-12.39,-12.56
-12.56,-12.61,-12.39,-12.20,-12.39,-12.56,-12.34,-12.56,-12.26,-12.12,-12.39,-12.39,-12.48,-12.04,-12.26,-12.20,-12.34,-12.04,-12.20,-12.48,-12.26,-12.12,-12.20,-12.20,-12.26,-12.20,-11.85,-12.26,-11.90,-12.20,-12.12,-12.20,-11.85,-12.20,-11.98,-11.76,-11.68,-12.04,-12.04,-11.85,-11.63,-11.63,-11.76,-11.98,-11.76,-11.98,-11.85,-11.98,-12.04,-11.76,-11.90,-12.04,-11.76,-12.26,-11.76,-11.90,-11.55,-11.76,-11.68,-11.76,-11.90,-11.90,-11.68,-11.90,-11.90,-11.76,-12.04,-11.85,-11.85,-12.04,-11.68,-11.85,-11.49,-11.68,-11.90,-11.55,-11.63,-11.76,-11.63,-11.55,-11.68,-12.12,-11.76,-11.85,-11.49,-11.68,-11.63,-11.63,-11.85,-11.90,-11.55,-11.85,-11.68,-11.19,-11.76,-11.63,-11.49,-11.63,-11.41,-11.68,-11.63,-11.19,-11.36,-11.36,-11.19,-11.14,-11.06,-11.19,-11.14,-11.27,-11.27,-11.19,-11.27,-11.68,-11.41,-11.36,-11.36,-11.41,-11.55,-11.55,-11.90,-11.36,-11.63,-11.14,-11.36,-11.27,-11.49,-11.76,-11.63,-11.85,-11.68,-11.55,-11.55,-11.41,-11.55,-11.41,-11.27,-11.63,-11.76,-11.36,-11.76,-11.55,-11.41,-11.36,-11.36,-11.41,-11.27,-11.36,-11.19,-11.27,-11.27,-11.55,-11.27,-11.06,-11.49,-11.27,-11.49,-11.36,-11.19,-11.49,-11.49,-11.41,-11.36,-11.19,-10.79,-11.06,-10.84,-10.92,-10.92,-10.52,-10.52,-10.44,-10.65,-10.52,-10.22,-10.57,-10.30,-10.22,-10.30,-9.96,-10.22,-10.52,-9.69,-9.90,-9.77,-10.09,-9.69,-9.69,-9.90,-9.48,-9.82,-9.21,-9.08,-9.21,-9.00,-9.16,-8.82,-9.08,-8.61,-9.21,-8.87,-9.00,-9.00,-9.08,-8.87,-8.69,-9.00,-9.00,-9.35,-9.77,-10.09,-9.82,-10.52,-10.65,-10.71,-10.84,-11.00,-10.84,-10.84,-10.84,-11.06,-11.27,-11.55,-11.14,-11.06,-11.27,-11.36,-11.14,-11.41,-11.36,-11.36,-11.19,-11.41,-11.41,-11.36,-11.41,-11.41,-11.55,-11.49,-11.00,-11.06,-11.63,-11.14,-11.36,-11.27,-11.49,-11.19,-11.41,-11.55,-11.36,-11.41,-11.36,-11.19,-11.14,-11.63,-11.41,-11.36,-11.63,-11.55,-11.49,-11.41,-11.63,-11.55,-11.49,-11.49,-11.85,-11.41,-11.27,-11.41,-11.27,-11.63,-11.55,-11.41,-11.27,-11.41,-11.55,-11.19,-11.49,-11.36,-11.41,-11.55,-11.49,-11.36,-11.41,-11.14,-11.27,-11.27,-11.06,-11.36,-11.19,-11.19,-11.49,-11.27,-10.84,-11.55,-11.41,-11.55,-11.76,-11.63,-11.63,-11.55,-11.55,-11.63,-11.76,-11.85,-11.76,-11.76,-11.85,-11.49,-11.55,-11.49,-11.55,-11.85,-11.98,-11.98,-11.63,-11.68,-12.04,-11.76,-11.55,-11.63,-11.76,-11.85,-11.76,-11.85,-11.63,-11.76,-11.76,-11.90,-11.85,-11.90,-11.55,-11.90,-11.63,-11.85,-11.76,-12.04,-11.55,-11.90,-11.76,-12.20,-11.68,-12.12,-12.26,-11.98,-11.98,-11.90,-12.26,-12.12,-11.85,-12.04,-11.90,-12.39,-12.12,-11.76,-12.12,-12.12,-11.85,-11.90,-12.04,-12.04,-12.12,-12.04,-11.90,-12.12,-12.34,-12.20,-12.04,-12.26,-12.61,-12.34,-12.12,-12.34,-12.48,-12.56,-12.20,-12.26,-12.34,-12.48,-12.20,-12.39,-11.85
-12.61,-12.39,-12.48,-12.26,-12.48,-12.48,-12.39,-12.78,-12.34,-12.39,-12.20,-12.61,-12.04,-12.34,-12.48,-12.26,-12.04,-12.61,-12.12,-12.26,-12.12,-12.48,-12.39,-12.20,-12.20,-12.04,-12.12,-12.20,-12.20,-12.26,-11.76,-11.90,-12.20,-11.90,-12.12,-11.90,-11.85,-12.34,-12.04,-11.90,-11.90,-12.12,-11.90,-11.76,-11.90,-12.04,-12.26,-12.39,-11.76,-11.76,-11.90,-11.68,-11.85,-11.98,-11.85,-12.04,-11.63,-11.68,-11.68,-11.76,-11.98,-11.63,-11.63,-12.04,-11.90,-11.68,-12.04,-11.76,-11.90,-11.98,-11.63,-11.76,-11.85,-11.68,-11.85,-11.76,-11.76,-11.49,-11.63,-11.14,-11.63,-11.49,-11.76,-11.76,-11.55,-11.63,-11.63,-11.41,-11.41,-12.12,-11.36,-11.76,-11.76,-11.49,-11.36,-11.49,-11.27,-11.41,-11.06,-11.27,-11.36,-11.49,-11.41,-11.63,-11.19,-11.06,-11.19,-11.27,-11.06,-11.06,-11.19,-11.00,-11.27,-11.19,-11.19,-11.55,-11.19,-11.27,-11.36,-11.63,-11.76,-11.41,-11.49,-11.55,-11.55,-11.55,-11.55,-11.41,-11.55,-11.55,-11.76,-11.85,-11.36,-11.19,-11.68,-11.55,-11.36,-11.36,-11.76,-11.49,-11.49,-11.55,-11.49,-11.19,-11.36,-11.55,-11.27,-11.41,-11.68,-11.49,-11.49,-11.41,-11.63,-11.41,-11.27,-11.19,-11.36,-11.41,-11.49,-11.14,-11.27,-11.41,-11.63,-11.14,-11.36,-10.79,-11.19,-10.92,-10.71,-10.57,-10.57,-10.38,-10.57,-10.22,-10.52,-10.17,-10.22,-10.30,-10.30,-10.22,-9.77,-10.09,-10.22,-10.17,-10.04,-10.17,-9.96,-9.69,-9.56,-9.61,-9.90,-9.42,-9.56,-9.16,-9.21,-8.95,-9.08,-9.16,-8.82,-8.61,-8.95,-9.08,-8.95,-9.29,-9.16,-9.29,-9.29,-9.48,-9.42,-9.56,-10.30,-10.17,-10.44,-10.71,-10.84,-11.06,-11.06,-11.19,-11.00,-11.06,-11.19,-11.41,-11.49,-11.14,-11.68,-11.19,-11.36,-11.49,-11.19,-11.49,-11.19,-11.63,-11.00,-11.27,-11.41,-11.27,-11.49,-11.41,-11.55,-11.49,-11.41,-11.49,-11.36,-11.49,-11.63,-11.36,-11.49,-11.63,-11.55,-11.49,-11.55,-11.98,-11.55,-11.85,-11.36,-11.63,-11.36,-11.63,-11.19,-11.55,-11.49,-11.55,-11.76,-11.76,-11.55,-11.41,-11.36,-11.55,-11.76,-11.85,-11.49,-11.55,-11.68,-11.41,-11.63,-11.68,-11.63,-11.49,-11.41,-11.49,-11.41,-11.55,-11.55,-11.49,-11.14,-11.63,-11.27,-11.27,-11.41,-11.36,-11.06,-11.27,-10.92,-11.19,-11.49,-11.49,-11.14,-11.55,-11.68,-11.55,-11.55,-11.55,-11.68,-11.41,-11.27,-11.41,-11.63,-12.04,-11.63,-11.68,-11.49,-12.04,-11.90,-11.90,-11.85,-11.98,-11.76,-11.90,-11.76,-11.98,-12.20,-11.55,-11.76,-11.98,-11.63,-11.85,-11.90,-12.12,-12.04,-11.76,-11.68,-11.49,-11.98,-11.63,-11.98,-11.63,-11.98,-11.76,-12.26,-12.20,-11.90,-11.98,-12.34,-11.76,-11.98,-12.04,-12.04,-12.12,-11.63,-12.26,-11.90,-12.26,-11.98,-11.68,-12.56,-11.90,-11.98,-12.26,-12.34,-12.04,-12.04,-12.04,-11.76,-12.48,-11.85,-12.34,-12.04,-12.34,-12.34,-11.90,-12.26,-12.34,-12.39,-12.34,-12.20,-12.20,-12.48,-12.48,-12.56,-12.39,-12.70,-12.48
-12.48,-12.26,-12.20,-12.56,-12.12,-12.48,-12.56,-12.39,-12.34,-12.20,-12.04,-12.12,-12.39,-12.04,-12.20,-12.34,-12.26,-12.26,-12.04,-12.20,-12.12,-12.39,-12.12,-12.12,-12.20,-12.04,-12.12,-12.12,-12.04,-11.90,-11.76,-12.12,-12.12,-12.26,-12.12,-11.90,-11.98,-12.34,-11.90,-11.90,-11.90,-11.90,-12.20,-12.39,-12.34,-12.20,-11.90,-12.12,-12.20,-12.04,-11.55,-11.76,-12.12,-11.98,-11.85,-11.98,-11.49,-11.85,-11.63,-11.85,-11.55,-11.90,-11.63,-11.55,-11.76,-11.90,-11.90,-11.55,-11.90,-11.85,-11.85,-11.55,-11.98,-11.68,-11.41,-11.98,-11.55,-11.85,-11.68,-11.68,-11.68,-11.90,-11.63,-11.90,-11.68,-11.76,-11.68,-11.41,-11.49,-11.76,-11.36,-11.68,-11.68,-11.55,-11.49,-11.68,-11.19,-11.36,-11.55,-11.63,-11.19,-11.36,-11.36,-11.19,-11.27,-11.06,-11.27,-11.36,-11.06,-11.36,-11.27,-11.27,-11.19,-11.36,-11.55,-11.49,-11.63,-11.41,-11.68,-11.68,-11.63,-11.68,-11.41,-11.63,-11.19,-11.49,-11.76,-11.55,-11.63,-11.41,-11.41,-11.27,-11.55,-11.27,-11.49,-11.63,-11.63,-11.63,-11.36,-11.76,-11.36,-11.41,-11.49,-11.41,-11.36,-11.49,-11.14,-11.19,-11.41,-11.55,-11.41,-11.41,-11.36,-11.36,-11.06,-11.36,-11.27,-11.27,-11.41,-11.19,-11.63,-11.19,-11.19,-11.36,-11.41,-11.00,-11.19,-10.92,-10.65,-10.92,-10.65,-10.30,-10.52,-9.96,-10.30,-10.30,-10.38,-10.38,-10.44,-10.09,-10.09,-10.30,-10.17,-10.04,-9.82,-9.77,-9.48,-10.09,-9.56,-9.35,-9.48,-9.16,-9.00,-9.08,-9.16,-9.16,-8.87,-8.95,-8.95,-9.16,-9.21,-9.16,-9.48,-9.08,-9.29,-9.16,-9.61,-9.69,-9.77,-9.56,-9.96,-10.44,-10.71,-10.57,-10.84,-10.84,-10.92,-11.27,-11.49,-10.92,-11.49,-11.00,-11.19,-11.14,-11.19,-11.14,-11.68,-11.41,-11.27,-11.55,-11.55,-11.63,-11.19,-11.55,-11.49,-11.27,-11.36,-11.41,-11.06,-11.49,-11.49,-11.55,-10.92,-11.19,-11.14,-11.06,-11.63,-11.19,-11.49,-11.76,-11.36,-11.36,-11.49,-11.49,-11.19,-11.63,-11.49,-11.55,-11.76,-11.49,-11.41,-11.76,-11.49,-11.49,-11.68,-11.63,-11.63,-11.41,-11.68,-11.55,-11.36,-11.49,-11.49,-11.27,-11.49,-11.63,-11.49,-11.41,-11.49,-11.55,-11.49,-11.55,-11.55,-11.55,-11.49,-11.41,-11.36,-11.68,-11.36,-11.36,-11.27,-11.00,-11.27,-11.14,-11.49,-11.19,-11.06,-11.49,-11.41,-11.68,-11.63,-11.49,-11.90,-11.55,-11.49,-11.98,-11.98,-11.55,-11.68,-11.63,-11.98,-11.63,-11.55,-11.76,-11.85,-11.85,-11.98,-11.90,-12.12,-11.98,-11.68,-12.04,-11.85,-11.55,-11.85,-11.68,-11.85,-12.04,-11.98,-12.04,-12.04,-11.36,-11.76,-11.85,-11.98,-11.63,-11.98,-11.98,-12.04,-11.90,-12.12,-11.98,-11.76,-12.12,-12.04,-12.04,-11.85,-11.90,-11.98,-12.04,-12.20,-12.26,-12.04,-12.04,-11.85,-12.34,-12.12,-11.98,-12.04,-12.04,-12.04,-12.34,-12.20,-11.98,-12.26,-12.39,-12.34,-12.20,-12.56,-12.34,-12.34,-12.39,-12.48,-12.26,-12.12,-12.34,-12.70,-12.39,-12.39,-12.48,-12.39,-12.56
-12.39,-12.61,-12.48,-12.34,-12.26,-12.20,-12.78,-12.48,-12.04,-12.48,-12.61,-12.39,-12.56,-12.12,-12.20,-12.39,-12.26,-12.34,-12.39,-12.48,-12.04,-11.98,-12.34,-12.26,-12.12,-12.48,-12.04,-12.04,-11.76,-11.76,-11.85,-11.90,-11.76,-12.12,-12.34,-12.26,-11.90,-12.12,-12.26,-11.90,-11.63,-11.76,-11.85,-12.04,-11.98,-12.12,-11.90,-12.04,-11.90,-11.98,-11.63,-11.85,-11.90,-11.85,-11.76,-11.98,-11.68,-11.68,-11.98,-11.85,-12.04,-11.63,-11.63,-11.68,-11.76,-12.04,-11.76,-12.04,-11.68,-12.04,-11.85,-11.68,-11.85,-11.90,-11.63,-11.85,-11.55,-11.90,-11.68,-11.85,-12.04,-11.76,-11.90,-11.55,-11.76,-11.63,-11.76,-11.36,-11.68,-11.41,-11.36,-11.76,-11.63,-11.63,-11.49,-11.41,-11.41,-11.14,-11.14,-10.71,-11.27,-11.36,-11.49,-11.27,-11.19,-11.41,-11.06,-11.36,-11.49,-11.06,-11.63,-11.06,-11.19,-11.27,-11.49,-11.55,-11.41,-11.68,-11.63,-11.41,-11.49,-11.19,-11.76,-11.49,-11.41,-11.55,-11.55,-11.55,-11.76,-11.76,-11.36,-11.63,-11.63,-11.49,-11.36,-11.85,-11.41,-11.36,-11.55,-11.49,-11.63,-11.49,-11.14,-11.76,-11.55,-11.68,-11.41,-11.49,-11.19,-11.27,-11.36,-11.41,-11.68,-11.36,-11.36,-11.19,-11.41,-11.63,-11.41,-11.49,-11.14,-11.36,-11.36,-11.36,-11.55,-11.19,-11.00,-10.65,-11.00,-10.71,-10.65,-10.79,-10.30,-9.61,-10.38,-10.17,-10.44,-10.30,-10.38,-10.22,-10.22,-9.96,-10.09,-9.96,-10.04,-9.69,-9.90,-9.96,-9.61,-9.82,-9.69,-9.48,-9.29,-9.21,-9.48,-8.95,-8.95,-9.08,-9.35,-9.16,-9.16,-9.21,-9.16,-9.29,-9.35,-9.56,-9.29,-9.61,-9.48,-10.04,-10.04,-10.17,-10.57,-10.71,-11.00,-11.14,-11.00,-11.06,-11.19,-11.06,-11.14,-11.19,-11.06,-11.27,-11.36,-11.14,-11.49,-11.68,-11.55,-11.27,-11.36,-11.49,-11.41,-11.36,-11.49,-11.06,-11.27,-10.84,-11.19,-11.49,-11.14,-11.41,-11.41,-11.00,-11.27,-11.49,-11.27,-11.49,-11.49,-11.27,-11.49,-11.41,-11.68,-11.49,-11.55,-11.55,-11.14,-11.63,-11.55,-11.55,-11.55,-11.49,-11.14,-11.27,-11.63,-11.19,-11.63,-11.41,-11.36,-11.85,-11.55,-11.63,-11.68,-11.41,-11.63,-11.49,-11.63,-11.49,-11.41,-11.41,-11.41,-11.63,-11.76,-11.63,-11.27,-11.27,-11.41,-11.27,-11.19,-11.41,-11.27,-11.00,-11.27,-11.49,-11.00,-11.06,-11.36,-11.41,-11.49,-11.36,-11.49,-11.63,-11.63,-11.41,-11.63,-11.49,-11.49,-11.55,-11.76,-11.85,-11.68,-11.63,-11.63,-11.85,-11.55,-11.98,-11.68,-11.68,-11.76,-11.85,-12.12,-12.04,-12.04,-11.76,-11.98,-11.76,-11.85,-11.41,-11.76,-11.85,-11.63,-11.49,-11.98,-11.68,-12.04,-11.68,-12.04,-11.98,-12.20,-11.85,-11.68,-11.85,-11.98,-11.76,-11.90,-11.85,-11.85,-11.90,-12.12,-11.76,-11.98,-11.90,-11.76,-12.48,-11.85,-12.04,-12.20,-12.26,-12.04,-12.12,-12.04,-12.04,-12.26,-12.39,-12.26,-12.04,-12.12,-12.04,-12.48,-12.48,-12.26,-12.20,-11.98,-12.34,-12.39,-12.20,-12.34,-12.56,-12.20,-11.90,-12.78,-12.48
-12.34,-12.26,-12.56,-12.48,-12.26,-12.20,-12.26,-12.12,-12.26,-12.48,-12.61,-12.20,-12.20,-12.26,-12.12,-12.12,-11.85,-11.85,-12.26,-11.76,-12.12,-12.39,-11.85,-12.26,-12.20,-11.98,-12.12,-12.39,-12.04,-12.12,-12.26,-11.85,-11.76,-12.12,-11.76,-11.98,-11.98,-12.20,-11.85,-11.85,-11.90,-12.04,-11.76,-11.98,-11.98,-11.85,-12.26,-11.76,-12.12,-11.85,-11.85,-11.76,-11.63,-11.98,-11.55,-11.68,-12.04,-11.68,-12.20,-12.04,-12.12,-12.04,-12.04,-11.63,-11.90,-11.68,-11.63,-11.76,-11.63,-11.41,-11.68,-11.68,-11.76,-11.85,-11.63,-11.76,-11.90,-11.68,-11.41,-11.63,-11.85,-12.04,-11.90,-11.55,-11.76,-11.68,-11.41,-11.55,-11.36,-11.63,-11.41,-11.49,-11.19,-11.41,-11.36,-11.49,-11.27,-11.41,-11.27,-11.27,-11.19,-11.06,-11.27,-11.27,-11.27,-11.27,-11.36,-11.55,-11.41,-11.36,-11.41,-11.19,-11.27,-11.63,-11.27,-11.49,-11.63,-11.49,-11.68,-11.76,-11.76,-11.14,-11.68,-11.19,-11.36,-11.27,-11.41,-11.19,-11.55,-11.85,-11.49,-11.41,-11.85,-11.41,-11.90,-11.36,-11.19,-11.41,-11.27,-11.49,-11.76,-11.41,-11.49,-11.41,-11.27,-11.41,-11.41,-11.41,-11.36,-11.41,-11.27,-11.55,-11.14,-11.49,-11.14,-11.19,-11.14,-11.36,-11.68,-11.36,-11.14,-11.36,-11.06,-11.27,-11.14,-11.00,-11.27,-11.14,-10.71,-10.57,-10.84,-10.52,-10.22,-10.04,-10.04,-10.30,-10.52,-10.44,-10.52,-10.17,-10.22,-10.09,-9.96,-9.96,-10.22,-9.82,-9.82,-9.90,-9.82,-9.90,-9.35,-9.35,-9.61,-9.56,-9.16,-9.21,-9.35,-9.29,-8.95,-9.08,-9.42,-9.61,-9.48,-9.35,-9.69,-9.35,-9.69,-9.48,-9.77,-10.04,-10.17,-10.52,-10.71,-10.71,-10.84,-11.41,-11.06,-11.19,-11.36,-11.36,-11.19,-11.41,-11.14,-11.49,-11.49,-11.36,-11.55,-11.55,-11.76,-11.49,-11.36,-11.49,-11.63,-11.63,-11.41,-11.27,-11.41,-11.36,-11.14,-11.00,-11.41,-11.55,-11.14,-11.49,-11.27,-11.00,-11.27,-11.55,-11.63,-11.27,-11.36,-11.49,-11.41,-11.41,-11.36,-11.41,-11.36,-11.49,-11.55,-11.55,-11.41,-11.98,-11.36,-11.76,-11.85,-11.55,-11.68,-11.49,-11.63,-11.63,-11.68,-11.63,-11.63,-11.68,-11.76,-11.68,-11.49,-11.49,-11.76,-11.55,-11.68,-11.68,-11.49,-11.49,-11.41,-11.76,-11.85,-11.68,-11.55,-11.49,-11.55,-11.55,-11.27,-11.19,-11.36,-11.63,-11.63,-11.41,-11.19,-11.27,-11.19,-11.19,-11.41,-11.49,-11.14,-11.68,-11.63,-11.68,-11.55,-11.90,-11.90,-11.63,-11.55,-11.55,-11.55,-11.76,-11.90,-11.76,-11.90,-11.76,-11.85,-11.55,-11.63,-11.98,-11.85,-11.68,-11.76,-11.98,-11.85,-11.49,-11.90,-11.85,-11.68,-11.49,-11.98,-11.76,-11.85,-11.90,-11.76,-11.55,-11.98,-11.85,-11.85,-11.90,-12.04,-12.04,-11.98,-11.90,-12.04,-12.04,-12.12,-11.85,-11.85,-12.12,-11.98,-11.90,-11.85,-12.12,-12.26,-12.04,-12.04,-12.20,-12.20,-11.68,-12.26,-12.12,-12.04,-12.34,-12.26,-12.26,-12.04,-12.12,-12.20,-12.12,-12.26,-12.39,-12.20,-12.34,-12.34,-12.48,-12.34,-12.12
-12.48,-12.20,-12.20,-12.26,-12.34,-12.61,-12.26,-12.48,-12.04,-12.26,-12.48,-12.26,-12.34,-12.20,-12.26,-12.20,-12.04,-12.26,-12.20,-12.20,-12.04,-12.04,-12.48,-12.26,-12.12,-12.20,-11.90,-12.04,-12.20,-11.90,-11.85,-12.20,-11.98,-12.04,-12.04,-11.90,-11.98,-12.04,-11.98,-11.85,-11.49,-12.20,-11.68,-11.90,-11.63,-11.90,-12.04,-11.98,-11.85,-12.04,-12.12,-11.76,-11.85,-12.04,-12.12,-11.68,-12.04,-11.63,-11.76,-11.90,-11.68,-11.68,-11.98,-11.49,-11.68,-12.04,-11.63,-11.68,-11.68,-11.55,-11.76,-12.04,-11.85,-11.63,-11.98,-11.85,-11.49,-11.55,-11.63,-11.90,-11.85,-11.68,-11.36,-11.68,-11.98,-11.41,-11.85,-11.68,-11.41,-11.36,-11.68,-11.55,-11.14,-11.27,-11.55,-11.36,-11.49,-11.41,-11.55,-11.63,-11.19,-11.19,-11.36,-11.27,-11.36,-11.41,-11.27,-11.41,-11.76,-11.49,-11.19,-11.41,-11.63,-11.27,-11.68,-11.36,-11.27,-11.55,-11.63,-11.55,-11.55,-11.68,-11.85,-11.90,-11.27,-11.90,-11.55,-11.41,-11.41,-11.85,-11.19,-11.49,-11.55,-11.49,-11.63,-11.68,-11.49,-11.49,-11.55,-11.63,-11.49,-11.19,-11.41,-11.63,-11.41,-11.49,-11.49,-11.41,-11.06,-11.36,-11.41,-11.36,-11.27,-11.36,-11.41,-11.36,-11.36,-11.36,-11.19,-11.27,-11.36,-11.19,-11.14,-11.36,-11.98,-11.14,-11.27,-10.79,-10.71,-10.57,-10.65,-10.04,-8.82,-9.82,-10.22,-10.44,-10.38,-10.30,-10.44,-10.52,-10.22,-9.90,-10.09,-10.09,-10.09,-9.90,-9.90,-9.82,-9.69,-9.96,-9.61,-9.56,-9.56,-9.35,-9.21,-9.21,-9.21,-9.16,-9.00,-9.00,-9.21,-9.42,-9.21,-9.08,-9.35,-9.48,-9.56,-9.61,-9.61,-9.90,-10.22,-10.44,-10.38,-10.84,-11.00,-11.36,-11.14,-11.19,-10.92,-11.00,-11.19,-11.55,-11.36,-11.14,-11.68,-11.36,-11.49,-11.19,-11.41,-11.27,-11.49,-11.41,-11.41,-11.36,-11.49,-11.49,-11.19,-11.49,-11.49,-11.36,-11.55,-11.19,-11.19,-11.14,-11.36,-11.36,-11.36,-11.41,-11.41,-11.55,-11.63,-11.41,-11.63,-11.49,-11.68,-11.55,-11.55,-11.49,-11.41,-11.63,-11.55,-11.68,-11.63,-11.49,-11.55,-11.49,-11.76,-11.41,-11.49,-11.00,-11.90,-11.49,-11.63,-11.41,-11.55,-11.55,-11.63,-11.63,-11.90,-11.76,-11.68,-11.55,-11.63,-11.49,-11.49,-11.49,-11.68,-11.49,-11.41,-11.68,-11.41,-11.90,-11.55,-11.63,-11.76,-11.06,-11.41,-11.55,-11.63,-11.27,-11.19,-11.49,-11.41,-11.41,-11.41,-11.55,-11.14,-11.36,-11.49,-11.68,-11.76,-11.49,-11.85,-11.76,-11.63,-11.76,-11.90,-11.90,-12.04,-11.90,-11.76,-11.68,-11.98,-11.49,-11.85,-11.85,-11.85,-11.90,-11.85,-11.85,-11.98,-11.90,-12.12,-11.85,-11.90,-11.90,-11.90,-11.90,-12.20,-11.76,-11.85,-11.68,-11.85,-12.04,-11.85,-11.76,-11.90,-11.85,-11.90,-12.04,-12.04,-11.98,-11.68,-12.12,-12.04,-12.04,-12.12,-11.90,-11.90,-11.98,-12.34,-12.04,-12.26,-11.98,-12.34,-12.26,-12.26,-12.04,-11.98,-12.04,-12.39,-12.39,-12.34,-12.34,-12.34,-12.34,-12.39,-12.26,-12.04,-12.20,-12.48,-12.12
-12.92,-12.34,-12.12,-12.61,-12.56,-12.34,-12.48,-12.26,-12.04,-12.48,-12.61,-12.39,-12.20,-12.39,-12.39,-12.12,-11.85,-12.04,-12.48,-12.34,-12.12,-12.48,-12.34,-12.39,-12.26,-12.26,-11.85,-12.34,-11.98,-12.04,-11.98,-11.90,-11.68,-11.90,-12.12,-11.85,-11.90,-12.34,-11.90,-11.76,-12.20,-11.98,-11.85,-11.98,-11.90,-11.63,-11.68,-11.76,-11.63,-11.76,-11.49,-11.85,-11.85,-11.76,-11.63,-12.04,-11.63,-11.76,-11.98,-11.85,-11.68,-11.55,-11.63,-11.90,-12.04,-11.68,-11.55,-11.63,-11.85,-12.12,-11.85,-11.68,-11.68,-11.85,-11.68,-11.55,-11.68,-11.68,-11.85,-11.68,-11.55,-11.76,-11.55,-11.49,-11.55,-11.68,-11.85,-11.85,-11.85,-11.76,-11.49,-11.55,-11.36,-11.19,-11.41,-11.36,-11.27,-11.36,-11.41,-11.55,-11.36,-11.19,-11.41,-11.27,-11.19,-11.68,-11.27,-11.19,-11.63,-11.27,-11.41,-11.41,-11.55,-11.76,-11.41,-11.55,-11.36,-11.36,-11.49,-11.55,-11.68,-11.55,-11.19,-11.90,-11.76,-11.41,-11.90,-11.76,-11.27,-11.76,-11.55,-11.27,-11.63,-11.49,-11.55,-11.49,-11.55,-11.55,-11.76,-11.55,-11.27,-11.36,-11.49,-11.49,-11.36,-11.49,-11.49,-11.14,-11.55,-11.41,-11.41,-10.92,-11.36,-11.36,-11.49,-11.41,-11.00,-11.63,-11.27,-11.36,-11.27,-11.19,-11.49,-10.84,-11.41,-11.14,-11.14,-10.71,-10.52,-10.52,-10.17,-9.08,-7.88,-10.04,-10.57,-10.38,-10.22,-10.38,-9.90,-10.38,-10.04,-10.17,-10.22,-9.96,-10.04,-9.90,-9.96,-10.04,-9.77,-9.82,-9.77,-9.48,-9.29,-9.21,-9.42,-9.29,-9.35,-9.35,-9.21,-9.16,-9.16,-9.35,-9.56,-9.29,-9.69,-9.61,-9.69,-9.61,-9.82,-10.38,-10.17,-10.38,-10.52,-10.65,-10.71,-11.00,-11.36,-11.06,-11.55,-11.19,-11.06,-11.36,-11.14,-11.14,-10.92,-11.14,-11.14,-11.55,-11.14,-11.63,-11.00,-11.19,-11.00,-11.49,-11.36,-11.27,-11.55,-11.00,-11.55,-11.68,-11.27,-11.49,-11.41,-11.41,-11.00,-11.19,-11.06,-11.41,-11.14,-11.36,-11.36,-11.49,-11.63,-11.27,-11.49,-11.63,-11.49,-11.63,-11.27,-11.41,-11.55,-11.36,-11.55,-11.49,-11.63,-11.41,-11.63,-11.63,-11.98,-11.63,-11.68,-11.55,-11.49,-11.68,-11.85,-11.55,-11.36,-11.55,-11.63,-11.85,-11.49,-11.63,-11.63,-11.55,-11.41,-11.68,-11.41,-11.85,-11.55,-11.76,-11.68,-11.68,-11.36,-11.63,-11.55,-11.85,-11.63,-11.19,-11.00,-11.55,-11.55,-11.76,-11.49,-11.55,-11.27,-11.36,-11.36,-11.90,-11.06,-11.36,-11.68,-11.55,-11.98,-11.90,-11.76,-11.85,-11.98,-11.55,-11.98,-11.76,-11.63,-11.98,-11.76,-11.49,-11.85,-11.85,-11.90,-11.76,-11.90,-11.76,-11.68,-11.98,-12.04,-11.98,-11.85,-11.98,-11.76,-11.63,-12.26,-11.85,-11.98,-11.90,-11.90,-12.20,-11.90,-11.90,-11.85,-11.90,-12.39,-11.98,-12.04,-12.12,-11.90,-11.98,-11.90,-12.12,-11.90,-11.98,-11.98,-12.12,-11.85,-12.20,-11.90,-11.76,-12.20,-12.04,-12.12,-11.85,-11.90,-12.04,-12.12,-12.26,-11.98,-12.04,-12.34,-12.20,-12.39,-12.12,-12.26,-12.34,-12.26,-12.12
-12.61,-12.48,-12.34,-12.61,-12.70,-12.12,-12.20,-12.56,-12.39,-12.34,-12.04,-12.20,-12.20,-12.56,-12.48,-12.48,-12.34,-12.26,-12.26,-12.56,-12.34,-12.12,-12.04,-12.04,-12.34,-12.12,-11.90,-12.04,-12.20,-12.04,-12.34,-11.76,-12.20,-11.98,-12.20,-12.12,-12.26,-12.26,-11.85,-12.04,-11.98,-11.85,-12.26,-11.90,-11.85,-11.85,-11.98,-11.90,-11.55,-11.68,-11.98,-11.98,-11.90,-12.12,-11.55,-11.90,-11.68,-11.90,-11.90,-11.68,-11.76,-11.90,-11.90,-11.68,-11.85,-11.68,-11.55,-11.98,-11.63,-11.90,-11.63,-11.98,-11.68,-11.68,-11.55,-11.76,-11.63,-11.76,-11.68,-11.63,-11.63,-11.85,-11.76,-11.19,-11.76,-11.49,-11.41,-11.55,-11.55,-11.63,-11.49,-11.63,-11.41,-11.27,-11.41,-11.41,-11.41,-11.68,-11.36,-11.63,-11.68,-11.76,-11.41,-11.36,-11.41,-11.36,-11.36,-11.27,-11.36,-11.85,-11.63,-11.55,-11.55,-11.63,-11.85,-11.49,-11.76,-11.63,-11.55,-11.49,-11.41,-11.68,-11.55,-11.49,-11.41,-11.63,-11.41,-11.68,-11.49,-11.63,-11.85,-11.76,-11.55,-11.41,-11.49,-11.19,-11.63,-11.68,-11.55,-11.55,-11.36,-11.49,-11.27,-11.27,-11.41,-11.49,-11.41,-11.36,-11.55,-11.41,-11.41,-11.14,-11.27,-11.36,-11.14,-11.63,-11.41,-10.71,-11.06,-11.27,-11.19,-11.41,-11.49,-11.14,-11.41,-11.19,-10.84,-10.65,-10.71,-10.65,-10.38,-9.21,-8.82,-10.09,-10.71,-10.57,-10.44,-10.38,-10.38,-10.57,-10.17,-10.17,-10.52,-10.17,-10.09,-10.09,-10.04,-9.96,-9.82,-9.90,-9.77,-9.69,-9.90,-9.21,-9.35,-9.48,-9.48,-9.48,-9.35,-9.42,-9.56,-9.29,-9.77,-9.90,-9.42,-9.82,-9.82,-9.90,-10.17,-10.17,-10.38,-10.57,-10.57,-10.92,-11.00,-11.14,-11.27,-11.06,-11.49,-11.27,-11.06,-11.00,-11.27,-11.55,-11.27,-11.55,-11.55,-11.14,-11.06,-11.19,-11.41,-11.63,-11.19,-11.06,-11.41,-11.19,-11.36,-11.41,-11.27,-11.06,-11.14,-11.49,-11.36,-11.14,-11.41,-11.41,-11.00,-11.19,-11.41,-11.19,-11.19,-11.36,-11.63,-11.27,-11.76,-11.68,-11.63,-11.76,-11.63,-11.55,-11.41,-11.36,-11.76,-11.68,-11.55,-11.76,-11.68,-11.49,-11.68,-11.19,-11.68,-11.55,-11.63,-11.85,-11.55,-11.41,-11.41,-11.55,-11.90,-11.41,-11.55,-11.55,-11.68,-11.55,-11.55,-11.68,-11.55,-11.49,-11.63,-12.12,-11.63,-11.68,-11.49,-11.63,-11.68,-11.36,-11.76,-11.63,-11.41,-11.41,-11.55,-11.63,-11.36,-11.19,-11.36,-11.55,-11.85,-11.49,-11.27,-11.63,-11.49,-11.41,-11.68,-11.41,-11.85,-11.63,-11.76,-11.63,-11.76,-12.12,-12.12,-12.12,-11.98,-11.90,-11.98,-11.98,-11.98,-11.90,-11.63,-12.34,-11.76,-11.90,-11.76,-11.85,-11.85,-11.90,-11.76,-12.04,-11.76,-12.04,-11.90,-11.90,-11.55,-11.98,-11.68,-11.90,-12.26,-11.68,-12.20,-12.12,-12.26,-11.90,-11.98,-12.04,-12.12,-12.48,-12.26,-12.04,-12.12,-12.04,-12.26,-12.34,-12.20,-12.34,-12.26,-12.12,-12.20,-12.34,-12.26,-12.39,-12.34,-12.04,-11.98,-12.04,-11.98,-12.26,-12.61,-12.34,-12.48,-12.70,-12.39,-12.26
-12.39,-12.48,-12.48,-12.56,-12.20,-12.20,-12.61,-12.39,-12.34,-12.34,-12.61,-12.39,-12.04,-12.20,-12.12,-12.26,-12.26,-12.34,-12.04,-12.12,-12.20,-12.20,-12.12,-12.26,-12.12,-12.34,-11.76,-12.39,-12.04,-12.20,-12.20,-12.12,-12.20,-12.20,-11.90,-11.85,-11.90,-12.04,-12.04,-11.68,-12.04,-11.90,-11.85,-11.90,-11.90,-11.90,-11.76,-12.26,-11.90,-11.85,-11.55,-11.90,-11.98,-12.04,-11.55,-11.98,-11.76,-11.98,-11.63,-11.90,-12.04,-11.55,-11.76,-11.85,-11.68,-11.76,-11.76,-11.98,-12.20,-11.68,-11.68,-11.90,-11.85,-11.90,-11.90,-12.04,-11.63,-11.63,-11.55,-11.63,-11.90,-11.85,-11.68,-11.76,-11.76,-11.76,-11.76,-11.41,-11.63,-11.68,-11.49,-11.36,-11.68,-11.36,-11.49,-11.55,-11.85,-11.41,-11.27,-11.49,-11.63,-11.55,-11.55,-11.63,-11.41,-11.68,-11.41,-11.68,-11.68,-11.41,-11.63,-11.19,-11.63,-11.55,-11.41,-11.36,-11.68,-11.68,-11.76,-11.55,-11.85,-11.49,-11.55,-11.55,-11.63,-11.98,-11.90,-11.68,-11.85,-11.63,-11.55,-11.49,-11.68,-11.76,-11.85,-11.76,-11.55,-11.41,-11.41,-11.49,-11.55,-11.63,-11.41,-11.49,-11.36,-11.00,-11.27,-11.36,-11.14,-11.19,-11.41,-11.14,-11.55,-11.49,-11.49,-11.49,-11.68,-11.27,-11.00,-11.41,-11.36,-11.14,-11.63,-11.06,-11.36,-10.92,-10.79,-11.00,-10.79,-10.65,-10.65,-10.38,-10.44,-10.57,-10.57,-10.65,-10.38,-10.71,-10.17,-10.38,-10.22,-10.09,-10.22,-10.04,-10.52,-10.30,-9.82,-9.90,-9.82,-10.04,-9.96,-9.82,-9.48,-9.29,-9.42,-9.29,-9.48,-9.35,-9.21,-9.69,-9.77,-9.48,-9.56,-9.61,-9.69,-9.82,-9.90,-9.90,-9.96,-10.22,-10.65,-10.52,-10.92,-11.19,-11.06,-11.36,-11.55,-11.36,-11.27,-11.27,-11.19,-11.27,-11.27,-11.27,-11.55,-11.19,-11.19,-11.49,-11.41,-11.27,-11.63,-11.06,-11.49,-11.41,-11.49,-11.63,-11.49,-11.68,-11.41,-11.76,-11.41,-11.41,-11.63,-11.55,-11.41,-11.68,-11.41,-11.27,-11.41,-11.49,-11.41,-11.41,-11.49,-11.49,-11.36,-11.49,-11.14,-11.36,-11.49,-11.76,-11.36,-11.55,-11.63,-11.76,-11.49,-11.27,-11.63,-11.49,-11.63,-11.55,-11.63,-11.55,-11.76,-11.76,-11.68,-11.63,-11.63,-11.55,-11.36,-11.49,-11.68,-11.90,-11.55,-11.85,-11.55,-11.76,-11.90,-11.63,-11.63,-11.63,-11.27,-11.63,-11.68,-11.55,-11.55,-11.90,-11.98,-11.49,-11.55,-11.41,-11.90,-11.49,-11.49,-11.63,-11.90,-11.36,-11.63,-11.63,-11.55,-11.41,-11.76,-11.63,-11.55,-11.36,-11.90,-12.04,-11.76,-11.63,-11.41,-12.12,-11.85,-11.76,-11.76,-11.98,-11.85,-11.90,-11.63,-11.90,-11.85,-11.63,-11.68,-11.98,-11.98,-12.20,-12.04,-11.98,-11.90,-12.34,-11.98,-12.26,-11.90,-12.04,-11.98,-11.90,-11.68,-12.04,-11.98,-12.26,-11.85,-11.98,-11.90,-12.04,-11.85,-12.34,-11.85,-12.20,-12.12,-11.98,-12.20,-12.04,-11.98,-12.34,-12.12,-12.26,-12.34,-12.26,-12.34,-12.34,-12.34,-12.39,-11.90,-12.39,-11.85,-12.26,-12.12,-12.39,-12.39,-11.98,-12.39,-12.12,-12.48,-12.26
-12.48,-12.56,-12.70,-12.78,-12.34,-12.48,-12.34,-12.48,-12.39,-12.34,-12.04,-12.70,-12.34,-12.34,-12.34,-12.56,-12.61,-12.12,-12.12,-12.26,-12.12,-12.12,-12.20,-11.85,-12.20,-12.04,-11.68,-11.76,-12.04,-11.98,-11.85,-12.04,-11.98,-11.90,-12.04,-11.85,-11.98,-11.90,-11.85,-11.98,-11.90,-11.85,-12.04,-11.76,-11.90,-11.85,-11.98,-11.76,-11.98,-11.90,-12.20,-11.68,-11.55,-11.76,-11.90,-11.76,-12.12,-11.68,-11.76,-11.68,-11.63,-11.63,-11.49,-11.90,-11.49,-11.85,-11.68,-11.41,-11.63,-11.90,-11.49,-11.68,-11.76,-11.68,-11.63,-11.63,-11.85,-11.41,-11.63,-11.76,-11.55,-11.76,-11.76,-11.55,-11.68,-11.41,-11.41,-11.85,-11.63,-11.49,-11.49,-11.68,-11.63,-11.19,-11.49,-11.19,-11.55,-11.85,-11.55,-11.68,-11.68,-11.55,-11.55,-11.49,-11.55,-11.49,-11.63,-11.76,-11.76,-11.68,-11.68,-11.36,-11.85,-11.55,-11.49,-11.68,-11.55,-11.49,-11.49,-11.55,-11.63,-11.19,-11.49,-11.55,-11.41,-11.49,-11.98,-11.49,-11.41,-11.41,-11.36,-11.41,-11.27,-11.41,-11.55,-11.85,-11.76,-11.68,-11.36,-11.49,-11.55,-11.68,-11.49,-11.27,-11.63,-11.27,-11.41,-11.41,-11.14,-11.27,-11.41,-11.19,-11.19,-11.14,-11.19,-11.41,-11.06,-11.36,-11.36,-11.19,-11.41,-11.27,-11.14,-11.41,-11.06,-11.00,-11.19,-10.92,-10.79,-10.65,-10.71,-10.71,-10.65,-10.38,-10.65,-10.44,-10.52,-10.30,-10.17,-10.04,-10.38,-10.30,-9.96,-10.17,-10.30,-10.22,-10.09,-9.82,-9.82,-9.82,-9.77,-9.69,-9.61,-9.61,-9.16,-9.35,-9.35,-9.61,-9.35,-9.29,-9.56,-9.35,-9.69,-9.61,-9.48,-9.69,-9.77,-10.09,-10.04,-10.17,-10.52,-10.65,-10.44,-10.65,-10.92,-11.00,-10.92,-11.36,-11.14,-11.63,-11.36,-11.55,-10.84,-11.06,-11.49,-11.19,-11.06,-11.19,-11.19,-11.27,-11.55,-11.27,-11.55,-11.27,-11.55,-11.41,-11.49,-11.27,-11.19,-11.19,-11.41,-11.55,-11.41,-11.49,-11.49,-11.27,-11.19,-11.19,-11.63,-11.19,-11.00,-11.63,-11.27,-11.19,-10.92,-11.36,-11.27,-11.63,-11.55,-11.14,-11.49,-11.49,-11.41,-11.76,-11.68,-11.63,-11.55,-11.76,-11.63,-11.63,-11.68,-11.49,-11.55,-11.41,-11.90,-11.68,-11.49,-11.41,-11.27,-11.85,-11.55,-11.41,-11.63,-11.76,-11.55,-11.85,-11.55,-11.49,-11.85,-11.90,-11.55,-11.76,-11.55,-11.63,-11.49,-11.85,-11.49,-11.63,-11.68,-11.55,-11.63,-11.63,-11.41,-11.68,-11.76,-11.68,-11.49,-11.49,-11.90,-11.19,-11.49,-11.55,-11.36,-11.55,-11.63,-11.76,-11.49,-11.49,-11.90,-11.76,-11.68,-12.12,-12.04,-11.49,-11.85,-11.63,-11.76,-11.76,-11.85,-11.68,-11.76,-11.55,-11.49,-11.76,-11.85,-11.68,-12.26,-11.76,-11.98,-12.12,-11.85,-11.85,-11.85,-11.98,-12.04,-12.12,-11.98,-12.34,-11.98,-12.04,-12.12,-12.34,-12.26,-11.98,-12.04,-12.26,-12.39,-12.04,-12.04,-11.85,-12.12,-12.39,-12.04,-12.61,-11.98,-11.85,-12.34,-11.98,-12.04,-12.12,-12.39,-11.98,-12.39,-12.34,-11.98,-12.20,-12.48,-12.39,-12.56,-12.20,-12.56,-12.34
-12.34,-12.61,-12.48,-12.34,-12.26,-12.48,-12.34,-12.12,-12.26,-12.20,-12.48,-12.26,-12.34,-12.61,-12.12,-12.04,-12.48,-12.04,-11.98,-12.39,-11.98,-11.98,-12.39,-11.90,-12.20,-11.85,-12.20,-12.12,-12.20,-12.20,-11.98,-12.34,-12.26,-12.34,-12.04,-11.98,-11.98,-11.76,-12.20,-12.04,-11.98,-11.90,-12.34,-11.68,-11.90,-12.04,-11.98,-11.85,-11.85,-11.98,-12.12,-12.04,-12.12,-11.76,-11.98,-11.90,-11.98,-11.63,-11.76,-12.12,-11.85,-11.76,-11.63,-11.68,-11.98,-11.85,-11.49,-12.26,-11.90,-11.68,-11.90,-11.90,-11.27,-11.90,-11.85,-11.68,-11.49,-11.85,-11.63,-11.63,-11.76,-11.76,-11.49,-11.90,-11.27,-11.49,-11.76,-11.55,-11.76,-11.63,-11.36,-11.68,-11.63,-11.68,-11.27,-11.49,-11.76,-11.41,-11.49,-11.55,-11.76,-11.36,-11.76,-11.85,-11.49,-11.49,-11.76,-11.55,-11.85,-11.63,-11.68,-11.68,-11.63,-11.85,-11.68,-11.63,-11.76,-11.63,-11.85,-11.49,-11.68,-11.68,-11.68,-11.55,-11.55,-11.85,-11.49,-11.55,-11.55,-11.68,-11.41,-11.76,-11.49,-11.85,-11.41,-11.49,-11.41,-11.49,-11.49,-11.49,-11.36,-11.63,-11.55,-11.41,-11.63,-11.49,-11.49,-11.41,-11.41,-11.06,-11.55,-11.14,-11.36,-11.41,-11.36,-11.41,-11.55,-11.63,-11.19,-11.55,-11.36,-11.27,-11.06,-11.63,-11.55,-11.27,-10.92,-10.84,-11.00,-11.00,-10.65,-10.52,-10.52,-10.57,-10.71,-10.44,-10.65,-10.65,-10.71,-10.38,-10.52,-10.30,-10.38,-10.22,-10.30,-10.09,-10.30,-10.09,-10.04,-10.17,-9.82,-9.56,-9.82,-9.69,-9.56,-9.69,-9.21,-9.69,-9.48,-9.82,-9.35,-9.82,-9.90,-9.77,-9.96,-9.77,-9.96,-9.96,-10.22,-10.38,-10.30,-10.65,-10.65,-10.92,-11.06,-11.36,-11.19,-11.27,-11.14,-11.41,-11.41,-11.27,-11.49,-11.19,-11.14,-11.27,-11.68,-11.36,-11.55,-11.27,-11.49,-11.27,-11.19,-11.55,-11.41,-11.27,-11.49,-11.00,-11.49,-11.63,-11.19,-11.27,-11.41,-11.27,-11.41,-11.41,-11.49,-11.36,-11.19,-11.41,-11.41,-11.06,-11.41,-11.14,-11.27,-11.55,-11.49,-11.55,-11.55,-11.63,-11.68,-11.27,-11.76,-11.41,-11.98,-11.85,-11.63,-11.55,-11.36,-11.63,-11.49,-11.68,-11.49,-11.76,-11.41,-11.55,-11.76,-11.55,-11.63,-11.49,-11.49,-11.41,-11.55,-11.55,-11.76,-11.68,-11.98,-11.41,-11.63,-11.68,-12.04,-11.68,-11.49,-11.85,-11.90,-11.63,-11.55,-11.90,-11.98,-11.76,-11.90,-11.68,-11.63,-11.55,-11.63,-11.76,-11.63,-11.85,-11.85,-11.85,-11.55,-11.76,-11.27,-11.63,-11.63,-11.85,-11.68,-11.98,-11.85,-11.90,-11.76,-11.90,-11.63,-11.76,-11.85,-11.68,-11.68,-11.85,-11.63,-12.04,-11.68,-12.04,-11.68,-12.12,-12.12,-12.26,-11.98,-12.34,-12.12,-11.98,-11.98,-11.68,-11.76,-12.12,-12.12,-11.98,-12.26,-12.12,-11.90,-12.34,-11.85,-11.90,-12.04,-12.20,-11.76,-12.12,-11.85,-12.04,-12.04,-11.76,-11.98,-11.90,-11.68,-12.04,-12.04,-12.39,-12.34,-11.98,-12.39,-12.20,-11.90,-12.48,-12.34,-12.39,-12.34,-12.39,-12.39,-12.20,-12.56,-12.26,-12.39,-12.26
-12.20,-12.39,-12.61,-12.26,-12.56,-12.34,-12.20,-12.20,-12.20,-12.34,-12.26,-12.34,-12.26,-12.12,-12.48,-12.56,-12.12,-12.34,-12.61,-12.04,-12.20,-11.98,-12.34,-12.34,-11.98,-12.20,-12.12,-12.12,-11.98,-12.04,-11.85,-12.20,-12.04,-12.04,-11.90,-11.76,-11.90,-11.98,-12.04,-12.12,-11.90,-11.98,-11.98,-12.12,-12.12,-12.12,-11.98,-12.26,-11.68,-11.90,-11.98,-11.85,-11.76,-12.04,-12.04,-12.04,-11.85,-11.63,-11.76,-11.76,-11.76,-11.68,-11.68,-11.63,-11.76,-12.04,-11.90,-11.85,-11.98,-11.55,-11.98,-11.90,-11.63,-11.76,-11.68,-11.76,-11.63,-11.55,-11.68,-11.63,-11.68,-11.55,-11.27,-11.49,-11.85,-11.63,-11.76,-11.85,-11.76,-11.85,-11.49,-11.68,-11.55,-11.63,-11.36,-11.76,-11.85,-11.49,-11.76,-11.68,-11.68,-11.76,-11.55,-11.76,-11.49,-11.49,-11.68,-11.55,-11.76,-11.76,-11.36,-11.55,-11.98,-11.49,-11.76,-11.55,-11.68,-11.49,-11.49,-11.85,-11.55,-11.55,-11.68,-11.76,-11.49,-11.36,-11.85,-11.76,-11.49,-11.63,-11.63,-11.68,-11.55,-11.55,-11.68,-11.68,-11.41,-11.76,-11.49,-11.19,-11.27,-11.36,-11.49,-11.36,-11.27,-11.41,-11.41,-11.27,-11.27,-11.27,-11.36,-11.36,-11.49,-11.27,-11.14,-11.49,-11.41,-11.00,-11.49,-11.49,-11.41,-11.41,-10.92,-11.00,-11.19,-11.14,-10.92,-11.19,-11.00,-10.65,-10.52,-10.79,-10.65,-10.65,-10.65,-10.71,-10.44,-10.65,-10.52,-10.52,-10.09,-10.52,-10.38,-10.44,-10.38,-10.17,-9.96,-10.22,-9.90,-9.82,-9.82,-9.69,-9.77,-9.69,-9.69,-9.61,-9.48,-9.56,-9.42,-9.56,-9.82,-9.96,-9.77,-9.82,-9.77,-9.90,-10.09,-9.82,-10.38,-10.04,-10.38,-10.84,-10.71,-11.06,-11.14,-11.14,-11.14,-11.41,-11.19,-11.27,-11.36,-11.41,-11.36,-11.55,-11.19,-11.19,-11.27,-11.27,-11.27,-11.36,-11.36,-11.49,-11.19,-11.63,-10.92,-11.06,-11.41,-11.49,-11.19,-11.55,-11.27,-11.49,-11.00,-11.14,-11.49,-11.68,-11.27,-11.55,-11.27,-11.41,-11.14,-11.41,-11.27,-11.19,-11.49,-11.27,-11.41,-11.41,-11.63,-11.63,-11.76,-11.14,-11.19,-11.55,-11.63,-11.27,-11.49,-11.55,-11.49,-11.68,-11.90,-11.55,-11.63,-11.76,-11.55,-11.68,-11.63,-11.63,-11.76,-11.63,-11.49,-11.76,-11.36,-11.55,-11.36,-11.85,-11.55,-11.49,-11.76,-11.98,-11.68,-11.68,-11.85,-11.98,-11.68,-11.68,-11.63,-11.98,-11.98,-11.76,-11.76,-11.76,-11.76,-11.49,-11.90,-11.98,-11.85,-11.76,-11.63,-11.63,-11.19,-11.55,-11.63,-11.55,-12.12,-11.76,-11.63,-11.90,-12.12,-11.85,-11.90,-12.20,-11.63,-11.90,-11.85,-11.76,-11.55,-11.68,-12.04,-11.76,-11.85,-11.85,-11.76,-11.55,-11.98,-11.90,-11.85,-11.90,-12.12,-11.85,-12.04,-11.90,-11.85,-12.12,-11.90,-12.12,-12.12,-12.12,-11.90,-12.04,-12.12,-11.76,-12.04,-11.90,-11.90,-12.04,-11.98,-11.63,-12.04,-12.12,-12.12,-12.04,-12.12,-11.98,-12.12,-12.39,-12.26,-12.39,-12.26,-12.04,-12.26,-12.12,-12.04,-12.39,-12.26,-12.48,-12.34,-12.04,-12.61,-12.20,-12.26,-12.39
-12.26,-12.34,-12.39,-12.56,-12.56,-12.26,-12.78,-12.48,-12.34,-12.20,-12.26,-12.34,-12.12,-12.78,-12.26,-12.04,-12.20,-12.12,-12.12,-12.26,-12.39,-12.34,-12.39,-12.39,-11.85,-11.98,-12.12,-11.98,-12.12,-12.04,-12.12,-12.26,-11.98,-12.12,-12.04,-11.76,-12.39,-12.12,-11.85,-12.12,-11.90,-11.90,-11.85,-12.12,-12.04,-11.90,-12.20,-11.76,-12.20,-11.63,-11.98,-12.12,-12.12,-11.68,-12.12,-12.12,-11.76,-12.04,-11.98,-11.90,-11.55,-11.63,-11.55,-11.76,-11.55,-11.76,-11.76,-11.98,-11.85,-11.68,-11.36,-12.04,-11.85,-11.68,-11.90,-11.76,-11.76,-11.63,-11.55,-11.68,-11.49,-11.63,-11.68,-11.68,-11.85,-11.36,-11.90,-11.63,-11.63,-11.63,-11.90,-11.68,-11.41,-11.55,-11.55,-11.76,-11.68,-11.68,-11.68,-11.49,-11.41,-11.68,-11.55,-11.41,-11.55,-11.55,-12.04,-11.63,-11.76,-11.63,-11.68,-11.63,-11.85,-11.36,-11.55,-11.76,-11.85,-11.63,-11.41,-11.63,-11.49,-11.85,-11.63,-11.85,-11.41,-11.41,-11.49,-11.76,-11.27,-11.76,-11.63,-11.36,-11.68,-11.41,-11.76,-11.68,-11.41,-11.36,-11.55,-11.41,-11.49,-11.55,-11.36,-11.49,-11.36,-11.55,-11.41,-11.06,-11.14,-11.27,-11.06,-11.14,-11.27,-11.41,-11.41,-11.41,-11.36,-11.41,-11.27,-11.19,-11.27,-10.92,-11.76,-11.41,-11.55,-11.36,-11.27,-10.79,-10.92,-10.57,-10.79,-10.52,-10.65,-10.52,-10.52,-10.65,-10.38,-10.44,-10.44,-10.22,-10.52,-10.17,-10.44,-10.04,-10.22,-9.96,-9.96,-10.09,-9.90,-9.96,-9.69,-9.90,-9.77,-9.69,-9.69,-9.69,-9.82,-9.29,-9.69,-9.56,-9.69,-9.90,-9.82,-9.69,-9.82,-10.17,-10.04,-10.22,-10.38,-10.57,-10.65,-10.71,-10.79,-10.79,-11.00,-11.06,-11.27,-11.19,-11.36,-11.27,-11.27,-11.49,-11.27,-11.63,-11.19,-11.19,-11.49,-11.27,-11.27,-11.63,-11.06,-11.14,-11.36,-11.27,-11.55,-11.55,-11.27,-11.19,-11.68,-11.49,-11.41,-10.92,-11.27,-11.14,-11.19,-11.27,-11.36,-11.49,-11.19,-11.14,-11.36,-11.49,-11.19,-11.06,-11.63,-11.27,-11.68,-11.55,-11.63,-11.55,-11.63,-11.41,-11.27,-11.68,-11.55,-11.63,-11.63,-11.63,-11.68,-11.68,-11.49,-11.36,-11.63,-11.49,-11.76,-11.68,-11.41,-11.68,-11.68,-11.85,-11.41,-11.55,-11.63,-11.63,-11.63,-11.76,-11.63,-11.76,-11.98,-11.68,-11.76,-11.68,-11.63,-11.68,-11.85,-11.98,-11.76,-11.55,-11.63,-11.76,-11.68,-11.68,-11.63,-11.68,-11.90,-11.98,-11.98,-11.98,-11.55,-12.12,-11.49,-11.76,-11.49,-11.55,-11.90,-11.49,-11.49,-11.76,-11.49,-11.98,-11.98,-11.76,-12.04,-11.76,-11.98,-11.85,-11.85,-11.68,-11.55,-11.85,-11.90,-12.12,-11.68,-12.20,-11.76,-11.98,-11.98,-11.98,-11.85,-12.04,-11.98,-12.04,-11.98,-12.12,-11.98,-11.49,-11.90,-11.85,-12.04,-11.85,-12.12,-11.90,-11.90,-12.20,-12.20,-12.04,-12.12,-11.98,-11.85,-11.98,-12.12,-11.98,-12.20,-11.98,-11.98,-12.26,-11.98,-11.85,-12.04,-12.26,-11.98,-11.98,-12.26,-12.20,-12.04,-11.98,-12.48,-12.26,-12.56,-12.34,-12.20,-12.48
-12.61,-12.34,-11.85,-12.26,-12.12,-12.48,-12.34,-12.20,-12.34,-12.26,-12.20,-12.26,-12.12,-12.39,-12.20,-12.04,-12.04,-11.98,-12.26,-12.04,-12.04,-12.34,-12.12,-12.20,-12.34,-12.20,-12.26,-11.90,-11.90,-11.98,-12.20,-11.76,-12.20,-12.12,-12.26,-12.04,-12.04,-11.90,-12.26,-12.04,-11.41,-12.20,-11.98,-11.90,-11.98,-11.90,-12.20,-12.34,-12.12,-11.90,-11.98,-11.90,-11.90,-12.12,-12.04,-11.85,-12.20,-11.85,-12.26,-11.98,-11.85,-11.85,-11.68,-11.68,-11.98,-11.76,-11.76,-11.90,-11.68,-11.98,-11.68,-11.63,-11.76,-11.36,-11.76,-11.55,-11.85,-11.63,-11.68,-11.90,-11.49,-11.41,-11.68,-11.90,-11.49,-11.41,-11.63,-11.98,-11.85,-11.76,-11.41,-11.68,-11.90,-11.49,-11.49,-11.68,-11.55,-11.49,-11.41,-11.55,-11.76,-11.76,-11.76,-11.41,-11.85,-11.41,-11.55,-11.98,-11.55,-11.85,-11.63,-11.55,-11.90,-11.68,-11.76,-11.55,-11.76,-11.55,-11.55,-11.55,-11.63,-11.90,-11.49,-11.41,-11.49,-11.68,-11.49,-11.49,-11.49,-11.68,-11.63,-11.49,-11.49,-11.36,-11.41,-11.49,-11.63,-11.36,-11.19,-11.63,-11.00,-11.49,-11.27,-11.19,-11.41,-11.41,-11.36,-11.14,-10.84,-11.36,-11.36,-11.14,-11.27,-11.27,-11.19,-11.00,-10.92,-11.27,-11.14,-11.27,-11.63,-11.27,-11.27,-11.36,-11.49,-11.06,-10.92,-10.84,-10.92,-11.00,-10.65,-10.52,-10.79,-10.52,-10.52,-10.71,-10.44,-10.52,-10.52,-10.44,-10.22,-10.57,-10.17,-10.22,-10.09,-10.09,-10.17,-9.90,-10.04,-9.69,-9.77,-9.82,-10.22,-9.77,-9.42,-9.56,-9.69,-9.42,-9.48,-9.77,-9.77,-9.77,-10.04,-9.82,-10.04,-10.09,-10.17,-10.52,-10.57,-10.44,-10.44,-10.65,-11.06,-11.06,-11.06,-11.06,-11.36,-11.14,-11.27,-11.27,-11.19,-11.36,-11.41,-11.06,-11.27,-11.41,-11.36,-11.19,-11.41,-11.41,-11.27,-11.49,-11.41,-11.36,-11.36,-11.27,-11.55,-11.36,-11.27,-11.76,-11.36,-11.27,-11.19,-11.55,-11.27,-11.55,-11.19,-11.27,-11.06,-11.55,-11.27,-11.55,-11.49,-11.14,-11.55,-11.85,-11.55,-11.68,-11.27,-11.41,-11.49,-11.41,-11.68,-11.76,-11.63,-11.49,-11.76,-11.85,-11.68,-11.49,-11.49,-11.76,-11.63,-11.63,-11.63,-11.85,-11.68,-11.68,-11.55,-11.49,-11.63,-11.63,-11.85,-11.27,-11.36,-11.85,-11.76,-11.55,-11.68,-11.85,-11.76,-11.85,-11.68,-11.49,-11.68,-12.04,-11.76,-11.98,-11.49,-11.63,-11.55,-11.76,-11.63,-11.98,-11.63,-11.98,-11.63,-11.55,-11.76,-11.55,-11.55,-11.76,-11.85,-11.63,-11.55,-11.63,-11.90,-11.98,-11.63,-11.63,-12.04,-12.26,-12.04,-11.85,-11.98,-11.68,-12.04,-11.68,-11.68,-11.76,-11.55,-11.90,-11.76,-11.76,-11.85,-12.12,-12.04,-12.04,-11.90,-12.20,-11.85,-11.98,-11.98,-11.85,-12.20,-11.90,-12.04,-12.04,-11.98,-12.34,-12.12,-11.98,-12.39,-11.98,-11.98,-12.04,-12.20,-11.98,-12.34,-11.90,-11.98,-12.04,-12.12,-11.90,-11.85,-12.12,-12.34,-12.12,-12.26,-12.39,-12.04,-12.12,-12.12,-12.04,-12.26,-12.39,-12.56,-12.34,-12.20,-12.70,-12.56,-12.26
-12.39,-12.61,-12.26,-12.61,-12.48,-12.34,-12.04,-12.39,-12.20,-12.12,-12.48,-12.26,-12.61,-12.78,-12.20,-12.39,-12.34,-12.04,-12.34,-11.85,-12.34,-12.12,-12.12,-11.90,-12.26,-11.98,-12.34,-11.98,-12.39,-12.34,-11.90,-11.98,-11.68,-12.12,-11.85,-11.90,-11.98,-11.90,-12.12,-11.98,-12.20,-12.26,-12.12,-12.39,-11.90,-11.98,-11.98,-12.12,-11.90,-11.90,-11.90,-11.98,-12.12,-11.63,-11.63,-12.04,-11.85,-11.68,-11.63,-11.55,-11.85,-11.90,-11.76,-11.63,-11.76,-11.68,-11.90,-11.76,-11.76,-11.55,-11.85,-11.76,-11.76,-11.90,-11.68,-11.27,-11.41,-11.68,-11.76,-11.55,-11.85,-12.04,-11.76,-11.55,-11.76,-11.68,-11.19,-11.85,-11.55,-11.85,-11.85,-11.63,-11.41,-11.90,-11.98,-11.55,-11.55,-11.63,-12.04,-11.85,-11.90,-11.63,-11.90,-11.68,-11.90,-11.98,-11.98,-11.63,-11.55,-11.68,-11.49,-11.85,-11.76,-11.63,-11.68,-11.68,-11.63,-11.41,-11.63,-11.49,-11.68,-11.36,-11.41,-11.27,-11.55,-11.63,-11.55,-11.55,-11.49,-11.36,-11.55,-11.36,-11.55,-11.68,-11.55,-11.41,-11.41,-11.55,-11.63,-11.55,-11.76,-11.06,-11.27,-11.27,-11.19,-11.36,-11.41,-11.19,-11.55,-11.06,-11.27,-11.14,-11.27,-11.36,-11.06,-11.14,-11.55,-11.19,-11.63,-11.36,-11.41,-11.36,-11.27,-11.14,-11.27,-10.71,-11.06,-10.92,-11.06,-10.84,-10.79,-10.79,-10.65,-10.92,-10.52,-10.79,-10.84,-10.52,-10.17,-10.30,-10.44,-10.17,-10.71,-10.22,-10.17,-10.04,-10.22,-9.96,-10.22,-10.04,-9.82,-9.96,-9.61,-9.77,-9.61,-9.35,-9.42,-9.69,-9.90,-9.82,-9.48,-9.96,-9.96,-10.09,-9.77,-10.09,-10.22,-10.04,-10.44,-10.52,-10.57,-10.92,-10.79,-11.00,-11.00,-11.00,-11.36,-11.27,-11.36,-11.00,-11.27,-11.00,-11.41,-11.41,-11.00,-10.79,-11.36,-11.49,-11.27,-11.27,-11.41,-11.36,-11.63,-11.55,-11.27,-11.41,-11.19,-11.27,-11.49,-11.36,-11.55,-11.27,-11.14,-11.36,-11.19,-11.41,-11.19,-11.68,-11.36,-11.14,-11.49,-11.19,-11.19,-11.41,-11.68,-11.49,-10.92,-11.19,-11.36,-11.14,-11.68,-11.41,-11.55,-11.55,-11.63,-11.68,-11.63,-11.76,-11.49,-11.41,-11.41,-11.68,-11.27,-11.55,-11.68,-11.36,-11.63,-11.76,-11.63,-11.27,-11.68,-11.36,-11.63,-11.49,-11.68,-11.63,-11.55,-11.68,-11.49,-11.76,-11.85,-11.76,-11.68,-11.41,-11.63,-11.68,-11.68,-11.85,-11.63,-11.98,-11.68,-11.76,-11.55,-12.04,-11.85,-11.98,-11.85,-11.68,-11.90,-11.63,-11.55,-11.68,-11.85,-11.41,-11.63,-11.98,-11.63,-11.90,-11.76,-11.55,-11.90,-11.55,-11.85,-11.76,-11.68,-11.85,-12.12,-11.85,-11.85,-11.85,-12.12,-12.04,-12.12,-11.63,-11.90,-12.04,-11.68,-12.04,-12.26,-11.90,-11.90,-11.90,-12.20,-12.04,-11.55,-12.20,-11.90,-11.90,-12.12,-11.90,-12.39,-11.85,-11.98,-11.98,-11.98,-11.98,-12.12,-12.12,-12.12,-11.90,-12.26,-12.20,-12.26,-11.98,-12.20,-12.61,-12.04,-12.12,-12.12,-12.20,-12.26,-12.20,-12.12,-11.90,-12.04,-11.98,-12.39,-12.34,-12.26,-12.20,-12.48,-12.56
-12.26,-12.20,-12.26,-12.39,-12.56,-12.34,-12.34,-12.39,-12.78,-12.04,-12.56,-12.20,-12.48,-12.34,-12.20,-12.12,-12.04,-12.04,-12.20,-12.12,-12.04,-12.12,-12.39,-11.98,-11.85,-11.76,-11.98,-11.85,-12.04,-11.76,-12.04,-11.90,-11.68,-12.26,-11.90,-12.04,-11.85,-11.98,-11.68,-11.76,-11.98,-11.85,-12.26,-12.04,-12.04,-12.04,-12.12,-12.20,-12.12,-11.90,-12.04,-11.90,-11.90,-12.04,-11.98,-11.76,-11.90,-11.85,-11.76,-11.63,-11.90,-12.04,-11.41,-11.98,-11.98,-11.68,-11.49,-11.68,-11.85,-11.63,-11.41,-11.63,-11.63,-11.68,-11.76,-11.68,-11.85,-11.68,-11.63,-11.76,-11.90,-11.55,-11.90,-12.04,-11.63,-11.90,-11.90,-11.76,-11.76,-11.63,-11.55,-11.49,-11.55,-11.76,-11.49,-11.85,-11.85,-11.85,-11.55,-11.68,-11.85,-11.27,-11.55,-11.85,-11.49,-11.55,-11.55,-11.63,-11.90,-11.68,-11.76,-11.63,-11.63,-11.68,-11.63,-11.49,-11.55,-11.36,-11.55,-11.41,-11.63,-11.55,-11.55,-11.49,-11.63,-11.63,-11.63,-11.55,-11.19,-11.55,-11.49,-11.55,-11.55,-11.49,-11.63,-11.63,-11.55,-11.63,-11.63,-11.49,-11.27,-11.41,-11.27,-11.00,-11.41,-11.19,-11.19,-11.19,-11.49,-11.00,-11.27,-11.14,-11.49,-11.36,-11.19,-11.27,-11.14,-11.55,-11.27,-11.36,-11.41,-11.49,-11.49,-11.14,-11.27,-11.14,-10.84,-11.06,-11.06,-10.57,-11.06,-10.84,-10.52,-10.79,-10.57,-10.38,-10.57,-10.71,-10.38,-10.17,-10.65,-10.52,-10.22,-10.09,-10.04,-10.04,-10.22,-10.04,-10.17,-9.90,-9.90,-9.56,-9.90,-9.77,-10.04,-9.42,-9.35,-9.61,-9.77,-9.90,-9.96,-9.90,-10.22,-10.04,-10.09,-9.69,-9.82,-10.30,-10.52,-10.38,-10.52,-10.38,-10.79,-10.65,-10.79,-11.06,-11.14,-11.19,-11.36,-11.41,-11.41,-11.36,-11.63,-11.27,-11.85,-11.19,-11.36,-11.55,-11.49,-11.36,-11.90,-11.19,-11.27,-11.63,-11.19,-11.63,-11.27,-11.19,-11.68,-11.27,-11.14,-11.06,-11.55,-11.41,-11.19,-11.27,-11.27,-11.36,-11.14,-11.27,-11.27,-11.27,-11.49,-11.14,-11.27,-11.19,-11.49,-11.41,-11.27,-11.19,-11.55,-11.55,-11.55,-11.55,-11.55,-11.85,-11.41,-11.55,-11.49,-11.55,-11.49,-11.55,-11.85,-11.63,-11.49,-11.55,-11.68,-11.68,-11.55,-11.63,-11.55,-11.68,-11.68,-11.90,-11.76,-11.90,-11.76,-11.36,-11.68,-11.49,-11.76,-11.55,-11.49,-11.68,-11.76,-12.04,-12.04,-11.49,-11.55,-11.68,-11.55,-12.04,-11.55,-11.63,-11.63,-12.20,-11.85,-11.55,-11.63,-11.90,-11.63,-11.55,-11.98,-11.76,-11.90,-11.76,-11.85,-11.55,-11.68,-12.12,-11.76,-11.63,-12.04,-11.85,-11.68,-12.04,-11.49,-11.68,-11.68,-11.68,-11.63,-11.98,-11.76,-12.04,-12.12,-11.63,-11.90,-11.49,-11.90,-11.63,-11.85,-11.49,-12.12,-12.04,-12.04,-11.90,-11.76,-12.20,-11.90,-11.76,-12.39,-12.04,-12.12,-11.98,-11.98,-12.20,-11.55,-12.12,-12.20,-11.85,-11.90,-12.26,-12.04,-12.20,-11.90,-12.04,-12.34,-12.26,-12.26,-12.26,-12.20,-12.26,-11.90,-12.20,-12.26,-12.20,-12.39,-12.20,-12.39,-12.20,-12.26,-12.34
-12.70,-12.34,-12.34,-12.12,-12.56,-12.26,-12.20,-12.78,-12.26,-12.04,-12.12,-12.04,-12.04,-12.20,-12.20,-12.34,-12.34,-12.12,-11.98,-11.85,-12.04,-12.39,-12.12,-11.98,-11.98,-12.39,-12.20,-12.12,-11.85,-12.39,-12.04,-12.26,-12.12,-12.04,-11.90,-12.20,-12.20,-11.98,-12.04,-11.90,-11.98,-12.12,-11.76,-11.85,-12.04,-11.90,-11.98,-11.85,-11.90,-12.04,-11.76,-12.04,-11.85,-11.76,-11.55,-11.98,-11.76,-12.04,-11.90,-11.90,-11.55,-11.63,-11.63,-11.90,-11.63,-11.85,-11.98,-11.76,-11.85,-11.68,-11.98,-11.68,-11.85,-11.41,-11.68,-11.36,-11.41,-11.85,-11.68,-11.55,-11.55,-12.12,-11.98,-11.63,-11.41,-11.49,-11.68,-11.85,-11.76,-11.85,-11.98,-11.63,-11.76,-11.90,-11.85,-11.49,-11.90,-11.63,-12.04,-11.90,-11.98,-11.68,-11.85,-11.85,-11.49,-11.85,-11.76,-11.98,-11.55,-11.85,-11.55,-11.63,-11.63,-11.55,-11.63,-12.04,-11.68,-11.76,-11.68,-11.68,-11.85,-11.85,-11.76,-11.41,-11.63,-11.63,-11.27,-11.49,-11.63,-11.76,-11.49,-11.55,-11.49,-11.90,-11.85,-11.76,-11.49,-11.36,-11.27,-11.36,-11.49,-11.27,-11.19,-11.14,-11.49,-11.19,-11.63,-11.36,-11.36,-11.41,-11.06,-11.55,-11.19,-11.41,-11.63,-11.55,-11.49,-11.14,-11.41,-11.41,-11.55,-11.68,-11.76,-11.27,-11.41,-11.06,-11.06,-10.79,-10.84,-10.57,-10.71,-10.57,-10.52,-10.44,-10.57,-10.65,-10.57,-10.44,-10.17,-10.52,-10.38,-10.52,-10.17,-10.22,-10.22,-9.96,-10.09,-10.09,-10.09,-10.09,-9.96,-9.96,-9.90,-9.61,-9.77,-9.61,-9.56,-9.82,-9.69,-9.77,-10.04,-9.96,-9.90,-10.04,-9.90,-10.44,-10.38,-10.38,-10.44,-10.57,-10.79,-10.71,-10.79,-11.00,-10.71,-10.79,-11.27,-11.19,-11.27,-11.19,-11.63,-11.19,-10.84,-11.55,-11.68,-11.27,-11.19,-11.19,-11.63,-11.06,-11.19,-11.63,-11.27,-11.27,-11.49,-11.41,-10.71,-11.55,-11.63,-11.55,-11.27,-11.49,-11.76,-11.41,-11.41,-11.36,-11.14,-11.49,-11.27,-11.41,-11.36,-11.27,-11.63,-11.55,-11.36,-11.49,-11.27,-11.14,-11.14,-11.55,-11.49,-11.49,-11.27,-11.27,-11.49,-11.55,-11.49,-11.19,-11.41,-11.49,-11.55,-11.49,-11.85,-11.55,-11.90,-11.63,-11.90,-11.90,-11.27,-11.76,-11.49,-11.55,-11.90,-11.68,-11.76,-11.63,-11.63,-11.63,-11.63,-11.85,-11.41,-11.63,-11.41,-11.55,-11.68,-11.76,-11.55,-11.76,-11.85,-11.76,-11.85,-11.68,-12.04,-11.98,-11.90,-11.63,-11.55,-11.68,-11.63,-11.63,-11.63,-11.76,-11.76,-11.55,-11.68,-11.55,-11.68,-11.76,-12.20,-11.90,-11.90,-11.63,-11.85,-11.76,-11.68,-11.98,-11.90,-11.76,-11.49,-12.04,-11.76,-11.49,-11.85,-11.90,-11.85,-11.98,-11.85,-11.90,-12.20,-12.12,-11.90,-12.12,-12.04,-11.68,-11.98,-12.12,-12.12,-12.12,-12.04,-11.90,-11.98,-11.98,-12.12,-11.85,-12.48,-12.04,-12.56,-12.20,-12.26,-12.12,-12.48,-12.20,-12.04,-11.98,-12.39,-12.12,-11.90,-12.26,-12.34,-12.20,-12.48,-12.12,-12.56,-12.26,-12.34,-12.39,-12.48,-12.56,-12.48,-12.39,-12.61,-12.34
-12.56,-12.61,-12.20,-12.39,-12.70,-12.39,-12.48,-12.70,-12.48,-12.92,-12.26,-11.76,-12.70,-12.04,-12.26,-12.34,-12.34,-11.90,-12.26,-11.98,-12.34,-12.34,-12.20,-12.04,-12.34,-12.04,-12.20,-12.39,-12.12,-12.34,-12.12,-12.20,-11.76,-12.34,-12.26,-11.85,-11.90,-11.98,-11.49,-11.85,-12.04,-11.98,-12.04,-11.90,-11.85,-11.90,-11.85,-11.90,-11.68,-11.90,-12.04,-11.68,-11.90,-12.20,-11.90,-11.63,-11.90,-12.20,-11.76,-12.04,-11.55,-12.12,-11.85,-11.68,-11.68,-11.90,-11.63,-11.76,-11.76,-11.90,-11.76,-11.90,-11.90,-11.90,-11.85,-11.90,-11.63,-11.90,-11.76,-11.85,-11.76,-11.98,-11.68,-11.90,-11.98,-11.63,-11.85,-11.76,-11.36,-11.85,-11.90,-11.98,-12.12,-11.49,-11.68,-11.98,-11.90,-11.76,-11.85,-11.85,-11.85,-11.55,-11.68,-11.68,-11.68,-11.68,-11.76,-11.68,-11.85,-11.49,-11.41,-11.49,-11.90,-11.55,-11.49,-11.63,-11.55,-11.41,-11.68,-11.55,-11.27,-11.55,-11.76,-11.41,-11.41,-11.76,-11.68,-11.49,-11.63,-11.63,-11.55,-11.49,-11.68,-11.68,-11.36,-11.68,-11.27,-11.63,-11.49,-11.27,-11.36,-11.76,-11.06,-11.41,-11.00,-11.27,-11.27,-10.92,-11.41,-11.41,-11.14,-11.19,-11.41,-11.27,-11.27,-11.27,-11.63,-11.36,-11.19,-11.19,-11.49,-11.36,-11.27,-11.19,-11.14,-11.06,-11.00,-11.00,-10.79,-10.84,-10.71,-10.65,-10.65,-10.30,-10.79,-10.65,-10.57,-10.57,-10.65,-10.44,-10.38,-10.22,-10.04,-10.22,-9.96,-10.22,-10.04,-10.04,-10.04,-10.04,-9.82,-9.77,-10.04,-9.77,-9.35,-9.77,-9.77,-9.96,-10.17,-10.04,-9.90,-9.96,-10.22,-10.09,-10.17,-10.22,-10.44,-10.04,-10.44,-10.38,-10.79,-11.14,-10.92,-10.65,-11.19,-10.92,-11.36,-11.36,-11.14,-11.27,-11.19,-11.49,-11.19,-11.19,-11.14,-11.55,-11.14,-11.14,-11.19,-11.49,-11.36,-11.27,-11.36,-11.27,-11.68,-11.14,-11.36,-11.14,-11.68,-11.36,-11.49,-11.55,-11.14,-11.27,-11.27,-11.41,-11.27,-11.36,-11.00,-11.55,-11.76,-11.55,-11.06,-11.41,-11.36,-11.36,-11.41,-11.55,-11.14,-11.19,-11.41,-11.27,-11.36,-11.41,-11.63,-11.41,-11.41,-11.55,-11.63,-11.76,-11.14,-11.49,-11.49,-11.41,-11.76,-11.76,-11.41,-11.90,-11.68,-11.63,-11.49,-11.49,-11.76,-11.55,-11.85,-11.49,-11.68,-11.68,-11.68,-11.36,-12.04,-11.68,-11.49,-11.63,-11.85,-11.68,-11.68,-11.76,-11.98,-11.76,-11.63,-11.98,-11.85,-11.63,-11.63,-11.68,-11.76,-11.63,-11.98,-11.63,-11.90,-11.27,-11.76,-11.90,-11.85,-11.55,-11.90,-11.63,-11.98,-11.68,-11.55,-11.98,-11.85,-11.63,-12.12,-12.39,-12.04,-11.85,-11.90,-11.90,-11.85,-11.68,-11.90,-12.12,-12.12,-12.12,-11.90,-11.90,-11.85,-11.76,-11.85,-12.12,-12.12,-11.90,-12.04,-11.90,-12.12,-11.85,-11.98,-12.34,-11.98,-11.98,-12.04,-11.68,-12.04,-12.04,-11.76,-12.39,-12.12,-12.20,-11.90,-12.12,-12.39,-11.98,-12.04,-12.20,-12.04,-11.85,-12.34,-12.34,-12.39,-12.20,-12.12,-12.48,-11.98,-12.39,-12.34,-12.26,-12.26,-12.39,-12.12,-12.48
-12.48,-12.56,-12.39,-12.56,-12.26,-12.12,-12.34,-12.26,-12.20,-11.90,-12.39,-12.20,-12.20,-12.12,-12.48,-12.26,-11.98,-12.39,-12.26,-12.39,-12.26,-12.34,-12.34,-12.48,-12.26,-11.98,-12.26,-12.26,-12.20,-12.61,-11.98,-12.12,-11.85,-12.39,-11.90,-11.98,-12.04,-11.90,-11.98,-12.04,-12.04,-12.04,-12.20,-12.04,-11.98,-11.98,-12.12,-11.90,-11.90,-11.90,-12.04,-12.04,-11.85,-12.04,-11.55,-11.85,-11.76,-11.85,-11.85,-11.63,-11.68,-11.76,-11.68,-11.85,-12.12,-11.85,-11.68,-11.76,-11.68,-11.41,-11.55,-11.27,-11.76,-11.63,-11.63,-11.68,-11.63,-11.36,-11.76,-11.55,-11.49,-11.76,-12.04,-12.04,-11.90,-11.68,-11.49,-11.98,-11.63,-11.85,-11.55,-11.76,-11.76,-11.85,-11.55,-11.68,-11.68,-11.68,-11.85,-12.04,-11.76,-11.76,-11.68,-11.90,-11.85,-11.68,-11.55,-11.63,-12.04,-11.76,-11.55,-11.63,-11.76,-11.68,-11.68,-11.55,-11.85,-11.63,-11.68,-11.63,-11.55,-11.63,-11.55,-11.19,-11.63,-11.63,-11.98,-11.49,-11.41,-11.63,-11.63,-11.55,-11.68,-11.49,-11.68,-11.49,-11.68,-11.49,-11.55,-11.36,-11.41,-11.36,-11.00,-11.14,-10.92,-11.36,-11.27,-11.14,-11.27,-11.27,-11.36,-11.36,-11.00,-11.19,-11.00,-11.49,-11.49,-11.63,-11.49,-11.36,-11.19,-11.55,-11.49,-11.19,-11.19,-10.92,-11.06,-10.79,-11.00,-10.79,-10.71,-10.71,-11.06,-10.65,-10.44,-10.17,-10.57,-10.52,-10.79,-10.71,-10.44,-10.09,-10.22,-10.38,-10.38,-10.09,-10.04,-10.30,-10.22,-10.17,-10.04,-9.90,-10.04,-9.77,-9.69,-9.96,-9.96,-9.77,-10.04,-9.82,-10.04,-9.96,-10.09,-10.22,-10.04,-10.30,-10.22,-10.22,-10.44,-10.52,-10.52,-10.92,-10.65,-10.71,-11.06,-10.79,-11.06,-11.41,-11.14,-11.19,-11.14,-11.14,-11.63,-11.06,-11.06,-11.41,-11.27,-11.19,-11.06,-11.49,-11.27,-11.55,-11.63,-11.06,-11.19,-11.27,-11.06,-11.55,-11.68,-11.76,-11.19,-11.49,-11.27,-11.63,-11.06,-11.36,-11.19,-11.06,-11.36,-11.49,-11.19,-11.27,-11.19,-11.00,-11.27,-11.49,-11.06,-11.36,-11.27,-11.68,-11.49,-11.19,-11.49,-11.41,-11.27,-11.55,-11.76,-11.14,-11.55,-11.63,-12.12,-11.41,-11.49,-11.68,-11.49,-11.63,-12.12,-11.90,-11.63,-11.63,-11.85,-11.55,-11.76,-11.68,-11.90,-11.55,-11.90,-11.63,-11.55,-11.55,-11.85,-11.85,-11.85,-11.49,-11.98,-11.76,-11.98,-11.85,-11.55,-11.68,-11.63,-11.85,-11.55,-11.63,-11.90,-11.55,-11.63,-11.63,-11.76,-11.63,-11.90,-11.76,-11.68,-11.55,-11.68,-11.98,-11.85,-11.98,-11.76,-11.98,-11.76,-11.76,-11.55,-11.90,-11.68,-11.49,-11.55,-11.85,-11.76,-11.98,-11.90,-11.41,-11.68,-11.90,-11.76,-11.76,-11.98,-11.76,-11.76,-11.85,-11.76,-12.04,-11.90,-11.85,-11.98,-12.20,-12.04,-11.85,-11.76,-11.85,-12.04,-11.90,-12.12,-11.85,-11.98,-12.12,-11.68,-12.20,-12.04,-11.76,-12.04,-11.63,-12.48,-12.20,-12.34,-12.20,-12.12,-12.04,-11.90,-11.98,-11.90,-12.12,-11.90,-12.34,-12.26,-12.48,-12.26,-12.26,-12.56,-12.39,-12.34,-12.48
-12.34,-12.56,-12.12,-12.39,-12.48,-12.70,-12.20,-12.61,-12.34,-12.61,-12.34,-12.48,-12.70,-11.98,-12.20,-12.34,-11.98,-12.04,-12.26,-12.12,-12.20,-11.90,-12.12,-12.20,-11.85,-12.34,-12.20,-12.48,-11.98,-11.85,-11.98,-12.34,-12.20,-11.90,-12.26,-11.90,-12.04,-12.39,-11.98,-12.12,-11.98,-11.98,-12.12,-11.98,-11.98,-11.98,-12.20,-12.04,-11.85,-11.98,-11.98,-11.76,-11.68,-11.76,-11.63,-11.85,-12.12,-12.04,-12.12,-12.04,-11.90,-11.76,-12.12,-11.76,-11.49,-11.90,-11.76,-11.68,-11.63,-11.49,-11.90,-11.68,-11.68,-11.55,-11.63,-11.55,-11.63,-11.98,-11.63,-11.76,-12.04,-11.98,-11.98,-12.04,-11.85,-12.20,-11.68,-11.85,-12.04,-11.68,-11.76,-11.98,-11.98,-11.76,-11.98,-11.68,-11.90,-11.90,-11.76,-11.68,-12.04,-11.63,-11.90,-11.90,-12.04,-11.76,-11.76,-11.49,-11.68,-11.76,-11.41,-11.76,-11.76,-11.49,-11.63,-11.55,-11.63,-11.41,-11.85,-11.68,-11.41,-11.49,-11.68,-11.55,-11.49,-11.68,-11.63,-11.55,-11.41,-11.41,-11.55,-11.55,-11.68,-11.68,-11.63,-11.41,-11.14,-11.55,-11.36,-11.06,-11.00,-11.36,-11.19,-11.19,-11.27,-11.49,-11.14,-11.41,-11.36,-11.27,-11.41,-11.41,-11.41,-11.36,-11.27,-11.49,-11.06,-11.41,-11.76,-11.36,-11.00,-11.36,-11.49,-11.36,-11.06,-11.27,-11.14,-11.06,-11.14,-11.00,-10.65,-10.92,-10.92,-10.65,-10.57,-10.71,-10.44,-10.65,-10.84,-10.38,-10.44,-10.44,-10.38,-10.30,-10.44,-10.57,-10.04,-10.09,-10.22,-10.17,-9.96,-9.96,-9.77,-9.82,-9.96,-9.82,-9.77,-9.82,-9.90,-10.17,-9.82,-10.22,-10.09,-9.96,-10.22,-10.38,-10.30,-10.52,-10.22,-10.22,-10.57,-11.14,-10.92,-11.14,-10.92,-11.14,-11.14,-11.55,-11.36,-11.14,-11.41,-11.36,-11.06,-11.14,-11.36,-11.19,-11.14,-11.41,-11.55,-11.63,-11.41,-11.36,-11.41,-10.92,-11.19,-11.06,-11.27,-11.27,-11.55,-11.14,-11.68,-11.19,-11.68,-11.49,-11.49,-11.55,-11.63,-11.27,-11.36,-11.19,-11.36,-11.36,-11.27,-11.63,-11.14,-11.27,-11.19,-11.19,-11.55,-11.19,-11.14,-11.19,-11.63,-11.36,-11.27,-11.68,-11.55,-11.49,-11.68,-11.49,-11.55,-11.49,-11.76,-11.85,-11.63,-11.63,-11.68,-11.90,-11.98,-11.63,-11.85,-11.55,-11.68,-11.63,-11.76,-11.68,-11.98,-12.04,-11.76,-12.20,-11.68,-11.76,-11.55,-11.63,-11.76,-11.68,-11.63,-11.68,-11.63,-11.63,-11.85,-11.85,-11.76,-11.55,-11.68,-11.76,-11.63,-11.85,-11.55,-11.55,-11.85,-11.68,-11.98,-12.04,-11.76,-11.55,-11.98,-11.68,-11.85,-12.20,-11.85,-11.76,-11.98,-12.12,-11.90,-11.85,-11.68,-11.90,-11.68,-11.85,-11.85,-11.98,-11.98,-11.90,-11.90,-11.98,-11.85,-11.76,-11.98,-11.63,-12.26,-11.76,-12.26,-11.90,-12.34,-12.20,-12.20,-11.98,-12.20,-12.04,-12.12,-11.98,-11.98,-11.98,-12.04,-11.90,-11.85,-11.63,-12.12,-12.20,-12.26,-12.12,-11.85,-12.20,-11.98,-12.48,-12.20,-11.98,-12.39,-12.39,-12.04,-12.48,-12.34,-12.12,-12.34,-12.12,-12.56,-12.04,-12.48,-12.26,-12.26,-12.26
-12.61,-12.61,-12.39,-12.20,-12.39,-12.34,-12.39,-12.34,-12.12,-12.12,-12.20,-12.20,-12.12,-12.04,-12.34,-12.26,-11.98,-12.34,-12.48,-12.26,-12.26,-12.34,-11.98,-12.26,-11.98,-12.26,-12.34,-11.98,-12.39,-12.04,-12.04,-12.04,-11.90,-12.04,-12.12,-12.39,-12.20,-12.12,-11.90,-12.04,-12.12,-12.61,-11.68,-12.04,-11.85,-11.76,-12.20,-12.20,-12.04,-11.85,-11.63,-12.04,-11.85,-11.76,-11.85,-12.04,-12.12,-12.12,-11.98,-11.76,-11.68,-11.85,-11.68,-11.85,-11.76,-11.76,-11.90,-11.98,-11.55,-11.68,-11.76,-11.90,-11.55,-11.55,-11.85,-11.63,-11.85,-12.04,-11.76,-11.68,-11.76,-12.04,-11.90,-11.68,-12.04,-11.55,-12.26,-12.12,-11.85,-11.76,-11.68,-11.49,-11.55,-12.04,-11.49,-11.55,-11.85,-11.85,-11.85,-11.76,-11.63,-11.41,-11.90,-11.90,-11.76,-11.90,-11.68,-11.90,-11.90,-11.76,-11.55,-11.68,-11.49,-11.68,-11.55,-11.68,-11.63,-11.85,-11.76,-11.85,-11.49,-11.76,-11.49,-11.63,-11.98,-11.55,-11.41,-11.49,-11.19,-11.55,-11.63,-11.76,-11.55,-11.63,-11.55,-11.63,-11.36,-11.49,-11.41,-11.36,-11.14,-11.27,-11.27,-11.27,-10.84,-11.36,-11.36,-11.00,-11.55,-11.36,-11.49,-11.27,-11.06,-11.55,-11.41,-11.55,-11.55,-11.49,-11.55,-11.41,-11.41,-11.27,-11.36,-11.06,-10.79,-10.84,-10.92,-10.84,-10.84,-10.79,-10.71,-11.14,-10.65,-10.65,-11.14,-10.79,-10.52,-10.71,-10.38,-10.57,-10.52,-10.30,-10.84,-10.71,-10.44,-10.30,-10.17,-10.22,-10.22,-10.09,-9.90,-9.96,-9.96,-10.17,-10.04,-10.09,-10.04,-9.56,-9.90,-9.96,-10.09,-10.44,-10.04,-10.22,-10.30,-10.22,-10.52,-10.52,-10.22,-10.57,-10.79,-10.71,-10.84,-10.92,-11.14,-11.06,-11.36,-11.36,-11.19,-11.36,-11.41,-11.49,-11.19,-11.00,-11.41,-11.19,-11.55,-11.36,-11.14,-11.19,-11.49,-11.63,-11.36,-11.36,-11.55,-11.27,-11.49,-11.68,-11.36,-11.85,-11.85,-11.36,-11.41,-11.63,-11.49,-11.19,-11.49,-11.63,-11.36,-11.19,-11.41,-11.55,-11.14,-11.41,-11.27,-11.14,-11.68,-11.06,-11.27,-11.27,-11.41,-11.63,-11.36,-11.06,-11.63,-11.68,-11.76,-11.49,-11.36,-11.76,-11.55,-11.63,-11.68,-11.68,-11.55,-11.55,-11.36,-11.55,-11.63,-11.63,-11.85,-11.36,-11.63,-11.63,-11.76,-11.49,-11.55,-11.76,-11.90,-11.27,-11.90,-11.68,-12.26,-11.55,-11.90,-11.68,-11.90,-11.68,-11.76,-11.55,-11.90,-11.63,-11.63,-11.76,-11.63,-11.68,-12.04,-11.68,-12.26,-11.68,-11.49,-11.85,-11.63,-11.68,-11.63,-11.55,-11.85,-11.85,-12.20,-11.68,-11.85,-11.76,-11.49,-12.20,-11.98,-11.90,-11.98,-11.90,-11.98,-11.68,-11.90,-11.98,-11.76,-12.04,-11.68,-11.68,-11.85,-11.85,-12.20,-12.04,-12.26,-11.98,-12.12,-11.98,-11.98,-12.12,-11.85,-12.12,-11.85,-12.12,-12.39,-11.98,-12.12,-11.98,-12.12,-12.12,-12.04,-12.12,-12.04,-12.12,-12.26,-12.04,-12.39,-12.04,-12.48,-12.34,-12.39,-11.90,-12.26,-12.39,-12.20,-12.39,-12.26,-12.20,-12.48,-12.12,-12.34,-12.20,-12.34,-12.39,-12.56,-12.39
-12.61,-12.56,-12.61,-12.39,-12.39,-12.48,-12.26,-12.34,-12.48,-12.26,-12.34,-12.04,-12.39,-12.39,-12.20,-12.12,-11.98,-12.26,-12.39,-12.20,-12.26,-12.34,-12.12,-11.76,-11.98,-12.26,-12.26,-11.76,-11.76,-11.98,-11.98,-11.90,-12.26,-12.20,-11.98,-12.04,-12.04,-12.34,-12.20,-11.90,-11.98,-12.04,-11.76,-12.20,-12.34,-11.76,-11.98,-11.85,-12.12,-11.90,-12.04,-11.76,-11.85,-11.85,-11.90,-12.20,-11.98,-11.68,-11.90,-11.85,-11.85,-12.04,-11.63,-11.85,-11.76,-11.90,-11.85,-11.90,-12.04,-11.68,-11.68,-11.90,-11.55,-11.63,-11.68,-11.85,-11.90,-11.90,-12.12,-11.85,-11.76,-11.90,-12.04,-11.85,-12.12,-11.90,-12.12,-11.98,-11.90,-11.63,-11.68,-11.90,-11.68,-11.55,-11.63,-11.68,-11.63,-11.76,-11.63,-11.90,-11.90,-11.85,-11.85,-12.04,-11.90,-11.85,-11.85,-11.63,-11.36,-11.63,-11.76,-11.49,-11.63,-11.49,-11.55,-11.90,-11.49,-11.63,-11.68,-11.41,-11.63,-11.49,-11.68,-11.68,-11.55,-11.68,-11.41,-11.55,-11.49,-11.63,-11.63,-11.19,-11.49,-11.19,-11.63,-11.55,-11.55,-11.41,-11.63,-11.36,-11.00,-11.49,-11.19,-11.19,-11.41,-11.14,-11.49,-11.36,-10.92,-11.36,-11.00,-11.41,-11.55,-11.41,-11.36,-11.55,-11.68,-11.55,-11.49,-11.41,-11.41,-11.68,-11.27,-11.36,-11.06,-11.41,-11.00,-11.27,-11.19,-10.52,-10.84,-10.79,-10.71,-10.57,-10.65,-10.44,-10.30,-10.57,-10.52,-10.52,-10.84,-10.22,-10.57,-10.57,-10.44,-10.30,-10.30,-10.44,-10.52,-10.30,-10.30,-9.96,-9.90,-10.09,-10.04,-10.04,-9.69,-10.04,-9.90,-9.56,-10.09,-10.17,-10.04,-10.57,-10.30,-10.17,-10.38,-10.44,-10.52,-10.52,-10.71,-10.52,-11.06,-11.19,-11.06,-11.27,-11.14,-11.19,-11.49,-11.49,-11.49,-11.36,-11.36,-11.14,-11.19,-11.06,-11.49,-11.55,-11.49,-11.19,-11.41,-11.36,-11.49,-11.55,-11.19,-11.27,-11.14,-11.41,-11.36,-11.68,-11.63,-11.27,-11.49,-11.85,-11.27,-11.36,-11.55,-11.27,-11.41,-11.49,-11.36,-11.36,-11.14,-11.36,-11.49,-11.63,-11.63,-11.41,-11.27,-11.27,-11.55,-11.27,-11.41,-11.41,-11.14,-11.63,-11.49,-11.76,-11.55,-11.63,-11.63,-11.55,-11.76,-11.55,-11.68,-11.63,-11.76,-11.68,-11.41,-11.63,-11.49,-11.90,-11.63,-11.36,-12.04,-11.68,-11.63,-11.14,-11.76,-11.49,-11.76,-11.49,-11.85,-11.55,-11.85,-11.55,-11.76,-11.63,-11.55,-11.85,-11.49,-11.76,-11.55,-11.36,-11.68,-11.49,-11.63,-11.63,-11.68,-12.04,-11.63,-11.49,-12.04,-12.04,-11.63,-11.98,-11.55,-11.49,-12.04,-11.98,-12.12,-11.90,-12.04,-12.04,-11.98,-11.85,-11.98,-11.63,-12.04,-11.98,-11.76,-11.98,-12.20,-11.98,-11.85,-11.76,-11.90,-11.85,-11.68,-11.90,-11.85,-11.98,-11.98,-12.04,-11.90,-12.12,-12.12,-11.98,-11.98,-12.04,-11.90,-11.85,-12.26,-11.85,-12.04,-11.85,-11.98,-12.04,-12.04,-12.04,-12.04,-12.39,-12.12,-12.20,-11.90,-12.12,-12.20,-12.39,-12.12,-12.34,-12.39,-12.20,-11.90,-11.85,-12.12,-12.12,-12.12,-12.26,-12.20,-12.78,-12.56,-12.39
-12.39,-12.20,-12.56,-12.12,-12.48,-12.39,-12.48,-12.34,-11.90,-12.34,-12.39,-12.04,-12.04,-12.56,-12.34,-12.20,-12.39,-12.04,-12.39,-12.26,-12.12,-12.26,-12.34,-12.04,-12.12,-12.20,-12.12,-11.98,-12.39,-12.26,-12.12,-12.20,-11.85,-12.12,-11.90,-11.85,-12.12,-11.98,-11.85,-11.76,-12.04,-11.90,-11.98,-11.68,-12.34,-11.55,-12.12,-11.98,-11.76,-11.85,-11.85,-12.20,-11.98,-11.90,-11.68,-11.98,-11.76,-11.68,-12.04,-11.63,-11.76,-11.76,-11.85,-11.63,-11.85,-11.98,-11.68,-11.85,-11.63,-11.98,-11.90,-11.63,-11.98,-11.90,-11.68,-11.76,-11.76,-11.98,-11.63,-11.41,-11.76,-11.68,-11.90,-12.04,-11.76,-11.90,-11.90,-12.20,-11.85,-11.85,-11.90,-11.76,-11.90,-12.04,-11.90,-11.85,-12.04,-11.68,-11.90,-11.68,-11.41,-11.63,-11.55,-11.85,-11.85,-11.36,-11.98,-11.76,-11.63,-11.68,-11.98,-11.63,-11.63,-11.63,-11.41,-11.63,-11.85,-11.36,-11.68,-11.55,-11.55,-11.55,-11.63,-11.55,-11.63,-11.55,-11.76,-11.49,-11.55,-11.85,-11.41,-11.49,-11.27,-11.41,-11.49,-11.41,-10.92,-11.36,-11.36,-11.41,-11.14,-11.36,-11.27,-11.41,-11.19,-11.41,-11.63,-11.55,-11.55,-11.19,-11.41,-11.49,-11.36,-11.36,-11.49,-11.36,-11.41,-11.90,-11.41,-10.92,-11.49,-11.41,-11.19,-11.00,-11.36,-11.14,-11.19,-11.41,-11.27,-11.19,-10.92,-10.92,-11.14,-10.92,-10.79,-10.65,-10.84,-11.06,-10.65,-10.57,-10.65,-10.71,-10.38,-10.17,-10.22,-10.22,-10.17,-10.44,-10.30,-10.30,-10.09,-10.22,-10.22,-9.96,-10.17,-9.96,-10.09,-10.17,-9.90,-9.35,-9.96,-10.30,-10.44,-10.44,-10.44,-10.65,-10.52,-10.09,-10.71,-10.44,-10.65,-10.38,-10.84,-10.92,-11.14,-11.27,-11.19,-11.36,-11.49,-11.27,-11.06,-11.19,-11.49,-11.41,-11.27,-11.41,-11.36,-11.63,-11.41,-11.27,-11.19,-11.41,-11.27,-11.41,-11.55,-11.19,-11.27,-11.06,-11.68,-11.36,-11.63,-11.55,-11.41,-11.19,-11.63,-11.14,-11.36,-11.68,-11.63,-11.41,-11.06,-11.19,-11.41,-11.19,-11.19,-11.76,-11.06,-11.27,-11.41,-11.36,-11.49,-11.36,-11.41,-11.36,-11.68,-11.27,-11.49,-11.36,-11.68,-11.63,-11.55,-11.90,-11.55,-11.68,-11.63,-11.98,-11.68,-11.76,-11.63,-11.68,-11.85,-11.85,-11.85,-11.76,-12.04,-11.63,-11.49,-11.63,-11.85,-11.49,-11.55,-12.04,-11.63,-11.76,-11.63,-11.63,-11.68,-11.85,-11.68,-11.63,-11.63,-11.55,-11.85,-11.68,-11.63,-11.68,-11.63,-11.85,-11.90,-11.90,-12.04,-11.90,-12.04,-11.68,-11.98,-11.76,-11.63,-11.98,-11.85,-11.98,-11.98,-11.68,-11.63,-11.98,-11.68,-12.04,-11.76,-11.63,-11.68,-11.85,-12.04,-11.63,-11.98,-12.04,-11.90,-11.85,-12.12,-12.04,-12.04,-12.12,-11.85,-11.90,-12.20,-12.04,-12.20,-11.76,-11.68,-12.04,-12.61,-11.98,-12.04,-12.26,-12.12,-11.68,-11.98,-11.85,-11.85,-11.90,-12.20,-12.12,-12.12,-12.48,-12.12,-12.26,-11.90,-12.20,-12.04,-12.26,-12.04,-12.48,-12.04,-12.48,-12.20,-12.34,-11.98,-12.12,-12.26,-12.48,-12.34,-12.48,-12.61,-12.34
-12.39,-12.39,-12.26,-12.26,-12.20,-12.26,-12.34,-12.78,-12.20,-11.90,-12.26,-12.48,-12.20,-12.34,-12.20,-12.20,-11.98,-12.34,-12.26,-12.12,-12.20,-12.34,-12.12,-12.39,-12.04,-12.20,-11.98,-11.98,-12.12,-11.90,-11.90,-11.85,-12.04,-11.85,-12.12,-12.34,-11.98,-11.90,-11.98,-12.12,-11.90,-12.26,-12.20,-12.12,-12.12,-11.55,-11.98,-12.12,-11.68,-11.98,-11.85,-11.68,-12.26,-11.98,-12.04,-11.90,-11.68,-11.85,-11.68,-11.98,-11.76,-11.90,-12.26,-12.12,-11.76,-11.90,-11.68,-11.85,-11.55,-11.98,-11.90,-11.49,-11.98,-11.85,-12.04,-11.85,-11.85,-11.85,-11.90,-11.90,-11.90,-11.76,-11.85,-11.63,-11.68,-11.68,-11.85,-11.76,-11.98,-11.85,-11.90,-11.63,-11.85,-11.90,-11.63,-11.76,-11.55,-11.55,-11.90,-11.68,-11.85,-11.90,-11.76,-11.68,-11.55,-11.68,-11.55,-11.68,-11.76,-11.55,-11.41,-11.63,-11.14,-11.63,-11.55,-11.63,-11.68,-11.63,-11.90,-11.63,-11.49,-11.41,-11.76,-11.49,-11.63,-11.63,-11.36,-11.63,-11.55,-11.76,-11.49,-11.36,-11.27,-11.49,-11.41,-11.63,-11.27,-11.27,-11.00,-11.19,-11.55,-11.27,-11.19,-11.55,-11.41,-11.06,-11.41,-11.49,-11.55,-11.49,-11.06,-11.36,-11.14,-11.68,-11.27,-11.00,-11.41,-11.41,-11.41,-11.55,-11.27,-11.41,-11.41,-11.41,-11.14,-11.14,-11.06,-10.92,-10.92,-10.84,-10.71,-10.79,-10.79,-10.65,-10.65,-10.65,-10.92,-10.38,-10.71,-10.38,-10.22,-10.65,-10.38,-10.04,-10.38,-10.30,-10.57,-10.52,-10.57,-9.96,-10.65,-10.17,-9.96,-9.96,-10.17,-10.04,-10.04,-9.96,-10.09,-9.42,-9.00,-9.29,-9.96,-10.30,-10.09,-10.44,-10.22,-10.30,-10.71,-10.65,-10.52,-11.00,-10.84,-10.92,-11.06,-11.19,-11.41,-11.55,-11.36,-11.27,-11.49,-11.36,-11.36,-11.41,-11.19,-11.14,-11.27,-11.19,-11.41,-11.14,-11.14,-11.19,-11.27,-11.49,-11.27,-11.68,-11.41,-11.27,-11.27,-11.68,-11.63,-11.63,-11.76,-11.36,-11.49,-11.63,-11.36,-11.36,-11.19,-11.41,-11.55,-11.49,-11.49,-11.85,-11.49,-11.76,-11.49,-11.41,-11.36,-11.14,-11.27,-11.14,-11.36,-11.76,-11.68,-11.55,-11.41,-11.68,-11.27,-11.63,-11.49,-11.41,-11.49,-11.76,-11.90,-11.68,-11.76,-11.36,-11.63,-11.90,-11.85,-11.68,-11.68,-12.04,-11.68,-11.68,-11.90,-11.68,-11.68,-11.85,-11.76,-11.76,-11.98,-11.68,-12.26,-11.76,-11.63,-11.85,-11.63,-11.76,-11.68,-11.90,-11.90,-11.55,-11.85,-11.63,-11.63,-12.12,-11.76,-11.68,-11.85,-11.76,-11.68,-11.76,-11.76,-11.55,-11.63,-11.68,-11.41,-11.90,-11.68,-11.49,-11.98,-11.85,-11.55,-11.85,-11.63,-11.76,-11.85,-11.98,-12.04,-11.63,-12.12,-11.68,-12.20,-11.63,-11.63,-11.85,-11.98,-11.98,-11.90,-11.90,-11.85,-11.68,-12.48,-12.12,-12.04,-12.12,-11.98,-12.20,-11.98,-12.12,-12.20,-12.26,-12.04,-12.04,-12.04,-12.26,-12.12,-12.26,-12.04,-12.20,-12.12,-12.12,-12.48,-12.04,-12.04,-12.04,-12.04,-12.04,-12.20,-12.04,-12.56,-11.85,-12.39,-12.39,-12.20,-12.20,-12.04,-12.70,-12.04,-12.39
-12.39,-12.34,-12.20,-12.70,-12.70,-12.34,-12.26,-12.39,-12.70,-12.78,-12.20,-12.48,-12.20,-12.26,-12.56,-11.98,-12.39,-12.39,-11.90,-11.98,-12.56,-11.98,-12.26,-11.98,-11.90,-12.20,-12.26,-12.34,-11.90,-11.98,-12.39,-12.34,-11.90,-12.26,-12.39,-12.12,-12.48,-11.90,-11.85,-11.68,-11.55,-12.04,-11.90,-11.90,-12.04,-11.90,-11.98,-11.98,-11.76,-11.85,-11.76,-11.76,-11.55,-11.76,-11.98,-11.90,-11.98,-11.76,-12.04,-11.68,-11.76,-11.85,-11.85,-11.85,-12.04,-11.85,-11.63,-11.85,-11.98,-11.90,-11.85,-11.76,-11.90,-11.90,-11.68,-11.85,-11.90,-11.63,-11.68,-11.85,-11.98,-11.85,-11.68,-11.76,-11.68,-11.76,-12.04,-11.90,-11.68,-11.49,-12.04,-12.12,-11.76,-11.55,-11.76,-11.63,-11.68,-11.76,-11.49,-11.63,-11.63,-12.12,-11.76,-11.85,-11.63,-12.04,-11.76,-11.63,-11.63,-11.55,-11.55,-11.55,-11.68,-11.68,-11.63,-11.49,-11.76,-11.76,-11.55,-11.76,-11.85,-11.63,-11.49,-11.36,-11.55,-11.68,-11.41,-11.49,-11.41,-11.27,-11.36,-11.68,-11.68,-11.55,-11.63,-11.19,-11.49,-11.14,-11.36,-11.19,-11.41,-11.55,-11.41,-11.36,-11.27,-11.49,-11.36,-11.55,-11.00,-11.27,-11.19,-11.55,-11.49,-11.55,-11.14,-11.63,-11.49,-11.49,-11.63,-11.14,-11.27,-11.55,-11.55,-11.06,-11.41,-11.36,-11.06,-11.00,-11.36,-10.92,-11.00,-11.19,-10.65,-10.71,-10.65,-10.79,-10.57,-10.71,-10.52,-10.71,-10.52,-10.22,-10.84,-10.22,-10.65,-10.65,-10.65,-10.52,-10.22,-10.44,-10.30,-10.09,-10.44,-10.22,-10.22,-10.04,-9.96,-10.44,-10.04,-9.82,-9.42,-9.90,-10.17,-10.22,-10.71,-10.38,-10.22,-10.38,-10.65,-10.57,-10.57,-10.71,-10.84,-10.84,-11.00,-11.14,-11.27,-11.19,-11.19,-11.27,-11.14,-11.49,-11.19,-11.36,-11.27,-10.92,-11.36,-11.55,-11.36,-11.27,-11.36,-11.49,-11.36,-11.49,-11.41,-11.27,-11.19,-11.41,-11.68,-11.68,-11.76,-11.68,-11.41,-11.36,-11.68,-11.27,-11.36,-11.49,-11.41,-11.36,-11.68,-11.36,-11.27,-11.27,-11.98,-11.36,-11.36,-11.68,-11.68,-11.85,-11.63,-11.68,-11.41,-11.63,-11.41,-11.14,-11.55,-11.41,-11.55,-11.49,-11.49,-11.41,-11.68,-11.85,-11.41,-11.68,-11.55,-11.68,-11.68,-11.63,-11.68,-11.76,-11.63,-11.68,-11.63,-11.68,-12.12,-11.85,-11.49,-11.85,-11.76,-11.68,-11.63,-11.68,-11.55,-11.90,-11.68,-11.98,-11.68,-11.76,-11.76,-11.63,-11.98,-11.63,-11.76,-11.41,-11.63,-11.63,-12.20,-11.63,-11.90,-11.68,-11.55,-11.63,-11.68,-11.68,-11.98,-11.90,-11.63,-11.68,-11.90,-12.04,-11.85,-11.63,-12.04,-11.85,-11.55,-11.76,-11.63,-11.76,-11.98,-11.76,-12.12,-11.63,-11.98,-11.76,-11.98,-11.98,-12.04,-11.85,-11.90,-11.76,-11.90,-12.04,-12.20,-12.04,-12.04,-12.20,-12.12,-11.90,-12.20,-12.04,-11.85,-12.26,-11.98,-12.04,-12.04,-12.12,-12.12,-11.90,-12.34,-11.85,-11.98,-12.20,-12.12,-11.98,-12.26,-12.12,-12.39,-12.20,-12.20,-12.39,-12.04,-12.26,-12.26,-12.20,-12.04,-11.90,-12.56,-12.56,-12.20,-12.20
-12.26,-12.34,-12.39,-12.34,-12.34,-12.04,-12.34,-12.26,-12.34,-12.34,-12.20,-12.04,-12.39,-12.26,-12.20,-12.39,-12.12,-11.90,-11.85,-12.20,-12.12,-11.98,-12.26,-12.04,-11.90,-12.56,-12.04,-12.26,-11.90,-12.12,-11.85,-12.26,-12.04,-12.20,-11.90,-12.04,-12.12,-12.04,-12.20,-11.98,-11.98,-11.68,-11.98,-11.76,-11.76,-12.04,-12.04,-11.90,-11.76,-12.04,-11.85,-11.85,-11.68,-11.90,-11.76,-11.98,-11.68,-12.04,-11.90,-11.85,-11.76,-11.63,-11.68,-11.98,-11.90,-11.85,-11.85,-11.76,-11.55,-11.68,-11.85,-11.63,-11.76,-11.90,-11.85,-11.76,-11.76,-11.55,-11.55,-11.90,-11.76,-11.76,-11.76,-11.90,-11.85,-11.76,-11.76,-11.90,-12.04,-11.55,-11.55,-11.55,-11.55,-11.63,-11.85,-11.76,-11.85,-11.68,-11.68,-12.04,-12.04,-11.55,-11.68,-11.85,-11.76,-11.90,-11.41,-11.76,-11.55,-11.55,-11.85,-11.49,-11.63,-11.85,-11.41,-11.49,-11.63,-11.41,-11.49,-11.68,-11.63,-11.76,-11.41,-11.49,-11.90,-11.85,-11.63,-11.55,-11.63,-11.41,-11.27,-11.41,-11.27,-11.36,-11.36,-11.00,-11.00,-11.00,-11.36,-11.63,-11.49,-11.49,-11.14,-11.68,-11.55,-11.41,-11.00,-11.63,-11.27,-11.55,-11.63,-11.55,-11.41,-11.55,-11.36,-11.41,-11.27,-11.41,-11.41,-11.41,-11.19,-11.41,-10.84,-11.49,-11.36,-11.36,-11.06,-10.79,-11.00,-10.92,-10.57,-10.92,-10.52,-10.71,-10.84,-11.06,-11.06,-10.84,-10.57,-10.57,-10.44,-10.44,-10.44,-10.52,-10.44,-10.57,-10.57,-10.52,-10.38,-10.79,-10.30,-10.38,-10.17,-10.04,-10.30,-10.44,-10.38,-10.09,-10.04,-9.90,-9.96,-10.22,-10.22,-10.71,-10.57,-10.79,-10.71,-10.38,-10.71,-10.52,-11.06,-10.92,-11.19,-11.27,-11.27,-11.19,-11.36,-11.14,-11.49,-11.27,-11.49,-11.19,-11.49,-11.27,-11.55,-11.49,-11.00,-11.55,-11.41,-11.27,-11.49,-11.41,-11.19,-11.85,-11.36,-11.41,-11.36,-11.63,-11.19,-11.41,-11.36,-11.36,-11.19,-11.19,-11.41,-11.27,-11.41,-11.49,-11.68,-11.36,-11.68,-11.49,-11.49,-11.76,-11.36,-11.85,-11.63,-11.19,-11.41,-11.55,-11.41,-11.49,-11.06,-11.19,-11.36,-11.36,-11.55,-11.27,-11.27,-11.41,-11.49,-11.49,-11.68,-11.36,-11.98,-11.90,-11.90,-11.90,-11.63,-12.26,-11.49,-11.63,-11.85,-11.68,-11.76,-11.76,-11.76,-11.85,-11.63,-11.90,-11.63,-11.55,-11.85,-11.68,-11.90,-11.55,-11.41,-11.55,-11.63,-11.55,-11.76,-11.76,-11.63,-11.63,-11.63,-11.49,-11.55,-11.76,-11.98,-12.12,-11.90,-11.55,-11.85,-11.90,-11.68,-11.90,-11.76,-12.12,-12.20,-11.85,-11.76,-11.90,-11.76,-11.68,-11.90,-11.68,-11.76,-11.76,-12.12,-11.98,-11.76,-11.76,-11.98,-11.49,-11.85,-11.98,-12.04,-11.90,-11.90,-11.90,-11.90,-11.98,-12.04,-12.04,-12.20,-12.20,-11.98,-11.85,-12.34,-12.48,-11.85,-11.98,-11.98,-12.20,-12.20,-12.12,-12.12,-12.34,-12.26,-12.26,-11.98,-12.12,-11.98,-12.04,-11.90,-12.20,-12.20,-11.98,-12.34,-12.20,-12.20,-12.04,-12.12,-12.12,-12.34,-11.98,-12.34,-12.04,-12.12,-12.34,-12.20,-12.56
-12.26,-12.39,-12.56,-12.26,-12.20,-12.12,-12.12,-12.12,-12.04,-12.04,-12.34,-12.26,-12.48,-12.04,-12.34,-12.20,-12.26,-12.04,-12.26,-11.98,-11.85,-11.98,-12.12,-11.85,-12.48,-11.90,-12.04,-12.04,-12.34,-11.98,-11.98,-12.04,-11.90,-12.04,-12.20,-11.98,-11.90,-11.85,-11.98,-11.90,-11.98,-12.20,-12.12,-11.98,-11.90,-11.63,-11.76,-11.85,-11.85,-12.26,-11.68,-11.68,-11.76,-11.85,-11.76,-11.68,-11.55,-11.76,-11.90,-12.12,-11.85,-11.76,-11.63,-11.76,-11.68,-11.76,-11.63,-11.68,-11.90,-11.68,-11.76,-11.41,-11.49,-11.49,-11.90,-11.63,-11.68,-11.68,-11.90,-11.98,-11.55,-12.12,-11.68,-12.04,-11.90,-11.85,-11.98,-11.98,-11.76,-11.68,-11.68,-11.76,-11.41,-11.98,-11.68,-11.68,-11.36,-11.63,-11.90,-11.63,-12.12,-11.76,-11.41,-11.41,-11.85,-11.85,-11.68,-11.76,-11.63,-11.85,-11.68,-11.76,-11.68,-11.85,-11.90,-11.41,-11.76,-11.85,-11.41,-11.68,-11.27,-11.63,-11.63,-11.76,-11.63,-11.06,-11.19,-11.27,-11.68,-11.41,-11.55,-11.19,-11.68,-10.92,-11.06,-11.14,-11.68,-11.27,-11.49,-11.36,-10.92,-11.41,-11.36,-11.55,-11.41,-11.49,-11.55,-11.55,-11.49,-11.76,-11.36,-11.27,-11.36,-11.41,-11.36,-11.49,-11.49,-11.14,-11.36,-11.19,-11.27,-11.55,-11.14,-11.36,-11.41,-11.27,-11.06,-11.19,-10.84,-10.84,-10.92,-11.00,-10.84,-10.71,-10.57,-10.92,-10.71,-10.84,-10.44,-10.65,-10.44,-10.84,-10.84,-10.44,-10.30,-10.57,-10.84,-10.79,-10.57,-10.65,-10.17,-10.09,-10.17,-10.57,-10.38,-10.38,-10.38,-10.17,-10.22,-10.17,-10.22,-10.38,-10.52,-10.30,-10.30,-10.57,-10.17,-10.44,-10.44,-10.57,-10.71,-11.00,-10.84,-11.06,-11.14,-11.19,-11.55,-11.14,-11.36,-11.27,-11.55,-11.41,-11.27,-11.49,-11.36,-11.19,-11.27,-11.27,-11.49,-11.36,-11.55,-11.36,-11.36,-11.63,-11.41,-11.36,-11.27,-11.36,-11.41,-11.63,-11.49,-11.49,-11.55,-11.49,-11.68,-11.68,-11.41,-11.49,-11.76,-11.27,-11.27,-11.68,-11.36,-11.41,-11.36,-11.36,-11.55,-11.41,-11.68,-11.19,-11.68,-11.55,-11.27,-11.36,-11.19,-11.27,-11.27,-11.19,-11.36,-11.63,-11.06,-11.55,-11.36,-11.68,-11.36,-11.85,-11.76,-11.90,-11.68,-11.49,-11.76,-11.63,-11.85,-11.55,-11.68,-11.63,-11.55,-11.55,-11.76,-11.76,-11.55,-12.04,-11.63,-11.63,-11.68,-11.76,-11.85,-11.63,-11.85,-11.90,-11.36,-11.68,-11.90,-11.85,-11.55,-11.49,-11.90,-11.68,-11.68,-11.68,-11.90,-11.49,-11.90,-11.68,-11.85,-11.90,-11.85,-11.85,-11.63,-11.68,-11.90,-11.98,-11.55,-11.68,-11.76,-11.85,-11.76,-11.55,-11.63,-11.90,-12.04,-11.90,-11.85,-11.68,-12.04,-11.85,-11.68,-11.90,-11.90,-11.90,-11.90,-11.98,-11.90,-11.90,-12.04,-12.12,-12.34,-12.26,-12.34,-12.34,-11.90,-12.04,-12.20,-12.20,-12.12,-11.98,-12.20,-12.26,-11.98,-11.98,-12.20,-11.98,-12.39,-12.12,-11.90,-12.26,-12.26,-12.26,-12.04,-12.20,-12.26,-12.39,-12.20,-12.34,-12.39,-12.26,-12.34,-12.61,-12.39,-12.56,-12.20,-12.26
-12.26,-12.34,-12.26,-12.61,-12.61,-12.12,-12.48,-12.39,-12.39,-12.26,-12.20,-12.26,-12.26,-12.48,-12.26,-12.20,-12.20,-12.34,-12.04,-12.34,-12.04,-11.98,-12.12,-12.20,-11.98,-12.04,-12.26,-12.20,-11.98,-12.20,-11.85,-12.12,-12.04,-12.04,-11.98,-12.20,-12.04,-12.12,-12.20,-11.90,-12.20,-11.98,-11.98,-11.98,-11.76,-12.26,-11.85,-12.12,-11.76,-12.04,-11.76,-11.90,-11.76,-11.68,-11.85,-11.90,-11.85,-11.85,-11.98,-11.85,-11.49,-11.98,-11.76,-11.68,-11.76,-11.90,-11.90,-11.85,-11.76,-11.90,-11.76,-11.90,-11.85,-11.90,-11.85,-11.98,-11.76,-11.85,-12.12,-11.98,-11.63,-12.20,-11.76,-12.04,-12.04,-11.90,-11.85,-11.98,-11.76,-11.55,-11.68,-11.90,-11.85,-11.98,-11.76,-11.68,-11.63,-11.76,-12.04,-11.76,-11.76,-11.68,-11.55,-11.55,-11.41,-11.98,-11.49,-11.68,-11.90,-11.76,-11.85,-11.63,-11.85,-11.68,-11.68,-11.68,-11.49,-11.68,-11.63,-11.68,-11.49,-11.49,-11.36,-11.76,-11.27,-11.27,-11.55,-11.36,-11.36,-11.19,-11.06,-11.63,-11.55,-11.36,-11.41,-11.36,-11.68,-11.63,-11.27,-11.27,-11.36,-11.63,-11.55,-11.49,-11.55,-11.19,-11.55,-11.55,-11.55,-11.49,-11.41,-11.49,-11.55,-11.49,-11.41,-11.55,-11.27,-11.49,-11.49,-11.49,-11.36,-11.49,-11.41,-11.36,-11.27,-11.27,-11.06,-11.36,-10.79,-10.92,-11.19,-10.71,-10.84,-10.92,-10.38,-10.79,-10.84,-10.79,-10.71,-10.38,-11.06,-10.65,-10.38,-10.79,-10.71,-10.52,-10.44,-10.38,-10.79,-10.22,-10.65,-10.57,-10.57,-10.22,-10.22,-10.71,-10.57,-10.30,-10.38,-10.17,-10.65,-10.65,-10.57,-10.17,-10.71,-10.52,-10.57,-10.22,-10.52,-10.57,-10.84,-10.65,-10.71,-11.19,-10.71,-11.41,-11.14,-11.14,-11.55,-11.27,-11.27,-11.41,-11.55,-11.49,-11.36,-11.19,-11.55,-11.27,-11.36,-11.55,-11.36,-11.55,-11.36,-11.49,-11.41,-11.19,-11.36,-11.63,-11.27,-11.55,-11.49,-11.36,-11.41,-11.27,-11.27,-11.27,-11.41,-11.27,-11.36,-11.27,-11.55,-11.49,-11.27,-11.76,-11.49,-11.49,-11.27,-11.27,-11.49,-11.36,-11.76,-11.36,-11.55,-11.68,-11.36,-11.27,-11.27,-11.19,-11.00,-11.19,-11.55,-11.49,-11.41,-11.36,-11.49,-11.68,-11.76,-11.85,-11.76,-11.36,-11.98,-11.63,-11.68,-11.68,-11.98,-11.63,-11.98,-11.63,-11.76,-11.85,-11.68,-11.55,-11.55,-11.98,-11.55,-11.76,-11.98,-11.90,-11.68,-11.55,-11.63,-11.90,-11.85,-11.85,-11.85,-11.63,-11.68,-11.63,-11.68,-11.68,-11.55,-11.63,-12.04,-12.04,-12.12,-11.68,-11.68,-11.85,-11.76,-11.98,-11.68,-11.68,-11.90,-11.98,-11.76,-11.98,-12.04,-11.76,-11.76,-11.85,-11.68,-11.85,-11.76,-11.68,-12.12,-11.90,-12.04,-11.98,-11.90,-11.98,-11.85,-11.68,-11.90,-12.20,-12.04,-12.20,-12.20,-12.20,-12.26,-12.26,-12.20,-12.12,-11.85,-12.04,-12.12,-12.04,-11.98,-11.98,-11.85,-11.98,-12.20,-11.98,-12.12,-12.20,-11.90,-12.26,-12.12,-12.12,-12.26,-12.48,-12.12,-12.61,-12.04,-12.48,-11.90,-12.12,-12.70,-11.98,-12.20,-12.26,-12.48,-12.61
-12.34,-12.12,-12.39,-12.39,-12.70,-12.61,-12.70,-12.61,-12.34,-12.34,-12.26,-12.34,-11.98,-12.61,-12.56,-12.12,-12.56,-12.20,-12.34,-12.26,-12.26,-12.34,-12.04,-11.90,-12.04,-11.98,-12.04,-12.12,-12.04,-12.04,-12.48,-12.04,-11.90,-11.98,-11.98,-12.26,-12.04,-12.04,-12.20,-11.98,-11.98,-11.85,-11.76,-11.98,-11.76,-12.12,-12.12,-11.76,-12.04,-11.98,-12.12,-11.90,-12.04,-11.90,-12.12,-12.04,-12.04,-11.85,-12.12,-11.63,-11.90,-11.90,-11.55,-11.68,-11.76,-11.98,-11.90,-11.55,-11.63,-11.76,-11.85,-12.04,-11.85,-11.98,-12.04,-11.76,-11.98,-11.90,-12.04,-11.85,-12.04,-11.98,-12.04,-11.55,-11.63,-11.63,-11.90,-11.98,-11.98,-11.55,-11.41,-11.85,-11.90,-11.76,-12.04,-11.76,-11.68,-11.76,-11.76,-11.76,-11.55,-11.85,-11.68,-11.76,-11.63,-11.76,-11.55,-11.76,-11.27,-11.55,-11.49,-11.63,-11.76,-11.55,-11.90,-11.98,-11.85,-11.55,-11.68,-11.68,-11.55,-11.55,-11.55,-11.49,-11.49,-11.36,-11.27,-11.27,-11.19,-11.19,-11.36,-11.06,-11.06,-11.41,-11.27,-11.06,-11.85,-11.27,-11.55,-11.49,-11.63,-11.41,-11.41,-11.36,-11.98,-11.85,-11.68,-11.55,-11.68,-11.55,-11.41,-11.19,-11.49,-11.49,-11.36,-11.49,-11.55,-11.76,-11.36,-11.14,-11.55,-11.55,-11.27,-11.19,-11.41,-11.55,-11.14,-11.14,-11.49,-11.14,-11.27,-11.19,-10.84,-10.84,-10.79,-11.00,-11.00,-10.92,-10.84,-10.79,-10.65,-10.71,-10.57,-10.44,-10.44,-10.38,-10.52,-10.30,-10.44,-10.30,-10.22,-10.04,-10.22,-10.44,-10.30,-10.38,-10.57,-10.38,-10.84,-10.30,-10.57,-10.44,-10.71,-10.79,-10.57,-10.22,-10.65,-10.65,-10.30,-10.57,-10.65,-10.52,-10.92,-11.06,-11.00,-11.41,-11.36,-11.41,-11.36,-11.49,-11.27,-10.84,-11.49,-11.49,-11.41,-11.19,-11.41,-11.27,-11.41,-11.19,-11.63,-11.55,-11.41,-11.27,-11.76,-11.41,-11.68,-11.41,-11.41,-11.36,-11.27,-11.49,-11.19,-11.27,-11.76,-11.19,-11.41,-11.55,-11.36,-11.36,-11.41,-11.98,-11.19,-11.27,-11.41,-11.41,-11.36,-12.04,-11.36,-11.76,-11.49,-11.68,-11.68,-11.49,-11.41,-11.68,-11.27,-11.49,-11.55,-11.27,-11.41,-11.63,-11.41,-11.63,-11.19,-11.41,-11.76,-11.63,-11.68,-11.55,-11.76,-11.68,-11.36,-11.90,-11.68,-11.68,-11.98,-12.20,-11.63,-11.63,-11.90,-11.68,-11.98,-11.55,-11.85,-11.76,-11.63,-11.68,-11.55,-11.85,-11.85,-11.90,-11.85,-11.68,-11.68,-11.85,-11.76,-11.90,-11.98,-11.41,-11.85,-11.85,-11.68,-11.63,-11.76,-11.85,-11.90,-11.76,-11.63,-11.49,-12.04,-11.76,-11.49,-11.76,-11.90,-11.98,-11.55,-11.76,-11.85,-11.90,-11.76,-12.04,-11.98,-11.76,-12.04,-11.85,-11.98,-12.12,-11.90,-12.04,-11.76,-12.12,-11.63,-12.12,-11.98,-12.20,-12.20,-12.20,-12.20,-12.20,-12.26,-12.12,-11.85,-11.98,-12.20,-11.90,-11.90,-12.12,-12.20,-12.12,-11.98,-12.12,-12.20,-12.20,-11.98,-12.26,-12.26,-12.39,-12.56,-12.20,-12.20,-12.48,-12.70,-12.26,-12.39,-11.85,-12.39,-12.39,-11.90,-12.56,-12.04,-12.26
-12.48,-12.48,-12.20,-12.26,-12.39,-12.39,-12.48,-12.12,-12.56,-12.20,-12.39,-12.26,-12.34,-12.34,-12.61,-12.34,-12.70,-12.26,-12.20,-12.26,-12.12,-11.98,-12.20,-12.34,-12.04,-11.85,-12.12,-11.85,-12.04,-12.20,-12.04,-12.12,-11.98,-11.98,-12.04,-11.98,-11.98,-12.26,-11.90,-11.63,-12.20,-11.90,-12.04,-12.04,-12.04,-11.85,-11.98,-12.12,-11.76,-12.12,-11.63,-11.68,-11.76,-11.98,-11.63,-12.04,-11.68,-11.85,-11.90,-11.76,-11.85,-11.98,-11.55,-11.41,-11.76,-11.76,-11.90,-12.04,-11.63,-11.85,-11.63,-11.76,-12.04,-11.90,-12.04,-12.20,-12.20,-11.63,-12.12,-11.90,-11.76,-12.04,-11.63,-11.85,-11.63,-11.76,-11.68,-11.98,-12.04,-11.68,-11.63,-11.90,-11.85,-11.55,-11.85,-11.90,-11.63,-12.20,-11.63,-11.68,-11.76,-11.76,-11.55,-11.90,-11.49,-11.68,-11.63,-11.76,-11.85,-11.90,-11.63,-11.63,-11.27,-11.41,-11.63,-11.68,-11.68,-11.14,-11.55,-11.68,-11.49,-11.55,-11.19,-11.19,-11.55,-11.27,-11.06,-11.49,-11.19,-11.00,-10.92,-11.36,-11.14,-11.27,-11.41,-11.68,-11.41,-11.76,-11.68,-11.49,-11.36,-11.63,-11.68,-11.63,-11.55,-11.63,-11.41,-11.49,-11.55,-11.55,-11.49,-11.49,-11.55,-11.49,-11.36,-11.41,-11.27,-11.41,-11.27,-11.14,-11.14,-11.36,-11.41,-11.06,-11.41,-11.06,-11.27,-11.41,-10.79,-10.92,-11.19,-10.84,-10.57,-11.06,-10.79,-10.92,-10.79,-10.71,-10.79,-10.84,-10.71,-10.92,-10.52,-10.65,-10.30,-10.57,-10.71,-10.57,-10.71,-10.38,-10.17,-10.38,-10.52,-10.22,-10.52,-10.65,-10.38,-10.52,-10.79,-10.79,-10.65,-10.52,-10.38,-10.79,-10.52,-10.52,-10.65,-10.65,-10.30,-10.65,-10.52,-10.92,-11.19,-10.65,-10.84,-11.06,-11.14,-11.00,-11.41,-11.06,-11.49,-11.14,-11.55,-11.41,-11.36,-11.19,-11.27,-11.14,-11.27,-11.41,-11.27,-11.55,-11.49,-11.27,-11.49,-11.36,-11.49,-11.19,-11.63,-11.41,-11.49,-11.41,-11.55,-11.41,-11.55,-11.27,-11.68,-11.55,-11.36,-11.49,-11.27,-11.27,-11.85,-11.90,-11.36,-12.12,-11.49,-11.49,-11.49,-11.41,-11.49,-11.63,-11.41,-11.27,-11.36,-11.19,-11.19,-11.14,-11.06,-11.06,-11.36,-11.06,-11.36,-11.36,-11.41,-11.63,-11.19,-11.68,-11.41,-11.68,-11.63,-11.90,-11.41,-11.90,-11.68,-11.76,-11.49,-11.63,-12.20,-11.76,-11.68,-11.63,-11.76,-11.68,-11.85,-11.68,-11.76,-11.55,-11.55,-11.68,-11.49,-11.68,-12.04,-11.76,-11.63,-12.12,-11.76,-11.68,-11.63,-11.55,-11.85,-11.68,-11.63,-11.98,-11.85,-11.85,-11.76,-11.49,-11.90,-11.63,-11.85,-11.76,-11.90,-11.98,-11.68,-11.98,-11.76,-11.55,-12.12,-11.76,-11.68,-11.63,-11.55,-11.63,-11.76,-11.68,-12.04,-12.04,-11.98,-11.55,-12.12,-12.20,-11.63,-12.20,-11.90,-12.20,-12.04,-11.98,-11.90,-11.85,-12.04,-11.90,-12.04,-11.98,-11.63,-11.68,-11.98,-12.04,-12.12,-12.12,-12.04,-12.39,-12.12,-12.20,-12.26,-12.26,-12.48,-12.20,-12.56,-11.98,-12.34,-12.20,-12.12,-11.90,-12.34,-12.34,-12.34,-12.12,-12.39,-12.39,-12.56,-12.39
-12.48,-12.39,-12.34,-12.39,-12.70,-12.34,-12.48,-12.26,-12.48,-12.34,-12.39,-12.34,-12.26,-12.48,-12.12,-12.34,-12.12,-12.20,-12.26,-12.34,-12.34,-12.34,-12.04,-11.90,-12.34,-11.90,-11.90,-12.34,-12.34,-11.85,-12.20,-11.90,-11.98,-11.98,-11.90,-12.26,-12.04,-11.98,-12.12,-12.04,-11.98,-12.04,-12.04,-11.85,-11.90,-11.76,-11.68,-12.04,-11.76,-12.20,-11.85,-11.76,-11.63,-11.98,-12.20,-11.90,-11.41,-11.76,-11.76,-11.68,-11.68,-11.68,-11.68,-11.68,-11.90,-11.85,-11.76,-11.55,-11.85,-11.85,-11.63,-12.04,-11.63,-11.76,-11.76,-11.98,-11.90,-11.85,-11.90,-12.12,-11.55,-12.04,-11.90,-11.68,-11.55,-11.68,-11.63,-12.04,-12.12,-11.36,-11.76,-11.90,-12.20,-11.68,-11.68,-11.49,-11.76,-11.36,-11.55,-11.63,-11.68,-11.90,-11.68,-11.41,-11.76,-11.63,-11.63,-11.76,-11.76,-11.90,-11.85,-11.41,-11.55,-11.49,-11.36,-11.63,-11.68,-11.63,-11.63,-11.55,-11.63,-11.76,-11.36,-11.14,-11.36,-11.55,-11.19,-11.27,-11.19,-11.27,-11.19,-11.14,-11.63,-11.41,-11.19,-11.27,-11.55,-11.36,-11.63,-11.63,-11.55,-11.55,-11.55,-11.49,-11.27,-11.41,-11.76,-11.55,-11.68,-11.49,-11.63,-11.68,-11.41,-11.63,-11.49,-11.36,-11.55,-11.55,-11.55,-11.19,-11.49,-11.14,-11.55,-11.36,-11.19,-11.14,-11.06,-11.06,-11.00,-10.79,-10.84,-10.92,-10.84,-10.79,-11.00,-10.79,-10.92,-10.84,-10.52,-10.71,-10.57,-10.79,-10.84,-10.71,-10.57,-10.57,-10.71,-10.65,-10.44,-10.09,-10.65,-10.30,-10.52,-10.44,-10.30,-10.71,-10.38,-10.57,-10.22,-10.44,-10.65,-10.71,-10.38,-10.71,-10.65,-10.57,-10.30,-10.52,-10.57,-10.65,-10.65,-10.44,-10.79,-11.06,-10.92,-11.06,-11.19,-11.36,-11.49,-11.49,-11.36,-11.27,-11.55,-11.41,-11.55,-11.41,-11.55,-11.49,-11.55,-11.41,-11.36,-11.49,-11.27,-11.55,-11.14,-11.27,-11.63,-11.49,-11.41,-11.36,-11.49,-11.55,-11.41,-11.85,-11.06,-11.85,-11.68,-11.68,-11.68,-11.85,-11.55,-11.76,-11.55,-11.36,-11.49,-11.49,-11.85,-11.49,-11.41,-11.49,-11.76,-11.19,-11.76,-11.41,-11.68,-11.55,-11.49,-11.36,-11.06,-11.36,-11.06,-10.92,-11.06,-11.41,-11.55,-11.14,-11.55,-11.49,-11.63,-11.49,-11.68,-11.85,-11.63,-11.85,-11.68,-11.55,-11.85,-11.98,-11.68,-11.41,-11.68,-11.85,-11.76,-11.55,-11.68,-11.85,-11.63,-11.76,-11.90,-11.55,-11.90,-11.76,-11.63,-11.63,-11.85,-11.76,-11.63,-11.76,-11.63,-11.55,-11.90,-12.20,-11.63,-11.98,-11.90,-11.76,-11.76,-11.76,-11.76,-11.98,-11.76,-11.90,-11.98,-11.90,-11.63,-11.68,-11.76,-12.04,-11.90,-11.49,-11.49,-11.76,-11.68,-11.90,-11.68,-11.98,-11.63,-11.90,-11.85,-11.90,-11.90,-11.98,-11.76,-11.90,-11.90,-12.12,-12.04,-12.26,-12.12,-11.98,-12.04,-12.20,-11.98,-12.34,-12.12,-11.98,-11.90,-11.98,-12.26,-11.90,-11.85,-12.20,-11.90,-12.20,-12.20,-12.12,-12.12,-12.26,-12.48,-12.20,-12.56,-11.98,-12.56,-12.39,-12.56,-12.26,-12.56,-12.61,-12.20,-12.34,-12.26,-12.48
-12.48,-11.98,-12.34,-12.20,-12.48,-12.48,-12.56,-12.34,-12.20,-12.48,-12.04,-12.34,-12.39,-12.39,-12.39,-12.34,-12.34,-12.26,-11.90,-12.04,-12.34,-12.12,-12.26,-12.04,-11.98,-12.26,-11.98,-11.85,-12.12,-12.20,-12.04,-12.12,-12.12,-12.12,-12.12,-12.04,-12.34,-11.76,-12.26,-11.85,-12.20,-12.20,-12.26,-11.98,-11.85,-12.12,-11.76,-12.04,-12.04,-11.98,-11.63,-11.90,-12.34,-11.76,-11.68,-11.76,-11.90,-11.68,-11.63,-11.76,-11.49,-11.98,-11.98,-11.68,-11.85,-12.04,-11.76,-11.76,-11.49,-11.55,-11.85,-11.55,-11.90,-11.90,-11.85,-11.98,-11.85,-11.63,-11.55,-11.85,-11.68,-11.98,-11.90,-12.04,-12.04,-11.98,-11.90,-12.12,-11.68,-11.55,-12.12,-11.98,-11.63,-11.85,-11.55,-11.85,-11.85,-11.90,-11.90,-11.98,-11.90,-11.76,-12.04,-11.68,-11.49,-11.68,-11.55,-11.55,-11.90,-11.90,-11.76,-11.55,-11.85,-11.85,-11.49,-11.63,-11.49,-11.19,-11.49,-11.49,-11.41,-11.36,-11.41,-11.49,-11.36,-11.19,-11.14,-11.27,-11.27,-11.36,-11.63,-11.63,-11.49,-11.55,-11.55,-11.68,-11.41,-11.49,-11.41,-11.41,-11.49,-11.41,-11.41,-11.55,-11.27,-11.55,-11.68,-11.63,-11.55,-11.85,-11.49,-11.63,-11.76,-11.55,-11.68,-11.68,-11.85,-11.63,-11.55,-11.36,-11.41,-11.27,-11.00,-11.41,-11.55,-11.27,-11.14,-11.00,-11.06,-10.92,-10.84,-10.92,-10.84,-10.92,-10.92,-10.79,-10.71,-10.92,-10.79,-10.79,-11.36,-10.84,-10.79,-10.79,-10.52,-11.00,-10.65,-10.22,-10.44,-10.44,-10.65,-10.17,-10.71,-10.79,-10.57,-10.57,-10.79,-10.71,-10.71,-10.79,-10.65,-10.52,-10.79,-10.65,-10.65,-10.44,-10.79,-10.38,-10.92,-10.79,-10.52,-11.06,-10.92,-10.92,-10.84,-11.27,-11.19,-11.14,-11.49,-11.27,-11.49,-11.36,-11.19,-11.49,-11.19,-11.49,-11.27,-11.41,-11.49,-11.49,-11.49,-11.36,-11.49,-11.27,-11.27,-11.36,-11.27,-11.68,-11.49,-11.63,-11.36,-11.36,-11.85,-11.27,-11.55,-11.49,-11.49,-11.68,-11.63,-11.63,-11.90,-11.63,-11.63,-11.55,-11.68,-11.76,-11.36,-11.55,-11.55,-11.36,-11.85,-11.68,-11.76,-11.68,-11.55,-11.49,-11.36,-11.41,-11.27,-11.27,-11.27,-11.19,-11.14,-11.55,-11.41,-11.19,-11.36,-11.41,-11.63,-11.68,-11.76,-11.76,-11.90,-11.41,-11.63,-11.76,-11.55,-11.68,-12.12,-11.76,-11.68,-11.63,-11.68,-11.68,-11.63,-11.63,-11.55,-11.85,-11.68,-11.55,-11.63,-11.98,-11.63,-11.63,-11.76,-11.76,-11.76,-12.04,-11.63,-11.98,-11.68,-11.90,-11.85,-11.90,-11.68,-11.98,-11.55,-11.85,-12.04,-11.85,-12.12,-11.63,-11.98,-11.90,-11.98,-11.68,-11.55,-11.49,-11.98,-11.76,-11.76,-11.90,-11.63,-11.76,-11.98,-11.85,-11.90,-11.68,-11.98,-11.98,-12.04,-11.85,-11.98,-11.76,-12.04,-11.90,-12.04,-12.12,-11.85,-12.04,-11.90,-11.98,-11.90,-12.26,-11.98,-12.04,-12.04,-12.26,-12.26,-12.12,-12.04,-12.20,-12.12,-12.34,-12.20,-12.04,-12.26,-12.26,-12.34,-12.26,-12.56,-12.20,-12.20,-12.48,-12.20,-12.12,-12.48,-12.12,-12.34,-12.34,-12.61,-12.26
-12.39,-12.39,-12.34,-12.39,-12.26,-12.48,-12.26,-12.48,-12.20,-12.20,-12.26,-12.34,-12.26,-12.39,-12.39,-12.39,-12.26,-12.39,-12.20,-11.98,-11.98,-12.34,-12.12,-12.04,-11.98,-11.98,-12.39,-12.20,-12.12,-12.48,-12.20,-12.12,-12.04,-12.04,-12.20,-12.20,-12.12,-12.39,-11.90,-11.90,-12.39,-12.20,-12.04,-11.90,-11.68,-11.90,-11.90,-12.56,-11.68,-11.90,-12.04,-11.85,-11.76,-11.55,-12.20,-12.04,-11.76,-11.68,-11.85,-11.85,-11.49,-11.85,-12.20,-11.98,-11.90,-11.76,-11.63,-11.98,-11.85,-11.98,-12.04,-11.90,-11.98,-11.90,-11.98,-11.63,-11.90,-11.49,-11.98,-11.76,-12.04,-11.76,-11.85,-11.98,-11.76,-12.12,-11.68,-11.85,-11.85,-11.85,-11.85,-12.20,-11.90,-11.76,-11.76,-11.90,-11.68,-12.04,-11.98,-11.90,-11.63,-11.98,-11.76,-11.49,-11.68,-11.85,-11.55,-11.63,-11.85,-11.68,-11.49,-11.63,-11.68,-11.76,-11.76,-11.49,-11.68,-11.55,-11.49,-11.41,-11.76,-11.36,-11.49,-11.63,-11.41,-11.27,-11.55,-11.41,-11.27,-11.27,-11.63,-11.41,-11.36,-11.63,-11.90,-11.68,-11.68,-11.63,-11.63,-11.27,-11.36,-11.63,-11.63,-11.49,-11.41,-11.76,-11.36,-11.27,-11.68,-11.36,-11.68,-11.68,-11.49,-11.19,-11.36,-11.41,-11.36,-11.49,-11.49,-11.41,-11.41,-11.41,-11.63,-11.41,-11.63,-11.63,-11.19,-11.14,-11.14,-11.00,-11.19,-10.84,-11.00,-11.19,-11.00,-11.00,-10.92,-10.71,-10.92,-11.00,-11.00,-10.79,-11.06,-10.57,-10.71,-10.44,-10.44,-10.65,-10.79,-10.57,-10.52,-10.65,-10.71,-10.30,-10.71,-10.57,-10.44,-10.71,-10.79,-10.71,-10.71,-10.71,-10.79,-10.57,-10.65,-10.57,-10.84,-10.52,-10.57,-10.52,-10.71,-10.79,-10.84,-10.92,-11.19,-11.27,-11.41,-11.19,-11.06,-11.49,-11.41,-11.14,-11.27,-11.36,-11.19,-11.36,-11.36,-11.41,-11.36,-11.49,-11.27,-11.19,-11.63,-11.68,-11.36,-11.49,-11.49,-11.76,-11.41,-11.36,-11.19,-11.41,-11.41,-11.85,-11.41,-11.63,-11.49,-11.55,-11.06,-11.49,-11.41,-11.68,-11.41,-11.41,-11.55,-11.41,-11.36,-11.68,-11.55,-11.36,-11.27,-11.68,-11.41,-11.41,-11.41,-11.68,-11.55,-11.63,-11.55,-11.41,-11.14,-11.41,-11.06,-11.19,-11.27,-11.41,-11.27,-11.27,-11.55,-11.63,-11.63,-11.63,-11.36,-11.68,-11.55,-11.98,-11.85,-12.04,-11.76,-11.55,-11.76,-11.76,-11.76,-11.68,-11.68,-11.68,-11.90,-11.76,-11.85,-11.63,-12.20,-11.85,-11.63,-11.90,-11.90,-11.68,-11.63,-11.85,-12.04,-11.85,-11.68,-11.90,-11.76,-11.85,-12.20,-11.68,-11.85,-11.68,-11.68,-11.76,-12.04,-11.68,-11.68,-11.98,-11.85,-11.41,-11.98,-11.68,-11.90,-11.63,-11.68,-12.04,-11.68,-11.68,-11.76,-11.76,-11.63,-11.68,-11.85,-12.04,-11.98,-11.76,-11.76,-11.98,-12.04,-11.98,-12.04,-12.26,-12.12,-12.04,-12.12,-11.76,-11.85,-12.04,-12.04,-12.20,-11.98,-12.20,-12.20,-11.90,-12.04,-12.26,-12.12,-11.90,-12.12,-12.39,-12.12,-12.70,-12.04,-12.39,-12.34,-12.20,-12.26,-12.39,-12.39,-12.48,-11.98,-12.04,-12.04,-12.39,-12.48,-12.04
-12.83,-12.56,-12.26,-12.34,-12.39,-12.26,-12.26,-12.48,-12.34,-12.26,-12.48,-12.26,-12.12,-12.34,-12.26,-12.48,-12.39,-12.34,-12.39,-12.12,-12.12,-12.48,-12.26,-12.26,-12.04,-12.48,-11.90,-12.39,-12.26,-11.98,-12.20,-12.20,-11.55,-12.12,-12.34,-12.26,-11.98,-12.12,-12.34,-11.98,-12.04,-11.90,-12.12,-12.34,-11.85,-11.98,-11.85,-11.85,-11.76,-11.76,-12.12,-11.90,-11.85,-11.90,-12.04,-11.85,-11.76,-11.68,-11.76,-11.76,-12.04,-11.49,-12.04,-11.98,-11.49,-11.85,-11.63,-11.63,-11.68,-11.41,-11.68,-11.85,-12.26,-11.85,-11.98,-11.98,-11.85,-11.98,-11.76,-11.76,-12.12,-11.85,-11.90,-12.04,-11.98,-11.85,-11.76,-11.76,-11.76,-11.76,-12.04,-11.63,-11.85,-11.55,-11.76,-11.68,-11.90,-11.41,-11.98,-11.63,-12.20,-11.90,-11.63,-11.76,-11.76,-11.76,-11.98,-11.85,-11.98,-11.63,-11.98,-11.63,-11.76,-11.68,-11.55,-11.76,-11.55,-11.49,-11.36,-11.76,-11.68,-11.68,-11.55,-11.19,-11.14,-11.19,-11.00,-11.27,-11.27,-11.27,-11.36,-11.49,-11.27,-11.00,-11.49,-11.49,-11.63,-11.19,-11.49,-11.14,-11.41,-11.68,-11.41,-11.63,-11.76,-11.27,-11.76,-11.85,-11.27,-11.27,-11.41,-11.63,-11.36,-11.36,-11.19,-11.68,-11.63,-11.27,-11.14,-11.41,-11.49,-11.55,-11.41,-11.55,-11.00,-11.27,-11.19,-11.14,-10.92,-10.92,-11.06,-10.84,-10.65,-10.92,-10.84,-10.71,-10.84,-10.71,-10.79,-10.71,-10.71,-10.71,-10.65,-10.65,-10.84,-10.65,-10.71,-10.57,-10.57,-10.17,-10.38,-10.71,-10.65,-10.52,-10.65,-10.79,-10.44,-10.57,-10.65,-10.71,-10.57,-10.79,-10.79,-10.84,-10.79,-10.84,-10.57,-10.57,-10.84,-10.71,-10.65,-10.84,-10.84,-10.79,-11.14,-11.14,-11.27,-11.41,-11.27,-11.27,-11.19,-11.27,-11.41,-11.41,-11.41,-11.63,-11.27,-11.27,-11.63,-11.36,-11.63,-11.19,-11.49,-11.49,-11.27,-11.19,-11.41,-10.84,-11.36,-11.36,-11.41,-11.55,-11.19,-11.27,-11.49,-11.36,-11.63,-11.85,-11.27,-11.55,-11.49,-11.68,-11.68,-11.55,-11.41,-11.36,-11.55,-11.63,-11.55,-11.41,-11.98,-11.76,-11.49,-11.85,-11.49,-11.06,-11.36,-11.41,-11.19,-11.49,-11.00,-11.06,-11.14,-11.06,-11.00,-11.27,-11.76,-11.27,-11.63,-11.63,-11.41,-11.68,-11.55,-11.63,-11.55,-11.68,-11.90,-11.85,-11.85,-11.98,-11.76,-11.63,-11.90,-11.85,-11.36,-11.76,-11.90,-11.76,-11.63,-11.63,-11.76,-11.90,-11.63,-11.76,-11.76,-11.76,-11.63,-11.85,-12.12,-11.49,-11.90,-11.85,-11.90,-11.90,-12.04,-11.98,-11.98,-11.76,-12.26,-11.76,-11.90,-11.85,-11.98,-12.34,-11.85,-11.98,-11.90,-11.68,-11.49,-11.63,-11.55,-11.85,-11.68,-11.85,-11.85,-11.68,-11.85,-12.04,-11.90,-11.98,-12.04,-11.98,-11.90,-11.98,-12.04,-11.85,-12.12,-11.98,-12.39,-12.39,-11.90,-12.20,-12.34,-12.04,-12.04,-12.39,-11.98,-12.12,-12.48,-12.34,-12.26,-11.98,-11.98,-12.12,-12.48,-11.98,-12.39,-12.12,-12.39,-12.12,-12.12,-12.04,-12.20,-12.39,-12.12,-12.04,-12.20,-12.39,-12.56,-12.39,-12.39,-12.61
-12.70,-12.48,-12.12,-12.12,-12.39,-12.34,-12.48,-12.39,-12.26,-12.34,-12.48,-12.56,-12.39,-12.26,-12.26,-12.26,-12.12,-12.12,-12.39,-12.26,-12.39,-12.39,-12.34,-11.76,-12.39,-11.90,-11.98,-12.20,-12.04,-12.12,-12.34,-12.04,-12.12,-12.26,-12.20,-11.98,-11.85,-12.34,-11.90,-12.04,-12.04,-11.90,-12.20,-12.04,-12.04,-12.12,-12.26,-11.90,-11.68,-12.26,-11.98,-11.63,-11.63,-11.98,-12.26,-11.90,-11.68,-11.98,-12.12,-11.63,-11.76,-11.85,-11.85,-11.68,-11.76,-11.85,-11.68,-11.68,-11.68,-11.63,-12.34,-11.76,-11.68,-12.04,-11.85,-12.20,-11.98,-11.85,-11.68,-11.63,-12.20,-11.90,-11.85,-11.49,-11.98,-11.98,-11.98,-12.12,-11.68,-11.76,-11.98,-11.76,-11.90,-12.04,-11.76,-12.04,-11.76,-11.85,-11.90,-11.85,-11.68,-11.63,-11.63,-11.76,-11.55,-11.85,-11.68,-11.76,-11.63,-11.68,-11.68,-11.41,-11.63,-11.68,-11.68,-11.63,-11.68,-11.63,-11.55,-11.36,-11.55,-11.27,-11.27,-11.06,-11.36,-11.36,-11.36,-11.14,-11.19,-11.27,-11.19,-11.76,-11.68,-11.76,-11.76,-11.85,-11.55,-11.68,-11.49,-11.68,-11.68,-11.06,-11.49,-11.27,-11.36,-11.63,-11.36,-11.90,-11.36,-11.68,-11.63,-11.55,-11.63,-11.19,-11.27,-11.68,-11.68,-11.63,-11.27,-11.41,-11.49,-11.55,-11.06,-11.68,-11.55,-11.00,-11.19,-11.41,-11.14,-11.00,-11.19,-11.06,-11.00,-10.79,-10.92,-10.84,-10.92,-10.92,-10.92,-10.79,-10.84,-10.79,-10.92,-10.84,-10.44,-10.84,-10.84,-10.44,-10.79,-10.71,-10.38,-10.71,-10.65,-10.84,-10.65,-10.44,-10.65,-10.71,-10.92,-10.79,-10.92,-10.92,-11.00,-11.00,-10.79,-10.22,-10.52,-10.79,-10.71,-10.44,-10.92,-10.79,-11.00,-10.65,-11.14,-11.41,-11.55,-11.27,-11.49,-11.41,-11.27,-11.36,-11.63,-11.68,-11.68,-11.36,-11.36,-11.41,-11.55,-11.49,-11.41,-11.36,-11.36,-11.41,-11.36,-11.55,-11.55,-11.63,-11.76,-11.49,-11.41,-11.19,-11.14,-11.41,-11.68,-11.63,-11.85,-11.76,-11.76,-11.63,-11.63,-11.49,-11.90,-11.55,-11.41,-11.55,-11.76,-11.76,-11.76,-11.63,-11.68,-11.76,-11.55,-11.76,-11.41,-11.49,-11.68,-11.55,-11.41,-11.27,-11.41,-11.19,-11.19,-11.41,-11.14,-11.06,-11.27,-11.41,-11.19,-11.36,-11.63,-11.49,-11.55,-11.76,-11.76,-11.90,-11.49,-11.98,-11.68,-11.76,-11.98,-11.76,-11.76,-12.20,-11.63,-11.55,-11.90,-11.76,-11.41,-11.63,-11.68,-11.63,-11.76,-11.76,-11.68,-11.68,-11.76,-11.63,-11.76,-11.55,-11.68,-11.76,-11.76,-11.85,-11.85,-11.76,-11.76,-11.76,-11.76,-11.49,-11.63,-12.20,-11.90,-12.04,-11.49,-12.04,-11.76,-11.63,-11.68,-11.85,-11.68,-12.04,-11.90,-11.68,-11.55,-11.76,-11.68,-11.63,-12.04,-11.85,-11.85,-12.12,-11.90,-11.76,-12.12,-11.85,-12.48,-11.85,-12.34,-11.85,-12.12,-12.04,-12.04,-12.26,-12.48,-12.12,-11.98,-12.12,-11.90,-11.98,-11.90,-12.04,-12.20,-12.04,-12.26,-12.39,-12.12,-12.26,-12.48,-11.98,-12.61,-12.26,-12.39,-12.04,-12.48,-12.48,-12.20,-12.12,-12.26,-12.34,-12.56,-12.12
-12.56,-12.34,-12.26,-12.39,-12.12,-12.39,-12.34,-12.70,-12.56,-12.20,-12.48,-12.56,-12.61,-12.34,-12.20,-11.98,-12.56,-12.39,-12.39,-12.04,-12.34,-11.90,-12.26,-12.04,-12.04,-12.34,-12.20,-11.98,-12.04,-11.98,-11.98,-12.12,-11.90,-12.04,-12.12,-11.85,-11.98,-11.76,-12.04,-11.98,-11.90,-12.26,-12.12,-12.20,-11.85,-11.90,-12.04,-11.85,-11.68,-11.68,-11.98,-11.68,-12.34,-11.98,-12.12,-11.90,-11.68,-11.85,-11.90,-11.85,-12.04,-11.90,-11.49,-12.04,-11.85,-12.04,-12.04,-11.68,-12.20,-11.98,-12.04,-11.98,-11.68,-11.63,-12.04,-11.76,-11.55,-11.85,-11.76,-11.98,-11.90,-11.90,-11.85,-11.98,-11.98,-11.55,-11.90,-11.90,-12.12,-11.85,-11.90,-11.98,-11.76,-11.85,-11.98,-11.90,-11.76,-11.90,-11.63,-11.68,-11.63,-11.55,-11.68,-11.68,-11.63,-11.85,-11.76,-11.98,-11.68,-11.55,-11.63,-11.68,-11.68,-11.55,-11.27,-11.55,-11.76,-11.41,-11.41,-11.36,-11.36,-11.55,-11.14,-11.00,-11.63,-11.36,-11.00,-11.06,-11.19,-11.27,-11.55,-11.68,-11.49,-11.27,-11.49,-11.41,-11.49,-11.36,-11.27,-11.63,-11.68,-11.76,-11.55,-11.63,-11.49,-11.76,-11.68,-11.49,-11.55,-11.41,-11.76,-11.63,-11.55,-11.55,-11.55,-11.36,-11.76,-11.49,-11.19,-11.49,-11.49,-11.19,-11.06,-11.19,-11.55,-11.36,-11.19,-11.06,-11.19,-11.06,-11.14,-11.00,-10.79,-10.84,-11.00,-10.84,-10.79,-10.92,-10.92,-10.71,-10.79,-10.30,-10.65,-10.65,-10.79,-10.84,-10.65,-10.65,-10.44,-10.17,-10.92,-10.30,-10.84,-10.79,-10.57,-10.57,-10.79,-10.79,-11.06,-10.71,-10.52,-10.92,-10.57,-10.92,-10.71,-10.57,-10.57,-11.00,-10.79,-10.79,-11.06,-10.71,-10.92,-11.14,-11.19,-11.00,-11.41,-11.06,-11.19,-11.41,-11.00,-11.36,-11.36,-11.49,-11.49,-11.27,-11.49,-11.55,-11.49,-11.36,-11.41,-11.27,-11.41,-11.49,-11.36,-11.36,-11.41,-11.36,-11.36,-11.19,-11.63,-11.27,-11.36,-11.63,-11.41,-11.41,-11.19,-11.55,-11.41,-11.76,-11.68,-11.76,-11.63,-11.55,-11.90,-11.36,-11.49,-11.63,-11.85,-11.41,-11.55,-11.41,-11.85,-11.55,-11.68,-11.49,-11.41,-11.76,-11.76,-11.36,-11.68,-11.41,-10.79,-11.14,-11.41,-11.14,-11.27,-11.27,-11.27,-11.36,-11.68,-11.49,-11.76,-11.55,-11.76,-11.85,-11.90,-11.55,-11.63,-11.98,-11.55,-11.76,-11.98,-11.63,-11.76,-11.85,-11.63,-11.85,-11.76,-11.49,-11.55,-11.76,-11.68,-11.55,-11.90,-11.76,-11.85,-11.41,-11.85,-11.76,-11.85,-11.90,-11.85,-11.63,-11.85,-11.55,-11.85,-11.68,-11.85,-11.85,-12.04,-11.63,-11.49,-11.98,-11.85,-11.63,-12.12,-11.55,-11.49,-11.63,-11.76,-11.68,-11.68,-11.76,-11.68,-11.68,-11.68,-11.85,-11.98,-11.76,-12.04,-12.04,-11.98,-11.55,-11.76,-12.26,-11.68,-11.90,-12.20,-11.98,-11.98,-11.98,-11.76,-12.12,-11.90,-12.20,-11.68,-12.26,-12.12,-12.26,-12.20,-12.04,-11.90,-12.20,-12.20,-12.04,-12.48,-11.90,-12.20,-11.90,-12.12,-12.04,-11.98,-12.12,-12.26,-12.78,-12.61,-12.20,-12.12,-12.26,-12.04,-12.56
-12.12,-12.12,-12.48,-12.04,-12.39,-12.34,-12.39,-12.39,-12.34,-12.39,-12.34,-12.34,-12.34,-12.26,-12.39,-12.34,-12.39,-12.20,-12.26,-12.26,-12.26,-12.04,-12.20,-12.20,-11.76,-12.39,-11.98,-11.90,-11.98,-11.90,-11.76,-12.39,-12.04,-11.90,-12.04,-11.85,-11.98,-12.20,-11.90,-11.98,-11.98,-11.68,-11.85,-11.76,-11.90,-11.90,-11.90,-12.04,-11.90,-11.85,-11.98,-11.90,-12.20,-12.04,-11.90,-11.90,-11.68,-11.76,-11.85,-11.90,-11.85,-11.76,-11.85,-11.98,-11.85,-11.90,-12.04,-11.90,-11.68,-11.85,-11.85,-11.85,-11.63,-11.90,-11.55,-11.98,-11.98,-12.20,-12.20,-11.90,-11.85,-11.63,-11.85,-12.12,-11.49,-11.98,-12.04,-11.63,-11.68,-11.76,-11.98,-11.68,-11.85,-11.76,-11.76,-11.63,-12.04,-11.55,-11.90,-11.68,-11.63,-11.76,-11.41,-12.12,-11.76,-11.41,-11.49,-12.04,-11.68,-11.76,-11.49,-11.63,-11.41,-11.68,-11.36,-11.36,-11.76,-11.36,-11.36,-11.19,-11.27,-11.14,-11.06,-11.06,-11.19,-11.19,-11.49,-11.68,-11.27,-11.14,-11.55,-11.49,-11.41,-11.55,-11.49,-11.85,-11.49,-11.41,-11.27,-11.68,-11.27,-11.41,-11.36,-11.49,-11.41,-11.41,-11.41,-11.36,-11.36,-11.41,-11.55,-11.36,-11.41,-11.55,-11.36,-11.27,-11.63,-11.27,-11.19,-11.49,-11.41,-11.14,-11.27,-11.27,-11.19,-11.14,-11.14,-11.19,-11.06,-11.14,-11.00,-11.19,-10.92,-10.38,-10.84,-10.92,-10.79,-10.92,-11.00,-10.79,-11.00,-10.84,-10.71,-10.79,-10.65,-10.71,-10.71,-10.57,-10.79,-10.44,-10.79,-10.84,-11.00,-10.52,-10.65,-10.92,-10.71,-10.65,-10.65,-10.79,-10.92,-10.52,-10.65,-10.84,-10.84,-11.00,-11.00,-10.84,-10.65,-10.71,-10.92,-10.79,-10.52,-11.06,-10.84,-10.92,-11.27,-11.41,-11.14,-11.41,-11.49,-11.41,-11.36,-11.41,-11.27,-11.36,-11.27,-11.36,-11.49,-11.41,-11.36,-11.27,-11.55,-11.36,-11.55,-11.68,-11.49,-11.27,-11.49,-11.49,-11.55,-11.49,-11.55,-11.63,-11.49,-11.49,-11.36,-11.63,-11.49,-11.41,-11.55,-11.55,-11.63,-11.19,-11.63,-11.76,-11.36,-11.63,-11.68,-11.55,-11.36,-11.76,-11.76,-11.63,-11.27,-11.36,-11.55,-11.36,-11.36,-11.36,-11.63,-11.27,-11.19,-11.19,-11.41,-11.19,-11.06,-11.06,-11.06,-11.14,-11.49,-11.49,-11.41,-11.76,-11.27,-11.49,-11.68,-11.68,-11.68,-11.63,-11.98,-11.76,-11.68,-11.68,-11.85,-11.68,-11.76,-12.04,-11.76,-11.63,-11.85,-11.41,-11.90,-11.68,-11.68,-11.76,-11.36,-11.68,-12.04,-11.85,-11.76,-11.90,-11.90,-11.85,-11.76,-12.12,-11.90,-11.85,-11.98,-11.85,-12.04,-11.49,-11.76,-11.76,-12.12,-11.85,-11.85,-11.85,-11.85,-11.68,-11.55,-11.49,-11.49,-11.76,-11.90,-11.76,-11.85,-11.63,-11.76,-11.90,-12.04,-12.04,-11.85,-11.76,-12.26,-11.68,-12.04,-12.20,-11.98,-12.04,-11.90,-11.98,-12.12,-12.04,-12.12,-12.12,-12.12,-12.20,-12.12,-12.04,-12.20,-12.12,-12.12,-12.20,-12.20,-12.12,-12.04,-11.98,-12.70,-11.76,-12.39,-12.34,-12.20,-12.26,-12.12,-12.34,-12.34,-11.85,-12.34,-12.39,-12.48,-12.20
-12.70,-12.39,-12.26,-12.20,-12.48,-12.26,-12.78,-12.20,-12.26,-12.39,-12.48,-12.39,-12.39,-12.20,-12.12,-12.39,-12.12,-12.20,-12.34,-11.76,-12.04,-11.98,-12.34,-12.12,-12.20,-12.34,-11.98,-12.04,-12.26,-11.98,-11.76,-12.04,-11.98,-11.98,-11.76,-11.76,-11.85,-11.90,-11.98,-12.04,-12.20,-12.04,-11.90,-11.98,-12.20,-11.85,-12.04,-11.98,-11.76,-11.85,-11.85,-11.90,-11.90,-11.85,-11.68,-12.26,-11.85,-11.85,-11.76,-11.98,-11.85,-12.20,-11.63,-11.90,-12.12,-11.85,-11.90,-11.90,-12.12,-12.12,-12.26,-12.20,-12.04,-11.90,-11.98,-11.98,-12.12,-11.98,-12.26,-11.76,-11.76,-11.76,-11.98,-11.90,-11.98,-11.55,-12.12,-11.90,-11.76,-11.76,-12.04,-11.85,-11.76,-11.76,-12.12,-11.55,-11.90,-11.68,-11.68,-12.26,-11.90,-11.76,-11.76,-11.85,-12.12,-11.76,-11.63,-11.41,-11.63,-11.76,-11.36,-11.63,-11.76,-11.06,-11.85,-11.68,-11.49,-11.27,-11.49,-11.55,-11.19,-11.49,-11.36,-11.00,-11.55,-11.36,-11.76,-11.85,-11.55,-11.55,-11.68,-11.55,-11.49,-11.85,-11.68,-11.27,-11.27,-11.36,-11.27,-11.27,-11.85,-11.68,-11.49,-11.68,-11.41,-11.41,-11.68,-11.41,-11.68,-11.49,-11.55,-11.76,-11.41,-11.68,-11.68,-11.76,-11.14,-11.55,-11.36,-11.41,-11.63,-11.76,-11.63,-11.41,-11.06,-11.55,-10.92,-11.00,-10.92,-11.00,-10.84,-11.14,-10.92,-10.84,-10.79,-10.65,-11.14,-11.06,-11.00,-10.92,-10.92,-10.92,-11.00,-10.71,-10.65,-10.71,-10.44,-10.57,-10.71,-10.84,-10.44,-10.44,-10.79,-11.00,-11.00,-10.71,-10.84,-10.71,-11.00,-10.79,-11.06,-10.84,-11.14,-11.00,-11.00,-10.65,-10.71,-10.38,-10.52,-10.79,-10.65,-10.84,-10.79,-10.79,-10.92,-10.84,-11.06,-11.00,-11.41,-11.41,-11.14,-11.76,-11.63,-11.41,-11.68,-11.49,-11.55,-11.36,-11.00,-11.55,-11.49,-11.55,-11.49,-11.36,-11.27,-11.19,-11.27,-11.49,-11.27,-11.63,-11.14,-11.27,-11.36,-11.76,-11.55,-11.49,-11.49,-11.55,-11.41,-11.63,-11.49,-11.55,-11.63,-11.55,-11.63,-11.68,-11.49,-11.55,-11.19,-11.55,-11.55,-11.68,-11.68,-11.68,-11.98,-11.49,-11.55,-11.49,-11.49,-11.55,-11.49,-11.36,-11.41,-11.19,-11.19,-11.27,-11.19,-11.41,-10.92,-11.06,-11.27,-11.68,-11.06,-11.19,-11.41,-11.63,-11.63,-11.49,-11.76,-11.76,-11.63,-11.76,-12.04,-11.63,-11.76,-11.49,-11.98,-11.85,-11.98,-11.85,-11.85,-11.76,-11.76,-11.76,-11.85,-11.63,-11.68,-12.12,-11.68,-11.98,-11.76,-11.85,-11.76,-11.90,-11.76,-11.85,-11.68,-11.68,-11.68,-11.68,-12.20,-11.76,-12.04,-11.90,-11.85,-11.63,-11.90,-11.98,-11.85,-11.76,-11.76,-11.85,-11.76,-11.55,-12.04,-11.98,-11.76,-11.76,-12.26,-11.98,-12.12,-11.98,-11.85,-11.76,-11.90,-11.85,-12.04,-11.98,-12.04,-11.98,-11.76,-11.90,-11.90,-11.98,-11.90,-11.76,-11.90,-12.34,-12.34,-12.26,-12.12,-12.48,-12.39,-12.26,-12.34,-12.39,-12.20,-11.98,-12.20,-12.04,-12.26,-12.12,-12.56,-12.39,-12.12,-12.04,-12.26,-12.12,-12.34,-12.26,-12.56,-12.61
-12.78,-12.48,-12.56,-12.20,-12.20,-12.56,-12.48,-12.48,-12.34,-12.39,-12.39,-12.26,-12.48,-12.39,-11.98,-12.12,-12.12,-12.26,-12.04,-12.04,-12.26,-12.34,-11.90,-12.04,-12.20,-11.90,-12.39,-12.12,-11.98,-12.04,-12.26,-11.76,-12.12,-12.12,-12.04,-12.20,-12.04,-12.12,-12.20,-12.20,-12.26,-11.76,-11.98,-11.85,-12.04,-11.49,-12.20,-12.26,-11.85,-11.90,-11.63,-11.98,-11.90,-11.49,-12.26,-11.85,-11.55,-11.85,-11.85,-12.26,-11.85,-12.12,-12.20,-12.12,-12.26,-11.98,-11.85,-12.20,-12.04,-11.41,-11.90,-11.76,-12.20,-12.26,-11.98,-12.26,-12.12,-11.76,-11.85,-12.04,-11.76,-11.85,-11.76,-11.85,-12.12,-11.90,-11.76,-11.85,-11.55,-11.76,-11.68,-12.12,-11.85,-11.49,-11.68,-11.55,-11.68,-11.68,-11.85,-11.55,-11.76,-11.68,-11.63,-11.63,-11.55,-11.63,-11.85,-11.41,-11.41,-11.49,-11.49,-11.76,-11.68,-11.27,-11.41,-11.14,-11.36,-11.36,-11.06,-11.06,-11.27,-11.27,-11.36,-11.36,-11.41,-11.36,-11.14,-11.27,-11.63,-11.49,-11.36,-11.55,-11.76,-11.55,-11.55,-11.49,-11.36,-11.85,-11.68,-11.85,-11.49,-11.68,-11.63,-11.90,-11.63,-11.63,-11.85,-11.68,-11.76,-11.55,-11.85,-11.55,-11.41,-11.55,-11.36,-11.55,-11.49,-11.36,-11.55,-11.63,-11.41,-11.63,-11.49,-11.27,-11.55,-11.14,-11.06,-11.14,-11.19,-11.14,-11.00,-11.00,-11.06,-10.92,-11.00,-10.84,-10.71,-10.71,-10.84,-10.65,-10.84,-10.84,-10.71,-10.71,-10.79,-10.79,-10.52,-10.38,-10.38,-10.92,-10.38,-10.65,-10.44,-10.79,-10.79,-10.57,-10.57,-10.84,-10.84,-11.00,-10.92,-10.92,-10.79,-10.79,-10.92,-11.06,-10.79,-10.79,-10.71,-10.44,-10.79,-10.79,-10.79,-10.92,-10.92,-11.06,-11.27,-11.06,-11.63,-11.36,-11.41,-11.63,-11.41,-11.63,-11.55,-11.90,-11.49,-11.49,-11.49,-11.49,-11.49,-11.55,-11.27,-11.63,-11.55,-11.68,-11.41,-11.55,-11.49,-11.55,-11.55,-11.41,-11.49,-11.19,-11.68,-11.68,-11.68,-11.36,-11.49,-11.49,-11.55,-11.68,-11.63,-11.49,-11.63,-11.49,-11.85,-11.55,-11.68,-12.04,-11.90,-11.68,-11.55,-11.63,-11.49,-11.90,-11.76,-11.41,-11.68,-11.19,-11.49,-11.49,-11.36,-11.27,-11.36,-11.36,-11.36,-11.00,-11.27,-11.06,-11.36,-11.36,-11.55,-11.49,-11.36,-11.63,-11.49,-11.68,-11.55,-11.68,-11.68,-11.85,-11.76,-11.85,-11.63,-11.76,-11.90,-11.36,-11.85,-11.68,-11.68,-11.76,-11.85,-11.85,-11.68,-11.63,-11.76,-11.68,-11.68,-11.98,-11.68,-11.76,-11.90,-11.55,-11.85,-11.90,-12.04,-11.85,-11.85,-12.20,-11.90,-11.98,-11.76,-12.04,-11.68,-11.76,-11.76,-11.76,-11.55,-11.76,-11.41,-11.49,-11.63,-11.85,-11.63,-11.76,-11.55,-11.90,-11.76,-11.98,-11.76,-11.90,-11.90,-11.85,-11.68,-11.98,-12.04,-12.04,-12.48,-12.12,-12.04,-11.85,-12.20,-11.98,-12.12,-12.26,-11.68,-12.20,-12.20,-11.98,-12.26,-12.04,-12.12,-12.26,-12.04,-12.26,-11.90,-12.34,-12.20,-12.04,-12.20,-11.98,-12.20,-12.20,-12.26,-12.12,-12.39,-12.39,-12.39,-12.48,-12.20,-12.34
-12.12,-12.39,-12.26,-12.39,-12.61,-12.70,-12.34,-12.48,-12.26,-12.26,-12.20,-12.56,-12.34,-12.34,-12.26,-12.20,-12.12,-12.39,-11.85,-12.39,-12.04,-12.39,-12.04,-12.04,-12.04,-11.85,-11.85,-11.90,-12.12,-12.04,-11.90,-12.12,-12.04,-11.68,-12.12,-11.98,-12.12,-11.98,-11.90,-12.04,-12.04,-11.98,-11.98,-11.85,-11.90,-12.04,-11.85,-11.85,-11.85,-11.98,-12.04,-11.90,-11.90,-11.98,-11.90,-11.63,-11.68,-11.85,-11.55,-11.76,-11.98,-11.85,-11.90,-11.90,-11.90,-11.98,-11.85,-11.90,-12.12,-11.76,-11.63,-11.85,-12.04,-12.04,-11.68,-11.68,-11.98,-11.76,-12.04,-11.98,-11.76,-11.63,-12.12,-11.76,-11.76,-11.49,-11.85,-11.98,-11.68,-11.98,-11.90,-11.68,-11.85,-11.76,-11.98,-11.90,-11.68,-12.04,-11.55,-11.90,-11.68,-11.85,-11.85,-11.63,-11.98,-11.63,-11.49,-11.76,-11.63,-11.41,-11.63,-11.55,-11.63,-11.68,-11.49,-11.14,-11.36,-11.55,-11.19,-11.55,-11.19,-11.41,-11.49,-11.55,-11.36,-11.41,-11.41,-11.68,-11.63,-11.90,-11.41,-11.90,-11.68,-11.55,-11.36,-11.68,-11.68,-11.49,-11.49,-11.76,-11.63,-11.41,-11.76,-11.63,-11.90,-11.76,-11.55,-11.55,-11.85,-11.63,-11.41,-11.36,-11.49,-11.49,-11.76,-11.19,-11.55,-11.27,-11.41,-11.68,-11.49,-11.49,-11.19,-11.41,-11.27,-11.41,-11.27,-11.41,-10.84,-11.14,-11.00,-11.19,-11.00,-10.92,-11.06,-11.06,-11.14,-11.06,-11.36,-10.92,-11.14,-11.14,-10.79,-11.00,-10.84,-10.79,-10.84,-10.44,-10.57,-10.52,-10.65,-10.57,-10.65,-10.71,-10.79,-10.71,-10.79,-10.65,-10.79,-11.06,-10.92,-10.65,-10.71,-10.84,-10.71,-10.92,-10.84,-10.71,-10.84,-10.79,-10.79,-10.71,-10.84,-10.79,-11.06,-11.41,-11.36,-11.41,-11.49,-11.36,-11.27,-11.36,-11.14,-11.55,-11.49,-11.27,-11.49,-11.76,-11.36,-11.55,-11.14,-11.27,-11.49,-11.55,-11.36,-11.41,-11.55,-11.27,-11.49,-11.36,-11.49,-11.55,-11.76,-11.36,-11.63,-11.55,-11.49,-11.63,-11.36,-11.55,-11.85,-11.36,-11.55,-11.68,-12.04,-11.98,-11.41,-11.90,-11.63,-11.41,-11.76,-11.68,-11.85,-11.85,-11.41,-11.49,-11.63,-11.55,-11.55,-11.85,-11.36,-11.68,-11.49,-11.36,-11.49,-11.41,-11.36,-11.49,-11.14,-10.84,-11.14,-11.19,-11.06,-11.19,-11.27,-11.41,-11.63,-11.41,-11.63,-11.68,-11.90,-11.63,-11.68,-11.85,-11.90,-11.49,-11.68,-11.49,-11.90,-11.90,-11.85,-11.76,-11.68,-11.85,-11.63,-11.49,-11.98,-11.63,-11.85,-11.68,-11.76,-11.85,-11.98,-11.98,-11.98,-11.55,-12.12,-11.90,-11.76,-11.90,-11.68,-11.68,-11.85,-11.85,-11.68,-11.55,-11.68,-11.63,-11.49,-11.68,-11.76,-12.04,-11.49,-11.63,-11.68,-11.63,-11.55,-11.68,-11.76,-11.85,-11.68,-11.90,-11.90,-12.34,-11.76,-11.68,-12.04,-11.85,-12.12,-12.12,-12.20,-12.20,-12.26,-12.04,-12.20,-12.26,-11.98,-12.04,-12.04,-11.85,-12.34,-11.76,-11.98,-12.26,-12.26,-11.85,-12.34,-12.12,-12.20,-12.39,-12.39,-12.04,-12.26,-12.26,-12.20,-12.20,-12.20,-12.26,-12.48,-12.34,-12.20,-12.70
-12.61,-12.34,-12.39,-12.48,-12.61,-12.26,-12.56,-12.70,-11.90,-12.34,-12.39,-12.48,-12.34,-12.39,-12.12,-12.26,-12.26,-12.34,-12.04,-12.34,-12.48,-11.98,-12.39,-12.12,-12.04,-12.12,-11.98,-12.12,-12.04,-11.90,-12.04,-12.04,-11.98,-12.04,-12.26,-12.04,-11.36,-12.20,-12.04,-11.90,-12.12,-11.85,-11.98,-12.26,-12.04,-11.98,-11.85,-11.90,-12.20,-11.90,-11.90,-11.63,-11.90,-11.98,-11.90,-11.98,-12.20,-11.68,-11.98,-11.76,-11.76,-11.85,-11.85,-12.12,-12.04,-11.85,-11.98,-12.04,-11.98,-11.98,-11.98,-12.04,-11.85,-12.20,-12.04,-12.04,-11.90,-12.12,-11.90,-11.68,-11.85,-11.76,-11.98,-11.76,-11.63,-11.68,-11.85,-11.76,-11.76,-11.68,-11.76,-11.90,-11.68,-11.63,-11.68,-11.49,-11.90,-11.85,-12.20,-11.76,-11.76,-11.68,-11.63,-11.98,-11.85,-11.68,-11.41,-11.76,-11.49,-11.85,-11.63,-11.68,-11.90,-11.14,-11.49,-11.41,-11.55,-11.41,-11.27,-11.36,-11.36,-11.68,-11.19,-11.36,-11.41,-11.63,-11.49,-11.19,-11.36,-11.55,-11.68,-11.76,-11.68,-11.90,-11.41,-11.55,-11.68,-11.63,-11.68,-11.36,-11.68,-11.49,-11.85,-11.49,-11.68,-11.68,-11.49,-11.49,-11.41,-11.49,-11.41,-11.90,-11.49,-11.00,-11.36,-11.27,-11.27,-11.41,-11.49,-11.36,-11.41,-11.49,-11.55,-11.49,-11.36,-11.49,-11.36,-11.14,-11.00,-10.84,-11.00,-11.14,-11.00,-10.65,-10.92,-11.06,-10.84,-11.06,-10.71,-11.06,-10.65,-10.57,-10.92,-10.84,-10.52,-10.71,-11.00,-10.79,-10.79,-10.71,-10.52,-10.57,-10.52,-10.65,-10.92,-11.00,-11.06,-11.06,-10.92,-11.19,-11.00,-10.92,-10.71,-11.00,-11.00,-11.00,-11.14,-11.00,-10.92,-10.71,-10.84,-10.79,-10.84,-10.84,-11.36,-10.92,-11.00,-11.19,-11.55,-11.14,-11.19,-11.49,-11.49,-11.55,-11.68,-11.49,-11.49,-11.27,-11.27,-11.41,-11.41,-11.36,-11.41,-11.41,-11.55,-11.41,-11.41,-11.36,-11.36,-11.41,-11.27,-11.36,-11.68,-11.49,-11.36,-11.36,-11.36,-11.55,-11.63,-11.85,-11.36,-11.68,-11.63,-11.63,-11.55,-11.55,-11.55,-11.36,-11.55,-11.68,-11.98,-11.63,-11.55,-11.68,-11.98,-11.63,-11.49,-11.76,-11.63,-11.41,-11.49,-11.49,-11.55,-11.36,-11.49,-11.14,-11.41,-11.27,-11.14,-11.19,-11.27,-11.00,-11.14,-11.14,-11.27,-11.27,-11.68,-11.68,-11.63,-11.49,-11.68,-11.49,-11.76,-11.85,-11.85,-12.12,-11.98,-11.76,-11.76,-12.04,-11.68,-11.68,-11.55,-11.90,-12.12,-11.85,-11.76,-11.63,-11.85,-11.68,-11.90,-11.76,-11.55,-11.55,-11.98,-12.12,-11.85,-11.63,-11.85,-11.85,-11.76,-11.76,-12.04,-12.20,-12.12,-11.76,-11.98,-11.76,-12.12,-11.85,-12.04,-11.68,-11.76,-11.63,-11.49,-11.41,-11.55,-11.63,-12.12,-11.98,-11.63,-11.76,-11.85,-12.04,-11.76,-11.63,-11.76,-11.85,-11.85,-12.20,-11.85,-12.20,-11.85,-12.04,-11.90,-11.85,-12.04,-12.12,-12.12,-11.98,-12.39,-12.20,-12.39,-12.39,-12.04,-11.85,-12.26,-12.26,-12.20,-12.12,-11.90,-12.56,-12.20,-12.20,-12.34,-12.20,-12.61,-12.48,-12.39,-12.39,-12.34,-12.04
-12.34,-12.34,-12.34,-12.39,-12.20,-12.56,-12.56,-12.39,-12.56,-12.34,-12.26,-12.12,-12.34,-12.39,-11.98,-12.34,-12.12,-12.04,-12.12,-12.20,-12.26,-11.98,-12.20,-12.12,-12.04,-12.12,-11.98,-12.04,-12.20,-12.04,-12.12,-12.20,-12.04,-12.34,-12.20,-12.26,-12.12,-11.55,-11.90,-11.98,-11.85,-11.98,-11.98,-11.63,-12.12,-11.90,-11.76,-12.12,-11.76,-11.85,-11.90,-12.04,-11.63,-12.34,-11.76,-11.98,-11.90,-12.12,-12.26,-11.90,-12.20,-11.85,-12.39,-12.26,-11.98,-11.90,-12.20,-12.12,-12.12,-11.98,-12.26,-12.12,-11.76,-12.20,-12.12,-11.98,-12.26,-12.04,-12.12,-12.20,-11.76,-12.04,-12.12,-11.85,-11.90,-12.12,-11.90,-11.68,-11.49,-11.90,-11.85,-11.76,-12.04,-12.12,-11.68,-11.76,-11.85,-11.90,-11.76,-11.76,-11.85,-11.85,-11.63,-11.63,-11.63,-11.55,-11.68,-11.85,-11.55,-11.76,-11.41,-11.63,-11.68,-11.14,-11.63,-11.27,-11.27,-11.19,-11.27,-11.14,-11.27,-11.49,-11.68,-11.85,-11.68,-11.55,-11.63,-12.04,-11.55,-11.90,-11.49,-11.55,-11.76,-11.55,-11.76,-11.76,-11.68,-11.63,-11.76,-11.76,-11.76,-11.76,-11.76,-11.68,-11.85,-11.55,-11.76,-12.04,-11.85,-11.49,-11.63,-11.85,-11.41,-11.55,-11.68,-11.90,-11.55,-11.68,-11.36,-11.49,-11.68,-11.27,-11.49,-11.19,-11.27,-11.49,-11.63,-11.19,-11.00,-11.00,-11.06,-11.27,-11.00,-11.36,-11.00,-10.92,-10.71,-11.00,-10.57,-11.00,-10.79,-10.92,-10.71,-10.44,-10.79,-10.57,-10.84,-10.52,-10.79,-10.52,-10.52,-10.84,-10.84,-10.84,-11.00,-10.84,-11.19,-10.84,-11.06,-11.06,-10.84,-10.79,-10.57,-11.06,-10.65,-10.84,-11.19,-10.79,-11.06,-10.65,-10.65,-11.00,-10.84,-10.71,-10.92,-11.06,-11.41,-11.41,-11.19,-11.06,-11.49,-11.55,-11.55,-11.41,-11.19,-11.76,-11.27,-11.41,-11.36,-11.49,-11.41,-11.49,-11.85,-11.49,-11.49,-11.63,-11.55,-11.63,-11.41,-11.49,-11.55,-11.49,-11.55,-11.36,-11.36,-11.90,-11.55,-11.36,-11.36,-11.63,-11.63,-11.76,-11.41,-11.41,-11.76,-11.85,-11.85,-11.85,-11.90,-11.27,-11.68,-11.36,-11.55,-11.63,-11.63,-11.49,-11.76,-11.36,-11.63,-11.63,-11.63,-11.49,-11.49,-11.55,-11.55,-11.36,-11.63,-11.06,-11.27,-11.14,-11.06,-11.68,-11.19,-11.14,-11.27,-11.49,-11.55,-11.41,-11.63,-11.55,-11.63,-11.68,-11.76,-12.04,-11.49,-11.63,-11.76,-11.55,-11.90,-11.90,-11.85,-11.68,-11.68,-11.19,-11.90,-11.63,-11.98,-11.76,-11.76,-11.76,-11.76,-11.90,-11.49,-11.68,-12.04,-11.90,-11.76,-11.68,-11.90,-11.76,-11.63,-11.68,-11.90,-12.12,-11.55,-11.49,-12.20,-11.55,-12.04,-11.68,-12.04,-11.90,-11.68,-11.63,-11.63,-11.49,-11.63,-11.98,-11.36,-11.90,-11.76,-11.85,-11.68,-11.76,-11.98,-11.85,-11.85,-11.90,-11.98,-12.12,-12.04,-11.85,-12.04,-12.20,-12.04,-11.68,-12.20,-12.04,-12.04,-11.85,-11.98,-12.26,-12.26,-11.98,-12.26,-12.34,-12.20,-12.26,-12.39,-12.48,-12.12,-12.04,-12.26,-12.39,-12.39,-12.20,-12.48,-12.78,-12.39,-12.39,-12.39,-12.48
-12.26,-12.12,-12.39,-12.39,-12.39,-12.39,-12.61,-12.61,-12.56,-12.48,-12.20,-12.39,-11.90,-12.48,-12.12,-11.90,-12.39,-12.48,-11.98,-11.85,-12.04,-12.20,-12.12,-11.90,-12.48,-12.39,-11.90,-11.98,-11.98,-12.12,-12.04,-12.04,-11.68,-11.90,-12.04,-12.20,-12.12,-12.48,-11.85,-11.85,-11.98,-11.90,-11.63,-12.20,-11.85,-11.76,-12.04,-12.04,-11.85,-12.04,-11.76,-11.55,-11.98,-11.76,-11.90,-11.98,-12.20,-11.90,-12.04,-12.04,-11.98,-11.90,-12.20,-12.04,-12.20,-12.26,-12.04,-11.68,-12.04,-12.04,-12.04,-12.12,-12.20,-12.12,-12.26,-12.26,-12.26,-11.98,-12.04,-11.98,-11.90,-11.90,-11.63,-11.85,-12.12,-11.68,-11.98,-12.12,-11.85,-11.85,-11.85,-11.85,-11.90,-11.76,-11.90,-11.68,-11.90,-11.68,-11.90,-11.76,-12.04,-11.68,-11.85,-11.63,-11.76,-11.76,-11.85,-11.41,-11.49,-11.19,-11.68,-11.63,-11.68,-11.36,-11.41,-11.41,-11.49,-11.49,-11.85,-11.63,-11.49,-11.63,-11.49,-11.76,-11.27,-11.49,-11.55,-11.49,-11.36,-11.68,-11.98,-11.49,-11.55,-11.76,-11.85,-11.63,-11.63,-11.27,-11.63,-11.49,-11.76,-11.49,-11.41,-11.63,-11.41,-11.85,-11.63,-11.41,-11.68,-11.19,-11.55,-11.76,-11.49,-11.68,-11.19,-11.85,-11.63,-11.27,-11.76,-11.55,-11.55,-11.55,-11.36,-11.41,-11.55,-11.55,-11.49,-11.27,-11.36,-11.00,-11.06,-11.00,-10.71,-10.92,-10.92,-10.84,-10.71,-10.92,-10.57,-11.06,-10.92,-10.79,-11.19,-10.79,-10.57,-10.57,-10.84,-10.71,-10.30,-10.79,-11.06,-10.84,-10.52,-10.92,-11.00,-10.92,-10.92,-10.71,-11.06,-10.84,-10.79,-11.00,-11.14,-11.00,-11.00,-10.52,-10.84,-11.06,-10.92,-10.79,-10.84,-11.00,-10.79,-11.00,-11.14,-10.79,-11.06,-11.41,-11.27,-11.27,-11.41,-11.27,-11.06,-11.63,-11.19,-11.49,-11.14,-11.63,-11.49,-11.14,-11.19,-11.63,-11.41,-11.49,-11.36,-11.90,-11.63,-11.63,-11.27,-11.63,-11.27,-11.36,-11.68,-11.63,-11.85,-11.63,-11.36,-11.41,-11.68,-11.76,-11.55,-11.55,-11.49,-11.49,-12.12,-11.85,-11.49,-11.90,-11.68,-11.85,-11.68,-11.49,-11.63,-11.68,-11.98,-11.55,-11.27,-11.49,-11.55,-11.36,-11.98,-11.68,-11.55,-11.36,-11.41,-11.49,-11.19,-11.55,-11.36,-11.27,-11.27,-11.36,-11.19,-10.92,-11.19,-11.41,-11.63,-11.68,-11.68,-11.41,-11.41,-11.85,-11.68,-11.63,-11.90,-11.90,-11.85,-11.98,-12.04,-11.90,-11.76,-11.85,-11.98,-11.68,-11.90,-11.63,-11.98,-11.90,-11.68,-11.90,-11.68,-11.85,-11.63,-11.90,-12.04,-11.63,-11.90,-11.90,-11.63,-12.12,-11.85,-11.63,-11.76,-11.85,-11.90,-11.90,-11.63,-11.49,-11.63,-11.55,-11.49,-11.55,-11.90,-11.85,-12.12,-11.49,-11.90,-11.49,-11.68,-11.68,-11.41,-11.68,-11.68,-11.76,-12.04,-11.85,-12.20,-12.12,-11.85,-11.85,-11.98,-12.20,-12.12,-12.12,-12.04,-12.26,-11.98,-12.20,-11.90,-12.12,-12.12,-12.26,-12.26,-12.20,-12.20,-12.04,-12.39,-12.12,-12.34,-12.26,-11.98,-12.48,-12.12,-12.12,-12.26,-12.04,-12.20,-12.48,-12.61,-12.56,-12.12,-12.56
-12.26,-12.61,-12.39,-12.70,-12.20,-12.48,-11.98,-12.34,-12.48,-12.48,-12.48,-12.34,-12.56,-12.83,-12.34,-12.20,-12.12,-12.39,-11.98,-11.85,-12.04,-11.98,-12.20,-11.85,-11.90,-11.90,-11.90,-12.12,-11.90,-12.04,-11.98,-11.90,-12.20,-12.12,-12.34,-12.34,-12.04,-11.55,-12.20,-11.90,-11.98,-11.98,-11.90,-11.85,-12.34,-11.63,-11.90,-11.98,-11.76,-11.90,-11.76,-11.98,-11.63,-11.68,-11.98,-11.76,-12.12,-12.04,-11.90,-11.55,-12.04,-12.04,-11.85,-12.04,-11.98,-12.12,-12.20,-12.12,-11.90,-11.63,-11.68,-12.12,-11.85,-12.12,-12.34,-11.85,-11.76,-12.26,-11.68,-11.98,-11.90,-11.76,-11.85,-11.85,-11.76,-11.85,-11.68,-11.90,-11.68,-11.85,-11.98,-11.98,-11.76,-11.90,-11.76,-11.68,-11.63,-11.63,-11.68,-11.49,-11.63,-11.41,-11.49,-11.63,-11.63,-11.63,-11.68,-11.55,-11.63,-11.68,-11.68,-11.36,-11.19,-11.41,-11.55,-11.19,-11.49,-11.19,-11.63,-11.27,-11.55,-11.63,-11.49,-11.36,-11.49,-11.68,-11.55,-11.55,-11.63,-11.68,-11.41,-11.41,-11.68,-11.76,-11.90,-11.27,-11.63,-11.98,-11.68,-11.68,-11.85,-11.49,-11.85,-11.36,-11.68,-11.55,-11.55,-11.55,-11.85,-11.36,-11.41,-11.36,-11.55,-11.27,-11.49,-11.85,-11.36,-11.49,-11.85,-11.63,-11.55,-11.63,-11.41,-11.19,-11.49,-11.36,-11.41,-11.27,-11.27,-11.19,-11.27,-11.19,-10.92,-11.00,-11.06,-10.92,-11.06,-11.00,-10.84,-11.06,-10.71,-11.14,-10.84,-10.92,-10.71,-10.71,-10.38,-10.57,-10.79,-10.84,-10.84,-11.06,-10.52,-10.92,-11.06,-10.92,-11.00,-10.84,-11.14,-11.27,-11.06,-11.14,-10.84,-10.84,-10.71,-10.71,-11.00,-10.92,-11.00,-10.84,-10.92,-11.14,-10.79,-10.79,-10.71,-10.92,-11.36,-11.00,-11.19,-11.49,-11.55,-11.55,-11.49,-11.41,-11.55,-11.41,-11.41,-11.68,-11.76,-11.49,-11.63,-11.63,-11.55,-11.55,-11.36,-11.68,-11.55,-11.49,-11.41,-11.55,-11.68,-11.55,-11.49,-11.49,-11.63,-11.41,-11.85,-11.63,-11.68,-11.55,-11.27,-11.49,-11.68,-11.63,-11.55,-11.41,-11.55,-11.63,-11.76,-11.85,-11.90,-11.68,-11.55,-11.55,-11.68,-11.85,-11.49,-11.68,-11.63,-11.90,-11.49,-11.63,-11.63,-11.76,-11.90,-11.63,-11.41,-11.41,-11.55,-11.41,-11.41,-11.36,-11.36,-11.27,-11.27,-11.55,-11.27,-11.36,-11.36,-11.27,-11.85,-11.76,-11.41,-11.55,-11.36,-12.12,-11.76,-12.04,-12.12,-12.04,-12.04,-11.98,-11.98,-11.63,-11.98,-11.90,-11.85,-11.85,-11.85,-11.76,-11.63,-11.63,-11.85,-11.68,-11.85,-11.68,-11.98,-11.98,-11.90,-12.04,-11.85,-11.85,-11.76,-11.85,-12.04,-12.20,-12.04,-11.90,-11.68,-11.85,-11.68,-11.76,-11.68,-11.85,-11.41,-11.90,-11.76,-11.76,-11.68,-11.76,-11.90,-11.90,-11.68,-11.63,-11.85,-11.98,-11.68,-11.98,-11.85,-11.85,-12.20,-12.04,-12.04,-11.90,-12.04,-12.34,-12.26,-12.12,-12.12,-11.90,-12.12,-12.39,-12.39,-11.68,-12.26,-12.12,-12.04,-12.34,-12.26,-11.85,-11.76,-11.90,-12.12,-12.34,-12.39,-12.20,-12.39,-12.48,-12.39,-12.48,-12.12,-12.56
-12.48,-12.78,-12.48,-12.34,-12.78,-12.39,-12.26,-12.34,-12.39,-12.48,-12.48,-12.48,-12.34,-12.34,-11.98,-12.26,-12.12,-11.98,-11.98,-12.26,-12.26,-12.04,-12.12,-12.04,-11.90,-12.04,-12.20,-12.12,-12.12,-12.04,-12.12,-12.34,-11.98,-12.39,-12.20,-11.90,-12.20,-11.98,-11.85,-12.20,-11.98,-11.85,-11.90,-11.90,-11.76,-12.04,-11.76,-11.68,-11.85,-12.04,-11.85,-11.90,-11.98,-12.26,-12.04,-11.98,-12.04,-11.85,-12.12,-11.90,-12.34,-12.04,-12.48,-12.39,-11.98,-12.26,-12.12,-12.12,-11.90,-12.04,-12.34,-11.90,-11.98,-11.90,-12.04,-11.98,-12.04,-11.98,-12.12,-12.12,-12.04,-11.76,-12.12,-11.90,-11.98,-12.20,-11.36,-11.85,-11.90,-12.04,-11.98,-12.34,-11.98,-11.98,-11.98,-11.98,-11.68,-11.76,-11.76,-11.68,-11.85,-11.98,-11.90,-11.49,-11.63,-11.90,-11.63,-11.76,-11.63,-11.90,-11.36,-11.27,-11.49,-11.19,-11.19,-11.36,-11.49,-11.41,-11.55,-11.49,-11.49,-11.63,-11.98,-11.41,-11.63,-11.36,-11.76,-12.12,-11.55,-11.85,-11.68,-11.41,-11.76,-11.76,-11.85,-11.68,-11.68,-11.85,-11.49,-11.55,-11.63,-11.76,-11.68,-11.68,-11.55,-11.55,-11.41,-12.04,-11.41,-11.76,-11.41,-11.49,-11.85,-11.55,-11.41,-11.98,-11.76,-11.85,-11.49,-11.36,-11.55,-11.36,-11.76,-11.41,-11.41,-11.68,-11.55,-11.41,-11.27,-11.36,-11.55,-11.06,-10.92,-10.84,-10.92,-11.06,-11.27,-11.00,-11.00,-11.00,-11.14,-11.00,-10.84,-10.84,-10.30,-10.71,-11.00,-10.71,-11.00,-11.14,-10.57,-10.71,-11.00,-10.79,-10.84,-10.57,-11.19,-11.06,-10.71,-10.92,-11.14,-11.06,-10.92,-11.06,-10.79,-11.06,-10.92,-10.71,-10.65,-10.79,-10.79,-11.00,-10.79,-10.92,-10.84,-11.19,-11.36,-11.36,-11.49,-11.41,-11.36,-11.19,-11.55,-11.68,-11.76,-11.36,-11.55,-11.49,-11.55,-11.68,-11.55,-11.55,-11.63,-11.36,-11.41,-11.76,-11.36,-11.63,-11.68,-11.85,-11.49,-11.49,-11.55,-11.27,-11.55,-11.41,-11.41,-11.85,-11.36,-11.85,-11.90,-11.55,-11.90,-11.55,-11.49,-11.49,-11.63,-11.98,-11.76,-11.85,-11.55,-11.90,-11.63,-11.63,-11.68,-11.76,-11.49,-11.85,-11.41,-11.55,-11.49,-11.85,-11.63,-11.76,-11.63,-11.68,-11.27,-11.41,-11.41,-11.76,-11.41,-11.41,-11.36,-11.27,-11.27,-11.41,-11.41,-11.27,-11.63,-11.41,-11.36,-11.41,-11.68,-11.68,-11.41,-11.90,-12.26,-11.98,-11.85,-11.63,-11.68,-11.85,-11.98,-11.76,-11.98,-11.90,-11.85,-11.98,-11.85,-12.04,-11.76,-11.68,-11.85,-11.98,-12.20,-11.68,-11.90,-11.98,-11.98,-11.68,-12.12,-11.90,-12.04,-11.76,-11.76,-12.12,-12.12,-11.90,-11.85,-11.68,-11.85,-11.68,-11.63,-11.63,-11.49,-11.68,-12.04,-11.76,-12.12,-11.76,-11.68,-11.68,-11.76,-12.20,-12.12,-11.85,-11.85,-12.34,-12.04,-11.76,-11.85,-12.39,-11.76,-11.76,-11.68,-12.04,-12.12,-12.12,-11.98,-12.26,-12.12,-12.20,-12.26,-12.12,-12.26,-12.26,-11.90,-12.04,-12.04,-11.98,-12.12,-12.26,-12.26,-12.12,-12.12,-11.98,-12.70,-12.04,-12.34,-12.04,-12.61,-12.56
-12.39,-12.39,-12.39,-12.20,-12.34,-12.34,-12.48,-11.98,-12.78,-12.26,-12.39,-12.26,-11.90,-12.26,-11.98,-12.04,-12.56,-11.90,-12.34,-12.12,-11.98,-12.20,-12.39,-12.20,-11.90,-11.98,-12.26,-12.04,-12.04,-12.04,-12.20,-11.98,-12.20,-12.04,-12.04,-11.76,-12.12,-12.04,-11.68,-11.55,-11.90,-11.90,-11.63,-12.20,-12.04,-11.90,-11.85,-12.26,-12.04,-11.98,-11.85,-12.34,-11.76,-11.98,-11.85,-11.98,-11.98,-11.90,-11.85,-12.39,-12.12,-12.12,-12.26,-12.04,-12.04,-12.12,-12.12,-11.76,-12.12,-11.68,-12.12,-12.20,-12.12,-11.90,-11.98,-12.04,-11.90,-12.12,-11.98,-11.90,-12.04,-11.63,-11.76,-12.04,-11.90,-11.55,-12.04,-11.85,-11.90,-11.76,-11.76,-12.26,-12.04,-11.76,-11.76,-11.68,-11.98,-11.49,-11.76,-11.63,-11.68,-11.55,-11.55,-11.49,-11.41,-11.63,-11.68,-11.63,-11.49,-11.85,-11.41,-11.36,-11.19,-11.19,-11.49,-11.41,-11.27,-11.55,-11.90,-11.36,-11.68,-11.49,-11.49,-11.68,-11.41,-11.55,-11.68,-11.90,-11.55,-12.12,-11.55,-11.63,-11.76,-11.49,-11.68,-11.36,-11.63,-11.63,-11.55,-11.63,-11.63,-11.68,-11.68,-11.68,-11.68,-11.49,-11.55,-11.55,-11.55,-11.55,-11.49,-11.68,-11.76,-11.55,-11.76,-11.63,-11.63,-11.36,-11.76,-11.36,-11.63,-11.55,-11.49,-11.36,-11.19,-11.68,-11.27,-11.19,-11.41,-11.00,-11.06,-11.06,-11.27,-11.06,-11.06,-11.06,-11.00,-10.92,-10.57,-10.79,-10.92,-10.84,-11.00,-10.65,-10.52,-10.79,-10.44,-10.71,-10.92,-10.65,-10.52,-10.71,-10.79,-11.06,-10.84,-10.92,-10.92,-10.79,-10.79,-10.84,-11.06,-10.79,-11.06,-10.84,-10.71,-10.79,-10.84,-11.00,-10.84,-10.84,-10.92,-11.06,-11.14,-10.92,-10.84,-11.14,-11.14,-11.63,-11.49,-11.63,-11.49,-11.41,-11.49,-11.19,-11.63,-11.49,-11.41,-11.68,-11.49,-11.19,-11.76,-11.55,-11.19,-11.68,-11.49,-11.36,-11.49,-11.55,-11.63,-11.55,-11.68,-11.55,-11.63,-11.55,-11.49,-11.41,-11.41,-11.76,-11.63,-11.68,-11.55,-11.41,-11.63,-11.55,-11.63,-11.63,-11.41,-12.04,-11.90,-12.04,-11.49,-11.76,-11.98,-11.76,-11.76,-11.55,-11.68,-11.63,-11.49,-11.68,-11.76,-11.36,-11.63,-11.90,-11.27,-11.49,-11.55,-11.27,-11.14,-11.36,-11.27,-11.36,-11.41,-11.49,-11.36,-11.27,-11.27,-11.19,-11.55,-11.36,-11.68,-11.41,-11.68,-11.68,-11.68,-11.76,-11.76,-11.68,-11.85,-11.68,-11.90,-11.76,-11.68,-11.76,-11.68,-11.85,-11.90,-11.98,-11.85,-11.98,-11.98,-11.76,-11.76,-12.20,-11.85,-12.04,-11.85,-11.68,-11.98,-11.85,-12.12,-11.76,-11.90,-11.55,-11.90,-11.85,-11.85,-11.63,-11.76,-11.76,-11.85,-11.68,-11.41,-11.85,-11.68,-11.55,-11.55,-11.90,-11.90,-12.20,-11.49,-11.76,-11.41,-11.55,-11.90,-11.85,-11.76,-11.98,-12.12,-12.20,-11.90,-12.20,-11.90,-11.68,-11.90,-12.04,-12.20,-12.04,-12.26,-12.26,-12.20,-12.12,-12.04,-12.04,-12.12,-11.85,-12.20,-12.12,-12.26,-12.20,-12.26,-11.98,-12.34,-12.56,-12.20,-12.12,-12.34,-12.48,-12.26,-12.48,-12.20,-12.48
-12.20,-12.56,-12.48,-12.04,-12.39,-12.26,-12.34,-12.26,-12.48,-11.98,-12.12,-12.34,-12.39,-12.39,-12.56,-12.26,-11.90,-11.90,-12.04,-11.98,-12.20,-12.12,-11.98,-12.12,-11.90,-12.20,-12.26,-12.04,-11.90,-11.63,-11.98,-12.20,-12.04,-12.26,-11.68,-12.20,-11.98,-11.85,-12.12,-11.76,-11.85,-11.98,-11.76,-11.98,-11.68,-11.98,-11.90,-12.20,-12.04,-11.76,-11.85,-12.04,-11.76,-12.04,-12.39,-11.98,-11.68,-12.04,-11.85,-12.12,-11.85,-12.12,-11.90,-12.20,-12.12,-12.12,-12.20,-12.12,-12.20,-11.98,-12.26,-11.98,-11.98,-12.04,-12.04,-12.12,-11.85,-11.68,-12.26,-12.20,-11.90,-11.90,-11.98,-11.85,-11.98,-12.04,-11.76,-11.76,-11.85,-11.85,-11.76,-11.76,-12.20,-11.68,-11.76,-11.85,-11.90,-11.63,-11.49,-11.76,-11.90,-11.49,-11.63,-11.63,-11.63,-11.49,-11.85,-11.27,-11.36,-11.55,-11.63,-11.90,-11.63,-11.36,-11.63,-11.27,-11.85,-11.41,-11.49,-11.49,-11.68,-12.04,-11.68,-11.85,-11.55,-11.90,-11.76,-11.68,-11.85,-11.63,-11.98,-11.68,-11.41,-11.68,-11.76,-11.41,-11.63,-11.55,-11.85,-11.41,-11.55,-11.68,-11.63,-11.68,-11.27,-11.49,-11.55,-11.41,-11.27,-11.63,-11.41,-11.19,-11.55,-11.49,-11.68,-11.76,-11.68,-11.49,-11.85,-11.41,-11.36,-11.68,-11.36,-11.36,-11.55,-11.63,-11.49,-11.06,-11.36,-10.92,-11.14,-11.27,-11.19,-10.84,-10.92,-11.19,-10.92,-10.79,-11.06,-11.14,-10.57,-10.79,-10.79,-10.84,-10.84,-10.79,-11.00,-10.65,-10.79,-10.71,-10.57,-11.00,-10.79,-11.00,-11.19,-10.84,-11.06,-11.06,-11.06,-11.36,-10.84,-11.00,-11.00,-10.71,-10.71,-10.92,-11.06,-11.00,-10.92,-11.00,-10.92,-11.06,-11.19,-11.00,-10.92,-11.06,-11.19,-11.41,-11.19,-11.55,-11.41,-11.63,-11.36,-11.49,-11.49,-11.27,-11.68,-11.63,-11.63,-11.49,-11.49,-11.63,-11.27,-11.63,-11.49,-11.63,-11.55,-11.55,-11.68,-11.55,-11.41,-11.41,-11.27,-11.55,-11.55,-11.63,-11.85,-11.41,-11.98,-11.76,-11.76,-11.49,-11.41,-11.63,-11.76,-11.63,-11.49,-11.63,-11.68,-11.76,-11.68,-11.63,-11.85,-11.76,-11.85,-11.76,-11.76,-11.41,-11.76,-11.63,-11.49,-11.76,-11.63,-11.41,-11.68,-11.68,-11.68,-11.63,-11.41,-11.68,-11.55,-11.63,-11.55,-11.85,-11.68,-11.41,-11.41,-11.41,-11.63,-11.27,-11.68,-11.63,-11.55,-11.49,-11.85,-11.49,-11.63,-11.85,-11.76,-11.68,-11.85,-11.90,-11.68,-11.98,-11.90,-11.98,-11.68,-11.98,-11.85,-11.68,-11.85,-11.90,-11.76,-11.98,-11.85,-11.85,-12.20,-12.20,-12.04,-11.90,-11.85,-11.63,-12.04,-12.12,-11.85,-11.63,-11.85,-11.85,-11.90,-11.68,-11.76,-11.76,-11.68,-11.63,-11.63,-11.76,-11.55,-11.76,-11.68,-11.68,-11.85,-11.98,-11.98,-11.68,-11.76,-11.68,-11.63,-11.68,-12.26,-12.12,-12.04,-11.90,-11.63,-12.12,-11.85,-12.20,-11.98,-11.85,-12.04,-11.76,-11.68,-12.04,-12.26,-12.39,-12.20,-12.48,-12.12,-12.39,-12.12,-12.56,-12.39,-11.90,-12.61,-12.12,-12.04,-12.26,-12.56,-12.48,-12.70,-11.90,-12.34,-12.48
-12.56,-12.48,-12.48,-12.56,-12.78,-12.70,-12.34,-12.12,-12.04,-12.20,-12.20,-12.56,-11.90,-12.56,-12.39,-12.20,-11.98,-12.04,-12.48,-11.98,-12.26,-12.20,-12.12,-12.12,-12.20,-11.90,-12.12,-11.76,-12.04,-12.12,-12.04,-11.85,-12.04,-12.12,-12.20,-11.90,-12.48,-11.98,-11.98,-11.90,-11.90,-12.04,-11.63,-11.90,-11.85,-11.85,-11.98,-11.85,-11.68,-11.85,-11.68,-11.76,-11.90,-11.90,-11.85,-11.85,-11.90,-11.76,-11.63,-11.90,-12.20,-12.39,-11.90,-11.85,-12.04,-12.12,-12.12,-11.85,-11.98,-12.12,-11.85,-12.20,-12.04,-11.98,-11.85,-12.04,-11.98,-11.85,-12.04,-11.85,-11.90,-12.04,-12.12,-11.98,-11.76,-11.90,-11.98,-11.98,-11.90,-12.12,-11.85,-11.98,-11.55,-11.68,-11.98,-11.90,-11.68,-11.85,-12.20,-12.04,-11.76,-11.85,-11.63,-11.76,-11.85,-11.55,-11.76,-11.49,-11.68,-11.41,-11.27,-11.41,-11.27,-11.41,-11.36,-11.76,-11.85,-11.55,-11.98,-11.55,-11.41,-11.55,-11.63,-11.68,-11.76,-11.49,-11.36,-11.49,-11.55,-11.63,-11.49,-11.55,-11.68,-11.63,-11.49,-11.63,-11.85,-11.55,-11.49,-11.55,-11.41,-11.68,-11.41,-11.85,-11.41,-11.63,-11.63,-11.41,-11.63,-12.04,-11.63,-11.76,-11.55,-11.63,-11.63,-11.49,-11.85,-11.41,-11.41,-11.55,-11.41,-11.49,-11.68,-11.76,-11.27,-11.36,-11.19,-11.19,-11.36,-11.27,-11.27,-11.06,-11.06,-11.14,-10.79,-11.36,-10.84,-11.19,-11.06,-11.00,-11.00,-10.79,-10.84,-10.84,-10.92,-10.65,-10.79,-11.00,-10.71,-10.57,-10.57,-10.57,-10.65,-10.71,-10.92,-10.84,-10.84,-11.00,-10.92,-11.00,-11.06,-10.84,-11.06,-11.19,-10.92,-10.92,-11.06,-10.84,-10.79,-11.00,-10.79,-10.92,-10.79,-11.14,-11.27,-10.92,-11.06,-11.27,-11.41,-11.19,-11.55,-11.41,-11.36,-11.49,-11.63,-11.41,-11.49,-11.55,-11.36,-11.63,-11.76,-11.55,-11.41,-11.85,-11.55,-11.76,-11.90,-11.63,-11.63,-11.55,-11.36,-11.63,-11.49,-11.68,-11.36,-11.68,-11.49,-11.63,-11.55,-11.68,-11.68,-11.90,-11.41,-11.36,-11.41,-11.98,-11.49,-11.19,-11.63,-11.85,-11.90,-11.55,-11.85,-11.68,-11.55,-11.68,-11.68,-11.68,-11.85,-12.12,-11.68,-11.76,-11.90,-11.49,-11.55,-11.68,-11.49,-11.49,-11.41,-11.27,-11.90,-11.63,-11.55,-11.41,-11.49,-11.68,-11.85,-11.27,-11.27,-11.49,-11.36,-11.27,-11.68,-11.68,-11.36,-11.68,-11.63,-11.90,-11.76,-11.98,-11.76,-11.76,-11.98,-12.20,-12.04,-11.98,-11.85,-11.55,-11.76,-11.98,-11.98,-11.98,-11.68,-12.04,-11.98,-11.85,-12.04,-12.04,-11.55,-11.90,-12.12,-11.98,-11.76,-12.04,-11.98,-12.20,-11.98,-11.85,-11.41,-11.63,-11.41,-11.76,-11.76,-11.55,-11.98,-11.68,-11.76,-11.76,-11.68,-11.85,-11.68,-11.68,-11.98,-12.20,-11.68,-11.90,-11.68,-11.85,-12.26,-12.12,-12.26,-12.26,-12.12,-11.85,-12.04,-11.90,-12.12,-11.98,-11.98,-11.90,-12.26,-12.12,-12.26,-12.26,-12.04,-12.39,-12.34,-12.39,-12.26,-12.20,-12.20,-12.04,-11.98,-12.26,-12.12,-12.12,-12.34,-12.12,-12.12,-12.39,-12.48,-12.56
-12.34,-12.61,-12.12,-12.39,-12.39,-12.61,-12.39,-12.26,-12.48,-12.26,-12.39,-11.90,-12.20,-12.56,-12.39,-12.26,-12.34,-12.48,-12.20,-12.39,-12.20,-12.39,-12.20,-12.04,-12.20,-12.39,-12.26,-11.90,-12.12,-11.90,-12.39,-11.98,-12.20,-11.85,-12.12,-12.12,-12.20,-11.76,-11.98,-12.26,-12.12,-12.20,-12.04,-12.12,-12.12,-12.04,-11.68,-12.39,-11.98,-12.12,-11.76,-11.63,-11.90,-12.26,-11.55,-11.63,-11.98,-12.04,-12.04,-11.90,-12.12,-11.90,-12.26,-12.12,-11.98,-12.34,-12.12,-11.90,-12.34,-12.12,-12.20,-12.12,-11.90,-12.04,-12.04,-11.68,-11.90,-11.85,-11.98,-11.76,-12.26,-11.90,-11.98,-12.12,-11.85,-11.63,-11.85,-11.98,-11.90,-11.76,-11.85,-11.76,-11.98,-11.90,-11.98,-11.90,-11.76,-11.49,-11.85,-11.90,-11.85,-11.68,-11.76,-11.63,-11.68,-11.49,-11.55,-11.41,-11.85,-11.76,-11.63,-11.63,-11.76,-11.49,-11.41,-11.63,-11.49,-11.27,-11.63,-11.49,-11.90,-11.85,-11.55,-12.04,-11.76,-11.90,-11.55,-11.55,-11.76,-11.68,-11.41,-11.49,-11.63,-11.55,-11.85,-11.41,-11.76,-11.41,-11.90,-11.49,-11.41,-11.55,-11.68,-11.63,-11.76,-11.63,-11.55,-11.68,-11.49,-11.68,-11.55,-11.68,-11.55,-11.63,-11.55,-11.49,-11.55,-11.49,-11.49,-11.36,-11.68,-11.36,-11.63,-11.55,-11.55,-11.36,-11.63,-11.41,-11.19,-11.06,-11.19,-11.27,-10.84,-11.06,-10.71,-11.19,-11.00,-11.27,-11.06,-11.00,-11.14,-11.00,-10.79,-10.71,-10.92,-10.84,-10.71,-11.14,-11.00,-10.84,-10.92,-10.65,-11.19,-10.79,-11.06,-10.92,-11.14,-10.52,-11.14,-10.84,-10.92,-11.06,-11.14,-11.00,-11.00,-11.06,-11.14,-11.19,-10.92,-10.79,-10.71,-11.19,-11.19,-10.92,-11.00,-11.06,-11.63,-11.41,-11.55,-11.55,-11.55,-11.63,-11.14,-11.41,-11.63,-11.49,-11.49,-11.55,-11.55,-11.49,-11.63,-11.68,-11.63,-11.63,-11.63,-11.68,-11.76,-11.68,-11.68,-11.55,-11.68,-11.49,-11.36,-11.85,-11.49,-11.49,-11.55,-11.41,-11.41,-11.68,-11.27,-11.49,-11.63,-11.63,-11.90,-11.49,-11.68,-11.63,-11.63,-11.68,-11.49,-11.41,-11.98,-11.85,-11.68,-11.68,-11.41,-11.49,-11.76,-11.90,-11.76,-12.04,-11.76,-11.90,-11.68,-11.49,-11.90,-11.27,-11.68,-11.36,-11.41,-11.76,-11.68,-11.85,-11.49,-11.49,-11.63,-11.63,-11.55,-11.55,-11.49,-11.27,-11.85,-11.55,-11.76,-11.55,-11.90,-11.68,-12.04,-11.98,-11.98,-11.90,-11.68,-11.85,-11.76,-11.68,-11.98,-11.98,-12.20,-12.12,-11.90,-11.98,-12.34,-12.26,-12.04,-11.85,-12.20,-11.98,-12.12,-12.12,-12.04,-12.04,-12.12,-11.90,-11.98,-11.68,-11.98,-12.04,-11.98,-11.49,-11.76,-11.63,-11.55,-11.55,-11.49,-11.41,-12.04,-11.85,-11.63,-11.90,-12.12,-11.68,-11.98,-11.90,-11.41,-11.76,-12.20,-11.76,-11.68,-11.90,-12.20,-12.04,-11.68,-12.34,-11.98,-11.76,-11.98,-11.90,-12.12,-12.39,-12.56,-12.20,-12.20,-12.04,-12.20,-12.12,-12.20,-12.39,-12.20,-12.34,-12.26,-12.20,-12.20,-12.20,-12.04,-12.26,-12.48,-12.12,-12.56,-12.56,-12.48,-12.39
-12.70,-12.61,-12.34,-12.26,-12.20,-12.26,-12.48,-12.20,-12.12,-12.39,-12.34,-11.90,-12.39,-12.39,-12.12,-12.34,-12.39,-12.61,-12.34,-12.04,-12.39,-12.34,-12.20,-12.04,-12.39,-12.04,-11.85,-12.04,-12.12,-11.98,-12.20,-11.98,-12.26,-12.04,-12.12,-12.34,-12.26,-12.20,-12.39,-12.12,-12.04,-12.26,-12.20,-12.04,-12.12,-12.04,-11.76,-12.20,-12.20,-11.98,-12.12,-12.12,-11.90,-11.85,-12.20,-11.90,-12.04,-11.98,-11.76,-12.26,-12.12,-11.90,-12.39,-12.04,-11.98,-11.90,-12.20,-12.20,-12.34,-12.04,-11.98,-11.98,-11.90,-11.68,-11.76,-11.90,-11.76,-12.34,-11.68,-12.12,-12.04,-11.98,-11.90,-11.55,-12.04,-11.98,-12.04,-11.98,-11.85,-12.04,-11.85,-11.76,-11.85,-11.85,-11.85,-12.12,-11.76,-12.04,-11.90,-11.90,-11.90,-11.90,-11.98,-11.41,-11.49,-11.76,-11.68,-11.76,-11.76,-11.68,-11.90,-11.85,-11.90,-11.63,-11.76,-11.63,-11.68,-11.90,-11.68,-11.85,-11.85,-11.76,-11.36,-11.68,-11.85,-11.76,-11.68,-12.04,-11.55,-11.63,-11.76,-11.49,-11.55,-11.85,-11.63,-11.85,-11.76,-11.98,-11.90,-11.63,-11.76,-11.63,-11.49,-11.76,-11.55,-11.76,-11.63,-11.55,-11.85,-11.49,-11.55,-11.41,-11.55,-11.68,-11.49,-11.55,-11.55,-11.68,-11.68,-11.76,-11.41,-11.76,-11.49,-11.49,-11.49,-11.41,-11.63,-11.41,-11.36,-11.00,-11.14,-10.92,-11.00,-11.06,-11.06,-10.92,-11.00,-11.19,-11.06,-10.71,-11.00,-10.65,-10.92,-11.00,-10.92,-10.92,-10.79,-11.06,-11.14,-10.71,-10.84,-11.06,-11.27,-11.00,-10.84,-11.00,-11.06,-10.92,-11.27,-11.14,-11.00,-11.27,-11.14,-11.14,-10.84,-10.92,-10.92,-11.19,-10.92,-10.84,-10.92,-11.14,-11.19,-11.14,-10.79,-11.14,-11.19,-11.49,-11.55,-11.14,-11.36,-11.55,-11.36,-11.41,-11.36,-11.68,-11.63,-11.49,-11.63,-11.55,-11.63,-11.49,-11.49,-11.63,-11.63,-11.55,-11.36,-11.63,-11.49,-11.68,-11.76,-11.55,-11.41,-11.68,-11.55,-11.68,-11.55,-11.63,-12.04,-11.68,-11.49,-11.63,-11.76,-11.90,-12.12,-11.68,-11.63,-11.68,-11.63,-11.68,-11.76,-11.76,-11.85,-11.36,-11.63,-11.41,-11.68,-11.63,-11.98,-11.76,-11.76,-11.76,-11.63,-11.36,-11.98,-11.27,-11.55,-11.55,-11.49,-11.36,-11.85,-11.76,-11.55,-11.68,-11.55,-11.49,-11.55,-11.55,-11.68,-11.49,-11.49,-11.36,-11.41,-11.76,-11.27,-12.39,-12.12,-11.68,-11.90,-11.90,-11.76,-11.85,-11.98,-11.98,-11.63,-12.04,-11.76,-11.76,-11.76,-11.85,-11.76,-12.12,-11.98,-12.20,-11.90,-11.98,-11.76,-11.98,-12.04,-12.04,-11.90,-12.04,-11.85,-11.90,-12.04,-12.39,-11.68,-11.90,-11.90,-11.63,-11.98,-11.63,-11.76,-11.55,-11.55,-11.76,-11.63,-11.90,-11.49,-12.26,-11.76,-11.76,-12.04,-12.20,-12.26,-11.68,-11.49,-12.12,-11.85,-11.76,-11.85,-11.90,-11.90,-11.90,-12.20,-12.26,-12.12,-12.20,-12.26,-11.85,-12.26,-11.90,-12.26,-12.12,-12.04,-12.04,-12.34,-12.12,-12.34,-12.20,-12.26,-12.12,-12.39,-12.20,-12.39,-12.12,-12.26,-12.56,-12.61,-12.34,-12.56,-12.39
-12.70,-12.34,-12.12,-12.39,-12.34,-12.48,-12.39,-12.39,-12.39,-12.26,-12.34,-12.39,-12.20,-12.48,-12.26,-12.26,-12.39,-12.26,-12.12,-12.39,-12.26,-11.63,-12.04,-11.98,-12.34,-12.12,-12.39,-11.98,-11.90,-11.90,-12.04,-12.04,-11.98,-12.56,-12.04,-12.12,-12.20,-12.20,-12.12,-12.04,-12.20,-12.20,-11.98,-11.90,-12.04,-11.98,-11.90,-11.98,-11.98,-12.04,-11.90,-11.76,-11.76,-12.04,-12.04,-12.20,-12.12,-11.90,-11.68,-12.04,-12.04,-12.04,-12.26,-12.04,-12.34,-11.98,-12.04,-12.20,-12.04,-12.04,-12.20,-12.12,-11.98,-11.68,-12.12,-11.90,-12.04,-12.04,-12.04,-11.85,-11.85,-12.12,-12.04,-11.85,-11.85,-12.04,-11.68,-12.20,-11.90,-12.34,-11.90,-12.20,-11.85,-12.04,-11.55,-11.90,-11.90,-11.98,-11.98,-11.98,-11.90,-11.63,-11.90,-11.41,-11.63,-11.76,-11.41,-11.49,-11.85,-11.90,-11.55,-11.63,-11.36,-11.49,-11.49,-11.76,-11.76,-11.63,-11.85,-11.63,-11.98,-11.85,-11.49,-11.85,-11.36,-11.49,-12.12,-11.76,-11.36,-11.41,-11.68,-11.36,-11.98,-11.98,-11.76,-11.98,-11.63,-11.90,-11.76,-11.76,-11.63,-11.55,-11.98,-11.85,-11.85,-11.41,-11.68,-11.98,-11.85,-11.63,-11.49,-11.68,-11.68,-11.63,-11.63,-11.41,-11.55,-11.49,-11.76,-11.76,-11.90,-11.76,-11.55,-11.41,-11.63,-11.41,-11.19,-11.36,-11.19,-11.19,-11.19,-11.14,-10.84,-11.06,-11.06,-11.00,-11.36,-11.27,-11.14,-11.00,-10.52,-10.44,-10.84,-10.92,-10.71,-10.92,-10.57,-10.84,-10.79,-10.79,-10.71,-11.41,-10.92,-10.92,-10.84,-11.06,-11.00,-11.00,-11.06,-11.14,-11.00,-11.06,-10.92,-11.00,-11.00,-11.19,-10.92,-11.00,-11.19,-11.00,-11.19,-11.19,-11.06,-11.41,-11.14,-10.92,-11.06,-11.36,-11.49,-11.63,-11.27,-11.41,-11.63,-11.55,-11.55,-11.41,-11.41,-11.63,-11.41,-11.63,-11.55,-11.36,-11.85,-11.85,-11.55,-11.63,-11.55,-11.98,-11.55,-11.36,-11.68,-11.55,-11.41,-11.49,-11.55,-11.55,-11.55,-11.85,-11.63,-11.63,-11.63,-11.90,-11.68,-11.55,-11.63,-11.76,-11.76,-11.76,-11.85,-11.63,-11.63,-11.76,-11.98,-11.90,-12.12,-11.55,-12.12,-11.98,-11.90,-11.63,-11.63,-11.76,-11.85,-11.76,-11.90,-11.68,-11.76,-11.76,-11.63,-11.55,-11.41,-11.41,-11.41,-11.55,-11.98,-11.76,-11.49,-11.36,-11.85,-11.63,-11.49,-11.63,-11.68,-11.85,-11.41,-11.90,-11.63,-11.85,-11.76,-11.98,-11.98,-11.98,-11.90,-11.90,-11.90,-11.68,-11.98,-12.20,-11.98,-12.04,-11.98,-11.98,-12.04,-11.85,-11.90,-12.04,-11.98,-12.12,-12.20,-11.90,-11.85,-11.90,-12.20,-11.55,-11.55,-11.49,-11.76,-11.68,-11.85,-11.98,-11.85,-12.12,-11.90,-11.68,-11.68,-11.90,-11.76,-11.76,-11.63,-11.76,-11.63,-11.68,-11.63,-11.85,-12.04,-11.68,-12.20,-11.76,-11.85,-11.76,-11.63,-12.04,-11.76,-11.90,-12.04,-11.98,-12.04,-12.20,-11.76,-12.34,-12.12,-11.85,-12.39,-12.26,-12.20,-11.85,-12.20,-12.12,-12.26,-12.20,-12.12,-12.70,-12.26,-12.20,-11.98,-12.12,-12.26,-12.26,-12.39,-12.34,-12.56,-12.56
-12.48,-12.20,-12.39,-12.39,-12.70,-12.56,-11.90,-12.04,-12.39,-12.12,-11.98,-12.56,-12.04,-12.39,-12.26,-12.34,-12.34,-12.26,-12.20,-12.56,-11.98,-12.04,-12.26,-12.04,-11.98,-12.04,-12.26,-12.04,-11.98,-12.12,-12.20,-11.98,-11.98,-11.85,-12.39,-12.39,-12.04,-11.90,-12.12,-12.12,-11.85,-12.20,-11.98,-12.04,-11.90,-11.63,-11.90,-11.98,-11.76,-12.04,-11.76,-11.85,-11.90,-11.98,-11.63,-11.68,-12.12,-11.98,-11.76,-11.68,-11.90,-11.98,-11.98,-12.20,-12.04,-12.04,-12.04,-11.90,-12.20,-12.04,-11.98,-11.68,-12.34,-11.90,-11.85,-11.98,-11.76,-11.98,-11.76,-11.90,-12.04,-12.04,-11.85,-12.12,-11.76,-11.98,-12.20,-11.90,-11.76,-11.90,-11.85,-11.98,-11.76,-11.68,-11.90,-11.76,-12.12,-11.55,-11.55,-11.85,-11.68,-11.90,-11.68,-11.49,-11.90,-11.55,-11.36,-11.63,-11.90,-11.63,-11.90,-11.85,-11.55,-11.63,-11.85,-11.55,-11.98,-11.68,-11.49,-11.41,-11.55,-11.68,-11.68,-11.90,-11.63,-11.63,-11.63,-11.63,-11.76,-11.85,-11.63,-11.63,-11.76,-11.98,-11.85,-11.63,-11.55,-11.55,-11.55,-11.49,-11.76,-11.63,-11.49,-11.36,-11.41,-11.68,-11.68,-11.68,-11.68,-11.55,-11.68,-11.90,-11.27,-11.85,-11.55,-11.68,-11.76,-11.36,-11.49,-11.85,-11.41,-11.55,-11.49,-12.04,-11.76,-11.68,-11.27,-11.14,-11.19,-11.00,-11.14,-11.00,-11.14,-11.14,-10.92,-11.19,-11.27,-11.06,-11.14,-11.19,-11.19,-10.84,-11.00,-10.92,-10.65,-10.92,-10.57,-10.92,-10.57,-10.52,-11.14,-10.79,-11.00,-11.00,-10.84,-10.79,-10.92,-11.00,-10.84,-10.92,-10.84,-11.00,-10.92,-11.27,-11.00,-11.06,-11.19,-10.84,-11.14,-11.00,-10.92,-11.14,-11.27,-11.14,-10.92,-10.79,-11.49,-11.19,-11.19,-11.49,-11.55,-11.49,-11.68,-11.68,-11.55,-11.63,-11.55,-11.41,-11.76,-11.19,-11.55,-11.63,-11.76,-11.41,-11.63,-11.63,-11.63,-11.55,-11.55,-11.55,-11.55,-11.63,-11.49,-11.68,-11.55,-11.68,-11.49,-11.55,-11.68,-11.68,-11.49,-11.55,-11.68,-11.49,-11.90,-11.68,-11.55,-11.55,-11.55,-11.68,-11.76,-11.49,-11.55,-12.04,-11.98,-11.63,-11.49,-11.76,-11.68,-12.04,-11.49,-12.04,-11.63,-11.85,-11.49,-11.76,-11.76,-11.98,-11.76,-11.49,-11.55,-11.63,-11.76,-11.55,-11.19,-11.55,-11.41,-11.41,-11.49,-11.55,-11.41,-11.76,-11.63,-11.63,-11.68,-11.55,-11.55,-11.41,-11.76,-11.76,-11.76,-11.76,-11.90,-11.55,-11.98,-11.68,-11.98,-11.85,-11.90,-12.12,-11.85,-12.12,-12.04,-11.85,-11.76,-11.63,-11.98,-11.90,-12.04,-12.20,-11.98,-11.76,-11.63,-12.04,-11.90,-11.76,-11.76,-12.04,-12.04,-11.68,-11.76,-11.68,-11.49,-11.63,-11.68,-11.68,-11.68,-11.76,-11.76,-11.55,-11.85,-11.76,-11.98,-11.85,-12.12,-11.90,-11.68,-11.76,-11.98,-12.04,-12.26,-12.20,-11.85,-11.85,-11.90,-11.76,-12.20,-11.98,-12.39,-11.90,-12.20,-12.04,-12.04,-12.20,-12.34,-12.20,-12.26,-12.20,-12.26,-11.90,-12.26,-12.26,-12.34,-11.90,-12.12,-12.39,-12.34,-12.48,-12.04,-12.56,-12.34,-12.12
-12.34,-12.48,-12.26,-12.26,-12.39,-12.39,-12.39,-12.20,-12.39,-12.26,-12.39,-12.48,-12.34,-12.39,-12.39,-12.12,-12.39,-12.04,-12.20,-12.04,-11.98,-12.04,-11.98,-12.04,-11.98,-12.04,-12.20,-12.34,-11.85,-12.20,-12.26,-11.90,-11.90,-11.90,-11.76,-11.90,-12.20,-12.34,-12.04,-12.12,-12.20,-11.85,-12.20,-11.90,-11.98,-11.85,-12.04,-12.04,-12.20,-11.76,-11.63,-11.90,-11.98,-11.76,-11.76,-11.85,-11.76,-12.04,-11.85,-11.85,-11.68,-12.12,-12.34,-12.26,-11.85,-11.98,-11.98,-12.04,-11.98,-12.04,-11.76,-11.76,-11.76,-11.98,-11.68,-12.20,-11.98,-11.85,-11.68,-12.20,-11.76,-11.98,-11.98,-11.90,-12.04,-11.98,-12.12,-12.12,-11.90,-11.76,-11.98,-11.55,-11.90,-11.63,-11.68,-11.68,-11.98,-11.68,-11.76,-11.85,-11.76,-11.85,-11.63,-11.76,-11.90,-11.41,-11.36,-11.63,-11.14,-11.98,-11.76,-11.63,-11.98,-11.49,-11.49,-11.63,-11.68,-11.76,-11.55,-11.49,-11.63,-11.85,-11.63,-11.68,-11.90,-11.85,-11.63,-11.98,-11.76,-11.68,-11.76,-11.63,-11.85,-12.04,-11.68,-11.85,-11.76,-11.90,-11.27,-11.68,-11.68,-11.63,-11.55,-11.41,-11.55,-11.55,-11.55,-11.36,-11.85,-11.68,-11.55,-11.41,-11.63,-11.41,-11.90,-11.49,-11.49,-11.63,-11.49,-11.98,-11.49,-11.36,-11.55,-11.63,-11.49,-11.14,-11.55,-11.27,-11.19,-11.41,-11.14,-11.19,-11.19,-11.06,-11.06,-11.19,-11.00,-11.06,-11.14,-11.06,-11.19,-11.14,-10.57,-10.84,-11.06,-10.92,-10.79,-11.00,-10.71,-11.06,-10.92,-10.92,-10.92,-10.92,-11.14,-10.92,-11.06,-11.00,-10.92,-11.06,-11.27,-11.00,-10.92,-10.84,-10.84,-11.27,-11.19,-11.14,-10.92,-10.92,-10.84,-11.14,-11.14,-11.19,-11.06,-11.14,-11.00,-11.19,-11.63,-11.68,-11.55,-11.68,-11.55,-11.27,-12.04,-11.63,-11.55,-11.76,-11.85,-11.90,-11.55,-11.90,-11.76,-11.76,-11.76,-11.85,-11.49,-11.76,-11.68,-11.41,-11.63,-11.63,-11.55,-11.63,-11.49,-12.20,-11.49,-11.85,-11.68,-11.63,-11.55,-11.55,-11.76,-11.68,-11.68,-11.76,-11.68,-11.55,-11.68,-11.76,-11.76,-11.55,-11.68,-11.68,-11.55,-11.90,-11.98,-11.68,-11.90,-11.76,-11.55,-11.68,-11.85,-11.85,-11.76,-11.90,-11.85,-11.55,-11.68,-11.36,-11.19,-11.63,-11.63,-11.63,-11.63,-11.68,-11.76,-11.55,-11.36,-11.76,-11.63,-11.49,-11.85,-11.49,-11.98,-11.85,-11.76,-11.98,-11.90,-11.90,-11.90,-12.04,-11.90,-11.90,-11.98,-11.90,-11.90,-11.85,-12.04,-11.90,-11.90,-11.90,-11.90,-12.20,-11.85,-12.26,-11.98,-12.04,-11.68,-11.90,-11.68,-11.98,-11.85,-12.39,-11.85,-12.04,-12.34,-11.90,-11.76,-11.68,-11.68,-11.85,-11.55,-11.76,-11.76,-12.12,-11.90,-11.68,-11.76,-11.63,-11.98,-11.90,-11.68,-11.85,-12.26,-11.85,-11.85,-11.98,-12.20,-12.04,-11.90,-11.68,-11.90,-12.04,-11.90,-11.98,-12.04,-12.12,-12.04,-12.12,-11.90,-12.20,-12.20,-11.85,-11.85,-11.90,-12.12,-12.12,-12.39,-12.26,-12.26,-12.04,-12.04,-12.48,-12.26,-12.12,-12.20,-12.48,-12.34,-11.98,-12.48,-12.20
-12.26,-12.04,-12.34,-12.34,-12.78,-12.61,-12.12,-12.56,-12.34,-12.39,-12.34,-12.12,-12.20,-12.34,-12.26,-12.26,-12.56,-12.39,-11.98,-12.34,-12.12,-12.20,-11.98,-12.12,-11.90,-12.04,-12.04,-11.98,-12.26,-11.85,-11.76,-12.04,-12.12,-12.12,-11.76,-12.20,-12.26,-12.04,-12.20,-11.98,-12.12,-12.04,-11.85,-11.90,-12.20,-11.98,-11.98,-11.98,-11.85,-11.76,-12.04,-11.76,-11.85,-11.98,-11.76,-12.04,-12.26,-12.12,-12.12,-12.04,-11.85,-12.20,-12.04,-12.39,-11.98,-12.26,-12.12,-12.34,-12.12,-11.63,-11.90,-11.76,-12.26,-12.04,-11.85,-12.26,-12.04,-11.85,-11.76,-11.90,-11.90,-11.90,-12.12,-11.90,-12.12,-11.90,-11.76,-11.98,-11.98,-11.90,-11.90,-11.90,-12.04,-11.41,-11.85,-11.85,-11.85,-11.85,-11.90,-11.85,-11.76,-11.76,-11.85,-11.98,-11.85,-11.68,-11.90,-11.85,-11.36,-11.76,-11.90,-11.55,-11.49,-11.85,-11.68,-11.63,-11.36,-11.98,-11.55,-11.76,-11.63,-11.85,-12.04,-11.76,-11.98,-11.41,-11.49,-11.90,-11.63,-11.55,-11.68,-11.68,-12.04,-11.63,-11.98,-11.55,-11.85,-11.76,-11.68,-11.49,-11.36,-11.55,-11.76,-11.76,-11.63,-11.76,-11.98,-11.36,-11.55,-11.85,-11.63,-11.68,-11.63,-11.76,-11.98,-11.85,-11.76,-11.76,-11.90,-11.76,-11.63,-11.76,-11.49,-11.76,-11.68,-11.27,-11.41,-11.19,-11.14,-11.19,-11.06,-11.06,-11.00,-11.06,-11.36,-11.19,-11.14,-11.06,-11.19,-11.00,-11.06,-11.00,-10.84,-10.52,-10.57,-10.92,-11.00,-11.00,-10.84,-10.84,-11.06,-11.06,-11.06,-11.36,-11.06,-11.27,-11.14,-11.00,-11.19,-11.27,-11.00,-11.06,-11.14,-11.00,-10.65,-11.27,-10.92,-11.19,-11.14,-10.92,-11.06,-11.06,-11.19,-11.14,-11.19,-11.19,-11.06,-11.19,-11.63,-11.55,-11.41,-11.55,-11.76,-11.76,-11.41,-11.63,-11.76,-11.68,-11.68,-11.76,-11.90,-11.49,-11.76,-11.63,-11.68,-11.85,-11.85,-11.76,-11.55,-11.76,-11.63,-11.68,-11.85,-11.63,-11.76,-11.63,-11.76,-11.36,-11.55,-11.63,-11.63,-11.76,-11.85,-11.41,-11.76,-11.68,-11.68,-11.49,-11.68,-11.76,-11.76,-11.76,-11.68,-11.68,-11.76,-11.55,-11.90,-11.90,-11.85,-12.04,-11.90,-11.76,-11.68,-11.85,-11.55,-11.98,-11.90,-11.68,-12.04,-11.68,-11.85,-11.85,-11.85,-11.76,-11.68,-11.98,-11.85,-11.68,-11.55,-11.76,-12.04,-11.76,-11.76,-11.36,-11.85,-11.98,-11.76,-11.55,-11.90,-11.76,-11.55,-11.68,-11.68,-11.55,-11.98,-12.04,-11.98,-11.98,-12.04,-12.04,-12.12,-12.26,-12.39,-12.04,-11.68,-11.85,-12.04,-12.04,-12.12,-12.04,-12.20,-12.20,-12.12,-11.68,-11.85,-12.20,-11.63,-11.90,-11.85,-11.76,-11.68,-11.68,-11.68,-11.76,-11.63,-11.49,-11.06,-11.68,-11.49,-11.90,-11.98,-11.85,-11.68,-11.76,-11.90,-11.90,-11.85,-11.85,-11.90,-11.90,-11.76,-11.85,-11.76,-12.04,-11.98,-11.98,-11.90,-12.39,-12.12,-12.12,-12.04,-11.98,-12.12,-12.26,-12.20,-11.98,-12.20,-12.12,-12.20,-12.20,-11.90,-12.12,-12.34,-12.34,-12.26,-12.34,-12.48,-12.48,-12.26,-12.34,-12.39,-12.20
-12.70,-12.78,-12.39,-12.39,-12.48,-12.12,-12.48,-12.48,-12.26,-12.04,-12.26,-12.04,-12.12,-12.39,-12.20,-11.90,-12.20,-12.39,-12.26,-12.12,-12.34,-11.98,-12.04,-12.12,-12.20,-12.12,-12.12,-11.85,-11.85,-12.12,-12.34,-12.12,-12.12,-12.12,-11.63,-12.26,-12.34,-11.90,-12.04,-11.98,-12.04,-12.04,-11.90,-12.39,-12.39,-11.68,-12.26,-11.90,-12.12,-11.76,-11.55,-11.76,-11.85,-11.90,-11.85,-12.12,-11.85,-11.68,-11.68,-11.68,-12.12,-12.04,-12.20,-11.98,-12.12,-11.90,-11.90,-12.12,-11.98,-12.34,-12.26,-12.20,-12.12,-11.98,-11.90,-11.76,-11.98,-11.90,-11.98,-11.85,-11.98,-12.12,-11.90,-12.39,-11.85,-11.90,-12.20,-11.98,-11.98,-12.12,-11.98,-11.85,-11.90,-11.85,-11.90,-11.85,-11.85,-12.20,-11.63,-11.76,-11.55,-11.76,-11.41,-11.63,-11.49,-11.68,-11.68,-11.68,-11.76,-11.76,-11.98,-11.63,-11.55,-11.55,-11.85,-11.63,-11.68,-11.68,-11.68,-11.63,-11.90,-11.98,-11.76,-11.98,-12.20,-11.90,-11.63,-11.85,-11.76,-11.90,-11.55,-11.76,-11.68,-11.68,-11.68,-11.55,-11.76,-11.85,-11.85,-11.63,-11.55,-11.68,-11.63,-11.49,-11.27,-11.76,-11.85,-11.68,-11.90,-11.55,-11.55,-11.55,-11.55,-11.49,-11.55,-11.85,-11.55,-11.76,-11.55,-11.68,-11.68,-11.55,-11.49,-11.49,-11.55,-11.68,-11.19,-11.41,-11.49,-11.00,-11.19,-10.92,-11.36,-11.36,-11.06,-11.19,-11.14,-11.00,-11.14,-11.49,-11.06,-10.65,-10.92,-10.57,-11.06,-10.79,-10.79,-11.06,-10.92,-11.36,-11.06,-10.84,-11.06,-11.14,-10.92,-10.92,-11.19,-10.92,-10.92,-11.27,-11.06,-11.19,-11.14,-11.14,-11.49,-11.19,-10.71,-10.92,-11.00,-11.06,-10.92,-11.36,-11.00,-11.14,-11.19,-11.14,-10.84,-11.19,-11.63,-11.27,-11.63,-11.41,-11.68,-11.68,-11.55,-11.49,-11.55,-11.41,-11.76,-11.90,-11.63,-11.63,-11.55,-11.85,-11.76,-11.76,-11.63,-11.55,-11.68,-11.55,-11.76,-11.68,-11.27,-11.68,-11.63,-11.41,-11.68,-11.76,-11.90,-11.68,-11.49,-11.41,-11.49,-11.85,-11.90,-11.98,-11.90,-11.76,-11.68,-11.55,-12.04,-11.49,-11.68,-11.68,-11.85,-11.98,-11.98,-11.76,-11.63,-11.55,-11.85,-11.76,-11.90,-11.98,-12.04,-11.85,-11.63,-11.68,-11.76,-11.85,-11.90,-11.85,-11.36,-11.76,-11.55,-11.68,-11.85,-11.85,-11.90,-11.41,-11.55,-11.90,-11.63,-11.68,-11.90,-11.85,-11.76,-11.55,-11.63,-11.76,-11.68,-12.20,-12.04,-11.63,-11.98,-11.85,-12.04,-11.68,-12.26,-11.98,-11.85,-11.85,-12.34,-11.76,-12.20,-12.26,-12.12,-11.63,-12.12,-11.76,-12.26,-12.12,-11.90,-12.34,-12.39,-11.90,-12.04,-11.85,-11.76,-12.04,-11.68,-11.68,-11.68,-11.85,-11.68,-11.68,-11.76,-11.68,-11.76,-11.63,-11.90,-11.76,-11.63,-11.85,-11.85,-12.04,-11.76,-12.26,-11.85,-11.98,-11.98,-11.85,-11.98,-11.85,-12.12,-12.20,-11.98,-11.90,-12.12,-12.39,-11.98,-12.20,-12.04,-12.34,-12.34,-12.12,-12.26,-12.04,-12.20,-12.34,-12.12,-12.26,-12.04,-11.98,-12.34,-12.39,-12.34,-12.12,-11.98,-12.56,-12.04,-12.48
-12.61,-12.34,-12.20,-12.56,-12.34,-12.56,-12.48,-12.39,-12.34,-12.20,-12.39,-12.12,-12.48,-12.39,-12.34,-12.34,-12.04,-12.12,-12.34,-12.12,-12.12,-12.12,-12.12,-11.63,-11.63,-11.98,-11.98,-12.04,-11.90,-12.12,-11.98,-11.68,-12.04,-11.98,-11.76,-11.90,-11.90,-11.90,-12.04,-12.26,-11.90,-11.76,-11.85,-11.85,-12.26,-11.90,-11.90,-12.04,-11.76,-11.90,-11.90,-11.90,-11.90,-11.98,-12.12,-12.04,-11.90,-11.68,-11.63,-11.90,-12.26,-11.76,-11.90,-11.98,-11.98,-12.04,-11.98,-12.12,-11.98,-12.34,-12.26,-12.26,-11.98,-11.90,-12.48,-11.76,-11.90,-12.12,-11.90,-11.90,-11.85,-11.76,-12.04,-12.04,-11.98,-11.68,-11.76,-11.98,-11.98,-12.12,-11.49,-11.68,-11.41,-11.63,-11.63,-11.85,-11.68,-12.04,-11.98,-12.20,-11.90,-11.63,-11.55,-11.55,-11.68,-11.68,-11.85,-11.98,-11.55,-11.63,-11.90,-11.68,-11.68,-11.85,-11.49,-11.85,-11.41,-11.63,-12.04,-11.55,-12.04,-11.90,-12.04,-11.85,-11.76,-11.63,-11.63,-11.68,-11.68,-11.49,-11.85,-11.90,-11.63,-11.55,-11.63,-11.85,-11.63,-11.55,-11.41,-11.68,-11.90,-11.55,-11.68,-11.68,-11.49,-11.98,-12.20,-11.76,-11.49,-12.12,-11.98,-11.55,-11.55,-11.41,-11.36,-11.90,-11.68,-11.55,-11.49,-11.63,-11.68,-11.55,-12.04,-11.41,-11.85,-11.36,-11.55,-11.06,-11.27,-11.19,-11.68,-11.06,-11.06,-11.19,-11.36,-11.27,-11.19,-10.79,-11.27,-10.57,-10.84,-10.84,-10.52,-10.65,-10.71,-10.79,-10.57,-11.00,-10.79,-10.79,-11.00,-11.06,-11.06,-11.14,-11.00,-11.06,-10.65,-11.00,-11.06,-10.79,-11.00,-11.14,-11.06,-11.19,-11.14,-11.00,-11.00,-11.06,-11.00,-11.14,-11.19,-10.84,-11.00,-10.92,-11.19,-11.00,-11.14,-11.19,-11.36,-11.68,-11.63,-11.41,-11.36,-11.90,-11.63,-11.76,-11.85,-11.63,-11.98,-11.49,-11.68,-11.55,-11.68,-11.76,-11.90,-11.49,-11.63,-11.68,-11.98,-11.85,-11.63,-11.85,-11.55,-11.68,-11.68,-11.76,-11.76,-11.68,-11.55,-11.68,-11.41,-11.76,-11.85,-11.76,-11.49,-11.63,-12.04,-11.90,-11.85,-11.98,-11.49,-11.85,-11.63,-11.55,-11.68,-11.41,-11.98,-11.90,-11.68,-11.76,-11.68,-11.98,-11.36,-11.76,-11.68,-11.85,-11.68,-11.63,-11.55,-11.76,-11.85,-11.55,-11.98,-11.76,-11.68,-11.90,-11.49,-11.63,-11.76,-11.63,-11.76,-11.90,-11.85,-11.85,-11.90,-11.85,-11.76,-12.12,-11.85,-11.63,-11.63,-12.12,-11.90,-11.68,-11.90,-12.26,-12.39,-11.85,-11.85,-11.90,-12.26,-12.04,-11.98,-12.04,-11.76,-11.76,-11.98,-11.76,-11.90,-12.04,-12.12,-11.76,-11.90,-11.85,-12.04,-12.20,-11.76,-11.85,-11.85,-11.98,-11.76,-11.49,-11.68,-11.68,-11.98,-11.68,-11.85,-11.68,-11.76,-11.85,-11.85,-11.76,-11.63,-11.90,-11.76,-11.76,-11.63,-11.55,-11.98,-11.68,-11.98,-12.04,-12.04,-12.34,-11.85,-11.98,-11.85,-11.85,-11.98,-11.90,-11.85,-11.98,-12.34,-12.12,-12.20,-12.26,-12.26,-12.12,-12.04,-12.20,-12.26,-12.04,-11.90,-12.20,-11.90,-12.12,-12.04,-12.12,-12.39,-12.12,-12.26,-12.20
-12.39,-12.39,-12.39,-12.26,-12.34,-12.34,-12.48,-12.26,-12.61,-12.12,-12.34,-11.90,-12.20,-12.04,-11.98,-11.85,-12.12,-12.61,-12.04,-12.12,-12.20,-11.98,-11.90,-12.20,-12.04,-12.04,-12.39,-11.90,-11.76,-12.04,-11.90,-11.98,-12.04,-11.76,-12.26,-12.04,-12.20,-11.85,-11.90,-11.90,-12.12,-11.76,-11.85,-11.85,-11.98,-11.90,-11.90,-11.98,-11.63,-11.85,-11.55,-11.98,-11.49,-11.90,-11.90,-12.12,-11.63,-11.63,-12.04,-11.55,-11.90,-12.04,-11.98,-12.20,-12.12,-12.12,-12.12,-12.12,-12.12,-11.85,-12.04,-11.85,-12.12,-12.04,-12.04,-11.85,-11.63,-12.04,-12.12,-11.90,-12.20,-12.34,-11.90,-12.20,-11.85,-12.20,-11.90,-11.90,-11.98,-11.85,-11.85,-11.85,-11.98,-11.98,-11.90,-11.90,-11.49,-11.76,-11.85,-11.55,-11.63,-11.68,-11.63,-12.20,-11.68,-11.68,-11.55,-11.68,-11.76,-11.98,-12.04,-11.76,-11.76,-11.98,-11.85,-11.49,-11.90,-11.49,-12.12,-11.55,-11.68,-11.55,-11.49,-11.68,-11.76,-11.49,-12.12,-11.98,-11.68,-11.85,-11.68,-11.90,-11.68,-11.63,-11.63,-11.49,-11.68,-11.63,-11.63,-11.76,-11.49,-11.68,-11.76,-11.90,-11.76,-11.76,-12.12,-11.90,-11.85,-11.90,-11.85,-11.55,-11.63,-11.98,-11.85,-11.55,-11.63,-11.55,-11.68,-11.55,-11.76,-11.55,-11.49,-11.49,-11.41,-11.49,-11.49,-11.36,-11.36,-11.19,-11.06,-11.00,-11.14,-11.36,-11.36,-11.36,-11.00,-10.92,-11.14,-10.79,-10.79,-10.71,-10.65,-10.79,-10.57,-10.92,-10.65,-11.06,-10.84,-10.92,-11.14,-10.79,-11.19,-10.92,-10.92,-11.14,-11.14,-11.19,-11.14,-11.00,-11.19,-11.19,-11.27,-11.06,-11.06,-11.19,-11.06,-11.27,-11.19,-10.79,-11.14,-11.14,-10.79,-11.19,-11.14,-11.06,-10.92,-11.06,-11.55,-11.55,-11.19,-11.55,-11.49,-11.76,-11.63,-11.27,-11.55,-11.41,-11.55,-11.55,-11.68,-11.55,-11.55,-11.49,-11.55,-11.63,-11.55,-11.85,-11.55,-11.55,-11.85,-11.98,-11.76,-11.63,-11.76,-11.76,-11.85,-11.49,-11.49,-11.55,-11.68,-11.63,-11.76,-11.76,-11.76,-11.55,-11.68,-11.68,-11.63,-11.76,-11.63,-11.68,-11.63,-11.49,-11.68,-11.63,-11.90,-11.36,-11.63,-11.63,-11.85,-11.68,-11.36,-11.63,-11.98,-11.49,-11.85,-11.55,-11.68,-12.04,-11.49,-11.55,-11.76,-11.49,-11.98,-11.68,-11.49,-11.98,-11.85,-11.98,-11.63,-11.85,-11.85,-11.85,-11.85,-12.04,-11.68,-11.63,-11.76,-12.04,-11.85,-11.49,-11.85,-11.90,-11.90,-11.76,-11.90,-11.90,-11.76,-11.90,-12.04,-11.98,-12.04,-11.85,-12.04,-11.90,-11.98,-11.76,-12.12,-12.34,-12.12,-12.20,-11.90,-12.04,-11.76,-11.76,-12.04,-11.76,-11.85,-11.55,-11.76,-11.76,-11.76,-11.76,-11.63,-11.36,-11.76,-11.49,-11.68,-11.85,-11.85,-11.76,-11.85,-11.41,-11.90,-11.98,-11.68,-11.76,-11.49,-12.04,-12.04,-11.55,-11.85,-11.90,-11.90,-11.90,-11.76,-11.76,-12.04,-11.90,-12.20,-12.04,-12.26,-11.90,-11.98,-12.04,-12.34,-12.04,-12.12,-12.39,-12.04,-12.26,-12.12,-12.12,-12.12,-12.26,-12.20,-11.98,-12.26,-12.39,-12.48,-12.04
-12.61,-12.34,-12.34,-12.26,-12.26,-12.61,-12.39,-12.48,-12.48,-12.20,-12.26,-12.26,-11.90,-11.98,-12.26,-12.34,-12.26,-11.98,-11.90,-12.34,-12.12,-12.34,-12.56,-11.76,-12.04,-11.85,-11.98,-12.26,-11.98,-12.04,-12.12,-11.90,-11.68,-11.90,-12.20,-11.76,-11.76,-11.76,-12.26,-12.26,-11.90,-11.98,-11.68,-11.98,-12.12,-12.12,-11.85,-12.26,-11.90,-11.76,-11.85,-11.85,-11.76,-11.90,-11.55,-11.76,-12.04,-12.04,-11.90,-11.98,-11.68,-11.85,-11.68,-12.12,-11.85,-11.90,-12.39,-11.98,-12.26,-11.90,-11.85,-11.98,-12.12,-12.26,-12.26,-12.12,-12.12,-11.90,-12.20,-11.98,-11.90,-11.85,-12.04,-11.68,-11.85,-11.76,-12.26,-12.12,-11.98,-11.76,-11.90,-12.04,-11.90,-11.85,-11.98,-12.20,-12.20,-11.98,-11.76,-11.63,-11.98,-11.90,-11.85,-11.68,-11.90,-11.68,-11.76,-11.85,-11.85,-11.68,-11.90,-11.76,-11.85,-11.55,-11.63,-11.98,-11.63,-12.26,-12.04,-11.63,-11.55,-11.98,-11.90,-11.98,-12.26,-11.63,-12.20,-11.55,-11.85,-11.85,-11.68,-11.63,-11.68,-11.68,-11.68,-11.68,-11.85,-11.63,-12.12,-11.55,-11.68,-11.76,-11.63,-11.49,-11.76,-11.55,-11.76,-11.90,-11.98,-11.76,-11.19,-11.85,-11.90,-11.36,-11.55,-11.63,-11.49,-11.41,-11.98,-11.98,-11.55,-11.85,-11.63,-11.49,-11.19,-11.14,-11.41,-11.36,-11.27,-11.00,-11.36,-11.19,-11.06,-11.14,-11.27,-11.00,-11.06,-11.14,-11.14,-10.71,-10.71,-10.92,-10.57,-10.71,-10.65,-11.19,-11.27,-10.92,-10.79,-10.92,-10.84,-11.19,-11.00,-10.92,-11.36,-11.06,-11.06,-11.27,-11.19,-10.79,-11.14,-11.27,-10.84,-11.14,-11.19,-11.27,-11.27,-11.19,-11.27,-11.06,-10.84,-11.06,-11.27,-11.41,-11.19,-11.14,-11.14,-11.19,-11.27,-11.41,-11.19,-11.55,-11.27,-11.76,-11.63,-11.76,-11.63,-11.76,-11.76,-11.49,-11.76,-11.68,-11.63,-11.36,-11.49,-11.41,-11.90,-11.76,-11.55,-11.85,-11.63,-11.85,-11.85,-11.85,-11.68,-11.90,-11.85,-11.68,-11.49,-11.63,-11.68,-11.63,-11.85,-11.55,-11.85,-11.55,-11.49,-11.76,-11.85,-11.85,-11.85,-11.98,-12.20,-11.55,-11.68,-11.76,-12.04,-11.63,-11.76,-12.04,-11.55,-11.90,-11.90,-12.04,-11.63,-12.26,-11.76,-12.26,-11.68,-11.76,-11.90,-11.90,-11.63,-12.04,-11.90,-11.49,-11.55,-11.85,-11.63,-11.90,-11.98,-12.12,-11.90,-11.90,-11.98,-11.68,-11.98,-11.85,-11.68,-11.90,-11.90,-11.90,-11.76,-12.12,-12.12,-11.98,-11.98,-11.85,-11.68,-11.98,-12.20,-11.90,-12.04,-12.04,-12.26,-12.34,-11.90,-11.85,-11.98,-12.20,-12.04,-11.90,-12.12,-12.26,-12.26,-12.12,-12.26,-11.90,-11.85,-11.76,-11.98,-11.98,-11.55,-11.85,-11.85,-11.85,-11.68,-12.04,-11.76,-11.98,-12.12,-12.26,-11.85,-11.76,-11.85,-11.90,-12.20,-11.85,-11.90,-12.39,-11.63,-12.39,-12.04,-12.20,-11.63,-11.90,-11.76,-11.68,-11.63,-12.04,-12.04,-11.85,-12.04,-12.48,-12.04,-11.90,-12.04,-11.98,-12.04,-12.34,-12.12,-11.98,-12.34,-12.04,-12.34,-12.04,-12.12,-12.48,-12.39,-12.26,-12.04,-12.56
-12.48,-12.39,-12.56,-12.39,-12.78,-12.20,-12.48,-12.34,-12.56,-12.04,-12.26,-12.20,-12.04,-12.26,-12.39,-12.70,-12.26,-12.56,-12.20,-12.39,-12.04,-12.04,-12.20,-12.20,-12.12,-12.20,-11.98,-11.98,-12.04,-12.04,-11.85,-11.85,-12.04,-11.85,-11.76,-12.20,-12.12,-12.04,-11.55,-11.85,-12.20,-11.98,-12.20,-11.90,-11.90,-12.04,-12.20,-12.26,-12.04,-12.39,-11.76,-11.98,-11.68,-11.90,-11.90,-11.98,-11.85,-11.68,-11.85,-12.04,-12.12,-11.98,-11.85,-11.98,-11.90,-11.90,-12.12,-11.90,-12.20,-12.34,-11.98,-12.04,-11.85,-11.85,-11.85,-11.85,-12.04,-11.90,-12.20,-12.04,-11.85,-12.04,-12.20,-12.12,-11.98,-11.98,-11.90,-11.85,-12.12,-12.12,-11.90,-11.98,-11.68,-11.90,-11.85,-11.76,-11.85,-11.98,-11.98,-11.98,-11.98,-11.85,-11.63,-11.90,-11.49,-12.12,-11.63,-11.68,-11.85,-11.55,-11.98,-11.90,-11.85,-11.76,-12.04,-11.76,-11.49,-11.68,-11.68,-11.68,-11.49,-11.63,-11.68,-11.55,-11.68,-11.85,-11.63,-11.90,-11.68,-11.68,-11.55,-11.68,-11.68,-11.76,-11.76,-11.55,-11.68,-11.68,-11.55,-11.63,-11.85,-11.90,-11.85,-11.90,-11.68,-11.68,-11.76,-12.20,-11.76,-11.85,-11.49,-11.76,-11.68,-11.90,-11.49,-11.90,-11.98,-11.55,-11.68,-11.55,-11.49,-11.55,-11.55,-11.85,-11.68,-11.36,-11.55,-11.55,-11.36,-11.41,-11.27,-11.14,-11.19,-11.27,-11.06,-10.92,-11.14,-11.00,-11.14,-11.00,-10.84,-10.92,-10.57,-10.52,-10.71,-10.71,-11.06,-11.19,-10.71,-11.36,-11.41,-11.19,-11.14,-11.14,-11.14,-11.19,-11.14,-11.00,-11.19,-11.27,-11.14,-11.06,-11.06,-11.19,-11.14,-11.19,-11.06,-11.36,-11.14,-11.06,-11.06,-11.19,-11.27,-11.27,-11.41,-11.06,-11.00,-11.27,-11.19,-11.19,-11.41,-11.63,-11.55,-11.68,-11.68,-11.55,-11.63,-11.85,-11.55,-11.76,-11.98,-11.68,-11.76,-11.68,-11.68,-11.63,-11.41,-11.68,-11.55,-11.98,-11.55,-11.68,-11.27,-11.76,-11.76,-11.98,-11.55,-11.63,-11.63,-11.76,-11.63,-11.68,-11.55,-11.68,-11.68,-11.76,-11.63,-11.90,-12.04,-11.85,-11.55,-11.68,-11.98,-11.76,-11.76,-11.76,-11.85,-11.55,-11.55,-11.76,-11.98,-11.76,-11.90,-11.85,-11.85,-12.04,-11.76,-11.85,-11.76,-11.85,-12.20,-11.63,-11.90,-11.76,-11.63,-11.90,-11.90,-11.55,-12.12,-11.49,-11.98,-11.98,-11.98,-11.98,-11.90,-11.68,-11.68,-11.68,-11.68,-11.98,-11.68,-11.90,-11.85,-11.85,-11.85,-11.85,-11.90,-11.90,-12.20,-12.04,-12.12,-11.90,-11.98,-11.98,-12.26,-11.85,-12.12,-12.20,-12.20,-12.34,-11.76,-12.04,-12.20,-12.48,-11.90,-11.90,-12.12,-11.76,-11.98,-11.76,-11.63,-11.41,-11.68,-11.85,-11.76,-11.98,-11.68,-11.98,-11.68,-11.90,-11.85,-11.63,-11.68,-11.90,-12.04,-11.98,-11.90,-12.20,-11.63,-12.26,-11.63,-12.04,-12.04,-11.90,-12.04,-11.90,-12.26,-12.26,-11.98,-11.90,-12.20,-11.55,-12.39,-12.26,-11.68,-11.98,-12.20,-11.98,-11.90,-12.34,-12.20,-12.04,-12.20,-12.12,-12.04,-12.39,-12.26,-12.04,-12.48,-12.39,-12.34,-12.39
-12.26,-12.56,-12.48,-12.34,-12.34,-12.39,-12.39,-12.34,-12.48,-12.39,-12.39,-12.04,-12.56,-12.34,-12.04,-12.26,-12.20,-12.56,-12.34,-12.56,-12.20,-12.20,-12.12,-11.98,-12.04,-11.98,-12.20,-11.68,-12.26,-12.20,-12.12,-11.85,-11.90,-12.12,-11.85,-11.63,-12.20,-12.04,-11.76,-11.98,-12.04,-12.04,-12.48,-12.39,-11.90,-11.68,-12.12,-12.04,-11.76,-12.04,-12.12,-12.04,-12.12,-12.04,-11.68,-11.98,-12.12,-11.76,-11.90,-11.90,-11.68,-11.68,-12.04,-11.90,-11.55,-12.26,-12.04,-12.39,-12.12,-12.04,-12.04,-11.98,-12.04,-11.98,-12.26,-12.12,-11.85,-12.04,-11.98,-12.26,-11.90,-12.12,-11.90,-12.12,-11.90,-12.34,-11.98,-11.90,-11.98,-11.90,-11.90,-12.04,-11.98,-12.04,-11.90,-12.12,-11.98,-12.20,-11.85,-11.85,-11.68,-11.76,-11.49,-11.85,-11.55,-11.98,-12.04,-11.76,-11.76,-12.04,-11.85,-11.85,-11.68,-11.98,-11.76,-11.90,-11.98,-11.98,-11.63,-11.68,-11.68,-11.85,-11.63,-11.76,-11.76,-11.63,-11.63,-11.76,-11.68,-12.04,-11.76,-11.55,-11.90,-11.55,-11.68,-11.68,-11.49,-11.41,-11.55,-11.55,-11.41,-11.55,-11.68,-11.68,-11.98,-11.76,-11.55,-11.68,-11.41,-11.85,-11.55,-11.68,-11.55,-11.55,-11.85,-11.55,-11.55,-11.41,-11.63,-11.68,-11.68,-11.76,-11.55,-11.63,-11.49,-11.55,-11.41,-11.55,-11.41,-11.41,-11.14,-11.41,-11.36,-11.41,-11.06,-11.19,-10.79,-11.06,-11.14,-11.00,-10.92,-10.57,-10.57,-10.57,-10.65,-10.79,-11.19,-11.06,-11.41,-10.92,-11.14,-10.79,-10.71,-11.19,-11.14,-11.19,-11.36,-10.84,-11.14,-10.71,-11.06,-11.27,-11.19,-11.41,-11.00,-11.27,-11.27,-10.92,-11.41,-11.06,-11.36,-11.41,-11.06,-11.19,-10.92,-11.27,-11.14,-11.19,-11.63,-11.27,-11.41,-11.36,-11.49,-11.76,-11.49,-11.49,-11.76,-11.68,-11.76,-11.68,-11.41,-11.90,-12.04,-11.55,-11.76,-11.85,-11.90,-11.68,-11.76,-11.68,-11.85,-11.49,-11.85,-11.68,-11.49,-11.90,-11.68,-11.14,-11.63,-11.68,-11.90,-11.85,-11.90,-12.04,-11.98,-11.76,-11.85,-11.68,-11.68,-11.68,-11.76,-11.76,-11.76,-11.76,-12.04,-11.68,-11.55,-11.68,-11.68,-11.49,-11.63,-11.76,-11.55,-12.04,-11.63,-11.90,-11.55,-12.12,-11.98,-11.63,-11.76,-11.68,-12.12,-11.55,-11.63,-12.04,-11.90,-12.26,-11.98,-12.04,-12.20,-11.76,-12.04,-11.90,-11.85,-12.12,-12.04,-12.20,-11.98,-11.98,-12.04,-11.85,-11.76,-11.98,-11.98,-11.85,-12.12,-12.04,-11.85,-11.90,-11.90,-12.12,-12.04,-11.90,-11.98,-11.85,-11.90,-11.90,-11.85,-11.90,-11.90,-11.98,-12.39,-12.12,-11.98,-12.12,-12.20,-11.98,-12.04,-11.90,-11.76,-11.90,-11.27,-11.68,-11.55,-11.76,-11.68,-11.90,-11.98,-11.63,-11.68,-11.76,-11.76,-11.85,-12.20,-11.76,-11.90,-12.12,-11.90,-12.20,-12.20,-11.85,-12.04,-12.12,-12.20,-11.90,-12.12,-11.90,-12.20,-11.98,-11.98,-11.98,-12.12,-12.26,-12.26,-12.12,-12.26,-12.26,-12.12,-11.76,-12.12,-12.26,-12.26,-12.20,-12.12,-12.34,-12.26,-12.34,-12.39,-12.12,-12.78,-12.20
-12.48,-12.39,-12.34,-12.39,-12.48,-12.48,-12.12,-12.26,-12.34,-12.20,-12.26,-12.12,-12.20,-11.98,-12.34,-12.34,-12.39,-12.20,-12.34,-12.04,-12.12,-12.26,-12.20,-12.12,-12.48,-12.12,-12.04,-11.85,-12.04,-12.12,-11.85,-12.04,-12.12,-12.12,-11.90,-11.98,-12.12,-12.12,-11.76,-12.39,-12.20,-11.85,-11.98,-11.90,-12.04,-11.85,-11.76,-12.04,-12.04,-11.85,-11.85,-12.26,-11.68,-12.12,-12.12,-12.20,-12.04,-11.76,-12.20,-11.63,-12.04,-11.98,-11.98,-11.63,-11.85,-11.98,-11.76,-11.85,-11.98,-11.76,-11.76,-11.90,-11.85,-11.76,-11.85,-12.04,-11.68,-11.85,-11.98,-11.90,-11.98,-11.98,-12.04,-11.98,-11.90,-11.63,-11.76,-11.76,-12.04,-11.68,-11.85,-11.76,-11.68,-11.98,-11.98,-11.98,-11.85,-11.63,-11.68,-11.68,-11.98,-12.12,-11.55,-11.76,-12.12,-11.98,-11.85,-11.76,-11.63,-11.68,-11.98,-11.55,-11.49,-11.98,-11.85,-11.68,-11.68,-11.68,-11.63,-11.90,-11.76,-11.85,-11.85,-12.04,-11.85,-11.68,-11.85,-12.04,-11.76,-12.12,-11.90,-11.85,-11.76,-11.76,-11.55,-11.49,-11.55,-11.63,-11.85,-12.04,-11.55,-11.76,-11.63,-11.76,-11.68,-11.76,-11.63,-11.63,-11.68,-11.85,-11.63,-11.68,-11.55,-11.49,-11.41,-11.76,-11.49,-11.49,-11.41,-11.63,-11.55,-11.68,-11.55,-11.36,-11.41,-11.41,-11.27,-11.36,-11.19,-11.36,-11.19,-11.41,-11.27,-10.84,-11.00,-11.14,-11.41,-10.92,-10.92,-11.19,-11.00,-10.71,-10.92,-11.14,-10.65,-10.57,-11.27,-10.79,-10.84,-11.06,-11.14,-10.92,-11.14,-10.71,-10.92,-11.06,-10.92,-11.27,-11.19,-11.14,-11.00,-11.19,-11.27,-11.14,-11.14,-11.19,-11.41,-11.14,-11.19,-11.19,-11.36,-11.63,-11.36,-11.19,-11.68,-10.92,-11.27,-11.36,-11.06,-11.00,-11.41,-11.68,-11.55,-11.68,-11.63,-11.85,-11.27,-11.41,-11.41,-11.68,-11.68,-11.63,-11.55,-11.76,-11.63,-11.63,-11.68,-11.55,-11.68,-11.85,-11.49,-11.76,-11.76,-11.90,-11.63,-11.76,-11.90,-11.63,-11.63,-11.63,-11.68,-11.85,-11.68,-11.27,-11.98,-11.55,-11.76,-12.12,-11.90,-11.68,-11.41,-11.68,-12.04,-11.85,-11.55,-11.76,-11.68,-11.63,-11.90,-11.76,-11.76,-11.90,-11.41,-11.85,-11.76,-12.12,-11.76,-11.85,-11.63,-11.63,-11.68,-12.04,-11.85,-11.49,-11.63,-11.85,-12.04,-11.98,-11.68,-11.68,-11.90,-11.90,-11.85,-11.76,-12.04,-11.98,-11.90,-11.85,-11.76,-11.90,-11.68,-12.04,-11.98,-12.04,-11.85,-11.90,-12.12,-11.85,-12.12,-11.90,-11.76,-12.20,-11.85,-11.85,-12.20,-12.12,-11.98,-12.04,-12.39,-11.85,-11.98,-12.20,-12.26,-12.20,-11.98,-11.98,-12.26,-11.76,-11.98,-11.85,-11.68,-11.76,-11.63,-11.49,-11.68,-11.76,-11.76,-11.63,-11.68,-11.90,-11.49,-11.98,-11.68,-11.76,-11.98,-11.85,-11.98,-11.76,-12.20,-12.20,-11.98,-12.26,-11.63,-11.90,-11.68,-11.98,-12.20,-12.20,-11.90,-12.34,-11.90,-11.76,-11.76,-11.85,-12.39,-12.04,-12.12,-12.04,-12.04,-12.12,-12.39,-12.12,-11.90,-12.12,-12.12,-12.20,-12.20,-12.48,-12.26,-12.20,-12.34,-12.04
-12.48,-12.56,-12.34,-12.04,-12.26,-12.04,-12.61,-12.39,-12.39,-12.34,-12.48,-12.34,-12.04,-12.12,-12.26,-12.26,-12.34,-11.98,-11.98,-12.39,-12.04,-12.20,-12.39,-12.20,-11.90,-12.04,-11.68,-11.90,-11.90,-12.04,-12.04,-11.98,-11.85,-11.90,-11.90,-11.68,-12.26,-12.04,-11.98,-11.98,-11.85,-11.98,-12.26,-11.90,-12.04,-11.76,-11.98,-11.98,-11.98,-11.90,-11.90,-11.98,-11.85,-11.85,-12.04,-12.04,-12.20,-12.04,-11.90,-12.04,-11.68,-12.12,-12.20,-12.04,-11.85,-11.55,-11.98,-11.63,-11.68,-11.85,-11.85,-12.20,-11.85,-11.98,-11.63,-11.85,-11.98,-11.55,-11.98,-11.85,-12.20,-11.85,-11.68,-11.98,-11.85,-11.76,-11.98,-11.90,-11.90,-11.98,-11.90,-12.04,-11.85,-11.90,-11.63,-11.63,-11.76,-11.98,-11.98,-11.55,-12.34,-11.90,-11.55,-11.63,-12.04,-11.85,-11.63,-11.63,-11.68,-11.76,-11.98,-11.76,-11.76,-11.63,-11.63,-11.63,-11.68,-11.63,-11.85,-11.49,-11.63,-11.76,-11.63,-11.85,-11.55,-11.90,-11.68,-11.55,-11.49,-11.76,-11.85,-11.63,-11.85,-11.49,-11.85,-11.55,-11.90,-11.68,-11.63,-11.68,-11.76,-11.63,-11.63,-11.90,-11.98,-11.76,-12.12,-11.85,-11.98,-11.76,-11.68,-11.68,-11.76,-11.98,-11.49,-11.63,-11.68,-11.49,-12.04,-11.49,-11.55,-11.63,-11.55,-11.49,-11.41,-11.14,-11.36,-11.36,-11.19,-11.36,-11.19,-11.06,-11.19,-11.19,-11.19,-11.19,-11.06,-11.14,-11.00,-11.14,-11.00,-10.30,-11.00,-10.79,-10.79,-11.00,-11.14,-11.36,-11.14,-10.92,-11.19,-10.92,-11.27,-11.36,-11.19,-11.36,-11.00,-11.00,-11.36,-11.27,-11.14,-11.19,-11.27,-11.19,-11.27,-11.41,-11.14,-11.00,-11.36,-11.19,-11.36,-11.27,-11.41,-11.36,-11.36,-11.19,-11.27,-11.14,-11.14,-11.19,-11.63,-11.41,-11.36,-11.63,-11.68,-11.49,-11.63,-11.55,-11.68,-11.49,-11.63,-11.68,-11.76,-11.55,-11.55,-11.85,-11.49,-11.76,-11.76,-11.49,-11.68,-11.85,-11.90,-11.90,-11.63,-11.76,-11.55,-11.68,-11.76,-11.68,-11.68,-11.68,-11.85,-11.76,-11.98,-11.63,-11.76,-11.85,-11.68,-11.55,-11.49,-11.90,-11.63,-11.63,-11.63,-11.63,-11.49,-11.98,-11.63,-11.68,-11.90,-11.55,-11.76,-12.04,-11.85,-11.41,-11.63,-11.85,-12.04,-11.68,-11.85,-12.04,-12.04,-11.90,-11.63,-11.85,-11.55,-12.20,-11.98,-11.63,-11.90,-11.68,-12.04,-11.76,-11.90,-11.85,-12.04,-11.85,-12.12,-11.90,-11.85,-12.04,-11.85,-11.76,-11.90,-11.85,-11.85,-12.12,-11.76,-11.90,-11.90,-11.90,-12.04,-11.85,-12.04,-12.26,-11.90,-11.90,-11.90,-12.04,-11.55,-12.20,-11.98,-12.26,-12.04,-12.04,-12.04,-12.12,-11.85,-12.26,-11.68,-11.68,-11.68,-11.76,-11.85,-11.90,-12.20,-11.90,-11.68,-11.90,-11.27,-11.76,-11.76,-11.90,-11.90,-12.04,-11.98,-11.85,-12.04,-11.98,-11.85,-11.76,-12.20,-12.56,-11.98,-11.76,-11.85,-11.85,-11.98,-12.20,-11.98,-11.90,-11.98,-12.20,-12.12,-12.04,-12.26,-11.85,-12.04,-12.20,-11.85,-12.56,-12.12,-12.26,-12.20,-12.39,-12.20,-12.39,-12.34,-12.26,-12.70,-12.34
-12.39,-12.39,-12.39,-12.39,-12.56,-12.26,-12.34,-12.48,-12.12,-12.26,-12.20,-12.39,-12.20,-12.48,-12.20,-12.04,-12.26,-12.39,-12.34,-11.98,-11.68,-12.20,-12.12,-12.56,-12.04,-12.12,-12.04,-12.34,-12.20,-11.68,-11.90,-11.98,-12.20,-11.85,-11.90,-12.12,-11.85,-11.90,-11.90,-12.26,-12.04,-12.12,-12.04,-11.76,-11.90,-11.85,-12.20,-11.76,-12.04,-11.68,-11.63,-12.12,-11.98,-12.12,-11.68,-11.85,-11.63,-12.12,-11.85,-11.98,-11.85,-12.12,-11.90,-11.76,-11.63,-11.63,-11.90,-11.76,-11.98,-11.85,-12.12,-11.98,-11.90,-11.90,-11.63,-11.90,-11.98,-11.98,-11.76,-11.98,-11.98,-12.20,-12.04,-12.04,-11.90,-11.98,-11.76,-11.98,-11.55,-12.04,-11.85,-11.90,-11.90,-11.85,-12.12,-11.98,-11.76,-11.85,-11.68,-11.76,-11.98,-11.98,-11.76,-11.41,-12.04,-11.90,-11.49,-11.55,-11.63,-11.85,-11.98,-11.68,-11.85,-11.55,-11.90,-11.76,-11.90,-11.85,-11.68,-11.85,-11.76,-11.63,-11.85,-11.68,-12.34,-11.76,-12.04,-11.63,-11.76,-11.85,-11.76,-11.76,-11.85,-11.68,-11.55,-11.76,-11.76,-11.68,-11.76,-11.90,-11.76,-11.76,-11.55,-11.85,-11.85,-11.49,-11.63,-11.68,-11.27,-11.41,-11.98,-11.76,-11.76,-12.04,-11.68,-11.98,-11.76,-11.76,-11.63,-11.90,-11.85,-11.63,-11.55,-11.41,-11.63,-11.41,-11.76,-11.63,-11.49,-11.36,-11.14,-11.19,-11.36,-11.19,-11.00,-11.19,-11.36,-11.00,-11.06,-11.06,-10.71,-10.52,-10.84,-10.71,-11.06,-11.06,-11.19,-11.27,-10.92,-11.36,-11.19,-11.27,-11.00,-11.14,-11.49,-11.19,-11.00,-11.06,-10.79,-11.36,-11.41,-11.19,-11.41,-11.41,-11.19,-11.49,-11.36,-11.55,-11.00,-11.06,-11.19,-11.19,-11.36,-11.14,-11.06,-11.55,-11.19,-11.19,-11.14,-11.36,-11.55,-11.41,-11.55,-11.68,-11.76,-11.41,-11.76,-11.85,-11.76,-11.63,-11.76,-11.41,-11.63,-11.68,-12.04,-11.68,-11.76,-11.85,-11.68,-12.12,-11.76,-11.41,-11.85,-11.63,-11.55,-11.63,-11.63,-11.76,-11.76,-11.98,-11.76,-11.76,-11.36,-11.76,-11.68,-11.85,-11.63,-11.68,-11.76,-11.85,-11.41,-11.85,-11.76,-11.98,-11.76,-11.49,-11.85,-11.68,-11.55,-11.85,-11.63,-11.63,-11.98,-11.90,-11.63,-11.98,-11.68,-11.85,-11.76,-11.76,-11.63,-11.63,-11.85,-11.68,-11.76,-12.12,-11.85,-11.55,-11.98,-11.76,-12.12,-12.12,-11.98,-11.90,-12.04,-11.63,-11.98,-11.68,-11.90,-11.85,-12.04,-11.98,-11.98,-11.68,-12.04,-12.12,-11.98,-11.90,-11.90,-11.98,-12.34,-11.90,-11.98,-11.85,-11.85,-12.20,-12.20,-12.04,-12.26,-12.04,-11.90,-12.04,-11.98,-12.26,-12.12,-12.12,-12.04,-11.85,-11.98,-11.55,-11.76,-11.68,-12.04,-11.68,-11.41,-11.55,-11.63,-11.85,-11.68,-11.85,-11.85,-11.63,-11.90,-11.90,-11.85,-11.85,-12.20,-11.85,-11.90,-11.98,-11.85,-11.90,-11.85,-12.34,-11.98,-11.85,-12.26,-11.90,-11.90,-12.12,-12.20,-12.39,-11.98,-11.90,-12.20,-11.90,-11.90,-11.90,-12.12,-12.26,-12.04,-12.20,-12.20,-12.34,-12.70,-12.26,-12.34,-12.20,-12.56,-12.39,-12.20,-12.20
-12.70,-12.34,-12.34,-12.39,-12.34,-12.12,-12.12,-12.39,-12.56,-12.04,-12.20,-11.98,-12.34,-12.04,-12.34,-11.98,-12.39,-12.39,-12.20,-12.20,-11.90,-12.34,-12.34,-12.12,-12.12,-11.63,-11.98,-11.98,-12.12,-12.04,-12.26,-12.26,-12.20,-12.26,-11.98,-11.85,-11.98,-12.39,-12.20,-12.26,-11.98,-12.26,-11.98,-11.85,-12.12,-12.04,-12.04,-11.85,-11.55,-11.98,-11.76,-11.76,-11.90,-11.63,-11.98,-11.76,-11.85,-11.98,-11.98,-11.98,-11.85,-11.85,-11.90,-11.63,-12.04,-12.20,-11.98,-11.85,-11.68,-11.68,-11.55,-11.85,-11.63,-11.85,-11.68,-11.85,-11.85,-11.90,-12.04,-11.98,-11.98,-12.39,-12.20,-11.90,-12.04,-12.12,-11.85,-11.90,-11.90,-12.20,-12.04,-11.76,-11.68,-12.26,-11.76,-12.04,-11.76,-11.90,-11.85,-12.20,-12.26,-11.49,-11.98,-11.85,-11.85,-11.68,-11.68,-11.90,-11.49,-11.68,-11.90,-11.90,-12.04,-11.76,-11.68,-11.85,-11.63,-11.76,-11.85,-11.76,-11.68,-11.98,-11.90,-11.85,-11.76,-12.04,-11.90,-11.98,-11.90,-11.90,-11.90,-11.76,-11.90,-11.68,-11.68,-11.68,-11.63,-11.76,-11.63,-11.76,-11.68,-11.68,-11.63,-11.55,-11.90,-11.90,-11.90,-11.68,-11.90,-11.90,-11.49,-11.98,-11.76,-11.98,-11.49,-11.41,-11.68,-11.49,-11.55,-11.90,-11.41,-11.41,-11.68,-11.36,-11.63,-11.68,-11.49,-11.27,-11.36,-10.92,-11.36,-11.00,-11.19,-11.41,-11.19,-11.00,-11.36,-11.27,-11.19,-10.92,-10.65,-10.84,-10.84,-10.92,-11.06,-10.92,-11.19,-11.49,-11.41,-11.49,-11.36,-11.14,-11.19,-11.19,-11.27,-11.27,-11.41,-11.27,-11.14,-11.41,-11.27,-11.27,-11.27,-11.27,-11.27,-10.92,-11.55,-11.36,-11.36,-11.19,-11.14,-11.36,-11.36,-11.41,-11.63,-11.36,-11.00,-11.00,-11.19,-11.27,-11.27,-11.55,-11.55,-11.68,-11.36,-11.85,-11.76,-11.76,-11.27,-11.76,-11.27,-11.49,-12.12,-11.98,-11.76,-11.68,-11.85,-11.68,-11.63,-12.26,-11.76,-11.98,-11.85,-11.98,-11.98,-11.85,-11.63,-11.98,-11.76,-11.90,-11.90,-11.63,-11.85,-11.76,-11.68,-11.68,-11.76,-11.76,-12.12,-11.68,-11.85,-11.98,-11.55,-12.04,-11.90,-11.63,-11.55,-11.76,-11.63,-11.68,-12.04,-11.55,-11.63,-11.98,-11.63,-11.36,-12.04,-12.04,-11.90,-12.04,-11.55,-12.04,-11.98,-11.76,-11.76,-11.63,-12.04,-11.76,-12.26,-11.85,-11.63,-11.98,-11.63,-11.76,-11.76,-11.76,-11.98,-11.90,-11.98,-12.12,-11.98,-11.90,-11.90,-11.49,-11.90,-12.04,-11.85,-12.26,-11.63,-11.98,-12.20,-12.48,-12.04,-11.76,-12.34,-11.90,-11.90,-11.85,-12.34,-12.34,-11.90,-12.20,-11.85,-11.85,-11.98,-12.12,-11.76,-11.68,-11.98,-12.12,-12.12,-12.12,-11.76,-11.68,-11.76,-11.68,-12.04,-11.36,-11.68,-11.85,-11.76,-11.85,-11.63,-11.76,-11.63,-11.90,-12.20,-11.68,-11.85,-11.98,-11.76,-11.76,-11.85,-11.90,-12.20,-11.63,-11.85,-11.90,-11.90,-12.20,-12.20,-11.98,-11.90,-11.76,-11.90,-11.85,-12.20,-11.63,-12.26,-12.48,-12.26,-12.34,-12.39,-12.04,-12.39,-12.56,-12.20,-12.12,-12.56,-12.39,-12.34,-12.34
-12.83,-12.34,-12.26,-12.39,-12.26,-12.34,-12.34,-12.34,-12.48,-12.34,-12.12,-12.39,-12.26,-12.56,-12.26,-12.26,-12.56,-12.12,-12.12,-12.20,-12.04,-12.12,-12.20,-12.12,-12.04,-12.34,-12.12,-12.12,-12.20,-12.12,-11.98,-12.04,-12.04,-11.90,-11.98,-12.20,-12.26,-12.34,-11.76,-11.85,-11.98,-11.85,-11.90,-11.85,-11.90,-11.63,-11.90,-11.98,-11.98,-11.85,-11.76,-11.98,-11.76,-12.12,-11.76,-11.76,-11.90,-12.12,-11.98,-12.04,-11.98,-11.76,-11.76,-12.04,-11.90,-12.04,-11.76,-11.68,-11.90,-11.90,-11.85,-11.49,-11.90,-11.76,-11.85,-11.49,-11.90,-11.98,-11.85,-11.85,-11.85,-11.90,-11.98,-12.34,-11.98,-11.90,-11.76,-11.98,-12.12,-12.12,-12.39,-12.26,-12.12,-11.90,-12.04,-11.98,-11.85,-11.68,-12.12,-11.90,-11.98,-11.98,-12.04,-11.68,-11.76,-11.76,-11.68,-12.04,-12.04,-11.63,-11.76,-12.20,-12.04,-11.76,-11.63,-11.90,-12.20,-11.55,-11.90,-11.76,-11.63,-11.90,-11.98,-11.98,-11.98,-11.90,-11.90,-11.68,-11.76,-11.63,-11.85,-11.63,-11.85,-11.41,-11.98,-12.04,-11.55,-11.68,-11.85,-11.76,-11.98,-11.76,-11.90,-11.49,-11.98,-11.68,-11.98,-11.63,-11.63,-11.68,-11.90,-11.90,-12.26,-11.76,-11.36,-11.85,-11.49,-11.85,-11.63,-11.49,-11.55,-11.55,-11.36,-11.68,-11.55,-11.41,-11.68,-11.55,-11.49,-11.27,-11.49,-11.36,-11.41,-11.14,-11.27,-10.84,-11.27,-11.14,-10.79,-10.92,-10.84,-10.57,-10.79,-10.65,-10.79,-11.00,-11.06,-11.19,-11.49,-11.41,-11.27,-11.06,-11.19,-11.27,-11.06,-11.19,-11.27,-11.19,-11.27,-11.36,-10.92,-11.00,-11.19,-11.36,-11.41,-11.19,-11.36,-11.49,-11.14,-11.41,-11.19,-11.06,-11.27,-11.49,-11.55,-11.14,-11.19,-11.06,-11.06,-11.36,-11.63,-11.55,-11.49,-11.63,-11.68,-11.49,-11.55,-11.49,-11.76,-11.76,-11.63,-11.63,-11.14,-11.76,-11.68,-11.49,-11.90,-12.04,-11.85,-11.27,-11.49,-11.90,-11.85,-11.85,-11.68,-11.90,-11.98,-11.76,-11.76,-11.76,-11.76,-11.76,-11.85,-11.55,-11.68,-11.90,-11.55,-11.98,-11.85,-11.76,-11.63,-11.68,-12.12,-11.63,-11.76,-11.55,-11.85,-11.63,-11.63,-11.68,-11.68,-11.85,-11.98,-11.68,-11.76,-11.98,-12.26,-11.63,-11.90,-11.63,-12.12,-12.12,-12.20,-11.76,-12.12,-11.85,-11.63,-11.98,-11.85,-12.12,-11.90,-11.90,-11.55,-11.63,-12.12,-11.98,-12.04,-11.98,-12.12,-12.04,-12.04,-12.04,-12.12,-11.76,-12.04,-11.85,-11.98,-12.26,-12.12,-11.98,-11.90,-12.20,-12.20,-12.12,-12.26,-11.85,-12.04,-12.20,-12.20,-12.12,-12.26,-12.04,-12.20,-12.04,-12.20,-12.20,-11.98,-11.90,-12.04,-12.04,-12.20,-11.85,-12.20,-11.76,-12.20,-11.90,-11.85,-11.68,-11.63,-11.76,-11.76,-11.90,-11.63,-11.90,-11.98,-11.68,-11.85,-11.85,-11.90,-11.98,-12.20,-11.85,-12.26,-12.04,-11.90,-12.34,-11.85,-12.12,-12.04,-12.20,-12.34,-12.39,-12.12,-12.04,-12.20,-11.90,-12.26,-11.85,-12.61,-12.20,-11.90,-12.34,-12.56,-12.12,-11.90,-12.34,-12.26,-11.98,-12.12,-12.26,-12.39,-12.20
-12.34,-12.34,-12.26,-12.92,-12.61,-12.34,-12.34,-12.56,-12.56,-12.56,-12.26,-12.04,-11.98,-12.70,-12.20,-12.34,-12.20,-12.20,-12.20,-12.04,-12.04,-12.20,-12.12,-12.26,-12.20,-12.26,-11.76,-12.12,-11.98,-11.85,-12.12,-12.26,-11.98,-11.85,-12.48,-12.12,-12.39,-11.98,-12.12,-11.90,-12.12,-12.26,-11.85,-12.20,-11.98,-11.90,-12.04,-11.85,-11.85,-11.90,-12.04,-11.98,-11.90,-11.55,-11.63,-11.76,-11.85,-11.90,-12.04,-12.12,-11.76,-11.76,-11.90,-11.90,-11.98,-11.76,-11.90,-11.68,-11.76,-11.76,-11.90,-11.68,-11.98,-11.68,-11.76,-11.85,-11.49,-11.98,-11.98,-11.90,-12.04,-11.98,-12.12,-11.85,-11.90,-11.98,-11.98,-11.90,-12.20,-12.12,-11.68,-11.76,-11.98,-11.98,-11.68,-12.04,-11.90,-11.76,-11.90,-11.90,-12.04,-11.55,-11.98,-11.63,-11.90,-11.90,-11.68,-12.12,-11.55,-11.85,-11.68,-12.04,-11.85,-11.76,-11.98,-11.68,-11.90,-11.85,-11.63,-11.68,-12.04,-11.68,-11.90,-11.76,-11.85,-11.76,-11.98,-11.68,-12.12,-11.85,-11.55,-11.68,-11.76,-11.85,-11.63,-11.68,-12.04,-11.68,-11.76,-11.76,-11.76,-11.68,-11.85,-11.68,-11.76,-11.68,-11.76,-11.68,-12.12,-11.85,-11.63,-11.68,-11.63,-11.76,-11.55,-11.68,-11.55,-11.76,-11.85,-11.76,-11.98,-11.55,-11.68,-11.76,-11.98,-11.55,-11.49,-11.41,-11.27,-11.49,-11.19,-11.68,-11.14,-11.14,-11.00,-11.14,-10.79,-11.36,-10.92,-10.92,-10.79,-10.79,-11.14,-10.84,-10.92,-10.79,-11.14,-11.27,-11.36,-11.27,-11.19,-11.55,-11.41,-11.14,-11.19,-11.19,-11.19,-11.36,-11.41,-11.41,-11.55,-11.49,-11.41,-11.49,-11.49,-11.63,-11.27,-11.06,-11.36,-11.00,-11.36,-11.36,-11.36,-11.41,-11.19,-11.36,-11.06,-11.27,-11.49,-11.06,-11.36,-11.68,-11.36,-11.68,-11.55,-11.55,-11.63,-11.85,-11.85,-11.76,-11.85,-11.76,-11.41,-11.98,-11.76,-11.85,-11.76,-11.85,-11.68,-11.55,-11.68,-11.90,-11.76,-11.63,-11.85,-11.90,-11.90,-11.63,-11.76,-11.90,-11.85,-11.85,-11.76,-11.90,-11.98,-11.98,-11.63,-11.68,-11.85,-12.12,-11.63,-11.63,-11.55,-11.68,-11.63,-11.63,-11.55,-11.63,-11.63,-11.68,-11.63,-11.68,-11.68,-11.76,-11.98,-11.63,-11.49,-11.76,-11.63,-11.90,-11.98,-11.98,-12.04,-11.98,-11.98,-11.76,-11.98,-12.04,-12.20,-11.90,-12.04,-11.76,-11.90,-11.90,-11.98,-11.55,-12.04,-12.04,-12.39,-12.20,-11.98,-11.90,-11.90,-11.98,-12.04,-11.63,-12.20,-11.98,-12.04,-12.34,-11.90,-12.12,-11.85,-11.90,-12.12,-12.26,-12.39,-11.98,-12.39,-12.34,-11.85,-11.98,-12.34,-12.04,-12.12,-12.48,-11.85,-11.90,-12.12,-11.85,-11.85,-11.85,-11.76,-11.76,-11.90,-11.85,-11.68,-11.63,-11.98,-11.90,-12.04,-11.76,-11.55,-11.98,-12.04,-11.90,-12.12,-12.04,-11.76,-11.55,-12.20,-11.85,-12.26,-11.90,-12.20,-12.04,-12.20,-11.90,-12.26,-11.90,-12.39,-11.63,-12.20,-12.12,-12.04,-12.26,-12.34,-12.20,-12.04,-12.12,-12.12,-11.90,-12.39,-12.04,-12.12,-11.98,-12.39,-12.04,-12.20,-12.20,-12.61,-12.39
-12.34,-12.34,-12.48,-12.61,-12.34,-12.20,-12.56,-12.70,-12.12,-12.20,-12.12,-12.34,-12.48,-12.26,-12.04,-12.26,-12.04,-12.26,-12.20,-12.20,-12.48,-12.26,-12.34,-12.56,-12.20,-11.98,-12.12,-12.04,-12.26,-12.20,-12.20,-12.20,-12.20,-12.20,-12.12,-12.48,-11.98,-12.26,-11.76,-12.26,-11.98,-12.04,-11.90,-12.04,-11.98,-11.63,-12.04,-12.20,-11.98,-11.55,-11.90,-11.90,-11.85,-12.34,-12.04,-12.04,-12.04,-12.26,-11.85,-11.63,-12.04,-11.55,-11.68,-11.98,-11.90,-11.68,-11.90,-11.76,-11.76,-11.76,-11.85,-12.34,-11.76,-11.55,-12.04,-12.12,-12.12,-11.90,-12.20,-11.68,-12.04,-12.12,-12.20,-11.90,-12.12,-11.85,-12.12,-12.12,-12.34,-12.39,-12.04,-12.34,-12.04,-11.98,-11.85,-11.90,-12.12,-11.85,-12.34,-11.76,-11.63,-11.63,-12.12,-12.04,-11.85,-12.04,-11.98,-11.85,-11.98,-11.76,-11.36,-11.90,-12.12,-12.12,-11.85,-11.85,-12.04,-12.04,-12.20,-11.76,-11.85,-11.76,-11.85,-11.85,-11.76,-11.90,-11.76,-11.68,-11.85,-11.49,-11.63,-11.49,-11.76,-11.68,-11.90,-11.49,-11.76,-12.04,-11.63,-11.90,-11.55,-11.76,-11.90,-11.85,-11.76,-11.63,-11.63,-11.55,-12.20,-11.76,-11.19,-11.76,-12.04,-11.85,-11.76,-11.76,-11.63,-11.55,-12.20,-11.49,-11.98,-11.55,-11.63,-11.41,-11.49,-11.55,-11.36,-11.27,-11.14,-11.63,-11.27,-11.41,-11.19,-11.27,-11.14,-11.41,-11.19,-11.06,-10.92,-10.92,-10.65,-10.65,-10.71,-10.57,-10.65,-10.79,-11.36,-11.14,-11.27,-11.00,-11.19,-11.14,-11.27,-11.36,-11.36,-11.36,-11.19,-10.71,-11.63,-11.41,-11.27,-11.41,-11.14,-11.36,-11.14,-11.27,-11.19,-11.36,-11.27,-11.36,-11.49,-11.41,-11.36,-11.36,-11.55,-11.49,-10.84,-11.06,-11.19,-11.41,-11.36,-11.19,-11.27,-11.63,-11.63,-11.55,-11.55,-11.90,-11.55,-11.36,-12.04,-11.68,-11.85,-11.63,-11.55,-11.76,-11.68,-11.90,-11.90,-11.63,-11.68,-11.90,-11.49,-11.68,-11.55,-11.85,-11.76,-11.68,-11.63,-11.76,-11.76,-11.49,-11.68,-11.68,-11.55,-11.90,-11.90,-11.98,-11.90,-11.76,-11.85,-11.85,-12.12,-12.04,-11.55,-11.63,-11.63,-11.76,-11.85,-11.68,-11.90,-12.26,-11.68,-11.98,-11.63,-11.98,-11.90,-11.90,-12.04,-11.90,-12.12,-11.68,-12.20,-12.04,-11.90,-12.04,-12.12,-12.04,-11.68,-11.98,-12.12,-11.68,-11.90,-11.90,-11.68,-11.90,-11.68,-11.90,-12.20,-12.20,-11.98,-11.76,-11.85,-11.90,-12.39,-12.12,-11.90,-12.20,-11.98,-11.68,-11.68,-12.04,-12.04,-11.98,-11.98,-11.85,-12.34,-11.90,-12.20,-12.12,-11.98,-11.90,-12.20,-12.20,-12.26,-12.12,-12.20,-11.90,-11.68,-11.76,-11.68,-11.90,-11.90,-12.04,-11.76,-11.85,-11.98,-12.26,-11.76,-11.41,-11.98,-11.85,-11.85,-11.98,-11.85,-11.76,-11.90,-12.39,-11.98,-11.98,-12.12,-11.90,-12.04,-11.98,-12.26,-11.98,-11.90,-11.90,-12.20,-12.20,-12.26,-12.26,-12.20,-11.98,-12.26,-11.85,-12.20,-12.04,-11.85,-12.04,-12.26,-12.12,-11.98,-12.20,-12.04,-12.26,-12.26,-12.20,-12.34,-12.12,-12.04,-12.26
-12.34,-12.39,-12.26,-12.48,-12.26,-12.26,-12.12,-12.04,-12.12,-12.34,-12.34,-12.20,-12.04,-11.68,-12.20,-12.12,-12.20,-11.98,-12.26,-12.20,-11.98,-12.12,-11.98,-12.04,-12.20,-12.20,-12.26,-11.76,-11.90,-11.90,-12.20,-11.85,-11.98,-11.68,-11.90,-12.12,-11.90,-11.85,-12.12,-11.68,-11.90,-11.90,-11.90,-12.39,-12.20,-11.98,-11.98,-12.20,-12.12,-12.12,-11.68,-12.34,-11.85,-11.85,-11.98,-12.04,-12.12,-12.04,-12.04,-11.90,-11.90,-12.26,-11.90,-12.04,-11.90,-11.76,-11.90,-11.68,-11.68,-11.90,-11.90,-11.76,-11.68,-11.49,-12.04,-11.85,-11.90,-11.98,-12.20,-11.85,-11.85,-12.12,-12.04,-12.04,-11.90,-11.68,-12.20,-11.63,-11.90,-12.26,-12.04,-11.98,-12.12,-12.12,-12.12,-11.98,-12.39,-12.20,-11.63,-11.68,-11.85,-11.76,-12.04,-12.04,-11.68,-12.04,-12.04,-12.12,-11.98,-11.76,-12.04,-11.98,-11.68,-11.90,-12.12,-11.85,-11.68,-12.20,-11.68,-11.68,-11.90,-11.90,-11.55,-11.55,-11.68,-11.76,-12.04,-11.55,-11.68,-11.76,-11.98,-11.76,-11.76,-11.63,-11.85,-11.55,-12.12,-11.63,-11.76,-11.68,-11.76,-11.85,-11.76,-11.55,-11.85,-11.76,-11.41,-11.68,-11.90,-11.76,-11.76,-11.55,-11.98,-11.85,-11.55,-11.63,-11.85,-11.76,-11.76,-11.49,-11.68,-11.68,-11.63,-11.63,-11.55,-11.49,-11.55,-11.76,-11.55,-11.55,-11.36,-11.36,-11.06,-11.27,-11.36,-11.19,-11.27,-11.06,-10.84,-10.79,-11.06,-10.79,-10.79,-11.14,-11.14,-11.49,-11.00,-11.19,-11.49,-11.06,-11.41,-11.27,-11.36,-11.14,-11.27,-11.19,-11.00,-11.14,-11.41,-11.27,-11.27,-11.41,-11.41,-11.63,-11.55,-11.49,-11.41,-11.19,-11.41,-11.19,-11.27,-11.41,-11.36,-11.36,-11.14,-11.19,-11.14,-11.19,-11.19,-11.14,-11.36,-11.49,-11.36,-11.76,-11.68,-11.49,-11.76,-11.49,-11.85,-11.63,-11.63,-11.76,-11.76,-11.68,-11.85,-11.55,-11.68,-12.04,-12.12,-12.12,-11.85,-11.55,-11.76,-11.68,-11.68,-11.49,-11.63,-11.49,-11.68,-11.68,-11.55,-11.85,-11.68,-11.76,-11.90,-11.76,-11.68,-11.90,-11.63,-11.76,-11.49,-11.49,-11.85,-11.68,-11.85,-11.63,-11.68,-11.76,-11.49,-12.04,-12.26,-11.90,-12.04,-11.90,-11.63,-11.98,-11.85,-12.12,-11.55,-11.49,-11.55,-11.76,-11.76,-12.20,-11.68,-11.90,-12.04,-11.90,-12.04,-11.98,-11.98,-11.90,-12.34,-12.12,-12.20,-12.04,-12.04,-12.04,-12.04,-11.85,-11.85,-12.04,-11.90,-12.04,-12.04,-11.90,-11.98,-12.20,-11.85,-11.90,-11.90,-12.04,-11.85,-11.63,-12.12,-11.98,-12.04,-11.98,-12.04,-12.34,-12.12,-12.04,-12.04,-11.98,-12.20,-12.12,-12.04,-12.12,-11.90,-11.90,-12.20,-12.12,-11.76,-11.85,-11.68,-11.76,-11.85,-11.68,-12.20,-11.63,-11.68,-11.90,-11.90,-11.98,-11.85,-11.85,-11.98,-11.85,-11.90,-11.76,-11.98,-12.26,-12.26,-12.12,-12.26,-12.04,-12.26,-12.20,-12.26,-12.12,-12.20,-12.26,-12.04,-12.48,-12.20,-12.34,-12.26,-11.85,-12.34,-11.90,-12.20,-12.34,-12.26,-12.56,-12.48,-12.39,-12.26,-12.26,-12.12,-12.48,-12.39,-12.48
-12.34,-12.39,-12.83,-12.20,-12.56,-12.39,-12.39,-12.34,-12.61,-12.39,-12.12,-12.12,-12.39,-12.20,-12.39,-12.39,-12.12,-12.04,-12.20,-12.26,-12.26,-12.20,-12.12,-12.34,-12.20,-12.04,-12.20,-12.26,-12.20,-11.90,-12.34,-11.98,-12.12,-12.12,-12.34,-12.04,-11.90,-12.20,-11.76,-11.90,-11.98,-11.98,-11.90,-11.76,-11.85,-11.98,-12.20,-11.90,-11.49,-11.98,-11.85,-11.98,-11.85,-11.76,-11.63,-11.98,-11.98,-11.98,-11.90,-11.85,-11.98,-12.20,-11.76,-11.85,-11.90,-11.98,-11.36,-11.85,-11.98,-11.98,-12.04,-11.68,-11.68,-11.63,-11.85,-11.85,-12.04,-11.90,-11.90,-11.55,-12.20,-11.76,-11.98,-12.26,-12.26,-12.12,-12.12,-12.04,-12.04,-12.12,-11.98,-11.98,-11.90,-11.90,-11.68,-11.98,-11.76,-11.68,-11.63,-11.85,-11.85,-11.76,-11.98,-11.63,-11.85,-11.63,-11.98,-11.76,-12.20,-11.68,-12.26,-11.76,-11.76,-12.20,-12.34,-11.90,-11.68,-11.85,-11.68,-11.85,-12.34,-11.55,-11.98,-11.76,-11.90,-11.98,-11.49,-11.63,-11.63,-11.76,-11.76,-11.68,-12.12,-11.63,-11.85,-11.98,-11.76,-11.63,-11.76,-11.68,-11.76,-11.90,-11.68,-11.76,-11.76,-12.04,-11.85,-11.68,-11.68,-11.85,-11.76,-11.49,-11.76,-11.68,-11.85,-11.76,-11.63,-11.55,-11.76,-11.68,-11.49,-11.68,-11.68,-11.63,-11.85,-11.49,-11.41,-11.41,-11.55,-11.49,-11.41,-11.27,-11.36,-11.27,-11.00,-11.41,-11.00,-11.00,-11.00,-10.65,-10.65,-10.92,-11.06,-11.00,-11.19,-10.92,-11.19,-11.14,-11.27,-11.41,-11.19,-11.49,-11.27,-11.49,-11.63,-11.41,-11.36,-11.41,-11.41,-11.27,-11.41,-11.19,-11.63,-11.36,-11.14,-11.55,-11.41,-11.27,-11.76,-11.27,-11.49,-11.19,-11.55,-11.55,-11.27,-11.36,-11.06,-11.00,-11.00,-11.49,-11.36,-11.36,-11.63,-11.98,-11.19,-11.85,-11.76,-11.76,-11.68,-11.76,-11.63,-11.49,-11.85,-11.90,-11.63,-11.90,-11.41,-11.68,-11.55,-11.68,-11.76,-11.41,-11.85,-11.90,-11.63,-11.90,-11.85,-11.76,-11.49,-11.76,-11.85,-11.63,-11.98,-11.63,-11.85,-11.98,-11.63,-11.76,-11.90,-11.85,-12.04,-11.76,-11.98,-11.55,-11.85,-11.63,-11.68,-11.85,-11.63,-11.76,-11.98,-11.63,-11.68,-11.90,-11.68,-11.90,-11.98,-11.63,-11.90,-11.85,-11.76,-11.63,-11.76,-11.85,-12.04,-11.85,-12.04,-12.04,-11.90,-11.85,-11.98,-12.26,-12.04,-11.90,-11.98,-11.98,-12.04,-11.98,-11.90,-12.04,-11.85,-12.04,-11.98,-11.90,-12.12,-11.90,-11.85,-11.98,-12.26,-12.04,-12.04,-12.20,-12.12,-11.98,-12.04,-12.04,-11.85,-11.98,-11.85,-12.04,-12.20,-11.76,-11.98,-12.26,-11.55,-12.04,-12.26,-12.39,-12.20,-11.90,-11.76,-11.98,-11.98,-11.98,-11.76,-11.85,-12.20,-11.76,-11.76,-11.55,-11.68,-11.85,-12.20,-11.98,-11.90,-11.76,-11.68,-11.90,-12.04,-11.55,-12.34,-11.90,-12.20,-11.98,-11.98,-11.98,-12.04,-11.90,-12.12,-11.90,-11.98,-12.20,-11.98,-12.20,-12.04,-12.04,-12.34,-11.98,-12.20,-12.20,-11.98,-12.12,-12.61,-12.20,-12.39,-12.04,-12.34,-12.56,-12.34,-12.20,-12.61,-12.20
-12.26,-12.48,-12.48,-12.39,-12.56,-12.34,-12.26,-12.48,-12.12,-12.20,-12.20,-12.20,-12.48,-12.04,-11.90,-12.12,-12.20,-12.39,-12.26,-12.12,-12.04,-12.12,-12.12,-11.90,-12.20,-12.04,-12.04,-11.85,-12.04,-11.90,-11.85,-11.85,-12.20,-12.12,-11.85,-12.12,-11.68,-11.76,-12.56,-11.76,-12.04,-11.98,-11.98,-11.68,-11.98,-11.98,-11.90,-11.98,-11.98,-11.90,-11.68,-11.63,-12.04,-11.90,-11.68,-11.85,-11.98,-12.04,-12.20,-12.04,-11.85,-11.98,-11.90,-11.90,-11.98,-11.76,-11.98,-11.98,-11.63,-11.63,-11.76,-11.76,-11.85,-11.68,-11.63,-11.41,-11.85,-11.90,-11.90,-11.85,-12.04,-12.26,-12.12,-12.04,-12.20,-12.20,-11.85,-11.85,-11.98,-11.98,-12.04,-11.90,-11.68,-11.68,-11.76,-11.68,-12.04,-11.85,-11.98,-11.68,-11.68,-11.98,-11.85,-12.04,-11.98,-11.90,-11.76,-11.85,-11.90,-11.98,-11.49,-11.76,-11.68,-11.63,-11.68,-12.12,-11.76,-11.90,-11.68,-11.98,-11.85,-11.90,-11.85,-11.90,-11.76,-12.04,-11.76,-11.36,-11.63,-11.63,-11.98,-11.85,-11.68,-11.85,-11.68,-11.63,-11.68,-11.90,-11.76,-11.63,-11.90,-11.85,-12.12,-12.04,-11.98,-11.76,-11.85,-11.85,-11.90,-11.76,-11.55,-11.76,-11.68,-11.68,-11.63,-11.76,-11.68,-11.68,-11.68,-11.76,-11.63,-11.85,-11.85,-11.85,-11.63,-11.68,-11.63,-11.36,-11.36,-11.49,-11.27,-11.19,-10.84,-11.19,-11.14,-11.00,-11.19,-11.14,-10.92,-10.84,-10.71,-10.57,-10.65,-11.00,-10.79,-11.19,-10.92,-11.14,-11.00,-11.14,-11.27,-11.55,-11.27,-11.36,-11.49,-11.36,-11.41,-11.19,-11.55,-11.19,-11.19,-11.36,-11.36,-11.36,-11.49,-11.55,-11.63,-11.36,-11.19,-11.19,-11.41,-11.63,-11.36,-11.36,-11.36,-11.41,-11.19,-11.36,-11.06,-11.19,-11.41,-11.41,-11.41,-11.49,-11.63,-11.68,-11.90,-11.76,-11.49,-11.68,-11.85,-11.68,-11.68,-11.63,-11.55,-11.76,-11.90,-12.04,-11.98,-11.98,-11.63,-12.20,-11.68,-11.55,-11.90,-11.76,-11.68,-11.63,-11.98,-11.63,-11.76,-11.85,-11.55,-11.68,-11.76,-11.85,-11.85,-11.63,-11.90,-12.04,-11.85,-11.90,-11.63,-11.68,-11.85,-11.76,-12.04,-11.76,-11.85,-11.55,-11.85,-11.85,-12.04,-11.90,-11.85,-12.04,-11.85,-12.04,-11.98,-11.76,-11.55,-11.68,-12.04,-11.90,-11.63,-11.68,-11.90,-11.85,-11.85,-11.76,-11.90,-11.98,-11.90,-11.85,-11.85,-11.98,-12.20,-12.04,-11.90,-11.85,-11.90,-12.20,-11.76,-11.68,-12.04,-12.04,-11.98,-11.76,-11.98,-12.34,-12.56,-12.34,-12.20,-12.39,-12.12,-12.04,-12.20,-12.56,-11.98,-11.98,-12.39,-12.04,-12.04,-12.04,-11.90,-12.20,-12.04,-12.04,-11.90,-12.04,-11.98,-11.85,-11.76,-11.85,-11.90,-12.04,-11.76,-12.04,-12.04,-12.04,-11.55,-11.90,-11.49,-11.68,-11.90,-11.98,-11.98,-11.90,-11.76,-11.76,-11.90,-11.90,-12.34,-12.04,-12.20,-11.90,-11.98,-12.04,-11.85,-11.90,-12.20,-12.20,-11.90,-11.76,-11.76,-12.12,-12.12,-11.90,-12.26,-12.34,-12.20,-12.04,-11.90,-12.39,-12.20,-12.20,-12.34,-12.12,-12.20,-12.48,-12.26,-12.56
-12.34,-12.48,-12.48,-12.39,-12.48,-12.39,-12.04,-12.04,-12.20,-12.20,-11.90,-12.39,-12.12,-12.20,-12.34,-11.98,-11.76,-12.26,-12.12,-12.04,-12.48,-12.12,-11.98,-12.12,-12.26,-12.12,-11.85,-12.20,-12.34,-12.12,-12.20,-11.90,-12.20,-11.98,-11.98,-11.98,-11.90,-11.98,-12.34,-12.20,-11.85,-12.04,-11.90,-11.90,-12.12,-12.04,-11.90,-11.90,-11.98,-11.98,-11.76,-12.04,-11.98,-11.98,-11.68,-11.68,-11.68,-11.76,-11.68,-11.98,-11.90,-11.85,-11.36,-11.98,-11.90,-11.85,-11.76,-11.63,-11.49,-11.63,-11.90,-12.04,-12.12,-11.98,-11.76,-12.12,-11.90,-11.63,-11.90,-11.85,-12.34,-11.98,-12.04,-12.12,-12.12,-11.90,-12.20,-12.34,-11.98,-11.90,-11.90,-11.63,-12.12,-11.98,-12.20,-12.12,-12.04,-11.76,-11.90,-12.04,-11.98,-11.98,-11.63,-11.90,-11.76,-11.76,-12.04,-12.12,-11.85,-11.90,-11.98,-11.90,-11.98,-11.90,-11.68,-11.98,-11.76,-11.85,-11.98,-11.63,-12.12,-11.68,-11.55,-11.98,-11.90,-11.76,-11.68,-11.68,-11.49,-11.68,-11.55,-11.90,-11.85,-11.76,-11.90,-11.85,-11.68,-11.68,-11.49,-11.41,-11.98,-11.85,-12.26,-11.76,-11.49,-11.68,-12.04,-11.55,-12.12,-11.63,-11.68,-11.76,-11.68,-11.63,-11.85,-12.20,-11.49,-11.85,-11.85,-11.49,-11.55,-11.76,-11.76,-11.55,-11.49,-11.63,-11.19,-11.36,-11.49,-11.27,-11.36,-11.14,-11.36,-11.19,-11.27,-11.19,-11.00,-10.92,-11.19,-10.92,-11.00,-10.57,-10.79,-11.00,-11.00,-11.19,-11.06,-11.27,-11.49,-11.14,-11.27,-11.36,-11.49,-11.41,-11.14,-11.41,-11.14,-11.19,-11.41,-11.19,-11.41,-11.27,-10.92,-11.19,-11.49,-11.19,-11.27,-11.41,-11.06,-11.19,-11.41,-11.49,-11.63,-11.14,-11.36,-11.49,-11.19,-11.19,-11.00,-11.14,-11.36,-11.63,-11.49,-11.76,-11.63,-11.49,-11.63,-11.55,-12.04,-11.76,-11.36,-11.90,-11.76,-12.04,-11.63,-11.90,-11.85,-11.63,-11.68,-11.63,-11.90,-11.85,-11.85,-11.98,-12.20,-11.63,-11.68,-11.68,-11.76,-11.63,-11.55,-11.41,-11.76,-11.63,-11.55,-12.26,-11.68,-11.90,-11.76,-11.90,-11.63,-11.76,-11.98,-11.85,-12.20,-11.76,-11.76,-11.55,-11.85,-11.76,-11.55,-11.98,-12.04,-11.68,-11.68,-11.55,-11.98,-11.55,-11.68,-11.90,-12.12,-11.98,-12.04,-11.98,-11.90,-11.90,-12.04,-11.68,-11.98,-11.85,-11.98,-12.20,-12.04,-12.04,-11.68,-12.12,-11.98,-12.04,-11.98,-11.90,-11.98,-11.90,-12.20,-11.68,-11.90,-11.98,-12.12,-12.12,-12.20,-12.12,-11.85,-12.12,-12.20,-12.20,-11.90,-12.26,-12.48,-11.98,-12.26,-12.04,-11.98,-12.39,-11.90,-12.26,-12.26,-11.76,-12.48,-11.98,-11.98,-12.04,-12.20,-11.90,-11.76,-11.85,-11.76,-11.85,-11.68,-11.55,-12.04,-12.04,-11.68,-11.63,-12.04,-11.85,-11.76,-11.98,-11.90,-11.98,-11.85,-12.20,-11.90,-11.85,-11.98,-11.98,-12.26,-12.20,-11.85,-11.76,-12.34,-11.98,-12.34,-11.98,-11.63,-12.34,-12.12,-12.26,-11.98,-12.34,-12.12,-11.90,-12.20,-12.26,-12.34,-12.48,-12.26,-12.34,-12.26,-12.04,-12.56,-12.34,-12.26,-12.12
-12.26,-12.56,-12.39,-12.20,-12.04,-12.48,-12.39,-12.39,-12.26,-12.12,-11.98,-12.12,-12.04,-12.34,-12.04,-12.04,-12.26,-12.04,-12.39,-12.04,-12.04,-12.12,-12.20,-12.20,-12.34,-12.12,-12.20,-12.20,-11.85,-11.68,-12.26,-12.04,-12.26,-11.85,-11.63,-12.04,-11.98,-11.98,-12.20,-11.90,-12.12,-12.48,-12.12,-11.90,-11.90,-11.76,-11.98,-12.12,-11.90,-11.98,-11.68,-11.90,-11.90,-11.98,-11.98,-11.63,-11.68,-12.12,-12.26,-12.12,-11.68,-11.90,-11.76,-11.68,-12.04,-11.63,-11.85,-11.68,-11.98,-12.04,-12.20,-11.63,-11.55,-11.85,-12.12,-12.12,-12.12,-11.85,-12.04,-11.85,-11.85,-11.90,-11.90,-11.90,-12.26,-12.12,-12.12,-11.98,-11.85,-12.04,-12.20,-11.98,-12.04,-12.04,-11.85,-12.04,-12.20,-11.98,-12.26,-11.85,-12.12,-11.76,-11.98,-11.90,-11.63,-11.90,-11.68,-11.85,-11.85,-11.85,-11.63,-11.68,-11.90,-11.76,-11.98,-11.55,-11.76,-11.90,-11.68,-11.63,-11.68,-11.98,-11.76,-11.98,-11.76,-11.85,-11.63,-11.98,-11.63,-11.85,-12.12,-12.12,-11.55,-11.90,-11.85,-11.98,-11.98,-11.85,-11.85,-12.04,-11.98,-11.90,-11.76,-11.63,-11.90,-11.63,-11.68,-11.85,-11.41,-11.68,-11.98,-12.04,-11.63,-11.55,-11.76,-11.68,-11.76,-11.90,-11.68,-11.85,-11.41,-11.68,-11.90,-11.68,-11.36,-11.41,-11.63,-11.63,-11.49,-11.41,-11.49,-11.49,-11.06,-11.27,-11.27,-11.41,-11.06,-11.14,-11.27,-10.65,-10.84,-11.00,-11.14,-11.00,-11.06,-10.92,-11.19,-11.19,-11.41,-11.55,-11.49,-11.76,-11.41,-11.49,-11.49,-11.27,-11.55,-11.27,-11.63,-11.49,-11.63,-11.27,-11.41,-11.41,-11.19,-11.68,-11.19,-11.41,-11.76,-11.49,-11.36,-11.41,-11.06,-11.36,-11.55,-11.00,-11.27,-11.41,-11.27,-11.19,-11.41,-11.63,-11.36,-11.55,-11.41,-11.41,-11.63,-11.63,-11.76,-11.85,-11.63,-11.63,-11.85,-12.04,-11.76,-11.85,-11.90,-11.55,-11.76,-11.68,-11.90,-12.04,-11.76,-11.76,-11.63,-11.68,-11.55,-11.85,-11.55,-11.76,-11.68,-11.76,-11.90,-11.68,-11.76,-11.90,-11.68,-11.76,-11.90,-11.55,-11.76,-11.98,-11.85,-11.85,-11.68,-11.90,-11.63,-11.68,-11.98,-11.63,-12.04,-11.63,-11.55,-11.76,-11.76,-11.63,-11.85,-11.90,-11.68,-11.68,-11.98,-11.49,-11.98,-11.98,-12.04,-12.12,-11.98,-11.90,-12.04,-11.85,-11.85,-12.04,-12.12,-11.90,-11.98,-11.90,-12.04,-12.04,-11.85,-12.04,-11.90,-11.90,-11.90,-12.04,-11.98,-11.90,-11.90,-11.68,-11.90,-12.34,-12.20,-12.04,-11.98,-11.98,-11.98,-12.12,-11.90,-11.98,-11.76,-12.12,-11.90,-12.04,-12.12,-12.04,-11.98,-11.85,-12.04,-12.20,-12.34,-12.04,-12.20,-11.90,-11.98,-11.63,-11.90,-12.12,-12.04,-12.20,-11.85,-11.90,-11.55,-11.68,-11.90,-12.04,-11.76,-11.76,-12.04,-11.90,-11.98,-11.85,-12.04,-11.90,-12.20,-12.04,-12.39,-12.12,-11.90,-11.85,-11.90,-11.98,-11.90,-12.20,-12.26,-12.34,-12.20,-12.20,-12.04,-12.12,-12.39,-12.26,-11.90,-12.34,-12.39,-12.39,-12.12,-12.04,-12.12,-12.34,-12.04,-12.20,-12.34,-12.12
-12.78,-12.48,-12.56,-12.04,-12.48,-12.34,-12.48,-12.61,-12.34,-12.48,-12.39,-12.12,-12.12,-12.56,-12.12,-12.12,-12.12,-12.26,-12.12,-12.12,-11.98,-11.98,-11.85,-12.04,-12.20,-12.20,-12.12,-12.12,-12.04,-11.90,-12.48,-12.12,-11.90,-11.98,-11.98,-12.12,-12.04,-11.98,-11.98,-11.85,-11.98,-11.98,-11.90,-12.04,-11.90,-12.04,-12.12,-12.12,-12.26,-11.85,-12.12,-11.90,-12.12,-11.76,-12.04,-11.63,-11.76,-11.85,-11.76,-12.26,-11.90,-11.90,-12.12,-11.76,-11.98,-11.85,-12.04,-11.49,-11.90,-11.76,-11.68,-11.90,-11.98,-12.12,-12.12,-12.04,-12.04,-11.98,-11.55,-12.34,-12.20,-12.12,-12.04,-11.98,-11.98,-12.12,-11.90,-12.12,-11.90,-11.63,-11.76,-11.85,-11.76,-11.98,-11.76,-11.90,-12.12,-12.04,-11.98,-11.90,-11.76,-11.98,-11.85,-11.90,-12.04,-11.85,-11.63,-11.90,-11.68,-11.98,-11.98,-12.04,-11.68,-12.20,-11.76,-12.12,-11.90,-11.98,-11.63,-11.90,-11.41,-11.68,-11.90,-11.85,-11.90,-11.63,-11.90,-11.68,-11.55,-11.98,-11.63,-11.63,-11.85,-11.41,-11.55,-11.63,-11.76,-12.12,-11.90,-11.68,-11.68,-11.85,-11.63,-11.63,-11.55,-11.68,-11.76,-11.90,-11.85,-11.41,-11.90,-11.63,-11.68,-11.63,-11.68,-11.55,-11.49,-11.49,-11.85,-11.85,-11.68,-11.85,-11.68,-11.55,-11.41,-11.41,-11.63,-11.41,-11.36,-11.63,-11.27,-11.41,-11.27,-11.06,-11.36,-11.19,-11.14,-11.19,-10.71,-10.71,-10.79,-11.14,-10.79,-11.06,-11.14,-11.19,-11.27,-11.06,-11.36,-11.19,-11.19,-11.19,-11.41,-11.00,-11.27,-11.55,-11.55,-11.55,-11.19,-11.41,-11.63,-11.68,-11.55,-11.55,-11.63,-11.49,-11.63,-11.36,-11.27,-11.19,-11.41,-11.36,-11.63,-11.27,-11.49,-11.41,-11.63,-11.36,-11.14,-11.27,-11.36,-11.36,-11.85,-11.36,-11.55,-11.55,-11.68,-11.36,-11.63,-11.76,-11.63,-11.55,-11.55,-11.68,-11.90,-11.76,-11.90,-11.90,-11.85,-11.98,-11.90,-11.68,-11.85,-11.41,-11.85,-11.68,-11.63,-11.63,-11.55,-11.76,-11.68,-11.63,-11.90,-11.76,-11.63,-11.98,-11.76,-11.98,-12.20,-11.63,-11.85,-11.76,-12.04,-11.49,-11.85,-11.76,-11.85,-11.63,-12.12,-11.68,-11.63,-12.12,-11.98,-11.76,-12.12,-12.12,-11.85,-11.76,-12.04,-11.76,-11.90,-11.85,-11.85,-11.68,-11.63,-12.12,-12.04,-12.20,-12.20,-11.85,-12.04,-12.20,-11.90,-11.76,-11.98,-11.85,-12.04,-11.98,-11.85,-11.90,-11.90,-11.98,-11.98,-11.85,-11.90,-12.12,-12.04,-12.39,-12.04,-12.12,-11.85,-12.26,-12.04,-12.04,-11.85,-11.98,-12.12,-12.26,-12.20,-12.20,-12.26,-11.98,-11.98,-12.26,-12.04,-11.98,-12.48,-11.98,-12.12,-11.98,-12.12,-12.26,-11.85,-11.85,-11.98,-11.63,-11.98,-11.90,-12.20,-12.12,-11.98,-11.90,-11.68,-11.76,-11.76,-12.12,-11.85,-12.04,-11.85,-12.20,-11.90,-11.85,-11.98,-12.04,-12.26,-11.90,-12.20,-12.04,-12.20,-11.98,-12.20,-11.98,-12.34,-12.04,-12.26,-12.20,-12.34,-12.20,-11.90,-11.76,-11.90,-12.12,-12.26,-12.26,-12.39,-12.20,-12.56,-12.39,-12.26,-12.61,-12.04,-12.34
-12.12,-12.34,-12.39,-12.39,-12.26,-11.98,-12.34,-12.34,-12.34,-11.85,-12.39,-12.20,-12.48,-12.26,-12.26,-12.20,-12.20,-12.34,-12.39,-12.04,-12.39,-11.98,-12.48,-12.20,-12.26,-12.20,-12.04,-12.04,-12.26,-12.26,-12.39,-11.98,-12.20,-11.98,-12.04,-12.26,-11.98,-12.04,-12.39,-11.85,-12.04,-12.04,-11.98,-11.98,-11.90,-11.90,-11.85,-11.98,-11.98,-11.63,-11.68,-11.98,-12.12,-12.12,-12.12,-12.20,-11.90,-11.90,-11.98,-11.85,-11.90,-11.85,-11.68,-11.90,-11.68,-11.85,-11.68,-11.85,-11.90,-11.76,-11.85,-11.98,-12.04,-11.85,-11.90,-11.76,-11.85,-12.04,-11.90,-11.85,-11.98,-11.98,-12.12,-12.04,-12.20,-11.68,-11.98,-12.20,-11.85,-11.98,-11.98,-12.12,-11.90,-11.68,-11.85,-12.20,-12.04,-11.85,-11.68,-12.26,-11.90,-11.63,-11.98,-11.68,-11.85,-11.76,-11.76,-11.85,-12.04,-11.55,-11.90,-11.68,-11.98,-12.04,-11.85,-12.12,-11.76,-11.85,-11.76,-11.90,-12.12,-12.04,-11.90,-11.63,-11.76,-11.41,-11.85,-11.49,-12.12,-11.55,-11.63,-11.76,-11.68,-11.90,-12.12,-11.90,-11.76,-11.76,-11.68,-11.85,-12.04,-11.76,-12.26,-11.90,-11.68,-11.63,-11.63,-11.85,-11.55,-11.98,-11.49,-11.55,-11.55,-11.55,-11.76,-11.68,-11.36,-11.76,-11.85,-11.63,-11.85,-11.49,-11.63,-11.76,-11.55,-11.55,-11.55,-11.55,-11.41,-11.41,-11.27,-11.27,-11.00,-11.36,-11.06,-10.92,-11.06,-11.00,-11.06,-10.84,-10.57,-11.19,-10.84,-11.19,-11.14,-11.27,-11.36,-11.36,-11.27,-11.63,-11.55,-11.41,-11.49,-11.36,-11.90,-11.41,-11.41,-11.55,-11.36,-11.49,-11.41,-11.41,-11.36,-11.41,-11.49,-11.49,-11.41,-11.55,-11.41,-11.76,-11.36,-11.36,-11.55,-11.27,-11.41,-11.14,-11.14,-11.00,-11.06,-11.36,-11.06,-11.63,-11.36,-11.36,-11.68,-11.85,-11.68,-11.90,-11.49,-11.76,-11.63,-11.36,-11.98,-11.68,-11.63,-11.55,-11.68,-11.76,-11.68,-11.68,-11.68,-11.63,-11.85,-11.85,-11.55,-11.76,-11.63,-11.85,-11.98,-11.76,-11.68,-11.55,-11.76,-11.55,-11.85,-11.90,-11.85,-11.90,-11.63,-11.98,-11.85,-11.68,-11.85,-11.90,-11.68,-11.76,-12.12,-11.90,-11.63,-11.76,-12.20,-11.55,-11.49,-11.55,-11.98,-11.90,-11.49,-12.04,-12.12,-12.12,-11.90,-11.63,-11.55,-12.04,-11.85,-12.04,-12.12,-11.85,-11.63,-11.98,-11.85,-12.20,-12.04,-12.04,-12.12,-11.90,-11.68,-12.04,-11.85,-12.04,-11.90,-12.12,-12.04,-11.85,-11.98,-12.34,-12.20,-12.04,-11.98,-11.76,-12.04,-12.34,-12.04,-11.90,-11.90,-12.56,-12.12,-11.98,-12.20,-11.90,-12.34,-11.90,-12.04,-11.98,-12.34,-12.20,-12.39,-11.98,-11.90,-12.26,-11.98,-11.98,-11.98,-11.55,-11.90,-11.98,-11.98,-11.76,-11.98,-11.68,-11.76,-12.26,-11.63,-11.68,-12.04,-11.85,-11.98,-11.85,-11.85,-11.85,-11.90,-12.20,-12.04,-12.34,-12.26,-11.85,-11.98,-12.12,-11.98,-11.98,-12.34,-11.76,-12.34,-11.85,-12.34,-12.20,-12.20,-12.20,-12.34,-12.34,-11.98,-12.26,-12.20,-12.20,-12.12,-12.12,-12.48,-12.61,-12.61,-12.48,-12.48,-12.34
-12.26,-12.34,-12.56,-12.56,-12.26,-12.39,-12.34,-12.78,-12.39,-12.04,-12.34,-12.20,-12.34,-12.48,-12.04,-12.48,-12.39,-12.04,-11.68,-12.26,-12.04,-12.39,-12.12,-11.90,-12.12,-12.34,-12.26,-11.90,-11.90,-12.12,-12.12,-12.12,-12.20,-12.20,-12.12,-12.04,-11.76,-11.98,-11.85,-11.90,-11.90,-11.90,-12.12,-12.26,-11.98,-11.68,-11.68,-11.98,-11.98,-11.90,-11.76,-11.85,-11.98,-11.85,-11.98,-11.68,-11.98,-11.90,-11.76,-11.90,-11.90,-11.90,-11.76,-11.90,-12.12,-12.04,-11.90,-11.76,-11.98,-11.85,-11.90,-11.85,-12.04,-11.98,-11.76,-11.76,-11.85,-11.98,-11.68,-11.85,-11.85,-11.90,-12.26,-12.12,-12.04,-12.20,-11.98,-12.26,-12.12,-12.20,-11.76,-11.90,-11.90,-11.68,-12.12,-11.98,-11.98,-12.34,-11.98,-11.90,-12.04,-12.20,-11.85,-11.85,-11.76,-12.39,-11.55,-12.04,-12.04,-11.76,-11.90,-11.49,-11.90,-12.04,-11.76,-11.68,-11.90,-11.98,-11.76,-11.76,-11.76,-12.04,-11.85,-11.98,-11.85,-12.04,-11.85,-11.68,-11.85,-11.76,-11.76,-11.68,-11.90,-11.90,-11.85,-11.76,-11.63,-11.90,-11.55,-11.85,-11.85,-11.55,-11.85,-11.68,-11.68,-11.68,-11.76,-11.55,-11.85,-11.85,-11.90,-11.63,-11.68,-11.49,-11.49,-11.76,-12.34,-11.55,-11.85,-11.76,-11.90,-12.12,-11.90,-11.55,-12.04,-11.49,-11.63,-11.41,-11.06,-11.41,-11.41,-11.27,-11.14,-11.14,-11.00,-11.00,-11.06,-11.27,-11.06,-10.84,-11.06,-10.84,-11.00,-11.27,-10.92,-11.27,-11.49,-11.41,-11.41,-11.49,-11.49,-11.41,-11.41,-11.06,-11.49,-11.27,-11.41,-11.41,-11.49,-11.41,-11.27,-11.19,-11.41,-11.68,-11.55,-11.55,-11.41,-11.63,-11.19,-11.41,-11.36,-11.36,-11.41,-11.63,-11.36,-11.36,-11.49,-11.41,-11.41,-10.84,-11.49,-11.68,-11.41,-11.55,-11.55,-11.63,-11.63,-11.90,-11.85,-11.85,-11.85,-11.76,-11.76,-12.12,-11.76,-11.49,-11.85,-11.85,-11.90,-11.68,-11.85,-11.85,-12.04,-11.85,-11.76,-11.68,-11.68,-11.63,-11.90,-12.12,-11.76,-11.90,-11.76,-11.90,-11.76,-11.98,-11.76,-11.63,-11.55,-11.76,-11.90,-11.98,-11.90,-11.76,-11.76,-12.04,-11.90,-11.76,-11.76,-11.98,-11.85,-11.49,-11.68,-11.63,-11.55,-11.90,-11.68,-11.68,-11.76,-11.68,-11.63,-12.12,-12.04,-11.55,-11.68,-12.20,-11.90,-11.63,-11.85,-12.04,-11.98,-11.98,-11.90,-12.04,-11.90,-12.04,-12.04,-11.76,-11.76,-11.85,-11.76,-12.12,-11.85,-12.12,-12.04,-11.90,-12.12,-12.26,-12.04,-12.20,-12.04,-12.20,-12.20,-12.20,-12.26,-12.04,-12.20,-12.20,-12.12,-12.04,-12.56,-11.90,-12.39,-12.26,-12.20,-12.39,-12.20,-11.98,-12.12,-11.85,-12.04,-11.98,-11.76,-12.20,-11.98,-11.63,-11.90,-11.76,-11.90,-11.85,-11.90,-11.49,-11.98,-11.98,-11.68,-11.76,-11.68,-11.98,-12.04,-11.68,-11.90,-11.76,-12.20,-11.98,-11.98,-11.90,-11.90,-12.12,-11.90,-11.85,-11.98,-11.98,-12.20,-12.34,-12.12,-11.85,-11.98,-12.26,-12.04,-12.04,-12.26,-11.90,-12.34,-12.34,-12.20,-12.12,-12.34,-12.56,-12.12,-12.34,-12.04,-12.26
-12.20,-12.70,-12.39,-12.48,-12.48,-12.39,-12.39,-12.61,-12.20,-12.20,-12.04,-12.26,-12.04,-12.20,-12.04,-12.20,-12.39,-12.04,-11.98,-12.20,-11.85,-11.90,-12.34,-12.12,-12.26,-11.76,-12.12,-12.04,-11.90,-12.26,-12.26,-12.20,-11.85,-12.04,-11.90,-12.12,-11.90,-12.34,-11.98,-11.90,-12.20,-11.90,-11.68,-12.12,-11.98,-11.85,-12.26,-11.68,-12.20,-12.34,-12.04,-12.12,-12.26,-11.98,-11.85,-11.76,-11.98,-11.76,-12.12,-12.26,-11.55,-11.76,-11.85,-11.85,-12.12,-11.98,-12.12,-11.90,-11.85,-11.68,-11.55,-12.04,-11.90,-11.90,-11.98,-11.90,-12.04,-12.04,-12.26,-11.55,-11.90,-12.26,-11.90,-12.34,-12.12,-11.85,-12.04,-11.76,-11.85,-12.20,-12.26,-12.39,-11.85,-11.76,-12.26,-12.04,-11.98,-11.68,-11.63,-11.76,-11.68,-11.76,-11.90,-11.76,-12.20,-12.04,-12.12,-12.12,-12.20,-11.90,-11.76,-11.76,-11.90,-12.26,-11.76,-11.63,-11.68,-11.90,-11.90,-11.76,-11.63,-11.76,-11.63,-11.90,-12.04,-11.85,-11.76,-11.76,-12.34,-11.76,-11.68,-11.68,-11.90,-11.68,-12.04,-11.98,-11.76,-11.85,-11.49,-11.68,-11.76,-11.76,-11.90,-11.85,-11.68,-11.49,-11.85,-11.49,-11.27,-11.63,-11.85,-11.55,-11.68,-11.63,-11.85,-11.55,-11.55,-11.63,-11.63,-11.63,-11.63,-11.63,-11.49,-11.68,-11.68,-11.55,-11.63,-11.19,-11.41,-11.63,-11.36,-11.06,-11.27,-11.68,-11.06,-11.14,-11.00,-10.84,-10.92,-10.84,-10.84,-10.92,-10.84,-11.14,-10.79,-11.36,-11.36,-11.36,-11.14,-11.06,-11.27,-11.36,-11.06,-11.49,-11.27,-11.14,-11.49,-11.49,-11.36,-11.76,-11.55,-11.27,-11.55,-11.36,-11.19,-11.27,-11.63,-11.36,-11.19,-11.27,-11.49,-11.49,-11.36,-11.14,-11.68,-11.14,-11.36,-11.55,-11.36,-11.27,-11.14,-11.27,-11.68,-11.63,-11.41,-11.68,-11.63,-11.98,-11.76,-11.76,-11.76,-11.76,-11.85,-11.76,-11.68,-11.90,-11.90,-11.76,-11.68,-11.68,-11.90,-11.90,-11.55,-11.63,-11.98,-11.68,-11.68,-11.68,-11.85,-11.85,-12.04,-11.85,-11.90,-11.85,-12.04,-11.85,-11.76,-11.98,-11.85,-11.68,-11.68,-11.68,-11.76,-11.76,-11.85,-11.98,-11.90,-12.04,-11.63,-11.85,-12.12,-11.98,-11.63,-12.12,-12.04,-11.90,-12.20,-12.04,-12.04,-11.85,-12.04,-11.55,-11.76,-11.90,-11.63,-11.98,-11.90,-11.90,-11.85,-11.90,-12.12,-11.49,-12.12,-11.90,-11.76,-12.04,-12.34,-12.04,-11.90,-11.76,-12.04,-12.26,-12.26,-11.98,-11.63,-11.98,-12.26,-11.90,-12.12,-12.20,-12.26,-12.12,-12.12,-12.12,-12.34,-12.34,-12.12,-12.12,-12.34,-12.26,-12.26,-11.98,-12.34,-12.26,-11.76,-12.20,-11.90,-12.12,-12.26,-11.98,-11.90,-11.90,-12.20,-11.85,-11.98,-11.76,-11.90,-11.98,-11.68,-11.55,-11.68,-11.90,-12.04,-11.85,-12.04,-11.90,-11.98,-11.98,-11.85,-12.04,-11.98,-12.12,-11.90,-12.20,-11.90,-12.04,-12.04,-12.20,-12.34,-11.76,-12.48,-11.85,-12.34,-12.34,-12.20,-12.12,-12.20,-11.68,-12.26,-12.20,-12.34,-12.48,-11.85,-12.34,-12.26,-12.20,-12.20,-12.12,-12.26,-12.48,-12.20,-12.39
-12.48,-12.39,-12.83,-12.56,-12.39,-12.48,-12.20,-12.12,-12.39,-12.48,-12.26,-12.12,-12.04,-12.26,-12.20,-12.12,-12.12,-12.26,-12.12,-12.12,-12.12,-12.20,-12.26,-12.04,-12.12,-11.90,-11.98,-11.90,-12.12,-11.76,-12.34,-12.34,-12.04,-11.98,-12.04,-12.12,-12.26,-12.12,-12.12,-11.90,-11.90,-12.34,-11.98,-12.48,-11.98,-11.90,-12.48,-12.04,-12.20,-12.20,-11.90,-12.04,-12.20,-12.04,-11.90,-12.04,-11.98,-11.85,-12.12,-11.68,-11.85,-11.90,-11.90,-12.12,-11.63,-11.98,-11.90,-11.90,-12.12,-11.68,-11.90,-11.90,-11.90,-11.90,-11.90,-11.68,-11.63,-12.04,-12.04,-11.49,-11.98,-12.12,-12.34,-12.04,-12.04,-11.68,-12.04,-12.04,-12.39,-11.90,-12.26,-12.26,-11.76,-11.98,-12.26,-12.12,-12.12,-12.12,-11.85,-12.26,-11.85,-12.04,-11.98,-11.85,-12.34,-11.98,-12.20,-11.85,-11.85,-11.76,-11.85,-11.85,-11.90,-11.76,-11.90,-12.34,-11.90,-11.90,-11.85,-11.76,-11.85,-11.76,-11.90,-11.90,-11.90,-12.04,-11.76,-11.68,-11.85,-11.90,-11.76,-11.90,-12.12,-12.20,-11.68,-11.90,-12.04,-11.85,-11.68,-11.90,-11.98,-11.90,-11.85,-11.49,-11.90,-11.68,-11.76,-11.76,-11.63,-11.85,-11.76,-12.04,-11.85,-11.90,-11.85,-12.12,-11.55,-11.98,-11.76,-11.49,-11.49,-11.76,-11.85,-11.55,-11.63,-11.27,-11.49,-11.85,-11.27,-11.27,-11.41,-11.06,-11.14,-11.49,-11.06,-11.14,-11.00,-11.19,-10.71,-10.84,-11.06,-10.79,-11.27,-11.19,-11.00,-10.84,-11.19,-11.49,-11.36,-11.55,-11.55,-11.19,-11.41,-11.36,-11.49,-11.36,-11.27,-11.36,-11.49,-11.63,-11.36,-11.36,-11.36,-11.49,-11.49,-11.63,-11.49,-11.63,-11.49,-11.41,-11.36,-11.36,-11.36,-11.49,-11.68,-11.63,-11.27,-11.49,-11.49,-11.41,-11.36,-11.36,-11.55,-11.55,-11.85,-11.41,-11.49,-11.90,-11.68,-11.90,-11.68,-11.68,-11.85,-12.04,-11.85,-11.41,-11.85,-11.98,-11.63,-11.85,-12.04,-11.76,-11.55,-11.85,-11.19,-11.63,-12.12,-11.55,-11.98,-11.98,-11.90,-11.68,-11.85,-11.68,-11.63,-11.68,-11.90,-12.04,-12.04,-11.85,-11.68,-11.68,-12.04,-11.98,-11.90,-11.68,-11.76,-11.55,-11.55,-11.90,-11.68,-12.12,-12.20,-11.90,-11.98,-11.55,-11.76,-11.55,-11.98,-12.04,-11.90,-12.04,-12.12,-12.04,-11.98,-11.98,-11.68,-11.98,-12.48,-12.04,-12.04,-12.20,-12.04,-11.90,-12.26,-12.04,-12.12,-12.04,-11.90,-12.04,-12.34,-12.26,-12.04,-12.48,-12.12,-12.20,-11.98,-12.12,-11.90,-11.98,-11.98,-12.12,-11.85,-12.04,-11.85,-12.12,-12.04,-12.12,-12.34,-12.26,-12.20,-12.12,-12.20,-12.04,-12.26,-12.20,-12.12,-11.90,-12.20,-11.90,-12.12,-11.98,-11.90,-12.04,-12.04,-11.41,-11.90,-11.76,-11.98,-11.90,-11.98,-11.68,-12.20,-11.98,-11.76,-12.20,-12.20,-11.90,-11.68,-12.04,-11.85,-11.98,-11.90,-11.85,-12.04,-12.34,-11.90,-11.90,-11.85,-11.90,-12.26,-12.04,-12.26,-11.98,-11.98,-11.98,-12.12,-12.26,-12.34,-11.76,-11.90,-12.12,-12.26,-12.12,-12.56,-12.56,-12.34,-12.20,-12.56,-12.61,-12.20,-12.12
-12.48,-12.56,-12.34,-12.56,-12.83,-12.12,-12.48,-12.48,-12.20,-12.04,-12.20,-12.26,-12.26,-12.56,-12.04,-12.04,-11.90,-11.98,-12.34,-12.39,-12.26,-12.20,-11.63,-12.12,-11.98,-11.85,-12.20,-11.98,-12.26,-11.76,-12.12,-12.34,-12.34,-11.76,-12.12,-11.90,-12.20,-11.98,-11.90,-11.90,-11.90,-12.26,-12.04,-12.04,-11.98,-12.12,-12.26,-11.98,-12.04,-11.76,-12.34,-12.12,-11.76,-11.98,-12.04,-12.20,-11.68,-12.04,-12.04,-12.04,-11.85,-12.26,-11.76,-11.90,-11.90,-11.90,-11.90,-11.98,-11.68,-11.85,-11.68,-12.04,-12.20,-11.49,-11.85,-11.90,-11.90,-11.98,-12.20,-12.04,-11.98,-12.34,-12.48,-12.20,-12.34,-12.12,-11.98,-11.76,-12.56,-12.12,-12.12,-11.90,-12.34,-11.85,-11.85,-11.76,-12.04,-11.76,-12.26,-11.85,-11.68,-12.34,-11.98,-12.34,-12.26,-12.26,-11.90,-12.20,-12.12,-11.98,-11.85,-11.63,-11.85,-11.85,-11.68,-12.12,-11.76,-11.85,-11.90,-11.90,-12.20,-12.04,-12.12,-11.85,-11.85,-11.98,-11.90,-11.85,-11.68,-12.04,-11.98,-11.90,-12.04,-11.68,-12.26,-11.63,-11.76,-11.76,-11.90,-11.85,-11.85,-11.55,-11.68,-11.49,-11.85,-11.68,-11.98,-11.63,-11.76,-11.90,-11.76,-11.90,-11.76,-11.90,-11.76,-11.85,-11.76,-11.68,-11.85,-11.76,-11.76,-11.68,-11.41,-11.49,-11.68,-11.76,-11.68,-11.36,-11.49,-11.14,-11.06,-11.06,-11.41,-11.41,-11.49,-11.41,-11.06,-11.19,-11.00,-11.00,-10.79,-11.00,-11.19,-11.14,-11.55,-11.27,-11.41,-11.27,-11.19,-11.41,-11.49,-11.19,-11.55,-11.49,-11.27,-11.49,-11.49,-11.49,-11.49,-11.76,-11.36,-11.36,-11.76,-11.49,-11.55,-11.63,-11.55,-11.63,-11.27,-11.63,-11.41,-11.36,-11.49,-11.55,-11.49,-11.55,-11.55,-11.19,-11.41,-11.14,-11.55,-11.27,-11.27,-11.49,-11.55,-11.63,-11.76,-11.41,-11.49,-11.90,-11.36,-11.76,-11.49,-11.85,-11.76,-11.55,-11.68,-11.85,-11.49,-11.90,-11.85,-12.04,-11.90,-11.85,-11.68,-11.90,-11.76,-11.98,-11.98,-11.76,-11.63,-11.76,-11.90,-11.68,-11.98,-11.63,-11.76,-11.85,-11.90,-11.98,-12.20,-11.68,-11.98,-11.90,-11.85,-11.63,-11.55,-11.90,-11.85,-11.85,-11.68,-12.04,-11.90,-11.63,-11.76,-11.85,-11.63,-11.98,-11.76,-11.55,-11.98,-12.04,-11.85,-11.68,-12.26,-11.68,-11.76,-11.90,-12.20,-11.76,-12.39,-11.98,-12.04,-12.04,-12.26,-11.76,-12.20,-11.90,-12.34,-12.12,-12.48,-12.20,-11.90,-11.98,-11.98,-12.39,-12.20,-11.68,-11.98,-12.04,-12.20,-12.12,-11.90,-12.26,-12.39,-11.68,-12.04,-12.26,-12.48,-12.48,-12.20,-12.12,-12.26,-12.20,-12.12,-12.56,-12.34,-12.04,-12.20,-12.12,-11.90,-12.12,-12.34,-11.63,-11.63,-11.98,-11.85,-11.68,-11.76,-12.26,-11.85,-11.85,-11.63,-12.12,-11.90,-12.12,-11.49,-11.90,-12.04,-12.20,-11.76,-11.98,-11.68,-12.04,-12.20,-12.26,-11.90,-12.04,-11.98,-12.04,-12.26,-12.26,-12.20,-11.98,-12.20,-11.90,-12.12,-12.04,-11.85,-12.26,-11.85,-12.12,-11.90,-12.39,-11.76,-12.12,-12.34,-12.26,-11.98,-12.56,-12.34,-12.48
-12.92,-12.39,-12.56,-12.20,-12.48,-12.34,-12.56,-12.20,-12.48,-12.26,-12.56,-11.98,-12.56,-12.34,-12.20,-12.34,-12.12,-12.26,-12.34,-12.26,-12.56,-12.26,-12.48,-12.34,-11.68,-12.20,-12.04,-11.98,-12.26,-11.98,-11.98,-11.85,-11.76,-11.98,-12.26,-11.76,-11.98,-11.90,-12.20,-11.98,-12.26,-12.04,-11.98,-11.98,-12.26,-12.20,-11.98,-11.68,-12.12,-11.98,-12.04,-12.04,-11.76,-11.76,-11.98,-11.85,-11.90,-11.85,-12.04,-12.04,-11.98,-11.90,-11.49,-12.04,-11.76,-12.04,-12.20,-11.85,-11.85,-11.90,-11.98,-11.76,-11.85,-11.76,-12.12,-11.85,-11.90,-11.85,-11.55,-12.20,-11.55,-11.85,-12.12,-11.98,-12.04,-11.76,-11.90,-12.12,-12.12,-11.76,-12.04,-11.98,-12.04,-11.85,-12.12,-11.98,-12.20,-12.26,-11.98,-12.34,-12.12,-12.12,-11.76,-11.85,-11.85,-12.12,-12.12,-11.55,-12.04,-12.04,-12.04,-11.68,-12.26,-11.85,-11.76,-11.98,-12.04,-11.55,-11.98,-12.04,-11.68,-12.04,-11.55,-11.76,-11.85,-11.90,-11.98,-11.85,-11.85,-11.76,-11.76,-11.90,-11.55,-11.68,-12.20,-11.90,-12.04,-11.85,-11.90,-11.85,-11.98,-12.20,-11.90,-12.20,-11.85,-11.85,-11.98,-11.68,-11.63,-12.04,-11.63,-11.76,-11.55,-11.90,-11.90,-11.85,-11.85,-11.98,-11.68,-12.04,-11.55,-11.63,-11.90,-11.55,-11.76,-11.68,-11.49,-11.55,-11.49,-11.55,-11.36,-11.36,-11.41,-11.06,-11.06,-11.27,-11.14,-10.79,-10.84,-10.71,-10.92,-11.06,-11.00,-11.06,-11.06,-11.36,-11.14,-11.19,-11.36,-11.36,-11.14,-11.85,-11.27,-11.49,-11.55,-11.49,-11.49,-11.49,-11.36,-11.41,-11.49,-11.27,-11.41,-11.55,-11.63,-11.68,-11.63,-11.90,-11.41,-11.14,-11.41,-11.36,-11.41,-11.76,-11.27,-11.63,-11.36,-11.63,-11.55,-11.49,-11.14,-11.49,-11.55,-11.49,-11.76,-11.63,-11.41,-12.12,-11.76,-12.04,-11.55,-11.90,-11.85,-11.98,-11.68,-11.76,-11.90,-11.68,-12.12,-11.68,-12.04,-11.63,-12.04,-11.85,-11.98,-11.68,-11.63,-11.85,-11.85,-11.63,-11.68,-11.76,-11.76,-11.85,-11.76,-11.90,-11.90,-11.85,-11.68,-11.76,-11.98,-11.63,-11.98,-12.20,-11.85,-11.85,-12.12,-11.63,-11.90,-11.68,-11.68,-11.85,-12.04,-12.04,-11.90,-11.41,-11.55,-11.85,-12.20,-12.04,-12.20,-11.85,-11.76,-11.90,-11.98,-11.85,-11.85,-12.04,-12.04,-11.76,-11.85,-12.04,-12.04,-11.90,-11.90,-11.98,-11.98,-12.04,-12.39,-12.12,-12.20,-12.04,-12.04,-11.90,-12.04,-11.98,-11.98,-12.12,-12.39,-11.85,-12.04,-12.34,-12.20,-11.90,-12.04,-11.90,-12.34,-12.39,-12.20,-12.20,-12.26,-12.04,-12.34,-12.20,-12.34,-12.04,-12.12,-11.98,-12.12,-12.12,-12.39,-12.20,-11.85,-11.90,-11.85,-12.12,-11.98,-11.98,-11.90,-11.98,-11.85,-11.85,-11.85,-11.85,-11.90,-12.34,-11.90,-11.85,-12.39,-11.90,-11.98,-12.04,-12.04,-12.48,-11.76,-11.98,-12.04,-11.98,-11.90,-12.39,-12.48,-11.90,-12.26,-12.34,-12.04,-11.90,-11.98,-12.04,-12.12,-11.85,-11.98,-11.98,-11.98,-12.39,-12.61,-12.12,-12.39,-12.20,-12.34,-12.20,-12.20,-12.12
-12.39,-12.48,-12.78,-12.56,-12.48,-12.34,-12.34,-12.39,-12.48,-12.20,-12.56,-12.39,-12.26,-12.34,-12.61,-12.12,-11.98,-12.34,-12.12,-11.85,-12.12,-12.04,-12.20,-12.26,-12.20,-12.34,-12.12,-11.90,-12.20,-11.98,-12.39,-12.20,-11.98,-12.34,-11.76,-12.04,-12.04,-12.20,-12.04,-12.04,-11.98,-11.85,-12.12,-12.12,-11.85,-12.20,-12.12,-11.76,-11.98,-11.98,-12.04,-11.85,-11.98,-11.98,-11.85,-12.26,-12.04,-12.26,-11.90,-11.90,-12.04,-11.90,-11.90,-11.90,-11.76,-11.41,-12.04,-11.98,-11.90,-11.55,-11.55,-11.85,-11.90,-11.90,-11.76,-12.12,-11.55,-11.98,-11.98,-11.85,-12.12,-12.39,-12.20,-11.63,-11.90,-12.04,-12.12,-11.85,-11.85,-12.20,-12.20,-11.98,-11.90,-11.76,-12.12,-12.04,-11.68,-11.76,-12.26,-12.12,-11.90,-12.04,-11.98,-11.98,-11.85,-12.12,-12.20,-11.98,-12.20,-11.55,-11.98,-11.85,-11.98,-11.90,-11.85,-11.55,-12.04,-11.85,-11.85,-11.63,-11.85,-11.98,-11.68,-12.12,-11.98,-11.85,-11.90,-11.68,-11.63,-11.98,-11.85,-11.68,-11.85,-11.55,-12.04,-11.98,-11.76,-11.85,-11.90,-11.90,-11.55,-11.90,-11.85,-11.55,-11.90,-11.63,-11.85,-12.12,-11.63,-11.55,-11.68,-11.76,-12.04,-11.85,-11.76,-11.68,-11.98,-11.63,-11.68,-11.55,-11.76,-11.85,-11.76,-11.49,-11.85,-11.49,-11.55,-11.55,-11.06,-11.55,-11.63,-11.27,-11.14,-11.27,-11.36,-11.06,-11.06,-10.84,-11.00,-10.65,-11.14,-10.84,-11.06,-11.14,-11.27,-11.41,-11.41,-11.19,-11.06,-11.41,-11.36,-11.27,-11.27,-11.36,-11.49,-11.41,-11.27,-11.19,-11.49,-11.63,-11.27,-11.36,-11.36,-11.41,-11.41,-11.55,-11.63,-11.76,-11.63,-11.55,-11.49,-11.19,-11.55,-11.36,-11.49,-11.41,-11.41,-11.49,-11.49,-11.36,-11.36,-11.36,-11.55,-11.68,-11.55,-11.55,-11.85,-11.85,-11.49,-11.76,-11.49,-11.63,-11.63,-11.76,-11.98,-11.55,-11.85,-11.98,-11.49,-11.85,-12.12,-11.68,-11.85,-11.98,-11.85,-11.98,-11.85,-11.90,-11.85,-11.85,-11.85,-11.63,-11.76,-12.04,-11.68,-11.68,-11.68,-11.36,-11.68,-12.34,-11.68,-11.63,-12.12,-11.63,-11.98,-11.90,-11.85,-11.76,-11.90,-11.90,-12.12,-11.98,-11.68,-12.04,-11.63,-11.76,-11.98,-11.98,-11.90,-12.04,-11.98,-11.98,-11.98,-11.90,-11.76,-11.76,-11.85,-11.85,-12.04,-12.20,-11.68,-12.04,-12.20,-11.90,-11.55,-11.98,-12.20,-12.12,-12.20,-11.98,-11.85,-12.12,-11.90,-11.98,-12.26,-12.12,-12.04,-12.20,-12.04,-12.04,-12.12,-11.90,-12.04,-12.04,-11.85,-11.98,-12.04,-12.12,-12.04,-12.12,-11.85,-12.56,-11.85,-12.04,-12.34,-12.39,-12.26,-12.04,-12.20,-11.68,-12.12,-12.04,-11.90,-11.90,-12.04,-12.12,-12.20,-12.04,-12.12,-12.12,-11.98,-11.98,-12.26,-11.98,-12.04,-12.20,-12.04,-11.85,-11.90,-11.90,-12.04,-11.85,-11.76,-11.98,-12.04,-12.04,-12.26,-11.76,-11.98,-11.76,-11.90,-12.12,-12.12,-12.26,-11.90,-12.20,-11.90,-11.90,-11.98,-12.12,-12.34,-12.20,-12.48,-12.26,-12.34,-12.34,-12.39,-12.26,-12.20,-12.26,-12.26,-12.48
-12.70,-12.56,-12.39,-12.48,-12.56,-12.48,-12.20,-12.70,-12.61,-12.48,-12.20,-12.26,-12.34,-12.04,-12.26,-12.39,-12.12,-12.20,-12.26,-12.34,-12.34,-12.04,-12.39,-12.20,-12.26,-12.26,-12.34,-11.90,-11.85,-12.20,-12.26,-12.04,-12.04,-12.12,-12.48,-11.85,-12.04,-12.04,-12.12,-11.55,-11.63,-11.98,-12.12,-11.85,-12.04,-12.12,-12.04,-11.63,-12.20,-11.76,-11.68,-12.04,-11.98,-11.76,-12.34,-11.98,-11.90,-12.04,-11.98,-11.85,-12.12,-11.98,-12.12,-11.90,-11.98,-11.49,-12.04,-11.90,-11.68,-11.41,-11.98,-11.98,-12.04,-12.04,-12.04,-11.98,-12.12,-11.98,-12.20,-12.12,-12.04,-11.98,-12.20,-12.20,-12.12,-12.04,-12.26,-12.12,-12.26,-12.34,-12.12,-11.85,-11.98,-12.34,-11.98,-12.34,-12.04,-11.90,-12.20,-11.98,-11.85,-12.20,-12.04,-12.20,-11.76,-12.04,-11.76,-12.04,-11.85,-11.85,-11.98,-12.12,-11.90,-12.04,-11.90,-11.90,-12.12,-12.12,-12.04,-11.76,-11.85,-12.04,-11.98,-11.98,-12.12,-12.20,-12.34,-11.98,-11.90,-12.20,-11.90,-11.90,-11.68,-11.98,-11.90,-12.04,-11.98,-12.12,-12.12,-12.04,-11.90,-11.90,-11.68,-12.26,-12.12,-11.55,-11.63,-11.85,-11.76,-11.68,-11.90,-11.90,-11.68,-11.85,-11.85,-11.90,-11.68,-12.04,-11.90,-11.55,-11.63,-11.68,-11.76,-11.36,-11.76,-11.41,-11.63,-11.19,-11.49,-11.55,-11.36,-11.27,-11.27,-11.14,-11.36,-11.14,-11.00,-10.84,-10.92,-10.84,-10.79,-11.19,-11.14,-11.27,-11.36,-11.06,-11.19,-11.27,-11.41,-11.27,-11.06,-11.49,-11.55,-11.68,-11.41,-11.27,-11.49,-11.49,-11.36,-11.85,-11.27,-11.76,-11.27,-11.55,-11.49,-11.49,-11.55,-11.41,-11.41,-11.36,-11.41,-11.49,-11.90,-11.55,-11.27,-11.55,-11.63,-11.55,-11.49,-11.49,-11.41,-11.55,-11.49,-11.55,-11.36,-11.49,-11.85,-11.76,-11.68,-11.98,-11.68,-11.68,-11.98,-11.85,-11.90,-12.04,-11.68,-11.98,-11.85,-11.63,-11.98,-11.85,-11.85,-11.68,-11.90,-11.63,-11.63,-11.68,-11.90,-11.68,-11.85,-11.55,-11.76,-11.68,-11.55,-11.63,-12.04,-11.98,-11.90,-11.90,-11.98,-11.55,-11.76,-11.68,-11.68,-11.98,-12.04,-11.63,-12.04,-11.90,-12.04,-11.90,-11.98,-11.85,-11.76,-11.76,-11.98,-12.12,-11.41,-12.20,-12.04,-12.20,-12.04,-11.98,-12.20,-11.68,-12.04,-11.98,-11.90,-11.90,-12.04,-12.04,-12.20,-11.98,-12.04,-11.90,-12.20,-12.04,-12.20,-11.98,-11.98,-12.04,-12.20,-11.85,-11.85,-12.26,-11.90,-11.63,-11.76,-12.12,-11.85,-12.04,-12.04,-12.12,-12.12,-11.98,-12.26,-11.98,-12.04,-12.39,-12.04,-12.12,-12.12,-12.04,-11.98,-11.98,-11.98,-12.04,-11.90,-12.04,-12.20,-11.85,-12.34,-11.90,-12.26,-11.90,-11.90,-11.76,-12.20,-12.04,-11.85,-12.04,-11.90,-12.12,-11.98,-11.76,-11.76,-11.85,-12.20,-11.98,-12.12,-11.85,-12.20,-12.04,-11.98,-12.04,-11.85,-12.26,-12.04,-12.26,-11.98,-11.90,-11.98,-12.04,-12.04,-11.90,-12.04,-12.26,-12.26,-12.04,-12.20,-12.12,-12.20,-12.12,-11.98,-12.34,-12.26,-11.90,-12.39,-12.20,-12.34,-12.26
-12.48,-12.83,-12.34,-12.34,-12.34,-12.34,-12.92,-12.20,-12.20,-12.48,-12.12,-12.26,-12.39,-12.70,-12.34,-12.26,-12.34,-12.61,-12.26,-12.04,-12.34,-11.90,-12.26,-12.12,-11.90,-11.90,-11.98,-12.20,-12.26,-12.12,-12.04,-12.34,-12.04,-12.20,-12.20,-12.20,-12.04,-11.68,-12.12,-11.90,-12.04,-12.34,-11.85,-11.90,-12.26,-12.04,-12.04,-11.90,-12.12,-11.85,-11.98,-12.12,-12.04,-12.26,-11.90,-12.04,-12.04,-11.85,-11.98,-11.98,-11.85,-11.90,-12.04,-12.04,-11.76,-12.12,-11.90,-12.04,-12.12,-12.04,-12.04,-11.68,-11.76,-11.63,-12.04,-12.12,-12.04,-12.26,-11.63,-12.39,-11.98,-12.04,-12.26,-12.04,-11.98,-11.98,-12.12,-12.20,-12.12,-11.98,-11.98,-12.20,-12.20,-12.34,-11.76,-11.90,-12.04,-12.04,-12.04,-12.26,-11.90,-11.85,-11.98,-11.85,-12.34,-11.76,-12.04,-12.12,-12.12,-12.04,-12.12,-12.34,-12.20,-11.90,-12.04,-11.90,-12.26,-11.90,-12.04,-12.04,-11.63,-11.68,-12.12,-11.90,-12.39,-11.98,-11.85,-11.85,-12.04,-11.90,-11.85,-12.12,-12.04,-12.04,-11.85,-12.04,-11.68,-11.90,-11.76,-11.76,-11.98,-12.04,-11.90,-11.98,-11.85,-11.90,-11.68,-11.90,-11.68,-11.90,-11.90,-11.68,-11.76,-11.90,-11.85,-11.90,-11.90,-11.98,-12.12,-11.76,-11.68,-11.49,-11.68,-11.68,-11.85,-11.68,-11.63,-11.63,-11.63,-11.41,-11.27,-11.55,-11.41,-11.55,-11.41,-11.06,-11.41,-11.19,-10.84,-11.27,-10.84,-11.06,-11.49,-11.55,-11.49,-11.55,-11.41,-11.49,-11.49,-11.68,-11.41,-11.14,-11.63,-11.49,-11.36,-11.49,-11.49,-11.41,-11.41,-11.68,-11.55,-11.63,-11.49,-11.41,-11.27,-11.63,-11.41,-11.63,-11.85,-11.63,-11.27,-11.49,-11.36,-11.19,-11.41,-11.55,-11.41,-11.63,-11.55,-11.63,-11.27,-11.49,-11.36,-11.41,-11.98,-11.55,-11.55,-11.76,-11.98,-11.90,-11.55,-11.68,-11.98,-11.68,-11.98,-11.63,-11.90,-11.90,-11.85,-11.90,-11.85,-11.76,-11.63,-11.41,-11.76,-11.90,-11.76,-11.98,-11.68,-11.90,-11.85,-11.98,-11.63,-11.85,-11.90,-12.04,-11.76,-11.36,-11.85,-11.90,-11.98,-11.85,-11.76,-11.85,-11.85,-11.90,-11.98,-11.98,-11.76,-11.90,-11.76,-11.98,-11.76,-11.85,-12.26,-12.20,-12.20,-12.04,-11.98,-12.04,-12.04,-11.98,-12.12,-11.90,-11.98,-11.98,-12.04,-11.90,-12.04,-12.12,-12.04,-11.90,-12.04,-11.90,-12.12,-11.90,-11.90,-11.63,-11.98,-11.98,-12.12,-12.26,-12.20,-11.90,-11.90,-11.76,-11.90,-12.04,-12.04,-11.90,-11.76,-12.12,-11.90,-12.34,-12.61,-11.98,-12.04,-12.04,-12.26,-12.20,-11.85,-12.04,-12.56,-12.20,-12.39,-11.98,-12.26,-11.90,-12.12,-12.12,-12.04,-11.55,-11.98,-12.12,-12.04,-11.85,-11.90,-12.04,-12.12,-12.04,-11.55,-11.90,-11.85,-11.63,-11.90,-11.90,-11.90,-12.04,-12.04,-11.55,-11.85,-12.34,-12.04,-11.90,-12.04,-11.90,-12.04,-11.76,-11.98,-12.26,-12.20,-12.26,-11.98,-12.48,-12.20,-12.20,-12.26,-12.26,-12.26,-12.12,-12.39,-12.34,-12.12,-12.20,-12.56,-12.26,-12.48,-11.98,-12.26,-12.26,-12.26,-12.34
-12.12,-12.12,-12.34,-12.39,-12.20,-12.12,-12.48,-12.39,-12.56,-12.26,-12.70,-12.20,-12.26,-12.04,-12.04,-12.04,-12.34,-12.20,-12.48,-11.98,-12.61,-12.26,-12.20,-12.20,-12.20,-12.20,-11.90,-11.98,-12.26,-12.12,-12.04,-11.90,-11.85,-12.04,-12.20,-12.26,-12.12,-12.12,-11.90,-12.12,-11.63,-11.90,-12.04,-11.68,-12.26,-11.98,-12.39,-11.90,-11.68,-12.34,-11.90,-11.76,-11.98,-12.04,-11.85,-12.34,-12.12,-11.85,-11.98,-11.90,-11.76,-11.98,-11.76,-11.90,-11.90,-11.76,-11.85,-11.85,-12.04,-12.12,-11.98,-11.85,-11.98,-11.90,-12.04,-12.04,-12.20,-12.12,-12.34,-12.39,-11.90,-12.12,-12.04,-12.04,-12.12,-12.04,-12.20,-12.56,-12.20,-12.12,-12.26,-11.98,-12.26,-12.26,-11.90,-11.98,-11.85,-11.98,-12.04,-11.98,-11.90,-12.20,-12.34,-11.85,-11.98,-11.85,-11.90,-11.98,-12.26,-12.04,-12.20,-11.90,-11.90,-12.20,-11.76,-11.90,-11.98,-11.90,-11.76,-11.98,-11.76,-11.98,-11.85,-12.04,-12.12,-11.90,-11.98,-11.98,-11.76,-11.68,-12.12,-11.68,-11.63,-11.68,-11.68,-11.90,-11.76,-11.68,-12.04,-11.85,-11.85,-11.90,-11.68,-11.85,-12.26,-11.85,-11.68,-11.90,-11.98,-11.76,-11.85,-11.68,-11.55,-11.55,-11.90,-11.76,-11.76,-11.76,-11.76,-11.76,-11.49,-11.55,-11.55,-11.68,-11.27,-11.76,-11.76,-11.49,-11.27,-11.49,-11.68,-11.27,-11.36,-11.14,-11.41,-11.19,-11.19,-11.06,-11.06,-11.27,-11.19,-11.27,-11.68,-11.36,-11.14,-11.41,-11.19,-11.19,-11.68,-11.49,-11.27,-11.36,-11.36,-11.55,-11.68,-11.55,-11.41,-11.36,-11.41,-11.41,-11.63,-11.41,-11.55,-11.68,-11.55,-11.85,-11.41,-11.55,-11.41,-11.49,-11.49,-11.49,-11.36,-11.49,-11.68,-11.68,-11.90,-11.06,-11.68,-11.85,-11.55,-11.41,-11.27,-11.63,-11.63,-11.55,-12.04,-11.76,-11.68,-11.63,-11.90,-11.85,-11.76,-11.76,-11.68,-12.12,-11.90,-12.04,-12.04,-11.76,-11.85,-11.68,-11.41,-11.98,-11.76,-11.85,-11.63,-11.90,-11.76,-11.90,-11.76,-11.76,-11.85,-11.76,-11.76,-11.90,-11.85,-12.26,-11.98,-11.90,-11.85,-11.76,-11.49,-11.90,-12.04,-11.98,-11.68,-11.98,-12.26,-11.90,-11.85,-11.90,-11.90,-11.49,-11.76,-11.68,-11.98,-11.63,-11.90,-11.85,-11.98,-11.90,-12.04,-11.63,-12.12,-11.68,-11.85,-12.20,-11.85,-12.20,-11.98,-12.20,-12.04,-12.12,-12.20,-12.20,-12.26,-12.34,-11.85,-12.20,-11.98,-11.98,-11.98,-12.04,-12.04,-12.12,-11.98,-11.85,-12.48,-12.12,-12.12,-12.12,-12.12,-12.34,-12.20,-12.04,-11.98,-12.20,-12.12,-12.12,-12.20,-11.98,-12.34,-11.85,-12.20,-11.98,-11.98,-12.26,-12.48,-11.98,-12.26,-12.20,-12.26,-11.90,-11.76,-12.04,-12.20,-11.63,-11.85,-11.90,-11.63,-12.04,-11.90,-11.90,-11.63,-12.20,-11.85,-11.76,-12.12,-12.04,-12.20,-12.48,-11.98,-12.04,-12.39,-12.26,-12.04,-12.12,-11.68,-11.98,-11.90,-12.26,-12.20,-12.12,-11.85,-12.26,-12.26,-12.39,-12.04,-12.34,-11.98,-12.20,-12.26,-12.34,-12.26,-12.12,-12.26,-12.26,-12.20,-12.39,-12.56,-12.34
-12.26,-12.61,-12.48,-12.04,-12.78,-12.48,-12.39,-12.04,-12.78,-12.39,-12.34,-12.04,-12.12,-12.12,-12.39,-12.34,-12.20,-12.34,-12.34,-12.34,-11.68,-12.12,-12.26,-12.34,-11.98,-12.26,-11.98,-12.20,-12.12,-12.20,-11.90,-12.26,-12.20,-11.85,-12.12,-12.34,-12.20,-12.04,-12.12,-12.12,-12.04,-12.12,-11.85,-12.12,-11.90,-12.20,-12.12,-12.04,-11.85,-12.20,-11.90,-11.90,-12.04,-12.12,-11.85,-11.85,-11.90,-12.12,-12.26,-11.90,-11.98,-11.76,-11.85,-11.90,-12.34,-11.98,-11.85,-11.68,-11.98,-11.76,-12.26,-11.76,-11.85,-11.76,-11.90,-12.12,-11.49,-11.90,-12.12,-12.20,-12.04,-12.04,-12.34,-11.98,-11.76,-12.12,-11.90,-12.26,-12.20,-11.98,-12.12,-12.04,-11.98,-12.34,-11.85,-12.12,-12.12,-12.20,-12.26,-12.20,-11.90,-12.12,-11.76,-11.98,-11.98,-12.04,-12.20,-12.12,-12.12,-11.98,-11.98,-11.85,-11.76,-12.20,-12.04,-11.90,-11.90,-11.85,-12.04,-11.76,-11.85,-11.90,-11.98,-11.90,-12.12,-11.90,-11.90,-11.90,-11.85,-11.98,-11.98,-11.90,-12.04,-11.63,-12.12,-11.98,-11.76,-11.85,-12.04,-11.76,-11.55,-11.90,-11.76,-11.76,-11.63,-11.85,-11.90,-11.68,-11.98,-11.85,-11.76,-11.98,-11.90,-11.90,-11.68,-11.63,-11.68,-11.68,-11.76,-11.90,-11.63,-11.85,-11.76,-11.85,-11.49,-11.55,-11.63,-11.55,-11.55,-11.36,-11.41,-11.19,-11.27,-11.14,-11.41,-10.84,-11.27,-11.14,-11.00,-11.00,-11.55,-11.14,-11.27,-11.14,-11.55,-11.36,-11.49,-11.41,-11.19,-11.55,-11.49,-11.63,-11.41,-11.49,-11.49,-11.41,-11.90,-11.49,-11.55,-11.90,-11.49,-11.68,-11.55,-11.36,-11.49,-11.41,-11.49,-11.63,-11.63,-11.55,-11.36,-11.55,-11.36,-11.55,-11.49,-11.63,-11.49,-11.55,-11.49,-11.41,-11.36,-11.49,-11.55,-11.55,-11.63,-11.90,-11.55,-11.76,-11.85,-11.68,-12.20,-11.90,-11.90,-11.63,-11.55,-11.85,-11.68,-11.85,-11.85,-11.85,-11.98,-11.49,-11.85,-12.20,-11.98,-11.76,-11.76,-11.98,-11.76,-11.90,-11.76,-11.63,-11.63,-11.76,-11.90,-11.68,-11.76,-11.85,-11.85,-11.90,-11.55,-11.98,-12.04,-12.20,-11.85,-12.04,-12.04,-11.68,-12.12,-12.04,-12.12,-11.76,-11.63,-12.04,-11.90,-12.26,-11.85,-11.68,-12.20,-12.20,-12.12,-11.98,-12.20,-11.85,-11.63,-12.12,-11.90,-11.90,-11.85,-12.26,-11.76,-11.90,-12.20,-12.26,-12.12,-12.04,-12.12,-12.20,-12.12,-12.34,-12.04,-11.63,-12.12,-12.04,-11.98,-12.20,-12.26,-12.34,-12.12,-12.39,-12.04,-12.04,-12.48,-12.26,-12.20,-12.20,-11.90,-12.12,-12.39,-12.20,-12.12,-12.39,-11.98,-12.12,-12.61,-12.26,-12.70,-12.26,-12.04,-11.90,-12.04,-12.12,-11.85,-11.90,-12.20,-11.68,-11.90,-11.76,-12.20,-11.68,-11.85,-12.04,-11.98,-11.68,-11.68,-11.68,-11.90,-11.98,-12.20,-12.04,-12.39,-12.12,-12.04,-12.04,-12.39,-12.26,-12.04,-12.04,-12.12,-12.12,-11.98,-12.26,-12.39,-11.90,-11.85,-11.98,-12.26,-12.34,-12.34,-12.12,-12.20,-12.12,-12.39,-12.04,-11.68,-12.39,-12.34,-12.26,-12.39,-12.26,-12.39,-12.26
-12.26,-12.34,-12.26,-12.04,-11.98,-12.48,-12.83,-12.04,-12.12,-12.56,-12.04,-12.20,-12.20,-12.78,-12.26,-12.04,-12.20,-12.26,-12.12,-12.20,-12.12,-12.34,-12.26,-12.20,-12.26,-11.76,-11.85,-12.61,-12.12,-12.20,-11.98,-12.04,-12.20,-11.90,-11.90,-12.12,-11.85,-12.12,-12.26,-11.98,-12.20,-12.04,-11.98,-11.68,-11.98,-12.04,-12.12,-11.98,-12.12,-11.85,-11.98,-11.90,-11.90,-12.04,-11.85,-12.04,-11.85,-12.20,-12.04,-12.04,-11.98,-12.61,-11.98,-11.90,-11.90,-11.98,-11.98,-11.90,-11.98,-11.76,-11.90,-11.98,-12.04,-11.76,-11.98,-11.90,-11.85,-12.20,-11.76,-11.90,-12.12,-12.20,-12.26,-12.34,-12.12,-12.12,-12.12,-11.98,-12.20,-11.85,-12.34,-11.98,-12.26,-12.20,-12.26,-11.98,-12.39,-11.85,-11.90,-11.85,-12.04,-11.85,-12.26,-11.90,-11.63,-12.04,-11.90,-12.20,-11.98,-12.20,-11.98,-11.90,-12.20,-11.85,-11.85,-11.85,-11.98,-12.04,-12.20,-11.98,-12.12,-11.85,-11.90,-11.85,-11.85,-11.85,-11.55,-12.20,-12.04,-11.85,-12.04,-11.98,-12.12,-11.98,-11.76,-11.85,-11.76,-11.98,-11.68,-11.63,-11.49,-11.49,-11.98,-11.85,-11.98,-11.68,-11.63,-11.90,-11.76,-11.85,-11.85,-11.76,-11.76,-11.76,-11.90,-11.68,-11.76,-11.90,-11.85,-11.68,-11.68,-11.98,-11.85,-11.68,-11.27,-11.55,-11.76,-11.19,-11.85,-11.19,-11.27,-11.36,-11.41,-11.36,-11.36,-11.06,-11.06,-10.79,-11.06,-11.49,-11.19,-11.36,-11.55,-11.19,-11.19,-11.06,-11.55,-11.41,-11.55,-11.63,-11.49,-11.19,-11.68,-11.41,-11.49,-11.49,-11.14,-11.49,-11.36,-11.68,-11.49,-11.49,-11.49,-11.63,-11.76,-11.49,-11.27,-11.41,-11.63,-11.55,-11.49,-11.36,-11.36,-11.41,-11.55,-11.85,-12.04,-11.49,-11.49,-11.49,-11.63,-11.76,-11.41,-11.55,-11.76,-11.68,-11.63,-11.63,-11.76,-11.63,-11.85,-11.41,-12.26,-11.76,-11.85,-12.04,-11.85,-11.90,-12.26,-11.90,-11.68,-11.98,-11.98,-12.04,-11.68,-11.76,-11.85,-11.63,-11.90,-11.90,-11.85,-11.68,-11.68,-11.63,-11.63,-11.90,-11.90,-11.90,-11.90,-11.98,-12.04,-11.68,-11.98,-11.85,-11.98,-11.85,-11.98,-11.98,-11.76,-11.85,-12.04,-12.20,-11.85,-12.20,-12.20,-12.04,-11.90,-12.04,-11.98,-12.12,-12.04,-12.04,-12.04,-12.12,-11.98,-11.98,-11.68,-11.98,-11.90,-11.85,-12.26,-12.12,-12.26,-12.04,-11.98,-12.12,-12.20,-12.12,-11.98,-12.12,-11.76,-12.04,-12.04,-11.85,-12.12,-12.12,-11.90,-12.04,-11.90,-11.98,-12.39,-12.04,-12.12,-12.26,-12.26,-12.04,-12.12,-11.90,-12.04,-12.04,-12.34,-11.85,-12.12,-12.12,-11.98,-12.39,-12.12,-12.04,-12.34,-12.20,-12.12,-11.98,-12.12,-11.76,-12.20,-11.68,-11.68,-11.63,-11.63,-11.68,-11.90,-11.98,-11.55,-12.04,-11.85,-12.04,-11.90,-12.04,-12.34,-11.76,-11.90,-11.98,-12.34,-12.12,-12.26,-12.26,-11.90,-12.04,-11.90,-11.90,-11.98,-12.34,-11.85,-12.20,-12.20,-11.90,-12.12,-12.20,-12.26,-12.26,-11.98,-12.04,-12.12,-12.12,-12.12,-11.98,-12.56,-12.20,-12.34,-12.61,-12.39,-12.34
-12.78,-12.34,-12.56,-12.48,-12.04,-11.90,-12.12,-12.56,-12.70,-12.26,-12.39,-12.48,-12.20,-12.20,-12.39,-12.04,-12.20,-11.98,-12.12,-11.98,-11.76,-11.85,-12.48,-12.20,-12.39,-12.26,-12.48,-12.20,-12.26,-12.48,-12.12,-11.90,-11.85,-12.04,-12.20,-11.98,-12.12,-12.26,-11.98,-12.12,-12.12,-12.20,-12.04,-12.04,-11.68,-11.98,-12.12,-12.12,-11.85,-12.26,-11.98,-12.20,-12.12,-12.26,-11.76,-12.04,-12.26,-11.85,-11.85,-12.12,-12.12,-11.90,-11.68,-11.98,-11.76,-11.98,-11.85,-11.85,-11.98,-11.85,-12.12,-11.85,-12.04,-11.98,-11.90,-11.90,-12.12,-12.20,-11.85,-12.04,-12.12,-12.34,-11.68,-12.20,-11.90,-12.34,-12.04,-12.26,-12.34,-11.90,-11.90,-12.20,-12.12,-11.90,-12.04,-12.12,-12.12,-11.90,-12.04,-12.04,-12.39,-12.34,-12.20,-12.04,-11.90,-12.20,-12.20,-12.12,-11.85,-11.76,-12.12,-12.04,-11.90,-11.90,-12.04,-12.26,-11.90,-12.20,-11.68,-11.98,-11.98,-12.12,-12.04,-11.55,-11.76,-12.20,-12.12,-11.85,-11.85,-12.04,-11.90,-11.76,-12.12,-11.90,-11.98,-11.98,-12.04,-12.20,-11.68,-11.85,-12.04,-11.85,-11.68,-11.55,-11.68,-12.04,-11.98,-11.85,-11.68,-11.90,-11.98,-12.12,-11.85,-11.68,-11.55,-11.90,-11.85,-11.85,-11.85,-11.90,-11.85,-11.55,-11.63,-11.90,-11.63,-11.55,-11.27,-11.63,-11.55,-11.68,-11.76,-11.19,-11.36,-11.14,-11.06,-11.27,-11.19,-10.92,-10.92,-11.55,-11.19,-11.14,-11.36,-11.14,-11.19,-11.06,-11.68,-11.36,-11.41,-11.55,-11.49,-11.19,-11.19,-11.63,-11.49,-11.55,-11.55,-11.49,-11.41,-11.19,-11.63,-11.36,-11.63,-11.27,-11.55,-11.68,-11.55,-11.49,-11.85,-11.41,-11.36,-11.55,-11.68,-11.19,-11.68,-11.68,-11.55,-11.76,-11.68,-11.63,-11.49,-11.55,-11.55,-11.63,-11.41,-11.68,-11.76,-11.98,-11.90,-11.55,-11.90,-11.90,-11.98,-11.76,-11.68,-12.26,-12.04,-11.90,-11.76,-11.90,-11.98,-11.90,-11.76,-11.98,-12.12,-11.85,-11.68,-11.85,-11.76,-11.98,-12.20,-11.90,-11.98,-11.98,-11.85,-11.85,-11.90,-12.04,-11.90,-12.04,-12.20,-12.04,-11.85,-12.20,-11.68,-11.76,-12.04,-12.04,-11.68,-11.85,-12.26,-11.85,-11.98,-12.12,-11.76,-12.12,-11.98,-12.04,-11.63,-12.04,-11.85,-11.98,-12.04,-12.12,-12.12,-12.12,-12.12,-12.04,-11.76,-12.04,-11.98,-11.90,-12.04,-12.04,-11.98,-12.26,-11.76,-12.12,-11.85,-12.04,-12.26,-12.20,-12.39,-12.20,-12.20,-12.12,-12.39,-11.98,-11.98,-11.90,-11.90,-12.39,-12.26,-12.39,-12.20,-12.04,-12.12,-11.98,-12.26,-12.26,-12.34,-12.39,-12.12,-12.39,-12.12,-11.90,-12.20,-12.34,-11.98,-11.85,-11.90,-11.98,-12.12,-11.90,-11.85,-11.85,-11.90,-12.04,-12.20,-12.04,-11.41,-11.98,-11.63,-11.98,-11.85,-11.98,-11.85,-11.98,-11.85,-11.76,-12.12,-12.34,-11.85,-12.12,-12.39,-12.34,-11.90,-12.04,-12.39,-11.90,-11.90,-11.76,-12.12,-12.26,-11.98,-12.12,-11.98,-12.39,-12.39,-11.76,-12.04,-12.26,-12.20,-12.20,-12.39,-12.39,-12.20,-12.39,-12.34,-12.34,-12.20,-12.26
-12.56,-12.39,-12.56,-12.34,-12.48,-12.12,-12.34,-12.70,-12.26,-11.98,-12.34,-12.26,-12.20,-12.34,-12.26,-12.04,-12.12,-12.12,-12.04,-11.98,-12.34,-11.90,-12.26,-11.98,-12.26,-12.12,-12.39,-12.04,-12.04,-12.20,-12.12,-11.90,-12.26,-11.98,-12.12,-12.04,-11.98,-11.76,-11.98,-11.85,-12.04,-11.90,-11.85,-12.20,-11.76,-11.68,-11.63,-11.76,-11.85,-11.90,-11.76,-12.34,-12.12,-12.12,-11.98,-11.76,-11.85,-11.76,-12.04,-11.76,-11.76,-11.76,-12.12,-11.98,-11.85,-12.04,-11.85,-11.98,-11.68,-12.04,-11.90,-11.90,-12.12,-11.98,-12.56,-11.90,-11.68,-12.12,-12.04,-12.04,-11.98,-11.76,-12.34,-12.20,-11.90,-12.34,-11.85,-12.04,-11.76,-12.26,-12.39,-11.98,-11.90,-12.20,-12.26,-12.34,-11.90,-11.98,-12.34,-11.98,-11.98,-11.98,-12.12,-12.04,-11.98,-11.98,-11.90,-12.04,-11.98,-11.85,-11.98,-12.39,-11.90,-11.85,-11.98,-11.76,-11.90,-12.12,-11.76,-11.90,-11.98,-12.26,-12.20,-11.90,-11.85,-12.20,-11.85,-12.04,-11.98,-11.76,-11.98,-11.90,-12.12,-11.90,-12.04,-11.98,-12.12,-11.85,-11.85,-11.76,-11.85,-11.85,-11.90,-11.98,-11.90,-11.98,-11.76,-11.76,-11.85,-11.90,-11.98,-12.34,-11.85,-12.04,-11.76,-11.85,-11.85,-11.63,-11.90,-11.90,-11.55,-11.90,-11.49,-11.55,-11.49,-11.41,-11.68,-11.63,-11.68,-11.27,-11.49,-11.76,-11.41,-11.19,-11.49,-11.06,-11.27,-11.06,-11.55,-10.92,-11.27,-11.14,-11.36,-11.19,-11.36,-10.92,-11.49,-11.63,-11.19,-11.76,-11.41,-11.36,-11.76,-11.68,-11.41,-11.63,-11.76,-11.41,-11.49,-11.63,-11.49,-11.19,-11.49,-11.68,-11.27,-11.68,-11.49,-11.55,-11.55,-11.41,-11.63,-11.85,-11.49,-11.63,-11.63,-11.41,-11.68,-11.55,-11.68,-11.76,-11.41,-11.63,-11.63,-11.63,-11.85,-11.85,-11.90,-11.98,-11.90,-11.63,-11.68,-11.63,-11.68,-11.85,-11.90,-11.98,-11.85,-11.76,-11.98,-11.85,-11.49,-11.90,-11.49,-12.20,-12.12,-12.12,-11.36,-11.76,-11.90,-11.90,-11.76,-12.04,-12.26,-11.90,-11.68,-11.85,-11.85,-11.85,-11.85,-11.76,-11.85,-11.68,-12.04,-11.98,-11.90,-11.85,-11.85,-11.76,-12.20,-11.98,-12.26,-11.98,-12.04,-11.90,-11.68,-12.04,-12.26,-12.12,-11.85,-12.20,-12.12,-11.98,-12.20,-12.04,-11.85,-12.20,-12.12,-12.20,-12.12,-11.68,-12.04,-12.20,-12.04,-11.68,-12.04,-12.12,-12.20,-12.12,-12.12,-12.20,-12.26,-12.04,-12.26,-11.98,-12.12,-12.20,-12.04,-12.04,-12.26,-11.98,-11.98,-12.26,-11.90,-12.12,-12.04,-12.26,-12.20,-12.12,-12.26,-11.98,-11.85,-12.39,-12.39,-12.12,-12.20,-12.48,-12.34,-11.90,-11.98,-12.12,-12.04,-11.98,-12.04,-12.20,-11.76,-11.90,-11.85,-11.98,-11.98,-11.85,-11.98,-11.98,-11.85,-11.98,-11.68,-11.63,-11.98,-11.68,-12.04,-11.90,-11.90,-11.90,-12.04,-11.90,-12.12,-12.04,-12.26,-12.12,-11.90,-11.98,-11.98,-11.98,-12.12,-12.34,-12.20,-12.20,-12.20,-12.34,-11.98,-11.76,-11.98,-12.20,-11.98,-12.26,-12.39,-12.20,-12.20,-12.48,-12.26,-12.04,-12.48,-12.12
-12.48,-12.48,-12.39,-12.70,-12.26,-12.34,-12.20,-12.20,-12.20,-12.04,-12.12,-12.39,-12.56,-12.34,-12.34,-12.12,-12.26,-12.26,-12.26,-12.34,-12.04,-11.76,-12.20,-12.12,-12.12,-11.98,-12.04,-12.12,-12.04,-12.04,-11.98,-12.34,-11.90,-11.90,-11.98,-12.04,-12.04,-12.04,-11.90,-11.90,-11.98,-12.12,-11.98,-12.12,-11.85,-11.90,-12.20,-12.12,-11.98,-12.20,-11.98,-12.12,-11.90,-12.12,-11.85,-12.12,-12.04,-11.85,-12.04,-12.34,-12.20,-12.12,-11.90,-11.90,-11.98,-12.04,-11.63,-12.04,-11.76,-11.98,-12.04,-12.04,-12.12,-11.76,-11.98,-12.12,-11.98,-11.98,-11.98,-12.20,-12.12,-12.12,-12.34,-11.85,-12.04,-11.90,-12.12,-12.20,-11.85,-11.98,-12.39,-12.56,-12.34,-12.12,-11.98,-11.98,-11.90,-12.20,-12.20,-12.20,-11.98,-12.20,-11.90,-11.90,-12.04,-12.04,-11.90,-11.85,-12.04,-11.90,-12.04,-11.98,-11.98,-11.76,-12.12,-11.90,-11.98,-12.04,-11.90,-11.90,-11.85,-11.90,-11.90,-12.04,-12.12,-12.20,-11.90,-12.04,-11.98,-12.12,-12.04,-11.98,-12.12,-12.26,-12.26,-11.85,-12.12,-11.85,-12.04,-11.68,-11.68,-11.76,-11.85,-11.68,-12.12,-11.90,-11.76,-11.90,-11.68,-11.55,-11.85,-11.63,-11.85,-11.76,-11.76,-11.63,-12.04,-11.76,-11.90,-11.63,-12.04,-11.90,-11.90,-11.55,-11.55,-11.49,-11.41,-11.68,-11.55,-11.41,-11.27,-11.49,-11.19,-11.41,-11.63,-11.19,-11.55,-11.19,-11.00,-11.00,-11.36,-11.19,-11.41,-11.36,-11.63,-11.27,-11.49,-11.55,-11.41,-11.41,-11.41,-11.49,-11.41,-11.49,-11.41,-11.41,-11.55,-11.27,-11.63,-11.49,-11.14,-11.76,-11.63,-11.55,-11.85,-11.55,-11.27,-11.68,-11.49,-11.41,-11.63,-11.63,-11.49,-11.63,-11.55,-11.63,-11.41,-11.76,-11.55,-11.68,-11.55,-11.63,-11.68,-11.76,-11.55,-11.49,-11.85,-12.04,-11.90,-11.98,-11.76,-11.90,-11.90,-11.90,-11.68,-11.63,-11.76,-11.90,-11.68,-11.98,-12.04,-11.98,-11.68,-11.98,-11.85,-12.12,-11.85,-11.85,-12.04,-11.85,-11.68,-11.85,-11.76,-12.04,-11.55,-12.12,-11.90,-11.98,-11.90,-11.68,-12.04,-11.76,-11.98,-12.04,-11.90,-11.98,-11.90,-11.63,-11.85,-12.04,-11.76,-11.98,-12.20,-12.39,-11.85,-11.98,-12.12,-11.98,-12.34,-12.20,-12.12,-12.20,-12.12,-11.85,-11.63,-11.76,-11.76,-11.98,-12.20,-11.90,-12.20,-12.12,-12.26,-12.12,-12.12,-12.20,-12.12,-12.04,-12.12,-11.98,-11.85,-11.76,-11.98,-12.20,-12.04,-11.90,-11.98,-12.04,-11.98,-11.90,-12.34,-12.26,-12.20,-12.12,-12.34,-11.90,-12.61,-12.20,-11.98,-12.48,-11.90,-12.12,-12.26,-12.12,-12.26,-12.12,-12.04,-12.04,-12.34,-11.68,-12.26,-12.20,-11.98,-11.90,-12.26,-12.12,-11.98,-11.85,-12.04,-11.90,-12.12,-11.90,-11.68,-11.76,-11.76,-12.12,-11.76,-12.12,-12.04,-11.85,-11.90,-11.98,-11.90,-12.04,-12.12,-12.12,-11.98,-11.98,-11.76,-12.12,-12.34,-12.04,-11.85,-12.12,-12.04,-11.85,-11.90,-12.26,-12.26,-12.39,-11.90,-12.34,-12.26,-12.20,-11.98,-12.34,-12.34,-12.26,-12.26,-11.98,-12.39,-12.78
-12.20,-12.34,-12.48,-12.34,-12.48,-12.26,-12.48,-12.48,-12.26,-12.12,-12.20,-12.61,-12.39,-12.12,-12.39,-12.26,-12.12,-12.20,-11.85,-12.04,-12.61,-12.20,-12.48,-11.98,-12.26,-12.34,-12.61,-12.26,-12.39,-11.98,-12.12,-12.20,-12.04,-11.85,-12.20,-11.85,-12.20,-11.55,-12.20,-12.48,-11.98,-12.34,-12.12,-12.26,-11.68,-12.04,-11.90,-11.90,-12.12,-11.63,-12.12,-11.98,-11.90,-12.04,-12.04,-12.12,-12.12,-11.98,-12.34,-11.90,-11.98,-11.90,-12.12,-11.85,-11.68,-12.12,-12.12,-12.12,-12.12,-11.68,-12.04,-12.26,-12.20,-12.20,-12.34,-12.20,-11.90,-12.20,-12.20,-12.20,-12.34,-12.26,-11.90,-11.85,-12.39,-12.39,-12.12,-12.20,-12.04,-11.90,-12.34,-11.90,-12.20,-11.98,-11.90,-11.90,-11.90,-12.34,-11.90,-12.12,-11.90,-12.20,-12.12,-12.12,-11.98,-11.98,-11.98,-12.04,-11.98,-12.12,-11.63,-11.85,-12.04,-11.85,-11.98,-11.90,-11.90,-12.20,-12.20,-11.98,-11.98,-12.20,-12.12,-11.85,-11.98,-12.04,-12.12,-11.90,-11.98,-12.04,-11.85,-12.20,-11.85,-11.98,-11.98,-11.85,-11.90,-11.90,-12.04,-12.12,-11.76,-11.90,-11.90,-12.12,-11.76,-11.98,-11.76,-11.90,-11.76,-11.85,-11.76,-12.34,-11.98,-11.63,-11.98,-11.98,-12.04,-11.85,-11.85,-11.85,-11.85,-11.90,-11.98,-11.85,-11.98,-11.85,-11.98,-11.63,-11.49,-11.41,-11.41,-11.06,-11.14,-11.41,-11.00,-11.36,-11.14,-11.19,-11.00,-11.14,-11.41,-11.00,-11.49,-11.06,-11.55,-11.41,-11.14,-11.49,-11.55,-11.55,-11.36,-11.63,-11.49,-11.55,-11.41,-11.63,-11.76,-11.63,-11.55,-11.41,-11.36,-11.36,-11.41,-11.63,-11.63,-11.19,-11.19,-11.27,-11.63,-11.49,-11.68,-11.49,-11.41,-11.41,-11.76,-11.55,-11.55,-11.55,-11.68,-11.49,-11.55,-11.55,-11.63,-11.63,-11.68,-11.63,-11.68,-11.76,-11.85,-12.04,-11.76,-11.68,-11.90,-11.85,-11.76,-11.76,-11.90,-11.90,-12.04,-11.98,-12.34,-12.04,-12.04,-12.26,-11.85,-11.90,-11.90,-12.04,-12.12,-11.85,-11.90,-11.68,-11.90,-11.90,-11.76,-11.85,-11.98,-11.68,-11.98,-11.90,-11.98,-11.76,-11.85,-12.12,-11.85,-11.85,-11.90,-12.20,-12.04,-11.98,-12.04,-11.76,-11.98,-11.98,-11.98,-11.68,-11.76,-12.12,-11.76,-11.98,-11.76,-12.12,-11.98,-11.98,-12.26,-12.26,-12.04,-11.90,-11.76,-12.04,-12.20,-12.12,-11.85,-11.85,-12.04,-11.68,-11.76,-11.90,-12.04,-11.76,-11.98,-12.26,-11.98,-12.04,-12.20,-12.34,-11.98,-12.12,-11.98,-12.20,-12.04,-12.04,-11.98,-11.90,-12.34,-12.34,-11.98,-12.04,-11.98,-12.34,-11.90,-12.26,-12.39,-12.20,-12.20,-12.20,-12.39,-12.20,-12.34,-12.34,-12.04,-12.20,-12.26,-11.98,-11.85,-12.12,-11.98,-11.85,-11.98,-11.85,-12.04,-11.85,-11.63,-11.98,-11.98,-11.98,-12.04,-12.04,-12.20,-12.12,-12.12,-12.04,-12.04,-11.55,-11.98,-12.04,-12.12,-12.04,-11.90,-12.12,-11.98,-12.12,-12.12,-12.04,-12.20,-12.20,-12.20,-12.20,-11.98,-12.20,-12.26,-12.20,-12.34,-12.20,-12.20,-12.12,-12.12,-12.39,-12.34,-12.20,-12.34,-12.34
-12.48,-12.26,-12.56,-12.34,-12.39,-12.48,-12.48,-12.20,-12.48,-12.34,-12.56,-12.34,-12.12,-12.26,-12.20,-12.20,-12.12,-12.26,-12.20,-12.12,-12.34,-12.12,-12.39,-12.26,-11.76,-11.85,-11.98,-12.20,-11.90,-11.85,-12.34,-12.04,-12.34,-12.34,-12.20,-11.98,-12.12,-12.20,-12.12,-12.12,-12.39,-12.20,-12.34,-12.26,-12.12,-12.26,-12.20,-12.20,-12.12,-11.90,-12.34,-11.76,-12.26,-12.34,-12.20,-12.26,-11.76,-12.04,-12.20,-12.12,-12.26,-12.04,-12.12,-11.90,-12.04,-12.04,-11.85,-12.20,-11.98,-12.12,-11.85,-12.12,-12.20,-12.12,-11.98,-12.12,-12.12,-12.48,-12.12,-12.48,-12.34,-12.04,-12.34,-11.98,-12.12,-12.26,-12.04,-12.39,-11.98,-12.20,-11.85,-11.90,-11.98,-12.26,-11.98,-11.85,-11.98,-11.98,-11.90,-12.12,-11.90,-11.90,-11.85,-12.26,-11.98,-11.98,-11.68,-11.98,-12.12,-11.98,-12.20,-11.76,-12.12,-12.20,-12.12,-12.34,-12.04,-12.04,-11.90,-12.12,-11.90,-11.76,-11.90,-11.98,-12.04,-11.90,-11.90,-11.90,-12.04,-11.98,-11.90,-11.98,-11.68,-12.04,-12.12,-11.98,-12.20,-12.04,-11.85,-12.04,-12.04,-11.98,-11.76,-11.63,-11.76,-11.90,-11.68,-11.55,-11.98,-11.63,-11.41,-11.49,-12.04,-11.68,-12.04,-11.76,-11.85,-11.76,-11.68,-11.85,-11.98,-11.76,-11.98,-11.90,-11.76,-11.76,-11.49,-11.41,-11.36,-11.41,-11.41,-11.41,-11.36,-11.06,-11.06,-11.41,-11.41,-11.00,-11.14,-10.92,-11.36,-11.41,-11.27,-11.27,-11.14,-11.55,-11.19,-11.68,-11.55,-11.27,-11.14,-11.63,-11.41,-11.68,-11.49,-11.36,-11.68,-11.63,-11.19,-11.55,-11.27,-11.63,-11.55,-11.41,-11.55,-11.49,-11.41,-11.55,-11.19,-11.55,-11.19,-11.76,-11.55,-11.63,-11.49,-11.76,-11.85,-11.90,-11.68,-11.63,-11.49,-11.76,-11.55,-11.63,-11.55,-11.55,-11.90,-11.76,-11.68,-12.12,-11.98,-12.04,-11.76,-12.04,-12.12,-11.85,-11.90,-11.76,-11.85,-11.85,-11.76,-12.20,-11.85,-11.90,-11.90,-11.63,-11.85,-11.85,-12.26,-11.98,-11.68,-11.63,-11.68,-12.20,-11.90,-11.63,-11.90,-12.04,-12.04,-11.98,-11.85,-11.68,-11.98,-11.90,-12.20,-11.85,-11.85,-11.76,-12.04,-11.55,-11.90,-12.34,-12.26,-11.90,-11.85,-11.98,-12.20,-12.12,-11.68,-11.85,-11.85,-12.12,-11.98,-12.04,-12.12,-11.76,-12.12,-11.98,-11.85,-12.20,-12.20,-11.85,-12.12,-11.85,-11.98,-12.12,-11.76,-12.20,-12.26,-12.04,-11.85,-12.12,-11.98,-12.04,-11.68,-11.90,-11.98,-12.20,-11.98,-12.20,-11.98,-12.04,-12.04,-12.20,-12.04,-12.20,-11.85,-11.90,-12.48,-12.34,-12.26,-12.20,-12.04,-12.26,-11.98,-11.90,-12.39,-12.34,-12.26,-12.12,-12.04,-11.98,-12.12,-11.98,-12.04,-11.85,-12.04,-11.90,-12.04,-11.90,-12.34,-11.98,-11.90,-11.63,-11.98,-11.98,-12.12,-12.34,-12.12,-11.98,-12.20,-12.26,-11.90,-12.20,-11.90,-12.26,-12.48,-11.90,-12.20,-12.39,-12.04,-12.26,-12.26,-11.98,-12.26,-12.26,-12.34,-12.26,-12.12,-12.34,-12.20,-12.26,-12.34,-12.04,-12.39,-12.34,-12.39,-12.48,-12.39,-12.26,-12.48,-12.34
-12.92,-12.48,-12.61,-12.20,-12.48,-12.39,-12.20,-12.20,-12.56,-12.20,-12.34,-12.78,-12.12,-12.12,-12.39,-12.20,-12.20,-12.12,-12.34,-12.12,-11.98,-12.34,-11.85,-12.34,-12.26,-11.98,-11.76,-12.04,-12.20,-11.90,-12.04,-11.90,-11.98,-12.26,-11.90,-12.04,-12.12,-12.26,-12.39,-12.04,-11.98,-12.20,-11.98,-12.26,-12.26,-12.26,-11.76,-11.63,-11.68,-11.68,-11.68,-11.76,-11.90,-12.04,-12.26,-12.12,-11.90,-11.90,-12.26,-12.12,-11.85,-12.20,-11.90,-12.26,-11.98,-11.68,-12.48,-12.12,-12.04,-12.12,-12.04,-12.04,-11.63,-12.04,-11.68,-11.90,-11.98,-12.12,-12.12,-11.90,-11.98,-12.34,-11.98,-12.04,-12.20,-12.26,-12.34,-12.20,-12.12,-12.26,-12.20,-12.48,-11.90,-12.20,-11.90,-12.39,-11.76,-11.85,-12.04,-12.39,-12.04,-12.34,-12.20,-12.26,-11.90,-11.90,-11.98,-11.90,-11.90,-12.12,-11.76,-12.39,-12.12,-11.76,-11.98,-11.98,-12.20,-11.85,-12.20,-12.12,-11.98,-12.26,-11.90,-11.98,-12.12,-12.12,-11.85,-12.12,-12.12,-11.98,-11.98,-11.85,-12.26,-11.68,-11.85,-11.98,-11.98,-12.04,-11.98,-11.90,-11.90,-12.04,-11.63,-11.55,-11.90,-11.55,-11.76,-11.68,-11.98,-11.98,-12.12,-11.85,-11.76,-11.68,-11.76,-11.85,-11.90,-11.85,-11.85,-12.04,-12.04,-11.76,-12.12,-11.98,-11.55,-11.68,-11.63,-11.68,-11.55,-11.55,-11.55,-11.68,-11.63,-11.06,-11.14,-11.14,-11.19,-11.00,-11.36,-11.06,-11.55,-11.49,-11.49,-11.55,-11.41,-11.49,-11.41,-11.68,-11.27,-11.27,-11.49,-11.19,-11.49,-11.55,-11.55,-11.55,-11.68,-11.55,-11.76,-11.27,-11.14,-11.63,-11.36,-11.55,-11.36,-11.63,-11.68,-11.41,-11.41,-11.68,-11.68,-11.63,-11.85,-11.63,-11.55,-11.63,-11.63,-11.68,-11.85,-11.55,-11.68,-11.55,-11.55,-11.63,-11.63,-11.68,-12.12,-11.98,-11.90,-11.63,-11.55,-11.85,-11.55,-11.85,-11.85,-11.98,-11.76,-11.85,-11.98,-11.68,-11.85,-11.90,-11.49,-11.85,-12.04,-12.12,-11.76,-12.04,-12.04,-11.90,-11.85,-11.90,-12.20,-11.90,-11.63,-11.90,-11.76,-11.76,-12.12,-11.85,-11.98,-11.98,-11.85,-11.98,-11.98,-11.76,-11.90,-11.68,-12.26,-11.85,-11.76,-11.90,-12.12,-11.85,-12.20,-12.12,-12.26,-12.12,-12.12,-11.76,-11.76,-12.04,-12.20,-11.68,-12.20,-12.04,-12.26,-11.90,-11.85,-11.85,-12.20,-11.90,-12.20,-12.04,-11.68,-12.34,-12.12,-12.34,-12.20,-12.12,-12.12,-12.12,-12.20,-12.20,-12.12,-11.98,-12.04,-12.34,-12.12,-12.26,-11.98,-12.20,-12.04,-12.12,-12.20,-12.34,-12.20,-12.26,-12.34,-12.12,-12.04,-12.20,-12.48,-12.26,-12.04,-12.12,-12.48,-12.39,-11.90,-12.20,-11.98,-12.20,-11.76,-12.04,-11.90,-12.12,-12.12,-11.76,-11.76,-11.98,-12.04,-11.90,-11.90,-11.68,-11.85,-11.98,-12.20,-11.90,-11.98,-12.34,-12.04,-12.04,-11.85,-12.26,-11.98,-12.12,-12.12,-12.04,-11.98,-12.20,-12.20,-11.98,-12.04,-12.12,-12.39,-12.39,-12.56,-12.26,-12.34,-12.48,-12.04,-11.90,-12.12,-12.12,-12.34,-12.12,-12.34,-12.39,-12.26,-12.48,-12.34,-12.26
-12.39,-12.39,-12.48,-12.26,-12.34,-12.34,-12.61,-12.26,-12.12,-12.20,-12.12,-12.26,-12.34,-12.26,-12.12,-11.85,-12.56,-11.85,-12.20,-12.34,-12.26,-12.39,-12.34,-12.48,-12.12,-11.90,-12.04,-12.12,-12.34,-12.12,-12.04,-12.12,-12.48,-12.26,-11.90,-12.34,-12.12,-12.04,-12.39,-11.76,-12.12,-11.98,-12.12,-12.34,-11.68,-12.20,-11.85,-11.98,-12.20,-12.04,-12.20,-12.20,-12.20,-12.34,-12.12,-12.12,-12.20,-12.12,-12.04,-11.98,-12.12,-11.76,-11.90,-12.12,-11.98,-11.98,-12.26,-11.76,-11.63,-12.04,-11.98,-12.04,-11.63,-12.26,-12.12,-11.90,-12.12,-12.61,-12.12,-12.26,-12.26,-12.20,-11.98,-12.39,-12.34,-12.12,-12.26,-11.85,-12.26,-12.04,-12.20,-12.39,-12.61,-11.90,-11.98,-11.85,-11.76,-11.85,-12.12,-12.34,-12.20,-12.20,-11.90,-11.68,-12.12,-12.04,-12.04,-12.39,-12.34,-12.12,-12.12,-12.04,-12.26,-11.98,-11.98,-12.12,-11.90,-12.20,-11.90,-12.12,-11.90,-12.04,-12.20,-11.76,-12.04,-11.85,-12.12,-12.04,-11.76,-12.20,-11.90,-12.04,-11.85,-11.49,-12.04,-11.98,-11.85,-11.68,-11.76,-12.04,-11.90,-11.90,-11.98,-11.98,-12.04,-12.12,-11.63,-11.90,-11.90,-12.12,-11.98,-11.76,-11.76,-12.20,-11.76,-11.85,-12.04,-11.85,-11.90,-11.76,-11.98,-11.90,-11.98,-11.85,-11.76,-11.63,-11.63,-11.49,-11.85,-11.63,-11.68,-11.49,-11.14,-11.06,-11.27,-11.41,-11.14,-11.00,-11.41,-11.36,-11.00,-11.36,-11.41,-11.49,-11.68,-11.19,-11.63,-11.36,-11.68,-11.76,-11.49,-11.55,-11.41,-11.85,-11.49,-11.41,-11.49,-11.19,-11.76,-11.63,-11.68,-11.63,-11.55,-11.68,-11.41,-11.49,-11.63,-11.68,-11.76,-11.49,-11.85,-11.63,-11.85,-11.76,-11.85,-11.63,-11.98,-11.85,-11.49,-11.68,-11.41,-11.41,-11.98,-11.55,-11.76,-11.76,-11.98,-11.90,-11.90,-12.12,-12.20,-11.76,-12.26,-11.98,-11.76,-11.68,-12.04,-12.12,-11.68,-11.98,-11.85,-11.85,-11.98,-11.85,-11.85,-12.12,-11.76,-12.39,-11.90,-11.98,-11.98,-11.68,-11.98,-11.90,-11.90,-12.26,-11.90,-12.12,-11.90,-12.20,-12.04,-11.90,-11.85,-11.98,-12.04,-11.85,-11.76,-12.04,-12.04,-11.85,-11.90,-11.85,-12.12,-11.90,-12.20,-12.20,-12.04,-11.68,-12.20,-12.04,-12.04,-11.98,-12.26,-12.04,-12.04,-12.20,-12.20,-12.04,-12.26,-11.90,-12.39,-12.26,-11.90,-11.98,-11.98,-12.26,-12.48,-12.12,-12.20,-12.04,-12.12,-11.85,-11.98,-11.98,-12.48,-12.56,-12.12,-12.20,-11.98,-11.85,-11.90,-12.26,-12.04,-11.98,-12.61,-12.39,-12.34,-12.12,-12.04,-12.20,-12.48,-12.20,-11.98,-12.12,-12.39,-12.20,-12.26,-12.12,-12.12,-12.04,-12.20,-12.34,-12.12,-11.90,-12.04,-11.76,-11.55,-11.85,-11.98,-11.98,-11.98,-12.04,-11.85,-11.76,-11.76,-11.90,-12.04,-11.98,-11.90,-11.98,-11.85,-11.90,-12.20,-11.98,-11.98,-12.26,-12.20,-11.90,-11.76,-12.26,-12.20,-12.12,-12.12,-12.20,-12.34,-12.26,-11.85,-12.26,-11.98,-12.39,-12.20,-12.34,-12.20,-12.34,-12.20,-11.98,-11.98,-12.12,-12.26,-12.56,-12.61,-12.34
-12.70,-12.20,-12.56,-12.48,-12.20,-12.56,-12.39,-12.39,-12.34,-12.12,-12.39,-12.56,-12.26,-12.39,-12.39,-12.39,-12.26,-12.34,-12.26,-12.12,-11.98,-12.20,-12.12,-11.85,-12.39,-11.85,-11.98,-12.39,-12.20,-12.12,-12.34,-12.04,-12.48,-12.34,-12.34,-12.04,-11.90,-12.34,-12.20,-12.04,-12.26,-12.20,-12.20,-11.85,-11.98,-12.34,-11.98,-12.20,-11.63,-12.12,-12.34,-12.12,-11.90,-11.98,-12.26,-12.04,-12.20,-12.20,-12.12,-12.26,-12.34,-11.90,-11.90,-11.85,-11.85,-12.34,-12.20,-11.98,-11.85,-11.85,-11.76,-12.12,-11.98,-11.76,-12.26,-12.26,-12.12,-12.04,-12.34,-12.04,-12.26,-12.12,-12.12,-12.34,-12.12,-12.34,-12.34,-12.26,-12.12,-12.34,-12.12,-12.12,-12.34,-12.26,-12.04,-12.20,-12.26,-12.34,-12.61,-12.20,-11.98,-11.90,-12.20,-12.04,-12.20,-12.26,-11.85,-12.12,-11.98,-12.04,-11.76,-11.90,-12.04,-12.26,-11.90,-11.98,-11.98,-11.90,-11.98,-12.20,-11.98,-12.26,-11.98,-12.04,-12.34,-11.98,-12.04,-12.04,-11.90,-11.98,-11.90,-12.04,-12.20,-11.90,-12.20,-11.68,-11.98,-11.90,-12.04,-11.98,-12.26,-11.98,-11.90,-11.90,-12.12,-11.98,-11.90,-11.85,-11.98,-12.12,-11.85,-11.90,-12.20,-11.98,-12.20,-11.90,-11.63,-11.85,-12.04,-11.98,-11.85,-11.98,-11.98,-11.98,-11.90,-11.55,-11.63,-11.85,-11.55,-11.85,-11.41,-11.27,-11.41,-11.41,-11.27,-11.14,-11.55,-11.41,-11.00,-11.49,-11.68,-11.27,-11.19,-11.27,-11.36,-11.27,-11.19,-11.68,-11.41,-11.27,-11.49,-11.49,-11.49,-11.63,-11.68,-11.49,-11.27,-11.41,-11.55,-11.49,-11.49,-11.36,-11.49,-11.85,-11.41,-11.68,-11.68,-11.55,-11.49,-11.98,-11.63,-11.55,-11.41,-11.68,-11.85,-11.85,-11.76,-11.68,-11.55,-11.49,-11.63,-11.90,-11.85,-11.76,-11.85,-11.76,-11.68,-12.12,-11.76,-11.85,-11.76,-12.12,-11.98,-12.12,-11.98,-12.04,-12.12,-11.98,-11.85,-11.85,-11.98,-12.20,-11.55,-11.90,-12.04,-11.76,-12.12,-12.12,-11.76,-11.98,-12.04,-11.76,-11.98,-11.85,-11.98,-12.04,-11.98,-12.04,-11.98,-12.12,-11.85,-11.90,-12.04,-11.76,-11.90,-12.04,-12.20,-12.12,-11.63,-11.63,-11.85,-11.68,-11.90,-11.90,-12.04,-12.56,-11.90,-11.98,-12.04,-12.12,-12.12,-11.85,-12.04,-12.04,-12.04,-12.04,-11.98,-12.04,-12.04,-12.34,-12.12,-12.04,-12.20,-11.90,-12.12,-12.04,-12.20,-12.20,-12.04,-12.04,-12.61,-11.98,-12.26,-11.98,-11.98,-12.04,-12.12,-12.34,-12.39,-12.04,-12.20,-12.39,-11.98,-11.90,-12.26,-12.04,-12.26,-12.26,-12.12,-12.39,-12.12,-11.90,-12.20,-12.20,-11.98,-12.26,-12.26,-12.12,-12.20,-12.12,-12.04,-11.85,-12.20,-12.34,-12.04,-12.39,-12.12,-11.85,-11.90,-12.04,-11.85,-11.98,-11.98,-12.20,-12.39,-12.04,-11.85,-11.63,-11.68,-12.04,-11.85,-12.39,-11.85,-12.20,-11.90,-11.98,-11.98,-12.12,-12.34,-11.98,-12.12,-11.98,-12.48,-12.39,-11.98,-12.20,-12.12,-12.39,-12.26,-12.20,-12.04,-12.20,-12.26,-12.04,-12.48,-12.48,-12.34,-12.39,-12.34,-12.04,-12.34,-12.78
-12.26,-12.39,-12.70,-12.20,-12.39,-12.56,-12.12,-12.39,-12.56,-12.48,-12.39,-12.39,-12.20,-12.39,-12.20,-12.39,-12.20,-12.56,-12.20,-12.04,-12.56,-12.20,-11.76,-12.04,-11.98,-12.26,-11.98,-12.26,-12.34,-12.04,-11.98,-11.76,-12.26,-12.26,-12.56,-11.98,-11.98,-11.76,-12.04,-12.34,-11.90,-12.20,-12.04,-12.12,-12.26,-11.90,-12.12,-11.68,-12.20,-12.04,-11.98,-12.04,-11.85,-11.98,-12.04,-12.04,-12.20,-11.90,-12.20,-11.76,-12.04,-12.04,-12.20,-12.12,-11.90,-11.55,-12.04,-11.85,-11.90,-12.12,-11.98,-12.04,-11.98,-12.26,-12.12,-11.98,-11.85,-12.04,-12.04,-12.20,-12.04,-12.26,-11.98,-11.98,-12.20,-12.04,-12.39,-12.04,-12.12,-12.04,-12.56,-12.12,-12.34,-12.26,-12.04,-12.26,-11.98,-12.04,-11.90,-12.12,-11.90,-11.90,-11.98,-12.26,-11.90,-12.12,-12.04,-12.34,-11.98,-11.98,-12.12,-11.98,-12.20,-12.12,-12.20,-12.34,-12.20,-11.76,-12.26,-12.20,-12.20,-12.26,-11.90,-11.76,-12.04,-12.04,-12.04,-11.90,-11.68,-12.12,-11.90,-12.04,-12.20,-12.12,-12.20,-11.98,-12.12,-11.85,-11.90,-12.04,-11.98,-12.04,-12.12,-12.20,-12.12,-11.85,-12.04,-11.90,-11.85,-11.90,-12.12,-11.68,-11.90,-12.04,-11.85,-12.12,-12.04,-11.90,-11.90,-12.12,-11.90,-11.85,-11.55,-12.12,-11.76,-11.90,-11.55,-11.98,-11.63,-11.36,-11.76,-11.27,-11.27,-11.49,-11.00,-11.19,-11.14,-11.36,-11.36,-11.27,-11.14,-11.36,-11.55,-11.63,-11.55,-11.19,-11.06,-11.14,-11.55,-11.49,-11.85,-11.49,-11.41,-11.63,-11.85,-11.36,-11.41,-11.41,-11.41,-11.76,-11.36,-11.55,-11.68,-11.76,-11.90,-11.76,-11.63,-11.55,-11.36,-11.55,-11.68,-11.49,-11.41,-11.63,-11.55,-11.63,-12.20,-11.90,-11.98,-11.49,-11.85,-11.55,-11.76,-11.63,-11.85,-11.85,-12.26,-12.12,-11.98,-11.68,-11.68,-11.76,-12.12,-11.76,-11.68,-11.85,-11.76,-11.98,-11.76,-11.68,-12.20,-12.12,-11.85,-11.85,-12.12,-12.04,-11.76,-11.98,-11.63,-12.20,-11.76,-11.85,-11.90,-11.68,-12.20,-11.98,-11.98,-11.98,-12.04,-11.98,-12.04,-11.90,-12.04,-12.12,-11.98,-12.04,-12.26,-12.12,-11.76,-12.12,-11.85,-12.12,-12.39,-11.90,-12.26,-12.12,-12.20,-11.85,-11.98,-12.34,-12.34,-11.76,-12.20,-12.04,-12.04,-12.26,-11.76,-12.12,-12.12,-12.20,-12.26,-11.85,-12.20,-12.20,-12.39,-12.12,-12.39,-11.98,-12.12,-11.76,-12.20,-12.20,-12.26,-12.34,-12.48,-12.20,-12.04,-12.20,-12.12,-12.12,-11.98,-12.04,-12.26,-12.26,-12.34,-12.34,-12.20,-12.20,-12.04,-12.04,-11.98,-12.26,-12.34,-12.20,-12.61,-12.12,-12.12,-12.12,-11.90,-12.70,-11.90,-11.85,-12.20,-12.20,-11.90,-12.04,-12.20,-11.98,-12.12,-11.90,-11.98,-11.85,-11.68,-11.90,-12.04,-11.98,-11.55,-12.04,-11.98,-11.90,-11.90,-12.04,-11.98,-12.04,-12.12,-12.04,-11.85,-12.04,-12.12,-11.85,-12.12,-12.26,-12.12,-11.90,-12.12,-12.20,-12.04,-11.90,-12.34,-12.20,-12.26,-12.26,-12.20,-12.48,-12.34,-12.39,-12.34,-11.90,-12.12,-12.70,-12.56,-12.26
-12.70,-12.48,-12.39,-12.20,-12.12,-12.39,-12.39,-12.26,-12.70,-11.90,-12.39,-12.34,-12.34,-12.20,-12.34,-12.12,-11.85,-12.20,-11.85,-12.20,-12.20,-12.26,-12.26,-12.12,-11.85,-12.26,-12.26,-12.26,-12.12,-12.48,-12.39,-12.48,-11.90,-12.26,-12.20,-12.04,-12.12,-11.85,-12.20,-11.98,-12.26,-12.39,-11.68,-12.12,-12.26,-12.12,-12.04,-12.20,-12.04,-11.85,-12.04,-12.12,-12.26,-11.90,-11.90,-12.34,-12.20,-11.85,-12.34,-12.04,-12.04,-12.04,-12.12,-12.20,-11.85,-11.76,-12.04,-11.90,-11.63,-11.98,-11.98,-12.04,-12.12,-11.98,-12.12,-12.04,-11.85,-11.98,-11.98,-11.98,-12.26,-12.12,-12.34,-12.12,-11.68,-12.20,-12.12,-11.98,-12.12,-12.26,-12.39,-12.34,-12.12,-12.26,-12.56,-12.12,-12.04,-12.04,-11.90,-12.39,-12.39,-12.39,-12.34,-12.12,-11.98,-12.04,-11.90,-12.20,-11.98,-12.20,-11.90,-12.12,-12.26,-12.12,-11.98,-12.12,-11.98,-12.26,-12.04,-12.04,-12.26,-11.98,-12.26,-11.76,-12.04,-12.34,-12.12,-11.85,-11.98,-11.63,-12.04,-11.98,-11.90,-11.98,-12.04,-11.98,-12.12,-11.76,-11.98,-11.55,-12.12,-11.90,-12.12,-11.76,-11.98,-11.85,-11.98,-11.98,-12.12,-11.98,-11.98,-11.55,-12.12,-11.90,-11.76,-11.68,-11.55,-11.90,-12.04,-11.98,-12.20,-11.85,-12.04,-11.90,-11.90,-11.41,-12.04,-11.76,-11.55,-11.68,-11.36,-11.49,-11.27,-11.06,-11.63,-11.41,-11.06,-11.14,-11.41,-11.36,-11.41,-11.19,-11.41,-11.06,-11.41,-11.49,-11.41,-11.27,-11.36,-11.63,-11.55,-11.49,-11.36,-11.63,-11.63,-11.63,-11.98,-11.76,-11.76,-11.68,-11.27,-11.41,-11.63,-11.63,-11.41,-11.55,-11.63,-11.68,-11.55,-11.90,-11.68,-11.63,-11.63,-11.68,-11.36,-11.90,-11.90,-11.85,-12.12,-11.90,-11.85,-11.68,-11.68,-11.85,-11.98,-11.49,-11.90,-11.90,-11.76,-11.68,-11.90,-11.68,-12.34,-12.04,-11.98,-11.76,-11.90,-11.98,-12.04,-11.90,-11.98,-11.85,-12.26,-11.76,-11.85,-11.90,-12.04,-11.98,-12.04,-11.85,-11.68,-11.98,-12.04,-12.12,-11.98,-11.85,-11.90,-12.12,-12.26,-11.98,-12.04,-12.26,-11.90,-12.04,-12.04,-11.76,-11.76,-11.98,-11.98,-12.34,-12.04,-11.85,-11.98,-12.26,-11.98,-12.12,-12.12,-12.04,-12.34,-11.90,-11.85,-11.98,-11.90,-11.90,-12.26,-11.85,-11.90,-11.98,-12.04,-12.20,-12.12,-12.04,-11.85,-12.39,-12.34,-12.20,-12.39,-12.12,-12.12,-12.20,-11.98,-11.98,-12.04,-12.34,-12.26,-12.26,-12.26,-11.98,-12.12,-12.12,-12.12,-12.12,-12.48,-12.12,-11.90,-12.20,-12.20,-12.04,-12.12,-12.56,-11.98,-12.12,-12.39,-12.48,-12.26,-12.20,-12.56,-12.12,-12.20,-12.04,-11.90,-12.34,-12.34,-12.20,-11.98,-12.12,-12.04,-12.34,-11.85,-12.12,-11.90,-11.85,-11.85,-11.63,-11.90,-12.20,-12.04,-11.98,-12.12,-11.85,-12.26,-12.04,-11.76,-12.34,-12.12,-12.04,-12.04,-11.90,-11.98,-12.34,-12.20,-12.39,-11.98,-11.90,-11.85,-12.34,-12.20,-12.34,-12.26,-12.48,-12.12,-12.04,-12.26,-12.26,-12.12,-12.34,-12.56,-12.39,-12.39,-12.20,-12.56,-12.20
-12.61,-12.61,-12.61,-12.97,-12.78,-12.56,-12.04,-12.70,-12.56,-12.39,-12.39,-12.12,-12.34,-12.56,-12.48,-12.26,-12.26,-12.20,-12.26,-12.34,-12.20,-12.12,-12.20,-11.98,-12.04,-11.98,-12.20,-12.20,-11.98,-12.26,-12.04,-12.26,-12.04,-12.20,-12.12,-12.20,-11.98,-12.04,-12.26,-12.20,-11.85,-12.04,-12.26,-11.90,-11.98,-12.34,-12.12,-12.34,-11.90,-11.90,-12.34,-11.85,-12.12,-12.04,-11.90,-12.20,-11.98,-12.34,-11.98,-11.98,-12.04,-12.26,-12.04,-12.20,-11.90,-12.12,-11.98,-12.04,-12.04,-12.04,-12.20,-11.98,-12.20,-12.20,-11.90,-12.26,-12.26,-11.76,-12.48,-12.26,-12.56,-12.20,-12.20,-12.39,-12.04,-12.48,-12.12,-12.34,-12.04,-12.04,-12.04,-12.48,-12.12,-11.98,-12.26,-12.26,-11.90,-11.98,-12.12,-12.20,-12.04,-12.48,-12.20,-12.61,-12.04,-11.90,-12.12,-12.12,-12.20,-11.90,-12.39,-11.98,-12.04,-11.98,-11.90,-12.12,-12.04,-12.20,-12.20,-11.90,-11.98,-11.98,-12.26,-12.26,-12.12,-11.90,-11.90,-11.85,-11.90,-11.98,-12.26,-12.04,-11.90,-11.90,-12.20,-11.98,-12.04,-11.90,-12.04,-12.12,-11.85,-11.98,-12.12,-11.76,-11.90,-12.04,-11.98,-12.20,-11.85,-11.85,-11.85,-11.90,-12.12,-12.20,-11.85,-12.04,-11.68,-12.12,-11.85,-11.85,-11.63,-11.98,-12.04,-12.04,-11.98,-11.68,-11.63,-11.85,-11.63,-11.41,-11.55,-11.41,-11.27,-11.55,-11.55,-11.27,-11.19,-11.41,-11.27,-11.36,-11.49,-11.55,-11.14,-11.55,-11.36,-11.19,-11.36,-11.19,-11.27,-11.55,-11.49,-11.68,-11.41,-11.55,-11.49,-11.41,-11.76,-11.27,-11.49,-11.63,-11.19,-11.41,-11.63,-11.36,-11.36,-11.55,-11.63,-11.41,-11.76,-11.49,-11.76,-11.68,-11.68,-11.41,-11.63,-11.76,-11.90,-11.76,-11.85,-11.90,-11.76,-11.68,-11.90,-11.85,-11.76,-12.04,-11.90,-11.85,-11.68,-11.55,-11.90,-11.90,-11.90,-12.04,-11.68,-12.04,-11.85,-12.20,-12.04,-12.12,-11.76,-11.85,-12.20,-12.20,-12.20,-12.20,-12.04,-11.85,-12.20,-11.68,-11.98,-12.48,-12.26,-11.85,-11.98,-12.20,-11.98,-11.90,-12.04,-12.04,-11.90,-11.85,-11.85,-11.90,-12.12,-11.98,-11.90,-12.26,-12.34,-11.98,-12.12,-12.39,-12.34,-12.12,-11.98,-11.90,-11.90,-12.26,-11.85,-12.34,-12.20,-11.85,-11.76,-12.39,-11.63,-12.12,-12.20,-12.20,-12.04,-12.12,-12.12,-11.90,-12.26,-12.04,-12.20,-12.20,-11.98,-12.04,-12.34,-12.26,-12.04,-12.39,-12.12,-12.34,-12.04,-12.26,-12.34,-12.48,-12.12,-12.39,-12.20,-12.20,-12.48,-12.12,-12.26,-12.26,-12.12,-12.34,-12.20,-12.39,-12.20,-12.26,-12.12,-12.56,-12.34,-12.34,-12.26,-12.39,-12.34,-12.20,-12.26,-11.76,-12.34,-11.98,-11.98,-12.04,-12.20,-12.04,-12.12,-12.20,-11.85,-11.90,-12.04,-11.85,-12.39,-12.04,-11.98,-11.98,-12.12,-11.98,-12.26,-11.98,-11.90,-12.20,-11.98,-12.04,-11.98,-12.26,-12.48,-12.04,-12.48,-12.12,-12.04,-12.26,-12.20,-12.12,-12.04,-12.39,-12.12,-12.34,-12.39,-12.48,-12.34,-12.34,-12.70,-12.26,-12.39,-12.34,-12.20,-12.26,-12.61,-12.56
-12.78,-12.26,-12.48,-12.39,-12.61,-12.48,-12.48,-12.48,-12.56,-12.56,-12.26,-12.34,-12.34,-12.83,-12.39,-12.48,-12.34,-12.26,-12.12,-12.12,-11.90,-11.85,-12.26,-12.39,-12.48,-12.39,-12.04,-12.04,-11.98,-12.12,-11.98,-11.90,-12.20,-12.34,-11.98,-12.04,-12.20,-11.98,-12.12,-12.04,-12.26,-11.98,-12.26,-12.20,-12.04,-11.98,-12.26,-12.04,-12.26,-11.90,-12.20,-11.85,-11.98,-11.90,-12.20,-11.85,-12.39,-11.98,-12.20,-12.12,-11.98,-11.98,-12.04,-12.12,-11.98,-11.90,-11.98,-12.04,-11.98,-11.76,-11.76,-12.04,-12.04,-11.85,-12.34,-12.20,-12.12,-11.90,-12.12,-12.04,-12.26,-12.39,-12.56,-12.34,-12.12,-11.98,-12.48,-12.12,-11.98,-12.20,-12.34,-12.12,-12.34,-11.68,-11.98,-12.12,-12.04,-12.20,-11.90,-11.90,-12.34,-12.12,-11.90,-12.04,-11.90,-11.98,-12.12,-12.26,-11.98,-12.04,-12.34,-12.12,-12.26,-12.04,-12.26,-11.90,-12.12,-12.20,-12.26,-11.98,-12.04,-12.20,-12.20,-11.90,-12.04,-12.12,-11.98,-11.85,-12.12,-12.12,-12.20,-11.98,-12.04,-12.26,-11.98,-12.04,-12.26,-12.04,-11.98,-12.20,-11.98,-11.90,-11.90,-11.98,-12.04,-11.98,-11.98,-11.85,-11.98,-11.98,-12.04,-12.12,-11.98,-11.90,-12.04,-12.20,-12.34,-11.98,-12.04,-11.76,-11.90,-12.12,-12.04,-12.04,-11.98,-11.85,-11.63,-11.68,-11.68,-11.90,-11.36,-11.76,-11.76,-11.55,-11.41,-11.19,-11.19,-11.55,-11.49,-11.14,-11.36,-11.27,-11.63,-11.76,-11.19,-11.41,-11.63,-11.55,-11.49,-11.36,-11.63,-11.41,-11.49,-11.27,-11.76,-11.63,-11.55,-11.27,-12.04,-11.90,-11.49,-11.55,-11.63,-11.68,-11.68,-11.55,-11.68,-11.63,-11.68,-11.55,-11.63,-11.63,-11.55,-11.68,-11.63,-11.98,-11.55,-11.98,-11.63,-11.98,-11.76,-11.98,-12.12,-11.98,-11.90,-11.76,-11.90,-11.85,-11.76,-11.85,-12.04,-11.98,-11.98,-12.04,-11.98,-11.90,-12.26,-12.20,-12.26,-12.04,-11.90,-11.98,-11.90,-11.90,-12.04,-12.04,-11.90,-12.12,-12.20,-11.68,-12.20,-11.98,-12.12,-12.04,-12.26,-12.20,-12.04,-11.98,-11.85,-12.20,-11.90,-12.12,-11.63,-11.98,-12.20,-11.90,-12.26,-12.12,-11.85,-12.34,-11.90,-12.04,-12.34,-11.98,-12.12,-11.85,-12.04,-12.20,-12.12,-11.90,-12.04,-11.98,-12.20,-12.04,-11.90,-12.20,-12.12,-12.34,-12.39,-11.98,-11.98,-12.26,-12.26,-11.98,-12.26,-11.98,-12.20,-12.34,-12.20,-12.61,-12.34,-12.34,-12.26,-12.26,-12.12,-12.34,-11.76,-11.98,-11.90,-12.39,-12.39,-12.34,-12.34,-12.39,-12.04,-12.04,-12.39,-12.04,-11.98,-12.20,-12.48,-12.34,-12.12,-12.20,-12.26,-12.48,-12.34,-12.34,-12.12,-12.48,-12.12,-12.12,-12.34,-11.98,-12.04,-11.90,-12.20,-11.68,-12.12,-11.85,-11.90,-12.26,-11.90,-11.90,-11.85,-11.98,-11.85,-12.12,-12.20,-12.34,-12.04,-12.04,-11.98,-12.12,-12.26,-11.98,-12.04,-12.26,-12.34,-12.20,-11.98,-12.26,-11.98,-12.39,-11.63,-12.20,-12.20,-12.04,-12.39,-12.04,-12.12,-12.04,-12.20,-12.04,-12.04,-11.98,-12.83,-12.26,-12.34,-12.56,-12.12,-12.26
-12.83,-12.39,-12.56,-12.56,-12.56,-12.39,-12.12,-12.34,-12.56,-12.56,-12.26,-12.26,-12.12,-12.83,-12.39,-12.48,-12.48,-12.12,-12.48,-12.34,-12.26,-12.26,-12.20,-12.26,-12.20,-12.39,-12.26,-12.04,-12.34,-12.04,-12.12,-12.39,-12.04,-12.34,-12.04,-12.20,-12.26,-12.20,-12.26,-11.76,-12.04,-12.20,-12.26,-12.20,-11.85,-12.04,-12.12,-12.04,-12.26,-11.85,-11.98,-12.39,-12.04,-11.98,-11.85,-11.85,-11.98,-12.12,-11.85,-12.20,-11.68,-11.98,-12.04,-12.12,-12.26,-11.98,-12.34,-11.68,-11.63,-11.98,-12.04,-12.04,-12.04,-12.12,-12.26,-11.90,-11.76,-12.26,-12.20,-12.12,-11.90,-12.12,-12.20,-12.39,-12.34,-12.26,-12.20,-11.90,-12.39,-12.12,-12.34,-12.12,-11.90,-11.85,-12.26,-12.26,-11.98,-11.98,-12.04,-11.85,-12.20,-12.48,-12.20,-12.26,-12.26,-11.98,-11.98,-12.12,-11.90,-12.12,-12.26,-11.98,-12.20,-12.20,-12.04,-11.76,-11.76,-11.98,-11.98,-12.04,-11.98,-12.34,-12.12,-12.48,-12.04,-12.20,-12.12,-11.98,-12.04,-12.12,-12.20,-11.98,-12.12,-12.12,-11.90,-12.39,-12.04,-11.90,-11.98,-12.04,-11.85,-11.98,-12.04,-11.85,-11.90,-12.04,-12.20,-12.04,-12.34,-11.68,-11.98,-11.98,-11.90,-11.98,-11.85,-11.98,-12.26,-11.85,-11.90,-11.76,-11.85,-11.90,-11.98,-11.90,-12.04,-11.90,-11.49,-11.90,-11.85,-11.55,-11.68,-11.68,-11.19,-11.41,-11.27,-11.36,-11.19,-11.63,-11.14,-11.36,-11.49,-11.19,-11.27,-11.49,-11.14,-11.55,-11.41,-11.49,-11.76,-11.36,-11.68,-11.36,-11.63,-11.19,-11.27,-11.41,-11.98,-11.68,-11.55,-11.68,-11.55,-11.63,-11.63,-11.85,-11.49,-11.85,-11.63,-11.55,-11.63,-11.49,-11.63,-11.63,-11.36,-11.90,-11.55,-11.68,-11.68,-11.36,-11.76,-11.76,-11.76,-11.68,-12.04,-12.04,-12.12,-11.98,-12.04,-11.76,-11.68,-11.76,-11.90,-12.20,-11.85,-11.85,-12.20,-11.76,-11.90,-12.12,-12.04,-12.34,-11.90,-11.90,-11.98,-12.12,-11.68,-12.26,-12.04,-12.39,-11.98,-11.98,-12.04,-12.04,-11.63,-12.04,-11.85,-11.68,-12.20,-12.20,-12.04,-12.12,-12.04,-11.90,-11.98,-12.12,-12.20,-12.20,-12.04,-11.98,-12.20,-11.98,-11.90,-12.20,-11.76,-11.90,-12.26,-11.98,-11.98,-12.26,-11.85,-12.39,-12.34,-12.39,-12.34,-11.90,-11.85,-12.26,-12.26,-11.90,-12.39,-11.90,-12.39,-11.98,-12.20,-12.48,-12.12,-12.20,-12.34,-12.34,-12.20,-12.26,-12.20,-12.20,-12.26,-12.20,-12.34,-12.04,-12.34,-12.34,-12.20,-12.34,-12.20,-12.34,-12.39,-12.39,-12.26,-12.12,-12.12,-12.04,-12.34,-11.98,-12.34,-12.39,-12.48,-12.26,-12.20,-12.20,-12.61,-12.12,-12.26,-12.20,-12.20,-12.20,-12.39,-11.85,-11.76,-11.98,-11.90,-11.85,-11.90,-11.85,-11.68,-11.98,-11.98,-12.04,-11.85,-11.85,-12.04,-11.98,-12.20,-12.20,-11.85,-12.20,-12.20,-12.20,-12.39,-12.26,-12.12,-12.12,-12.26,-12.12,-12.56,-12.26,-12.26,-12.20,-12.48,-12.26,-11.98,-11.90,-12.20,-11.98,-12.04,-12.34,-12.04,-12.34,-12.12,-12.26,-12.26,-12.39,-12.48,-12.20,-12.04,-12.34
-12.48,-12.61,-12.39,-12.20,-12.26,-12.56,-12.20,-12.56,-12.61,-12.12,-12.20,-12.61,-12.26,-12.39,-12.20,-12.20,-12.56,-11.98,-11.98,-12.34,-12.20,-12.39,-12.20,-12.20,-12.12,-12.12,-12.26,-12.34,-12.12,-12.20,-12.39,-12.34,-12.12,-12.20,-11.98,-12.04,-11.98,-12.04,-12.20,-12.26,-12.12,-12.04,-12.12,-12.12,-12.48,-12.04,-11.90,-12.12,-11.90,-11.85,-12.26,-12.04,-12.26,-12.34,-11.98,-12.26,-12.12,-12.20,-11.98,-12.48,-12.12,-11.98,-12.20,-12.26,-12.12,-11.90,-12.20,-12.20,-11.68,-12.04,-11.76,-12.04,-11.90,-12.12,-12.20,-11.98,-12.26,-12.34,-11.98,-12.12,-12.39,-12.20,-12.56,-12.39,-12.48,-12.20,-11.98,-12.26,-12.56,-12.48,-12.39,-12.39,-12.12,-12.12,-11.98,-12.56,-12.12,-12.56,-12.12,-12.39,-12.20,-12.12,-12.34,-12.20,-12.26,-12.39,-11.90,-12.04,-12.48,-12.26,-12.12,-11.98,-12.12,-11.90,-12.04,-12.04,-12.04,-12.12,-12.20,-12.34,-12.04,-12.12,-12.12,-12.34,-12.34,-12.12,-11.98,-12.34,-11.90,-12.04,-11.90,-12.12,-12.61,-12.12,-12.26,-12.12,-12.34,-11.90,-12.12,-11.98,-12.12,-12.26,-12.20,-12.04,-12.12,-11.98,-12.20,-11.85,-12.12,-12.26,-11.98,-12.04,-11.85,-12.12,-11.98,-11.90,-12.12,-12.12,-11.90,-11.85,-12.34,-12.04,-11.85,-11.98,-12.20,-11.68,-11.85,-11.68,-11.63,-11.49,-11.55,-11.68,-11.55,-11.06,-11.55,-11.19,-11.27,-11.41,-11.55,-11.41,-11.41,-11.36,-11.19,-11.19,-11.36,-11.55,-11.41,-11.63,-11.55,-11.36,-11.41,-11.27,-11.68,-11.63,-11.63,-11.41,-11.41,-11.68,-11.49,-11.55,-11.49,-11.76,-11.27,-11.27,-11.55,-11.36,-11.49,-11.68,-11.68,-11.90,-11.76,-11.76,-11.49,-11.63,-11.76,-11.76,-12.26,-11.85,-11.76,-11.76,-11.85,-11.85,-11.76,-11.76,-11.98,-11.55,-12.12,-11.76,-11.68,-11.76,-11.98,-11.68,-12.04,-11.90,-11.85,-11.90,-11.85,-12.04,-11.90,-12.04,-12.12,-12.12,-12.12,-11.98,-12.04,-12.04,-11.85,-12.20,-11.98,-11.90,-12.20,-12.20,-12.04,-12.39,-12.20,-12.20,-11.90,-12.12,-12.26,-12.26,-12.12,-12.34,-12.20,-12.12,-12.20,-12.12,-12.26,-12.12,-12.12,-11.98,-12.26,-11.76,-12.12,-12.26,-11.98,-11.98,-12.26,-11.98,-11.85,-12.34,-12.26,-11.76,-12.04,-12.34,-11.98,-12.12,-12.12,-12.26,-12.20,-12.04,-11.98,-11.85,-12.34,-12.34,-12.12,-12.12,-12.48,-12.20,-12.34,-12.12,-12.26,-12.39,-12.48,-12.26,-12.48,-12.20,-12.34,-12.26,-12.34,-12.39,-12.04,-12.12,-12.20,-12.39,-12.12,-12.48,-12.48,-12.20,-12.34,-12.20,-12.20,-12.34,-12.26,-12.48,-12.04,-12.12,-12.12,-11.98,-12.04,-12.34,-12.12,-12.39,-12.20,-12.20,-11.90,-12.48,-12.12,-11.85,-12.20,-11.68,-11.98,-12.04,-11.98,-11.98,-12.20,-12.04,-11.98,-12.04,-11.98,-11.98,-12.26,-12.39,-11.98,-12.12,-12.04,-11.76,-11.98,-12.48,-11.98,-12.20,-12.12,-12.48,-12.20,-12.26,-11.98,-12.34,-11.98,-12.26,-12.12,-12.20,-12.12,-12.26,-12.48,-12.56,-12.34,-12.12,-12.56,-12.20,-12.26,-12.61,-12.56,-12.48
-12.12,-12.56,-12.39,-12.56,-12.12,-12.70,-12.26,-12.70,-12.39,-12.26,-12.34,-12.20,-12.48,-12.34,-12.26,-12.12,-12.20,-12.48,-12.34,-12.56,-12.39,-12.04,-12.12,-12.26,-12.12,-12.12,-12.26,-12.48,-12.04,-12.39,-12.20,-12.12,-12.26,-12.20,-12.12,-12.34,-11.90,-12.04,-12.12,-11.76,-12.12,-12.12,-12.34,-12.26,-12.04,-11.68,-12.04,-12.04,-12.04,-12.04,-11.85,-12.48,-11.90,-12.26,-12.20,-12.12,-12.39,-12.12,-12.20,-12.12,-12.20,-12.04,-12.04,-11.68,-11.90,-12.04,-12.04,-11.68,-11.90,-11.68,-11.85,-12.12,-12.04,-12.61,-11.90,-12.12,-12.39,-11.98,-11.85,-12.48,-12.20,-12.04,-12.26,-12.48,-12.12,-12.12,-12.20,-12.48,-12.48,-11.90,-12.48,-12.39,-12.39,-12.39,-12.04,-12.20,-12.48,-12.34,-11.98,-12.04,-12.20,-12.04,-12.04,-11.90,-12.12,-12.20,-12.20,-11.98,-12.26,-12.12,-12.04,-11.98,-12.20,-12.20,-12.34,-12.20,-12.20,-11.98,-12.12,-12.04,-11.98,-11.98,-12.39,-12.39,-12.20,-12.34,-11.76,-12.12,-12.04,-12.26,-11.98,-11.85,-12.26,-11.76,-12.04,-12.04,-12.20,-12.20,-11.98,-11.90,-12.04,-12.04,-11.90,-12.12,-11.85,-12.04,-12.12,-11.98,-12.26,-11.90,-12.04,-12.04,-11.85,-12.39,-11.76,-12.12,-11.76,-12.20,-11.85,-11.98,-11.90,-11.90,-11.98,-11.76,-11.55,-11.63,-11.55,-11.63,-11.55,-11.41,-11.63,-11.63,-11.55,-11.36,-11.36,-11.06,-11.55,-11.55,-11.49,-11.36,-11.55,-11.49,-11.76,-11.36,-11.49,-11.63,-11.41,-11.63,-11.63,-11.19,-11.55,-11.63,-11.68,-11.49,-11.63,-11.36,-11.63,-11.49,-11.68,-11.85,-11.27,-11.63,-11.27,-11.36,-11.90,-11.41,-11.85,-11.68,-11.49,-11.90,-11.85,-11.68,-11.63,-11.90,-11.76,-11.68,-11.76,-11.55,-12.04,-11.63,-11.63,-11.90,-11.85,-11.85,-11.76,-12.04,-11.68,-11.85,-11.68,-11.90,-11.76,-11.90,-12.12,-12.20,-11.98,-11.90,-12.12,-11.98,-11.68,-11.98,-12.26,-11.76,-12.26,-11.98,-12.12,-11.98,-12.26,-11.98,-12.12,-11.90,-12.04,-12.12,-11.76,-12.20,-11.98,-12.04,-11.85,-12.04,-12.12,-11.98,-11.98,-11.98,-12.04,-12.20,-12.20,-12.12,-11.90,-12.26,-12.20,-12.04,-11.98,-11.85,-12.20,-12.26,-12.12,-12.26,-11.90,-11.98,-11.85,-11.90,-11.98,-12.20,-12.12,-12.20,-12.20,-11.90,-11.90,-12.20,-12.04,-12.61,-12.26,-12.04,-12.12,-12.04,-12.12,-12.26,-12.20,-12.20,-12.20,-12.56,-11.85,-12.20,-12.34,-12.04,-12.26,-12.34,-12.56,-12.12,-12.56,-11.98,-12.26,-11.90,-12.20,-12.39,-12.48,-12.26,-12.12,-12.12,-12.26,-11.98,-12.20,-12.12,-12.04,-12.34,-12.34,-12.61,-12.39,-12.12,-12.26,-12.39,-12.04,-12.34,-11.85,-12.12,-12.12,-11.90,-12.04,-12.12,-11.98,-11.85,-11.98,-12.04,-11.90,-11.85,-12.12,-12.20,-11.90,-11.98,-11.76,-12.26,-12.04,-12.26,-12.20,-12.04,-12.12,-12.12,-12.20,-12.12,-12.04,-12.20,-11.90,-12.26,-12.20,-12.39,-12.04,-12.39,-12.12,-12.20,-12.48,-11.90,-12.12,-12.34,-12.04,-12.26,-12.34,-12.56,-12.26,-12.26,-12.48,-12.34,-12.56,-12.20
-12.34,-12.26,-12.39,-12.48,-12.39,-12.39,-12.56,-12.48,-12.26,-12.34,-11.98,-12.39,-12.34,-12.48,-12.26,-12.20,-12.26,-11.85,-12.34,-12.56,-12.12,-12.56,-12.20,-12.34,-12.34,-12.20,-12.12,-12.20,-12.04,-12.20,-11.90,-12.12,-12.48,-12.20,-11.98,-11.98,-12.34,-12.12,-11.98,-11.76,-11.98,-12.04,-12.20,-12.04,-11.98,-11.98,-12.20,-12.04,-11.98,-11.98,-12.34,-11.85,-11.98,-12.12,-11.76,-12.39,-12.12,-12.20,-12.12,-11.90,-11.98,-12.04,-12.12,-12.20,-12.04,-12.26,-12.04,-12.20,-11.90,-12.12,-12.20,-11.85,-11.68,-12.04,-12.12,-12.20,-12.39,-11.98,-12.26,-12.12,-12.26,-12.39,-12.26,-12.48,-12.39,-12.70,-12.39,-12.26,-12.39,-12.34,-12.20,-12.12,-12.39,-11.90,-12.20,-12.20,-12.20,-12.26,-12.12,-11.90,-12.34,-12.48,-12.12,-12.26,-11.90,-12.04,-12.04,-12.34,-12.26,-12.12,-12.20,-12.20,-12.20,-11.98,-12.20,-12.26,-12.04,-11.90,-12.26,-11.63,-11.90,-12.20,-12.20,-12.26,-12.26,-11.90,-11.90,-12.12,-12.04,-12.04,-12.20,-12.26,-11.98,-12.04,-12.20,-11.98,-12.12,-11.76,-11.98,-11.85,-11.90,-12.04,-12.04,-12.04,-12.34,-11.55,-11.68,-11.90,-11.98,-12.12,-11.98,-12.12,-11.85,-12.12,-11.68,-12.12,-12.04,-12.12,-11.85,-12.20,-11.98,-12.12,-12.04,-12.04,-11.55,-11.41,-11.85,-11.85,-11.90,-11.49,-11.76,-11.55,-11.63,-11.14,-11.14,-11.55,-11.19,-11.19,-11.49,-11.41,-11.19,-11.85,-11.55,-11.49,-11.63,-11.41,-11.55,-11.36,-11.41,-11.19,-11.68,-11.55,-11.63,-11.41,-11.76,-11.63,-11.63,-11.55,-11.41,-11.76,-11.41,-11.19,-11.63,-11.27,-11.63,-11.85,-11.68,-11.41,-11.36,-11.76,-11.63,-11.98,-11.63,-11.63,-11.85,-11.85,-11.90,-11.85,-11.76,-11.85,-11.68,-11.98,-11.85,-11.90,-11.85,-11.85,-11.98,-12.04,-11.90,-11.85,-11.98,-11.90,-11.85,-12.04,-11.85,-11.68,-11.85,-11.98,-12.12,-11.85,-12.26,-12.12,-11.85,-12.20,-12.04,-11.98,-12.12,-11.63,-12.20,-11.68,-12.04,-12.12,-11.76,-12.12,-11.90,-11.98,-12.12,-12.20,-12.04,-11.98,-12.12,-11.85,-11.90,-12.12,-12.04,-11.85,-12.12,-11.98,-11.90,-12.20,-12.20,-11.85,-12.12,-11.90,-12.04,-12.34,-12.04,-12.26,-11.76,-11.90,-12.26,-12.34,-12.39,-11.90,-12.12,-12.12,-12.56,-12.04,-12.39,-12.12,-12.34,-12.20,-12.26,-12.20,-12.26,-12.39,-12.20,-12.26,-12.48,-12.34,-12.48,-12.26,-12.56,-12.26,-12.26,-11.98,-12.26,-11.98,-11.90,-11.98,-11.98,-12.48,-11.85,-11.98,-12.04,-12.04,-12.20,-12.26,-12.48,-12.61,-12.04,-12.78,-12.78,-12.12,-12.20,-12.34,-12.56,-12.26,-12.61,-12.20,-12.48,-11.85,-12.20,-11.98,-11.98,-11.98,-11.98,-12.04,-11.98,-11.85,-12.04,-11.98,-12.20,-11.90,-12.04,-11.98,-11.90,-12.20,-12.12,-11.98,-11.98,-11.98,-12.04,-11.68,-12.04,-12.56,-11.98,-11.90,-12.04,-12.26,-12.39,-12.12,-12.12,-12.20,-11.90,-12.26,-12.12,-12.39,-12.39,-12.26,-12.12,-12.34,-11.98,-12.26,-11.85,-12.12,-12.26,-12.34,-12.48,-12.34,-12.39,-12.61
-12.34,-12.83,-12.70,-12.56,-12.78,-12.48,-12.39,-12.26,-12.48,-12.34,-12.61,-12.34,-12.34,-12.39,-12.39,-12.26,-12.12,-12.39,-11.98,-12.12,-12.26,-12.34,-12.39,-12.04,-11.98,-12.12,-12.04,-12.12,-12.39,-12.39,-12.04,-12.20,-11.98,-11.85,-12.12,-12.04,-12.20,-11.98,-12.12,-12.26,-12.34,-11.85,-12.04,-12.12,-12.12,-11.98,-11.90,-12.34,-11.98,-11.85,-12.04,-11.90,-12.20,-12.20,-12.04,-12.12,-12.26,-11.85,-12.04,-12.20,-12.12,-12.26,-12.48,-12.20,-11.98,-11.98,-12.04,-12.20,-11.90,-11.68,-11.98,-11.90,-12.04,-12.34,-12.39,-11.90,-11.68,-12.26,-12.34,-12.20,-12.26,-12.34,-12.34,-12.26,-12.26,-12.04,-12.34,-12.26,-12.26,-12.34,-12.26,-12.04,-12.39,-11.98,-12.20,-12.12,-12.04,-12.20,-12.26,-12.20,-12.12,-12.20,-12.12,-12.26,-11.98,-12.12,-12.12,-12.04,-12.20,-12.12,-11.90,-12.34,-12.26,-12.04,-12.26,-12.04,-12.12,-12.20,-12.20,-12.34,-12.34,-11.90,-12.39,-12.12,-12.12,-11.76,-12.04,-11.98,-12.26,-12.12,-12.20,-11.90,-12.04,-12.12,-12.12,-12.12,-11.76,-11.98,-12.12,-12.39,-12.26,-12.39,-11.90,-12.34,-12.26,-11.68,-11.90,-12.39,-11.90,-11.98,-12.04,-11.90,-11.68,-11.68,-11.85,-11.98,-12.34,-11.90,-12.12,-11.98,-12.04,-12.12,-12.20,-11.98,-11.90,-11.85,-11.85,-11.63,-11.49,-11.36,-11.49,-11.49,-11.49,-11.19,-11.41,-11.36,-11.36,-11.14,-11.36,-11.27,-11.36,-11.41,-11.36,-11.49,-11.49,-11.27,-11.49,-11.76,-11.41,-11.68,-11.63,-11.55,-11.63,-11.27,-11.68,-11.49,-11.55,-11.68,-11.41,-11.49,-11.55,-11.63,-11.76,-11.55,-11.49,-11.49,-11.49,-11.68,-11.63,-11.76,-11.90,-11.49,-11.85,-11.68,-11.90,-11.98,-11.76,-11.63,-11.90,-11.85,-11.85,-11.76,-12.20,-11.98,-11.90,-12.04,-12.12,-11.90,-11.90,-11.90,-11.98,-11.90,-11.76,-11.85,-12.20,-11.76,-12.12,-11.85,-12.04,-11.90,-12.20,-12.26,-11.68,-12.12,-12.04,-12.12,-11.90,-11.98,-11.90,-12.12,-12.26,-12.26,-12.34,-12.12,-12.04,-12.12,-11.76,-11.85,-12.12,-12.34,-12.04,-12.04,-12.04,-11.85,-11.85,-12.04,-12.34,-12.12,-11.98,-11.76,-12.39,-12.04,-12.20,-12.39,-12.20,-12.04,-12.20,-12.12,-12.26,-12.26,-12.04,-12.34,-12.39,-12.04,-12.61,-12.26,-12.26,-12.12,-12.12,-12.34,-11.98,-12.26,-12.39,-12.20,-12.34,-11.90,-12.26,-12.26,-12.04,-12.26,-12.04,-11.98,-12.34,-12.39,-12.04,-11.90,-12.26,-12.56,-12.34,-12.34,-11.98,-12.26,-12.48,-12.04,-12.61,-12.78,-12.26,-12.56,-12.39,-12.20,-12.26,-12.39,-12.20,-12.70,-12.70,-12.39,-12.70,-12.39,-12.61,-12.34,-12.04,-12.61,-12.12,-12.26,-11.98,-11.98,-12.04,-12.04,-12.20,-11.90,-11.98,-12.20,-12.20,-12.20,-12.20,-12.12,-12.20,-11.55,-12.04,-11.98,-11.90,-11.85,-12.20,-12.12,-12.26,-12.12,-11.98,-12.20,-12.34,-12.20,-12.26,-11.90,-12.20,-12.20,-12.12,-11.98,-12.26,-12.48,-12.34,-11.98,-12.48,-12.39,-11.90,-12.48,-12.48,-12.34,-12.56,-12.39,-12.34,-12.61,-12.26,-12.34
-12.39,-12.61,-12.56,-12.56,-12.56,-12.39,-12.39,-12.78,-12.20,-12.70,-12.26,-12.61,-12.48,-12.48,-12.78,-12.26,-12.20,-12.34,-12.20,-12.39,-12.26,-12.48,-12.20,-12.20,-12.26,-12.26,-12.20,-12.39,-12.12,-12.34,-12.12,-12.34,-12.12,-12.20,-12.34,-12.61,-12.04,-12.34,-12.12,-12.20,-12.26,-12.12,-12.26,-12.39,-12.39,-12.04,-12.26,-12.20,-12.12,-12.12,-11.98,-12.39,-12.12,-12.12,-11.98,-12.56,-12.39,-12.39,-11.98,-12.12,-12.20,-12.12,-11.90,-12.04,-11.98,-11.90,-12.20,-12.04,-12.26,-12.26,-12.12,-12.12,-11.85,-11.85,-12.20,-12.39,-11.98,-12.34,-12.12,-12.48,-12.39,-12.26,-12.26,-12.48,-12.56,-12.39,-12.39,-12.04,-12.48,-12.39,-12.20,-12.34,-12.20,-12.61,-11.98,-12.61,-12.04,-12.34,-12.12,-12.20,-12.39,-12.61,-12.12,-12.20,-11.90,-11.98,-11.98,-12.12,-11.98,-11.90,-12.26,-11.98,-12.39,-12.04,-12.04,-11.98,-11.90,-12.12,-12.04,-12.12,-11.98,-12.20,-11.85,-11.90,-12.34,-12.34,-12.26,-12.26,-12.12,-12.20,-11.85,-12.26,-12.04,-11.98,-12.34,-12.20,-12.04,-12.04,-12.04,-11.98,-12.04,-12.04,-12.12,-12.04,-12.26,-12.12,-12.56,-12.34,-12.20,-11.90,-11.85,-12.20,-12.04,-12.26,-12.12,-11.98,-12.04,-11.98,-12.26,-12.04,-12.04,-12.20,-12.12,-11.76,-11.98,-12.04,-11.63,-11.90,-11.55,-12.04,-11.55,-11.49,-12.04,-11.27,-11.36,-11.55,-11.36,-11.68,-11.55,-11.85,-11.27,-11.68,-11.68,-11.27,-11.55,-11.76,-11.68,-11.68,-11.85,-11.63,-11.85,-11.55,-11.68,-11.49,-11.49,-11.49,-11.68,-11.27,-11.49,-11.55,-11.41,-11.27,-11.55,-11.68,-11.63,-11.85,-11.85,-11.36,-11.76,-11.63,-11.90,-11.85,-11.76,-11.49,-11.68,-11.85,-11.90,-11.85,-11.63,-11.76,-11.85,-12.04,-11.90,-11.68,-11.98,-11.63,-12.20,-12.20,-11.98,-12.26,-12.04,-12.20,-11.68,-11.90,-12.12,-11.90,-11.98,-12.04,-12.12,-12.26,-12.20,-11.98,-12.04,-12.04,-11.90,-12.20,-12.26,-12.39,-12.20,-12.04,-11.98,-12.20,-11.90,-11.98,-11.90,-11.90,-11.90,-12.04,-12.20,-12.20,-12.12,-11.90,-12.26,-12.12,-12.20,-11.98,-12.39,-12.04,-11.98,-12.39,-12.04,-12.20,-11.90,-12.04,-11.98,-12.34,-12.20,-11.98,-12.12,-11.98,-12.26,-12.26,-11.90,-12.34,-11.98,-12.04,-12.12,-11.90,-11.98,-11.98,-12.39,-12.26,-12.48,-12.39,-12.34,-12.20,-12.70,-12.34,-12.20,-12.26,-12.12,-12.26,-12.48,-12.20,-12.26,-12.20,-11.98,-12.26,-12.12,-12.26,-12.26,-12.20,-12.39,-12.12,-12.04,-12.26,-12.26,-12.39,-11.90,-12.20,-12.56,-12.12,-12.20,-12.26,-12.04,-12.20,-12.39,-12.48,-12.26,-12.39,-12.39,-12.20,-12.34,-12.12,-12.04,-12.39,-11.98,-11.90,-11.90,-11.85,-11.90,-12.04,-11.90,-11.98,-12.12,-12.20,-12.12,-12.34,-12.20,-12.12,-11.68,-11.68,-12.20,-11.90,-12.04,-12.04,-12.12,-11.85,-12.26,-12.04,-12.26,-12.26,-12.04,-12.39,-12.12,-12.12,-12.34,-12.26,-12.04,-12.39,-12.39,-12.12,-12.26,-12.12,-12.39,-12.39,-12.48,-12.04,-12.34,-12.26,-12.34,-12.20
-12.34,-12.39,-12.20,-12.70,-12.56,-12.34,-12.26,-12.34,-12.20,-12.70,-12.56,-12.34,-12.12,-12.12,-12.20,-12.20,-12.39,-12.34,-12.26,-12.12,-12.48,-11.98,-12.39,-12.20,-12.12,-12.04,-12.20,-12.56,-12.20,-12.34,-12.12,-11.90,-12.20,-12.39,-12.34,-11.68,-12.61,-12.20,-11.68,-11.85,-11.98,-12.12,-12.12,-12.20,-11.98,-11.85,-12.04,-11.98,-12.12,-12.12,-11.76,-12.12,-12.26,-12.12,-12.56,-12.04,-11.68,-11.98,-11.98,-12.61,-12.04,-12.20,-12.04,-12.04,-11.85,-12.34,-11.98,-12.34,-12.12,-11.90,-12.04,-12.20,-12.34,-11.90,-12.20,-12.12,-11.98,-12.04,-12.34,-12.26,-12.20,-12.20,-12.61,-12.39,-12.34,-11.85,-12.39,-12.12,-12.12,-11.98,-12.04,-11.98,-12.26,-12.20,-12.34,-12.20,-12.12,-12.48,-12.34,-12.26,-12.20,-12.34,-12.20,-12.04,-12.12,-12.12,-12.56,-12.39,-12.56,-12.34,-12.39,-12.26,-12.34,-12.20,-12.26,-11.98,-12.26,-11.85,-12.12,-12.20,-12.12,-12.26,-12.20,-12.20,-12.26,-12.04,-12.12,-12.39,-11.90,-12.04,-12.12,-12.20,-12.04,-12.26,-12.04,-12.20,-12.04,-12.26,-12.34,-12.12,-12.12,-11.98,-12.20,-11.98,-11.98,-12.04,-12.39,-12.04,-12.12,-12.04,-11.98,-11.90,-12.04,-11.90,-11.98,-11.98,-11.85,-12.12,-12.34,-11.90,-12.04,-11.98,-11.98,-12.26,-12.04,-12.04,-11.90,-11.90,-11.76,-11.68,-11.76,-11.63,-11.41,-11.36,-11.27,-11.55,-11.63,-11.63,-11.55,-11.55,-11.36,-11.27,-11.41,-11.55,-11.41,-11.76,-11.68,-11.49,-11.55,-11.63,-11.55,-11.49,-11.41,-11.27,-11.68,-11.41,-11.49,-11.76,-11.55,-11.68,-11.63,-11.27,-11.63,-11.76,-11.63,-11.76,-11.55,-11.85,-11.55,-11.90,-12.04,-11.76,-12.04,-11.90,-11.55,-11.98,-12.04,-11.85,-11.68,-11.90,-12.04,-11.98,-11.76,-11.68,-11.68,-12.04,-12.12,-11.98,-11.76,-11.85,-11.98,-12.20,-11.90,-11.76,-12.04,-11.85,-11.85,-12.12,-12.20,-12.26,-11.90,-11.85,-12.04,-12.39,-12.34,-12.20,-12.04,-12.20,-12.34,-12.04,-12.04,-11.98,-12.20,-12.34,-12.04,-11.90,-12.04,-12.04,-11.98,-12.26,-12.12,-12.04,-12.20,-12.12,-12.20,-12.34,-11.98,-11.98,-12.04,-11.90,-11.98,-11.90,-12.20,-11.90,-12.20,-11.90,-11.90,-12.04,-12.48,-11.98,-12.26,-11.98,-12.12,-11.98,-12.04,-12.39,-12.20,-12.39,-12.04,-11.85,-12.48,-12.26,-12.26,-11.98,-11.98,-12.04,-12.39,-12.34,-12.34,-12.20,-11.90,-12.20,-12.26,-12.12,-12.12,-12.26,-12.20,-12.56,-12.26,-12.20,-12.20,-12.34,-12.04,-11.98,-12.48,-12.20,-12.34,-12.34,-12.26,-12.61,-12.12,-12.39,-12.34,-12.34,-12.48,-12.70,-12.39,-12.39,-12.12,-12.34,-12.39,-12.26,-12.48,-12.39,-12.39,-12.04,-12.26,-12.12,-12.26,-12.26,-11.98,-12.26,-11.90,-11.68,-11.98,-12.26,-12.20,-12.26,-11.90,-12.04,-11.98,-12.12,-12.20,-11.98,-12.04,-12.12,-11.90,-12.12,-12.26,-11.98,-12.26,-12.34,-12.26,-12.04,-11.98,-12.26,-12.12,-11.90,-12.34,-11.98,-12.12,-12.20,-12.39,-12.34,-12.56,-12.12,-11.98,-12.48,-12.34,-12.34,-12.39,-12.70
-12.39,-12.48,-12.48,-12.34,-12.78,-12.34,-12.61,-12.56,-12.48,-12.34,-12.70,-12.48,-12.39,-12.20,-12.04,-12.34,-12.34,-12.26,-12.20,-12.34,-12.34,-12.20,-12.34,-12.48,-12.26,-12.48,-12.48,-12.04,-12.26,-12.39,-12.26,-12.34,-12.20,-11.90,-12.26,-12.04,-12.34,-12.12,-12.39,-12.26,-12.39,-12.34,-12.26,-12.26,-12.12,-12.20,-12.12,-12.39,-12.12,-12.34,-12.20,-12.04,-11.90,-12.20,-11.98,-12.12,-12.26,-12.34,-12.20,-12.12,-12.26,-11.98,-12.12,-12.20,-12.04,-11.90,-12.20,-11.98,-11.98,-12.04,-11.98,-11.68,-12.20,-12.34,-11.98,-11.98,-12.20,-12.39,-11.90,-12.26,-12.04,-12.34,-12.56,-12.56,-12.56,-12.04,-12.26,-12.26,-12.12,-12.39,-12.26,-12.56,-12.04,-12.04,-12.39,-11.98,-12.26,-12.39,-12.12,-12.20,-12.26,-12.48,-12.20,-12.12,-12.26,-12.56,-12.56,-12.04,-12.26,-12.04,-12.34,-12.04,-12.39,-12.12,-12.34,-12.34,-12.12,-12.20,-12.12,-12.12,-11.90,-11.98,-12.26,-12.20,-11.98,-12.34,-12.34,-12.12,-12.04,-12.04,-11.98,-12.04,-12.34,-12.20,-12.20,-11.85,-11.90,-12.39,-12.20,-12.04,-12.26,-12.34,-11.85,-12.12,-11.98,-11.90,-12.34,-12.20,-12.04,-11.85,-12.12,-12.12,-12.26,-12.26,-11.98,-12.04,-12.20,-11.98,-12.12,-12.04,-12.12,-11.98,-11.63,-11.90,-11.85,-11.90,-11.49,-11.76,-11.49,-11.90,-11.63,-11.63,-11.76,-11.27,-11.55,-11.41,-11.49,-11.85,-11.19,-11.85,-11.68,-11.68,-11.85,-11.63,-11.63,-11.41,-11.49,-11.85,-11.55,-11.63,-11.55,-11.90,-11.76,-11.63,-11.63,-11.55,-11.55,-11.90,-11.63,-11.27,-11.49,-11.68,-11.85,-11.76,-11.49,-11.41,-11.68,-11.68,-11.27,-11.55,-11.90,-11.36,-11.68,-11.68,-11.98,-12.12,-12.12,-11.98,-11.85,-12.12,-11.98,-11.90,-12.04,-11.76,-11.90,-12.12,-11.68,-11.98,-11.98,-11.85,-12.26,-11.98,-12.26,-11.76,-12.04,-11.63,-12.26,-11.90,-11.85,-12.26,-12.34,-12.04,-12.12,-12.26,-11.90,-11.98,-11.98,-12.20,-12.26,-12.20,-12.12,-12.20,-12.48,-12.04,-11.90,-12.39,-12.04,-12.12,-11.76,-12.20,-12.12,-12.12,-12.12,-11.98,-12.20,-12.20,-12.12,-12.26,-11.90,-12.56,-11.90,-12.20,-12.56,-12.12,-12.20,-12.26,-11.85,-11.98,-12.34,-12.12,-12.48,-12.48,-12.61,-12.39,-12.04,-11.98,-12.34,-12.20,-12.39,-12.04,-11.98,-12.34,-12.39,-11.98,-12.26,-12.20,-12.70,-12.26,-12.48,-12.39,-12.39,-12.48,-12.04,-12.34,-12.26,-12.48,-12.39,-12.26,-12.34,-11.85,-12.61,-12.34,-12.39,-12.61,-12.04,-12.12,-12.34,-12.20,-12.70,-12.48,-11.98,-12.26,-12.20,-12.20,-12.61,-12.61,-12.56,-12.12,-12.39,-12.39,-12.26,-12.39,-12.12,-12.26,-12.26,-12.56,-12.12,-11.98,-12.26,-11.98,-12.12,-12.12,-12.12,-12.04,-12.26,-12.39,-12.12,-12.12,-12.20,-12.04,-11.90,-12.12,-11.76,-12.12,-12.39,-12.26,-12.12,-12.26,-11.90,-12.34,-12.20,-12.26,-11.98,-12.61,-12.20,-12.48,-12.12,-12.48,-12.26,-12.39,-12.12,-12.39,-12.56,-12.04,-12.12,-12.26,-12.34,-12.26,-12.39,-12.34,-12.56,-12.61
-12.39,-12.78,-12.61,-12.48,-12.26,-12.34,-12.70,-12.26,-12.34,-12.34,-12.34,-12.20,-12.48,-12.34,-12.26,-12.12,-12.78,-12.34,-12.48,-12.39,-12.20,-12.26,-12.12,-12.04,-12.34,-12.12,-12.20,-12.26,-11.98,-12.04,-12.34,-12.20,-11.98,-12.34,-12.12,-12.39,-12.20,-12.04,-12.12,-12.20,-11.90,-12.12,-11.90,-12.34,-12.04,-11.90,-12.12,-12.26,-12.12,-12.04,-12.12,-12.20,-12.12,-12.12,-12.12,-12.20,-12.20,-12.04,-12.20,-12.26,-12.34,-12.12,-12.20,-11.85,-11.63,-12.12,-12.12,-11.90,-12.04,-12.26,-12.04,-12.20,-12.34,-12.34,-12.34,-12.26,-11.90,-12.12,-12.26,-12.34,-12.48,-12.34,-12.34,-12.12,-12.12,-12.20,-12.34,-12.20,-12.34,-12.39,-11.98,-12.48,-11.98,-12.26,-11.98,-12.26,-12.26,-12.26,-12.04,-12.04,-12.04,-12.20,-12.26,-12.04,-12.34,-12.39,-12.20,-12.56,-12.26,-11.98,-12.04,-12.20,-12.20,-11.98,-12.26,-12.70,-12.26,-12.26,-12.34,-12.34,-12.39,-12.12,-12.04,-11.98,-12.12,-12.34,-11.98,-12.04,-11.98,-12.04,-12.26,-11.98,-11.90,-12.20,-12.04,-12.20,-12.12,-11.85,-12.04,-12.20,-12.04,-12.04,-11.76,-12.20,-12.34,-11.98,-12.20,-12.04,-12.26,-11.98,-11.98,-12.12,-12.26,-12.04,-11.90,-11.90,-11.85,-11.85,-12.34,-12.12,-12.12,-12.34,-12.04,-11.98,-11.90,-12.04,-11.76,-11.85,-11.68,-11.85,-11.63,-11.36,-11.27,-11.49,-11.55,-11.76,-11.41,-11.41,-11.55,-11.49,-11.76,-11.41,-11.55,-11.27,-11.68,-11.68,-11.63,-11.55,-11.41,-11.63,-11.76,-11.68,-11.90,-11.68,-11.63,-11.41,-11.63,-11.41,-11.63,-11.68,-11.55,-11.41,-11.68,-11.55,-11.49,-11.55,-11.76,-11.63,-11.55,-11.49,-11.76,-11.85,-11.68,-11.85,-11.63,-12.12,-12.04,-11.85,-11.76,-11.76,-11.85,-11.49,-12.26,-12.26,-11.98,-11.90,-12.04,-12.26,-11.98,-12.20,-12.12,-12.04,-11.98,-12.04,-12.20,-12.39,-12.20,-11.85,-11.90,-11.98,-12.20,-12.12,-11.90,-12.04,-11.98,-12.39,-12.20,-12.26,-12.26,-12.12,-12.20,-12.20,-12.12,-12.34,-11.98,-12.04,-12.26,-11.98,-11.90,-11.90,-12.12,-11.90,-11.90,-12.26,-11.55,-11.90,-11.98,-12.04,-12.20,-12.20,-12.04,-12.20,-12.20,-11.98,-12.04,-12.20,-11.68,-11.90,-12.12,-12.12,-12.20,-12.12,-12.39,-12.20,-12.20,-12.12,-11.85,-12.04,-12.04,-12.20,-12.20,-12.39,-12.39,-12.04,-12.04,-12.26,-12.20,-12.04,-12.56,-12.39,-12.20,-12.34,-12.20,-12.48,-12.04,-12.26,-12.39,-12.39,-12.48,-12.20,-12.34,-12.39,-12.20,-12.26,-12.92,-12.26,-12.34,-11.76,-12.48,-12.12,-12.39,-12.48,-12.34,-12.20,-12.34,-12.12,-12.61,-12.39,-12.26,-11.85,-12.34,-12.48,-12.34,-12.04,-12.12,-11.90,-12.04,-11.68,-11.98,-11.90,-11.90,-12.12,-12.34,-12.20,-12.20,-11.90,-12.34,-11.98,-11.98,-11.98,-12.04,-12.61,-12.26,-12.26,-12.12,-12.04,-11.98,-12.26,-11.98,-12.34,-12.12,-12.12,-12.12,-12.04,-12.12,-12.04,-12.20,-12.26,-11.98,-12.39,-12.04,-12.20,-12.48,-12.12,-12.61,-12.34,-12.48,-12.20,-12.56,-12.39,-12.20,-12.04
-12.48,-12.70,-12.56,-12.83,-12.78,-12.97,-12.61,-12.39,-12.39,-12.61,-12.20,-12.34,-12.61,-12.20,-12.20,-12.34,-12.48,-12.20,-12.34,-12.34,-12.39,-12.39,-12.04,-12.61,-12.56,-12.04,-11.85,-12.04,-12.04,-11.98,-12.20,-12.20,-11.90,-12.26,-11.90,-12.20,-12.12,-12.20,-12.20,-12.20,-12.12,-12.12,-12.20,-11.90,-11.85,-11.85,-11.98,-12.39,-11.98,-12.26,-12.04,-11.90,-12.26,-12.20,-12.04,-12.26,-12.34,-12.04,-12.20,-12.12,-12.12,-12.48,-12.26,-12.20,-12.48,-12.04,-12.20,-12.12,-11.90,-12.12,-12.20,-11.76,-12.56,-12.12,-12.20,-12.12,-12.04,-12.04,-12.34,-12.04,-12.48,-12.20,-12.48,-12.61,-12.20,-12.48,-12.61,-11.90,-12.39,-12.48,-12.34,-12.12,-12.20,-12.26,-12.12,-12.26,-12.12,-12.48,-12.26,-12.26,-12.12,-12.12,-12.04,-12.04,-12.12,-12.26,-12.39,-12.26,-12.26,-12.20,-12.34,-11.98,-12.20,-12.26,-12.12,-11.90,-12.20,-12.34,-12.20,-12.12,-12.20,-11.98,-12.26,-12.20,-12.34,-12.34,-12.12,-12.20,-12.26,-12.26,-12.20,-12.26,-11.90,-11.98,-12.34,-12.34,-12.20,-12.12,-12.34,-12.26,-12.26,-12.20,-12.12,-11.90,-12.20,-12.20,-12.12,-11.90,-12.34,-12.26,-11.98,-12.04,-12.12,-12.12,-12.26,-12.26,-12.20,-11.90,-12.20,-12.20,-11.90,-12.04,-11.76,-12.04,-12.12,-11.76,-11.85,-12.12,-11.55,-12.12,-11.68,-11.49,-11.55,-11.63,-11.36,-11.76,-11.55,-11.76,-11.85,-11.36,-11.49,-11.49,-11.36,-11.85,-11.49,-11.49,-11.85,-11.76,-11.90,-11.63,-11.85,-11.49,-11.41,-11.68,-11.41,-11.98,-11.55,-11.27,-11.55,-11.55,-11.19,-11.41,-11.85,-11.76,-11.90,-11.49,-11.76,-11.68,-11.76,-11.85,-11.85,-11.98,-11.85,-11.90,-11.63,-11.98,-11.98,-11.98,-12.04,-11.68,-11.68,-12.12,-11.63,-12.04,-12.48,-12.26,-11.98,-11.76,-11.85,-12.26,-11.76,-11.90,-11.76,-12.34,-11.98,-11.98,-12.12,-12.20,-12.12,-11.98,-12.20,-12.04,-12.12,-12.20,-11.98,-11.98,-12.04,-11.98,-12.34,-12.26,-12.20,-12.12,-12.20,-11.90,-11.98,-12.26,-12.12,-12.26,-11.76,-11.68,-12.20,-12.26,-12.12,-11.90,-12.04,-12.20,-12.12,-12.34,-11.98,-12.20,-12.34,-12.04,-12.26,-12.26,-12.04,-12.34,-12.34,-12.04,-12.12,-12.56,-12.12,-12.04,-11.98,-11.98,-12.20,-11.98,-12.48,-11.90,-11.98,-12.48,-12.12,-12.34,-12.20,-12.26,-12.34,-12.04,-12.48,-12.39,-12.48,-12.26,-12.20,-12.04,-12.34,-11.90,-12.12,-12.26,-12.26,-11.85,-12.34,-12.20,-12.20,-12.26,-11.85,-12.26,-12.39,-12.12,-12.39,-12.04,-12.39,-12.26,-12.04,-12.34,-12.20,-12.20,-12.34,-12.20,-12.39,-12.26,-12.26,-12.04,-12.20,-12.20,-12.34,-12.20,-12.04,-12.04,-11.98,-12.12,-12.34,-11.90,-12.12,-12.12,-12.12,-11.76,-11.90,-11.98,-11.85,-11.98,-12.20,-11.98,-11.90,-12.12,-12.20,-12.12,-12.04,-12.61,-12.20,-12.12,-12.12,-11.98,-12.20,-12.20,-11.76,-12.26,-12.39,-12.12,-12.20,-11.90,-12.48,-12.34,-12.12,-12.48,-11.98,-11.98,-12.34,-11.90,-12.39,-12.26,-12.26,-12.26,-12.39,-12.48
-12.61,-12.61,-12.26,-12.34,-12.20,-12.61,-12.56,-12.48,-12.34,-12.61,-12.34,-12.39,-12.04,-12.56,-12.12,-12.20,-12.34,-12.48,-12.12,-12.34,-12.12,-12.20,-12.56,-12.20,-12.48,-11.98,-12.20,-11.98,-12.34,-12.12,-12.26,-12.34,-12.12,-12.20,-12.26,-11.68,-12.34,-12.26,-12.20,-12.12,-11.90,-11.90,-12.04,-12.12,-11.98,-12.04,-11.76,-12.04,-11.85,-12.20,-12.04,-12.04,-12.20,-12.12,-11.98,-12.26,-12.26,-12.26,-12.20,-12.26,-12.39,-12.48,-12.39,-12.04,-11.76,-12.26,-12.04,-12.20,-11.85,-11.90,-12.34,-12.39,-12.20,-11.98,-11.90,-12.12,-12.39,-12.12,-12.48,-12.34,-12.39,-11.98,-12.39,-12.26,-12.26,-12.04,-12.20,-12.34,-12.48,-12.48,-12.70,-12.20,-11.98,-12.48,-12.34,-11.98,-12.12,-12.26,-12.39,-12.12,-11.98,-12.26,-12.12,-12.20,-11.98,-12.20,-12.12,-12.26,-12.26,-12.34,-11.98,-12.34,-12.34,-11.98,-12.26,-12.39,-12.20,-12.26,-12.04,-12.12,-12.26,-12.20,-12.20,-12.34,-12.34,-12.34,-12.39,-11.85,-12.34,-11.98,-12.12,-12.26,-12.34,-11.98,-11.85,-12.34,-12.39,-12.39,-12.12,-12.34,-12.04,-11.98,-11.63,-12.20,-12.20,-12.12,-12.12,-12.04,-12.04,-11.90,-12.12,-12.20,-12.04,-11.76,-12.12,-12.12,-11.76,-12.26,-12.20,-11.98,-11.98,-11.90,-12.34,-11.68,-11.76,-11.85,-12.20,-11.98,-11.41,-11.55,-11.63,-11.27,-11.55,-11.36,-11.55,-11.41,-11.49,-11.68,-11.68,-11.85,-11.49,-11.76,-11.76,-11.55,-11.41,-11.68,-11.68,-11.76,-11.49,-11.90,-11.41,-11.85,-11.36,-11.55,-11.68,-11.55,-11.90,-11.49,-11.68,-11.76,-11.90,-11.68,-11.63,-11.49,-11.76,-11.90,-11.55,-11.41,-11.76,-11.85,-11.55,-11.76,-11.76,-11.90,-11.68,-12.04,-12.04,-11.55,-12.12,-11.90,-12.04,-12.04,-11.98,-12.12,-11.68,-11.85,-11.98,-12.20,-12.12,-11.63,-11.98,-12.04,-11.85,-12.20,-12.20,-12.04,-11.98,-12.12,-12.20,-11.98,-12.34,-12.26,-12.04,-12.12,-12.12,-12.26,-11.98,-12.04,-12.26,-11.90,-12.20,-12.12,-12.04,-12.04,-11.90,-11.98,-12.12,-12.20,-12.12,-12.04,-12.04,-12.04,-12.12,-12.20,-12.39,-11.98,-12.48,-12.04,-11.98,-12.34,-12.12,-12.12,-12.04,-12.04,-12.34,-11.98,-12.04,-12.04,-12.12,-12.12,-11.90,-11.98,-12.20,-12.26,-12.26,-12.04,-12.04,-12.26,-12.20,-12.20,-12.12,-12.34,-11.85,-11.90,-12.20,-12.48,-12.56,-12.56,-12.56,-12.39,-12.56,-12.34,-12.39,-12.26,-12.48,-12.20,-12.34,-12.34,-12.20,-12.48,-12.34,-12.34,-12.20,-12.34,-12.39,-12.26,-12.26,-12.78,-12.61,-12.48,-12.56,-12.48,-12.26,-12.34,-12.26,-12.34,-12.34,-12.48,-12.20,-12.26,-12.20,-12.26,-12.26,-12.34,-12.39,-12.20,-12.26,-11.98,-12.26,-12.20,-12.20,-12.26,-11.76,-11.98,-11.98,-11.98,-11.98,-12.26,-12.04,-11.98,-12.04,-12.39,-12.04,-12.39,-12.34,-12.12,-12.34,-12.04,-12.12,-12.34,-12.12,-12.39,-12.26,-12.26,-12.48,-12.26,-12.12,-11.98,-11.98,-12.26,-12.26,-12.48,-12.12,-12.34,-12.39,-12.26,-11.85,-12.20,-12.39,-12.56,-12.39,-12.48
-12.78,-12.12,-12.39,-13.06,-12.56,-12.78,-12.26,-12.39,-12.70,-12.39,-12.12,-12.34,-12.34,-12.34,-12.48,-12.39,-12.26,-12.20,-12.61,-12.48,-12.61,-12.20,-12.70,-12.48,-11.98,-12.12,-12.56,-12.26,-12.12,-12.20,-12.56,-12.26,-12.12,-12.26,-12.26,-12.26,-12.12,-12.34,-12.39,-12.20,-12.20,-12.26,-12.26,-11.98,-12.20,-12.39,-12.12,-12.26,-12.34,-12.04,-12.34,-12.39,-12.70,-12.20,-11.98,-12.34,-12.26,-12.26,-11.98,-12.48,-12.20,-12.20,-12.26,-12.26,-12.26,-12.12,-12.04,-12.39,-11.90,-12.34,-11.90,-12.12,-11.90,-12.26,-12.12,-12.26,-12.12,-12.20,-12.26,-12.20,-12.26,-12.20,-12.34,-11.98,-12.20,-12.39,-12.34,-12.20,-12.20,-12.26,-12.20,-12.04,-12.48,-12.48,-12.12,-12.34,-12.20,-12.56,-12.39,-12.34,-12.48,-12.39,-12.26,-12.26,-12.56,-12.26,-12.39,-12.48,-12.70,-12.26,-12.34,-12.26,-12.70,-12.12,-12.20,-12.34,-12.12,-12.26,-12.48,-12.12,-12.26,-12.12,-12.26,-12.20,-12.34,-12.26,-12.20,-12.26,-12.12,-12.04,-12.39,-12.04,-12.26,-12.20,-12.34,-12.12,-12.04,-12.04,-12.20,-11.98,-12.04,-12.20,-12.04,-12.34,-12.12,-12.20,-12.12,-12.26,-12.04,-12.12,-12.34,-12.39,-12.12,-12.04,-11.90,-12.20,-12.56,-12.20,-12.20,-12.39,-12.04,-12.04,-12.04,-12.12,-12.34,-12.04,-11.68,-11.90,-11.49,-11.90,-11.76,-11.41,-11.55,-11.55,-11.68,-11.76,-11.55,-11.49,-11.55,-12.04,-11.55,-11.63,-11.63,-11.49,-11.55,-11.63,-11.49,-11.68,-11.63,-11.63,-11.90,-11.55,-11.76,-11.68,-11.49,-11.55,-11.36,-11.76,-11.55,-11.76,-11.90,-11.49,-11.27,-11.68,-11.41,-11.49,-11.49,-11.76,-11.36,-11.63,-11.76,-11.90,-11.98,-12.04,-11.85,-11.90,-11.76,-11.98,-11.90,-11.98,-12.34,-12.39,-12.20,-12.39,-12.04,-12.12,-12.12,-12.04,-12.04,-12.04,-12.04,-11.98,-12.12,-12.20,-11.98,-11.85,-12.26,-12.34,-12.26,-12.26,-12.39,-12.34,-12.12,-11.76,-12.04,-12.20,-12.34,-12.04,-12.04,-11.98,-12.12,-12.12,-12.39,-11.98,-11.98,-12.26,-12.20,-12.12,-12.20,-12.04,-12.04,-12.20,-11.90,-12.20,-12.26,-12.04,-12.04,-12.20,-12.26,-11.98,-12.34,-12.12,-12.34,-12.04,-12.20,-12.39,-12.26,-12.39,-12.61,-11.98,-11.98,-12.39,-12.26,-12.34,-12.20,-12.26,-12.04,-12.12,-12.39,-12.34,-12.56,-11.90,-12.20,-12.26,-12.26,-12.39,-11.98,-12.56,-11.90,-12.48,-12.34,-12.39,-12.34,-12.20,-12.48,-12.39,-12.39,-12.48,-12.34,-12.26,-12.39,-12.34,-12.20,-12.39,-12.83,-12.61,-12.26,-12.12,-12.34,-12.39,-12.26,-12.48,-12.20,-12.26,-12.56,-12.61,-12.12,-12.26,-12.20,-12.39,-11.90,-12.26,-12.34,-12.26,-12.12,-12.04,-12.26,-12.12,-11.98,-12.39,-12.04,-11.98,-12.20,-12.26,-12.04,-12.34,-12.12,-12.39,-12.04,-11.98,-12.20,-12.12,-12.26,-12.20,-12.04,-11.98,-12.12,-12.26,-11.76,-12.12,-12.48,-12.48,-12.12,-12.34,-12.12,-12.12,-12.04,-12.04,-12.34,-12.56,-12.39,-12.04,-12.26,-12.34,-12.12,-12.20,-12.61,-12.20,-12.26,-12.34,-12.48,-12.34
-12.39,-12.61,-12.61,-12.56,-12.56,-12.56,-12.48,-12.34,-12.20,-12.48,-12.56,-12.48,-12.34,-12.39,-12.04,-12.39,-12.26,-12.39,-12.48,-12.26,-12.39,-12.48,-12.56,-12.12,-12.34,-12.26,-12.48,-12.61,-12.34,-12.20,-12.12,-12.34,-12.26,-12.20,-11.85,-12.12,-12.12,-12.61,-12.26,-12.12,-12.39,-12.20,-12.20,-12.26,-12.12,-12.26,-12.20,-11.98,-12.04,-11.98,-12.04,-12.12,-12.34,-12.20,-12.48,-12.56,-11.98,-12.20,-12.04,-12.26,-12.26,-12.20,-12.34,-12.12,-12.04,-12.34,-12.20,-11.76,-12.12,-12.20,-12.04,-12.39,-11.90,-12.12,-12.56,-12.39,-12.20,-12.34,-12.20,-12.61,-12.12,-12.61,-12.12,-12.61,-12.34,-12.48,-12.20,-12.34,-12.20,-12.39,-12.34,-12.20,-12.12,-12.20,-11.98,-12.04,-12.26,-12.20,-12.48,-12.04,-12.34,-12.34,-12.20,-12.20,-12.26,-12.12,-12.20,-12.48,-12.20,-12.04,-12.20,-12.20,-12.39,-12.34,-11.90,-12.34,-12.34,-12.12,-11.85,-12.34,-12.04,-12.12,-12.39,-12.20,-12.26,-12.12,-12.12,-12.56,-12.48,-12.12,-11.98,-11.98,-12.04,-12.20,-12.12,-12.20,-12.26,-12.04,-12.26,-11.90,-12.56,-12.34,-12.20,-12.39,-12.34,-11.90,-12.12,-12.04,-11.98,-12.26,-12.34,-11.76,-12.20,-12.26,-12.04,-12.12,-12.12,-12.12,-12.12,-12.04,-11.98,-11.85,-12.04,-12.20,-12.39,-11.85,-11.76,-11.85,-11.68,-11.76,-11.55,-11.63,-11.63,-11.63,-11.76,-11.49,-11.41,-11.41,-11.49,-11.90,-11.63,-11.49,-11.85,-11.41,-11.41,-11.49,-11.41,-12.04,-11.76,-11.49,-12.04,-11.68,-11.76,-11.41,-11.55,-11.55,-11.76,-11.68,-11.90,-11.85,-11.63,-11.55,-11.55,-11.85,-11.49,-11.68,-11.76,-11.85,-11.63,-11.55,-11.90,-11.85,-11.76,-11.98,-12.12,-11.90,-11.76,-12.04,-12.04,-11.85,-12.04,-12.04,-12.26,-12.12,-11.85,-11.98,-12.04,-11.98,-11.90,-11.90,-11.49,-12.12,-12.12,-12.12,-11.90,-11.76,-11.98,-12.20,-11.90,-12.34,-12.34,-11.98,-12.26,-12.12,-12.20,-12.26,-12.12,-12.26,-12.39,-12.26,-12.34,-12.20,-12.20,-12.12,-12.34,-12.39,-12.12,-12.20,-11.98,-12.12,-12.20,-12.12,-12.12,-12.12,-12.04,-12.20,-12.20,-12.34,-12.12,-11.98,-11.98,-12.61,-12.04,-12.26,-12.04,-11.90,-12.12,-12.34,-12.12,-12.04,-12.12,-12.56,-12.04,-12.26,-11.98,-12.04,-12.34,-11.98,-11.85,-12.26,-12.34,-12.48,-12.39,-12.34,-12.26,-12.61,-12.56,-12.48,-12.48,-12.56,-12.61,-12.34,-12.26,-12.26,-12.39,-12.34,-12.34,-12.20,-11.85,-12.20,-12.34,-12.56,-12.39,-12.39,-12.39,-12.26,-12.48,-12.48,-12.39,-12.70,-12.48,-12.34,-12.39,-12.61,-12.39,-12.34,-12.39,-12.39,-12.12,-12.34,-12.34,-12.34,-12.12,-12.04,-12.20,-11.90,-12.20,-12.26,-12.04,-12.12,-12.12,-12.04,-12.04,-12.20,-12.04,-12.20,-11.76,-11.98,-12.26,-12.04,-12.12,-12.04,-12.04,-11.98,-12.12,-12.34,-12.04,-11.98,-11.98,-11.90,-11.98,-11.90,-12.20,-12.20,-12.48,-12.34,-12.39,-12.12,-12.34,-12.20,-12.26,-12.20,-12.26,-12.34,-12.56,-12.12,-12.56,-12.04,-12.48,-12.48,-12.26,-12.56
-13.06,-12.70,-12.39,-12.48,-12.56,-12.83,-12.61,-12.26,-12.34,-12.61,-12.39,-12.48,-12.39,-12.39,-12.56,-12.34,-12.61,-12.12,-12.34,-12.48,-12.48,-12.56,-12.20,-11.90,-12.20,-12.48,-12.39,-12.56,-12.26,-12.20,-12.26,-12.20,-12.12,-12.04,-12.20,-12.04,-12.26,-12.20,-12.34,-12.20,-12.20,-12.26,-12.26,-12.04,-12.04,-12.04,-11.98,-11.98,-12.20,-12.39,-11.90,-12.20,-11.90,-12.26,-11.98,-12.56,-11.90,-12.04,-12.34,-11.98,-12.34,-12.04,-12.20,-12.26,-12.12,-11.90,-12.34,-12.56,-12.12,-11.90,-12.20,-11.98,-11.90,-11.90,-12.20,-12.39,-12.48,-12.20,-12.20,-12.39,-12.34,-12.26,-12.61,-12.70,-12.20,-12.34,-12.48,-12.26,-12.26,-12.34,-12.48,-12.12,-12.34,-12.04,-12.34,-12.12,-12.39,-12.04,-12.34,-12.78,-12.48,-12.34,-12.34,-12.20,-12.26,-12.39,-12.20,-12.39,-12.12,-12.39,-12.26,-11.98,-12.39,-12.34,-11.85,-12.34,-12.39,-12.20,-12.34,-12.04,-12.39,-12.20,-12.04,-11.98,-12.26,-12.34,-12.20,-12.34,-12.26,-12.39,-12.04,-12.26,-12.20,-12.12,-12.48,-12.04,-12.04,-12.39,-12.12,-12.26,-11.98,-12.12,-12.12,-12.20,-12.04,-12.12,-12.12,-11.90,-12.04,-12.26,-12.12,-12.04,-12.34,-12.26,-12.12,-12.39,-12.34,-12.12,-12.12,-11.98,-12.56,-12.12,-12.20,-12.04,-12.26,-12.04,-12.26,-12.04,-11.76,-11.76,-11.63,-11.41,-11.98,-11.76,-11.68,-11.49,-11.41,-11.55,-11.49,-11.49,-11.49,-11.55,-11.41,-11.63,-11.49,-11.76,-11.55,-11.68,-11.63,-11.55,-11.90,-11.55,-11.76,-11.76,-11.63,-11.55,-11.85,-11.76,-11.76,-11.49,-11.68,-11.68,-11.68,-11.49,-11.68,-11.63,-11.63,-11.41,-12.04,-11.76,-11.68,-11.85,-11.68,-11.55,-12.04,-11.90,-11.90,-11.98,-12.20,-11.76,-11.85,-12.12,-11.90,-11.98,-12.20,-12.12,-12.04,-12.12,-11.98,-11.85,-12.20,-12.12,-11.98,-12.26,-11.90,-12.04,-12.12,-12.20,-12.39,-11.98,-11.98,-12.34,-12.12,-12.34,-12.34,-11.98,-11.85,-12.39,-12.34,-12.39,-12.34,-12.12,-12.39,-12.26,-12.34,-12.12,-12.04,-12.26,-12.12,-12.34,-12.12,-12.12,-11.98,-12.20,-12.12,-12.04,-12.04,-12.26,-12.12,-12.04,-12.12,-12.26,-12.12,-12.20,-12.26,-12.48,-12.34,-12.26,-12.20,-12.34,-12.48,-11.90,-12.12,-12.39,-12.12,-11.98,-11.98,-12.34,-12.26,-12.34,-12.39,-12.56,-11.90,-12.39,-12.20,-12.34,-12.39,-12.56,-12.39,-12.39,-12.34,-12.34,-12.12,-12.34,-12.61,-12.12,-12.34,-12.34,-12.34,-12.20,-12.48,-12.12,-12.34,-12.39,-12.70,-12.34,-12.39,-12.39,-12.39,-12.61,-12.48,-12.39,-12.12,-12.39,-11.98,-12.48,-12.48,-12.34,-12.78,-12.20,-12.26,-12.12,-11.98,-12.20,-12.26,-11.90,-12.04,-12.34,-12.04,-12.26,-12.04,-12.26,-12.12,-12.12,-12.04,-12.04,-12.12,-11.98,-12.04,-12.20,-12.34,-12.20,-11.90,-12.12,-12.20,-12.20,-12.34,-12.20,-12.12,-12.20,-12.39,-12.04,-12.20,-12.39,-12.26,-12.26,-12.48,-12.48,-12.20,-12.56,-12.20,-12.34,-12.56,-12.48,-12.12,-12.26,-12.20,-12.20,-12.26,-12.26,-12.39,-12.48
-12.78,-12.70,-12.61,-12.61,-12.48,-12.34,-12.26,-12.26,-12.39,-12.78,-12.39,-12.20,-12.39,-12.34,-12.34,-12.34,-12.26,-12.48,-12.48,-12.26,-12.39,-12.34,-12.20,-12.04,-12.20,-12.04,-12.61,-12.56,-12.34,-12.34,-12.12,-12.20,-12.48,-12.26,-12.12,-12.34,-12.26,-12.12,-12.20,-12.20,-11.98,-12.48,-12.04,-12.39,-12.34,-12.39,-12.04,-12.39,-12.39,-12.12,-12.12,-12.04,-12.20,-12.26,-12.20,-12.20,-12.12,-12.12,-12.48,-11.98,-12.34,-12.39,-12.20,-12.20,-12.12,-12.34,-11.98,-12.26,-12.48,-12.12,-12.48,-12.56,-12.04,-12.12,-12.34,-12.26,-12.56,-12.20,-12.20,-12.34,-12.34,-12.26,-12.34,-12.26,-12.12,-12.39,-12.39,-12.34,-12.39,-12.26,-12.39,-11.98,-12.26,-12.20,-12.34,-12.26,-12.20,-12.26,-12.12,-12.04,-12.20,-12.39,-12.39,-12.56,-12.04,-11.98,-12.26,-12.61,-12.34,-12.34,-12.20,-12.26,-12.39,-12.12,-11.90,-12.20,-12.39,-12.34,-12.04,-11.85,-12.12,-12.26,-12.39,-12.20,-11.98,-12.04,-12.34,-11.98,-11.98,-12.39,-11.90,-12.34,-12.34,-12.26,-12.04,-12.12,-12.26,-12.04,-12.12,-12.61,-12.20,-12.26,-12.26,-11.76,-12.26,-11.98,-12.04,-11.63,-12.34,-12.20,-12.12,-12.04,-12.04,-12.12,-11.98,-12.04,-11.98,-12.20,-12.20,-11.98,-11.98,-12.12,-12.26,-12.04,-11.85,-12.12,-11.90,-11.90,-11.76,-11.68,-11.36,-11.41,-11.63,-11.85,-11.36,-11.27,-11.49,-11.90,-11.27,-11.36,-11.76,-11.41,-11.68,-11.63,-11.27,-11.36,-11.63,-11.76,-11.49,-11.90,-11.98,-11.49,-11.85,-11.63,-11.63,-11.85,-12.20,-11.90,-11.49,-11.90,-11.63,-12.12,-11.68,-11.76,-11.36,-11.90,-11.98,-12.12,-11.63,-11.76,-11.55,-11.98,-11.85,-11.90,-12.12,-11.55,-11.76,-11.98,-11.55,-12.12,-12.12,-12.12,-11.85,-12.04,-11.85,-12.26,-12.20,-12.04,-11.98,-12.26,-11.90,-11.98,-12.04,-12.26,-12.12,-11.98,-11.90,-12.04,-12.34,-12.34,-11.98,-12.26,-12.20,-12.34,-11.90,-11.90,-12.20,-12.34,-12.34,-11.76,-12.20,-12.20,-11.90,-12.12,-12.12,-12.39,-11.68,-11.76,-12.34,-12.34,-12.12,-12.39,-12.12,-12.39,-12.20,-12.26,-12.20,-12.12,-11.98,-11.98,-12.04,-12.04,-12.39,-12.34,-12.20,-12.26,-12.34,-12.70,-12.34,-12.20,-12.26,-12.12,-12.12,-12.26,-12.12,-12.26,-12.39,-12.34,-12.04,-12.26,-12.48,-12.20,-12.48,-12.39,-12.39,-12.26,-12.48,-12.61,-12.26,-12.39,-12.26,-12.56,-12.20,-12.26,-12.39,-12.48,-12.56,-12.26,-12.78,-12.39,-12.34,-12.39,-12.61,-12.34,-12.39,-12.39,-12.34,-12.56,-12.48,-12.39,-12.04,-12.34,-12.70,-12.39,-12.78,-12.56,-12.39,-12.48,-12.26,-12.48,-12.34,-12.34,-12.12,-12.20,-11.98,-12.04,-12.12,-12.20,-12.20,-12.34,-12.34,-12.12,-11.90,-12.12,-11.76,-11.90,-12.20,-12.12,-12.04,-11.68,-12.04,-11.98,-12.12,-12.12,-12.26,-12.39,-12.12,-12.26,-11.98,-12.12,-11.98,-12.20,-12.26,-12.56,-12.34,-12.56,-12.39,-12.12,-12.12,-12.34,-12.12,-12.56,-12.12,-12.20,-11.98,-12.20,-12.39,-12.39,-12.12,-12.39,-12.48,-12.34
-12.70,-12.61,-12.61,-12.83,-12.78,-12.61,-12.70,-12.20,-12.78,-12.56,-12.61,-12.39,-12.12,-12.26,-12.26,-12.34,-12.56,-12.48,-12.56,-12.48,-12.34,-12.56,-12.20,-12.39,-12.48,-12.48,-12.48,-12.12,-12.48,-12.26,-12.34,-12.39,-12.39,-12.26,-12.34,-12.34,-12.34,-12.34,-12.20,-12.20,-12.04,-12.39,-12.04,-12.12,-12.26,-12.34,-11.98,-12.39,-12.26,-12.48,-12.12,-12.26,-12.56,-12.56,-11.90,-12.56,-12.12,-12.34,-12.34,-12.12,-12.20,-12.20,-12.61,-12.34,-12.48,-12.39,-12.34,-12.12,-12.12,-11.90,-12.04,-12.34,-12.39,-12.34,-12.04,-12.26,-12.12,-12.34,-12.39,-12.39,-12.34,-12.61,-12.12,-12.61,-12.61,-12.48,-12.26,-12.26,-12.34,-12.26,-12.48,-12.70,-12.61,-12.56,-12.48,-12.04,-12.20,-12.56,-12.56,-12.26,-12.56,-12.48,-11.98,-12.04,-12.12,-12.20,-12.20,-12.04,-12.39,-12.04,-12.26,-12.34,-12.04,-12.20,-11.98,-12.34,-12.26,-12.34,-12.39,-12.26,-12.26,-12.39,-12.39,-12.48,-12.61,-12.12,-12.39,-12.34,-12.26,-12.20,-11.90,-12.12,-11.98,-12.04,-12.39,-12.12,-12.12,-12.26,-12.26,-12.04,-11.85,-12.34,-11.98,-12.39,-12.26,-12.26,-12.39,-12.12,-12.20,-12.34,-11.98,-12.26,-12.20,-12.34,-12.48,-12.34,-12.34,-12.26,-11.90,-12.04,-12.34,-12.12,-12.26,-12.20,-11.85,-12.12,-11.85,-11.76,-11.76,-12.12,-11.85,-11.63,-11.55,-11.63,-11.49,-11.55,-11.55,-11.55,-11.63,-11.68,-11.41,-12.04,-11.55,-11.68,-11.55,-11.36,-11.55,-11.41,-11.63,-11.68,-12.12,-11.63,-11.85,-11.68,-11.55,-11.76,-11.68,-11.55,-11.55,-11.76,-11.68,-11.68,-11.36,-11.68,-11.85,-11.76,-11.85,-11.76,-11.55,-11.68,-11.68,-11.76,-12.12,-12.12,-11.76,-11.68,-12.12,-11.85,-12.12,-11.85,-11.98,-12.12,-11.90,-12.20,-12.04,-11.98,-12.04,-12.04,-12.12,-11.90,-11.90,-12.12,-11.98,-12.34,-12.39,-12.34,-12.48,-12.20,-12.12,-12.04,-12.26,-12.12,-11.98,-12.04,-12.26,-12.34,-12.20,-11.90,-12.48,-12.26,-12.04,-12.20,-12.39,-12.34,-12.12,-12.26,-12.12,-12.12,-12.20,-12.12,-12.20,-12.26,-12.20,-12.12,-12.39,-12.12,-12.61,-12.04,-12.12,-12.26,-12.12,-12.20,-12.20,-12.34,-12.26,-12.20,-12.20,-12.26,-12.34,-12.12,-12.12,-12.26,-12.12,-12.56,-12.26,-12.20,-12.20,-12.12,-12.70,-12.39,-12.26,-12.39,-12.34,-12.12,-12.70,-12.12,-12.04,-12.12,-12.39,-12.48,-12.34,-12.56,-12.26,-12.56,-12.39,-12.56,-12.56,-12.12,-12.20,-12.26,-12.12,-12.56,-12.34,-12.56,-12.04,-12.61,-12.39,-12.48,-12.56,-12.04,-12.20,-12.39,-12.34,-12.39,-12.48,-12.48,-12.48,-12.39,-12.48,-12.26,-12.34,-12.26,-12.04,-12.34,-12.56,-11.90,-12.20,-12.04,-12.26,-12.20,-12.20,-12.04,-12.12,-12.26,-11.76,-12.12,-11.98,-12.04,-12.34,-12.26,-12.12,-12.26,-12.20,-12.26,-12.12,-12.20,-12.20,-12.20,-12.48,-12.48,-12.56,-12.12,-12.39,-12.20,-12.12,-12.12,-12.48,-12.39,-12.61,-12.34,-12.20,-12.04,-12.39,-12.26,-11.85,-12.20,-12.39,-12.20,-12.26,-12.56,-12.48,-12.26
-12.70,-12.34,-12.70,-12.48,-12.34,-12.56,-12.20,-12.26,-12.39,-12.20,-12.48,-12.56,-12.56,-12.78,-12.39,-12.12,-12.48,-12.48,-12.56,-12.39,-12.39,-12.34,-12.61,-12.20,-12.39,-12.26,-12.26,-12.20,-12.34,-12.39,-12.12,-12.04,-12.34,-12.20,-12.34,-12.20,-12.39,-12.20,-12.20,-12.26,-12.12,-12.20,-11.85,-11.98,-11.98,-12.20,-12.39,-12.61,-12.26,-12.26,-12.04,-12.04,-12.20,-12.48,-12.48,-12.34,-12.04,-12.26,-11.85,-12.34,-11.90,-12.20,-12.26,-12.20,-12.34,-11.98,-12.12,-12.20,-12.12,-12.34,-12.12,-11.98,-11.98,-12.26,-12.48,-12.34,-12.26,-12.34,-12.20,-12.34,-12.34,-12.26,-12.48,-12.20,-12.20,-12.20,-12.39,-12.39,-12.48,-12.70,-12.34,-12.34,-12.39,-12.12,-12.26,-12.34,-12.34,-12.34,-12.39,-12.34,-12.48,-12.48,-12.34,-12.39,-12.39,-12.20,-12.26,-12.26,-12.12,-12.12,-12.26,-12.20,-12.48,-12.12,-12.20,-12.48,-12.04,-12.39,-12.12,-12.34,-12.34,-12.26,-12.39,-12.26,-12.39,-12.48,-12.26,-12.04,-12.48,-12.34,-12.26,-12.39,-11.98,-12.26,-12.39,-12.04,-12.34,-11.90,-12.12,-12.12,-12.39,-12.04,-12.20,-12.12,-12.61,-12.20,-12.12,-12.04,-12.26,-12.20,-11.76,-12.34,-12.26,-12.39,-11.90,-12.12,-12.34,-12.12,-12.12,-12.26,-12.61,-12.20,-12.20,-12.26,-12.12,-11.90,-11.85,-12.04,-11.90,-11.90,-11.68,-11.76,-11.55,-11.76,-12.20,-11.68,-11.49,-11.55,-11.55,-11.55,-11.63,-11.41,-11.90,-11.68,-11.68,-11.68,-11.90,-11.85,-11.90,-11.36,-11.55,-11.85,-11.85,-11.68,-11.49,-11.41,-11.63,-11.68,-11.55,-11.98,-11.76,-11.98,-12.04,-11.98,-11.49,-11.98,-11.76,-11.63,-12.04,-11.85,-11.98,-11.63,-11.90,-11.68,-11.90,-11.76,-12.04,-11.55,-12.12,-11.90,-12.04,-12.04,-12.39,-12.34,-12.34,-12.26,-12.20,-12.26,-12.20,-12.48,-12.04,-12.26,-12.70,-12.04,-12.20,-12.04,-12.34,-12.04,-12.20,-12.20,-12.04,-12.34,-12.20,-12.04,-12.20,-12.26,-12.12,-12.26,-12.48,-12.04,-12.34,-12.56,-11.85,-12.34,-12.26,-12.26,-12.34,-12.12,-12.34,-12.20,-12.20,-12.34,-12.34,-12.48,-12.26,-12.56,-12.20,-11.98,-12.48,-12.26,-12.39,-12.34,-12.26,-11.98,-12.70,-12.48,-12.48,-12.39,-12.26,-12.12,-12.20,-12.56,-12.39,-12.12,-12.48,-11.98,-12.34,-11.90,-12.48,-12.20,-12.12,-12.39,-12.56,-12.20,-12.34,-12.48,-12.92,-12.48,-12.78,-12.48,-12.56,-12.04,-12.48,-12.70,-12.48,-12.26,-12.20,-12.56,-12.34,-12.70,-12.04,-12.48,-12.48,-12.78,-12.34,-12.20,-12.56,-12.39,-12.56,-12.26,-12.61,-12.48,-12.34,-12.34,-12.39,-12.48,-12.70,-12.26,-12.34,-12.26,-12.26,-12.26,-12.04,-11.98,-12.12,-12.20,-12.34,-11.98,-11.85,-12.04,-11.98,-12.12,-11.98,-12.26,-12.04,-12.12,-12.20,-12.12,-12.04,-12.34,-12.20,-12.20,-12.39,-12.04,-12.48,-12.39,-12.20,-12.04,-12.48,-12.12,-12.56,-12.04,-12.26,-12.12,-12.20,-12.12,-11.98,-12.04,-12.04,-12.39,-12.48,-12.12,-12.26,-12.48,-12.39,-12.48,-12.48,-12.34,-12.56,-12.48,-12.56,-12.56
-12.48,-12.61,-12.83,-12.78,-12.78,-12.78,-12.70,-12.39,-12.56,-12.61,-12.34,-12.83,-12.48,-12.78,-12.48,-12.78,-12.48,-12.61,-12.34,-12.34,-12.39,-12.61,-12.56,-12.34,-12.26,-12.26,-12.20,-12.56,-12.20,-12.61,-12.26,-12.34,-12.34,-12.48,-12.48,-12.26,-12.20,-12.20,-12.20,-12.12,-12.04,-12.12,-12.12,-12.04,-12.12,-12.04,-12.56,-12.34,-12.12,-11.98,-11.98,-12.48,-12.26,-12.04,-12.26,-12.39,-12.34,-12.39,-12.04,-12.26,-12.39,-12.34,-12.34,-12.04,-12.04,-12.26,-12.04,-12.26,-12.12,-12.12,-12.26,-12.56,-12.48,-12.61,-12.20,-12.39,-12.48,-12.04,-12.34,-12.56,-12.26,-12.48,-12.48,-12.39,-12.56,-12.20,-12.26,-12.20,-12.12,-12.12,-12.26,-12.39,-12.56,-12.39,-12.34,-12.26,-12.83,-12.34,-12.39,-12.61,-12.48,-12.61,-12.20,-12.39,-12.20,-12.39,-12.20,-12.70,-12.26,-12.48,-12.26,-12.12,-12.12,-12.48,-12.20,-12.20,-12.39,-12.56,-12.34,-12.34,-12.26,-12.26,-12.26,-12.39,-12.12,-12.48,-12.48,-12.39,-12.48,-12.12,-12.12,-12.04,-12.12,-12.39,-12.56,-12.39,-12.12,-12.26,-12.56,-12.12,-12.20,-12.26,-12.39,-12.04,-12.34,-12.20,-12.56,-12.26,-12.20,-12.34,-11.76,-12.04,-11.85,-12.26,-11.98,-12.39,-12.20,-12.26,-12.48,-12.48,-12.26,-12.34,-11.90,-12.12,-11.98,-12.12,-11.98,-12.04,-12.12,-12.04,-11.90,-11.98,-11.63,-11.85,-11.85,-11.68,-11.55,-12.04,-11.85,-11.76,-11.49,-11.68,-12.04,-11.68,-11.85,-11.63,-11.63,-11.68,-11.68,-11.85,-11.90,-11.55,-11.85,-11.85,-11.76,-11.85,-11.68,-12.04,-11.68,-11.76,-11.85,-11.76,-11.98,-12.04,-11.85,-11.76,-11.63,-11.63,-11.85,-11.76,-11.85,-11.85,-12.04,-11.90,-12.04,-12.04,-12.04,-11.98,-12.20,-11.90,-12.04,-12.04,-12.04,-12.12,-12.12,-11.98,-12.12,-12.04,-12.56,-11.90,-12.20,-12.04,-12.04,-12.04,-11.85,-12.12,-12.20,-12.26,-12.34,-12.39,-12.39,-11.90,-12.48,-12.26,-12.12,-12.04,-12.34,-12.48,-12.39,-12.34,-12.39,-12.26,-12.39,-12.26,-12.20,-12.12,-12.12,-12.39,-12.34,-11.98,-12.20,-12.34,-12.39,-12.26,-12.56,-12.04,-12.26,-12.26,-12.20,-12.26,-12.39,-12.56,-12.34,-12.26,-12.12,-12.70,-12.39,-12.26,-12.12,-12.20,-12.56,-12.39,-12.70,-12.26,-12.48,-12.12,-12.39,-12.34,-12.56,-12.34,-12.26,-12.34,-12.39,-12.04,-12.56,-12.26,-12.56,-12.70,-12.70,-12.56,-12.39,-12.34,-12.39,-12.48,-12.48,-12.34,-12.26,-12.34,-12.56,-12.12,-12.34,-12.48,-12.48,-12.34,-12.20,-12.61,-12.34,-12.26,-12.56,-12.39,-12.34,-12.48,-12.39,-12.34,-12.48,-12.61,-12.78,-12.48,-12.20,-12.34,-12.34,-12.34,-12.04,-11.98,-12.34,-11.98,-12.20,-12.04,-12.20,-12.20,-12.12,-12.20,-12.12,-12.04,-11.98,-12.12,-12.26,-12.26,-11.90,-12.34,-12.20,-12.12,-11.90,-12.04,-11.68,-12.12,-12.70,-12.34,-12.12,-12.20,-12.26,-12.48,-12.56,-12.12,-12.39,-12.04,-12.61,-12.48,-12.04,-12.26,-12.20,-12.39,-12.39,-12.26,-12.34,-12.48,-12.20,-12.48,-12.56,-12.34,-12.61,-12.34
-12.56,-12.78,-12.48,-12.61,-12.56,-12.78,-12.61,-12.83,-12.61,-12.56,-12.56,-12.39,-12.26,-12.34,-12.48,-12.48,-12.39,-12.26,-12.34,-12.34,-12.26,-12.26,-12.12,-12.26,-12.12,-12.34,-12.20,-12.56,-12.20,-12.34,-12.26,-12.48,-12.12,-12.12,-12.34,-12.34,-12.04,-12.20,-12.12,-12.26,-12.39,-12.20,-12.26,-12.20,-12.12,-11.90,-11.98,-12.20,-12.34,-12.26,-12.20,-12.04,-11.98,-12.39,-12.20,-12.20,-12.34,-12.39,-12.48,-12.34,-12.26,-12.48,-12.12,-12.26,-12.20,-12.20,-12.56,-12.20,-12.56,-12.26,-12.39,-12.34,-12.39,-12.61,-12.39,-12.26,-12.39,-12.48,-12.39,-12.26,-12.26,-12.26,-12.34,-12.26,-12.26,-12.26,-12.70,-12.34,-12.48,-12.70,-12.39,-12.48,-12.34,-12.48,-12.39,-12.56,-12.39,-12.04,-12.39,-12.70,-12.34,-12.20,-12.34,-12.34,-12.39,-12.26,-12.12,-12.34,-12.39,-11.98,-12.20,-12.26,-12.34,-12.12,-12.26,-12.39,-12.20,-12.20,-12.26,-12.20,-12.20,-12.20,-12.39,-12.39,-12.20,-12.56,-12.20,-11.98,-12.26,-12.48,-12.34,-12.26,-12.34,-12.12,-12.12,-12.12,-12.26,-11.90,-12.48,-11.98,-12.04,-12.12,-12.20,-12.04,-12.12,-12.26,-12.34,-12.20,-11.90,-12.39,-12.39,-12.56,-12.12,-12.39,-12.20,-12.48,-12.26,-12.20,-12.34,-12.12,-12.04,-12.26,-11.98,-12.34,-12.04,-11.85,-12.04,-11.85,-11.85,-11.85,-11.85,-11.41,-11.90,-11.55,-11.76,-11.68,-11.55,-11.98,-12.12,-11.49,-11.63,-11.68,-11.68,-11.63,-11.55,-12.04,-11.68,-11.55,-11.76,-11.98,-12.12,-11.76,-11.85,-11.76,-11.68,-11.98,-11.49,-11.85,-12.04,-11.68,-11.85,-11.63,-11.90,-12.04,-11.85,-12.04,-11.98,-11.68,-11.76,-11.85,-11.85,-12.20,-11.98,-11.55,-11.98,-12.12,-12.04,-12.04,-12.04,-12.04,-12.12,-12.12,-12.04,-12.12,-12.20,-12.04,-12.26,-12.12,-12.12,-12.34,-12.12,-12.34,-12.04,-12.20,-11.90,-12.26,-12.39,-12.12,-12.34,-12.12,-12.34,-12.26,-12.39,-12.56,-12.39,-12.26,-12.34,-12.48,-12.12,-12.39,-12.26,-12.20,-12.39,-12.26,-12.20,-12.48,-12.34,-12.26,-12.39,-12.20,-12.04,-12.48,-12.48,-12.12,-12.48,-12.26,-12.26,-12.39,-12.26,-12.39,-12.39,-12.70,-12.26,-12.26,-12.26,-12.20,-12.20,-12.48,-12.26,-12.20,-12.34,-12.26,-12.20,-12.04,-12.26,-12.20,-12.48,-12.34,-11.98,-12.26,-12.34,-12.70,-12.26,-12.48,-12.34,-12.48,-12.39,-12.26,-12.48,-12.56,-12.39,-12.61,-12.26,-12.48,-12.26,-12.34,-12.34,-12.04,-12.12,-12.61,-12.20,-12.34,-12.26,-12.56,-12.70,-12.48,-12.34,-12.56,-12.39,-12.26,-12.48,-12.34,-12.70,-12.70,-12.56,-12.39,-12.78,-12.48,-12.26,-12.34,-12.34,-12.34,-12.20,-11.90,-12.48,-12.20,-12.34,-12.12,-12.12,-11.76,-12.26,-12.26,-11.90,-12.48,-12.20,-12.26,-12.04,-12.20,-12.26,-12.20,-12.20,-12.48,-11.55,-12.04,-11.90,-12.04,-12.26,-12.04,-12.34,-12.26,-12.12,-12.20,-12.48,-12.26,-12.26,-12.04,-12.26,-12.39,-12.39,-12.20,-12.48,-12.39,-12.20,-12.56,-12.48,-12.26,-12.20,-12.34,-12.48,-12.61,-12.56,-12.34
-12.56,-12.34,-12.48,-12.61,-12.70,-12.78,-12.83,-12.48,-12.48,-12.39,-12.48,-12.56,-12.48,-12.39,-12.48,-12.34,-12.61,-12.34,-12.39,-12.20,-12.20,-12.26,-12.48,-12.34,-12.48,-12.61,-12.39,-12.61,-12.34,-12.26,-12.34,-12.12,-12.26,-12.34,-12.34,-12.26,-12.04,-12.48,-12.04,-12.12,-12.56,-12.39,-11.98,-12.34,-12.20,-12.26,-12.20,-12.61,-12.12,-12.12,-11.90,-11.98,-12.12,-12.20,-12.26,-12.12,-12.20,-12.04,-12.26,-12.20,-12.26,-11.90,-12.12,-12.39,-12.20,-11.98,-12.34,-12.04,-12.04,-12.48,-12.04,-12.12,-12.39,-12.39,-12.34,-12.20,-12.12,-12.20,-12.12,-12.39,-12.20,-12.26,-12.48,-12.39,-12.56,-12.56,-12.34,-12.39,-12.48,-12.48,-12.39,-12.48,-12.26,-12.20,-12.26,-12.48,-12.26,-12.20,-12.26,-12.48,-12.48,-12.34,-12.48,-12.39,-12.04,-12.34,-12.34,-12.39,-12.39,-12.12,-12.20,-12.34,-12.48,-12.56,-12.34,-12.48,-11.85,-12.26,-12.20,-12.48,-12.20,-12.26,-12.48,-12.39,-12.26,-12.39,-12.83,-12.39,-11.98,-12.12,-12.26,-12.39,-12.20,-12.26,-12.39,-12.39,-12.61,-12.20,-12.26,-12.26,-12.12,-12.34,-12.26,-12.12,-12.34,-12.20,-12.04,-11.98,-12.39,-12.12,-12.20,-12.04,-12.26,-12.26,-12.39,-12.56,-12.26,-11.98,-12.20,-12.04,-12.34,-12.04,-11.90,-11.85,-11.98,-11.98,-12.04,-11.98,-11.98,-12.04,-12.26,-11.63,-11.85,-11.85,-11.55,-11.85,-11.68,-11.36,-11.55,-11.68,-11.55,-11.98,-11.68,-11.76,-11.85,-11.68,-11.85,-11.85,-11.63,-11.63,-11.27,-11.41,-11.55,-11.76,-11.63,-11.63,-11.85,-11.85,-12.20,-11.55,-11.85,-11.90,-11.85,-11.85,-11.68,-11.98,-11.90,-11.85,-12.04,-11.85,-12.04,-11.90,-12.04,-11.63,-11.90,-11.90,-12.20,-11.98,-11.90,-12.26,-12.34,-12.34,-12.26,-12.20,-12.12,-12.34,-12.39,-12.20,-12.12,-12.04,-12.04,-12.56,-12.04,-12.12,-12.12,-12.12,-12.26,-12.26,-12.34,-12.12,-11.98,-12.34,-12.26,-12.04,-12.56,-12.20,-12.34,-12.12,-12.56,-12.04,-12.20,-12.48,-11.98,-12.04,-12.34,-12.26,-12.04,-12.34,-12.20,-12.04,-12.39,-12.20,-12.26,-12.34,-12.56,-12.20,-12.20,-12.12,-12.04,-12.26,-12.34,-12.34,-12.34,-12.20,-12.26,-12.34,-12.61,-12.20,-12.34,-12.04,-12.34,-12.39,-12.26,-12.39,-12.34,-12.61,-12.26,-12.61,-12.61,-12.12,-12.20,-12.48,-12.12,-12.26,-12.20,-12.39,-12.26,-12.26,-12.48,-12.56,-12.34,-12.34,-12.61,-12.56,-12.78,-12.48,-12.48,-12.61,-12.39,-12.56,-12.26,-12.61,-12.26,-12.26,-12.97,-12.48,-12.34,-12.39,-12.48,-12.39,-12.48,-12.48,-12.78,-12.56,-12.39,-12.78,-12.83,-12.26,-12.34,-12.39,-12.26,-12.39,-12.48,-12.34,-12.20,-12.34,-11.98,-12.20,-12.34,-12.26,-12.34,-11.98,-12.04,-12.20,-12.48,-12.26,-12.04,-12.12,-12.20,-12.34,-12.34,-12.26,-12.20,-12.04,-12.20,-12.12,-12.34,-12.20,-11.90,-12.20,-12.20,-12.34,-12.34,-12.34,-12.12,-12.34,-11.98,-12.34,-12.39,-12.20,-12.56,-12.61,-12.12,-12.83,-12.20,-12.61,-12.92,-12.20,-12.26,-12.48,-12.34,-12.92
-12.70,-12.56,-12.61,-12.34,-12.39,-12.83,-12.26,-12.39,-12.83,-12.26,-12.48,-12.39,-12.04,-12.39,-12.48,-12.48,-12.39,-12.48,-12.39,-12.12,-12.56,-12.56,-12.20,-12.56,-12.34,-12.26,-12.61,-12.34,-12.39,-12.20,-12.26,-12.34,-12.26,-11.90,-11.85,-12.56,-12.20,-12.12,-12.48,-12.04,-12.34,-12.39,-12.04,-12.34,-12.39,-11.98,-12.12,-12.26,-12.48,-12.04,-12.39,-12.04,-12.04,-12.12,-12.20,-12.20,-11.90,-12.39,-12.20,-12.26,-12.12,-12.48,-12.20,-11.90,-12.34,-12.20,-12.48,-12.61,-11.90,-12.48,-12.26,-12.48,-12.34,-11.90,-12.48,-12.12,-12.34,-12.39,-12.20,-12.20,-12.39,-12.20,-12.12,-12.04,-12.48,-12.48,-12.34,-12.39,-12.56,-12.20,-12.70,-12.39,-12.39,-12.48,-12.39,-12.39,-12.26,-12.26,-12.39,-12.04,-12.04,-12.48,-12.39,-12.39,-12.34,-12.20,-12.26,-12.34,-12.39,-12.34,-12.39,-12.20,-12.34,-12.26,-11.98,-12.26,-12.34,-12.20,-12.12,-12.04,-12.34,-12.39,-12.34,-12.48,-12.34,-12.34,-12.34,-11.90,-12.48,-11.98,-12.48,-12.26,-12.20,-12.39,-12.39,-12.34,-12.39,-12.34,-12.39,-12.12,-12.56,-12.12,-11.98,-12.26,-12.34,-12.39,-12.04,-12.26,-12.39,-12.04,-11.90,-12.26,-12.34,-12.26,-12.26,-12.26,-12.20,-12.26,-11.90,-12.39,-12.20,-12.39,-12.12,-11.98,-11.90,-11.98,-11.98,-12.12,-11.85,-11.85,-11.68,-11.68,-11.49,-11.49,-11.63,-11.68,-11.76,-11.63,-11.49,-11.49,-11.63,-11.68,-11.90,-11.85,-11.90,-12.12,-11.76,-11.68,-11.90,-11.55,-11.68,-11.85,-11.98,-11.98,-11.68,-11.76,-11.63,-12.04,-11.76,-11.90,-11.55,-11.63,-11.63,-11.68,-11.76,-11.76,-12.12,-11.85,-11.90,-11.90,-11.68,-11.68,-11.85,-11.76,-11.90,-12.26,-12.04,-11.98,-12.04,-11.55,-12.20,-12.34,-12.39,-12.26,-12.12,-12.39,-12.04,-12.39,-11.90,-12.04,-12.26,-11.85,-12.26,-12.12,-12.39,-12.34,-12.70,-12.12,-11.98,-12.04,-12.20,-12.12,-12.26,-12.20,-11.76,-12.39,-12.48,-12.34,-12.26,-12.34,-12.26,-11.98,-12.12,-12.04,-12.04,-12.20,-12.34,-12.26,-12.04,-12.34,-12.20,-12.20,-12.39,-12.34,-12.48,-12.12,-12.39,-12.48,-12.48,-12.34,-12.39,-12.61,-12.20,-12.34,-12.20,-12.39,-12.34,-11.90,-12.04,-12.39,-12.20,-12.26,-12.04,-12.20,-12.56,-12.04,-12.12,-12.20,-12.39,-12.61,-12.56,-12.56,-12.34,-12.12,-12.34,-12.26,-12.70,-12.20,-12.20,-12.20,-12.39,-12.26,-12.56,-12.39,-12.61,-12.04,-12.12,-12.12,-12.26,-12.39,-12.78,-12.56,-12.56,-12.39,-12.56,-12.34,-12.48,-12.48,-12.26,-12.56,-12.20,-12.56,-12.61,-12.48,-12.48,-12.26,-12.26,-12.39,-12.56,-12.39,-12.39,-12.39,-12.04,-12.34,-12.20,-12.34,-12.26,-12.12,-11.90,-11.98,-11.98,-12.12,-12.20,-12.12,-12.04,-11.76,-11.98,-12.04,-12.26,-12.20,-12.48,-12.39,-12.39,-12.04,-12.20,-12.12,-12.26,-12.12,-12.34,-12.34,-12.04,-12.39,-12.04,-12.39,-12.48,-12.26,-12.48,-12.34,-12.20,-11.98,-12.48,-12.26,-12.70,-12.48,-12.48,-12.39,-12.34,-12.04,-12.48,-12.61,-12.56,-12.12
-12.70,-12.56,-12.78,-12.48,-12.78,-12.70,-12.39,-12.70,-12.56,-12.39,-12.56,-12.12,-12.34,-12.48,-12.48,-12.39,-12.34,-12.20,-12.56,-12.20,-12.56,-12.20,-12.39,-12.20,-12.26,-12.34,-12.20,-12.26,-12.48,-12.26,-12.04,-12.34,-12.34,-12.26,-12.56,-12.39,-12.34,-12.26,-12.34,-12.12,-12.26,-12.48,-12.20,-12.12,-12.12,-12.20,-12.26,-12.20,-12.20,-12.04,-12.34,-12.04,-12.34,-12.56,-12.26,-12.48,-12.34,-12.26,-12.20,-12.34,-12.26,-11.98,-11.98,-12.04,-12.26,-12.26,-11.90,-12.26,-12.34,-12.34,-12.34,-12.12,-12.34,-12.26,-12.04,-12.20,-12.39,-12.26,-12.39,-12.48,-12.26,-12.34,-12.39,-12.56,-12.20,-12.56,-12.04,-12.48,-12.61,-12.48,-12.48,-12.56,-12.39,-12.39,-12.39,-12.20,-12.34,-12.48,-12.34,-12.48,-12.39,-12.26,-12.56,-12.39,-12.39,-12.26,-12.39,-12.34,-12.39,-12.20,-12.26,-12.48,-12.39,-12.04,-12.48,-12.12,-12.39,-12.56,-12.48,-12.34,-11.85,-12.39,-12.12,-12.26,-12.12,-12.39,-12.20,-12.26,-11.98,-12.20,-12.34,-12.04,-12.12,-12.39,-12.04,-12.48,-12.61,-11.90,-12.39,-12.34,-12.34,-12.04,-11.90,-12.26,-12.34,-12.20,-12.34,-12.12,-11.90,-12.61,-12.26,-11.98,-12.20,-12.48,-12.34,-12.26,-12.12,-12.39,-12.12,-12.26,-12.34,-11.98,-11.68,-12.04,-12.12,-12.20,-12.12,-12.20,-11.76,-11.98,-11.76,-11.76,-11.90,-11.63,-11.63,-11.90,-11.68,-11.68,-11.68,-11.98,-11.63,-11.68,-11.85,-11.76,-11.55,-11.49,-11.76,-11.76,-11.63,-11.68,-11.41,-11.49,-11.76,-11.76,-11.68,-11.55,-11.63,-11.85,-11.85,-12.12,-11.68,-11.90,-11.63,-11.76,-11.68,-12.12,-11.76,-11.41,-12.04,-11.85,-11.90,-11.98,-12.12,-11.90,-11.85,-12.26,-12.12,-11.90,-12.20,-12.26,-11.68,-11.98,-12.12,-12.34,-12.26,-12.39,-12.34,-12.20,-12.12,-12.26,-12.39,-12.48,-12.20,-12.20,-12.04,-12.12,-12.12,-12.39,-12.12,-12.56,-12.04,-12.39,-12.48,-12.34,-12.26,-12.34,-12.39,-12.26,-12.12,-12.26,-12.12,-11.98,-12.12,-12.04,-12.04,-11.90,-12.39,-12.39,-12.26,-12.26,-12.34,-12.34,-12.04,-11.98,-12.34,-12.26,-12.26,-12.26,-12.20,-12.39,-12.26,-12.39,-12.26,-11.98,-12.20,-12.20,-12.61,-12.12,-12.39,-12.26,-12.26,-12.61,-12.61,-12.26,-12.39,-12.61,-12.34,-12.12,-12.61,-12.26,-12.20,-12.26,-12.26,-12.34,-12.34,-12.39,-12.39,-12.70,-12.56,-12.39,-12.56,-12.20,-12.20,-12.61,-12.39,-12.48,-12.39,-12.39,-12.39,-12.61,-12.39,-12.04,-12.56,-12.92,-12.20,-12.34,-12.48,-12.34,-12.34,-12.70,-12.39,-12.34,-12.39,-12.56,-12.61,-12.48,-12.92,-12.39,-12.61,-12.39,-12.39,-12.39,-12.12,-12.12,-12.26,-12.34,-11.98,-11.76,-12.20,-11.85,-12.26,-12.12,-12.12,-12.34,-12.12,-12.12,-11.90,-12.20,-12.20,-12.26,-12.12,-12.20,-12.04,-12.34,-12.04,-12.20,-12.34,-12.26,-12.20,-12.26,-12.04,-12.56,-12.26,-12.39,-12.56,-12.34,-12.26,-12.34,-12.34,-12.34,-12.26,-12.04,-12.20,-12.56,-12.56,-12.04,-12.61,-12.20,-12.39,-12.12,-12.56,-12.39
-12.78,-12.70,-12.61,-12.48,-12.78,-12.48,-12.48,-12.61,-12.39,-12.34,-12.48,-12.34,-12.48,-12.70,-12.48,-12.70,-12.20,-12.26,-12.34,-12.26,-12.20,-12.39,-12.48,-12.48,-12.48,-12.56,-12.20,-12.61,-12.61,-12.34,-12.26,-12.34,-12.56,-12.34,-12.04,-11.98,-12.04,-12.39,-12.20,-12.48,-12.34,-12.20,-12.39,-11.90,-12.12,-12.34,-12.20,-12.34,-12.04,-12.26,-12.48,-12.48,-12.48,-12.34,-12.26,-12.39,-12.20,-11.98,-12.26,-12.20,-12.12,-12.56,-12.39,-12.12,-12.34,-12.04,-12.34,-12.34,-12.34,-12.34,-12.39,-12.39,-12.61,-12.34,-12.48,-12.26,-12.12,-12.39,-12.56,-12.20,-12.92,-12.56,-12.26,-12.26,-12.12,-12.12,-12.48,-12.48,-12.48,-12.56,-12.39,-12.39,-12.56,-12.34,-12.20,-12.12,-12.39,-12.39,-12.39,-12.48,-12.48,-12.56,-12.34,-12.48,-12.56,-12.34,-12.56,-12.61,-12.48,-12.12,-12.20,-12.26,-12.20,-12.20,-12.39,-12.56,-12.26,-12.39,-12.39,-12.61,-12.39,-12.26,-12.39,-12.56,-12.61,-12.04,-11.90,-12.39,-12.12,-12.26,-12.20,-12.48,-11.90,-12.34,-12.26,-12.56,-12.12,-12.48,-12.12,-12.34,-12.61,-11.98,-12.20,-12.26,-12.48,-12.20,-12.39,-12.39,-12.04,-12.26,-12.26,-12.20,-12.20,-12.26,-12.56,-12.34,-12.26,-12.20,-12.12,-11.90,-12.56,-11.98,-12.26,-12.39,-11.85,-12.34,-12.26,-11.85,-12.12,-11.68,-12.12,-11.63,-11.63,-11.90,-12.04,-11.63,-11.68,-11.85,-11.68,-11.98,-11.76,-11.85,-11.68,-11.90,-11.41,-11.85,-11.98,-11.68,-11.68,-11.85,-11.85,-11.76,-11.68,-11.63,-11.98,-11.85,-11.90,-11.55,-11.63,-12.12,-11.85,-11.85,-11.76,-11.76,-11.68,-11.41,-12.04,-11.55,-11.85,-11.98,-11.68,-11.98,-11.68,-12.12,-11.98,-12.20,-11.98,-12.34,-12.12,-12.56,-12.12,-12.34,-12.34,-12.20,-12.20,-12.56,-12.20,-12.12,-12.20,-12.34,-12.12,-11.98,-11.98,-12.26,-12.48,-11.98,-11.90,-12.12,-12.26,-12.12,-12.26,-12.12,-12.48,-12.39,-11.90,-12.34,-12.12,-12.12,-12.12,-12.56,-12.12,-12.34,-12.39,-12.39,-12.34,-12.34,-12.48,-12.12,-12.20,-11.85,-12.48,-12.20,-12.39,-12.39,-12.34,-12.26,-12.48,-12.04,-12.39,-12.20,-11.85,-12.04,-12.39,-12.12,-12.12,-12.39,-12.56,-12.12,-12.39,-12.34,-12.34,-12.20,-12.34,-12.61,-12.39,-12.34,-12.34,-12.26,-12.34,-12.78,-12.56,-12.34,-12.48,-12.61,-12.34,-12.48,-12.70,-12.56,-12.56,-12.48,-12.48,-12.61,-12.56,-12.61,-12.39,-11.85,-12.39,-12.48,-12.39,-12.48,-12.61,-12.20,-12.26,-12.20,-12.56,-12.56,-12.48,-11.98,-12.61,-12.39,-12.20,-12.70,-12.48,-12.48,-12.39,-12.56,-12.56,-12.83,-12.39,-12.56,-12.39,-12.04,-12.34,-12.20,-12.34,-12.26,-12.12,-12.20,-12.12,-12.34,-12.26,-12.34,-11.85,-12.34,-12.12,-12.20,-11.90,-11.90,-11.90,-12.12,-12.12,-12.39,-12.20,-12.12,-11.98,-12.83,-12.20,-12.61,-12.34,-12.83,-12.26,-12.48,-12.34,-12.48,-12.61,-12.34,-12.04,-12.26,-12.26,-12.20,-12.39,-12.56,-12.12,-12.83,-12.26,-12.61,-12.04,-12.39,-12.12,-12.34,-12.61,-12.48
-12.83,-12.83,-12.83,-12.70,-12.61,-12.34,-12.48,-12.61,-12.61,-12.48,-12.48,-12.78,-12.26,-12.39,-12.48,-12.48,-12.48,-12.26,-12.78,-12.39,-12.39,-12.26,-12.34,-12.70,-12.39,-12.56,-12.56,-12.26,-12.48,-12.61,-11.90,-12.20,-12.34,-12.56,-12.34,-12.39,-12.34,-12.34,-12.34,-12.39,-12.61,-12.48,-12.04,-12.70,-12.34,-12.39,-12.26,-12.78,-12.20,-12.56,-12.48,-12.34,-12.34,-12.20,-12.61,-12.34,-12.34,-12.34,-12.20,-12.12,-12.48,-12.12,-12.34,-12.20,-12.12,-12.20,-12.34,-12.12,-12.04,-11.98,-12.26,-12.12,-12.56,-12.48,-12.39,-12.61,-12.12,-12.39,-12.56,-12.48,-12.56,-12.39,-12.34,-12.48,-12.39,-12.26,-12.12,-12.48,-11.98,-12.92,-12.34,-12.26,-12.48,-12.34,-12.39,-12.39,-12.48,-12.26,-12.39,-12.12,-12.34,-12.39,-12.26,-12.56,-12.92,-12.61,-12.56,-12.61,-12.61,-12.26,-12.56,-12.04,-12.39,-12.61,-12.20,-12.39,-12.12,-11.98,-12.39,-12.39,-12.61,-12.20,-12.34,-12.39,-12.26,-12.39,-12.34,-12.70,-12.26,-12.48,-12.56,-12.39,-12.48,-12.20,-12.61,-12.20,-12.34,-12.26,-12.26,-12.04,-12.04,-12.20,-12.56,-12.20,-12.12,-12.20,-12.26,-12.20,-11.85,-12.04,-12.26,-12.20,-12.39,-12.56,-11.98,-12.48,-12.04,-12.26,-12.48,-12.12,-12.48,-11.85,-12.04,-12.20,-12.20,-12.12,-11.76,-12.20,-11.85,-11.85,-12.04,-11.76,-11.41,-11.76,-11.68,-11.68,-11.85,-11.98,-11.85,-11.98,-11.98,-11.90,-11.76,-11.63,-11.98,-11.63,-11.76,-11.49,-11.49,-11.76,-11.68,-12.04,-11.85,-11.98,-11.68,-11.63,-11.68,-11.68,-11.98,-11.76,-11.63,-11.90,-11.63,-11.68,-11.76,-11.98,-11.85,-12.12,-11.90,-11.85,-12.04,-11.85,-11.63,-12.12,-11.90,-12.12,-11.98,-12.12,-12.12,-12.20,-12.12,-12.34,-12.26,-12.20,-12.34,-12.34,-12.20,-12.20,-12.20,-12.34,-12.04,-12.12,-12.12,-12.26,-11.98,-12.26,-11.90,-12.48,-11.98,-12.12,-12.12,-12.12,-12.20,-12.20,-12.39,-12.04,-12.04,-12.20,-12.48,-12.12,-12.34,-12.12,-12.48,-12.34,-12.39,-12.04,-12.20,-12.48,-12.56,-11.98,-12.26,-11.85,-12.26,-12.56,-12.56,-12.56,-12.56,-12.48,-12.04,-12.48,-12.34,-12.34,-12.34,-12.20,-12.34,-12.56,-12.20,-12.56,-12.48,-12.26,-12.39,-11.90,-12.34,-12.26,-12.34,-12.39,-12.39,-12.61,-12.61,-12.61,-12.56,-12.61,-12.26,-12.39,-12.34,-12.70,-12.48,-12.39,-12.56,-12.34,-12.48,-12.20,-12.56,-12.56,-12.56,-12.34,-12.70,-12.70,-12.56,-12.61,-12.39,-12.61,-12.56,-12.04,-12.26,-12.48,-12.34,-12.39,-12.26,-12.26,-12.20,-12.48,-12.34,-12.20,-12.92,-12.56,-12.70,-12.39,-12.70,-12.70,-12.26,-12.20,-12.12,-12.56,-12.48,-12.39,-12.04,-12.12,-12.26,-12.04,-12.12,-11.90,-11.98,-12.34,-12.34,-12.20,-12.26,-11.98,-12.39,-11.90,-12.48,-12.39,-12.26,-12.34,-12.20,-12.26,-12.39,-12.34,-12.48,-12.39,-12.34,-12.34,-12.26,-12.20,-12.20,-12.39,-12.20,-12.26,-12.12,-12.20,-12.12,-12.26,-12.39,-12.56,-12.26,-12.34,-12.48,-12.34,-12.20,-12.61,-12.56,-12.70
-12.61,-12.39,-12.78,-12.70,-12.83,-12.39,-12.78,-12.56,-12.61,-12.39,-12.70,-12.56,-12.56,-12.56,-12.34,-12.56,-12.34,-12.61,-12.78,-12.56,-12.26,-12.61,-12.39,-12.26,-12.48,-12.20,-12.39,-12.34,-12.04,-12.39,-12.34,-12.56,-12.26,-12.34,-12.34,-12.56,-12.20,-12.20,-12.39,-12.12,-12.34,-12.04,-12.70,-12.26,-12.12,-12.34,-12.34,-12.56,-12.34,-12.26,-12.26,-12.48,-12.39,-12.61,-12.56,-12.34,-12.70,-12.39,-12.39,-12.39,-12.56,-12.04,-12.20,-12.48,-12.20,-12.70,-12.48,-12.48,-12.34,-12.26,-12.26,-12.04,-12.48,-12.20,-12.20,-12.70,-12.34,-12.34,-12.20,-12.26,-12.39,-12.26,-12.48,-12.26,-12.34,-12.39,-12.48,-12.39,-12.34,-12.39,-12.48,-12.56,-12.48,-12.56,-12.48,-12.56,-12.56,-12.61,-12.39,-12.48,-12.39,-12.48,-12.70,-12.83,-12.39,-12.48,-12.20,-12.48,-12.39,-12.26,-12.34,-12.39,-12.61,-12.48,-12.34,-12.48,-12.26,-12.20,-12.20,-12.83,-12.61,-12.61,-12.39,-12.34,-12.34,-12.26,-12.61,-12.04,-12.48,-12.20,-12.48,-12.12,-12.39,-12.20,-12.26,-12.48,-12.26,-12.56,-12.34,-12.12,-12.34,-12.04,-12.39,-12.48,-12.12,-11.85,-12.61,-12.26,-12.20,-12.34,-11.90,-12.26,-12.04,-12.20,-12.12,-11.98,-12.26,-12.34,-11.98,-12.20,-12.26,-12.34,-12.04,-12.48,-11.90,-12.12,-11.90,-12.26,-11.90,-11.85,-12.04,-11.85,-12.12,-11.76,-11.98,-11.98,-11.63,-11.85,-11.63,-11.68,-11.85,-11.76,-11.41,-11.98,-11.98,-11.55,-11.98,-12.04,-12.04,-11.76,-11.85,-11.98,-11.85,-12.04,-11.68,-11.85,-11.90,-11.68,-11.68,-11.55,-11.76,-11.90,-11.76,-11.85,-12.04,-11.76,-11.98,-11.85,-12.12,-11.68,-12.34,-11.98,-11.85,-12.04,-11.76,-12.20,-11.90,-12.39,-12.12,-12.20,-12.48,-12.48,-12.26,-12.34,-11.98,-12.39,-12.26,-12.26,-12.26,-12.39,-12.26,-12.39,-12.26,-12.56,-12.04,-12.12,-12.39,-12.34,-12.12,-12.34,-12.20,-12.34,-12.34,-12.34,-12.26,-12.34,-12.26,-12.48,-12.48,-11.90,-12.04,-12.39,-12.26,-12.34,-12.26,-12.56,-12.26,-12.48,-12.56,-12.34,-12.39,-12.39,-12.26,-12.12,-12.61,-12.48,-12.56,-12.26,-12.56,-12.39,-12.48,-12.39,-12.20,-12.34,-12.20,-12.26,-12.39,-12.39,-12.39,-12.56,-12.26,-12.56,-12.61,-12.39,-12.12,-12.34,-12.48,-12.56,-12.34,-12.70,-12.34,-12.34,-12.34,-12.20,-12.04,-12.97,-12.34,-12.34,-12.48,-12.34,-12.61,-12.61,-12.48,-12.61,-12.34,-12.70,-12.26,-12.48,-12.34,-12.48,-12.48,-12.48,-12.70,-12.61,-12.34,-12.56,-12.70,-12.34,-12.48,-12.61,-12.48,-12.48,-12.56,-12.48,-12.61,-12.61,-12.70,-12.61,-12.92,-12.48,-12.26,-12.56,-12.48,-12.34,-12.39,-12.26,-12.26,-12.34,-12.20,-11.76,-12.04,-12.20,-12.20,-12.04,-12.26,-12.34,-12.20,-12.20,-12.20,-12.34,-12.34,-12.34,-12.20,-12.20,-12.26,-12.34,-12.39,-12.56,-12.34,-12.70,-12.34,-12.39,-12.34,-12.39,-12.70,-12.48,-12.26,-12.56,-12.34,-12.26,-12.34,-12.34,-11.98,-12.61,-12.04,-12.48,-12.56,-12.48,-12.56,-12.48,-12.39,-12.56
-12.78,-12.92,-12.78,-12.56,-12.83,-12.56,-12.56,-12.61,-12.70,-12.48,-12.70,-12.48,-12.12,-12.48,-12.26,-12.26,-12.61,-12.56,-12.34,-12.48,-12.70,-12.61,-12.26,-12.56,-12.34,-12.56,-12.26,-12.20,-12.56,-12.39,-12.39,-12.34,-12.70,-12.20,-12.04,-12.48,-12.20,-12.20,-12.04,-12.39,-12.34,-12.56,-12.48,-12.61,-12.26,-12.04,-12.34,-12.34,-12.56,-12.39,-12.34,-12.20,-12.34,-12.34,-11.98,-12.12,-12.39,-12.48,-12.56,-12.26,-12.61,-12.12,-12.34,-12.20,-12.12,-12.26,-12.34,-12.20,-12.20,-12.04,-12.56,-12.56,-12.39,-12.26,-12.39,-12.39,-12.34,-12.70,-12.20,-12.39,-12.61,-12.48,-12.48,-12.70,-12.83,-12.56,-12.34,-12.34,-12.70,-12.34,-12.61,-12.61,-12.39,-12.61,-12.34,-12.78,-12.39,-12.26,-12.34,-12.56,-12.34,-12.39,-12.61,-12.61,-12.34,-12.12,-12.56,-12.56,-12.56,-12.34,-12.26,-12.61,-12.48,-12.61,-12.34,-12.56,-12.39,-12.56,-12.39,-12.48,-12.34,-12.34,-12.20,-12.70,-12.39,-12.20,-12.20,-12.26,-12.48,-12.04,-12.56,-12.26,-12.34,-12.39,-12.48,-12.26,-12.34,-12.20,-12.39,-12.04,-12.70,-12.20,-12.61,-12.04,-12.04,-12.34,-12.12,-12.39,-12.39,-12.39,-12.39,-11.98,-12.34,-12.34,-12.26,-12.26,-12.26,-12.20,-12.12,-12.20,-12.48,-12.26,-12.20,-12.20,-12.20,-12.48,-12.04,-11.76,-12.04,-11.98,-11.85,-11.85,-11.68,-11.90,-11.98,-11.90,-11.90,-11.98,-11.85,-11.85,-11.76,-11.85,-11.68,-11.68,-11.98,-11.68,-11.85,-11.90,-11.55,-11.90,-11.98,-11.63,-11.85,-11.76,-11.98,-11.85,-11.98,-11.63,-11.85,-11.85,-11.55,-11.98,-11.68,-11.68,-11.76,-11.85,-11.68,-11.76,-11.85,-11.76,-11.90,-11.76,-11.49,-12.20,-12.04,-12.12,-12.34,-12.20,-12.39,-12.26,-12.34,-12.12,-12.20,-12.12,-12.12,-12.26,-12.20,-12.34,-12.34,-12.34,-12.20,-12.39,-12.12,-12.56,-12.26,-12.12,-12.34,-12.48,-12.39,-12.04,-12.61,-12.39,-12.39,-12.39,-12.39,-12.26,-12.26,-12.12,-12.48,-12.34,-12.39,-12.26,-12.56,-12.56,-12.39,-12.20,-12.56,-12.12,-12.70,-12.61,-12.70,-12.20,-12.34,-12.20,-12.48,-12.39,-12.56,-12.39,-12.56,-12.39,-12.56,-12.04,-12.20,-12.12,-11.90,-12.20,-12.39,-12.48,-12.26,-12.39,-12.34,-12.56,-12.39,-12.26,-12.48,-12.34,-12.56,-12.39,-12.26,-12.39,-12.61,-12.83,-12.83,-12.56,-12.26,-12.34,-12.26,-12.39,-12.48,-12.70,-12.48,-12.39,-12.20,-12.56,-12.48,-12.39,-12.61,-12.61,-12.48,-12.39,-12.56,-12.83,-12.39,-12.56,-12.04,-12.39,-12.70,-12.39,-12.61,-12.83,-12.61,-12.61,-12.39,-12.83,-12.78,-12.48,-12.70,-12.61,-12.61,-12.70,-12.34,-12.56,-12.34,-12.20,-12.39,-12.39,-12.34,-12.20,-12.34,-12.26,-12.12,-12.61,-11.98,-12.34,-12.26,-12.12,-11.98,-12.39,-12.04,-12.26,-12.26,-12.34,-12.26,-12.12,-12.20,-12.39,-12.34,-12.34,-12.12,-12.48,-12.34,-12.20,-12.26,-12.39,-12.34,-12.39,-12.20,-12.34,-12.26,-12.34,-12.26,-12.70,-12.12,-12.26,-12.61,-12.34,-12.56,-12.12,-12.12,-12.20,-12.97,-12.56
-12.39,-12.39,-12.78,-12.48,-12.92,-12.70,-12.83,-12.48,-12.48,-12.61,-12.70,-12.56,-12.56,-12.70,-12.39,-12.48,-12.56,-12.56,-12.39,-12.61,-12.70,-12.70,-12.39,-12.61,-12.26,-12.48,-12.56,-12.34,-12.56,-12.61,-12.56,-12.39,-12.34,-12.48,-12.12,-12.70,-12.20,-12.39,-12.48,-12.12,-12.34,-12.12,-12.20,-12.48,-12.48,-12.56,-12.61,-12.39,-12.26,-12.48,-12.48,-12.20,-12.34,-12.39,-12.34,-12.56,-12.56,-12.34,-12.26,-12.48,-12.34,-12.34,-12.39,-12.12,-12.61,-12.56,-12.12,-12.20,-12.39,-12.20,-12.12,-12.34,-12.20,-12.39,-12.12,-12.39,-12.26,-12.61,-12.61,-12.48,-12.61,-12.48,-12.70,-12.61,-12.48,-12.39,-12.56,-12.56,-12.92,-12.26,-12.56,-12.39,-12.56,-12.48,-12.48,-12.78,-12.20,-12.26,-12.70,-12.39,-12.48,-12.56,-12.48,-12.20,-12.48,-12.48,-12.61,-12.39,-12.20,-12.56,-12.26,-12.48,-12.70,-12.61,-12.39,-12.48,-12.39,-12.70,-12.70,-12.12,-12.26,-11.90,-12.26,-12.26,-12.48,-12.34,-12.61,-12.34,-12.20,-12.48,-12.48,-12.70,-12.34,-12.48,-12.34,-12.56,-12.26,-12.61,-12.56,-12.34,-12.26,-12.26,-11.90,-12.12,-12.26,-12.12,-12.20,-12.34,-12.26,-12.56,-12.39,-12.20,-12.48,-12.12,-12.20,-12.48,-12.39,-12.56,-12.56,-12.34,-12.04,-11.98,-12.20,-12.20,-12.48,-12.39,-12.04,-12.12,-11.85,-11.90,-11.98,-11.90,-11.90,-12.04,-12.04,-11.90,-11.76,-11.76,-11.98,-11.76,-11.76,-11.49,-11.68,-11.76,-11.85,-11.90,-11.55,-12.04,-11.85,-11.63,-11.85,-11.85,-11.98,-11.90,-11.68,-12.12,-11.90,-11.98,-11.98,-12.04,-11.90,-11.90,-11.76,-11.85,-11.85,-11.98,-12.12,-11.98,-11.85,-11.76,-11.85,-11.85,-12.04,-12.20,-11.63,-12.04,-11.85,-12.26,-12.34,-12.26,-11.98,-12.12,-12.04,-12.12,-12.20,-12.34,-12.26,-12.39,-12.12,-12.34,-12.34,-12.34,-12.20,-12.39,-12.48,-12.34,-12.34,-12.48,-12.26,-12.26,-12.20,-12.34,-12.20,-12.26,-12.12,-12.34,-12.56,-12.26,-12.04,-12.34,-12.20,-12.34,-12.39,-12.48,-12.20,-12.12,-12.12,-12.34,-12.78,-12.26,-12.26,-12.12,-12.26,-12.39,-12.39,-12.56,-12.39,-12.61,-12.20,-12.56,-12.56,-12.39,-12.48,-12.20,-12.39,-12.39,-12.61,-12.70,-12.39,-12.48,-12.48,-12.70,-12.39,-12.61,-12.34,-12.39,-12.56,-12.12,-12.12,-12.39,-12.56,-12.48,-12.39,-12.56,-12.61,-12.56,-12.26,-12.56,-12.61,-12.70,-12.34,-12.61,-12.34,-12.70,-12.61,-12.34,-12.48,-12.61,-12.70,-12.56,-12.48,-12.56,-12.61,-12.34,-12.70,-12.04,-12.26,-12.39,-12.92,-12.61,-12.61,-12.78,-12.48,-12.92,-12.48,-12.70,-12.61,-12.70,-12.48,-12.56,-12.48,-12.48,-12.12,-12.48,-12.56,-12.26,-11.98,-12.56,-12.34,-12.04,-12.26,-12.39,-12.34,-12.39,-12.26,-12.12,-12.34,-11.98,-12.20,-12.39,-12.26,-11.98,-11.90,-12.20,-12.20,-12.78,-12.26,-12.20,-12.26,-12.26,-12.61,-12.39,-12.34,-12.39,-12.48,-12.26,-12.39,-12.56,-12.70,-12.48,-12.26,-12.83,-12.39,-12.34,-12.78,-12.48,-12.61,-12.39,-12.61,-12.61,-12.34,-12.70
-12.78,-12.56,-12.56,-12.56,-12.97,-12.61,-12.39,-12.78,-12.56,-12.56,-12.34,-12.34,-12.56,-12.48,-12.70,-12.70,-12.34,-12.56,-12.56,-12.61,-12.39,-12.04,-12.78,-12.39,-12.70,-12.48,-12.48,-12.39,-12.56,-12.48,-12.39,-12.39,-12.26,-12.48,-12.39,-12.83,-12.20,-12.56,-12.70,-12.34,-12.70,-12.70,-12.48,-12.48,-12.34,-12.26,-12.26,-12.39,-12.20,-12.56,-12.56,-12.26,-12.34,-12.48,-12.61,-12.48,-12.48,-12.48,-12.56,-12.39,-12.56,-12.61,-12.48,-12.20,-12.78,-12.56,-12.12,-11.98,-12.39,-12.48,-12.04,-12.34,-12.20,-12.26,-12.39,-12.48,-12.04,-12.56,-12.39,-12.34,-12.34,-12.61,-12.34,-12.61,-12.48,-12.70,-12.56,-12.83,-12.26,-12.34,-12.56,-12.39,-12.56,-12.34,-12.61,-12.61,-12.56,-12.61,-12.26,-12.83,-12.70,-12.92,-12.61,-12.34,-12.34,-12.56,-12.39,-12.56,-12.39,-12.56,-12.70,-12.56,-12.56,-12.61,-12.26,-12.56,-12.70,-12.39,-12.56,-12.39,-12.78,-12.26,-12.56,-12.26,-12.61,-12.34,-12.34,-12.56,-12.83,-12.48,-12.56,-12.26,-12.56,-12.04,-12.34,-12.39,-12.61,-12.20,-12.20,-12.48,-12.61,-12.61,-12.20,-12.12,-12.20,-12.12,-12.48,-12.39,-12.34,-12.56,-12.48,-12.26,-12.39,-12.48,-12.78,-12.34,-12.20,-12.26,-12.61,-12.61,-12.61,-12.20,-12.56,-12.34,-12.34,-12.39,-11.90,-12.26,-12.04,-11.90,-11.90,-12.12,-12.04,-11.63,-11.85,-11.68,-11.76,-11.85,-11.85,-11.90,-11.68,-11.68,-11.68,-11.76,-11.76,-11.68,-11.76,-11.85,-12.04,-11.98,-11.85,-11.90,-11.76,-12.04,-11.85,-11.76,-11.68,-11.76,-11.90,-11.98,-12.04,-11.63,-11.68,-11.98,-11.76,-12.04,-11.76,-11.90,-11.98,-11.85,-11.76,-12.04,-11.63,-11.90,-11.90,-11.98,-11.76,-12.04,-12.56,-12.56,-12.20,-12.20,-12.20,-12.56,-12.12,-12.39,-12.48,-12.34,-12.12,-12.20,-12.34,-12.12,-12.20,-12.34,-12.48,-12.34,-12.39,-12.56,-12.39,-12.56,-12.48,-12.39,-12.48,-12.34,-12.34,-12.70,-12.12,-12.39,-12.70,-12.26,-12.26,-12.48,-12.48,-12.61,-12.56,-12.56,-12.34,-12.39,-12.70,-12.70,-12.48,-12.26,-12.70,-12.70,-12.48,-12.48,-12.20,-12.48,-12.48,-12.48,-12.48,-12.61,-12.48,-12.39,-12.70,-12.56,-12.39,-12.48,-12.48,-12.34,-12.34,-12.26,-12.56,-12.26,-12.70,-12.56,-12.39,-12.61,-12.48,-12.48,-12.34,-12.34,-12.56,-12.61,-12.56,-12.34,-12.70,-12.56,-12.39,-12.61,-12.61,-12.26,-12.61,-12.70,-12.12,-12.78,-12.78,-12.92,-12.83,-12.70,-12.56,-12.70,-12.56,-12.48,-12.39,-12.39,-12.56,-12.83,-12.70,-12.70,-12.56,-12.70,-12.34,-12.48,-12.56,-12.70,-12.39,-12.39,-12.48,-12.61,-12.70,-12.61,-12.70,-12.48,-12.34,-12.56,-12.61,-12.26,-12.34,-12.04,-11.98,-12.26,-12.39,-12.12,-12.20,-12.56,-11.98,-12.26,-12.34,-12.34,-11.85,-12.20,-12.34,-12.12,-12.39,-12.48,-12.39,-12.34,-12.26,-12.34,-12.26,-12.56,-12.56,-12.48,-12.26,-12.78,-12.34,-12.48,-12.34,-12.26,-12.26,-12.70,-12.12,-12.78,-12.70,-12.39,-12.39,-12.61,-12.12,-12.92,-12.56,-12.56
-12.92,-12.92,-12.92,-12.78,-12.83,-12.83,-12.61,-12.34,-12.56,-12.56,-12.26,-12.56,-12.48,-12.61,-12.48,-12.39,-12.34,-12.48,-12.26,-12.61,-12.56,-12.48,-12.78,-12.48,-12.39,-12.70,-12.39,-12.39,-12.39,-12.39,-12.78,-12.39,-12.39,-12.56,-12.34,-12.61,-12.39,-12.48,-12.78,-12.34,-12.12,-12.48,-12.61,-12.61,-12.26,-12.39,-12.12,-12.39,-12.78,-12.26,-12.39,-12.48,-12.61,-12.56,-12.26,-12.61,-12.61,-12.39,-12.04,-12.04,-12.26,-12.04,-12.26,-12.39,-12.48,-12.78,-12.26,-12.20,-12.26,-12.83,-12.20,-12.48,-12.20,-12.20,-12.04,-12.34,-12.34,-12.48,-12.26,-12.56,-12.61,-12.34,-12.39,-12.39,-12.83,-12.20,-12.26,-12.34,-12.39,-12.56,-12.48,-12.39,-12.61,-12.34,-12.70,-12.26,-12.61,-12.70,-12.34,-12.34,-12.70,-12.70,-12.48,-12.83,-12.78,-12.56,-12.70,-12.56,-12.56,-12.20,-12.56,-12.20,-12.61,-12.48,-12.83,-12.12,-12.39,-12.48,-12.48,-12.34,-12.34,-12.48,-12.56,-12.04,-12.83,-12.26,-12.48,-12.26,-12.61,-12.26,-12.04,-12.26,-12.26,-12.39,-12.20,-12.34,-12.48,-12.34,-12.34,-12.20,-12.61,-12.34,-12.26,-12.26,-12.39,-12.48,-12.34,-12.39,-12.48,-12.61,-12.20,-12.39,-12.26,-12.48,-12.56,-12.56,-12.26,-12.12,-12.39,-12.39,-12.48,-12.34,-12.34,-12.48,-12.39,-12.48,-12.20,-12.26,-11.90,-12.12,-12.20,-11.98,-12.12,-11.55,-11.68,-11.90,-12.04,-12.20,-11.90,-11.85,-11.85,-11.90,-11.55,-11.68,-11.90,-12.04,-11.63,-11.85,-11.55,-11.85,-12.12,-12.04,-11.76,-11.90,-12.20,-11.68,-11.85,-11.76,-11.68,-12.12,-11.85,-11.90,-11.76,-12.04,-12.04,-11.76,-12.04,-11.76,-11.68,-12.26,-11.90,-11.85,-12.04,-11.98,-12.26,-12.26,-11.63,-12.39,-12.04,-12.20,-12.39,-12.48,-12.39,-12.39,-12.34,-12.04,-12.70,-12.48,-12.26,-12.48,-12.26,-12.34,-12.48,-12.70,-12.39,-12.39,-12.39,-12.34,-12.70,-12.39,-12.61,-12.61,-12.39,-12.70,-12.61,-12.26,-12.12,-12.34,-12.20,-12.26,-12.92,-12.56,-12.39,-12.48,-12.56,-12.61,-12.12,-12.56,-12.48,-12.56,-12.56,-12.26,-12.39,-12.48,-12.39,-12.34,-12.39,-12.61,-12.34,-12.56,-12.26,-12.48,-12.61,-12.34,-12.70,-12.61,-12.34,-12.56,-12.39,-12.34,-12.70,-12.39,-12.34,-12.83,-12.48,-12.48,-12.39,-12.61,-12.61,-12.26,-12.48,-12.26,-12.34,-12.34,-12.26,-12.26,-12.70,-12.83,-12.56,-12.61,-12.70,-12.39,-12.70,-12.56,-12.78,-12.48,-12.78,-12.61,-12.48,-12.92,-12.61,-12.48,-12.61,-12.70,-12.70,-12.70,-12.78,-12.61,-12.56,-12.78,-12.70,-12.78,-12.34,-12.20,-12.70,-12.70,-12.70,-12.97,-12.70,-12.70,-12.48,-12.34,-12.61,-12.56,-12.34,-12.48,-12.26,-12.04,-12.39,-12.39,-12.12,-12.04,-12.34,-12.39,-12.34,-11.98,-12.12,-12.61,-12.61,-12.39,-12.26,-12.34,-12.56,-12.12,-12.26,-12.56,-12.34,-12.48,-12.34,-11.90,-12.34,-12.26,-12.20,-12.34,-12.34,-12.48,-12.61,-12.26,-12.34,-12.20,-12.48,-12.39,-12.56,-12.12,-12.56,-12.34,-12.92,-12.78,-12.56,-12.70,-12.61,-12.34
-12.61,-12.56,-12.78,-12.83,-12.61,-12.78,-12.48,-12.78,-12.78,-12.56,-12.61,-12.56,-12.61,-12.48,-12.78,-12.56,-12.61,-12.39,-12.56,-12.39,-12.39,-12.48,-12.12,-12.61,-12.61,-12.39,-12.26,-12.70,-12.56,-12.20,-12.61,-12.39,-12.39,-12.34,-12.34,-12.61,-12.39,-12.39,-12.56,-12.48,-12.70,-12.61,-12.48,-12.26,-12.12,-12.20,-12.34,-12.48,-12.12,-12.61,-12.26,-12.56,-12.26,-12.26,-12.48,-12.56,-12.56,-12.34,-12.48,-12.48,-12.56,-12.20,-12.39,-12.48,-12.48,-12.61,-12.34,-11.90,-12.26,-12.70,-12.48,-12.26,-12.34,-12.39,-12.39,-12.34,-12.83,-12.70,-12.78,-12.70,-12.92,-12.34,-12.48,-12.61,-12.70,-12.56,-12.56,-12.56,-12.56,-12.48,-12.56,-12.78,-12.56,-12.61,-12.70,-12.70,-12.56,-12.48,-12.39,-12.34,-12.70,-12.97,-12.56,-12.34,-12.70,-12.34,-12.12,-12.34,-12.56,-12.70,-12.48,-12.39,-12.61,-12.61,-12.20,-12.39,-12.78,-12.70,-12.56,-12.83,-12.39,-12.39,-12.83,-12.70,-12.34,-12.70,-12.20,-12.12,-12.48,-12.34,-12.20,-12.26,-12.48,-12.39,-12.12,-12.34,-12.34,-12.70,-12.56,-12.48,-12.61,-12.48,-12.20,-12.48,-12.39,-12.26,-12.48,-12.70,-12.61,-12.56,-12.20,-12.39,-12.56,-12.12,-12.56,-12.48,-12.39,-12.70,-12.48,-12.48,-12.48,-12.12,-12.20,-12.04,-12.34,-12.20,-12.26,-12.56,-11.90,-12.34,-11.76,-12.04,-11.90,-12.04,-11.63,-11.90,-11.85,-11.90,-11.68,-11.85,-11.85,-12.12,-11.76,-11.76,-11.98,-11.90,-11.90,-12.04,-12.04,-11.90,-11.76,-12.12,-12.12,-11.98,-12.12,-12.04,-11.98,-11.90,-11.68,-11.90,-11.98,-11.68,-12.26,-12.12,-12.12,-12.12,-11.98,-11.90,-11.68,-12.04,-12.12,-11.90,-12.26,-11.98,-12.12,-12.34,-12.12,-12.12,-12.20,-12.56,-12.26,-12.48,-12.34,-12.39,-12.48,-12.04,-12.04,-12.39,-12.34,-12.39,-12.26,-12.39,-12.34,-12.34,-12.04,-12.39,-12.56,-12.12,-12.04,-12.61,-12.34,-12.34,-12.26,-12.04,-12.12,-12.48,-12.26,-12.56,-12.61,-12.39,-12.26,-12.26,-12.48,-12.34,-12.92,-12.34,-12.48,-12.48,-12.20,-12.34,-12.39,-12.34,-12.48,-12.78,-12.70,-12.56,-12.26,-12.78,-12.34,-12.26,-12.39,-12.70,-12.61,-12.20,-12.97,-12.34,-12.48,-12.56,-12.61,-12.61,-12.48,-12.56,-12.70,-12.56,-12.48,-12.48,-12.48,-12.70,-12.70,-12.34,-12.39,-12.61,-12.61,-12.34,-12.26,-12.56,-12.83,-12.39,-12.34,-12.70,-12.56,-12.78,-12.61,-12.70,-12.61,-12.34,-12.61,-12.56,-12.56,-12.70,-12.70,-12.20,-12.48,-12.83,-12.61,-12.56,-12.78,-12.70,-12.48,-12.78,-12.48,-12.78,-12.70,-12.70,-12.78,-12.56,-12.78,-12.92,-12.48,-12.70,-12.70,-12.56,-12.56,-12.39,-12.48,-12.34,-12.20,-12.56,-12.56,-11.98,-11.98,-12.04,-11.98,-12.26,-12.48,-12.34,-12.48,-12.12,-12.20,-12.04,-12.39,-12.26,-12.39,-12.26,-12.61,-12.61,-12.48,-12.12,-12.48,-12.48,-12.20,-12.61,-12.48,-12.39,-12.34,-12.39,-12.34,-12.12,-12.34,-12.61,-12.39,-12.26,-12.61,-12.26,-12.92,-12.39,-12.39,-12.56,-12.48,-12.56,-12.83,-12.78
-12.92,-12.92,-12.70,-12.48,-12.78,-12.61,-12.70,-12.56,-12.70,-12.70,-12.70,-12.83,-12.56,-12.61,-12.26,-12.78,-12.61,-12.61,-12.78,-12.34,-12.56,-12.92,-12.61,-12.20,-11.98,-12.48,-12.34,-12.61,-12.26,-12.34,-12.39,-12.48,-12.34,-12.34,-12.39,-12.39,-12.48,-12.20,-12.26,-12.56,-12.39,-12.61,-12.12,-12.56,-12.56,-12.20,-12.20,-12.48,-12.34,-12.70,-12.48,-12.20,-12.20,-12.39,-12.39,-12.26,-12.26,-12.48,-12.39,-12.48,-12.34,-12.39,-12.61,-12.48,-12.34,-12.56,-12.20,-12.39,-12.70,-12.34,-12.26,-12.39,-12.48,-12.12,-12.26,-12.34,-12.61,-12.78,-12.56,-12.70,-12.70,-12.70,-12.78,-12.39,-12.70,-12.92,-12.48,-12.39,-12.56,-12.61,-12.61,-12.70,-12.61,-12.92,-12.70,-12.56,-12.61,-12.48,-12.61,-12.26,-12.34,-12.48,-12.61,-12.78,-12.70,-12.61,-12.56,-12.61,-12.26,-12.56,-12.48,-12.20,-12.61,-12.56,-12.56,-12.39,-12.39,-12.26,-12.39,-12.56,-12.39,-12.78,-12.48,-12.39,-11.98,-12.48,-12.39,-12.48,-12.26,-12.70,-12.12,-12.61,-12.48,-12.48,-12.04,-12.20,-12.39,-12.39,-12.20,-12.56,-12.26,-12.48,-12.78,-12.12,-12.12,-12.48,-12.34,-12.12,-12.26,-12.04,-12.48,-12.26,-12.56,-12.39,-12.26,-12.39,-12.70,-12.26,-12.20,-12.34,-12.12,-12.20,-12.56,-12.04,-12.34,-12.56,-11.98,-12.12,-12.39,-11.90,-11.76,-11.98,-11.90,-11.85,-11.76,-11.85,-12.12,-11.98,-11.85,-11.98,-11.85,-11.85,-11.68,-11.85,-11.98,-11.49,-11.76,-12.12,-11.90,-12.04,-11.90,-11.90,-11.85,-11.76,-11.76,-11.90,-11.68,-11.55,-11.76,-12.04,-11.85,-11.90,-11.85,-11.76,-11.98,-11.98,-11.85,-11.90,-11.68,-11.85,-11.63,-12.04,-11.76,-11.90,-11.85,-11.98,-11.90,-12.26,-11.98,-12.26,-12.34,-12.26,-12.26,-12.34,-12.20,-12.26,-12.56,-12.04,-12.39,-12.48,-12.56,-12.39,-12.39,-12.56,-12.20,-12.12,-12.56,-12.34,-12.20,-12.12,-12.39,-12.26,-12.56,-12.48,-12.56,-12.26,-12.56,-12.39,-12.34,-12.70,-12.48,-12.48,-12.26,-12.26,-12.56,-12.70,-12.48,-12.48,-12.34,-12.39,-12.26,-12.34,-12.48,-12.61,-12.61,-12.39,-11.98,-12.56,-12.34,-12.39,-12.39,-12.48,-12.48,-12.26,-12.78,-12.56,-12.70,-12.61,-12.39,-12.34,-12.39,-12.26,-12.78,-12.34,-12.39,-12.61,-12.26,-12.39,-12.34,-12.78,-12.20,-12.61,-12.39,-12.56,-12.70,-12.34,-12.61,-12.61,-12.34,-12.39,-12.78,-12.39,-12.56,-12.20,-12.61,-12.56,-12.97,-12.70,-12.48,-12.26,-12.39,-12.20,-12.70,-12.56,-12.12,-12.61,-12.61,-12.48,-12.34,-12.48,-12.70,-12.20,-12.92,-12.61,-12.48,-12.61,-12.78,-12.83,-12.48,-12.83,-12.70,-12.83,-12.39,-12.48,-12.61,-12.20,-12.20,-12.34,-12.34,-12.39,-12.34,-12.34,-12.34,-12.56,-12.48,-12.39,-12.48,-11.98,-12.70,-12.39,-12.39,-12.34,-12.20,-12.34,-12.48,-12.56,-12.34,-12.34,-12.48,-12.48,-12.34,-12.39,-12.56,-12.26,-12.34,-12.12,-12.26,-12.39,-12.56,-12.39,-12.39,-12.39,-12.34,-12.26,-12.39,-12.56,-12.39,-12.70,-12.70,-12.56,-12.39,-12.56
-12.70,-13.14,-12.78,-12.92,-12.92,-12.78,-12.61,-12.61,-12.92,-12.83,-12.34,-12.34,-12.78,-12.78,-12.92,-12.70,-12.61,-12.78,-12.61,-12.83,-12.34,-12.20,-12.39,-12.83,-12.56,-12.48,-12.56,-12.34,-12.39,-12.70,-12.34,-12.39,-12.61,-12.61,-12.61,-12.26,-12.48,-12.78,-11.98,-12.61,-12.56,-12.34,-12.39,-12.61,-12.34,-12.48,-12.70,-12.39,-12.48,-12.78,-12.34,-12.61,-12.48,-12.39,-12.34,-12.70,-12.39,-12.39,-12.12,-12.34,-12.20,-12.12,-12.39,-12.20,-12.20,-12.26,-12.48,-12.34,-12.34,-12.61,-11.98,-12.26,-12.78,-12.48,-12.39,-12.61,-12.56,-12.70,-12.39,-12.61,-12.34,-12.48,-12.48,-12.61,-12.92,-12.83,-12.56,-12.70,-12.61,-12.70,-12.39,-12.56,-12.78,-12.78,-12.56,-12.83,-12.39,-12.61,-12.48,-12.39,-12.39,-12.39,-12.34,-12.61,-12.56,-12.34,-12.61,-12.48,-12.26,-12.70,-12.48,-12.61,-12.56,-12.56,-12.70,-12.39,-12.39,-12.48,-12.56,-12.56,-12.39,-12.61,-12.39,-12.48,-12.61,-12.34,-12.39,-12.39,-12.34,-12.56,-12.78,-12.56,-12.48,-12.39,-12.61,-12.78,-12.56,-12.34,-12.48,-12.34,-12.48,-12.56,-12.20,-12.61,-12.39,-12.56,-12.56,-12.34,-12.39,-12.56,-12.56,-12.48,-12.39,-12.26,-12.48,-12.34,-12.39,-12.56,-12.48,-12.39,-12.39,-12.61,-12.39,-12.34,-12.34,-12.48,-12.34,-12.04,-11.85,-12.12,-11.76,-11.98,-12.04,-12.34,-12.20,-11.98,-11.85,-12.12,-11.76,-11.85,-11.76,-11.90,-12.20,-11.98,-11.98,-11.68,-11.85,-11.63,-12.20,-12.04,-11.85,-11.85,-11.55,-11.85,-11.98,-12.04,-11.76,-11.98,-11.76,-11.85,-12.12,-12.04,-11.85,-11.90,-11.85,-11.76,-11.90,-11.68,-11.90,-12.34,-11.76,-11.85,-12.26,-11.98,-12.20,-11.90,-12.12,-12.12,-12.34,-12.56,-12.26,-12.26,-12.39,-12.34,-12.61,-12.20,-12.39,-12.26,-12.34,-12.78,-12.34,-12.56,-12.48,-12.26,-12.78,-12.20,-12.78,-12.48,-12.56,-12.39,-12.12,-12.61,-12.56,-12.39,-12.34,-12.34,-12.26,-12.61,-12.48,-12.61,-12.04,-12.26,-12.39,-12.20,-12.12,-12.48,-12.56,-12.70,-12.56,-12.39,-12.39,-12.04,-11.98,-12.70,-12.56,-12.34,-12.97,-12.39,-12.70,-12.78,-12.48,-12.26,-12.56,-12.04,-12.70,-12.61,-12.26,-12.48,-12.56,-12.70,-12.61,-12.78,-12.56,-12.61,-12.39,-12.20,-12.39,-12.83,-12.04,-12.48,-12.20,-12.92,-12.56,-12.26,-12.61,-12.70,-12.61,-12.56,-12.61,-12.61,-12.12,-12.39,-12.78,-12.61,-12.56,-12.83,-12.56,-12.78,-12.61,-12.56,-12.56,-12.83,-12.26,-12.70,-12.78,-12.56,-12.56,-12.97,-12.56,-12.39,-12.83,-12.70,-12.48,-12.61,-12.83,-12.70,-12.78,-12.61,-12.83,-12.34,-12.34,-12.56,-12.56,-12.39,-12.48,-12.56,-12.48,-12.26,-12.34,-12.20,-12.48,-12.48,-12.34,-12.20,-12.34,-12.20,-12.34,-12.26,-12.26,-12.20,-12.34,-12.26,-12.20,-12.12,-12.39,-12.12,-12.39,-12.34,-12.56,-12.48,-12.34,-12.26,-12.20,-12.34,-12.34,-12.34,-12.26,-12.34,-12.70,-12.34,-12.39,-12.34,-12.61,-12.34,-12.34,-11.98,-12.39,-12.39,-12.56,-12.70,-12.56,-12.61
-12.56,-12.56,-12.92,-12.56,-12.48,-12.61,-12.61,-12.83,-12.34,-12.48,-12.26,-12.70,-12.61,-12.83,-12.61,-12.39,-12.56,-12.78,-12.61,-12.78,-12.39,-12.39,-12.48,-12.78,-12.61,-12.26,-12.48,-12.92,-12.48,-12.56,-12.39,-12.48,-12.48,-12.56,-12.26,-12.70,-12.04,-12.39,-12.39,-12.20,-12.39,-12.39,-12.39,-12.56,-12.39,-12.39,-12.48,-12.61,-12.48,-12.34,-12.39,-12.12,-12.12,-12.34,-12.48,-12.26,-12.39,-12.48,-12.34,-12.34,-12.39,-12.48,-12.26,-12.20,-12.78,-12.48,-12.56,-12.34,-12.61,-12.34,-12.56,-12.48,-12.48,-12.26,-12.39,-12.48,-12.12,-12.48,-12.61,-12.34,-12.56,-12.48,-12.61,-12.78,-12.61,-12.78,-12.70,-13.14,-12.61,-12.34,-12.48,-12.61,-12.70,-12.78,-12.78,-12.61,-12.12,-12.48,-12.39,-12.78,-12.70,-12.12,-12.34,-12.34,-12.56,-12.78,-12.39,-12.48,-12.39,-12.20,-12.56,-12.56,-12.70,-12.39,-12.39,-12.56,-12.78,-12.39,-12.34,-12.61,-12.48,-12.48,-12.56,-12.70,-12.26,-12.48,-12.48,-12.56,-12.48,-12.34,-12.70,-12.39,-12.39,-12.34,-12.61,-12.48,-12.34,-12.39,-12.39,-12.61,-12.48,-12.61,-12.04,-12.70,-12.39,-12.20,-12.56,-12.97,-12.39,-12.48,-12.48,-12.34,-12.34,-12.48,-12.48,-12.26,-12.34,-11.98,-12.12,-12.04,-12.39,-12.34,-12.34,-12.26,-12.39,-12.12,-12.04,-12.48,-12.26,-11.98,-11.68,-11.98,-11.90,-11.76,-11.85,-11.90,-12.04,-11.98,-11.85,-12.04,-11.98,-12.34,-11.98,-12.20,-11.68,-11.90,-12.12,-11.98,-11.63,-12.26,-11.98,-11.68,-11.68,-11.98,-11.98,-11.55,-11.85,-11.85,-11.76,-11.85,-11.90,-11.55,-12.04,-12.12,-12.20,-12.12,-11.98,-12.04,-12.12,-12.04,-12.20,-11.76,-11.90,-12.12,-11.85,-11.85,-12.04,-12.20,-12.12,-12.12,-12.39,-12.26,-12.48,-12.20,-12.20,-12.34,-12.56,-12.20,-12.34,-12.39,-12.12,-12.26,-12.48,-12.34,-12.20,-12.20,-12.48,-12.39,-12.26,-12.34,-12.56,-12.61,-12.34,-12.70,-12.61,-12.39,-12.39,-12.56,-12.70,-12.04,-12.26,-12.34,-12.48,-12.39,-12.39,-12.39,-12.61,-12.61,-12.34,-12.12,-12.26,-12.48,-12.48,-12.48,-12.39,-12.34,-12.39,-12.04,-12.78,-12.39,-12.56,-12.61,-12.48,-12.34,-12.70,-12.39,-12.48,-12.48,-12.70,-12.04,-12.56,-12.70,-12.70,-12.48,-12.48,-12.70,-12.39,-12.34,-12.26,-12.48,-12.48,-12.39,-12.48,-12.39,-12.34,-12.26,-12.48,-12.34,-12.48,-12.56,-12.61,-12.39,-12.48,-12.48,-12.70,-12.70,-12.61,-12.70,-12.56,-12.56,-12.39,-12.92,-12.83,-12.48,-12.48,-12.48,-12.70,-12.70,-12.78,-12.34,-12.70,-12.56,-12.39,-12.78,-12.78,-12.39,-12.70,-12.56,-12.56,-12.56,-12.70,-12.34,-12.78,-12.20,-12.34,-12.61,-12.56,-12.20,-12.26,-12.12,-12.48,-12.39,-12.26,-12.34,-12.26,-12.48,-12.20,-12.39,-12.26,-12.12,-12.26,-12.34,-12.26,-12.34,-12.70,-12.39,-12.34,-12.26,-12.26,-12.26,-12.39,-12.39,-12.48,-12.34,-12.26,-12.39,-12.61,-12.56,-12.48,-12.20,-12.26,-12.48,-12.56,-12.39,-12.48,-12.56,-12.61,-12.48,-12.48,-12.56,-12.70,-12.56
-12.61,-12.61,-12.97,-12.70,-12.83,-12.83,-12.78,-12.83,-12.78,-12.39,-12.48,-12.78,-12.39,-12.56,-12.56,-12.61,-12.26,-12.20,-12.48,-12.70,-12.61,-12.48,-12.61,-12.39,-12.34,-12.70,-12.04,-12.56,-12.39,-12.61,-12.56,-12.04,-12.12,-12.26,-12.48,-12.48,-12.20,-12.04,-12.56,-12.34,-12.34,-12.20,-12.20,-12.20,-12.48,-12.26,-12.78,-12.56,-12.48,-12.39,-12.70,-12.56,-12.39,-12.48,-12.61,-12.26,-12.48,-12.70,-12.20,-12.61,-12.26,-12.04,-12.34,-12.39,-12.48,-12.70,-12.48,-12.48,-12.34,-12.26,-12.26,-12.39,-12.48,-12.48,-12.34,-12.39,-12.39,-12.97,-12.56,-12.48,-12.39,-12.39,-12.56,-12.61,-12.70,-12.48,-12.48,-12.56,-12.61,-12.61,-12.70,-12.61,-12.39,-12.83,-12.78,-12.70,-12.48,-12.83,-12.39,-12.83,-12.70,-12.26,-12.20,-12.26,-12.34,-12.34,-12.34,-12.34,-12.39,-12.48,-12.61,-12.61,-12.20,-12.34,-12.48,-12.70,-12.48,-12.34,-12.61,-12.34,-12.70,-12.39,-12.48,-12.61,-12.34,-12.39,-12.20,-12.48,-12.78,-12.39,-12.39,-12.56,-12.70,-12.70,-12.61,-12.34,-12.26,-12.26,-12.48,-12.20,-12.20,-12.61,-12.61,-12.70,-12.26,-12.20,-12.34,-12.34,-12.12,-12.26,-12.61,-12.56,-12.48,-12.20,-12.70,-12.56,-12.56,-12.20,-12.26,-11.98,-12.70,-12.12,-12.34,-12.20,-12.39,-12.12,-12.12,-12.26,-12.12,-12.04,-11.90,-12.12,-12.12,-11.55,-11.98,-11.98,-12.12,-12.20,-12.04,-12.20,-12.12,-12.12,-11.85,-11.90,-12.12,-11.90,-11.90,-12.12,-11.98,-12.20,-11.90,-12.12,-12.04,-12.12,-12.26,-11.85,-11.98,-12.04,-12.20,-11.68,-11.85,-12.04,-11.85,-12.04,-12.04,-11.85,-11.63,-12.12,-12.04,-11.85,-12.04,-12.12,-12.20,-12.20,-11.90,-12.20,-12.26,-12.34,-12.34,-12.48,-12.34,-12.12,-12.12,-12.12,-12.56,-12.34,-12.04,-12.56,-12.56,-12.61,-12.48,-12.20,-12.48,-12.39,-12.48,-12.39,-12.70,-12.56,-12.39,-12.39,-12.78,-12.34,-12.78,-12.39,-12.56,-12.39,-12.34,-12.34,-12.20,-12.78,-12.61,-12.26,-12.39,-12.56,-12.20,-12.39,-12.48,-12.20,-12.39,-12.48,-12.20,-12.26,-12.48,-12.56,-12.12,-12.39,-12.12,-11.98,-12.61,-12.34,-12.61,-12.34,-12.26,-12.20,-12.39,-12.39,-12.48,-12.20,-12.34,-12.61,-12.39,-12.39,-12.78,-12.48,-12.56,-12.34,-12.56,-12.48,-12.61,-12.34,-12.56,-12.48,-12.61,-12.20,-12.56,-12.61,-12.39,-12.70,-12.56,-12.70,-13.14,-12.39,-12.48,-12.34,-12.78,-12.48,-12.61,-12.61,-12.78,-12.70,-12.61,-12.61,-12.56,-12.39,-12.48,-12.56,-12.56,-12.48,-12.70,-12.56,-12.70,-12.48,-12.92,-12.48,-12.83,-12.78,-12.70,-12.70,-12.83,-12.78,-12.70,-12.78,-12.20,-12.48,-12.39,-12.39,-12.61,-12.34,-12.20,-12.20,-12.48,-12.20,-12.04,-12.39,-12.26,-11.90,-12.04,-11.68,-12.26,-12.34,-12.04,-12.34,-12.26,-12.61,-12.61,-12.20,-12.20,-12.20,-12.34,-12.34,-12.34,-12.61,-12.39,-12.20,-12.56,-12.70,-12.26,-12.70,-12.20,-12.56,-12.39,-12.48,-12.48,-12.20,-12.04,-12.39,-12.78,-12.61,-12.61,-12.56,-12.61,-12.78
-12.78,-13.14,-12.26,-12.83,-12.56,-12.70,-12.56,-12.48,-12.48,-12.56,-12.56,-12.48,-12.56,-12.48,-12.48,-12.26,-12.70,-12.70,-12.70,-12.70,-12.61,-12.39,-12.56,-12.26,-12.34,-12.34,-12.48,-12.70,-12.34,-12.20,-12.39,-12.34,-12.34,-12.39,-12.34,-12.61,-12.34,-12.48,-12.20,-12.56,-12.78,-12.20,-12.26,-12.56,-12.61,-12.20,-12.34,-12.39,-12.34,-12.39,-12.26,-12.48,-12.20,-12.39,-12.39,-12.56,-12.56,-12.26,-12.39,-12.20,-12.48,-12.34,-12.20,-12.48,-12.48,-12.12,-12.56,-12.39,-12.78,-12.61,-12.56,-12.20,-12.78,-12.34,-12.26,-12.20,-12.26,-12.70,-12.39,-12.39,-12.83,-12.34,-12.78,-12.61,-12.61,-12.61,-12.34,-12.39,-12.56,-12.61,-12.48,-12.92,-12.61,-12.70,-12.61,-12.56,-12.56,-12.70,-12.61,-12.20,-12.48,-12.70,-12.20,-12.70,-12.48,-12.48,-12.56,-12.56,-12.61,-12.48,-12.78,-12.61,-12.48,-12.26,-12.56,-12.78,-12.70,-12.26,-12.56,-12.39,-12.61,-12.34,-12.34,-12.61,-12.56,-12.20,-12.20,-12.34,-12.39,-12.48,-12.61,-12.56,-12.83,-12.12,-12.70,-12.39,-12.39,-12.61,-12.26,-12.20,-12.48,-12.48,-12.20,-12.48,-12.26,-12.39,-12.56,-12.20,-12.20,-12.56,-12.34,-11.98,-12.34,-12.12,-12.48,-12.39,-12.56,-12.48,-12.39,-12.56,-12.34,-12.12,-12.56,-12.61,-12.26,-12.34,-12.12,-12.04,-12.12,-12.12,-11.98,-12.20,-11.98,-12.20,-11.85,-12.04,-12.04,-11.90,-11.55,-11.85,-12.04,-11.68,-12.04,-12.04,-11.98,-11.90,-11.98,-11.85,-11.90,-11.98,-11.98,-11.90,-11.68,-11.76,-11.68,-11.76,-11.85,-11.85,-12.04,-11.85,-12.04,-11.76,-11.68,-12.26,-11.85,-12.12,-12.04,-11.85,-11.90,-11.85,-11.98,-11.90,-12.20,-12.34,-12.20,-12.12,-12.48,-12.26,-12.39,-12.34,-12.34,-12.48,-12.39,-12.04,-12.78,-12.39,-12.04,-12.34,-12.39,-12.12,-12.39,-12.48,-12.26,-12.39,-12.34,-12.20,-12.34,-12.48,-12.39,-12.34,-12.78,-12.12,-12.20,-12.70,-12.26,-12.56,-12.56,-12.20,-12.83,-12.26,-12.39,-12.34,-12.20,-12.26,-12.34,-12.48,-12.48,-12.70,-12.26,-12.39,-12.12,-12.70,-12.26,-12.48,-12.61,-12.70,-12.61,-12.48,-12.70,-12.48,-12.61,-12.56,-12.20,-12.78,-12.61,-12.83,-12.34,-12.78,-12.39,-12.61,-12.56,-12.61,-12.70,-12.56,-12.56,-12.70,-12.39,-12.39,-12.39,-12.83,-12.56,-12.70,-12.92,-12.39,-12.48,-12.78,-12.78,-12.70,-12.48,-12.56,-12.61,-12.56,-12.56,-12.70,-12.39,-12.48,-12.83,-12.83,-12.56,-12.78,-12.56,-12.39,-12.70,-12.83,-12.56,-12.83,-12.78,-12.61,-12.78,-12.61,-12.61,-12.70,-12.61,-12.97,-12.78,-12.92,-12.70,-12.61,-12.78,-12.39,-12.61,-12.61,-12.78,-12.39,-12.78,-12.56,-12.34,-11.98,-12.34,-12.83,-12.20,-12.61,-12.48,-12.26,-12.34,-12.34,-12.70,-12.26,-12.70,-12.26,-11.90,-12.20,-12.56,-12.20,-12.34,-12.48,-12.48,-12.34,-12.61,-12.20,-12.34,-12.48,-12.12,-12.34,-12.61,-12.83,-12.61,-12.48,-12.56,-12.56,-12.61,-12.34,-12.39,-12.56,-12.39,-12.39,-12.56,-12.61,-12.92,-12.70,-12.70,-12.48
-12.56,-12.78,-12.61,-12.70,-12.78,-12.56,-12.92,-12.78,-12.39,-12.70,-12.34,-12.39,-12.48,-12.39,-12.39,-12.78,-12.61,-12.39,-12.70,-12.83,-12.61,-12.48,-12.70,-12.48,-12.39,-12.26,-12.56,-12.61,-12.39,-12.20,-12.39,-12.78,-12.39,-12.26,-12.34,-12.78,-12.34,-12.78,-12.70,-12.61,-12.20,-12.61,-12.34,-12.26,-12.83,-12.56,-12.56,-12.70,-12.70,-12.56,-12.61,-12.26,-12.70,-12.20,-12.26,-12.48,-12.34,-12.20,-12.56,-12.61,-12.92,-12.56,-12.56,-12.39,-12.26,-12.61,-12.48,-12.34,-12.70,-12.56,-12.56,-12.48,-12.39,-12.56,-12.78,-12.48,-12.39,-12.26,-12.34,-12.61,-12.83,-12.83,-12.83,-12.61,-12.39,-12.83,-12.61,-12.56,-12.61,-12.78,-12.70,-12.83,-12.61,-12.78,-12.61,-12.48,-12.34,-12.70,-12.61,-12.48,-12.48,-12.61,-12.39,-12.48,-12.39,-12.39,-12.39,-12.26,-12.48,-12.39,-12.61,-12.34,-12.34,-12.56,-12.26,-12.39,-12.12,-12.34,-12.56,-12.39,-11.98,-12.34,-12.61,-12.39,-12.56,-12.61,-12.61,-12.39,-12.56,-12.39,-12.78,-12.61,-12.48,-12.56,-12.78,-12.34,-12.39,-12.61,-12.39,-12.26,-12.39,-12.48,-12.34,-12.20,-12.56,-12.34,-12.48,-12.56,-12.12,-12.48,-12.34,-12.26,-12.48,-12.04,-12.34,-12.34,-12.48,-12.48,-12.61,-12.48,-12.56,-12.39,-12.39,-12.39,-12.20,-12.34,-12.34,-12.26,-12.34,-12.20,-12.26,-12.34,-12.39,-12.04,-12.12,-11.98,-12.61,-12.12,-11.90,-11.98,-11.98,-11.85,-11.98,-11.98,-12.04,-11.90,-11.85,-11.98,-11.98,-11.85,-11.76,-12.20,-12.04,-11.90,-11.85,-11.68,-11.98,-11.98,-11.90,-11.85,-11.55,-11.90,-11.85,-11.63,-12.12,-11.98,-12.04,-11.90,-12.12,-11.90,-11.98,-11.90,-12.34,-12.04,-12.04,-12.48,-12.12,-12.48,-12.48,-12.56,-12.12,-12.26,-12.04,-12.48,-12.20,-12.61,-12.39,-12.48,-12.34,-12.61,-12.83,-12.12,-12.56,-12.39,-12.26,-12.34,-12.34,-12.56,-12.26,-12.61,-12.48,-12.70,-12.48,-12.20,-12.56,-12.48,-12.04,-12.39,-12.78,-12.78,-12.48,-12.26,-12.26,-12.26,-12.56,-12.34,-12.48,-12.39,-12.56,-12.61,-12.39,-12.39,-12.48,-12.48,-12.48,-12.56,-12.20,-12.61,-12.48,-12.34,-12.61,-12.78,-12.61,-12.34,-12.70,-12.56,-12.70,-12.92,-12.34,-13.14,-12.70,-12.34,-12.61,-12.78,-12.39,-12.56,-12.56,-12.70,-12.56,-12.61,-12.48,-12.39,-12.48,-12.26,-12.48,-12.70,-12.83,-12.78,-12.70,-12.56,-12.70,-12.70,-12.56,-12.78,-12.48,-12.70,-12.70,-12.70,-12.83,-12.56,-12.70,-12.83,-12.56,-12.78,-12.78,-12.78,-12.70,-12.56,-12.70,-12.70,-12.78,-12.61,-12.78,-12.26,-12.34,-12.61,-12.70,-12.56,-12.61,-12.56,-12.61,-12.78,-12.92,-12.61,-12.70,-12.61,-12.26,-12.20,-12.34,-12.70,-12.34,-12.26,-12.56,-12.04,-12.34,-12.26,-12.34,-12.39,-12.20,-12.56,-12.20,-12.04,-12.34,-12.34,-12.39,-12.56,-12.04,-12.39,-12.48,-12.20,-11.98,-12.39,-12.39,-12.39,-12.56,-12.78,-12.39,-12.39,-12.12,-12.04,-12.70,-12.26,-12.26,-12.39,-12.39,-12.78,-12.78,-12.39,-12.48,-12.26,-12.83,-12.48
-12.97,-12.83,-12.70,-12.97,-12.56,-12.70,-12.56,-12.70,-12.61,-12.70,-12.78,-12.61,-12.39,-12.83,-12.34,-12.61,-12.78,-12.26,-12.34,-12.70,-12.48,-12.56,-12.39,-12.26,-12.34,-12.39,-12.20,-12.48,-12.39,-12.34,-12.56,-12.70,-12.56,-12.61,-12.39,-12.48,-12.48,-12.34,-11.98,-12.34,-12.04,-12.34,-12.48,-12.39,-12.56,-12.48,-12.83,-12.56,-12.26,-12.61,-12.56,-12.26,-12.56,-12.70,-11.98,-12.56,-12.61,-12.26,-12.70,-12.20,-12.39,-12.61,-12.56,-12.39,-12.39,-12.34,-12.39,-12.56,-12.61,-12.48,-12.78,-12.26,-12.39,-12.78,-12.70,-12.70,-12.48,-12.12,-12.34,-12.78,-12.34,-12.26,-12.56,-12.34,-12.48,-12.48,-12.20,-12.78,-12.61,-12.48,-12.48,-12.61,-12.48,-12.61,-12.34,-12.48,-12.34,-12.20,-12.48,-12.70,-12.78,-12.61,-12.56,-12.34,-12.61,-12.04,-12.39,-12.56,-12.48,-12.56,-12.34,-12.56,-12.92,-12.04,-12.39,-12.48,-12.56,-12.78,-12.34,-12.61,-12.70,-12.61,-12.61,-12.78,-12.56,-12.39,-12.48,-12.56,-12.48,-12.48,-12.34,-12.70,-12.34,-12.34,-12.48,-12.61,-12.48,-12.34,-12.20,-12.20,-12.34,-12.61,-12.61,-12.26,-12.92,-12.48,-12.61,-12.12,-12.20,-12.56,-12.56,-12.34,-12.39,-12.39,-12.48,-12.39,-12.34,-12.61,-12.48,-12.26,-12.20,-12.34,-12.39,-12.26,-12.20,-12.56,-12.04,-12.34,-11.90,-12.12,-12.04,-11.68,-12.12,-11.98,-12.26,-11.68,-11.98,-12.20,-11.90,-11.90,-11.85,-11.76,-12.20,-12.12,-11.63,-12.26,-11.98,-12.04,-11.76,-11.63,-12.20,-12.12,-11.76,-11.85,-11.76,-11.85,-11.85,-11.85,-12.04,-11.76,-11.85,-11.90,-12.20,-12.04,-11.76,-11.85,-11.90,-11.98,-11.68,-12.26,-12.12,-11.98,-12.04,-12.12,-12.48,-12.26,-11.90,-12.20,-12.12,-12.34,-12.39,-12.20,-12.39,-12.34,-12.26,-12.39,-12.26,-12.78,-12.26,-12.34,-12.34,-12.48,-12.61,-12.48,-12.39,-12.26,-12.20,-12.20,-12.34,-12.48,-12.56,-12.04,-12.56,-12.56,-12.56,-12.56,-12.61,-12.34,-12.48,-12.70,-12.39,-12.39,-12.39,-12.12,-12.56,-12.56,-12.39,-12.20,-12.39,-12.61,-12.56,-12.70,-12.48,-12.56,-12.39,-12.39,-12.39,-12.78,-12.56,-12.48,-12.83,-12.34,-12.70,-12.48,-12.61,-12.78,-12.34,-12.61,-12.39,-12.56,-12.92,-12.26,-12.56,-12.48,-12.70,-12.56,-12.70,-12.70,-12.56,-12.39,-12.26,-12.39,-12.78,-12.92,-12.48,-12.70,-12.78,-12.78,-12.70,-12.39,-12.61,-12.70,-12.48,-12.61,-12.70,-12.61,-12.78,-12.48,-12.56,-12.56,-12.56,-12.92,-12.34,-12.56,-12.56,-12.48,-12.48,-12.78,-12.70,-12.78,-12.83,-12.39,-12.78,-12.70,-12.48,-12.78,-12.56,-12.70,-12.78,-12.70,-12.48,-12.34,-12.78,-12.56,-12.78,-12.20,-12.61,-12.39,-12.20,-12.39,-12.56,-12.39,-12.39,-12.48,-12.34,-12.34,-12.12,-12.34,-12.26,-12.39,-12.20,-12.70,-12.48,-12.39,-12.61,-12.34,-12.61,-12.56,-12.48,-12.48,-12.34,-12.39,-12.26,-12.48,-12.56,-12.70,-12.39,-12.39,-12.48,-12.48,-12.26,-12.70,-12.48,-12.39,-12.39,-12.48,-12.70,-12.34,-12.61,-12.34,-12.83,-13.06
-12.56,-12.83,-12.78,-12.61,-12.83,-12.92,-12.39,-12.92,-12.92,-12.61,-12.56,-12.61,-12.12,-12.20,-12.48,-12.70,-12.26,-12.48,-12.34,-12.39,-12.34,-12.83,-12.70,-12.56,-12.39,-12.39,-12.56,-12.83,-12.61,-12.34,-12.20,-12.12,-12.34,-12.20,-12.34,-12.61,-12.56,-12.78,-12.78,-12.26,-12.56,-12.34,-12.61,-12.56,-12.70,-12.83,-12.39,-12.56,-12.34,-12.48,-12.70,-12.48,-12.56,-12.61,-12.56,-12.48,-12.56,-12.48,-12.20,-12.39,-12.70,-12.83,-12.56,-12.34,-12.48,-12.34,-12.26,-12.26,-12.78,-12.39,-12.56,-12.97,-12.39,-12.34,-12.26,-12.39,-12.48,-12.56,-12.39,-12.48,-12.92,-12.48,-12.70,-12.61,-12.83,-12.61,-12.56,-12.48,-12.56,-12.61,-12.78,-12.34,-12.48,-12.83,-12.83,-12.56,-12.97,-12.56,-12.56,-12.56,-12.20,-12.61,-12.61,-12.78,-12.20,-12.61,-12.61,-12.61,-12.56,-12.34,-12.20,-12.48,-12.34,-12.39,-12.39,-12.78,-12.70,-12.48,-12.61,-12.48,-12.78,-12.61,-12.78,-12.34,-12.83,-12.39,-12.34,-12.56,-12.20,-12.56,-12.70,-12.70,-12.70,-12.70,-12.83,-12.34,-12.83,-11.90,-12.70,-12.48,-12.70,-12.48,-12.70,-12.34,-12.56,-12.78,-12.61,-12.34,-12.48,-12.39,-12.56,-12.12,-12.70,-12.56,-12.20,-12.48,-12.34,-12.70,-12.61,-12.26,-12.61,-12.20,-12.26,-12.48,-12.56,-12.56,-12.70,-12.20,-12.48,-12.26,-12.04,-12.04,-12.04,-11.98,-11.98,-12.20,-11.76,-12.20,-11.63,-11.85,-12.04,-11.63,-11.90,-12.20,-12.20,-12.12,-12.04,-11.98,-12.12,-11.98,-12.12,-11.85,-12.34,-11.90,-11.98,-12.20,-11.98,-12.20,-11.85,-12.20,-12.12,-12.26,-12.12,-11.98,-11.68,-12.12,-11.98,-11.85,-12.12,-11.90,-11.63,-12.12,-12.26,-12.04,-11.98,-12.26,-12.12,-12.26,-12.26,-12.34,-12.56,-12.39,-12.61,-12.12,-12.48,-12.34,-12.70,-12.48,-12.34,-12.56,-12.56,-12.39,-12.83,-12.34,-12.56,-12.39,-12.56,-12.56,-12.39,-12.48,-12.61,-12.48,-12.48,-12.56,-12.56,-12.20,-12.83,-12.78,-12.12,-12.12,-12.26,-12.61,-12.56,-12.70,-12.70,-12.39,-12.48,-12.56,-12.56,-12.83,-12.48,-12.70,-12.39,-12.48,-12.39,-12.34,-12.20,-12.39,-12.48,-12.70,-12.48,-12.70,-12.83,-12.61,-12.70,-12.83,-12.56,-12.48,-12.48,-12.56,-12.61,-12.70,-12.56,-12.26,-12.56,-12.39,-12.70,-12.48,-12.97,-12.61,-12.83,-12.78,-12.48,-12.78,-12.56,-12.56,-12.70,-12.83,-12.78,-12.83,-12.48,-12.56,-12.70,-12.56,-12.61,-12.61,-12.56,-12.97,-12.61,-13.06,-12.48,-12.48,-12.61,-12.61,-12.78,-12.70,-12.70,-12.78,-12.83,-12.70,-12.48,-12.61,-12.70,-12.92,-12.48,-12.92,-12.56,-12.83,-12.39,-12.78,-12.83,-12.70,-12.70,-12.78,-12.83,-12.34,-12.61,-12.56,-12.56,-12.39,-12.12,-12.04,-12.39,-12.56,-12.34,-12.04,-12.48,-12.26,-12.48,-12.56,-12.39,-12.26,-12.26,-12.48,-12.56,-12.34,-12.78,-12.78,-12.56,-12.56,-12.48,-12.26,-12.61,-12.61,-12.56,-12.61,-12.39,-12.48,-12.48,-12.70,-12.48,-12.34,-12.34,-12.20,-12.34,-12.56,-12.61,-12.61,-12.70,-12.83,-12.61,-12.56
-12.92,-12.83,-12.78,-12.61,-13.06,-12.78,-12.39,-12.83,-12.56,-12.78,-12.70,-12.92,-12.78,-12.39,-12.48,-12.61,-12.92,-12.61,-12.61,-12.56,-12.39,-12.97,-12.70,-12.34,-12.26,-12.56,-12.48,-12.70,-12.56,-12.26,-12.34,-12.61,-12.39,-12.56,-12.39,-12.56,-12.48,-12.34,-12.39,-12.39,-12.56,-12.61,-12.20,-12.61,-12.70,-12.48,-12.56,-12.56,-12.48,-12.56,-12.61,-12.39,-12.34,-12.48,-12.39,-12.48,-12.70,-12.61,-12.61,-12.48,-12.48,-12.26,-12.26,-12.70,-12.56,-12.83,-12.61,-12.92,-13.06,-12.56,-12.48,-12.48,-12.61,-12.70,-12.34,-12.61,-12.70,-12.56,-12.56,-12.39,-12.70,-12.56,-12.56,-12.92,-12.78,-12.39,-12.39,-12.92,-12.78,-12.78,-12.39,-12.70,-12.34,-12.56,-12.39,-12.39,-12.78,-12.70,-12.56,-12.61,-12.48,-12.56,-12.56,-12.34,-12.48,-12.12,-12.26,-12.12,-12.61,-12.70,-12.39,-12.26,-12.34,-11.98,-12.70,-12.34,-12.61,-12.48,-12.48,-12.70,-12.70,-12.20,-12.56,-12.70,-12.56,-12.70,-12.97,-12.34,-12.20,-12.48,-12.34,-12.39,-12.61,-12.39,-12.56,-12.48,-12.70,-12.61,-12.34,-12.70,-12.56,-12.56,-12.34,-12.70,-12.61,-12.61,-12.26,-12.20,-12.56,-12.48,-12.39,-12.56,-12.12,-12.48,-12.39,-12.48,-12.48,-12.39,-12.56,-12.48,-12.70,-12.78,-12.61,-12.48,-12.39,-12.56,-12.04,-12.34,-12.04,-12.26,-11.90,-12.04,-11.90,-11.98,-11.90,-12.12,-11.98,-12.04,-12.26,-11.98,-11.98,-11.85,-11.98,-11.98,-11.90,-11.90,-11.76,-11.85,-12.04,-12.04,-11.98,-11.90,-11.98,-11.68,-12.04,-12.12,-12.20,-11.85,-12.04,-12.34,-12.20,-12.20,-11.76,-11.90,-12.04,-12.12,-11.90,-12.04,-12.04,-12.12,-12.20,-11.90,-12.12,-11.98,-11.90,-12.26,-12.26,-12.04,-12.34,-12.39,-12.34,-12.39,-12.39,-12.48,-12.97,-12.39,-12.48,-12.61,-12.20,-12.39,-12.48,-12.12,-12.83,-12.39,-12.34,-12.26,-12.39,-12.26,-12.20,-12.39,-12.83,-12.39,-12.39,-12.34,-12.48,-12.61,-12.61,-12.34,-12.39,-12.26,-12.56,-12.78,-12.20,-12.39,-12.70,-12.61,-12.92,-12.83,-12.48,-12.70,-12.78,-12.61,-12.26,-12.34,-12.48,-12.70,-12.61,-12.26,-12.48,-12.78,-12.48,-12.26,-12.78,-12.56,-12.48,-12.61,-12.48,-13.06,-12.61,-12.04,-13.14,-12.39,-12.78,-12.78,-12.61,-12.56,-12.61,-12.39,-12.48,-12.70,-12.39,-12.61,-12.78,-12.61,-12.61,-12.48,-12.70,-12.48,-12.78,-12.97,-12.97,-12.92,-12.56,-12.34,-12.70,-12.61,-12.48,-12.56,-12.78,-12.48,-12.78,-12.83,-12.48,-12.48,-12.34,-12.70,-12.70,-12.78,-12.34,-12.83,-12.70,-12.92,-12.48,-13.06,-12.83,-12.92,-12.83,-12.70,-12.83,-12.70,-12.97,-12.83,-12.34,-12.61,-12.34,-12.39,-12.78,-12.39,-12.48,-12.20,-12.56,-12.78,-12.26,-12.20,-12.48,-12.26,-12.26,-12.61,-12.39,-12.34,-12.34,-12.20,-12.12,-12.34,-12.39,-12.12,-12.78,-12.78,-12.34,-12.56,-12.34,-12.26,-12.56,-12.61,-12.56,-12.39,-12.70,-12.20,-12.78,-12.92,-12.56,-12.34,-12.48,-12.61,-12.48,-12.20,-12.48,-12.56,-12.56,-12.48,-12.56,-12.61
-12.83,-13.06,-12.48,-12.56,-12.39,-12.56,-12.70,-12.92,-13.06,-12.61,-12.61,-12.70,-12.83,-13.19,-12.78,-12.78,-12.34,-12.39,-12.48,-12.48,-12.26,-12.61,-12.39,-12.56,-12.48,-12.26,-12.48,-12.56,-12.56,-12.34,-12.61,-12.61,-12.56,-12.61,-12.78,-12.39,-12.20,-12.70,-12.48,-12.04,-12.56,-12.56,-12.48,-12.70,-12.61,-12.56,-12.48,-12.48,-12.12,-12.56,-12.20,-12.39,-12.78,-12.34,-12.39,-12.26,-12.34,-12.39,-12.26,-12.26,-12.92,-12.34,-12.83,-12.61,-12.70,-12.48,-12.61,-12.48,-12.56,-12.56,-12.61,-12.83,-12.61,-12.78,-12.39,-12.12,-12.61,-12.56,-12.61,-12.56,-12.78,-12.97,-12.61,-12.78,-12.70,-12.39,-12.34,-13.19,-12.83,-12.97,-12.78,-12.61,-12.39,-12.39,-12.78,-12.78,-12.70,-12.61,-12.78,-12.48,-12.48,-12.39,-12.61,-12.78,-12.39,-12.56,-12.39,-12.83,-12.61,-12.56,-12.56,-12.56,-12.61,-12.56,-12.26,-12.61,-12.56,-12.26,-12.97,-12.56,-12.48,-12.78,-12.70,-12.26,-12.56,-12.56,-12.26,-12.34,-12.56,-12.48,-12.56,-12.39,-12.39,-12.26,-12.78,-12.61,-12.39,-12.56,-12.56,-12.34,-12.70,-12.48,-12.39,-12.61,-12.56,-12.56,-12.48,-12.61,-12.26,-12.26,-12.48,-12.39,-12.56,-12.56,-12.70,-12.61,-12.20,-12.61,-12.39,-12.61,-12.56,-12.48,-12.34,-12.39,-12.70,-12.26,-12.39,-12.34,-12.26,-12.26,-12.34,-11.90,-11.85,-11.85,-11.85,-11.90,-11.85,-11.76,-11.85,-11.90,-11.90,-12.04,-12.34,-11.90,-12.12,-12.12,-12.26,-11.98,-12.12,-11.85,-12.04,-11.98,-11.85,-11.98,-11.90,-11.98,-11.98,-11.90,-12.04,-11.76,-11.90,-12.12,-12.04,-11.85,-11.98,-11.76,-11.98,-12.12,-11.49,-11.76,-11.98,-12.20,-12.20,-12.12,-11.98,-12.26,-12.26,-12.20,-12.56,-11.98,-12.04,-12.20,-12.04,-12.39,-12.48,-12.39,-12.34,-12.48,-12.26,-12.39,-12.34,-12.56,-12.78,-12.26,-12.39,-12.70,-12.48,-12.78,-12.56,-12.70,-12.12,-12.70,-12.39,-12.48,-12.12,-12.26,-12.12,-12.56,-12.12,-12.12,-12.34,-12.48,-12.26,-12.48,-12.48,-12.61,-12.56,-12.56,-12.26,-12.56,-12.12,-12.48,-12.70,-12.39,-12.56,-12.39,-12.56,-12.34,-12.70,-12.78,-12.48,-12.70,-12.61,-12.61,-12.56,-12.48,-12.56,-12.56,-12.78,-12.39,-12.48,-12.26,-12.56,-12.78,-12.70,-12.83,-12.70,-12.70,-12.70,-12.48,-12.39,-12.39,-12.61,-12.61,-12.78,-12.48,-12.83,-12.26,-12.48,-12.39,-12.70,-12.70,-12.56,-12.83,-12.92,-12.56,-12.61,-12.61,-12.48,-12.78,-12.78,-12.78,-12.61,-12.48,-12.78,-12.83,-12.83,-12.61,-12.61,-12.78,-12.34,-12.12,-12.56,-12.78,-12.92,-12.39,-12.92,-13.06,-13.19,-12.97,-12.56,-12.83,-12.56,-12.61,-12.56,-12.39,-12.78,-12.48,-12.61,-12.34,-12.70,-12.56,-12.56,-12.56,-12.26,-12.20,-12.12,-12.04,-12.48,-12.48,-12.20,-12.48,-12.20,-12.70,-12.20,-12.48,-12.56,-12.70,-12.61,-12.39,-12.20,-12.56,-12.61,-12.56,-12.48,-12.26,-12.56,-12.78,-12.34,-12.61,-12.26,-12.34,-12.61,-12.48,-12.48,-12.78,-12.48,-12.48,-12.48,-12.48,-12.61,-12.97
-12.78,-12.83,-13.19,-12.70,-12.56,-12.48,-12.56,-12.97,-12.61,-12.61,-12.20,-12.70,-12.61,-12.48,-12.83,-12.26,-12.97,-12.61,-12.61,-12.56,-12.61,-12.48,-12.12,-12.48,-12.34,-12.48,-12.78,-12.92,-12.61,-12.34,-12.39,-12.48,-12.56,-12.70,-12.12,-12.56,-12.26,-12.61,-12.48,-12.39,-12.39,-12.26,-12.34,-12.39,-12.61,-12.39,-12.48,-12.48,-12.39,-12.26,-12.34,-12.70,-12.61,-12.39,-12.34,-12.56,-12.56,-12.39,-12.70,-12.56,-12.61,-12.56,-12.83,-12.78,-12.56,-13.06,-12.61,-12.61,-12.56,-12.56,-12.61,-12.78,-12.70,-12.39,-12.48,-12.78,-12.83,-12.48,-12.70,-12.70,-12.78,-12.78,-12.61,-12.56,-12.61,-12.48,-12.70,-12.78,-12.92,-12.48,-12.48,-12.78,-12.70,-12.83,-12.70,-12.78,-12.56,-12.61,-12.97,-12.48,-12.70,-12.39,-12.34,-12.48,-12.56,-12.34,-12.56,-12.26,-12.56,-12.48,-12.78,-12.61,-12.70,-12.56,-12.39,-12.61,-12.78,-12.61,-12.78,-12.61,-12.56,-12.92,-12.78,-12.34,-12.70,-12.48,-12.61,-12.20,-12.48,-12.78,-12.56,-12.61,-12.61,-12.48,-12.48,-12.56,-12.48,-12.78,-12.61,-12.48,-12.20,-12.39,-12.56,-12.34,-12.48,-12.61,-12.34,-12.34,-12.70,-12.56,-12.48,-12.56,-12.26,-12.34,-12.61,-12.56,-12.39,-12.56,-12.26,-12.48,-12.20,-12.26,-12.26,-12.20,-11.98,-12.70,-12.61,-12.26,-12.26,-12.26,-12.20,-12.20,-12.12,-11.90,-11.85,-12.26,-11.85,-12.34,-11.98,-12.12,-11.98,-12.20,-11.76,-12.12,-11.90,-11.68,-11.90,-11.90,-11.76,-12.04,-12.26,-12.39,-12.12,-12.26,-11.63,-11.76,-11.76,-12.26,-11.63,-11.85,-12.04,-11.98,-11.98,-11.76,-11.98,-12.04,-12.04,-12.20,-11.90,-12.04,-12.04,-11.68,-12.04,-12.26,-12.04,-12.34,-12.12,-12.39,-12.78,-12.20,-11.90,-12.70,-12.56,-12.48,-12.20,-12.39,-12.39,-12.70,-12.56,-12.48,-12.20,-12.39,-12.56,-12.56,-12.70,-12.70,-12.56,-12.48,-12.83,-12.56,-12.48,-12.34,-12.39,-12.56,-12.39,-12.78,-12.48,-12.56,-12.34,-12.26,-12.34,-12.56,-12.34,-12.83,-12.39,-12.83,-11.98,-11.90,-12.39,-12.34,-12.48,-12.56,-12.56,-12.97,-12.48,-12.61,-12.26,-12.39,-12.48,-12.48,-12.78,-12.61,-12.39,-12.39,-12.34,-12.48,-12.61,-12.12,-12.48,-12.39,-12.61,-12.39,-12.48,-12.97,-12.48,-12.78,-12.70,-12.83,-12.83,-12.61,-12.56,-12.83,-12.48,-13.06,-12.56,-12.61,-12.78,-12.56,-12.56,-12.61,-12.97,-12.70,-12.61,-12.97,-12.83,-12.61,-12.83,-12.70,-12.97,-12.83,-12.83,-12.78,-12.56,-12.83,-12.70,-12.83,-12.39,-12.70,-12.97,-12.70,-12.48,-12.56,-12.61,-12.83,-12.78,-12.61,-12.56,-12.70,-12.92,-12.56,-12.48,-12.78,-12.78,-12.61,-12.92,-12.70,-12.61,-12.34,-12.34,-12.56,-12.26,-12.20,-12.92,-12.39,-12.48,-12.48,-12.39,-12.20,-12.70,-12.34,-12.26,-12.12,-12.39,-12.56,-12.39,-12.39,-12.39,-12.70,-12.78,-12.39,-12.20,-12.48,-12.48,-12.70,-12.56,-12.48,-12.61,-12.48,-12.48,-12.61,-12.56,-12.39,-12.34,-12.20,-12.56,-12.39,-12.34,-12.39,-12.61,-12.39,-12.70,-12.48
-12.83,-12.83,-13.19,-12.78,-12.70,-12.39,-12.12,-12.78,-12.92,-12.70,-12.61,-12.56,-12.70,-12.48,-12.92,-12.70,-12.39,-12.70,-12.56,-12.56,-12.26,-12.56,-12.61,-12.56,-12.34,-12.48,-12.78,-12.61,-12.39,-12.78,-12.70,-12.34,-12.83,-12.34,-12.48,-12.56,-12.56,-12.61,-12.92,-12.48,-12.61,-12.61,-12.70,-12.34,-12.61,-12.39,-12.61,-12.70,-12.26,-12.56,-12.34,-12.48,-12.70,-12.48,-12.83,-12.48,-12.78,-12.26,-12.78,-12.78,-12.70,-12.61,-12.56,-12.48,-12.48,-12.78,-12.56,-12.83,-12.61,-12.83,-12.97,-12.70,-12.83,-12.70,-13.14,-13.14,-12.83,-12.39,-12.56,-12.78,-12.70,-12.26,-12.56,-12.70,-12.70,-12.61,-12.61,-12.78,-12.56,-12.78,-12.56,-12.78,-12.92,-12.83,-12.48,-12.78,-12.56,-12.92,-12.70,-12.61,-12.48,-12.48,-12.78,-12.56,-12.56,-12.61,-12.39,-12.70,-12.70,-12.61,-12.39,-12.39,-12.48,-12.78,-12.70,-12.48,-12.70,-12.34,-12.48,-12.48,-12.61,-12.70,-12.61,-12.61,-12.48,-12.39,-12.48,-12.56,-12.70,-12.48,-12.12,-12.56,-12.12,-12.12,-12.78,-12.61,-12.56,-12.56,-12.39,-12.61,-12.39,-12.12,-12.56,-12.83,-12.61,-12.70,-12.48,-12.56,-12.56,-12.56,-12.70,-12.70,-12.20,-12.48,-12.39,-12.61,-12.56,-12.34,-12.56,-12.61,-12.39,-12.70,-12.26,-12.39,-12.39,-12.34,-12.04,-12.04,-12.48,-12.04,-12.04,-12.26,-12.34,-12.04,-11.90,-12.04,-12.04,-11.90,-11.85,-11.90,-11.85,-12.04,-12.04,-11.90,-11.90,-11.98,-12.20,-11.90,-11.98,-12.12,-12.20,-12.04,-11.98,-11.98,-11.98,-12.12,-11.90,-11.85,-12.12,-12.26,-11.90,-11.90,-11.85,-12.04,-11.90,-12.04,-12.04,-11.98,-11.90,-11.98,-11.98,-11.85,-12.26,-12.04,-11.76,-12.20,-11.68,-12.34,-12.61,-12.39,-12.48,-12.48,-12.61,-12.56,-12.78,-12.34,-12.48,-12.39,-12.78,-12.39,-12.20,-12.34,-12.56,-12.56,-12.26,-12.48,-12.70,-12.26,-12.70,-12.34,-12.34,-12.26,-12.34,-12.61,-12.48,-12.39,-12.56,-12.39,-12.12,-12.39,-12.92,-12.34,-12.83,-12.39,-12.56,-12.39,-12.48,-12.34,-12.34,-12.61,-12.48,-12.26,-12.20,-12.70,-12.70,-12.48,-12.39,-12.39,-12.26,-12.48,-12.20,-12.70,-12.70,-12.56,-12.48,-12.48,-12.34,-12.39,-13.06,-12.61,-12.61,-12.61,-12.48,-12.34,-12.70,-12.78,-12.48,-12.61,-12.39,-12.26,-12.61,-12.61,-12.70,-12.61,-12.39,-12.78,-12.61,-12.78,-12.70,-12.70,-12.97,-12.92,-12.61,-12.56,-12.61,-12.48,-12.70,-12.97,-12.48,-12.61,-12.34,-12.61,-13.14,-12.83,-12.97,-12.83,-12.83,-12.48,-12.83,-12.97,-12.48,-12.39,-12.83,-12.83,-12.92,-12.70,-12.56,-12.78,-12.83,-12.70,-12.61,-12.70,-12.61,-12.26,-12.56,-12.78,-12.48,-12.70,-12.48,-12.56,-12.78,-12.39,-12.39,-12.26,-12.39,-12.20,-12.34,-12.34,-12.70,-12.34,-12.34,-12.56,-12.39,-12.20,-12.48,-12.39,-12.34,-12.61,-12.70,-12.78,-12.48,-12.48,-12.34,-12.92,-12.70,-12.70,-12.83,-12.39,-12.56,-12.61,-12.70,-12.83,-12.48,-12.61,-12.78,-12.34,-12.26,-12.48,-12.56,-12.70,-12.78,-12.56
-12.48,-12.78,-12.92,-12.70,-12.70,-12.61,-12.83,-12.78,-12.39,-12.61,-12.70,-12.48,-12.61,-12.61,-12.78,-12.39,-12.70,-12.61,-12.83,-12.56,-12.48,-12.78,-12.56,-12.26,-12.56,-12.61,-12.61,-12.97,-12.56,-12.34,-12.34,-12.39,-12.34,-12.39,-12.39,-12.56,-12.26,-12.20,-12.20,-12.56,-12.39,-12.61,-12.20,-12.83,-12.39,-12.26,-12.78,-12.78,-12.70,-12.48,-12.70,-12.56,-12.61,-12.70,-12.48,-12.70,-12.39,-12.61,-12.70,-12.70,-12.61,-12.48,-12.61,-12.78,-12.70,-12.70,-12.26,-12.97,-12.56,-12.92,-12.92,-12.70,-12.83,-12.97,-12.48,-12.83,-12.92,-12.48,-12.78,-12.92,-12.48,-12.39,-12.39,-12.39,-12.56,-12.56,-12.78,-12.56,-12.56,-12.78,-12.78,-12.61,-12.78,-12.56,-12.61,-12.83,-12.78,-12.48,-12.39,-12.92,-12.56,-12.61,-12.48,-12.39,-12.56,-12.48,-12.34,-12.39,-12.48,-12.26,-12.56,-12.48,-12.34,-12.78,-12.48,-12.39,-12.39,-12.39,-12.34,-12.56,-12.39,-12.39,-12.56,-12.56,-12.39,-12.70,-12.39,-12.26,-12.34,-12.61,-12.48,-12.34,-12.56,-12.48,-12.26,-12.26,-12.78,-12.34,-12.70,-12.56,-12.34,-12.48,-12.56,-12.70,-12.39,-12.48,-12.61,-12.39,-12.20,-11.98,-12.78,-12.34,-12.26,-12.34,-12.56,-12.34,-12.48,-12.56,-12.26,-12.20,-12.39,-12.39,-12.34,-12.70,-12.61,-12.48,-12.12,-12.39,-12.20,-11.98,-12.12,-12.20,-11.98,-11.90,-11.90,-11.85,-11.49,-12.20,-12.12,-11.85,-11.98,-12.20,-12.20,-12.12,-12.34,-11.76,-11.98,-11.98,-12.04,-11.76,-12.12,-11.98,-12.26,-12.34,-11.90,-12.20,-11.76,-11.90,-11.85,-11.85,-12.04,-11.90,-11.98,-12.04,-12.20,-11.76,-11.98,-12.12,-12.04,-12.04,-11.98,-12.20,-12.34,-12.12,-12.12,-12.12,-12.20,-12.39,-12.26,-12.12,-12.26,-12.61,-12.34,-12.26,-12.61,-12.56,-12.39,-12.78,-12.20,-12.20,-12.20,-12.34,-12.78,-12.70,-12.48,-12.61,-12.78,-12.70,-12.04,-12.61,-12.48,-12.70,-12.78,-12.34,-12.48,-12.61,-12.12,-12.61,-12.48,-12.61,-12.39,-12.70,-12.34,-12.61,-12.20,-12.34,-12.26,-12.92,-12.39,-12.78,-12.48,-12.48,-12.56,-12.70,-12.56,-12.39,-12.78,-12.20,-12.70,-12.78,-12.39,-12.56,-12.39,-12.39,-12.78,-12.70,-12.92,-12.56,-12.56,-12.61,-12.70,-12.78,-12.70,-12.61,-12.83,-12.48,-12.78,-12.39,-12.48,-12.56,-12.48,-12.83,-12.83,-12.56,-12.34,-12.39,-12.61,-12.83,-12.56,-12.56,-12.78,-12.70,-12.78,-12.34,-12.56,-12.61,-12.78,-12.92,-12.34,-12.83,-12.70,-12.78,-12.48,-12.78,-12.83,-12.61,-12.78,-12.78,-12.70,-12.61,-12.61,-12.70,-12.48,-12.56,-12.83,-12.78,-12.83,-12.70,-12.56,-12.92,-12.83,-12.78,-12.70,-12.61,-12.78,-12.70,-12.70,-12.26,-12.70,-12.70,-12.26,-12.56,-12.12,-12.04,-12.56,-12.56,-12.56,-12.56,-12.34,-12.04,-12.26,-12.26,-12.39,-12.56,-12.26,-12.20,-12.26,-12.48,-12.56,-12.12,-12.48,-12.34,-12.56,-12.48,-12.61,-12.70,-12.34,-12.39,-12.56,-12.92,-12.26,-12.48,-12.56,-12.20,-12.61,-12.61,-12.61,-12.48,-12.20,-12.34,-12.70,-12.26
-12.70,-12.56,-12.70,-12.61,-12.48,-12.48,-12.56,-12.78,-12.39,-12.83,-12.56,-12.48,-12.70,-12.39,-12.92,-12.39,-12.26,-12.56,-12.48,-12.78,-12.26,-12.34,-12.26,-12.39,-12.78,-12.56,-12.48,-12.39,-12.12,-12.56,-12.34,-12.20,-12.56,-12.26,-12.61,-12.56,-12.12,-12.26,-12.61,-12.56,-12.70,-12.56,-12.56,-12.61,-12.34,-12.70,-12.34,-12.70,-12.48,-11.90,-12.48,-12.26,-12.39,-12.48,-12.56,-12.56,-12.56,-12.48,-12.39,-12.92,-12.70,-12.48,-12.61,-12.97,-12.78,-12.83,-12.48,-12.83,-12.56,-12.39,-12.61,-12.78,-12.78,-12.61,-12.83,-12.78,-12.78,-12.61,-12.78,-12.39,-12.92,-12.56,-12.26,-12.34,-12.83,-12.20,-12.56,-12.83,-12.78,-12.70,-12.83,-12.83,-12.83,-12.70,-12.56,-13.06,-12.39,-12.48,-12.70,-12.26,-12.34,-12.97,-12.48,-12.56,-12.61,-12.48,-12.26,-12.04,-12.56,-12.56,-12.97,-12.78,-12.39,-12.56,-12.56,-12.61,-12.34,-12.70,-12.34,-12.48,-12.56,-12.39,-12.20,-12.56,-12.48,-12.70,-13.06,-12.48,-12.12,-12.26,-12.39,-12.26,-12.26,-12.20,-12.56,-12.34,-12.39,-12.61,-12.56,-12.26,-12.56,-12.39,-12.56,-12.61,-12.26,-12.34,-12.56,-12.20,-12.48,-12.61,-12.04,-12.39,-12.56,-12.26,-12.34,-12.26,-12.48,-12.48,-12.70,-12.48,-12.61,-12.12,-12.12,-12.39,-12.26,-12.39,-12.61,-12.04,-12.20,-12.48,-12.56,-12.04,-11.76,-11.85,-12.12,-12.26,-12.20,-12.04,-11.90,-12.04,-12.20,-11.85,-11.90,-12.12,-11.76,-11.68,-11.98,-11.98,-11.90,-12.26,-12.04,-11.63,-11.98,-12.20,-11.68,-12.04,-11.63,-12.39,-12.12,-12.04,-12.04,-11.85,-11.63,-11.76,-12.20,-11.90,-11.85,-12.39,-12.04,-12.04,-12.26,-11.90,-11.98,-12.20,-11.98,-12.04,-12.04,-12.04,-12.39,-12.34,-12.34,-12.61,-12.48,-12.12,-12.39,-12.39,-12.56,-12.48,-12.04,-12.34,-12.39,-12.39,-12.39,-12.20,-12.34,-12.61,-12.20,-12.48,-12.48,-12.56,-12.61,-12.26,-12.34,-12.61,-12.61,-12.56,-12.48,-12.61,-12.78,-12.70,-12.70,-12.48,-12.78,-12.39,-12.61,-12.78,-12.39,-12.26,-12.56,-12.70,-12.56,-12.83,-12.48,-12.39,-12.78,-12.26,-12.56,-12.61,-12.34,-12.56,-12.34,-12.97,-12.61,-12.70,-12.56,-12.61,-12.26,-12.70,-12.48,-12.39,-12.56,-12.26,-12.61,-12.70,-12.78,-12.83,-12.92,-12.56,-12.34,-12.61,-12.83,-12.48,-12.61,-12.39,-12.70,-12.92,-12.26,-12.78,-13.06,-12.56,-12.97,-12.97,-12.56,-12.34,-12.92,-12.48,-12.61,-12.61,-12.92,-12.48,-12.48,-12.92,-12.92,-12.48,-12.97,-12.92,-12.61,-12.56,-13.19,-12.34,-12.92,-12.78,-12.56,-12.70,-12.70,-12.56,-12.78,-12.56,-12.61,-12.48,-12.78,-12.97,-12.61,-12.83,-12.48,-12.78,-12.48,-12.61,-12.26,-12.34,-12.34,-12.34,-12.34,-12.39,-12.83,-12.83,-12.61,-12.48,-12.20,-12.48,-12.39,-12.56,-12.48,-12.48,-12.48,-12.61,-12.12,-12.83,-12.70,-12.34,-12.56,-12.39,-12.83,-12.26,-12.70,-12.70,-12.48,-12.39,-12.39,-12.34,-12.48,-12.56,-12.34,-12.26,-12.56,-12.78,-12.34,-12.34,-12.48,-12.78,-12.20,-12.48
-12.48,-12.61,-12.70,-12.48,-12.78,-13.06,-12.83,-12.70,-12.56,-12.20,-12.61,-12.34,-12.20,-12.39,-12.83,-12.70,-12.78,-12.56,-12.70,-12.70,-12.34,-12.78,-12.56,-12.56,-12.48,-12.34,-12.61,-12.34,-12.26,-12.61,-12.78,-12.34,-12.83,-12.83,-12.56,-12.39,-12.26,-12.39,-12.48,-12.12,-12.48,-12.56,-12.39,-12.39,-12.56,-12.20,-12.39,-12.97,-12.83,-12.48,-12.34,-12.70,-12.48,-12.48,-12.39,-12.39,-12.83,-12.56,-12.34,-12.78,-12.97,-12.70,-12.56,-12.83,-12.92,-12.83,-13.06,-13.14,-12.97,-12.56,-12.48,-12.92,-12.61,-12.61,-12.78,-12.78,-12.70,-12.48,-12.97,-12.92,-12.78,-12.56,-12.61,-12.61,-12.48,-12.78,-12.48,-12.61,-12.70,-12.70,-12.48,-12.70,-12.26,-12.39,-12.48,-12.70,-12.56,-12.92,-13.14,-12.56,-12.61,-12.39,-12.78,-12.61,-12.34,-12.48,-12.61,-12.61,-12.56,-12.83,-12.56,-12.61,-12.97,-12.48,-12.61,-12.61,-12.56,-12.56,-12.56,-12.56,-12.70,-12.39,-12.56,-12.61,-12.34,-12.56,-12.70,-12.26,-12.56,-12.61,-12.61,-12.48,-12.70,-12.39,-12.34,-12.56,-12.12,-12.83,-12.34,-12.56,-12.20,-12.61,-12.61,-12.34,-12.83,-12.48,-12.61,-12.34,-12.61,-12.48,-12.48,-12.26,-12.56,-12.70,-12.26,-12.78,-12.56,-12.20,-12.56,-12.34,-12.34,-12.34,-12.39,-12.56,-12.48,-12.34,-12.39,-12.39,-12.39,-12.04,-11.76,-12.26,-12.26,-11.68,-11.90,-12.12,-12.34,-12.04,-11.98,-11.85,-11.98,-11.90,-11.85,-11.98,-12.04,-11.98,-11.85,-12.12,-12.20,-12.04,-12.39,-11.98,-11.68,-11.98,-12.20,-11.90,-11.90,-12.12,-11.85,-11.90,-12.04,-12.12,-12.04,-12.04,-11.76,-11.90,-12.04,-11.98,-11.98,-11.85,-12.26,-11.85,-12.20,-11.98,-12.20,-11.98,-11.98,-12.20,-12.04,-12.26,-12.78,-12.04,-12.61,-11.90,-12.48,-12.56,-12.34,-12.48,-12.70,-12.39,-12.48,-12.39,-12.61,-12.83,-12.34,-12.48,-12.39,-12.56,-12.39,-12.12,-12.70,-12.26,-12.48,-12.26,-12.34,-12.61,-12.70,-12.34,-12.70,-12.39,-12.39,-12.56,-12.56,-12.48,-12.34,-12.26,-12.70,-12.70,-12.83,-12.56,-12.12,-12.39,-12.39,-12.56,-12.48,-12.48,-12.34,-12.34,-12.26,-12.39,-12.48,-12.48,-12.34,-12.56,-12.26,-12.39,-12.48,-12.83,-12.61,-12.39,-12.39,-12.39,-12.48,-12.34,-12.61,-12.70,-12.48,-12.39,-12.83,-12.39,-12.48,-12.78,-12.70,-12.26,-12.78,-12.83,-12.56,-12.48,-12.70,-12.78,-12.39,-12.48,-12.48,-12.61,-12.48,-12.39,-12.48,-12.78,-12.92,-13.28,-13.14,-12.61,-12.61,-12.78,-12.61,-12.70,-12.78,-12.61,-12.78,-12.61,-12.70,-12.78,-12.92,-13.06,-12.92,-12.92,-12.83,-12.83,-12.97,-12.83,-12.70,-12.56,-12.39,-12.78,-12.83,-12.56,-12.39,-12.56,-12.12,-12.70,-12.56,-12.04,-12.26,-12.39,-12.34,-12.20,-12.34,-12.39,-12.34,-12.34,-12.39,-12.26,-12.20,-12.34,-12.48,-12.56,-12.56,-12.26,-12.48,-12.39,-12.39,-12.39,-12.39,-12.26,-12.83,-12.61,-12.61,-12.78,-12.48,-12.61,-12.78,-12.83,-12.78,-12.39,-12.34,-12.78,-12.78,-12.39,-12.39,-12.78,-12.34,-13.06
-12.92,-12.92,-12.97,-12.61,-12.70,-12.61,-12.61,-12.61,-12.92,-12.56,-12.61,-12.39,-12.48,-12.83,-12.34,-12.61,-12.39,-12.70,-12.70,-12.56,-12.56,-12.34,-12.78,-12.92,-12.48,-12.48,-12.12,-12.78,-12.34,-12.26,-12.48,-12.61,-12.56,-12.39,-12.83,-12.39,-12.34,-12.20,-12.39,-12.56,-12.26,-12.70,-12.39,-12.39,-12.83,-12.48,-12.92,-12.34,-12.61,-12.83,-12.83,-12.20,-12.70,-12.34,-12.78,-12.61,-12.61,-12.97,-12.92,-12.56,-12.61,-12.61,-12.92,-12.78,-12.92,-12.34,-12.70,-12.48,-12.78,-12.70,-12.83,-12.61,-12.92,-12.83,-12.78,-12.48,-12.61,-12.39,-12.34,-12.26,-12.26,-12.70,-12.56,-12.56,-12.48,-12.56,-12.48,-12.61,-12.48,-12.20,-12.26,-12.61,-12.70,-12.56,-12.97,-12.39,-12.20,-12.70,-12.39,-12.56,-12.97,-12.39,-12.61,-12.48,-12.83,-12.61,-12.56,-12.39,-12.48,-12.61,-12.61,-12.78,-12.70,-12.20,-12.48,-12.61,-12.12,-12.78,-12.39,-12.34,-12.56,-12.61,-12.39,-12.61,-12.78,-12.34,-12.61,-12.26,-12.26,-12.26,-12.48,-12.56,-12.48,-12.70,-12.78,-12.61,-12.78,-12.34,-12.56,-12.48,-12.34,-12.34,-12.34,-12.39,-12.70,-12.39,-12.39,-12.34,-12.83,-12.39,-12.61,-12.83,-12.39,-12.34,-12.34,-12.39,-12.61,-12.70,-12.39,-12.61,-12.56,-12.34,-12.61,-12.48,-12.61,-12.39,-12.48,-12.20,-12.12,-12.34,-12.26,-12.04,-12.04,-11.98,-12.20,-11.90,-11.98,-11.76,-11.76,-12.12,-11.63,-11.76,-11.90,-11.76,-12.04,-11.76,-11.98,-11.90,-12.20,-11.90,-12.20,-11.63,-11.90,-12.26,-12.56,-11.85,-11.85,-11.76,-12.26,-12.04,-12.20,-11.98,-12.20,-12.20,-12.26,-11.90,-12.26,-12.04,-11.76,-11.76,-12.04,-11.85,-12.04,-12.34,-12.26,-12.04,-11.98,-12.48,-12.61,-12.04,-12.48,-12.20,-12.26,-12.48,-12.48,-12.56,-12.56,-12.26,-12.12,-12.61,-12.39,-12.39,-12.26,-12.48,-12.56,-12.70,-12.70,-12.48,-12.48,-12.34,-12.70,-12.26,-12.04,-12.48,-12.34,-12.34,-12.61,-12.34,-12.56,-12.83,-12.56,-12.39,-12.39,-12.61,-12.56,-12.78,-12.39,-12.70,-12.48,-12.34,-12.39,-12.20,-12.78,-12.56,-12.48,-12.39,-12.61,-12.56,-12.83,-12.56,-12.70,-12.39,-12.39,-12.70,-12.61,-12.78,-13.14,-12.26,-12.48,-12.61,-12.92,-12.61,-13.06,-12.39,-12.78,-12.61,-12.97,-12.26,-12.56,-12.34,-12.61,-12.61,-12.56,-12.78,-12.70,-12.61,-12.83,-12.78,-12.61,-12.61,-12.78,-12.34,-12.70,-12.56,-12.83,-12.61,-12.61,-12.78,-12.48,-12.92,-12.61,-12.70,-12.78,-12.97,-12.70,-12.56,-12.70,-12.48,-12.70,-12.97,-12.48,-12.70,-12.97,-12.97,-12.26,-12.61,-12.78,-12.56,-12.61,-12.48,-12.97,-12.78,-12.61,-12.34,-12.48,-12.48,-12.61,-12.70,-12.39,-12.34,-12.56,-12.56,-12.83,-12.70,-12.70,-12.26,-12.61,-12.26,-12.12,-12.48,-11.98,-12.48,-12.56,-12.34,-12.39,-12.20,-12.70,-12.34,-12.48,-12.48,-12.92,-12.61,-12.61,-12.56,-12.48,-12.61,-12.61,-12.48,-12.48,-12.61,-12.39,-12.56,-12.61,-12.56,-12.78,-12.20,-12.70,-12.61,-12.48,-12.61,-12.56,-12.92
-12.92,-12.97,-12.56,-12.83,-13.14,-12.92,-12.56,-12.70,-12.56,-12.39,-12.48,-12.61,-12.48,-12.92,-12.48,-12.61,-13.19,-12.56,-12.48,-12.61,-12.39,-12.61,-12.70,-12.12,-12.70,-12.56,-12.26,-12.34,-12.34,-12.78,-12.70,-12.39,-12.12,-12.56,-12.78,-12.34,-12.56,-12.48,-12.61,-12.48,-12.56,-12.34,-12.48,-12.20,-12.12,-12.04,-12.26,-12.20,-12.61,-12.78,-12.26,-12.83,-12.70,-11.98,-12.97,-12.97,-12.39,-12.61,-12.61,-12.92,-12.56,-12.78,-12.78,-12.61,-12.56,-12.92,-12.61,-12.97,-12.83,-12.70,-12.70,-12.83,-13.06,-12.78,-12.61,-12.48,-12.70,-12.83,-12.12,-12.48,-12.61,-12.70,-12.61,-12.83,-12.61,-12.39,-12.34,-12.48,-12.20,-12.39,-12.48,-12.78,-12.56,-12.34,-12.20,-12.78,-12.39,-12.56,-12.61,-12.26,-12.39,-12.39,-12.39,-12.48,-12.83,-12.61,-12.56,-12.34,-12.48,-12.61,-12.48,-12.61,-12.61,-12.78,-12.92,-12.48,-12.48,-12.26,-12.34,-12.61,-12.70,-12.56,-12.61,-12.70,-12.61,-12.48,-12.48,-12.83,-12.39,-12.61,-12.56,-12.39,-12.56,-12.39,-12.70,-12.56,-12.56,-12.61,-12.56,-12.61,-12.39,-12.48,-12.61,-12.26,-12.97,-12.56,-12.34,-12.61,-12.34,-12.48,-12.56,-11.98,-12.48,-12.83,-12.56,-12.48,-12.56,-12.83,-12.34,-12.26,-12.12,-12.56,-12.20,-12.48,-12.48,-12.48,-11.98,-12.26,-12.48,-11.98,-12.12,-11.85,-12.04,-11.98,-11.85,-11.90,-11.49,-11.98,-11.98,-11.98,-11.68,-11.85,-12.20,-11.63,-12.04,-11.98,-11.76,-11.90,-11.98,-12.39,-12.20,-11.90,-11.76,-11.90,-11.85,-11.63,-11.76,-11.90,-12.12,-11.85,-12.20,-11.85,-11.90,-12.12,-11.90,-11.98,-12.20,-11.85,-11.90,-12.12,-12.34,-11.90,-11.85,-12.04,-11.90,-12.34,-12.48,-12.12,-12.12,-12.20,-12.26,-12.56,-12.34,-12.39,-12.48,-12.56,-12.12,-12.39,-12.48,-12.48,-12.34,-12.39,-12.48,-12.34,-12.70,-12.70,-12.56,-12.70,-12.83,-12.39,-12.56,-12.48,-12.39,-12.26,-11.90,-12.70,-12.92,-12.26,-12.61,-12.20,-12.78,-12.70,-12.34,-12.83,-12.39,-12.56,-12.56,-12.78,-12.39,-12.56,-12.48,-12.70,-12.56,-12.34,-12.78,-12.61,-12.70,-12.83,-12.78,-12.97,-12.56,-12.48,-12.39,-12.70,-12.56,-12.56,-12.61,-12.48,-12.56,-12.70,-12.26,-12.56,-12.39,-12.48,-12.34,-12.56,-12.78,-12.78,-12.78,-12.97,-12.70,-12.39,-12.56,-12.70,-12.48,-12.56,-12.70,-12.78,-12.56,-12.70,-12.48,-12.70,-12.61,-12.39,-12.70,-12.61,-12.48,-12.56,-12.48,-12.61,-12.78,-12.56,-12.34,-12.97,-12.61,-13.14,-12.78,-12.56,-12.48,-12.78,-12.48,-12.78,-12.70,-12.70,-12.83,-12.97,-12.61,-13.06,-12.92,-12.61,-12.78,-12.70,-12.83,-12.56,-12.56,-12.83,-12.70,-12.26,-12.20,-12.92,-12.78,-12.20,-12.26,-12.34,-12.34,-12.39,-12.83,-12.04,-12.39,-12.78,-12.39,-12.26,-12.39,-12.48,-12.48,-12.20,-12.12,-12.48,-12.61,-12.97,-12.48,-12.20,-12.04,-12.61,-12.39,-12.70,-12.39,-12.39,-12.12,-12.48,-12.48,-12.83,-12.26,-12.48,-12.83,-12.70,-12.34,-12.26,-12.39,-12.56,-12.83,-12.48
-12.48,-12.83,-12.61,-12.83,-12.39,-12.92,-12.70,-12.34,-12.70,-12.56,-12.92,-12.61,-12.48,-12.48,-12.70,-12.61,-12.39,-12.39,-12.39,-12.97,-12.61,-13.06,-12.83,-12.56,-12.70,-12.83,-12.12,-13.06,-12.20,-12.26,-12.61,-12.12,-12.48,-12.12,-12.61,-12.48,-12.39,-12.48,-12.70,-12.34,-12.78,-12.39,-12.83,-12.34,-12.78,-12.56,-12.48,-12.39,-12.61,-12.61,-12.70,-12.39,-12.70,-12.48,-12.70,-12.61,-12.61,-12.61,-12.56,-12.83,-12.78,-12.39,-13.06,-12.78,-12.83,-12.83,-12.78,-12.48,-12.61,-12.26,-13.06,-12.97,-12.34,-12.78,-12.70,-12.56,-12.48,-12.56,-12.70,-12.83,-12.48,-12.78,-12.83,-12.61,-12.48,-12.26,-12.56,-12.56,-12.83,-12.61,-12.70,-12.70,-12.56,-12.97,-12.70,-12.39,-12.70,-12.20,-12.39,-12.78,-12.92,-12.48,-12.61,-12.78,-12.61,-12.56,-12.70,-12.78,-12.83,-12.48,-12.78,-12.78,-12.70,-12.34,-12.61,-12.56,-12.26,-12.61,-12.34,-12.70,-12.61,-12.70,-12.56,-12.34,-12.34,-12.56,-12.78,-12.26,-12.39,-12.61,-12.48,-12.56,-12.78,-12.48,-12.48,-12.34,-11.98,-12.34,-12.26,-12.34,-12.39,-12.48,-12.61,-12.61,-12.20,-12.78,-12.39,-12.61,-11.85,-12.39,-12.39,-12.56,-12.56,-12.48,-12.70,-12.39,-12.26,-12.61,-12.26,-12.34,-12.61,-12.26,-12.61,-12.04,-12.34,-12.34,-12.04,-12.34,-12.20,-12.12,-12.12,-12.20,-11.90,-11.55,-11.98,-11.85,-12.26,-12.34,-11.98,-11.85,-11.85,-11.85,-11.68,-11.68,-11.85,-11.85,-11.76,-11.90,-12.04,-11.98,-12.20,-11.90,-11.85,-11.63,-11.85,-11.63,-11.98,-12.34,-11.90,-12.04,-11.90,-11.98,-11.68,-12.12,-11.76,-11.76,-11.85,-12.12,-11.85,-12.20,-11.68,-11.90,-11.98,-11.85,-12.20,-12.26,-12.34,-12.12,-12.61,-12.39,-12.48,-12.48,-12.20,-12.48,-11.98,-12.48,-12.56,-11.98,-12.12,-12.04,-12.12,-12.34,-12.70,-12.97,-12.39,-12.39,-12.39,-12.61,-12.34,-12.26,-12.26,-12.56,-12.26,-12.70,-12.34,-12.48,-12.61,-12.70,-12.12,-12.48,-12.78,-12.70,-12.48,-12.12,-12.48,-12.78,-12.26,-12.56,-12.61,-12.70,-12.39,-12.39,-12.34,-12.48,-12.56,-12.56,-12.39,-12.70,-12.70,-12.39,-12.26,-12.78,-13.14,-12.61,-12.34,-12.61,-12.48,-12.78,-12.70,-12.92,-12.97,-12.78,-12.48,-12.39,-12.26,-12.61,-12.61,-12.70,-12.83,-12.34,-11.98,-12.39,-12.61,-12.56,-12.78,-12.70,-12.83,-12.78,-12.39,-12.92,-12.70,-12.70,-12.70,-12.70,-12.56,-12.70,-12.48,-12.39,-12.78,-12.70,-12.78,-12.78,-12.56,-12.97,-12.97,-12.48,-12.92,-12.70,-12.92,-12.83,-12.83,-12.70,-13.19,-13.06,-12.83,-12.83,-12.61,-12.78,-12.97,-12.20,-12.70,-12.83,-12.70,-12.48,-12.56,-12.48,-12.48,-12.34,-12.26,-12.34,-12.48,-12.48,-12.61,-12.34,-12.20,-12.39,-12.48,-12.34,-12.39,-12.48,-12.48,-12.12,-12.26,-12.56,-12.12,-12.34,-12.26,-12.78,-12.56,-12.56,-12.83,-12.56,-12.61,-12.48,-12.56,-12.48,-12.48,-12.34,-12.61,-12.56,-12.61,-12.56,-12.61,-12.61,-12.34,-12.26,-12.56,-12.78,-12.48,-12.56,-12.48,-12.61
-12.78,-12.39,-12.48,-12.83,-12.61,-12.70,-12.56,-12.78,-12.83,-12.61,-12.78,-12.48,-12.97,-12.61,-12.48,-12.83,-12.56,-12.61,-12.83,-12.48,-12.61,-12.70,-12.61,-12.70,-12.92,-12.61,-12.83,-12.70,-12.56,-12.70,-12.48,-12.70,-12.78,-12.34,-12.39,-12.48,-12.48,-12.39,-12.70,-12.78,-12.48,-12.26,-12.56,-12.56,-12.48,-12.26,-12.34,-12.34,-12.34,-12.26,-12.26,-12.56,-12.12,-12.70,-12.61,-12.78,-12.92,-12.48,-12.78,-12.70,-12.78,-12.92,-12.70,-12.83,-13.14,-12.78,-12.61,-13.19,-12.78,-12.48,-13.06,-12.48,-12.92,-12.78,-12.83,-12.34,-12.92,-12.78,-12.61,-12.61,-12.39,-12.70,-12.39,-12.56,-12.56,-12.70,-12.61,-12.04,-12.70,-12.56,-12.83,-12.83,-12.92,-12.92,-12.78,-12.70,-12.04,-12.61,-12.61,-12.61,-12.56,-12.61,-12.56,-12.39,-12.56,-12.39,-12.61,-12.39,-12.20,-12.78,-13.06,-12.34,-12.70,-12.39,-12.56,-12.48,-12.61,-12.70,-12.34,-12.39,-12.61,-12.70,-12.48,-12.48,-12.48,-12.61,-12.56,-12.61,-12.61,-12.26,-12.61,-12.61,-12.78,-12.48,-13.06,-12.20,-12.61,-12.70,-12.04,-12.56,-12.12,-12.70,-12.61,-12.61,-12.56,-12.26,-11.98,-12.34,-12.39,-12.20,-12.48,-12.39,-12.39,-12.48,-12.56,-12.61,-12.56,-12.20,-12.04,-12.48,-12.39,-12.61,-12.56,-12.48,-12.48,-12.20,-12.12,-12.34,-12.26,-12.12,-11.85,-12.20,-11.90,-12.04,-12.04,-12.04,-12.12,-11.90,-12.12,-11.98,-12.12,-12.04,-12.12,-11.98,-12.04,-12.12,-11.90,-12.20,-12.26,-12.04,-12.12,-12.04,-12.26,-12.39,-11.85,-11.90,-11.90,-12.04,-12.04,-11.98,-11.98,-11.68,-11.98,-11.76,-11.90,-12.20,-12.04,-11.76,-11.85,-12.34,-11.63,-11.85,-12.04,-12.20,-11.98,-11.76,-11.98,-12.39,-12.20,-12.48,-12.04,-12.34,-12.56,-12.34,-12.34,-12.48,-12.34,-12.70,-12.48,-12.34,-12.39,-12.04,-12.34,-12.61,-12.34,-12.26,-12.26,-12.39,-12.61,-12.20,-12.34,-12.61,-12.48,-12.39,-12.34,-12.26,-12.48,-12.26,-12.39,-12.78,-12.56,-12.20,-12.34,-12.70,-12.70,-12.61,-12.26,-12.48,-12.56,-12.26,-12.56,-12.70,-12.61,-12.34,-12.70,-12.56,-12.48,-12.56,-12.61,-12.61,-12.70,-12.56,-12.70,-12.26,-12.78,-12.61,-12.56,-12.56,-12.56,-12.61,-12.61,-12.97,-12.56,-12.48,-12.56,-12.78,-12.39,-12.83,-12.56,-12.92,-12.12,-12.61,-12.78,-12.48,-12.56,-12.48,-12.61,-12.70,-12.56,-12.26,-12.39,-12.70,-12.48,-12.70,-12.78,-12.20,-12.56,-12.70,-13.06,-12.61,-12.78,-12.61,-12.48,-12.39,-12.97,-12.70,-12.34,-12.61,-12.56,-12.61,-12.83,-12.48,-12.78,-12.92,-12.83,-12.56,-12.97,-12.61,-12.83,-12.70,-13.06,-12.70,-12.83,-12.48,-12.26,-12.20,-12.39,-12.61,-12.26,-12.61,-12.56,-12.26,-12.48,-12.26,-12.20,-12.20,-12.34,-12.04,-12.83,-12.78,-12.12,-12.56,-12.56,-12.39,-12.34,-12.56,-12.48,-12.56,-12.48,-12.39,-12.70,-12.48,-12.56,-12.97,-12.48,-12.12,-12.61,-12.39,-12.12,-12.56,-12.56,-12.48,-12.56,-12.56,-12.39,-12.48,-12.61,-12.26,-12.48,-12.70,-12.78,-12.48
-12.34,-12.39,-12.97,-12.61,-12.97,-12.70,-12.78,-12.61,-12.61,-12.97,-12.61,-12.61,-12.61,-12.20,-12.34,-12.39,-12.20,-12.48,-12.48,-12.34,-12.70,-12.48,-12.39,-11.98,-12.70,-12.78,-12.34,-12.48,-12.56,-12.39,-12.26,-12.56,-12.56,-12.39,-12.61,-12.61,-12.34,-12.78,-12.39,-12.39,-12.26,-12.48,-12.56,-12.34,-12.56,-12.34,-12.56,-12.39,-12.56,-12.12,-12.48,-12.39,-12.48,-12.56,-12.61,-12.83,-12.70,-12.61,-12.92,-12.78,-12.61,-12.70,-13.06,-13.14,-12.61,-12.70,-12.92,-12.83,-13.19,-12.92,-12.39,-12.61,-12.70,-12.92,-12.56,-12.70,-12.92,-12.70,-12.48,-12.70,-12.39,-12.92,-12.70,-12.78,-12.12,-12.39,-12.70,-12.78,-12.34,-12.26,-12.70,-12.56,-12.34,-12.61,-12.26,-12.70,-12.48,-12.83,-12.61,-12.34,-12.70,-12.97,-12.70,-12.78,-12.78,-12.12,-12.70,-12.56,-12.34,-12.34,-12.61,-12.48,-12.70,-12.78,-12.78,-12.70,-12.61,-12.34,-12.83,-12.48,-12.61,-12.48,-12.39,-12.39,-12.34,-12.70,-12.61,-12.34,-12.61,-12.34,-12.26,-12.78,-12.70,-12.61,-12.78,-12.48,-12.48,-12.26,-12.61,-12.61,-12.70,-12.34,-12.34,-12.56,-12.34,-12.20,-12.78,-12.56,-12.48,-12.56,-12.20,-12.20,-12.61,-12.34,-12.26,-12.61,-12.56,-12.39,-12.34,-12.56,-12.34,-12.34,-12.34,-12.61,-12.26,-12.39,-12.48,-12.34,-12.20,-11.76,-12.34,-11.85,-11.90,-12.34,-11.90,-12.26,-11.90,-11.85,-11.85,-11.90,-11.98,-11.90,-12.12,-11.49,-11.85,-11.98,-12.12,-11.98,-12.04,-11.85,-12.26,-11.90,-12.12,-11.90,-11.85,-11.85,-11.85,-11.85,-12.20,-11.85,-12.12,-12.04,-11.85,-11.76,-11.76,-11.85,-11.90,-12.20,-11.98,-11.98,-11.85,-12.12,-12.20,-12.12,-12.20,-12.34,-12.26,-12.20,-12.48,-12.61,-12.20,-12.26,-12.56,-12.20,-12.20,-12.20,-12.61,-12.39,-12.04,-12.26,-12.61,-12.20,-12.26,-12.39,-12.48,-12.20,-12.39,-12.12,-12.39,-12.39,-12.12,-12.61,-12.04,-12.48,-12.48,-12.26,-12.48,-12.70,-12.83,-12.26,-12.70,-12.56,-12.26,-12.39,-12.26,-12.83,-12.39,-12.78,-12.56,-12.56,-12.48,-12.04,-12.78,-12.83,-12.70,-12.56,-12.61,-12.34,-12.39,-12.70,-12.34,-12.39,-12.39,-12.39,-12.70,-12.34,-12.20,-12.78,-12.34,-12.26,-12.39,-12.56,-12.34,-12.61,-12.70,-12.61,-12.39,-12.61,-12.48,-12.34,-12.70,-12.26,-11.90,-12.48,-12.97,-12.56,-12.83,-12.61,-12.70,-12.39,-12.70,-12.70,-12.61,-13.06,-12.61,-12.97,-13.06,-12.48,-12.83,-12.70,-12.92,-12.61,-12.61,-12.70,-12.61,-12.56,-12.34,-12.83,-12.70,-12.48,-12.39,-12.70,-12.70,-12.83,-12.83,-13.06,-12.61,-12.48,-12.56,-12.78,-12.61,-12.78,-12.39,-12.39,-12.83,-12.39,-12.56,-12.61,-12.39,-12.34,-12.78,-12.26,-12.61,-12.39,-12.39,-12.39,-12.61,-12.39,-12.39,-12.04,-12.61,-12.70,-12.34,-12.34,-12.34,-12.39,-12.34,-12.78,-12.34,-12.34,-11.90,-12.48,-12.48,-12.70,-12.78,-12.78,-12.26,-12.20,-12.56,-12.70,-12.61,-12.48,-12.20,-12.34,-12.39,-12.26,-12.61,-12.20,-12.61,-12.56,-12.48,-12.78
-12.61,-12.78,-13.06,-12.83,-13.14,-13.14,-12.61,-12.78,-12.83,-12.78,-12.78,-12.78,-12.83,-12.56,-12.48,-12.70,-12.48,-12.78,-12.34,-12.56,-12.48,-12.61,-12.61,-12.26,-12.34,-12.83,-12.26,-12.56,-12.61,-12.48,-12.39,-12.39,-12.83,-12.20,-12.70,-12.70,-12.48,-12.12,-11.90,-12.70,-12.12,-12.48,-12.78,-12.56,-12.56,-12.70,-12.39,-12.34,-12.39,-12.61,-12.61,-12.48,-12.61,-12.97,-12.61,-12.61,-12.83,-12.78,-13.06,-12.70,-12.83,-12.70,-12.83,-12.48,-12.48,-12.83,-12.39,-12.78,-12.56,-12.48,-12.92,-12.61,-12.48,-12.92,-12.34,-12.78,-12.70,-12.78,-12.92,-12.61,-12.34,-12.48,-12.78,-12.20,-13.06,-12.56,-12.56,-12.48,-12.70,-12.48,-12.48,-12.70,-12.48,-12.48,-12.70,-12.61,-12.78,-12.56,-12.56,-12.39,-12.92,-12.39,-12.56,-12.34,-12.39,-12.56,-12.61,-12.78,-12.78,-12.70,-12.39,-12.56,-12.56,-12.48,-12.56,-12.48,-12.61,-12.20,-12.48,-12.70,-12.56,-12.56,-12.56,-12.56,-12.61,-12.39,-12.78,-12.83,-12.39,-12.78,-12.48,-12.34,-12.56,-12.48,-12.70,-12.48,-12.78,-12.70,-12.39,-12.39,-12.39,-12.61,-12.26,-12.56,-12.56,-12.39,-12.34,-12.20,-12.20,-12.34,-12.04,-12.20,-12.34,-12.34,-12.39,-12.39,-12.48,-12.78,-12.39,-12.48,-12.70,-12.70,-12.39,-12.39,-12.56,-12.48,-12.56,-12.39,-12.34,-12.04,-11.90,-12.04,-11.98,-12.12,-11.98,-11.90,-11.63,-11.85,-11.68,-11.68,-12.04,-11.98,-12.04,-12.26,-11.98,-12.04,-12.12,-12.12,-12.04,-11.85,-11.76,-11.98,-11.98,-11.90,-11.68,-11.98,-12.20,-12.20,-11.98,-12.04,-12.04,-11.90,-12.34,-11.76,-11.98,-11.98,-12.04,-11.85,-11.90,-11.90,-11.98,-11.76,-12.20,-12.34,-12.12,-12.12,-12.56,-11.98,-12.61,-12.04,-12.26,-12.26,-12.56,-12.70,-12.26,-12.48,-12.34,-12.34,-12.61,-12.26,-12.48,-12.39,-12.48,-12.26,-12.78,-12.70,-12.70,-12.78,-12.56,-12.78,-12.61,-12.39,-12.56,-12.78,-12.39,-12.78,-12.56,-12.61,-12.34,-12.48,-12.39,-12.56,-12.48,-12.48,-12.39,-12.48,-13.14,-12.83,-13.06,-12.39,-12.78,-12.97,-12.61,-12.61,-12.34,-12.34,-12.48,-13.06,-12.56,-12.70,-12.61,-12.39,-12.56,-12.78,-12.61,-12.83,-12.56,-12.48,-12.56,-12.48,-12.92,-12.78,-12.56,-12.61,-12.34,-12.70,-12.92,-12.70,-12.56,-12.61,-12.48,-12.56,-12.56,-12.83,-12.34,-12.48,-12.78,-12.56,-12.39,-12.61,-12.48,-12.78,-12.97,-12.61,-12.92,-12.78,-12.56,-12.48,-12.20,-12.48,-12.70,-12.61,-12.56,-12.56,-12.97,-12.56,-12.34,-12.61,-12.61,-12.78,-12.92,-12.70,-12.83,-12.78,-12.70,-12.97,-12.83,-12.48,-12.92,-12.83,-12.92,-12.61,-12.83,-12.70,-12.61,-12.61,-12.92,-12.56,-12.26,-12.70,-12.48,-12.39,-12.48,-12.48,-12.48,-12.26,-12.61,-12.20,-12.48,-12.56,-12.20,-12.56,-12.56,-12.48,-12.61,-12.78,-12.39,-12.70,-12.97,-12.48,-12.56,-12.20,-12.48,-12.78,-12.39,-12.26,-12.70,-12.92,-12.39,-12.39,-12.56,-12.39,-12.48,-12.78,-12.34,-12.48,-12.56,-12.26,-12.39,-12.61,-12.92,-12.78
-12.92,-12.26,-12.56,-12.70,-12.39,-12.70,-12.34,-11.98,-13.14,-12.61,-12.34,-13.06,-12.48,-12.97,-12.39,-12.83,-12.39,-12.97,-12.78,-12.61,-12.92,-12.48,-12.70,-12.48,-12.70,-12.92,-12.39,-12.56,-12.34,-12.39,-12.34,-12.78,-12.56,-12.56,-12.48,-12.70,-12.12,-12.34,-12.83,-12.61,-12.48,-12.48,-12.34,-12.48,-12.48,-12.70,-12.48,-12.39,-12.48,-12.12,-12.39,-12.97,-12.48,-12.39,-12.97,-12.78,-12.78,-12.78,-12.61,-12.78,-12.61,-12.70,-12.61,-12.34,-12.83,-12.78,-12.97,-12.78,-13.14,-13.28,-13.06,-12.70,-12.83,-13.06,-12.48,-12.48,-12.61,-13.06,-12.78,-12.78,-12.56,-12.56,-12.97,-12.83,-12.97,-12.78,-12.78,-12.61,-12.70,-12.78,-12.70,-12.83,-12.83,-12.92,-12.61,-12.83,-12.70,-12.70,-12.48,-12.56,-12.56,-12.97,-12.34,-12.70,-12.92,-12.61,-12.26,-12.70,-12.61,-12.26,-12.70,-12.56,-12.48,-12.56,-12.61,-12.61,-12.39,-12.61,-12.34,-12.78,-12.56,-12.61,-12.61,-12.39,-12.39,-12.48,-12.39,-12.48,-12.56,-12.34,-12.70,-12.48,-13.06,-12.39,-12.39,-12.39,-12.39,-12.39,-12.78,-12.61,-12.61,-12.48,-12.61,-12.61,-12.39,-12.34,-12.26,-12.78,-12.48,-12.26,-12.12,-12.26,-12.56,-12.70,-12.34,-12.56,-12.34,-12.39,-12.70,-12.61,-12.56,-12.70,-12.61,-12.48,-12.12,-12.34,-12.26,-11.90,-12.26,-11.68,-11.76,-12.12,-11.98,-11.68,-11.85,-12.20,-12.20,-12.26,-12.12,-11.76,-11.76,-11.98,-11.63,-11.90,-12.20,-11.98,-11.68,-11.90,-11.85,-11.85,-12.12,-11.85,-11.76,-12.04,-11.85,-12.12,-11.90,-12.20,-11.98,-11.76,-11.68,-11.63,-11.90,-11.98,-12.12,-11.85,-11.90,-11.98,-12.04,-12.26,-12.20,-11.98,-12.12,-11.98,-12.26,-11.98,-11.76,-12.20,-12.26,-12.39,-12.48,-12.56,-12.56,-12.26,-12.78,-12.56,-12.78,-12.56,-12.34,-12.34,-12.26,-12.39,-12.92,-12.12,-12.39,-12.34,-12.70,-12.61,-12.56,-12.39,-12.56,-12.48,-12.39,-12.70,-12.48,-12.56,-12.56,-12.48,-12.78,-12.48,-12.83,-12.39,-12.48,-12.39,-12.56,-12.70,-12.61,-12.56,-12.83,-12.48,-12.78,-12.70,-12.78,-12.83,-12.83,-12.34,-12.34,-12.48,-12.48,-12.83,-12.70,-12.61,-12.70,-12.70,-12.92,-12.12,-12.83,-12.48,-12.34,-12.70,-12.56,-13.06,-12.61,-12.56,-12.61,-12.34,-12.39,-13.14,-12.83,-12.70,-12.78,-12.56,-12.83,-12.61,-12.56,-12.26,-12.70,-12.34,-12.83,-12.61,-12.56,-12.61,-12.70,-12.56,-12.92,-12.92,-12.34,-12.70,-12.61,-12.61,-12.56,-12.83,-12.26,-12.70,-12.78,-12.78,-12.61,-12.70,-12.78,-12.83,-12.61,-12.34,-12.61,-12.61,-12.12,-12.70,-12.83,-12.70,-13.06,-12.61,-12.83,-12.70,-12.61,-12.70,-12.26,-12.61,-12.39,-12.48,-12.34,-12.48,-12.26,-12.39,-12.56,-12.26,-12.34,-12.34,-12.61,-12.61,-12.97,-12.34,-12.56,-12.56,-12.26,-12.12,-12.61,-12.20,-12.34,-12.34,-12.34,-12.39,-12.70,-12.92,-12.39,-12.56,-12.39,-12.70,-12.26,-12.12,-12.04,-12.61,-12.56,-12.70,-13.06,-12.70,-12.39,-12.48,-12.70,-12.39,-12.56,-13.06,-12.48,-12.78
-13.06,-12.48,-12.83,-12.83,-12.20,-12.83,-12.56,-12.39,-12.56,-12.48,-12.70,-12.34,-12.39,-12.39,-12.61,-12.83,-12.70,-12.48,-12.56,-12.83,-12.26,-13.06,-12.56,-12.78,-12.34,-12.70,-12.92,-12.70,-12.61,-12.56,-12.39,-12.34,-12.78,-12.26,-12.56,-12.20,-12.70,-12.48,-12.48,-12.61,-12.56,-12.48,-12.48,-12.34,-12.56,-12.56,-12.34,-12.61,-12.48,-12.39,-12.48,-12.61,-12.56,-12.78,-12.56,-12.56,-12.56,-12.70,-12.48,-12.83,-12.70,-12.78,-12.39,-12.83,-12.83,-12.97,-12.39,-12.56,-13.28,-12.78,-12.83,-12.70,-12.56,-12.83,-12.97,-12.92,-12.48,-12.61,-12.48,-12.78,-12.70,-12.78,-12.39,-12.70,-12.56,-12.61,-12.39,-12.70,-12.78,-12.70,-12.39,-12.70,-12.56,-12.83,-12.78,-12.78,-12.61,-12.78,-12.56,-12.48,-12.83,-12.61,-12.48,-12.61,-12.39,-12.78,-12.70,-12.92,-12.56,-12.34,-12.78,-12.56,-12.39,-12.48,-12.20,-12.39,-12.70,-12.92,-12.56,-12.39,-12.12,-12.39,-12.34,-12.04,-12.04,-12.56,-12.48,-12.70,-12.48,-12.26,-12.61,-12.56,-12.39,-12.39,-12.70,-12.34,-12.61,-12.56,-12.12,-12.39,-12.48,-12.48,-12.48,-12.83,-12.70,-12.26,-12.48,-12.20,-12.48,-12.61,-12.56,-12.34,-12.48,-12.20,-12.83,-12.56,-12.39,-12.48,-12.61,-12.26,-12.12,-12.20,-12.61,-12.20,-11.98,-12.12,-11.90,-12.12,-11.85,-12.26,-12.26,-11.98,-12.04,-12.20,-11.76,-12.04,-11.98,-12.12,-11.98,-12.12,-11.63,-11.85,-12.04,-11.85,-12.20,-11.85,-11.76,-11.76,-12.26,-12.04,-12.12,-11.85,-11.90,-11.76,-11.98,-11.98,-11.85,-11.55,-11.85,-11.90,-12.48,-11.98,-11.90,-11.98,-11.90,-11.68,-12.20,-11.98,-12.04,-12.12,-11.68,-12.04,-11.90,-11.90,-11.98,-11.90,-11.98,-12.34,-11.98,-12.39,-12.34,-12.34,-11.90,-12.48,-12.61,-12.34,-12.56,-12.34,-12.39,-12.70,-12.34,-12.39,-12.56,-12.56,-12.61,-12.70,-12.61,-12.70,-12.39,-12.39,-12.48,-12.26,-12.56,-12.39,-12.78,-12.26,-12.61,-12.61,-12.48,-12.56,-12.61,-12.34,-12.70,-12.61,-12.70,-12.26,-12.56,-12.61,-12.34,-12.34,-12.61,-12.20,-12.56,-12.34,-12.92,-12.34,-12.78,-12.61,-12.34,-12.48,-12.48,-12.56,-12.34,-12.92,-12.39,-12.70,-12.34,-12.83,-12.56,-12.56,-12.39,-12.26,-12.92,-12.48,-12.56,-12.48,-12.56,-12.78,-12.56,-12.61,-12.92,-12.61,-12.78,-12.34,-12.48,-12.56,-12.92,-12.39,-12.78,-12.56,-12.78,-12.56,-12.78,-12.48,-12.70,-12.56,-12.56,-12.61,-12.83,-12.78,-12.70,-12.48,-12.56,-12.78,-12.70,-12.56,-12.34,-12.39,-12.92,-12.83,-12.39,-12.48,-12.83,-12.56,-12.61,-12.83,-12.56,-12.34,-12.61,-12.78,-12.83,-12.83,-12.26,-12.56,-12.70,-12.56,-12.61,-12.39,-12.48,-12.56,-12.56,-12.39,-12.48,-12.20,-11.90,-12.39,-12.26,-12.20,-12.61,-12.61,-12.83,-12.39,-12.39,-12.20,-12.39,-12.48,-12.56,-12.56,-12.20,-12.48,-12.48,-12.56,-12.39,-12.34,-12.61,-12.39,-12.56,-12.56,-12.56,-12.92,-12.61,-12.70,-12.12,-12.39,-12.56,-12.56,-12.61,-12.56,-12.56,-12.61,-12.70,-12.39
-12.83,-12.83,-12.56,-12.34,-12.61,-12.70,-12.48,-12.61,-12.61,-12.97,-12.83,-12.78,-12.26,-12.26,-12.26,-12.48,-12.12,-12.20,-12.20,-12.34,-12.04,-12.34,-12.48,-12.04,-12.20,-12.34,-12.61,-12.56,-12.39,-12.39,-12.61,-12.48,-12.61,-12.56,-12.70,-12.70,-12.39,-12.26,-12.78,-12.39,-12.20,-12.56,-12.39,-12.61,-12.70,-12.20,-12.12,-12.61,-12.78,-12.56,-12.12,-12.39,-12.61,-12.70,-12.83,-12.26,-12.56,-12.48,-12.83,-12.70,-12.97,-12.97,-12.70,-12.92,-12.78,-12.92,-12.56,-12.92,-12.97,-12.34,-12.61,-12.70,-12.78,-12.92,-12.70,-12.39,-12.78,-12.83,-12.39,-12.61,-12.83,-12.56,-12.70,-12.61,-12.70,-12.70,-12.34,-12.12,-12.61,-12.56,-12.39,-12.70,-12.56,-12.56,-12.61,-12.70,-12.92,-12.56,-12.56,-12.61,-12.48,-12.56,-12.12,-12.78,-12.34,-12.61,-12.78,-12.61,-12.20,-12.26,-12.83,-12.48,-12.34,-12.48,-12.61,-12.70,-12.39,-12.04,-12.70,-12.34,-12.78,-12.61,-12.78,-12.39,-12.26,-12.61,-12.26,-12.26,-12.34,-12.39,-12.39,-12.70,-12.70,-12.48,-12.48,-12.56,-12.26,-12.70,-12.34,-12.26,-12.39,-12.34,-12.26,-12.56,-12.70,-12.56,-12.48,-12.48,-12.20,-12.34,-12.83,-12.61,-12.26,-12.39,-12.39,-12.83,-12.20,-12.34,-12.34,-12.83,-12.34,-12.20,-11.90,-12.48,-12.34,-12.39,-11.85,-12.48,-12.20,-12.20,-12.04,-12.34,-12.20,-11.98,-12.04,-12.12,-11.98,-12.04,-11.98,-12.20,-11.68,-11.85,-11.76,-11.98,-11.98,-12.12,-11.76,-12.26,-11.55,-12.26,-11.63,-12.12,-11.98,-12.04,-11.98,-12.26,-11.85,-11.90,-12.04,-11.85,-11.98,-11.85,-11.68,-12.04,-11.49,-11.85,-11.85,-11.68,-12.20,-11.85,-12.20,-11.90,-12.12,-11.90,-11.76,-12.20,-12.04,-12.04,-12.20,-12.20,-12.20,-12.78,-12.20,-12.34,-12.39,-12.61,-12.34,-12.39,-12.56,-12.20,-12.26,-12.34,-12.39,-12.39,-12.48,-12.48,-12.12,-12.48,-12.48,-12.39,-12.56,-12.48,-12.61,-12.61,-12.78,-12.39,-12.39,-12.56,-13.19,-12.39,-12.56,-12.39,-12.56,-12.78,-12.56,-12.34,-12.48,-12.70,-12.48,-12.78,-12.61,-12.48,-12.83,-12.56,-12.70,-12.39,-12.48,-12.39,-12.61,-12.70,-12.39,-12.26,-12.92,-12.34,-12.78,-12.61,-12.26,-12.56,-12.61,-12.26,-12.78,-12.61,-12.56,-12.39,-12.70,-12.39,-12.56,-12.34,-12.20,-12.48,-12.26,-12.61,-12.61,-12.48,-12.56,-12.56,-12.92,-12.70,-12.70,-12.34,-12.34,-12.61,-12.78,-12.70,-12.39,-12.70,-12.83,-12.39,-12.39,-12.92,-12.70,-12.61,-12.56,-12.34,-12.61,-12.83,-12.56,-12.61,-13.14,-12.78,-12.70,-12.83,-12.56,-12.97,-12.26,-12.92,-12.97,-12.61,-12.70,-12.48,-12.70,-12.83,-12.39,-12.97,-12.56,-12.39,-12.48,-12.39,-12.48,-12.20,-12.61,-12.48,-12.34,-12.48,-12.34,-12.92,-12.39,-12.39,-12.78,-12.48,-12.70,-12.48,-12.34,-12.61,-12.12,-12.26,-12.61,-12.12,-12.97,-12.48,-12.48,-12.12,-12.39,-12.48,-12.39,-12.12,-12.48,-12.26,-12.34,-12.34,-12.34,-12.48,-12.61,-12.39,-12.39,-12.48,-12.83,-12.56,-12.56,-12.83,-12.70,-12.48
-12.61,-12.34,-12.34,-11.98,-12.61,-12.61,-12.70,-12.56,-12.26,-12.26,-12.34,-12.61,-12.56,-12.70,-12.56,-12.92,-12.61,-12.48,-12.56,-12.78,-12.70,-12.20,-12.83,-12.34,-12.26,-12.34,-12.48,-12.26,-12.56,-12.39,-12.34,-12.12,-12.39,-12.56,-12.39,-12.78,-12.39,-12.70,-12.34,-12.78,-12.48,-12.48,-12.70,-12.70,-12.70,-12.04,-12.20,-12.56,-12.26,-12.39,-12.56,-12.20,-12.39,-12.56,-12.34,-12.70,-12.61,-12.56,-12.61,-13.19,-12.61,-12.48,-12.92,-12.70,-12.83,-12.48,-12.48,-12.48,-12.61,-12.70,-12.48,-12.78,-12.26,-12.78,-12.70,-12.83,-12.56,-12.61,-12.56,-12.39,-12.26,-12.70,-12.83,-12.61,-12.56,-12.83,-12.39,-12.70,-12.78,-12.56,-12.56,-12.83,-12.56,-12.83,-12.20,-12.26,-12.34,-12.34,-12.26,-12.78,-12.39,-12.70,-12.26,-12.39,-12.78,-12.34,-12.83,-12.39,-12.39,-12.34,-12.61,-12.70,-12.39,-12.61,-12.34,-12.48,-12.56,-12.20,-12.78,-11.98,-12.39,-12.39,-12.56,-12.34,-12.56,-12.48,-12.48,-12.70,-12.20,-12.04,-12.39,-12.48,-12.39,-12.34,-12.56,-12.48,-12.48,-12.70,-12.12,-12.48,-12.20,-12.56,-12.20,-12.70,-12.70,-12.34,-12.61,-12.04,-12.34,-12.39,-12.26,-12.70,-12.39,-12.61,-12.70,-12.48,-12.56,-12.61,-12.34,-12.04,-12.34,-12.56,-12.12,-12.20,-11.98,-12.34,-12.12,-12.20,-12.39,-11.76,-12.04,-11.98,-12.26,-12.12,-11.63,-12.34,-11.98,-12.04,-12.20,-11.76,-12.34,-11.90,-11.98,-11.85,-12.34,-11.98,-11.76,-12.26,-12.04,-12.20,-11.76,-11.68,-11.98,-11.85,-12.04,-11.76,-11.76,-11.68,-12.20,-11.98,-11.85,-12.04,-11.98,-12.12,-11.68,-12.12,-11.85,-11.90,-12.34,-11.63,-12.20,-12.04,-11.90,-12.12,-11.85,-12.12,-12.34,-12.34,-11.68,-12.04,-12.48,-12.39,-12.26,-12.56,-12.34,-12.34,-12.39,-12.20,-12.26,-12.26,-12.39,-12.34,-12.61,-12.34,-12.34,-12.61,-12.83,-12.56,-12.56,-12.56,-12.78,-11.98,-12.61,-12.34,-12.70,-12.39,-12.34,-12.34,-12.97,-12.56,-12.39,-12.70,-12.34,-12.39,-12.56,-12.48,-12.20,-12.26,-12.92,-12.61,-12.61,-12.92,-12.56,-12.34,-12.61,-12.39,-12.26,-12.26,-12.26,-12.56,-12.56,-12.48,-12.56,-12.56,-12.83,-12.39,-12.20,-12.70,-12.48,-12.56,-12.39,-12.70,-12.39,-12.61,-12.61,-13.19,-12.34,-12.70,-12.70,-12.61,-12.48,-12.34,-12.34,-12.78,-12.70,-12.83,-12.48,-12.48,-12.70,-12.70,-12.48,-12.48,-12.70,-12.39,-12.83,-12.48,-12.78,-12.78,-12.48,-12.12,-13.06,-12.56,-12.83,-12.70,-12.83,-12.39,-12.56,-12.56,-12.92,-12.70,-12.70,-12.83,-12.83,-12.83,-12.56,-12.97,-12.61,-12.70,-12.56,-12.78,-12.48,-12.83,-12.56,-12.48,-12.78,-12.56,-12.20,-12.70,-12.48,-12.12,-12.39,-12.26,-12.39,-12.48,-12.56,-12.48,-12.26,-12.83,-12.56,-12.34,-12.56,-12.12,-12.48,-12.34,-12.20,-12.83,-12.70,-12.20,-12.61,-12.20,-12.56,-12.20,-12.20,-12.34,-12.48,-12.26,-12.12,-12.12,-12.26,-12.48,-12.56,-12.48,-12.48,-13.06,-12.83,-11.98,-12.92,-12.34,-12.97,-12.92,-12.70,-12.70
-12.83,-12.78,-12.70,-12.70,-12.61,-12.48,-12.34,-12.70,-12.70,-12.56,-12.78,-12.39,-12.97,-12.78,-12.56,-12.61,-12.70,-12.56,-12.61,-12.61,-12.56,-12.56,-12.04,-12.56,-12.70,-12.56,-12.56,-12.70,-12.48,-12.20,-12.26,-12.48,-12.56,-12.61,-12.39,-12.61,-12.56,-12.61,-12.26,-12.04,-12.78,-12.61,-12.39,-12.34,-12.48,-12.39,-12.56,-12.56,-12.39,-12.70,-12.61,-12.34,-12.39,-12.48,-12.78,-12.56,-12.56,-12.34,-12.83,-12.39,-12.78,-12.83,-12.70,-12.92,-12.48,-12.20,-12.48,-12.48,-12.61,-12.56,-12.78,-12.70,-12.61,-12.61,-12.61,-12.61,-12.92,-12.56,-12.70,-12.61,-12.26,-12.48,-12.56,-12.61,-12.70,-12.61,-12.61,-12.39,-12.61,-12.20,-12.48,-12.61,-12.70,-12.04,-12.48,-12.34,-12.70,-12.61,-12.34,-12.70,-12.70,-12.83,-12.26,-12.83,-12.48,-12.61,-12.83,-12.83,-12.92,-12.26,-12.61,-12.78,-12.83,-12.78,-12.48,-12.48,-12.34,-12.34,-12.56,-12.56,-12.56,-12.83,-12.83,-12.61,-12.56,-12.83,-12.56,-12.26,-12.56,-12.34,-12.26,-12.34,-12.48,-12.61,-12.61,-12.48,-12.70,-12.48,-12.61,-12.61,-12.34,-12.56,-12.48,-12.56,-12.48,-12.70,-12.39,-12.48,-12.48,-12.26,-12.56,-12.56,-12.20,-12.56,-12.56,-12.39,-12.26,-12.48,-12.48,-12.48,-12.56,-12.12,-12.48,-12.56,-12.56,-12.56,-12.39,-12.48,-12.34,-12.12,-12.20,-12.04,-12.20,-12.12,-11.68,-11.76,-11.90,-11.76,-11.63,-11.98,-11.90,-11.85,-12.12,-11.90,-11.55,-11.90,-12.20,-12.12,-11.76,-11.63,-11.90,-12.04,-12.04,-12.04,-11.85,-11.90,-11.90,-11.76,-11.98,-11.90,-11.63,-11.90,-12.12,-12.12,-11.85,-11.85,-11.90,-11.55,-11.90,-11.90,-11.85,-11.85,-11.85,-11.98,-12.04,-12.48,-12.20,-12.34,-12.34,-12.20,-12.20,-12.20,-12.34,-12.48,-12.61,-12.20,-12.70,-12.48,-12.34,-12.34,-12.26,-12.70,-12.34,-12.92,-12.34,-12.39,-12.48,-12.48,-12.61,-12.48,-12.78,-12.20,-12.56,-12.12,-12.78,-12.20,-12.39,-12.61,-12.26,-12.56,-12.48,-11.98,-11.98,-12.34,-12.61,-12.61,-12.34,-12.48,-12.83,-12.70,-12.34,-12.61,-12.83,-12.61,-12.78,-12.78,-12.34,-12.39,-12.61,-12.26,-12.34,-12.26,-12.26,-12.26,-12.92,-12.61,-12.34,-12.61,-12.83,-12.61,-12.61,-12.34,-12.97,-12.26,-12.92,-12.56,-12.26,-12.61,-12.61,-12.39,-12.78,-12.48,-12.56,-12.78,-12.56,-12.39,-12.83,-12.61,-12.56,-12.61,-12.83,-12.34,-12.48,-12.83,-12.26,-12.56,-12.78,-12.48,-12.34,-12.56,-12.61,-12.97,-12.70,-12.92,-12.61,-12.83,-12.97,-12.61,-12.56,-12.34,-12.70,-12.78,-12.70,-12.61,-13.06,-12.83,-12.61,-12.83,-12.92,-12.70,-12.61,-12.48,-12.61,-12.48,-12.70,-12.92,-12.78,-12.70,-12.56,-12.34,-12.48,-12.39,-12.34,-12.39,-12.97,-12.61,-12.26,-12.61,-12.39,-12.61,-12.12,-12.48,-11.98,-12.26,-12.61,-12.20,-12.39,-12.34,-12.12,-12.78,-12.48,-12.61,-12.34,-12.39,-12.26,-12.34,-12.12,-12.34,-12.39,-12.61,-12.48,-12.61,-12.78,-12.48,-12.48,-12.48,-12.56,-12.56,-12.39,-12.56,-12.26,-13.06
-12.61,-12.70,-12.61,-12.39,-12.39,-12.39,-12.70,-12.70,-12.78,-12.48,-12.61,-12.48,-12.97,-12.56,-12.39,-12.78,-12.48,-12.70,-12.39,-12.34,-12.56,-12.39,-12.56,-12.56,-12.39,-12.70,-12.56,-12.26,-12.39,-12.78,-12.56,-12.39,-12.56,-12.39,-12.39,-12.39,-12.39,-12.70,-12.48,-12.70,-12.26,-12.39,-12.56,-12.70,-12.39,-12.56,-12.70,-12.39,-12.48,-12.26,-12.56,-12.61,-12.70,-12.34,-12.61,-12.34,-12.61,-12.48,-12.70,-13.06,-12.78,-12.56,-12.48,-12.61,-12.92,-12.39,-12.70,-12.83,-12.70,-12.70,-12.97,-12.61,-12.56,-12.78,-12.39,-12.39,-12.92,-12.78,-13.06,-12.39,-12.61,-12.34,-12.78,-12.39,-12.78,-12.92,-12.83,-12.20,-12.34,-12.78,-12.83,-12.61,-12.56,-12.39,-12.61,-12.34,-12.26,-11.98,-12.97,-12.56,-12.83,-12.61,-12.34,-12.70,-12.56,-12.70,-12.34,-12.48,-12.34,-12.39,-12.34,-12.92,-12.61,-12.78,-12.70,-12.39,-12.61,-12.34,-11.76,-12.48,-12.56,-12.48,-12.70,-12.83,-12.56,-12.70,-12.26,-12.78,-12.70,-12.70,-12.48,-12.78,-12.48,-12.61,-12.34,-12.34,-12.56,-12.26,-12.39,-12.39,-12.39,-12.78,-12.56,-12.26,-12.78,-12.20,-12.12,-12.92,-12.70,-12.61,-12.56,-12.39,-12.26,-12.34,-12.26,-12.26,-12.70,-12.12,-12.26,-12.61,-12.34,-12.48,-12.20,-12.04,-12.56,-12.12,-11.98,-12.34,-12.26,-12.04,-12.12,-11.85,-11.90,-11.68,-11.85,-11.98,-12.04,-11.90,-11.98,-12.04,-11.98,-11.76,-11.85,-11.90,-11.85,-12.04,-12.34,-11.98,-12.04,-11.41,-11.98,-12.04,-11.98,-11.76,-11.98,-11.76,-11.76,-11.90,-11.63,-11.98,-11.63,-12.04,-12.04,-11.76,-11.63,-11.76,-11.63,-11.76,-11.98,-11.55,-12.20,-11.90,-11.63,-11.90,-11.98,-11.85,-12.39,-11.85,-12.12,-12.20,-12.20,-11.98,-12.12,-12.26,-12.70,-12.39,-12.26,-12.26,-12.26,-12.26,-12.48,-12.26,-12.56,-12.34,-12.56,-12.83,-12.48,-12.20,-12.61,-12.20,-12.56,-12.39,-12.56,-12.56,-12.26,-11.98,-12.26,-12.48,-12.48,-12.12,-12.78,-12.48,-12.56,-12.26,-12.39,-12.20,-12.56,-12.48,-12.56,-12.83,-12.39,-12.78,-12.34,-12.48,-12.61,-13.06,-12.20,-12.39,-12.78,-12.34,-12.26,-12.70,-12.48,-12.39,-12.61,-12.34,-12.48,-12.56,-12.20,-12.39,-12.39,-12.34,-12.92,-12.12,-12.48,-12.61,-12.78,-12.61,-12.34,-12.20,-12.34,-12.56,-12.70,-12.92,-12.70,-12.61,-12.48,-12.70,-12.70,-12.70,-12.39,-12.56,-12.61,-12.48,-12.61,-12.61,-12.70,-12.78,-12.70,-12.70,-12.61,-12.83,-12.70,-12.70,-12.39,-12.56,-12.61,-12.48,-12.97,-12.78,-12.48,-12.56,-12.48,-13.06,-12.48,-12.70,-12.70,-12.61,-12.48,-12.26,-12.78,-12.56,-12.48,-12.39,-12.56,-12.56,-12.83,-12.39,-12.56,-12.20,-12.48,-12.20,-12.39,-12.34,-12.26,-12.78,-12.39,-12.56,-12.48,-12.70,-12.39,-12.34,-12.26,-12.78,-12.78,-12.61,-12.39,-12.48,-12.61,-12.48,-12.70,-12.83,-12.78,-12.34,-12.78,-12.34,-12.56,-12.56,-12.56,-12.39,-12.56,-12.26,-12.56,-12.56,-12.56,-12.48,-12.34,-12.70,-12.56,-12.48,-12.92,-12.61
-12.70,-12.83,-12.34,-12.70,-12.78,-12.61,-12.39,-12.56,-12.56,-12.48,-12.78,-12.56,-12.61,-12.92,-12.61,-12.56,-12.48,-12.97,-12.61,-12.56,-12.48,-12.34,-12.61,-12.48,-12.70,-12.56,-12.70,-12.61,-12.12,-12.48,-12.70,-12.61,-12.39,-12.39,-12.48,-12.70,-12.48,-12.97,-12.48,-12.39,-12.70,-12.78,-12.26,-12.48,-12.39,-12.78,-12.92,-12.70,-12.26,-12.56,-12.04,-12.34,-12.61,-12.70,-12.83,-12.92,-12.56,-12.78,-12.92,-12.78,-12.48,-12.34,-12.48,-12.48,-12.78,-12.70,-12.56,-12.39,-12.92,-12.78,-12.83,-12.48,-12.39,-12.83,-12.48,-12.61,-12.61,-12.83,-12.97,-12.56,-12.56,-12.56,-12.61,-12.61,-12.34,-12.61,-12.56,-12.34,-12.70,-12.70,-12.34,-12.61,-12.70,-12.70,-12.61,-12.39,-12.61,-12.61,-12.83,-12.56,-12.48,-12.56,-12.39,-12.70,-12.20,-12.48,-12.92,-12.61,-12.61,-12.78,-12.39,-12.39,-12.83,-12.56,-12.61,-12.34,-12.61,-12.78,-12.61,-12.70,-12.61,-12.61,-12.39,-12.39,-12.78,-12.39,-12.70,-12.61,-12.39,-12.12,-12.70,-12.39,-12.48,-12.34,-12.20,-12.26,-12.56,-12.48,-12.48,-12.70,-12.61,-12.39,-12.34,-12.48,-12.48,-12.48,-12.39,-12.70,-12.34,-12.48,-12.70,-12.48,-12.34,-12.34,-12.61,-12.26,-12.04,-12.48,-12.12,-12.39,-12.83,-12.20,-12.39,-12.34,-12.26,-12.48,-12.34,-12.12,-11.85,-11.90,-11.98,-12.12,-11.98,-12.04,-12.04,-12.04,-11.90,-12.20,-11.85,-12.12,-12.04,-12.04,-11.76,-11.63,-12.12,-11.98,-12.12,-11.90,-12.12,-11.76,-12.12,-11.85,-11.76,-12.04,-11.85,-11.85,-11.76,-12.04,-11.76,-12.26,-11.85,-11.85,-12.20,-12.12,-12.12,-11.85,-12.26,-11.76,-12.48,-11.98,-11.68,-11.68,-11.68,-12.12,-11.76,-11.85,-12.04,-12.34,-12.34,-11.90,-12.92,-12.20,-12.04,-11.98,-12.92,-12.56,-12.26,-12.61,-12.61,-12.39,-12.39,-12.26,-12.34,-12.61,-12.70,-12.48,-12.34,-12.34,-11.90,-12.70,-12.61,-12.48,-12.39,-12.56,-12.56,-12.39,-12.34,-12.61,-12.34,-12.34,-12.61,-12.61,-12.92,-12.48,-12.61,-12.34,-12.04,-12.48,-12.56,-12.39,-12.34,-12.56,-13.06,-12.34,-12.26,-12.48,-12.70,-12.26,-12.78,-12.34,-12.70,-12.70,-12.61,-12.34,-12.56,-12.34,-12.56,-12.83,-12.78,-12.61,-12.61,-12.48,-12.83,-12.78,-12.61,-12.39,-12.78,-12.34,-12.78,-12.56,-12.70,-12.48,-12.78,-12.78,-12.56,-12.56,-12.56,-12.78,-12.61,-12.78,-12.34,-12.78,-12.78,-13.14,-12.56,-12.83,-12.78,-12.61,-12.83,-12.92,-12.70,-13.14,-12.61,-12.48,-12.92,-12.78,-12.56,-12.39,-12.61,-12.61,-12.48,-12.92,-12.78,-12.61,-12.61,-12.83,-12.78,-12.61,-12.83,-12.97,-12.92,-12.83,-12.61,-12.39,-12.70,-12.04,-12.92,-12.34,-12.39,-12.26,-12.34,-12.70,-12.56,-12.48,-12.61,-12.39,-12.20,-12.12,-12.61,-12.34,-12.56,-12.04,-12.04,-12.61,-12.56,-12.39,-12.12,-12.61,-12.83,-12.39,-12.26,-12.34,-12.39,-12.70,-12.70,-12.39,-12.61,-12.70,-12.34,-12.39,-12.12,-12.34,-12.34,-12.48,-12.78,-12.20,-12.48,-12.56,-12.39,-12.83,-12.78,-13.06
-12.61,-12.97,-12.48,-12.92,-12.61,-12.39,-12.61,-12.83,-12.48,-12.70,-12.34,-12.70,-12.92,-12.70,-12.92,-12.78,-12.70,-12.70,-12.48,-12.34,-12.48,-12.48,-12.20,-12.48,-12.26,-12.56,-12.70,-12.26,-12.56,-12.78,-12.56,-12.70,-12.48,-11.98,-12.26,-12.48,-12.26,-12.78,-12.83,-12.39,-12.61,-12.92,-12.39,-12.48,-12.48,-12.39,-12.83,-12.61,-12.56,-12.34,-12.48,-12.39,-12.39,-12.26,-12.70,-12.70,-12.48,-12.83,-12.83,-12.70,-12.78,-12.70,-12.70,-12.83,-12.83,-12.34,-12.92,-12.83,-12.56,-12.48,-12.20,-12.61,-12.56,-12.61,-12.26,-13.19,-12.61,-12.34,-12.61,-12.61,-12.34,-12.26,-12.97,-12.48,-12.70,-12.70,-12.56,-12.56,-12.61,-12.56,-12.56,-12.70,-12.78,-12.12,-12.26,-12.78,-12.48,-12.78,-12.48,-12.61,-12.70,-12.48,-12.48,-12.48,-12.61,-12.78,-12.34,-12.56,-12.48,-12.56,-12.34,-12.26,-12.56,-12.26,-12.61,-12.61,-12.56,-12.61,-12.61,-12.70,-12.61,-12.56,-12.61,-12.26,-12.70,-12.56,-12.34,-12.70,-12.48,-12.70,-12.48,-12.48,-12.26,-12.26,-12.39,-12.61,-12.56,-12.34,-12.26,-12.48,-12.78,-12.56,-12.48,-12.56,-12.12,-12.20,-12.48,-12.61,-12.26,-12.78,-12.78,-12.48,-12.26,-12.56,-12.34,-12.48,-12.56,-12.48,-12.83,-11.85,-12.70,-12.48,-12.20,-12.26,-12.48,-12.26,-12.56,-11.90,-12.34,-12.20,-12.12,-12.20,-11.85,-12.20,-12.12,-12.12,-11.85,-12.12,-11.68,-11.63,-11.98,-11.85,-12.20,-11.68,-12.20,-11.90,-11.90,-11.90,-11.76,-11.55,-11.90,-11.68,-11.90,-11.85,-11.90,-12.26,-11.98,-11.76,-11.98,-12.12,-12.12,-12.20,-12.26,-11.68,-11.90,-12.04,-11.49,-11.90,-11.85,-11.98,-11.98,-11.98,-12.12,-11.98,-12.12,-12.12,-12.12,-12.12,-11.85,-12.20,-11.98,-12.48,-12.48,-12.34,-12.39,-12.20,-12.34,-12.56,-12.12,-12.39,-12.61,-12.26,-12.34,-12.34,-12.70,-12.78,-12.78,-12.39,-12.12,-12.48,-12.56,-12.70,-12.04,-12.56,-12.20,-12.34,-12.34,-12.83,-12.12,-12.56,-12.78,-12.61,-12.70,-12.97,-12.48,-12.48,-12.48,-12.83,-12.34,-12.39,-12.61,-12.56,-12.70,-12.70,-12.92,-12.20,-12.04,-12.20,-12.61,-12.39,-12.61,-12.70,-12.34,-12.12,-12.48,-12.34,-12.61,-12.12,-12.20,-12.83,-12.61,-12.48,-12.39,-13.14,-12.39,-12.56,-12.39,-12.34,-12.56,-12.39,-12.56,-12.78,-12.48,-12.56,-12.61,-12.34,-12.78,-12.56,-12.61,-12.56,-12.78,-12.61,-12.39,-12.83,-12.39,-12.70,-12.12,-12.56,-12.78,-12.39,-12.61,-12.70,-12.70,-12.92,-12.70,-12.70,-12.61,-13.28,-12.70,-12.61,-12.83,-12.39,-12.97,-13.06,-12.70,-12.56,-12.48,-12.48,-12.97,-12.97,-12.97,-12.48,-12.61,-12.39,-12.56,-12.70,-12.56,-12.34,-12.12,-12.48,-12.39,-12.12,-12.78,-13.06,-12.56,-12.20,-12.39,-12.78,-12.39,-12.56,-12.12,-12.97,-12.39,-12.39,-12.20,-12.61,-12.12,-12.34,-12.39,-12.26,-12.70,-12.34,-12.78,-12.48,-12.56,-12.56,-12.20,-12.39,-12.78,-12.56,-12.56,-12.56,-12.39,-12.48,-12.70,-12.56,-12.48,-12.48,-12.26,-12.39,-12.70,-12.61
-12.92,-12.78,-13.06,-12.92,-12.70,-12.56,-12.78,-12.56,-12.83,-12.48,-12.61,-12.48,-12.70,-12.26,-12.48,-12.70,-12.70,-12.48,-12.70,-12.61,-12.20,-12.70,-12.26,-12.26,-12.34,-12.34,-12.56,-12.56,-12.61,-12.61,-12.48,-12.56,-12.26,-12.70,-12.12,-11.90,-12.48,-12.48,-12.48,-12.39,-12.56,-12.61,-12.20,-12.39,-12.78,-12.56,-12.39,-12.70,-12.39,-12.39,-12.34,-12.56,-12.48,-12.48,-12.61,-12.70,-12.92,-12.26,-12.83,-12.56,-12.70,-12.78,-12.78,-12.34,-12.61,-12.70,-12.92,-12.56,-12.39,-12.61,-12.70,-12.83,-12.78,-12.97,-12.56,-12.78,-12.83,-12.39,-12.12,-12.26,-12.70,-12.92,-12.39,-12.61,-12.26,-12.20,-12.48,-12.83,-12.56,-12.70,-12.34,-12.26,-12.56,-12.61,-12.26,-13.14,-12.48,-12.92,-12.83,-12.61,-12.34,-12.48,-12.48,-12.39,-12.61,-12.48,-12.78,-11.98,-12.78,-12.48,-12.48,-12.56,-12.83,-12.34,-12.39,-12.70,-12.61,-12.56,-12.70,-12.48,-12.34,-12.39,-12.56,-12.26,-12.92,-12.92,-12.92,-12.34,-12.83,-12.39,-12.70,-12.20,-12.92,-12.04,-12.70,-12.39,-12.26,-12.39,-12.26,-12.34,-12.34,-12.70,-12.56,-12.78,-12.61,-12.12,-12.61,-12.61,-12.56,-12.20,-12.39,-12.04,-12.26,-12.61,-12.61,-12.56,-12.39,-12.70,-12.61,-12.78,-12.48,-12.12,-12.26,-12.26,-12.04,-12.26,-12.04,-12.34,-12.34,-12.26,-12.34,-12.34,-12.26,-12.04,-12.12,-11.76,-11.90,-11.90,-12.04,-11.98,-11.76,-12.12,-11.90,-12.04,-11.76,-12.04,-12.12,-12.34,-12.12,-12.04,-12.04,-11.98,-12.56,-11.90,-11.98,-11.76,-11.85,-11.98,-12.34,-11.76,-12.04,-11.63,-11.90,-12.20,-11.90,-12.12,-11.76,-11.63,-11.85,-12.04,-11.98,-11.98,-11.76,-11.98,-12.48,-12.26,-12.20,-11.98,-11.98,-12.12,-11.68,-12.39,-12.48,-12.78,-12.20,-12.70,-12.97,-12.78,-12.34,-12.56,-12.39,-12.48,-12.34,-12.34,-12.70,-12.56,-12.56,-12.34,-12.20,-12.26,-12.26,-12.48,-12.56,-12.56,-11.90,-12.04,-12.48,-12.20,-12.48,-12.39,-12.78,-12.83,-12.39,-12.48,-12.26,-12.70,-12.78,-12.56,-12.39,-12.48,-12.56,-12.26,-12.20,-12.20,-12.48,-12.48,-12.34,-12.61,-12.78,-12.78,-12.78,-12.39,-12.83,-12.48,-12.56,-12.78,-12.70,-12.20,-12.56,-12.61,-12.56,-12.70,-12.48,-12.61,-12.56,-12.39,-12.48,-12.34,-12.56,-12.61,-12.39,-12.61,-12.34,-12.61,-12.61,-12.78,-12.56,-12.70,-12.39,-12.78,-12.61,-13.06,-12.78,-12.48,-12.48,-12.78,-12.56,-12.97,-12.61,-12.92,-12.92,-12.83,-12.48,-12.39,-12.70,-12.20,-12.92,-12.61,-12.70,-12.48,-12.70,-12.26,-13.06,-12.48,-13.06,-12.70,-12.78,-12.48,-12.78,-13.14,-12.83,-13.14,-12.83,-12.61,-12.39,-12.61,-12.61,-12.56,-12.61,-12.20,-12.48,-12.48,-12.78,-12.78,-12.78,-12.83,-12.39,-12.78,-12.39,-12.56,-12.61,-12.61,-12.56,-12.56,-12.61,-12.56,-12.26,-12.34,-12.56,-12.26,-12.34,-12.56,-12.39,-12.61,-12.56,-12.39,-12.83,-12.34,-12.26,-12.78,-12.26,-12.56,-12.39,-12.39,-12.48,-12.61,-12.48,-12.48,-13.14,-12.39,-12.04,-12.34
-12.56,-12.48,-12.56,-12.83,-12.61,-12.56,-12.39,-12.39,-12.70,-12.78,-12.61,-12.34,-12.34,-12.78,-12.83,-12.34,-12.83,-12.83,-12.12,-12.78,-12.83,-11.85,-12.78,-12.56,-12.56,-12.61,-12.61,-12.39,-12.48,-12.12,-12.56,-12.26,-12.39,-12.39,-12.48,-12.48,-12.48,-12.48,-12.12,-12.34,-12.34,-12.20,-12.78,-12.26,-12.26,-12.26,-12.20,-12.04,-12.34,-12.61,-12.56,-12.39,-12.56,-12.56,-12.61,-12.34,-12.20,-12.56,-12.56,-13.14,-12.34,-12.61,-12.70,-12.61,-12.97,-12.48,-12.61,-12.39,-12.48,-12.20,-12.97,-12.48,-12.70,-13.06,-13.19,-12.20,-12.92,-12.48,-12.70,-12.70,-12.34,-12.78,-12.56,-12.70,-12.48,-12.83,-12.20,-13.14,-12.56,-12.48,-12.83,-13.14,-12.56,-12.56,-12.39,-12.78,-12.39,-12.26,-12.39,-12.70,-12.70,-12.61,-12.78,-12.48,-12.70,-12.61,-12.83,-12.61,-12.39,-12.83,-12.92,-12.56,-12.39,-12.20,-12.61,-12.39,-12.04,-12.48,-12.34,-12.61,-12.34,-12.70,-12.39,-12.39,-12.26,-12.61,-12.39,-12.48,-12.61,-12.70,-12.56,-12.48,-12.92,-12.20,-12.48,-12.48,-11.90,-12.34,-12.39,-12.48,-12.97,-12.04,-12.20,-12.92,-12.39,-12.39,-12.61,-12.48,-12.12,-12.20,-12.34,-12.39,-12.12,-12.20,-12.26,-12.61,-12.48,-12.39,-12.56,-12.12,-12.34,-12.61,-12.39,-12.39,-12.48,-12.39,-11.63,-12.20,-12.04,-12.34,-11.98,-12.12,-12.04,-12.04,-12.04,-11.98,-11.98,-11.98,-11.85,-12.26,-11.85,-11.90,-12.12,-11.68,-12.12,-12.34,-12.04,-11.68,-11.63,-12.12,-11.90,-11.55,-12.20,-11.90,-11.85,-11.76,-12.34,-11.76,-11.63,-11.98,-11.98,-12.48,-11.85,-11.68,-11.90,-11.63,-12.12,-12.34,-11.90,-12.04,-11.85,-11.76,-12.34,-12.39,-11.98,-11.68,-12.04,-11.90,-12.56,-12.20,-12.48,-12.39,-12.34,-12.04,-12.39,-12.56,-12.78,-12.56,-12.26,-12.78,-12.61,-12.26,-12.34,-12.34,-12.34,-12.34,-12.48,-12.83,-12.12,-12.56,-12.26,-12.20,-12.04,-12.04,-12.56,-12.34,-12.34,-12.39,-12.78,-12.39,-12.26,-12.26,-11.90,-12.12,-12.48,-12.78,-12.34,-12.39,-12.04,-12.56,-12.48,-12.26,-12.34,-12.48,-12.26,-12.26,-12.56,-12.34,-12.48,-12.61,-12.20,-12.20,-12.48,-12.61,-12.78,-12.48,-12.83,-12.61,-12.48,-12.20,-12.61,-13.14,-12.48,-13.14,-12.48,-12.34,-12.34,-12.20,-12.56,-12.48,-12.56,-12.48,-12.48,-12.56,-12.20,-12.48,-12.83,-12.97,-12.97,-12.56,-12.61,-12.56,-12.78,-12.97,-12.56,-12.83,-12.56,-12.61,-12.70,-12.56,-12.78,-12.92,-12.78,-12.83,-12.83,-12.56,-12.34,-12.34,-12.61,-12.34,-12.70,-12.97,-12.34,-12.92,-12.61,-12.92,-12.70,-12.48,-12.61,-12.70,-12.70,-12.70,-12.61,-12.39,-12.34,-12.78,-12.48,-12.26,-12.34,-12.61,-12.56,-12.39,-12.61,-12.34,-12.61,-12.61,-12.48,-12.12,-12.39,-12.70,-12.20,-12.39,-12.34,-12.61,-12.39,-12.26,-12.39,-12.70,-12.39,-12.70,-12.20,-12.92,-12.92,-12.70,-12.39,-12.34,-12.48,-11.90,-12.56,-12.70,-12.70,-12.39,-12.70,-12.48,-12.83,-12.39,-12.34,-12.20,-12.48,-12.26,-12.92,-12.48
-12.78,-12.83,-12.61,-12.92,-12.56,-12.26,-12.78,-12.70,-12.48,-12.39,-12.61,-12.34,-12.56,-12.70,-12.83,-12.83,-12.48,-12.70,-12.61,-12.26,-12.61,-12.48,-12.70,-12.39,-12.48,-12.48,-12.70,-12.20,-11.98,-12.04,-12.48,-12.70,-12.20,-12.70,-12.56,-12.26,-12.56,-12.61,-12.70,-12.48,-12.39,-12.12,-12.70,-12.61,-12.61,-12.26,-12.70,-12.12,-12.12,-12.20,-12.34,-12.20,-12.12,-12.26,-12.12,-12.39,-12.34,-12.61,-12.78,-12.78,-12.83,-13.28,-13.19,-12.78,-12.78,-12.70,-12.92,-12.83,-12.48,-12.83,-12.56,-12.70,-12.92,-12.78,-12.83,-13.06,-12.97,-12.92,-12.56,-12.78,-12.12,-12.61,-12.48,-12.20,-12.48,-12.34,-12.48,-12.56,-12.61,-12.34,-12.70,-12.70,-12.61,-12.61,-12.70,-12.61,-12.70,-12.48,-12.48,-12.48,-12.70,-12.48,-12.39,-12.20,-12.48,-12.26,-12.39,-12.26,-12.26,-12.26,-12.56,-12.48,-12.61,-12.56,-12.48,-12.48,-12.48,-12.34,-12.34,-12.56,-12.34,-12.34,-12.78,-12.48,-12.92,-12.56,-12.56,-12.39,-12.70,-12.04,-11.98,-12.48,-12.48,-12.48,-11.98,-12.39,-12.56,-12.83,-12.56,-12.48,-12.12,-12.48,-12.48,-12.26,-12.26,-12.26,-12.39,-12.26,-12.26,-12.39,-12.48,-12.20,-11.98,-12.34,-12.20,-12.34,-12.12,-12.20,-12.20,-12.26,-12.56,-12.04,-12.56,-12.39,-12.34,-12.26,-12.20,-12.04,-12.26,-11.90,-12.34,-12.34,-11.90,-11.85,-12.04,-11.68,-11.68,-12.26,-11.98,-11.85,-11.90,-12.20,-12.20,-12.26,-11.90,-12.12,-11.85,-11.98,-11.98,-11.98,-11.98,-11.85,-12.12,-12.26,-11.98,-11.98,-11.76,-11.98,-11.98,-11.68,-11.76,-11.90,-11.98,-11.76,-11.68,-11.90,-11.85,-12.34,-11.90,-12.04,-11.76,-11.55,-12.04,-11.85,-12.26,-11.98,-11.90,-12.12,-12.70,-11.90,-12.39,-12.61,-12.12,-12.39,-12.26,-12.61,-12.04,-12.61,-12.12,-12.20,-12.26,-12.26,-11.85,-12.20,-12.61,-12.39,-12.61,-12.26,-12.70,-12.61,-12.70,-12.48,-12.12,-12.48,-12.70,-12.20,-12.61,-12.48,-12.70,-12.83,-12.20,-12.48,-12.39,-12.04,-12.34,-12.70,-12.12,-12.48,-12.48,-12.61,-12.39,-12.26,-12.48,-12.39,-12.78,-12.12,-12.12,-12.61,-12.61,-12.92,-12.56,-12.39,-12.39,-12.26,-12.70,-12.12,-12.48,-12.56,-12.34,-12.34,-12.48,-12.61,-12.48,-12.12,-11.98,-12.34,-11.98,-12.70,-12.56,-12.12,-12.48,-12.20,-12.48,-12.04,-12.04,-12.61,-12.56,-12.48,-12.56,-12.56,-12.61,-12.26,-12.39,-12.78,-12.56,-12.61,-12.61,-12.61,-12.56,-12.39,-12.70,-12.92,-12.70,-12.70,-12.56,-12.61,-12.92,-12.83,-12.83,-12.48,-12.92,-12.61,-12.83,-12.97,-12.70,-12.39,-12.78,-12.70,-12.70,-13.19,-12.78,-12.48,-12.97,-12.26,-12.78,-12.26,-12.26,-12.48,-12.04,-12.39,-12.26,-12.04,-12.97,-12.04,-12.70,-12.26,-12.83,-12.61,-12.83,-12.78,-12.48,-12.20,-12.48,-12.26,-12.92,-12.26,-12.12,-12.20,-12.20,-12.56,-12.83,-12.56,-12.48,-12.56,-12.48,-12.20,-12.20,-12.56,-12.83,-12.56,-12.56,-12.70,-12.39,-12.48,-12.56,-12.61,-12.39,-12.48,-12.26,-12.61,-12.48,-12.61
-13.06,-12.92,-12.48,-12.78,-12.78,-12.70,-13.19,-12.70,-12.70,-12.48,-12.39,-12.70,-12.20,-12.39,-12.39,-12.20,-12.48,-12.48,-12.39,-11.98,-12.70,-12.20,-12.56,-12.20,-12.26,-12.26,-12.61,-12.56,-12.61,-12.48,-12.48,-12.48,-12.61,-11.90,-12.83,-12.39,-12.56,-12.39,-12.83,-12.83,-12.34,-12.56,-12.83,-12.92,-12.48,-12.26,-12.26,-12.48,-12.92,-12.39,-12.26,-12.61,-11.98,-12.78,-12.39,-12.39,-12.61,-12.92,-12.70,-12.78,-13.06,-13.06,-12.56,-12.83,-12.61,-12.83,-12.34,-12.83,-12.39,-12.92,-12.39,-12.78,-12.83,-12.34,-12.70,-12.61,-12.83,-12.56,-12.34,-12.34,-12.83,-12.56,-12.39,-12.39,-12.61,-11.98,-12.34,-12.70,-12.70,-12.70,-12.26,-12.78,-12.83,-12.48,-12.78,-12.48,-12.48,-12.78,-12.48,-12.61,-12.48,-12.56,-12.34,-12.48,-12.48,-11.68,-12.20,-12.48,-12.26,-12.34,-12.26,-12.61,-12.56,-12.78,-12.26,-12.26,-12.48,-12.61,-12.39,-12.39,-12.70,-12.26,-12.61,-12.61,-12.12,-12.34,-12.61,-12.61,-12.56,-12.70,-12.83,-12.56,-12.70,-12.61,-12.39,-12.34,-12.83,-12.39,-12.34,-12.39,-12.34,-12.61,-12.83,-12.34,-12.04,-12.26,-12.61,-12.20,-12.61,-12.39,-12.12,-12.39,-12.20,-12.39,-12.39,-12.26,-12.48,-12.26,-12.26,-12.20,-12.70,-12.26,-12.26,-12.56,-12.34,-12.34,-12.26,-12.48,-12.39,-12.20,-11.90,-12.20,-11.90,-12.04,-12.04,-11.98,-11.85,-11.90,-11.76,-12.26,-12.26,-12.04,-11.76,-12.04,-11.68,-11.85,-11.55,-11.68,-12.12,-11.55,-12.04,-12.34,-12.34,-11.90,-12.26,-11.98,-11.85,-11.76,-11.98,-11.98,-12.26,-12.26,-12.20,-11.76,-11.85,-11.98,-12.04,-12.48,-12.04,-11.68,-11.98,-11.63,-11.63,-12.20,-11.90,-11.98,-12.26,-12.26,-12.12,-12.12,-11.85,-12.12,-12.78,-12.20,-12.34,-12.26,-12.70,-12.39,-12.26,-12.39,-12.56,-11.90,-12.70,-12.56,-12.20,-12.26,-12.39,-12.48,-12.20,-12.39,-12.70,-12.48,-12.39,-12.56,-12.39,-12.48,-12.48,-12.34,-12.61,-12.70,-12.26,-12.61,-12.48,-12.39,-12.48,-12.20,-12.61,-12.78,-12.48,-12.48,-12.97,-12.39,-12.39,-12.34,-12.61,-12.61,-12.39,-12.20,-12.92,-12.83,-12.12,-12.78,-12.61,-12.48,-12.70,-12.48,-12.61,-12.48,-12.61,-12.83,-12.48,-12.39,-12.48,-12.56,-12.39,-12.56,-12.83,-12.61,-12.83,-12.70,-11.90,-12.39,-12.92,-12.39,-12.56,-12.56,-12.70,-12.20,-12.39,-12.70,-12.61,-12.92,-12.39,-12.83,-12.39,-12.61,-12.70,-12.61,-12.70,-12.48,-12.26,-12.70,-12.70,-12.70,-12.48,-12.92,-12.78,-12.61,-12.48,-12.78,-12.48,-12.61,-12.97,-12.70,-12.39,-12.78,-12.56,-12.48,-12.61,-12.56,-12.48,-12.39,-12.56,-12.39,-12.61,-12.48,-12.56,-12.56,-12.56,-12.56,-12.39,-12.56,-12.12,-12.83,-12.48,-12.61,-12.48,-12.48,-12.04,-12.26,-12.04,-12.26,-12.39,-12.61,-12.39,-12.34,-12.12,-12.70,-12.34,-12.56,-12.70,-12.56,-12.39,-12.48,-12.78,-12.34,-12.56,-12.61,-12.78,-12.20,-12.39,-12.48,-12.39,-12.26,-12.39,-12.61,-12.39,-12.48,-12.56,-12.20,-12.78,-12.78
-12.39,-12.34,-12.56,-12.61,-12.78,-12.48,-12.56,-12.78,-12.48,-12.48,-12.26,-12.26,-12.34,-12.61,-12.56,-12.34,-12.48,-12.56,-12.83,-12.56,-12.48,-12.56,-12.56,-12.83,-12.92,-12.78,-12.70,-12.70,-12.61,-12.34,-12.39,-12.34,-12.34,-12.48,-12.20,-11.98,-12.26,-12.39,-12.70,-12.70,-12.34,-12.61,-12.26,-12.56,-12.78,-12.61,-12.70,-12.70,-12.78,-12.12,-12.39,-12.12,-12.78,-12.34,-12.12,-12.39,-12.70,-12.83,-12.48,-12.83,-12.83,-12.83,-12.26,-13.06,-12.56,-13.14,-12.61,-12.48,-12.39,-12.56,-12.48,-12.48,-12.61,-12.56,-12.34,-12.61,-12.39,-12.56,-12.20,-12.70,-12.70,-12.39,-12.39,-12.70,-12.34,-12.70,-12.61,-12.70,-12.56,-12.56,-12.61,-12.92,-12.61,-12.12,-12.97,-12.39,-12.70,-12.26,-12.61,-12.61,-12.92,-12.26,-12.48,-12.78,-12.39,-12.34,-12.34,-12.61,-12.26,-12.26,-12.34,-12.78,-12.56,-12.56,-12.39,-12.39,-12.39,-12.39,-12.39,-12.78,-12.61,-12.83,-12.20,-12.61,-12.39,-12.34,-12.34,-12.70,-12.56,-12.39,-12.34,-12.39,-12.20,-12.61,-12.61,-12.39,-12.61,-12.61,-12.12,-12.26,-12.78,-12.04,-12.12,-12.12,-12.56,-12.26,-12.83,-12.34,-11.98,-12.61,-12.26,-12.70,-12.48,-12.04,-12.34,-11.98,-12.12,-12.26,-12.26,-12.12,-11.98,-12.39,-12.56,-12.12,-12.12,-12.12,-12.34,-12.20,-12.12,-12.26,-12.20,-12.12,-12.34,-11.85,-12.39,-12.04,-11.90,-11.90,-11.68,-12.34,-11.76,-11.85,-11.90,-12.20,-12.12,-12.04,-11.76,-12.04,-11.85,-11.49,-12.04,-11.76,-12.04,-11.98,-12.12,-12.12,-12.20,-11.98,-12.04,-12.04,-12.20,-12.39,-11.98,-11.90,-12.34,-11.55,-11.68,-11.68,-12.20,-11.98,-11.90,-11.63,-12.04,-12.20,-12.04,-12.04,-11.98,-11.76,-12.20,-12.70,-12.26,-12.39,-12.34,-12.34,-12.48,-12.39,-12.34,-12.78,-12.56,-12.56,-12.56,-12.34,-12.34,-12.04,-12.61,-12.61,-12.56,-12.34,-12.39,-12.34,-12.48,-12.48,-12.48,-12.78,-12.12,-12.39,-12.78,-12.39,-12.20,-12.26,-12.83,-12.48,-12.20,-12.12,-12.61,-12.20,-12.26,-12.34,-12.48,-12.61,-12.12,-12.97,-12.78,-12.78,-12.92,-12.83,-12.70,-12.83,-12.48,-12.78,-12.70,-12.78,-12.26,-12.39,-12.56,-12.48,-12.56,-12.48,-12.92,-12.70,-12.56,-12.48,-12.61,-12.20,-12.39,-11.90,-12.48,-12.48,-12.34,-12.61,-12.56,-12.39,-12.20,-12.70,-12.39,-12.56,-12.26,-12.70,-12.78,-12.92,-12.92,-12.34,-12.56,-12.78,-12.97,-12.70,-12.56,-12.70,-12.97,-13.06,-12.78,-12.39,-12.56,-12.70,-12.56,-12.78,-12.56,-12.83,-12.78,-12.78,-12.48,-12.48,-12.48,-12.83,-13.14,-12.61,-12.83,-13.06,-12.70,-12.70,-12.83,-12.83,-12.78,-12.70,-12.70,-12.12,-12.92,-12.83,-12.70,-12.20,-12.12,-12.61,-12.34,-12.34,-12.39,-12.70,-12.20,-12.39,-12.34,-12.61,-12.26,-12.39,-12.39,-12.56,-12.39,-12.70,-12.70,-12.48,-12.48,-12.39,-12.26,-12.26,-12.39,-12.39,-12.61,-12.04,-12.39,-12.04,-12.70,-12.20,-12.70,-12.78,-12.97,-12.26,-12.39,-12.61,-12.61,-12.34,-11.98,-13.06,-12.56,-12.39
-12.83,-12.39,-12.56,-13.19,-12.61,-12.20,-12.20,-12.39,-12.70,-12.78,-12.61,-12.61,-12.12,-12.56,-12.61,-12.56,-12.78,-12.20,-12.48,-12.61,-12.61,-12.20,-12.83,-12.70,-12.39,-12.12,-12.20,-12.39,-12.70,-12.12,-12.26,-12.20,-12.20,-11.98,-12.04,-12.20,-12.34,-12.61,-12.34,-12.34,-12.48,-12.26,-12.20,-12.34,-12.26,-12.48,-12.34,-12.39,-12.48,-12.56,-12.39,-12.20,-12.34,-12.56,-12.61,-12.70,-12.48,-12.83,-12.83,-12.70,-12.56,-12.78,-12.83,-12.48,-12.78,-12.48,-12.83,-12.92,-12.56,-12.97,-12.39,-12.70,-12.48,-12.78,-12.70,-13.14,-12.78,-12.97,-12.97,-12.12,-12.61,-12.34,-13.06,-12.20,-12.56,-12.48,-12.48,-12.48,-12.56,-12.12,-12.56,-12.12,-12.61,-12.34,-12.78,-12.78,-12.34,-12.83,-12.56,-12.61,-12.56,-12.20,-12.56,-12.61,-12.48,-12.61,-12.61,-12.56,-12.48,-12.39,-12.56,-12.20,-12.39,-12.39,-12.78,-12.26,-12.70,-12.26,-12.12,-12.61,-12.56,-12.70,-12.48,-12.48,-12.34,-12.56,-12.39,-12.34,-12.56,-12.39,-12.70,-12.12,-12.48,-12.48,-12.39,-12.61,-12.48,-12.20,-12.61,-12.70,-12.39,-12.48,-12.61,-12.61,-12.20,-12.34,-12.12,-12.34,-11.90,-12.12,-12.61,-11.85,-12.26,-12.48,-12.56,-12.61,-12.39,-12.56,-12.34,-12.12,-12.04,-11.90,-12.70,-12.12,-12.39,-12.12,-12.61,-12.48,-12.04,-11.98,-12.26,-11.68,-11.55,-11.68,-11.68,-11.90,-12.20,-11.90,-11.90,-11.90,-12.04,-11.68,-12.20,-12.34,-11.90,-11.90,-11.98,-11.98,-12.34,-12.39,-12.04,-11.85,-12.12,-11.90,-11.68,-11.98,-12.20,-11.68,-12.12,-12.26,-11.98,-12.12,-12.12,-11.85,-12.12,-11.90,-11.49,-11.98,-11.98,-12.12,-11.90,-12.20,-11.85,-12.12,-11.90,-11.90,-12.12,-12.20,-12.20,-12.26,-12.20,-12.26,-12.26,-12.48,-12.20,-12.34,-12.20,-11.98,-12.56,-12.48,-12.34,-12.56,-12.04,-12.34,-12.78,-12.12,-12.61,-12.56,-12.04,-12.34,-12.12,-12.20,-12.48,-12.12,-12.39,-12.34,-12.92,-12.39,-12.39,-12.20,-12.04,-12.39,-12.34,-12.56,-12.26,-12.39,-12.26,-12.20,-12.48,-12.61,-12.34,-12.39,-12.61,-12.78,-12.26,-12.34,-12.56,-12.26,-12.26,-12.56,-12.92,-12.48,-12.34,-12.34,-12.26,-12.78,-12.34,-12.70,-12.34,-12.26,-12.34,-12.70,-12.56,-12.70,-12.34,-12.39,-12.61,-12.48,-12.48,-12.20,-12.70,-12.48,-12.39,-12.48,-12.39,-12.56,-12.78,-12.56,-11.98,-12.92,-12.97,-12.70,-12.78,-12.97,-11.98,-12.26,-12.56,-13.06,-12.56,-12.48,-12.48,-12.39,-12.20,-12.48,-12.39,-12.48,-12.56,-12.39,-12.48,-12.48,-12.56,-12.34,-13.14,-12.48,-12.70,-13.19,-12.78,-12.78,-12.97,-12.39,-12.70,-13.14,-12.56,-12.20,-12.39,-12.48,-12.26,-12.70,-12.39,-12.04,-12.39,-12.26,-12.39,-12.78,-12.61,-12.26,-12.70,-12.48,-12.70,-12.61,-12.39,-12.92,-12.04,-12.70,-12.34,-11.85,-12.26,-12.48,-11.98,-12.78,-12.56,-12.48,-12.39,-12.61,-12.39,-12.34,-12.78,-12.26,-12.39,-12.61,-11.90,-12.39,-12.34,-12.04,-13.19,-12.34,-12.39,-12.20,-12.20,-12.83,-12.39,-12.39
-12.56,-12.83,-12.12,-12.56,-12.48,-13.06,-12.83,-12.12,-12.48,-12.56,-12.34,-12.92,-12.92,-12.48,-12.83,-12.26,-12.48,-12.61,-12.78,-12.04,-12.78,-12.39,-12.61,-12.48,-12.92,-12.48,-12.92,-12.70,-12.39,-12.61,-12.34,-12.56,-12.48,-12.12,-12.70,-12.78,-12.26,-12.61,-12.56,-11.90,-12.78,-12.26,-12.26,-12.61,-12.39,-12.61,-12.39,-12.34,-12.20,-12.61,-12.39,-12.39,-11.90,-12.48,-12.20,-12.26,-12.48,-12.12,-12.70,-12.78,-12.70,-12.48,-12.70,-12.97,-12.70,-12.92,-13.14,-12.34,-12.26,-12.83,-12.48,-12.70,-12.92,-13.14,-12.61,-12.70,-12.70,-12.78,-12.92,-12.56,-12.78,-12.78,-12.78,-12.97,-12.97,-12.39,-12.61,-12.92,-12.48,-12.26,-12.48,-12.39,-12.12,-12.70,-12.83,-12.70,-12.70,-12.78,-13.14,-13.19,-12.70,-12.61,-12.61,-12.48,-12.61,-12.12,-12.20,-12.48,-12.39,-12.61,-12.34,-12.61,-12.34,-12.34,-12.39,-12.61,-12.39,-12.20,-11.98,-12.26,-12.56,-12.78,-12.70,-11.98,-12.56,-12.48,-12.39,-12.20,-12.61,-12.48,-11.98,-12.48,-11.85,-12.39,-12.26,-12.78,-12.12,-12.26,-12.12,-12.20,-12.26,-12.70,-12.04,-12.70,-12.48,-12.20,-12.39,-12.20,-12.12,-12.26,-12.20,-12.26,-12.48,-12.39,-11.98,-12.34,-12.26,-12.39,-12.48,-12.39,-12.39,-12.04,-12.48,-12.34,-12.83,-12.48,-12.04,-11.68,-11.76,-12.20,-11.90,-11.98,-12.20,-11.98,-11.98,-12.12,-11.85,-12.20,-11.90,-11.98,-11.76,-12.20,-11.90,-12.12,-11.90,-12.34,-11.90,-12.34,-11.85,-11.85,-11.90,-12.20,-12.20,-11.90,-12.12,-11.90,-11.90,-12.04,-11.85,-11.85,-11.98,-12.48,-11.68,-12.26,-11.85,-11.68,-11.90,-11.85,-11.68,-11.98,-11.98,-12.12,-12.04,-12.39,-12.26,-12.34,-11.90,-12.20,-12.04,-12.26,-12.26,-12.34,-12.48,-12.92,-12.26,-12.12,-12.26,-12.39,-12.56,-12.39,-12.39,-12.34,-12.26,-12.92,-12.39,-12.34,-12.56,-12.70,-12.61,-12.61,-12.39,-12.34,-12.20,-12.61,-12.34,-12.83,-12.39,-12.34,-12.92,-12.26,-12.48,-12.34,-12.56,-12.56,-12.83,-12.83,-12.39,-12.61,-12.48,-12.34,-12.39,-12.56,-12.83,-12.56,-12.39,-12.34,-12.48,-12.70,-12.34,-12.61,-12.61,-12.12,-12.34,-12.48,-12.61,-12.39,-12.26,-12.39,-12.61,-12.34,-12.20,-12.61,-12.56,-12.48,-12.61,-12.56,-12.56,-12.56,-12.12,-12.78,-12.78,-12.48,-12.61,-12.20,-12.56,-12.39,-13.06,-12.39,-12.56,-12.56,-12.39,-12.56,-12.78,-12.56,-12.83,-12.61,-12.34,-12.39,-12.56,-12.61,-12.34,-12.61,-12.83,-12.48,-12.20,-12.56,-12.61,-12.92,-12.39,-12.78,-12.92,-12.70,-12.48,-12.61,-12.92,-12.56,-12.39,-12.78,-13.42,-13.28,-12.70,-12.78,-12.78,-12.56,-12.56,-12.56,-12.56,-12.26,-12.12,-12.34,-12.34,-12.48,-12.04,-12.26,-12.26,-12.26,-12.12,-12.48,-12.26,-12.56,-12.61,-12.34,-12.26,-12.04,-12.61,-12.20,-12.34,-12.56,-12.39,-12.34,-12.78,-12.61,-12.48,-12.48,-12.48,-12.20,-12.78,-12.12,-12.34,-12.39,-12.26,-12.39,-12.61,-12.70,-12.39,-12.48,-12.83,-12.48,-12.48,-12.48,-12.39,-12.34
-12.61,-12.61,-12.39,-12.61,-12.78,-12.20,-12.34,-12.83,-12.48,-12.26,-12.56,-12.39,-12.56,-12.56,-12.48,-12.34,-12.70,-12.70,-12.34,-12.70,-12.70,-12.26,-12.48,-12.39,-12.48,-13.06,-12.26,-12.83,-12.56,-12.56,-12.34,-12.39,-12.48,-12.39,-12.39,-12.78,-12.61,-12.20,-12.61,-12.39,-12.20,-12.39,-12.39,-12.48,-12.26,-12.39,-12.70,-12.39,-12.34,-12.26,-12.56,-12.34,-12.48,-12.61,-12.26,-12.70,-11.90,-12.70,-12.70,-12.83,-12.70,-12.92,-12.97,-12.78,-12.70,-12.97,-12.34,-12.83,-12.78,-12.34,-12.48,-12.48,-12.26,-12.83,-12.83,-12.56,-12.39,-12.48,-12.78,-12.48,-12.92,-12.26,-12.61,-12.48,-12.48,-12.61,-12.26,-12.56,-12.39,-12.56,-12.56,-12.56,-12.70,-12.34,-12.56,-12.78,-12.39,-12.56,-12.48,-12.20,-12.48,-12.26,-12.48,-12.61,-12.39,-12.39,-12.20,-11.98,-12.78,-12.39,-12.48,-12.48,-12.92,-12.48,-12.26,-12.48,-12.92,-11.85,-12.70,-12.39,-12.12,-12.39,-12.34,-12.34,-12.34,-12.56,-12.39,-12.26,-12.20,-12.26,-11.76,-12.48,-12.39,-12.12,-12.34,-12.61,-12.12,-12.26,-12.48,-12.56,-12.34,-12.26,-12.20,-11.98,-12.34,-12.12,-12.26,-12.20,-12.04,-12.12,-12.12,-12.12,-12.34,-12.26,-12.70,-11.98,-12.48,-11.68,-12.26,-12.26,-12.04,-12.39,-11.98,-12.26,-12.20,-11.76,-12.04,-12.20,-12.39,-12.04,-11.98,-12.04,-12.34,-12.04,-12.12,-12.04,-12.12,-11.85,-11.85,-11.76,-12.04,-11.85,-12.26,-11.68,-11.68,-12.20,-11.76,-11.98,-11.85,-11.49,-12.12,-11.90,-12.26,-12.04,-12.12,-12.26,-12.39,-12.12,-12.26,-11.55,-11.76,-11.98,-11.76,-11.98,-11.90,-12.26,-12.12,-11.76,-11.85,-12.34,-12.04,-11.98,-11.98,-12.61,-11.85,-11.98,-12.56,-12.20,-12.26,-11.68,-12.04,-12.61,-12.12,-12.39,-12.83,-12.56,-12.56,-12.70,-12.70,-12.20,-12.20,-12.70,-12.39,-12.12,-12.39,-12.20,-12.34,-12.92,-12.20,-12.61,-12.39,-12.70,-12.39,-11.98,-12.61,-12.26,-12.39,-12.70,-12.20,-12.39,-12.48,-12.48,-12.26,-12.78,-12.39,-12.20,-12.39,-12.83,-12.34,-12.70,-12.34,-12.20,-12.48,-12.48,-12.56,-12.39,-12.78,-12.48,-12.61,-12.83,-12.61,-12.56,-12.20,-12.20,-12.61,-12.78,-12.70,-12.83,-12.48,-12.70,-12.39,-11.85,-12.61,-12.61,-12.56,-12.39,-12.56,-12.26,-12.26,-12.78,-12.48,-12.78,-12.61,-12.48,-12.56,-12.56,-12.61,-12.20,-12.48,-12.39,-12.61,-12.61,-12.61,-12.39,-12.48,-12.70,-12.48,-12.83,-12.61,-12.39,-12.39,-13.19,-12.61,-12.48,-13.06,-12.26,-12.97,-12.48,-12.70,-12.70,-12.70,-12.26,-13.28,-12.70,-12.92,-12.48,-12.56,-12.48,-12.70,-12.56,-12.78,-12.56,-12.56,-12.61,-12.78,-12.56,-12.34,-12.48,-12.26,-12.34,-12.48,-11.90,-12.12,-12.48,-12.34,-12.39,-12.20,-12.70,-12.61,-12.20,-12.26,-12.39,-12.39,-11.98,-12.61,-12.34,-12.12,-12.56,-12.56,-12.26,-12.34,-12.56,-12.26,-12.70,-12.26,-12.61,-12.34,-12.39,-12.61,-12.61,-12.70,-12.34,-12.48,-12.48,-12.48,-12.39,-12.83,-12.83,-12.56,-12.70,-13.14,-12.78
-12.78,-12.78,-12.56,-12.92,-12.78,-12.78,-12.61,-12.70,-12.61,-12.39,-12.12,-12.56,-12.56,-12.56,-12.78,-12.83,-12.70,-12.48,-12.70,-12.97,-12.78,-12.70,-12.56,-12.70,-12.39,-12.56,-12.12,-12.92,-12.12,-12.34,-12.56,-12.20,-11.98,-12.61,-12.56,-13.06,-12.61,-12.26,-12.48,-12.26,-12.83,-12.39,-12.48,-12.34,-12.12,-12.20,-12.20,-12.20,-12.48,-12.70,-12.34,-12.12,-12.70,-12.70,-12.48,-12.56,-12.12,-12.34,-12.78,-12.70,-12.83,-12.70,-12.26,-12.48,-12.56,-12.83,-13.14,-12.39,-12.61,-12.56,-12.83,-12.92,-12.70,-12.56,-12.26,-12.61,-12.70,-12.61,-12.34,-12.48,-12.39,-12.97,-12.48,-12.70,-12.48,-12.39,-12.83,-12.70,-12.92,-12.70,-12.70,-12.48,-12.78,-12.70,-12.78,-12.26,-12.70,-12.56,-12.34,-12.78,-12.61,-12.48,-12.48,-12.56,-12.26,-12.56,-12.48,-12.56,-12.70,-12.26,-12.26,-12.20,-12.56,-12.26,-12.26,-12.39,-12.78,-12.39,-12.39,-12.61,-12.12,-12.70,-12.56,-12.48,-12.56,-12.39,-12.04,-12.26,-12.26,-12.20,-12.61,-12.39,-12.56,-12.12,-12.34,-12.26,-12.39,-12.56,-12.48,-12.12,-12.12,-12.48,-12.26,-12.04,-12.39,-12.04,-12.26,-12.20,-12.39,-12.39,-12.39,-11.85,-12.48,-12.70,-12.48,-12.26,-12.26,-12.26,-11.98,-12.26,-12.20,-11.76,-12.04,-12.26,-12.39,-12.12,-12.39,-11.90,-12.26,-12.26,-12.26,-12.04,-12.04,-12.04,-11.76,-12.48,-12.04,-12.04,-11.63,-12.04,-11.63,-12.04,-12.26,-12.26,-11.98,-12.12,-12.26,-12.26,-12.04,-11.85,-11.85,-12.39,-12.04,-12.12,-12.12,-11.63,-12.20,-12.04,-11.68,-11.85,-11.85,-12.12,-12.26,-11.85,-11.85,-12.04,-12.04,-11.98,-12.12,-11.85,-12.34,-11.76,-11.98,-12.04,-12.04,-12.34,-12.48,-12.56,-12.20,-12.61,-11.98,-12.34,-12.34,-12.20,-12.34,-12.39,-12.56,-12.70,-12.70,-12.48,-12.48,-12.61,-12.26,-12.48,-12.26,-12.26,-12.39,-12.39,-12.20,-12.61,-12.04,-12.04,-12.70,-12.39,-12.48,-12.48,-12.26,-12.48,-12.39,-12.34,-12.70,-12.48,-12.34,-12.34,-12.48,-12.39,-12.70,-12.70,-12.26,-12.39,-12.61,-12.61,-12.70,-12.97,-12.39,-12.78,-12.26,-12.70,-12.04,-12.39,-12.39,-12.12,-12.56,-12.39,-12.70,-12.70,-12.56,-12.20,-12.48,-12.70,-12.48,-12.39,-12.83,-12.61,-12.83,-12.48,-12.48,-12.83,-12.56,-12.92,-12.61,-12.61,-12.70,-13.14,-12.39,-12.39,-12.20,-12.92,-12.56,-12.56,-12.70,-12.56,-12.70,-12.70,-12.34,-12.26,-12.56,-12.78,-12.48,-12.56,-12.70,-12.26,-12.70,-12.12,-12.97,-12.61,-12.70,-12.83,-12.48,-12.39,-12.70,-12.56,-12.78,-12.34,-12.56,-12.56,-12.39,-12.34,-12.48,-12.70,-12.12,-12.83,-13.06,-12.61,-12.34,-12.34,-12.39,-12.20,-12.26,-12.26,-12.20,-12.70,-12.04,-12.61,-12.39,-12.39,-12.26,-12.48,-12.48,-12.56,-12.56,-12.56,-12.48,-12.56,-12.39,-12.12,-12.78,-12.26,-12.34,-12.26,-12.26,-12.39,-12.34,-12.61,-12.12,-12.48,-12.34,-12.83,-11.76,-12.70,-12.61,-12.39,-12.34,-12.83,-12.61,-13.06,-12.48,-12.12,-12.34,-12.48,-12.70,-12.20
-12.97,-12.78,-12.83,-12.12,-12.34,-12.61,-12.48,-12.78,-12.61,-12.61,-12.48,-12.34,-12.56,-12.12,-12.70,-12.20,-13.14,-12.20,-12.56,-12.56,-12.12,-12.20,-12.97,-12.39,-12.34,-12.20,-12.26,-12.48,-12.39,-12.48,-12.48,-12.61,-12.26,-12.70,-12.48,-12.26,-12.83,-12.34,-12.26,-12.04,-12.61,-12.26,-12.48,-12.34,-12.61,-12.70,-12.92,-12.83,-12.34,-12.56,-12.39,-12.34,-12.20,-12.39,-12.61,-12.78,-12.39,-12.48,-12.48,-12.34,-12.20,-12.83,-12.83,-12.83,-12.97,-11.98,-12.97,-12.97,-12.97,-12.48,-12.39,-12.70,-12.97,-12.97,-12.34,-12.70,-12.78,-12.20,-12.48,-12.34,-12.61,-11.68,-12.20,-12.34,-12.61,-12.70,-12.20,-12.48,-12.78,-12.39,-12.26,-12.56,-12.70,-12.48,-12.70,-12.34,-12.26,-12.04,-12.83,-12.26,-12.78,-12.26,-12.70,-12.26,-12.78,-12.12,-12.12,-12.61,-12.56,-12.70,-12.56,-12.12,-12.26,-12.48,-12.34,-12.61,-12.39,-12.70,-12.26,-12.39,-12.26,-12.39,-12.56,-12.56,-12.39,-12.56,-12.20,-12.12,-12.61,-12.34,-12.34,-12.12,-12.78,-12.12,-12.12,-12.70,-12.34,-12.56,-12.04,-11.98,-12.34,-12.20,-12.39,-12.39,-12.48,-12.92,-12.48,-12.39,-12.39,-12.04,-12.48,-12.34,-12.34,-12.26,-12.26,-12.34,-12.48,-12.39,-11.90,-12.26,-12.56,-12.70,-12.56,-12.20,-12.04,-11.68,-12.39,-11.90,-11.98,-12.12,-12.12,-11.68,-12.12,-12.20,-11.90,-12.12,-11.98,-11.98,-11.98,-11.85,-12.04,-12.12,-11.98,-11.68,-11.90,-11.68,-11.63,-11.90,-11.90,-11.68,-12.12,-11.90,-11.85,-12.12,-11.76,-12.04,-11.98,-11.98,-11.85,-11.90,-11.76,-11.90,-12.20,-12.20,-12.20,-11.90,-11.90,-11.85,-11.85,-11.85,-12.04,-12.04,-12.12,-11.90,-12.12,-11.68,-12.48,-12.04,-12.20,-12.04,-11.98,-12.26,-12.26,-12.39,-12.39,-12.12,-12.26,-12.39,-11.85,-12.39,-11.85,-12.56,-11.85,-12.48,-12.56,-12.26,-12.56,-12.26,-12.34,-11.90,-12.20,-12.48,-12.48,-12.48,-12.12,-12.26,-12.04,-12.34,-12.70,-12.34,-12.26,-12.56,-12.04,-12.26,-12.56,-11.90,-12.26,-12.70,-12.70,-12.56,-12.56,-12.70,-12.04,-12.34,-12.26,-12.26,-12.83,-12.61,-12.39,-12.20,-12.39,-12.61,-12.34,-12.70,-12.34,-12.12,-12.48,-12.70,-12.56,-12.12,-12.78,-12.39,-12.70,-12.39,-12.26,-12.26,-12.20,-12.39,-12.48,-12.39,-12.20,-12.92,-12.39,-12.48,-12.48,-12.48,-12.56,-12.48,-12.48,-12.26,-12.83,-12.97,-12.92,-12.48,-12.56,-12.61,-12.70,-12.34,-12.48,-12.04,-12.61,-12.70,-12.56,-12.56,-12.56,-12.78,-12.97,-12.12,-13.06,-12.56,-12.48,-12.26,-12.48,-12.39,-12.48,-12.56,-12.70,-12.56,-12.78,-12.92,-12.70,-12.12,-12.39,-12.61,-12.34,-12.56,-12.48,-12.20,-12.34,-12.26,-12.20,-12.56,-12.04,-12.39,-12.12,-12.56,-11.98,-12.78,-12.56,-12.04,-12.12,-12.48,-12.26,-12.48,-11.76,-12.39,-12.48,-12.48,-12.26,-12.48,-12.26,-12.26,-12.56,-12.20,-12.70,-12.78,-12.12,-12.20,-12.61,-12.61,-12.39,-12.12,-12.39,-12.34,-12.39,-12.78,-12.39,-12.61,-11.90,-12.48,-12.34,-12.78
-12.26,-12.39,-12.34,-12.48,-12.39,-12.34,-12.92,-12.34,-12.78,-12.39,-12.39,-13.06,-12.26,-12.70,-12.83,-12.26,-11.90,-12.20,-12.12,-12.12,-12.20,-12.34,-12.39,-12.39,-12.20,-12.20,-12.39,-12.20,-12.56,-12.04,-12.39,-12.39,-12.56,-12.20,-12.48,-12.34,-12.83,-12.26,-12.12,-12.48,-12.48,-11.90,-12.26,-12.12,-12.48,-12.04,-12.20,-12.56,-12.34,-12.39,-12.26,-12.39,-12.48,-12.20,-12.12,-12.56,-12.12,-12.26,-12.56,-13.14,-12.39,-12.92,-12.97,-12.12,-12.56,-12.56,-12.78,-12.56,-12.61,-12.83,-12.78,-12.56,-12.78,-12.83,-12.61,-12.34,-12.61,-12.12,-12.78,-12.56,-12.39,-12.48,-11.90,-12.39,-12.39,-12.20,-12.39,-12.39,-12.61,-12.92,-12.26,-12.39,-12.70,-12.39,-12.78,-12.56,-12.20,-12.12,-12.70,-12.34,-12.34,-12.12,-12.39,-12.70,-12.20,-12.61,-12.78,-12.39,-12.48,-12.34,-12.34,-12.04,-12.61,-12.26,-12.34,-12.70,-12.48,-12.97,-12.34,-12.56,-12.61,-12.39,-12.61,-12.39,-12.26,-12.12,-12.26,-12.20,-12.12,-12.26,-12.04,-12.34,-12.04,-12.48,-12.26,-11.85,-12.56,-12.34,-12.12,-12.12,-12.26,-12.39,-12.26,-12.39,-12.48,-12.34,-11.90,-12.34,-12.70,-12.34,-12.34,-12.04,-12.34,-11.90,-12.12,-11.85,-12.04,-12.56,-12.48,-12.12,-12.12,-12.12,-12.26,-12.56,-12.26,-12.26,-11.90,-12.34,-11.98,-12.20,-11.63,-12.12,-12.48,-12.34,-11.76,-11.68,-11.76,-11.85,-11.55,-12.20,-11.68,-11.76,-11.90,-12.12,-11.98,-11.98,-12.20,-11.76,-11.90,-11.98,-12.20,-11.76,-11.76,-11.98,-12.12,-11.55,-11.98,-11.98,-12.34,-12.12,-11.76,-11.63,-11.55,-12.04,-11.90,-12.39,-11.98,-12.04,-11.90,-12.12,-12.39,-12.26,-11.85,-11.90,-12.12,-12.26,-11.85,-12.26,-11.63,-12.04,-12.20,-11.98,-12.26,-12.20,-12.26,-12.20,-12.26,-12.56,-12.34,-12.34,-12.20,-12.12,-12.26,-12.34,-12.26,-12.34,-12.34,-12.34,-11.90,-12.34,-12.04,-12.56,-12.39,-12.61,-12.48,-12.12,-12.20,-12.20,-12.48,-12.26,-12.34,-12.26,-11.98,-12.39,-12.78,-12.70,-12.12,-12.26,-12.12,-12.39,-12.34,-12.26,-12.39,-12.83,-12.34,-12.34,-12.26,-12.56,-12.04,-12.26,-12.26,-12.34,-11.90,-12.61,-12.70,-12.70,-12.39,-12.48,-12.34,-12.70,-12.56,-12.48,-12.48,-12.26,-12.56,-12.70,-11.85,-12.26,-12.12,-12.70,-12.48,-12.56,-12.61,-12.34,-12.70,-12.39,-12.48,-12.26,-12.83,-12.12,-12.48,-12.12,-12.39,-12.56,-12.70,-12.78,-12.34,-12.61,-12.70,-12.61,-12.56,-12.61,-12.48,-12.83,-12.48,-12.20,-12.97,-12.56,-12.39,-12.78,-12.61,-13.28,-12.56,-12.48,-12.78,-12.39,-12.61,-12.56,-12.48,-13.14,-13.14,-12.92,-12.70,-12.61,-12.48,-12.78,-12.92,-12.34,-12.20,-12.12,-12.48,-12.12,-12.26,-12.34,-12.48,-12.48,-12.56,-12.39,-12.56,-12.48,-12.56,-12.61,-12.39,-12.97,-12.78,-12.78,-12.78,-12.34,-12.78,-12.34,-12.56,-12.48,-12.61,-12.48,-12.56,-12.20,-12.61,-12.39,-12.20,-12.26,-12.26,-12.39,-12.39,-12.26,-12.70,-12.39,-12.61,-12.26,-12.83,-12.34,-12.56,-12.61
-12.56,-13.33,-12.48,-12.04,-12.83,-12.34,-12.61,-11.90,-12.61,-12.97,-12.48,-12.97,-12.61,-12.61,-12.39,-12.20,-12.70,-12.39,-12.39,-12.97,-12.39,-12.39,-12.26,-12.39,-12.61,-12.78,-12.56,-12.78,-12.20,-12.34,-12.39,-12.48,-12.12,-12.48,-12.26,-12.83,-11.76,-12.48,-12.34,-12.12,-12.48,-12.34,-12.04,-12.34,-11.90,-12.34,-12.34,-12.12,-12.20,-12.20,-12.56,-12.56,-12.39,-12.56,-12.34,-12.78,-12.61,-12.20,-12.48,-12.39,-12.20,-12.20,-12.83,-12.97,-12.39,-12.48,-12.78,-12.61,-12.70,-12.48,-12.61,-12.92,-12.78,-12.78,-12.39,-12.83,-12.34,-12.48,-13.19,-12.39,-12.48,-11.85,-11.98,-12.61,-12.56,-12.26,-12.04,-12.39,-12.48,-12.61,-12.26,-12.61,-12.70,-12.48,-12.48,-12.34,-12.70,-12.48,-12.48,-12.26,-12.70,-11.90,-12.56,-12.48,-12.39,-12.48,-12.48,-11.68,-12.26,-12.34,-12.39,-12.26,-12.12,-12.34,-12.39,-12.39,-12.12,-12.20,-12.34,-12.78,-12.39,-12.83,-12.56,-12.20,-12.12,-12.39,-12.34,-12.48,-12.83,-12.26,-12.61,-12.39,-12.78,-11.98,-12.39,-12.39,-12.48,-12.78,-12.34,-12.39,-12.39,-12.12,-12.48,-12.56,-11.98,-12.20,-12.83,-12.34,-12.26,-12.70,-12.04,-12.20,-11.76,-12.20,-12.34,-12.34,-12.12,-11.98,-11.90,-11.90,-12.56,-12.12,-12.04,-12.61,-12.20,-12.34,-12.34,-12.12,-11.98,-12.12,-12.04,-12.26,-11.90,-11.76,-12.12,-11.90,-11.98,-11.85,-11.76,-12.12,-12.26,-12.26,-11.85,-12.12,-12.20,-12.12,-12.12,-12.26,-11.90,-11.68,-12.04,-12.04,-12.34,-12.04,-12.34,-11.98,-12.39,-12.56,-12.39,-12.12,-11.98,-12.04,-12.20,-12.20,-12.20,-12.26,-12.26,-11.90,-11.98,-11.90,-11.98,-11.90,-11.90,-11.85,-11.85,-12.34,-12.34,-12.12,-12.48,-12.04,-11.68,-12.20,-11.76,-12.34,-12.20,-11.98,-12.04,-12.26,-12.26,-11.63,-12.34,-12.26,-12.48,-12.04,-12.34,-12.39,-12.34,-12.20,-12.48,-12.48,-12.20,-12.26,-12.56,-12.70,-12.12,-12.56,-12.48,-12.56,-12.56,-12.56,-12.78,-12.56,-12.61,-12.78,-12.70,-12.12,-12.34,-12.70,-12.70,-12.34,-12.26,-12.26,-12.70,-12.56,-12.34,-12.12,-12.48,-12.12,-12.26,-12.04,-12.12,-12.78,-12.39,-12.48,-12.34,-12.70,-12.34,-12.20,-12.70,-12.20,-12.92,-12.83,-12.70,-12.70,-12.78,-12.92,-12.34,-12.34,-12.26,-12.56,-12.70,-12.92,-12.61,-12.56,-12.92,-12.12,-12.26,-12.04,-12.39,-12.34,-12.48,-12.70,-12.78,-12.48,-12.70,-12.48,-12.20,-12.61,-12.20,-12.78,-12.56,-12.97,-12.78,-12.78,-12.78,-12.56,-12.48,-12.39,-12.48,-12.83,-12.61,-12.70,-12.83,-12.48,-12.70,-12.26,-12.70,-12.48,-12.48,-12.78,-12.70,-12.39,-13.06,-12.56,-12.39,-12.56,-12.56,-12.26,-12.20,-12.48,-12.70,-12.56,-12.48,-12.78,-12.56,-12.39,-12.56,-12.78,-12.39,-12.39,-12.48,-12.61,-12.20,-12.48,-12.78,-12.61,-11.98,-12.48,-12.70,-12.20,-12.39,-12.26,-12.39,-12.48,-12.20,-12.39,-12.26,-12.26,-12.48,-12.48,-12.48,-12.56,-12.48,-12.70,-12.39,-12.61,-12.70,-12.56,-12.61,-12.78,-12.61,-12.61
-12.97,-12.61,-12.83,-12.48,-12.48,-12.97,-12.20,-12.61,-12.70,-12.34,-12.48,-12.70,-12.39,-12.56,-12.56,-12.70,-12.56,-12.34,-12.39,-12.39,-12.04,-12.26,-12.12,-12.70,-12.56,-12.34,-12.39,-12.56,-12.83,-12.26,-12.48,-12.83,-12.34,-12.34,-12.26,-12.34,-12.56,-12.34,-12.26,-12.39,-12.39,-12.48,-12.12,-12.56,-12.26,-12.20,-12.48,-12.12,-12.20,-12.39,-12.34,-11.98,-12.48,-11.98,-12.34,-12.20,-12.83,-12.39,-12.83,-12.61,-12.39,-12.61,-12.12,-12.34,-12.48,-12.97,-12.56,-12.48,-12.39,-12.70,-12.39,-12.34,-12.78,-12.78,-12.39,-12.26,-12.56,-12.56,-12.48,-12.56,-13.06,-11.98,-12.61,-12.12,-12.61,-11.90,-12.26,-12.12,-12.70,-12.48,-11.90,-12.04,-12.12,-12.26,-12.56,-11.68,-12.48,-12.20,-12.70,-12.56,-12.61,-12.39,-12.61,-12.12,-12.39,-12.39,-12.20,-12.39,-12.20,-12.34,-12.70,-11.98,-11.98,-12.12,-12.12,-12.97,-11.90,-12.26,-12.26,-12.83,-12.20,-12.20,-12.48,-12.48,-12.92,-13.14,-12.04,-12.39,-12.34,-12.12,-11.76,-12.78,-12.56,-12.39,-12.39,-12.04,-12.04,-12.56,-12.34,-11.90,-12.12,-11.98,-12.78,-11.98,-12.34,-11.98,-12.56,-12.70,-12.04,-11.90,-12.26,-12.56,-11.98,-11.90,-12.34,-12.12,-12.12,-11.98,-12.34,-12.12,-11.98,-11.90,-12.12,-11.63,-11.90,-11.98,-11.85,-11.68,-11.85,-12.39,-11.76,-11.98,-12.04,-12.34,-12.12,-12.04,-12.12,-12.12,-11.98,-11.90,-12.12,-11.98,-11.63,-11.63,-11.85,-12.34,-12.39,-12.20,-12.04,-11.98,-11.98,-11.85,-12.20,-12.20,-12.34,-11.63,-12.61,-11.68,-12.04,-11.98,-11.85,-11.98,-12.34,-12.20,-12.20,-12.20,-11.90,-11.98,-12.20,-11.76,-11.90,-11.98,-12.39,-11.90,-11.98,-12.26,-11.90,-12.34,-12.12,-12.04,-12.04,-12.12,-12.12,-12.34,-12.04,-12.39,-12.39,-12.34,-11.90,-12.12,-12.70,-12.34,-11.98,-12.34,-12.34,-12.34,-12.12,-12.39,-12.56,-12.39,-12.12,-12.39,-12.56,-12.20,-12.78,-12.48,-12.34,-12.34,-12.34,-12.56,-12.34,-11.98,-12.26,-12.26,-12.26,-12.48,-12.34,-12.61,-12.56,-12.56,-12.48,-12.48,-12.26,-12.56,-12.12,-12.56,-12.12,-12.61,-12.56,-12.12,-12.61,-12.26,-11.90,-12.48,-12.34,-12.70,-12.26,-12.26,-12.61,-12.70,-12.34,-12.34,-12.48,-12.83,-12.34,-12.39,-12.12,-12.78,-12.78,-12.61,-12.39,-12.20,-12.70,-12.39,-12.26,-12.48,-12.48,-12.61,-12.56,-12.39,-12.56,-12.56,-12.56,-11.98,-12.48,-12.78,-12.20,-12.61,-12.78,-12.26,-12.20,-12.48,-12.78,-12.78,-12.56,-12.78,-12.26,-12.61,-12.56,-12.48,-12.83,-12.48,-12.70,-12.83,-12.26,-12.39,-12.78,-12.48,-12.48,-12.48,-12.97,-12.48,-12.92,-12.56,-12.83,-12.83,-11.85,-12.61,-12.56,-12.61,-12.39,-12.26,-12.78,-12.70,-12.61,-12.34,-12.61,-12.56,-11.98,-12.92,-12.39,-12.12,-12.34,-12.34,-12.70,-12.70,-12.26,-12.48,-12.70,-12.48,-12.56,-12.70,-12.20,-12.04,-12.61,-12.70,-12.39,-12.12,-12.12,-12.20,-12.12,-12.34,-12.34,-12.48,-12.61,-12.34,-12.26,-12.78,-11.85,-12.61,-12.12,-12.92
-12.56,-12.70,-13.14,-12.48,-12.61,-12.26,-12.34,-12.39,-12.56,-12.20,-12.20,-12.34,-12.61,-12.56,-12.70,-12.12,-12.48,-12.61,-13.14,-12.26,-12.78,-11.98,-11.98,-12.61,-12.34,-12.20,-12.92,-12.48,-12.70,-12.34,-12.26,-12.39,-12.56,-11.76,-12.56,-12.26,-12.34,-12.70,-12.34,-12.39,-12.34,-12.26,-12.78,-12.78,-12.26,-12.56,-12.34,-12.48,-12.26,-12.20,-12.39,-12.20,-12.34,-12.12,-12.34,-12.20,-12.26,-12.34,-12.26,-12.39,-12.26,-12.34,-12.34,-12.56,-12.83,-12.61,-12.97,-12.70,-12.48,-12.20,-12.39,-12.70,-12.48,-12.12,-12.26,-12.39,-12.39,-12.39,-12.20,-12.04,-12.04,-12.04,-12.39,-12.48,-12.78,-12.39,-12.20,-12.78,-12.48,-12.39,-12.04,-12.34,-12.20,-12.70,-12.56,-11.98,-12.56,-12.56,-12.56,-12.56,-12.83,-12.61,-12.04,-12.12,-12.20,-12.56,-12.12,-12.78,-12.78,-12.20,-12.20,-12.20,-11.98,-12.56,-12.70,-12.48,-12.56,-11.98,-12.78,-12.56,-12.20,-12.61,-12.56,-12.61,-12.39,-12.39,-12.20,-12.20,-12.12,-12.04,-12.39,-12.26,-12.48,-11.98,-12.34,-12.92,-12.20,-12.39,-11.98,-12.12,-12.34,-12.20,-11.85,-12.34,-12.56,-12.34,-12.34,-11.85,-12.26,-11.76,-12.12,-12.39,-12.39,-12.12,-11.85,-12.39,-12.34,-11.68,-11.76,-11.68,-12.26,-12.20,-12.04,-11.76,-11.76,-11.90,-11.76,-11.98,-11.55,-11.76,-11.76,-11.76,-11.98,-11.98,-12.39,-11.76,-11.90,-11.76,-11.98,-11.85,-11.76,-11.85,-12.04,-11.63,-12.20,-12.04,-11.68,-11.55,-12.04,-11.55,-11.63,-11.98,-11.76,-12.20,-12.20,-12.04,-11.85,-12.20,-11.98,-11.90,-11.55,-11.90,-11.85,-11.98,-11.98,-12.39,-12.04,-11.41,-12.12,-11.76,-12.12,-11.90,-12.20,-11.49,-11.76,-11.55,-12.34,-12.04,-12.20,-11.85,-11.98,-12.34,-11.90,-12.12,-12.12,-11.55,-11.90,-11.76,-12.26,-12.34,-12.12,-12.34,-12.12,-11.98,-11.98,-12.39,-12.39,-12.56,-12.56,-12.78,-12.20,-12.39,-12.39,-12.56,-12.61,-12.39,-12.48,-12.34,-11.98,-12.34,-12.39,-12.12,-11.76,-12.20,-12.34,-12.48,-12.12,-12.12,-12.56,-11.98,-12.48,-12.39,-12.78,-12.20,-12.78,-12.20,-12.12,-12.20,-12.34,-11.98,-12.61,-12.12,-12.34,-12.83,-12.34,-12.34,-12.56,-12.61,-12.48,-12.39,-12.34,-12.48,-12.39,-12.48,-12.39,-12.56,-12.48,-12.12,-12.83,-12.39,-12.48,-12.56,-12.56,-12.61,-12.56,-12.26,-12.34,-12.12,-12.70,-11.98,-12.04,-12.78,-12.20,-12.39,-12.61,-12.78,-12.48,-12.78,-12.61,-12.48,-12.56,-12.61,-12.83,-12.26,-12.48,-12.39,-12.70,-12.70,-12.48,-12.48,-12.83,-12.70,-12.61,-12.61,-12.83,-13.19,-12.56,-12.70,-12.70,-12.78,-12.39,-12.20,-12.39,-12.78,-12.70,-12.70,-12.26,-12.48,-12.39,-12.39,-12.78,-12.39,-12.20,-12.26,-12.48,-12.20,-12.26,-12.26,-12.20,-12.39,-12.39,-12.26,-11.98,-12.83,-12.20,-12.61,-11.85,-12.26,-12.70,-12.78,-12.12,-11.98,-12.70,-12.56,-12.12,-12.12,-12.39,-12.34,-12.83,-12.39,-12.97,-12.92,-12.56,-12.70,-12.56,-12.20,-12.20,-12.20,-12.26,-12.12,-12.39,-11.85
-12.92,-12.34,-11.98,-12.97,-12.83,-12.92,-12.78,-12.83,-12.20,-11.76,-12.70,-12.39,-12.61,-12.12,-12.12,-12.56,-12.61,-12.48,-12.48,-12.26,-12.48,-11.98,-12.39,-12.34,-12.34,-12.26,-12.34,-12.34,-12.83,-12.04,-12.48,-12.70,-12.20,-12.20,-12.61,-12.70,-12.20,-12.48,-12.20,-12.34,-12.26,-12.26,-12.39,-12.48,-11.90,-12.48,-12.04,-12.20,-12.39,-12.20,-12.34,-12.61,-12.12,-12.20,-12.26,-12.70,-12.61,-12.39,-12.39,-12.39,-12.61,-12.34,-12.83,-12.39,-12.70,-12.26,-12.78,-12.56,-12.78,-12.34,-12.56,-12.83,-12.78,-12.61,-12.26,-12.78,-12.92,-12.34,-12.70,-12.61,-12.61,-12.39,-12.39,-11.90,-12.12,-12.20,-12.48,-12.48,-12.61,-12.26,-12.26,-12.48,-12.04,-12.20,-12.56,-12.70,-12.12,-12.39,-12.56,-12.78,-12.39,-12.20,-12.78,-12.20,-12.34,-12.34,-12.26,-12.39,-12.78,-11.63,-12.78,-12.56,-12.39,-12.34,-12.48,-11.98,-12.48,-12.26,-12.04,-12.48,-12.39,-12.39,-12.48,-12.97,-12.12,-12.26,-12.12,-12.48,-12.70,-12.39,-12.26,-12.20,-12.39,-12.56,-12.26,-12.20,-12.20,-12.56,-12.78,-12.26,-12.39,-12.56,-11.98,-11.76,-12.20,-12.34,-12.34,-12.70,-11.68,-12.56,-11.98,-11.85,-11.90,-12.12,-12.56,-11.90,-11.76,-11.98,-12.20,-11.55,-11.90,-11.98,-11.55,-12.12,-11.85,-11.98,-11.76,-12.12,-11.85,-12.39,-11.90,-12.34,-11.76,-11.68,-11.90,-12.04,-11.85,-12.20,-11.41,-11.76,-12.12,-11.98,-12.39,-11.63,-12.48,-11.90,-12.12,-12.26,-11.76,-11.85,-11.98,-11.68,-11.36,-11.98,-11.55,-11.76,-11.27,-11.85,-12.04,-11.98,-12.34,-11.49,-11.85,-11.76,-11.76,-11.68,-11.90,-11.76,-11.85,-12.39,-11.85,-11.85,-11.85,-12.12,-11.55,-11.85,-12.20,-11.76,-12.12,-12.12,-11.98,-11.90,-11.85,-12.34,-12.34,-11.63,-11.90,-11.85,-11.68,-11.98,-12.12,-11.98,-12.39,-12.34,-12.34,-12.48,-12.20,-12.48,-12.56,-12.04,-12.56,-12.48,-12.20,-12.34,-11.98,-12.04,-12.39,-12.34,-12.34,-12.48,-12.34,-12.34,-12.26,-12.20,-12.34,-12.34,-12.48,-11.98,-12.92,-12.56,-12.56,-12.20,-12.61,-12.39,-12.34,-12.34,-12.56,-12.61,-12.20,-12.12,-11.98,-12.61,-12.39,-12.34,-12.20,-12.61,-12.26,-12.12,-12.04,-12.12,-12.39,-12.34,-12.39,-12.34,-12.61,-12.39,-11.63,-12.48,-12.34,-12.26,-12.56,-12.70,-12.78,-12.92,-12.12,-12.56,-12.39,-12.39,-12.56,-12.70,-12.78,-12.83,-12.48,-12.56,-12.39,-12.39,-13.14,-12.39,-12.61,-12.39,-12.34,-12.20,-12.78,-12.61,-12.04,-12.70,-12.26,-12.70,-12.34,-12.70,-12.48,-12.56,-12.34,-13.06,-12.26,-12.92,-12.97,-12.34,-12.56,-12.78,-12.78,-12.70,-12.70,-12.83,-12.48,-12.61,-12.26,-12.56,-12.48,-12.56,-12.20,-12.78,-12.20,-12.70,-12.56,-12.78,-12.04,-12.39,-12.20,-12.04,-12.78,-12.20,-12.34,-12.12,-12.12,-12.39,-12.83,-12.34,-12.70,-12.34,-12.70,-12.56,-12.39,-12.61,-12.56,-12.34,-12.92,-12.12,-12.61,-12.48,-12.39,-12.26,-12.12,-12.92,-12.61,-12.70,-12.61,-12.26,-12.48,-12.70,-12.70,-12.34
-12.92,-12.97,-12.78,-12.48,-12.12,-12.26,-12.61,-11.98,-12.78,-12.97,-12.48,-12.48,-12.34,-12.56,-12.34,-12.48,-12.39,-11.76,-12.61,-12.48,-12.61,-12.34,-12.70,-12.39,-12.56,-12.83,-12.26,-12.26,-11.98,-12.34,-11.98,-12.12,-12.61,-12.04,-12.61,-12.83,-12.34,-11.85,-12.56,-12.20,-12.61,-12.34,-12.12,-11.98,-12.61,-12.04,-12.39,-12.20,-12.34,-12.04,-11.90,-12.20,-12.34,-12.20,-12.20,-12.20,-11.98,-12.04,-12.39,-12.20,-12.56,-12.39,-12.70,-12.56,-12.92,-12.83,-12.70,-12.56,-13.14,-12.56,-12.26,-12.61,-12.70,-13.14,-12.56,-12.39,-12.26,-12.61,-12.56,-12.34,-12.34,-12.20,-12.78,-12.78,-12.26,-12.26,-12.39,-12.70,-12.26,-12.70,-11.98,-12.61,-12.70,-12.48,-12.48,-12.34,-12.12,-12.34,-12.12,-11.98,-12.61,-12.26,-12.70,-12.70,-12.26,-12.48,-11.76,-12.12,-12.70,-12.12,-12.56,-12.83,-12.04,-12.78,-12.39,-12.12,-12.34,-12.26,-12.48,-12.34,-11.98,-12.34,-12.39,-12.34,-12.56,-12.39,-12.39,-12.56,-13.06,-12.20,-12.70,-12.78,-12.97,-12.20,-12.39,-12.20,-12.61,-12.78,-12.39,-12.56,-12.39,-12.78,-12.83,-11.98,-12.20,-12.48,-12.20,-12.20,-12.78,-12.12,-12.12,-12.34,-12.12,-11.98,-12.04,-12.26,-12.56,-11.85,-12.12,-11.76,-12.48,-12.20,-11.85,-11.49,-11.76,-12.20,-11.90,-11.98,-11.98,-11.98,-12.04,-11.68,-12.34,-11.85,-11.98,-11.85,-11.41,-12.04,-11.76,-11.90,-11.98,-11.90,-11.76,-11.63,-11.76,-11.90,-12.12,-11.90,-12.12,-12.12,-12.20,-11.68,-12.78,-11.85,-12.04,-11.98,-12.04,-12.12,-12.04,-12.04,-11.85,-11.90,-11.90,-12.04,-11.98,-11.63,-11.85,-11.68,-11.76,-12.04,-12.26,-11.68,-12.26,-11.63,-12.48,-12.20,-12.34,-11.76,-11.85,-11.90,-12.26,-11.90,-11.76,-12.20,-12.48,-12.26,-12.26,-12.12,-12.20,-12.12,-12.12,-11.90,-12.26,-12.20,-12.48,-12.48,-12.70,-12.48,-12.48,-12.56,-12.20,-12.34,-12.39,-12.12,-12.12,-12.48,-12.83,-12.39,-12.12,-12.34,-11.90,-11.90,-12.83,-12.26,-12.83,-12.20,-11.85,-12.92,-12.20,-12.39,-12.34,-12.20,-12.20,-11.90,-13.06,-12.83,-12.78,-12.61,-11.68,-12.70,-12.61,-12.39,-12.56,-12.34,-12.48,-12.12,-12.34,-12.56,-12.83,-11.98,-12.56,-12.61,-12.12,-12.92,-12.70,-12.12,-12.70,-11.98,-12.26,-12.56,-12.12,-12.39,-12.70,-12.56,-12.34,-12.20,-12.78,-12.61,-12.20,-12.39,-12.70,-12.70,-12.56,-12.48,-12.61,-12.61,-12.26,-12.26,-12.04,-12.39,-12.61,-12.48,-12.70,-12.48,-12.48,-12.70,-12.48,-12.56,-12.56,-12.12,-12.70,-12.56,-12.34,-12.26,-12.34,-12.12,-12.34,-12.39,-12.56,-12.61,-12.56,-12.61,-12.97,-12.61,-12.48,-12.83,-12.48,-12.78,-12.12,-12.61,-12.56,-12.39,-12.39,-12.26,-12.56,-12.26,-12.34,-12.56,-12.70,-12.34,-12.26,-12.39,-12.83,-12.56,-12.48,-12.26,-12.12,-12.61,-12.34,-12.39,-12.34,-12.34,-12.70,-12.56,-12.56,-12.12,-13.14,-12.92,-12.20,-12.39,-12.48,-12.83,-12.34,-12.26,-12.26,-12.48,-12.34,-12.20,-12.70,-12.78,-12.39,-12.04
