-13.06,-13.06,-13.28,-12.97,-13.28,-12.92,-13.14,-12.92,-12.70,-12.97,-13.42,-12.92,-12.70,-12.83,-12.56,-12.92,-13.14,-12.61,-13.28,-12.70,-12.83,-12.78,-12.92,-12.78,-12.92,-12.70,-12.78,-12.83,-12.70,-12.83,-12.70,-12.92,-12.97,-12.83,-12.70,-12.56,-12.78,-13.06,-12.70,-12.48,-12.78,-12.70,-12.97,-12.78,-12.83,-12.48,-12.78,-13.06,-12.92,-12.78,-12.70,-13.14,-12.78,-12.34,-12.48,-12.83,-12.56,-12.78,-13.14,-12.83,-12.39,-12.39,-12.61,-12.56,-12.92,-12.70,-12.78,-12.97,-12.78,-12.34,-12.56,-12.78,-12.39,-12.83,-12.48,-12.61,-12.92,-12.26,-12.48,-12.56,-12.56,-12.78,-12.70,-12.56,-12.26,-12.83,-12.78,-12.61,-12.48,-12.56,-12.70,-12.61,-12.48,-12.70,-12.34,-12.78,-12.83,-12.61,-12.48,-12.48,-12.70,-12.56,-12.56,-12.34,-12.48,-12.39,-12.78,-12.34,-12.39,-12.78,-12.70,-12.34,-12.78,-12.56,-12.61,-12.39,-12.56,-12.48,-12.39,-12.34,-12.48,-12.61,-12.61,-12.61,-12.48,-12.39,-12.78,-12.34,-12.56,-12.61,-12.48,-12.48,-12.56,-12.61,-12.70,-12.34,-12.56,-12.78,-12.56,-12.39,-12.34,-12.26,-12.39,-12.48,-12.20,-12.56,-12.39,-12.48,-12.12,-12.61,-12.26,-12.56,-12.48,-12.61,-12.39,-12.34,-12.48,-12.34,-12.34,-12.20,-12.26,-12.39,-12.92,-12.61,-12.70,-12.56,-12.26,-12.48,-12.61,-12.61,-12.61,-12.61,-12.70,-12.39,-12.34,-12.12,-12.56,-12.56,-12.34,-12.48,-12.61,-12.39,-12.39,-12.70,-12.34,-12.48,-12.56,-12.34,-12.48,-12.34,-12.34,-12.56,-12.48,-12.61,-12.48,-12.56,-12.61,-12.56,-12.56,-12.39,-12.34,-12.70,-12.34,-12.61,-12.48,-12.61,-12.48,-12.56,-12.26,-12.83,-12.56,-12.70,-12.39,-12.48,-12.20,-12.56,-12.56,-12.34,-12.48,-12.39,-12.56,-12.48,-12.39,-12.70,-12.39,-12.78,-12.56,-12.56,-12.39,-13.06,-12.48,-12.39,-12.48,-12.48,-12.48,-12.39,-12.48,-12.48,-12.78,-12.83,-12.48,-12.39,-12.83,-12.20,-12.70,-12.92,-12.70,-12.70,-12.70,-12.61,-12.34,-12.26,-12.48,-12.83,-12.61,-12.61,-12.39,-12.34,-12.61,-12.26,-12.70,-12.78,-12.83,-12.70,-12.70,-12.70,-12.61,-12.56,-12.61,-12.70,-12.70,-12.78,-12.56,-12.56,-12.78,-12.39,-12.70,-12.70,-12.78,-12.92,-12.61,-12.39,-12.78,-12.61,-12.56,-12.56,-12.70,-12.56,-12.48,-12.48,-12.70,-12.39,-13.19,-12.78,-12.83,-12.56,-12.83,-12.61,-12.70,-12.92,-12.70,-12.92,-12.56,-12.83,-12.48,-12.48,-12.34,-12.92,-12.70,-12.48,-12.83,-13.06,-12.83,-12.70,-12.92,-12.97,-12.56,-12.78,-12.34,-12.97,-12.39,-12.78,-12.70,-12.83,-12.97,-12.61,-12.56,-12.61,-12.56,-12.92,-12.97,-12.83,-12.83,-12.83,-12.56,-12.78,-12.92,-12.78,-12.61,-12.83,-12.97,-12.92,-12.56,-12.92,-12.97,-12.56,-12.78,-12.78,-12.70,-12.78,-12.70,-12.97,-12.78,-12.78,-13.19,-12.92,-13.19,-12.92,-12.83,-13.06,-12.92,-12.83,-12.83,-12.97,-12.70,-12.78,-12.97,-12.92,-12.83,-12.92,-13.19,-12.70,-12.97,-13.06,-13.14,-12.92,-12.97,-13.06,-12.92,-12.83,-12.83,-13.14
-12.92,-12.97,-13.06,-12.70,-12.78,-12.83,-13.06,-12.83,-12.61,-12.97,-12.70,-12.70,-13.28,-12.97,-12.56,-12.83,-12.61,-12.92,-12.39,-12.78,-12.70,-12.92,-12.39,-12.61,-12.61,-12.48,-12.39,-12.78,-12.56,-12.92,-12.83,-12.70,-12.83,-12.70,-12.70,-12.70,-12.61,-12.83,-12.56,-12.92,-12.83,-12.83,-12.56,-12.34,-12.83,-12.48,-12.97,-12.83,-12.48,-12.61,-12.34,-12.92,-12.70,-12.61,-12.56,-12.39,-12.92,-12.56,-12.20,-12.78,-12.56,-12.61,-12.83,-12.70,-12.48,-12.48,-12.48,-12.61,-12.48,-12.97,-12.78,-12.70,-12.56,-12.56,-12.61,-12.56,-12.92,-12.70,-12.61,-12.34,-12.48,-12.83,-12.26,-12.39,-12.61,-12.48,-12.20,-12.56,-12.70,-12.56,-12.48,-12.48,-12.56,-12.48,-12.34,-12.56,-12.20,-12.83,-12.56,-12.56,-12.78,-12.61,-12.70,-12.20,-12.61,-12.39,-12.83,-12.83,-12.39,-12.39,-12.61,-12.48,-12.56,-12.61,-12.20,-12.34,-12.34,-12.20,-12.97,-12.20,-12.70,-12.26,-12.78,-12.48,-12.56,-12.48,-12.39,-12.39,-12.56,-12.61,-12.70,-12.39,-12.56,-12.97,-12.56,-12.61,-12.39,-12.56,-12.48,-12.56,-12.70,-12.48,-12.56,-12.56,-12.56,-12.56,-12.20,-12.56,-12.56,-12.39,-12.12,-12.39,-12.26,-12.70,-12.56,-12.61,-12.48,-12.48,-12.34,-12.34,-12.48,-12.34,-12.12,-12.12,-12.20,-12.39,-12.20,-12.39,-12.26,-12.39,-12.39,-12.26,-12.26,-12.56,-12.34,-12.61,-12.39,-12.34,-12.26,-12.34,-12.61,-12.12,-12.34,-12.20,-12.26,-11.98,-12.26,-12.39,-12.48,-12.39,-12.39,-12.39,-12.39,-12.56,-12.48,-12.61,-12.61,-12.56,-12.34,-12.39,-12.34,-12.61,-12.78,-12.12,-12.48,-11.98,-12.48,-12.26,-12.48,-12.56,-12.56,-12.04,-12.34,-12.12,-12.39,-12.20,-12.61,-12.39,-12.26,-12.70,-12.34,-12.48,-12.26,-12.39,-12.20,-12.20,-12.48,-12.56,-12.26,-12.61,-12.56,-12.83,-12.92,-12.39,-12.04,-12.56,-12.78,-12.56,-12.39,-12.20,-12.12,-12.34,-12.48,-12.48,-12.70,-12.39,-12.70,-12.83,-12.56,-12.61,-12.12,-12.70,-12.39,-12.83,-12.61,-12.34,-12.70,-12.26,-12.61,-12.61,-12.56,-12.20,-12.61,-12.20,-12.56,-12.56,-12.48,-12.61,-12.26,-12.78,-12.20,-12.56,-12.39,-12.56,-12.12,-12.61,-12.48,-12.39,-12.34,-12.26,-12.56,-12.39,-12.78,-12.48,-12.56,-12.39,-12.70,-12.48,-12.26,-12.70,-12.61,-12.61,-12.70,-12.78,-12.83,-12.56,-12.56,-12.34,-12.97,-12.70,-12.04,-12.48,-12.39,-12.39,-12.61,-12.61,-12.48,-12.56,-12.34,-12.26,-12.61,-12.56,-12.83,-12.56,-12.48,-12.70,-12.39,-12.26,-12.70,-12.61,-12.70,-12.39,-12.61,-12.61,-12.83,-12.83,-12.48,-12.70,-12.61,-12.78,-12.61,-12.48,-12.70,-12.83,-12.39,-12.70,-12.61,-12.78,-12.20,-12.61,-12.56,-12.83,-12.83,-12.70,-12.61,-12.70,-12.48,-12.92,-12.39,-12.70,-12.92,-12.61,-12.70,-12.83,-12.83,-12.83,-12.61,-12.83,-12.26,-12.97,-12.61,-12.61,-13.06,-12.70,-12.70,-12.92,-12.97,-12.70,-12.70,-12.83,-12.39,-13.19,-12.78,-12.70,-12.61,-12.83,-13.06,-12.78,-12.97,-12.78,-13.19,-13.28
-13.06,-12.97,-13.19,-12.97,-12.83,-12.97,-13.06,-13.06,-12.83,-12.92,-12.48,-13.14,-12.83,-13.06,-12.97,-12.97,-12.78,-12.70,-12.70,-12.61,-12.83,-13.19,-12.92,-12.48,-12.61,-12.97,-12.83,-12.61,-12.70,-12.70,-12.39,-12.56,-12.61,-12.61,-12.48,-12.61,-12.48,-12.78,-12.97,-12.70,-13.14,-12.97,-12.70,-12.56,-12.12,-12.56,-12.97,-12.61,-12.83,-12.56,-12.56,-12.56,-13.19,-12.56,-12.61,-12.92,-12.48,-12.56,-12.61,-12.56,-12.70,-12.56,-12.39,-12.83,-12.56,-12.56,-12.39,-12.61,-12.56,-12.92,-12.70,-12.61,-12.48,-12.83,-12.70,-12.83,-12.70,-12.48,-12.70,-12.61,-12.26,-12.34,-12.04,-12.70,-12.61,-12.26,-12.48,-12.61,-12.56,-12.26,-12.34,-12.70,-12.39,-12.61,-12.20,-12.56,-12.56,-12.48,-12.56,-12.56,-12.39,-12.61,-12.78,-12.26,-12.48,-12.48,-12.56,-12.48,-12.34,-12.26,-12.48,-12.34,-12.48,-12.61,-12.20,-12.34,-12.39,-12.34,-12.39,-12.61,-12.26,-12.39,-12.48,-12.56,-12.61,-12.61,-12.48,-12.39,-12.61,-12.34,-12.61,-12.12,-12.39,-12.34,-12.61,-12.39,-12.70,-12.26,-12.61,-12.34,-12.20,-12.20,-12.26,-12.48,-12.39,-12.34,-12.61,-12.70,-12.34,-12.20,-12.12,-12.48,-12.26,-12.26,-12.48,-12.61,-12.48,-12.48,-12.26,-12.12,-12.12,-12.39,-12.48,-12.34,-12.48,-12.26,-12.26,-12.34,-12.56,-12.56,-12.61,-12.26,-12.26,-12.26,-12.56,-12.39,-12.39,-12.20,-12.39,-11.98,-11.98,-12.39,-12.34,-12.48,-12.26,-12.34,-12.39,-12.39,-12.34,-12.12,-12.39,-12.48,-12.34,-12.61,-12.48,-12.04,-12.39,-12.56,-12.56,-12.12,-12.48,-12.20,-12.34,-12.12,-12.20,-12.48,-12.39,-12.48,-12.34,-12.20,-12.34,-12.20,-12.12,-12.39,-12.34,-12.26,-12.34,-12.34,-12.39,-12.56,-12.34,-12.26,-12.26,-12.34,-12.56,-12.34,-12.26,-12.48,-12.39,-12.48,-12.34,-12.26,-12.61,-12.70,-12.26,-12.48,-12.48,-12.83,-12.48,-12.34,-12.48,-12.39,-12.39,-12.61,-12.48,-12.61,-12.56,-12.83,-12.12,-12.78,-12.56,-12.56,-12.92,-12.39,-12.61,-12.48,-12.39,-12.26,-12.61,-12.56,-12.26,-12.48,-12.61,-12.39,-12.26,-12.12,-12.39,-12.34,-12.61,-12.20,-12.26,-12.61,-12.20,-12.70,-12.26,-12.70,-12.12,-12.26,-12.56,-12.56,-12.39,-12.70,-12.61,-12.61,-12.78,-12.56,-12.26,-12.48,-12.20,-12.56,-12.48,-12.83,-12.61,-12.61,-12.39,-12.56,-12.26,-12.61,-12.48,-12.39,-12.56,-12.83,-12.70,-12.26,-12.83,-12.56,-12.61,-12.39,-12.34,-12.78,-12.61,-12.61,-12.83,-12.70,-12.78,-12.48,-12.56,-12.70,-12.56,-12.20,-12.78,-12.56,-12.56,-12.39,-12.78,-12.56,-12.78,-12.61,-12.70,-12.78,-12.39,-12.56,-12.70,-12.83,-12.20,-12.92,-12.48,-12.39,-12.39,-12.97,-12.70,-12.83,-12.70,-13.06,-12.70,-12.39,-12.48,-12.56,-12.70,-12.61,-12.48,-12.61,-12.78,-12.83,-12.26,-12.56,-12.97,-12.70,-12.83,-12.48,-12.83,-13.06,-12.78,-12.83,-12.78,-12.97,-12.83,-12.92,-12.70,-12.56,-12.78,-12.83,-12.70,-12.70,-12.83,-12.83,-12.78,-12.97,-13.06,-13.14,-12.97,-13.14
-12.83,-13.14,-12.83,-12.92,-12.70,-12.78,-13.06,-12.92,-12.61,-12.61,-12.39,-12.61,-12.78,-12.70,-12.56,-12.39,-12.39,-12.56,-12.83,-12.61,-12.92,-12.61,-12.61,-12.83,-12.70,-12.83,-12.78,-12.48,-12.61,-12.48,-12.83,-12.56,-12.61,-12.61,-12.48,-12.78,-12.26,-12.61,-12.70,-12.61,-12.92,-12.70,-12.12,-12.92,-12.34,-12.78,-12.70,-12.83,-12.70,-12.78,-12.48,-12.56,-12.56,-12.56,-12.39,-12.83,-12.56,-12.61,-12.26,-12.61,-12.56,-12.56,-12.70,-12.56,-12.48,-12.20,-12.39,-12.48,-12.48,-12.26,-12.61,-12.48,-12.26,-12.39,-12.48,-12.56,-12.56,-12.34,-12.78,-12.56,-12.34,-12.04,-12.61,-12.56,-12.39,-12.34,-12.70,-12.20,-12.61,-12.39,-12.61,-12.56,-12.48,-12.56,-12.78,-12.34,-12.83,-12.48,-12.34,-12.70,-12.48,-12.48,-12.48,-12.34,-12.34,-12.26,-12.39,-12.78,-12.56,-12.04,-12.12,-12.20,-12.39,-12.70,-12.48,-12.34,-12.61,-12.34,-12.70,-12.61,-12.78,-12.39,-12.56,-12.34,-12.56,-12.39,-12.12,-12.20,-12.39,-12.12,-12.78,-12.78,-12.34,-12.83,-12.56,-12.92,-12.70,-12.61,-12.61,-12.48,-12.56,-12.61,-12.61,-12.39,-12.26,-12.61,-12.34,-12.39,-12.48,-12.34,-12.48,-12.48,-12.26,-12.56,-12.39,-12.34,-12.56,-12.26,-12.48,-12.39,-12.34,-12.34,-12.56,-12.39,-12.04,-12.12,-12.20,-12.34,-12.26,-12.12,-12.39,-12.04,-12.20,-12.20,-12.26,-12.04,-12.48,-12.34,-12.26,-12.26,-12.26,-12.20,-12.26,-12.70,-12.26,-12.48,-12.48,-12.20,-12.04,-12.04,-12.34,-12.20,-12.48,-12.26,-12.39,-12.56,-12.48,-11.90,-12.34,-12.61,-11.98,-12.20,-12.39,-12.56,-12.34,-12.61,-12.26,-12.56,-12.26,-12.26,-12.39,-12.48,-12.48,-12.61,-12.39,-12.48,-12.34,-12.34,-12.26,-12.56,-12.61,-12.48,-12.56,-12.39,-11.98,-11.90,-12.26,-12.39,-12.34,-12.48,-12.56,-12.56,-12.26,-12.61,-12.48,-12.61,-12.39,-12.48,-12.34,-12.56,-12.48,-12.26,-12.26,-12.20,-12.26,-12.34,-12.48,-12.39,-12.48,-12.48,-12.78,-12.56,-12.48,-12.39,-12.34,-12.56,-12.56,-12.34,-12.48,-11.90,-12.78,-12.34,-12.48,-12.48,-12.61,-12.48,-12.39,-12.70,-12.39,-12.20,-12.70,-12.34,-12.61,-12.61,-12.34,-12.78,-12.56,-12.34,-12.56,-12.70,-12.39,-12.26,-12.34,-12.70,-12.34,-12.26,-12.70,-12.48,-12.83,-12.26,-12.12,-12.61,-12.20,-12.34,-12.70,-12.56,-12.48,-12.26,-12.61,-12.48,-12.61,-12.20,-12.39,-12.61,-12.70,-12.97,-12.61,-12.83,-12.70,-12.39,-12.56,-12.56,-12.70,-12.39,-12.56,-12.48,-12.83,-12.34,-12.78,-12.70,-12.83,-12.39,-12.26,-12.48,-12.56,-12.34,-12.61,-12.34,-12.70,-12.56,-12.39,-12.97,-12.56,-12.61,-12.92,-12.61,-12.26,-12.92,-12.92,-12.61,-12.97,-12.83,-12.34,-12.48,-12.48,-12.83,-12.70,-12.78,-12.78,-12.70,-12.70,-12.78,-12.70,-12.48,-12.61,-12.83,-12.83,-12.70,-12.78,-12.61,-12.70,-12.78,-12.97,-12.61,-12.70,-12.48,-12.83,-12.70,-12.92,-12.83,-12.83,-12.70,-13.06,-12.78,-12.83,-12.92,-12.92,-12.78,-12.70,-13.06,-13.14,-12.56
-12.70,-13.28,-12.92,-12.83,-13.33,-12.97,-13.19,-12.97,-13.06,-12.92,-12.97,-13.28,-12.83,-12.78,-12.78,-12.83,-12.70,-12.70,-13.06,-12.97,-12.34,-12.70,-12.78,-12.78,-12.61,-12.61,-12.61,-13.19,-12.78,-12.56,-12.61,-12.92,-12.92,-12.70,-12.92,-12.70,-12.20,-12.61,-12.39,-12.97,-12.78,-12.48,-12.78,-12.83,-12.56,-12.70,-12.61,-12.39,-12.39,-12.56,-12.39,-12.61,-12.70,-12.26,-12.56,-12.39,-12.39,-12.48,-12.61,-12.56,-12.61,-12.92,-12.61,-12.12,-12.48,-12.70,-12.83,-12.61,-12.61,-12.70,-12.39,-12.78,-12.70,-12.61,-12.56,-12.39,-12.56,-12.92,-12.70,-12.56,-12.97,-12.56,-12.61,-12.61,-12.26,-12.78,-12.61,-12.61,-12.56,-12.39,-12.48,-12.61,-12.39,-12.56,-12.39,-12.39,-12.39,-12.39,-12.39,-12.48,-12.70,-12.39,-12.70,-12.56,-12.70,-12.56,-12.20,-12.34,-12.26,-12.83,-12.26,-12.39,-12.48,-12.48,-12.83,-12.78,-12.56,-12.04,-12.61,-12.48,-12.39,-12.34,-12.48,-12.48,-12.48,-12.39,-12.48,-12.48,-12.48,-12.26,-12.70,-12.26,-12.26,-12.56,-12.56,-12.56,-12.48,-12.48,-12.48,-12.56,-12.56,-12.34,-12.61,-12.61,-12.20,-12.56,-12.56,-12.70,-12.56,-12.26,-12.39,-12.39,-12.34,-12.34,-12.34,-12.39,-12.34,-12.78,-12.48,-12.61,-12.48,-12.56,-12.78,-12.20,-12.39,-12.34,-11.98,-12.48,-12.20,-12.34,-12.48,-12.48,-12.34,-12.26,-12.26,-12.39,-12.78,-12.04,-12.61,-12.48,-12.48,-12.20,-12.34,-12.39,-12.26,-12.34,-12.70,-12.48,-12.39,-12.56,-12.56,-12.48,-12.26,-12.39,-12.61,-12.48,-12.56,-12.20,-11.98,-12.26,-12.39,-12.39,-12.48,-12.34,-12.39,-12.56,-12.56,-12.34,-12.61,-12.48,-12.56,-12.39,-12.20,-12.12,-12.61,-12.12,-12.39,-12.26,-12.48,-12.56,-12.12,-12.34,-12.56,-12.39,-12.34,-12.34,-12.56,-12.56,-12.61,-12.56,-12.39,-12.34,-12.20,-12.39,-12.56,-12.70,-12.56,-12.48,-12.34,-12.20,-12.56,-12.83,-12.48,-12.39,-12.56,-12.39,-12.26,-11.90,-12.26,-12.48,-12.26,-12.61,-12.34,-12.39,-12.61,-12.48,-12.20,-12.34,-12.56,-12.56,-12.39,-12.48,-12.39,-12.48,-12.48,-12.48,-12.61,-12.20,-12.61,-12.48,-12.39,-12.78,-12.48,-12.39,-12.12,-12.61,-12.83,-12.56,-12.56,-12.61,-12.56,-12.61,-12.70,-12.61,-12.48,-12.34,-12.48,-12.48,-12.48,-12.78,-12.61,-12.48,-12.61,-12.34,-12.39,-12.39,-12.48,-12.56,-12.92,-12.92,-12.78,-12.61,-12.39,-12.61,-12.20,-12.70,-12.56,-12.70,-12.70,-12.78,-12.48,-12.56,-12.20,-12.78,-12.61,-12.12,-12.39,-12.83,-12.70,-12.78,-12.56,-12.34,-12.56,-12.48,-12.56,-12.56,-12.48,-12.70,-12.83,-12.83,-13.14,-12.61,-12.48,-12.61,-12.83,-12.70,-12.83,-12.70,-12.83,-12.92,-12.61,-12.97,-12.56,-12.83,-12.48,-12.61,-12.70,-12.56,-12.70,-12.92,-12.61,-12.39,-12.83,-12.61,-12.56,-12.61,-12.97,-12.56,-12.92,-12.48,-12.83,-12.78,-12.83,-12.48,-13.19,-13.06,-12.78,-12.61,-12.92,-12.97,-12.97,-12.78,-13.06,-12.70,-13.19,-12.61,-13.28,-12.92,-12.83,-12.56,-12.83,-13.19
-12.97,-12.92,-13.42,-13.06,-12.83,-12.92,-12.83,-13.19,-12.83,-12.78,-12.78,-12.97,-12.97,-12.70,-12.61,-12.48,-12.61,-12.61,-12.78,-12.78,-12.83,-12.61,-12.78,-12.48,-13.06,-12.70,-12.92,-12.61,-12.48,-12.83,-12.70,-12.56,-12.20,-12.97,-12.61,-12.70,-12.70,-13.19,-12.92,-12.48,-12.26,-12.26,-12.48,-12.61,-12.56,-12.56,-12.56,-12.70,-12.26,-12.48,-12.56,-12.56,-12.56,-12.34,-12.48,-12.26,-12.56,-12.34,-12.92,-12.48,-12.70,-12.56,-12.61,-12.61,-12.61,-12.61,-12.61,-12.70,-12.56,-12.70,-12.78,-12.48,-12.78,-12.70,-12.78,-12.92,-13.06,-12.20,-12.34,-12.70,-12.26,-12.61,-12.48,-12.20,-12.48,-12.34,-12.48,-12.04,-12.20,-12.12,-12.48,-12.34,-12.48,-12.26,-12.56,-12.34,-12.61,-12.78,-12.78,-12.70,-12.70,-12.61,-12.61,-12.56,-12.39,-12.20,-12.78,-12.48,-12.12,-11.85,-12.39,-12.34,-12.34,-12.39,-12.56,-11.98,-12.48,-12.34,-12.48,-12.48,-12.56,-12.34,-12.48,-12.39,-12.70,-12.56,-12.48,-12.56,-12.12,-12.26,-12.20,-12.78,-12.34,-12.39,-12.48,-12.48,-12.48,-12.48,-12.70,-12.26,-12.34,-12.12,-12.61,-12.20,-12.34,-12.26,-12.34,-12.39,-12.39,-12.92,-12.83,-12.48,-12.61,-12.39,-12.78,-12.56,-11.98,-12.70,-12.61,-12.48,-12.34,-12.34,-12.39,-12.56,-12.26,-12.34,-12.34,-12.12,-12.20,-12.34,-12.12,-12.26,-12.34,-12.26,-12.56,-12.39,-12.56,-12.34,-12.39,-12.34,-12.04,-12.20,-12.26,-12.56,-12.26,-12.34,-12.34,-12.34,-12.04,-12.12,-12.34,-12.26,-12.56,-12.26,-12.12,-12.26,-11.98,-12.20,-12.04,-12.61,-12.20,-12.48,-12.48,-12.48,-12.26,-12.12,-12.48,-12.20,-12.48,-12.39,-12.83,-12.61,-12.34,-12.20,-12.39,-12.34,-12.34,-12.48,-12.39,-11.98,-12.48,-12.26,-12.56,-12.56,-12.48,-12.20,-12.39,-12.61,-12.56,-12.48,-12.48,-12.26,-12.61,-12.34,-12.34,-12.48,-12.78,-12.04,-12.20,-12.48,-12.70,-12.34,-12.56,-12.39,-12.12,-12.39,-12.83,-12.26,-12.26,-12.39,-12.56,-12.56,-12.56,-12.48,-12.12,-12.39,-12.48,-12.48,-12.26,-12.39,-12.26,-12.20,-12.70,-12.20,-12.34,-12.61,-12.39,-12.39,-12.61,-12.39,-12.26,-12.39,-12.26,-12.34,-12.34,-12.48,-12.39,-12.39,-12.39,-12.56,-12.48,-12.61,-12.20,-12.56,-12.39,-12.78,-12.70,-12.61,-12.70,-12.12,-12.56,-12.83,-12.56,-12.34,-12.39,-12.61,-12.39,-12.70,-12.61,-12.56,-12.48,-12.78,-12.56,-12.70,-12.56,-12.12,-12.39,-12.48,-12.61,-12.70,-12.61,-12.56,-12.61,-12.39,-12.61,-12.20,-12.70,-12.56,-12.34,-12.20,-12.56,-12.48,-12.61,-12.39,-12.39,-12.83,-12.70,-12.26,-12.83,-12.83,-12.83,-12.83,-12.92,-12.78,-12.56,-12.70,-12.39,-12.78,-12.70,-12.56,-12.70,-12.78,-12.83,-12.70,-12.61,-12.20,-12.78,-12.61,-12.78,-12.70,-12.56,-12.48,-12.56,-12.70,-12.92,-12.48,-13.06,-12.70,-12.56,-12.61,-12.83,-12.70,-12.83,-12.56,-12.92,-12.83,-12.34,-12.56,-13.06,-12.92,-12.61,-12.83,-12.78,-12.92,-12.83,-13.28,-12.97,-12.83,-12.26,-13.14,-12.78,-13.19
-13.33,-13.06,-13.14,-12.92,-12.97,-13.14,-12.92,-12.92,-12.78,-12.83,-12.83,-13.06,-12.97,-12.83,-12.70,-13.19,-12.83,-12.48,-13.06,-12.56,-12.48,-12.92,-12.34,-12.78,-12.92,-12.56,-12.56,-12.97,-12.61,-12.48,-12.70,-12.70,-12.92,-12.56,-12.83,-12.56,-13.06,-12.56,-12.56,-12.61,-12.56,-12.48,-12.39,-12.83,-12.61,-12.70,-12.83,-12.97,-12.78,-12.61,-12.48,-12.78,-12.48,-12.61,-12.48,-12.78,-12.56,-12.56,-12.78,-12.56,-12.70,-12.26,-12.78,-12.39,-12.70,-12.48,-12.83,-12.48,-12.70,-12.70,-12.26,-12.78,-12.39,-12.70,-12.92,-12.56,-12.48,-12.61,-12.56,-12.39,-12.26,-12.56,-12.12,-12.20,-12.48,-11.98,-12.39,-12.34,-12.20,-12.26,-12.34,-12.04,-12.20,-12.39,-12.20,-12.56,-12.56,-12.20,-12.34,-12.48,-12.04,-12.20,-12.26,-12.61,-12.34,-12.34,-12.83,-12.61,-12.48,-12.34,-12.70,-12.20,-12.34,-12.26,-12.34,-12.39,-12.48,-12.34,-12.83,-12.34,-12.34,-12.39,-12.56,-12.26,-12.56,-12.48,-12.39,-12.26,-12.39,-12.20,-12.20,-12.39,-12.70,-12.70,-12.39,-12.12,-12.26,-12.56,-12.39,-12.48,-12.04,-12.26,-12.56,-12.26,-12.20,-12.70,-12.48,-12.61,-12.34,-12.83,-12.20,-12.34,-12.48,-12.48,-12.56,-12.20,-12.56,-12.70,-12.39,-12.26,-12.20,-12.26,-12.34,-12.48,-12.61,-12.56,-12.34,-12.48,-12.48,-12.26,-12.56,-12.39,-12.20,-12.20,-12.12,-12.39,-12.56,-12.70,-12.39,-12.39,-12.39,-12.70,-12.39,-12.39,-12.48,-12.56,-12.56,-12.26,-12.20,-12.56,-12.34,-12.12,-12.34,-12.56,-12.26,-12.34,-12.56,-12.39,-12.34,-12.70,-12.26,-12.34,-12.34,-12.34,-12.26,-12.39,-12.48,-12.39,-12.26,-12.34,-12.61,-12.61,-12.39,-12.04,-12.56,-12.48,-12.56,-12.56,-12.48,-12.26,-12.26,-12.26,-12.39,-12.48,-12.61,-12.20,-12.26,-12.70,-12.56,-12.34,-12.48,-12.78,-12.70,-12.92,-12.39,-12.39,-12.26,-12.48,-12.34,-12.34,-12.39,-12.39,-12.48,-12.04,-12.56,-12.48,-12.48,-12.56,-12.48,-12.48,-12.48,-12.56,-12.39,-12.48,-12.48,-12.39,-12.78,-12.48,-12.26,-12.12,-12.56,-12.34,-12.70,-12.39,-12.34,-12.26,-12.48,-12.39,-12.61,-12.39,-12.26,-12.26,-12.56,-12.34,-12.56,-12.39,-12.26,-12.48,-12.26,-12.56,-12.56,-12.20,-12.39,-12.56,-12.48,-12.56,-12.39,-12.70,-12.70,-12.83,-12.70,-12.61,-12.34,-12.20,-12.83,-12.26,-12.48,-12.78,-12.26,-12.56,-12.48,-12.61,-12.61,-12.39,-12.83,-12.61,-12.48,-12.70,-12.56,-12.12,-12.78,-12.39,-12.56,-12.70,-12.70,-12.56,-12.20,-12.70,-12.70,-12.48,-12.78,-12.48,-12.26,-12.39,-12.39,-12.48,-12.70,-12.39,-12.70,-12.48,-12.78,-12.78,-12.83,-12.56,-12.83,-12.83,-12.78,-12.78,-12.61,-12.70,-12.70,-12.78,-12.92,-12.83,-12.97,-12.78,-12.61,-12.78,-12.78,-12.70,-12.70,-12.97,-12.78,-12.48,-12.61,-12.48,-12.48,-12.70,-12.61,-12.61,-12.83,-12.39,-12.92,-12.70,-12.61,-12.39,-12.83,-12.70,-12.70,-12.78,-12.83,-12.48,-12.83,-12.83,-12.83,-12.97,-12.97,-12.39,-12.83,-13.06,-12.97,-12.83
-12.70,-13.06,-12.78,-12.70,-13.14,-12.92,-12.56,-12.97,-12.70,-12.61,-12.70,-12.83,-12.70,-12.78,-12.70,-12.61,-13.14,-12.83,-12.61,-12.48,-12.61,-12.48,-12.61,-12.70,-12.92,-13.14,-12.70,-12.83,-12.48,-12.92,-12.39,-12.56,-12.92,-12.56,-12.48,-12.48,-12.56,-12.34,-12.61,-12.48,-12.61,-12.70,-12.34,-12.61,-12.61,-12.48,-12.20,-12.48,-12.70,-12.70,-12.48,-12.61,-12.61,-12.70,-12.83,-12.61,-12.56,-12.56,-12.83,-12.34,-12.56,-12.26,-12.12,-12.70,-12.48,-12.61,-12.83,-12.61,-12.78,-12.56,-12.97,-12.70,-12.56,-12.34,-12.56,-12.34,-12.12,-12.70,-12.56,-12.34,-12.56,-12.56,-12.70,-12.48,-12.56,-12.48,-12.61,-12.70,-12.78,-12.70,-12.78,-12.39,-12.56,-12.61,-12.26,-12.34,-12.48,-12.56,-12.39,-12.39,-12.70,-12.83,-12.39,-12.12,-12.56,-12.48,-12.20,-12.78,-12.26,-12.83,-12.61,-12.12,-12.34,-12.56,-12.48,-12.48,-12.39,-12.78,-12.78,-12.39,-12.70,-12.56,-12.39,-12.56,-12.48,-12.20,-12.48,-12.26,-12.34,-12.39,-12.04,-12.48,-12.12,-12.61,-12.56,-12.39,-12.26,-12.26,-12.26,-12.20,-12.48,-12.26,-12.20,-12.70,-12.34,-12.12,-12.48,-12.48,-12.34,-12.61,-12.61,-12.56,-12.61,-12.56,-12.48,-12.34,-12.26,-12.26,-12.78,-12.12,-12.56,-12.34,-12.26,-12.39,-12.48,-12.56,-12.56,-12.34,-12.26,-12.26,-12.48,-12.04,-12.48,-12.34,-12.12,-12.34,-12.39,-12.48,-12.39,-12.34,-12.39,-11.90,-12.20,-12.61,-12.34,-12.39,-12.26,-12.20,-12.56,-12.12,-12.20,-12.20,-12.34,-12.20,-11.98,-12.34,-12.12,-12.26,-12.04,-12.39,-12.48,-12.39,-12.34,-12.04,-12.04,-12.34,-12.34,-12.26,-12.20,-12.04,-12.39,-12.56,-12.34,-12.26,-12.20,-12.56,-12.20,-12.39,-12.20,-12.34,-12.26,-12.04,-12.39,-11.98,-12.34,-12.26,-12.20,-12.70,-12.34,-12.26,-12.39,-12.20,-12.39,-12.48,-12.34,-12.12,-12.12,-12.48,-12.61,-12.34,-12.56,-12.26,-12.12,-12.70,-12.39,-12.39,-12.20,-12.34,-12.48,-12.56,-12.70,-12.48,-12.26,-12.39,-12.70,-12.34,-12.61,-12.61,-12.48,-12.04,-12.48,-12.34,-12.48,-12.34,-12.70,-12.78,-12.48,-12.48,-12.48,-12.56,-12.48,-12.48,-12.48,-12.61,-12.34,-12.56,-12.78,-12.70,-12.61,-12.61,-12.56,-12.48,-12.39,-12.04,-12.12,-12.12,-12.39,-12.39,-12.20,-12.56,-12.61,-12.39,-12.26,-12.70,-12.39,-12.61,-12.39,-12.92,-12.12,-12.56,-12.61,-12.70,-12.26,-12.12,-12.70,-12.61,-12.39,-12.26,-12.56,-12.92,-12.48,-12.48,-12.56,-12.34,-12.20,-12.48,-12.48,-12.56,-12.56,-12.48,-12.61,-12.56,-12.70,-12.34,-12.83,-12.78,-12.39,-12.61,-12.12,-12.48,-12.39,-12.56,-12.70,-12.39,-12.56,-12.61,-12.70,-12.39,-12.70,-12.61,-12.78,-12.39,-12.92,-12.70,-12.70,-12.34,-12.78,-12.61,-12.70,-12.48,-12.92,-12.56,-12.78,-12.56,-12.83,-12.78,-12.61,-12.78,-12.61,-12.70,-12.78,-12.61,-12.92,-12.48,-12.70,-12.92,-12.34,-12.78,-12.70,-12.48,-12.97,-12.78,-12.92,-12.92,-12.92,-12.92,-13.19,-12.70,-12.83,-12.78,-13.06,-12.56
-12.97,-13.33,-13.06,-13.14,-12.70,-12.70,-12.61,-12.97,-12.83,-12.70,-12.78,-12.78,-12.56,-12.78,-12.97,-12.61,-12.78,-13.06,-12.78,-12.92,-13.06,-12.61,-12.48,-12.39,-12.48,-12.83,-12.70,-12.61,-12.70,-12.61,-12.61,-12.70,-12.92,-12.83,-12.70,-12.92,-12.78,-12.39,-12.78,-12.48,-12.61,-12.70,-12.34,-12.78,-12.70,-12.70,-12.70,-12.56,-12.48,-12.39,-12.56,-12.48,-12.61,-12.61,-12.56,-12.48,-12.56,-12.70,-13.06,-12.56,-12.39,-12.97,-12.61,-12.34,-12.61,-12.48,-12.70,-12.48,-12.34,-12.34,-12.34,-12.70,-12.56,-12.70,-12.39,-12.39,-12.39,-12.39,-12.39,-12.48,-12.39,-12.48,-12.56,-12.83,-12.70,-12.39,-12.83,-12.34,-12.39,-12.20,-12.56,-12.39,-12.56,-12.48,-12.61,-12.61,-12.48,-12.48,-12.61,-12.48,-12.39,-12.83,-12.12,-12.39,-12.39,-12.48,-12.20,-12.34,-12.34,-12.34,-12.04,-12.26,-12.04,-12.48,-12.34,-12.78,-12.20,-12.61,-12.26,-12.39,-12.34,-12.39,-12.26,-12.34,-12.26,-12.61,-11.98,-12.34,-12.26,-12.12,-12.48,-12.61,-12.39,-12.48,-12.26,-12.39,-12.34,-12.56,-12.56,-12.39,-12.56,-12.26,-12.39,-12.34,-12.20,-12.78,-12.12,-12.56,-12.70,-12.61,-12.56,-12.61,-12.56,-12.48,-12.78,-12.48,-12.39,-12.34,-12.83,-12.83,-12.12,-12.61,-12.39,-12.26,-12.26,-12.61,-11.98,-12.34,-12.20,-12.20,-12.04,-12.04,-12.20,-12.26,-12.04,-12.56,-12.12,-12.34,-12.48,-12.12,-12.26,-12.20,-12.12,-12.34,-12.56,-12.26,-12.12,-12.34,-12.34,-12.20,-12.39,-11.98,-11.90,-12.26,-12.34,-12.39,-11.98,-12.34,-12.26,-12.34,-12.39,-12.26,-12.12,-12.04,-12.12,-12.20,-12.04,-12.34,-12.04,-12.04,-12.04,-12.26,-12.48,-12.26,-12.26,-12.48,-12.56,-12.34,-12.48,-12.34,-12.61,-12.39,-11.98,-12.26,-12.56,-12.26,-12.39,-12.39,-12.39,-12.48,-12.26,-12.34,-12.20,-12.39,-12.48,-12.26,-12.34,-12.78,-12.34,-12.34,-12.39,-12.39,-12.12,-12.48,-12.48,-12.39,-12.48,-12.20,-12.26,-12.20,-12.12,-12.34,-12.20,-12.48,-12.39,-12.34,-12.26,-12.39,-12.78,-12.70,-12.39,-12.48,-12.48,-12.34,-11.98,-12.39,-12.20,-12.48,-11.98,-12.26,-12.04,-12.26,-12.20,-12.39,-12.26,-12.26,-12.39,-12.48,-12.56,-12.39,-12.56,-12.56,-12.20,-12.39,-12.34,-12.78,-12.56,-12.61,-12.39,-12.70,-12.56,-12.70,-12.39,-12.56,-12.78,-12.61,-12.56,-12.83,-12.70,-12.26,-12.39,-12.56,-12.61,-12.56,-12.48,-12.26,-12.78,-12.70,-12.78,-12.39,-12.61,-12.61,-12.61,-12.61,-12.61,-12.48,-12.61,-12.48,-12.39,-12.39,-12.39,-12.78,-12.48,-12.39,-12.61,-12.48,-12.48,-12.61,-12.83,-12.61,-12.39,-12.70,-12.61,-12.48,-12.78,-12.56,-12.83,-12.70,-12.70,-12.83,-12.61,-12.56,-12.61,-12.70,-12.78,-12.34,-12.92,-12.78,-12.61,-12.61,-12.48,-12.39,-13.06,-12.61,-12.83,-12.70,-12.61,-12.61,-12.92,-12.56,-12.92,-12.61,-12.70,-12.48,-12.78,-12.48,-12.83,-12.61,-12.70,-12.61,-12.83,-12.34,-13.06,-12.78,-12.78,-13.06,-12.78,-12.70,-12.83,-12.78,-12.92,-12.97
-12.97,-12.92,-12.97,-12.83,-12.83,-12.78,-12.83,-12.92,-12.83,-12.78,-12.97,-12.78,-12.83,-12.56,-12.34,-12.97,-12.70,-12.61,-12.48,-12.97,-12.39,-12.56,-12.61,-12.56,-12.56,-12.56,-12.39,-12.39,-12.39,-12.83,-12.39,-12.61,-12.48,-12.56,-12.56,-12.20,-12.20,-12.48,-12.61,-12.56,-12.70,-12.61,-12.83,-12.48,-12.39,-12.56,-12.56,-12.56,-12.39,-12.39,-12.61,-12.48,-12.48,-12.34,-12.48,-12.70,-12.70,-12.34,-12.39,-12.61,-12.70,-12.56,-12.78,-12.61,-12.78,-12.34,-12.12,-12.34,-12.39,-12.48,-12.20,-12.39,-12.48,-12.78,-12.48,-12.56,-12.70,-12.20,-12.70,-12.78,-12.48,-12.34,-12.26,-12.61,-12.48,-12.70,-12.61,-12.56,-12.83,-12.39,-12.48,-12.61,-12.83,-12.20,-12.78,-12.70,-12.26,-12.39,-12.34,-12.56,-12.26,-12.48,-12.39,-12.12,-12.78,-12.26,-12.61,-12.56,-12.56,-12.39,-12.56,-12.61,-12.39,-12.92,-12.34,-12.20,-12.61,-12.34,-12.78,-12.56,-12.39,-12.26,-12.04,-12.20,-12.26,-12.34,-12.34,-12.39,-12.48,-12.70,-12.34,-12.34,-12.56,-12.34,-12.56,-12.39,-12.34,-12.34,-12.39,-12.61,-12.48,-12.48,-12.48,-12.48,-12.39,-12.34,-12.26,-12.56,-12.56,-12.20,-12.56,-12.39,-12.78,-12.61,-12.56,-12.26,-12.26,-12.20,-12.48,-12.48,-12.04,-12.61,-12.20,-12.48,-12.39,-11.90,-12.26,-12.20,-12.04,-12.48,-12.12,-12.26,-12.34,-12.48,-12.39,-12.20,-12.34,-12.34,-12.39,-12.39,-12.61,-12.39,-12.34,-12.26,-12.48,-12.39,-12.48,-12.12,-12.48,-12.48,-12.39,-12.61,-12.39,-11.90,-12.39,-12.26,-12.39,-12.26,-12.26,-12.20,-12.39,-12.04,-12.20,-11.90,-12.34,-12.48,-12.26,-12.12,-12.12,-12.48,-12.20,-12.34,-12.48,-11.98,-12.20,-12.26,-12.48,-12.39,-12.56,-12.26,-12.26,-12.20,-12.48,-12.26,-12.20,-12.39,-12.39,-12.56,-12.34,-12.34,-12.34,-12.34,-12.34,-12.20,-12.48,-12.26,-12.20,-12.26,-12.61,-12.26,-12.34,-12.04,-12.48,-12.70,-12.34,-12.20,-12.78,-12.83,-12.12,-12.34,-12.48,-12.56,-12.34,-12.34,-12.26,-12.39,-12.20,-12.26,-12.20,-12.26,-12.04,-12.61,-12.39,-12.12,-12.34,-12.20,-12.39,-12.39,-12.34,-12.12,-12.12,-12.20,-12.70,-12.48,-12.34,-12.48,-12.56,-12.70,-12.39,-12.26,-12.48,-12.39,-12.39,-12.48,-12.34,-12.39,-12.39,-12.48,-12.39,-12.70,-12.20,-12.56,-12.26,-12.34,-12.70,-12.70,-12.48,-12.34,-12.34,-12.61,-12.48,-12.70,-12.39,-12.61,-12.70,-12.70,-12.12,-12.56,-12.12,-12.26,-12.34,-12.56,-12.39,-12.34,-12.61,-12.20,-12.39,-12.12,-12.48,-12.56,-12.26,-12.78,-12.92,-12.26,-12.56,-12.56,-12.26,-12.39,-12.83,-12.83,-12.78,-12.26,-12.83,-12.26,-12.56,-12.70,-12.34,-12.56,-12.34,-12.39,-12.56,-12.48,-12.70,-12.48,-12.61,-12.70,-13.06,-12.92,-12.61,-12.61,-12.61,-12.61,-12.83,-12.70,-12.70,-12.20,-12.56,-12.61,-12.48,-12.56,-12.97,-12.70,-12.70,-12.78,-12.48,-12.61,-12.83,-12.97,-12.78,-12.70,-12.92,-12.70,-12.56,-12.70,-12.70,-12.70,-12.83,-12.70,-12.97,-12.39,-12.70,-12.78
-12.92,-13.14,-12.70,-12.83,-12.78,-12.70,-12.97,-12.56,-12.97,-12.92,-12.61,-12.56,-12.78,-12.39,-12.39,-12.70,-12.83,-12.83,-12.61,-12.56,-12.92,-12.83,-12.39,-12.70,-12.34,-12.56,-12.26,-12.26,-12.12,-12.48,-12.56,-12.56,-12.78,-12.48,-12.70,-12.70,-12.48,-12.48,-12.04,-12.78,-12.56,-12.20,-12.78,-12.56,-12.78,-12.56,-12.61,-12.39,-12.92,-12.78,-12.48,-12.78,-12.48,-12.48,-12.83,-12.39,-12.48,-12.56,-12.48,-12.78,-12.48,-12.56,-12.83,-12.39,-12.48,-12.56,-12.56,-12.39,-12.70,-11.98,-12.48,-12.78,-12.61,-12.48,-12.83,-12.56,-12.56,-12.56,-12.56,-12.56,-12.34,-12.34,-12.20,-12.48,-12.48,-12.48,-12.48,-12.83,-12.56,-12.48,-12.26,-12.56,-12.20,-12.78,-12.12,-12.20,-12.56,-12.56,-12.26,-12.26,-12.83,-12.39,-12.39,-12.34,-12.70,-12.34,-12.48,-12.48,-12.61,-12.20,-12.48,-12.12,-12.70,-12.56,-12.34,-12.26,-12.12,-12.34,-12.34,-12.12,-12.48,-12.39,-12.39,-12.26,-12.34,-12.26,-12.70,-12.26,-12.48,-12.34,-12.26,-12.48,-12.26,-12.34,-12.39,-12.34,-12.61,-12.61,-12.48,-12.39,-12.48,-12.48,-12.39,-12.26,-12.39,-12.26,-12.34,-12.26,-12.78,-12.39,-12.48,-12.20,-12.12,-12.39,-12.61,-12.26,-12.48,-12.20,-12.39,-12.34,-12.48,-12.20,-12.39,-12.26,-12.39,-12.34,-12.04,-12.12,-12.20,-12.12,-12.34,-12.26,-12.26,-12.26,-11.90,-12.20,-12.26,-12.26,-12.12,-12.20,-12.34,-12.26,-12.78,-12.12,-12.61,-12.04,-12.70,-12.12,-12.26,-12.39,-12.34,-12.04,-12.56,-12.34,-12.34,-12.39,-12.34,-12.34,-12.39,-12.34,-11.90,-12.39,-12.34,-12.12,-12.20,-12.39,-12.26,-12.48,-12.39,-12.48,-12.20,-12.34,-12.39,-12.48,-12.48,-12.48,-12.04,-12.48,-12.04,-12.39,-12.26,-12.78,-12.83,-12.12,-12.26,-12.26,-12.70,-12.39,-12.34,-12.34,-12.48,-12.34,-12.34,-12.48,-12.26,-12.20,-12.34,-12.20,-12.39,-12.34,-12.26,-12.56,-12.20,-12.56,-12.34,-12.61,-12.48,-12.26,-12.20,-12.26,-12.26,-12.26,-12.20,-12.34,-12.20,-12.12,-12.20,-12.34,-12.34,-12.34,-11.90,-12.70,-12.34,-12.56,-12.48,-12.39,-12.26,-12.39,-12.20,-12.34,-12.56,-12.12,-11.98,-12.12,-12.70,-12.48,-12.61,-12.56,-12.39,-12.48,-12.39,-12.48,-12.39,-12.56,-12.26,-12.20,-12.61,-12.39,-12.39,-12.61,-12.34,-12.48,-12.56,-12.56,-12.39,-12.56,-12.26,-12.48,-12.34,-12.34,-12.48,-12.56,-12.48,-12.56,-12.12,-12.48,-12.34,-12.48,-12.56,-12.78,-12.39,-12.83,-12.61,-12.48,-12.48,-12.92,-12.78,-12.70,-12.78,-12.48,-12.61,-12.39,-12.61,-12.70,-12.39,-12.83,-12.56,-12.56,-12.78,-12.70,-12.39,-12.34,-12.70,-12.34,-12.83,-12.61,-12.39,-12.61,-12.70,-12.48,-12.61,-12.39,-12.39,-12.78,-12.92,-12.61,-12.61,-12.78,-12.48,-12.70,-12.48,-12.70,-12.61,-12.34,-12.70,-12.97,-12.48,-12.56,-12.26,-12.70,-12.56,-13.06,-12.70,-12.70,-12.39,-12.83,-12.78,-12.70,-12.61,-12.61,-12.92,-12.70,-12.70,-12.78,-12.83,-13.14,-12.78,-12.92,-12.70,-13.14,-12.78,-12.61
-12.92,-13.06,-12.83,-12.83,-13.06,-13.14,-12.70,-12.92,-12.83,-12.83,-12.70,-12.78,-12.78,-12.61,-12.61,-12.61,-12.61,-12.70,-12.56,-12.70,-12.61,-12.78,-12.92,-12.48,-12.61,-12.39,-12.83,-12.34,-12.56,-12.48,-12.78,-12.39,-12.83,-12.61,-12.56,-12.48,-12.61,-12.39,-12.56,-12.56,-12.78,-12.78,-12.61,-12.48,-12.56,-12.48,-12.56,-12.34,-12.83,-12.39,-12.48,-12.39,-12.61,-12.48,-12.61,-12.48,-12.61,-12.48,-12.83,-12.56,-12.70,-12.61,-12.78,-12.20,-12.56,-12.12,-12.34,-12.78,-12.56,-12.48,-12.39,-12.78,-12.48,-12.61,-12.61,-12.48,-12.48,-12.70,-12.34,-12.48,-12.61,-12.39,-12.48,-12.56,-12.48,-12.20,-12.56,-12.39,-12.61,-12.56,-12.61,-12.48,-12.48,-12.48,-12.39,-12.48,-12.78,-12.48,-12.78,-12.34,-12.48,-12.26,-12.34,-12.92,-11.98,-12.20,-12.20,-12.12,-12.39,-12.39,-12.39,-12.39,-12.61,-12.70,-12.34,-12.34,-12.12,-12.39,-12.12,-12.34,-12.04,-12.48,-12.12,-12.20,-12.39,-12.39,-12.34,-12.70,-11.98,-12.34,-12.34,-12.12,-12.04,-12.04,-12.56,-12.39,-12.39,-12.20,-12.34,-12.34,-12.34,-12.48,-12.12,-12.34,-12.20,-12.04,-12.34,-12.20,-12.34,-12.12,-12.34,-12.56,-12.12,-12.12,-12.34,-12.34,-12.04,-12.20,-12.56,-12.48,-12.26,-12.34,-12.12,-12.56,-12.04,-12.26,-12.56,-12.20,-11.98,-12.39,-12.20,-12.34,-12.04,-11.98,-12.48,-12.12,-12.26,-12.20,-12.34,-12.39,-12.26,-12.20,-12.12,-12.12,-12.26,-11.90,-12.20,-12.26,-12.26,-12.39,-12.20,-12.39,-12.04,-12.39,-12.34,-12.12,-11.90,-12.04,-12.61,-12.39,-12.61,-12.26,-12.39,-12.12,-12.04,-11.98,-12.26,-12.26,-12.26,-12.39,-12.39,-12.48,-12.12,-12.20,-12.39,-12.26,-12.20,-12.34,-12.34,-12.56,-12.39,-12.48,-12.48,-12.20,-12.39,-12.26,-12.12,-12.61,-12.39,-12.26,-12.34,-12.34,-12.48,-12.12,-12.20,-12.34,-12.39,-12.70,-12.34,-12.26,-12.26,-12.26,-12.61,-12.39,-12.26,-12.20,-12.26,-12.48,-12.26,-12.34,-12.39,-12.61,-11.90,-12.70,-12.26,-12.48,-12.56,-12.48,-12.61,-12.48,-12.39,-12.48,-12.61,-12.20,-12.20,-12.56,-11.98,-12.26,-12.34,-12.20,-12.39,-12.70,-12.39,-12.48,-12.39,-12.78,-12.39,-12.26,-12.34,-12.20,-12.61,-12.34,-12.39,-12.20,-12.56,-12.70,-12.39,-12.34,-12.12,-12.56,-12.39,-12.48,-12.39,-12.48,-12.34,-12.56,-12.61,-12.56,-12.39,-12.48,-12.61,-12.48,-12.56,-12.20,-12.56,-12.56,-12.61,-12.26,-12.56,-12.34,-12.26,-12.20,-12.39,-12.34,-12.26,-12.39,-12.61,-12.48,-12.61,-12.48,-12.56,-12.39,-12.34,-12.56,-12.78,-12.56,-12.48,-12.34,-12.56,-12.78,-12.70,-12.78,-12.56,-12.70,-12.70,-12.20,-12.70,-12.70,-12.39,-12.70,-12.70,-12.61,-12.70,-12.26,-12.70,-12.48,-12.56,-12.56,-12.12,-12.61,-12.83,-12.48,-12.70,-12.34,-12.78,-12.78,-12.70,-12.78,-12.83,-12.78,-12.78,-12.70,-12.92,-12.56,-12.83,-12.56,-12.70,-12.78,-12.78,-12.92,-12.56,-12.92,-12.48,-12.61,-12.92,-12.78,-12.70,-13.06,-12.70,-12.97,-12.92,-12.56
-12.70,-12.70,-13.06,-12.92,-13.42,-12.78,-12.78,-12.92,-12.78,-12.92,-13.14,-12.92,-12.78,-12.83,-12.83,-12.78,-12.83,-12.78,-12.70,-12.83,-12.83,-12.56,-12.78,-13.06,-12.56,-12.78,-12.70,-12.70,-12.34,-12.83,-12.61,-12.97,-12.12,-12.48,-12.70,-12.39,-12.56,-12.56,-12.48,-12.61,-12.70,-12.48,-12.78,-12.70,-12.48,-12.83,-12.39,-12.48,-12.34,-12.34,-12.83,-12.34,-12.70,-12.97,-12.39,-12.56,-12.39,-12.83,-12.20,-12.70,-12.48,-12.78,-12.61,-12.39,-12.56,-12.61,-12.39,-12.48,-12.39,-12.83,-12.34,-12.70,-12.70,-12.61,-12.83,-12.61,-12.39,-12.56,-12.39,-12.61,-12.48,-12.34,-12.20,-12.26,-12.48,-12.12,-12.34,-12.39,-12.56,-12.48,-12.26,-12.92,-12.39,-12.39,-12.39,-12.20,-12.12,-12.48,-12.48,-12.39,-12.39,-12.56,-12.70,-12.04,-12.39,-12.56,-12.34,-12.20,-12.92,-12.20,-12.61,-12.48,-12.56,-12.70,-12.70,-12.48,-12.70,-12.34,-12.48,-12.61,-12.34,-12.70,-12.56,-12.04,-12.70,-12.48,-12.20,-12.26,-12.34,-12.34,-12.39,-12.61,-12.48,-12.48,-12.34,-11.98,-12.56,-12.39,-12.26,-12.34,-12.34,-11.98,-11.98,-12.39,-12.39,-12.12,-12.39,-12.39,-12.04,-12.12,-12.20,-12.34,-12.56,-12.39,-12.20,-12.39,-12.04,-12.20,-12.39,-12.39,-12.39,-12.26,-12.26,-12.20,-12.39,-12.20,-12.48,-12.34,-12.34,-12.34,-12.26,-12.12,-12.48,-12.34,-12.26,-12.20,-12.78,-12.12,-12.26,-12.20,-12.48,-12.34,-12.20,-12.34,-12.56,-12.20,-12.20,-12.20,-12.04,-12.48,-12.39,-12.12,-11.98,-12.39,-12.20,-12.26,-12.61,-12.48,-12.39,-12.04,-12.34,-12.26,-12.39,-12.20,-12.04,-12.12,-12.26,-11.98,-12.26,-12.20,-12.26,-12.12,-12.12,-12.48,-12.61,-12.26,-12.61,-12.12,-12.39,-12.39,-12.48,-12.34,-12.26,-12.26,-12.12,-12.12,-12.34,-12.20,-12.20,-12.39,-12.04,-12.12,-12.39,-12.39,-12.48,-12.20,-12.61,-12.48,-12.26,-12.20,-12.04,-12.20,-12.70,-12.26,-12.39,-12.78,-12.34,-12.20,-12.56,-12.34,-12.39,-12.20,-12.39,-12.26,-12.39,-12.26,-12.56,-12.20,-12.56,-12.56,-12.20,-12.61,-12.56,-12.48,-12.56,-12.26,-12.48,-12.26,-12.39,-12.56,-12.48,-12.34,-12.34,-12.39,-12.39,-12.61,-12.39,-12.48,-12.20,-12.26,-12.26,-12.56,-12.56,-12.34,-12.78,-12.61,-12.39,-12.48,-12.39,-12.12,-12.39,-12.34,-12.48,-12.78,-12.61,-12.48,-12.56,-12.34,-12.48,-12.34,-12.56,-12.48,-12.56,-12.61,-12.70,-12.56,-12.70,-12.12,-12.61,-12.48,-12.04,-12.39,-12.78,-12.34,-12.39,-12.39,-12.48,-12.26,-12.70,-12.39,-12.39,-12.70,-12.61,-12.56,-12.56,-12.48,-12.70,-12.56,-12.61,-12.78,-12.39,-12.83,-12.61,-12.70,-12.83,-12.61,-12.48,-12.56,-12.83,-12.56,-12.56,-12.61,-12.92,-12.34,-12.78,-12.70,-12.83,-12.61,-12.83,-12.61,-12.48,-12.92,-12.70,-12.61,-13.06,-12.83,-12.61,-12.61,-12.70,-12.70,-12.70,-12.70,-12.97,-12.56,-12.61,-12.78,-12.61,-12.56,-12.70,-12.61,-12.61,-12.83,-12.70,-12.83,-13.14,-12.83,-12.70,-12.70,-13.28,-12.97,-12.78,-13.06
-13.33,-12.78,-12.56,-13.06,-12.92,-12.83,-12.78,-12.92,-12.70,-13.14,-12.48,-12.56,-12.61,-12.61,-12.78,-13.33,-12.61,-12.97,-12.92,-12.83,-12.70,-12.48,-12.48,-12.56,-12.70,-12.48,-12.83,-12.83,-12.92,-12.83,-12.39,-12.56,-12.48,-12.48,-12.70,-12.61,-12.78,-12.61,-12.39,-12.56,-12.39,-12.34,-12.48,-12.26,-12.39,-12.70,-12.78,-12.92,-12.39,-12.78,-12.48,-12.56,-12.34,-12.39,-12.34,-12.61,-12.48,-12.70,-12.48,-12.48,-12.34,-12.34,-12.48,-12.48,-12.34,-12.78,-12.78,-12.39,-12.56,-12.39,-12.61,-12.48,-12.83,-12.34,-12.56,-12.48,-12.34,-12.39,-12.39,-12.61,-12.34,-12.56,-12.39,-12.26,-12.61,-12.48,-12.56,-12.34,-12.34,-12.39,-12.56,-12.34,-12.61,-12.39,-12.39,-12.20,-12.26,-12.20,-12.39,-12.70,-12.39,-12.39,-12.39,-12.20,-12.20,-12.39,-12.34,-12.48,-12.34,-12.34,-12.56,-12.39,-12.61,-12.70,-12.56,-12.61,-12.34,-12.61,-12.56,-12.56,-12.04,-12.20,-12.39,-12.61,-12.26,-12.48,-12.34,-12.26,-12.34,-12.26,-11.90,-12.20,-12.26,-12.34,-12.26,-12.61,-12.48,-12.26,-12.12,-12.20,-12.04,-12.39,-12.34,-12.12,-12.12,-12.48,-12.39,-12.39,-12.26,-12.12,-12.04,-12.39,-11.98,-12.34,-12.34,-12.61,-12.34,-12.12,-12.39,-12.83,-12.12,-12.70,-12.34,-12.61,-12.34,-12.04,-11.98,-12.20,-12.26,-12.20,-11.90,-11.90,-11.90,-12.20,-11.90,-12.48,-11.98,-12.12,-11.85,-12.20,-12.12,-12.39,-11.98,-12.26,-12.12,-12.20,-12.39,-12.26,-12.39,-12.26,-11.98,-12.20,-12.26,-12.20,-12.20,-12.39,-12.78,-12.12,-12.39,-12.34,-12.20,-12.20,-12.20,-12.12,-12.20,-12.39,-11.90,-12.12,-12.20,-12.04,-12.26,-12.12,-12.20,-12.26,-12.56,-12.20,-12.34,-12.48,-12.39,-12.26,-12.48,-12.04,-12.12,-12.48,-12.34,-12.20,-12.39,-12.34,-12.26,-12.26,-12.26,-12.34,-12.12,-12.48,-12.04,-12.48,-12.12,-12.20,-12.20,-12.48,-12.61,-12.48,-12.34,-12.26,-12.70,-12.48,-12.48,-12.12,-12.61,-12.56,-12.48,-12.61,-12.48,-12.20,-12.26,-12.61,-12.56,-12.39,-12.83,-12.34,-12.61,-12.39,-12.39,-12.04,-12.12,-12.26,-12.48,-11.90,-12.61,-12.61,-12.34,-12.20,-12.61,-12.12,-12.48,-12.48,-12.20,-12.70,-12.48,-12.34,-12.56,-12.61,-12.70,-12.12,-12.48,-12.56,-12.39,-12.26,-12.20,-12.61,-12.39,-12.34,-12.12,-12.34,-12.26,-12.39,-12.26,-12.56,-12.39,-12.39,-12.26,-12.70,-12.56,-12.48,-12.34,-12.39,-12.34,-12.48,-12.34,-12.39,-12.34,-12.48,-12.56,-12.04,-12.56,-12.39,-12.70,-12.56,-12.48,-12.48,-12.48,-12.48,-12.04,-12.39,-12.56,-12.61,-12.26,-12.56,-12.61,-12.92,-12.26,-12.61,-12.70,-12.56,-12.39,-12.26,-12.56,-12.70,-12.56,-12.56,-12.39,-12.56,-12.39,-12.48,-12.39,-12.83,-12.56,-12.78,-12.92,-12.39,-12.61,-12.56,-12.61,-12.56,-12.48,-12.83,-12.70,-12.78,-12.61,-12.97,-12.56,-12.39,-12.20,-12.61,-12.78,-12.56,-12.61,-12.56,-12.56,-12.78,-12.78,-12.78,-12.83,-12.61,-12.70,-13.14,-12.92,-12.70,-12.78,-12.61,-12.97,-12.78
-13.06,-12.97,-13.19,-12.92,-12.92,-12.83,-12.61,-12.83,-12.83,-12.48,-12.48,-12.48,-12.83,-12.48,-12.78,-12.56,-12.92,-12.34,-12.48,-12.34,-12.39,-12.39,-12.48,-12.70,-12.92,-12.39,-12.56,-12.48,-12.39,-12.56,-12.48,-12.26,-12.48,-12.48,-12.48,-12.70,-12.48,-12.78,-12.56,-12.20,-12.48,-12.61,-12.56,-12.83,-12.83,-12.78,-12.83,-12.26,-12.48,-12.48,-12.39,-12.48,-12.39,-12.26,-12.34,-12.83,-12.26,-12.26,-12.34,-12.39,-12.34,-12.12,-12.70,-12.61,-12.56,-12.61,-12.26,-12.39,-12.61,-12.20,-12.48,-12.48,-12.34,-12.34,-12.34,-12.39,-12.20,-12.56,-12.61,-12.78,-12.56,-12.26,-12.20,-12.48,-12.39,-11.90,-12.34,-12.20,-12.48,-12.39,-12.48,-12.34,-12.34,-12.34,-12.48,-12.34,-12.26,-12.48,-12.34,-12.48,-12.34,-12.48,-12.56,-12.48,-12.04,-11.98,-12.48,-12.20,-12.61,-12.56,-12.12,-12.12,-12.12,-12.39,-12.20,-12.56,-12.48,-12.20,-12.26,-12.12,-12.61,-12.39,-12.20,-12.34,-12.34,-12.39,-12.48,-12.48,-12.26,-12.34,-12.34,-12.39,-12.34,-12.26,-12.34,-11.98,-12.56,-12.20,-12.26,-12.20,-12.34,-12.39,-12.20,-12.26,-12.56,-12.83,-12.34,-12.12,-12.04,-12.34,-12.26,-12.04,-12.34,-12.39,-12.04,-12.26,-12.20,-12.04,-12.39,-12.04,-12.26,-12.34,-12.12,-12.20,-12.20,-11.98,-11.98,-12.34,-12.20,-12.61,-12.26,-12.12,-12.26,-12.34,-12.04,-12.26,-12.26,-12.12,-12.26,-12.04,-11.98,-12.20,-12.20,-12.20,-12.20,-12.04,-12.34,-11.98,-12.04,-11.76,-11.98,-12.20,-11.90,-11.85,-12.20,-12.12,-12.26,-12.20,-12.12,-12.61,-12.26,-11.76,-12.61,-12.12,-11.98,-12.04,-12.20,-12.04,-12.20,-12.20,-12.04,-12.34,-12.26,-12.34,-12.48,-12.26,-12.04,-12.20,-12.39,-12.39,-12.20,-12.34,-11.90,-12.26,-12.39,-12.26,-12.12,-12.12,-12.39,-12.48,-12.26,-12.20,-12.56,-12.34,-12.12,-12.26,-12.26,-12.20,-11.85,-12.20,-12.26,-11.85,-12.26,-12.20,-11.90,-12.20,-12.39,-12.34,-12.48,-12.20,-12.56,-12.56,-12.48,-12.61,-12.20,-12.20,-12.56,-12.48,-12.26,-12.56,-12.12,-12.61,-12.39,-12.78,-12.34,-12.26,-12.39,-12.56,-12.34,-12.12,-12.39,-12.34,-12.12,-12.26,-12.39,-12.26,-12.56,-12.34,-12.26,-12.12,-12.56,-12.20,-12.20,-12.39,-12.48,-12.39,-12.48,-12.56,-12.34,-12.48,-12.04,-12.26,-12.56,-12.34,-12.12,-12.26,-12.61,-12.48,-12.56,-12.39,-12.56,-12.34,-12.26,-12.48,-12.70,-12.56,-12.48,-12.39,-12.61,-12.39,-12.56,-12.78,-12.48,-12.48,-12.56,-12.70,-12.48,-12.56,-12.56,-12.39,-12.20,-12.39,-12.78,-12.39,-12.48,-12.70,-12.48,-12.92,-12.56,-12.48,-12.70,-12.61,-12.48,-12.56,-12.26,-12.78,-12.48,-12.48,-12.34,-12.56,-12.61,-12.48,-12.56,-12.78,-12.92,-12.48,-12.20,-12.56,-12.61,-12.61,-12.70,-12.39,-12.39,-12.12,-12.34,-13.14,-12.61,-12.56,-12.61,-12.56,-12.70,-12.83,-12.70,-12.97,-12.78,-12.34,-12.48,-12.61,-12.56,-12.70,-12.78,-12.70,-12.61,-12.48,-12.97,-12.61,-12.83,-13.06,-12.78,-12.70,-13.28,-13.06
-12.97,-12.78,-12.83,-12.92,-13.14,-12.70,-12.70,-12.83,-12.92,-12.92,-12.92,-13.33,-13.06,-12.92,-12.92,-12.48,-12.97,-13.06,-12.70,-12.92,-12.70,-12.83,-12.83,-13.06,-13.14,-12.70,-12.78,-12.56,-12.61,-12.56,-12.48,-12.56,-12.48,-12.48,-12.34,-12.56,-12.78,-12.56,-12.70,-12.83,-12.34,-12.56,-12.61,-12.78,-12.48,-12.61,-12.48,-12.39,-12.48,-12.39,-12.26,-12.83,-12.61,-12.56,-12.78,-12.39,-12.56,-12.70,-12.56,-12.39,-12.48,-12.34,-12.56,-12.48,-12.70,-12.56,-12.34,-12.56,-12.48,-12.48,-12.92,-12.39,-12.92,-12.39,-12.48,-12.39,-12.56,-12.34,-12.48,-12.39,-12.61,-12.56,-12.39,-12.48,-12.48,-12.48,-12.61,-12.56,-12.48,-12.48,-12.12,-12.26,-12.04,-12.20,-12.26,-12.26,-12.34,-12.39,-12.12,-12.12,-12.48,-11.98,-12.61,-12.48,-12.34,-12.20,-12.70,-12.56,-12.39,-12.56,-12.39,-12.61,-12.39,-12.48,-12.39,-12.34,-12.48,-12.34,-12.20,-12.26,-12.20,-12.56,-12.70,-12.56,-12.39,-12.70,-12.34,-12.20,-12.12,-12.70,-12.34,-12.04,-12.34,-12.39,-12.26,-12.34,-12.39,-12.39,-12.92,-12.70,-12.70,-12.26,-12.56,-12.34,-11.98,-12.48,-12.70,-12.61,-12.34,-12.39,-12.20,-12.48,-12.39,-12.39,-12.48,-12.39,-12.48,-12.39,-12.48,-12.48,-12.04,-12.20,-12.26,-12.39,-12.12,-12.20,-12.48,-12.39,-12.04,-12.48,-12.12,-12.04,-12.04,-12.20,-12.26,-12.48,-12.48,-12.20,-12.26,-12.20,-12.39,-12.26,-12.20,-12.12,-12.26,-12.20,-12.34,-12.34,-12.04,-12.20,-12.20,-12.26,-12.39,-12.20,-12.34,-12.12,-12.48,-12.26,-12.12,-12.12,-12.34,-12.39,-12.20,-12.26,-12.26,-12.39,-12.34,-12.20,-12.12,-12.04,-12.26,-11.68,-12.34,-12.39,-12.34,-12.39,-12.04,-12.26,-12.61,-12.61,-12.56,-12.26,-12.34,-12.20,-12.70,-12.39,-12.34,-12.26,-12.34,-12.39,-12.56,-12.34,-12.48,-12.20,-12.20,-12.04,-12.48,-12.48,-12.34,-12.78,-12.12,-12.34,-12.70,-11.98,-12.20,-12.56,-12.34,-12.26,-12.26,-11.98,-12.34,-12.34,-12.26,-12.48,-12.61,-12.39,-12.48,-12.78,-12.34,-12.26,-12.70,-12.34,-12.26,-12.39,-12.61,-12.26,-12.20,-12.34,-12.48,-12.39,-12.26,-12.56,-12.39,-12.26,-12.48,-12.48,-12.39,-12.48,-12.61,-12.48,-12.56,-12.34,-12.56,-12.39,-12.61,-12.61,-12.34,-12.56,-12.78,-12.61,-12.39,-12.48,-12.39,-12.39,-12.56,-12.56,-12.61,-12.61,-12.12,-12.34,-12.56,-12.39,-12.97,-12.39,-12.70,-12.34,-12.12,-12.48,-12.48,-12.39,-12.34,-12.26,-12.39,-12.83,-12.48,-12.34,-12.48,-12.56,-12.48,-12.78,-12.56,-12.56,-12.56,-12.70,-12.26,-12.61,-12.26,-12.56,-12.70,-12.56,-12.56,-12.48,-12.56,-12.56,-12.83,-12.70,-12.61,-12.34,-12.56,-12.78,-12.70,-12.48,-12.39,-12.56,-12.61,-12.83,-12.34,-12.56,-12.61,-12.48,-12.56,-12.70,-12.78,-12.83,-12.92,-12.61,-12.48,-12.61,-12.78,-12.56,-12.61,-12.70,-12.83,-12.78,-12.83,-12.34,-12.70,-12.70,-12.78,-12.39,-12.92,-12.61,-12.78,-13.06,-12.92,-12.56,-12.70,-12.61,-12.70,-12.70,-12.61,-12.70
-12.92,-12.61,-12.61,-12.92,-12.61,-12.48,-12.92,-12.61,-12.92,-12.97,-12.39,-12.26,-12.92,-12.92,-12.56,-12.48,-12.70,-12.92,-12.83,-12.61,-12.92,-12.48,-12.70,-12.70,-12.78,-12.61,-12.70,-12.61,-12.39,-12.83,-12.78,-12.56,-12.70,-12.78,-12.70,-12.56,-12.34,-12.70,-12.39,-12.78,-12.78,-12.56,-12.70,-12.83,-12.56,-12.48,-12.78,-12.39,-12.83,-12.48,-12.70,-12.83,-12.70,-12.48,-12.39,-12.34,-12.39,-12.39,-12.39,-12.39,-12.61,-12.26,-12.48,-12.56,-12.61,-12.48,-12.48,-12.78,-12.48,-12.26,-12.26,-12.48,-12.56,-12.78,-12.26,-12.56,-12.26,-12.70,-12.39,-12.39,-12.56,-12.56,-12.39,-12.61,-12.39,-12.78,-12.26,-12.56,-12.20,-12.39,-12.04,-12.26,-12.56,-12.61,-12.34,-12.48,-12.26,-12.48,-12.39,-11.98,-12.04,-12.26,-12.26,-12.61,-12.70,-12.34,-12.34,-11.98,-12.39,-11.98,-12.34,-12.56,-12.56,-12.34,-12.56,-12.56,-12.39,-12.12,-12.26,-12.12,-12.48,-12.26,-12.04,-12.56,-12.20,-12.20,-12.34,-12.34,-12.26,-12.26,-12.26,-12.20,-12.34,-12.20,-12.34,-12.78,-12.48,-12.34,-12.12,-12.70,-12.12,-12.48,-12.56,-12.20,-12.48,-12.70,-12.34,-12.48,-12.26,-12.56,-12.56,-12.20,-12.48,-12.26,-12.56,-12.26,-12.12,-12.26,-12.61,-12.34,-12.48,-12.26,-11.76,-11.98,-12.20,-12.26,-12.12,-12.48,-12.56,-12.12,-12.26,-12.56,-12.12,-12.20,-12.39,-12.04,-12.20,-12.12,-12.61,-12.34,-12.12,-12.20,-12.20,-12.61,-12.48,-12.04,-11.90,-12.56,-12.12,-12.26,-12.20,-12.34,-12.26,-12.20,-12.26,-12.12,-12.34,-11.90,-12.70,-12.12,-12.34,-11.76,-12.61,-12.26,-12.20,-12.04,-12.26,-12.20,-12.04,-12.26,-12.34,-12.26,-12.20,-12.04,-12.20,-12.26,-12.26,-12.26,-12.26,-12.04,-12.34,-12.20,-12.20,-12.70,-12.48,-12.26,-12.48,-12.12,-12.34,-12.56,-12.56,-11.98,-12.20,-11.98,-12.34,-12.20,-12.61,-12.39,-12.56,-12.26,-12.39,-12.56,-12.26,-12.48,-12.26,-12.12,-12.39,-12.34,-12.34,-12.12,-12.39,-12.34,-12.56,-12.39,-12.04,-12.39,-12.48,-12.34,-12.39,-12.48,-12.48,-12.39,-12.61,-12.12,-12.48,-12.34,-12.20,-12.56,-12.34,-12.48,-12.34,-12.39,-12.34,-12.26,-12.56,-12.48,-12.26,-12.61,-12.61,-12.12,-12.26,-12.12,-12.26,-12.26,-12.56,-12.26,-12.48,-12.56,-12.39,-12.56,-12.61,-12.48,-12.48,-12.39,-12.34,-12.39,-12.39,-12.56,-12.34,-12.34,-12.34,-12.34,-12.48,-12.48,-12.56,-12.48,-12.34,-12.34,-12.34,-12.34,-12.48,-12.48,-12.56,-12.56,-12.26,-12.39,-12.56,-12.26,-12.39,-12.39,-12.26,-12.78,-12.39,-12.39,-12.48,-12.61,-12.92,-12.61,-12.83,-12.70,-12.34,-12.56,-12.70,-12.48,-12.61,-12.70,-12.39,-12.34,-12.39,-12.56,-12.56,-12.56,-12.70,-12.48,-12.61,-12.48,-12.97,-12.56,-12.61,-12.61,-12.78,-12.56,-12.56,-12.56,-12.56,-12.78,-12.48,-12.83,-12.61,-12.70,-12.56,-12.61,-12.97,-12.61,-12.61,-12.61,-12.61,-12.78,-12.61,-12.20,-12.61,-12.78,-12.97,-12.78,-12.78,-12.70,-12.97,-12.83,-12.92,-12.92,-12.83,-12.97
-12.83,-12.83,-12.56,-12.92,-12.92,-12.92,-12.78,-12.92,-12.97,-12.61,-12.70,-12.56,-12.92,-12.39,-12.92,-12.83,-12.61,-12.61,-12.70,-13.14,-12.39,-12.39,-12.39,-12.48,-12.61,-12.78,-12.70,-12.61,-12.56,-12.34,-13.06,-12.39,-12.78,-12.70,-12.39,-12.61,-12.48,-12.48,-12.48,-12.78,-12.48,-12.83,-12.61,-12.34,-12.78,-12.92,-12.56,-12.61,-12.48,-12.39,-12.34,-12.70,-12.20,-12.70,-12.70,-12.56,-12.48,-12.61,-12.48,-12.70,-12.83,-12.34,-12.48,-12.12,-12.61,-12.39,-12.34,-12.34,-12.39,-12.39,-12.48,-12.26,-12.48,-12.48,-12.34,-12.26,-12.48,-12.39,-12.48,-12.34,-12.26,-12.34,-12.39,-12.39,-12.83,-12.39,-12.39,-12.61,-12.34,-12.34,-12.48,-12.56,-12.20,-12.61,-12.48,-12.26,-12.48,-12.48,-12.56,-12.39,-12.26,-12.70,-12.12,-12.48,-12.48,-12.26,-12.39,-12.39,-12.56,-12.56,-12.39,-12.26,-12.56,-12.20,-11.98,-12.48,-12.04,-12.20,-12.26,-12.12,-11.98,-12.12,-12.20,-12.48,-12.48,-12.48,-12.34,-12.34,-12.48,-11.90,-12.20,-12.34,-12.48,-12.26,-12.20,-12.26,-12.34,-12.48,-12.26,-12.56,-12.12,-12.26,-12.04,-12.26,-12.39,-12.26,-12.39,-12.48,-12.61,-12.34,-12.39,-12.20,-12.04,-12.26,-11.76,-12.34,-12.34,-12.12,-12.48,-12.48,-12.26,-12.34,-12.48,-12.34,-12.12,-12.39,-11.98,-12.26,-12.34,-12.26,-12.26,-11.98,-11.98,-12.26,-12.39,-12.39,-12.12,-12.12,-11.98,-12.04,-12.04,-12.39,-12.48,-12.20,-12.39,-11.98,-12.26,-12.26,-12.34,-12.12,-11.90,-12.20,-12.56,-12.26,-12.04,-12.48,-12.34,-12.34,-11.90,-12.78,-12.20,-12.04,-12.34,-12.12,-12.12,-12.26,-12.48,-12.20,-12.04,-11.85,-12.26,-12.04,-12.39,-12.48,-12.26,-12.39,-12.34,-12.12,-12.20,-12.39,-12.56,-12.78,-12.26,-12.34,-12.12,-12.20,-12.39,-12.70,-12.48,-12.20,-12.20,-12.26,-12.34,-12.56,-12.39,-12.26,-12.20,-12.20,-12.39,-12.26,-12.12,-12.12,-12.20,-12.12,-12.61,-12.12,-12.12,-12.56,-12.39,-12.26,-12.61,-12.34,-12.26,-12.39,-11.98,-12.61,-12.56,-12.26,-12.34,-12.26,-12.20,-12.56,-12.39,-12.04,-12.34,-12.48,-12.20,-12.56,-12.34,-12.26,-12.04,-12.20,-12.39,-12.20,-12.04,-12.56,-12.26,-12.12,-12.34,-12.48,-12.26,-11.98,-12.34,-12.20,-12.12,-12.61,-12.39,-12.56,-12.20,-12.12,-12.48,-12.26,-12.39,-12.48,-12.48,-12.48,-12.20,-12.48,-12.20,-12.61,-12.26,-12.26,-12.48,-12.39,-12.70,-12.56,-12.56,-12.56,-12.39,-12.48,-12.34,-12.39,-12.61,-12.48,-12.39,-12.39,-12.39,-12.34,-12.34,-12.56,-12.39,-12.70,-12.56,-12.56,-12.39,-12.26,-12.61,-12.48,-12.39,-12.61,-12.39,-12.78,-12.56,-12.61,-12.56,-12.61,-12.78,-12.61,-12.61,-12.34,-12.56,-12.56,-12.78,-12.61,-12.70,-12.56,-12.34,-12.70,-12.39,-12.83,-12.48,-12.61,-12.70,-12.56,-12.83,-12.70,-12.78,-12.97,-12.39,-12.78,-12.70,-12.48,-12.78,-12.70,-12.83,-12.83,-12.48,-12.78,-12.70,-12.83,-12.56,-12.48,-12.56,-12.56,-12.78,-12.56,-12.56,-13.19,-12.97,-12.56,-12.70,-13.06
-12.83,-13.06,-12.83,-12.70,-13.06,-12.97,-12.39,-12.97,-12.92,-12.83,-12.48,-12.92,-12.61,-12.78,-12.83,-12.70,-12.92,-12.83,-12.83,-12.56,-12.48,-12.83,-12.70,-12.48,-12.48,-12.48,-12.39,-12.83,-12.83,-12.34,-12.97,-12.39,-12.78,-12.39,-12.56,-12.56,-12.39,-12.34,-12.26,-12.83,-12.39,-12.70,-12.61,-12.78,-12.61,-12.26,-12.83,-12.39,-12.83,-12.61,-12.56,-12.56,-12.70,-12.78,-12.70,-12.70,-12.34,-12.34,-12.56,-12.97,-12.61,-12.26,-12.78,-12.48,-12.70,-12.70,-12.34,-12.70,-12.97,-12.61,-12.70,-12.78,-12.48,-12.61,-12.26,-12.34,-12.39,-12.20,-12.61,-12.34,-12.34,-12.26,-12.78,-12.56,-12.78,-12.39,-12.48,-12.56,-12.34,-12.34,-12.61,-12.39,-12.26,-12.56,-12.34,-12.34,-12.34,-12.56,-12.48,-12.48,-12.61,-12.39,-12.39,-12.12,-11.98,-12.04,-12.39,-12.34,-12.48,-12.56,-12.39,-12.61,-12.12,-12.48,-12.39,-12.12,-12.26,-12.04,-12.61,-12.39,-12.56,-12.26,-12.56,-12.61,-12.48,-12.26,-12.20,-12.56,-12.34,-12.34,-12.39,-11.90,-12.39,-12.39,-12.20,-12.26,-12.26,-12.26,-12.04,-12.04,-12.34,-12.39,-12.39,-12.34,-12.34,-12.39,-12.48,-12.12,-12.48,-12.26,-12.04,-12.48,-11.98,-12.26,-12.39,-12.20,-12.04,-12.34,-12.34,-12.34,-12.56,-12.39,-12.20,-12.20,-12.04,-12.48,-11.98,-12.20,-11.76,-12.04,-12.20,-12.04,-12.20,-12.34,-12.20,-11.49,-12.20,-12.04,-12.34,-11.85,-11.98,-12.20,-12.12,-12.26,-11.90,-12.04,-11.98,-12.39,-12.26,-12.12,-12.04,-12.48,-12.12,-12.04,-11.90,-12.20,-12.26,-12.20,-12.20,-12.39,-11.98,-12.34,-12.04,-12.26,-12.12,-12.12,-12.12,-12.34,-11.98,-12.48,-12.12,-12.12,-12.39,-11.90,-12.34,-12.20,-12.26,-12.39,-12.34,-12.56,-12.04,-12.12,-12.26,-12.12,-12.12,-12.04,-12.04,-12.34,-12.48,-12.20,-12.26,-12.20,-12.26,-12.26,-12.39,-12.12,-12.20,-12.78,-12.20,-12.20,-12.26,-12.20,-12.39,-12.61,-12.39,-12.56,-12.48,-12.20,-12.12,-12.56,-12.20,-12.34,-12.34,-12.39,-12.39,-12.61,-12.39,-12.20,-12.39,-12.20,-12.34,-12.48,-12.34,-12.39,-12.34,-12.39,-12.20,-12.26,-12.12,-12.39,-12.34,-12.48,-12.26,-12.20,-12.61,-12.20,-12.39,-12.34,-12.48,-12.34,-12.61,-12.56,-12.48,-12.56,-12.34,-12.56,-12.20,-12.48,-12.20,-12.39,-12.20,-12.48,-12.26,-12.39,-12.20,-12.39,-12.56,-12.34,-12.61,-12.48,-12.34,-12.39,-12.61,-12.39,-12.39,-12.56,-12.56,-12.56,-12.78,-12.61,-12.39,-12.34,-12.34,-12.56,-12.34,-12.26,-12.56,-12.26,-12.34,-12.61,-12.34,-12.70,-12.34,-12.56,-12.48,-12.56,-12.48,-12.48,-12.61,-12.48,-12.48,-11.90,-12.56,-12.61,-12.56,-12.70,-12.83,-12.70,-12.70,-12.56,-12.39,-12.56,-12.39,-12.61,-12.61,-12.12,-12.61,-12.39,-12.12,-12.48,-12.70,-12.48,-12.34,-12.56,-12.48,-12.56,-12.39,-12.56,-12.61,-12.56,-12.56,-12.97,-12.61,-12.56,-12.56,-12.56,-12.56,-12.97,-12.61,-12.83,-12.56,-12.61,-12.70,-12.61,-12.83,-13.06,-12.48,-12.70,-12.48,-13.06,-12.92,-12.97
-12.92,-12.83,-12.61,-12.83,-12.56,-13.06,-12.83,-12.56,-12.61,-12.97,-12.78,-12.48,-12.83,-12.78,-12.48,-12.92,-12.61,-12.70,-12.48,-12.61,-12.48,-12.78,-12.70,-12.70,-12.83,-12.39,-12.48,-12.56,-12.70,-12.56,-12.39,-12.26,-12.56,-12.48,-12.39,-12.48,-12.70,-12.56,-12.34,-12.48,-12.92,-12.20,-12.48,-12.56,-12.34,-12.48,-12.48,-12.20,-12.48,-12.48,-12.56,-12.61,-12.56,-12.56,-12.20,-12.78,-12.56,-12.48,-12.26,-12.61,-12.34,-12.34,-12.39,-12.26,-12.34,-12.26,-12.61,-12.78,-12.26,-12.78,-12.39,-12.83,-12.34,-12.92,-12.56,-12.39,-12.39,-12.39,-12.56,-12.34,-12.20,-12.39,-12.34,-12.26,-12.39,-12.39,-12.34,-12.48,-11.98,-12.48,-12.48,-12.48,-12.34,-12.20,-12.34,-12.39,-12.48,-12.20,-12.61,-12.78,-12.34,-12.39,-12.61,-12.12,-12.56,-12.56,-12.70,-12.48,-11.98,-12.61,-12.26,-12.34,-12.26,-12.39,-12.26,-12.26,-12.20,-12.39,-12.34,-12.04,-12.39,-12.26,-12.26,-11.98,-12.34,-12.34,-12.34,-12.20,-12.39,-12.20,-12.34,-12.39,-12.78,-12.04,-12.34,-12.12,-12.26,-12.12,-12.26,-12.26,-12.39,-12.20,-12.26,-12.56,-12.04,-12.34,-12.34,-12.26,-11.98,-12.56,-12.20,-11.98,-12.20,-12.20,-12.20,-12.20,-12.26,-12.48,-12.26,-12.26,-12.12,-12.56,-12.20,-11.68,-12.20,-12.04,-11.85,-12.34,-12.12,-11.76,-12.12,-12.34,-12.26,-12.20,-12.39,-11.36,-11.90,-12.12,-12.34,-12.04,-12.26,-12.04,-12.12,-12.12,-11.90,-12.04,-12.26,-12.26,-12.48,-12.20,-11.90,-12.26,-12.12,-12.12,-12.12,-12.12,-12.20,-12.26,-12.12,-12.20,-12.20,-11.98,-12.48,-12.26,-12.04,-12.48,-12.39,-12.20,-11.98,-12.70,-12.61,-12.48,-11.98,-12.48,-12.04,-12.34,-12.12,-12.26,-12.48,-12.39,-12.39,-12.20,-12.26,-12.26,-11.98,-12.34,-12.12,-12.34,-12.39,-11.98,-12.20,-12.39,-12.12,-12.12,-12.12,-12.26,-12.48,-11.98,-12.34,-12.12,-12.20,-12.20,-12.34,-11.90,-12.39,-12.48,-12.34,-11.90,-12.56,-11.98,-12.48,-12.34,-12.61,-11.98,-12.34,-12.39,-12.20,-12.34,-12.20,-12.39,-12.34,-12.26,-12.26,-12.12,-12.48,-12.39,-12.34,-12.20,-12.04,-12.04,-12.39,-12.26,-12.26,-12.12,-12.48,-12.39,-12.39,-12.56,-12.70,-12.48,-12.20,-12.26,-12.26,-12.48,-12.56,-12.78,-12.39,-12.20,-12.56,-12.20,-12.39,-12.20,-12.04,-12.34,-12.56,-12.20,-12.26,-12.34,-12.39,-12.39,-12.20,-12.56,-12.48,-12.04,-12.12,-12.04,-12.48,-12.61,-12.34,-12.39,-12.04,-12.39,-12.20,-12.26,-12.70,-12.70,-12.56,-12.48,-12.39,-12.39,-12.26,-12.48,-12.78,-12.61,-12.39,-12.26,-12.48,-12.34,-12.61,-12.56,-12.34,-12.61,-12.39,-12.70,-12.61,-12.61,-12.61,-12.39,-12.39,-13.06,-12.56,-12.39,-12.56,-12.48,-12.61,-12.56,-12.70,-12.61,-12.70,-12.56,-12.70,-12.56,-12.92,-12.39,-12.48,-12.39,-12.56,-12.61,-12.56,-12.61,-12.83,-12.56,-12.92,-12.48,-12.48,-12.92,-12.83,-12.48,-12.48,-12.83,-12.61,-12.78,-12.61,-12.83,-13.14,-12.78,-12.61,-12.70,-12.83,-12.70,-12.97,-12.92
-12.70,-12.48,-12.97,-12.92,-12.56,-12.83,-12.56,-12.70,-12.83,-12.92,-12.78,-12.78,-12.83,-12.78,-12.48,-12.70,-12.34,-12.78,-12.48,-12.70,-12.78,-12.48,-12.70,-12.83,-12.70,-12.48,-12.78,-12.48,-12.83,-12.48,-12.34,-12.34,-12.48,-12.56,-12.78,-12.61,-12.56,-12.56,-12.48,-12.56,-12.61,-12.34,-12.39,-12.48,-12.78,-12.56,-12.20,-12.70,-12.48,-12.70,-12.26,-12.70,-12.61,-12.48,-12.34,-12.78,-12.56,-12.70,-12.20,-12.48,-12.39,-12.56,-12.97,-12.39,-12.34,-12.20,-12.48,-12.48,-12.26,-12.70,-12.48,-12.04,-12.48,-12.48,-12.12,-12.39,-12.39,-12.26,-12.39,-12.20,-12.12,-12.39,-12.48,-12.34,-12.26,-12.39,-12.83,-12.61,-12.26,-12.56,-12.39,-12.26,-12.56,-12.56,-12.61,-12.39,-12.39,-12.39,-12.04,-12.39,-12.04,-12.56,-12.78,-12.26,-12.12,-12.39,-12.34,-12.56,-12.34,-12.20,-11.90,-12.48,-12.04,-12.39,-12.34,-12.12,-12.48,-12.39,-12.48,-12.12,-12.12,-12.48,-12.48,-12.26,-12.39,-11.98,-12.56,-12.48,-12.04,-12.20,-12.39,-12.48,-12.12,-12.20,-12.26,-12.39,-12.48,-12.39,-12.12,-12.34,-12.26,-12.39,-12.26,-12.26,-12.34,-12.39,-12.56,-12.39,-12.20,-12.12,-12.12,-12.34,-12.12,-11.98,-12.39,-12.20,-11.90,-12.04,-12.26,-12.39,-12.12,-12.20,-12.56,-12.48,-12.48,-12.26,-12.20,-12.26,-12.12,-12.20,-12.39,-12.12,-11.98,-12.12,-11.98,-11.06,-10.92,-11.90,-12.04,-12.39,-12.04,-12.26,-12.12,-12.04,-12.39,-12.12,-12.26,-12.20,-12.48,-12.26,-11.90,-12.39,-12.12,-12.04,-12.26,-12.20,-12.20,-12.20,-12.26,-12.12,-12.48,-12.20,-11.98,-12.56,-12.20,-12.20,-11.90,-12.12,-12.04,-12.04,-11.90,-12.26,-12.34,-12.34,-12.04,-12.04,-12.20,-12.04,-12.12,-12.12,-11.90,-11.90,-12.20,-12.12,-11.98,-12.12,-12.34,-12.12,-12.20,-12.20,-12.20,-12.20,-12.20,-12.34,-12.12,-12.12,-12.34,-12.26,-12.04,-12.39,-12.12,-12.12,-12.48,-12.48,-12.48,-11.98,-12.26,-12.56,-12.48,-12.04,-12.12,-12.26,-12.12,-12.61,-12.20,-12.04,-12.20,-12.39,-12.39,-12.34,-12.56,-12.48,-12.39,-12.34,-12.39,-12.12,-12.48,-12.34,-12.04,-12.26,-12.26,-12.20,-12.26,-12.34,-12.34,-12.39,-12.26,-12.34,-12.78,-12.39,-12.39,-12.39,-12.39,-12.26,-12.78,-12.48,-12.61,-12.12,-12.34,-12.26,-12.12,-12.56,-12.12,-12.56,-12.61,-12.39,-12.26,-12.48,-12.39,-12.39,-12.04,-12.26,-12.61,-12.26,-12.26,-12.20,-12.39,-12.26,-12.39,-12.26,-12.26,-12.39,-12.48,-12.48,-12.56,-12.70,-12.61,-12.56,-12.48,-12.26,-12.39,-12.39,-12.04,-12.26,-12.56,-12.39,-11.98,-12.48,-12.39,-12.48,-12.56,-12.56,-12.34,-12.39,-12.39,-12.26,-12.56,-12.97,-12.56,-12.39,-12.34,-12.83,-12.48,-12.34,-12.56,-12.48,-12.61,-12.39,-12.34,-12.48,-12.70,-12.20,-12.56,-12.78,-12.48,-12.61,-12.34,-13.06,-12.83,-12.78,-12.92,-12.48,-12.61,-12.48,-12.83,-12.61,-12.61,-12.70,-12.61,-12.92,-12.83,-12.70,-12.56,-12.48,-12.78,-12.61,-12.61,-12.56,-12.61,-12.56,-12.92,-12.83
-12.48,-12.92,-12.70,-12.92,-12.78,-12.78,-12.83,-12.83,-12.83,-13.06,-12.39,-12.56,-12.61,-12.97,-12.92,-12.70,-12.70,-12.61,-12.61,-12.97,-12.70,-12.70,-12.70,-12.70,-12.39,-12.78,-12.26,-12.26,-12.83,-12.48,-12.56,-12.34,-12.48,-12.39,-12.39,-12.61,-12.20,-12.70,-12.56,-12.48,-12.26,-12.78,-12.61,-12.78,-12.26,-12.34,-12.48,-12.34,-12.78,-12.39,-12.48,-12.20,-12.61,-12.34,-12.39,-12.56,-12.34,-12.12,-12.61,-12.70,-12.26,-12.83,-12.56,-12.34,-12.61,-12.70,-12.92,-12.48,-12.48,-12.20,-12.48,-12.83,-12.56,-12.56,-12.61,-12.61,-12.61,-12.39,-12.83,-12.20,-12.34,-12.56,-12.34,-12.26,-12.48,-12.48,-12.34,-12.70,-12.20,-12.12,-12.34,-12.48,-12.39,-12.34,-12.12,-12.70,-12.26,-12.48,-12.56,-12.26,-12.12,-12.34,-12.39,-12.34,-12.56,-12.48,-12.39,-12.56,-12.26,-12.48,-11.98,-12.26,-12.48,-12.34,-12.26,-11.98,-12.39,-12.20,-12.39,-12.12,-12.34,-12.34,-12.26,-12.04,-12.26,-12.34,-12.12,-12.20,-12.12,-12.26,-12.34,-12.48,-12.20,-12.48,-12.04,-12.61,-12.39,-11.90,-11.98,-12.56,-12.48,-12.20,-12.34,-12.26,-12.56,-12.20,-12.34,-12.78,-12.26,-12.48,-12.20,-12.34,-11.98,-11.76,-12.26,-12.34,-12.12,-12.26,-12.20,-12.34,-12.12,-12.34,-11.98,-12.12,-12.34,-12.39,-11.98,-12.48,-12.20,-12.34,-12.12,-11.90,-12.39,-12.39,-12.12,-11.90,-10.17,-11.76,-12.12,-12.04,-12.04,-12.26,-12.39,-11.98,-11.85,-11.85,-12.12,-12.20,-12.26,-12.04,-11.98,-12.26,-12.12,-12.20,-12.61,-12.12,-12.26,-12.12,-12.04,-12.20,-12.12,-12.04,-11.90,-12.12,-12.48,-12.48,-12.26,-12.12,-12.20,-12.12,-11.90,-12.04,-12.34,-11.98,-11.98,-12.39,-12.12,-12.26,-12.26,-12.04,-12.26,-12.61,-12.48,-12.39,-12.26,-12.26,-12.61,-12.39,-12.34,-12.39,-12.12,-12.26,-12.12,-12.48,-12.48,-12.39,-12.34,-12.20,-12.48,-12.26,-12.04,-12.34,-11.98,-12.12,-12.26,-12.26,-12.26,-12.39,-12.12,-12.48,-11.98,-12.39,-12.12,-12.04,-12.12,-12.26,-12.34,-12.20,-12.26,-12.26,-11.98,-12.34,-12.48,-12.39,-12.26,-12.20,-12.34,-12.48,-12.26,-12.26,-11.90,-12.20,-12.48,-12.61,-12.26,-12.26,-12.26,-12.04,-12.83,-12.20,-12.48,-12.26,-12.39,-12.20,-12.39,-12.20,-12.34,-12.70,-12.39,-12.39,-12.39,-12.34,-12.48,-12.39,-12.56,-12.48,-12.26,-12.26,-12.34,-12.61,-12.34,-12.56,-12.26,-12.20,-12.34,-12.39,-12.34,-12.20,-12.39,-12.56,-12.34,-12.39,-12.39,-12.39,-12.34,-12.61,-12.20,-12.56,-12.34,-12.48,-12.39,-12.12,-12.61,-12.78,-12.39,-12.26,-12.61,-12.70,-12.48,-12.39,-12.48,-12.48,-12.39,-12.61,-12.48,-12.48,-12.61,-12.56,-12.48,-12.70,-12.48,-12.39,-12.70,-12.61,-12.97,-12.12,-12.61,-12.78,-12.48,-12.56,-12.70,-12.34,-12.61,-12.48,-12.56,-12.70,-12.56,-12.48,-12.48,-12.61,-12.61,-12.56,-12.61,-12.56,-12.39,-12.61,-12.39,-12.97,-12.78,-12.70,-12.61,-12.56,-12.48,-12.78,-12.92,-12.92,-12.78,-12.92,-13.06,-12.61,-12.70,-12.92
-12.78,-12.97,-12.56,-12.70,-12.61,-12.92,-12.83,-12.83,-12.97,-12.78,-12.78,-12.92,-12.78,-12.56,-12.48,-12.78,-12.48,-12.70,-13.06,-12.78,-12.70,-12.56,-12.39,-12.48,-12.39,-12.48,-12.39,-12.61,-12.56,-12.39,-12.92,-12.78,-12.70,-12.48,-12.56,-12.48,-12.48,-12.78,-12.12,-12.26,-12.56,-12.56,-12.78,-12.56,-12.61,-12.48,-12.39,-12.78,-12.56,-12.39,-13.06,-12.70,-12.56,-12.61,-12.70,-12.26,-12.39,-12.20,-12.34,-12.26,-12.34,-12.20,-12.61,-12.12,-12.34,-12.56,-12.39,-12.20,-12.48,-12.61,-12.26,-12.48,-12.48,-12.48,-12.48,-12.48,-12.78,-12.39,-12.26,-12.61,-12.26,-12.12,-12.34,-12.48,-12.92,-12.39,-12.34,-12.26,-12.39,-12.26,-12.56,-12.26,-12.56,-12.56,-12.34,-12.48,-12.34,-12.39,-12.39,-12.20,-12.61,-12.12,-12.12,-12.83,-12.48,-12.56,-12.56,-12.48,-12.26,-12.34,-12.34,-12.39,-12.39,-12.04,-12.12,-12.26,-12.04,-12.48,-12.34,-12.39,-12.56,-12.04,-11.90,-12.48,-12.26,-12.04,-12.26,-12.39,-12.12,-12.48,-12.12,-12.26,-11.98,-11.98,-12.26,-12.56,-12.20,-12.56,-12.39,-12.04,-12.26,-12.34,-12.20,-12.34,-12.48,-12.12,-11.98,-12.12,-12.26,-12.20,-12.39,-11.98,-11.63,-12.20,-12.39,-12.39,-12.39,-12.04,-12.34,-12.34,-12.39,-11.98,-12.26,-12.34,-12.04,-11.98,-12.12,-12.04,-12.04,-11.90,-12.20,-12.04,-11.98,-12.26,-12.34,-12.26,-11.49,-11.14,-11.90,-11.98,-12.04,-11.98,-11.98,-12.34,-12.48,-12.39,-11.90,-12.70,-12.20,-12.04,-12.12,-11.98,-12.04,-12.12,-12.20,-12.34,-12.12,-12.20,-12.20,-12.48,-11.98,-12.04,-12.20,-12.04,-12.20,-12.26,-12.12,-12.12,-11.98,-11.90,-12.04,-12.20,-12.26,-12.20,-12.34,-12.04,-12.04,-12.26,-12.34,-12.04,-12.26,-12.20,-12.34,-11.98,-12.12,-11.98,-12.34,-12.12,-12.12,-11.90,-12.39,-12.04,-12.04,-12.34,-12.26,-12.26,-12.39,-11.98,-12.26,-12.04,-12.39,-12.04,-12.39,-11.98,-12.34,-12.61,-12.34,-12.39,-11.98,-12.39,-12.34,-12.26,-12.20,-11.98,-12.34,-12.20,-12.26,-12.56,-12.26,-12.39,-12.20,-12.39,-12.56,-12.34,-12.12,-12.48,-12.26,-12.34,-12.56,-12.56,-12.78,-12.26,-12.26,-12.12,-12.34,-12.12,-12.39,-12.48,-12.12,-12.12,-12.48,-12.34,-12.61,-12.20,-12.04,-12.26,-12.04,-12.26,-12.34,-12.34,-12.34,-12.12,-12.39,-12.26,-12.34,-12.26,-12.34,-12.39,-12.26,-12.48,-12.39,-12.39,-12.34,-12.26,-12.34,-12.34,-12.04,-12.39,-11.98,-12.61,-12.56,-12.34,-12.70,-12.34,-12.20,-12.26,-12.34,-12.26,-12.34,-12.70,-12.39,-12.20,-12.70,-12.39,-12.34,-12.56,-11.90,-12.20,-12.39,-12.39,-12.56,-12.48,-12.39,-12.34,-12.39,-12.34,-12.48,-12.48,-12.70,-12.70,-12.48,-12.70,-12.78,-12.34,-12.56,-12.70,-12.34,-12.20,-12.48,-12.39,-12.70,-12.78,-12.56,-12.48,-12.39,-12.34,-12.78,-12.78,-12.48,-12.56,-12.61,-12.61,-12.56,-12.34,-12.39,-12.56,-12.61,-12.70,-12.48,-12.34,-12.83,-12.56,-12.70,-12.61,-12.78,-12.61,-12.78,-12.48,-12.70,-13.06,-12.56,-12.56
-13.14,-12.70,-13.06,-12.56,-12.61,-12.92,-12.92,-12.83,-12.83,-12.83,-12.78,-13.14,-12.61,-12.97,-12.78,-12.61,-12.70,-12.70,-12.78,-12.56,-12.39,-12.56,-12.70,-12.83,-12.56,-12.61,-12.39,-12.70,-12.78,-12.61,-12.39,-12.92,-12.34,-12.61,-12.34,-12.48,-12.61,-12.48,-12.70,-12.34,-12.78,-12.92,-12.34,-12.61,-12.34,-12.39,-12.78,-12.48,-12.20,-12.61,-12.39,-12.39,-12.61,-12.56,-12.20,-12.48,-12.48,-12.61,-12.48,-12.12,-12.48,-12.26,-12.48,-12.20,-12.34,-12.26,-12.48,-12.61,-12.97,-12.61,-12.26,-12.34,-12.61,-12.56,-11.90,-12.26,-12.34,-12.34,-12.26,-12.61,-12.56,-12.34,-12.61,-12.26,-12.48,-12.48,-12.61,-12.34,-11.98,-11.90,-12.34,-12.26,-12.39,-12.56,-12.34,-12.26,-12.34,-12.34,-11.85,-12.04,-12.04,-11.98,-12.39,-12.34,-12.39,-12.04,-12.12,-12.34,-12.39,-12.26,-12.20,-12.26,-11.98,-12.39,-12.20,-12.34,-12.12,-12.04,-12.56,-12.26,-12.48,-12.20,-12.39,-12.34,-11.98,-12.12,-12.34,-12.39,-12.12,-12.26,-12.39,-12.04,-12.20,-12.20,-12.26,-12.34,-12.39,-12.56,-12.12,-12.39,-12.12,-12.39,-12.20,-12.26,-12.20,-12.20,-12.20,-11.98,-12.20,-12.26,-12.34,-12.26,-11.98,-11.63,-11.63,-12.20,-12.04,-11.98,-11.98,-12.39,-12.04,-12.48,-12.39,-12.26,-12.34,-12.20,-12.34,-12.04,-12.20,-12.39,-12.04,-12.39,-11.98,-12.34,-12.20,-12.04,-11.90,-11.19,-11.68,-11.98,-11.85,-12.04,-12.39,-12.20,-12.04,-12.34,-12.34,-11.85,-12.48,-12.12,-12.04,-12.20,-11.85,-12.48,-12.20,-12.12,-11.85,-12.26,-12.61,-12.12,-12.12,-12.26,-12.26,-12.20,-11.90,-11.90,-12.34,-12.26,-12.04,-11.90,-11.90,-12.12,-12.12,-12.12,-12.26,-12.48,-12.12,-12.34,-11.98,-11.90,-12.04,-12.20,-12.48,-12.39,-12.34,-12.48,-11.98,-12.39,-11.98,-12.12,-12.39,-12.48,-12.04,-12.12,-12.34,-12.26,-12.20,-11.98,-12.20,-12.34,-12.39,-12.56,-12.34,-12.20,-12.61,-12.20,-12.26,-12.04,-12.34,-11.98,-11.98,-12.26,-12.12,-12.04,-12.39,-12.56,-12.61,-12.56,-12.48,-12.34,-12.20,-12.61,-12.34,-12.20,-12.20,-12.20,-12.20,-12.26,-12.56,-12.34,-12.56,-12.48,-12.20,-12.26,-12.34,-12.61,-12.61,-12.48,-12.34,-12.34,-12.56,-12.34,-12.26,-12.20,-12.56,-12.26,-12.12,-12.39,-12.20,-12.39,-12.26,-12.61,-12.34,-12.48,-12.26,-12.12,-12.26,-12.34,-12.61,-12.26,-12.61,-12.26,-12.39,-12.61,-12.34,-12.34,-12.61,-12.04,-12.48,-12.48,-12.26,-12.48,-12.39,-12.78,-12.34,-12.26,-12.48,-12.48,-12.39,-12.26,-12.34,-11.98,-12.61,-12.39,-12.34,-12.48,-12.61,-12.26,-12.26,-12.48,-12.34,-12.56,-12.56,-12.48,-12.61,-12.70,-12.39,-12.56,-12.39,-12.56,-12.48,-12.34,-12.70,-12.61,-12.48,-12.34,-12.48,-12.61,-12.48,-12.26,-12.39,-12.26,-12.48,-12.34,-12.70,-12.48,-12.56,-12.83,-12.70,-12.39,-12.61,-12.34,-12.61,-12.56,-12.39,-12.70,-12.48,-12.39,-12.61,-12.56,-12.78,-12.61,-12.56,-12.70,-12.56,-12.83,-12.70,-12.48,-12.61,-12.92,-12.83,-12.48
-12.70,-12.78,-12.78,-12.92,-12.61,-12.78,-12.48,-12.78,-12.61,-12.78,-12.34,-12.70,-12.83,-12.92,-12.34,-12.78,-12.92,-12.56,-12.39,-12.61,-12.48,-12.83,-13.06,-12.92,-12.70,-12.70,-12.83,-12.70,-12.48,-12.39,-12.48,-12.61,-12.61,-12.61,-12.39,-12.39,-12.34,-12.56,-12.56,-12.83,-12.78,-12.48,-12.39,-12.61,-12.48,-12.34,-12.26,-12.39,-12.34,-12.70,-12.34,-12.70,-12.34,-12.34,-12.34,-12.70,-12.26,-12.61,-12.48,-12.61,-12.61,-12.39,-12.12,-12.34,-12.20,-12.34,-12.56,-12.39,-12.20,-12.34,-12.48,-12.70,-12.70,-12.20,-12.48,-12.26,-12.48,-11.90,-12.39,-12.34,-12.39,-12.48,-12.78,-12.20,-12.20,-12.34,-12.70,-12.39,-12.48,-12.20,-12.78,-12.48,-12.12,-12.39,-12.26,-12.34,-12.56,-12.48,-12.39,-12.39,-12.34,-12.56,-12.34,-12.26,-12.48,-12.34,-12.39,-12.39,-12.39,-12.04,-12.70,-12.34,-12.26,-12.34,-12.56,-12.34,-12.48,-12.26,-12.34,-12.04,-12.04,-12.04,-12.04,-12.39,-11.98,-12.20,-12.48,-11.98,-12.34,-12.26,-12.20,-12.34,-12.12,-12.39,-12.20,-12.34,-12.04,-12.20,-12.39,-12.26,-12.39,-12.34,-12.34,-12.39,-12.26,-12.26,-12.34,-12.39,-12.48,-12.48,-12.39,-11.98,-12.20,-11.85,-12.04,-12.20,-11.98,-12.20,-12.48,-12.04,-12.70,-12.26,-12.48,-12.34,-12.39,-12.20,-12.12,-12.26,-12.26,-12.12,-12.34,-12.48,-12.04,-12.04,-11.90,-12.48,-11.85,-11.14,-11.85,-12.04,-11.98,-12.39,-11.98,-12.26,-12.12,-12.26,-12.26,-12.12,-12.26,-12.20,-12.12,-12.04,-12.12,-12.12,-12.26,-12.20,-11.90,-12.26,-11.98,-12.04,-12.20,-12.48,-12.20,-12.26,-11.98,-12.26,-12.04,-12.12,-11.90,-12.12,-12.04,-12.34,-12.04,-12.04,-12.04,-12.12,-12.04,-11.98,-12.34,-11.90,-12.12,-11.98,-12.26,-11.98,-12.12,-12.26,-12.34,-12.12,-11.98,-12.26,-12.12,-12.48,-12.39,-12.34,-12.39,-12.39,-12.20,-11.90,-12.04,-12.48,-12.12,-12.04,-11.90,-12.39,-12.34,-12.39,-12.20,-12.70,-11.98,-12.12,-12.34,-12.61,-12.34,-12.04,-12.12,-12.39,-12.39,-12.39,-12.20,-11.98,-12.34,-12.20,-12.26,-12.39,-12.20,-11.90,-12.26,-12.39,-12.12,-12.20,-12.26,-12.20,-12.48,-12.20,-12.34,-12.39,-12.61,-12.12,-12.39,-12.20,-12.70,-12.26,-12.20,-12.48,-12.56,-12.39,-12.39,-12.56,-12.48,-12.48,-12.20,-12.34,-12.26,-12.39,-12.34,-12.70,-12.20,-12.48,-12.26,-11.90,-12.61,-12.48,-12.39,-12.34,-12.39,-12.61,-12.48,-12.70,-12.39,-12.34,-12.56,-12.39,-12.26,-12.34,-12.39,-12.34,-12.20,-12.26,-12.61,-12.26,-12.20,-12.92,-12.34,-12.26,-12.26,-12.39,-12.39,-12.34,-12.34,-12.61,-12.48,-12.56,-12.61,-12.48,-12.48,-12.39,-12.39,-12.34,-12.70,-12.92,-12.26,-12.70,-12.39,-12.83,-12.61,-12.56,-12.78,-12.61,-12.26,-12.34,-12.34,-12.78,-12.61,-12.61,-12.56,-12.48,-12.92,-12.70,-12.34,-12.97,-12.56,-12.61,-12.61,-12.97,-12.56,-12.48,-12.70,-12.12,-12.12,-12.34,-12.83,-12.48,-12.61,-12.70,-12.92,-12.39,-13.06,-12.70,-12.92,-12.39,-12.61,-13.06
-12.97,-12.97,-12.48,-12.83,-12.78,-12.56,-12.97,-12.70,-12.39,-12.78,-12.83,-12.78,-12.83,-12.61,-12.70,-12.39,-12.56,-12.83,-12.78,-12.56,-12.48,-12.39,-12.70,-12.70,-12.61,-12.70,-12.61,-12.70,-12.48,-12.70,-12.56,-12.48,-12.92,-12.78,-12.61,-13.06,-12.48,-12.39,-12.39,-12.12,-12.48,-12.20,-12.78,-12.70,-12.34,-12.61,-12.70,-12.26,-12.34,-12.48,-12.12,-12.20,-12.12,-12.34,-12.78,-12.20,-12.34,-12.26,-12.39,-12.34,-12.26,-12.56,-12.56,-12.39,-12.34,-11.98,-12.26,-12.34,-12.34,-12.26,-12.26,-12.20,-12.34,-12.56,-12.34,-12.34,-12.48,-12.26,-12.39,-12.26,-12.39,-12.26,-12.56,-12.83,-12.70,-12.39,-12.34,-12.04,-12.56,-12.20,-12.48,-12.39,-12.34,-12.56,-12.70,-12.04,-12.48,-12.56,-12.56,-12.20,-12.20,-12.39,-12.39,-12.26,-12.26,-12.39,-12.04,-12.48,-12.26,-12.26,-12.26,-12.20,-12.04,-12.39,-12.20,-12.34,-12.20,-12.48,-12.39,-12.39,-12.26,-12.20,-12.26,-12.39,-12.61,-12.48,-12.56,-12.12,-12.12,-12.20,-12.48,-12.56,-12.56,-12.12,-11.98,-12.56,-12.48,-12.20,-12.04,-12.20,-12.04,-12.26,-12.34,-11.98,-12.20,-12.48,-12.20,-12.34,-11.90,-12.39,-12.04,-12.34,-12.04,-12.12,-11.98,-11.68,-11.98,-12.04,-12.34,-11.85,-12.56,-12.12,-12.34,-12.34,-12.26,-12.26,-12.20,-12.48,-11.90,-12.26,-12.26,-12.39,-12.34,-12.26,-11.90,-11.98,-12.12,-11.90,-11.14,-11.90,-11.98,-12.12,-12.04,-12.04,-11.98,-12.04,-12.20,-11.90,-11.90,-11.90,-11.98,-11.90,-12.04,-12.20,-12.04,-12.26,-12.39,-12.12,-12.12,-12.20,-12.20,-12.12,-12.56,-11.98,-12.04,-12.20,-11.98,-12.12,-12.26,-12.34,-11.90,-12.12,-12.20,-12.26,-12.12,-12.20,-12.12,-12.20,-12.12,-12.56,-12.39,-12.12,-12.12,-12.34,-12.12,-12.26,-12.34,-12.12,-11.98,-12.56,-12.20,-12.34,-12.34,-12.26,-12.20,-12.04,-12.04,-12.34,-12.39,-12.34,-11.90,-12.04,-12.20,-12.12,-12.04,-12.39,-12.39,-12.48,-12.04,-12.48,-12.26,-12.34,-12.56,-12.26,-12.39,-12.34,-12.56,-12.61,-12.39,-11.98,-12.12,-12.48,-12.20,-12.20,-12.39,-12.34,-12.12,-12.26,-12.12,-12.39,-12.39,-12.12,-12.26,-12.34,-12.26,-12.20,-12.26,-12.04,-12.04,-12.34,-12.56,-12.34,-12.20,-11.98,-12.56,-12.34,-12.39,-12.61,-12.34,-12.26,-12.20,-12.26,-12.39,-12.26,-12.26,-12.26,-12.39,-12.39,-12.48,-12.26,-12.20,-12.78,-12.39,-12.20,-12.39,-12.48,-12.48,-12.34,-12.34,-12.34,-12.48,-12.61,-12.20,-12.20,-12.61,-12.48,-12.26,-12.78,-12.20,-12.39,-12.34,-12.39,-12.70,-12.34,-12.12,-12.39,-12.78,-12.70,-12.70,-12.92,-12.34,-12.56,-12.34,-12.34,-12.20,-12.39,-12.78,-12.56,-12.39,-12.26,-12.48,-12.70,-12.48,-12.56,-12.39,-12.56,-12.48,-12.78,-12.34,-12.20,-12.78,-12.56,-12.61,-12.26,-12.56,-12.78,-12.78,-12.48,-12.20,-12.48,-12.48,-12.61,-12.61,-12.78,-12.83,-12.56,-12.70,-12.61,-12.92,-12.56,-12.48,-12.26,-12.70,-12.70,-12.83,-13.14,-12.70,-12.97,-12.83,-13.06,-12.56,-12.39
-12.92,-12.48,-12.48,-12.83,-12.48,-12.48,-12.48,-12.34,-12.78,-12.26,-12.56,-12.61,-12.83,-12.39,-12.83,-12.78,-13.06,-12.61,-12.70,-12.34,-12.78,-12.61,-12.34,-12.78,-12.78,-12.34,-12.61,-12.34,-12.39,-12.61,-12.34,-12.39,-12.83,-12.56,-12.34,-12.78,-12.34,-12.12,-12.48,-12.48,-12.39,-12.39,-12.61,-12.34,-12.56,-12.34,-12.20,-12.61,-12.34,-12.78,-12.20,-12.39,-12.20,-12.26,-12.20,-12.26,-12.20,-12.26,-12.26,-12.26,-12.70,-12.26,-12.70,-12.39,-12.39,-12.39,-12.26,-12.97,-12.48,-12.26,-12.48,-12.26,-12.48,-12.56,-12.39,-12.26,-12.34,-12.70,-12.39,-12.26,-12.26,-12.20,-12.26,-12.04,-12.48,-12.20,-12.34,-12.56,-12.48,-12.20,-12.56,-12.70,-12.39,-11.98,-12.26,-12.34,-11.90,-12.56,-12.48,-12.48,-12.26,-12.39,-12.56,-12.61,-12.56,-12.39,-12.34,-12.39,-12.04,-12.34,-12.56,-12.39,-12.39,-12.12,-12.26,-12.34,-12.34,-12.39,-12.39,-12.48,-12.12,-12.26,-12.12,-12.48,-12.12,-12.56,-11.90,-12.26,-12.56,-12.20,-12.20,-12.78,-12.20,-12.34,-12.20,-12.34,-12.12,-12.26,-12.12,-12.26,-12.20,-12.34,-12.26,-12.20,-12.12,-12.61,-12.12,-11.98,-11.98,-12.39,-11.98,-11.98,-12.26,-12.34,-11.90,-12.12,-11.85,-11.90,-12.20,-12.20,-12.20,-12.26,-12.12,-12.20,-12.39,-12.12,-12.26,-12.34,-12.04,-12.39,-12.12,-11.90,-12.34,-12.04,-12.26,-12.20,-12.34,-12.26,-11.27,-11.76,-11.85,-12.26,-12.26,-12.20,-12.20,-12.26,-12.20,-12.20,-12.12,-12.34,-12.12,-11.98,-12.34,-12.20,-12.26,-12.20,-11.68,-11.90,-12.12,-12.34,-11.68,-11.90,-12.12,-12.04,-12.04,-11.98,-12.04,-12.48,-12.20,-12.04,-12.04,-12.12,-12.12,-12.12,-11.90,-12.20,-12.20,-12.04,-12.12,-11.98,-12.04,-12.20,-12.12,-11.90,-12.34,-12.12,-12.20,-12.48,-12.12,-12.12,-11.98,-12.26,-12.04,-12.34,-12.12,-12.20,-12.12,-12.34,-12.12,-12.20,-12.39,-11.98,-12.39,-11.98,-11.68,-11.90,-12.34,-12.26,-12.26,-12.04,-11.98,-11.98,-12.34,-12.04,-11.98,-12.34,-12.20,-12.70,-12.39,-12.04,-12.26,-12.26,-12.48,-12.12,-12.56,-12.39,-12.20,-12.26,-12.34,-12.04,-12.12,-12.34,-12.34,-12.39,-12.34,-12.26,-12.20,-12.39,-12.26,-12.26,-12.56,-12.34,-11.98,-12.20,-12.26,-12.56,-12.39,-12.26,-12.26,-12.48,-12.56,-12.26,-12.34,-12.20,-12.12,-12.20,-12.56,-12.48,-12.70,-12.20,-12.34,-12.34,-12.20,-12.26,-12.34,-12.12,-12.56,-12.48,-12.61,-12.34,-12.20,-12.34,-12.78,-12.39,-12.34,-12.34,-12.34,-12.34,-12.39,-12.34,-12.56,-12.48,-12.20,-12.39,-12.34,-12.34,-12.48,-12.48,-12.39,-12.26,-12.48,-12.39,-12.61,-12.26,-12.61,-12.61,-12.61,-12.39,-12.34,-12.48,-12.48,-12.39,-12.70,-12.39,-12.48,-12.56,-12.70,-12.39,-12.48,-12.56,-12.26,-12.20,-12.48,-12.70,-12.70,-12.61,-12.48,-12.78,-12.48,-12.83,-12.78,-12.61,-12.61,-12.48,-12.20,-12.48,-12.56,-12.61,-12.78,-12.97,-12.83,-12.56,-12.92,-12.97,-12.56,-12.48,-12.97,-12.70,-12.61,-13.06,-13.06,-12.78
-12.92,-12.97,-12.92,-12.78,-13.06,-12.48,-12.78,-12.83,-12.78,-12.83,-12.83,-12.83,-12.83,-12.61,-12.56,-12.83,-12.97,-12.56,-12.83,-12.78,-12.92,-12.34,-12.61,-12.61,-12.56,-12.70,-12.34,-12.78,-12.39,-12.78,-12.56,-12.61,-12.78,-12.61,-12.26,-12.34,-12.61,-12.56,-12.48,-12.34,-12.70,-12.39,-12.48,-12.78,-12.48,-12.56,-12.61,-12.61,-12.61,-12.34,-12.61,-12.34,-12.56,-12.70,-12.56,-12.26,-12.26,-12.26,-12.34,-12.70,-12.48,-12.48,-12.26,-12.39,-12.26,-12.39,-12.92,-12.56,-12.70,-12.48,-12.70,-12.70,-12.48,-12.34,-12.20,-12.48,-12.26,-12.20,-12.20,-12.20,-12.39,-12.20,-12.34,-12.20,-12.39,-12.34,-12.61,-12.48,-12.12,-12.92,-12.20,-12.12,-12.12,-12.34,-12.34,-12.56,-12.34,-12.26,-12.39,-12.39,-12.20,-12.34,-12.04,-12.48,-12.26,-12.34,-12.20,-12.20,-12.39,-12.48,-12.04,-12.04,-12.34,-12.48,-12.48,-12.26,-12.39,-12.70,-12.39,-12.20,-12.39,-12.12,-11.98,-12.20,-12.56,-12.12,-12.48,-12.56,-12.39,-12.04,-12.12,-12.34,-12.61,-12.26,-12.12,-12.04,-12.04,-11.98,-12.20,-12.61,-12.12,-12.20,-12.56,-12.20,-12.39,-12.39,-12.20,-11.90,-12.34,-12.39,-12.20,-12.34,-12.48,-12.04,-12.34,-11.90,-11.85,-11.76,-12.12,-12.48,-11.98,-12.26,-12.12,-12.34,-12.34,-12.34,-12.20,-11.98,-11.90,-12.34,-11.90,-11.98,-12.26,-12.04,-11.90,-12.12,-12.12,-12.26,-11.76,-11.68,-11.98,-11.98,-12.04,-12.12,-12.20,-11.90,-11.90,-11.90,-12.04,-12.04,-12.04,-12.04,-12.04,-12.12,-11.98,-12.12,-12.12,-12.34,-11.90,-12.04,-11.90,-11.90,-11.85,-12.04,-12.04,-12.56,-12.20,-11.90,-12.34,-12.04,-12.12,-12.39,-11.90,-11.98,-12.34,-12.78,-12.20,-11.98,-12.12,-12.20,-12.12,-12.04,-12.56,-11.85,-12.34,-12.12,-12.04,-12.20,-12.26,-12.56,-11.98,-12.04,-12.20,-12.12,-12.20,-12.48,-11.98,-12.20,-12.39,-12.48,-12.39,-12.61,-11.98,-12.39,-12.26,-12.48,-11.98,-12.34,-12.39,-12.26,-12.26,-12.39,-11.98,-12.34,-12.26,-12.56,-12.34,-12.39,-12.39,-12.34,-12.56,-12.48,-12.04,-12.39,-12.34,-12.34,-12.48,-12.26,-12.39,-12.26,-11.98,-12.12,-12.20,-12.20,-12.04,-12.26,-12.48,-12.12,-12.34,-12.20,-12.26,-12.61,-12.26,-12.20,-12.12,-12.26,-12.26,-12.20,-12.56,-12.12,-12.48,-12.20,-12.34,-12.39,-12.26,-12.34,-12.26,-12.12,-12.34,-12.04,-12.48,-12.70,-12.26,-12.48,-12.34,-12.70,-12.39,-12.34,-12.26,-12.20,-12.61,-12.48,-12.34,-12.04,-12.34,-12.12,-12.70,-12.20,-12.12,-12.12,-12.20,-12.39,-12.70,-12.39,-12.48,-12.61,-12.48,-12.20,-12.26,-12.56,-12.26,-12.48,-12.34,-12.48,-12.34,-12.48,-12.39,-12.34,-12.39,-12.56,-12.39,-12.56,-12.61,-12.61,-12.61,-12.48,-12.56,-12.70,-12.39,-12.48,-12.48,-12.92,-12.39,-12.78,-12.83,-12.70,-12.92,-12.61,-12.56,-12.61,-12.39,-12.83,-12.39,-12.70,-12.39,-12.34,-12.70,-12.83,-12.61,-12.61,-12.56,-12.26,-12.78,-12.61,-12.83,-12.34,-13.14,-12.70,-12.97,-12.61,-12.61,-13.06
-12.70,-12.56,-12.70,-12.83,-12.83,-12.97,-12.78,-12.56,-12.56,-12.83,-12.48,-12.92,-12.70,-12.56,-12.56,-12.56,-12.34,-12.61,-12.26,-12.70,-12.26,-12.39,-12.61,-12.61,-12.26,-12.34,-12.56,-12.34,-12.56,-12.61,-12.61,-12.56,-12.61,-12.83,-12.78,-12.26,-12.34,-12.39,-12.26,-12.48,-12.70,-12.34,-12.48,-12.34,-12.26,-12.92,-12.26,-12.61,-12.70,-12.34,-12.39,-12.12,-12.26,-12.39,-12.26,-12.34,-12.56,-12.26,-12.34,-12.12,-12.26,-12.34,-12.20,-12.48,-12.48,-12.26,-12.70,-12.34,-12.12,-12.70,-12.12,-12.56,-12.20,-12.34,-12.20,-12.34,-12.70,-12.12,-12.26,-12.39,-12.26,-12.83,-12.70,-12.26,-12.34,-12.48,-12.26,-12.34,-12.48,-12.61,-12.04,-12.70,-12.12,-12.48,-12.39,-12.34,-12.70,-12.56,-12.12,-12.61,-12.56,-12.04,-12.34,-12.39,-12.26,-12.39,-12.78,-12.04,-12.39,-12.20,-12.12,-12.39,-12.56,-12.83,-12.26,-12.56,-12.39,-12.61,-12.34,-12.34,-12.56,-11.98,-12.20,-12.26,-12.20,-12.26,-12.34,-12.12,-12.20,-11.98,-12.34,-12.04,-12.12,-12.39,-12.26,-12.26,-12.39,-12.04,-11.90,-11.76,-11.90,-12.12,-12.04,-12.12,-12.39,-12.39,-12.61,-12.04,-12.04,-12.12,-12.26,-12.26,-12.48,-12.26,-12.04,-12.12,-11.90,-12.04,-11.98,-11.76,-12.34,-12.20,-12.26,-12.20,-12.12,-12.39,-12.04,-12.26,-11.85,-11.98,-11.85,-12.12,-12.26,-12.26,-12.20,-12.12,-12.12,-11.90,-11.76,-11.06,-12.20,-12.34,-11.98,-11.90,-11.76,-11.85,-11.98,-12.12,-12.12,-12.20,-11.98,-11.90,-12.20,-12.20,-12.34,-11.68,-12.12,-12.04,-12.34,-11.90,-12.12,-12.20,-12.26,-12.04,-11.90,-12.04,-11.68,-12.12,-12.04,-11.90,-11.76,-12.04,-11.49,-12.26,-11.85,-11.98,-12.20,-12.26,-12.04,-12.34,-12.26,-12.12,-12.12,-12.04,-12.12,-12.04,-12.34,-11.98,-12.04,-12.26,-12.04,-11.90,-12.26,-12.20,-12.26,-12.61,-12.34,-11.90,-12.12,-11.90,-12.04,-12.04,-12.34,-12.12,-12.34,-12.34,-11.98,-12.12,-12.26,-12.26,-12.04,-12.39,-12.04,-12.26,-12.12,-12.26,-12.20,-12.12,-12.20,-12.20,-12.20,-12.48,-12.34,-12.39,-12.34,-12.04,-12.34,-12.39,-12.20,-11.98,-12.04,-12.26,-12.12,-12.04,-12.26,-12.48,-11.98,-12.20,-12.39,-12.39,-12.20,-12.12,-12.56,-12.39,-12.34,-12.12,-12.20,-12.20,-12.56,-12.04,-12.20,-12.34,-11.98,-12.26,-12.12,-12.34,-12.26,-12.34,-12.56,-12.12,-12.26,-12.12,-12.39,-12.26,-12.26,-12.61,-12.20,-12.39,-12.26,-12.39,-11.98,-12.39,-12.34,-12.20,-12.34,-12.39,-12.61,-12.20,-12.12,-12.04,-12.39,-12.39,-12.26,-12.34,-12.20,-12.70,-12.70,-12.26,-12.48,-12.48,-12.56,-12.39,-12.26,-12.26,-12.39,-12.48,-12.26,-12.34,-12.12,-12.39,-12.56,-12.39,-12.26,-12.48,-12.56,-12.61,-12.39,-12.78,-12.20,-12.48,-12.56,-12.61,-12.92,-11.98,-12.92,-12.26,-12.48,-12.56,-12.61,-12.70,-12.48,-12.92,-12.70,-12.61,-12.56,-12.97,-12.56,-12.61,-12.48,-12.83,-12.48,-12.56,-12.39,-12.48,-12.48,-12.48,-12.70,-12.70,-12.70,-12.70,-12.39,-12.61
-12.78,-12.83,-12.97,-12.70,-12.78,-12.61,-12.34,-12.83,-12.39,-12.48,-12.83,-12.92,-12.26,-12.56,-12.39,-12.70,-12.48,-12.70,-12.48,-12.56,-12.61,-12.83,-12.61,-12.48,-12.61,-12.61,-12.56,-12.20,-12.48,-12.39,-12.39,-12.34,-12.61,-12.34,-12.78,-12.39,-12.48,-12.26,-12.56,-12.61,-12.34,-12.48,-12.26,-12.26,-12.61,-12.04,-12.26,-12.56,-12.39,-12.34,-12.48,-12.34,-12.39,-12.39,-12.39,-12.61,-12.56,-12.61,-12.48,-12.26,-12.48,-12.61,-12.26,-12.48,-12.78,-12.39,-12.70,-12.48,-12.26,-12.12,-12.20,-12.34,-12.70,-12.04,-12.70,-12.26,-12.61,-12.34,-12.20,-12.39,-12.39,-12.34,-12.48,-12.26,-12.48,-12.20,-12.20,-12.20,-12.12,-12.34,-12.39,-12.34,-12.26,-12.56,-12.20,-12.26,-12.61,-12.39,-12.20,-12.39,-12.39,-12.26,-12.04,-12.34,-12.48,-12.04,-12.39,-12.26,-12.56,-12.34,-12.20,-12.34,-11.98,-12.20,-11.98,-12.39,-12.39,-12.26,-12.34,-12.70,-12.48,-12.34,-12.39,-12.61,-12.48,-12.26,-12.20,-11.98,-12.34,-12.56,-12.34,-12.12,-12.34,-12.26,-12.56,-12.39,-12.56,-12.20,-12.12,-12.20,-12.12,-12.34,-12.12,-12.20,-12.34,-12.34,-12.61,-12.12,-12.12,-12.04,-12.04,-11.98,-11.85,-12.26,-12.04,-11.90,-11.98,-11.63,-12.12,-12.04,-12.39,-12.12,-12.12,-12.56,-12.34,-12.34,-12.48,-12.12,-12.20,-11.90,-12.04,-11.98,-11.98,-12.04,-12.26,-12.04,-12.39,-12.20,-11.85,-11.55,-11.19,-11.98,-12.34,-12.20,-11.98,-12.26,-12.20,-12.26,-12.12,-11.98,-11.90,-11.90,-11.98,-12.39,-11.90,-12.04,-12.26,-11.85,-11.90,-11.98,-11.90,-12.26,-12.26,-11.76,-12.20,-12.34,-12.04,-12.12,-12.20,-12.34,-12.20,-12.12,-12.12,-12.20,-12.04,-12.34,-12.48,-12.04,-12.20,-12.34,-12.26,-12.04,-12.20,-12.20,-12.04,-12.04,-11.90,-12.12,-11.98,-12.26,-12.12,-11.98,-12.12,-11.98,-12.20,-12.12,-11.98,-12.04,-12.34,-12.34,-12.34,-12.20,-12.20,-12.26,-12.12,-12.20,-12.12,-12.20,-12.26,-12.34,-12.26,-11.85,-12.26,-12.12,-11.98,-12.39,-12.26,-12.12,-12.34,-12.12,-12.70,-12.20,-12.26,-11.98,-12.26,-12.39,-12.39,-12.34,-12.48,-12.39,-12.20,-12.61,-12.48,-12.39,-12.39,-12.39,-12.34,-12.61,-12.12,-12.20,-12.20,-12.20,-12.34,-11.98,-12.34,-12.20,-12.48,-12.04,-12.39,-12.61,-11.98,-12.20,-12.34,-12.04,-12.20,-12.34,-12.34,-12.26,-12.34,-12.70,-12.39,-12.20,-12.20,-12.39,-12.34,-12.04,-12.04,-12.26,-12.20,-12.48,-12.61,-12.61,-12.70,-12.56,-12.61,-12.12,-12.39,-12.20,-12.48,-12.48,-12.12,-12.70,-12.48,-12.34,-12.26,-12.20,-12.56,-12.34,-12.26,-12.34,-12.26,-12.83,-12.61,-12.56,-12.34,-12.04,-12.34,-12.20,-12.48,-12.26,-12.20,-12.70,-12.56,-12.20,-12.48,-12.78,-12.70,-12.48,-12.26,-12.83,-12.70,-12.48,-12.56,-12.70,-12.34,-12.56,-12.39,-12.39,-12.83,-12.56,-12.56,-12.56,-12.34,-12.61,-12.61,-12.56,-12.61,-12.83,-12.56,-12.78,-12.56,-12.48,-12.97,-12.34,-12.92,-12.61,-12.70,-12.83,-12.92,-12.78,-12.61,-12.56
-12.83,-12.83,-12.78,-12.48,-13.14,-12.83,-12.70,-12.78,-12.56,-12.48,-12.48,-12.78,-12.70,-12.61,-12.78,-12.70,-12.78,-12.92,-12.78,-12.61,-12.70,-12.92,-12.56,-12.70,-12.48,-12.70,-12.70,-12.56,-12.48,-12.56,-12.61,-12.39,-12.48,-12.34,-12.61,-12.61,-12.61,-12.70,-12.34,-12.61,-12.39,-12.56,-12.61,-12.34,-12.92,-12.34,-12.39,-12.61,-12.39,-12.48,-12.39,-12.61,-12.39,-12.56,-12.39,-12.39,-12.48,-12.56,-12.20,-12.61,-12.92,-12.20,-12.20,-12.61,-12.56,-12.20,-12.34,-12.34,-11.98,-12.34,-12.39,-12.61,-12.26,-12.39,-12.48,-12.39,-12.34,-12.12,-11.85,-12.26,-12.12,-12.20,-12.61,-12.04,-12.48,-12.20,-12.26,-12.26,-12.34,-12.39,-12.26,-12.56,-12.34,-12.20,-12.04,-11.90,-12.34,-12.26,-11.98,-12.56,-12.20,-12.48,-12.48,-12.26,-12.20,-12.34,-12.04,-12.34,-12.39,-12.48,-12.56,-12.20,-12.26,-12.26,-12.34,-12.20,-12.12,-12.48,-12.34,-12.12,-12.26,-12.26,-12.20,-12.12,-12.04,-12.48,-12.34,-12.48,-12.61,-11.98,-12.48,-12.12,-12.20,-12.12,-12.26,-12.20,-12.20,-12.26,-12.04,-12.34,-12.39,-12.39,-12.26,-12.48,-12.34,-11.98,-12.26,-12.12,-12.34,-12.20,-12.48,-12.39,-12.34,-12.34,-12.34,-12.12,-12.20,-12.12,-11.98,-11.90,-12.39,-12.34,-12.12,-12.39,-12.34,-11.85,-12.12,-12.12,-11.98,-12.34,-12.04,-12.04,-12.20,-12.12,-11.85,-12.26,-12.12,-12.26,-11.98,-11.85,-11.49,-11.90,-12.12,-12.39,-12.04,-12.20,-12.20,-12.12,-12.12,-11.98,-11.98,-12.12,-12.12,-12.04,-12.04,-11.98,-12.20,-12.12,-11.98,-12.20,-12.04,-11.98,-12.04,-12.48,-11.98,-12.12,-11.98,-12.04,-11.90,-11.98,-11.98,-11.85,-12.20,-12.12,-12.34,-11.85,-12.34,-12.20,-12.04,-12.34,-12.39,-12.04,-12.12,-11.85,-11.85,-12.12,-12.12,-12.34,-12.04,-12.26,-12.26,-11.90,-12.34,-12.48,-12.39,-12.12,-12.34,-12.20,-12.26,-12.39,-12.34,-12.39,-12.39,-11.90,-12.20,-12.04,-12.20,-12.39,-11.55,-12.56,-12.20,-12.12,-11.98,-12.39,-12.48,-12.12,-12.12,-12.26,-12.34,-12.20,-11.98,-12.20,-12.56,-12.39,-12.39,-12.26,-12.26,-12.26,-12.04,-12.39,-12.34,-12.34,-12.12,-12.12,-12.12,-12.70,-12.04,-12.26,-12.20,-12.20,-12.20,-12.20,-12.20,-12.56,-12.20,-12.39,-12.34,-12.34,-12.34,-12.20,-12.26,-12.20,-12.56,-12.20,-12.26,-11.98,-12.26,-12.20,-12.26,-12.20,-12.48,-12.56,-12.34,-12.39,-12.34,-12.04,-12.39,-12.26,-12.48,-12.26,-12.39,-11.98,-12.20,-12.26,-12.83,-12.34,-12.70,-12.34,-12.26,-12.20,-12.39,-12.70,-12.34,-12.26,-12.20,-12.12,-12.70,-12.56,-12.26,-12.39,-12.48,-12.34,-12.12,-12.26,-12.61,-12.61,-12.70,-12.56,-12.70,-12.34,-12.70,-12.26,-12.26,-12.39,-12.34,-12.78,-12.56,-12.61,-12.39,-12.26,-12.92,-12.34,-12.83,-12.56,-12.78,-12.39,-12.56,-12.48,-12.61,-12.61,-12.61,-12.56,-12.70,-12.61,-12.48,-12.12,-12.78,-13.14,-12.61,-12.92,-12.39,-12.78,-12.61,-12.97,-13.06,-12.61,-12.83,-12.48,-12.78,-12.97,-12.92,-12.92
-12.61,-12.56,-12.70,-12.48,-12.83,-12.70,-12.83,-12.78,-12.39,-12.92,-12.61,-12.83,-12.48,-12.83,-12.78,-12.78,-12.39,-12.61,-12.78,-12.48,-12.20,-12.04,-12.26,-12.48,-12.48,-12.04,-12.34,-12.56,-12.39,-12.78,-12.34,-12.70,-12.34,-12.39,-12.61,-12.70,-12.34,-12.26,-12.34,-12.26,-12.48,-12.48,-12.48,-12.61,-12.34,-12.39,-12.39,-12.61,-12.48,-12.34,-12.20,-12.39,-12.39,-12.39,-12.48,-12.26,-12.39,-12.56,-12.39,-12.61,-12.26,-12.26,-12.39,-12.48,-12.12,-12.61,-12.34,-12.34,-12.48,-12.61,-12.39,-12.70,-12.39,-12.56,-12.39,-12.61,-12.34,-12.20,-12.61,-12.34,-12.12,-12.26,-12.48,-11.98,-12.34,-12.39,-11.98,-12.48,-12.70,-12.04,-12.39,-12.39,-12.34,-12.39,-12.39,-12.48,-12.70,-12.39,-12.39,-12.20,-12.20,-12.34,-12.70,-11.98,-12.26,-12.34,-12.04,-12.48,-12.39,-12.12,-12.20,-12.39,-12.20,-12.20,-12.12,-12.04,-12.56,-12.20,-12.34,-12.56,-12.04,-12.56,-12.56,-12.56,-12.56,-12.39,-12.34,-12.39,-12.48,-12.26,-12.39,-12.12,-12.12,-12.34,-11.90,-12.34,-12.26,-12.20,-12.48,-12.48,-12.04,-12.34,-12.04,-12.04,-12.26,-12.26,-12.34,-12.26,-12.26,-12.34,-12.20,-12.26,-12.04,-12.26,-12.34,-12.12,-12.20,-11.85,-12.12,-11.90,-11.85,-11.98,-12.26,-12.20,-12.48,-12.39,-12.04,-12.34,-12.04,-12.12,-12.20,-12.26,-11.85,-12.26,-12.04,-12.48,-12.26,-12.39,-12.12,-12.20,-11.41,-11.76,-11.98,-12.04,-12.04,-11.90,-12.26,-12.20,-11.98,-12.12,-11.98,-12.26,-12.26,-12.04,-12.34,-11.98,-12.34,-12.12,-11.98,-12.20,-12.26,-12.12,-12.20,-12.34,-11.90,-12.04,-11.90,-12.48,-12.12,-12.04,-12.04,-11.98,-12.12,-11.98,-12.12,-12.12,-12.12,-11.90,-12.12,-12.04,-12.20,-12.04,-12.04,-12.12,-11.76,-10.92,-12.04,-12.34,-12.26,-12.34,-12.26,-12.04,-12.34,-12.04,-12.04,-12.04,-11.90,-12.34,-12.04,-12.34,-12.39,-12.12,-12.34,-12.26,-12.12,-12.34,-12.12,-12.26,-12.04,-12.26,-12.26,-12.34,-12.04,-12.34,-12.34,-11.98,-12.34,-12.34,-12.20,-12.39,-12.12,-12.26,-12.34,-11.85,-12.12,-12.56,-11.98,-12.39,-12.39,-12.48,-12.34,-12.20,-12.34,-12.26,-12.26,-12.20,-12.26,-12.20,-12.48,-12.26,-12.39,-12.26,-12.20,-12.20,-12.70,-12.48,-12.39,-12.20,-12.04,-12.34,-12.61,-12.56,-12.78,-12.56,-12.48,-12.34,-12.04,-12.56,-12.56,-12.34,-12.34,-12.48,-12.39,-12.12,-12.34,-12.12,-12.39,-12.48,-12.12,-12.26,-12.39,-12.48,-12.26,-11.98,-12.39,-12.39,-12.39,-12.26,-12.61,-12.26,-12.61,-12.39,-12.48,-12.12,-12.39,-12.61,-12.61,-12.34,-12.26,-12.70,-12.70,-12.26,-12.12,-12.39,-12.61,-12.26,-12.34,-12.48,-12.61,-12.56,-12.48,-12.39,-12.48,-12.83,-12.39,-12.39,-12.70,-12.39,-12.56,-12.70,-12.39,-12.56,-12.48,-12.48,-12.78,-12.61,-12.39,-12.70,-12.83,-12.39,-12.56,-12.61,-12.56,-12.83,-12.83,-12.70,-12.56,-12.70,-12.48,-12.39,-12.48,-12.70,-12.61,-12.83,-12.97,-12.61,-12.78,-12.97,-12.83,-12.83,-12.70,-12.70
-12.78,-12.56,-12.83,-12.83,-12.97,-12.92,-12.48,-12.97,-12.83,-12.78,-12.61,-12.78,-12.78,-12.56,-12.48,-12.92,-12.83,-12.61,-12.48,-12.70,-13.19,-12.92,-12.78,-12.39,-12.39,-12.26,-12.34,-12.48,-12.48,-12.34,-12.20,-12.78,-12.20,-12.61,-12.34,-12.48,-12.48,-12.78,-12.78,-12.39,-12.26,-12.70,-12.61,-12.56,-12.34,-12.70,-12.39,-12.39,-12.34,-12.26,-12.70,-12.26,-12.39,-12.34,-12.48,-12.48,-12.34,-12.39,-12.78,-12.20,-12.61,-12.34,-12.70,-12.34,-12.34,-12.48,-12.34,-12.48,-12.39,-12.20,-12.20,-11.85,-12.61,-12.20,-11.98,-12.39,-12.20,-12.56,-12.39,-12.12,-12.34,-12.34,-12.70,-12.34,-12.20,-12.20,-12.34,-12.26,-11.98,-12.70,-12.26,-12.20,-12.48,-12.20,-12.39,-12.39,-12.20,-12.20,-12.20,-12.26,-11.98,-12.26,-12.39,-12.48,-12.12,-12.26,-12.48,-12.48,-12.34,-12.26,-12.34,-12.39,-12.39,-12.12,-12.34,-12.04,-12.26,-12.20,-12.26,-11.98,-12.26,-11.98,-12.34,-12.34,-12.39,-12.20,-12.20,-12.56,-12.39,-12.34,-12.12,-12.20,-12.20,-12.34,-12.39,-12.26,-12.26,-12.70,-12.20,-12.20,-11.98,-12.20,-12.04,-12.48,-12.26,-12.26,-12.20,-12.34,-12.20,-12.39,-12.12,-12.26,-12.12,-12.20,-12.04,-12.39,-12.48,-12.12,-12.04,-11.85,-11.98,-12.12,-11.98,-12.48,-11.98,-12.61,-12.20,-12.12,-12.12,-11.85,-12.04,-11.85,-11.98,-11.90,-11.90,-12.12,-12.26,-12.04,-12.04,-11.90,-11.49,-11.63,-12.39,-12.20,-11.85,-12.34,-12.04,-12.12,-11.98,-12.26,-12.26,-12.12,-12.20,-12.12,-12.12,-12.12,-12.04,-11.85,-12.12,-12.12,-12.04,-11.98,-12.04,-12.04,-12.20,-11.98,-12.48,-11.98,-11.90,-11.76,-12.04,-12.20,-12.26,-12.26,-12.26,-12.04,-12.20,-12.12,-12.26,-12.26,-11.98,-11.98,-12.26,-12.04,-11.41,-11.49,-11.98,-11.90,-12.04,-12.12,-11.98,-12.26,-12.48,-12.20,-11.85,-11.85,-11.90,-12.12,-11.98,-12.26,-11.98,-12.04,-11.98,-12.34,-12.34,-12.20,-12.26,-12.12,-12.20,-11.85,-12.12,-12.12,-12.04,-12.20,-12.39,-12.34,-12.20,-12.34,-12.26,-12.20,-12.48,-12.12,-12.20,-12.26,-12.39,-12.39,-12.26,-12.12,-12.20,-11.98,-12.70,-12.26,-12.12,-12.26,-12.20,-12.20,-12.34,-12.04,-12.20,-12.26,-12.20,-12.12,-12.26,-12.20,-12.12,-12.34,-12.56,-12.26,-12.39,-12.26,-12.04,-11.98,-12.39,-12.26,-12.20,-12.34,-12.56,-12.34,-12.26,-12.26,-12.48,-12.26,-12.20,-12.34,-12.56,-12.12,-12.34,-12.34,-12.48,-12.26,-12.61,-12.34,-12.61,-12.12,-12.61,-12.56,-12.20,-12.20,-12.48,-12.34,-12.56,-12.48,-12.04,-12.39,-12.48,-12.70,-12.26,-12.39,-12.34,-12.39,-12.34,-12.61,-12.48,-12.61,-12.34,-12.26,-12.34,-12.48,-12.39,-12.61,-12.20,-12.39,-12.61,-12.34,-12.39,-12.48,-12.26,-12.56,-12.56,-12.78,-12.78,-12.56,-12.56,-12.39,-12.34,-12.39,-12.92,-12.78,-12.34,-12.70,-12.48,-12.61,-12.56,-12.92,-12.61,-12.61,-12.61,-12.83,-12.56,-12.56,-12.78,-12.26,-12.83,-12.56,-12.56,-12.70,-12.56,-12.48,-12.56,-12.78,-12.48,-12.97
-12.48,-12.61,-12.83,-12.92,-12.97,-12.70,-12.83,-12.61,-12.70,-12.70,-12.61,-12.56,-12.70,-12.56,-12.48,-12.78,-12.61,-12.78,-12.26,-12.61,-12.78,-12.78,-12.61,-12.78,-12.92,-12.83,-12.20,-12.48,-12.56,-12.48,-12.34,-12.56,-12.83,-12.39,-12.78,-12.48,-12.83,-12.78,-12.12,-12.56,-12.70,-12.26,-12.56,-12.39,-12.56,-12.39,-12.26,-12.56,-12.48,-12.61,-12.39,-12.39,-12.61,-12.56,-12.56,-12.26,-12.56,-12.61,-12.39,-12.20,-12.39,-12.56,-12.70,-12.48,-12.48,-12.56,-11.90,-12.39,-12.56,-12.61,-12.34,-12.26,-12.20,-12.39,-12.34,-12.39,-12.20,-12.26,-11.90,-12.39,-12.20,-12.20,-12.56,-12.39,-12.48,-12.70,-12.39,-12.26,-12.39,-12.26,-12.26,-12.48,-12.56,-12.48,-12.20,-11.98,-12.26,-12.34,-12.56,-12.56,-12.26,-12.48,-12.26,-11.98,-12.39,-12.39,-12.56,-12.78,-12.39,-12.04,-12.26,-12.56,-12.20,-12.56,-12.48,-12.48,-12.26,-12.26,-12.34,-11.98,-12.39,-12.34,-12.39,-12.56,-12.20,-12.20,-11.90,-12.12,-12.20,-12.04,-12.20,-12.39,-12.12,-12.12,-11.98,-12.26,-12.04,-12.26,-12.04,-12.20,-12.39,-12.70,-12.61,-12.48,-12.20,-12.70,-12.20,-12.12,-12.20,-12.20,-11.98,-12.39,-12.39,-12.26,-12.26,-12.26,-12.26,-12.04,-12.20,-11.98,-12.12,-11.98,-12.39,-12.34,-11.90,-12.20,-12.20,-12.26,-11.85,-11.90,-12.26,-11.98,-12.20,-11.85,-11.90,-12.26,-12.04,-12.26,-12.26,-12.34,-11.85,-11.68,-11.76,-11.90,-12.26,-12.04,-12.04,-12.20,-12.20,-12.04,-12.26,-12.12,-11.85,-11.98,-11.98,-12.20,-12.26,-11.85,-12.26,-12.20,-11.98,-11.68,-11.90,-11.98,-12.04,-11.90,-11.85,-12.04,-11.85,-12.12,-12.12,-12.34,-12.12,-12.04,-12.04,-11.98,-12.56,-12.48,-12.12,-12.39,-11.98,-12.56,-12.39,-11.98,-11.49,-11.41,-11.98,-11.98,-11.85,-11.90,-11.90,-12.26,-11.90,-12.26,-12.20,-12.04,-12.26,-12.26,-12.20,-12.20,-12.34,-12.34,-12.12,-12.26,-12.34,-12.34,-12.26,-12.26,-12.39,-12.39,-12.04,-12.26,-11.90,-12.26,-12.12,-11.90,-12.26,-12.39,-12.04,-12.12,-12.39,-12.34,-12.20,-12.12,-12.26,-12.26,-12.12,-12.48,-12.39,-12.26,-12.12,-12.12,-11.85,-11.98,-12.26,-12.12,-12.12,-12.12,-12.04,-12.34,-12.26,-12.48,-12.61,-12.26,-12.12,-12.56,-12.34,-12.12,-12.56,-12.26,-12.26,-12.39,-12.20,-12.39,-12.34,-12.12,-12.26,-12.39,-12.26,-12.61,-12.12,-12.20,-12.34,-12.70,-12.26,-12.70,-12.39,-12.34,-12.39,-12.39,-12.20,-12.20,-12.26,-12.04,-12.48,-12.48,-12.12,-12.56,-12.34,-12.20,-12.34,-12.34,-12.12,-12.34,-12.39,-12.26,-12.34,-12.34,-12.56,-12.56,-12.34,-12.48,-12.26,-12.48,-12.26,-12.56,-12.39,-12.61,-12.48,-12.48,-12.48,-12.26,-12.26,-12.48,-12.56,-12.78,-12.39,-12.56,-12.70,-12.39,-12.12,-12.39,-12.56,-12.26,-12.39,-12.39,-12.56,-12.34,-12.48,-12.70,-12.70,-12.61,-12.83,-12.83,-12.56,-12.92,-12.97,-12.48,-12.61,-12.48,-12.56,-12.34,-12.56,-12.61,-12.83,-12.56,-12.39,-12.56,-12.48,-12.26,-12.78,-12.48
-12.97,-12.83,-12.83,-12.39,-12.70,-12.83,-12.56,-12.61,-12.83,-12.61,-12.78,-12.70,-12.83,-12.48,-12.78,-12.56,-12.92,-12.61,-12.83,-12.97,-12.48,-12.70,-12.34,-12.26,-12.48,-12.34,-12.26,-12.34,-12.26,-12.34,-12.39,-12.39,-12.70,-12.39,-12.61,-12.48,-12.61,-12.12,-12.56,-12.39,-12.34,-12.56,-12.70,-12.34,-12.70,-12.20,-12.48,-12.56,-12.39,-12.48,-12.39,-12.39,-12.34,-12.20,-12.56,-12.48,-12.20,-12.39,-12.39,-12.39,-12.20,-12.20,-12.20,-12.34,-12.20,-12.39,-12.34,-12.39,-12.34,-12.70,-12.26,-12.39,-12.39,-12.26,-12.48,-12.39,-12.26,-12.56,-12.04,-12.26,-12.20,-12.26,-12.20,-12.48,-12.34,-12.26,-12.20,-12.26,-12.61,-12.34,-12.34,-12.20,-12.34,-12.26,-12.26,-12.39,-12.26,-12.20,-12.20,-12.20,-12.20,-12.20,-12.48,-11.98,-12.39,-12.26,-12.34,-12.04,-12.48,-12.20,-11.98,-12.26,-12.12,-12.20,-12.20,-12.12,-12.20,-12.04,-11.98,-12.56,-12.34,-12.39,-12.34,-12.39,-11.98,-12.04,-12.12,-12.12,-12.04,-12.48,-12.39,-12.56,-12.20,-12.39,-12.04,-12.12,-12.70,-12.04,-12.12,-12.12,-12.20,-12.04,-12.20,-11.98,-11.98,-12.34,-12.39,-12.12,-12.12,-12.26,-11.85,-12.12,-12.20,-12.20,-12.20,-12.12,-12.04,-12.12,-12.20,-11.90,-12.20,-12.26,-11.90,-12.04,-12.34,-11.90,-12.26,-12.34,-11.98,-11.90,-12.20,-12.20,-12.26,-12.04,-11.90,-12.04,-11.98,-12.12,-12.20,-11.98,-11.98,-11.41,-12.04,-11.98,-12.04,-12.04,-12.04,-12.39,-11.98,-11.85,-12.04,-12.48,-12.12,-11.98,-12.20,-11.98,-11.98,-12.34,-11.85,-12.20,-11.90,-12.12,-11.68,-11.90,-12.20,-11.98,-12.12,-11.85,-12.12,-11.98,-11.98,-12.12,-12.20,-12.12,-12.26,-11.85,-12.26,-11.85,-12.12,-12.34,-11.90,-12.26,-12.26,-11.90,-11.06,-11.63,-12.26,-11.76,-12.26,-12.34,-12.12,-12.26,-12.12,-12.04,-12.12,-12.39,-12.20,-12.34,-12.34,-12.39,-12.26,-12.12,-12.34,-12.04,-12.04,-12.34,-12.34,-12.48,-12.34,-12.04,-12.12,-12.39,-12.34,-12.34,-12.39,-12.12,-12.20,-12.26,-12.26,-12.26,-12.26,-12.20,-12.34,-12.39,-12.39,-12.12,-12.34,-12.48,-12.26,-12.20,-12.34,-12.04,-12.12,-12.34,-11.98,-12.26,-12.20,-12.20,-12.20,-12.34,-12.48,-12.20,-12.39,-12.20,-12.39,-12.56,-12.20,-12.48,-12.56,-12.20,-12.20,-12.26,-12.39,-12.20,-12.48,-12.39,-12.56,-12.56,-12.34,-12.12,-12.12,-12.26,-12.12,-12.39,-12.34,-12.48,-12.48,-12.12,-12.39,-12.20,-12.48,-12.39,-12.34,-12.26,-12.20,-12.34,-12.34,-12.26,-12.26,-12.61,-12.39,-12.12,-12.26,-12.70,-12.39,-12.20,-12.70,-12.12,-12.39,-12.34,-12.61,-12.26,-12.61,-12.39,-12.26,-12.39,-12.20,-12.61,-12.39,-12.48,-12.20,-12.70,-12.56,-12.04,-12.48,-12.26,-12.20,-12.04,-12.78,-12.70,-12.61,-12.39,-12.70,-12.48,-12.34,-12.97,-12.39,-12.39,-12.39,-12.56,-12.56,-12.83,-12.83,-12.61,-12.48,-13.06,-12.70,-12.61,-12.48,-12.92,-12.83,-12.78,-12.78,-12.56,-12.39,-12.56,-12.97,-12.78,-12.70,-12.56,-12.78,-12.78
-13.33,-12.97,-12.78,-12.56,-12.61,-12.78,-12.56,-12.97,-12.78,-12.83,-12.56,-12.61,-12.78,-12.92,-12.70,-12.26,-12.61,-12.34,-12.39,-12.56,-12.48,-12.56,-12.61,-12.56,-12.26,-12.61,-12.26,-12.70,-12.70,-12.48,-12.56,-12.39,-11.90,-12.39,-12.61,-12.48,-12.56,-12.12,-12.34,-12.39,-12.78,-12.26,-12.61,-12.39,-12.61,-12.39,-12.26,-12.48,-12.26,-11.98,-12.48,-12.39,-12.39,-12.34,-12.48,-12.12,-12.26,-12.39,-12.34,-12.48,-12.26,-12.34,-12.39,-12.20,-12.26,-12.48,-12.34,-12.39,-12.26,-12.20,-12.34,-12.26,-12.20,-12.56,-12.20,-12.34,-12.48,-12.34,-12.61,-12.39,-12.34,-12.39,-12.20,-12.34,-12.20,-12.61,-12.34,-12.48,-12.34,-12.34,-12.39,-12.20,-12.34,-12.26,-12.56,-12.34,-12.48,-12.20,-12.34,-12.34,-12.26,-12.56,-12.39,-12.26,-12.12,-12.48,-12.34,-12.20,-12.39,-11.98,-12.20,-12.20,-12.34,-12.04,-12.34,-12.61,-12.39,-12.61,-12.56,-12.20,-12.48,-12.39,-11.98,-12.04,-12.48,-12.39,-11.98,-12.48,-12.12,-12.20,-12.20,-12.48,-12.26,-12.48,-12.61,-12.12,-12.39,-11.98,-11.90,-12.20,-12.26,-12.26,-12.04,-11.85,-12.20,-12.56,-12.12,-12.34,-12.12,-12.20,-12.34,-12.56,-12.20,-12.56,-12.20,-12.26,-12.20,-12.26,-12.20,-12.70,-12.12,-12.12,-11.90,-12.12,-11.85,-12.26,-11.98,-12.12,-12.26,-12.26,-12.04,-12.20,-11.90,-11.98,-11.85,-12.12,-11.90,-11.90,-11.85,-12.39,-12.12,-11.63,-11.85,-11.98,-12.04,-12.12,-11.98,-12.20,-12.04,-12.20,-12.26,-12.39,-12.39,-11.98,-12.26,-12.04,-12.20,-11.90,-12.04,-12.26,-12.04,-12.04,-12.04,-12.20,-11.98,-12.20,-12.26,-12.26,-11.85,-12.34,-11.85,-12.26,-12.04,-12.04,-12.12,-12.04,-12.48,-11.98,-12.26,-11.98,-11.98,-12.12,-12.12,-11.68,-11.63,-11.98,-11.68,-11.98,-12.20,-12.34,-12.04,-12.20,-12.12,-12.26,-12.04,-12.04,-12.26,-12.34,-12.20,-12.20,-12.04,-12.20,-12.26,-12.26,-12.26,-12.39,-12.34,-11.90,-12.26,-12.20,-12.39,-12.20,-12.26,-12.26,-12.20,-12.26,-12.39,-12.04,-12.20,-12.12,-12.20,-12.20,-12.39,-12.12,-12.26,-12.34,-12.39,-12.04,-12.20,-12.48,-12.20,-12.56,-12.34,-12.26,-12.20,-12.12,-12.34,-12.20,-12.12,-12.48,-12.26,-12.26,-12.48,-12.34,-12.26,-12.20,-12.26,-12.39,-12.20,-12.39,-12.34,-12.61,-12.20,-12.48,-12.56,-12.34,-12.39,-12.12,-12.61,-12.56,-12.26,-12.26,-12.39,-12.04,-12.26,-12.20,-12.39,-12.39,-12.48,-12.34,-12.48,-12.12,-12.04,-12.48,-12.34,-12.39,-12.56,-12.48,-12.20,-12.34,-12.04,-12.34,-12.56,-12.56,-12.20,-12.26,-12.20,-12.48,-12.61,-12.56,-12.70,-12.56,-12.56,-12.26,-12.34,-12.26,-12.26,-12.26,-12.48,-12.61,-12.48,-12.39,-12.56,-12.48,-12.34,-12.34,-12.48,-12.48,-12.48,-12.20,-12.61,-12.34,-12.48,-12.39,-12.61,-12.61,-12.26,-12.56,-12.39,-12.78,-12.56,-12.26,-12.92,-12.56,-12.26,-12.70,-12.34,-12.78,-12.61,-12.61,-12.97,-12.78,-12.83,-12.39,-12.56,-12.70,-12.92,-12.61,-12.70,-12.61,-12.61,-12.83
-12.78,-12.97,-12.56,-12.70,-12.61,-12.92,-12.83,-12.78,-12.61,-12.61,-12.70,-12.78,-12.92,-12.61,-12.39,-12.70,-12.39,-12.61,-12.78,-12.78,-12.61,-12.78,-12.61,-12.61,-12.48,-12.56,-12.48,-12.61,-12.61,-12.48,-12.34,-12.39,-12.61,-12.39,-12.70,-12.56,-12.61,-12.78,-12.56,-12.78,-12.34,-12.20,-12.20,-12.34,-12.26,-12.26,-12.34,-12.92,-12.39,-12.56,-12.26,-12.61,-12.70,-12.04,-12.39,-12.34,-12.56,-12.70,-12.70,-12.34,-12.61,-12.26,-12.39,-12.83,-12.34,-12.34,-12.20,-12.56,-12.26,-12.20,-12.39,-12.34,-12.39,-12.61,-12.92,-12.56,-12.39,-12.48,-12.39,-12.39,-12.26,-12.20,-12.48,-12.26,-12.39,-12.12,-12.26,-12.39,-12.26,-12.39,-12.12,-12.34,-12.04,-12.70,-12.48,-12.48,-12.34,-12.12,-12.39,-12.56,-12.48,-11.98,-12.56,-11.98,-12.26,-11.90,-12.26,-12.39,-11.85,-12.04,-12.20,-12.34,-11.98,-12.26,-12.20,-12.04,-12.39,-12.12,-11.98,-12.39,-12.34,-12.34,-12.20,-11.85,-12.26,-12.26,-12.48,-12.56,-12.12,-12.04,-12.12,-12.04,-12.20,-12.26,-12.56,-12.12,-12.12,-12.34,-12.26,-12.12,-12.04,-11.98,-12.12,-12.48,-12.12,-12.34,-12.70,-12.20,-12.20,-12.61,-12.12,-12.26,-12.34,-12.34,-12.34,-12.26,-12.04,-12.39,-12.20,-11.98,-12.20,-12.48,-12.04,-12.12,-12.26,-12.12,-12.12,-12.12,-12.20,-12.26,-12.20,-11.90,-12.26,-12.26,-12.34,-12.04,-11.98,-12.04,-12.12,-12.04,-11.98,-11.85,-11.85,-11.90,-11.85,-12.12,-12.04,-11.90,-12.04,-11.85,-11.98,-12.04,-12.20,-12.20,-11.98,-12.04,-11.98,-11.98,-12.26,-12.04,-11.90,-12.12,-11.85,-12.12,-12.12,-11.98,-11.76,-12.04,-12.04,-11.98,-12.12,-12.20,-12.12,-12.04,-11.90,-11.90,-11.85,-12.34,-12.20,-11.85,-12.26,-11.90,-12.12,-11.63,-11.27,-11.98,-12.04,-11.85,-12.26,-12.12,-11.98,-11.90,-12.39,-12.12,-11.85,-11.90,-12.26,-12.26,-12.12,-12.04,-12.26,-12.56,-12.20,-11.90,-12.20,-11.98,-12.20,-11.90,-12.20,-12.04,-12.12,-12.26,-12.12,-12.26,-12.20,-12.12,-11.90,-12.34,-12.39,-12.34,-12.12,-11.98,-12.20,-12.34,-12.39,-12.26,-12.26,-12.26,-12.20,-11.98,-12.12,-12.48,-12.20,-12.12,-12.04,-12.26,-12.39,-12.26,-12.20,-12.26,-12.39,-12.26,-12.34,-12.26,-12.34,-12.48,-11.90,-12.20,-12.12,-12.39,-12.48,-12.34,-12.20,-12.34,-12.48,-12.26,-12.34,-12.78,-12.48,-12.26,-12.39,-12.56,-12.34,-12.04,-11.90,-12.34,-12.26,-11.98,-12.20,-12.20,-12.12,-12.20,-12.48,-12.20,-12.56,-12.34,-12.12,-12.34,-12.61,-12.26,-12.26,-12.26,-12.48,-12.70,-11.98,-12.61,-12.04,-12.34,-12.20,-12.26,-12.48,-12.26,-12.56,-12.48,-12.61,-12.39,-12.70,-12.61,-12.70,-12.61,-12.56,-12.39,-12.56,-12.39,-12.56,-12.34,-12.39,-12.48,-12.39,-12.26,-12.20,-12.26,-12.70,-12.48,-12.20,-12.34,-12.61,-12.48,-12.78,-12.34,-12.48,-12.70,-12.39,-12.56,-12.48,-12.48,-12.70,-12.61,-12.56,-12.83,-13.14,-12.34,-12.78,-12.78,-12.20,-12.61,-12.48,-12.78,-12.61,-12.92,-12.70,-12.78
-12.70,-12.97,-12.78,-12.92,-12.48,-12.78,-12.83,-12.70,-12.78,-12.78,-12.39,-12.83,-12.97,-12.78,-12.34,-12.56,-12.83,-12.48,-12.39,-12.78,-12.20,-12.34,-12.26,-12.78,-12.26,-12.20,-12.34,-12.48,-12.56,-12.34,-12.34,-12.61,-12.56,-12.61,-12.56,-12.34,-12.83,-12.48,-12.26,-12.48,-12.26,-12.48,-12.26,-12.61,-12.61,-12.48,-12.20,-12.12,-12.20,-12.20,-12.26,-12.56,-12.56,-12.56,-12.26,-12.39,-12.39,-12.26,-11.98,-12.39,-12.70,-12.12,-12.20,-12.48,-12.39,-12.20,-12.39,-12.20,-12.39,-12.56,-12.48,-12.26,-11.98,-12.12,-12.70,-12.39,-12.70,-12.34,-12.26,-12.20,-12.12,-12.26,-12.20,-12.39,-12.12,-12.39,-12.20,-12.48,-12.26,-12.34,-12.34,-12.39,-12.12,-12.20,-12.48,-12.26,-12.12,-12.26,-11.85,-12.20,-12.04,-12.26,-12.34,-12.12,-11.98,-12.26,-12.34,-12.26,-12.34,-12.34,-12.39,-12.04,-12.20,-11.98,-12.04,-12.26,-12.04,-12.34,-12.20,-12.12,-12.61,-12.12,-11.98,-12.12,-12.12,-12.34,-12.12,-12.48,-12.20,-12.26,-12.20,-12.20,-12.48,-12.20,-12.34,-12.26,-12.39,-12.26,-12.20,-12.26,-12.20,-12.20,-12.34,-12.12,-12.56,-12.20,-12.20,-12.04,-12.04,-11.90,-12.26,-11.90,-12.12,-12.20,-12.39,-12.20,-12.20,-11.76,-11.98,-12.04,-12.34,-12.04,-12.04,-11.98,-12.04,-12.20,-12.20,-12.12,-12.04,-11.98,-12.12,-12.20,-12.04,-11.85,-12.20,-12.20,-11.90,-11.76,-11.90,-11.98,-12.20,-12.04,-11.41,-12.34,-12.20,-12.12,-12.20,-11.90,-12.12,-12.34,-12.26,-11.85,-12.26,-11.98,-12.12,-12.20,-11.98,-12.04,-12.04,-11.98,-11.90,-11.98,-11.98,-12.26,-11.76,-12.20,-12.12,-11.90,-11.90,-11.98,-11.68,-12.12,-12.12,-12.12,-11.85,-12.34,-12.12,-12.34,-12.12,-12.34,-11.98,-11.90,-11.85,-11.41,-12.12,-11.85,-11.98,-11.41,-11.98,-12.26,-12.26,-11.85,-12.26,-12.20,-11.90,-12.20,-11.90,-12.26,-12.34,-12.12,-12.20,-12.48,-12.34,-12.04,-12.20,-11.90,-12.04,-12.39,-12.26,-12.20,-12.39,-12.12,-12.20,-11.98,-12.04,-12.12,-11.76,-12.26,-12.34,-12.34,-12.20,-12.26,-12.34,-12.26,-12.26,-12.26,-12.34,-12.48,-12.48,-12.26,-12.20,-12.04,-12.12,-12.04,-11.98,-12.20,-12.39,-12.20,-12.39,-12.34,-11.90,-12.39,-11.98,-12.26,-12.04,-12.56,-12.70,-12.20,-12.20,-12.04,-12.34,-12.61,-12.04,-12.48,-12.20,-12.26,-12.26,-12.48,-12.56,-12.20,-12.48,-12.12,-12.39,-12.48,-12.26,-12.20,-12.12,-12.26,-12.20,-12.34,-12.39,-12.70,-12.34,-12.48,-12.20,-12.48,-12.48,-12.39,-12.20,-12.34,-12.26,-12.12,-12.26,-12.39,-12.26,-12.70,-12.34,-12.26,-12.48,-12.20,-12.48,-12.26,-12.70,-12.26,-12.12,-12.26,-12.26,-12.12,-12.61,-12.26,-12.12,-12.70,-12.34,-12.26,-12.61,-12.61,-12.39,-12.48,-12.12,-12.70,-12.39,-12.83,-12.39,-12.48,-12.70,-12.56,-12.48,-12.56,-12.39,-12.78,-12.34,-12.39,-12.61,-12.56,-12.70,-12.61,-12.70,-12.34,-12.48,-12.48,-12.56,-12.26,-12.39,-12.92,-12.26,-12.48,-12.48,-12.61,-12.92,-12.70,-12.48,-12.56
-12.92,-12.48,-12.61,-12.97,-12.78,-12.83,-12.48,-12.61,-12.61,-12.34,-12.61,-12.83,-12.70,-12.97,-12.70,-12.48,-12.39,-12.34,-12.56,-12.56,-12.70,-12.83,-12.78,-12.83,-12.34,-12.61,-12.39,-12.56,-12.39,-12.56,-12.20,-12.48,-12.61,-12.48,-12.78,-12.61,-12.78,-12.26,-12.78,-12.20,-12.48,-12.56,-12.34,-12.34,-12.26,-12.78,-12.34,-12.56,-12.61,-12.34,-12.56,-12.20,-12.34,-12.20,-12.56,-12.56,-12.26,-12.39,-12.78,-12.12,-12.70,-12.04,-12.48,-12.20,-12.12,-12.26,-12.48,-12.34,-12.39,-12.26,-12.04,-12.39,-12.56,-12.39,-12.39,-12.56,-12.12,-12.61,-12.39,-12.61,-12.20,-12.26,-12.48,-12.26,-12.20,-12.39,-12.12,-12.20,-12.12,-11.90,-12.34,-12.26,-11.90,-12.34,-12.39,-12.56,-12.26,-11.98,-12.39,-12.26,-11.98,-12.26,-12.48,-12.39,-12.39,-12.12,-12.20,-12.04,-12.20,-12.12,-11.98,-12.04,-12.12,-12.20,-12.04,-12.26,-12.20,-12.39,-12.39,-12.48,-12.26,-12.39,-12.34,-12.04,-12.34,-12.26,-12.12,-12.12,-11.98,-12.12,-12.20,-12.26,-12.34,-12.48,-12.26,-12.56,-11.98,-12.34,-11.90,-12.39,-12.20,-12.61,-12.12,-12.20,-12.20,-12.12,-12.26,-12.26,-12.04,-12.12,-12.12,-12.39,-12.12,-12.39,-12.20,-11.98,-12.26,-11.85,-12.12,-12.20,-12.48,-11.98,-12.26,-12.26,-11.76,-12.20,-11.85,-12.20,-12.04,-12.12,-11.63,-11.68,-11.85,-12.39,-11.98,-12.04,-11.85,-12.48,-12.34,-11.90,-12.12,-12.12,-11.90,-12.04,-11.98,-11.90,-11.90,-12.12,-12.04,-11.85,-12.04,-11.98,-11.68,-12.04,-12.26,-11.98,-11.68,-11.98,-11.90,-11.98,-11.98,-12.12,-11.98,-12.12,-12.20,-12.12,-11.76,-11.98,-11.90,-11.76,-11.98,-11.63,-12.12,-12.04,-12.26,-12.12,-12.04,-12.20,-12.12,-11.90,-12.20,-11.90,-12.04,-11.41,-11.98,-11.98,-11.76,-11.36,-11.90,-12.12,-12.20,-11.98,-11.98,-12.39,-11.85,-12.39,-12.20,-12.39,-12.20,-12.12,-12.12,-12.20,-12.20,-12.48,-12.26,-12.12,-12.04,-12.20,-12.39,-12.39,-11.90,-12.04,-12.20,-12.34,-12.26,-11.68,-11.98,-12.34,-12.26,-12.04,-11.90,-12.20,-12.56,-12.04,-12.04,-12.12,-12.26,-12.12,-12.48,-12.26,-11.68,-12.39,-12.26,-12.26,-12.26,-12.39,-12.12,-12.39,-12.04,-12.26,-12.26,-11.98,-12.39,-12.12,-12.20,-12.04,-12.12,-12.04,-12.26,-12.04,-12.61,-12.20,-12.12,-12.34,-12.26,-12.12,-12.20,-12.48,-11.98,-12.20,-12.34,-12.04,-12.26,-12.39,-12.26,-12.34,-12.39,-12.20,-12.48,-12.34,-12.48,-12.61,-12.20,-12.48,-12.34,-12.39,-12.39,-12.48,-12.48,-12.34,-12.39,-12.48,-12.20,-12.48,-12.39,-12.39,-12.34,-12.12,-12.70,-12.48,-12.70,-12.61,-12.12,-12.39,-12.34,-12.56,-12.39,-12.26,-12.61,-12.70,-12.56,-12.34,-12.26,-12.70,-12.39,-12.61,-12.70,-12.34,-12.34,-12.48,-12.83,-12.56,-12.97,-12.39,-12.78,-12.56,-12.39,-12.56,-12.97,-12.34,-12.70,-12.78,-12.39,-12.48,-12.39,-12.48,-12.78,-12.78,-12.56,-12.56,-12.83,-12.70,-12.78,-12.78,-12.61,-12.61,-12.83,-12.48,-12.78,-12.61,-12.20,-12.70
-12.61,-12.92,-12.78,-12.97,-12.78,-12.83,-12.92,-12.78,-12.97,-12.70,-12.56,-12.97,-12.26,-12.70,-13.06,-12.61,-12.48,-12.70,-12.78,-12.48,-12.48,-12.26,-12.48,-12.61,-12.39,-12.61,-12.34,-12.48,-12.26,-12.70,-12.61,-12.34,-12.83,-12.39,-12.34,-12.39,-12.56,-12.61,-12.39,-12.56,-12.34,-12.48,-12.78,-12.70,-12.34,-12.20,-12.56,-12.56,-12.34,-12.12,-12.34,-12.26,-12.48,-12.20,-12.48,-12.61,-12.48,-12.39,-12.04,-12.34,-12.34,-12.26,-12.20,-12.39,-12.34,-12.12,-12.34,-12.12,-12.12,-12.26,-12.78,-12.04,-12.04,-12.39,-12.34,-12.39,-12.26,-12.20,-12.48,-12.04,-12.48,-12.20,-12.26,-12.26,-12.26,-12.39,-12.26,-12.39,-12.39,-11.76,-12.48,-12.26,-11.98,-12.34,-12.26,-12.20,-12.56,-12.34,-12.20,-12.04,-12.26,-12.12,-12.26,-12.39,-11.90,-12.26,-11.90,-12.48,-12.26,-12.34,-12.56,-12.39,-12.34,-12.20,-12.26,-12.20,-12.26,-12.48,-12.48,-11.98,-12.34,-12.39,-12.39,-12.26,-12.20,-12.34,-12.39,-12.39,-12.48,-12.39,-12.20,-12.48,-12.20,-11.98,-12.26,-12.39,-12.12,-12.56,-12.20,-12.20,-12.26,-12.39,-12.04,-11.98,-11.98,-12.39,-12.34,-12.20,-12.04,-12.20,-12.39,-12.34,-11.98,-12.26,-12.04,-12.12,-12.26,-12.04,-12.20,-12.26,-11.68,-12.04,-12.26,-12.34,-11.76,-12.20,-12.34,-12.34,-11.98,-12.20,-12.26,-11.90,-12.04,-11.90,-11.85,-11.98,-11.98,-11.76,-11.76,-12.26,-12.04,-12.26,-12.12,-11.55,-12.39,-12.12,-12.04,-12.20,-11.90,-11.98,-12.04,-12.26,-12.20,-11.98,-11.90,-12.04,-12.26,-12.20,-11.98,-11.85,-12.20,-11.85,-11.90,-11.98,-11.98,-12.20,-12.12,-12.04,-11.76,-12.04,-11.98,-11.68,-11.90,-11.85,-12.34,-12.04,-12.39,-12.04,-11.98,-12.04,-11.85,-12.20,-11.63,-11.27,-12.20,-11.85,-11.76,-12.12,-12.34,-12.20,-12.39,-12.39,-11.98,-11.98,-12.12,-12.04,-12.20,-12.20,-11.90,-11.98,-12.12,-11.85,-11.90,-12.48,-12.04,-12.56,-12.20,-12.20,-12.26,-12.12,-11.76,-12.26,-12.48,-11.68,-11.85,-12.20,-12.04,-12.48,-12.20,-12.04,-12.20,-12.20,-12.39,-12.04,-12.12,-12.20,-12.61,-12.26,-12.48,-12.20,-12.39,-12.39,-12.04,-12.20,-11.85,-12.34,-12.34,-12.20,-12.12,-12.20,-12.20,-12.48,-12.34,-12.56,-12.20,-12.20,-12.34,-12.26,-12.34,-12.34,-12.12,-12.20,-12.48,-12.34,-12.34,-12.48,-12.39,-12.34,-12.48,-12.26,-12.34,-12.48,-12.26,-12.39,-12.04,-12.12,-12.39,-12.48,-12.39,-12.12,-12.56,-12.48,-12.39,-12.48,-12.48,-12.61,-12.26,-12.56,-12.39,-12.34,-12.70,-12.04,-12.56,-12.48,-12.26,-12.56,-12.70,-12.39,-12.56,-12.70,-12.56,-12.20,-12.61,-12.34,-12.26,-12.39,-12.48,-12.61,-12.70,-12.78,-12.56,-12.48,-12.39,-12.12,-12.48,-12.39,-12.48,-12.56,-12.26,-12.34,-12.48,-12.56,-12.34,-12.39,-12.61,-12.61,-12.39,-12.26,-12.48,-12.56,-12.39,-12.70,-12.70,-12.48,-12.48,-12.61,-12.56,-12.39,-12.70,-12.48,-12.34,-12.61,-12.83,-12.61,-12.56,-12.39,-12.48,-12.97,-12.61,-12.78,-12.83,-12.61
-13.06,-12.78,-12.70,-12.78,-12.61,-12.61,-13.06,-12.92,-12.78,-12.56,-12.61,-12.48,-12.92,-12.56,-12.39,-12.39,-12.83,-12.61,-12.34,-12.56,-12.78,-12.20,-12.20,-12.34,-12.26,-12.26,-12.56,-12.70,-12.20,-12.39,-12.26,-12.48,-12.83,-12.48,-12.39,-12.26,-12.26,-12.12,-12.26,-12.26,-12.56,-12.61,-12.56,-12.61,-12.34,-12.34,-12.20,-12.56,-12.26,-12.34,-12.20,-12.48,-12.26,-12.34,-12.56,-12.34,-12.34,-12.56,-12.34,-12.26,-12.20,-12.34,-12.56,-12.26,-12.70,-11.90,-12.48,-12.26,-12.39,-12.26,-12.34,-12.20,-12.20,-12.34,-12.56,-12.48,-12.70,-12.20,-12.61,-12.12,-12.26,-12.39,-12.26,-12.26,-12.34,-12.20,-12.26,-12.48,-12.34,-12.39,-12.04,-12.12,-12.48,-12.12,-12.39,-12.92,-12.26,-12.26,-12.20,-12.26,-12.26,-12.12,-12.34,-12.48,-12.39,-12.56,-12.12,-12.26,-12.20,-12.12,-12.20,-12.26,-12.04,-12.26,-12.20,-12.48,-12.34,-12.04,-12.39,-12.20,-12.34,-11.98,-12.26,-12.04,-12.39,-12.34,-12.48,-12.04,-12.56,-12.20,-12.12,-12.20,-12.26,-12.12,-12.26,-12.48,-12.34,-12.12,-12.04,-12.12,-12.56,-12.12,-11.98,-11.98,-12.20,-12.20,-12.20,-11.98,-12.26,-12.20,-11.90,-12.04,-12.34,-12.12,-12.04,-12.56,-12.26,-12.26,-12.34,-12.20,-12.12,-11.98,-12.20,-12.26,-12.39,-11.98,-11.76,-12.12,-11.68,-12.34,-11.98,-12.04,-12.26,-11.85,-11.49,-11.76,-12.34,-12.12,-11.63,-11.98,-12.20,-11.85,-12.12,-11.49,-11.98,-12.12,-12.20,-11.76,-12.26,-11.90,-11.85,-12.04,-11.85,-11.85,-12.12,-11.85,-12.20,-11.85,-11.98,-12.04,-11.98,-12.12,-12.20,-12.20,-12.04,-11.76,-12.04,-12.04,-12.04,-11.90,-11.90,-11.63,-11.76,-11.76,-11.90,-12.48,-12.26,-12.20,-12.12,-12.20,-12.26,-11.76,-11.68,-11.98,-12.26,-11.98,-11.90,-12.34,-12.20,-12.04,-12.12,-12.12,-12.20,-12.20,-12.34,-11.98,-12.20,-11.98,-12.26,-11.68,-12.39,-11.76,-12.04,-11.76,-11.85,-12.39,-12.12,-12.26,-12.61,-12.26,-12.04,-12.12,-12.20,-12.12,-11.90,-12.26,-11.85,-12.12,-12.26,-12.26,-12.34,-11.90,-12.39,-12.20,-12.12,-12.34,-12.34,-11.76,-12.26,-12.34,-12.12,-11.98,-12.26,-12.34,-12.12,-12.20,-12.26,-12.20,-12.48,-12.39,-12.26,-12.04,-12.48,-11.90,-12.56,-12.12,-12.20,-12.48,-12.48,-12.56,-12.12,-12.26,-12.34,-12.20,-12.12,-12.39,-12.26,-12.34,-12.20,-12.20,-12.26,-12.34,-12.39,-12.12,-12.26,-12.61,-12.34,-12.34,-12.12,-11.98,-12.20,-12.39,-12.04,-12.56,-12.12,-12.12,-12.34,-12.26,-12.56,-12.20,-12.39,-12.61,-12.34,-12.56,-12.56,-12.48,-12.56,-12.48,-12.26,-12.48,-12.56,-12.48,-12.83,-12.70,-12.04,-12.48,-12.34,-12.26,-12.34,-12.48,-12.39,-12.48,-12.56,-12.70,-12.12,-12.39,-12.48,-12.34,-12.70,-12.34,-12.48,-12.39,-12.61,-12.39,-12.34,-12.26,-12.56,-12.39,-12.48,-12.56,-12.34,-12.78,-12.70,-12.70,-12.34,-12.61,-12.83,-12.70,-12.92,-12.61,-12.56,-12.70,-12.04,-12.39,-12.39,-12.56,-12.92,-12.61,-12.70,-12.70,-12.61,-12.70
-12.78,-12.92,-12.61,-12.83,-13.19,-12.83,-12.83,-12.48,-12.83,-12.83,-12.70,-12.78,-12.83,-12.34,-12.56,-12.78,-12.78,-12.78,-12.61,-12.56,-12.39,-12.56,-12.26,-12.70,-12.48,-12.34,-12.26,-12.56,-12.20,-12.70,-12.34,-12.34,-12.34,-12.34,-12.56,-12.48,-12.26,-12.20,-12.39,-12.04,-12.39,-12.56,-11.90,-12.56,-12.39,-12.78,-12.34,-12.12,-12.78,-12.48,-12.12,-12.56,-12.48,-12.70,-12.48,-12.26,-12.61,-12.56,-12.61,-12.48,-12.26,-12.26,-12.39,-12.48,-12.56,-12.34,-12.61,-12.20,-12.48,-12.34,-12.34,-12.26,-12.34,-12.20,-12.04,-12.12,-12.20,-12.34,-12.34,-12.34,-12.20,-12.34,-12.34,-12.39,-11.90,-12.48,-12.20,-12.34,-12.26,-12.26,-11.98,-12.39,-12.12,-12.34,-12.48,-12.34,-12.26,-12.34,-12.20,-11.98,-12.04,-12.20,-12.39,-12.20,-12.12,-12.34,-12.70,-12.20,-12.26,-12.20,-12.39,-12.78,-12.34,-12.04,-12.20,-12.20,-12.20,-12.26,-12.39,-12.34,-12.12,-11.85,-12.34,-12.12,-12.26,-12.04,-12.12,-12.56,-12.34,-12.26,-12.26,-12.20,-12.12,-12.39,-12.48,-12.12,-12.12,-12.26,-11.98,-12.20,-12.20,-12.20,-12.26,-12.20,-11.98,-12.26,-11.98,-12.34,-11.85,-12.26,-12.20,-12.20,-12.26,-12.12,-12.04,-11.85,-12.26,-12.26,-12.34,-12.20,-11.90,-11.63,-12.34,-12.39,-11.98,-12.12,-11.76,-11.68,-11.85,-12.20,-12.12,-11.98,-12.26,-11.85,-12.12,-11.76,-12.20,-12.26,-11.90,-12.12,-11.98,-11.90,-12.04,-11.36,-11.63,-11.90,-12.26,-12.12,-11.90,-11.85,-11.85,-12.12,-11.85,-11.90,-12.12,-11.76,-12.04,-11.98,-11.98,-11.90,-11.98,-11.76,-12.04,-11.98,-12.04,-11.90,-11.98,-11.85,-11.85,-11.68,-11.19,-11.55,-11.76,-11.85,-12.34,-11.98,-12.48,-12.34,-12.26,-12.12,-12.26,-12.12,-11.55,-11.68,-12.04,-12.12,-12.12,-12.04,-12.12,-12.26,-12.04,-12.34,-11.85,-11.98,-12.26,-11.98,-11.85,-11.76,-11.85,-11.85,-11.98,-11.85,-12.04,-11.76,-11.98,-12.26,-11.68,-12.12,-12.34,-12.20,-12.20,-12.12,-12.34,-12.12,-11.68,-11.76,-11.76,-12.20,-12.12,-12.12,-12.39,-12.48,-12.04,-12.04,-11.98,-12.48,-12.20,-12.20,-12.20,-12.12,-12.26,-12.39,-12.39,-12.04,-12.34,-12.12,-12.34,-12.04,-12.26,-12.04,-12.61,-12.39,-12.48,-12.26,-12.56,-12.48,-12.20,-12.04,-12.39,-11.98,-12.34,-12.34,-12.34,-12.39,-12.26,-12.26,-12.20,-12.26,-12.12,-12.34,-12.04,-12.56,-12.20,-11.98,-12.26,-12.20,-12.34,-12.56,-12.48,-12.20,-12.04,-12.70,-12.61,-12.56,-12.20,-12.20,-12.20,-12.39,-12.26,-12.56,-12.34,-12.34,-12.12,-12.12,-12.70,-12.20,-12.39,-12.12,-12.39,-12.34,-12.48,-12.48,-12.70,-12.70,-12.78,-12.83,-12.61,-12.56,-12.39,-12.48,-12.34,-12.70,-12.61,-12.56,-12.56,-12.56,-12.56,-12.26,-12.56,-12.39,-12.56,-12.34,-12.39,-12.61,-12.34,-12.61,-12.34,-12.26,-12.39,-12.78,-12.48,-12.61,-12.48,-12.39,-12.70,-12.26,-12.56,-12.61,-12.70,-12.70,-12.70,-12.34,-12.61,-12.48,-12.48,-12.70,-12.70,-12.78,-12.61,-12.70,-12.78,-12.56
-12.78,-12.78,-13.19,-12.92,-12.92,-12.61,-12.78,-12.78,-12.78,-12.83,-12.48,-12.83,-12.48,-12.48,-12.78,-12.48,-12.48,-12.70,-12.61,-12.92,-12.48,-12.48,-12.70,-12.20,-12.70,-12.39,-12.61,-12.70,-12.61,-12.34,-12.39,-12.26,-12.78,-12.70,-12.26,-12.39,-12.20,-12.56,-12.20,-12.61,-12.48,-12.48,-12.39,-12.70,-12.34,-12.39,-12.26,-12.12,-12.26,-12.26,-12.34,-12.56,-12.48,-12.39,-13.06,-12.39,-12.56,-12.26,-12.61,-12.61,-12.39,-12.48,-12.61,-12.26,-12.48,-12.39,-12.20,-12.26,-12.26,-12.26,-12.39,-12.26,-12.48,-12.34,-12.34,-12.39,-12.34,-12.26,-12.48,-12.12,-12.12,-12.26,-12.48,-12.39,-12.20,-12.39,-12.39,-12.34,-12.20,-12.48,-12.12,-12.26,-11.98,-11.90,-12.34,-11.90,-12.39,-12.39,-12.48,-11.90,-12.34,-12.20,-12.39,-12.34,-12.34,-12.34,-12.20,-12.39,-12.26,-12.48,-12.34,-12.34,-12.12,-12.61,-12.12,-12.26,-12.26,-12.48,-12.12,-12.26,-11.85,-12.12,-12.04,-12.61,-12.04,-12.34,-12.20,-12.20,-12.04,-12.04,-12.04,-12.26,-12.04,-11.98,-12.26,-12.20,-11.76,-12.34,-11.90,-12.48,-12.12,-12.34,-12.26,-12.26,-12.12,-12.04,-12.04,-12.20,-12.04,-12.48,-12.20,-12.34,-12.12,-12.12,-11.98,-12.04,-12.20,-12.34,-12.26,-12.20,-12.34,-12.34,-12.04,-12.48,-12.26,-12.04,-12.12,-12.12,-11.76,-12.20,-12.20,-11.85,-12.20,-12.26,-12.34,-11.98,-11.68,-11.90,-11.90,-11.90,-11.90,-12.04,-12.34,-11.76,-11.49,-11.85,-11.98,-11.98,-11.98,-12.20,-12.12,-11.98,-12.04,-12.04,-12.04,-11.98,-12.04,-11.63,-11.90,-11.41,-11.98,-11.85,-11.85,-11.90,-11.63,-12.04,-11.63,-11.76,-11.98,-11.85,-11.90,-11.63,-11.85,-11.90,-12.12,-12.12,-11.90,-12.26,-12.34,-12.04,-12.04,-11.76,-11.55,-11.63,-11.90,-11.90,-12.04,-11.76,-12.12,-11.85,-12.20,-12.12,-12.04,-11.90,-11.98,-11.98,-11.85,-11.76,-11.63,-11.06,-11.76,-12.20,-12.04,-12.20,-12.26,-12.04,-12.39,-12.26,-12.04,-12.12,-11.90,-11.85,-12.26,-11.85,-12.12,-12.26,-12.26,-12.39,-12.04,-12.26,-12.26,-12.20,-12.39,-12.04,-12.20,-12.04,-12.20,-11.98,-12.20,-12.26,-12.48,-12.04,-12.34,-12.61,-12.34,-12.39,-11.98,-11.85,-12.39,-12.39,-12.04,-12.39,-12.39,-12.12,-12.20,-12.48,-12.39,-12.39,-12.20,-12.20,-12.20,-12.20,-12.56,-12.04,-12.26,-11.49,-11.98,-12.04,-12.39,-12.34,-12.26,-12.20,-12.20,-12.39,-11.90,-12.48,-12.20,-12.61,-12.34,-12.70,-12.12,-12.70,-12.12,-12.61,-12.39,-12.48,-12.48,-12.39,-12.61,-12.20,-12.39,-12.48,-12.34,-12.12,-12.26,-12.20,-12.56,-12.39,-12.39,-12.04,-12.04,-12.34,-12.34,-12.26,-12.70,-12.61,-12.78,-12.61,-12.26,-12.48,-12.34,-12.48,-12.70,-12.78,-12.48,-12.39,-12.61,-12.56,-12.70,-12.56,-12.48,-12.48,-12.70,-12.34,-12.56,-12.48,-12.78,-12.78,-12.70,-12.39,-12.39,-12.26,-12.61,-12.34,-12.56,-12.26,-12.56,-12.78,-12.70,-12.78,-12.92,-12.78,-12.48,-12.78,-12.78,-12.92,-12.34,-12.70,-12.61,-13.19,-12.97,-12.97
-12.78,-12.92,-12.97,-12.83,-12.83,-12.56,-12.61,-12.61,-12.78,-12.48,-12.83,-12.61,-12.70,-12.61,-12.70,-12.48,-12.34,-12.39,-12.70,-12.70,-12.39,-12.26,-12.34,-12.26,-12.56,-12.34,-12.26,-12.61,-12.56,-12.34,-12.20,-12.48,-12.48,-12.61,-12.26,-12.26,-12.20,-12.56,-12.48,-12.61,-12.61,-12.61,-12.26,-12.34,-12.20,-12.48,-12.26,-12.26,-12.26,-12.48,-12.26,-12.26,-12.39,-12.48,-12.26,-12.20,-12.39,-12.26,-12.20,-12.48,-12.12,-12.12,-12.39,-12.34,-12.26,-12.26,-12.97,-12.26,-12.34,-12.56,-12.39,-12.56,-12.26,-12.34,-12.26,-12.12,-12.39,-12.56,-12.39,-12.48,-12.48,-12.26,-12.20,-12.39,-12.48,-12.78,-12.04,-12.26,-12.39,-12.34,-12.34,-12.34,-12.48,-12.39,-12.39,-12.34,-12.48,-12.04,-12.48,-12.34,-11.90,-12.34,-12.04,-12.20,-12.26,-12.12,-12.12,-12.12,-12.34,-11.90,-12.20,-12.20,-12.20,-12.39,-12.48,-12.39,-12.56,-12.04,-12.04,-12.34,-12.12,-12.34,-12.12,-11.98,-11.85,-12.34,-11.98,-12.12,-12.04,-12.12,-12.12,-12.12,-12.34,-12.12,-11.98,-12.12,-12.04,-12.48,-12.48,-12.12,-12.26,-12.04,-12.26,-12.04,-12.26,-12.12,-12.26,-12.04,-12.20,-12.12,-12.12,-11.85,-12.26,-12.26,-12.12,-12.48,-12.48,-12.56,-12.20,-12.34,-11.90,-12.26,-12.12,-12.39,-12.04,-12.56,-11.85,-12.12,-11.68,-12.04,-12.04,-12.12,-12.04,-12.26,-12.20,-12.26,-11.90,-11.76,-12.04,-11.76,-11.98,-11.98,-12.20,-11.68,-11.27,-11.68,-11.90,-11.98,-11.76,-11.76,-11.98,-11.85,-12.04,-11.76,-12.12,-11.98,-11.85,-11.85,-11.85,-11.76,-11.90,-11.85,-11.85,-11.98,-11.68,-11.68,-11.90,-11.98,-11.76,-11.27,-11.76,-11.68,-11.85,-11.98,-12.04,-11.90,-11.76,-12.12,-12.20,-11.90,-11.76,-12.12,-11.63,-11.55,-11.76,-11.85,-12.26,-12.12,-11.90,-12.39,-12.26,-12.26,-12.20,-12.34,-12.20,-11.76,-12.12,-11.49,-10.57,-11.98,-11.90,-12.39,-12.34,-12.12,-12.12,-12.04,-12.12,-11.98,-12.04,-12.04,-11.76,-12.04,-11.76,-11.85,-12.26,-12.39,-11.90,-12.12,-12.04,-12.20,-11.98,-11.98,-12.26,-12.12,-12.12,-11.98,-12.20,-12.04,-12.12,-12.04,-12.12,-12.12,-11.98,-11.98,-12.48,-12.26,-12.39,-11.98,-12.12,-12.39,-12.26,-12.20,-12.48,-12.12,-11.98,-12.12,-11.98,-11.98,-12.20,-12.20,-12.26,-12.04,-12.12,-11.90,-11.41,-11.55,-12.48,-11.98,-12.48,-11.90,-11.98,-12.56,-12.20,-12.39,-12.39,-12.26,-12.12,-12.26,-12.61,-12.12,-12.56,-12.39,-12.20,-12.39,-12.04,-12.12,-12.61,-12.04,-12.34,-12.61,-12.26,-12.26,-12.39,-12.12,-12.56,-12.12,-12.20,-12.20,-12.56,-12.48,-12.70,-12.56,-12.70,-12.48,-12.39,-12.39,-12.56,-12.56,-12.04,-12.61,-12.26,-12.56,-12.48,-12.56,-12.61,-12.70,-12.39,-12.34,-12.20,-12.56,-12.56,-12.61,-12.92,-12.12,-12.20,-12.70,-12.48,-12.70,-12.48,-12.34,-12.48,-12.34,-12.70,-12.61,-12.56,-12.48,-12.26,-12.34,-12.48,-12.78,-12.26,-12.39,-12.34,-12.39,-12.78,-12.61,-12.39,-12.78,-12.78,-12.78,-12.61,-12.34
-12.39,-12.78,-12.48,-12.70,-12.78,-12.92,-12.56,-12.70,-12.92,-12.39,-12.78,-12.83,-12.56,-12.61,-12.56,-12.26,-12.34,-12.78,-12.48,-12.39,-12.70,-12.61,-12.34,-12.56,-12.20,-12.61,-12.56,-12.48,-12.70,-12.34,-12.61,-12.26,-12.20,-12.34,-12.20,-12.56,-12.39,-12.12,-12.48,-11.98,-12.26,-12.70,-11.98,-12.12,-12.56,-12.26,-12.78,-12.48,-12.34,-12.48,-12.34,-12.56,-12.70,-12.70,-12.20,-12.34,-12.56,-12.61,-12.26,-12.39,-12.04,-12.39,-12.34,-12.04,-12.39,-12.20,-12.39,-12.26,-12.26,-12.39,-12.34,-12.34,-12.39,-12.48,-12.39,-12.48,-12.26,-12.34,-12.34,-12.34,-12.20,-12.26,-12.26,-12.39,-12.39,-12.34,-12.34,-12.48,-12.26,-12.20,-12.20,-11.85,-12.20,-12.12,-12.04,-12.70,-12.26,-12.56,-11.98,-11.90,-12.26,-12.39,-12.26,-12.48,-12.26,-12.26,-12.34,-12.34,-12.26,-12.34,-12.48,-11.98,-11.98,-12.20,-12.26,-12.39,-12.26,-12.26,-12.26,-12.20,-12.34,-12.48,-12.04,-12.12,-12.26,-11.98,-12.20,-12.20,-12.34,-12.12,-12.26,-11.98,-12.04,-12.04,-11.76,-12.12,-12.26,-12.26,-11.98,-12.34,-12.04,-12.20,-12.12,-12.20,-11.98,-12.26,-12.04,-12.04,-12.20,-11.90,-12.04,-12.39,-12.12,-12.34,-11.76,-12.26,-12.20,-12.20,-12.04,-12.26,-12.04,-12.26,-11.98,-11.90,-12.26,-12.12,-12.04,-11.90,-11.76,-11.98,-12.20,-11.85,-11.98,-12.20,-11.85,-12.34,-12.20,-12.12,-12.12,-12.26,-12.04,-11.98,-11.98,-12.26,-11.76,-11.68,-12.04,-12.20,-12.04,-11.90,-11.49,-11.98,-11.76,-11.68,-11.63,-11.68,-11.68,-11.63,-11.85,-11.68,-11.41,-11.68,-11.55,-11.76,-11.63,-11.90,-11.68,-11.68,-11.49,-11.41,-11.41,-11.68,-11.85,-11.90,-10.84,-12.04,-12.34,-11.98,-12.04,-11.68,-12.04,-11.49,-11.90,-11.68,-11.98,-11.98,-12.39,-11.90,-11.98,-11.76,-11.98,-11.85,-12.26,-12.26,-12.04,-11.98,-11.76,-10.57,-11.76,-11.76,-12.20,-12.12,-11.85,-11.85,-12.20,-12.04,-12.26,-12.04,-11.90,-12.04,-12.04,-11.85,-11.90,-11.85,-12.20,-11.90,-12.61,-12.20,-12.04,-11.98,-12.04,-12.20,-11.85,-12.12,-12.26,-12.20,-12.20,-11.90,-11.98,-11.98,-12.20,-11.98,-11.90,-11.98,-12.48,-12.20,-12.12,-11.90,-12.20,-12.39,-12.70,-11.98,-12.20,-12.12,-12.48,-12.20,-12.12,-11.98,-12.12,-12.12,-12.04,-11.85,-11.63,-11.63,-12.12,-12.34,-12.12,-12.04,-12.20,-12.39,-12.39,-12.26,-12.56,-12.34,-12.12,-12.56,-12.34,-12.34,-12.20,-12.20,-12.04,-11.98,-12.04,-12.34,-12.20,-12.26,-12.56,-12.34,-12.26,-12.39,-12.34,-12.48,-12.26,-11.85,-11.98,-11.98,-12.26,-12.04,-12.20,-12.39,-12.12,-12.56,-12.61,-12.56,-12.26,-12.20,-12.39,-12.20,-12.04,-12.56,-12.20,-12.39,-12.34,-12.83,-12.70,-12.56,-12.20,-12.20,-12.48,-12.48,-12.56,-12.61,-12.48,-12.26,-12.61,-12.56,-12.34,-12.39,-12.34,-12.70,-12.48,-12.48,-12.70,-12.70,-12.48,-12.34,-12.83,-12.48,-12.48,-12.78,-12.92,-12.26,-12.48,-12.48,-12.70,-12.20,-12.26,-12.56,-12.39,-12.61,-12.92,-12.61
-12.83,-12.83,-12.61,-12.83,-12.78,-12.39,-12.56,-12.61,-12.39,-12.70,-12.97,-12.70,-12.78,-12.70,-12.70,-12.70,-12.56,-12.39,-12.39,-12.56,-12.04,-12.34,-12.70,-12.48,-12.61,-12.39,-12.12,-12.56,-12.61,-12.04,-12.20,-12.39,-12.56,-12.61,-12.56,-12.26,-12.34,-12.39,-12.34,-12.70,-12.26,-12.56,-12.48,-12.39,-12.12,-12.56,-12.34,-12.12,-12.34,-12.48,-12.20,-12.70,-12.48,-12.61,-12.20,-12.48,-12.39,-12.26,-12.48,-12.56,-12.39,-12.78,-12.26,-12.39,-12.34,-12.48,-12.70,-12.48,-12.48,-12.61,-12.48,-12.78,-12.34,-12.20,-12.39,-12.34,-12.34,-12.26,-12.48,-12.34,-12.26,-12.34,-12.39,-12.34,-12.20,-12.04,-12.12,-12.34,-12.20,-12.34,-12.26,-12.26,-12.39,-12.20,-11.90,-12.34,-12.04,-12.56,-12.12,-12.12,-12.34,-12.04,-12.48,-12.12,-12.26,-12.12,-11.90,-11.98,-12.20,-12.34,-11.98,-12.04,-12.12,-12.48,-11.98,-12.20,-12.04,-12.04,-12.12,-12.20,-12.26,-12.39,-12.26,-11.98,-12.34,-12.04,-12.34,-11.98,-12.34,-12.20,-12.12,-12.61,-12.26,-12.56,-12.12,-12.39,-12.34,-12.56,-12.26,-12.26,-11.98,-11.98,-12.20,-12.20,-12.12,-12.26,-12.26,-12.04,-12.26,-11.98,-11.98,-11.98,-12.39,-12.20,-12.12,-11.76,-12.26,-12.48,-12.26,-12.26,-12.12,-12.20,-12.20,-12.20,-12.04,-11.90,-12.04,-12.20,-12.12,-12.26,-11.98,-11.85,-12.12,-12.26,-12.12,-12.20,-11.85,-11.85,-11.49,-11.76,-12.12,-12.12,-12.26,-11.63,-12.12,-11.55,-11.98,-12.12,-11.90,-11.76,-12.04,-11.55,-11.68,-11.68,-11.27,-11.90,-11.49,-11.55,-11.68,-11.68,-11.76,-11.85,-11.68,-11.41,-11.98,-11.85,-11.36,-11.76,-11.90,-11.68,-11.00,-11.68,-12.12,-12.04,-11.14,-11.90,-11.68,-11.76,-12.34,-12.20,-11.68,-11.68,-11.90,-11.85,-11.63,-11.85,-12.20,-12.26,-12.34,-12.26,-12.26,-12.12,-11.90,-11.90,-12.04,-11.68,-10.92,-11.68,-11.90,-12.12,-12.20,-12.04,-12.39,-12.04,-12.12,-12.12,-12.20,-12.34,-11.76,-12.20,-11.85,-12.12,-11.98,-12.12,-11.98,-12.20,-12.12,-12.20,-12.39,-12.20,-11.90,-12.12,-12.39,-12.34,-12.26,-12.04,-11.85,-12.56,-12.04,-12.04,-12.34,-11.85,-11.90,-12.04,-11.90,-12.04,-12.04,-12.26,-12.34,-12.34,-12.48,-12.34,-12.70,-12.26,-12.20,-12.34,-12.39,-12.04,-12.26,-11.63,-11.76,-11.85,-12.12,-12.26,-11.90,-11.90,-12.12,-12.20,-12.56,-12.26,-12.48,-12.26,-12.20,-12.61,-12.39,-12.56,-12.48,-12.39,-12.78,-12.04,-12.26,-12.34,-12.39,-12.04,-12.20,-12.34,-12.39,-12.20,-12.04,-12.12,-12.26,-12.20,-12.34,-12.39,-12.39,-12.26,-12.04,-12.48,-12.34,-12.20,-12.56,-12.34,-12.39,-12.12,-12.61,-12.39,-12.48,-12.12,-12.48,-12.48,-12.48,-12.70,-12.56,-12.70,-12.26,-12.56,-12.70,-12.48,-12.39,-12.56,-12.39,-12.26,-12.39,-12.26,-12.34,-12.61,-12.56,-12.70,-12.34,-12.26,-12.26,-12.70,-12.48,-12.34,-12.48,-12.34,-12.48,-12.56,-12.70,-12.61,-12.56,-12.56,-12.78,-12.78,-12.34,-12.78,-12.56,-12.92,-12.83,-12.92,-12.78,-12.78
-13.14,-12.70,-12.92,-12.39,-12.78,-13.06,-12.56,-12.39,-12.61,-12.83,-12.34,-12.70,-12.83,-12.83,-12.34,-12.70,-12.61,-12.78,-12.39,-12.56,-12.61,-12.34,-12.83,-12.48,-12.39,-12.83,-12.39,-12.70,-12.56,-12.34,-12.34,-12.78,-12.48,-12.39,-12.56,-12.26,-12.34,-12.48,-12.34,-12.48,-12.61,-12.39,-12.56,-12.39,-12.48,-12.48,-12.26,-12.26,-12.70,-12.48,-12.26,-12.34,-12.39,-12.34,-12.56,-12.20,-12.12,-12.48,-12.20,-12.70,-12.61,-12.39,-12.12,-12.92,-12.34,-12.70,-12.26,-12.61,-12.56,-12.26,-12.20,-12.48,-12.70,-12.26,-12.26,-12.61,-12.34,-12.56,-12.20,-12.12,-12.34,-12.20,-12.39,-12.39,-12.26,-12.34,-12.26,-12.26,-12.34,-12.34,-12.26,-12.34,-12.04,-12.12,-12.34,-12.20,-11.85,-12.26,-12.12,-12.39,-11.98,-12.26,-12.26,-11.98,-12.34,-12.12,-12.48,-12.39,-12.20,-12.39,-12.12,-12.34,-12.12,-11.98,-12.12,-12.12,-12.39,-12.56,-12.34,-12.20,-12.04,-12.34,-12.34,-12.70,-12.04,-12.04,-12.56,-12.12,-12.04,-12.26,-12.20,-12.34,-12.39,-11.90,-12.20,-12.39,-12.48,-11.98,-12.20,-12.26,-12.12,-12.20,-12.26,-11.76,-11.98,-12.20,-12.39,-12.20,-12.61,-12.34,-12.34,-11.98,-12.26,-12.04,-12.48,-12.12,-12.39,-12.39,-12.20,-12.26,-12.12,-12.12,-12.34,-12.20,-12.26,-12.04,-11.85,-12.12,-12.20,-12.26,-11.76,-11.98,-12.12,-11.85,-12.34,-12.04,-12.20,-12.04,-12.26,-11.98,-11.98,-12.34,-11.98,-12.34,-11.90,-11.63,-11.76,-11.85,-11.68,-11.76,-11.55,-11.76,-11.55,-11.76,-11.41,-11.63,-11.68,-11.41,-11.49,-11.41,-11.55,-11.41,-11.19,-11.55,-11.68,-11.63,-11.85,-11.68,-11.63,-11.19,-11.36,-11.90,-11.85,-11.49,-11.55,-12.04,-11.90,-11.90,-11.76,-11.63,-11.00,-11.76,-11.90,-11.98,-11.90,-11.76,-12.26,-11.90,-12.20,-12.20,-12.20,-12.34,-11.76,-12.26,-12.20,-11.00,-11.76,-11.98,-11.98,-12.12,-12.04,-12.12,-12.04,-11.98,-12.48,-12.20,-11.68,-12.04,-12.04,-12.34,-12.12,-12.04,-12.04,-12.12,-12.12,-12.39,-11.90,-12.34,-12.56,-12.12,-12.12,-12.12,-12.26,-12.04,-12.20,-12.04,-11.68,-12.12,-12.48,-12.34,-11.98,-12.48,-12.20,-12.12,-12.04,-12.26,-12.04,-12.34,-12.20,-12.26,-12.56,-12.26,-12.04,-12.26,-12.20,-12.20,-12.20,-12.20,-11.76,-11.63,-11.90,-12.39,-11.98,-12.12,-11.90,-12.26,-12.26,-12.61,-12.34,-12.20,-12.34,-11.90,-11.68,-12.12,-12.39,-12.12,-12.70,-12.56,-12.39,-12.20,-12.56,-12.34,-12.39,-12.48,-12.61,-12.61,-12.39,-12.48,-12.20,-12.48,-12.34,-12.34,-12.34,-12.12,-12.26,-12.26,-12.34,-12.26,-12.48,-12.56,-12.12,-12.70,-12.78,-12.83,-12.34,-12.26,-12.48,-12.61,-12.20,-12.61,-12.39,-12.39,-12.56,-12.56,-12.26,-12.78,-12.48,-12.70,-12.39,-12.39,-12.39,-12.70,-12.61,-12.39,-12.26,-12.70,-12.34,-12.34,-12.61,-12.39,-12.34,-12.70,-12.34,-12.48,-12.48,-12.39,-12.61,-12.78,-12.48,-12.61,-12.78,-12.56,-12.78,-12.48,-12.56,-12.70,-12.83,-12.39,-12.61,-12.61,-12.34,-12.83
-12.61,-12.78,-12.48,-12.48,-12.70,-12.78,-12.70,-12.70,-12.70,-12.78,-12.92,-12.78,-12.56,-12.39,-12.34,-12.78,-12.83,-12.61,-12.70,-12.83,-12.56,-12.26,-12.70,-12.48,-12.56,-12.70,-12.39,-12.39,-12.92,-12.34,-12.34,-12.39,-12.12,-12.48,-12.48,-12.48,-12.39,-12.20,-12.48,-12.61,-12.12,-12.39,-12.34,-12.39,-12.48,-12.56,-12.39,-12.26,-12.39,-12.26,-12.20,-12.39,-12.56,-12.26,-12.26,-12.26,-12.34,-12.56,-12.34,-12.34,-12.34,-12.56,-12.34,-12.34,-12.12,-12.34,-12.78,-12.39,-12.12,-12.48,-12.34,-12.39,-12.39,-12.56,-12.04,-12.56,-12.12,-12.34,-12.39,-12.20,-12.34,-12.26,-12.61,-12.04,-12.20,-12.39,-12.39,-12.04,-12.39,-12.34,-12.39,-12.48,-12.61,-11.90,-12.20,-12.26,-11.98,-12.04,-12.04,-12.04,-11.90,-12.48,-12.34,-12.39,-11.85,-12.39,-12.20,-12.26,-12.26,-12.26,-11.98,-12.20,-11.98,-11.90,-11.98,-12.12,-12.34,-11.90,-12.12,-11.76,-11.90,-12.48,-12.20,-12.34,-12.12,-12.39,-11.90,-12.04,-11.76,-12.20,-11.98,-12.20,-12.12,-12.20,-12.20,-12.12,-12.20,-12.39,-12.12,-11.85,-12.20,-12.34,-12.04,-12.12,-12.12,-11.76,-12.04,-12.34,-11.76,-12.12,-12.04,-12.39,-12.39,-12.20,-12.12,-12.34,-12.04,-12.12,-12.20,-12.20,-12.26,-12.26,-11.98,-12.20,-12.56,-12.20,-11.85,-11.90,-12.12,-11.76,-11.98,-11.76,-11.85,-11.85,-12.20,-11.98,-12.04,-11.85,-11.76,-11.63,-12.04,-12.12,-11.85,-11.90,-11.85,-11.55,-11.68,-11.55,-11.85,-11.85,-11.76,-11.85,-11.76,-11.41,-11.63,-11.85,-11.36,-11.55,-11.76,-11.49,-11.68,-11.90,-11.36,-11.68,-11.76,-11.68,-11.49,-11.68,-11.49,-10.71,-11.49,-11.68,-11.76,-11.27,-11.76,-11.76,-11.90,-12.26,-11.76,-11.41,-9.61,-11.68,-12.04,-11.85,-11.90,-11.98,-12.26,-12.04,-11.90,-12.34,-12.12,-12.12,-11.63,-11.85,-11.76,-11.98,-12.04,-12.12,-12.34,-12.34,-12.20,-11.90,-12.12,-12.04,-11.76,-11.76,-11.98,-12.26,-12.20,-11.85,-11.98,-12.12,-12.04,-11.98,-11.68,-12.26,-11.85,-11.90,-12.20,-12.20,-12.26,-12.04,-12.20,-11.98,-12.34,-12.04,-12.12,-12.12,-12.20,-12.12,-11.90,-12.26,-12.12,-12.12,-12.26,-12.34,-12.39,-12.34,-11.85,-12.12,-11.98,-12.04,-12.26,-11.98,-12.39,-12.26,-11.90,-11.63,-12.12,-12.26,-12.04,-12.04,-12.20,-12.26,-12.12,-12.04,-12.20,-12.61,-12.34,-12.26,-12.34,-12.48,-12.26,-12.12,-12.20,-11.98,-12.39,-12.04,-12.20,-12.20,-12.26,-12.20,-12.26,-12.39,-12.26,-12.34,-12.04,-12.39,-12.26,-12.12,-12.39,-12.12,-12.34,-12.04,-12.56,-12.04,-12.39,-12.48,-12.48,-12.48,-12.56,-11.90,-12.20,-12.39,-12.39,-12.56,-12.56,-12.56,-12.39,-12.39,-12.39,-12.39,-12.39,-12.56,-12.61,-12.70,-12.26,-12.39,-12.56,-12.26,-12.61,-12.34,-12.61,-12.26,-12.78,-12.61,-12.56,-12.70,-12.48,-12.61,-12.48,-12.70,-12.56,-12.39,-12.70,-12.34,-12.34,-12.70,-12.61,-12.39,-12.56,-12.61,-12.70,-12.39,-12.26,-12.48,-12.92,-12.78,-12.70,-12.56,-12.70,-12.61
-12.78,-12.48,-12.34,-12.78,-12.70,-13.06,-12.83,-12.61,-12.70,-12.61,-12.70,-13.14,-12.48,-12.78,-12.83,-12.61,-12.26,-12.34,-12.78,-12.34,-12.48,-12.70,-12.61,-12.39,-12.34,-12.78,-12.12,-12.26,-12.61,-12.39,-12.12,-12.26,-12.56,-12.56,-12.56,-12.20,-12.56,-12.48,-12.70,-12.39,-12.70,-12.26,-12.48,-12.39,-12.26,-12.26,-11.90,-12.12,-12.26,-12.34,-12.39,-12.26,-11.98,-12.34,-12.26,-12.34,-12.61,-12.48,-12.39,-12.20,-12.39,-12.48,-12.70,-12.20,-12.26,-12.39,-12.26,-12.20,-12.26,-12.20,-12.20,-12.12,-12.20,-12.26,-12.48,-12.20,-12.34,-12.34,-12.26,-12.20,-12.20,-12.34,-12.48,-12.56,-12.34,-12.12,-12.12,-12.34,-12.34,-12.12,-11.98,-11.90,-11.85,-12.34,-12.26,-12.34,-12.20,-12.39,-12.26,-12.26,-12.26,-12.26,-12.12,-12.12,-12.34,-12.26,-12.20,-11.90,-11.98,-11.90,-12.48,-12.20,-12.26,-12.20,-12.39,-12.26,-12.20,-11.90,-12.20,-11.90,-11.85,-12.20,-11.98,-12.20,-12.12,-12.20,-12.04,-12.26,-12.48,-12.12,-12.20,-12.20,-12.12,-12.20,-12.20,-12.26,-12.12,-12.04,-12.26,-12.20,-11.98,-12.12,-12.12,-12.12,-12.39,-12.34,-12.34,-12.70,-12.34,-11.98,-12.34,-11.98,-12.34,-12.04,-12.04,-12.12,-12.20,-11.85,-12.12,-12.34,-12.20,-12.04,-12.34,-12.26,-12.12,-12.12,-12.34,-12.26,-11.90,-11.68,-12.26,-11.85,-12.04,-11.98,-11.68,-11.98,-11.85,-11.90,-12.48,-12.12,-12.12,-12.04,-11.85,-11.85,-12.20,-11.76,-11.27,-11.68,-11.98,-11.85,-11.90,-11.85,-11.68,-11.76,-11.68,-11.36,-11.49,-11.76,-11.68,-11.76,-11.27,-11.68,-11.19,-11.55,-11.63,-11.49,-12.04,-11.76,-11.55,-11.00,-11.41,-11.76,-11.90,-11.14,-11.85,-11.85,-12.26,-12.34,-12.04,-11.19,-10.65,-11.68,-11.98,-12.12,-12.04,-12.12,-11.76,-12.34,-11.85,-12.39,-11.90,-12.20,-12.04,-12.12,-11.98,-11.85,-12.04,-12.34,-11.98,-11.90,-11.76,-12.26,-12.20,-11.85,-11.68,-11.49,-11.90,-11.63,-12.04,-11.98,-12.39,-11.98,-12.20,-12.04,-12.34,-12.04,-12.12,-12.20,-12.34,-12.12,-12.04,-11.90,-11.98,-12.12,-12.12,-12.04,-12.12,-11.98,-12.20,-12.12,-12.04,-12.39,-12.48,-12.20,-12.48,-12.48,-12.04,-11.98,-11.90,-12.34,-12.20,-12.20,-12.12,-12.26,-11.90,-11.55,-12.26,-11.90,-11.98,-12.12,-11.98,-12.04,-12.20,-12.39,-12.26,-12.12,-12.34,-12.20,-12.26,-12.12,-12.39,-12.39,-12.20,-11.98,-12.04,-11.90,-12.34,-12.48,-12.39,-12.48,-12.26,-12.26,-12.56,-12.48,-12.56,-12.48,-12.26,-12.39,-12.39,-12.26,-12.26,-12.39,-12.70,-12.39,-12.26,-12.34,-12.34,-12.39,-12.48,-12.34,-12.26,-12.39,-12.39,-12.39,-12.56,-12.26,-12.48,-12.48,-12.56,-12.48,-12.26,-12.26,-12.61,-12.48,-12.56,-12.56,-12.26,-12.34,-12.48,-12.12,-12.20,-12.39,-12.56,-12.34,-12.48,-12.34,-12.34,-12.39,-12.56,-12.34,-12.61,-12.34,-12.48,-12.34,-12.48,-12.26,-12.61,-12.92,-12.56,-12.56,-12.83,-12.78,-12.56,-12.61,-12.83,-12.48,-12.61,-12.48,-12.70,-12.61,-12.61,-12.61
-13.06,-13.06,-12.61,-12.83,-12.70,-12.70,-12.61,-12.78,-12.56,-12.61,-12.92,-12.48,-12.92,-12.92,-12.39,-12.83,-12.78,-12.48,-12.83,-12.61,-12.34,-12.56,-12.92,-12.61,-12.26,-12.83,-12.20,-12.56,-12.48,-12.56,-12.48,-12.48,-12.70,-12.56,-12.56,-12.26,-12.39,-12.20,-12.20,-12.56,-12.34,-12.56,-12.70,-12.39,-12.61,-12.34,-12.39,-12.61,-12.34,-12.61,-12.34,-12.26,-12.26,-12.20,-12.26,-12.20,-12.56,-12.20,-12.26,-12.20,-12.39,-12.48,-12.20,-12.78,-12.48,-12.56,-12.61,-12.20,-12.61,-12.20,-12.34,-12.61,-12.48,-12.39,-12.26,-12.26,-12.20,-12.39,-12.34,-12.34,-12.39,-12.26,-12.20,-12.04,-12.20,-12.34,-12.39,-12.48,-12.20,-12.39,-12.56,-12.12,-12.34,-12.26,-12.48,-12.39,-12.20,-12.39,-12.48,-11.90,-11.98,-12.20,-12.34,-12.26,-11.98,-12.26,-12.34,-12.34,-12.26,-12.04,-12.26,-12.56,-12.12,-12.39,-12.04,-12.04,-12.12,-12.20,-12.04,-12.34,-12.34,-12.04,-12.04,-12.04,-12.20,-12.20,-12.26,-12.26,-12.34,-12.12,-12.26,-12.20,-12.34,-12.20,-12.26,-12.20,-12.20,-12.39,-12.34,-12.20,-12.20,-12.04,-11.98,-12.04,-12.20,-12.04,-11.85,-12.34,-12.12,-12.04,-12.12,-12.34,-12.34,-12.26,-12.20,-12.20,-12.39,-12.20,-12.04,-12.12,-12.12,-12.34,-12.26,-12.48,-11.98,-12.04,-12.34,-12.20,-11.85,-11.85,-12.20,-12.04,-12.04,-11.85,-12.20,-12.12,-11.98,-12.04,-11.85,-11.98,-11.85,-11.76,-11.76,-12.34,-11.85,-11.98,-11.55,-11.63,-11.76,-11.49,-11.76,-11.98,-11.90,-11.36,-11.19,-11.55,-11.63,-11.55,-11.36,-11.49,-11.49,-11.55,-11.98,-11.63,-11.49,-11.68,-11.63,-11.76,-11.55,-11.19,-11.63,-11.41,-11.63,-11.41,-11.98,-11.85,-12.20,-12.04,-11.55,-11.00,-11.19,-12.34,-11.90,-12.04,-11.98,-12.12,-12.12,-12.04,-12.26,-12.04,-11.90,-11.98,-12.12,-12.12,-12.20,-12.12,-12.04,-12.12,-11.90,-12.34,-11.76,-11.98,-11.90,-11.98,-11.49,-11.85,-12.04,-11.98,-11.98,-12.04,-11.98,-11.63,-11.90,-11.76,-12.34,-12.20,-11.98,-12.12,-11.98,-11.98,-11.85,-11.85,-11.41,-11.98,-12.12,-11.90,-11.98,-12.04,-12.12,-12.20,-12.34,-12.34,-12.20,-12.20,-11.90,-11.63,-12.04,-12.20,-12.12,-12.48,-11.90,-12.48,-11.76,-11.85,-12.12,-12.20,-12.12,-11.85,-12.34,-12.12,-12.48,-12.20,-12.26,-12.34,-12.39,-12.04,-12.39,-12.12,-12.34,-12.20,-12.34,-11.76,-12.34,-12.04,-11.98,-11.90,-12.26,-12.26,-12.39,-12.20,-12.34,-12.34,-12.26,-12.34,-12.04,-12.34,-12.39,-12.39,-12.39,-12.12,-12.34,-12.34,-12.39,-12.26,-12.12,-12.39,-12.48,-12.26,-12.39,-12.78,-12.48,-12.39,-12.39,-12.61,-12.39,-12.48,-12.70,-12.12,-12.39,-12.34,-12.34,-12.70,-12.56,-12.39,-12.56,-12.26,-12.56,-12.56,-12.20,-12.56,-12.39,-12.39,-12.78,-12.56,-12.56,-12.70,-12.70,-12.56,-12.48,-12.70,-12.48,-12.48,-12.26,-12.26,-12.70,-12.39,-12.70,-12.56,-12.70,-12.56,-12.39,-12.48,-12.39,-12.48,-12.48,-12.61,-12.83,-12.78,-12.56,-12.34,-12.70,-12.70
-12.39,-13.19,-12.92,-12.83,-12.61,-12.26,-12.56,-12.48,-12.78,-12.70,-12.70,-12.56,-12.70,-12.56,-12.56,-12.56,-12.70,-12.78,-12.39,-12.56,-12.61,-12.61,-12.39,-12.61,-12.39,-12.83,-12.34,-12.34,-12.61,-12.56,-12.56,-12.61,-12.48,-12.48,-12.56,-12.34,-12.48,-12.20,-12.26,-12.48,-12.39,-12.04,-12.70,-12.83,-12.34,-12.70,-12.34,-12.48,-12.34,-12.34,-12.20,-12.04,-12.56,-12.48,-12.34,-12.39,-12.20,-12.56,-12.20,-12.26,-12.34,-12.12,-12.26,-12.26,-12.26,-12.56,-12.34,-12.39,-12.26,-12.34,-12.39,-12.26,-12.56,-12.39,-12.12,-12.34,-12.26,-12.48,-12.20,-11.98,-12.12,-12.20,-12.39,-12.04,-12.39,-12.61,-12.26,-11.98,-12.26,-11.98,-12.12,-12.26,-12.12,-12.26,-12.04,-12.20,-12.12,-12.39,-12.20,-12.48,-12.12,-12.48,-12.48,-12.34,-12.04,-12.48,-12.20,-12.20,-12.12,-12.04,-12.04,-11.90,-12.12,-12.34,-12.20,-12.04,-12.04,-11.85,-11.90,-12.04,-12.34,-12.12,-12.04,-12.61,-12.12,-12.04,-12.04,-12.12,-12.20,-12.26,-12.12,-12.34,-11.90,-11.90,-12.39,-12.26,-12.39,-12.20,-11.85,-12.34,-12.26,-12.34,-12.26,-12.12,-12.12,-12.20,-12.26,-12.34,-12.04,-12.34,-12.20,-12.34,-12.34,-11.98,-11.90,-12.26,-12.04,-12.26,-12.34,-12.26,-12.48,-12.04,-11.90,-11.85,-12.12,-11.98,-12.04,-12.34,-11.68,-12.34,-11.76,-11.90,-12.04,-11.98,-11.98,-12.12,-11.98,-12.12,-11.85,-11.85,-11.85,-11.90,-12.26,-12.04,-11.90,-11.68,-11.85,-11.76,-11.85,-11.90,-11.63,-11.76,-11.85,-11.55,-11.55,-11.41,-11.55,-11.36,-11.41,-11.76,-11.55,-11.49,-11.36,-11.49,-11.68,-11.76,-11.85,-11.49,-11.14,-11.41,-11.63,-11.68,-11.68,-11.68,-12.04,-11.85,-11.98,-11.98,-11.36,-10.52,-11.68,-11.98,-11.98,-11.76,-11.76,-12.04,-12.04,-12.26,-12.12,-12.12,-11.76,-11.90,-11.85,-11.98,-11.90,-12.20,-11.76,-12.12,-11.85,-11.63,-11.85,-12.20,-11.55,-11.55,-12.12,-11.98,-12.12,-12.26,-12.04,-12.04,-12.20,-12.04,-11.85,-11.76,-12.20,-11.76,-12.12,-12.20,-12.12,-11.55,-11.90,-11.14,-11.63,-11.98,-12.12,-11.68,-12.04,-11.90,-12.04,-12.26,-11.90,-12.34,-12.12,-12.20,-12.20,-12.20,-12.34,-12.34,-12.39,-12.34,-12.26,-11.85,-11.76,-11.98,-12.12,-12.56,-12.12,-12.12,-12.20,-12.34,-11.98,-12.56,-11.98,-12.12,-12.12,-12.56,-12.20,-12.26,-12.04,-12.20,-12.61,-12.20,-12.34,-11.98,-12.04,-12.20,-12.56,-12.39,-12.12,-12.34,-12.39,-12.39,-12.12,-12.12,-12.20,-12.48,-12.39,-12.20,-12.20,-12.34,-12.12,-12.56,-12.26,-12.61,-12.26,-11.90,-12.34,-11.98,-12.39,-11.90,-11.98,-12.20,-12.04,-12.61,-12.39,-12.61,-12.34,-12.20,-12.70,-12.61,-12.34,-12.39,-12.70,-12.26,-12.56,-12.83,-12.34,-12.78,-12.61,-12.34,-12.70,-12.78,-12.70,-12.20,-12.56,-12.39,-12.70,-12.48,-12.34,-12.48,-12.61,-12.04,-12.39,-12.48,-12.34,-12.48,-12.70,-12.61,-12.34,-12.92,-12.56,-12.34,-12.70,-12.70,-12.48,-12.83,-12.34,-12.70,-12.92,-12.78,-12.97,-12.70
-12.83,-12.78,-12.70,-13.06,-12.78,-12.70,-12.83,-12.39,-12.39,-12.56,-12.78,-12.61,-12.83,-12.48,-12.78,-12.48,-12.92,-12.70,-12.92,-12.70,-12.48,-12.61,-12.78,-12.61,-12.20,-12.48,-12.34,-12.48,-12.78,-12.34,-12.34,-12.34,-12.61,-12.12,-12.56,-12.56,-12.26,-12.56,-12.12,-12.34,-12.56,-12.39,-12.48,-12.34,-12.26,-12.26,-12.56,-12.39,-12.56,-12.26,-12.48,-12.20,-12.39,-12.56,-12.48,-12.34,-12.61,-12.56,-12.83,-12.39,-11.98,-12.48,-12.34,-12.04,-12.34,-12.39,-12.26,-12.39,-12.12,-12.34,-12.26,-12.12,-12.39,-12.20,-12.26,-12.48,-12.20,-12.34,-11.90,-12.34,-12.26,-12.04,-12.48,-12.34,-12.48,-12.39,-12.56,-12.48,-12.04,-12.12,-12.12,-12.39,-12.26,-12.26,-12.20,-12.56,-12.26,-12.12,-12.34,-12.48,-12.34,-12.20,-12.20,-12.39,-12.20,-12.34,-12.04,-12.26,-12.20,-12.34,-12.26,-12.04,-12.26,-12.12,-12.04,-12.04,-12.04,-12.04,-12.34,-12.26,-12.12,-12.04,-12.20,-12.12,-12.20,-12.12,-11.90,-12.20,-12.12,-12.34,-12.34,-12.12,-12.26,-12.20,-11.98,-12.12,-12.12,-12.26,-12.20,-12.39,-11.68,-12.04,-12.20,-12.12,-12.20,-12.12,-12.34,-12.34,-12.39,-12.26,-12.39,-12.20,-12.20,-12.20,-12.26,-12.04,-11.76,-12.20,-12.12,-12.12,-12.20,-12.12,-12.20,-12.04,-12.04,-12.12,-12.12,-11.90,-12.04,-12.04,-11.90,-12.04,-11.68,-11.76,-11.90,-11.76,-11.98,-11.98,-12.26,-12.20,-11.76,-11.76,-11.85,-11.85,-11.63,-11.68,-11.76,-11.63,-11.76,-11.85,-11.68,-11.76,-11.68,-11.55,-11.49,-11.55,-11.63,-11.63,-11.49,-11.49,-11.41,-11.49,-11.27,-11.27,-11.55,-11.63,-11.85,-11.85,-11.63,-11.76,-11.41,-11.63,-11.68,-11.63,-12.04,-11.76,-11.76,-11.85,-11.90,-11.19,-11.85,-11.85,-11.98,-12.26,-12.04,-11.85,-12.20,-12.12,-11.68,-12.04,-11.68,-11.76,-11.98,-12.34,-12.04,-11.98,-12.39,-12.20,-11.90,-11.98,-11.76,-11.68,-11.63,-12.04,-11.90,-12.12,-12.26,-12.04,-11.68,-11.90,-12.20,-11.63,-11.41,-11.98,-12.12,-12.20,-11.68,-12.39,-12.04,-11.55,-11.68,-11.98,-12.04,-11.90,-11.85,-12.04,-11.90,-12.20,-12.12,-12.12,-12.04,-11.98,-12.26,-12.04,-12.26,-12.34,-12.26,-12.12,-11.90,-11.68,-11.49,-11.85,-12.34,-11.90,-12.12,-11.98,-12.12,-12.20,-11.90,-12.20,-12.12,-12.39,-12.39,-12.04,-12.26,-12.12,-12.26,-12.56,-12.34,-12.12,-12.04,-11.98,-12.20,-12.04,-12.04,-12.48,-11.85,-12.20,-12.04,-12.39,-12.48,-12.34,-12.12,-11.98,-12.39,-12.39,-12.12,-12.12,-12.39,-12.39,-12.56,-12.12,-12.12,-12.26,-12.20,-12.04,-12.26,-12.39,-12.04,-12.34,-12.12,-12.26,-12.61,-12.34,-12.48,-12.12,-12.39,-12.26,-12.26,-12.39,-12.34,-12.39,-12.48,-12.61,-12.56,-12.26,-12.70,-12.56,-12.61,-12.78,-12.26,-12.70,-12.56,-12.12,-12.83,-12.48,-12.39,-12.48,-12.39,-12.20,-12.39,-12.48,-12.70,-12.34,-12.61,-12.56,-12.78,-12.61,-12.48,-12.26,-12.48,-12.34,-12.61,-12.56,-12.70,-12.48,-12.26,-12.56,-12.34,-12.70,-12.83,-12.83
-12.70,-12.61,-12.92,-12.83,-12.48,-12.92,-12.92,-12.61,-12.78,-12.78,-12.61,-12.83,-12.34,-12.83,-12.61,-12.39,-12.34,-12.39,-12.48,-12.78,-12.56,-12.56,-12.56,-12.39,-12.39,-12.26,-12.61,-12.20,-12.26,-12.34,-12.56,-12.70,-12.26,-12.26,-12.26,-12.56,-12.48,-12.26,-12.61,-12.39,-12.20,-12.20,-12.20,-12.39,-12.04,-12.39,-12.70,-12.92,-12.34,-12.12,-11.98,-12.26,-12.48,-12.20,-12.56,-12.26,-12.56,-12.39,-12.34,-12.20,-12.20,-12.12,-12.39,-12.48,-12.39,-11.98,-12.34,-12.34,-12.34,-12.26,-12.56,-12.20,-12.39,-12.48,-12.26,-12.26,-12.26,-12.39,-12.34,-12.04,-12.26,-12.26,-12.39,-12.34,-11.90,-12.48,-12.20,-12.34,-12.34,-12.20,-12.39,-12.26,-12.26,-12.20,-12.04,-11.90,-12.04,-12.20,-12.26,-12.34,-12.34,-12.39,-11.98,-11.98,-12.12,-12.39,-12.20,-11.90,-12.34,-12.12,-12.20,-11.98,-11.90,-12.39,-12.04,-12.04,-11.98,-11.98,-12.04,-12.26,-12.26,-12.12,-11.90,-12.12,-12.34,-12.20,-11.98,-12.20,-11.98,-12.20,-12.39,-12.20,-12.04,-12.20,-12.20,-11.98,-11.76,-12.12,-12.20,-11.90,-12.04,-12.04,-12.12,-12.26,-12.12,-12.26,-12.12,-12.39,-11.90,-12.04,-11.90,-11.85,-11.76,-12.12,-12.26,-12.39,-11.98,-12.12,-12.26,-12.04,-12.34,-12.26,-12.12,-11.98,-12.20,-11.90,-12.20,-12.04,-11.76,-12.04,-11.98,-12.12,-12.04,-11.85,-11.63,-11.63,-11.76,-11.98,-12.04,-11.76,-11.76,-11.90,-11.68,-11.63,-11.90,-11.76,-11.63,-11.55,-11.63,-11.41,-11.49,-11.36,-11.55,-11.27,-11.55,-11.27,-11.49,-11.27,-11.36,-11.63,-11.36,-11.49,-11.27,-11.36,-11.27,-11.49,-11.49,-11.55,-11.41,-11.36,-11.19,-11.55,-11.41,-11.63,-11.76,-11.41,-11.85,-11.68,-11.49,-11.41,-11.85,-11.76,-12.12,-11.63,-11.90,-11.90,-12.12,-11.85,-11.98,-11.55,-12.12,-11.98,-12.12,-12.04,-12.04,-12.20,-12.20,-12.20,-12.20,-12.12,-11.90,-11.90,-11.85,-11.90,-12.12,-12.20,-12.34,-12.34,-12.26,-11.90,-11.68,-11.63,-12.12,-11.68,-11.98,-11.98,-12.12,-11.98,-11.63,-12.04,-11.90,-11.90,-11.90,-11.68,-12.20,-11.76,-12.04,-12.26,-12.04,-12.12,-11.98,-11.85,-12.26,-11.85,-12.04,-12.26,-11.85,-11.90,-11.85,-11.85,-12.12,-12.20,-12.04,-12.04,-12.12,-11.90,-11.90,-12.04,-12.12,-12.20,-12.20,-12.12,-12.12,-11.98,-12.12,-11.98,-12.04,-12.12,-11.90,-11.98,-11.85,-12.20,-12.56,-12.48,-12.26,-12.39,-12.39,-12.39,-12.56,-12.48,-12.26,-12.26,-12.20,-12.39,-12.20,-12.26,-12.12,-12.34,-12.56,-12.12,-12.34,-12.12,-12.39,-12.39,-12.12,-12.20,-12.56,-12.26,-12.26,-12.04,-12.26,-12.34,-12.48,-12.78,-12.48,-12.56,-12.34,-12.56,-12.26,-12.12,-12.39,-12.39,-12.78,-12.12,-12.39,-12.39,-12.48,-12.12,-12.48,-12.56,-12.61,-12.39,-12.78,-12.26,-12.48,-12.39,-11.98,-12.56,-12.20,-12.61,-12.61,-12.39,-12.34,-12.56,-12.61,-12.70,-12.48,-12.48,-12.78,-12.48,-12.61,-12.70,-12.26,-12.48,-12.39,-12.70,-12.39,-12.48,-12.39,-12.61,-12.70,-12.78
-12.70,-12.83,-12.78,-12.70,-12.56,-12.48,-12.83,-12.70,-12.70,-12.39,-12.39,-12.78,-12.39,-12.34,-12.34,-12.39,-12.26,-12.20,-12.78,-12.39,-12.39,-12.61,-12.39,-12.48,-12.61,-12.34,-12.56,-12.34,-12.70,-12.48,-12.20,-12.61,-12.26,-12.48,-12.70,-12.26,-12.70,-12.48,-12.26,-12.12,-12.20,-12.34,-12.56,-12.34,-12.12,-12.26,-12.56,-12.26,-12.26,-12.34,-12.34,-12.34,-12.70,-12.34,-12.61,-12.20,-12.26,-12.56,-12.04,-12.20,-12.34,-11.98,-12.12,-12.12,-12.26,-12.20,-12.20,-12.26,-12.04,-12.34,-12.04,-12.12,-12.20,-12.26,-12.12,-12.56,-12.26,-12.26,-12.04,-12.56,-12.34,-12.34,-12.12,-12.20,-12.20,-12.26,-12.39,-12.26,-12.39,-12.26,-12.12,-12.39,-11.98,-12.61,-12.20,-12.04,-12.12,-12.20,-12.12,-12.26,-11.98,-11.76,-12.26,-12.34,-11.90,-12.04,-12.39,-12.39,-12.26,-11.98,-12.12,-11.85,-12.34,-12.04,-12.26,-11.98,-12.39,-11.85,-12.34,-12.20,-11.90,-12.20,-12.48,-12.39,-12.26,-12.26,-12.39,-12.48,-12.20,-12.12,-12.12,-12.20,-12.20,-11.90,-12.20,-12.04,-11.90,-12.39,-11.98,-12.04,-12.12,-11.85,-12.20,-12.12,-11.85,-12.12,-12.20,-11.90,-12.04,-12.04,-11.68,-12.34,-12.04,-12.04,-11.98,-12.12,-12.20,-11.98,-12.20,-12.20,-12.04,-12.12,-11.85,-12.12,-11.98,-11.85,-12.12,-11.76,-11.90,-11.49,-11.98,-12.34,-11.68,-11.76,-12.12,-11.63,-11.85,-12.39,-12.12,-11.85,-12.12,-11.68,-12.04,-11.55,-11.36,-12.04,-11.68,-11.76,-11.41,-11.49,-11.55,-11.85,-11.41,-11.14,-11.49,-11.36,-11.49,-11.14,-11.41,-11.19,-11.55,-11.49,-11.49,-11.36,-11.41,-11.27,-11.68,-11.76,-11.63,-11.19,-10.09,-11.27,-11.41,-11.63,-11.63,-12.04,-11.63,-11.36,-11.27,-11.41,-12.12,-11.85,-12.04,-11.76,-11.98,-11.76,-12.04,-11.90,-11.85,-11.85,-11.85,-11.98,-11.98,-11.76,-12.04,-11.90,-11.55,-12.20,-11.90,-11.76,-11.68,-12.04,-11.55,-11.85,-12.20,-11.68,-11.76,-12.39,-12.12,-11.98,-11.98,-11.63,-11.76,-11.76,-11.98,-11.90,-11.98,-11.68,-12.20,-12.12,-11.98,-11.98,-12.12,-12.04,-12.04,-12.04,-12.39,-11.90,-12.04,-12.61,-11.76,-12.20,-12.12,-11.85,-12.12,-11.85,-11.63,-11.90,-12.04,-12.26,-11.90,-12.12,-12.34,-11.85,-11.90,-11.85,-12.26,-12.12,-12.34,-12.20,-12.04,-12.20,-11.68,-12.56,-12.20,-12.26,-12.04,-12.12,-12.20,-12.26,-12.48,-11.90,-11.98,-12.48,-12.34,-12.12,-12.12,-12.20,-12.34,-12.20,-12.34,-12.20,-12.39,-12.34,-12.04,-12.48,-12.20,-12.56,-11.98,-12.70,-12.20,-12.26,-11.98,-12.39,-12.20,-12.20,-12.48,-12.56,-12.12,-12.39,-12.56,-12.26,-12.48,-12.26,-11.90,-12.20,-12.48,-12.12,-12.20,-12.12,-12.04,-12.20,-12.56,-11.98,-12.48,-12.26,-12.26,-12.48,-12.56,-12.26,-12.48,-12.26,-12.48,-12.34,-12.78,-12.48,-12.78,-12.39,-12.48,-12.83,-12.39,-12.70,-12.70,-12.48,-12.26,-12.48,-12.48,-12.34,-12.61,-12.48,-12.39,-12.48,-12.56,-12.48,-12.61,-12.70,-12.78,-12.70,-12.70,-12.20,-12.70,-12.56
-12.83,-12.48,-12.78,-12.48,-12.56,-12.56,-12.56,-12.48,-12.56,-12.70,-12.56,-12.70,-12.34,-12.34,-12.61,-12.48,-12.48,-12.26,-12.39,-12.56,-12.26,-12.78,-12.56,-12.48,-12.34,-12.34,-12.70,-12.48,-11.98,-12.39,-11.98,-12.20,-12.20,-12.34,-12.20,-12.39,-12.56,-12.20,-12.78,-12.48,-12.39,-12.12,-12.26,-12.56,-12.56,-12.34,-12.20,-12.61,-12.26,-12.39,-12.34,-11.98,-12.26,-11.90,-12.48,-12.26,-11.76,-12.12,-12.39,-12.20,-12.34,-12.34,-12.34,-12.39,-12.61,-11.98,-12.48,-12.26,-12.26,-12.20,-12.39,-12.26,-12.34,-12.26,-12.04,-12.12,-12.34,-12.56,-12.20,-11.90,-12.04,-11.90,-12.12,-12.26,-12.26,-12.48,-12.34,-12.26,-12.34,-12.20,-12.39,-12.48,-12.48,-12.39,-12.34,-12.26,-12.20,-12.04,-12.20,-11.98,-12.04,-12.26,-11.90,-12.48,-11.90,-12.39,-11.90,-11.90,-12.12,-12.26,-11.98,-12.34,-12.04,-12.26,-12.12,-12.04,-12.12,-11.98,-12.04,-12.04,-12.04,-12.26,-12.48,-12.20,-12.26,-12.20,-12.12,-12.26,-12.04,-12.34,-12.20,-11.98,-12.20,-12.48,-12.26,-11.85,-11.98,-12.48,-11.90,-12.26,-12.34,-12.26,-12.04,-12.20,-12.20,-12.12,-12.20,-11.90,-11.85,-11.98,-11.85,-11.85,-11.90,-11.68,-12.26,-12.12,-12.48,-12.20,-12.34,-11.98,-12.34,-11.90,-12.12,-11.63,-11.90,-11.85,-11.68,-11.85,-12.12,-11.68,-11.63,-12.04,-11.90,-12.12,-11.90,-12.04,-11.85,-11.85,-11.76,-11.85,-12.20,-12.20,-11.90,-11.85,-11.76,-11.55,-11.68,-12.04,-11.63,-11.63,-11.63,-11.41,-11.27,-11.41,-11.36,-11.55,-11.19,-11.36,-11.36,-11.63,-11.36,-11.36,-11.14,-11.14,-11.49,-11.49,-11.76,-11.36,-11.55,-11.06,-10.38,-11.06,-11.90,-11.85,-11.85,-11.68,-11.76,-11.98,-11.41,-11.41,-11.63,-11.90,-11.85,-11.85,-11.68,-12.26,-11.90,-11.68,-11.68,-12.26,-12.12,-11.85,-12.04,-11.90,-11.98,-12.12,-12.20,-11.76,-11.85,-11.85,-11.90,-11.85,-11.85,-11.76,-11.98,-12.04,-12.04,-12.04,-11.76,-11.49,-11.76,-11.85,-11.63,-11.76,-11.68,-11.85,-11.85,-11.76,-12.12,-12.20,-12.20,-12.20,-12.12,-12.04,-11.90,-12.12,-11.85,-11.98,-11.98,-12.04,-11.68,-12.34,-12.20,-12.26,-11.63,-11.85,-12.20,-12.04,-12.39,-12.26,-12.04,-12.04,-12.26,-12.20,-12.04,-12.34,-12.04,-12.34,-11.98,-12.04,-12.48,-12.34,-12.04,-12.48,-12.20,-12.20,-12.04,-12.20,-12.39,-12.04,-12.20,-12.34,-11.98,-12.26,-12.39,-12.26,-12.26,-12.12,-12.48,-12.04,-12.26,-12.34,-12.26,-12.34,-12.12,-12.39,-12.56,-12.56,-12.12,-12.04,-12.39,-12.48,-12.56,-12.20,-12.34,-12.48,-12.12,-12.56,-12.26,-12.20,-12.26,-12.48,-12.20,-12.26,-12.48,-12.56,-12.56,-12.70,-12.20,-12.26,-12.48,-12.48,-12.34,-12.39,-12.34,-12.34,-12.56,-12.70,-12.26,-12.56,-12.26,-12.34,-12.34,-12.34,-12.48,-12.34,-12.78,-12.48,-12.39,-12.70,-12.83,-12.34,-12.48,-12.48,-12.61,-12.97,-12.48,-12.48,-12.78,-12.39,-12.48,-12.56,-12.78,-12.70,-12.48,-12.70,-12.34,-12.39,-12.70,-12.61,-12.83,-12.70
-12.83,-12.97,-12.83,-12.39,-12.70,-12.78,-12.78,-12.78,-12.48,-12.70,-12.78,-12.48,-12.70,-12.78,-12.83,-12.12,-12.26,-12.92,-12.39,-12.70,-12.39,-12.34,-12.70,-12.78,-12.39,-12.26,-12.39,-12.56,-12.39,-12.20,-12.70,-12.61,-12.39,-12.26,-12.20,-12.70,-12.20,-12.48,-12.26,-12.34,-12.70,-12.34,-12.70,-12.39,-12.39,-12.56,-12.48,-12.48,-12.48,-12.56,-12.39,-12.39,-12.20,-11.90,-12.12,-12.61,-12.26,-12.39,-12.04,-12.48,-12.12,-12.34,-12.39,-11.98,-12.20,-12.48,-12.26,-12.34,-12.70,-12.34,-12.26,-12.26,-12.04,-12.12,-12.26,-12.34,-12.34,-12.34,-12.20,-12.26,-12.04,-12.12,-12.34,-12.12,-12.39,-12.04,-12.26,-12.48,-12.20,-12.26,-12.61,-12.56,-12.48,-12.04,-12.34,-11.85,-12.39,-12.39,-12.12,-12.20,-12.39,-12.04,-12.20,-12.34,-12.20,-12.12,-12.48,-12.61,-12.04,-12.20,-12.26,-12.26,-12.20,-11.85,-12.12,-12.04,-12.26,-12.04,-12.04,-12.12,-12.12,-12.26,-12.34,-12.26,-12.26,-12.26,-11.98,-12.34,-12.20,-12.04,-12.34,-12.26,-12.04,-11.98,-12.26,-12.12,-12.48,-12.12,-12.26,-12.26,-12.20,-12.04,-12.26,-12.04,-12.12,-12.12,-12.26,-12.26,-12.20,-11.98,-12.20,-12.39,-12.12,-12.20,-11.85,-12.26,-12.12,-12.12,-12.20,-11.90,-11.98,-11.98,-11.85,-11.98,-12.04,-11.76,-11.90,-11.98,-12.12,-11.76,-11.68,-11.98,-11.90,-11.68,-11.90,-11.55,-11.98,-11.68,-11.85,-11.76,-11.63,-11.68,-11.98,-11.85,-11.68,-11.76,-11.85,-11.63,-11.76,-11.27,-11.49,-11.55,-11.55,-11.36,-11.14,-11.55,-11.14,-11.14,-11.06,-11.27,-11.36,-11.27,-11.55,-11.36,-11.36,-11.19,-11.85,-11.36,-11.49,-11.27,-11.41,-11.36,-11.63,-11.63,-11.76,-11.55,-11.76,-11.76,-11.55,-11.98,-11.76,-11.49,-11.85,-11.85,-11.76,-11.68,-11.76,-12.04,-11.76,-12.20,-11.90,-12.04,-12.12,-11.76,-11.98,-11.90,-12.04,-11.68,-11.76,-12.12,-11.98,-12.20,-12.20,-12.04,-12.12,-11.98,-11.90,-11.49,-11.41,-11.76,-11.68,-11.36,-11.06,-11.49,-11.63,-11.85,-11.90,-11.76,-11.76,-11.76,-12.12,-11.98,-11.98,-12.20,-11.63,-12.04,-11.85,-12.56,-12.20,-11.90,-12.12,-11.85,-11.90,-11.85,-11.98,-12.04,-11.85,-12.04,-12.04,-12.20,-12.39,-12.04,-12.34,-12.12,-11.76,-12.20,-11.90,-12.04,-12.04,-12.20,-12.20,-11.98,-11.98,-12.04,-11.98,-12.34,-12.20,-12.34,-12.34,-12.61,-12.12,-12.34,-12.20,-12.04,-12.48,-12.39,-12.39,-12.34,-12.48,-12.34,-12.20,-12.12,-12.48,-12.56,-12.56,-12.34,-12.26,-12.48,-12.70,-12.12,-12.48,-12.48,-12.34,-12.34,-12.12,-12.12,-12.26,-12.39,-12.39,-12.20,-12.34,-12.26,-12.39,-12.56,-12.48,-12.70,-12.39,-12.39,-12.48,-12.48,-12.34,-12.48,-11.90,-12.26,-12.12,-12.56,-12.39,-12.34,-12.56,-12.48,-12.20,-12.56,-12.61,-12.20,-12.04,-12.39,-12.78,-12.61,-12.61,-12.48,-12.26,-12.48,-12.26,-12.39,-12.39,-12.61,-12.61,-12.48,-12.56,-12.34,-13.06,-12.56,-12.92,-12.48,-12.56,-12.78,-12.39,-12.48,-12.26,-12.78,-12.78,-12.78
-12.78,-12.70,-12.97,-12.83,-12.34,-12.92,-12.34,-12.78,-12.48,-12.70,-12.78,-12.83,-12.92,-12.56,-12.56,-12.61,-12.26,-12.48,-12.39,-12.34,-12.78,-12.56,-12.48,-12.70,-12.70,-12.34,-12.61,-12.48,-12.61,-12.39,-12.78,-12.34,-12.26,-12.34,-12.34,-12.12,-12.34,-12.48,-12.12,-12.26,-12.26,-12.20,-12.34,-12.61,-12.39,-12.34,-12.83,-12.39,-12.48,-12.70,-12.26,-12.26,-12.56,-12.26,-12.39,-12.20,-12.34,-12.48,-11.98,-12.34,-12.34,-12.39,-12.20,-12.26,-12.61,-12.04,-12.04,-12.20,-11.85,-12.12,-11.98,-12.26,-12.34,-12.34,-12.04,-12.26,-12.12,-12.26,-12.34,-12.34,-12.61,-12.12,-12.48,-12.26,-12.39,-12.26,-12.20,-12.26,-11.98,-12.04,-12.39,-12.34,-12.48,-12.20,-12.26,-12.12,-12.20,-12.04,-12.04,-12.12,-11.90,-11.98,-12.20,-12.39,-12.39,-11.98,-12.20,-12.39,-12.26,-12.12,-12.20,-12.12,-12.26,-12.12,-11.85,-12.20,-12.20,-11.85,-11.90,-12.12,-12.04,-12.34,-11.98,-12.26,-12.39,-12.26,-12.26,-12.56,-12.20,-12.20,-12.20,-11.63,-11.85,-12.04,-11.98,-12.26,-12.26,-11.98,-11.98,-12.26,-12.20,-12.12,-12.20,-12.04,-12.34,-12.12,-12.04,-12.04,-12.04,-11.85,-11.76,-11.90,-12.26,-12.34,-12.26,-11.63,-11.90,-12.12,-12.20,-12.04,-12.12,-11.76,-11.76,-11.85,-12.12,-11.76,-11.68,-12.20,-12.26,-11.90,-11.98,-12.04,-11.68,-11.76,-11.76,-11.76,-11.85,-11.90,-12.34,-11.55,-12.12,-11.76,-12.26,-12.12,-11.76,-11.55,-11.55,-12.12,-11.55,-11.41,-11.36,-11.36,-11.55,-11.27,-11.63,-11.14,-10.84,-11.06,-11.14,-11.06,-11.06,-11.19,-11.14,-11.06,-11.49,-11.68,-11.63,-11.49,-11.27,-10.92,-11.06,-11.14,-11.55,-11.63,-11.55,-11.63,-11.55,-11.63,-11.98,-11.76,-11.76,-11.55,-12.12,-11.76,-12.12,-12.04,-11.90,-11.76,-12.34,-11.98,-12.20,-12.04,-12.26,-12.12,-11.98,-12.12,-11.76,-11.63,-12.20,-11.76,-12.04,-11.76,-11.68,-11.85,-12.48,-11.63,-11.19,-11.68,-11.63,-11.41,-11.14,-9.48,-7.33,-10.44,-11.68,-11.55,-11.90,-11.90,-11.90,-11.98,-12.20,-11.63,-11.85,-11.55,-12.12,-12.20,-12.12,-12.12,-11.90,-11.90,-11.76,-11.85,-12.12,-11.98,-12.04,-12.12,-12.34,-12.12,-12.39,-12.20,-12.34,-12.48,-12.20,-12.04,-12.12,-12.04,-12.34,-12.48,-12.34,-12.12,-12.20,-12.04,-12.04,-11.85,-12.26,-12.61,-11.90,-12.12,-12.39,-11.90,-11.85,-11.98,-12.39,-12.39,-12.12,-12.04,-12.12,-12.20,-12.12,-12.04,-12.20,-12.20,-12.04,-11.98,-11.98,-12.26,-12.39,-12.26,-12.20,-12.26,-12.34,-12.20,-12.61,-12.04,-12.56,-12.20,-12.34,-12.04,-12.20,-12.61,-12.61,-12.26,-12.26,-12.20,-12.34,-12.56,-12.34,-12.78,-12.20,-12.39,-12.04,-12.48,-12.34,-12.39,-12.39,-12.20,-12.26,-12.26,-12.26,-12.20,-12.61,-12.34,-12.26,-12.61,-12.39,-12.20,-12.48,-12.70,-12.48,-12.70,-12.20,-12.70,-12.39,-12.48,-12.34,-12.48,-12.39,-12.61,-12.39,-12.39,-12.48,-12.39,-12.39,-12.78,-12.83,-12.34,-12.70,-12.78,-12.61,-12.97,-12.48,-12.97
-12.78,-12.56,-12.56,-12.70,-12.56,-13.06,-12.61,-12.92,-12.78,-12.70,-12.83,-12.61,-12.34,-12.34,-12.70,-12.61,-12.39,-12.48,-12.61,-12.26,-12.78,-12.48,-12.70,-12.61,-12.39,-12.12,-12.48,-12.48,-12.56,-12.56,-12.20,-12.56,-12.26,-12.26,-12.20,-12.78,-12.56,-12.56,-12.34,-12.48,-12.48,-12.48,-11.98,-12.26,-12.34,-12.26,-12.20,-12.34,-12.26,-12.39,-12.39,-12.34,-12.48,-12.34,-12.70,-12.12,-12.70,-12.48,-12.34,-12.20,-12.48,-12.20,-12.20,-12.12,-12.39,-12.12,-12.04,-12.70,-12.39,-12.20,-12.34,-12.26,-12.48,-12.26,-12.34,-12.26,-12.48,-12.12,-12.26,-12.39,-12.12,-12.34,-12.39,-12.34,-12.12,-11.98,-12.34,-12.26,-12.04,-12.39,-12.39,-11.85,-11.98,-11.90,-12.20,-12.04,-12.48,-12.04,-12.04,-12.26,-12.12,-12.48,-12.34,-11.98,-12.39,-12.34,-11.98,-12.20,-11.85,-11.98,-12.48,-12.20,-12.20,-12.48,-11.90,-12.20,-12.26,-12.48,-12.34,-12.04,-12.12,-12.26,-12.39,-12.12,-12.04,-12.12,-12.39,-12.34,-12.48,-12.12,-12.20,-12.61,-12.39,-11.98,-12.20,-12.34,-12.20,-12.34,-12.26,-12.26,-12.34,-12.20,-11.98,-12.20,-12.34,-11.90,-12.26,-12.12,-12.20,-11.76,-12.20,-11.85,-11.98,-11.90,-12.12,-11.85,-12.34,-11.98,-11.63,-11.90,-11.85,-11.90,-12.04,-12.04,-11.85,-12.20,-11.68,-11.85,-11.68,-11.76,-12.34,-11.90,-11.98,-11.63,-12.04,-11.90,-11.76,-12.04,-11.85,-11.90,-11.76,-11.49,-11.63,-11.55,-11.63,-11.63,-11.85,-11.63,-11.76,-11.55,-11.55,-11.00,-11.55,-11.36,-11.19,-11.27,-11.14,-11.14,-11.00,-11.06,-11.00,-10.71,-11.14,-11.36,-11.14,-11.14,-11.63,-11.55,-11.41,-10.84,-11.19,-11.19,-11.63,-11.49,-11.68,-11.36,-11.49,-11.85,-11.85,-11.76,-11.76,-11.85,-11.76,-11.76,-11.98,-11.63,-11.85,-11.98,-12.04,-12.12,-11.85,-12.20,-11.85,-12.12,-11.98,-11.68,-11.68,-12.20,-11.90,-11.76,-11.98,-11.63,-12.04,-11.63,-11.63,-11.27,-11.55,-11.98,-11.41,-10.44,-9.61,-9.56,-10.79,-11.55,-11.68,-11.68,-11.76,-11.98,-11.85,-11.90,-11.68,-12.04,-12.12,-11.68,-12.12,-11.98,-11.55,-11.85,-11.85,-12.12,-12.04,-12.04,-11.90,-12.12,-12.20,-11.98,-12.20,-12.04,-12.20,-11.98,-12.34,-12.20,-11.98,-11.76,-12.20,-11.90,-12.34,-11.85,-12.34,-12.04,-11.98,-12.20,-12.04,-12.12,-12.48,-12.20,-12.04,-11.90,-12.34,-12.39,-12.34,-12.39,-11.76,-12.04,-11.98,-12.70,-12.34,-12.39,-12.26,-12.12,-12.26,-12.12,-12.39,-12.20,-12.39,-12.39,-12.26,-12.04,-12.04,-12.34,-12.20,-12.26,-12.26,-12.12,-12.39,-12.26,-12.70,-12.20,-12.20,-12.39,-12.26,-12.26,-12.48,-12.48,-12.34,-12.34,-12.56,-12.39,-12.56,-12.26,-12.34,-12.56,-12.20,-12.39,-12.39,-12.61,-12.48,-12.26,-12.61,-12.61,-12.26,-12.78,-12.34,-12.92,-12.70,-12.56,-12.61,-12.34,-12.39,-12.48,-12.26,-12.92,-12.04,-12.48,-12.39,-12.78,-12.48,-12.78,-12.56,-12.48,-12.61,-12.39,-12.34,-12.61,-12.70,-12.83,-12.39,-12.61,-12.61,-12.61,-12.70,-12.61
-12.48,-12.83,-12.48,-12.39,-12.48,-12.97,-12.61,-12.70,-12.48,-12.78,-12.83,-12.70,-12.26,-12.48,-12.83,-12.56,-12.78,-12.34,-12.70,-12.78,-12.34,-12.26,-12.56,-12.61,-12.39,-12.34,-12.26,-12.34,-12.39,-12.26,-12.70,-12.20,-12.61,-12.56,-12.20,-12.26,-12.26,-12.26,-12.39,-12.39,-12.70,-12.34,-12.48,-12.34,-12.26,-12.34,-12.70,-12.39,-12.70,-12.61,-12.26,-12.04,-12.39,-12.20,-12.34,-12.12,-12.26,-12.12,-12.34,-12.34,-12.34,-12.39,-12.39,-12.39,-12.61,-12.34,-12.39,-12.56,-12.26,-12.20,-12.48,-12.39,-12.26,-12.20,-12.34,-12.39,-12.20,-12.20,-12.26,-12.56,-11.98,-12.34,-12.20,-12.56,-12.61,-12.20,-12.39,-12.39,-12.39,-12.34,-12.04,-12.12,-12.20,-11.98,-12.39,-12.34,-11.98,-12.26,-12.04,-12.12,-11.98,-12.26,-12.12,-12.34,-12.34,-12.12,-12.26,-12.56,-12.26,-12.20,-12.12,-12.26,-11.90,-12.20,-12.39,-12.39,-12.26,-12.20,-12.34,-12.12,-12.04,-12.12,-12.34,-12.26,-12.34,-12.20,-12.20,-12.12,-12.04,-12.20,-12.12,-12.04,-12.39,-12.12,-12.04,-12.39,-12.20,-12.20,-11.98,-11.85,-11.68,-12.56,-12.12,-12.04,-12.12,-12.26,-11.98,-11.98,-12.26,-12.34,-12.12,-11.98,-11.98,-11.76,-12.48,-11.76,-12.34,-12.34,-12.20,-11.85,-11.98,-11.98,-11.90,-12.20,-12.12,-11.55,-11.76,-12.04,-11.68,-11.68,-11.90,-11.68,-11.85,-11.90,-11.90,-11.68,-12.34,-11.85,-11.76,-11.90,-11.98,-12.12,-11.85,-11.76,-11.63,-11.55,-11.68,-11.76,-11.76,-11.68,-11.27,-11.76,-11.36,-11.19,-11.06,-10.92,-10.92,-11.14,-10.92,-10.92,-11.00,-11.14,-11.00,-11.41,-11.00,-11.36,-11.41,-11.19,-11.36,-11.00,-11.14,-11.55,-11.36,-11.85,-11.49,-11.55,-11.63,-11.68,-11.90,-11.63,-11.85,-11.49,-12.20,-11.68,-11.76,-11.41,-11.68,-11.76,-12.04,-12.04,-11.90,-11.49,-11.90,-11.90,-11.76,-11.98,-11.55,-11.68,-12.04,-11.63,-11.49,-12.04,-11.98,-11.85,-11.76,-11.68,-11.63,-11.27,-10.09,-10.30,-11.41,-11.41,-11.19,-11.41,-11.76,-11.36,-11.90,-11.49,-11.68,-11.90,-11.63,-11.98,-12.20,-12.20,-11.90,-11.68,-11.98,-11.98,-11.98,-11.90,-12.04,-12.04,-12.20,-12.04,-11.90,-12.48,-12.04,-11.90,-11.90,-12.04,-11.90,-11.90,-11.90,-12.04,-12.20,-12.04,-11.98,-12.04,-12.39,-12.12,-12.34,-12.04,-12.39,-12.12,-12.20,-12.12,-12.48,-12.34,-12.56,-12.39,-12.12,-12.48,-11.90,-12.26,-12.34,-11.98,-12.34,-12.12,-12.39,-12.26,-11.98,-12.26,-12.39,-12.04,-12.39,-12.34,-12.61,-12.48,-12.39,-12.20,-12.34,-12.26,-12.26,-12.34,-12.26,-12.26,-12.48,-12.20,-12.39,-12.39,-12.26,-12.12,-12.20,-12.34,-12.34,-12.34,-12.56,-12.12,-12.48,-12.39,-12.34,-12.20,-12.20,-12.48,-12.48,-12.04,-12.26,-12.48,-12.34,-12.39,-12.26,-12.56,-12.48,-12.39,-12.39,-12.56,-12.48,-12.34,-12.39,-12.61,-12.92,-12.61,-12.61,-12.34,-12.61,-12.26,-12.20,-12.78,-12.70,-12.70,-12.48,-12.48,-12.61,-12.56,-12.39,-12.48,-12.92,-12.70,-12.48,-12.70,-12.70,-12.48
-12.61,-12.56,-12.78,-12.39,-12.48,-12.70,-12.61,-12.61,-12.78,-12.92,-12.20,-12.48,-12.39,-12.70,-12.70,-12.61,-12.26,-12.61,-12.39,-12.61,-12.34,-12.26,-12.70,-12.39,-12.70,-12.70,-12.56,-12.56,-12.56,-12.70,-12.39,-12.78,-12.34,-12.39,-12.34,-12.48,-12.20,-12.34,-12.56,-12.26,-12.34,-12.39,-12.12,-12.39,-12.34,-12.39,-12.39,-12.26,-12.39,-12.48,-12.26,-12.34,-12.26,-12.39,-12.39,-12.20,-12.26,-12.04,-12.20,-12.56,-12.12,-12.26,-12.12,-12.34,-12.48,-12.20,-12.39,-12.26,-12.39,-12.26,-12.26,-12.20,-12.04,-12.61,-12.04,-12.34,-12.20,-12.12,-12.12,-12.12,-12.39,-12.26,-12.20,-12.39,-12.34,-12.34,-12.26,-12.56,-12.26,-12.12,-12.04,-12.26,-12.39,-12.04,-12.20,-12.34,-12.12,-12.04,-12.26,-12.12,-12.12,-12.12,-12.39,-12.26,-12.26,-12.48,-12.12,-12.26,-11.98,-12.20,-12.04,-12.39,-12.12,-12.04,-11.90,-11.90,-12.48,-12.20,-12.20,-12.26,-12.12,-11.76,-11.68,-12.34,-12.26,-12.20,-12.20,-12.56,-11.98,-12.12,-12.20,-12.20,-12.26,-12.20,-12.34,-11.90,-12.26,-11.85,-11.98,-12.20,-11.85,-12.34,-12.26,-12.04,-12.26,-11.98,-12.39,-12.20,-11.76,-11.90,-11.85,-12.04,-11.85,-11.90,-12.20,-11.98,-12.04,-11.90,-12.26,-12.20,-11.85,-12.12,-12.20,-11.98,-12.12,-11.55,-11.63,-12.04,-11.90,-11.85,-12.12,-11.76,-11.68,-12.04,-11.90,-11.63,-11.90,-11.85,-11.76,-12.04,-11.85,-11.76,-11.85,-11.90,-11.68,-11.68,-11.85,-11.63,-11.36,-11.68,-11.27,-11.36,-11.00,-11.27,-10.92,-10.71,-11.00,-10.79,-11.00,-10.92,-10.65,-11.06,-11.19,-11.00,-11.41,-11.14,-11.00,-11.27,-11.36,-10.52,-10.04,-11.36,-11.63,-11.76,-11.55,-11.41,-11.76,-11.68,-11.63,-11.63,-11.76,-11.90,-11.90,-11.76,-11.27,-11.76,-11.90,-11.85,-11.49,-11.90,-12.26,-11.76,-11.68,-11.76,-11.76,-11.90,-11.63,-11.68,-11.76,-11.76,-12.04,-11.90,-11.63,-11.49,-11.55,-11.41,-10.38,-10.84,-11.14,-11.55,-11.55,-11.49,-11.55,-11.68,-11.85,-11.76,-11.68,-11.68,-11.63,-11.63,-11.68,-11.76,-11.68,-11.68,-11.68,-11.98,-11.90,-12.04,-11.98,-12.12,-12.04,-11.85,-12.20,-11.98,-12.12,-12.04,-11.68,-12.20,-11.85,-11.98,-12.12,-12.12,-12.26,-11.85,-11.76,-12.04,-12.48,-12.04,-12.26,-12.39,-11.90,-12.04,-12.26,-11.90,-12.34,-12.04,-12.12,-12.39,-12.39,-12.04,-12.56,-12.34,-12.34,-12.04,-11.90,-12.04,-12.26,-12.26,-12.26,-12.34,-12.34,-12.39,-12.04,-12.26,-12.34,-12.12,-12.34,-12.34,-12.48,-12.39,-12.04,-12.56,-12.34,-12.12,-12.26,-12.20,-12.61,-12.34,-12.12,-12.39,-12.34,-12.12,-12.48,-12.12,-12.20,-12.04,-12.26,-12.39,-12.56,-12.20,-12.39,-12.39,-12.48,-12.61,-12.48,-12.78,-12.26,-12.39,-12.34,-12.12,-12.70,-12.26,-12.39,-12.39,-12.78,-12.20,-12.70,-12.34,-12.61,-12.56,-12.70,-12.61,-12.56,-12.56,-12.48,-12.56,-12.61,-12.61,-12.48,-12.48,-12.56,-12.39,-12.39,-12.39,-12.04,-12.39,-12.39,-12.39,-12.48,-12.56,-12.56,-12.92
-12.70,-12.61,-12.61,-12.70,-13.14,-12.39,-12.78,-12.70,-12.70,-12.39,-12.78,-12.48,-12.78,-12.48,-12.83,-12.48,-12.39,-12.34,-12.56,-12.26,-12.70,-12.20,-12.39,-12.70,-12.61,-12.61,-12.20,-12.39,-12.39,-12.26,-12.26,-12.26,-12.34,-12.26,-12.70,-12.39,-12.26,-12.56,-12.56,-12.48,-12.12,-12.48,-12.26,-12.26,-12.20,-12.48,-12.34,-12.26,-12.20,-12.12,-12.20,-12.12,-12.20,-12.34,-12.26,-11.90,-12.26,-12.26,-12.12,-12.61,-12.20,-12.12,-12.26,-12.39,-12.26,-12.39,-12.26,-12.26,-12.48,-12.20,-12.12,-12.26,-12.26,-11.98,-12.12,-12.20,-12.56,-12.56,-12.04,-12.12,-12.12,-12.34,-12.04,-11.90,-11.98,-12.34,-11.98,-12.20,-11.85,-12.20,-12.04,-12.26,-12.48,-12.26,-12.39,-12.04,-12.04,-11.98,-12.39,-12.04,-12.48,-12.34,-12.34,-12.26,-12.78,-12.39,-12.39,-12.04,-12.12,-12.48,-12.12,-11.90,-12.39,-12.12,-12.04,-11.90,-12.34,-12.34,-12.26,-11.98,-12.12,-12.26,-12.04,-12.12,-11.90,-12.39,-12.26,-11.98,-12.04,-12.12,-12.04,-12.12,-12.34,-12.20,-12.56,-12.34,-11.90,-12.04,-12.26,-12.20,-12.34,-12.26,-11.98,-12.12,-12.12,-12.20,-11.98,-12.20,-12.04,-11.76,-11.98,-11.90,-11.85,-12.12,-11.90,-12.12,-11.90,-12.04,-12.34,-11.90,-12.20,-12.04,-12.39,-12.48,-11.85,-12.20,-12.20,-11.98,-11.76,-11.76,-11.90,-11.85,-11.98,-11.90,-11.90,-11.85,-11.98,-12.20,-11.76,-11.68,-11.76,-11.98,-11.63,-11.85,-11.68,-12.04,-11.85,-12.04,-11.55,-11.36,-11.36,-11.49,-11.36,-10.92,-11.19,-10.79,-10.65,-10.65,-10.65,-10.44,-10.84,-10.92,-11.00,-11.06,-11.19,-11.14,-11.19,-11.27,-11.06,-10.84,-11.06,-11.49,-11.63,-11.49,-11.68,-11.68,-11.55,-11.06,-11.19,-11.98,-11.63,-11.85,-11.76,-11.49,-11.55,-11.63,-11.63,-11.76,-11.49,-11.68,-11.49,-11.76,-11.76,-12.04,-11.55,-11.55,-11.68,-12.20,-11.49,-11.98,-11.76,-12.20,-11.63,-11.68,-10.84,-10.65,-11.06,-11.76,-11.63,-11.85,-11.76,-11.98,-11.76,-11.55,-11.63,-11.49,-11.63,-11.76,-11.63,-11.06,-10.09,-9.61,-11.36,-11.68,-11.49,-12.12,-11.68,-11.90,-12.04,-12.04,-11.98,-12.04,-11.85,-11.85,-11.76,-11.98,-12.04,-12.12,-11.76,-12.12,-11.98,-11.98,-12.04,-11.85,-12.26,-12.04,-12.26,-11.98,-12.61,-12.26,-12.04,-12.12,-11.98,-11.98,-12.34,-12.12,-12.20,-12.20,-11.98,-12.48,-12.12,-12.34,-11.85,-12.34,-12.12,-12.20,-12.04,-12.04,-12.39,-12.20,-12.20,-11.85,-12.04,-12.34,-12.48,-12.39,-12.04,-12.48,-12.04,-12.12,-12.04,-11.90,-12.34,-12.34,-12.56,-12.26,-12.61,-11.98,-12.20,-12.39,-12.34,-12.12,-12.26,-12.48,-12.39,-11.98,-12.12,-12.34,-12.39,-12.12,-12.61,-12.20,-12.34,-12.48,-12.12,-12.48,-12.56,-12.48,-12.34,-12.34,-12.48,-12.34,-12.61,-12.56,-12.70,-12.56,-12.78,-12.39,-12.12,-12.92,-12.61,-12.83,-12.34,-12.39,-12.39,-12.26,-12.61,-12.34,-12.70,-12.70,-12.78,-12.04,-12.70,-12.61,-12.70,-12.78,-12.70,-12.70,-12.78,-12.70,-12.56,-12.78
-12.92,-12.83,-12.83,-12.78,-12.39,-12.70,-12.92,-12.78,-12.78,-12.92,-12.56,-12.48,-12.83,-12.61,-12.78,-12.39,-12.48,-12.39,-12.56,-12.56,-12.39,-12.48,-12.70,-12.39,-12.34,-12.26,-12.61,-12.26,-12.26,-12.39,-12.26,-12.04,-12.20,-12.12,-12.34,-12.56,-12.12,-12.48,-12.56,-12.26,-12.34,-12.20,-12.20,-11.98,-12.26,-12.04,-12.12,-12.12,-12.20,-12.26,-11.98,-12.39,-12.56,-12.39,-12.20,-12.39,-12.26,-11.85,-12.34,-12.39,-12.34,-12.26,-12.26,-12.48,-12.34,-12.20,-12.04,-12.26,-12.56,-12.12,-12.34,-12.26,-12.39,-12.26,-12.34,-12.39,-12.34,-12.04,-12.34,-12.39,-12.39,-12.34,-12.20,-12.34,-12.34,-12.48,-12.26,-12.04,-12.26,-12.48,-12.48,-11.98,-12.34,-12.20,-12.48,-12.34,-11.68,-12.39,-12.04,-12.04,-11.90,-12.12,-12.26,-11.98,-11.76,-12.34,-11.98,-12.39,-12.12,-12.04,-12.20,-12.26,-12.26,-12.12,-12.26,-12.04,-12.12,-11.98,-12.20,-11.68,-12.12,-12.12,-12.20,-12.12,-12.20,-12.04,-12.20,-12.26,-12.20,-12.20,-12.20,-12.12,-12.26,-12.04,-11.90,-12.26,-12.26,-12.20,-11.76,-12.04,-12.39,-12.12,-12.26,-12.20,-11.98,-12.12,-12.12,-12.20,-12.34,-12.12,-12.34,-12.12,-11.63,-12.04,-12.39,-11.98,-12.04,-12.26,-12.04,-12.04,-12.20,-12.04,-12.12,-12.20,-12.34,-12.12,-11.90,-11.98,-11.85,-11.90,-11.85,-12.04,-12.04,-12.26,-11.76,-11.90,-11.76,-11.76,-11.76,-11.68,-11.68,-11.76,-11.90,-11.76,-11.63,-11.55,-11.68,-11.63,-11.49,-11.36,-11.68,-11.14,-11.49,-11.19,-11.14,-10.57,-10.52,-10.57,-10.52,-10.65,-11.00,-10.52,-10.92,-10.92,-11.14,-11.00,-11.36,-11.36,-11.55,-10.52,-11.19,-11.36,-11.55,-11.36,-11.55,-11.36,-11.90,-11.36,-11.68,-11.41,-11.76,-11.55,-11.76,-11.14,-9.21,-11.27,-11.76,-11.49,-11.55,-11.55,-11.76,-11.68,-11.85,-11.85,-11.76,-11.76,-11.68,-11.85,-11.63,-11.49,-11.49,-11.85,-11.41,-11.00,-11.55,-11.41,-11.49,-11.76,-11.63,-11.98,-11.85,-11.90,-11.49,-11.63,-11.85,-11.55,-11.36,-11.06,-10.44,-11.14,-11.41,-11.55,-11.68,-11.76,-11.98,-12.20,-11.90,-11.90,-12.20,-12.04,-11.90,-12.26,-12.12,-12.12,-12.26,-11.98,-12.20,-12.20,-12.34,-12.12,-12.39,-12.12,-11.90,-12.12,-12.20,-12.26,-12.26,-12.12,-11.90,-12.04,-12.12,-11.90,-12.56,-12.39,-12.20,-12.26,-11.90,-12.26,-12.48,-11.98,-12.34,-12.20,-12.20,-12.04,-12.20,-12.20,-12.39,-12.20,-12.61,-12.04,-12.48,-12.48,-12.26,-12.39,-12.04,-12.26,-12.26,-11.90,-12.20,-12.12,-12.20,-12.20,-12.12,-12.34,-12.04,-12.39,-12.26,-12.34,-12.12,-12.20,-12.34,-12.56,-12.04,-12.34,-12.12,-12.12,-12.56,-12.12,-12.48,-12.61,-12.26,-12.39,-12.34,-12.61,-12.34,-12.39,-12.34,-12.39,-12.04,-12.34,-12.34,-12.34,-12.61,-12.34,-12.48,-12.34,-12.26,-12.39,-12.20,-12.39,-12.70,-12.92,-12.78,-12.39,-12.78,-12.39,-12.78,-12.83,-12.34,-12.48,-12.78,-12.78,-12.48,-12.34,-12.92,-12.78,-12.61,-12.56,-12.48,-12.78,-12.61,-12.61
-12.78,-12.61,-12.39,-12.78,-12.83,-12.97,-12.78,-12.70,-12.48,-12.78,-12.61,-12.83,-12.56,-12.56,-12.34,-12.78,-12.48,-12.48,-12.56,-12.70,-12.39,-12.34,-12.34,-12.26,-12.56,-12.61,-12.70,-12.39,-12.12,-12.34,-12.20,-12.34,-12.48,-12.20,-12.20,-12.56,-12.56,-12.56,-12.26,-12.12,-12.39,-12.39,-12.12,-12.48,-12.70,-12.04,-12.26,-12.48,-12.48,-12.26,-12.34,-12.56,-12.48,-12.20,-12.34,-12.34,-12.26,-12.34,-11.98,-12.04,-12.20,-11.98,-12.61,-12.20,-12.61,-12.20,-12.48,-12.39,-11.98,-12.26,-12.26,-12.26,-12.26,-12.20,-11.90,-12.48,-11.98,-12.34,-12.20,-12.34,-11.98,-12.12,-12.20,-11.98,-12.34,-12.12,-12.04,-11.85,-12.04,-12.12,-12.39,-12.04,-11.98,-12.26,-12.04,-11.98,-12.04,-12.12,-12.26,-12.34,-12.04,-12.34,-12.39,-12.26,-12.12,-12.12,-12.04,-11.90,-12.20,-11.98,-11.90,-12.34,-12.04,-12.26,-12.04,-12.39,-11.98,-11.98,-11.90,-12.34,-12.26,-11.98,-12.04,-12.26,-11.90,-12.12,-12.34,-12.12,-12.26,-12.34,-12.34,-12.20,-12.39,-11.98,-11.98,-12.34,-12.26,-12.04,-11.90,-12.12,-11.98,-12.34,-12.20,-12.12,-12.04,-12.20,-11.90,-11.85,-12.34,-12.12,-11.90,-12.34,-12.12,-12.12,-11.98,-12.12,-12.04,-12.34,-11.90,-11.98,-12.04,-12.26,-11.85,-11.68,-12.26,-11.98,-12.04,-11.68,-12.12,-11.90,-12.04,-11.76,-11.90,-11.90,-11.98,-12.04,-11.90,-11.85,-11.63,-11.85,-11.90,-11.68,-11.98,-11.55,-11.90,-11.76,-11.85,-11.68,-11.49,-11.63,-11.36,-11.27,-11.06,-11.19,-10.92,-10.84,-10.38,-10.09,-10.57,-11.00,-10.92,-10.79,-10.92,-11.00,-11.00,-11.19,-11.27,-11.19,-11.49,-11.00,-11.19,-10.79,-11.19,-11.41,-11.41,-11.55,-11.68,-11.68,-11.63,-11.76,-11.68,-11.90,-11.63,-10.57,-9.69,-11.06,-11.55,-11.36,-11.68,-11.76,-11.85,-11.76,-11.90,-11.98,-11.68,-12.20,-11.76,-11.68,-11.76,-11.68,-11.49,-11.41,-11.63,-11.85,-11.68,-11.68,-11.90,-11.76,-11.98,-12.20,-11.76,-11.63,-11.55,-11.63,-11.36,-11.14,-11.36,-11.36,-11.85,-11.98,-11.68,-11.85,-12.04,-11.68,-11.90,-12.26,-11.85,-12.12,-12.12,-12.26,-12.39,-12.04,-12.26,-11.90,-12.26,-11.98,-11.90,-12.26,-12.12,-12.20,-11.98,-12.04,-12.34,-11.90,-12.04,-12.26,-12.26,-11.98,-11.98,-12.04,-12.04,-12.12,-12.20,-12.26,-12.26,-12.20,-12.20,-12.04,-12.04,-11.98,-12.39,-12.20,-12.39,-12.26,-12.12,-12.12,-11.98,-12.04,-12.12,-12.20,-12.48,-12.12,-12.20,-12.34,-12.39,-12.56,-12.56,-12.48,-12.12,-12.61,-12.39,-12.34,-12.61,-12.26,-12.34,-12.34,-12.39,-12.26,-12.20,-12.39,-12.56,-12.20,-12.26,-12.39,-12.39,-12.48,-12.48,-12.26,-12.61,-12.56,-12.56,-12.34,-12.48,-12.20,-12.34,-12.56,-12.56,-12.39,-12.20,-12.34,-12.61,-12.12,-12.20,-12.26,-12.48,-12.61,-12.56,-12.20,-12.61,-12.61,-12.34,-12.61,-12.34,-12.48,-12.20,-12.12,-12.61,-12.34,-12.12,-12.34,-12.48,-12.56,-12.48,-12.48,-12.83,-12.56,-12.70,-12.78,-12.61,-12.61,-12.92,-12.56
-13.14,-12.83,-12.92,-12.78,-12.61,-12.70,-12.48,-12.78,-12.61,-12.48,-12.83,-12.56,-12.92,-12.78,-12.61,-12.48,-12.78,-12.39,-12.56,-12.70,-12.70,-12.61,-12.20,-12.78,-12.26,-12.34,-12.48,-12.56,-12.56,-12.61,-12.56,-12.39,-12.70,-12.26,-12.70,-12.34,-12.34,-12.61,-12.12,-12.12,-12.26,-12.26,-12.04,-12.26,-12.39,-12.34,-12.12,-12.26,-12.56,-12.39,-12.39,-12.92,-12.34,-12.26,-12.34,-12.20,-12.26,-12.12,-12.04,-12.20,-12.39,-12.70,-12.70,-12.61,-12.26,-12.26,-12.39,-12.39,-12.34,-12.39,-12.39,-12.48,-12.56,-12.56,-12.56,-12.61,-12.20,-12.70,-12.48,-12.48,-12.34,-12.39,-12.61,-11.98,-11.90,-11.98,-11.85,-12.20,-12.34,-12.56,-12.34,-12.12,-12.12,-12.04,-12.04,-12.12,-12.39,-11.98,-12.20,-12.26,-12.04,-12.26,-12.20,-12.12,-12.20,-12.26,-12.39,-12.26,-12.20,-12.26,-11.85,-12.12,-11.90,-12.34,-12.26,-12.34,-12.26,-12.12,-12.48,-11.98,-11.85,-12.20,-12.12,-12.12,-12.20,-12.12,-12.39,-11.98,-12.20,-11.90,-12.20,-12.20,-11.98,-11.98,-12.12,-12.61,-12.34,-12.12,-12.12,-12.12,-12.34,-11.98,-12.34,-12.12,-12.26,-12.26,-11.98,-11.90,-12.04,-11.85,-12.12,-11.90,-11.90,-11.90,-11.98,-12.20,-11.90,-12.12,-12.20,-12.12,-11.68,-12.12,-11.90,-12.20,-11.90,-12.12,-11.90,-11.76,-12.20,-11.68,-11.90,-11.68,-11.76,-11.90,-11.76,-11.76,-11.90,-11.98,-11.90,-11.90,-11.76,-11.76,-11.76,-11.98,-11.98,-11.90,-11.76,-11.63,-11.63,-11.36,-11.49,-11.19,-11.14,-11.06,-10.84,-10.65,-10.38,-10.44,-10.38,-10.38,-10.52,-10.65,-10.71,-10.84,-10.92,-11.06,-11.00,-11.36,-11.27,-10.84,-10.92,-11.14,-11.14,-11.36,-11.41,-11.68,-11.63,-11.63,-11.85,-11.90,-11.63,-11.36,-10.57,-11.06,-11.55,-11.19,-11.76,-11.41,-11.49,-11.63,-11.90,-11.76,-12.12,-11.68,-11.63,-11.68,-11.63,-11.76,-11.14,-11.41,-11.49,-11.90,-11.90,-11.98,-11.98,-11.98,-11.68,-11.90,-12.12,-11.85,-11.55,-11.55,-11.41,-10.84,-11.14,-11.90,-12.04,-11.98,-11.90,-11.90,-12.04,-12.04,-12.12,-11.98,-12.12,-12.20,-12.12,-11.76,-11.90,-12.04,-12.20,-12.26,-12.12,-12.04,-12.39,-12.26,-12.34,-12.26,-11.98,-11.90,-11.98,-12.12,-12.12,-11.98,-12.20,-12.20,-12.20,-12.04,-12.34,-12.04,-12.04,-12.20,-12.26,-12.12,-12.39,-12.12,-12.12,-12.20,-12.26,-12.56,-12.34,-12.04,-12.12,-12.39,-11.98,-12.12,-12.20,-12.12,-12.48,-12.34,-12.56,-12.56,-12.34,-11.90,-12.26,-12.26,-12.56,-12.04,-12.12,-12.39,-12.04,-12.39,-12.20,-12.04,-12.26,-12.12,-12.20,-12.12,-12.26,-12.48,-12.04,-12.20,-12.12,-12.61,-12.26,-12.39,-12.56,-12.56,-12.48,-12.39,-12.48,-12.61,-12.34,-12.48,-12.20,-12.61,-12.70,-12.61,-12.61,-12.48,-12.39,-12.34,-12.56,-12.70,-12.39,-12.34,-12.48,-12.56,-12.56,-12.39,-12.48,-12.70,-12.61,-12.26,-12.48,-12.20,-12.34,-12.70,-12.83,-12.83,-12.78,-12.61,-12.34,-12.61,-12.70,-12.48,-12.92,-12.26,-12.61,-12.26,-12.78,-12.34
-13.06,-12.83,-12.61,-12.70,-12.34,-12.83,-12.83,-12.70,-12.83,-12.83,-12.39,-12.56,-12.48,-12.61,-12.78,-12.04,-12.20,-12.39,-12.48,-12.48,-12.56,-12.56,-12.56,-12.20,-12.61,-12.48,-12.34,-12.39,-12.04,-12.39,-12.26,-12.56,-12.61,-12.34,-12.61,-12.34,-12.39,-12.61,-12.20,-12.12,-12.20,-11.98,-12.12,-12.20,-12.78,-12.70,-12.34,-12.34,-12.78,-12.56,-12.56,-12.39,-12.34,-12.34,-12.20,-12.04,-12.34,-12.34,-12.12,-12.12,-12.61,-12.04,-12.34,-12.48,-12.48,-12.20,-12.39,-12.56,-12.20,-12.34,-12.39,-12.20,-12.34,-12.04,-12.39,-12.20,-12.39,-12.34,-12.04,-12.20,-12.34,-12.34,-12.20,-12.39,-12.12,-12.04,-11.98,-12.34,-12.26,-12.04,-12.20,-12.04,-12.12,-12.04,-12.26,-12.04,-11.98,-12.20,-12.39,-12.04,-12.34,-12.48,-12.20,-12.12,-11.98,-11.90,-12.34,-12.20,-12.12,-12.20,-11.98,-12.12,-12.26,-12.04,-11.90,-12.48,-12.12,-12.04,-12.20,-12.12,-12.26,-12.20,-12.12,-11.90,-12.20,-12.12,-12.12,-12.34,-12.20,-11.98,-12.20,-12.20,-12.20,-12.20,-11.98,-12.04,-12.20,-11.98,-12.26,-11.76,-12.20,-11.98,-11.85,-12.04,-11.98,-11.98,-11.76,-12.26,-12.20,-12.04,-12.04,-11.68,-12.20,-11.76,-12.12,-11.63,-11.98,-12.12,-12.04,-11.98,-11.76,-11.85,-11.90,-12.26,-11.85,-12.04,-11.68,-11.68,-11.85,-11.85,-11.68,-11.85,-11.49,-11.68,-11.63,-11.49,-11.55,-11.90,-11.49,-11.76,-11.85,-11.90,-11.68,-11.90,-11.85,-11.85,-11.90,-11.68,-11.63,-11.41,-11.41,-11.27,-11.06,-11.41,-10.84,-10.71,-10.57,-9.82,-9.96,-9.77,-10.52,-10.22,-10.57,-10.71,-10.44,-11.19,-11.06,-11.41,-11.36,-11.19,-11.00,-10.79,-11.19,-11.19,-11.68,-11.90,-11.85,-11.49,-11.76,-11.55,-10.79,-10.38,-11.41,-11.49,-11.41,-11.55,-11.63,-11.55,-12.04,-11.68,-11.90,-11.68,-11.63,-11.76,-12.12,-11.68,-11.55,-10.57,-10.84,-11.68,-11.90,-11.76,-12.04,-11.63,-11.68,-11.76,-11.90,-11.55,-11.63,-11.68,-11.36,-10.92,-11.76,-11.85,-11.85,-12.04,-12.34,-12.04,-12.04,-11.68,-11.76,-12.20,-12.20,-11.90,-11.98,-11.98,-12.26,-11.98,-11.49,-11.90,-12.04,-11.90,-12.20,-12.20,-11.98,-12.26,-12.34,-12.12,-11.98,-12.26,-12.12,-12.12,-12.04,-12.26,-12.12,-12.20,-12.20,-12.39,-12.12,-12.26,-12.34,-11.90,-12.56,-11.98,-11.85,-12.39,-12.20,-12.34,-12.61,-12.12,-12.12,-12.20,-12.20,-12.20,-12.39,-12.12,-12.26,-12.20,-12.48,-12.39,-12.26,-12.26,-12.04,-11.98,-12.04,-12.26,-12.39,-12.48,-12.56,-12.34,-12.34,-12.56,-12.26,-12.20,-12.26,-12.26,-12.39,-12.26,-12.39,-12.20,-12.48,-12.20,-12.12,-12.26,-11.90,-12.39,-12.48,-12.39,-12.20,-12.70,-12.34,-12.56,-12.12,-12.20,-12.26,-12.26,-12.70,-12.56,-12.12,-12.34,-12.61,-12.56,-12.34,-12.34,-12.12,-11.98,-12.26,-12.61,-12.26,-12.26,-12.39,-12.34,-12.20,-12.39,-12.39,-12.48,-12.78,-12.61,-12.48,-12.26,-12.78,-12.34,-12.61,-12.61,-12.56,-12.61,-12.83,-12.26,-12.61,-12.61,-12.39,-12.39
-12.48,-12.39,-12.78,-12.61,-12.78,-12.83,-12.39,-12.70,-12.48,-12.83,-12.61,-12.70,-12.48,-12.39,-12.26,-12.56,-12.34,-12.39,-12.48,-12.61,-12.70,-12.34,-12.61,-12.61,-12.92,-12.61,-12.26,-12.34,-12.61,-12.39,-12.48,-12.56,-12.61,-12.48,-12.34,-12.20,-12.20,-12.48,-12.34,-12.04,-11.90,-12.48,-12.20,-12.12,-12.26,-12.56,-11.98,-12.34,-12.34,-12.26,-12.34,-12.78,-12.56,-11.85,-12.34,-12.12,-12.34,-12.26,-12.26,-12.48,-12.12,-12.26,-12.20,-12.26,-12.39,-12.34,-12.26,-12.39,-12.39,-12.34,-12.61,-12.26,-12.56,-12.34,-12.26,-12.20,-12.26,-12.12,-12.56,-12.04,-11.98,-12.39,-12.04,-12.12,-12.56,-12.48,-12.48,-12.12,-12.12,-12.12,-12.26,-12.39,-12.12,-12.39,-12.34,-12.20,-11.90,-12.39,-12.12,-12.20,-12.39,-11.98,-12.34,-12.12,-12.20,-12.20,-12.12,-12.04,-12.39,-12.12,-12.26,-12.12,-12.26,-12.48,-12.04,-12.12,-11.90,-12.20,-12.34,-12.26,-12.04,-12.20,-12.12,-11.90,-12.12,-12.20,-12.04,-12.04,-12.12,-12.20,-12.20,-12.20,-11.85,-12.20,-12.04,-12.20,-12.34,-12.20,-12.26,-12.12,-12.20,-12.12,-12.34,-12.12,-12.12,-11.76,-11.85,-12.26,-11.90,-12.04,-11.68,-11.98,-11.68,-12.26,-11.98,-11.76,-11.90,-11.90,-12.04,-11.85,-12.04,-12.34,-12.12,-11.98,-11.76,-11.90,-11.85,-11.68,-11.90,-11.68,-11.68,-11.90,-11.76,-11.68,-11.85,-11.55,-11.90,-11.85,-12.12,-11.98,-11.85,-11.27,-11.85,-11.49,-11.76,-11.68,-11.68,-11.27,-11.68,-11.49,-11.27,-11.19,-11.19,-11.00,-11.14,-10.44,-10.22,-9.96,-9.90,-10.17,-10.04,-10.30,-10.71,-10.38,-10.65,-11.06,-11.14,-11.19,-11.00,-11.36,-10.92,-10.79,-11.55,-11.55,-11.55,-11.36,-11.41,-11.68,-11.63,-11.55,-11.14,-11.27,-11.68,-11.55,-11.68,-11.76,-11.90,-11.85,-11.76,-11.76,-12.04,-11.90,-11.98,-11.98,-11.55,-11.36,-11.41,-11.76,-12.04,-11.85,-11.63,-11.90,-11.98,-11.76,-12.12,-12.04,-11.63,-11.90,-11.68,-11.68,-11.90,-12.12,-12.04,-12.12,-12.04,-11.76,-12.26,-12.04,-12.20,-12.12,-12.20,-12.20,-12.26,-12.20,-12.04,-12.12,-11.85,-12.12,-11.55,-12.26,-12.12,-11.98,-11.68,-11.85,-12.04,-12.39,-12.04,-12.20,-12.34,-12.12,-12.04,-11.98,-12.34,-12.12,-11.98,-12.48,-12.04,-12.12,-11.98,-11.90,-12.34,-12.20,-12.34,-11.98,-12.26,-12.04,-12.12,-12.26,-12.04,-12.12,-11.98,-12.26,-12.34,-12.20,-12.12,-12.34,-12.26,-11.98,-12.48,-12.20,-12.20,-12.12,-12.12,-12.04,-11.98,-12.04,-12.34,-12.20,-12.61,-12.12,-11.90,-12.20,-12.34,-12.39,-11.98,-12.39,-12.20,-12.20,-12.39,-12.04,-12.20,-12.56,-12.48,-12.26,-12.12,-12.34,-12.20,-12.20,-12.34,-12.34,-12.26,-12.34,-12.34,-12.39,-12.56,-12.48,-12.39,-12.61,-12.34,-12.12,-12.56,-12.56,-12.61,-12.34,-12.12,-12.39,-12.26,-12.39,-12.34,-12.61,-12.61,-12.56,-12.56,-12.56,-12.48,-12.12,-12.34,-12.70,-12.48,-12.34,-12.39,-12.70,-12.78,-12.56,-12.39,-12.70,-11.90,-12.34,-12.61,-12.48,-12.78,-12.78
-12.70,-12.48,-12.48,-12.34,-12.92,-12.56,-12.48,-12.48,-12.34,-12.48,-12.56,-12.78,-12.83,-12.48,-12.97,-12.61,-12.48,-12.61,-12.34,-12.78,-12.48,-12.04,-12.34,-12.34,-12.70,-12.56,-12.20,-12.34,-12.20,-12.20,-12.12,-12.20,-12.61,-12.04,-12.34,-12.39,-12.56,-12.26,-12.20,-12.26,-12.39,-12.26,-12.34,-12.26,-12.34,-12.39,-12.12,-12.39,-12.26,-12.34,-12.04,-12.20,-12.26,-12.39,-12.48,-12.20,-12.12,-12.48,-12.20,-12.20,-12.48,-11.85,-12.48,-12.20,-12.26,-12.70,-12.48,-12.34,-12.39,-12.34,-12.39,-12.48,-12.48,-11.98,-12.39,-12.20,-12.39,-12.48,-12.39,-12.34,-12.12,-11.98,-12.61,-12.12,-12.26,-12.20,-12.12,-12.12,-11.98,-12.34,-12.26,-12.34,-12.48,-12.12,-12.20,-12.26,-12.20,-12.39,-12.12,-11.98,-12.12,-12.12,-12.12,-11.68,-12.12,-12.20,-12.26,-12.04,-11.90,-12.26,-12.20,-12.04,-11.76,-12.04,-11.68,-12.26,-12.04,-12.34,-12.04,-12.34,-12.20,-12.48,-12.20,-12.20,-12.04,-12.12,-11.85,-12.20,-12.26,-11.98,-12.26,-12.12,-12.04,-12.12,-11.76,-12.26,-12.12,-11.98,-12.39,-12.26,-12.39,-11.90,-12.12,-12.04,-12.12,-12.34,-12.20,-11.98,-12.26,-12.39,-12.20,-12.12,-12.20,-12.12,-12.20,-12.34,-12.48,-12.04,-12.20,-12.12,-12.48,-12.04,-11.76,-12.20,-11.98,-12.04,-11.85,-11.63,-11.63,-11.76,-11.98,-12.20,-11.76,-11.49,-11.55,-11.76,-11.68,-11.76,-11.68,-11.76,-11.76,-11.98,-11.55,-11.98,-11.90,-11.90,-11.98,-11.63,-11.68,-11.85,-11.14,-11.19,-11.14,-11.36,-10.92,-10.52,-10.57,-10.04,-9.96,-10.22,-9.77,-10.22,-10.17,-10.04,-10.52,-10.79,-10.92,-11.06,-11.14,-10.79,-11.06,-10.92,-11.06,-11.68,-11.27,-11.41,-11.68,-11.63,-11.49,-11.36,-11.41,-11.55,-11.68,-11.55,-11.68,-11.90,-11.85,-11.85,-11.85,-11.98,-11.90,-11.85,-11.76,-11.68,-11.14,-11.55,-11.90,-11.76,-11.85,-12.04,-11.90,-12.12,-11.98,-11.49,-11.68,-11.55,-11.55,-11.19,-11.63,-12.04,-11.90,-12.12,-11.85,-12.26,-11.76,-11.76,-11.90,-12.12,-11.90,-11.98,-11.90,-12.26,-11.76,-11.85,-12.12,-11.98,-12.04,-12.34,-12.12,-12.20,-12.04,-12.20,-12.20,-12.04,-12.04,-12.20,-12.20,-12.20,-12.20,-11.98,-12.12,-12.04,-12.12,-12.12,-11.85,-12.20,-12.26,-12.12,-11.90,-12.20,-12.48,-12.34,-12.12,-12.20,-12.04,-11.98,-12.39,-11.98,-12.56,-12.26,-12.04,-12.12,-12.34,-12.48,-12.04,-12.34,-12.34,-11.98,-12.34,-12.34,-12.39,-12.34,-12.20,-11.98,-12.12,-12.04,-12.12,-12.48,-12.12,-12.56,-12.48,-12.39,-12.34,-12.20,-12.20,-12.12,-12.39,-12.61,-12.39,-12.39,-12.48,-12.34,-12.39,-12.12,-12.48,-12.39,-12.48,-12.48,-12.48,-12.48,-12.20,-12.26,-12.39,-12.34,-12.34,-12.70,-12.26,-12.56,-12.56,-12.34,-12.56,-12.48,-12.34,-12.34,-12.70,-12.39,-12.56,-12.20,-12.12,-12.70,-12.34,-12.39,-12.61,-12.56,-12.26,-12.56,-12.48,-12.39,-12.56,-12.70,-12.26,-12.56,-12.61,-12.56,-12.70,-12.70,-12.34,-12.34,-12.92,-12.70,-12.39,-12.61
-12.56,-13.19,-12.61,-12.92,-12.70,-12.78,-12.78,-12.48,-12.48,-12.92,-12.56,-12.70,-12.61,-12.61,-12.61,-12.61,-12.34,-12.48,-12.39,-12.70,-12.61,-12.48,-11.85,-12.34,-12.48,-12.34,-12.48,-12.48,-12.39,-12.39,-12.34,-12.56,-12.56,-12.56,-12.26,-12.39,-12.61,-12.20,-12.34,-12.34,-12.39,-12.20,-12.26,-12.34,-12.34,-12.97,-12.26,-12.20,-12.20,-12.39,-12.26,-12.26,-12.20,-12.20,-12.26,-12.26,-12.26,-12.12,-12.26,-12.39,-11.90,-12.20,-12.20,-11.90,-12.20,-12.39,-12.39,-12.12,-12.26,-12.48,-11.90,-12.48,-11.98,-12.20,-12.26,-11.90,-12.04,-12.39,-12.20,-12.48,-12.20,-11.98,-12.26,-12.04,-12.48,-12.26,-11.90,-12.12,-12.04,-12.12,-12.61,-11.98,-12.12,-12.26,-12.48,-12.34,-11.98,-12.04,-12.12,-12.20,-11.98,-12.20,-12.04,-11.63,-11.98,-12.20,-11.90,-12.20,-12.34,-12.26,-12.04,-11.85,-12.26,-12.20,-12.39,-12.39,-12.26,-11.76,-12.26,-12.12,-12.34,-12.04,-12.12,-12.12,-11.98,-11.90,-12.04,-12.12,-12.04,-12.20,-11.76,-12.26,-12.04,-12.12,-12.20,-12.04,-12.20,-12.12,-12.26,-12.20,-12.20,-12.20,-11.98,-11.90,-11.90,-11.90,-12.20,-11.98,-12.39,-12.12,-12.20,-12.26,-12.12,-12.26,-12.12,-12.12,-11.76,-12.39,-11.90,-12.04,-11.76,-11.68,-12.12,-11.85,-11.90,-11.85,-11.63,-11.63,-11.68,-11.49,-11.90,-12.12,-11.68,-11.76,-11.68,-11.85,-11.76,-11.49,-11.68,-11.85,-12.20,-11.76,-12.04,-11.68,-12.04,-11.98,-11.98,-11.63,-11.55,-11.27,-11.49,-11.49,-10.92,-11.00,-10.84,-10.52,-10.30,-9.96,-9.69,-9.90,-9.48,-9.61,-10.04,-10.22,-10.44,-10.57,-11.06,-10.65,-11.00,-10.79,-10.38,-10.79,-11.41,-11.36,-11.63,-11.76,-11.49,-11.06,-11.27,-11.06,-11.49,-11.41,-11.68,-11.76,-11.85,-11.76,-12.34,-12.04,-11.76,-12.04,-11.76,-11.63,-10.84,-11.41,-11.76,-11.76,-11.63,-11.68,-12.04,-11.76,-11.76,-11.90,-11.49,-11.63,-11.49,-11.55,-11.90,-12.04,-12.04,-12.12,-12.12,-11.76,-12.20,-11.76,-11.85,-12.12,-12.12,-12.26,-12.12,-12.20,-12.04,-12.04,-12.04,-12.12,-11.85,-11.85,-11.85,-12.04,-11.63,-11.98,-11.68,-11.76,-11.27,-11.49,-11.85,-12.04,-12.04,-11.98,-11.98,-12.48,-12.34,-12.12,-12.12,-12.04,-12.20,-12.12,-12.04,-12.12,-12.12,-12.12,-12.20,-12.04,-12.48,-12.04,-11.98,-12.04,-12.26,-12.12,-12.56,-12.04,-12.34,-12.04,-12.20,-12.34,-12.04,-12.04,-12.26,-12.04,-12.04,-12.26,-12.48,-12.12,-12.34,-12.04,-12.56,-11.85,-12.39,-12.12,-12.61,-12.34,-11.98,-12.20,-12.56,-12.12,-11.98,-12.12,-11.98,-11.98,-11.98,-12.26,-11.90,-12.04,-12.12,-12.34,-12.12,-12.48,-12.12,-12.26,-12.20,-11.98,-12.34,-12.20,-12.12,-12.26,-12.34,-12.20,-12.56,-12.04,-12.26,-12.61,-12.12,-12.26,-12.48,-12.39,-12.61,-12.34,-12.26,-12.26,-12.70,-12.34,-11.98,-12.56,-12.34,-12.56,-12.12,-12.56,-12.26,-12.56,-12.12,-12.83,-12.26,-12.39,-12.39,-12.70,-12.39,-12.39,-12.39,-12.70,-12.78,-12.56,-12.70,-12.83
-12.78,-12.26,-12.92,-12.70,-12.34,-12.78,-12.39,-12.70,-12.39,-12.26,-12.56,-12.61,-12.48,-12.61,-12.34,-12.56,-12.39,-12.61,-12.48,-12.26,-12.61,-12.34,-12.56,-12.48,-12.20,-12.61,-12.26,-12.26,-12.26,-12.04,-12.39,-12.34,-12.39,-12.48,-12.61,-12.61,-12.39,-12.34,-12.20,-12.20,-12.48,-12.34,-12.20,-12.70,-12.78,-12.39,-12.92,-12.39,-12.39,-12.20,-12.26,-12.20,-12.26,-12.20,-12.39,-12.48,-12.61,-12.34,-12.48,-12.26,-12.26,-12.34,-12.04,-12.12,-12.26,-12.61,-12.20,-12.48,-12.48,-12.48,-12.26,-11.98,-12.26,-12.20,-12.04,-12.48,-12.48,-12.26,-12.56,-12.34,-12.26,-12.04,-12.20,-11.98,-12.48,-12.20,-12.12,-12.20,-12.56,-11.90,-11.98,-12.20,-12.20,-11.85,-11.85,-11.90,-12.12,-11.98,-12.20,-12.20,-12.12,-12.34,-12.20,-12.12,-11.68,-11.76,-12.04,-12.26,-11.90,-12.20,-12.20,-12.12,-12.20,-12.20,-11.98,-11.90,-12.04,-12.26,-12.34,-12.04,-12.04,-12.34,-12.20,-12.26,-12.20,-12.20,-11.85,-12.34,-12.39,-12.12,-11.98,-12.26,-12.12,-11.98,-12.20,-12.26,-12.26,-12.04,-11.76,-12.39,-12.20,-12.34,-11.90,-12.20,-12.04,-12.04,-11.98,-12.20,-11.85,-12.12,-12.12,-11.98,-12.39,-11.90,-12.26,-11.85,-12.12,-11.90,-12.20,-11.98,-12.12,-11.90,-11.68,-11.90,-12.04,-12.04,-11.85,-11.85,-11.90,-11.63,-12.12,-11.76,-11.90,-11.76,-11.76,-11.68,-11.90,-11.76,-11.85,-11.76,-11.55,-11.98,-12.20,-11.76,-11.68,-11.85,-11.68,-11.55,-11.41,-11.49,-11.41,-11.14,-10.79,-11.06,-10.65,-10.44,-10.17,-9.61,-9.29,-9.77,-9.56,-9.69,-9.69,-10.30,-10.17,-10.38,-10.65,-11.19,-11.00,-10.57,-10.65,-10.71,-11.27,-11.36,-11.19,-11.68,-11.63,-11.36,-11.55,-11.06,-11.68,-11.14,-11.63,-11.36,-11.55,-11.76,-11.98,-11.76,-11.76,-11.85,-11.76,-11.49,-10.17,-11.76,-11.68,-12.04,-11.85,-11.85,-11.90,-11.76,-11.49,-12.04,-11.85,-11.63,-11.68,-11.98,-12.12,-11.85,-12.20,-12.04,-12.04,-11.98,-12.12,-12.04,-12.04,-11.76,-11.98,-12.12,-12.04,-11.76,-11.98,-11.98,-11.68,-12.04,-11.85,-11.90,-12.20,-12.26,-11.98,-11.68,-11.63,-11.55,-11.90,-11.85,-11.55,-11.85,-12.12,-12.26,-12.04,-12.04,-12.12,-12.39,-12.12,-11.98,-12.04,-12.12,-12.20,-12.20,-12.12,-12.12,-12.20,-11.98,-12.04,-12.48,-12.39,-12.20,-12.20,-12.12,-12.04,-12.26,-12.04,-12.39,-12.34,-12.26,-12.12,-12.20,-12.26,-12.26,-12.12,-12.20,-12.26,-12.56,-12.20,-12.26,-12.48,-12.20,-12.39,-12.04,-12.48,-12.04,-12.20,-12.34,-12.12,-12.12,-12.20,-11.85,-12.34,-12.26,-12.12,-12.20,-12.61,-12.48,-12.20,-12.56,-11.98,-12.04,-12.83,-12.39,-12.26,-12.04,-12.61,-12.56,-12.48,-12.48,-12.39,-12.20,-12.34,-12.56,-12.56,-12.26,-12.34,-12.61,-12.61,-12.34,-12.56,-12.70,-12.34,-12.26,-12.39,-12.34,-12.34,-12.78,-12.39,-12.39,-12.70,-12.26,-12.78,-12.34,-12.48,-12.39,-12.78,-12.26,-12.34,-12.48,-12.34,-12.39,-12.56,-12.39,-12.61,-12.97,-12.56,-12.34
-12.56,-12.70,-12.48,-12.83,-12.78,-12.83,-12.92,-12.83,-12.26,-12.48,-12.39,-12.97,-12.70,-12.48,-12.70,-12.61,-12.70,-12.61,-12.61,-12.39,-12.34,-12.39,-12.61,-12.34,-12.39,-12.20,-12.34,-12.12,-12.39,-12.12,-12.34,-12.48,-12.04,-12.26,-12.26,-12.20,-12.20,-12.20,-12.39,-12.26,-12.70,-12.39,-11.98,-12.26,-12.39,-12.26,-12.26,-12.34,-12.56,-12.12,-12.04,-12.48,-12.48,-12.20,-12.56,-11.90,-12.34,-11.90,-11.90,-12.56,-12.12,-12.56,-12.04,-12.34,-11.85,-12.34,-12.26,-12.04,-12.56,-12.39,-12.20,-12.20,-12.20,-12.34,-12.34,-12.20,-12.20,-12.04,-11.98,-12.20,-12.04,-12.04,-11.98,-12.26,-12.04,-12.12,-11.98,-11.85,-12.04,-12.04,-12.20,-12.12,-12.04,-12.20,-12.12,-12.04,-12.12,-12.12,-12.20,-12.12,-12.34,-12.61,-12.26,-12.04,-12.34,-12.26,-12.20,-12.34,-12.12,-12.26,-12.34,-12.12,-12.12,-12.20,-12.12,-12.12,-12.26,-11.76,-12.12,-12.12,-12.34,-12.04,-11.98,-12.12,-12.26,-12.12,-12.04,-12.34,-12.20,-11.98,-12.26,-11.90,-12.20,-12.26,-11.90,-12.20,-11.90,-11.85,-12.12,-12.12,-11.98,-12.04,-12.12,-12.26,-12.26,-11.98,-11.85,-12.20,-11.98,-12.04,-12.34,-11.98,-11.85,-12.12,-12.26,-12.12,-12.04,-11.98,-11.76,-12.26,-11.90,-12.12,-11.98,-11.85,-11.90,-11.90,-11.98,-11.90,-11.68,-11.68,-11.68,-11.63,-11.63,-11.76,-12.04,-11.68,-11.36,-11.85,-12.12,-11.68,-11.27,-11.68,-11.68,-11.68,-11.90,-11.63,-11.76,-11.76,-11.76,-11.49,-11.41,-11.27,-11.06,-10.92,-10.30,-10.52,-9.77,-9.42,-9.08,-9.08,-9.21,-9.29,-9.61,-9.56,-10.04,-10.57,-10.92,-11.00,-11.06,-10.84,-10.52,-10.92,-11.19,-11.27,-11.63,-11.68,-11.14,-11.00,-11.36,-11.63,-11.27,-11.41,-11.63,-11.85,-11.63,-11.55,-11.76,-11.63,-11.49,-11.68,-11.49,-11.85,-11.36,-11.49,-11.55,-11.68,-11.55,-11.68,-11.63,-11.19,-11.63,-12.12,-11.85,-11.85,-11.68,-12.04,-11.90,-11.63,-11.76,-12.12,-11.90,-11.98,-12.12,-11.98,-12.12,-12.20,-11.85,-12.20,-11.76,-11.98,-12.34,-12.12,-11.76,-11.85,-12.04,-12.20,-11.41,-11.85,-11.76,-11.90,-12.04,-12.26,-12.12,-12.20,-12.34,-12.12,-11.90,-12.04,-12.20,-11.98,-11.76,-12.48,-11.90,-12.20,-12.26,-12.04,-12.04,-12.26,-11.90,-11.90,-12.20,-12.12,-12.12,-11.90,-12.39,-12.04,-12.20,-12.39,-11.90,-12.20,-12.34,-12.04,-11.85,-12.04,-12.26,-12.12,-12.26,-11.90,-12.20,-12.12,-11.98,-12.20,-12.34,-12.20,-12.04,-12.39,-12.34,-12.26,-12.34,-12.48,-12.04,-12.34,-12.12,-12.34,-12.48,-12.26,-12.12,-12.39,-12.26,-12.56,-12.39,-12.20,-12.20,-12.04,-12.12,-12.48,-12.48,-12.20,-12.26,-12.34,-12.48,-12.20,-12.56,-12.04,-12.34,-12.26,-12.34,-12.20,-12.70,-12.61,-12.26,-12.34,-12.56,-12.56,-12.56,-12.34,-12.26,-12.20,-12.34,-12.26,-12.34,-12.26,-12.78,-12.70,-12.48,-12.56,-12.70,-12.48,-12.83,-12.61,-12.83,-12.39,-12.56,-12.12,-12.70,-12.83,-12.83,-12.83,-12.34,-12.56,-12.70,-12.78
-12.61,-12.48,-12.83,-12.70,-12.92,-12.70,-12.70,-12.83,-12.61,-12.70,-12.39,-12.61,-12.12,-12.56,-12.48,-12.70,-12.39,-12.70,-12.48,-12.70,-12.26,-12.39,-12.78,-12.48,-12.34,-12.34,-12.39,-12.78,-12.48,-12.20,-12.34,-12.48,-12.56,-12.48,-12.26,-12.34,-12.26,-12.12,-12.34,-12.26,-12.26,-12.26,-12.26,-12.48,-12.56,-12.39,-12.39,-12.39,-12.26,-12.39,-12.48,-12.34,-12.26,-12.48,-12.04,-12.04,-12.39,-12.34,-12.39,-12.26,-12.48,-12.39,-12.48,-12.56,-12.34,-12.48,-12.48,-11.98,-12.26,-12.48,-12.04,-12.26,-12.39,-12.56,-12.39,-12.39,-12.12,-12.61,-12.48,-11.98,-12.12,-12.48,-12.12,-12.04,-12.26,-12.48,-12.20,-12.20,-12.04,-12.12,-12.26,-11.90,-11.98,-11.85,-12.20,-12.12,-12.12,-11.98,-12.20,-12.12,-12.26,-12.20,-12.26,-12.20,-12.20,-11.76,-12.26,-12.04,-12.34,-11.85,-11.76,-12.20,-11.90,-11.90,-12.39,-12.48,-12.20,-12.12,-12.26,-11.90,-12.26,-11.98,-12.26,-12.20,-12.04,-12.12,-11.76,-11.98,-12.26,-11.98,-12.12,-12.34,-12.34,-12.04,-12.04,-12.20,-12.04,-11.85,-12.04,-11.90,-11.90,-12.34,-12.20,-11.90,-12.04,-12.20,-11.90,-12.20,-12.26,-11.98,-12.26,-11.98,-12.20,-12.04,-12.26,-11.85,-12.34,-11.98,-12.26,-11.76,-11.98,-11.90,-11.76,-11.90,-11.90,-12.20,-11.68,-11.85,-11.55,-11.36,-11.63,-11.68,-11.68,-11.49,-11.63,-11.68,-11.68,-11.98,-11.68,-11.98,-11.85,-11.55,-11.68,-11.90,-11.68,-11.41,-11.55,-11.55,-11.76,-11.49,-11.36,-11.41,-11.14,-10.79,-10.57,-10.57,-9.96,-9.16,-9.00,-8.53,-8.53,-8.74,-9.16,-9.29,-9.96,-10.71,-11.00,-10.84,-11.41,-11.00,-10.52,-11.14,-11.41,-11.41,-11.14,-11.27,-11.41,-11.63,-11.63,-11.55,-11.36,-11.41,-11.76,-11.68,-11.36,-11.85,-11.63,-11.68,-11.76,-11.49,-11.36,-11.76,-11.68,-11.55,-11.76,-11.68,-11.76,-12.04,-11.68,-11.68,-11.49,-11.76,-11.76,-11.85,-11.55,-11.49,-11.41,-11.76,-12.04,-12.20,-12.04,-11.90,-12.04,-12.26,-12.12,-11.85,-12.04,-11.68,-11.63,-11.76,-11.55,-11.49,-11.85,-11.85,-11.68,-11.98,-11.85,-12.04,-11.85,-11.63,-11.85,-11.55,-12.12,-11.76,-11.98,-12.04,-12.20,-11.85,-11.90,-12.12,-12.12,-12.04,-11.90,-12.12,-12.04,-12.04,-11.90,-11.98,-12.12,-12.20,-12.39,-12.12,-12.39,-12.39,-12.12,-12.12,-12.20,-12.26,-12.12,-12.20,-11.98,-12.39,-12.34,-11.98,-12.39,-12.12,-12.12,-12.48,-12.39,-12.26,-12.26,-12.26,-12.39,-12.20,-12.39,-12.26,-12.48,-12.48,-12.12,-12.26,-11.98,-12.39,-11.98,-12.12,-12.20,-12.26,-12.34,-12.39,-12.12,-12.26,-12.34,-12.56,-12.39,-11.98,-12.34,-12.39,-12.39,-12.70,-12.34,-12.26,-12.20,-12.20,-12.20,-12.39,-12.26,-12.26,-12.12,-12.48,-11.76,-12.20,-12.12,-12.48,-12.04,-12.26,-12.34,-12.39,-12.26,-12.56,-12.56,-12.61,-12.61,-12.70,-12.61,-12.26,-12.70,-12.20,-12.39,-12.48,-12.34,-12.34,-12.56,-12.20,-12.34,-12.26,-12.34,-12.48,-12.48,-12.61,-12.12,-12.61,-12.83,-12.39
-12.56,-12.34,-12.78,-12.56,-12.78,-12.70,-12.78,-12.39,-12.78,-12.70,-12.78,-12.92,-12.48,-12.04,-12.34,-12.26,-12.39,-12.26,-12.26,-12.34,-12.26,-12.39,-12.78,-12.39,-12.56,-12.61,-12.20,-12.26,-11.98,-12.34,-12.34,-12.04,-12.34,-12.39,-12.12,-12.56,-12.26,-12.04,-12.39,-12.20,-12.26,-12.39,-12.70,-12.39,-12.12,-12.26,-11.76,-12.61,-12.34,-11.98,-12.34,-12.12,-12.12,-12.26,-11.85,-12.34,-11.85,-12.26,-12.20,-12.20,-12.56,-12.39,-12.48,-11.85,-12.20,-12.04,-11.85,-12.04,-11.85,-11.98,-12.12,-11.85,-11.98,-12.12,-12.48,-11.98,-12.26,-12.12,-12.48,-12.04,-12.34,-12.34,-11.98,-12.04,-12.04,-11.98,-12.04,-11.90,-12.48,-12.04,-12.20,-12.04,-12.26,-12.12,-12.04,-12.20,-11.76,-12.20,-12.26,-12.12,-12.04,-12.04,-12.20,-12.26,-11.98,-12.26,-12.12,-11.85,-12.04,-12.04,-12.12,-11.98,-12.26,-12.20,-12.20,-11.98,-12.26,-12.12,-11.90,-12.48,-12.34,-12.20,-12.12,-12.39,-11.68,-12.12,-11.76,-12.04,-12.26,-11.90,-12.20,-12.34,-11.98,-12.04,-12.04,-12.04,-11.90,-12.12,-11.90,-11.98,-12.26,-11.90,-12.26,-11.98,-11.90,-11.98,-11.76,-12.04,-12.12,-12.20,-12.04,-11.98,-11.98,-12.04,-11.98,-12.12,-11.68,-11.90,-11.76,-12.12,-11.98,-12.04,-11.85,-12.20,-11.98,-11.85,-11.90,-11.49,-11.63,-11.14,-11.63,-11.63,-11.90,-11.68,-11.41,-11.68,-11.68,-11.63,-11.68,-11.68,-11.76,-11.68,-11.55,-11.55,-11.76,-11.68,-11.85,-11.98,-11.49,-11.68,-11.55,-11.27,-11.41,-11.19,-10.84,-9.96,-9.56,-9.08,-8.74,-8.53,-8.01,-8.21,-8.69,-9.21,-9.82,-10.22,-10.44,-10.84,-10.57,-10.30,-11.00,-11.06,-11.19,-11.19,-11.27,-11.41,-11.85,-11.63,-11.27,-11.85,-11.63,-11.68,-11.68,-11.55,-11.76,-11.06,-9.61,-11.06,-11.41,-11.63,-11.76,-11.55,-11.68,-11.68,-11.68,-11.85,-11.68,-11.63,-12.04,-11.90,-11.90,-11.90,-11.68,-11.55,-11.63,-11.76,-11.68,-12.12,-11.98,-12.20,-12.12,-11.85,-12.04,-11.98,-11.98,-11.98,-11.98,-12.12,-11.76,-11.68,-11.68,-11.98,-12.20,-11.85,-12.34,-12.04,-11.98,-12.12,-12.04,-12.04,-12.26,-12.26,-12.12,-11.76,-12.26,-11.90,-12.12,-12.20,-12.20,-12.04,-12.20,-12.56,-12.26,-12.26,-12.26,-11.85,-12.20,-11.98,-11.98,-12.12,-12.12,-12.20,-12.04,-12.34,-12.12,-12.12,-12.48,-11.90,-12.39,-12.26,-12.20,-11.90,-12.04,-12.04,-11.90,-12.04,-12.34,-12.26,-11.98,-12.39,-11.85,-12.20,-12.34,-12.20,-12.04,-11.98,-12.56,-12.39,-12.34,-12.12,-12.20,-12.12,-11.85,-12.34,-12.48,-12.26,-12.12,-12.20,-11.90,-12.26,-12.70,-12.12,-12.04,-12.26,-12.61,-12.20,-12.20,-12.39,-12.12,-12.39,-11.90,-12.34,-11.98,-12.56,-12.48,-12.26,-12.56,-12.20,-12.12,-12.20,-12.48,-11.90,-12.48,-12.48,-12.04,-12.34,-12.48,-12.39,-12.56,-12.61,-12.70,-12.26,-12.48,-12.34,-12.26,-12.34,-12.12,-12.83,-12.34,-12.39,-12.34,-12.61,-12.70,-12.70,-12.56,-12.26,-12.26,-12.61,-12.56,-12.61,-12.70,-12.83
-12.48,-12.83,-12.78,-12.61,-12.70,-12.34,-12.26,-12.70,-12.39,-12.61,-12.92,-12.48,-12.48,-12.83,-12.48,-12.70,-12.48,-12.48,-12.83,-12.12,-12.48,-12.34,-12.39,-12.26,-12.56,-12.26,-12.20,-12.39,-12.48,-12.39,-12.83,-12.39,-12.26,-12.39,-12.39,-12.34,-12.26,-12.20,-12.26,-12.26,-12.61,-12.34,-12.34,-12.34,-12.78,-12.48,-12.26,-12.61,-12.34,-12.20,-12.12,-11.90,-12.26,-12.39,-12.34,-12.39,-11.90,-12.48,-11.98,-12.26,-12.48,-12.20,-12.34,-12.26,-12.12,-12.12,-12.04,-11.98,-12.12,-12.34,-12.56,-12.34,-12.48,-12.26,-12.34,-12.12,-12.12,-12.12,-12.20,-12.34,-12.26,-11.90,-12.12,-12.26,-12.20,-12.26,-12.39,-12.04,-11.90,-12.12,-12.20,-12.26,-12.04,-12.12,-12.39,-12.26,-12.04,-12.04,-12.56,-12.48,-12.34,-12.39,-12.04,-11.90,-12.20,-12.20,-12.12,-12.12,-12.12,-12.26,-11.85,-11.98,-12.04,-12.39,-12.12,-11.98,-12.12,-12.04,-12.04,-11.90,-12.26,-12.12,-12.12,-12.20,-12.20,-11.98,-12.39,-12.04,-11.85,-12.12,-11.98,-12.26,-12.04,-11.98,-11.68,-12.20,-12.12,-11.85,-11.90,-12.12,-12.48,-11.90,-12.04,-12.26,-11.90,-11.76,-11.63,-12.20,-11.85,-12.04,-11.98,-11.90,-11.76,-12.20,-11.76,-11.90,-11.85,-11.90,-11.90,-12.04,-12.20,-11.76,-12.20,-11.76,-11.76,-11.90,-11.68,-11.27,-11.41,-11.41,-11.55,-11.85,-11.85,-11.63,-11.19,-11.36,-11.41,-11.68,-11.76,-11.68,-11.98,-11.55,-11.85,-11.76,-12.04,-11.76,-11.90,-11.90,-11.49,-11.90,-11.41,-11.41,-11.36,-11.06,-10.57,-9.90,-9.29,-8.53,-7.93,-7.67,-7.93,-7.67,-8.35,-8.61,-9.61,-9.96,-10.57,-11.00,-10.92,-10.92,-10.79,-11.19,-11.36,-11.06,-11.41,-11.36,-11.85,-11.63,-11.63,-11.68,-11.63,-11.76,-11.85,-11.49,-11.14,-9.82,-8.69,-10.92,-11.41,-11.49,-11.49,-11.63,-11.55,-12.12,-11.98,-11.85,-11.41,-11.68,-11.76,-11.55,-11.49,-11.76,-11.85,-11.85,-11.90,-11.68,-12.04,-12.20,-11.68,-11.55,-11.98,-11.63,-11.68,-12.20,-11.68,-11.90,-11.85,-11.76,-11.90,-12.04,-12.12,-11.98,-11.68,-12.12,-11.76,-11.68,-12.12,-12.04,-11.85,-12.12,-12.20,-12.26,-11.98,-11.98,-12.04,-12.04,-12.04,-11.90,-12.12,-12.20,-11.98,-12.12,-12.34,-12.04,-11.76,-12.20,-12.61,-12.26,-12.04,-12.20,-12.04,-12.12,-11.98,-12.04,-11.90,-12.04,-12.20,-12.34,-12.20,-12.20,-12.04,-12.26,-12.20,-12.39,-12.20,-12.12,-12.12,-12.39,-12.39,-11.98,-11.90,-12.34,-12.20,-12.12,-12.39,-12.48,-12.26,-12.12,-12.12,-12.04,-12.61,-12.12,-12.39,-12.04,-12.39,-11.98,-12.26,-12.34,-12.20,-12.04,-12.34,-12.34,-12.26,-12.26,-12.56,-12.34,-12.26,-11.98,-12.70,-12.26,-12.26,-12.39,-12.34,-12.34,-12.61,-12.20,-12.20,-12.48,-11.98,-12.61,-12.26,-12.39,-12.56,-12.34,-12.61,-12.56,-12.48,-12.04,-12.56,-12.39,-12.56,-12.12,-12.34,-12.34,-12.26,-12.48,-12.48,-12.78,-12.34,-12.61,-12.34,-12.34,-12.39,-12.34,-12.34,-12.34,-12.26,-12.70,-12.61,-12.70,-12.61,-12.56
-12.26,-12.78,-12.78,-12.61,-12.70,-12.34,-12.78,-12.48,-12.83,-12.61,-12.48,-12.39,-12.12,-12.48,-12.34,-12.48,-12.12,-12.70,-12.26,-12.56,-12.26,-12.34,-12.39,-12.70,-12.70,-12.78,-12.61,-12.26,-12.78,-12.26,-12.56,-12.39,-12.61,-12.20,-12.56,-12.26,-12.34,-12.34,-12.26,-12.39,-12.39,-12.48,-12.39,-12.34,-12.12,-12.26,-12.48,-12.26,-12.61,-12.20,-12.12,-12.04,-12.12,-12.26,-12.04,-12.26,-11.98,-12.26,-12.04,-12.39,-12.34,-12.39,-12.12,-12.12,-12.12,-12.04,-12.26,-11.98,-12.04,-12.39,-12.12,-12.12,-12.39,-12.39,-12.04,-12.39,-12.20,-12.26,-11.85,-12.12,-11.76,-11.90,-12.20,-12.12,-12.12,-11.98,-11.98,-12.04,-12.20,-12.48,-12.04,-12.04,-12.26,-12.20,-12.04,-12.26,-12.20,-11.76,-12.20,-12.12,-12.26,-12.12,-11.85,-12.48,-12.26,-11.85,-11.90,-12.26,-12.34,-12.12,-11.90,-11.85,-11.98,-12.04,-12.20,-11.76,-12.20,-12.12,-12.12,-12.04,-11.85,-12.26,-12.39,-12.39,-12.20,-11.98,-11.90,-12.12,-12.04,-11.85,-12.04,-12.34,-12.04,-12.34,-11.98,-12.26,-11.98,-12.04,-11.90,-11.90,-11.98,-12.04,-11.85,-12.20,-11.90,-12.39,-11.98,-11.76,-11.85,-11.68,-12.04,-11.90,-11.98,-11.90,-12.20,-11.98,-12.26,-11.85,-11.85,-11.90,-11.90,-11.85,-11.76,-11.76,-11.68,-11.85,-11.68,-11.55,-11.55,-11.41,-11.76,-11.85,-11.76,-11.68,-10.92,-11.06,-11.14,-11.63,-11.41,-11.41,-11.85,-11.63,-11.90,-11.36,-11.63,-11.63,-11.55,-11.68,-11.27,-11.68,-11.41,-11.49,-11.19,-11.14,-10.57,-9.61,-9.08,-8.40,-7.67,-7.20,-7.28,-7.20,-8.06,-8.48,-9.21,-10.17,-10.71,-11.19,-10.84,-10.92,-11.00,-10.92,-11.27,-11.36,-11.55,-11.55,-11.76,-11.55,-11.41,-11.55,-11.36,-11.41,-11.36,-11.14,-10.52,-11.27,-11.49,-11.68,-11.19,-11.85,-11.68,-11.76,-11.68,-11.85,-11.76,-11.49,-11.68,-11.55,-11.55,-11.90,-12.12,-11.85,-11.68,-11.76,-11.68,-11.90,-11.68,-11.85,-11.49,-12.04,-11.90,-12.04,-11.98,-11.76,-12.04,-11.68,-11.90,-12.20,-12.20,-12.12,-11.76,-12.04,-11.90,-11.85,-12.20,-11.98,-11.90,-11.85,-11.90,-12.34,-11.90,-12.20,-11.90,-12.04,-12.12,-12.04,-11.98,-12.26,-11.76,-12.26,-11.90,-12.20,-12.04,-11.98,-12.04,-12.04,-11.98,-12.12,-12.20,-12.34,-12.04,-12.12,-12.48,-12.20,-12.12,-11.98,-12.12,-12.12,-12.34,-12.39,-11.98,-11.98,-11.98,-12.04,-12.04,-12.04,-12.20,-12.12,-12.12,-12.20,-12.34,-12.20,-12.34,-12.04,-12.20,-11.98,-12.12,-12.39,-12.20,-11.98,-12.34,-11.98,-11.98,-12.48,-12.34,-12.04,-12.04,-12.20,-11.98,-12.12,-11.98,-12.26,-11.90,-12.26,-12.56,-12.39,-12.56,-12.61,-12.34,-12.04,-12.56,-12.12,-12.26,-12.34,-12.39,-12.70,-12.56,-12.26,-12.20,-12.39,-12.26,-12.48,-12.26,-12.26,-12.04,-12.61,-12.34,-12.20,-12.61,-12.39,-12.56,-12.48,-12.20,-12.26,-12.12,-12.12,-12.61,-12.56,-12.48,-12.34,-12.12,-12.34,-12.26,-12.26,-12.70,-12.39,-12.61,-12.39,-12.34,-12.61,-12.34,-12.26
-12.78,-12.78,-12.78,-12.39,-12.78,-12.34,-12.48,-12.56,-12.48,-12.34,-12.56,-12.39,-12.56,-12.26,-12.78,-12.48,-12.56,-12.48,-12.70,-12.39,-12.34,-12.34,-12.78,-12.12,-12.61,-12.56,-12.26,-12.48,-12.20,-11.90,-12.39,-12.34,-12.48,-12.61,-12.12,-12.34,-12.48,-12.20,-12.39,-12.56,-12.26,-12.26,-12.26,-12.56,-12.34,-12.26,-12.70,-12.34,-12.26,-11.90,-12.12,-12.56,-12.26,-12.20,-12.12,-12.04,-12.34,-12.48,-12.26,-12.20,-12.26,-12.34,-12.26,-12.34,-12.26,-12.20,-11.98,-11.98,-12.04,-12.39,-12.12,-11.98,-12.20,-12.70,-12.48,-12.04,-12.26,-12.04,-12.26,-12.26,-11.90,-12.39,-11.98,-12.12,-11.90,-12.20,-12.34,-12.04,-12.04,-12.26,-12.04,-12.26,-12.20,-12.26,-11.85,-12.04,-12.39,-12.26,-12.26,-12.34,-12.34,-12.04,-12.34,-12.26,-12.34,-12.20,-12.39,-12.20,-12.26,-12.12,-11.90,-11.98,-11.98,-12.20,-11.76,-12.34,-12.04,-11.76,-12.26,-11.76,-11.90,-12.20,-11.68,-11.98,-12.56,-12.04,-12.20,-11.90,-12.12,-12.26,-11.68,-12.04,-12.34,-11.98,-12.26,-12.12,-11.68,-12.20,-12.20,-12.20,-11.90,-12.12,-12.34,-11.85,-12.26,-12.34,-11.85,-11.90,-11.68,-11.85,-12.04,-11.68,-11.85,-12.26,-12.20,-11.68,-11.85,-11.98,-11.90,-11.90,-11.98,-12.04,-11.98,-11.98,-11.85,-11.68,-11.41,-11.49,-11.14,-11.55,-11.76,-11.76,-11.68,-11.55,-11.85,-11.49,-11.06,-10.92,-11.27,-11.49,-11.06,-11.14,-11.63,-11.63,-11.76,-11.68,-11.68,-11.55,-11.49,-11.41,-11.49,-11.36,-11.06,-10.92,-11.00,-10.04,-9.16,-8.01,-7.41,-6.77,-6.77,-7.15,-7.49,-8.21,-9.56,-10.04,-10.57,-10.71,-10.84,-10.71,-10.44,-10.79,-11.19,-11.41,-11.55,-11.27,-11.55,-11.36,-11.63,-11.68,-11.63,-11.41,-11.14,-11.27,-11.49,-11.41,-11.41,-11.14,-11.63,-11.90,-11.85,-11.68,-11.55,-11.49,-11.49,-11.90,-11.98,-11.63,-11.98,-11.90,-11.85,-12.04,-11.85,-11.98,-11.63,-11.49,-12.04,-11.85,-12.04,-11.90,-11.76,-11.98,-11.68,-12.04,-11.85,-11.90,-12.12,-11.76,-11.85,-11.76,-11.76,-12.12,-12.04,-11.98,-12.04,-12.26,-12.04,-11.63,-12.04,-12.26,-11.85,-12.04,-12.34,-11.98,-12.12,-12.48,-12.04,-12.12,-11.76,-12.12,-12.26,-11.90,-12.12,-12.20,-12.20,-12.20,-11.85,-11.90,-12.26,-12.26,-12.48,-12.20,-11.90,-11.98,-12.20,-12.12,-12.26,-11.98,-11.90,-11.98,-12.39,-12.20,-12.12,-12.20,-12.12,-11.98,-12.39,-12.04,-12.34,-12.12,-12.34,-12.20,-11.90,-12.48,-12.39,-12.34,-12.20,-12.26,-12.12,-11.98,-12.04,-12.04,-12.34,-12.20,-12.39,-11.90,-12.39,-12.12,-12.26,-12.39,-12.61,-11.98,-12.34,-12.26,-11.98,-12.12,-12.56,-12.39,-12.34,-12.39,-12.12,-12.26,-12.26,-12.34,-12.70,-12.48,-12.56,-12.20,-11.98,-12.04,-12.20,-12.56,-12.48,-12.39,-12.48,-12.26,-12.26,-12.34,-12.48,-12.20,-12.34,-12.34,-12.34,-12.26,-12.48,-12.34,-12.34,-12.26,-12.48,-12.56,-12.34,-12.26,-12.34,-12.56,-13.14,-12.61,-12.34,-12.56,-12.61,-12.70,-12.48,-12.97
-12.61,-12.61,-12.61,-12.70,-12.48,-12.39,-12.48,-12.48,-12.56,-12.48,-12.70,-12.34,-12.61,-12.34,-12.34,-12.78,-12.39,-12.61,-12.48,-12.20,-12.26,-12.39,-12.56,-12.39,-12.34,-12.78,-12.20,-12.34,-12.39,-12.12,-12.12,-12.39,-12.12,-12.34,-12.12,-12.56,-12.26,-12.34,-12.20,-11.90,-12.04,-12.34,-12.26,-12.20,-12.48,-12.39,-12.20,-12.26,-12.56,-12.20,-12.26,-12.39,-12.04,-12.61,-12.61,-12.26,-12.48,-12.26,-12.20,-12.39,-12.12,-12.20,-12.39,-12.04,-12.83,-12.20,-11.76,-12.20,-12.39,-12.34,-12.34,-12.12,-12.12,-12.34,-11.98,-12.39,-12.34,-12.26,-12.26,-12.20,-12.04,-11.85,-12.04,-11.98,-12.48,-12.34,-12.12,-12.20,-12.12,-12.04,-12.12,-12.26,-11.55,-11.68,-12.20,-12.20,-12.20,-12.26,-12.04,-12.34,-12.04,-11.63,-12.20,-11.68,-11.85,-12.26,-12.12,-12.12,-12.04,-11.85,-12.20,-12.12,-12.20,-12.26,-12.34,-12.12,-11.68,-12.12,-12.12,-11.76,-11.98,-11.98,-11.85,-11.90,-12.34,-12.12,-11.90,-12.12,-12.12,-11.98,-12.12,-12.12,-12.20,-12.04,-12.04,-12.26,-12.20,-12.20,-12.20,-12.04,-12.04,-12.04,-11.98,-12.26,-12.12,-12.26,-12.12,-11.90,-11.98,-12.04,-11.76,-12.04,-11.90,-12.26,-12.20,-11.98,-11.90,-12.20,-12.12,-12.12,-11.85,-11.68,-11.68,-11.90,-12.12,-11.90,-11.68,-11.49,-11.41,-11.41,-11.68,-11.98,-11.76,-11.68,-11.41,-11.68,-11.36,-11.55,-11.49,-11.49,-11.27,-11.55,-11.90,-11.55,-11.68,-11.76,-11.49,-11.49,-11.49,-11.55,-11.19,-11.36,-11.27,-10.92,-10.79,-10.17,-9.21,-7.88,-6.77,-6.18,-5.87,-6.05,-7.28,-8.14,-9.16,-10.09,-10.57,-10.84,-10.71,-10.52,-10.57,-10.71,-10.79,-11.36,-11.63,-11.68,-11.63,-11.19,-11.49,-11.49,-11.06,-11.19,-11.68,-11.63,-11.49,-11.41,-11.27,-11.55,-11.55,-12.12,-12.12,-11.68,-11.76,-12.04,-11.68,-11.98,-12.04,-11.55,-12.12,-11.90,-11.68,-11.55,-11.68,-11.85,-11.55,-11.55,-11.98,-11.76,-11.76,-12.12,-11.85,-12.34,-11.85,-11.85,-12.26,-12.04,-11.90,-11.76,-12.12,-12.20,-11.63,-12.04,-11.76,-12.04,-11.85,-11.90,-12.04,-12.04,-11.76,-12.04,-11.90,-12.20,-11.98,-12.12,-12.48,-12.20,-12.56,-12.04,-11.76,-12.26,-11.76,-12.04,-11.90,-12.04,-12.20,-11.98,-12.48,-11.98,-12.12,-12.20,-12.26,-12.20,-12.04,-12.12,-12.20,-12.12,-12.61,-12.48,-11.85,-12.26,-12.12,-12.20,-12.12,-12.04,-12.34,-11.98,-12.48,-11.98,-12.26,-12.48,-12.20,-12.12,-12.39,-12.12,-12.48,-12.12,-12.04,-12.39,-12.39,-12.26,-12.04,-12.12,-12.20,-11.98,-12.34,-12.20,-12.26,-12.12,-12.12,-12.34,-12.20,-12.04,-12.56,-11.98,-12.26,-12.20,-12.61,-12.12,-12.04,-12.26,-12.20,-12.26,-12.39,-12.26,-12.56,-12.34,-12.39,-12.26,-12.20,-12.34,-12.20,-12.34,-12.12,-12.26,-12.34,-12.39,-12.12,-12.39,-12.39,-12.56,-12.78,-12.48,-12.70,-12.34,-12.26,-12.39,-12.39,-12.48,-12.26,-12.26,-12.26,-12.70,-12.78,-12.48,-12.34,-12.34,-12.26,-12.39,-12.70,-12.61,-12.70,-12.92
-12.70,-12.70,-12.70,-12.83,-12.56,-12.78,-12.56,-12.70,-12.34,-12.70,-12.48,-12.20,-12.39,-12.78,-12.39,-12.34,-12.39,-12.39,-12.34,-12.20,-12.20,-12.34,-12.56,-12.61,-12.20,-12.34,-12.26,-12.34,-12.26,-12.20,-12.12,-12.34,-12.20,-12.20,-12.26,-12.26,-12.04,-12.48,-12.48,-11.98,-12.56,-12.26,-12.48,-12.20,-12.34,-12.48,-12.26,-12.26,-11.98,-12.26,-12.26,-12.48,-12.26,-11.98,-12.26,-12.48,-12.26,-12.20,-12.39,-12.12,-12.34,-11.98,-12.26,-12.39,-12.12,-12.26,-12.20,-12.20,-12.34,-12.26,-12.04,-12.12,-12.48,-12.56,-12.48,-12.39,-12.56,-12.48,-12.12,-12.20,-11.98,-12.26,-12.20,-11.90,-11.98,-11.98,-12.26,-12.12,-12.26,-11.98,-12.20,-11.85,-12.26,-11.98,-12.34,-12.34,-12.20,-12.12,-11.90,-12.20,-12.12,-12.34,-12.04,-12.12,-12.12,-12.12,-12.20,-12.04,-12.34,-12.39,-12.12,-12.20,-12.04,-11.55,-12.12,-12.04,-12.04,-12.34,-12.34,-12.26,-12.26,-11.98,-11.98,-11.90,-11.90,-11.98,-12.34,-12.20,-12.20,-12.26,-11.98,-12.20,-12.12,-12.04,-12.12,-12.26,-11.63,-11.98,-12.20,-11.98,-12.04,-12.12,-12.26,-12.12,-11.90,-12.04,-12.26,-12.26,-12.04,-11.85,-12.04,-11.90,-11.90,-11.90,-11.85,-12.26,-11.98,-12.04,-11.85,-11.98,-11.90,-11.90,-11.76,-11.85,-11.90,-11.68,-11.49,-11.63,-11.41,-11.63,-11.55,-11.63,-11.55,-11.49,-11.68,-11.63,-11.76,-11.41,-11.76,-11.49,-11.63,-11.36,-11.49,-11.55,-11.41,-11.36,-11.85,-11.55,-11.76,-11.41,-11.68,-11.49,-11.36,-11.14,-10.84,-10.30,-9.29,-7.80,-6.38,-5.42,-4.96,-5.34,-6.43,-7.33,-9.08,-9.56,-10.17,-10.52,-10.84,-10.71,-10.57,-10.52,-11.19,-11.36,-11.55,-11.36,-11.14,-10.92,-11.27,-11.14,-11.36,-11.55,-11.85,-11.85,-11.85,-11.63,-11.63,-11.98,-11.49,-11.90,-11.63,-11.98,-11.85,-11.90,-12.12,-11.68,-11.85,-11.90,-11.76,-11.98,-11.68,-11.85,-11.76,-11.63,-11.85,-11.90,-12.04,-11.98,-11.68,-11.85,-12.04,-11.90,-12.12,-12.04,-11.76,-12.12,-11.98,-12.12,-11.63,-12.12,-12.12,-12.12,-11.90,-11.85,-11.90,-11.85,-12.20,-12.12,-12.04,-11.76,-12.20,-12.12,-12.20,-12.26,-12.39,-11.98,-11.98,-11.90,-11.98,-11.90,-11.98,-11.85,-11.76,-12.04,-11.63,-11.90,-11.85,-12.04,-12.20,-12.20,-12.34,-11.90,-12.20,-12.20,-12.26,-12.34,-11.85,-12.12,-12.20,-12.26,-12.12,-12.26,-12.34,-12.04,-12.20,-12.39,-12.26,-12.26,-12.26,-12.26,-12.26,-11.85,-11.98,-12.34,-11.90,-12.48,-12.26,-12.04,-12.34,-12.56,-12.04,-12.26,-12.39,-12.04,-12.20,-12.34,-11.85,-12.26,-11.98,-12.04,-12.48,-12.20,-12.48,-12.26,-12.26,-12.20,-12.20,-12.04,-12.12,-12.26,-12.20,-12.04,-12.48,-12.04,-12.26,-12.04,-12.20,-12.61,-12.26,-12.26,-12.48,-12.12,-12.26,-12.26,-12.20,-12.61,-12.34,-12.26,-12.61,-12.34,-12.26,-12.56,-12.26,-12.56,-12.83,-12.78,-12.26,-12.56,-12.61,-12.56,-12.48,-12.34,-12.61,-12.70,-12.34,-12.61,-12.34,-12.20,-12.78,-12.78,-12.70,-12.56
-12.70,-12.34,-12.39,-12.48,-12.26,-12.78,-12.20,-12.26,-12.61,-12.61,-12.61,-12.34,-12.78,-12.61,-12.48,-12.26,-12.56,-12.56,-12.34,-12.48,-12.48,-12.20,-12.26,-12.48,-12.39,-12.34,-12.48,-12.20,-12.34,-11.90,-12.12,-12.70,-12.20,-12.26,-12.56,-12.34,-12.39,-12.34,-12.26,-12.39,-12.39,-11.98,-12.20,-12.39,-12.34,-12.26,-12.20,-12.20,-12.39,-12.39,-11.90,-12.34,-12.20,-12.39,-11.90,-12.34,-11.90,-12.48,-12.12,-12.39,-12.48,-11.98,-11.90,-11.85,-11.98,-12.20,-11.85,-12.20,-12.34,-12.56,-12.61,-12.20,-12.61,-12.26,-12.04,-12.48,-12.20,-11.98,-11.98,-11.98,-11.98,-12.12,-12.26,-12.04,-12.26,-12.12,-12.39,-11.98,-11.98,-12.34,-12.56,-11.98,-12.20,-12.20,-11.90,-12.20,-11.98,-12.04,-11.98,-12.04,-12.12,-12.04,-11.98,-12.26,-12.12,-11.98,-12.04,-12.26,-12.20,-11.98,-11.90,-12.26,-11.85,-11.85,-11.68,-11.68,-11.90,-11.98,-11.90,-11.68,-12.04,-11.76,-11.63,-11.98,-11.90,-11.98,-12.12,-12.12,-11.90,-11.90,-11.90,-12.12,-12.20,-12.26,-12.26,-11.98,-11.98,-12.26,-11.98,-12.04,-12.26,-11.76,-12.26,-12.26,-12.04,-12.04,-12.34,-12.34,-12.04,-12.04,-12.26,-12.12,-12.12,-12.04,-12.34,-11.85,-12.04,-12.12,-11.98,-11.90,-12.04,-11.85,-11.90,-11.85,-11.76,-12.26,-11.76,-11.68,-11.76,-12.04,-11.76,-11.76,-11.85,-11.85,-11.63,-11.68,-11.76,-11.68,-11.41,-11.90,-11.85,-11.68,-11.63,-11.41,-11.49,-11.76,-11.55,-11.36,-11.49,-11.49,-11.27,-11.49,-11.49,-11.00,-10.79,-10.09,-9.08,-8.01,-6.13,-4.84,-4.09,-4.34,-4.96,-6.89,-8.27,-9.35,-9.96,-10.65,-11.06,-10.38,-10.17,-10.65,-11.14,-11.41,-11.19,-11.19,-11.36,-11.55,-11.63,-11.49,-11.41,-11.68,-11.68,-11.63,-11.98,-11.90,-11.76,-12.12,-11.76,-11.76,-11.90,-11.76,-11.90,-11.85,-11.85,-12.34,-11.76,-12.04,-11.68,-11.76,-11.85,-11.90,-11.76,-11.63,-11.63,-12.04,-12.12,-11.98,-11.76,-11.90,-11.90,-11.90,-11.63,-11.90,-11.85,-12.04,-11.98,-12.20,-12.12,-12.04,-12.04,-11.68,-11.85,-11.85,-11.98,-11.76,-12.20,-12.12,-11.76,-12.39,-11.98,-11.98,-11.76,-11.98,-12.04,-11.63,-11.90,-12.12,-12.26,-11.63,-12.12,-12.26,-12.12,-12.12,-12.34,-12.34,-12.04,-12.20,-12.26,-12.12,-12.12,-11.68,-11.90,-11.90,-12.26,-12.12,-12.26,-12.04,-11.98,-12.12,-12.48,-12.12,-11.55,-12.39,-11.90,-12.12,-12.34,-12.20,-12.34,-12.12,-12.39,-12.34,-12.26,-12.20,-11.98,-12.12,-11.90,-12.34,-12.34,-12.34,-12.39,-12.39,-12.20,-12.26,-12.12,-12.20,-11.98,-12.20,-12.48,-11.98,-12.20,-11.98,-12.20,-12.04,-12.34,-12.12,-12.12,-12.20,-11.98,-12.20,-12.56,-12.34,-12.56,-12.26,-12.48,-12.20,-12.39,-12.26,-12.12,-12.20,-12.48,-12.39,-12.12,-12.61,-12.61,-12.20,-12.61,-12.26,-12.26,-12.34,-12.61,-12.48,-12.61,-12.39,-12.26,-12.56,-12.20,-12.70,-12.39,-12.34,-12.56,-12.34,-12.48,-12.48,-12.70,-12.48,-12.70,-12.34,-12.70,-12.48,-12.78,-12.61
-12.83,-12.56,-12.56,-12.83,-12.78,-12.78,-12.92,-12.61,-12.61,-12.39,-12.39,-12.56,-12.70,-12.26,-12.26,-12.26,-12.70,-12.48,-12.56,-12.70,-12.39,-12.78,-12.34,-12.39,-12.78,-12.39,-12.61,-12.70,-12.39,-12.12,-11.76,-12.56,-12.12,-12.20,-12.39,-12.34,-12.04,-12.39,-12.39,-12.48,-12.48,-12.12,-12.39,-12.34,-12.20,-12.12,-12.34,-12.26,-12.61,-11.98,-12.39,-12.04,-12.39,-12.48,-12.04,-12.48,-12.56,-12.26,-12.20,-12.34,-12.56,-12.39,-12.39,-12.20,-12.39,-12.12,-12.20,-12.04,-12.61,-12.04,-12.12,-12.39,-12.48,-12.20,-12.12,-12.26,-12.26,-12.26,-12.26,-12.39,-12.20,-11.98,-12.34,-12.26,-12.34,-12.34,-12.26,-12.20,-11.90,-12.48,-12.39,-12.34,-12.12,-12.20,-11.76,-12.04,-12.26,-12.12,-12.26,-12.12,-12.34,-11.98,-12.26,-12.20,-12.12,-11.98,-12.04,-12.26,-11.98,-11.98,-12.20,-11.90,-11.85,-11.68,-11.68,-11.68,-11.90,-11.85,-11.68,-11.68,-11.90,-11.76,-11.90,-11.90,-11.76,-12.26,-12.04,-11.98,-11.85,-11.98,-12.12,-12.20,-12.12,-12.12,-12.12,-12.34,-12.12,-11.90,-12.26,-12.12,-12.26,-12.12,-12.20,-12.20,-12.04,-12.20,-12.20,-11.68,-11.98,-11.90,-11.63,-12.04,-12.12,-11.98,-11.76,-11.98,-12.26,-12.04,-11.98,-11.98,-12.20,-11.98,-11.90,-11.68,-11.68,-11.90,-11.90,-11.76,-11.68,-11.41,-11.76,-11.76,-11.68,-11.49,-11.85,-11.85,-11.49,-11.36,-11.55,-11.76,-11.76,-11.85,-11.90,-12.12,-11.90,-11.49,-11.90,-11.63,-11.36,-11.55,-11.41,-11.14,-10.92,-10.84,-10.44,-10.09,-9.21,-7.54,-5.67,-3.39,-2.36,-2.90,-4.14,-6.00,-7.88,-9.08,-9.82,-10.30,-10.65,-10.57,-10.38,-10.57,-11.14,-11.14,-11.14,-11.06,-11.68,-11.14,-11.85,-11.63,-11.63,-11.55,-11.41,-11.55,-11.76,-11.36,-11.68,-11.68,-11.63,-11.98,-11.68,-11.98,-11.76,-12.12,-11.68,-11.85,-11.85,-11.85,-11.63,-11.85,-11.76,-11.27,-11.98,-11.90,-11.85,-11.85,-12.12,-11.90,-11.85,-12.12,-11.90,-12.26,-11.85,-11.98,-12.12,-12.04,-12.39,-12.20,-11.90,-12.12,-12.12,-12.04,-11.90,-12.20,-11.85,-11.68,-12.12,-11.98,-11.76,-11.68,-12.12,-11.68,-12.12,-11.90,-11.98,-12.12,-12.26,-12.12,-11.85,-11.85,-12.12,-11.68,-12.04,-12.26,-11.98,-11.63,-11.98,-12.12,-12.20,-12.20,-12.34,-11.98,-12.20,-12.26,-12.20,-12.04,-12.12,-12.20,-12.39,-12.26,-12.26,-12.04,-11.85,-11.85,-12.39,-12.12,-12.12,-12.61,-12.20,-12.34,-12.39,-12.20,-12.34,-12.20,-12.34,-12.12,-12.39,-12.20,-12.12,-12.26,-12.12,-12.20,-11.98,-12.56,-12.26,-11.98,-12.12,-12.39,-12.12,-12.26,-12.48,-12.20,-11.90,-12.20,-12.04,-12.20,-12.39,-12.20,-12.04,-12.34,-12.04,-12.20,-12.48,-12.12,-12.20,-12.04,-12.20,-12.48,-12.39,-12.04,-12.20,-12.34,-11.90,-12.39,-12.48,-12.26,-12.34,-12.26,-12.26,-12.70,-12.26,-12.34,-12.39,-12.26,-12.34,-12.26,-12.61,-12.56,-12.92,-12.48,-12.78,-12.20,-12.83,-12.34,-12.70,-12.26,-12.78,-12.70,-12.39,-12.12,-12.34,-12.61
-12.56,-12.39,-12.78,-12.78,-12.48,-12.34,-12.56,-12.56,-12.48,-12.56,-12.56,-12.34,-12.83,-12.48,-12.39,-12.26,-12.26,-12.61,-12.70,-12.26,-12.61,-12.48,-12.34,-12.48,-12.39,-12.26,-12.20,-12.39,-12.39,-12.26,-12.48,-12.56,-12.26,-12.26,-12.70,-12.48,-12.39,-12.12,-12.34,-12.39,-12.48,-11.98,-12.34,-12.26,-12.20,-12.56,-12.56,-12.26,-12.34,-12.12,-12.12,-12.34,-12.26,-12.04,-12.04,-11.68,-12.48,-12.20,-12.12,-12.20,-12.26,-12.39,-12.12,-12.04,-11.98,-12.20,-12.48,-12.26,-12.48,-12.56,-12.20,-12.20,-12.20,-12.12,-12.39,-12.26,-12.12,-11.98,-12.12,-12.12,-12.20,-11.90,-11.98,-12.39,-12.04,-12.12,-12.12,-12.39,-11.98,-12.12,-12.26,-12.26,-12.12,-12.20,-11.63,-11.76,-12.12,-12.12,-12.04,-12.26,-11.85,-12.04,-12.34,-12.20,-12.12,-12.20,-12.12,-12.20,-12.20,-11.76,-11.90,-12.12,-12.26,-11.98,-11.76,-12.04,-11.76,-12.20,-12.20,-12.04,-12.20,-12.04,-11.90,-12.34,-11.90,-12.26,-11.98,-11.68,-11.68,-11.63,-12.26,-11.76,-12.26,-12.04,-12.04,-12.20,-12.12,-12.20,-12.20,-12.12,-12.34,-12.20,-12.20,-12.34,-12.34,-11.90,-12.04,-12.12,-12.12,-11.98,-12.34,-12.26,-12.04,-11.85,-11.90,-11.98,-11.98,-11.85,-11.76,-11.85,-11.68,-12.26,-11.76,-12.04,-11.98,-12.04,-11.63,-11.76,-11.63,-11.85,-11.76,-11.85,-11.68,-11.98,-11.41,-11.55,-11.41,-11.85,-11.41,-11.68,-11.55,-11.63,-11.55,-11.63,-11.68,-11.68,-11.76,-11.85,-11.36,-11.49,-11.27,-11.14,-11.14,-10.79,-10.44,-10.04,-9.16,-7.54,-4.96,-1.76,-0.10,-0.10,-1.71,-4.26,-6.56,-8.35,-9.29,-10.30,-10.44,-10.52,-10.52,-10.52,-10.79,-11.19,-11.27,-11.36,-11.55,-11.76,-11.55,-11.63,-11.63,-11.85,-11.36,-11.63,-11.55,-11.85,-12.04,-11.85,-11.90,-11.49,-11.98,-11.90,-11.68,-11.76,-11.76,-11.76,-11.68,-11.98,-11.85,-11.76,-11.76,-11.98,-11.76,-11.63,-12.20,-12.12,-12.04,-11.49,-11.85,-11.90,-11.98,-12.04,-11.98,-11.85,-12.26,-12.20,-11.90,-11.98,-12.12,-11.85,-12.04,-11.98,-12.04,-11.98,-12.12,-12.20,-12.20,-11.98,-11.98,-11.68,-12.20,-11.90,-11.90,-11.68,-12.12,-12.20,-12.12,-12.04,-11.76,-11.85,-12.12,-12.12,-12.20,-11.68,-12.26,-12.04,-12.04,-11.90,-12.34,-11.98,-12.04,-12.34,-12.20,-12.26,-12.26,-11.76,-11.98,-12.26,-11.90,-12.39,-12.26,-12.12,-12.26,-12.12,-12.12,-12.12,-12.20,-12.12,-12.12,-12.34,-12.12,-12.12,-12.26,-11.90,-12.26,-12.39,-12.20,-12.12,-12.26,-12.26,-12.20,-12.34,-12.39,-11.98,-12.61,-12.12,-11.98,-12.12,-12.20,-12.56,-12.34,-12.20,-12.26,-12.26,-12.56,-12.12,-12.26,-12.39,-12.26,-12.34,-12.12,-12.39,-12.26,-12.20,-12.20,-12.04,-11.90,-12.34,-12.56,-12.48,-12.20,-12.12,-12.61,-12.34,-12.20,-12.34,-12.34,-12.48,-11.98,-12.26,-12.56,-12.34,-12.34,-12.39,-12.61,-12.39,-12.61,-12.34,-12.70,-12.20,-12.61,-12.56,-12.61,-12.61,-12.39,-12.61,-12.39,-12.70,-13.06,-12.48,-12.56,-12.56
-12.56,-12.61,-12.78,-12.20,-12.34,-12.34,-12.34,-12.70,-12.48,-12.78,-12.56,-12.61,-12.56,-12.39,-12.48,-12.12,-12.70,-12.56,-12.39,-12.12,-12.56,-12.61,-12.48,-12.26,-12.34,-12.20,-12.20,-12.34,-12.39,-12.39,-12.39,-12.20,-12.78,-12.39,-12.39,-12.48,-12.26,-12.20,-12.20,-12.12,-12.34,-12.26,-12.39,-12.04,-11.98,-12.04,-12.20,-12.56,-12.04,-11.90,-12.39,-12.26,-12.20,-12.12,-12.34,-12.26,-11.85,-11.85,-12.12,-12.20,-12.12,-12.04,-12.20,-12.39,-12.12,-12.39,-12.04,-12.39,-12.26,-12.20,-12.34,-12.04,-12.12,-12.26,-12.20,-11.98,-12.12,-11.98,-12.20,-12.39,-12.20,-12.39,-11.90,-12.34,-12.39,-12.34,-12.12,-12.26,-11.90,-11.85,-12.26,-12.04,-12.34,-12.20,-12.04,-12.12,-12.26,-11.63,-12.04,-12.04,-12.20,-12.12,-11.98,-12.12,-12.20,-11.98,-12.20,-12.20,-12.04,-12.12,-12.48,-12.48,-12.12,-12.20,-12.04,-11.90,-12.04,-12.12,-12.04,-11.90,-11.85,-12.26,-11.98,-12.34,-12.12,-12.26,-11.98,-12.39,-11.90,-12.04,-12.04,-11.85,-11.98,-11.76,-12.12,-11.90,-12.04,-12.20,-11.98,-11.90,-11.76,-12.12,-12.04,-11.90,-11.85,-12.26,-11.90,-11.68,-11.85,-11.90,-12.12,-11.85,-11.90,-12.34,-12.04,-11.85,-12.04,-11.98,-11.76,-12.20,-12.12,-11.76,-11.85,-11.98,-12.04,-11.90,-11.68,-11.76,-11.98,-11.27,-11.55,-11.55,-11.68,-11.85,-11.63,-11.63,-11.63,-11.85,-11.49,-11.27,-11.41,-11.63,-11.90,-11.68,-11.76,-11.63,-11.55,-11.19,-11.41,-11.14,-11.36,-10.92,-11.00,-10.65,-10.65,-9.77,-8.74,-6.89,-4.01,0.30,3.83,5.10,2.50,-1.76,-5.04,-7.28,-8.87,-9.82,-10.57,-10.30,-10.30,-10.09,-10.92,-11.14,-11.36,-11.49,-11.41,-11.85,-11.68,-11.76,-11.85,-11.41,-11.68,-11.63,-11.63,-11.76,-11.68,-11.85,-11.98,-12.20,-11.68,-11.76,-12.04,-12.12,-11.49,-11.98,-11.90,-11.98,-11.68,-11.55,-11.41,-11.76,-11.90,-12.12,-11.76,-11.68,-11.68,-11.90,-11.90,-12.26,-11.76,-11.68,-11.85,-11.90,-11.85,-11.85,-11.90,-11.90,-11.68,-11.98,-12.04,-12.04,-12.12,-12.39,-12.04,-12.04,-11.98,-12.04,-12.12,-11.90,-11.90,-12.04,-12.04,-12.12,-12.12,-12.26,-11.90,-12.26,-11.85,-12.20,-12.04,-11.85,-12.04,-11.76,-11.98,-11.85,-12.04,-12.20,-12.34,-12.48,-12.12,-12.34,-12.39,-12.04,-12.20,-12.34,-12.12,-12.12,-12.26,-12.20,-12.20,-12.04,-11.98,-12.12,-12.12,-12.20,-12.04,-12.39,-11.85,-12.34,-12.04,-12.48,-12.34,-12.20,-12.56,-12.12,-12.04,-12.48,-12.12,-12.34,-11.90,-12.20,-12.26,-12.04,-11.85,-12.39,-12.26,-11.90,-12.34,-12.20,-12.12,-12.26,-12.20,-12.20,-12.34,-12.20,-12.48,-12.04,-12.61,-12.12,-12.39,-12.04,-12.39,-12.20,-12.39,-12.34,-12.26,-12.26,-12.48,-12.26,-12.12,-12.20,-12.56,-12.26,-12.20,-12.61,-12.34,-12.34,-12.26,-12.12,-12.26,-12.34,-12.34,-12.20,-12.48,-12.20,-12.34,-12.39,-12.34,-12.39,-12.61,-12.92,-12.39,-12.34,-12.26,-12.61,-12.39,-12.34,-12.70,-12.34,-12.61,-12.70
-12.48,-12.61,-12.56,-12.39,-12.78,-12.48,-12.61,-12.20,-12.56,-12.70,-12.26,-12.61,-12.34,-12.39,-12.61,-12.26,-12.39,-12.12,-12.39,-12.34,-12.34,-12.26,-12.70,-12.39,-12.26,-12.26,-11.98,-12.26,-12.20,-11.90,-12.61,-12.20,-12.26,-12.26,-12.04,-12.20,-12.39,-12.39,-12.20,-12.12,-12.34,-12.26,-12.20,-12.12,-11.98,-12.26,-12.39,-12.20,-12.26,-11.90,-12.34,-12.12,-11.90,-12.12,-12.39,-12.39,-12.12,-12.34,-11.98,-11.98,-12.12,-12.04,-11.98,-12.20,-11.98,-12.48,-11.90,-12.20,-12.20,-12.04,-12.04,-12.04,-12.12,-12.20,-12.12,-12.39,-12.20,-12.20,-12.12,-12.20,-12.12,-12.04,-12.20,-12.34,-12.26,-12.34,-12.04,-12.12,-12.34,-12.12,-12.39,-12.26,-11.90,-11.98,-12.34,-12.20,-12.04,-11.90,-12.26,-12.34,-12.04,-12.04,-11.98,-11.76,-11.90,-11.98,-12.26,-12.20,-12.20,-11.90,-12.12,-11.98,-11.98,-11.90,-12.20,-12.12,-11.85,-11.85,-11.98,-11.90,-11.90,-11.98,-11.98,-12.12,-12.12,-11.98,-12.26,-12.26,-11.90,-11.85,-12.04,-12.04,-12.04,-11.90,-12.20,-12.26,-11.85,-11.98,-11.85,-12.04,-12.04,-11.98,-11.85,-11.90,-11.85,-12.12,-12.12,-12.12,-11.68,-11.90,-11.98,-12.20,-11.98,-12.04,-11.98,-12.04,-11.90,-12.04,-11.76,-11.76,-11.90,-11.98,-11.76,-11.85,-11.41,-11.85,-11.76,-11.63,-11.41,-11.68,-11.76,-11.63,-11.63,-11.85,-11.68,-11.41,-11.41,-11.85,-11.90,-11.85,-11.76,-11.63,-11.98,-11.49,-11.85,-11.49,-11.41,-11.49,-11.41,-11.27,-11.41,-10.84,-11.19,-10.84,-10.17,-9.29,-8.06,-6.18,-1.63,5.68,13.67,15.57,10.17,3.44,-2.44,-6.25,-8.53,-9.82,-9.96,-10.38,-9.96,-10.52,-10.57,-11.27,-11.27,-11.49,-11.27,-11.41,-11.49,-11.63,-11.68,-11.49,-11.41,-11.76,-11.85,-11.41,-11.63,-11.41,-11.63,-11.36,-11.76,-11.76,-11.68,-11.63,-12.12,-11.90,-11.85,-11.68,-11.55,-11.85,-12.26,-11.76,-11.85,-11.98,-12.26,-11.90,-11.85,-11.90,-11.90,-11.76,-12.04,-12.04,-12.26,-11.90,-11.90,-11.90,-11.76,-11.98,-12.26,-11.85,-11.63,-12.20,-12.34,-11.76,-12.34,-12.12,-11.90,-12.04,-12.12,-12.26,-12.12,-12.26,-12.12,-11.85,-11.98,-12.20,-12.12,-12.04,-12.20,-11.90,-12.20,-11.85,-11.85,-12.26,-12.26,-11.98,-12.39,-12.12,-11.98,-12.12,-12.20,-12.12,-12.26,-12.26,-12.20,-12.20,-12.20,-12.04,-11.98,-12.20,-12.34,-12.20,-11.98,-12.12,-12.20,-11.98,-12.48,-12.34,-12.12,-12.26,-12.12,-12.20,-11.98,-11.98,-12.12,-11.98,-11.76,-12.04,-11.85,-12.34,-12.34,-12.26,-12.04,-11.85,-12.04,-12.12,-12.26,-12.04,-12.20,-12.12,-12.20,-11.98,-12.04,-12.26,-12.20,-11.98,-12.39,-12.26,-12.20,-12.20,-12.34,-12.26,-12.04,-12.48,-12.26,-12.39,-12.12,-12.20,-12.61,-12.39,-12.12,-12.56,-12.56,-12.12,-12.12,-12.34,-12.12,-12.56,-12.26,-12.20,-12.83,-12.34,-12.34,-12.12,-12.20,-12.34,-12.20,-12.61,-12.04,-12.34,-12.48,-12.39,-12.34,-12.39,-12.48,-12.39,-12.56,-12.78,-12.56,-12.48,-12.78,-12.83
-12.48,-12.34,-12.78,-12.39,-12.61,-12.34,-12.70,-12.34,-12.70,-12.70,-12.61,-12.48,-12.48,-12.56,-12.61,-12.56,-12.70,-12.70,-12.34,-12.20,-12.39,-12.20,-12.12,-12.12,-12.26,-12.26,-12.48,-12.20,-12.20,-12.34,-12.39,-12.34,-12.34,-12.26,-12.34,-12.04,-12.20,-12.20,-12.20,-12.39,-12.34,-12.34,-12.39,-12.20,-12.12,-12.39,-12.34,-12.39,-12.34,-12.34,-12.04,-12.20,-12.04,-12.12,-11.98,-12.04,-12.04,-11.98,-12.26,-12.26,-11.90,-12.48,-12.12,-12.04,-12.04,-11.98,-12.04,-11.98,-12.12,-11.98,-12.20,-11.90,-11.90,-12.20,-12.04,-12.34,-11.90,-12.39,-11.98,-12.12,-12.34,-11.76,-12.12,-12.20,-12.61,-12.56,-12.12,-12.04,-12.20,-12.20,-11.98,-11.98,-11.90,-12.12,-12.39,-12.04,-11.98,-11.85,-12.20,-12.26,-12.04,-12.48,-12.12,-11.68,-11.90,-12.12,-12.34,-11.76,-12.04,-12.20,-12.34,-12.20,-12.20,-12.20,-12.20,-11.90,-12.12,-11.98,-12.34,-12.12,-11.76,-12.26,-11.90,-12.39,-12.20,-11.85,-12.12,-11.76,-12.20,-12.04,-12.04,-12.26,-12.20,-11.98,-12.04,-11.98,-11.98,-12.04,-11.98,-11.76,-12.12,-11.85,-12.04,-11.98,-11.98,-11.90,-12.04,-11.98,-11.98,-11.85,-12.12,-11.85,-12.04,-11.85,-12.04,-11.90,-11.98,-12.04,-11.98,-12.04,-11.98,-12.12,-12.04,-10.71,-11.85,-11.41,-11.63,-11.49,-11.14,-11.27,-11.63,-11.68,-11.76,-11.55,-11.63,-11.68,-11.85,-11.90,-11.85,-11.63,-11.68,-11.49,-11.76,-11.85,-11.41,-11.68,-11.55,-11.63,-11.41,-10.84,-11.27,-10.57,-10.57,-10.65,-9.96,-9.21,-7.07,-4.79,1.81,16.87,136.81,164.78,26.01,10.83,0.94,-4.79,-8.06,-9.42,-10.04,-10.22,-9.35,-9.77,-10.44,-11.27,-11.19,-11.36,-11.63,-11.68,-11.41,-11.68,-11.68,-11.85,-11.41,-11.76,-11.76,-11.90,-11.90,-11.98,-11.76,-11.68,-11.98,-11.76,-11.98,-12.04,-11.63,-11.90,-11.68,-11.85,-11.85,-11.76,-11.68,-12.12,-11.90,-11.98,-11.85,-11.76,-11.76,-11.76,-11.98,-12.04,-11.68,-11.90,-11.68,-11.63,-12.12,-11.98,-12.04,-12.04,-12.26,-11.85,-11.68,-11.68,-11.68,-12.12,-11.76,-12.20,-11.76,-12.12,-12.20,-11.90,-11.90,-11.98,-11.85,-12.48,-12.12,-12.04,-11.76,-12.12,-12.12,-11.90,-12.26,-12.39,-12.12,-12.12,-12.04,-11.85,-12.12,-11.98,-12.04,-12.12,-12.20,-12.26,-12.12,-12.04,-12.12,-12.12,-11.98,-11.63,-12.26,-12.04,-12.48,-11.85,-12.34,-12.26,-12.12,-11.90,-11.85,-12.20,-12.04,-12.34,-12.12,-12.20,-12.04,-11.63,-12.26,-12.04,-12.26,-12.26,-12.34,-12.26,-12.34,-12.12,-12.12,-12.20,-12.12,-12.12,-12.20,-11.98,-12.20,-12.04,-12.39,-12.04,-12.20,-11.98,-12.48,-12.26,-12.20,-12.20,-12.39,-12.20,-12.34,-12.04,-12.61,-12.20,-12.12,-12.26,-11.98,-12.39,-12.56,-12.26,-12.34,-12.39,-12.12,-12.04,-12.12,-12.04,-12.61,-12.26,-12.04,-12.61,-12.34,-12.26,-12.26,-12.26,-12.26,-12.12,-12.39,-12.26,-12.48,-12.48,-12.56,-12.20,-12.34,-12.39,-12.56,-12.48,-12.70,-12.61,-12.83,-12.61,-12.61,-12.39
-12.70,-12.34,-12.56,-12.70,-12.70,-12.48,-12.39,-12.56,-12.34,-12.34,-12.26,-12.39,-12.39,-12.20,-12.56,-12.04,-12.39,-12.39,-12.70,-12.61,-12.12,-12.34,-12.26,-12.39,-12.39,-12.26,-12.26,-12.26,-11.98,-12.26,-12.39,-12.20,-12.26,-12.12,-12.34,-12.56,-12.26,-12.34,-12.26,-12.34,-12.26,-12.39,-12.34,-12.39,-12.26,-12.61,-12.20,-12.20,-12.26,-12.26,-12.20,-12.34,-12.34,-11.98,-12.20,-12.34,-12.39,-12.26,-12.34,-12.12,-12.39,-11.98,-12.04,-11.98,-12.12,-12.04,-12.04,-11.90,-12.26,-12.20,-12.04,-11.85,-12.04,-12.26,-12.12,-11.98,-12.34,-12.04,-12.04,-11.98,-12.04,-12.12,-12.12,-12.34,-12.12,-12.26,-11.98,-12.12,-12.39,-12.04,-12.26,-11.98,-11.98,-12.20,-12.04,-12.34,-12.04,-12.34,-12.26,-11.76,-11.68,-12.12,-11.90,-11.98,-12.20,-12.20,-12.04,-11.85,-11.85,-11.85,-12.12,-12.04,-11.90,-11.90,-12.20,-11.85,-11.90,-11.90,-11.90,-12.12,-12.26,-11.90,-11.90,-11.90,-12.20,-11.98,-11.76,-12.04,-11.90,-11.85,-12.04,-11.76,-12.12,-11.90,-11.68,-11.76,-11.76,-11.63,-11.85,-11.76,-11.90,-12.20,-11.98,-11.85,-11.76,-11.90,-11.90,-12.04,-11.76,-12.12,-11.98,-12.04,-12.12,-11.90,-12.20,-12.04,-12.04,-11.85,-11.90,-12.26,-12.04,-11.85,-11.76,-11.76,-11.49,-12.12,-11.68,-11.63,-11.68,-11.27,-11.55,-11.76,-11.68,-11.55,-11.76,-11.63,-11.98,-11.90,-11.85,-11.41,-11.68,-11.49,-11.90,-11.63,-11.27,-11.41,-11.41,-11.27,-11.63,-11.19,-11.19,-10.79,-10.52,-10.09,-9.69,-8.48,-6.51,-2.73,6.55,36.60,706.27,693.46,253.86,19.77,3.90,-3.71,-7.33,-9.21,-10.04,-9.77,-8.40,-9.96,-10.52,-11.14,-11.36,-11.49,-11.90,-11.36,-11.68,-11.55,-11.68,-11.76,-11.68,-11.98,-11.68,-11.76,-12.04,-11.68,-11.98,-11.76,-11.68,-11.76,-11.76,-11.76,-11.63,-11.68,-11.85,-11.36,-11.90,-11.68,-11.76,-11.63,-11.90,-11.98,-11.85,-11.85,-12.26,-11.90,-11.98,-11.98,-11.63,-12.20,-11.85,-12.34,-11.85,-12.04,-11.90,-11.90,-11.76,-11.76,-12.04,-12.12,-11.98,-11.68,-11.68,-12.20,-12.04,-12.04,-12.04,-11.76,-12.26,-11.76,-12.34,-11.90,-11.90,-12.20,-12.04,-12.34,-11.98,-12.20,-12.04,-12.26,-11.90,-12.20,-11.98,-12.20,-12.20,-12.12,-12.12,-12.12,-12.04,-12.20,-11.63,-11.90,-12.26,-11.98,-12.20,-12.12,-12.26,-11.90,-11.98,-12.12,-11.98,-12.26,-12.20,-12.20,-11.98,-12.26,-12.20,-12.04,-12.20,-11.90,-12.34,-12.04,-12.20,-12.20,-12.20,-12.20,-12.26,-12.39,-12.26,-12.12,-12.04,-12.12,-11.90,-12.20,-11.85,-11.90,-12.26,-12.12,-12.26,-12.04,-12.20,-12.20,-12.48,-12.04,-12.04,-12.20,-12.12,-12.39,-12.20,-12.04,-12.34,-12.56,-12.20,-12.56,-12.39,-12.61,-12.48,-11.90,-12.26,-12.20,-12.20,-12.34,-12.20,-12.56,-12.56,-12.26,-11.98,-12.34,-12.56,-12.26,-12.39,-12.26,-12.48,-12.20,-12.70,-12.61,-12.34,-12.39,-12.39,-12.70,-12.26,-12.70,-12.61,-12.61,-12.70,-12.26,-12.48,-12.56,-12.48,-12.48
-12.61,-12.34,-12.48,-12.39,-12.61,-12.78,-12.70,-12.83,-12.61,-12.56,-12.34,-12.39,-12.70,-12.34,-12.34,-12.39,-12.56,-12.39,-12.20,-12.26,-12.20,-12.39,-12.34,-12.34,-12.61,-12.04,-12.39,-12.34,-12.39,-12.26,-12.20,-12.48,-12.34,-12.48,-12.26,-12.26,-12.26,-12.34,-12.70,-12.39,-12.12,-12.39,-12.20,-12.34,-12.56,-12.12,-12.34,-12.12,-12.26,-12.26,-12.04,-11.98,-12.34,-12.20,-12.26,-12.39,-11.90,-12.04,-12.39,-12.34,-12.39,-12.39,-12.20,-12.26,-12.26,-12.20,-12.12,-12.48,-12.34,-12.39,-12.12,-12.12,-12.20,-12.20,-11.98,-12.34,-12.12,-12.34,-12.56,-12.20,-12.12,-12.12,-12.04,-12.04,-12.20,-12.20,-12.48,-12.12,-12.12,-12.12,-12.12,-12.20,-11.90,-12.04,-12.26,-12.20,-12.39,-12.20,-12.34,-12.34,-12.26,-12.20,-12.34,-11.98,-12.26,-12.34,-11.90,-12.20,-12.12,-11.85,-12.20,-12.12,-12.12,-12.34,-12.04,-12.34,-12.26,-11.76,-12.26,-12.12,-12.26,-12.04,-11.85,-11.90,-12.34,-12.12,-12.04,-11.76,-12.12,-11.63,-12.04,-11.98,-11.90,-11.90,-12.04,-12.04,-12.04,-11.98,-12.04,-11.90,-12.12,-11.76,-11.98,-11.90,-11.98,-11.90,-11.85,-11.85,-12.12,-12.26,-12.04,-12.26,-12.26,-11.98,-11.98,-11.85,-12.04,-11.85,-11.98,-11.98,-11.76,-12.20,-11.55,-11.90,-11.98,-11.98,-11.85,-11.55,-11.36,-11.55,-11.76,-11.68,-11.76,-11.76,-11.36,-11.68,-11.76,-11.68,-11.55,-11.76,-11.63,-11.63,-11.85,-11.90,-11.14,-11.49,-11.63,-11.14,-11.19,-11.00,-11.19,-10.71,-10.92,-10.52,-9.77,-8.21,-6.43,-1.95,9.47,176.51,831.61,925.06,397.85,23.55,4.44,-3.76,-7.33,-9.16,-10.09,-10.09,-9.48,-10.38,-10.44,-10.92,-10.92,-11.27,-11.63,-12.20,-11.90,-11.55,-11.85,-11.68,-11.85,-11.76,-11.76,-11.76,-11.68,-11.85,-11.76,-11.90,-11.90,-11.27,-11.85,-11.68,-11.63,-12.12,-11.85,-12.12,-11.68,-11.68,-11.90,-11.98,-11.90,-12.04,-11.68,-11.85,-11.63,-12.12,-11.90,-11.98,-12.04,-11.76,-11.90,-11.90,-11.98,-11.68,-12.34,-11.85,-11.90,-11.90,-11.90,-12.12,-11.98,-11.90,-11.85,-11.76,-11.76,-11.90,-11.76,-12.04,-11.98,-12.04,-12.12,-12.12,-12.12,-12.04,-12.26,-11.90,-12.12,-11.90,-12.12,-12.56,-11.90,-11.90,-12.20,-12.20,-12.20,-12.20,-12.56,-12.12,-12.26,-12.12,-11.90,-12.12,-12.12,-12.12,-12.34,-12.34,-12.12,-11.85,-12.20,-12.20,-12.12,-11.68,-11.90,-12.26,-12.26,-12.04,-11.98,-12.12,-12.26,-12.04,-12.12,-12.12,-12.12,-12.26,-12.56,-12.56,-12.12,-12.34,-12.39,-12.12,-12.34,-11.98,-11.98,-12.34,-11.98,-11.90,-12.12,-12.26,-12.20,-12.20,-12.26,-12.39,-12.04,-12.48,-12.48,-12.26,-12.20,-12.20,-12.20,-12.26,-12.26,-12.12,-12.48,-12.20,-12.61,-11.98,-12.20,-12.34,-12.48,-11.76,-12.20,-12.34,-12.34,-12.39,-12.20,-12.12,-12.04,-12.48,-12.48,-12.39,-12.26,-12.34,-12.20,-12.56,-12.20,-12.34,-12.34,-12.34,-12.61,-12.48,-12.34,-12.34,-12.61,-12.48,-12.92,-12.48,-12.34,-12.48,-12.34,-12.70
-12.61,-12.97,-12.61,-12.61,-12.39,-12.48,-12.78,-12.48,-12.56,-12.70,-12.39,-12.70,-12.56,-12.20,-12.48,-12.56,-12.56,-12.34,-12.48,-12.26,-12.39,-12.26,-12.78,-12.39,-12.34,-12.39,-12.34,-12.34,-12.04,-11.90,-11.98,-12.12,-12.34,-12.26,-12.34,-12.39,-12.48,-12.34,-12.12,-12.04,-12.26,-12.34,-12.34,-11.98,-12.12,-12.39,-12.20,-12.12,-12.26,-12.39,-12.04,-12.04,-12.20,-12.04,-12.34,-12.20,-12.04,-12.12,-11.68,-11.90,-11.90,-12.20,-12.12,-12.04,-11.90,-12.04,-12.34,-11.90,-12.34,-11.90,-11.98,-12.04,-12.26,-12.48,-12.12,-12.26,-12.04,-11.98,-12.12,-12.34,-12.04,-11.90,-11.85,-12.12,-12.12,-12.12,-12.34,-11.98,-12.39,-11.98,-12.26,-11.76,-11.90,-12.26,-12.34,-11.90,-11.85,-12.04,-11.85,-12.12,-12.12,-12.20,-11.90,-12.12,-12.34,-12.12,-12.20,-12.39,-11.63,-12.12,-11.76,-11.90,-11.98,-11.90,-12.20,-12.20,-11.68,-12.12,-12.20,-11.90,-11.90,-12.12,-11.98,-12.04,-12.26,-11.55,-11.90,-12.12,-12.12,-12.39,-12.04,-11.85,-12.12,-11.98,-12.04,-11.90,-11.98,-12.04,-11.90,-12.12,-12.20,-11.90,-12.04,-11.85,-11.98,-12.12,-11.98,-11.90,-12.04,-11.85,-11.98,-12.04,-11.90,-12.12,-12.12,-11.98,-12.04,-11.98,-11.76,-11.98,-11.76,-11.98,-11.76,-11.76,-12.26,-11.98,-11.85,-11.98,-11.36,-11.41,-11.55,-11.55,-11.41,-11.55,-11.76,-11.68,-11.90,-11.55,-11.98,-11.85,-11.68,-11.85,-11.41,-11.49,-11.27,-11.49,-11.19,-11.41,-11.36,-10.92,-11.06,-11.06,-10.44,-10.38,-9.82,-8.14,-6.18,-2.19,6.50,31.06,703.31,896.61,222.63,16.93,1.97,-4.26,-7.49,-8.53,-9.96,-10.22,-9.42,-9.82,-9.96,-11.00,-11.41,-11.36,-11.76,-11.49,-11.49,-11.76,-11.41,-11.49,-11.68,-11.90,-11.76,-11.55,-11.85,-11.19,-11.49,-11.76,-11.76,-11.55,-11.36,-11.27,-11.06,-12.04,-11.90,-11.63,-12.12,-11.85,-12.20,-12.20,-11.98,-11.76,-11.63,-12.04,-11.90,-11.98,-11.76,-12.34,-11.90,-12.04,-11.98,-11.76,-11.76,-11.98,-12.12,-12.04,-12.20,-12.20,-11.85,-11.68,-11.85,-11.98,-11.76,-11.76,-11.85,-11.85,-11.98,-12.26,-11.85,-12.26,-11.90,-12.04,-11.85,-11.98,-11.68,-11.85,-12.39,-11.85,-11.85,-11.98,-11.76,-11.90,-12.20,-12.12,-12.20,-12.34,-11.98,-11.98,-11.85,-11.90,-12.26,-11.90,-12.12,-11.98,-11.98,-11.90,-12.20,-12.12,-12.20,-12.12,-12.26,-12.04,-12.26,-12.04,-12.26,-12.20,-12.39,-12.34,-12.12,-12.04,-12.34,-12.20,-12.20,-11.98,-12.12,-12.20,-12.12,-12.39,-12.34,-12.20,-12.12,-12.26,-12.26,-12.12,-12.48,-12.12,-12.26,-12.20,-12.12,-12.20,-12.04,-12.39,-12.26,-12.20,-12.04,-12.20,-12.56,-11.98,-12.39,-12.26,-12.39,-12.12,-12.12,-12.20,-12.56,-12.20,-12.34,-12.26,-12.20,-12.20,-12.04,-12.20,-12.20,-12.48,-12.26,-12.26,-12.12,-12.39,-12.34,-12.39,-12.34,-12.20,-12.70,-11.98,-12.34,-12.70,-12.34,-12.56,-12.34,-12.61,-12.61,-12.39,-12.70,-12.70,-12.39,-12.61,-12.48,-12.48,-12.61,-12.39
-12.48,-12.56,-12.56,-12.48,-12.70,-12.70,-12.56,-12.70,-12.56,-12.20,-12.34,-12.61,-12.48,-12.61,-12.26,-12.34,-12.48,-12.56,-12.39,-12.26,-12.34,-12.20,-12.78,-12.48,-11.98,-12.70,-12.39,-12.48,-12.12,-12.39,-12.48,-12.04,-12.12,-12.61,-12.78,-12.39,-12.20,-12.34,-11.90,-12.56,-12.12,-12.26,-12.12,-12.34,-12.34,-12.26,-12.39,-12.26,-11.98,-12.20,-11.90,-12.20,-12.04,-12.26,-12.34,-11.90,-11.98,-12.39,-12.04,-12.04,-12.12,-11.98,-12.20,-12.20,-12.20,-12.04,-12.12,-12.04,-12.12,-12.26,-12.26,-12.04,-12.20,-12.20,-11.90,-12.12,-12.12,-12.20,-12.04,-12.20,-11.90,-12.12,-12.26,-12.12,-11.85,-12.20,-12.20,-12.34,-12.20,-11.90,-12.26,-12.12,-11.98,-12.12,-11.98,-11.85,-12.39,-12.34,-12.26,-12.12,-11.98,-12.12,-12.20,-12.26,-12.34,-12.26,-11.90,-11.90,-12.12,-12.34,-11.90,-11.98,-11.85,-11.98,-12.39,-11.90,-11.90,-11.98,-11.85,-11.98,-12.12,-12.12,-11.98,-12.26,-11.68,-11.98,-12.04,-12.04,-12.04,-12.20,-12.04,-11.76,-11.55,-12.39,-12.04,-12.20,-11.98,-12.20,-11.85,-12.04,-11.76,-12.61,-11.98,-12.04,-11.98,-11.55,-11.68,-11.90,-11.98,-12.20,-11.90,-12.04,-12.12,-11.90,-11.98,-12.12,-11.90,-12.04,-11.68,-11.98,-11.85,-12.04,-11.90,-12.34,-12.12,-11.76,-11.98,-11.68,-11.49,-11.41,-11.63,-11.55,-11.68,-11.76,-11.55,-11.90,-11.76,-11.55,-11.85,-11.98,-11.49,-11.76,-11.68,-11.49,-11.36,-11.41,-11.55,-11.36,-11.41,-11.19,-11.06,-10.57,-10.57,-10.09,-9.48,-8.35,-6.13,-3.39,1.92,12.26,30.51,36.13,20.71,6.44,-1.51,-5.92,-8.21,-9.29,-9.90,-9.56,-9.82,-10.04,-9.16,-10.92,-11.49,-11.36,-11.55,-11.55,-11.19,-11.36,-11.55,-11.14,-11.41,-11.68,-11.55,-11.63,-11.63,-11.85,-11.76,-11.85,-11.68,-11.85,-11.98,-11.76,-11.63,-11.55,-11.85,-11.90,-11.68,-11.68,-11.90,-11.98,-11.90,-11.76,-11.98,-11.68,-12.26,-11.90,-11.76,-11.90,-11.85,-12.12,-11.98,-11.85,-12.12,-11.98,-12.04,-12.04,-11.63,-11.98,-11.68,-12.04,-11.98,-11.68,-12.04,-12.04,-11.90,-11.76,-12.04,-11.85,-11.49,-11.85,-11.90,-11.90,-11.68,-11.90,-11.76,-11.76,-11.85,-12.20,-11.85,-11.85,-11.90,-12.12,-11.63,-11.85,-12.20,-11.98,-12.26,-12.12,-12.12,-12.26,-12.20,-12.04,-12.20,-12.20,-11.68,-12.04,-12.12,-11.98,-11.85,-12.12,-12.04,-12.34,-12.26,-11.90,-12.04,-12.39,-12.26,-12.20,-12.04,-12.34,-12.20,-12.04,-11.90,-12.20,-12.34,-12.26,-12.04,-12.26,-12.39,-12.26,-12.12,-12.12,-12.04,-11.76,-12.20,-11.68,-12.20,-12.26,-11.98,-12.26,-12.34,-12.48,-12.04,-12.12,-12.48,-12.34,-12.20,-11.98,-12.26,-12.56,-12.39,-12.39,-12.04,-11.85,-12.20,-12.61,-12.12,-12.61,-12.39,-12.56,-12.48,-12.34,-12.26,-12.39,-12.34,-12.12,-12.34,-12.26,-12.70,-12.34,-12.39,-12.70,-12.61,-12.34,-12.56,-12.70,-12.26,-12.61,-12.48,-12.20,-12.78,-12.61,-12.34,-12.78,-12.34,-12.61,-12.39,-12.39,-12.39,-12.56
-12.83,-12.70,-12.70,-12.56,-12.78,-12.48,-12.78,-12.61,-12.20,-12.78,-12.48,-12.39,-12.48,-12.12,-12.39,-12.61,-12.20,-12.26,-12.20,-12.04,-12.26,-12.34,-12.34,-12.26,-12.26,-12.39,-12.20,-12.70,-12.34,-11.90,-12.12,-12.26,-12.56,-12.26,-12.12,-11.98,-12.34,-12.12,-12.34,-12.34,-12.20,-12.20,-12.04,-12.20,-12.26,-12.56,-12.12,-12.20,-12.56,-12.20,-12.04,-12.04,-12.26,-11.85,-11.98,-12.04,-11.90,-11.85,-12.20,-11.98,-11.76,-12.39,-12.20,-12.26,-12.12,-12.34,-12.20,-11.98,-12.20,-12.04,-11.90,-11.98,-12.20,-12.26,-12.04,-12.20,-11.76,-11.90,-12.34,-12.12,-11.68,-12.34,-12.12,-12.20,-12.34,-11.98,-11.55,-12.26,-11.76,-12.34,-11.98,-12.04,-12.12,-11.90,-12.26,-12.20,-12.34,-11.98,-12.20,-11.98,-11.85,-11.98,-12.04,-12.26,-11.90,-12.04,-11.90,-11.90,-12.20,-11.98,-11.98,-11.85,-11.98,-12.20,-11.68,-12.04,-11.98,-11.76,-12.04,-11.98,-11.76,-12.12,-11.85,-12.26,-12.34,-12.56,-11.76,-11.90,-11.90,-11.98,-12.12,-12.12,-12.34,-12.04,-12.12,-12.12,-12.04,-12.26,-12.12,-11.98,-11.90,-11.76,-12.04,-11.98,-11.90,-11.90,-11.85,-12.04,-12.04,-11.85,-11.98,-12.26,-12.12,-12.04,-11.85,-11.98,-12.04,-12.12,-11.98,-11.90,-11.76,-12.04,-11.98,-11.98,-12.12,-12.04,-11.68,-11.98,-11.41,-11.55,-11.27,-11.36,-11.49,-11.98,-11.63,-11.68,-11.85,-11.36,-11.68,-11.41,-11.68,-11.76,-11.41,-11.36,-11.41,-11.36,-11.27,-11.68,-11.27,-11.36,-11.00,-10.65,-10.57,-10.04,-9.29,-8.21,-6.77,-4.51,-1.71,2.32,6.39,7.49,4.06,-0.50,-4.84,-7.15,-8.74,-9.56,-10.09,-9.90,-9.21,-10.22,-8.95,-10.79,-11.19,-11.85,-11.41,-11.85,-11.27,-11.55,-11.63,-11.90,-11.90,-11.68,-11.36,-11.36,-11.90,-11.68,-11.76,-11.41,-11.90,-11.85,-11.55,-11.36,-11.85,-11.68,-11.55,-11.63,-11.68,-11.85,-11.68,-11.85,-11.68,-11.76,-11.55,-11.68,-11.90,-12.48,-11.90,-12.12,-12.20,-12.12,-12.26,-12.04,-11.68,-11.85,-11.85,-12.20,-11.76,-12.26,-11.68,-12.34,-12.04,-12.34,-12.20,-12.34,-12.04,-11.90,-12.04,-11.85,-11.85,-11.90,-11.90,-12.20,-11.90,-12.12,-11.68,-12.04,-11.68,-12.12,-11.68,-11.85,-12.12,-11.76,-11.98,-11.98,-11.98,-12.12,-12.48,-12.20,-12.26,-12.39,-11.76,-11.76,-12.34,-12.12,-11.90,-12.34,-11.98,-11.85,-12.56,-11.98,-12.04,-12.12,-12.20,-12.12,-11.90,-12.39,-12.04,-11.85,-12.12,-12.34,-11.98,-12.34,-11.90,-12.34,-12.48,-12.20,-11.98,-12.20,-12.26,-12.26,-12.04,-12.26,-12.12,-12.26,-12.48,-12.26,-12.04,-12.20,-12.20,-12.26,-12.12,-12.34,-12.34,-12.39,-11.98,-12.26,-12.20,-12.20,-12.12,-12.48,-11.98,-12.12,-12.61,-12.39,-12.92,-12.61,-12.04,-12.12,-12.70,-12.26,-12.26,-12.83,-12.20,-12.34,-12.20,-12.26,-12.26,-12.26,-12.34,-12.34,-12.48,-12.26,-12.26,-12.26,-12.20,-12.34,-12.39,-12.26,-12.70,-12.61,-12.20,-12.48,-12.78,-12.12,-12.56,-12.34,-12.70,-12.39,-12.61,-12.61
-12.61,-12.70,-12.70,-12.48,-12.26,-12.70,-12.70,-12.34,-12.78,-12.61,-12.61,-12.78,-12.48,-12.61,-12.48,-12.20,-12.70,-12.04,-12.39,-12.61,-12.61,-12.20,-12.48,-12.70,-12.34,-12.48,-12.78,-12.26,-12.26,-12.48,-12.39,-12.56,-12.34,-12.39,-12.34,-12.70,-12.20,-12.48,-12.26,-12.39,-12.61,-12.26,-12.34,-11.85,-12.12,-12.20,-12.48,-12.12,-12.48,-12.20,-12.12,-12.26,-12.12,-12.48,-12.26,-12.26,-11.90,-12.12,-12.26,-12.12,-12.12,-12.26,-11.98,-11.98,-12.20,-12.04,-11.76,-12.26,-12.04,-11.90,-12.20,-12.12,-12.34,-12.04,-12.12,-11.98,-11.90,-11.85,-11.90,-12.04,-11.85,-12.12,-11.98,-12.26,-12.04,-11.98,-12.48,-12.20,-12.26,-11.85,-12.34,-12.34,-12.04,-11.68,-11.98,-12.04,-12.34,-12.34,-12.04,-11.98,-12.12,-12.26,-12.04,-11.85,-11.90,-11.63,-11.90,-11.85,-11.98,-11.90,-11.76,-11.76,-11.90,-11.63,-11.90,-11.90,-11.68,-11.76,-12.04,-11.90,-11.68,-11.98,-12.12,-12.04,-11.90,-12.04,-11.63,-12.12,-12.20,-12.20,-11.76,-12.20,-12.12,-12.20,-12.12,-12.04,-11.85,-11.98,-11.98,-11.90,-12.20,-12.20,-11.98,-11.90,-11.76,-11.98,-11.98,-11.85,-11.90,-11.85,-11.98,-11.90,-12.26,-11.68,-11.90,-12.04,-12.04,-11.76,-11.76,-11.76,-11.85,-11.76,-12.04,-12.04,-11.98,-11.98,-12.04,-11.85,-11.49,-11.98,-11.49,-11.36,-11.68,-11.55,-11.49,-11.55,-11.76,-11.68,-11.76,-11.63,-11.63,-11.63,-11.76,-11.76,-11.68,-11.36,-11.36,-11.14,-10.84,-10.92,-11.19,-10.71,-10.04,-10.04,-9.42,-8.61,-7.07,-5.87,-3.96,-2.19,-0.74,-0.58,-1.76,-4.34,-6.38,-7.80,-9.21,-9.90,-10.09,-9.77,-9.29,-10.17,-9.21,-10.71,-11.14,-11.49,-11.36,-11.19,-11.19,-11.49,-11.85,-11.90,-11.63,-11.90,-11.68,-11.63,-11.36,-11.76,-11.14,-11.06,-11.14,-11.19,-11.00,-10.92,-11.36,-11.85,-12.20,-11.49,-11.76,-11.98,-11.76,-11.98,-11.68,-11.98,-11.90,-11.68,-11.76,-11.85,-12.12,-12.34,-12.04,-11.98,-12.04,-11.85,-11.90,-11.85,-11.68,-11.76,-12.12,-11.76,-11.76,-12.04,-11.98,-11.90,-11.68,-12.04,-12.04,-12.12,-11.90,-11.85,-11.90,-12.20,-12.12,-12.20,-12.12,-12.04,-11.90,-12.26,-11.85,-11.85,-11.85,-12.04,-11.98,-11.68,-11.76,-12.34,-12.26,-11.76,-12.12,-12.26,-12.12,-11.68,-12.04,-11.90,-12.26,-12.20,-11.98,-11.90,-12.20,-12.20,-12.04,-11.98,-11.90,-11.90,-12.26,-12.04,-11.85,-12.39,-12.04,-12.26,-12.04,-12.26,-12.20,-12.26,-11.85,-12.48,-12.20,-12.12,-12.26,-12.34,-12.34,-12.26,-12.34,-12.12,-12.12,-11.98,-11.85,-12.04,-12.20,-11.98,-12.12,-12.39,-12.34,-12.26,-11.98,-11.85,-12.26,-12.26,-12.20,-12.39,-12.34,-12.26,-11.98,-12.12,-12.26,-12.04,-12.20,-12.34,-12.39,-12.04,-12.26,-12.34,-12.39,-12.56,-12.20,-12.20,-12.48,-12.34,-11.90,-12.39,-12.34,-12.20,-12.20,-12.48,-12.04,-12.20,-12.20,-12.56,-12.56,-11.98,-12.34,-12.39,-12.56,-12.12,-12.34,-12.61,-12.78,-12.12,-12.70,-12.83,-12.70,-12.26
-12.34,-12.48,-12.48,-12.70,-12.39,-12.92,-12.39,-12.56,-12.34,-12.48,-12.26,-12.56,-12.39,-12.20,-12.26,-12.12,-12.61,-12.12,-12.48,-12.26,-12.34,-12.26,-12.70,-12.56,-12.83,-12.34,-12.34,-12.34,-12.48,-12.39,-12.61,-12.04,-12.39,-12.34,-11.98,-12.34,-12.20,-12.12,-12.20,-12.26,-12.48,-12.12,-12.26,-12.04,-12.04,-12.26,-12.48,-12.39,-12.20,-11.98,-12.20,-12.39,-12.20,-12.34,-12.39,-12.20,-12.20,-12.04,-12.20,-11.90,-11.98,-11.85,-12.12,-11.90,-12.12,-12.61,-11.85,-11.90,-12.61,-12.04,-11.98,-12.04,-12.20,-12.20,-11.85,-12.20,-12.26,-12.26,-12.04,-11.98,-12.39,-12.20,-11.98,-12.39,-12.12,-12.26,-12.12,-12.04,-12.20,-12.26,-12.39,-12.26,-11.98,-12.26,-12.39,-12.20,-12.26,-12.04,-11.98,-12.26,-12.12,-12.20,-12.39,-12.26,-11.90,-11.85,-11.90,-12.20,-11.90,-11.68,-11.76,-11.85,-11.98,-12.34,-11.98,-11.98,-12.26,-11.98,-12.26,-12.20,-12.12,-11.90,-12.04,-12.20,-12.34,-12.12,-12.20,-12.26,-12.34,-12.26,-12.12,-12.04,-12.34,-11.90,-12.20,-11.90,-11.98,-12.20,-11.90,-12.20,-11.98,-12.26,-11.98,-11.98,-11.85,-11.90,-11.90,-11.76,-12.04,-11.98,-11.98,-11.68,-11.63,-12.04,-11.90,-12.04,-12.26,-12.04,-11.90,-12.26,-11.55,-11.85,-12.04,-11.98,-11.76,-11.90,-11.85,-11.85,-11.76,-11.49,-11.68,-11.36,-11.76,-11.49,-11.76,-11.98,-11.55,-11.68,-11.68,-11.49,-11.85,-11.85,-11.49,-11.55,-11.36,-11.27,-11.36,-11.19,-11.06,-11.00,-11.00,-10.65,-10.30,-10.17,-9.42,-8.82,-7.93,-7.02,-6.25,-4.51,-3.71,-3.52,-4.51,-6.13,-7.33,-8.53,-9.16,-10.04,-10.30,-10.38,-9.61,-9.90,-7.41,-10.79,-10.92,-11.55,-11.49,-11.27,-11.06,-10.79,-11.27,-11.06,-10.92,-11.49,-11.76,-11.55,-11.98,-11.63,-11.76,-11.49,-11.76,-11.49,-11.49,-11.68,-11.14,-11.76,-11.63,-11.55,-11.85,-12.12,-11.76,-11.63,-11.68,-11.68,-11.68,-11.68,-11.85,-11.76,-12.04,-12.04,-11.90,-11.90,-12.04,-11.90,-11.76,-12.26,-11.85,-11.76,-11.85,-11.90,-12.20,-12.26,-12.04,-11.98,-11.76,-11.90,-11.76,-11.98,-12.26,-11.98,-11.76,-11.90,-11.90,-11.98,-11.90,-11.98,-12.12,-11.98,-12.20,-11.85,-12.20,-12.20,-11.90,-12.39,-12.20,-11.90,-11.90,-11.90,-12.26,-12.20,-12.12,-12.26,-12.26,-12.20,-12.04,-12.12,-12.12,-11.90,-12.34,-12.26,-11.98,-12.20,-12.12,-11.85,-12.04,-11.98,-11.98,-12.34,-12.12,-12.12,-12.12,-12.26,-12.26,-12.20,-12.26,-12.26,-12.20,-12.26,-12.12,-11.85,-12.26,-12.34,-12.20,-12.48,-12.26,-11.98,-12.20,-12.12,-12.20,-12.34,-12.26,-11.76,-12.04,-12.39,-12.12,-12.26,-12.26,-12.12,-12.26,-12.04,-12.56,-12.34,-12.39,-11.90,-12.20,-11.85,-12.34,-12.20,-12.04,-12.34,-12.20,-12.34,-12.56,-12.20,-12.26,-12.26,-12.48,-12.39,-12.26,-12.56,-12.12,-12.61,-11.98,-12.39,-12.34,-12.39,-12.34,-12.34,-12.26,-12.78,-12.56,-12.48,-12.26,-12.70,-12.61,-12.34,-12.39,-12.70,-12.20,-12.26,-12.56,-12.26
-12.92,-12.78,-12.78,-12.83,-12.56,-12.39,-12.34,-12.48,-12.92,-12.70,-12.26,-12.20,-12.70,-12.34,-12.70,-12.61,-12.39,-12.34,-12.70,-12.34,-12.48,-12.34,-12.12,-12.20,-12.34,-12.12,-11.98,-12.26,-12.04,-12.48,-12.26,-12.20,-12.34,-12.26,-12.39,-11.98,-12.20,-12.48,-12.04,-12.20,-12.34,-12.70,-11.98,-12.20,-11.98,-12.26,-12.04,-12.39,-12.34,-12.39,-12.39,-12.12,-11.90,-11.98,-11.98,-12.04,-12.04,-12.12,-12.26,-12.20,-12.04,-12.12,-12.12,-12.04,-12.20,-11.98,-12.26,-12.34,-12.04,-12.20,-12.20,-11.90,-11.85,-11.76,-12.04,-11.90,-11.68,-12.12,-12.12,-12.12,-11.98,-12.12,-11.90,-12.26,-12.20,-12.26,-11.85,-12.20,-12.20,-12.34,-12.12,-12.26,-12.26,-12.04,-12.48,-12.20,-11.63,-12.26,-12.20,-12.39,-11.98,-12.26,-12.12,-11.90,-11.98,-11.90,-11.85,-12.20,-11.68,-12.12,-11.85,-11.90,-11.90,-11.90,-11.98,-11.98,-11.85,-12.26,-11.98,-12.20,-11.76,-11.85,-12.20,-12.20,-11.98,-12.26,-11.90,-11.98,-12.20,-11.76,-11.98,-12.34,-12.12,-12.26,-11.98,-11.98,-12.20,-12.12,-11.98,-12.12,-12.20,-11.85,-12.12,-11.85,-11.98,-11.98,-11.68,-11.98,-11.85,-11.90,-11.85,-11.98,-11.85,-11.90,-12.04,-12.04,-11.55,-11.98,-11.85,-12.20,-11.68,-11.85,-11.63,-12.12,-12.04,-11.98,-11.68,-11.49,-11.68,-11.41,-11.63,-11.49,-11.68,-11.85,-11.90,-11.55,-11.85,-11.90,-11.19,-11.85,-11.76,-11.68,-11.41,-11.49,-11.49,-11.36,-11.19,-11.41,-11.14,-10.84,-11.00,-10.52,-10.57,-9.90,-9.82,-8.82,-8.14,-7.49,-6.56,-6.00,-5.21,-5.29,-5.67,-6.82,-8.35,-9.29,-9.90,-9.96,-10.52,-10.17,-9.56,-10.04,-6.56,-10.65,-11.06,-11.27,-11.68,-11.14,-11.36,-11.49,-11.68,-11.27,-11.63,-11.98,-11.98,-11.68,-11.68,-11.98,-11.68,-11.85,-11.85,-11.76,-11.98,-11.76,-11.76,-12.04,-11.85,-11.85,-11.90,-11.63,-11.98,-11.90,-11.98,-11.98,-11.98,-11.90,-11.76,-12.12,-12.12,-11.68,-11.68,-12.04,-12.12,-11.90,-11.68,-11.85,-12.34,-12.04,-12.12,-12.04,-12.12,-11.98,-12.34,-12.04,-12.12,-11.90,-12.12,-11.90,-12.34,-11.98,-11.85,-12.20,-11.85,-11.90,-12.12,-12.26,-12.04,-11.76,-11.90,-11.68,-12.26,-11.85,-11.90,-11.98,-12.20,-11.90,-11.85,-12.12,-11.90,-11.98,-12.12,-11.98,-12.04,-12.34,-12.34,-12.39,-12.04,-12.04,-12.20,-12.20,-12.12,-11.98,-12.48,-12.20,-12.34,-12.20,-12.34,-11.98,-12.12,-12.20,-11.98,-12.26,-12.26,-12.26,-12.34,-11.90,-12.12,-12.20,-12.12,-12.26,-12.20,-12.48,-12.34,-12.12,-12.12,-12.12,-12.20,-11.90,-12.34,-12.12,-12.12,-12.34,-12.12,-12.39,-12.56,-12.61,-12.34,-12.12,-12.12,-12.12,-12.20,-12.20,-12.61,-12.34,-12.48,-12.39,-12.26,-12.34,-12.12,-12.56,-12.20,-12.04,-12.12,-12.56,-12.12,-12.34,-12.61,-12.78,-12.97,-12.26,-12.39,-12.26,-12.34,-12.56,-12.48,-12.12,-12.70,-12.56,-12.26,-12.39,-12.61,-12.34,-12.20,-12.34,-12.70,-12.61,-12.48,-12.39,-12.70,-12.39,-12.56,-12.39
-12.78,-12.56,-12.83,-12.39,-13.14,-12.48,-12.34,-12.34,-12.61,-12.48,-12.20,-12.34,-12.34,-12.34,-12.20,-12.34,-12.61,-12.48,-12.34,-11.90,-12.34,-12.34,-12.20,-12.20,-12.26,-12.34,-12.26,-12.26,-12.34,-11.90,-12.34,-11.98,-12.26,-11.85,-12.61,-12.04,-12.34,-12.12,-12.48,-12.48,-12.34,-12.34,-12.34,-12.20,-12.04,-12.20,-12.61,-12.34,-12.26,-11.98,-12.26,-12.39,-12.20,-11.98,-12.34,-12.04,-12.12,-12.04,-11.85,-12.12,-12.20,-12.26,-12.20,-12.20,-12.26,-11.98,-12.26,-12.12,-12.26,-12.12,-12.26,-11.98,-12.04,-12.39,-11.98,-11.98,-11.98,-12.34,-12.34,-12.26,-12.20,-12.20,-11.98,-12.12,-12.26,-12.04,-12.56,-12.26,-12.39,-12.04,-11.98,-12.48,-12.39,-12.26,-12.12,-12.20,-12.20,-12.12,-11.63,-12.20,-12.20,-11.90,-11.98,-11.85,-11.98,-11.98,-11.76,-12.34,-11.98,-11.90,-12.20,-11.98,-12.20,-12.26,-11.98,-12.20,-12.26,-11.90,-11.90,-12.20,-12.34,-11.76,-12.12,-12.26,-12.04,-11.90,-12.26,-12.04,-12.12,-12.04,-11.98,-12.04,-12.34,-12.20,-11.98,-12.26,-12.04,-11.90,-11.98,-11.85,-11.90,-11.68,-12.12,-12.12,-12.20,-12.04,-11.98,-11.98,-11.85,-11.76,-12.12,-11.76,-11.90,-12.12,-12.04,-12.04,-12.12,-11.98,-11.98,-11.63,-12.04,-11.98,-12.48,-11.90,-11.98,-11.98,-12.12,-11.98,-11.41,-11.55,-11.76,-11.49,-11.68,-11.76,-11.85,-11.68,-11.68,-11.63,-11.68,-11.90,-11.41,-11.63,-11.41,-11.90,-11.36,-11.36,-11.36,-11.36,-11.27,-11.19,-11.19,-11.06,-10.57,-10.44,-9.69,-9.21,-8.61,-8.14,-7.28,-6.82,-6.43,-6.51,-6.94,-7.49,-8.69,-9.35,-9.96,-10.04,-10.71,-10.30,-9.35,-10.04,-5.74,-10.44,-11.36,-11.19,-11.49,-11.49,-11.68,-11.76,-11.76,-11.98,-11.68,-11.76,-11.68,-11.98,-11.85,-11.68,-11.90,-11.36,-11.76,-12.04,-11.68,-11.76,-12.20,-11.98,-11.63,-11.90,-12.12,-11.76,-12.04,-11.98,-11.85,-11.85,-11.76,-12.04,-11.76,-11.68,-12.26,-11.68,-12.12,-12.12,-11.85,-12.04,-11.90,-11.90,-12.26,-12.26,-12.20,-12.04,-12.34,-11.76,-12.26,-11.68,-11.85,-12.34,-11.63,-11.76,-12.04,-12.34,-11.98,-12.26,-12.12,-12.48,-11.85,-11.85,-12.34,-12.26,-11.98,-12.12,-11.90,-12.12,-11.85,-12.34,-12.34,-12.26,-12.20,-12.12,-12.04,-12.26,-11.90,-12.12,-11.90,-12.70,-11.98,-11.98,-12.20,-11.98,-12.20,-12.39,-12.48,-11.98,-12.34,-12.12,-12.34,-12.04,-12.04,-12.04,-12.12,-12.61,-12.34,-12.26,-12.20,-12.20,-12.34,-12.26,-11.98,-12.20,-12.26,-12.26,-12.34,-12.20,-12.12,-12.12,-12.34,-12.12,-12.34,-12.20,-12.20,-12.26,-12.20,-12.39,-12.34,-12.26,-12.34,-12.12,-12.04,-12.39,-11.98,-12.12,-11.68,-12.12,-12.48,-11.98,-12.39,-12.20,-12.26,-12.56,-12.26,-12.04,-12.34,-12.34,-12.34,-12.34,-12.26,-12.61,-12.20,-12.34,-12.26,-12.34,-12.26,-12.61,-12.70,-12.20,-12.83,-12.34,-12.34,-12.34,-12.78,-12.20,-12.56,-12.70,-12.34,-12.12,-12.26,-12.70,-12.20,-12.70,-12.78,-12.39,-12.78,-12.48
-12.92,-12.48,-12.39,-12.78,-12.56,-12.83,-12.56,-12.83,-12.39,-12.48,-12.61,-12.70,-12.78,-12.26,-12.39,-12.34,-12.04,-12.26,-12.48,-12.70,-12.04,-11.85,-12.39,-12.26,-12.20,-12.39,-12.34,-12.39,-12.12,-12.56,-12.04,-12.39,-12.12,-12.20,-12.20,-12.26,-12.48,-12.20,-12.48,-12.26,-12.34,-12.34,-11.90,-12.26,-12.26,-11.98,-12.26,-12.04,-12.20,-12.04,-12.12,-12.20,-11.85,-12.12,-12.20,-12.20,-11.98,-12.04,-12.26,-11.90,-11.76,-12.20,-11.90,-12.12,-12.26,-11.68,-12.12,-11.76,-11.76,-12.26,-12.04,-12.12,-12.12,-12.12,-11.76,-12.39,-11.98,-11.90,-12.56,-11.98,-12.26,-11.76,-11.63,-11.85,-11.90,-12.26,-12.20,-12.26,-12.20,-12.20,-11.98,-11.98,-12.04,-11.98,-12.20,-11.90,-12.20,-12.04,-12.12,-12.20,-11.90,-12.26,-12.12,-12.04,-12.34,-11.98,-11.85,-12.04,-11.90,-12.48,-11.98,-12.12,-12.04,-11.98,-12.20,-11.76,-11.90,-12.12,-12.04,-11.90,-12.26,-11.90,-11.98,-11.98,-12.20,-12.34,-11.98,-12.20,-11.85,-11.85,-11.98,-11.63,-12.04,-12.04,-12.20,-11.85,-12.26,-11.98,-12.12,-12.20,-12.04,-11.90,-12.12,-11.63,-11.76,-12.12,-11.85,-11.76,-11.90,-12.04,-12.26,-11.76,-12.12,-12.04,-11.76,-11.85,-11.85,-11.90,-12.26,-12.04,-12.04,-11.85,-11.68,-11.55,-11.76,-11.85,-11.90,-11.63,-11.55,-11.55,-11.76,-11.76,-11.49,-11.90,-11.63,-11.27,-11.85,-11.49,-11.55,-11.68,-11.68,-11.90,-11.85,-11.63,-11.27,-11.63,-11.49,-11.14,-11.19,-11.27,-11.00,-10.71,-10.38,-10.30,-9.48,-9.42,-8.95,-8.35,-8.06,-7.49,-7.54,-7.49,-7.80,-8.48,-9.16,-9.69,-9.90,-10.17,-10.65,-10.38,-9.48,-10.30,-7.20,-10.65,-10.92,-11.36,-11.55,-11.49,-11.76,-11.90,-11.90,-11.68,-11.76,-11.55,-11.76,-11.76,-11.76,-11.98,-11.85,-12.04,-11.36,-11.68,-11.90,-11.90,-11.63,-11.68,-11.90,-11.90,-11.98,-11.55,-11.90,-11.76,-11.85,-12.04,-12.04,-11.90,-11.98,-12.20,-11.90,-11.85,-11.76,-12.20,-11.76,-12.04,-11.85,-12.26,-11.85,-12.48,-12.04,-12.04,-11.76,-12.04,-11.76,-12.04,-11.98,-12.04,-12.20,-12.04,-12.04,-11.85,-12.20,-11.85,-11.90,-11.98,-12.04,-12.04,-11.68,-12.12,-12.12,-12.26,-11.85,-12.04,-11.98,-12.26,-12.20,-12.26,-12.26,-12.48,-12.34,-12.34,-12.26,-11.76,-11.85,-12.20,-11.85,-12.26,-12.26,-12.34,-11.98,-12.12,-12.26,-11.90,-12.12,-12.39,-12.12,-12.34,-12.26,-12.20,-12.04,-12.20,-11.90,-12.12,-12.39,-11.90,-11.98,-11.90,-12.20,-12.04,-11.98,-12.26,-12.34,-12.04,-12.20,-12.26,-12.12,-12.20,-11.85,-12.20,-12.20,-12.04,-12.20,-12.12,-12.34,-12.61,-12.48,-12.56,-12.26,-12.26,-12.26,-12.12,-12.56,-12.12,-12.04,-12.12,-12.20,-12.61,-12.39,-12.26,-12.26,-12.20,-12.04,-12.20,-12.26,-12.12,-12.20,-12.26,-12.34,-12.34,-12.26,-12.20,-12.56,-12.20,-12.26,-12.20,-12.70,-12.34,-12.56,-12.26,-12.34,-12.39,-12.78,-12.70,-12.48,-12.61,-12.39,-12.83,-12.70,-12.12,-12.70,-12.61,-12.83,-12.39
-12.48,-12.70,-12.61,-12.70,-12.34,-12.56,-12.56,-12.78,-12.48,-12.70,-12.34,-12.56,-12.48,-12.78,-12.70,-12.26,-12.39,-12.26,-12.26,-12.70,-12.20,-12.39,-12.39,-12.34,-12.20,-12.39,-12.26,-12.20,-12.20,-12.56,-12.34,-12.34,-12.20,-11.90,-12.04,-12.12,-11.85,-11.90,-12.20,-11.90,-12.39,-12.20,-12.12,-12.12,-12.20,-12.26,-12.20,-12.20,-12.34,-12.12,-11.85,-12.26,-12.39,-12.12,-11.76,-12.26,-12.04,-12.12,-12.04,-12.39,-12.12,-12.20,-12.12,-12.26,-12.20,-12.48,-12.26,-12.04,-12.34,-11.98,-12.12,-12.20,-12.04,-12.12,-12.04,-11.90,-11.98,-12.04,-12.04,-12.04,-11.98,-12.20,-11.90,-11.85,-12.26,-12.26,-12.04,-12.04,-12.20,-12.26,-11.90,-12.20,-12.34,-12.20,-11.98,-12.12,-11.90,-12.12,-11.85,-11.90,-11.90,-12.39,-11.85,-12.04,-12.34,-12.26,-11.76,-12.04,-11.85,-11.68,-11.90,-12.04,-12.34,-11.90,-11.90,-11.98,-12.34,-12.48,-12.04,-11.98,-12.04,-11.76,-11.98,-12.12,-11.98,-11.90,-12.04,-11.98,-12.04,-12.20,-12.12,-12.12,-12.12,-11.98,-12.12,-12.48,-12.56,-12.12,-12.12,-12.20,-12.04,-11.76,-12.34,-12.34,-12.12,-12.20,-11.98,-11.90,-12.04,-12.04,-11.98,-12.04,-12.12,-11.85,-12.20,-11.76,-11.68,-12.12,-12.12,-12.12,-11.85,-11.90,-11.98,-11.98,-11.76,-11.90,-12.12,-11.76,-11.98,-11.41,-11.76,-11.68,-11.55,-11.63,-11.63,-11.85,-11.55,-11.49,-11.49,-11.98,-11.85,-11.85,-11.76,-11.68,-11.49,-11.55,-11.41,-11.49,-11.41,-11.41,-10.65,-10.52,-10.44,-10.17,-9.90,-9.69,-9.08,-8.82,-8.61,-8.27,-8.48,-8.14,-8.35,-9.08,-9.48,-9.96,-10.65,-10.52,-11.19,-10.79,-10.17,-10.22,-9.00,-10.71,-11.14,-11.76,-11.49,-11.63,-11.68,-11.76,-11.63,-12.20,-11.90,-11.68,-11.76,-11.68,-11.98,-11.55,-11.76,-11.90,-11.85,-11.90,-11.85,-11.98,-11.90,-11.76,-11.98,-11.68,-11.90,-11.90,-11.63,-11.85,-12.20,-11.76,-11.68,-11.55,-11.76,-11.98,-12.04,-12.04,-11.90,-11.98,-12.26,-12.26,-11.98,-11.98,-12.20,-11.90,-11.76,-11.98,-11.85,-11.85,-11.98,-11.68,-12.12,-12.26,-11.90,-11.98,-12.12,-11.98,-12.12,-11.85,-12.04,-12.34,-11.90,-12.48,-12.04,-12.20,-12.04,-11.98,-12.04,-12.26,-12.20,-12.12,-12.12,-12.34,-12.26,-12.26,-12.04,-11.98,-11.85,-11.90,-12.39,-12.20,-12.34,-12.48,-12.39,-12.04,-12.12,-11.98,-12.26,-12.26,-12.26,-11.85,-11.63,-12.20,-12.26,-12.20,-12.04,-12.20,-11.98,-12.26,-12.12,-12.12,-12.26,-12.12,-11.76,-12.26,-12.20,-11.98,-12.56,-12.39,-12.04,-12.12,-12.39,-12.12,-12.04,-12.34,-12.39,-12.20,-12.26,-12.34,-11.90,-12.20,-12.04,-11.98,-12.70,-11.98,-12.04,-12.34,-12.20,-12.34,-12.39,-12.04,-12.48,-12.39,-12.20,-12.12,-12.20,-12.39,-12.20,-12.26,-12.20,-12.34,-12.26,-12.61,-12.34,-12.39,-11.98,-12.48,-11.90,-12.70,-12.48,-12.48,-12.48,-12.26,-12.78,-12.78,-12.39,-12.39,-12.34,-12.78,-12.34,-12.20,-12.61,-12.70,-12.61,-12.61,-12.78,-12.48,-12.83,-12.70
-12.92,-12.34,-12.70,-12.48,-12.78,-12.34,-12.48,-12.48,-12.34,-12.56,-12.39,-12.48,-12.34,-12.61,-12.48,-12.78,-12.39,-12.04,-12.04,-12.20,-12.56,-12.26,-12.34,-12.12,-12.26,-12.26,-11.98,-12.70,-12.39,-12.39,-12.56,-12.12,-12.34,-12.48,-12.12,-12.34,-12.04,-12.20,-12.20,-12.39,-12.48,-12.20,-11.98,-12.12,-12.26,-12.26,-12.39,-11.90,-12.04,-12.12,-12.12,-11.68,-12.34,-12.39,-12.04,-12.26,-11.76,-12.39,-12.12,-11.68,-12.12,-12.26,-12.34,-11.98,-11.76,-11.90,-12.34,-12.04,-12.34,-11.85,-12.12,-12.61,-12.26,-12.39,-12.12,-12.39,-12.04,-11.98,-12.20,-12.20,-12.20,-12.39,-12.04,-12.12,-12.26,-11.98,-12.26,-12.12,-12.20,-12.20,-12.04,-11.90,-12.04,-12.39,-12.39,-12.04,-11.98,-11.85,-11.98,-12.39,-12.12,-12.39,-12.56,-12.20,-12.34,-11.98,-12.34,-12.04,-12.04,-12.39,-12.34,-12.34,-12.04,-12.04,-12.04,-12.20,-12.04,-12.26,-11.85,-11.90,-12.04,-12.12,-12.12,-12.12,-12.04,-12.20,-12.12,-12.12,-12.34,-12.12,-12.26,-12.39,-11.85,-11.90,-12.04,-11.98,-11.90,-11.85,-12.20,-12.12,-12.04,-12.04,-12.04,-11.85,-11.85,-12.20,-12.04,-12.20,-12.20,-11.90,-12.04,-11.90,-12.26,-12.04,-11.90,-12.34,-11.90,-11.85,-11.68,-12.12,-12.04,-11.98,-12.04,-12.12,-11.98,-11.98,-11.76,-12.12,-11.76,-11.49,-11.85,-11.55,-12.04,-11.55,-11.55,-11.85,-11.55,-11.49,-11.63,-11.55,-11.55,-11.63,-11.55,-11.76,-11.63,-11.90,-11.36,-11.49,-11.14,-11.41,-11.19,-10.65,-10.71,-10.38,-10.17,-9.42,-9.42,-9.16,-8.95,-8.82,-9.08,-8.87,-9.00,-9.29,-9.69,-10.04,-10.09,-10.44,-10.57,-10.84,-10.22,-10.52,-10.04,-10.84,-10.92,-11.41,-11.55,-11.49,-11.63,-11.49,-11.55,-11.76,-11.85,-11.98,-11.63,-11.55,-11.85,-11.90,-11.68,-11.76,-11.68,-11.76,-11.76,-11.55,-11.68,-11.76,-11.90,-12.04,-11.76,-11.63,-11.68,-12.12,-11.76,-11.90,-11.85,-11.85,-11.98,-11.98,-11.98,-12.20,-12.20,-11.98,-12.12,-12.04,-12.04,-11.85,-11.76,-12.12,-12.20,-11.55,-11.85,-12.04,-12.12,-12.04,-12.26,-12.26,-12.26,-12.20,-11.98,-11.68,-12.20,-12.26,-11.98,-12.12,-12.04,-11.90,-12.20,-12.04,-12.20,-12.26,-12.26,-12.26,-12.04,-12.34,-12.20,-11.98,-11.76,-11.90,-12.04,-12.20,-12.26,-12.12,-12.20,-12.04,-12.04,-12.20,-11.90,-12.26,-12.34,-12.12,-12.26,-12.26,-12.20,-12.20,-12.20,-12.12,-12.20,-12.12,-11.98,-12.26,-12.12,-12.56,-12.20,-11.76,-12.39,-12.34,-12.48,-12.61,-12.39,-12.56,-12.04,-12.20,-12.26,-12.20,-12.12,-12.12,-12.34,-11.98,-12.26,-12.20,-12.48,-12.04,-12.34,-12.26,-12.26,-12.20,-12.26,-12.26,-12.39,-12.20,-12.12,-12.26,-12.12,-12.26,-12.48,-12.12,-12.70,-12.56,-12.20,-12.20,-12.26,-12.34,-12.12,-12.39,-12.04,-12.26,-12.56,-12.12,-12.34,-12.12,-12.34,-12.39,-12.39,-12.26,-12.39,-12.34,-12.39,-12.34,-12.26,-12.04,-12.39,-12.26,-12.34,-12.04,-12.48,-12.56,-12.61,-12.61,-12.61,-12.48,-12.78,-12.48
-12.26,-12.70,-12.70,-12.39,-12.92,-12.78,-12.20,-12.39,-12.26,-12.26,-12.39,-12.48,-12.61,-12.48,-12.78,-12.39,-11.85,-12.39,-12.39,-12.20,-12.39,-12.48,-12.20,-12.34,-11.98,-12.26,-12.12,-12.34,-12.48,-12.34,-12.34,-11.98,-12.70,-12.04,-12.26,-12.39,-12.34,-12.39,-12.34,-12.56,-12.26,-12.39,-12.26,-12.34,-12.20,-11.98,-12.39,-12.34,-12.12,-12.34,-11.98,-12.34,-12.04,-12.26,-12.48,-12.04,-12.34,-12.39,-12.26,-12.34,-12.20,-12.26,-12.04,-12.26,-12.12,-12.26,-12.26,-12.26,-12.20,-11.76,-12.04,-12.34,-11.98,-12.26,-12.04,-11.98,-12.04,-11.90,-11.85,-12.04,-11.98,-12.20,-12.26,-11.98,-12.39,-12.04,-12.12,-12.04,-12.34,-11.90,-11.63,-11.98,-12.39,-12.26,-12.20,-11.90,-11.90,-12.04,-12.26,-11.98,-12.20,-11.98,-11.98,-11.98,-11.90,-11.98,-12.26,-12.04,-12.26,-12.26,-11.90,-12.26,-11.85,-12.20,-12.20,-11.98,-12.12,-12.04,-12.04,-12.26,-11.85,-12.04,-12.04,-11.76,-12.20,-12.04,-11.90,-12.26,-12.12,-11.90,-11.63,-11.85,-11.98,-11.85,-12.12,-12.12,-11.85,-11.85,-11.98,-11.68,-11.98,-12.12,-11.76,-11.90,-11.68,-11.85,-12.20,-11.98,-11.90,-12.04,-12.12,-12.12,-12.04,-11.98,-11.85,-12.20,-11.76,-11.85,-12.12,-11.98,-11.85,-12.26,-11.90,-11.85,-12.04,-12.12,-11.98,-11.85,-11.55,-11.55,-11.85,-11.49,-11.55,-11.63,-11.55,-11.49,-11.68,-11.90,-11.68,-11.63,-11.68,-11.85,-12.04,-11.49,-11.36,-11.36,-11.55,-11.27,-11.00,-10.84,-10.92,-10.79,-10.71,-10.71,-10.17,-10.17,-9.77,-9.56,-9.35,-9.16,-9.00,-9.42,-9.35,-9.61,-9.77,-10.04,-10.52,-10.52,-10.44,-10.84,-10.38,-10.52,-9.96,-11.19,-11.27,-10.79,-11.41,-11.85,-11.85,-11.68,-11.55,-11.90,-12.20,-11.76,-11.76,-11.41,-11.68,-11.63,-11.63,-11.55,-11.55,-11.63,-11.90,-11.63,-11.98,-11.76,-11.85,-11.68,-11.90,-11.85,-11.68,-12.04,-11.90,-12.26,-11.98,-12.20,-11.68,-12.12,-12.26,-11.98,-12.12,-11.76,-12.26,-12.12,-12.04,-11.85,-11.90,-12.04,-11.98,-12.12,-12.20,-11.98,-12.04,-12.12,-11.90,-11.85,-11.98,-11.85,-12.20,-12.20,-12.26,-12.04,-12.04,-11.90,-12.04,-11.90,-12.12,-12.12,-11.90,-12.61,-12.34,-11.85,-12.12,-12.12,-11.98,-12.26,-12.20,-12.04,-11.98,-12.39,-12.39,-11.98,-12.20,-12.04,-12.26,-11.85,-11.98,-11.90,-12.20,-11.90,-12.04,-12.48,-12.12,-12.20,-12.34,-11.76,-12.48,-12.04,-12.04,-12.04,-12.04,-12.26,-11.76,-12.39,-12.39,-12.12,-12.20,-12.04,-12.26,-12.48,-12.20,-12.39,-12.56,-12.20,-12.20,-12.20,-11.98,-12.26,-12.20,-12.26,-12.34,-12.04,-12.20,-12.12,-12.20,-12.20,-12.12,-12.20,-12.12,-11.90,-12.48,-12.12,-12.12,-12.39,-12.48,-12.26,-12.26,-12.34,-12.26,-12.34,-12.34,-12.04,-12.12,-12.39,-12.34,-12.04,-12.04,-12.26,-12.34,-12.70,-12.61,-12.34,-12.39,-12.34,-12.20,-12.78,-12.48,-12.39,-12.26,-12.48,-12.39,-12.70,-12.78,-12.26,-12.83,-12.78,-12.83,-12.39,-12.70,-12.48,-12.12,-12.61
-12.83,-12.48,-12.26,-12.26,-12.56,-12.34,-12.39,-12.39,-12.39,-12.39,-12.61,-12.78,-12.26,-12.34,-12.39,-12.04,-12.20,-12.48,-12.20,-12.48,-12.56,-12.39,-12.26,-12.48,-12.26,-12.48,-12.26,-12.39,-12.04,-12.04,-11.90,-12.20,-12.39,-12.34,-12.56,-12.20,-12.26,-12.20,-12.12,-12.26,-12.20,-11.98,-11.98,-12.48,-12.04,-12.20,-12.34,-12.20,-12.39,-12.20,-11.90,-12.12,-12.20,-11.98,-12.34,-12.34,-12.04,-12.20,-12.26,-12.34,-12.26,-12.20,-12.12,-12.34,-11.76,-12.34,-12.12,-11.98,-11.98,-12.56,-12.12,-12.39,-12.48,-12.34,-11.90,-12.39,-12.04,-12.39,-12.26,-12.04,-12.12,-12.20,-12.34,-12.34,-12.20,-12.04,-12.34,-12.12,-12.04,-12.12,-11.98,-11.98,-11.98,-11.85,-12.12,-12.26,-12.12,-12.04,-11.98,-12.48,-12.61,-12.34,-12.12,-12.04,-12.20,-11.90,-12.04,-12.04,-12.04,-12.26,-12.04,-12.04,-11.98,-12.12,-12.04,-12.20,-12.20,-12.04,-12.34,-11.98,-11.85,-12.12,-12.34,-12.12,-12.34,-12.26,-12.20,-12.04,-12.34,-12.20,-12.20,-12.20,-12.04,-12.20,-12.34,-11.85,-12.20,-12.26,-11.68,-11.76,-11.98,-12.12,-12.04,-12.04,-12.12,-11.85,-12.04,-12.26,-12.12,-12.04,-12.34,-11.90,-11.98,-11.98,-12.04,-12.12,-12.04,-11.76,-12.12,-12.04,-11.90,-12.04,-12.04,-12.12,-12.12,-11.98,-12.12,-11.98,-11.68,-11.98,-11.55,-11.41,-11.63,-11.14,-11.55,-11.63,-11.49,-11.55,-11.55,-11.55,-11.49,-12.04,-11.49,-11.63,-11.14,-11.63,-11.27,-11.36,-11.19,-10.71,-10.84,-10.79,-10.52,-10.38,-10.52,-9.96,-10.09,-9.77,-9.77,-9.77,-9.56,-9.48,-9.69,-9.69,-10.44,-10.30,-10.52,-10.71,-10.65,-10.79,-9.90,-10.52,-9.82,-11.14,-11.55,-11.36,-11.63,-11.49,-11.85,-11.98,-11.98,-11.68,-11.63,-11.63,-11.85,-11.68,-11.90,-11.55,-11.85,-11.68,-11.68,-12.12,-11.98,-11.98,-11.63,-11.90,-11.49,-11.68,-11.55,-11.63,-11.36,-11.85,-11.98,-12.04,-11.63,-11.90,-12.04,-11.76,-11.68,-11.90,-12.04,-11.63,-11.85,-12.12,-11.98,-12.34,-12.12,-12.04,-12.12,-12.04,-12.12,-12.26,-12.12,-11.76,-11.98,-12.04,-11.68,-11.98,-12.39,-11.85,-11.85,-11.90,-11.98,-12.26,-11.85,-12.04,-11.98,-11.98,-12.12,-12.04,-11.90,-12.12,-12.04,-11.85,-12.20,-12.12,-11.85,-11.68,-12.04,-12.34,-12.12,-11.85,-12.12,-12.26,-12.04,-12.04,-12.39,-12.20,-12.20,-12.34,-12.26,-11.85,-12.20,-12.04,-12.26,-12.04,-12.20,-12.39,-12.12,-12.04,-11.90,-12.48,-12.12,-11.90,-12.20,-12.20,-12.26,-11.76,-12.04,-12.12,-12.26,-12.34,-12.26,-12.39,-11.98,-12.26,-12.39,-12.04,-12.20,-12.39,-12.04,-11.98,-12.39,-11.98,-12.20,-12.20,-12.34,-12.26,-12.26,-12.56,-12.34,-12.34,-12.34,-12.39,-11.85,-12.34,-12.26,-12.61,-12.56,-12.26,-12.61,-12.56,-11.98,-12.20,-12.12,-12.48,-12.26,-12.48,-12.34,-12.20,-12.34,-12.70,-12.61,-12.39,-12.39,-12.12,-12.39,-12.70,-12.48,-12.26,-12.83,-12.39,-12.20,-12.48,-12.78,-12.56,-12.70,-12.34,-12.39,-12.78,-12.48,-12.48
-12.34,-12.34,-12.56,-11.98,-12.56,-12.83,-12.39,-12.26,-12.83,-12.39,-12.78,-12.92,-12.34,-12.39,-12.61,-12.34,-12.56,-12.48,-12.26,-12.56,-12.48,-12.34,-12.04,-12.04,-12.04,-12.04,-12.48,-12.34,-12.26,-12.48,-11.98,-12.70,-12.39,-12.26,-12.26,-12.34,-12.26,-12.39,-12.34,-12.26,-11.98,-12.04,-12.34,-12.04,-12.04,-12.26,-12.48,-12.26,-11.98,-12.20,-12.26,-12.12,-12.48,-12.39,-12.12,-12.20,-12.26,-12.04,-12.04,-12.04,-11.85,-12.12,-12.26,-12.12,-11.68,-12.04,-12.39,-12.39,-12.39,-12.26,-12.20,-12.20,-12.34,-12.20,-12.20,-11.98,-12.20,-11.98,-12.12,-12.34,-12.39,-11.76,-11.76,-12.04,-12.34,-12.12,-11.76,-12.26,-12.39,-11.98,-12.04,-12.26,-11.90,-12.12,-12.26,-12.12,-11.98,-12.20,-12.20,-12.20,-12.26,-12.12,-11.90,-11.85,-11.98,-12.04,-12.12,-12.04,-11.98,-12.12,-11.90,-12.12,-12.04,-12.20,-12.20,-12.20,-12.04,-12.12,-12.20,-12.26,-12.12,-11.90,-11.98,-12.12,-12.04,-12.34,-11.90,-12.04,-11.98,-11.90,-12.12,-12.34,-12.20,-12.26,-12.39,-11.63,-11.85,-12.04,-12.34,-11.68,-12.20,-11.85,-12.04,-12.20,-12.26,-12.04,-11.76,-12.12,-11.55,-11.76,-11.98,-11.98,-12.12,-11.63,-11.98,-11.90,-12.48,-11.90,-12.04,-11.90,-11.90,-11.76,-11.85,-12.20,-12.12,-11.90,-11.63,-11.68,-11.41,-11.76,-11.36,-11.49,-11.85,-11.68,-11.90,-11.90,-11.90,-11.63,-11.68,-11.55,-11.76,-11.55,-11.63,-11.27,-11.41,-11.76,-11.41,-11.19,-11.41,-11.00,-11.14,-11.19,-10.79,-10.30,-10.44,-10.22,-10.22,-10.22,-10.09,-10.38,-9.96,-10.22,-10.22,-10.09,-10.52,-10.52,-10.57,-10.84,-10.92,-10.57,-10.44,-9.96,-10.30,-11.49,-11.49,-11.27,-11.76,-11.85,-11.55,-11.27,-11.90,-11.55,-11.41,-12.12,-11.68,-11.90,-11.98,-11.55,-12.04,-11.85,-11.76,-11.41,-11.90,-11.76,-11.90,-11.68,-11.76,-11.63,-11.55,-11.55,-11.63,-11.68,-11.90,-11.85,-11.68,-11.90,-11.85,-11.68,-11.55,-11.68,-11.90,-12.20,-11.98,-11.98,-11.90,-11.76,-12.26,-11.68,-12.04,-11.85,-11.76,-11.85,-11.90,-11.98,-11.76,-11.85,-11.85,-12.34,-11.90,-12.04,-11.90,-12.12,-12.39,-12.26,-11.85,-11.98,-11.76,-11.98,-12.34,-11.98,-12.12,-12.20,-12.34,-11.90,-12.20,-11.90,-12.04,-11.85,-11.68,-11.90,-12.20,-12.39,-12.12,-12.34,-12.04,-12.12,-12.04,-12.12,-11.85,-11.98,-12.04,-12.12,-12.20,-12.12,-12.12,-12.12,-11.98,-11.68,-12.26,-11.76,-12.12,-12.12,-12.26,-11.85,-12.20,-12.26,-12.26,-12.12,-12.12,-12.39,-12.70,-12.26,-11.85,-12.12,-12.20,-12.20,-12.20,-12.39,-12.20,-12.26,-12.20,-12.34,-12.12,-12.04,-12.26,-12.26,-11.76,-12.04,-12.20,-12.20,-12.20,-12.39,-12.12,-12.48,-12.12,-12.04,-12.34,-12.12,-12.20,-12.20,-12.39,-11.76,-12.48,-12.56,-12.20,-12.34,-12.61,-12.20,-12.48,-12.48,-11.98,-12.34,-12.39,-12.39,-12.39,-12.12,-12.48,-12.26,-12.20,-12.78,-12.83,-12.20,-12.12,-12.56,-12.34,-12.20,-12.48,-12.39,-12.26,-12.34,-12.70,-12.48
-12.48,-12.34,-12.78,-12.39,-12.34,-12.61,-12.39,-12.70,-12.56,-12.83,-12.39,-12.20,-12.39,-12.34,-12.39,-12.39,-12.39,-12.39,-12.48,-12.48,-12.20,-12.26,-12.26,-12.48,-11.98,-11.90,-12.12,-12.39,-12.48,-12.20,-12.26,-12.34,-12.12,-12.34,-12.12,-12.12,-12.12,-12.12,-12.48,-11.98,-12.39,-12.48,-12.26,-12.56,-11.98,-12.04,-12.04,-12.12,-12.26,-12.39,-12.04,-12.20,-11.85,-12.12,-12.12,-12.26,-12.34,-12.12,-12.04,-12.26,-12.34,-12.12,-12.34,-12.20,-11.76,-12.12,-12.39,-12.12,-12.04,-12.12,-12.34,-11.90,-12.20,-11.85,-12.12,-11.85,-11.98,-11.98,-12.20,-12.26,-11.90,-11.90,-12.12,-11.90,-11.98,-12.26,-11.98,-12.26,-12.12,-12.12,-12.04,-12.12,-12.20,-12.20,-11.90,-11.76,-12.04,-12.20,-12.12,-12.12,-12.12,-12.12,-12.12,-11.90,-12.12,-11.90,-11.98,-11.98,-12.48,-11.90,-11.98,-12.04,-11.90,-11.76,-12.04,-12.26,-11.85,-12.12,-12.20,-11.85,-11.98,-11.68,-11.90,-12.04,-12.20,-12.26,-11.85,-12.26,-11.98,-11.76,-12.26,-11.76,-12.12,-12.20,-12.26,-11.98,-11.98,-12.04,-11.90,-12.12,-12.39,-11.98,-12.12,-11.90,-11.76,-11.98,-11.76,-12.04,-11.98,-12.04,-11.76,-12.20,-11.90,-12.04,-12.12,-11.85,-11.85,-11.68,-11.68,-11.90,-11.85,-11.85,-11.85,-12.04,-11.85,-11.90,-12.04,-11.63,-11.76,-11.41,-11.63,-11.41,-11.55,-11.55,-11.85,-11.76,-11.68,-11.49,-11.63,-11.49,-11.68,-11.68,-11.36,-11.98,-11.63,-11.49,-11.00,-11.55,-11.49,-11.36,-10.79,-10.84,-10.79,-10.84,-10.92,-10.30,-10.09,-10.22,-10.22,-9.96,-10.04,-10.22,-10.22,-10.52,-10.22,-10.71,-10.71,-10.79,-11.00,-11.14,-10.44,-10.17,-8.74,-10.84,-11.19,-11.41,-11.63,-11.36,-11.55,-11.27,-11.36,-11.41,-11.90,-11.36,-11.55,-11.63,-11.76,-11.63,-11.85,-11.76,-11.63,-11.90,-11.98,-11.76,-11.41,-11.68,-11.76,-11.76,-11.36,-11.76,-11.36,-11.27,-11.76,-11.90,-11.85,-11.76,-11.68,-11.85,-11.49,-11.68,-11.85,-11.90,-11.85,-12.34,-11.68,-12.20,-11.90,-11.85,-11.98,-11.98,-11.68,-12.12,-11.98,-12.04,-12.12,-11.63,-12.20,-11.98,-11.90,-11.85,-12.12,-11.76,-11.68,-11.90,-11.90,-12.26,-12.12,-11.90,-11.76,-11.98,-12.34,-11.85,-12.34,-12.12,-11.76,-12.12,-12.04,-12.20,-12.20,-11.90,-11.98,-11.85,-12.04,-12.26,-11.98,-12.12,-11.68,-12.12,-12.20,-11.98,-12.04,-11.98,-11.85,-12.20,-12.20,-12.12,-12.04,-11.90,-12.26,-12.26,-12.04,-11.85,-12.04,-12.20,-11.90,-12.12,-12.12,-12.20,-11.90,-11.85,-12.12,-12.48,-12.04,-12.20,-12.20,-12.34,-12.26,-12.20,-12.20,-12.04,-12.26,-11.85,-12.12,-12.20,-12.20,-12.39,-12.12,-12.48,-12.34,-12.12,-12.26,-12.20,-12.12,-12.26,-12.20,-12.78,-11.98,-12.56,-12.39,-12.04,-12.56,-12.70,-12.39,-12.26,-12.61,-12.48,-12.12,-12.34,-12.20,-12.34,-12.26,-12.39,-12.56,-12.70,-12.39,-12.34,-12.70,-12.39,-12.39,-12.70,-12.20,-12.39,-12.12,-12.12,-12.70,-12.26,-12.61,-12.56,-12.48,-12.61,-12.61,-12.61
-12.56,-12.83,-12.83,-12.48,-12.61,-12.39,-12.39,-12.48,-12.39,-12.39,-12.48,-12.48,-12.56,-12.78,-12.61,-12.20,-12.34,-12.48,-12.12,-11.98,-12.56,-12.26,-12.39,-12.04,-12.26,-12.39,-12.26,-12.12,-12.20,-12.20,-12.26,-12.12,-12.04,-12.04,-12.34,-12.34,-12.48,-12.34,-12.04,-12.61,-12.12,-12.12,-12.04,-11.85,-12.26,-12.04,-12.12,-12.39,-12.48,-12.04,-12.12,-11.98,-11.68,-11.90,-12.20,-12.48,-12.12,-11.98,-11.90,-12.26,-12.12,-12.12,-12.12,-12.34,-11.98,-12.26,-12.20,-11.90,-12.04,-11.98,-12.20,-12.26,-11.98,-12.34,-11.98,-12.56,-11.85,-12.34,-11.90,-12.20,-12.12,-11.90,-12.20,-11.98,-11.90,-12.04,-12.20,-12.12,-12.26,-12.04,-12.12,-11.98,-11.90,-12.20,-11.98,-12.04,-11.76,-11.85,-12.12,-12.34,-11.85,-12.04,-12.20,-12.48,-11.85,-12.12,-12.48,-12.04,-12.04,-12.20,-12.20,-12.04,-12.04,-11.85,-12.12,-12.12,-12.20,-12.26,-12.04,-12.20,-12.04,-12.20,-11.76,-11.68,-11.85,-12.20,-12.12,-11.98,-12.34,-12.04,-11.98,-11.85,-12.20,-12.04,-11.98,-12.26,-11.90,-12.04,-12.34,-12.04,-12.12,-11.90,-11.90,-12.34,-11.90,-12.20,-12.12,-12.04,-11.85,-11.76,-11.98,-11.98,-11.76,-12.04,-12.04,-12.04,-11.85,-11.55,-12.12,-12.12,-11.90,-11.90,-11.90,-12.04,-11.76,-11.90,-11.68,-11.76,-11.41,-11.41,-11.68,-11.68,-11.63,-11.63,-11.85,-11.55,-11.41,-11.63,-11.63,-11.49,-11.85,-11.68,-11.49,-11.36,-11.49,-11.55,-11.41,-11.36,-11.36,-11.06,-11.14,-11.06,-11.19,-10.84,-10.57,-10.57,-10.84,-10.71,-10.71,-10.52,-10.57,-10.38,-10.30,-10.57,-10.57,-10.71,-11.14,-10.79,-11.00,-10.92,-10.57,-10.92,-10.09,-10.92,-11.27,-11.49,-11.68,-11.27,-11.55,-11.55,-11.98,-11.85,-11.49,-11.55,-11.55,-11.27,-11.06,-11.63,-11.49,-12.12,-11.98,-11.68,-11.90,-11.90,-11.68,-11.90,-11.41,-11.41,-11.49,-11.63,-11.19,-11.68,-11.76,-11.49,-11.68,-11.68,-11.76,-11.85,-11.63,-11.68,-11.63,-11.98,-11.76,-12.04,-11.90,-11.76,-12.04,-11.98,-12.12,-11.98,-11.90,-11.85,-11.85,-11.98,-11.90,-11.85,-12.12,-12.04,-11.90,-12.12,-12.12,-11.98,-11.90,-12.04,-11.98,-12.48,-11.90,-12.34,-11.85,-12.12,-11.90,-12.12,-12.04,-12.04,-12.20,-11.90,-11.98,-11.98,-12.04,-11.98,-12.12,-12.26,-11.98,-12.26,-11.76,-11.90,-12.20,-11.76,-11.85,-12.20,-12.04,-12.34,-11.90,-12.26,-12.20,-11.68,-11.90,-11.98,-12.26,-12.12,-12.20,-12.34,-11.76,-11.90,-12.20,-12.26,-12.34,-11.85,-11.98,-12.26,-12.34,-12.20,-12.20,-12.26,-11.90,-12.20,-12.12,-12.12,-11.98,-12.34,-12.04,-12.12,-12.12,-12.56,-11.76,-12.26,-11.98,-12.04,-11.98,-12.20,-12.20,-12.12,-12.04,-12.20,-12.26,-12.20,-12.20,-12.34,-12.34,-12.20,-12.12,-12.26,-11.98,-12.26,-12.34,-12.39,-12.20,-12.26,-12.26,-12.26,-12.26,-12.26,-12.48,-12.20,-12.20,-12.20,-12.26,-12.48,-12.56,-12.34,-12.39,-12.26,-12.34,-12.56,-12.56,-12.70,-12.34,-12.61,-12.39,-12.70,-12.34,-12.83
-12.39,-12.56,-12.61,-12.39,-12.56,-12.92,-12.48,-12.34,-12.56,-12.26,-12.34,-12.26,-12.34,-12.56,-12.56,-12.61,-12.70,-12.20,-12.61,-12.56,-12.56,-12.61,-12.26,-12.39,-12.56,-12.48,-12.48,-12.12,-12.20,-12.12,-12.12,-12.26,-12.39,-12.34,-12.12,-12.34,-12.12,-12.04,-12.04,-12.34,-12.12,-12.04,-12.12,-12.20,-12.12,-12.20,-12.61,-12.26,-12.34,-12.20,-12.12,-12.12,-12.48,-11.98,-12.04,-12.26,-12.20,-12.26,-12.04,-12.20,-12.39,-12.20,-11.85,-12.20,-11.85,-12.04,-12.26,-11.98,-12.48,-12.04,-12.04,-12.26,-12.39,-11.98,-12.12,-12.12,-11.98,-12.34,-12.26,-11.85,-12.04,-12.34,-12.20,-11.90,-11.68,-12.48,-11.90,-12.34,-11.98,-12.20,-12.26,-12.12,-12.26,-12.12,-12.26,-12.48,-11.98,-12.48,-12.04,-11.90,-12.34,-12.26,-11.90,-12.20,-12.12,-12.34,-11.98,-12.12,-11.85,-11.85,-11.98,-11.90,-11.90,-12.12,-12.04,-12.20,-12.04,-11.68,-11.76,-11.90,-11.85,-12.20,-11.90,-12.04,-12.04,-12.20,-12.12,-12.12,-11.90,-12.26,-12.12,-12.26,-12.04,-11.68,-12.12,-11.90,-11.90,-12.12,-12.34,-12.04,-11.63,-12.04,-12.04,-11.98,-11.85,-12.04,-11.85,-12.26,-11.98,-11.85,-11.68,-11.98,-11.98,-11.85,-11.85,-12.26,-11.76,-12.12,-11.90,-12.20,-11.85,-12.12,-11.85,-12.20,-12.20,-11.68,-11.76,-11.76,-11.49,-11.76,-11.68,-11.63,-11.49,-11.90,-11.49,-11.76,-11.63,-11.76,-11.41,-11.55,-11.85,-11.68,-11.55,-11.85,-11.55,-11.55,-11.14,-11.55,-11.41,-10.84,-11.19,-11.00,-11.00,-11.00,-10.92,-11.00,-10.79,-10.92,-10.71,-10.57,-10.84,-10.84,-10.57,-10.44,-10.71,-10.84,-10.84,-11.00,-11.19,-10.92,-10.52,-10.65,-10.52,-10.44,-11.14,-11.36,-11.68,-11.55,-10.79,-10.92,-11.36,-11.49,-11.90,-11.36,-11.41,-11.68,-11.76,-11.63,-11.55,-11.55,-11.85,-11.76,-11.76,-11.63,-11.63,-11.76,-12.04,-11.63,-11.68,-11.68,-11.06,-11.36,-11.41,-11.68,-12.04,-11.76,-11.98,-11.90,-11.90,-11.85,-11.90,-11.98,-11.55,-11.68,-11.85,-11.76,-11.85,-11.85,-11.98,-12.04,-11.98,-11.90,-12.04,-11.90,-12.26,-12.26,-11.63,-12.04,-12.34,-12.04,-12.20,-12.20,-11.90,-12.20,-12.20,-12.20,-12.20,-12.34,-11.76,-11.98,-12.20,-12.34,-11.90,-12.20,-12.04,-11.85,-12.20,-12.39,-12.12,-12.39,-11.98,-12.04,-12.12,-11.98,-12.20,-11.90,-11.90,-11.98,-12.12,-12.34,-12.20,-12.04,-11.76,-11.76,-12.20,-11.98,-12.34,-12.20,-12.20,-12.39,-12.20,-12.48,-12.20,-12.20,-12.26,-12.20,-11.85,-12.20,-12.20,-11.98,-11.98,-12.26,-11.98,-12.04,-12.20,-12.26,-11.98,-11.68,-12.26,-12.26,-12.12,-12.26,-12.34,-12.04,-12.20,-12.12,-12.04,-12.04,-11.98,-12.12,-11.98,-12.20,-12.39,-12.12,-12.34,-12.39,-12.20,-12.26,-12.04,-12.56,-12.34,-12.20,-12.56,-12.12,-12.20,-12.20,-12.20,-12.39,-12.12,-12.56,-12.56,-12.34,-12.70,-12.78,-12.34,-12.61,-12.26,-12.39,-12.34,-12.34,-12.48,-12.39,-12.61,-12.34,-12.48,-12.39,-12.39,-12.56,-12.34,-12.70,-12.48,-12.34
-12.39,-12.48,-12.83,-12.56,-12.70,-12.39,-12.56,-12.34,-12.56,-12.34,-12.48,-12.56,-12.39,-12.12,-12.34,-12.83,-12.61,-12.12,-12.34,-12.48,-12.04,-12.61,-12.39,-12.34,-12.26,-12.34,-11.85,-12.56,-12.20,-12.26,-11.98,-12.70,-12.39,-12.26,-11.98,-12.34,-12.48,-12.04,-12.12,-11.85,-12.26,-12.26,-12.34,-12.48,-12.12,-12.12,-12.26,-12.26,-12.12,-11.90,-12.12,-12.12,-12.12,-11.98,-12.04,-11.98,-12.26,-11.76,-12.34,-12.20,-11.98,-12.20,-12.34,-12.20,-11.98,-12.20,-12.26,-12.20,-12.12,-11.90,-12.48,-12.04,-12.34,-12.12,-12.20,-11.85,-12.26,-12.20,-12.04,-11.98,-12.48,-12.12,-11.98,-11.90,-12.48,-12.04,-12.26,-11.98,-11.85,-11.85,-11.90,-12.04,-12.26,-12.12,-12.12,-12.20,-11.90,-12.04,-11.85,-12.26,-11.90,-12.04,-11.98,-11.90,-12.04,-11.85,-12.12,-12.20,-12.04,-11.76,-12.12,-11.98,-12.04,-11.90,-11.85,-11.85,-12.04,-12.34,-12.04,-12.39,-11.90,-12.34,-12.20,-11.76,-11.98,-11.90,-11.98,-11.85,-12.20,-11.98,-12.26,-11.98,-12.26,-12.04,-11.90,-11.76,-11.85,-12.39,-11.98,-12.34,-12.20,-11.85,-11.90,-11.85,-12.12,-12.12,-11.85,-12.12,-12.20,-11.85,-12.26,-12.34,-11.85,-11.76,-12.12,-11.98,-11.90,-12.26,-11.63,-11.98,-12.26,-12.26,-11.90,-11.68,-11.90,-11.90,-11.85,-11.68,-11.68,-11.27,-11.36,-11.55,-11.63,-11.68,-11.85,-11.55,-11.49,-11.49,-11.55,-11.63,-11.63,-12.12,-11.49,-11.41,-11.63,-11.55,-11.55,-11.41,-11.06,-11.14,-10.79,-11.00,-11.06,-10.71,-11.14,-11.00,-11.06,-10.92,-10.79,-10.92,-10.84,-10.71,-10.92,-11.00,-10.92,-10.84,-11.00,-11.00,-11.19,-11.14,-10.79,-11.00,-10.79,-10.92,-10.22,-11.27,-11.76,-11.36,-11.27,-11.14,-11.68,-11.68,-11.90,-11.63,-11.36,-11.27,-11.55,-11.63,-11.41,-11.76,-11.90,-11.76,-11.85,-11.90,-12.12,-11.98,-11.85,-11.98,-11.85,-11.76,-11.55,-11.85,-11.41,-11.63,-11.85,-11.85,-11.85,-11.98,-12.26,-11.76,-11.98,-11.68,-11.85,-11.98,-11.90,-11.98,-11.85,-12.04,-11.98,-11.98,-11.85,-11.98,-12.12,-12.12,-11.76,-11.98,-11.85,-12.12,-12.20,-11.90,-12.26,-12.26,-12.26,-11.98,-12.12,-11.98,-12.04,-11.98,-12.12,-12.26,-12.26,-11.90,-11.76,-12.04,-12.20,-12.26,-12.26,-12.34,-11.76,-12.12,-12.26,-11.76,-12.04,-11.98,-11.90,-11.85,-11.98,-12.39,-12.12,-12.04,-12.12,-11.98,-12.26,-12.12,-12.26,-11.85,-11.90,-12.12,-12.61,-12.20,-12.34,-12.39,-12.34,-12.04,-12.61,-12.20,-12.39,-12.20,-12.04,-12.12,-12.26,-12.20,-12.34,-12.12,-12.12,-11.98,-12.04,-11.98,-12.04,-12.20,-12.26,-12.12,-12.39,-12.26,-11.90,-11.98,-12.48,-12.26,-12.12,-11.90,-12.12,-12.04,-12.12,-12.26,-12.34,-12.34,-11.98,-12.34,-12.39,-12.12,-12.20,-12.20,-12.34,-12.48,-12.20,-12.20,-12.39,-12.20,-12.26,-12.20,-12.39,-12.26,-12.26,-12.20,-12.48,-12.34,-12.26,-12.26,-12.26,-12.39,-12.39,-12.12,-12.34,-12.20,-12.39,-12.56,-12.26,-12.39,-12.39,-12.34,-12.70,-12.92
-12.78,-12.70,-12.20,-12.78,-12.26,-12.34,-12.61,-12.48,-12.39,-12.78,-12.70,-12.61,-12.48,-12.20,-12.26,-12.70,-12.48,-12.04,-12.48,-12.39,-12.48,-12.48,-12.61,-12.26,-12.39,-12.26,-12.26,-12.48,-12.39,-11.98,-12.39,-12.12,-12.26,-12.26,-12.04,-12.12,-12.48,-12.04,-12.12,-12.04,-12.39,-12.39,-12.12,-12.04,-12.20,-12.39,-12.04,-11.98,-11.98,-12.26,-12.12,-12.20,-12.20,-12.26,-11.90,-12.34,-12.04,-12.04,-12.56,-12.12,-11.85,-12.04,-11.85,-12.20,-11.85,-12.34,-12.39,-12.34,-11.90,-12.04,-11.98,-11.98,-12.34,-11.90,-11.85,-12.12,-12.04,-12.34,-12.12,-12.12,-11.90,-12.48,-12.34,-11.98,-12.04,-12.39,-12.12,-12.39,-12.39,-12.61,-12.48,-11.85,-12.12,-12.48,-12.20,-12.20,-12.20,-12.04,-12.20,-12.20,-11.90,-11.90,-12.26,-11.76,-11.98,-12.12,-12.20,-12.20,-11.98,-12.34,-11.85,-11.55,-11.90,-11.98,-11.98,-12.04,-12.20,-12.04,-11.98,-12.04,-12.04,-12.20,-12.04,-11.76,-12.12,-12.26,-11.85,-12.12,-12.04,-11.98,-11.85,-12.26,-11.85,-12.12,-12.26,-11.98,-12.26,-11.90,-12.20,-12.04,-12.12,-11.98,-12.20,-11.98,-11.98,-11.98,-12.34,-12.12,-11.98,-12.20,-11.90,-11.98,-11.98,-11.68,-12.12,-11.98,-11.76,-11.76,-12.12,-11.90,-12.04,-12.12,-11.55,-12.12,-12.04,-12.20,-11.63,-11.98,-11.85,-11.63,-11.49,-11.55,-11.55,-11.63,-11.55,-11.41,-11.55,-11.55,-11.63,-11.76,-11.55,-11.41,-11.55,-11.55,-11.63,-11.36,-11.41,-11.49,-10.92,-11.14,-11.19,-10.71,-11.06,-11.36,-10.92,-10.57,-11.00,-10.65,-11.06,-10.92,-10.92,-10.84,-11.49,-10.84,-11.14,-10.92,-11.00,-11.00,-11.00,-11.19,-11.36,-11.00,-11.06,-11.19,-11.19,-10.22,-11.55,-11.49,-11.68,-11.36,-11.49,-11.68,-11.68,-11.63,-11.27,-11.27,-11.14,-10.92,-11.68,-11.68,-12.12,-11.90,-12.04,-11.76,-11.68,-11.90,-11.49,-11.98,-11.90,-11.90,-11.90,-11.85,-11.68,-11.49,-11.41,-11.55,-11.76,-11.90,-11.85,-11.98,-11.90,-11.98,-11.76,-11.41,-11.90,-11.55,-12.04,-12.12,-11.98,-11.90,-11.68,-11.90,-11.98,-12.12,-12.04,-11.98,-11.85,-11.98,-12.20,-11.90,-11.98,-11.85,-11.98,-11.85,-11.90,-12.61,-11.90,-11.90,-12.26,-12.12,-12.20,-12.12,-11.90,-11.68,-11.90,-12.12,-12.04,-11.85,-12.12,-12.12,-12.26,-12.04,-11.76,-12.12,-12.20,-12.26,-11.90,-12.34,-11.98,-12.26,-12.34,-12.12,-12.39,-12.04,-12.04,-12.04,-12.04,-12.20,-12.12,-12.20,-12.20,-12.26,-11.85,-12.39,-12.34,-12.39,-12.04,-12.26,-12.12,-11.85,-12.26,-12.34,-12.61,-12.34,-12.20,-12.12,-11.90,-12.20,-12.34,-12.12,-12.20,-12.26,-12.34,-12.20,-12.26,-12.20,-12.04,-12.12,-12.56,-12.61,-12.20,-12.04,-12.39,-11.98,-12.20,-12.20,-12.48,-12.12,-12.39,-12.26,-12.26,-12.26,-12.04,-12.26,-12.04,-12.26,-12.34,-12.26,-12.70,-12.39,-12.70,-12.20,-12.34,-12.39,-12.20,-11.90,-12.34,-12.39,-12.39,-12.20,-12.12,-12.48,-12.39,-12.34,-12.61,-12.26,-12.61,-12.78,-12.26,-12.39,-12.56,-12.39
-12.39,-12.70,-12.61,-12.39,-12.83,-12.26,-12.56,-11.98,-12.48,-12.20,-12.26,-12.39,-12.39,-12.34,-12.34,-12.20,-12.12,-12.34,-12.56,-12.34,-12.20,-11.90,-12.26,-12.04,-12.34,-12.26,-12.56,-12.26,-12.34,-12.12,-12.20,-12.04,-11.90,-12.48,-12.12,-12.20,-12.04,-12.12,-12.12,-12.04,-12.34,-12.34,-12.26,-12.12,-12.34,-12.20,-12.12,-12.04,-12.12,-12.04,-12.26,-12.04,-12.04,-12.26,-12.48,-11.85,-12.04,-11.98,-11.98,-12.26,-11.76,-12.26,-12.26,-11.98,-11.90,-11.90,-11.85,-11.98,-11.85,-12.12,-12.12,-12.26,-11.98,-12.12,-12.20,-12.34,-11.76,-12.04,-12.04,-12.12,-11.63,-12.26,-12.12,-12.26,-11.90,-12.12,-12.04,-12.20,-12.39,-12.12,-12.20,-11.76,-12.12,-11.90,-12.04,-12.12,-12.20,-12.04,-12.48,-12.04,-12.39,-12.20,-11.90,-12.48,-12.04,-12.12,-12.12,-12.12,-11.98,-12.26,-12.34,-12.12,-12.20,-12.04,-12.12,-12.20,-12.34,-11.90,-11.98,-12.04,-11.85,-12.04,-12.12,-11.85,-12.12,-11.90,-12.04,-11.98,-11.98,-12.26,-12.20,-11.90,-11.85,-12.12,-12.20,-12.20,-12.04,-11.90,-12.04,-12.34,-12.12,-11.98,-12.26,-12.04,-11.76,-11.76,-11.98,-12.04,-11.90,-11.90,-11.85,-11.98,-12.12,-11.85,-11.98,-12.34,-12.26,-12.20,-12.26,-12.20,-12.04,-11.63,-12.04,-11.90,-11.98,-12.12,-11.85,-11.68,-11.98,-11.41,-11.55,-11.41,-11.55,-11.90,-11.55,-11.55,-11.63,-11.68,-11.55,-11.68,-11.41,-11.68,-11.63,-11.49,-11.55,-11.27,-11.55,-11.49,-11.19,-11.27,-11.19,-11.27,-11.49,-10.92,-11.27,-11.19,-11.41,-10.84,-11.19,-11.06,-11.06,-11.36,-11.27,-10.92,-10.84,-10.84,-11.36,-11.14,-10.92,-11.00,-11.00,-11.27,-11.14,-11.55,-11.27,-10.22,-10.38,-11.19,-11.55,-11.68,-11.41,-11.49,-11.49,-11.85,-11.49,-11.76,-11.49,-11.06,-11.36,-11.49,-11.63,-11.68,-11.98,-12.12,-12.20,-12.04,-11.76,-12.12,-11.98,-11.90,-12.04,-12.12,-11.76,-11.90,-11.68,-11.27,-11.27,-11.55,-11.76,-11.85,-12.04,-12.04,-11.68,-12.04,-11.85,-11.68,-11.68,-11.68,-11.85,-11.68,-12.04,-11.90,-12.04,-11.76,-12.12,-11.76,-11.68,-12.04,-11.98,-11.98,-11.98,-12.26,-12.04,-12.26,-12.12,-11.55,-11.90,-11.63,-11.68,-12.26,-12.20,-12.20,-11.85,-11.68,-11.76,-12.34,-11.90,-11.90,-12.04,-12.04,-11.85,-12.12,-12.12,-12.20,-12.20,-12.26,-12.12,-12.34,-11.85,-12.04,-12.12,-12.04,-12.20,-12.12,-12.48,-12.26,-12.26,-12.12,-12.12,-12.26,-12.20,-12.39,-12.26,-12.12,-12.39,-12.12,-11.98,-12.20,-12.12,-12.20,-12.12,-12.34,-11.98,-11.85,-12.12,-12.12,-12.39,-11.85,-12.39,-12.20,-12.20,-12.12,-12.34,-12.20,-11.98,-12.20,-12.12,-12.12,-12.04,-12.26,-11.85,-12.34,-12.39,-11.90,-12.12,-12.12,-12.34,-12.20,-12.26,-12.39,-12.39,-12.26,-12.34,-12.34,-12.20,-12.04,-12.20,-11.98,-12.26,-12.26,-12.20,-12.26,-12.34,-12.48,-12.56,-12.39,-12.12,-12.20,-12.34,-12.61,-12.12,-12.26,-12.26,-12.34,-12.39,-12.04,-12.34,-12.56,-12.56,-12.78,-12.56,-12.34
-12.56,-12.70,-12.56,-12.56,-12.48,-12.26,-12.92,-12.48,-12.56,-12.56,-12.20,-12.61,-12.26,-12.39,-12.56,-12.34,-12.70,-12.34,-12.48,-12.48,-12.39,-12.48,-12.34,-12.26,-11.90,-12.26,-12.39,-12.26,-12.48,-12.70,-11.98,-12.12,-12.12,-12.34,-12.26,-12.20,-12.34,-12.12,-12.20,-12.39,-12.20,-12.12,-12.04,-11.98,-12.26,-11.90,-12.12,-11.98,-12.20,-12.56,-11.98,-12.26,-12.12,-12.20,-12.12,-12.34,-12.34,-11.90,-12.04,-11.68,-12.12,-11.90,-11.98,-12.20,-12.34,-11.85,-12.20,-12.26,-12.39,-12.20,-11.98,-12.26,-11.90,-11.90,-11.90,-12.20,-11.90,-12.04,-11.76,-11.85,-12.12,-12.39,-11.90,-11.98,-12.56,-12.34,-11.85,-11.90,-12.04,-12.34,-12.04,-12.04,-12.20,-12.04,-11.76,-12.12,-12.39,-11.90,-11.90,-12.12,-12.26,-12.20,-11.76,-12.12,-12.12,-12.34,-11.98,-11.76,-12.12,-12.26,-11.90,-11.68,-11.85,-12.12,-12.20,-12.20,-11.98,-11.76,-11.98,-12.04,-12.04,-11.76,-12.04,-12.34,-11.90,-12.04,-11.98,-11.76,-11.85,-11.85,-11.85,-12.26,-11.98,-12.20,-12.26,-11.90,-12.26,-11.90,-12.20,-12.34,-11.98,-11.98,-12.26,-11.98,-11.90,-11.85,-11.85,-11.85,-12.20,-12.26,-12.12,-12.20,-12.12,-11.68,-11.85,-12.12,-12.12,-12.04,-12.26,-12.04,-12.04,-11.68,-11.85,-12.04,-12.26,-12.34,-11.90,-12.04,-11.63,-11.55,-11.76,-11.55,-11.55,-11.68,-11.68,-11.76,-11.49,-11.63,-11.55,-11.49,-11.41,-12.12,-11.63,-11.49,-11.68,-11.63,-11.27,-11.41,-11.41,-11.41,-11.27,-11.36,-11.36,-11.14,-11.27,-11.27,-11.06,-11.14,-10.92,-11.36,-11.00,-11.27,-11.00,-11.36,-11.14,-11.27,-11.41,-11.36,-11.00,-11.36,-10.92,-11.14,-11.19,-11.36,-11.68,-11.49,-10.71,-10.84,-11.41,-11.85,-11.85,-11.14,-11.49,-11.41,-11.68,-11.68,-11.98,-11.68,-11.14,-10.44,-11.49,-11.76,-11.85,-11.98,-11.90,-11.76,-11.68,-12.04,-12.04,-11.85,-11.90,-12.04,-11.76,-11.76,-11.68,-11.68,-11.85,-11.36,-11.27,-11.76,-11.76,-11.98,-11.90,-11.98,-12.04,-11.68,-11.68,-11.90,-11.98,-11.55,-11.55,-11.36,-11.68,-12.12,-11.90,-11.68,-11.98,-11.90,-12.04,-12.04,-12.34,-12.12,-12.12,-11.76,-11.90,-12.56,-12.20,-11.90,-12.20,-11.90,-12.26,-11.76,-11.76,-12.26,-11.85,-12.20,-12.20,-12.20,-11.98,-11.98,-11.85,-12.12,-11.90,-12.12,-11.98,-12.12,-12.12,-12.04,-11.98,-12.20,-12.12,-12.20,-11.90,-12.26,-12.12,-11.90,-12.34,-12.26,-12.26,-11.90,-12.26,-12.12,-12.26,-12.20,-12.39,-12.04,-12.04,-12.20,-12.48,-11.90,-12.26,-12.34,-12.20,-12.12,-12.04,-12.12,-12.34,-12.39,-11.68,-12.20,-12.04,-12.12,-12.04,-12.20,-12.34,-12.20,-12.26,-12.12,-12.26,-12.26,-12.12,-12.34,-12.04,-12.56,-12.20,-11.90,-12.39,-12.26,-12.26,-12.56,-12.12,-12.39,-12.26,-12.12,-12.26,-12.39,-12.56,-12.70,-12.20,-12.12,-12.20,-12.20,-12.20,-12.56,-12.61,-12.48,-12.56,-12.56,-12.70,-12.61,-12.04,-12.48,-12.48,-12.34,-12.56,-12.39,-12.78,-12.70,-12.70,-12.39,-12.56,-12.26
-12.83,-12.48,-12.26,-12.48,-12.56,-12.34,-12.39,-12.56,-12.04,-12.56,-12.26,-12.78,-12.34,-12.48,-12.78,-12.39,-12.12,-12.34,-12.12,-12.26,-12.34,-12.26,-12.26,-12.04,-12.26,-12.39,-12.26,-12.34,-12.26,-12.12,-12.48,-12.48,-12.12,-12.12,-12.34,-12.12,-12.12,-11.98,-12.04,-12.48,-12.12,-12.20,-11.98,-12.39,-12.20,-12.12,-12.04,-12.26,-11.98,-11.63,-12.48,-12.20,-11.90,-12.12,-12.20,-11.90,-11.98,-12.20,-12.12,-12.04,-12.20,-12.20,-12.26,-11.90,-12.39,-11.90,-11.98,-11.98,-12.26,-11.90,-11.98,-11.85,-12.12,-12.12,-11.98,-11.76,-12.26,-11.90,-12.04,-11.90,-12.04,-11.68,-12.20,-12.20,-12.04,-12.20,-12.39,-12.34,-11.90,-12.20,-12.04,-11.90,-12.20,-12.20,-12.04,-11.90,-12.04,-11.90,-12.12,-11.98,-12.12,-12.20,-11.85,-11.98,-11.98,-12.04,-12.34,-12.20,-12.04,-12.04,-12.12,-11.90,-11.41,-11.98,-11.98,-12.20,-11.90,-11.90,-11.68,-12.12,-12.12,-12.12,-11.98,-11.63,-11.90,-12.12,-12.04,-12.04,-11.98,-12.39,-12.39,-11.90,-11.76,-11.63,-11.98,-11.85,-12.04,-11.98,-11.90,-11.98,-12.12,-11.98,-11.76,-11.90,-12.12,-11.63,-11.98,-11.68,-11.90,-11.98,-11.90,-11.98,-11.85,-11.90,-12.20,-11.90,-11.85,-12.39,-12.12,-11.76,-12.12,-11.76,-11.85,-12.20,-12.20,-11.76,-11.68,-11.85,-11.41,-11.06,-11.19,-11.55,-11.55,-11.63,-11.55,-11.85,-11.49,-11.68,-11.49,-11.41,-11.55,-11.55,-11.41,-11.85,-11.55,-11.27,-11.76,-11.41,-11.49,-11.27,-11.14,-11.49,-11.27,-11.06,-11.36,-11.00,-10.92,-11.19,-10.92,-10.71,-11.19,-11.36,-11.06,-10.79,-10.79,-11.36,-11.49,-11.19,-11.27,-11.41,-11.00,-11.06,-10.65,-11.36,-11.68,-11.49,-10.57,-11.36,-11.06,-11.36,-11.63,-11.55,-11.41,-11.19,-11.49,-11.55,-11.90,-11.90,-11.36,-11.27,-10.71,-11.98,-11.90,-11.98,-12.04,-12.04,-11.76,-11.90,-11.55,-11.85,-11.98,-11.98,-11.68,-11.85,-11.98,-11.76,-11.85,-12.12,-11.41,-11.06,-11.36,-11.27,-11.27,-11.85,-11.85,-11.68,-11.76,-11.90,-11.41,-11.90,-11.90,-11.85,-11.68,-11.14,-11.36,-11.55,-11.98,-11.68,-11.85,-11.90,-11.98,-12.04,-11.76,-12.04,-11.98,-11.68,-12.20,-11.90,-12.12,-11.98,-11.76,-12.26,-11.85,-12.26,-11.76,-11.85,-12.26,-11.85,-11.85,-11.85,-12.04,-12.04,-12.04,-12.04,-12.12,-11.63,-12.04,-12.26,-12.12,-11.90,-12.26,-12.04,-11.98,-12.12,-12.20,-11.98,-12.26,-11.90,-11.85,-11.98,-11.76,-12.26,-11.90,-12.12,-12.56,-12.26,-12.12,-12.04,-12.34,-12.20,-12.26,-12.20,-12.12,-11.90,-11.85,-11.98,-12.26,-11.90,-12.34,-12.12,-12.26,-12.39,-11.76,-12.20,-11.90,-11.98,-12.04,-12.26,-12.12,-12.34,-12.39,-12.26,-12.39,-12.04,-11.98,-12.26,-12.12,-12.26,-12.26,-12.04,-12.26,-12.20,-12.12,-12.34,-12.04,-12.34,-12.04,-12.04,-12.12,-12.26,-12.20,-12.39,-12.34,-12.48,-12.26,-12.26,-12.39,-12.61,-12.20,-12.39,-12.20,-12.34,-12.39,-12.48,-12.26,-12.70,-12.78,-12.70,-12.34,-12.04,-12.26,-12.34
-12.48,-12.26,-12.48,-12.61,-12.39,-12.34,-12.34,-12.48,-12.39,-12.39,-12.56,-12.61,-12.34,-12.48,-12.39,-12.26,-12.39,-12.34,-12.39,-12.20,-12.39,-12.20,-12.04,-12.12,-12.20,-12.48,-12.34,-12.26,-12.48,-12.34,-12.26,-12.56,-12.39,-12.12,-12.12,-12.04,-12.26,-12.12,-12.20,-12.04,-12.04,-12.39,-12.12,-12.20,-12.26,-12.20,-11.98,-12.12,-12.20,-12.04,-12.26,-12.12,-12.34,-11.90,-12.34,-12.12,-12.39,-12.26,-11.90,-12.12,-12.39,-12.20,-11.85,-12.04,-11.98,-12.20,-11.85,-12.26,-12.12,-12.20,-11.85,-11.90,-12.04,-12.26,-11.85,-11.76,-12.20,-11.85,-12.12,-11.85,-12.20,-12.04,-12.26,-12.39,-12.34,-12.20,-12.04,-12.04,-12.39,-12.20,-12.12,-12.04,-12.20,-12.26,-12.20,-11.98,-12.26,-12.26,-11.90,-11.90,-11.90,-12.20,-11.98,-12.12,-12.04,-12.04,-12.26,-12.26,-11.90,-12.12,-12.12,-11.76,-11.85,-11.68,-12.20,-12.04,-12.34,-12.26,-12.12,-12.20,-12.20,-12.26,-11.85,-12.20,-11.85,-11.90,-11.85,-11.55,-11.98,-11.90,-11.76,-11.85,-11.76,-12.12,-11.90,-11.98,-11.98,-12.12,-12.20,-12.04,-11.76,-11.98,-12.20,-12.04,-11.85,-11.90,-11.90,-11.76,-12.04,-11.68,-11.76,-11.98,-12.20,-11.76,-11.76,-12.12,-12.04,-11.98,-11.90,-12.12,-12.12,-12.34,-11.85,-11.76,-12.12,-11.98,-11.85,-11.98,-11.63,-11.55,-11.76,-11.36,-11.49,-11.68,-11.76,-11.49,-11.63,-11.76,-11.76,-11.90,-11.55,-11.55,-11.63,-11.49,-11.41,-11.63,-11.06,-11.36,-11.36,-11.14,-11.41,-11.55,-11.49,-11.41,-11.36,-11.27,-11.63,-11.63,-11.36,-11.27,-10.84,-11.41,-11.19,-10.84,-10.92,-11.36,-11.49,-11.41,-11.49,-11.55,-11.41,-11.27,-11.00,-11.63,-11.76,-11.76,-11.41,-11.27,-11.41,-10.44,-11.27,-11.41,-11.76,-11.63,-11.14,-11.63,-11.55,-11.49,-12.04,-11.90,-11.63,-11.68,-11.55,-11.90,-11.76,-11.63,-11.90,-11.98,-11.90,-11.90,-12.12,-11.90,-11.90,-11.98,-11.76,-11.68,-11.68,-11.68,-11.98,-11.98,-11.00,-10.84,-11.00,-11.36,-11.98,-11.55,-11.98,-11.98,-11.63,-11.68,-11.90,-12.34,-11.85,-11.98,-11.85,-11.06,-11.68,-11.76,-11.98,-12.04,-12.48,-11.98,-11.85,-12.20,-12.04,-12.48,-12.39,-12.12,-11.98,-12.04,-12.26,-11.68,-12.04,-11.98,-12.34,-12.26,-12.20,-12.12,-12.12,-12.39,-12.12,-12.34,-12.20,-12.04,-11.90,-12.48,-11.85,-12.39,-12.20,-11.76,-12.34,-12.34,-12.34,-12.12,-12.61,-12.61,-11.98,-12.34,-11.85,-12.12,-12.39,-12.12,-12.20,-12.20,-12.12,-12.04,-12.34,-11.98,-12.20,-12.26,-12.48,-12.34,-11.98,-12.12,-12.12,-12.04,-12.04,-12.20,-12.34,-11.98,-12.20,-12.26,-11.98,-12.48,-11.98,-12.26,-12.34,-12.20,-12.20,-11.98,-11.98,-12.12,-12.39,-12.20,-12.39,-12.61,-12.26,-12.12,-12.34,-12.34,-12.39,-12.12,-12.34,-11.98,-12.20,-12.34,-12.56,-12.39,-12.39,-12.04,-12.56,-12.26,-12.34,-12.26,-12.39,-12.20,-12.26,-12.83,-12.56,-12.56,-12.56,-12.34,-12.78,-12.20,-12.70,-12.70,-12.70,-12.34,-12.56,-12.48,-12.48,-12.61
-12.78,-12.48,-12.56,-12.34,-12.70,-12.48,-12.56,-12.48,-12.04,-12.56,-12.48,-12.39,-12.61,-12.39,-12.34,-12.39,-12.04,-12.34,-12.48,-12.39,-12.48,-12.34,-12.39,-12.48,-12.48,-12.04,-12.56,-12.26,-12.34,-12.20,-12.04,-12.20,-12.34,-12.12,-12.61,-12.20,-12.34,-12.56,-12.56,-12.04,-12.26,-12.12,-11.98,-12.26,-12.20,-12.04,-12.20,-12.26,-12.39,-11.90,-12.12,-12.04,-12.39,-12.20,-12.12,-12.12,-12.12,-11.98,-12.12,-11.98,-12.20,-11.98,-12.12,-12.04,-12.20,-12.39,-12.26,-11.98,-12.12,-11.76,-11.98,-11.90,-12.34,-12.20,-11.98,-12.48,-11.98,-12.04,-12.26,-11.98,-12.26,-12.04,-12.12,-12.04,-12.12,-12.26,-12.26,-12.20,-12.20,-11.98,-12.34,-11.98,-12.04,-11.98,-12.20,-11.76,-12.04,-11.98,-12.04,-12.12,-11.90,-12.12,-11.90,-12.12,-11.98,-12.04,-11.98,-12.12,-12.12,-12.20,-11.76,-12.26,-12.04,-12.20,-12.12,-11.68,-12.04,-12.04,-11.76,-11.98,-12.04,-12.04,-12.20,-12.04,-12.26,-12.34,-12.04,-11.98,-11.98,-11.85,-12.39,-11.90,-12.34,-11.76,-12.34,-12.12,-12.20,-12.26,-11.90,-12.12,-12.20,-12.26,-11.98,-11.85,-12.20,-11.98,-12.12,-11.68,-11.85,-11.76,-11.55,-12.04,-11.90,-11.76,-11.90,-12.26,-11.90,-12.12,-11.76,-11.85,-11.90,-11.90,-11.68,-11.98,-12.20,-11.85,-11.63,-11.68,-11.49,-11.63,-11.63,-11.68,-11.55,-11.55,-11.85,-11.49,-11.27,-11.41,-11.55,-11.63,-11.63,-11.68,-11.55,-11.49,-11.41,-11.68,-11.19,-11.55,-11.63,-11.00,-11.49,-11.36,-11.41,-11.36,-11.06,-11.36,-11.55,-11.27,-11.49,-11.36,-11.55,-11.14,-11.36,-11.49,-11.19,-11.36,-11.49,-11.36,-11.41,-11.14,-10.84,-11.49,-11.41,-11.41,-11.98,-11.55,-11.63,-12.12,-11.63,-11.27,-10.38,-11.27,-11.55,-11.76,-11.90,-11.68,-11.49,-11.68,-11.68,-11.98,-11.85,-11.90,-11.98,-11.49,-11.85,-12.20,-11.98,-12.04,-11.85,-11.68,-11.85,-11.76,-11.98,-11.68,-11.68,-12.20,-12.20,-11.90,-12.04,-12.04,-11.68,-11.19,-10.44,-10.84,-11.36,-11.41,-12.12,-12.20,-12.20,-11.76,-11.85,-12.04,-11.90,-11.90,-12.04,-11.90,-11.98,-12.20,-11.98,-12.12,-12.04,-11.98,-12.26,-11.98,-11.98,-12.04,-12.20,-12.04,-11.98,-11.85,-11.85,-12.04,-11.90,-11.98,-12.04,-12.26,-12.04,-12.12,-11.90,-11.90,-12.34,-11.90,-11.90,-12.20,-12.04,-12.26,-11.85,-12.34,-12.12,-11.90,-12.04,-12.26,-12.20,-12.12,-11.85,-12.20,-11.98,-12.20,-12.34,-12.12,-12.12,-12.39,-12.26,-12.12,-12.34,-12.20,-11.90,-11.98,-12.20,-12.34,-12.20,-12.26,-12.12,-12.04,-11.90,-12.39,-12.20,-12.12,-11.85,-11.90,-12.20,-12.26,-12.26,-11.85,-12.12,-12.26,-12.20,-12.26,-12.04,-12.26,-12.56,-12.12,-11.98,-12.20,-12.26,-12.12,-12.04,-12.34,-12.20,-12.48,-12.34,-11.98,-12.12,-12.26,-12.20,-12.34,-12.26,-12.26,-12.48,-12.34,-12.34,-12.26,-12.48,-12.48,-12.70,-12.34,-12.39,-12.20,-12.48,-12.39,-12.34,-12.20,-12.34,-12.70,-12.12,-12.78,-12.83,-12.61,-12.61,-12.39,-12.12,-12.34
-12.70,-12.39,-12.56,-12.61,-12.20,-12.56,-12.48,-12.48,-12.39,-12.48,-12.34,-12.61,-12.20,-12.26,-12.39,-12.39,-12.48,-12.34,-13.06,-12.26,-12.04,-11.98,-12.34,-12.12,-12.26,-12.39,-12.12,-12.34,-12.20,-11.85,-12.48,-11.98,-12.04,-12.34,-11.90,-12.26,-12.34,-11.90,-11.90,-12.04,-12.56,-12.39,-12.26,-12.26,-11.85,-11.98,-12.12,-11.98,-12.04,-12.12,-12.34,-12.04,-12.12,-12.04,-12.12,-12.26,-12.04,-11.98,-11.85,-11.98,-11.98,-12.26,-12.26,-11.76,-12.12,-12.12,-12.20,-12.26,-11.90,-11.98,-11.90,-11.68,-11.98,-11.85,-12.04,-11.90,-12.12,-11.98,-12.20,-12.04,-12.26,-12.04,-11.90,-12.12,-11.85,-12.04,-12.39,-12.04,-12.12,-12.34,-12.26,-12.26,-12.12,-12.12,-12.26,-12.26,-12.26,-12.12,-12.34,-12.20,-12.34,-11.85,-12.04,-12.04,-12.12,-11.90,-12.26,-12.04,-11.98,-12.12,-12.04,-12.12,-11.98,-12.26,-12.04,-12.12,-12.20,-11.85,-12.20,-11.85,-12.20,-12.12,-11.76,-12.04,-11.90,-12.20,-11.68,-12.20,-11.76,-11.85,-12.04,-11.90,-12.12,-12.12,-11.76,-11.85,-12.20,-12.12,-11.76,-11.90,-11.49,-12.04,-12.12,-12.20,-11.90,-11.85,-12.12,-11.90,-11.85,-12.04,-11.68,-11.76,-11.90,-11.98,-11.68,-12.04,-11.90,-11.90,-11.63,-12.20,-12.20,-12.12,-11.90,-11.76,-11.85,-12.04,-11.49,-11.49,-11.06,-11.14,-11.00,-11.41,-11.68,-11.41,-11.68,-11.68,-11.63,-11.98,-11.49,-11.55,-11.98,-11.63,-11.63,-11.49,-11.63,-11.55,-11.41,-11.14,-11.06,-11.49,-11.27,-11.36,-11.49,-11.19,-11.36,-11.19,-11.27,-11.14,-11.27,-11.27,-11.49,-11.27,-10.92,-11.14,-11.49,-11.41,-11.36,-11.55,-11.49,-11.19,-11.36,-11.14,-11.41,-11.49,-11.85,-12.04,-11.76,-11.63,-11.68,-11.63,-11.41,-10.17,-11.41,-11.76,-11.76,-11.76,-11.55,-11.55,-11.76,-11.98,-12.04,-11.85,-11.76,-11.68,-11.98,-11.90,-11.98,-11.85,-11.68,-11.85,-11.68,-11.76,-11.90,-11.76,-11.76,-11.98,-11.49,-12.04,-12.26,-11.90,-11.98,-11.85,-11.49,-10.71,-10.52,-11.14,-11.76,-11.55,-11.85,-11.85,-11.98,-11.98,-12.20,-12.04,-11.90,-11.90,-11.90,-11.76,-11.76,-11.90,-11.76,-11.90,-12.04,-11.98,-11.98,-11.68,-11.90,-11.85,-11.98,-11.98,-11.76,-12.04,-11.85,-12.12,-12.12,-12.04,-11.85,-11.90,-12.20,-12.04,-12.04,-12.20,-11.68,-12.39,-12.39,-12.34,-12.34,-12.04,-12.34,-12.26,-12.04,-11.90,-11.85,-12.12,-12.26,-12.12,-12.04,-12.26,-11.98,-12.20,-12.34,-11.90,-12.20,-12.34,-12.48,-12.20,-12.20,-11.85,-12.12,-12.34,-12.61,-12.26,-12.26,-12.48,-12.20,-12.12,-12.12,-12.04,-11.90,-11.90,-11.98,-11.90,-12.04,-11.98,-11.98,-12.39,-12.26,-12.04,-12.48,-12.20,-12.48,-12.39,-11.98,-12.12,-12.12,-12.12,-12.34,-12.20,-12.26,-12.39,-12.48,-12.12,-12.26,-12.26,-12.04,-12.39,-12.34,-12.34,-12.26,-12.48,-12.26,-12.12,-12.34,-12.48,-12.26,-12.26,-12.20,-12.26,-12.26,-12.04,-12.20,-12.26,-12.39,-12.34,-12.61,-12.39,-12.39,-12.56,-12.34,-12.56,-12.20,-12.61
-12.39,-12.83,-12.39,-12.48,-12.92,-12.56,-12.83,-12.39,-12.56,-12.61,-12.61,-12.56,-12.39,-12.70,-12.04,-12.26,-12.04,-12.39,-12.26,-12.12,-12.48,-12.12,-12.39,-12.20,-12.48,-11.98,-12.34,-12.34,-12.34,-12.39,-12.12,-12.26,-12.39,-12.34,-12.04,-12.26,-12.34,-11.98,-12.26,-12.04,-11.98,-11.98,-12.04,-12.12,-12.20,-12.04,-12.20,-12.04,-11.85,-11.98,-12.20,-12.20,-12.12,-12.12,-11.98,-12.20,-12.20,-12.04,-12.26,-12.04,-12.12,-11.98,-12.26,-11.90,-11.68,-11.98,-11.90,-12.04,-12.04,-11.98,-11.90,-12.26,-11.90,-12.48,-12.04,-12.48,-11.98,-12.12,-12.20,-11.98,-12.20,-12.04,-11.98,-12.26,-11.76,-12.39,-12.20,-12.12,-12.04,-12.20,-11.90,-12.04,-12.04,-12.12,-12.20,-11.98,-11.98,-11.85,-12.12,-11.98,-12.26,-12.12,-12.12,-12.04,-11.98,-11.98,-12.26,-12.20,-11.98,-11.90,-12.12,-12.34,-12.34,-11.68,-12.20,-12.26,-11.90,-12.12,-12.48,-12.12,-12.12,-12.04,-11.90,-12.04,-11.90,-12.20,-11.76,-12.12,-12.12,-11.85,-11.85,-11.85,-12.20,-12.12,-12.26,-11.90,-11.90,-11.76,-12.12,-12.04,-11.85,-12.34,-12.04,-11.90,-11.90,-11.90,-11.90,-11.85,-11.68,-11.76,-11.76,-11.90,-11.85,-12.20,-11.98,-11.90,-12.04,-11.90,-12.34,-12.26,-12.12,-11.90,-11.90,-11.90,-11.76,-11.68,-11.90,-11.63,-11.27,-11.41,-11.49,-11.55,-11.55,-11.76,-11.85,-11.68,-11.85,-11.68,-11.55,-11.63,-11.76,-11.76,-11.55,-11.68,-11.76,-11.41,-11.36,-11.63,-11.49,-11.49,-11.27,-11.68,-11.41,-11.27,-11.27,-11.14,-11.27,-11.41,-11.55,-11.27,-11.41,-11.41,-11.27,-11.49,-11.49,-11.49,-11.49,-11.49,-11.68,-11.41,-11.36,-11.41,-11.49,-11.63,-11.76,-12.12,-11.90,-12.04,-11.85,-11.49,-11.63,-11.14,-10.30,-11.00,-11.49,-11.98,-11.76,-11.90,-11.90,-11.90,-11.76,-12.04,-11.98,-11.98,-11.85,-12.04,-11.85,-11.76,-11.85,-11.90,-11.68,-12.04,-11.90,-11.85,-11.90,-11.85,-12.20,-11.90,-12.20,-11.98,-11.98,-11.98,-11.90,-11.85,-11.06,-10.79,-11.90,-12.04,-12.04,-12.20,-11.98,-12.12,-12.04,-12.26,-11.90,-12.04,-11.90,-11.85,-12.26,-11.85,-11.98,-11.90,-11.76,-11.85,-12.20,-11.98,-11.90,-11.85,-12.12,-12.04,-12.04,-11.98,-12.12,-11.85,-11.90,-11.76,-12.04,-12.20,-12.26,-12.26,-11.85,-12.20,-11.85,-11.98,-12.04,-11.98,-12.26,-11.85,-12.04,-12.34,-12.12,-12.34,-11.98,-12.12,-12.26,-11.90,-11.98,-12.26,-12.26,-12.20,-12.20,-11.98,-12.20,-12.12,-11.90,-11.98,-12.34,-12.39,-12.26,-11.98,-12.20,-12.39,-12.39,-12.20,-12.12,-11.98,-11.98,-11.90,-12.04,-11.98,-11.85,-12.20,-12.04,-12.12,-11.76,-12.20,-11.90,-11.98,-11.85,-12.34,-12.20,-12.48,-12.26,-12.39,-12.26,-12.12,-12.26,-12.12,-12.20,-12.26,-12.12,-12.20,-12.34,-12.26,-12.56,-12.39,-12.26,-12.26,-12.12,-12.39,-12.20,-12.12,-12.39,-12.61,-12.61,-12.26,-12.12,-12.26,-12.34,-12.26,-12.34,-12.70,-12.48,-12.56,-12.78,-12.56,-12.61,-12.48,-12.56,-12.61,-12.61,-12.39
-12.48,-12.48,-12.39,-12.56,-12.56,-12.70,-12.48,-12.26,-11.90,-12.39,-12.39,-12.20,-12.20,-12.56,-12.61,-12.48,-12.61,-12.34,-12.26,-12.34,-12.48,-12.26,-12.39,-12.48,-12.56,-12.20,-11.90,-12.26,-12.04,-12.20,-12.34,-12.39,-11.98,-12.04,-12.61,-12.26,-12.12,-12.39,-12.26,-12.12,-12.39,-12.20,-12.12,-12.12,-12.04,-12.20,-12.20,-12.26,-12.04,-12.12,-12.26,-12.12,-12.56,-12.04,-12.26,-12.39,-11.90,-12.20,-12.48,-12.20,-11.85,-11.90,-11.85,-11.98,-11.98,-12.04,-12.04,-12.20,-11.90,-12.20,-12.04,-11.90,-12.12,-12.26,-12.12,-12.20,-11.98,-11.76,-12.12,-12.04,-12.20,-12.04,-12.20,-12.04,-12.20,-12.04,-12.12,-11.98,-12.12,-11.98,-12.26,-11.98,-11.98,-12.12,-12.34,-12.20,-11.98,-11.90,-12.12,-11.98,-12.34,-11.85,-11.85,-12.20,-12.20,-12.04,-12.04,-12.04,-12.12,-12.04,-11.76,-11.85,-11.85,-11.63,-12.20,-11.85,-11.98,-11.90,-11.76,-11.63,-11.68,-11.98,-11.90,-12.12,-11.98,-12.34,-12.04,-12.26,-11.85,-11.85,-12.12,-11.68,-11.98,-12.20,-12.12,-11.76,-12.04,-12.04,-12.04,-11.90,-11.90,-11.90,-11.90,-12.26,-11.63,-11.90,-11.85,-11.90,-11.68,-11.98,-11.85,-11.68,-11.49,-12.12,-11.98,-11.85,-11.76,-12.26,-11.76,-11.76,-11.85,-11.98,-11.98,-11.68,-11.63,-11.63,-11.76,-11.68,-11.63,-11.76,-11.49,-11.68,-11.98,-11.68,-11.76,-11.68,-11.98,-11.41,-11.68,-11.14,-11.49,-11.49,-11.41,-11.76,-11.76,-11.49,-11.85,-11.76,-11.41,-11.41,-11.36,-11.49,-11.68,-11.19,-11.49,-11.41,-11.49,-11.41,-11.19,-11.41,-11.27,-11.63,-11.55,-11.19,-11.27,-11.06,-11.06,-11.76,-11.36,-11.27,-11.36,-11.55,-11.27,-11.19,-11.85,-11.49,-11.76,-12.04,-11.98,-11.90,-11.68,-11.76,-11.14,-10.57,-11.00,-11.41,-11.76,-11.98,-11.98,-11.85,-11.85,-11.90,-11.85,-11.85,-11.98,-12.04,-11.90,-11.63,-11.90,-11.85,-11.76,-12.04,-11.98,-11.90,-12.04,-11.90,-12.04,-11.98,-12.04,-11.98,-12.12,-11.85,-11.90,-11.85,-11.98,-11.68,-11.76,-11.55,-11.90,-11.76,-11.85,-11.76,-12.04,-11.90,-12.20,-12.12,-12.26,-12.20,-12.04,-11.98,-12.20,-12.12,-11.90,-12.12,-11.98,-11.90,-11.90,-11.90,-11.90,-11.98,-11.98,-11.90,-12.26,-11.90,-11.98,-12.04,-12.12,-12.04,-12.34,-12.26,-12.26,-12.34,-12.26,-12.34,-12.56,-12.34,-12.12,-12.48,-12.34,-12.39,-11.90,-12.20,-12.20,-11.90,-12.48,-12.12,-12.12,-11.98,-12.20,-12.12,-11.90,-12.12,-12.04,-12.26,-12.34,-12.20,-12.34,-12.04,-12.20,-12.20,-12.39,-12.26,-12.26,-12.04,-12.20,-11.63,-12.12,-12.20,-12.12,-12.04,-11.90,-11.85,-12.12,-12.04,-12.12,-11.85,-12.39,-12.39,-12.04,-12.20,-11.90,-12.12,-12.20,-12.26,-12.12,-12.39,-12.39,-12.26,-12.04,-12.34,-12.34,-12.34,-12.26,-12.34,-11.98,-12.48,-12.20,-12.20,-12.26,-12.04,-12.34,-12.61,-12.34,-12.61,-12.34,-12.04,-12.12,-12.61,-12.34,-12.48,-12.34,-12.39,-12.78,-12.39,-12.56,-12.26,-12.56,-12.34,-12.56,-12.48,-12.61,-12.56
-12.48,-12.78,-12.70,-12.56,-12.34,-12.48,-12.48,-12.04,-12.56,-12.34,-12.61,-12.56,-12.39,-12.92,-12.56,-12.39,-12.26,-12.39,-12.48,-12.48,-12.39,-12.12,-12.20,-12.48,-12.39,-12.12,-12.34,-12.26,-12.04,-12.20,-12.12,-12.34,-11.98,-12.39,-12.04,-11.85,-12.48,-12.12,-12.34,-11.98,-12.26,-12.20,-12.12,-11.98,-12.26,-12.26,-12.26,-12.04,-11.98,-12.26,-11.68,-12.26,-11.90,-11.90,-11.98,-12.04,-11.90,-12.20,-11.90,-11.85,-11.76,-12.20,-11.85,-11.85,-11.90,-11.98,-11.90,-12.04,-12.12,-11.98,-11.49,-11.85,-12.26,-11.76,-12.04,-11.98,-11.90,-12.20,-11.68,-12.04,-12.20,-12.61,-12.34,-12.04,-12.04,-12.04,-11.98,-11.98,-12.12,-11.76,-12.20,-11.90,-11.98,-12.48,-11.98,-12.12,-11.98,-11.85,-11.85,-12.39,-12.12,-12.20,-12.20,-12.04,-12.20,-12.20,-11.76,-11.85,-11.85,-11.76,-12.04,-12.20,-11.98,-11.90,-12.39,-12.26,-11.85,-12.26,-11.98,-11.85,-11.76,-11.90,-12.04,-11.90,-11.98,-12.20,-11.98,-12.04,-12.39,-12.04,-11.98,-12.12,-12.04,-11.98,-12.39,-11.98,-11.90,-12.26,-11.90,-11.76,-11.68,-11.55,-12.04,-11.90,-11.90,-11.98,-12.04,-12.12,-11.68,-11.90,-11.85,-11.68,-12.12,-11.68,-11.98,-11.90,-11.98,-11.90,-11.76,-11.85,-11.76,-11.90,-11.90,-11.63,-11.98,-11.76,-11.98,-11.55,-11.68,-11.19,-11.36,-11.63,-11.63,-11.63,-11.68,-11.49,-11.76,-11.63,-11.55,-11.90,-11.55,-11.55,-11.55,-11.55,-11.41,-11.63,-11.76,-11.55,-11.19,-11.14,-11.41,-11.19,-11.55,-11.55,-11.49,-11.68,-11.55,-11.00,-11.55,-11.63,-11.36,-11.55,-11.63,-11.14,-11.55,-11.41,-11.41,-11.49,-11.19,-11.19,-11.14,-11.49,-11.63,-11.76,-11.85,-11.68,-11.85,-11.76,-11.68,-11.98,-12.04,-11.68,-11.98,-10.84,-9.96,-11.00,-11.41,-11.68,-11.55,-11.76,-11.85,-11.90,-11.90,-12.04,-11.90,-12.12,-11.90,-11.76,-11.90,-11.85,-11.98,-12.04,-11.68,-11.63,-11.90,-11.85,-11.90,-11.76,-12.04,-11.90,-11.90,-12.04,-12.20,-12.04,-12.26,-12.20,-12.04,-12.39,-11.85,-12.12,-11.90,-11.90,-11.98,-12.12,-11.85,-12.61,-11.98,-12.12,-11.98,-12.20,-12.56,-12.04,-11.90,-11.85,-12.04,-11.90,-11.90,-11.98,-12.04,-12.04,-11.55,-11.98,-11.90,-11.98,-12.04,-11.90,-11.85,-12.34,-12.04,-12.34,-12.12,-12.04,-12.12,-11.68,-12.20,-12.34,-12.26,-12.12,-12.04,-12.04,-12.04,-12.12,-11.76,-12.04,-12.04,-12.34,-11.90,-12.04,-12.04,-12.20,-12.12,-12.20,-11.90,-12.04,-12.26,-12.20,-12.26,-12.04,-12.12,-12.12,-12.04,-12.26,-12.04,-12.04,-12.20,-12.20,-11.63,-12.20,-12.04,-12.04,-12.34,-12.34,-12.04,-12.12,-11.85,-12.20,-11.90,-12.12,-12.12,-12.04,-11.90,-11.90,-12.20,-12.20,-11.98,-12.39,-12.26,-12.26,-12.12,-12.04,-12.26,-11.98,-12.39,-12.12,-12.34,-12.12,-12.34,-11.98,-12.20,-12.04,-11.98,-12.78,-12.39,-12.39,-12.26,-12.39,-12.20,-12.56,-12.39,-12.20,-12.34,-12.48,-12.61,-12.34,-12.12,-12.70,-12.39,-12.20,-12.39,-12.56,-12.34,-12.61
-12.56,-12.48,-12.70,-12.83,-12.39,-12.48,-12.26,-12.26,-12.39,-12.48,-12.34,-12.78,-12.04,-12.39,-12.56,-12.61,-12.61,-12.48,-12.20,-12.48,-12.26,-11.90,-12.26,-12.26,-12.39,-12.48,-12.26,-12.04,-12.34,-12.12,-12.04,-12.12,-12.56,-12.39,-12.48,-12.26,-11.98,-12.12,-12.04,-12.04,-12.12,-12.12,-12.34,-12.39,-11.90,-12.39,-11.98,-12.26,-12.20,-12.20,-11.85,-12.26,-12.12,-12.04,-12.26,-12.20,-12.26,-12.26,-11.90,-11.76,-11.90,-11.68,-12.26,-12.12,-11.90,-12.20,-12.04,-12.04,-12.04,-12.26,-12.39,-12.04,-12.34,-12.04,-11.90,-12.26,-11.85,-12.34,-11.90,-12.26,-12.34,-12.56,-12.34,-12.04,-12.20,-12.26,-12.04,-12.04,-12.12,-11.98,-12.04,-12.12,-11.98,-12.12,-11.98,-12.04,-12.12,-12.04,-12.20,-12.12,-12.48,-12.12,-12.26,-11.90,-11.76,-12.04,-12.04,-11.76,-12.04,-12.20,-12.34,-11.90,-12.04,-11.76,-12.12,-12.20,-12.20,-11.85,-12.20,-12.04,-12.12,-11.90,-12.26,-11.98,-12.04,-12.26,-11.90,-12.12,-12.04,-11.98,-12.04,-11.98,-11.90,-11.68,-12.26,-11.98,-11.98,-11.90,-11.76,-12.12,-11.90,-12.04,-12.04,-12.12,-11.98,-11.98,-11.98,-12.12,-11.68,-12.34,-11.85,-11.90,-12.04,-12.20,-11.98,-11.85,-11.85,-11.90,-12.04,-12.12,-12.04,-11.76,-11.76,-11.90,-12.04,-11.85,-11.76,-11.55,-11.19,-10.57,-10.92,-11.63,-11.63,-11.49,-11.49,-11.55,-11.68,-11.90,-11.55,-11.41,-11.41,-11.55,-11.41,-11.27,-11.55,-11.36,-11.49,-11.49,-11.41,-11.63,-11.49,-10.92,-11.41,-11.85,-11.55,-11.55,-11.55,-11.41,-11.41,-11.27,-11.41,-10.92,-11.19,-11.63,-11.41,-11.63,-11.36,-11.49,-11.49,-11.19,-11.36,-11.41,-11.55,-11.55,-11.49,-11.90,-11.55,-11.90,-11.98,-11.98,-11.85,-11.98,-11.85,-12.04,-10.57,-10.04,-10.52,-11.06,-11.76,-11.68,-12.12,-12.12,-12.12,-12.26,-12.04,-12.12,-12.12,-12.04,-11.90,-11.98,-11.90,-11.85,-12.04,-11.98,-11.90,-11.63,-12.20,-11.90,-11.90,-12.04,-12.20,-12.20,-12.26,-11.90,-12.39,-11.98,-11.98,-12.04,-11.98,-11.98,-11.90,-11.85,-12.20,-12.26,-12.04,-12.04,-11.76,-11.98,-11.68,-12.12,-12.12,-12.26,-11.90,-12.12,-11.76,-12.04,-11.90,-12.04,-11.98,-12.20,-12.04,-11.90,-11.98,-11.98,-12.04,-11.98,-12.12,-11.98,-11.90,-11.98,-11.90,-11.76,-12.04,-11.90,-11.98,-12.12,-12.20,-12.04,-11.98,-11.90,-12.34,-12.12,-12.12,-11.98,-12.26,-11.98,-11.90,-12.26,-12.26,-12.20,-11.98,-11.90,-11.98,-12.39,-12.12,-12.04,-11.85,-11.90,-12.39,-12.20,-12.26,-12.34,-11.98,-11.90,-11.85,-11.90,-12.12,-11.98,-11.85,-12.26,-12.20,-12.26,-11.98,-11.90,-12.04,-12.34,-12.04,-11.98,-12.34,-11.98,-12.12,-12.04,-11.98,-12.20,-12.04,-12.34,-12.20,-12.12,-12.39,-12.20,-12.20,-12.48,-12.04,-12.20,-12.20,-12.12,-12.20,-12.48,-12.56,-12.20,-12.39,-12.83,-12.56,-12.34,-12.56,-12.20,-12.26,-11.98,-12.20,-12.34,-12.70,-12.39,-12.61,-12.39,-12.34,-12.04,-12.39,-12.26,-12.83,-12.56,-12.26,-12.56
-12.70,-12.48,-12.48,-12.48,-12.20,-12.78,-12.39,-12.39,-12.34,-12.56,-12.26,-12.39,-12.48,-12.83,-12.61,-12.34,-12.61,-12.34,-12.39,-12.20,-12.12,-12.78,-12.26,-12.20,-12.39,-12.20,-12.97,-12.12,-12.20,-12.20,-11.98,-12.39,-11.68,-12.20,-12.12,-12.20,-12.12,-12.26,-12.26,-12.12,-12.12,-12.26,-12.12,-12.34,-11.68,-12.20,-12.20,-12.34,-12.39,-12.20,-12.34,-11.90,-11.85,-12.12,-12.20,-12.20,-11.98,-11.90,-11.98,-12.12,-12.04,-11.90,-11.85,-11.98,-12.12,-11.90,-11.98,-12.26,-12.20,-12.20,-11.85,-11.90,-12.12,-11.90,-11.90,-12.12,-12.26,-12.04,-11.90,-12.34,-11.98,-12.04,-12.39,-12.04,-12.34,-12.04,-12.04,-12.26,-12.26,-11.98,-12.26,-12.04,-12.26,-12.34,-12.04,-12.12,-11.98,-11.76,-12.12,-11.98,-12.20,-11.90,-11.76,-11.76,-12.04,-12.20,-11.98,-11.90,-11.98,-12.20,-11.85,-11.90,-12.04,-11.90,-12.04,-11.63,-11.76,-11.98,-12.04,-12.12,-11.68,-12.04,-12.04,-12.26,-12.12,-11.85,-11.90,-12.20,-12.20,-11.90,-11.90,-11.98,-11.98,-12.20,-11.76,-12.26,-12.20,-12.04,-11.85,-11.98,-11.55,-12.04,-12.12,-11.98,-11.63,-11.85,-12.04,-11.98,-11.90,-11.90,-11.90,-11.76,-11.85,-12.20,-11.98,-11.85,-12.12,-12.04,-11.98,-11.76,-11.76,-11.98,-12.20,-12.04,-12.34,-11.98,-11.85,-11.76,-10.79,-10.09,-11.14,-11.68,-11.41,-11.98,-11.63,-11.85,-11.68,-12.04,-11.68,-11.55,-11.76,-11.68,-11.85,-11.68,-11.63,-11.49,-11.55,-11.41,-11.49,-11.27,-11.41,-11.36,-11.36,-11.55,-11.41,-11.14,-11.68,-10.92,-11.63,-11.41,-11.36,-11.63,-11.55,-11.49,-11.41,-11.68,-11.41,-11.68,-11.14,-11.55,-11.36,-11.68,-11.63,-11.36,-11.68,-11.90,-11.55,-11.90,-11.85,-11.90,-11.90,-11.90,-11.63,-11.68,-11.55,-10.09,-10.22,-10.44,-11.06,-11.76,-11.55,-11.68,-11.98,-12.04,-11.85,-11.63,-12.12,-12.04,-12.20,-11.76,-11.98,-11.90,-11.90,-11.98,-12.04,-11.68,-11.85,-11.76,-11.76,-11.98,-12.26,-11.85,-11.85,-12.04,-12.04,-11.85,-11.98,-11.76,-12.04,-11.63,-12.12,-11.98,-11.90,-11.98,-11.63,-12.26,-11.85,-12.04,-12.04,-12.04,-11.98,-11.98,-12.04,-12.20,-12.34,-12.04,-11.76,-12.26,-12.39,-12.04,-12.26,-12.39,-12.12,-11.90,-11.68,-12.20,-12.26,-11.90,-11.90,-12.12,-12.12,-12.26,-11.98,-12.12,-11.85,-11.63,-12.04,-11.90,-12.12,-11.85,-11.98,-12.34,-12.04,-11.98,-12.26,-12.34,-12.12,-11.85,-12.20,-11.98,-12.39,-12.12,-12.26,-11.90,-12.39,-12.04,-12.12,-12.20,-12.04,-12.26,-12.26,-12.26,-12.70,-12.12,-12.04,-11.98,-11.85,-12.20,-11.85,-12.34,-12.12,-12.20,-11.98,-11.98,-12.12,-11.98,-12.34,-11.90,-12.26,-11.98,-11.98,-12.20,-12.20,-12.20,-12.26,-12.04,-12.20,-11.90,-12.26,-12.04,-12.34,-12.20,-12.04,-12.20,-12.56,-12.26,-12.34,-12.04,-12.34,-12.34,-12.20,-12.20,-12.39,-12.39,-12.56,-11.98,-12.39,-12.20,-12.39,-12.56,-12.39,-12.34,-12.12,-12.26,-12.48,-12.34,-12.39,-12.61,-12.48,-12.39,-12.39,-12.70
-12.70,-12.78,-12.39,-12.61,-12.34,-12.48,-12.56,-12.39,-12.70,-12.34,-12.92,-12.26,-12.48,-12.61,-12.39,-12.48,-12.56,-12.26,-12.61,-12.26,-12.48,-12.48,-12.39,-12.39,-12.34,-12.39,-12.48,-11.85,-12.20,-12.12,-12.12,-12.26,-12.12,-12.04,-12.26,-11.76,-12.20,-11.98,-12.20,-12.48,-12.04,-12.12,-12.26,-12.39,-12.34,-12.39,-12.04,-12.39,-12.26,-12.12,-12.26,-11.98,-12.12,-12.12,-12.20,-12.04,-12.26,-12.26,-12.12,-12.26,-11.90,-11.85,-11.90,-11.90,-11.85,-11.90,-12.20,-12.12,-12.20,-12.20,-11.90,-12.12,-12.12,-12.12,-11.98,-11.90,-11.90,-12.20,-12.04,-12.12,-11.98,-11.98,-12.04,-12.20,-11.98,-12.26,-11.90,-12.04,-12.26,-11.98,-12.26,-12.26,-12.12,-12.26,-11.90,-12.12,-11.98,-11.68,-11.76,-12.20,-12.12,-11.98,-11.98,-12.34,-12.04,-12.20,-12.34,-12.26,-12.04,-11.85,-12.12,-12.12,-11.98,-12.20,-11.85,-11.90,-11.98,-11.90,-11.98,-11.76,-11.76,-11.98,-11.85,-12.20,-11.90,-12.26,-11.76,-11.90,-11.90,-11.76,-11.90,-11.98,-12.12,-12.26,-12.12,-11.98,-12.04,-11.85,-11.90,-12.12,-11.90,-12.39,-11.98,-11.98,-12.04,-11.98,-11.90,-11.85,-12.04,-12.12,-11.98,-12.04,-12.12,-11.68,-12.26,-11.76,-11.98,-11.90,-11.98,-11.98,-11.68,-12.04,-11.85,-12.20,-12.12,-11.85,-11.63,-11.85,-11.68,-11.19,-11.49,-11.55,-11.68,-11.68,-11.55,-11.85,-11.76,-11.36,-11.85,-11.63,-11.49,-11.85,-11.63,-11.63,-11.68,-11.90,-11.68,-11.90,-11.68,-11.55,-11.55,-11.27,-11.41,-11.41,-11.55,-11.36,-11.49,-11.49,-11.27,-11.36,-11.41,-11.27,-11.41,-11.63,-11.63,-11.36,-11.49,-11.41,-11.49,-11.76,-11.27,-11.06,-11.55,-11.49,-11.68,-11.98,-12.26,-12.20,-12.12,-11.90,-11.76,-12.20,-11.76,-11.68,-11.55,-11.55,-11.55,-11.41,-11.76,-11.90,-11.98,-12.26,-12.20,-12.26,-11.63,-12.26,-11.90,-12.12,-11.90,-11.76,-12.04,-12.12,-11.55,-11.90,-12.04,-11.90,-12.04,-11.85,-11.76,-12.04,-12.12,-12.04,-12.12,-12.04,-11.98,-11.68,-11.55,-12.04,-11.85,-11.85,-12.04,-12.34,-12.04,-11.98,-11.90,-11.90,-12.39,-12.04,-11.68,-11.90,-12.20,-12.26,-12.12,-11.98,-12.12,-12.12,-12.26,-11.98,-12.12,-12.20,-12.48,-12.04,-11.90,-11.68,-12.12,-12.12,-12.20,-11.85,-12.12,-12.34,-12.20,-11.85,-12.34,-11.90,-12.20,-12.04,-12.39,-12.34,-11.98,-11.90,-12.12,-11.85,-12.04,-11.90,-12.12,-12.04,-12.04,-12.12,-12.48,-12.48,-12.34,-12.20,-12.20,-12.39,-12.39,-12.04,-12.34,-12.20,-12.34,-11.98,-12.20,-12.04,-12.12,-12.20,-12.12,-12.12,-12.26,-12.20,-12.34,-12.26,-12.34,-12.04,-12.12,-12.61,-12.04,-12.04,-12.20,-11.98,-11.76,-11.85,-12.04,-11.98,-11.85,-12.12,-12.34,-12.20,-11.98,-12.12,-12.39,-11.90,-12.12,-12.39,-12.12,-12.26,-12.04,-11.90,-12.34,-12.26,-12.04,-12.26,-12.48,-12.34,-12.12,-12.48,-12.39,-12.26,-12.20,-12.48,-12.04,-12.26,-12.20,-12.20,-12.34,-12.61,-12.56,-12.56,-12.83,-12.26,-12.34,-13.14,-12.61,-12.70
-12.61,-12.78,-12.56,-12.70,-12.39,-12.70,-12.48,-12.39,-12.34,-12.48,-12.39,-12.48,-12.48,-12.26,-12.48,-12.34,-12.48,-12.12,-12.48,-12.12,-12.34,-12.12,-12.39,-12.56,-12.04,-12.70,-12.20,-12.48,-12.04,-12.12,-12.12,-12.04,-12.12,-12.39,-12.20,-11.85,-12.34,-11.98,-12.20,-12.20,-12.26,-11.85,-12.34,-12.34,-12.26,-12.04,-12.20,-12.26,-12.26,-12.26,-11.85,-11.68,-11.98,-12.12,-11.68,-11.98,-12.48,-11.76,-12.04,-12.04,-11.85,-12.34,-11.98,-12.04,-11.90,-11.90,-11.98,-12.12,-11.90,-11.98,-12.20,-11.85,-11.98,-12.04,-12.04,-12.20,-11.98,-11.76,-12.20,-12.20,-11.76,-11.98,-12.26,-11.90,-12.20,-12.04,-12.04,-12.34,-12.04,-12.12,-12.34,-12.04,-12.20,-12.12,-12.04,-11.76,-12.12,-11.90,-11.98,-12.20,-12.12,-11.85,-11.76,-12.12,-11.98,-12.12,-11.85,-12.20,-11.63,-11.85,-11.63,-12.12,-12.12,-11.98,-12.20,-12.12,-11.85,-12.12,-12.48,-12.12,-12.04,-12.20,-12.04,-11.90,-11.98,-11.98,-11.98,-11.90,-12.39,-11.90,-11.98,-11.98,-12.12,-11.76,-12.12,-11.90,-12.12,-11.76,-11.98,-12.26,-11.98,-11.98,-12.20,-11.98,-11.85,-11.85,-11.76,-11.98,-11.76,-12.12,-12.20,-11.90,-12.20,-12.04,-12.04,-12.20,-11.90,-12.04,-11.76,-11.76,-12.20,-11.90,-11.98,-11.90,-11.98,-12.39,-11.98,-11.68,-11.55,-11.63,-11.41,-11.68,-11.55,-11.68,-11.68,-11.49,-11.76,-11.85,-11.85,-11.63,-11.55,-11.55,-11.63,-11.55,-11.85,-11.68,-11.63,-11.63,-11.68,-11.55,-11.76,-11.76,-11.55,-11.55,-12.04,-11.49,-11.49,-11.36,-11.49,-11.68,-11.55,-11.49,-11.27,-11.27,-11.36,-11.55,-11.68,-11.36,-11.68,-11.36,-11.41,-11.36,-11.41,-11.63,-11.55,-12.12,-11.76,-12.20,-11.68,-11.76,-12.20,-11.98,-11.68,-11.36,-11.49,-11.76,-11.68,-11.98,-11.55,-11.76,-12.04,-11.98,-12.04,-11.98,-12.04,-11.98,-11.68,-11.76,-12.12,-12.20,-12.20,-11.85,-11.85,-12.26,-11.76,-11.85,-11.90,-11.63,-11.90,-11.98,-11.90,-11.76,-11.90,-11.98,-12.20,-12.12,-11.85,-12.04,-12.04,-11.85,-12.04,-12.12,-11.90,-11.98,-12.04,-11.98,-12.04,-11.98,-12.20,-11.98,-12.12,-11.98,-12.12,-11.98,-12.04,-12.12,-11.85,-12.04,-11.98,-12.56,-11.85,-11.98,-12.12,-11.76,-12.04,-11.98,-11.90,-12.12,-12.20,-12.04,-11.90,-12.20,-12.04,-12.04,-12.04,-11.98,-12.12,-11.98,-12.12,-12.12,-12.34,-11.90,-12.26,-11.98,-12.48,-12.12,-12.39,-11.85,-12.20,-12.12,-11.68,-11.90,-11.90,-11.98,-12.12,-12.12,-12.20,-12.39,-12.48,-12.34,-12.34,-12.26,-12.12,-12.26,-12.26,-12.26,-12.12,-11.76,-12.12,-11.90,-11.90,-11.68,-11.98,-12.20,-11.90,-12.12,-11.76,-12.39,-12.20,-11.63,-12.12,-12.12,-11.90,-12.39,-12.34,-11.98,-12.20,-12.34,-12.20,-11.90,-12.20,-12.34,-12.20,-12.26,-12.26,-12.48,-12.26,-12.26,-12.20,-12.34,-12.26,-12.39,-12.26,-12.12,-12.39,-12.20,-12.34,-12.20,-12.20,-12.70,-12.39,-12.04,-12.34,-12.12,-12.48,-12.39,-12.20,-12.34,-12.56,-12.56,-12.56,-12.34
-12.56,-12.48,-12.34,-12.34,-12.39,-12.61,-12.83,-12.48,-12.34,-12.12,-12.48,-12.70,-12.26,-12.61,-12.26,-12.34,-12.48,-12.56,-12.39,-12.39,-12.56,-11.98,-12.12,-12.12,-12.48,-12.04,-11.90,-12.48,-12.20,-12.39,-12.04,-12.04,-12.34,-12.20,-12.61,-12.26,-12.26,-12.04,-12.12,-12.12,-12.04,-12.26,-12.20,-12.12,-12.20,-12.26,-12.34,-12.20,-11.98,-12.26,-11.85,-12.04,-12.20,-12.12,-12.26,-12.04,-12.34,-11.90,-11.76,-12.20,-11.85,-11.98,-12.12,-12.26,-11.76,-12.48,-12.12,-11.98,-12.12,-11.98,-12.12,-12.20,-12.20,-11.98,-11.98,-12.04,-11.98,-12.20,-11.90,-11.76,-11.98,-11.76,-12.12,-12.20,-12.39,-12.12,-12.26,-12.26,-12.26,-12.12,-12.20,-11.98,-12.12,-11.98,-12.34,-12.12,-11.98,-12.20,-12.20,-12.04,-11.85,-11.85,-11.68,-11.76,-11.85,-12.20,-12.04,-12.26,-12.12,-12.12,-11.85,-11.55,-12.04,-12.20,-12.20,-11.68,-11.90,-12.12,-12.34,-12.04,-12.26,-12.26,-12.39,-12.12,-11.68,-12.20,-12.20,-12.04,-11.90,-12.04,-12.04,-11.98,-11.90,-12.26,-11.90,-12.04,-11.90,-11.98,-12.12,-12.20,-12.34,-11.98,-12.12,-11.90,-11.85,-11.90,-11.85,-12.04,-12.04,-11.98,-12.34,-12.20,-11.90,-11.49,-12.12,-11.85,-11.98,-11.85,-11.98,-12.04,-12.04,-11.76,-11.90,-12.20,-11.85,-12.04,-12.04,-11.68,-11.49,-11.27,-11.36,-11.63,-11.55,-11.41,-11.49,-11.85,-11.68,-11.76,-11.49,-11.19,-11.63,-11.68,-11.68,-11.68,-11.63,-11.85,-11.76,-11.63,-11.49,-11.63,-11.55,-11.19,-11.68,-10.92,-11.68,-11.19,-11.36,-11.55,-11.41,-11.68,-11.63,-11.36,-11.55,-11.27,-11.68,-11.55,-11.68,-11.36,-11.63,-11.55,-11.36,-11.14,-11.55,-11.49,-11.49,-11.68,-11.98,-11.98,-11.98,-11.98,-11.98,-11.98,-12.04,-11.98,-11.63,-11.63,-11.85,-11.98,-11.76,-11.68,-12.04,-12.04,-12.12,-12.04,-11.85,-12.12,-12.26,-12.12,-11.85,-12.04,-11.98,-11.85,-11.85,-11.90,-12.12,-11.85,-11.85,-11.63,-11.55,-12.12,-11.98,-11.98,-12.12,-12.04,-12.34,-11.85,-11.98,-12.26,-12.20,-12.20,-11.85,-11.90,-11.98,-11.98,-11.85,-12.04,-11.90,-11.85,-11.98,-11.90,-11.85,-11.76,-11.98,-12.04,-12.04,-11.90,-12.20,-12.39,-12.12,-12.39,-12.26,-12.12,-12.20,-11.85,-12.20,-12.48,-12.04,-11.98,-11.90,-12.20,-12.12,-12.26,-11.98,-12.20,-11.90,-12.56,-12.26,-12.20,-11.90,-12.04,-11.98,-11.98,-12.20,-11.85,-12.26,-12.34,-11.76,-12.20,-12.12,-11.98,-12.20,-12.12,-11.85,-12.39,-11.85,-12.04,-12.20,-12.34,-12.39,-12.12,-12.26,-12.26,-12.12,-12.20,-12.39,-12.12,-12.04,-12.26,-12.26,-11.98,-11.98,-12.20,-12.12,-12.26,-11.90,-12.04,-11.68,-12.20,-12.04,-12.20,-11.68,-12.20,-12.12,-11.76,-12.34,-12.04,-12.12,-12.39,-12.12,-12.04,-12.20,-11.90,-12.04,-12.56,-12.39,-12.12,-12.20,-12.34,-11.98,-12.39,-12.20,-12.70,-12.34,-12.34,-12.26,-12.34,-12.56,-12.20,-12.34,-12.26,-11.90,-12.34,-12.12,-12.34,-12.39,-12.56,-12.34,-12.56,-12.20,-12.48,-12.20,-12.34
-12.70,-12.04,-12.56,-12.34,-12.48,-12.48,-12.56,-12.39,-12.78,-12.04,-12.20,-12.20,-12.12,-12.48,-12.48,-12.34,-12.20,-12.39,-12.12,-12.26,-12.04,-12.61,-12.34,-12.26,-12.12,-12.20,-12.12,-11.98,-12.39,-12.20,-11.90,-12.20,-12.20,-12.26,-12.20,-12.20,-12.26,-12.12,-12.26,-12.26,-12.26,-11.76,-11.85,-11.85,-12.20,-12.20,-11.85,-12.20,-12.26,-12.12,-12.34,-12.12,-12.39,-12.12,-11.90,-12.04,-11.90,-11.90,-11.85,-11.85,-12.04,-11.90,-12.04,-12.20,-11.90,-12.26,-12.04,-12.12,-11.90,-11.85,-12.04,-11.90,-11.98,-12.12,-11.85,-12.34,-11.90,-11.76,-11.98,-12.20,-11.90,-12.04,-12.12,-12.20,-12.39,-11.98,-11.98,-11.98,-12.04,-11.90,-12.39,-11.90,-12.12,-11.68,-12.20,-11.98,-11.98,-12.04,-12.04,-12.48,-12.20,-12.34,-12.04,-12.12,-12.12,-11.76,-12.39,-12.04,-11.98,-11.98,-11.90,-12.12,-11.98,-11.76,-11.85,-11.41,-11.98,-12.04,-11.98,-11.90,-11.90,-11.90,-12.04,-11.90,-11.85,-12.34,-11.90,-11.76,-12.20,-12.04,-12.20,-11.68,-11.85,-11.90,-12.04,-12.12,-11.90,-11.98,-11.90,-12.04,-11.68,-11.90,-12.20,-11.98,-11.68,-11.90,-12.04,-11.90,-11.63,-12.12,-12.20,-11.98,-12.04,-11.98,-11.90,-11.85,-11.98,-11.98,-11.90,-12.34,-11.76,-12.04,-11.68,-11.63,-11.90,-12.04,-12.04,-12.12,-11.27,-11.63,-11.49,-11.63,-11.76,-11.76,-11.49,-11.68,-11.98,-11.68,-11.63,-11.85,-11.63,-11.76,-11.63,-11.63,-11.68,-11.85,-11.14,-11.49,-11.49,-11.49,-11.55,-11.63,-11.55,-11.63,-11.55,-11.55,-11.27,-11.55,-11.63,-11.49,-11.68,-11.27,-11.55,-11.36,-11.76,-11.27,-11.49,-11.63,-11.63,-11.36,-11.68,-11.49,-11.49,-11.63,-12.04,-11.68,-11.63,-11.85,-12.04,-11.55,-11.90,-11.76,-11.68,-11.76,-12.04,-12.12,-11.68,-11.63,-11.63,-11.76,-12.39,-11.85,-11.98,-11.85,-11.63,-12.39,-12.12,-11.98,-11.90,-12.20,-12.20,-12.04,-11.68,-11.85,-11.68,-11.98,-11.90,-11.85,-11.55,-12.12,-11.63,-12.04,-11.76,-11.63,-11.90,-11.90,-12.20,-12.34,-11.98,-12.26,-12.12,-11.90,-12.04,-12.20,-12.04,-12.04,-11.98,-11.90,-11.98,-11.98,-11.98,-11.98,-12.04,-12.20,-12.04,-12.20,-12.12,-12.20,-11.90,-12.12,-11.90,-12.26,-11.98,-11.63,-12.04,-11.85,-11.98,-11.76,-12.20,-11.90,-12.20,-11.90,-11.98,-12.20,-12.04,-12.12,-11.55,-11.98,-12.12,-12.20,-12.26,-11.90,-11.90,-12.04,-11.90,-11.98,-12.04,-12.20,-11.90,-12.04,-11.90,-11.98,-12.04,-12.34,-12.20,-12.20,-11.85,-11.98,-11.76,-11.85,-12.20,-12.56,-12.04,-12.12,-12.04,-12.26,-11.98,-12.04,-12.20,-11.98,-11.98,-12.20,-12.26,-11.90,-12.04,-12.34,-11.98,-11.90,-12.26,-12.12,-12.39,-12.26,-12.26,-12.20,-12.04,-12.34,-11.98,-12.20,-12.34,-12.20,-11.90,-12.20,-12.26,-12.34,-12.12,-12.56,-12.34,-12.12,-12.39,-12.26,-12.26,-12.34,-12.12,-12.20,-12.20,-12.39,-12.20,-12.20,-12.26,-12.26,-12.48,-12.34,-12.39,-12.34,-12.34,-12.48,-12.61,-12.48,-12.39,-12.48,-12.78,-12.61
-12.70,-12.97,-12.48,-12.56,-12.26,-12.83,-12.04,-12.56,-12.26,-12.34,-12.39,-12.39,-12.26,-12.39,-12.26,-12.26,-12.12,-12.34,-12.48,-12.12,-12.48,-11.98,-12.56,-12.39,-12.34,-12.34,-12.26,-12.39,-12.20,-12.04,-11.85,-12.48,-12.26,-12.20,-12.04,-12.26,-11.90,-11.90,-12.20,-12.20,-11.98,-12.12,-12.26,-11.98,-12.26,-12.20,-12.20,-12.39,-11.90,-11.90,-12.12,-12.20,-12.20,-12.04,-12.26,-12.04,-12.34,-11.90,-12.26,-11.90,-12.12,-11.76,-12.20,-11.98,-11.76,-11.98,-12.20,-11.85,-12.04,-11.85,-11.76,-11.76,-11.90,-12.12,-12.04,-11.85,-11.98,-12.04,-11.90,-12.12,-12.04,-11.98,-11.85,-12.12,-11.98,-12.20,-11.98,-12.12,-11.85,-12.26,-12.39,-12.34,-12.12,-12.26,-12.20,-12.48,-12.12,-12.04,-12.12,-12.20,-11.98,-12.04,-12.04,-12.34,-12.12,-12.34,-12.12,-11.98,-11.98,-12.12,-12.04,-11.85,-12.20,-11.90,-12.04,-11.90,-12.04,-11.68,-11.90,-11.85,-12.12,-12.04,-11.85,-12.48,-11.76,-11.90,-11.90,-11.98,-11.85,-11.90,-12.20,-12.04,-11.90,-11.98,-11.90,-11.98,-12.34,-11.85,-11.85,-11.90,-11.68,-12.20,-11.90,-11.98,-11.90,-11.90,-11.63,-12.04,-12.12,-12.12,-11.85,-12.12,-12.20,-11.76,-12.20,-12.04,-11.90,-11.68,-11.98,-11.98,-11.98,-12.04,-11.76,-11.76,-12.20,-11.98,-11.41,-11.63,-11.55,-10.71,-11.41,-11.49,-11.85,-11.55,-11.76,-11.49,-11.63,-11.49,-11.41,-11.55,-11.55,-11.76,-11.63,-11.55,-11.55,-11.68,-11.63,-11.85,-11.36,-11.85,-11.68,-11.49,-11.63,-11.68,-11.41,-11.55,-11.68,-11.49,-11.63,-11.55,-11.55,-11.63,-11.27,-11.49,-11.63,-11.68,-11.63,-11.49,-12.12,-11.68,-11.55,-11.36,-11.55,-11.41,-11.55,-11.63,-11.90,-11.36,-11.98,-11.98,-11.55,-12.04,-12.12,-12.12,-11.76,-11.76,-11.90,-11.68,-12.04,-11.85,-11.68,-12.04,-11.76,-12.12,-11.85,-11.76,-11.98,-11.76,-12.34,-11.90,-11.85,-12.12,-12.04,-12.26,-11.98,-12.04,-12.04,-12.04,-12.04,-11.76,-11.85,-12.12,-11.98,-11.90,-11.85,-12.26,-12.04,-12.34,-12.12,-11.63,-11.85,-12.12,-12.12,-12.12,-12.12,-11.85,-11.98,-12.20,-12.04,-11.90,-11.76,-11.98,-11.68,-12.04,-11.98,-11.90,-12.26,-12.20,-11.90,-11.90,-12.26,-11.85,-11.98,-12.04,-12.12,-12.20,-12.12,-11.85,-11.76,-11.98,-11.90,-11.85,-12.04,-12.26,-12.04,-11.98,-11.98,-12.12,-12.12,-12.04,-12.26,-11.76,-11.98,-12.04,-12.04,-12.26,-11.98,-12.04,-12.20,-12.20,-11.98,-12.20,-11.90,-12.12,-12.04,-11.76,-11.98,-12.26,-12.20,-11.85,-12.20,-12.34,-12.20,-12.48,-12.34,-11.98,-12.04,-12.04,-12.12,-11.85,-12.04,-11.98,-11.98,-12.20,-12.39,-12.20,-11.76,-12.04,-12.26,-12.12,-12.04,-12.20,-11.98,-12.12,-12.34,-12.04,-12.20,-12.12,-12.34,-12.20,-11.98,-12.48,-12.04,-12.26,-12.12,-12.20,-12.39,-12.20,-12.56,-12.39,-12.12,-12.39,-12.26,-12.26,-12.70,-12.12,-12.34,-12.48,-12.20,-12.34,-12.48,-12.39,-12.20,-12.26,-12.34,-12.20,-12.34,-12.70,-12.04,-12.61,-12.56,-12.56
-12.78,-12.70,-12.48,-12.56,-12.34,-12.39,-12.12,-12.34,-12.34,-12.26,-12.34,-12.56,-12.48,-12.61,-12.56,-12.70,-12.48,-12.56,-12.39,-12.20,-12.34,-12.56,-12.48,-12.20,-12.61,-11.90,-12.12,-12.20,-12.12,-11.98,-11.98,-12.20,-12.20,-12.26,-12.12,-12.39,-12.12,-11.76,-12.04,-12.34,-12.12,-11.85,-12.04,-12.20,-12.12,-11.85,-11.90,-12.20,-11.76,-11.98,-12.04,-12.04,-11.90,-11.90,-11.90,-11.98,-12.04,-11.90,-12.04,-11.76,-12.12,-11.68,-11.98,-11.90,-11.98,-11.90,-12.12,-11.98,-11.90,-12.39,-12.26,-11.68,-12.26,-12.26,-11.76,-12.34,-12.12,-11.63,-12.20,-11.98,-12.39,-12.20,-11.98,-12.04,-11.98,-11.76,-11.63,-12.12,-12.12,-11.76,-11.98,-11.85,-11.85,-11.98,-12.12,-12.04,-11.98,-11.98,-12.12,-12.20,-12.20,-12.04,-12.39,-11.85,-12.20,-11.85,-12.39,-11.98,-12.20,-11.90,-12.26,-12.20,-12.04,-11.98,-11.68,-12.34,-12.34,-12.04,-11.90,-11.98,-11.98,-12.34,-11.85,-12.20,-12.20,-12.20,-11.98,-11.90,-11.98,-12.04,-11.90,-12.20,-11.63,-11.90,-12.04,-11.98,-11.90,-12.12,-12.04,-12.12,-11.98,-12.20,-12.12,-12.20,-11.98,-11.98,-11.90,-12.04,-12.04,-12.12,-12.04,-11.98,-11.76,-11.98,-11.98,-11.55,-11.90,-11.90,-11.85,-11.76,-12.26,-11.98,-11.98,-12.34,-12.04,-11.76,-11.98,-11.85,-11.55,-11.27,-11.68,-11.63,-11.49,-11.55,-11.85,-11.68,-11.49,-11.41,-11.27,-11.76,-11.55,-11.55,-11.49,-11.68,-11.68,-11.68,-11.85,-11.63,-11.27,-11.49,-11.19,-11.36,-11.55,-11.41,-11.98,-11.41,-11.55,-11.68,-11.27,-11.68,-11.41,-11.55,-11.49,-11.19,-11.76,-11.49,-11.68,-11.49,-11.63,-11.41,-11.36,-11.85,-11.49,-11.55,-11.90,-11.55,-11.98,-12.12,-11.68,-11.85,-11.90,-11.90,-11.63,-11.85,-11.90,-11.63,-12.20,-11.68,-12.20,-12.04,-11.85,-12.12,-11.90,-11.98,-11.76,-11.85,-12.12,-11.98,-11.98,-11.68,-11.85,-11.85,-11.90,-11.41,-11.68,-12.04,-12.20,-11.90,-11.85,-11.90,-11.68,-11.90,-12.04,-11.76,-11.98,-12.04,-12.04,-12.04,-11.98,-11.90,-12.20,-12.20,-12.12,-11.55,-12.12,-12.12,-12.20,-11.90,-12.04,-11.98,-11.90,-12.20,-12.26,-12.26,-12.04,-11.63,-12.04,-11.68,-11.85,-12.12,-12.12,-12.20,-12.04,-12.34,-11.98,-12.12,-12.04,-12.12,-11.85,-12.12,-11.98,-12.26,-11.85,-11.68,-11.98,-11.90,-12.12,-12.20,-12.04,-12.12,-11.85,-11.90,-12.04,-12.39,-12.26,-12.26,-11.98,-12.20,-12.26,-11.98,-11.90,-12.26,-11.98,-12.12,-12.34,-11.90,-12.39,-12.20,-12.12,-12.04,-12.04,-12.26,-12.34,-11.90,-12.34,-11.76,-12.12,-11.68,-11.85,-11.68,-11.98,-12.04,-12.04,-12.20,-11.76,-12.04,-11.90,-12.12,-11.85,-12.34,-12.04,-11.98,-11.98,-12.26,-12.34,-12.34,-11.76,-11.68,-12.12,-11.98,-11.90,-12.12,-11.76,-11.90,-12.56,-12.34,-12.26,-11.90,-12.56,-12.39,-12.26,-12.04,-12.70,-12.34,-12.04,-12.26,-12.48,-12.48,-12.34,-12.26,-12.39,-12.20,-12.04,-12.48,-12.39,-12.39,-12.56,-12.39,-12.70,-12.70,-12.48,-12.48
-12.34,-12.39,-12.34,-12.26,-12.56,-12.61,-12.48,-12.61,-12.61,-12.04,-12.34,-12.61,-12.34,-12.39,-12.56,-12.34,-12.26,-12.04,-12.20,-12.48,-12.39,-12.48,-12.48,-12.04,-12.56,-12.04,-12.12,-12.20,-11.98,-12.26,-11.98,-12.12,-12.20,-12.34,-12.20,-12.12,-12.34,-12.39,-12.12,-12.26,-12.39,-12.34,-12.34,-12.26,-12.39,-12.39,-12.12,-12.34,-11.98,-12.20,-11.63,-12.34,-12.26,-12.12,-12.12,-11.76,-12.04,-11.98,-11.85,-11.98,-11.98,-12.26,-11.90,-11.85,-12.26,-12.12,-11.90,-12.20,-11.90,-11.98,-11.90,-11.90,-11.90,-11.55,-11.90,-12.20,-12.20,-11.85,-12.20,-12.34,-12.20,-12.34,-12.26,-12.04,-11.85,-12.34,-12.12,-12.12,-11.90,-12.20,-11.90,-12.34,-12.26,-12.20,-12.12,-11.98,-12.12,-11.90,-12.12,-12.48,-12.26,-12.48,-12.34,-12.34,-12.26,-11.98,-11.90,-11.98,-11.63,-11.76,-12.20,-11.85,-11.98,-11.68,-11.85,-12.04,-12.04,-11.68,-12.26,-12.04,-11.85,-12.34,-12.12,-11.98,-12.04,-11.90,-12.39,-12.20,-11.98,-11.76,-11.76,-12.12,-12.04,-12.12,-12.12,-11.90,-11.98,-11.98,-12.12,-12.04,-11.90,-11.98,-12.12,-12.20,-12.04,-11.68,-12.12,-12.20,-11.90,-12.04,-11.98,-11.98,-11.85,-12.20,-12.26,-11.90,-11.98,-12.12,-11.98,-11.90,-11.85,-12.12,-11.90,-12.20,-11.85,-11.68,-11.98,-11.90,-11.63,-11.49,-11.41,-11.27,-11.63,-11.49,-11.63,-11.41,-11.49,-11.76,-11.63,-11.63,-11.85,-11.90,-11.55,-11.55,-11.55,-11.68,-11.76,-11.55,-11.68,-11.41,-11.55,-11.90,-11.63,-11.41,-11.49,-11.76,-11.49,-11.49,-11.98,-11.19,-11.68,-11.41,-11.68,-11.76,-11.41,-11.36,-11.55,-11.63,-11.49,-11.63,-11.68,-11.49,-11.76,-11.76,-11.63,-11.85,-11.68,-11.76,-11.85,-11.76,-11.90,-11.90,-11.98,-11.90,-11.68,-11.98,-12.12,-12.04,-12.04,-11.68,-11.55,-11.98,-12.04,-11.63,-12.12,-11.85,-11.85,-11.68,-12.26,-12.04,-11.98,-11.98,-11.90,-11.90,-12.34,-12.12,-12.20,-11.90,-11.90,-11.85,-11.90,-11.63,-12.04,-12.20,-12.04,-12.12,-12.20,-11.90,-12.26,-11.90,-12.20,-11.98,-12.26,-11.98,-12.20,-12.12,-12.04,-12.20,-12.20,-12.20,-12.12,-12.39,-12.12,-11.98,-11.98,-12.04,-11.90,-11.98,-12.04,-12.04,-12.20,-12.20,-11.98,-11.98,-11.98,-12.12,-12.26,-12.12,-12.39,-12.20,-12.20,-12.12,-12.34,-12.39,-11.90,-12.12,-11.98,-12.26,-11.90,-11.90,-11.90,-12.39,-12.20,-12.34,-12.34,-12.04,-12.26,-12.20,-12.20,-11.90,-12.20,-12.26,-12.04,-12.34,-12.26,-11.85,-11.90,-11.90,-12.34,-12.39,-12.04,-12.04,-12.20,-11.90,-12.34,-12.20,-11.90,-12.04,-11.90,-11.98,-12.12,-12.26,-11.85,-11.68,-12.04,-12.04,-12.04,-11.98,-12.12,-12.26,-12.04,-12.20,-12.34,-11.85,-12.04,-12.26,-12.26,-12.04,-12.04,-12.39,-12.12,-12.20,-11.68,-12.34,-12.39,-12.39,-12.26,-12.70,-12.48,-12.20,-11.90,-12.34,-12.34,-12.39,-12.20,-12.20,-12.26,-12.48,-12.48,-12.39,-12.34,-12.12,-12.26,-12.48,-12.39,-12.39,-12.56,-12.04,-12.34,-12.56,-12.56,-12.61
-12.70,-12.34,-12.48,-12.56,-12.56,-12.70,-12.61,-12.56,-12.70,-12.04,-12.39,-12.39,-12.04,-11.90,-12.34,-12.34,-12.48,-12.26,-12.12,-12.39,-12.56,-12.34,-12.39,-11.98,-12.39,-12.20,-12.12,-12.39,-12.04,-12.26,-12.20,-12.48,-12.34,-12.20,-12.26,-12.20,-12.12,-12.39,-12.12,-12.20,-12.39,-12.12,-12.12,-12.20,-11.85,-12.26,-12.34,-11.98,-11.76,-11.90,-11.98,-11.98,-12.39,-11.90,-12.26,-11.98,-12.04,-12.34,-12.04,-12.04,-11.85,-11.98,-12.12,-12.12,-11.90,-11.85,-12.04,-12.04,-12.34,-11.90,-11.90,-11.98,-11.90,-12.20,-12.04,-12.12,-12.04,-12.04,-12.12,-12.20,-12.12,-12.12,-12.39,-12.20,-12.20,-11.90,-12.56,-11.90,-12.34,-11.98,-12.34,-12.26,-12.34,-12.20,-12.12,-12.12,-12.04,-12.04,-11.85,-12.12,-11.90,-11.76,-12.34,-12.26,-12.12,-11.90,-12.12,-11.90,-11.98,-11.85,-11.98,-11.90,-11.90,-12.12,-11.76,-11.85,-11.90,-12.04,-12.04,-11.98,-11.76,-12.26,-11.90,-12.20,-11.90,-12.34,-11.90,-11.98,-11.90,-12.26,-11.90,-12.26,-11.90,-11.98,-11.98,-12.04,-11.98,-12.04,-11.90,-12.12,-11.98,-12.04,-12.04,-12.12,-12.12,-12.04,-11.85,-12.04,-11.90,-12.12,-11.90,-11.90,-12.12,-12.20,-11.98,-12.04,-12.20,-12.12,-12.26,-11.90,-11.98,-11.90,-12.12,-11.90,-11.90,-12.12,-11.85,-11.90,-11.68,-11.85,-11.41,-11.36,-11.68,-11.68,-11.76,-11.68,-11.76,-11.49,-11.55,-11.68,-11.63,-11.85,-11.55,-11.76,-11.55,-11.55,-11.90,-11.68,-11.41,-11.85,-11.63,-11.68,-11.76,-11.63,-11.63,-11.85,-11.55,-11.63,-11.36,-11.68,-11.76,-11.41,-11.63,-11.63,-11.76,-11.63,-11.85,-11.63,-11.41,-11.55,-11.68,-11.63,-11.55,-11.68,-11.68,-11.90,-11.76,-11.85,-12.26,-11.98,-11.76,-11.98,-11.76,-11.76,-12.34,-12.20,-11.98,-11.68,-11.49,-11.85,-11.98,-11.85,-11.76,-11.68,-11.90,-12.39,-12.34,-11.68,-12.04,-12.12,-12.04,-12.04,-12.04,-11.98,-12.12,-11.90,-12.26,-12.20,-12.04,-12.34,-11.98,-11.76,-11.98,-12.12,-12.20,-11.76,-11.85,-11.76,-12.20,-11.98,-12.12,-11.76,-12.04,-12.04,-12.26,-11.63,-12.20,-11.76,-11.90,-12.04,-11.98,-12.12,-12.20,-12.04,-11.85,-11.98,-12.12,-12.12,-12.04,-12.04,-11.98,-12.04,-11.85,-12.04,-11.98,-11.90,-11.98,-12.04,-12.26,-11.98,-12.12,-11.90,-12.12,-11.98,-11.98,-11.98,-12.12,-12.12,-12.12,-12.34,-11.98,-12.26,-12.04,-11.90,-12.12,-12.48,-12.20,-12.39,-12.04,-12.12,-12.48,-11.90,-11.76,-11.98,-12.48,-11.90,-12.34,-12.34,-12.12,-12.39,-12.04,-11.90,-12.20,-11.90,-12.39,-11.90,-12.12,-11.98,-12.34,-11.90,-11.98,-11.90,-11.76,-12.12,-12.20,-12.04,-12.34,-12.39,-12.04,-11.98,-12.12,-12.26,-12.04,-12.34,-12.34,-12.20,-11.90,-12.04,-12.20,-12.20,-12.12,-12.34,-12.26,-12.04,-12.20,-12.20,-12.26,-12.26,-12.48,-12.39,-12.26,-12.26,-12.12,-12.20,-12.26,-12.34,-12.39,-12.34,-12.20,-12.26,-12.61,-12.34,-12.48,-12.48,-12.39,-12.20,-12.34,-12.39,-12.56,-12.39,-12.70,-12.26
-12.39,-12.12,-12.56,-12.48,-12.56,-11.98,-11.98,-11.98,-12.61,-12.34,-12.34,-12.83,-12.92,-12.48,-12.34,-12.78,-12.20,-12.61,-12.12,-12.39,-12.39,-12.20,-12.48,-12.26,-12.12,-11.90,-12.12,-12.34,-12.12,-11.98,-12.26,-12.26,-12.26,-12.34,-12.04,-12.26,-12.04,-12.04,-12.12,-12.20,-12.12,-12.12,-11.85,-12.12,-12.04,-12.20,-12.20,-11.85,-12.04,-11.90,-11.98,-12.04,-12.12,-11.90,-12.20,-12.34,-11.98,-11.98,-11.63,-12.20,-11.90,-11.90,-11.85,-11.98,-12.04,-12.04,-11.90,-12.04,-12.12,-11.90,-11.85,-11.90,-11.85,-11.85,-12.34,-12.26,-12.12,-11.98,-12.20,-11.98,-12.56,-12.12,-12.34,-12.12,-12.12,-11.98,-12.26,-12.26,-12.26,-11.98,-12.04,-11.90,-12.34,-12.12,-11.98,-11.90,-11.90,-12.04,-12.20,-12.04,-11.85,-12.20,-11.98,-11.85,-12.04,-12.34,-11.98,-11.85,-12.20,-11.90,-11.98,-12.20,-11.90,-12.26,-12.04,-11.85,-12.26,-11.76,-11.85,-12.04,-12.34,-11.76,-11.98,-12.12,-11.90,-11.90,-12.04,-12.20,-11.76,-12.26,-11.98,-11.85,-11.98,-12.04,-12.04,-11.98,-11.98,-12.04,-11.98,-12.26,-12.04,-12.04,-12.12,-11.90,-12.26,-11.98,-11.90,-11.90,-11.90,-12.12,-11.90,-11.98,-12.04,-11.68,-11.76,-11.55,-12.04,-11.98,-11.76,-11.68,-11.76,-11.98,-11.98,-11.68,-11.63,-11.85,-11.76,-11.55,-11.68,-11.76,-11.41,-11.49,-11.76,-11.36,-11.63,-11.55,-11.41,-11.68,-11.90,-11.68,-11.76,-11.41,-11.98,-11.85,-11.68,-11.68,-11.63,-11.98,-11.68,-11.36,-11.63,-11.63,-11.63,-11.85,-11.85,-11.76,-11.68,-11.90,-11.68,-11.27,-11.98,-11.36,-11.41,-11.55,-11.49,-11.68,-11.27,-11.00,-11.55,-11.63,-11.63,-11.19,-11.68,-11.63,-11.36,-11.68,-11.76,-11.90,-12.26,-12.04,-11.98,-11.68,-12.12,-12.39,-12.12,-12.04,-11.98,-11.98,-11.90,-12.04,-11.63,-11.76,-11.85,-11.55,-12.12,-11.76,-11.98,-11.76,-12.04,-12.20,-11.55,-12.20,-12.26,-11.98,-12.20,-11.85,-11.85,-11.68,-12.12,-12.12,-11.98,-11.90,-12.26,-12.26,-12.20,-11.90,-12.04,-12.39,-11.85,-11.85,-11.98,-12.20,-11.90,-11.98,-11.90,-11.98,-11.98,-11.41,-11.90,-11.76,-11.98,-12.12,-12.04,-12.04,-12.04,-12.12,-11.98,-12.20,-12.04,-12.12,-12.26,-12.12,-12.26,-12.39,-11.98,-11.98,-11.90,-11.98,-11.90,-12.20,-12.20,-11.98,-12.04,-12.04,-12.20,-12.12,-11.98,-12.12,-11.98,-12.04,-11.85,-11.98,-12.04,-12.20,-12.04,-11.90,-12.12,-11.90,-12.04,-12.34,-11.90,-12.34,-12.12,-11.98,-11.90,-12.12,-12.34,-12.20,-11.90,-12.04,-12.12,-11.98,-12.26,-12.26,-11.85,-11.85,-11.85,-11.68,-12.20,-11.68,-12.12,-11.85,-12.12,-11.85,-11.85,-11.76,-11.98,-12.39,-12.34,-12.20,-12.20,-12.20,-11.98,-11.76,-12.04,-12.39,-12.48,-12.48,-12.34,-12.39,-12.34,-12.04,-12.12,-12.12,-11.98,-12.34,-12.48,-12.48,-12.12,-12.04,-12.20,-12.34,-12.12,-12.26,-12.39,-11.98,-12.34,-12.48,-12.20,-12.20,-12.39,-12.04,-11.98,-12.26,-12.61,-12.26,-12.61,-12.61,-12.39,-12.56,-12.39,-12.34
-12.78,-12.56,-12.56,-12.39,-12.56,-12.56,-12.48,-12.56,-12.26,-12.26,-12.39,-12.61,-12.39,-12.34,-12.04,-12.48,-12.70,-12.61,-12.39,-12.34,-12.34,-12.20,-12.48,-12.39,-12.20,-11.90,-12.12,-12.12,-12.39,-12.20,-12.26,-11.85,-11.98,-12.26,-12.34,-12.04,-12.12,-11.98,-12.04,-12.26,-12.34,-12.26,-12.04,-12.48,-11.76,-12.04,-12.20,-11.90,-12.20,-12.26,-12.12,-12.26,-12.12,-11.98,-11.85,-11.76,-12.04,-12.12,-11.98,-12.26,-12.12,-11.76,-12.12,-12.04,-12.12,-11.85,-12.20,-12.26,-12.34,-11.98,-11.90,-12.20,-11.98,-12.34,-12.12,-11.98,-11.90,-12.04,-12.04,-12.20,-12.26,-12.12,-12.26,-12.26,-11.90,-12.04,-12.12,-12.20,-11.85,-12.04,-12.20,-12.12,-12.20,-11.98,-12.04,-12.12,-12.20,-12.12,-12.39,-12.26,-11.76,-11.90,-12.12,-11.85,-12.12,-11.76,-12.20,-11.98,-12.04,-11.85,-12.20,-12.12,-12.39,-12.12,-11.90,-11.90,-12.12,-12.04,-12.34,-12.20,-12.04,-11.90,-12.04,-11.98,-12.20,-12.12,-12.20,-12.26,-11.98,-12.04,-12.20,-11.98,-12.20,-12.20,-11.85,-11.90,-11.90,-11.85,-12.12,-11.63,-12.20,-12.04,-12.04,-12.12,-11.98,-11.98,-12.20,-11.85,-12.26,-11.98,-12.26,-11.98,-12.04,-12.12,-11.90,-11.98,-12.04,-11.90,-12.04,-11.55,-11.98,-11.76,-11.85,-11.85,-11.90,-12.34,-11.90,-11.85,-11.85,-11.63,-11.76,-11.55,-11.63,-11.55,-11.63,-11.63,-11.49,-11.63,-11.76,-11.41,-11.63,-11.55,-11.68,-11.85,-11.49,-11.63,-11.55,-11.68,-11.68,-11.27,-11.68,-11.76,-11.68,-11.36,-11.41,-11.68,-11.98,-11.85,-11.55,-11.90,-11.76,-11.49,-11.98,-11.63,-11.63,-11.41,-11.68,-11.49,-11.85,-11.36,-11.49,-11.55,-11.63,-11.76,-11.63,-11.85,-11.90,-11.90,-11.76,-12.12,-11.76,-12.12,-11.98,-12.26,-11.90,-11.98,-11.68,-11.98,-11.85,-12.34,-11.90,-11.85,-12.12,-12.04,-11.76,-12.20,-12.04,-11.98,-12.04,-11.85,-11.90,-11.98,-12.04,-12.12,-11.90,-11.98,-12.04,-12.26,-12.20,-12.04,-11.90,-11.90,-11.98,-12.04,-12.12,-12.20,-11.68,-12.04,-12.20,-12.04,-11.90,-11.90,-12.12,-12.20,-12.04,-12.26,-11.85,-12.26,-11.98,-11.98,-12.04,-12.12,-12.20,-11.98,-12.04,-11.98,-11.85,-12.39,-12.12,-12.26,-12.39,-11.68,-12.34,-11.98,-11.90,-12.12,-12.04,-11.90,-12.04,-12.26,-12.12,-12.12,-12.12,-11.90,-11.85,-12.12,-12.20,-12.20,-11.90,-12.26,-11.90,-12.04,-12.04,-12.26,-11.98,-11.76,-12.56,-12.26,-12.12,-11.98,-12.26,-11.76,-12.34,-12.20,-12.34,-11.85,-11.76,-12.20,-12.26,-12.04,-12.26,-12.12,-12.39,-12.34,-12.20,-12.20,-11.76,-11.68,-12.26,-11.90,-12.26,-11.85,-11.90,-12.26,-12.12,-11.68,-12.12,-11.98,-12.34,-12.04,-11.98,-12.26,-11.85,-12.12,-12.26,-12.56,-12.26,-12.26,-12.34,-12.26,-12.39,-12.34,-12.26,-11.90,-12.04,-12.39,-12.34,-12.34,-12.20,-12.34,-12.20,-12.20,-12.34,-12.56,-12.26,-12.48,-12.26,-12.26,-12.26,-12.48,-12.48,-12.70,-12.34,-12.48,-12.34,-12.61,-12.20,-12.39,-12.48,-12.56,-12.39,-12.56
-12.61,-12.39,-12.26,-12.78,-12.39,-12.39,-12.48,-12.39,-12.56,-12.34,-12.39,-12.56,-12.56,-12.34,-12.56,-12.39,-12.48,-12.12,-12.39,-12.34,-12.34,-12.04,-12.39,-12.34,-12.20,-12.04,-12.04,-12.12,-12.26,-11.98,-11.98,-12.20,-12.04,-12.39,-12.20,-11.98,-12.34,-12.20,-12.26,-11.98,-11.85,-12.39,-12.04,-12.04,-12.26,-12.20,-12.04,-12.20,-12.04,-12.04,-12.20,-12.34,-11.85,-12.12,-11.98,-11.98,-12.26,-11.90,-12.04,-12.12,-12.04,-11.76,-11.76,-12.04,-11.85,-11.98,-11.90,-12.04,-11.76,-11.98,-11.90,-11.90,-11.85,-11.98,-12.04,-11.85,-11.98,-11.98,-11.98,-11.90,-12.04,-12.20,-11.85,-12.26,-12.20,-12.20,-12.04,-11.85,-11.76,-12.26,-12.26,-12.34,-12.34,-12.26,-12.39,-12.20,-11.90,-12.12,-12.34,-11.68,-12.34,-12.20,-12.12,-11.68,-12.12,-12.34,-11.98,-12.20,-11.98,-11.85,-11.76,-12.04,-12.04,-11.76,-11.90,-11.90,-11.98,-11.98,-12.34,-11.90,-11.90,-12.12,-11.98,-12.04,-12.12,-11.98,-12.04,-12.12,-12.20,-12.20,-12.12,-12.04,-12.12,-11.98,-12.12,-11.68,-11.85,-12.12,-12.04,-11.98,-11.85,-12.26,-11.85,-11.98,-12.12,-11.85,-12.04,-12.04,-12.34,-11.85,-12.04,-12.12,-12.04,-11.85,-12.04,-12.04,-12.20,-11.98,-12.04,-11.76,-12.26,-12.04,-11.90,-12.04,-11.98,-11.76,-11.90,-12.04,-11.76,-11.63,-11.55,-11.76,-11.76,-11.98,-11.68,-11.63,-11.85,-11.49,-11.85,-11.41,-11.55,-11.63,-11.41,-11.76,-11.49,-11.41,-11.76,-11.76,-11.76,-11.55,-11.55,-11.76,-11.68,-11.68,-11.68,-11.41,-11.85,-11.63,-11.68,-11.55,-11.68,-11.49,-11.68,-11.63,-11.98,-11.85,-11.27,-11.68,-11.85,-11.36,-11.41,-11.55,-11.63,-12.04,-12.04,-11.76,-11.90,-11.85,-12.04,-12.04,-11.85,-11.76,-11.76,-11.85,-12.04,-12.04,-11.76,-12.20,-11.85,-11.76,-11.76,-11.85,-11.68,-12.12,-11.90,-12.12,-11.76,-11.76,-11.55,-11.98,-12.12,-12.26,-12.26,-11.90,-11.90,-11.98,-11.90,-12.04,-11.90,-11.85,-12.04,-11.98,-12.20,-11.90,-11.90,-11.90,-12.20,-11.90,-12.04,-11.68,-12.12,-12.34,-11.76,-12.04,-12.34,-12.04,-11.90,-12.34,-11.90,-11.98,-12.26,-11.90,-12.04,-12.04,-12.12,-12.12,-11.90,-12.04,-12.12,-11.68,-12.04,-12.04,-12.20,-12.04,-11.76,-12.26,-11.85,-11.98,-12.04,-12.04,-11.98,-11.76,-12.20,-11.98,-12.04,-12.04,-12.04,-12.26,-12.20,-12.20,-12.12,-11.98,-11.98,-12.26,-12.04,-12.39,-12.34,-11.90,-12.34,-12.04,-11.85,-12.12,-11.68,-12.56,-12.12,-12.04,-12.12,-12.04,-12.12,-12.20,-12.61,-12.12,-11.98,-11.98,-12.39,-11.90,-12.20,-11.85,-12.04,-12.12,-12.20,-11.90,-12.20,-11.98,-11.98,-12.20,-12.34,-12.12,-11.85,-11.90,-12.20,-11.98,-11.98,-12.04,-12.12,-12.12,-11.98,-11.76,-11.98,-12.04,-11.90,-12.20,-11.98,-12.26,-12.12,-12.04,-12.61,-12.26,-12.04,-12.26,-12.26,-12.12,-12.20,-12.34,-12.26,-12.34,-12.12,-12.34,-12.39,-12.20,-12.20,-12.20,-12.20,-12.34,-12.48,-12.78,-12.34,-12.61,-12.34,-12.61,-12.61,-12.56
-12.48,-12.34,-12.34,-11.98,-12.26,-12.70,-12.39,-12.48,-12.56,-12.39,-12.70,-12.20,-12.78,-12.04,-12.12,-12.04,-12.56,-12.26,-11.98,-12.12,-12.04,-12.61,-12.20,-12.04,-12.12,-12.04,-11.98,-12.12,-12.12,-12.20,-12.12,-12.20,-11.98,-12.04,-12.20,-12.04,-11.68,-12.12,-11.90,-11.90,-11.98,-12.12,-12.12,-12.20,-11.90,-11.98,-12.26,-12.04,-12.04,-12.04,-11.85,-11.98,-11.90,-11.85,-12.04,-11.90,-12.34,-11.90,-12.12,-11.90,-12.20,-11.98,-11.90,-11.68,-11.98,-12.04,-12.26,-12.04,-12.20,-11.90,-11.49,-12.04,-11.90,-12.39,-11.90,-12.12,-11.76,-12.04,-11.76,-12.04,-11.98,-12.12,-11.98,-12.20,-12.48,-11.98,-12.26,-12.12,-11.90,-12.39,-11.98,-11.85,-11.90,-11.98,-12.04,-11.90,-12.26,-12.04,-12.12,-12.04,-11.98,-11.98,-12.20,-11.76,-12.12,-12.04,-11.98,-11.85,-12.26,-11.98,-11.98,-11.85,-12.04,-12.12,-11.76,-11.90,-11.90,-12.04,-12.26,-11.68,-12.12,-12.20,-11.76,-11.98,-12.20,-12.04,-12.04,-12.20,-12.20,-12.12,-11.90,-12.04,-12.12,-12.04,-12.04,-11.63,-12.12,-11.90,-11.90,-11.90,-12.20,-12.04,-11.76,-11.98,-12.26,-12.04,-12.04,-11.90,-12.04,-11.85,-12.20,-11.98,-11.90,-11.98,-11.90,-12.04,-11.63,-12.12,-11.98,-12.12,-12.04,-12.20,-12.26,-12.04,-11.90,-11.68,-11.49,-11.98,-11.85,-11.55,-11.68,-11.63,-11.68,-11.41,-11.63,-11.76,-11.49,-11.41,-11.68,-11.85,-11.98,-11.76,-11.76,-11.36,-11.63,-11.55,-11.76,-11.63,-11.63,-11.49,-11.76,-11.49,-11.68,-11.68,-11.63,-11.41,-11.76,-11.63,-11.68,-11.76,-11.27,-11.63,-11.68,-11.49,-11.63,-11.76,-11.41,-11.63,-11.68,-11.55,-11.19,-11.41,-11.19,-11.76,-12.12,-11.76,-11.68,-12.04,-11.90,-11.98,-11.98,-11.90,-11.85,-11.76,-11.85,-11.85,-12.20,-12.20,-12.04,-11.68,-11.98,-11.63,-11.98,-11.63,-11.90,-11.98,-11.63,-12.12,-12.12,-12.04,-12.12,-11.76,-12.12,-11.85,-11.98,-12.04,-11.90,-11.98,-11.76,-12.12,-12.12,-11.85,-11.85,-12.04,-12.34,-12.20,-12.04,-11.85,-12.04,-12.26,-11.76,-11.90,-12.12,-12.12,-12.12,-11.90,-11.76,-11.85,-11.63,-11.85,-11.98,-12.20,-12.04,-11.98,-12.26,-12.26,-12.12,-11.98,-11.76,-12.26,-12.04,-11.76,-12.34,-11.98,-12.12,-12.12,-12.12,-11.98,-12.26,-11.98,-11.98,-12.04,-11.98,-12.04,-11.98,-12.20,-12.61,-12.26,-12.34,-12.04,-12.04,-12.20,-12.04,-12.20,-12.20,-11.98,-12.26,-12.26,-12.39,-11.98,-12.12,-12.12,-12.12,-12.12,-12.26,-12.56,-12.34,-12.04,-12.04,-12.04,-11.76,-12.48,-12.34,-12.26,-11.90,-12.04,-11.76,-11.90,-12.04,-12.12,-12.26,-11.76,-12.12,-12.34,-11.98,-11.63,-12.12,-11.63,-12.20,-11.63,-12.04,-12.12,-12.26,-12.26,-12.26,-12.12,-11.98,-12.20,-12.20,-11.85,-12.12,-12.04,-12.26,-12.12,-12.12,-12.34,-12.34,-12.26,-12.20,-12.26,-12.12,-12.34,-12.26,-12.34,-12.04,-12.34,-12.78,-12.12,-12.12,-12.39,-12.26,-12.12,-12.20,-12.39,-12.34,-12.34,-12.20,-12.39,-12.26,-12.48,-12.34,-12.12
-12.56,-12.48,-12.26,-12.48,-12.92,-12.78,-12.39,-12.39,-12.61,-12.12,-12.56,-12.26,-12.78,-12.34,-11.90,-12.48,-11.90,-12.20,-12.39,-12.20,-12.20,-11.90,-12.20,-12.48,-12.12,-12.20,-12.04,-12.26,-12.12,-11.98,-12.26,-12.12,-11.98,-11.85,-12.20,-12.26,-12.20,-12.26,-11.98,-11.85,-12.20,-11.90,-12.26,-12.20,-12.04,-12.12,-11.98,-12.26,-11.76,-12.04,-11.90,-12.04,-12.20,-12.20,-11.76,-11.90,-12.26,-12.04,-12.12,-12.20,-12.04,-11.98,-11.98,-11.90,-11.90,-11.90,-11.63,-12.04,-12.04,-11.85,-11.85,-11.85,-12.20,-11.63,-12.26,-11.90,-11.90,-11.85,-11.85,-12.61,-12.04,-12.34,-12.04,-11.98,-11.90,-12.04,-12.04,-11.98,-12.20,-11.98,-12.04,-12.12,-11.98,-12.26,-12.20,-11.76,-12.26,-11.85,-11.85,-12.39,-12.04,-11.90,-12.04,-11.85,-11.90,-11.90,-12.20,-12.04,-11.85,-12.12,-11.85,-12.04,-11.85,-11.98,-12.39,-11.98,-12.34,-12.12,-12.04,-12.04,-11.85,-12.12,-11.90,-12.12,-11.63,-12.12,-12.04,-11.85,-12.20,-12.04,-11.98,-11.90,-11.63,-12.04,-12.20,-11.98,-11.90,-11.98,-11.98,-12.04,-12.04,-11.68,-11.98,-11.98,-11.98,-12.04,-12.12,-12.34,-11.90,-11.76,-11.90,-11.76,-12.04,-12.26,-12.12,-11.98,-12.12,-11.85,-11.90,-12.04,-12.04,-11.98,-11.76,-11.90,-11.98,-12.04,-11.90,-11.85,-11.90,-11.68,-12.04,-11.41,-11.63,-11.68,-11.27,-11.76,-11.68,-11.68,-11.49,-11.85,-11.98,-11.68,-11.76,-11.90,-11.85,-11.90,-11.41,-11.36,-11.68,-11.19,-11.76,-11.76,-11.68,-11.49,-11.63,-11.63,-11.76,-11.55,-11.55,-11.55,-11.49,-11.55,-11.49,-11.49,-11.76,-11.63,-11.49,-11.68,-11.19,-11.27,-11.49,-11.49,-11.68,-11.68,-11.85,-11.85,-11.76,-12.04,-11.90,-12.20,-11.98,-12.04,-11.90,-12.12,-11.76,-11.98,-12.20,-11.90,-12.20,-11.90,-11.90,-11.90,-11.76,-11.63,-12.12,-11.98,-12.04,-11.98,-12.12,-11.98,-12.04,-11.98,-11.90,-11.76,-11.98,-12.04,-11.98,-11.76,-11.90,-11.98,-11.76,-11.85,-11.98,-12.20,-11.68,-12.12,-11.90,-11.68,-11.76,-11.68,-12.04,-12.04,-12.12,-12.12,-12.04,-11.98,-12.04,-12.04,-12.26,-11.98,-12.20,-12.48,-12.04,-11.98,-11.85,-11.68,-12.04,-12.34,-12.20,-12.12,-11.68,-11.90,-12.12,-11.90,-11.90,-12.20,-12.34,-12.39,-12.12,-11.76,-11.90,-11.98,-11.98,-12.12,-12.12,-11.68,-12.04,-11.76,-12.34,-12.20,-12.39,-12.12,-12.39,-12.20,-12.04,-12.12,-11.85,-12.20,-11.98,-12.20,-12.26,-12.26,-11.90,-12.04,-12.26,-12.26,-12.12,-12.39,-12.48,-11.90,-12.34,-12.20,-12.12,-11.68,-12.04,-12.20,-12.12,-11.85,-11.98,-11.90,-11.85,-12.04,-12.12,-12.20,-12.20,-11.85,-12.39,-11.90,-12.26,-12.48,-12.26,-11.85,-12.20,-12.20,-11.90,-12.04,-12.34,-12.34,-11.90,-12.48,-12.34,-12.34,-12.20,-12.12,-12.20,-12.20,-12.39,-11.90,-12.20,-12.12,-12.20,-12.12,-12.26,-12.34,-12.78,-12.26,-12.26,-12.26,-12.04,-12.26,-12.26,-12.12,-12.48,-12.48,-12.26,-12.56,-12.39,-12.39,-12.34,-12.48,-12.39,-12.70
-12.56,-12.61,-12.61,-12.56,-12.34,-12.39,-12.61,-12.39,-12.48,-12.39,-12.39,-12.48,-12.61,-12.04,-12.61,-12.20,-12.70,-12.20,-12.20,-12.26,-12.48,-12.48,-12.48,-12.12,-11.68,-12.12,-12.12,-12.26,-12.20,-12.04,-12.39,-12.26,-12.39,-12.12,-12.34,-12.04,-12.04,-12.12,-11.90,-11.90,-11.76,-11.85,-12.04,-12.12,-11.85,-11.90,-12.04,-11.85,-12.20,-12.20,-11.98,-11.90,-11.98,-11.68,-12.04,-11.85,-12.04,-11.76,-11.68,-11.85,-11.85,-11.68,-12.12,-12.12,-12.34,-12.04,-12.04,-11.76,-11.98,-12.04,-12.26,-11.98,-12.20,-12.20,-11.90,-11.76,-11.90,-12.04,-12.20,-12.26,-11.98,-11.98,-12.12,-12.34,-12.20,-12.34,-11.76,-11.98,-12.26,-12.04,-12.56,-11.98,-12.12,-12.20,-12.04,-12.04,-11.98,-12.04,-11.90,-12.12,-11.98,-11.90,-12.04,-11.85,-12.04,-12.04,-12.34,-12.20,-12.20,-12.20,-12.04,-11.98,-12.26,-12.04,-12.12,-12.39,-12.26,-11.98,-11.76,-12.26,-12.34,-11.76,-11.90,-11.90,-11.98,-12.20,-11.90,-12.12,-11.98,-12.04,-12.12,-12.20,-12.20,-11.90,-12.20,-12.04,-11.98,-11.98,-12.34,-11.98,-11.98,-11.98,-12.04,-12.39,-11.90,-12.20,-11.98,-11.98,-12.04,-12.04,-11.90,-11.85,-11.68,-12.12,-11.98,-11.98,-11.98,-12.04,-12.12,-11.90,-12.12,-12.04,-11.90,-12.20,-11.90,-12.12,-12.04,-11.90,-11.36,-11.76,-11.68,-11.76,-11.76,-11.85,-11.98,-11.76,-11.76,-11.68,-11.55,-11.76,-11.76,-12.04,-11.63,-11.85,-11.85,-11.63,-11.85,-11.90,-11.76,-11.90,-11.55,-11.49,-11.76,-11.41,-11.90,-11.41,-11.90,-11.68,-11.68,-11.55,-11.41,-11.76,-11.49,-11.76,-11.41,-11.90,-11.41,-11.49,-11.85,-11.55,-11.55,-11.49,-11.68,-11.90,-11.68,-11.98,-11.90,-11.98,-12.26,-11.85,-11.98,-11.55,-11.98,-11.85,-11.85,-12.12,-11.90,-11.90,-11.90,-11.90,-11.90,-12.12,-11.76,-11.55,-11.98,-12.20,-11.98,-11.90,-11.98,-11.98,-12.20,-11.55,-11.63,-11.90,-12.20,-11.85,-12.26,-11.76,-12.12,-11.98,-11.98,-11.76,-11.76,-11.85,-11.63,-11.85,-12.04,-12.04,-12.26,-11.85,-11.76,-11.90,-11.76,-12.12,-12.12,-12.26,-12.20,-11.76,-12.04,-12.34,-11.76,-12.20,-12.20,-11.85,-11.98,-12.04,-12.04,-12.12,-12.12,-11.98,-12.04,-12.12,-12.12,-12.04,-11.98,-12.04,-11.98,-12.20,-12.26,-12.20,-12.26,-11.68,-12.04,-12.20,-12.34,-12.12,-12.26,-12.12,-12.20,-12.04,-12.12,-12.34,-12.20,-12.34,-12.26,-12.20,-11.98,-12.12,-11.98,-11.90,-12.34,-12.04,-12.04,-12.12,-11.85,-12.34,-11.98,-11.98,-12.12,-11.85,-12.26,-12.20,-12.26,-12.04,-11.90,-12.20,-12.12,-11.85,-12.04,-11.98,-11.76,-11.85,-11.90,-12.04,-11.98,-11.90,-11.90,-12.20,-11.90,-11.85,-12.20,-12.12,-11.90,-11.90,-12.12,-11.90,-12.20,-12.48,-12.26,-12.04,-12.12,-12.12,-12.20,-12.04,-12.20,-12.34,-12.04,-12.12,-12.12,-12.12,-12.56,-12.26,-12.20,-12.61,-12.26,-12.20,-12.26,-12.26,-12.12,-12.20,-12.20,-12.48,-12.26,-12.48,-12.34,-12.34,-12.26,-12.56,-12.34,-12.12,-12.26,-12.34
-12.56,-12.39,-12.70,-12.48,-12.26,-12.48,-12.20,-12.34,-12.34,-12.56,-12.26,-12.39,-12.61,-12.34,-12.39,-11.98,-11.90,-12.34,-12.12,-12.39,-12.12,-12.20,-12.20,-12.26,-12.12,-12.20,-12.04,-12.12,-12.04,-12.26,-12.12,-12.34,-12.20,-11.76,-12.04,-12.12,-12.12,-12.04,-12.34,-11.76,-12.20,-12.04,-12.26,-12.12,-11.63,-11.90,-12.34,-11.98,-12.04,-12.34,-11.85,-12.56,-11.98,-11.98,-11.85,-12.04,-12.12,-11.76,-12.20,-12.12,-11.98,-12.12,-11.98,-12.12,-12.04,-11.98,-12.04,-11.85,-11.68,-11.85,-11.68,-11.90,-12.04,-12.20,-11.90,-11.85,-11.98,-11.90,-12.04,-11.76,-11.98,-12.20,-11.90,-12.26,-12.12,-12.26,-11.98,-11.98,-12.39,-11.85,-11.90,-12.12,-12.12,-12.12,-11.98,-12.20,-11.98,-11.98,-11.68,-11.68,-11.98,-12.12,-12.12,-12.20,-11.98,-11.90,-12.12,-11.98,-12.04,-11.98,-12.48,-11.98,-12.12,-11.85,-11.98,-12.20,-12.20,-11.76,-12.04,-12.04,-12.20,-12.04,-12.04,-11.90,-12.04,-12.12,-11.85,-11.85,-11.90,-12.04,-12.20,-12.26,-11.76,-12.12,-11.98,-11.98,-11.98,-12.12,-12.20,-11.90,-12.04,-11.76,-12.20,-12.20,-12.39,-11.76,-11.98,-11.98,-12.04,-12.04,-11.90,-12.04,-12.04,-11.90,-11.76,-11.98,-12.04,-11.68,-11.98,-11.85,-12.04,-12.26,-11.68,-12.12,-11.76,-11.90,-11.98,-11.85,-11.41,-11.49,-11.63,-11.68,-11.68,-11.85,-11.63,-11.63,-11.68,-11.76,-11.55,-11.76,-11.41,-11.85,-11.76,-12.04,-11.41,-11.85,-11.36,-11.63,-11.68,-11.55,-11.41,-11.55,-11.41,-11.49,-11.85,-11.55,-11.68,-11.63,-11.55,-11.68,-11.55,-11.76,-11.68,-11.76,-11.55,-11.49,-11.41,-11.85,-11.63,-11.41,-11.27,-11.49,-11.49,-11.76,-11.68,-11.85,-11.85,-12.12,-11.85,-11.98,-12.04,-12.12,-12.26,-11.98,-11.76,-11.76,-11.85,-12.04,-12.12,-12.20,-11.90,-12.04,-12.26,-11.76,-11.98,-11.63,-11.85,-12.12,-11.90,-12.12,-11.85,-12.20,-11.90,-11.76,-11.85,-12.12,-12.12,-12.12,-11.76,-12.04,-12.26,-12.04,-11.90,-12.12,-11.98,-11.76,-12.04,-11.90,-11.90,-12.04,-11.98,-12.20,-12.12,-12.20,-12.04,-12.12,-12.12,-11.98,-12.04,-11.68,-12.04,-11.90,-11.98,-11.98,-11.90,-12.26,-11.98,-12.20,-12.20,-12.12,-12.12,-12.12,-11.90,-12.56,-12.20,-11.98,-11.85,-12.04,-11.98,-12.39,-11.85,-12.20,-11.76,-12.34,-12.26,-11.90,-12.04,-12.04,-12.12,-12.12,-11.98,-11.98,-12.26,-12.04,-11.98,-12.34,-11.98,-12.20,-12.04,-11.98,-12.20,-12.34,-11.98,-12.34,-12.20,-11.90,-11.98,-12.26,-12.39,-12.26,-12.34,-12.39,-11.76,-12.26,-11.98,-12.04,-11.85,-12.04,-11.63,-11.76,-11.85,-11.98,-12.12,-12.12,-12.04,-12.04,-12.39,-12.20,-12.26,-11.90,-12.20,-12.26,-11.76,-11.98,-12.26,-11.76,-11.90,-12.39,-12.26,-12.20,-12.20,-11.85,-12.34,-12.20,-12.26,-12.39,-12.26,-11.85,-12.26,-12.12,-12.56,-12.34,-11.98,-12.34,-12.04,-12.26,-12.56,-12.48,-12.56,-12.04,-12.48,-12.26,-12.20,-12.04,-12.39,-12.20,-12.34,-12.34,-12.56,-12.48,-12.20,-12.39
-12.34,-12.39,-12.61,-12.48,-12.34,-12.39,-12.83,-12.34,-12.39,-12.34,-12.39,-12.48,-12.48,-12.12,-12.48,-11.98,-12.34,-12.12,-12.34,-12.26,-12.39,-12.48,-12.04,-12.20,-12.04,-12.26,-12.39,-12.39,-12.26,-12.12,-12.39,-12.56,-12.20,-12.34,-12.26,-12.34,-12.26,-12.12,-12.04,-12.04,-12.20,-12.20,-12.26,-12.12,-12.20,-12.04,-12.34,-12.12,-12.39,-12.20,-11.98,-12.26,-12.48,-12.04,-12.12,-12.34,-11.63,-11.76,-12.04,-12.20,-12.04,-11.98,-11.90,-12.20,-11.98,-11.68,-11.85,-12.12,-12.12,-12.20,-11.76,-12.61,-12.04,-11.85,-12.26,-11.85,-12.12,-12.12,-11.90,-12.12,-12.34,-12.12,-12.48,-11.98,-12.48,-11.98,-11.98,-12.26,-11.90,-12.39,-12.04,-12.12,-11.90,-11.85,-11.98,-12.26,-12.12,-12.12,-12.39,-12.39,-12.04,-12.12,-11.85,-11.98,-11.76,-11.98,-12.34,-11.98,-11.68,-11.98,-12.20,-11.90,-11.90,-12.12,-12.34,-12.34,-11.85,-11.85,-12.04,-12.34,-11.98,-12.12,-12.04,-12.04,-12.04,-12.20,-12.12,-12.20,-12.20,-11.98,-12.20,-12.34,-12.20,-12.26,-11.90,-12.26,-12.34,-11.76,-12.12,-11.98,-12.04,-12.12,-12.26,-12.12,-12.04,-12.12,-12.12,-11.85,-12.34,-12.04,-11.85,-12.34,-11.68,-12.12,-11.90,-12.04,-12.12,-12.26,-11.49,-11.85,-11.85,-12.12,-11.90,-11.68,-11.90,-11.76,-12.12,-11.85,-11.63,-11.63,-11.63,-11.63,-11.36,-11.68,-11.68,-11.49,-11.49,-11.41,-11.90,-11.41,-11.63,-11.36,-11.98,-11.68,-11.90,-11.85,-11.63,-11.63,-11.41,-11.41,-11.63,-11.76,-11.90,-11.55,-11.41,-11.63,-11.63,-11.55,-11.41,-11.90,-11.76,-11.68,-11.76,-11.49,-11.63,-11.36,-11.36,-11.14,-11.36,-11.49,-11.76,-11.49,-11.27,-11.90,-11.76,-11.76,-12.34,-12.12,-11.90,-11.55,-12.04,-11.90,-11.90,-11.76,-11.85,-12.26,-12.20,-11.76,-11.68,-11.90,-11.76,-11.85,-12.26,-12.20,-11.90,-11.63,-11.98,-11.68,-12.26,-12.12,-12.04,-11.98,-12.12,-12.20,-11.68,-12.04,-11.68,-12.04,-11.90,-11.98,-11.90,-11.76,-12.26,-12.04,-11.90,-11.98,-12.04,-11.85,-11.68,-12.04,-11.98,-11.98,-11.85,-12.04,-11.90,-11.90,-12.04,-11.98,-12.34,-11.98,-11.98,-11.98,-11.63,-11.98,-11.68,-12.39,-12.34,-12.04,-12.12,-12.20,-12.39,-12.20,-12.04,-12.04,-12.26,-12.04,-12.04,-11.90,-11.90,-12.20,-12.48,-12.34,-11.98,-11.98,-12.20,-12.04,-11.90,-12.20,-12.12,-12.26,-11.85,-12.26,-11.98,-11.98,-12.12,-12.12,-11.90,-12.12,-12.34,-11.98,-11.90,-12.12,-12.34,-12.20,-12.26,-12.04,-12.04,-12.39,-12.56,-12.12,-11.90,-11.98,-12.26,-12.12,-12.12,-12.12,-12.26,-11.98,-12.12,-11.76,-11.76,-12.04,-11.90,-12.26,-12.04,-11.63,-12.04,-12.39,-12.20,-12.20,-12.26,-11.90,-11.98,-12.04,-12.39,-12.20,-12.26,-11.90,-12.39,-12.04,-12.26,-12.39,-12.34,-12.20,-12.26,-12.48,-11.90,-11.98,-12.12,-12.34,-11.98,-11.76,-12.26,-12.34,-12.12,-12.39,-12.20,-12.39,-12.04,-12.39,-12.39,-12.26,-12.39,-12.26,-12.56,-12.39,-12.20,-12.34,-12.20,-12.48,-12.70,-12.83
-12.26,-12.70,-12.48,-12.56,-12.48,-12.39,-12.34,-12.56,-12.56,-12.61,-12.39,-12.26,-12.70,-12.26,-12.34,-12.34,-12.20,-12.56,-12.20,-12.48,-11.90,-12.34,-12.26,-11.90,-12.56,-12.34,-12.20,-12.26,-11.85,-12.12,-12.20,-12.39,-11.90,-12.12,-11.90,-12.12,-12.34,-11.90,-12.26,-12.12,-12.26,-11.90,-12.04,-12.26,-12.26,-12.26,-12.04,-12.20,-12.20,-12.20,-12.04,-12.12,-12.04,-11.98,-11.76,-12.04,-11.90,-11.90,-12.12,-11.85,-12.12,-11.98,-12.12,-12.04,-12.20,-12.12,-12.12,-11.98,-12.26,-12.12,-11.55,-11.85,-11.76,-11.85,-12.12,-11.68,-11.68,-11.90,-11.90,-12.26,-12.26,-12.39,-11.90,-11.98,-11.85,-12.04,-12.04,-12.04,-12.26,-12.26,-12.04,-12.34,-12.20,-12.48,-12.20,-12.04,-12.12,-11.90,-12.26,-12.56,-11.98,-12.04,-12.04,-11.90,-12.04,-11.90,-12.04,-12.04,-11.76,-12.04,-11.90,-12.04,-11.90,-12.12,-12.04,-12.04,-11.85,-11.76,-12.20,-12.26,-12.04,-11.98,-11.98,-11.98,-12.34,-12.04,-11.98,-12.34,-11.98,-11.98,-12.26,-12.04,-12.48,-12.04,-12.12,-11.90,-11.76,-12.04,-11.85,-11.98,-12.20,-12.26,-11.90,-12.04,-12.04,-11.85,-11.98,-11.76,-11.98,-12.04,-12.04,-11.90,-11.85,-11.98,-11.85,-11.68,-11.76,-11.85,-11.68,-11.68,-11.98,-12.04,-12.04,-11.68,-11.98,-12.04,-11.90,-11.85,-11.76,-11.76,-11.36,-11.55,-11.76,-11.55,-11.90,-11.68,-11.85,-11.49,-11.63,-11.49,-11.41,-11.85,-11.85,-11.41,-11.63,-11.49,-11.41,-11.63,-11.55,-11.68,-11.41,-11.63,-11.68,-11.55,-11.90,-11.76,-11.55,-11.55,-11.76,-11.85,-11.85,-11.63,-11.63,-11.49,-11.36,-11.41,-11.27,-11.76,-11.63,-11.76,-11.68,-11.06,-11.55,-11.55,-11.76,-12.20,-12.20,-11.85,-12.04,-11.85,-12.04,-11.85,-12.12,-11.76,-12.12,-11.98,-12.20,-11.76,-11.98,-11.98,-12.34,-12.04,-11.76,-12.12,-11.90,-11.76,-11.06,-11.63,-12.26,-11.85,-12.12,-11.68,-12.12,-12.12,-12.26,-12.20,-11.98,-11.98,-11.98,-12.04,-12.12,-12.20,-12.26,-12.26,-12.12,-12.12,-12.20,-11.68,-11.63,-11.76,-11.90,-11.98,-11.68,-12.04,-11.90,-12.04,-12.20,-12.04,-12.34,-11.98,-12.04,-12.04,-11.98,-11.98,-12.04,-12.04,-11.90,-12.39,-12.12,-12.04,-11.98,-11.98,-11.98,-12.20,-12.04,-12.34,-12.04,-11.90,-12.12,-12.20,-11.98,-12.20,-12.39,-12.20,-12.12,-12.12,-11.76,-12.48,-12.20,-12.26,-12.04,-12.26,-12.20,-12.04,-12.04,-12.26,-11.76,-12.34,-12.20,-12.04,-11.98,-11.90,-11.85,-12.39,-11.90,-12.20,-12.20,-12.12,-12.39,-11.90,-12.12,-12.39,-12.04,-12.34,-12.20,-12.12,-11.98,-11.68,-11.90,-11.98,-12.20,-12.12,-12.34,-12.04,-11.90,-11.90,-11.85,-11.55,-12.04,-11.85,-12.12,-11.98,-12.04,-12.12,-12.20,-12.34,-12.20,-12.34,-12.34,-11.90,-12.12,-12.20,-11.76,-12.12,-12.39,-11.90,-12.26,-12.04,-11.90,-12.26,-12.34,-12.12,-12.48,-12.26,-12.39,-12.34,-12.34,-12.20,-12.34,-12.92,-12.26,-12.39,-12.26,-12.26,-12.34,-12.39,-12.39,-12.39,-12.61,-12.20,-12.70,-12.39
-12.26,-12.48,-12.48,-12.56,-12.61,-12.12,-12.56,-12.12,-12.26,-12.04,-12.48,-12.61,-12.26,-12.39,-12.61,-12.34,-12.12,-11.98,-12.34,-12.04,-11.90,-12.26,-12.12,-12.12,-12.12,-12.70,-11.98,-12.12,-12.20,-11.98,-12.04,-12.39,-12.39,-11.85,-12.56,-11.85,-11.90,-12.20,-12.12,-11.85,-12.04,-11.98,-11.76,-11.98,-12.34,-12.39,-12.12,-12.26,-11.98,-11.98,-11.98,-12.04,-12.12,-12.20,-11.98,-12.04,-12.39,-11.90,-11.98,-12.39,-11.98,-12.20,-11.41,-12.04,-12.04,-12.12,-12.04,-12.04,-12.12,-11.85,-11.85,-11.76,-12.04,-11.85,-11.98,-11.90,-11.98,-11.85,-12.26,-12.34,-11.68,-11.90,-12.04,-11.98,-11.85,-12.04,-12.26,-12.04,-12.12,-12.26,-12.04,-12.48,-12.20,-12.39,-12.20,-12.12,-12.04,-12.04,-11.76,-11.98,-11.85,-12.12,-12.26,-11.98,-12.04,-12.12,-12.34,-12.12,-12.20,-12.04,-11.98,-12.20,-11.98,-11.85,-12.12,-12.12,-11.98,-11.85,-11.90,-11.98,-12.12,-11.98,-11.98,-12.12,-11.76,-11.98,-11.90,-12.34,-11.90,-12.26,-12.12,-11.90,-12.04,-12.12,-11.85,-12.20,-12.34,-11.76,-11.90,-11.98,-11.85,-11.98,-12.12,-11.85,-11.85,-11.90,-12.04,-12.26,-12.26,-11.90,-11.68,-12.04,-12.26,-11.98,-12.04,-11.90,-11.90,-11.76,-11.76,-11.98,-11.90,-11.85,-11.98,-11.90,-11.90,-11.90,-11.63,-11.76,-11.90,-11.49,-11.68,-11.90,-11.85,-11.68,-11.63,-11.55,-11.90,-11.68,-11.76,-11.98,-11.68,-11.63,-11.85,-11.55,-11.76,-12.04,-11.49,-11.68,-11.41,-11.76,-11.55,-11.63,-11.68,-11.90,-11.90,-11.55,-11.76,-11.76,-11.68,-11.63,-11.41,-11.36,-11.41,-11.36,-11.27,-11.85,-11.55,-11.41,-11.68,-11.55,-11.49,-11.55,-11.55,-11.85,-11.76,-11.90,-11.68,-11.85,-12.04,-11.98,-11.98,-12.04,-11.98,-11.85,-11.90,-11.90,-12.04,-12.12,-11.85,-11.85,-11.68,-11.85,-11.85,-11.68,-11.76,-11.98,-11.41,-11.14,-11.49,-11.76,-11.63,-12.04,-11.68,-11.76,-11.90,-11.68,-12.04,-11.85,-11.68,-12.12,-12.26,-12.04,-11.98,-11.76,-12.12,-11.68,-11.98,-12.39,-12.20,-12.20,-12.04,-11.98,-11.90,-11.85,-11.98,-12.04,-12.04,-11.90,-11.98,-12.04,-11.98,-11.85,-11.98,-12.04,-11.85,-12.20,-12.20,-11.98,-11.98,-12.04,-12.12,-11.85,-11.76,-12.04,-12.12,-11.90,-11.98,-12.20,-11.90,-12.04,-12.20,-12.20,-12.12,-12.39,-12.20,-12.12,-11.76,-11.85,-12.04,-12.34,-12.20,-12.34,-11.85,-12.04,-12.48,-12.04,-12.20,-11.90,-12.34,-12.04,-11.85,-12.04,-12.04,-12.04,-12.04,-12.12,-11.76,-12.39,-11.98,-11.90,-12.26,-12.12,-12.34,-12.26,-11.98,-11.90,-11.90,-11.68,-11.90,-12.34,-12.04,-11.98,-11.85,-11.90,-12.04,-11.76,-11.68,-11.76,-11.85,-12.20,-12.20,-12.12,-12.04,-11.98,-11.98,-11.85,-12.26,-12.04,-12.26,-12.04,-12.39,-11.68,-12.20,-12.26,-12.12,-12.26,-12.12,-12.04,-12.12,-12.20,-11.98,-12.34,-11.98,-12.39,-12.12,-12.39,-12.34,-12.34,-11.68,-12.34,-12.48,-12.26,-12.20,-12.70,-12.39,-12.34,-12.34,-12.56,-12.61,-12.61,-12.34,-12.70
-12.48,-12.48,-12.56,-12.61,-12.12,-12.34,-12.48,-12.70,-12.26,-12.56,-12.83,-12.39,-12.20,-12.39,-12.34,-12.39,-12.26,-12.56,-12.34,-12.20,-12.70,-12.20,-12.12,-12.39,-12.20,-12.12,-12.26,-12.20,-12.20,-12.48,-12.04,-12.12,-11.85,-12.26,-12.12,-12.26,-11.98,-11.98,-12.20,-12.12,-12.26,-12.20,-12.12,-12.34,-12.04,-11.98,-12.26,-12.12,-12.04,-12.26,-12.26,-12.39,-11.98,-12.12,-11.98,-11.98,-11.98,-11.90,-12.12,-12.04,-11.98,-11.98,-12.04,-12.12,-11.98,-11.90,-11.98,-12.04,-12.04,-11.68,-11.76,-11.98,-12.12,-11.76,-12.20,-11.68,-11.98,-12.20,-12.20,-12.34,-12.34,-12.26,-12.12,-12.12,-12.04,-12.20,-12.20,-12.12,-12.04,-12.48,-12.20,-12.12,-12.12,-12.12,-12.20,-11.85,-11.98,-12.12,-12.04,-11.98,-12.34,-11.98,-12.12,-12.04,-12.20,-12.20,-11.98,-12.12,-11.98,-12.12,-11.98,-11.76,-12.12,-12.20,-12.39,-11.98,-12.20,-11.98,-12.20,-12.20,-12.20,-11.98,-11.90,-11.90,-12.20,-12.20,-12.12,-12.12,-11.98,-12.04,-12.26,-11.76,-11.90,-12.20,-12.12,-11.90,-12.12,-11.90,-12.12,-11.98,-11.98,-12.12,-11.98,-11.85,-12.04,-11.98,-11.98,-12.34,-11.76,-12.12,-11.98,-11.85,-12.12,-11.98,-12.12,-11.85,-12.04,-11.90,-11.85,-11.68,-12.20,-11.98,-11.90,-11.76,-11.98,-11.55,-11.76,-11.76,-11.49,-11.68,-11.63,-11.49,-11.98,-11.55,-11.98,-11.55,-11.55,-11.41,-11.90,-11.41,-11.76,-11.41,-11.55,-11.55,-11.49,-11.49,-11.63,-11.63,-11.63,-11.49,-11.63,-11.55,-11.76,-11.76,-11.63,-11.55,-11.41,-11.90,-11.41,-11.85,-11.55,-11.63,-11.85,-11.55,-11.68,-11.41,-11.49,-11.68,-11.68,-11.85,-12.04,-11.55,-11.55,-11.85,-11.98,-11.98,-11.98,-11.85,-12.12,-12.20,-11.90,-12.26,-12.04,-11.76,-11.90,-11.90,-12.04,-11.98,-11.98,-11.85,-11.98,-12.20,-12.26,-11.68,-12.04,-11.98,-11.98,-11.27,-10.84,-11.55,-11.68,-11.55,-11.85,-11.68,-12.39,-12.26,-11.85,-12.26,-11.98,-11.85,-12.04,-11.98,-11.98,-11.98,-11.90,-11.85,-11.63,-11.85,-11.85,-12.04,-12.26,-11.85,-12.34,-12.20,-12.12,-12.04,-11.90,-11.76,-12.04,-11.98,-11.98,-11.68,-11.98,-11.98,-11.90,-12.04,-12.20,-12.04,-11.98,-11.85,-12.04,-12.04,-12.26,-12.12,-12.20,-12.12,-12.20,-11.90,-12.20,-12.20,-12.34,-12.12,-11.98,-11.85,-12.04,-12.26,-12.12,-11.76,-11.90,-12.26,-11.90,-12.12,-12.04,-12.12,-12.12,-12.04,-12.20,-12.12,-12.12,-12.26,-11.98,-12.12,-12.26,-12.12,-12.04,-12.12,-12.20,-12.26,-12.12,-12.12,-12.56,-12.39,-12.12,-12.26,-12.20,-12.48,-12.20,-11.68,-11.98,-12.20,-11.90,-11.90,-12.26,-12.20,-12.26,-12.04,-12.12,-11.85,-11.98,-12.12,-12.26,-12.20,-12.34,-12.26,-12.26,-12.20,-11.90,-11.85,-12.20,-12.48,-12.39,-12.20,-12.12,-11.98,-12.20,-12.04,-12.20,-12.26,-12.20,-12.12,-12.20,-12.48,-12.20,-12.12,-12.34,-12.04,-12.61,-12.34,-12.20,-12.34,-12.39,-12.48,-12.34,-12.39,-12.61,-12.48,-12.70,-12.26,-12.26,-12.12,-12.56,-12.34
-12.48,-12.56,-12.61,-12.56,-12.48,-12.78,-12.48,-12.48,-12.20,-12.56,-12.04,-12.20,-12.48,-12.20,-12.26,-12.20,-12.39,-12.04,-12.56,-12.20,-12.26,-12.34,-12.12,-12.34,-11.63,-12.34,-11.90,-12.20,-12.78,-12.20,-12.34,-12.20,-12.12,-12.12,-12.34,-12.70,-11.55,-12.26,-12.20,-11.76,-12.04,-11.98,-12.12,-11.98,-11.98,-12.48,-12.12,-12.20,-12.12,-11.85,-11.98,-11.98,-11.90,-11.90,-12.04,-11.98,-11.68,-11.85,-12.12,-11.98,-11.76,-11.90,-11.98,-11.85,-11.90,-11.90,-12.04,-12.12,-11.98,-12.20,-11.63,-11.85,-11.76,-11.85,-11.68,-11.90,-11.90,-11.90,-11.98,-12.34,-12.34,-12.26,-12.04,-12.20,-11.85,-12.12,-12.04,-12.20,-11.90,-12.12,-12.12,-11.85,-11.85,-12.20,-11.90,-12.04,-12.12,-11.98,-11.98,-11.85,-11.85,-11.98,-11.98,-11.98,-12.26,-12.26,-12.12,-11.90,-12.26,-11.98,-12.04,-12.20,-12.26,-12.26,-11.90,-11.90,-11.98,-12.04,-12.12,-11.98,-12.04,-12.12,-11.98,-12.20,-11.85,-12.39,-12.12,-11.98,-12.04,-12.34,-12.04,-12.12,-12.04,-12.12,-11.85,-12.20,-11.90,-12.12,-12.04,-12.26,-12.04,-12.04,-12.04,-12.04,-12.04,-12.12,-11.85,-11.90,-12.12,-11.90,-11.90,-12.04,-11.90,-12.12,-11.98,-11.98,-12.26,-12.12,-11.63,-11.98,-11.90,-11.98,-11.90,-12.04,-11.76,-11.85,-12.04,-12.04,-11.98,-11.85,-11.55,-11.63,-11.85,-11.41,-11.90,-11.49,-11.41,-11.68,-11.63,-11.41,-11.68,-11.68,-12.04,-11.76,-11.55,-11.49,-11.49,-11.85,-11.36,-11.27,-11.63,-11.49,-11.55,-11.63,-11.68,-11.63,-11.68,-11.85,-11.90,-11.76,-11.36,-11.41,-11.49,-11.90,-11.41,-11.63,-11.49,-11.63,-11.68,-11.76,-11.36,-12.12,-11.90,-11.90,-12.04,-11.76,-11.76,-11.98,-11.98,-12.26,-11.98,-11.85,-11.76,-11.90,-11.68,-11.90,-11.68,-11.98,-11.63,-11.85,-12.04,-11.76,-11.85,-11.90,-11.98,-11.76,-11.85,-11.68,-10.65,-10.92,-11.63,-11.55,-12.12,-11.85,-11.90,-11.85,-11.98,-11.85,-11.68,-11.98,-11.68,-11.85,-11.98,-12.34,-12.04,-12.20,-11.98,-11.98,-11.98,-11.98,-12.12,-12.20,-11.68,-12.26,-12.04,-11.98,-11.90,-11.90,-12.12,-11.98,-11.90,-11.90,-12.12,-11.98,-12.26,-12.20,-12.56,-11.98,-12.34,-12.04,-11.98,-12.20,-12.12,-12.04,-11.85,-11.85,-12.26,-12.04,-12.04,-12.26,-12.20,-11.90,-12.20,-12.04,-12.20,-12.20,-12.12,-12.20,-12.20,-12.26,-12.20,-12.39,-11.90,-12.12,-12.39,-12.12,-12.04,-12.34,-12.34,-12.12,-11.98,-12.39,-12.04,-11.90,-12.20,-11.98,-12.12,-12.04,-12.20,-12.04,-11.98,-12.34,-12.39,-12.04,-12.04,-12.20,-12.20,-11.85,-11.98,-11.90,-11.76,-11.98,-11.90,-12.04,-12.34,-12.34,-12.12,-11.68,-12.26,-11.98,-12.26,-11.98,-12.48,-12.26,-12.20,-11.98,-12.39,-12.20,-12.26,-12.20,-12.34,-12.20,-12.04,-11.98,-11.85,-12.26,-12.04,-12.04,-11.98,-12.34,-12.26,-12.39,-12.34,-12.34,-12.04,-11.90,-11.90,-12.04,-12.12,-11.98,-12.70,-12.34,-11.98,-12.20,-12.34,-12.48,-12.39,-12.34,-12.26,-12.48,-12.70,-12.56
-12.34,-12.39,-12.39,-12.61,-12.26,-12.48,-12.48,-12.26,-12.39,-12.20,-12.20,-12.12,-12.26,-12.39,-12.39,-12.70,-12.26,-12.56,-12.61,-12.48,-12.39,-12.70,-12.20,-12.70,-12.12,-12.34,-12.34,-12.26,-12.34,-12.34,-12.39,-12.26,-12.12,-12.34,-12.48,-12.04,-12.04,-12.39,-12.20,-11.90,-12.20,-12.04,-12.20,-12.12,-11.85,-12.26,-11.98,-12.26,-12.04,-12.04,-11.98,-11.98,-12.26,-11.90,-12.34,-12.26,-12.12,-11.98,-11.98,-11.90,-12.04,-11.63,-12.20,-12.12,-12.12,-12.20,-12.04,-11.90,-11.98,-12.12,-12.04,-11.90,-11.76,-11.76,-11.63,-12.20,-12.34,-11.90,-11.76,-12.39,-12.34,-12.26,-11.98,-12.20,-11.98,-11.85,-12.20,-12.34,-11.98,-12.04,-11.98,-11.90,-11.98,-11.90,-12.20,-11.98,-11.90,-11.90,-11.85,-12.26,-12.39,-11.90,-11.90,-11.85,-12.12,-11.76,-12.12,-11.98,-11.85,-11.98,-11.98,-11.98,-11.90,-11.98,-12.04,-11.98,-11.98,-12.04,-12.04,-12.12,-11.98,-11.98,-12.12,-11.85,-12.20,-12.26,-11.98,-11.98,-11.98,-12.04,-11.98,-12.20,-12.12,-11.98,-11.85,-11.76,-12.04,-12.12,-11.98,-12.04,-12.04,-12.12,-12.04,-11.90,-12.04,-12.04,-12.20,-12.12,-11.68,-12.04,-12.26,-11.98,-11.98,-11.76,-11.90,-12.04,-12.26,-11.85,-11.98,-11.98,-12.04,-11.98,-11.68,-12.04,-11.98,-11.68,-11.90,-11.49,-11.68,-11.63,-11.41,-11.19,-11.76,-11.55,-11.90,-11.49,-11.41,-11.76,-11.68,-11.76,-11.85,-11.49,-11.76,-11.63,-11.90,-11.41,-11.55,-11.76,-11.41,-11.85,-11.49,-11.63,-11.63,-11.98,-11.68,-11.41,-11.68,-11.76,-11.55,-11.41,-11.85,-11.85,-11.49,-11.55,-11.76,-11.63,-11.55,-11.98,-12.20,-11.36,-11.68,-11.36,-11.63,-11.63,-11.98,-11.85,-12.04,-11.90,-11.76,-11.49,-11.90,-11.85,-12.04,-11.76,-11.55,-11.85,-11.68,-12.04,-11.76,-12.04,-11.90,-11.85,-11.90,-11.63,-11.68,-11.85,-11.90,-11.68,-11.41,-10.38,-11.19,-11.76,-11.85,-11.90,-11.68,-11.98,-12.20,-11.76,-11.68,-12.20,-11.90,-11.63,-12.20,-12.20,-11.76,-11.85,-11.90,-11.76,-11.68,-12.12,-11.98,-11.98,-11.63,-11.98,-12.04,-11.85,-12.04,-11.76,-11.98,-12.12,-12.12,-12.20,-11.98,-11.90,-11.68,-11.85,-12.12,-12.26,-11.98,-12.20,-11.98,-11.85,-12.12,-11.98,-12.20,-12.34,-12.26,-12.04,-12.12,-11.85,-12.04,-12.26,-11.90,-11.90,-12.12,-11.98,-12.34,-12.04,-12.20,-12.04,-12.04,-12.04,-12.39,-12.12,-11.98,-11.98,-12.26,-12.04,-12.04,-11.90,-12.04,-11.98,-12.04,-12.04,-12.12,-12.20,-12.26,-12.26,-12.26,-12.04,-12.12,-12.26,-11.98,-12.34,-11.90,-11.90,-12.20,-12.12,-11.90,-11.85,-11.76,-12.12,-11.90,-11.90,-11.98,-11.68,-12.20,-11.98,-11.90,-12.20,-12.20,-12.39,-11.98,-12.26,-12.04,-12.04,-12.34,-12.20,-11.98,-12.04,-12.26,-12.12,-12.12,-12.34,-12.20,-12.26,-12.26,-11.98,-12.39,-12.34,-12.12,-11.98,-11.98,-12.34,-12.26,-12.20,-12.34,-12.39,-12.20,-12.39,-12.12,-12.70,-12.04,-12.26,-12.34,-12.39,-12.48,-12.48,-12.39,-12.70,-12.70,-12.34
-12.12,-12.39,-12.78,-12.26,-12.26,-12.56,-12.56,-12.39,-12.26,-12.39,-12.48,-12.34,-12.70,-12.04,-12.20,-12.34,-12.61,-12.26,-12.56,-12.48,-12.04,-12.12,-12.48,-12.26,-12.12,-12.04,-12.12,-12.20,-12.20,-11.98,-12.04,-12.20,-12.26,-12.26,-12.12,-11.98,-12.04,-12.34,-12.26,-12.34,-12.04,-12.20,-11.90,-12.04,-12.26,-12.39,-12.12,-11.98,-12.04,-12.04,-11.98,-12.20,-12.04,-11.85,-12.26,-11.98,-11.90,-12.26,-11.98,-11.98,-11.98,-12.34,-11.98,-12.39,-12.26,-11.63,-12.04,-11.98,-11.90,-12.20,-11.76,-11.68,-11.76,-12.04,-12.20,-11.98,-12.20,-12.12,-11.98,-11.76,-12.34,-12.26,-12.39,-12.12,-12.48,-11.85,-12.04,-12.20,-11.98,-12.48,-12.12,-12.34,-12.04,-11.85,-11.76,-11.85,-12.34,-11.98,-12.34,-11.98,-11.85,-12.20,-12.04,-12.04,-12.12,-12.34,-11.98,-12.04,-12.34,-12.20,-12.04,-11.98,-12.12,-12.26,-12.12,-12.20,-12.12,-12.04,-12.12,-12.26,-12.12,-12.34,-11.85,-11.85,-12.12,-12.12,-12.20,-12.26,-12.20,-12.04,-12.12,-12.12,-11.76,-12.04,-12.26,-11.85,-11.98,-12.12,-11.90,-12.12,-11.98,-12.12,-12.12,-12.04,-11.68,-12.26,-11.55,-12.04,-12.12,-12.04,-12.20,-12.04,-11.76,-12.04,-12.12,-12.04,-11.85,-11.98,-11.68,-12.04,-11.90,-12.12,-11.85,-12.12,-12.12,-11.55,-11.90,-11.68,-11.68,-11.63,-11.90,-11.76,-11.49,-11.76,-11.49,-11.76,-11.98,-11.36,-11.76,-11.49,-11.68,-11.98,-11.85,-11.55,-11.68,-11.68,-11.41,-11.76,-11.55,-11.98,-11.36,-11.55,-11.85,-11.63,-11.49,-11.55,-11.63,-11.90,-11.68,-11.85,-11.90,-11.27,-11.49,-11.41,-11.68,-11.90,-11.68,-11.90,-11.85,-11.63,-11.76,-11.76,-11.76,-11.49,-12.04,-11.85,-11.90,-12.04,-12.04,-11.90,-11.90,-11.90,-11.76,-11.90,-11.76,-11.76,-11.76,-11.63,-11.63,-11.98,-11.90,-11.90,-12.04,-11.85,-12.04,-11.85,-12.12,-11.76,-11.98,-11.41,-10.84,-11.85,-11.76,-11.98,-12.12,-12.20,-11.85,-11.90,-12.12,-12.12,-11.98,-12.20,-12.20,-12.12,-12.26,-12.26,-12.04,-11.98,-11.90,-12.34,-12.12,-11.85,-12.04,-11.90,-11.98,-12.12,-12.04,-12.04,-11.85,-11.98,-12.34,-11.98,-11.98,-12.12,-12.04,-12.12,-11.90,-12.12,-12.20,-12.20,-12.04,-11.98,-12.20,-12.12,-12.39,-12.20,-11.68,-12.26,-12.04,-12.20,-12.12,-12.34,-12.12,-12.20,-12.04,-12.04,-12.20,-12.20,-12.04,-11.85,-12.20,-12.20,-11.98,-11.90,-12.48,-12.20,-11.90,-12.12,-12.34,-12.48,-12.20,-12.26,-11.98,-12.26,-12.34,-11.76,-11.98,-12.04,-12.26,-12.34,-11.90,-12.20,-12.12,-12.26,-12.12,-11.85,-12.12,-12.04,-11.98,-11.90,-12.12,-12.04,-11.98,-12.04,-11.90,-12.12,-12.12,-12.20,-12.26,-12.20,-12.26,-12.04,-12.20,-12.34,-12.26,-12.34,-12.34,-12.34,-12.04,-12.26,-12.04,-12.04,-12.20,-11.90,-12.26,-12.34,-12.26,-12.12,-12.26,-12.34,-12.34,-12.20,-12.48,-12.34,-12.34,-12.34,-12.39,-12.34,-12.56,-12.48,-12.12,-12.39,-12.20,-12.34,-12.78,-12.20,-12.61,-11.85,-12.12,-12.39,-12.48,-12.04
-12.83,-12.78,-12.56,-12.26,-12.39,-12.61,-12.34,-12.34,-12.04,-12.20,-12.34,-12.48,-12.26,-12.48,-12.26,-12.04,-12.26,-12.20,-12.04,-12.26,-12.26,-12.26,-12.39,-12.39,-12.39,-11.98,-12.20,-12.20,-12.12,-12.26,-12.26,-12.20,-12.26,-12.34,-11.90,-12.48,-11.90,-12.34,-12.20,-12.34,-12.04,-12.26,-11.98,-12.04,-12.26,-12.26,-11.98,-11.90,-11.85,-12.04,-11.90,-12.12,-12.12,-11.76,-11.76,-11.98,-12.04,-11.98,-11.98,-12.20,-12.12,-12.12,-12.26,-11.85,-12.34,-12.12,-11.98,-11.98,-12.34,-12.04,-12.12,-11.98,-11.76,-11.85,-12.04,-11.90,-12.04,-11.85,-11.98,-12.12,-12.04,-12.12,-12.04,-11.85,-12.20,-12.39,-11.90,-12.20,-11.90,-12.12,-12.04,-11.98,-12.12,-12.04,-11.98,-12.20,-12.20,-12.12,-12.12,-12.04,-12.12,-12.12,-12.26,-12.20,-12.12,-12.26,-12.56,-11.90,-11.98,-11.98,-11.85,-11.98,-12.26,-12.20,-12.04,-12.04,-11.90,-12.12,-12.04,-12.26,-12.20,-12.04,-11.76,-12.12,-12.20,-12.12,-11.90,-12.20,-11.90,-12.20,-12.04,-11.76,-12.04,-11.85,-11.98,-11.68,-12.04,-11.76,-11.98,-12.04,-11.90,-11.90,-12.12,-12.12,-11.76,-12.12,-12.04,-12.26,-11.98,-11.90,-11.98,-12.04,-12.20,-11.90,-12.20,-12.04,-12.12,-12.04,-12.04,-11.90,-11.68,-12.20,-11.98,-12.12,-11.90,-11.76,-11.90,-11.90,-11.49,-11.63,-11.27,-11.49,-11.68,-11.68,-11.76,-11.63,-11.85,-11.49,-11.76,-11.63,-11.98,-11.49,-11.63,-11.76,-11.98,-11.49,-11.98,-11.63,-11.63,-11.76,-11.27,-11.68,-11.68,-11.85,-11.55,-11.63,-11.85,-11.85,-11.68,-11.76,-11.55,-11.85,-11.55,-11.36,-11.55,-11.55,-11.76,-11.55,-11.90,-11.55,-11.68,-11.36,-11.68,-11.55,-11.68,-11.98,-11.90,-11.63,-11.76,-12.12,-11.76,-12.04,-11.85,-11.85,-11.68,-11.98,-11.85,-11.85,-12.12,-12.12,-12.12,-12.26,-12.04,-12.04,-12.04,-11.90,-11.76,-11.98,-11.85,-11.55,-11.00,-10.71,-11.19,-11.68,-12.04,-11.76,-12.26,-11.90,-11.98,-11.85,-12.04,-11.76,-11.68,-12.04,-12.34,-12.12,-12.26,-12.20,-11.98,-11.85,-11.76,-11.68,-12.04,-11.85,-12.26,-11.90,-11.90,-12.26,-11.98,-11.98,-12.20,-11.98,-12.20,-12.04,-11.85,-12.12,-12.26,-11.90,-11.90,-12.12,-12.20,-12.20,-12.34,-12.12,-12.12,-12.12,-11.98,-12.34,-12.61,-11.98,-12.04,-12.20,-11.90,-12.48,-12.39,-12.34,-12.04,-12.39,-12.26,-12.04,-12.04,-12.26,-12.26,-12.20,-12.12,-12.26,-12.48,-11.90,-11.55,-11.98,-11.98,-12.26,-12.34,-12.34,-11.90,-12.20,-12.12,-12.04,-12.39,-11.98,-12.04,-12.20,-12.39,-12.04,-12.04,-11.98,-11.90,-11.98,-11.68,-12.34,-11.98,-11.90,-11.90,-12.04,-12.39,-12.20,-11.98,-12.39,-12.12,-12.20,-12.12,-12.34,-12.12,-12.48,-12.39,-12.12,-11.98,-11.98,-11.90,-11.90,-12.20,-12.04,-12.48,-12.26,-12.20,-12.39,-11.98,-12.04,-12.34,-12.20,-11.98,-12.56,-12.26,-12.26,-12.04,-12.48,-12.48,-12.26,-12.20,-12.39,-12.39,-12.20,-12.39,-12.39,-12.20,-12.20,-12.61,-12.61,-12.26,-12.48,-12.61,-12.48
-12.83,-12.56,-12.48,-12.61,-12.48,-12.39,-12.39,-12.20,-12.34,-12.39,-12.34,-12.70,-12.20,-11.98,-12.56,-12.34,-12.39,-12.34,-12.34,-12.12,-12.04,-12.12,-12.48,-12.48,-12.20,-12.34,-12.04,-11.90,-11.98,-12.04,-12.78,-12.04,-12.04,-12.39,-12.26,-12.34,-11.98,-12.34,-12.12,-12.26,-12.04,-12.26,-12.04,-12.12,-12.34,-12.12,-12.04,-12.34,-12.04,-11.90,-11.85,-12.34,-12.34,-12.04,-11.98,-12.04,-11.85,-11.90,-12.04,-11.90,-12.20,-11.98,-12.12,-12.04,-12.12,-12.12,-12.12,-11.90,-11.68,-12.20,-11.90,-12.20,-11.98,-12.20,-11.85,-11.98,-12.04,-12.20,-12.04,-12.20,-12.12,-12.20,-12.26,-12.20,-12.26,-12.20,-11.98,-11.98,-12.61,-12.12,-12.34,-12.26,-12.12,-12.26,-12.26,-11.90,-11.90,-12.20,-11.90,-12.04,-12.20,-11.85,-12.20,-12.20,-12.04,-12.04,-11.98,-11.98,-12.20,-11.98,-12.20,-11.90,-12.12,-11.85,-11.98,-12.26,-11.98,-12.20,-12.12,-12.12,-11.98,-12.20,-11.76,-12.12,-11.76,-11.90,-11.90,-12.12,-12.12,-11.98,-11.90,-11.76,-12.04,-12.04,-12.20,-11.98,-12.04,-11.85,-11.98,-11.85,-11.98,-12.20,-12.04,-11.90,-12.20,-11.76,-11.90,-12.26,-12.04,-11.49,-12.12,-12.12,-11.55,-11.76,-11.85,-11.85,-11.98,-11.98,-11.68,-11.90,-11.98,-11.76,-11.63,-12.20,-11.68,-11.98,-12.12,-12.04,-11.76,-11.85,-11.68,-11.55,-11.55,-11.63,-11.85,-11.68,-11.63,-11.85,-11.55,-11.41,-11.55,-11.85,-11.85,-11.49,-11.41,-11.49,-12.26,-11.68,-11.36,-11.55,-11.63,-11.63,-11.63,-11.76,-11.36,-11.85,-11.68,-11.55,-11.63,-11.90,-11.76,-11.55,-11.49,-11.41,-11.55,-11.27,-11.55,-11.63,-11.85,-11.68,-11.49,-11.19,-11.63,-11.55,-11.90,-11.98,-11.90,-11.90,-12.12,-11.85,-11.98,-11.76,-11.85,-12.12,-11.98,-11.76,-11.76,-11.76,-11.90,-12.12,-11.85,-11.90,-11.63,-12.04,-11.68,-11.85,-12.12,-11.98,-12.12,-11.68,-11.68,-10.71,-10.84,-11.36,-11.98,-11.85,-11.85,-11.90,-12.12,-11.90,-11.76,-11.90,-11.90,-12.26,-12.04,-11.98,-11.68,-11.98,-11.76,-12.39,-11.90,-11.90,-11.76,-12.26,-11.90,-12.20,-11.68,-11.76,-11.90,-12.12,-12.12,-12.12,-12.04,-12.04,-12.04,-12.26,-12.12,-11.90,-12.20,-12.04,-12.12,-12.04,-12.04,-12.34,-12.04,-11.98,-11.85,-12.26,-12.20,-11.76,-11.76,-12.20,-12.20,-12.20,-11.98,-12.26,-12.12,-12.20,-12.20,-12.12,-12.12,-11.90,-11.90,-11.98,-12.12,-12.39,-12.12,-12.26,-12.39,-12.26,-12.04,-11.90,-12.04,-11.85,-12.20,-11.98,-12.04,-12.04,-12.26,-12.12,-12.56,-12.34,-11.98,-12.12,-11.98,-12.20,-12.12,-12.12,-12.48,-12.04,-11.98,-11.90,-11.98,-11.90,-12.20,-12.20,-11.98,-11.85,-11.98,-12.39,-12.34,-12.04,-12.20,-12.39,-12.34,-12.04,-12.26,-12.26,-11.98,-11.98,-11.90,-11.90,-12.26,-11.90,-11.68,-12.04,-12.26,-12.34,-11.90,-12.04,-11.98,-12.20,-12.39,-12.61,-12.04,-11.85,-11.85,-12.12,-12.26,-12.48,-12.04,-11.98,-12.39,-12.12,-12.20,-12.39,-12.26,-11.90,-12.26,-12.26,-12.48,-12.39
-12.61,-12.56,-12.56,-12.70,-12.20,-12.39,-12.70,-12.26,-12.20,-12.20,-12.20,-12.12,-12.70,-12.61,-12.04,-12.20,-12.39,-12.48,-12.34,-12.48,-12.34,-12.34,-12.12,-12.26,-12.26,-11.85,-12.20,-12.04,-12.20,-12.26,-12.12,-11.98,-12.34,-12.20,-11.90,-12.26,-12.20,-11.98,-12.04,-12.39,-11.85,-12.12,-12.26,-11.98,-11.85,-12.20,-12.04,-12.34,-11.90,-12.26,-11.90,-11.85,-12.20,-12.26,-11.85,-12.20,-12.04,-12.12,-11.90,-11.98,-11.76,-11.90,-11.98,-11.68,-11.98,-12.04,-12.48,-11.68,-11.98,-12.26,-11.85,-12.04,-12.04,-12.04,-11.76,-11.76,-11.55,-11.98,-12.34,-11.98,-12.12,-12.20,-12.12,-12.04,-12.26,-11.90,-12.20,-12.04,-11.98,-12.20,-12.26,-11.90,-12.12,-12.04,-12.12,-12.20,-12.12,-11.98,-12.12,-12.12,-12.26,-11.90,-11.90,-12.12,-12.04,-11.98,-12.12,-11.98,-11.85,-12.34,-12.04,-12.39,-12.26,-12.04,-12.04,-11.98,-11.98,-11.85,-12.26,-11.98,-12.26,-11.90,-11.76,-11.76,-11.90,-11.85,-11.68,-12.20,-11.76,-11.85,-11.98,-11.68,-12.12,-11.76,-11.76,-12.20,-12.26,-11.68,-11.98,-11.85,-12.04,-11.98,-12.04,-11.76,-11.85,-11.90,-11.76,-11.68,-12.20,-11.76,-12.12,-11.90,-12.04,-12.12,-11.85,-11.90,-11.85,-12.20,-12.20,-12.20,-11.76,-12.12,-11.63,-12.26,-11.98,-11.85,-11.76,-11.90,-11.68,-11.49,-11.49,-11.90,-11.76,-11.41,-11.49,-11.68,-11.55,-11.63,-11.76,-11.36,-11.76,-11.63,-11.55,-11.76,-11.68,-11.49,-11.55,-11.49,-11.36,-11.90,-11.76,-11.98,-11.49,-11.49,-11.85,-11.76,-11.90,-11.49,-11.68,-11.49,-11.76,-11.55,-11.49,-11.85,-11.55,-11.68,-11.41,-11.41,-11.55,-11.55,-11.76,-11.55,-11.85,-11.63,-11.98,-11.98,-11.85,-12.04,-12.12,-11.90,-11.76,-11.98,-11.90,-11.90,-11.76,-11.85,-11.90,-11.98,-11.90,-11.98,-12.12,-11.68,-11.98,-11.90,-11.98,-12.26,-12.04,-12.20,-11.90,-11.76,-12.34,-11.63,-10.38,-11.27,-11.76,-11.85,-11.90,-12.12,-12.12,-11.85,-11.68,-11.98,-11.98,-11.90,-12.12,-12.04,-12.26,-12.04,-11.63,-11.98,-12.12,-12.12,-11.85,-12.26,-12.04,-11.98,-11.90,-11.85,-11.55,-11.90,-11.68,-12.34,-12.04,-12.12,-11.90,-12.34,-11.68,-12.04,-12.34,-12.20,-12.34,-12.26,-12.26,-12.04,-11.98,-11.98,-12.04,-12.26,-12.20,-11.68,-12.04,-12.04,-11.85,-12.20,-12.26,-12.20,-12.20,-12.26,-12.56,-12.61,-12.12,-12.12,-11.98,-12.12,-12.04,-11.90,-11.98,-12.12,-12.12,-12.12,-12.26,-12.39,-12.20,-12.04,-12.12,-11.98,-12.26,-12.04,-11.98,-11.98,-12.26,-12.20,-12.34,-12.56,-12.26,-12.20,-12.39,-11.85,-12.26,-12.04,-12.26,-11.98,-12.20,-11.90,-11.98,-12.20,-12.20,-12.20,-12.26,-12.26,-12.12,-11.76,-12.26,-12.04,-12.04,-12.20,-11.98,-11.90,-12.48,-12.34,-12.26,-12.04,-12.20,-12.04,-12.20,-12.39,-12.34,-12.20,-12.20,-11.98,-12.34,-12.34,-12.48,-12.39,-12.34,-11.76,-11.98,-12.48,-12.20,-12.26,-12.48,-12.61,-12.34,-12.12,-12.48,-12.26,-12.34,-12.48,-12.26,-12.56,-12.20,-12.61
-12.39,-12.56,-12.34,-12.39,-12.26,-12.56,-12.61,-12.56,-12.48,-12.12,-12.48,-12.34,-12.04,-12.48,-12.56,-12.39,-12.20,-12.12,-11.90,-12.12,-12.12,-12.48,-12.34,-12.12,-11.85,-11.98,-12.26,-12.12,-11.98,-12.04,-12.39,-12.20,-11.85,-12.26,-12.20,-12.26,-12.04,-11.90,-12.04,-12.26,-12.04,-12.04,-11.98,-11.98,-12.20,-12.12,-11.90,-11.98,-12.20,-12.20,-12.34,-12.04,-12.48,-12.20,-12.34,-12.26,-11.85,-12.26,-11.90,-12.20,-11.76,-11.76,-12.12,-12.26,-12.04,-11.85,-11.90,-11.98,-11.85,-12.04,-12.20,-11.90,-11.63,-12.26,-11.76,-12.04,-12.04,-11.76,-12.20,-12.04,-11.90,-11.85,-12.26,-12.39,-12.20,-11.76,-12.26,-12.12,-12.48,-11.98,-11.98,-12.20,-12.20,-12.12,-12.04,-11.98,-12.04,-12.04,-12.12,-11.90,-11.90,-11.98,-12.04,-11.98,-12.04,-11.98,-12.04,-12.20,-12.26,-12.04,-11.98,-12.04,-12.12,-12.04,-11.90,-12.12,-12.26,-12.20,-12.39,-11.98,-12.12,-12.04,-12.20,-11.90,-12.26,-12.26,-11.90,-12.12,-12.12,-12.39,-12.26,-12.20,-12.20,-11.90,-12.20,-11.85,-12.04,-11.90,-11.98,-11.85,-12.20,-12.12,-12.26,-12.12,-12.04,-11.90,-11.98,-11.85,-12.04,-12.12,-12.20,-11.98,-11.76,-12.04,-12.20,-11.76,-11.76,-12.20,-12.20,-11.90,-12.12,-11.85,-12.04,-12.20,-12.39,-11.98,-11.76,-11.55,-11.49,-11.90,-11.85,-11.63,-11.63,-12.04,-11.55,-11.55,-11.68,-11.68,-11.49,-11.76,-11.85,-11.36,-11.76,-11.68,-11.63,-11.55,-11.76,-11.55,-11.90,-11.49,-11.49,-11.68,-11.41,-11.68,-11.68,-11.68,-11.76,-11.68,-11.63,-11.55,-11.41,-12.04,-11.85,-11.49,-11.63,-11.49,-11.41,-11.68,-11.85,-11.55,-11.55,-11.63,-11.63,-11.68,-11.63,-11.76,-12.48,-11.90,-11.76,-11.98,-11.98,-12.04,-11.98,-12.04,-11.90,-12.04,-11.85,-12.04,-11.90,-12.04,-11.98,-11.98,-12.04,-12.34,-12.20,-12.26,-12.20,-11.85,-11.98,-12.20,-12.04,-11.98,-11.27,-10.38,-11.36,-11.55,-11.90,-11.85,-11.90,-11.76,-11.76,-12.04,-12.04,-11.98,-12.04,-12.04,-12.04,-12.04,-11.98,-11.98,-12.12,-11.85,-11.76,-12.04,-12.12,-11.85,-11.90,-11.90,-12.12,-11.98,-12.04,-11.76,-12.20,-12.04,-12.04,-12.26,-12.34,-12.20,-12.12,-12.26,-11.68,-11.98,-12.04,-12.26,-12.26,-11.85,-12.20,-11.98,-11.98,-12.20,-11.98,-11.85,-11.85,-12.26,-12.34,-12.34,-11.90,-12.04,-12.12,-12.20,-12.04,-12.20,-12.39,-12.48,-11.90,-12.39,-12.34,-12.34,-11.90,-12.04,-12.12,-12.39,-12.39,-12.12,-11.98,-12.12,-12.34,-12.12,-12.12,-12.20,-12.39,-12.61,-12.39,-12.12,-12.20,-11.98,-11.98,-11.63,-11.98,-11.98,-12.20,-12.04,-11.98,-11.98,-12.26,-11.90,-11.85,-11.98,-11.63,-11.90,-12.12,-12.34,-12.34,-12.12,-12.04,-12.56,-12.20,-12.26,-12.12,-12.26,-12.26,-12.12,-12.39,-12.20,-11.68,-11.98,-12.26,-12.04,-11.90,-12.39,-12.20,-12.26,-12.20,-12.34,-12.04,-12.48,-12.20,-12.34,-12.12,-12.04,-12.56,-12.34,-12.20,-12.56,-12.34,-12.56,-12.26,-12.39,-12.48,-12.48,-12.70,-12.34
-12.39,-12.20,-12.39,-12.56,-12.20,-12.26,-12.26,-12.48,-12.48,-12.20,-12.61,-12.26,-12.20,-12.20,-12.20,-11.98,-12.61,-11.98,-12.34,-12.26,-12.12,-12.39,-12.39,-12.26,-12.34,-12.26,-12.39,-12.34,-11.98,-11.76,-12.26,-12.04,-12.20,-11.90,-12.04,-11.98,-11.98,-12.20,-11.90,-12.34,-12.34,-12.34,-12.20,-12.04,-12.34,-11.98,-11.98,-11.68,-11.98,-11.85,-12.04,-11.90,-11.90,-11.98,-12.20,-11.85,-11.98,-12.20,-11.98,-12.20,-12.12,-11.90,-12.26,-12.12,-11.90,-11.98,-11.98,-11.98,-11.68,-12.56,-11.90,-11.98,-11.76,-11.68,-12.04,-12.20,-11.76,-11.98,-11.85,-12.12,-12.12,-12.12,-12.34,-12.20,-12.34,-12.12,-11.98,-11.98,-12.04,-11.90,-12.12,-12.12,-12.39,-12.26,-12.26,-12.20,-12.12,-11.76,-11.98,-12.04,-12.04,-12.04,-12.12,-12.04,-11.98,-11.55,-12.04,-12.20,-11.68,-12.04,-12.04,-11.85,-12.34,-11.90,-12.12,-12.20,-11.85,-11.68,-12.12,-12.34,-11.98,-12.12,-12.20,-11.98,-12.26,-12.20,-11.85,-12.20,-12.12,-11.90,-12.04,-11.90,-12.04,-11.63,-12.12,-11.63,-12.12,-11.90,-12.04,-11.85,-11.98,-12.34,-11.90,-11.98,-12.12,-12.20,-11.90,-12.26,-12.04,-12.56,-11.85,-12.04,-11.98,-11.76,-11.90,-11.98,-12.04,-11.76,-11.85,-11.98,-11.85,-11.76,-11.90,-12.04,-11.98,-12.12,-12.12,-12.04,-11.98,-11.36,-11.55,-11.68,-11.36,-11.41,-11.41,-11.85,-11.55,-11.76,-11.90,-11.85,-11.90,-11.76,-11.85,-11.68,-11.76,-11.98,-11.68,-12.04,-11.41,-11.76,-11.68,-11.27,-11.85,-11.68,-11.36,-11.49,-11.68,-11.55,-11.41,-11.49,-11.49,-11.76,-11.76,-11.49,-11.55,-11.36,-11.76,-11.85,-11.76,-11.63,-11.63,-11.85,-11.36,-11.76,-11.68,-11.76,-11.68,-11.85,-12.04,-11.98,-11.90,-11.98,-11.76,-12.04,-11.98,-12.12,-11.76,-11.76,-11.98,-11.98,-11.90,-11.98,-11.98,-12.20,-12.04,-12.04,-11.98,-11.98,-11.90,-11.98,-11.98,-11.90,-11.90,-10.84,-9.61,-11.00,-11.49,-11.76,-11.85,-11.98,-11.85,-12.20,-11.90,-12.20,-12.04,-11.90,-11.85,-12.04,-12.12,-11.76,-12.04,-12.04,-12.04,-12.12,-12.26,-11.68,-12.12,-11.98,-11.76,-11.76,-11.90,-12.04,-12.20,-12.12,-11.85,-11.85,-11.85,-11.85,-12.04,-12.20,-12.20,-12.12,-12.12,-12.34,-11.85,-11.98,-12.12,-12.26,-12.04,-11.90,-11.85,-12.04,-12.20,-12.20,-12.20,-12.26,-11.98,-11.85,-11.98,-12.20,-12.20,-12.26,-11.85,-12.26,-12.20,-12.04,-12.12,-12.12,-11.90,-11.90,-12.20,-12.04,-12.39,-12.26,-12.12,-11.90,-12.56,-12.20,-12.56,-11.90,-12.26,-12.12,-12.12,-12.39,-12.26,-12.39,-12.20,-12.26,-12.04,-11.85,-11.85,-12.04,-11.98,-11.90,-12.12,-11.76,-12.04,-12.04,-12.20,-11.98,-12.26,-12.04,-11.90,-11.90,-12.26,-12.12,-12.20,-12.34,-11.98,-11.98,-12.04,-12.20,-12.34,-12.04,-11.85,-11.98,-11.98,-11.90,-12.12,-12.34,-12.26,-12.34,-12.39,-12.04,-12.34,-12.04,-12.39,-12.34,-12.20,-12.26,-12.34,-12.26,-12.34,-12.20,-12.34,-12.39,-12.26,-12.04,-12.39,-12.61,-12.34,-12.56
-12.26,-12.48,-12.78,-12.20,-12.39,-12.61,-12.34,-12.39,-12.26,-12.12,-12.04,-12.26,-12.39,-12.26,-12.39,-12.12,-11.90,-12.26,-12.04,-12.04,-12.48,-12.26,-12.26,-12.34,-11.98,-12.12,-12.04,-12.12,-12.26,-12.34,-11.85,-12.26,-12.34,-12.04,-12.34,-12.04,-12.34,-11.90,-12.04,-12.04,-11.90,-12.12,-12.26,-11.98,-12.12,-12.12,-12.26,-12.04,-12.04,-12.26,-12.12,-12.26,-12.12,-11.76,-12.26,-11.85,-12.12,-11.55,-12.12,-12.04,-11.98,-12.04,-11.68,-11.68,-11.98,-11.98,-11.90,-11.76,-11.90,-11.85,-11.98,-11.85,-12.04,-11.85,-11.68,-12.04,-12.04,-11.90,-12.12,-12.12,-12.34,-12.12,-12.04,-12.39,-12.20,-12.20,-12.04,-12.12,-12.04,-12.04,-12.12,-11.98,-11.98,-11.98,-12.26,-12.34,-12.34,-12.20,-12.20,-11.68,-12.34,-11.90,-12.26,-12.20,-12.04,-12.20,-12.26,-11.85,-11.98,-11.85,-12.12,-11.98,-12.12,-12.12,-12.20,-12.26,-11.63,-12.04,-12.20,-11.98,-12.20,-11.90,-11.98,-12.34,-11.98,-11.76,-12.04,-12.26,-11.98,-11.90,-11.98,-12.56,-11.98,-12.20,-12.20,-12.26,-12.20,-11.90,-11.98,-12.04,-12.04,-11.90,-12.04,-11.98,-11.85,-11.90,-11.85,-11.90,-12.04,-11.76,-12.04,-11.90,-12.04,-11.98,-12.20,-11.68,-11.85,-12.20,-12.20,-11.98,-11.68,-11.63,-12.26,-12.12,-11.68,-11.98,-11.90,-11.98,-11.36,-11.68,-11.98,-11.55,-11.27,-11.55,-11.68,-11.85,-11.63,-11.85,-11.63,-12.04,-11.55,-11.76,-11.63,-11.41,-11.55,-11.55,-11.76,-11.68,-11.63,-11.27,-11.36,-11.36,-11.41,-11.63,-11.98,-11.55,-11.49,-11.85,-11.41,-11.68,-11.41,-11.49,-11.76,-11.76,-11.98,-11.55,-11.49,-11.90,-11.68,-11.68,-11.55,-11.36,-11.55,-11.76,-12.12,-11.76,-11.85,-11.85,-12.12,-11.90,-11.68,-12.04,-11.90,-11.76,-12.12,-11.98,-11.90,-11.90,-12.26,-11.98,-12.04,-12.04,-12.12,-12.34,-11.90,-11.98,-12.26,-11.85,-11.98,-12.12,-11.98,-11.85,-11.98,-11.49,-9.29,-10.09,-11.27,-11.36,-11.85,-11.85,-12.12,-12.20,-12.04,-11.85,-11.76,-12.26,-11.98,-12.04,-12.12,-12.04,-11.85,-12.20,-11.85,-11.98,-11.90,-11.98,-11.98,-11.90,-11.90,-12.04,-12.04,-12.04,-12.26,-12.04,-12.12,-12.20,-12.04,-12.20,-11.85,-11.98,-12.12,-12.04,-12.20,-12.04,-11.98,-11.90,-11.98,-11.85,-12.12,-12.34,-12.12,-12.20,-11.90,-12.34,-11.85,-12.04,-12.20,-11.68,-12.04,-12.20,-12.04,-12.26,-12.04,-12.39,-12.12,-12.34,-12.34,-12.48,-12.12,-12.26,-12.20,-12.48,-11.98,-12.20,-12.12,-12.04,-11.98,-12.26,-12.56,-12.20,-12.34,-12.26,-11.98,-12.34,-12.04,-11.90,-12.04,-12.12,-11.98,-11.98,-11.63,-12.12,-11.85,-11.98,-12.04,-12.12,-11.90,-11.90,-12.04,-11.98,-12.20,-12.34,-12.04,-12.04,-12.26,-12.26,-11.90,-12.04,-12.12,-12.20,-12.26,-12.12,-12.34,-12.20,-12.26,-12.12,-12.20,-12.12,-12.20,-11.90,-11.90,-12.34,-11.98,-11.98,-12.04,-12.26,-12.04,-12.34,-12.20,-12.34,-11.98,-11.98,-12.26,-12.20,-12.26,-12.20,-11.98,-12.34,-12.12,-12.20,-12.56,-12.26
-12.26,-12.48,-12.34,-12.78,-12.34,-12.61,-12.48,-12.12,-12.26,-12.70,-12.26,-12.12,-12.26,-12.48,-12.34,-12.04,-12.26,-12.56,-12.48,-12.12,-12.34,-11.98,-12.26,-12.34,-12.20,-12.12,-11.76,-12.61,-11.98,-12.20,-12.12,-12.20,-12.26,-12.34,-12.04,-12.04,-11.85,-12.26,-11.90,-11.98,-12.12,-12.04,-12.04,-12.04,-12.04,-11.98,-11.76,-11.98,-12.04,-11.98,-12.12,-12.20,-12.04,-12.04,-11.90,-11.76,-12.12,-12.12,-11.76,-12.12,-12.20,-12.04,-12.04,-11.68,-11.55,-11.98,-12.26,-11.85,-12.34,-11.85,-11.98,-12.12,-11.90,-12.04,-12.20,-11.98,-11.85,-12.12,-12.12,-12.12,-12.34,-11.90,-12.04,-12.20,-12.26,-12.04,-12.34,-12.26,-12.12,-12.20,-12.04,-12.34,-11.90,-11.85,-12.26,-12.20,-12.12,-12.26,-12.61,-12.26,-12.34,-12.26,-12.34,-11.90,-12.26,-11.90,-12.04,-12.26,-12.20,-11.98,-11.85,-12.04,-12.26,-12.26,-12.04,-11.98,-11.98,-12.04,-11.85,-11.98,-11.98,-11.90,-12.26,-12.26,-12.39,-12.04,-11.90,-11.90,-12.12,-12.20,-12.04,-12.04,-11.98,-12.20,-12.20,-12.34,-11.90,-12.12,-12.12,-11.98,-11.63,-12.12,-11.98,-11.98,-11.76,-12.04,-12.20,-11.90,-11.68,-12.20,-11.90,-11.90,-11.85,-11.76,-12.04,-11.85,-12.20,-11.85,-12.04,-11.98,-12.20,-12.20,-12.04,-12.20,-11.76,-12.26,-11.85,-12.12,-11.76,-11.55,-11.55,-11.68,-11.68,-11.68,-11.55,-11.63,-11.76,-11.85,-11.85,-11.76,-11.90,-11.90,-11.63,-11.63,-11.49,-11.90,-11.85,-11.63,-11.76,-11.68,-12.04,-11.55,-11.55,-11.85,-11.68,-11.55,-11.41,-11.55,-11.63,-11.76,-11.63,-11.76,-11.55,-11.49,-11.68,-11.68,-11.68,-11.68,-11.49,-11.76,-11.49,-11.41,-11.49,-11.90,-11.98,-12.12,-11.85,-12.20,-11.90,-11.98,-11.76,-11.90,-12.04,-11.85,-12.26,-11.98,-12.12,-11.98,-12.26,-11.98,-11.98,-12.12,-11.98,-12.04,-11.85,-11.90,-11.90,-12.26,-12.04,-11.76,-11.85,-11.98,-12.20,-11.76,-11.19,-8.69,-9.82,-11.14,-11.76,-11.63,-12.12,-12.04,-11.98,-11.76,-12.12,-12.20,-11.85,-11.90,-12.34,-11.98,-11.98,-12.12,-12.26,-11.90,-12.12,-11.90,-12.12,-11.85,-12.12,-11.90,-11.98,-12.48,-11.98,-11.85,-12.12,-12.12,-12.12,-11.85,-12.20,-12.04,-11.98,-12.04,-11.76,-11.85,-12.20,-12.34,-12.12,-11.90,-12.26,-12.04,-12.20,-12.20,-12.04,-12.04,-12.12,-12.12,-11.90,-12.12,-12.78,-12.12,-11.90,-12.34,-12.20,-12.04,-12.12,-12.12,-12.20,-12.04,-12.20,-12.04,-12.20,-12.34,-12.04,-12.34,-12.12,-12.12,-12.20,-12.34,-12.34,-12.12,-12.34,-12.12,-11.90,-12.12,-12.04,-12.04,-12.26,-12.20,-11.98,-12.12,-12.12,-11.90,-11.90,-12.39,-12.12,-11.90,-11.85,-12.04,-12.04,-12.04,-12.34,-12.20,-11.98,-12.12,-11.90,-12.34,-12.04,-12.04,-12.26,-11.90,-12.12,-12.48,-12.39,-11.90,-12.20,-12.04,-12.26,-12.04,-12.12,-12.20,-12.48,-12.26,-11.98,-12.12,-12.34,-12.20,-12.48,-12.20,-12.56,-12.34,-12.20,-12.04,-12.26,-11.85,-12.34,-12.39,-12.34,-12.34,-12.26,-12.34,-12.12,-12.39
-12.78,-12.78,-12.34,-12.39,-12.39,-12.39,-12.61,-12.20,-12.56,-12.48,-12.39,-12.34,-12.48,-12.83,-12.26,-12.26,-12.56,-12.26,-12.61,-12.48,-12.26,-12.26,-12.20,-12.34,-12.39,-12.26,-11.90,-11.98,-12.26,-12.26,-12.04,-11.98,-12.39,-12.04,-12.39,-12.26,-12.34,-12.34,-12.26,-11.76,-11.85,-11.76,-12.26,-12.20,-12.04,-12.04,-12.04,-12.04,-11.76,-11.85,-12.04,-12.20,-12.04,-12.26,-11.98,-12.12,-11.98,-12.20,-11.90,-11.85,-12.20,-12.20,-11.68,-11.90,-11.68,-11.98,-11.98,-12.12,-12.34,-12.26,-11.90,-11.76,-12.12,-11.85,-11.85,-11.90,-12.20,-11.76,-12.12,-12.12,-11.68,-12.39,-12.20,-12.26,-12.61,-12.04,-12.20,-11.55,-12.39,-12.12,-11.98,-12.20,-11.76,-12.48,-12.12,-12.26,-12.20,-12.56,-11.90,-12.20,-12.20,-12.34,-11.98,-12.26,-12.04,-12.12,-11.98,-12.12,-11.98,-12.34,-12.20,-12.48,-11.68,-12.20,-11.68,-11.85,-11.98,-11.85,-12.20,-12.26,-11.76,-12.26,-12.12,-12.20,-11.68,-12.04,-12.26,-12.04,-11.76,-12.12,-11.98,-11.90,-11.90,-11.85,-12.34,-11.85,-11.85,-11.90,-12.12,-12.48,-12.04,-11.98,-11.90,-12.34,-11.85,-12.12,-11.85,-11.85,-12.12,-11.90,-11.90,-12.20,-12.12,-12.12,-12.26,-12.12,-11.98,-12.04,-12.20,-12.20,-12.12,-11.85,-11.98,-12.12,-12.20,-12.04,-11.85,-12.20,-11.90,-11.55,-11.55,-11.49,-11.85,-11.55,-11.68,-11.63,-11.85,-11.63,-11.55,-11.68,-11.36,-11.85,-11.68,-11.68,-11.63,-11.55,-11.85,-11.76,-11.68,-11.90,-11.63,-11.55,-11.41,-11.76,-11.63,-11.90,-11.63,-11.63,-11.68,-11.90,-11.68,-11.63,-11.49,-11.76,-11.06,-11.63,-11.85,-11.63,-11.63,-11.90,-11.49,-11.90,-11.76,-11.63,-11.68,-11.90,-12.04,-11.90,-12.04,-12.04,-11.90,-12.20,-12.34,-12.04,-11.85,-12.12,-11.98,-12.39,-12.20,-12.12,-12.04,-11.68,-12.34,-11.90,-11.68,-12.04,-11.49,-12.34,-12.04,-11.90,-12.04,-11.90,-11.85,-11.90,-11.76,-10.84,-8.14,-10.22,-11.36,-12.04,-11.76,-12.04,-12.26,-12.04,-12.26,-12.20,-11.98,-12.04,-11.85,-12.26,-11.90,-12.12,-12.20,-12.04,-12.04,-12.26,-12.20,-11.85,-12.04,-11.76,-12.56,-12.26,-11.98,-12.26,-12.20,-11.90,-11.90,-12.20,-11.76,-11.76,-12.20,-12.12,-12.12,-11.85,-11.90,-12.04,-12.26,-12.26,-12.20,-12.34,-11.85,-12.04,-12.12,-12.26,-12.39,-12.26,-12.20,-12.39,-12.12,-12.12,-11.90,-12.34,-12.12,-12.04,-12.04,-12.12,-12.12,-11.90,-11.90,-11.98,-12.20,-12.20,-12.20,-12.20,-12.04,-12.04,-12.04,-12.26,-12.12,-11.98,-12.04,-12.26,-12.12,-12.12,-12.20,-12.04,-12.26,-11.36,-11.98,-11.85,-12.26,-11.85,-11.98,-12.12,-12.04,-11.90,-11.98,-11.98,-12.04,-11.98,-12.48,-11.98,-11.90,-12.34,-12.34,-12.12,-12.26,-12.34,-12.26,-12.12,-12.04,-12.04,-11.98,-12.04,-12.34,-12.26,-12.12,-12.48,-12.12,-12.34,-12.39,-12.26,-12.20,-12.04,-12.39,-12.26,-12.04,-12.20,-12.12,-12.48,-12.26,-12.34,-12.48,-12.34,-12.39,-12.12,-12.39,-12.20,-12.39,-12.34,-12.61,-12.34
-12.83,-12.04,-12.04,-12.20,-12.70,-12.56,-12.61,-12.61,-12.70,-12.56,-12.48,-12.39,-12.48,-12.61,-12.20,-12.26,-12.56,-12.04,-12.39,-12.12,-12.26,-12.34,-12.39,-12.12,-12.20,-12.20,-12.39,-12.04,-12.04,-12.20,-12.34,-12.20,-12.39,-12.20,-12.34,-12.04,-11.90,-11.98,-12.39,-12.20,-12.12,-12.39,-12.12,-11.90,-12.26,-11.98,-12.26,-11.90,-12.20,-12.04,-11.68,-11.90,-11.98,-12.04,-11.85,-11.90,-12.12,-11.98,-12.20,-12.34,-11.85,-11.85,-11.68,-11.90,-11.98,-12.12,-12.12,-12.04,-11.98,-11.98,-11.85,-12.04,-12.12,-11.98,-11.90,-11.90,-12.20,-12.34,-12.04,-12.20,-12.12,-12.39,-12.34,-12.34,-12.20,-11.90,-12.04,-12.04,-12.12,-12.04,-12.20,-12.34,-12.04,-12.12,-12.12,-12.20,-12.20,-12.20,-11.98,-11.90,-12.12,-12.26,-11.85,-11.98,-12.04,-11.76,-12.12,-11.85,-12.26,-12.12,-12.39,-12.34,-12.04,-12.20,-11.90,-12.20,-11.98,-11.98,-11.98,-11.98,-11.85,-11.85,-12.04,-11.68,-12.26,-11.98,-12.20,-12.26,-11.68,-11.90,-11.85,-12.04,-12.04,-11.90,-12.04,-12.34,-12.12,-11.85,-12.12,-12.26,-12.04,-12.12,-11.90,-12.12,-11.90,-12.04,-12.39,-12.12,-11.90,-12.04,-11.90,-12.04,-11.98,-12.20,-11.90,-11.90,-11.98,-11.98,-12.20,-11.98,-12.26,-12.04,-12.04,-11.85,-12.12,-11.76,-12.04,-11.76,-12.34,-11.55,-11.68,-11.98,-11.41,-11.68,-11.68,-11.55,-11.76,-11.98,-11.63,-11.68,-11.68,-11.63,-11.85,-11.85,-11.85,-11.68,-11.68,-11.68,-11.63,-11.63,-11.76,-11.55,-11.68,-11.55,-11.85,-11.49,-11.76,-11.63,-11.68,-12.04,-11.49,-11.68,-11.98,-11.63,-11.55,-11.63,-11.68,-11.55,-11.76,-11.68,-11.55,-11.76,-11.85,-11.68,-11.63,-11.98,-11.85,-12.12,-11.76,-11.76,-11.68,-12.04,-11.85,-12.04,-11.85,-12.12,-12.39,-11.98,-11.90,-11.76,-11.98,-11.85,-11.98,-11.98,-12.34,-11.98,-12.34,-11.98,-11.90,-11.98,-11.85,-11.76,-11.76,-11.68,-11.85,-11.76,-10.57,-9.56,-11.55,-11.68,-11.68,-12.20,-11.85,-12.04,-11.98,-12.04,-11.90,-12.34,-12.04,-12.12,-12.04,-12.34,-12.04,-11.98,-12.39,-12.20,-12.39,-12.04,-11.90,-12.20,-12.04,-12.39,-12.20,-11.90,-11.85,-11.98,-12.12,-11.76,-12.20,-11.68,-11.63,-11.98,-11.68,-11.76,-12.12,-11.90,-12.04,-12.12,-12.04,-12.56,-12.04,-11.98,-12.48,-12.12,-12.12,-12.04,-12.26,-11.90,-12.20,-12.12,-12.20,-12.20,-12.26,-12.04,-12.12,-12.20,-12.39,-12.20,-12.26,-12.04,-12.34,-12.20,-12.26,-12.34,-12.20,-12.20,-12.26,-12.20,-12.20,-11.85,-12.20,-12.20,-12.48,-12.12,-12.39,-12.20,-12.04,-12.04,-12.04,-12.20,-11.98,-11.98,-11.90,-12.12,-11.98,-11.85,-12.34,-11.85,-11.98,-12.04,-12.04,-11.90,-11.68,-12.04,-12.12,-12.48,-12.39,-12.26,-12.04,-11.98,-12.34,-12.39,-12.39,-12.48,-12.04,-12.20,-12.20,-12.12,-12.12,-12.48,-12.39,-12.56,-12.26,-12.34,-12.20,-12.26,-12.12,-12.04,-11.98,-11.98,-12.20,-12.39,-12.56,-12.26,-12.70,-12.20,-12.26,-12.26,-12.20,-12.34,-12.34,-12.39
-12.39,-12.39,-12.34,-12.56,-12.12,-12.61,-12.48,-12.26,-12.61,-12.12,-12.34,-12.34,-12.34,-12.34,-12.61,-12.61,-12.39,-12.39,-12.04,-12.04,-12.34,-12.12,-12.20,-12.34,-12.12,-11.98,-12.34,-12.04,-11.76,-12.20,-11.98,-12.56,-12.12,-12.26,-12.34,-12.34,-12.12,-12.26,-11.90,-12.34,-12.20,-12.12,-12.20,-12.12,-12.20,-11.98,-11.90,-12.04,-12.20,-11.55,-11.90,-11.76,-12.26,-11.68,-11.90,-11.85,-12.48,-11.98,-11.76,-12.20,-11.90,-11.85,-11.76,-12.12,-11.90,-11.76,-11.98,-11.68,-12.12,-12.04,-11.98,-11.90,-12.12,-12.20,-12.04,-12.04,-12.34,-12.56,-12.20,-12.26,-12.12,-12.12,-11.90,-12.20,-12.20,-12.48,-12.12,-12.04,-11.98,-12.04,-12.20,-11.98,-12.20,-11.90,-12.26,-12.12,-11.98,-11.90,-12.04,-12.20,-12.12,-12.39,-12.12,-11.98,-12.12,-11.85,-12.20,-11.98,-11.98,-12.12,-12.04,-12.12,-12.39,-12.12,-12.04,-12.12,-12.04,-11.90,-11.76,-12.26,-12.04,-11.98,-11.98,-11.85,-11.90,-12.12,-11.90,-12.04,-12.04,-12.20,-11.98,-12.12,-11.76,-12.04,-12.20,-12.04,-12.04,-11.85,-11.85,-11.98,-11.76,-11.76,-11.85,-12.20,-11.90,-11.63,-12.04,-11.68,-12.04,-11.90,-11.68,-12.04,-12.12,-11.98,-11.85,-11.90,-11.85,-12.34,-12.12,-11.90,-11.98,-12.34,-12.12,-12.04,-12.12,-11.98,-11.98,-11.76,-11.76,-11.63,-11.90,-11.63,-11.90,-11.90,-11.55,-11.68,-11.49,-11.41,-11.41,-11.63,-11.55,-11.68,-11.63,-11.63,-11.76,-11.76,-11.68,-11.55,-11.68,-11.49,-11.49,-11.68,-11.85,-11.85,-11.55,-11.49,-11.90,-11.85,-11.85,-11.76,-11.63,-11.76,-11.68,-12.04,-11.63,-11.68,-11.85,-11.63,-11.41,-11.55,-11.63,-11.85,-12.04,-11.63,-11.98,-11.90,-11.85,-12.20,-11.90,-11.98,-12.12,-12.04,-11.98,-11.90,-11.68,-11.76,-11.90,-12.12,-12.20,-12.12,-12.12,-12.20,-11.90,-12.04,-11.90,-11.76,-12.20,-11.98,-12.04,-11.85,-11.90,-11.76,-11.90,-11.85,-11.90,-11.90,-11.98,-11.49,-11.63,-11.68,-11.76,-12.04,-12.04,-11.85,-12.34,-12.04,-12.04,-11.98,-11.90,-11.90,-11.98,-11.90,-12.04,-12.20,-11.98,-12.26,-12.26,-11.76,-11.90,-12.04,-11.55,-12.04,-11.85,-11.90,-11.90,-12.12,-12.12,-11.98,-12.20,-12.12,-11.98,-12.04,-11.76,-11.90,-12.12,-12.04,-11.90,-12.12,-12.20,-12.04,-11.90,-12.26,-12.20,-12.39,-12.20,-12.04,-11.90,-12.04,-11.85,-12.20,-12.04,-12.12,-11.76,-12.26,-12.12,-11.90,-11.85,-11.98,-11.98,-12.20,-11.85,-12.26,-12.12,-12.04,-12.04,-11.76,-11.76,-12.12,-11.98,-12.34,-12.12,-11.90,-12.39,-12.04,-12.20,-12.12,-11.98,-12.04,-11.98,-11.90,-11.98,-11.98,-12.04,-12.20,-12.04,-12.20,-12.04,-11.85,-11.90,-12.20,-11.90,-11.98,-11.76,-12.04,-11.90,-12.04,-11.90,-11.90,-11.85,-11.98,-12.34,-12.39,-12.20,-12.48,-11.98,-11.90,-11.98,-12.12,-11.98,-12.20,-12.04,-12.34,-11.98,-12.04,-12.39,-12.34,-12.56,-12.20,-12.78,-12.20,-12.34,-12.26,-12.26,-12.20,-12.34,-11.90,-12.48,-12.26,-12.12,-12.70,-12.48,-12.26
-12.26,-12.48,-12.70,-12.48,-12.48,-12.48,-12.78,-12.56,-12.20,-12.56,-12.48,-12.34,-12.48,-12.34,-12.34,-12.39,-12.20,-12.20,-12.26,-11.90,-12.26,-12.48,-12.12,-12.26,-12.20,-12.39,-12.26,-12.12,-12.04,-12.12,-12.48,-11.76,-11.90,-12.20,-12.12,-12.26,-11.98,-12.26,-12.04,-12.34,-12.12,-12.04,-11.90,-12.12,-12.04,-11.90,-12.04,-12.20,-12.04,-11.63,-11.76,-11.85,-12.12,-11.85,-12.04,-12.12,-12.12,-11.76,-12.04,-12.26,-11.98,-11.90,-11.76,-11.90,-12.04,-11.98,-12.20,-11.55,-12.12,-11.90,-11.85,-12.34,-12.34,-12.12,-12.34,-12.34,-11.98,-12.12,-12.20,-12.26,-12.20,-12.12,-12.70,-12.26,-12.20,-11.98,-12.39,-12.12,-12.04,-12.26,-12.04,-12.04,-12.39,-12.26,-12.12,-12.34,-12.20,-12.04,-11.85,-11.85,-12.20,-12.26,-11.76,-12.12,-11.68,-12.12,-12.04,-11.98,-11.76,-12.26,-11.90,-11.98,-11.98,-12.20,-12.20,-12.12,-11.76,-12.12,-11.90,-12.04,-11.90,-11.98,-11.98,-12.26,-11.90,-12.04,-12.26,-11.98,-11.63,-11.90,-11.90,-12.12,-12.12,-12.34,-11.98,-11.85,-11.90,-12.39,-12.26,-12.04,-12.12,-12.04,-12.20,-12.04,-11.76,-11.90,-11.90,-12.04,-12.12,-12.04,-12.12,-12.26,-11.98,-11.68,-12.26,-12.26,-12.20,-11.63,-11.98,-11.76,-12.20,-11.90,-12.12,-12.20,-11.85,-11.90,-11.85,-12.34,-11.68,-11.68,-11.68,-11.68,-11.90,-11.55,-11.63,-11.63,-11.41,-11.36,-11.85,-11.68,-11.49,-11.49,-11.76,-11.63,-11.76,-11.63,-11.68,-11.36,-11.63,-11.68,-11.55,-11.55,-11.85,-11.76,-11.49,-11.85,-11.41,-11.55,-11.36,-11.68,-11.55,-11.63,-11.76,-11.98,-11.90,-11.55,-11.90,-11.63,-11.85,-11.36,-11.49,-11.41,-11.98,-11.90,-11.90,-11.55,-12.12,-11.98,-11.68,-12.12,-11.98,-11.76,-11.98,-12.12,-11.98,-11.90,-12.04,-12.34,-12.12,-11.98,-11.85,-12.04,-12.04,-12.04,-11.90,-11.98,-11.76,-11.98,-11.85,-11.90,-11.98,-11.76,-12.04,-11.90,-11.98,-11.90,-11.98,-11.98,-12.04,-12.04,-11.76,-12.04,-11.98,-11.90,-12.34,-11.98,-11.85,-12.20,-12.12,-11.90,-12.04,-12.34,-11.98,-12.04,-11.90,-12.04,-12.12,-12.12,-11.68,-12.26,-11.90,-12.26,-12.12,-12.20,-11.85,-12.20,-11.76,-11.98,-12.12,-12.20,-12.04,-11.90,-11.85,-12.04,-12.12,-11.90,-11.76,-12.34,-12.20,-11.98,-12.12,-12.20,-12.12,-12.48,-12.34,-12.20,-12.04,-12.39,-11.76,-12.04,-12.56,-12.12,-12.20,-11.98,-11.98,-12.26,-12.04,-12.26,-11.98,-12.26,-11.98,-11.98,-12.20,-12.04,-12.04,-11.68,-12.34,-12.12,-12.20,-11.76,-12.20,-11.98,-12.20,-12.26,-12.20,-12.39,-12.12,-12.26,-11.98,-12.12,-11.76,-11.63,-11.85,-11.63,-12.12,-12.04,-11.98,-11.76,-11.98,-11.49,-11.68,-11.85,-12.04,-11.85,-12.04,-12.39,-11.98,-12.20,-12.34,-12.04,-12.26,-12.12,-12.12,-11.85,-12.26,-12.12,-12.04,-11.98,-11.98,-12.04,-12.34,-12.39,-12.34,-12.26,-12.26,-12.04,-12.12,-12.39,-12.04,-12.04,-12.12,-12.12,-12.12,-12.56,-12.26,-12.39,-12.56,-12.56,-12.34,-12.61,-12.61,-12.39
-12.26,-12.56,-12.26,-12.48,-12.78,-12.34,-12.48,-12.56,-12.34,-12.48,-12.34,-12.34,-12.39,-12.26,-12.20,-11.90,-12.20,-12.56,-12.34,-12.20,-12.61,-12.26,-12.04,-12.26,-12.04,-12.20,-11.98,-12.39,-12.04,-12.48,-11.90,-11.90,-12.26,-12.04,-12.26,-12.04,-12.04,-12.20,-11.85,-12.12,-12.48,-12.04,-12.04,-12.12,-12.04,-11.90,-11.90,-12.12,-11.76,-12.12,-11.90,-12.04,-11.98,-12.34,-11.76,-12.20,-11.68,-11.85,-12.04,-12.48,-11.98,-11.63,-12.04,-12.04,-11.98,-12.34,-12.12,-12.04,-12.20,-11.63,-12.04,-12.12,-12.34,-12.04,-11.85,-12.39,-12.39,-12.20,-12.12,-12.04,-12.20,-12.04,-12.26,-12.12,-11.98,-12.12,-12.20,-12.26,-12.34,-11.98,-12.26,-11.85,-12.04,-12.04,-12.20,-12.39,-12.04,-12.34,-11.90,-12.04,-12.12,-11.68,-12.12,-12.04,-12.04,-11.90,-12.04,-12.26,-12.20,-11.85,-12.20,-11.90,-11.98,-12.20,-11.90,-11.76,-11.98,-11.90,-11.76,-11.98,-11.90,-12.34,-12.12,-12.20,-11.98,-11.85,-12.12,-12.04,-12.48,-12.39,-11.98,-11.98,-11.76,-12.39,-12.12,-12.12,-11.85,-12.04,-11.76,-12.20,-11.98,-11.98,-11.90,-11.90,-12.12,-11.98,-11.90,-11.76,-11.98,-11.90,-12.04,-11.76,-11.85,-11.90,-11.98,-11.76,-11.98,-12.20,-11.85,-11.63,-12.04,-11.98,-11.68,-12.12,-12.12,-11.98,-11.85,-11.90,-11.68,-11.55,-11.63,-11.55,-11.63,-11.55,-11.63,-11.55,-11.68,-11.85,-11.68,-11.49,-11.55,-11.85,-11.76,-11.76,-11.63,-11.76,-11.68,-11.41,-11.68,-11.76,-11.68,-11.90,-11.98,-11.63,-11.76,-11.36,-11.27,-11.49,-11.68,-11.68,-11.68,-11.63,-11.63,-11.55,-11.49,-11.41,-11.68,-11.76,-11.63,-11.63,-11.76,-11.63,-11.36,-11.68,-11.63,-11.68,-12.20,-11.90,-11.98,-12.04,-12.04,-12.04,-11.90,-11.68,-12.12,-11.85,-11.85,-11.90,-12.26,-11.90,-12.04,-12.04,-12.26,-11.85,-12.12,-11.98,-11.98,-12.12,-11.98,-12.12,-11.76,-11.98,-12.04,-11.85,-11.68,-12.04,-12.04,-12.04,-11.76,-11.63,-11.76,-11.85,-11.98,-11.90,-11.90,-11.90,-11.98,-12.12,-11.85,-11.85,-11.85,-12.20,-12.04,-12.12,-12.34,-12.20,-11.85,-12.12,-12.04,-11.98,-12.34,-12.12,-12.26,-11.76,-12.20,-11.90,-12.12,-11.90,-12.04,-11.85,-12.04,-12.26,-11.90,-12.12,-11.98,-11.98,-12.12,-12.26,-12.12,-12.12,-12.20,-11.85,-12.04,-12.26,-11.90,-12.39,-11.85,-12.04,-12.12,-12.20,-12.12,-12.26,-12.34,-11.90,-12.20,-12.04,-12.26,-12.26,-12.12,-12.26,-12.26,-12.20,-12.04,-12.26,-11.98,-12.26,-12.26,-12.20,-12.20,-12.04,-12.12,-12.39,-12.12,-12.34,-12.12,-12.12,-12.20,-12.20,-11.98,-11.98,-11.76,-11.90,-11.76,-12.26,-12.26,-11.90,-11.76,-12.34,-11.76,-12.12,-11.98,-12.04,-12.04,-11.90,-11.98,-12.12,-12.34,-12.04,-12.04,-11.90,-12.26,-11.98,-12.12,-12.26,-12.34,-12.12,-12.12,-12.39,-12.20,-12.12,-12.34,-12.20,-12.20,-12.12,-12.04,-12.26,-12.39,-11.90,-12.26,-11.98,-12.34,-11.98,-12.20,-12.39,-12.34,-12.56,-12.48,-12.34,-12.12,-12.12,-12.20,-12.56
-12.48,-12.20,-12.34,-12.48,-12.48,-12.26,-12.56,-12.48,-12.04,-12.78,-12.04,-12.20,-12.61,-12.12,-12.61,-12.39,-12.48,-12.26,-12.12,-12.20,-12.12,-12.39,-12.20,-12.12,-12.20,-12.26,-12.12,-12.20,-11.85,-11.98,-12.12,-11.90,-12.26,-11.98,-11.90,-12.34,-12.04,-11.90,-12.39,-12.34,-12.04,-12.04,-11.98,-12.04,-12.39,-12.20,-12.12,-12.20,-12.12,-12.26,-12.04,-12.20,-11.90,-12.04,-12.26,-12.39,-11.90,-11.90,-11.90,-11.90,-11.90,-11.90,-11.98,-12.20,-11.98,-11.85,-11.98,-12.39,-12.20,-11.76,-12.26,-12.12,-11.90,-12.12,-12.04,-12.12,-12.26,-12.12,-11.90,-12.20,-12.34,-12.34,-12.26,-12.34,-12.20,-12.48,-11.85,-12.39,-12.12,-12.12,-12.20,-11.98,-12.48,-12.56,-12.20,-12.20,-12.20,-11.90,-12.56,-11.90,-11.85,-12.12,-12.20,-11.98,-12.12,-11.90,-12.12,-11.85,-12.12,-12.34,-11.98,-11.90,-11.76,-12.20,-11.98,-12.20,-12.48,-11.98,-11.68,-11.76,-11.85,-11.76,-11.85,-11.98,-12.04,-12.12,-11.90,-12.12,-11.85,-11.98,-11.98,-11.98,-11.98,-12.20,-12.20,-11.76,-12.12,-11.63,-12.20,-12.04,-11.98,-11.68,-11.85,-12.26,-12.04,-11.98,-11.98,-11.98,-11.98,-12.12,-11.98,-12.04,-11.98,-12.26,-12.12,-12.12,-12.04,-11.76,-11.85,-12.04,-12.26,-11.98,-12.20,-11.98,-11.90,-11.76,-11.68,-12.20,-12.20,-11.68,-12.04,-11.98,-11.41,-11.68,-11.85,-11.68,-11.63,-11.49,-12.04,-11.68,-12.04,-11.68,-11.55,-11.36,-11.68,-11.85,-11.76,-11.76,-11.49,-11.41,-11.68,-11.55,-11.55,-11.63,-11.90,-11.55,-11.85,-11.49,-11.63,-11.49,-11.90,-11.76,-11.63,-11.55,-11.55,-11.76,-11.63,-11.85,-11.41,-11.68,-11.85,-11.90,-11.55,-11.76,-11.85,-11.90,-12.04,-11.68,-11.90,-11.76,-11.63,-11.98,-11.90,-11.98,-11.90,-11.90,-12.26,-11.90,-12.26,-11.76,-11.98,-12.39,-11.85,-11.85,-11.76,-12.20,-11.90,-11.90,-12.20,-12.04,-11.76,-11.85,-11.98,-11.90,-11.68,-12.04,-11.76,-11.90,-11.90,-12.48,-12.12,-12.20,-11.85,-11.90,-11.90,-11.68,-12.12,-12.12,-12.04,-11.85,-11.63,-11.90,-12.04,-11.98,-12.12,-11.98,-11.63,-11.90,-11.90,-11.85,-12.12,-11.98,-11.76,-11.85,-11.98,-11.55,-12.20,-11.98,-12.20,-12.34,-11.76,-11.90,-11.90,-12.12,-12.20,-11.68,-12.04,-12.20,-12.04,-12.12,-12.12,-12.26,-12.12,-12.04,-12.12,-12.39,-12.12,-11.90,-11.98,-12.12,-12.39,-12.26,-12.56,-12.48,-12.20,-12.12,-12.04,-12.34,-11.90,-12.20,-11.49,-12.34,-12.48,-12.39,-12.34,-12.39,-12.39,-12.56,-12.04,-12.39,-12.26,-12.39,-12.12,-12.34,-12.56,-12.12,-12.12,-12.04,-11.90,-11.98,-11.76,-11.85,-12.04,-12.34,-11.63,-12.34,-11.98,-12.04,-11.90,-12.04,-12.12,-12.04,-12.12,-11.63,-12.12,-12.12,-12.34,-11.90,-12.26,-12.04,-11.98,-12.26,-12.26,-11.98,-12.04,-12.12,-11.98,-11.68,-11.98,-12.26,-12.48,-12.04,-12.20,-11.90,-11.98,-11.98,-12.56,-12.56,-12.12,-12.56,-12.34,-12.34,-12.34,-12.39,-12.34,-12.34,-12.56,-12.26,-12.12,-12.39,-12.34,-12.78
-12.39,-12.39,-12.48,-12.20,-12.56,-12.26,-12.78,-12.34,-12.20,-12.26,-12.48,-12.34,-12.61,-12.04,-12.20,-12.20,-12.12,-12.12,-12.34,-12.34,-12.34,-12.12,-12.12,-12.34,-12.26,-12.39,-11.85,-11.85,-12.26,-12.39,-12.34,-12.12,-12.26,-12.04,-12.04,-12.12,-12.34,-12.20,-12.26,-12.34,-12.12,-11.98,-12.20,-12.04,-12.26,-12.04,-12.34,-11.90,-12.04,-12.20,-11.76,-12.20,-12.26,-12.26,-11.76,-11.68,-11.90,-12.04,-11.76,-12.12,-11.98,-12.20,-11.98,-12.04,-12.12,-11.98,-12.20,-12.04,-12.12,-11.98,-12.20,-12.12,-12.04,-12.12,-11.98,-11.98,-11.90,-12.20,-12.12,-12.04,-12.48,-12.39,-12.20,-12.20,-12.26,-11.98,-12.04,-12.12,-12.61,-11.98,-12.26,-11.76,-12.12,-12.12,-11.98,-11.85,-12.04,-11.98,-11.85,-12.34,-12.12,-12.12,-12.26,-12.12,-11.90,-11.90,-12.26,-11.85,-12.04,-12.26,-11.98,-11.98,-11.85,-11.98,-12.12,-11.76,-12.20,-11.85,-12.34,-12.34,-11.63,-12.34,-12.34,-11.90,-12.04,-11.90,-11.85,-11.98,-12.04,-11.98,-12.20,-11.98,-12.12,-12.26,-11.85,-11.90,-12.04,-11.98,-12.26,-11.98,-11.76,-11.90,-12.20,-12.34,-11.90,-11.90,-11.90,-11.90,-11.90,-11.98,-12.04,-12.26,-12.26,-11.68,-12.20,-11.98,-11.76,-12.04,-11.68,-12.04,-11.85,-11.68,-12.04,-11.76,-11.98,-12.20,-11.85,-11.49,-11.55,-11.68,-11.63,-11.68,-11.63,-11.85,-11.63,-11.55,-11.55,-11.76,-11.63,-11.63,-11.85,-11.63,-11.76,-11.76,-11.49,-11.68,-11.19,-11.55,-11.68,-11.63,-11.27,-11.49,-11.68,-11.63,-11.63,-11.63,-11.55,-11.68,-11.76,-11.76,-11.63,-11.68,-11.55,-11.68,-11.68,-11.76,-11.63,-11.63,-11.49,-11.85,-11.55,-11.98,-11.49,-11.41,-11.98,-11.76,-11.90,-11.68,-12.12,-11.76,-11.90,-11.85,-12.04,-11.85,-11.98,-12.20,-12.12,-12.26,-11.90,-11.98,-11.98,-11.98,-11.98,-11.76,-11.90,-12.20,-11.90,-12.04,-11.90,-12.04,-11.68,-11.90,-11.68,-11.90,-12.04,-12.20,-11.68,-11.85,-11.90,-11.90,-12.12,-11.90,-12.34,-11.63,-11.90,-11.68,-11.90,-11.85,-11.85,-12.12,-11.98,-12.04,-11.90,-12.20,-11.85,-11.68,-12.12,-11.85,-11.85,-12.34,-11.90,-11.68,-12.04,-11.76,-12.04,-11.90,-12.12,-12.34,-11.98,-11.90,-11.98,-11.85,-11.85,-11.68,-12.12,-11.98,-12.34,-12.04,-11.90,-12.39,-12.34,-11.85,-12.26,-12.12,-11.98,-12.20,-12.12,-12.20,-12.04,-12.34,-12.04,-12.20,-12.20,-12.04,-11.90,-12.12,-11.76,-12.26,-11.90,-12.04,-12.04,-12.12,-11.85,-11.98,-12.04,-11.98,-12.12,-12.26,-12.26,-12.20,-11.98,-12.34,-12.20,-12.26,-12.20,-12.12,-12.20,-11.98,-12.12,-12.26,-11.98,-12.04,-11.85,-11.85,-12.12,-11.76,-12.12,-12.26,-12.20,-11.90,-11.90,-11.85,-11.98,-12.26,-11.90,-12.04,-12.12,-12.04,-12.04,-11.76,-11.98,-12.12,-11.85,-11.90,-11.85,-12.26,-12.12,-12.04,-12.20,-11.90,-12.48,-12.20,-12.39,-12.12,-12.39,-11.98,-12.34,-12.39,-12.39,-12.48,-12.56,-12.26,-12.34,-12.39,-12.56,-12.61,-12.26,-12.48,-12.20,-12.26,-12.56,-12.48
-12.56,-12.34,-12.39,-12.39,-12.48,-12.39,-12.39,-12.34,-12.04,-12.12,-12.39,-12.56,-12.34,-12.20,-12.56,-12.56,-12.20,-12.39,-11.90,-12.34,-12.20,-12.39,-12.20,-12.34,-12.34,-12.20,-11.98,-12.26,-12.39,-12.04,-12.20,-11.98,-12.04,-12.26,-12.39,-12.39,-12.04,-11.90,-12.04,-12.20,-12.12,-12.34,-12.12,-12.04,-12.04,-12.20,-12.12,-12.12,-12.20,-12.12,-11.98,-11.68,-12.12,-11.90,-12.26,-11.76,-11.98,-11.98,-11.85,-11.85,-12.04,-12.26,-12.04,-11.76,-12.34,-12.04,-12.04,-12.34,-12.20,-12.34,-12.12,-11.98,-12.34,-12.12,-12.56,-12.20,-12.56,-12.26,-12.04,-12.39,-12.04,-11.90,-12.12,-12.26,-12.20,-12.34,-12.26,-12.34,-12.04,-12.26,-11.98,-12.34,-11.76,-11.68,-12.26,-12.12,-12.26,-12.12,-12.26,-12.39,-11.85,-11.90,-12.26,-11.85,-11.85,-12.04,-12.34,-11.98,-12.20,-11.90,-11.68,-12.12,-12.04,-11.90,-12.34,-11.90,-11.76,-11.90,-11.98,-12.34,-11.90,-11.90,-12.04,-11.85,-12.04,-12.04,-11.98,-12.04,-12.39,-11.85,-12.20,-12.04,-11.98,-11.98,-12.04,-12.26,-12.20,-11.98,-11.90,-12.12,-12.04,-11.85,-11.90,-12.04,-12.26,-11.98,-12.04,-12.26,-11.90,-12.04,-11.76,-11.98,-11.76,-11.98,-11.98,-11.76,-12.26,-11.85,-12.04,-12.20,-12.26,-11.85,-12.20,-11.90,-11.98,-12.20,-11.85,-12.12,-11.76,-11.55,-11.27,-11.76,-11.55,-11.36,-11.27,-11.41,-11.63,-11.49,-11.63,-11.36,-11.63,-11.76,-11.68,-11.68,-11.36,-11.63,-11.55,-11.63,-11.27,-11.63,-11.85,-11.76,-11.49,-11.68,-11.68,-11.68,-11.76,-11.49,-11.55,-11.49,-11.68,-11.85,-11.68,-11.63,-11.76,-11.49,-11.68,-11.90,-11.85,-11.49,-11.41,-11.63,-11.90,-11.63,-11.90,-11.76,-11.90,-11.90,-12.04,-12.20,-11.98,-11.98,-12.04,-11.55,-12.04,-12.12,-11.85,-11.98,-12.12,-12.39,-11.85,-12.04,-12.20,-12.12,-11.85,-12.04,-12.26,-11.76,-12.12,-12.20,-12.04,-11.85,-11.76,-11.98,-11.76,-11.98,-11.68,-11.63,-11.90,-11.98,-11.98,-11.90,-12.04,-12.26,-11.85,-11.90,-11.90,-12.20,-12.04,-12.39,-12.12,-12.12,-12.04,-11.85,-11.90,-12.26,-11.76,-12.04,-11.85,-12.20,-11.98,-11.85,-11.76,-12.26,-12.26,-11.85,-11.76,-12.20,-12.04,-11.85,-11.98,-12.20,-12.04,-11.90,-11.90,-12.12,-11.90,-12.56,-12.26,-12.34,-11.98,-12.26,-11.98,-12.12,-12.26,-11.85,-11.98,-11.98,-12.34,-12.20,-11.98,-12.20,-11.98,-12.20,-12.26,-12.48,-12.04,-12.04,-12.56,-12.12,-12.04,-11.90,-12.12,-11.90,-12.12,-11.98,-12.20,-12.04,-12.04,-12.12,-12.34,-12.26,-11.90,-11.90,-12.56,-12.12,-12.12,-11.98,-11.85,-11.98,-11.90,-11.98,-12.04,-11.98,-12.04,-12.04,-11.98,-12.04,-11.85,-11.85,-11.90,-12.04,-11.98,-12.04,-12.20,-11.85,-12.26,-12.04,-12.26,-12.04,-12.12,-11.90,-12.20,-12.39,-12.20,-11.90,-11.98,-12.04,-12.56,-11.90,-12.26,-11.85,-11.90,-12.39,-12.04,-12.26,-12.39,-12.34,-12.34,-12.34,-12.20,-12.34,-12.12,-12.26,-12.48,-12.34,-12.26,-12.48,-12.34,-12.26,-12.26,-12.61
-12.61,-12.61,-12.39,-12.70,-12.61,-12.39,-12.48,-12.61,-12.04,-12.12,-12.26,-12.34,-12.39,-12.39,-12.26,-12.56,-12.56,-12.70,-12.20,-12.39,-12.34,-12.26,-11.90,-11.98,-12.26,-11.98,-12.20,-11.76,-11.90,-11.98,-11.98,-12.20,-12.04,-11.90,-11.98,-12.04,-11.85,-12.26,-12.04,-11.98,-12.20,-11.98,-11.90,-12.34,-12.12,-11.76,-12.04,-12.12,-12.20,-12.04,-11.68,-12.12,-12.34,-12.39,-11.98,-11.98,-11.98,-11.68,-11.76,-12.20,-11.90,-12.04,-12.39,-12.39,-12.20,-12.26,-12.12,-12.61,-12.26,-11.98,-12.12,-12.04,-12.34,-12.04,-12.12,-11.98,-12.04,-11.98,-12.34,-12.26,-12.04,-12.20,-12.12,-12.12,-11.98,-11.98,-12.04,-12.26,-12.20,-11.85,-12.26,-12.34,-12.04,-12.04,-12.12,-12.12,-11.98,-12.04,-12.04,-11.90,-12.04,-12.26,-12.26,-12.20,-12.34,-12.34,-11.98,-12.39,-11.76,-12.04,-12.20,-12.04,-12.04,-11.85,-12.04,-12.04,-12.04,-11.85,-11.90,-11.68,-12.12,-12.12,-12.12,-12.04,-12.04,-11.76,-11.68,-12.12,-12.04,-11.85,-12.04,-11.85,-12.26,-11.98,-11.90,-12.12,-11.90,-11.85,-12.26,-12.04,-11.98,-12.12,-11.98,-11.98,-12.12,-11.85,-11.90,-11.90,-11.90,-12.04,-12.20,-12.04,-12.04,-11.98,-11.63,-12.20,-11.85,-11.85,-11.90,-11.90,-12.12,-12.04,-11.98,-11.90,-11.76,-12.12,-12.34,-11.90,-11.76,-11.90,-12.04,-11.68,-11.55,-11.76,-11.85,-11.76,-11.68,-11.41,-11.63,-11.68,-11.68,-11.49,-11.90,-11.68,-11.68,-11.49,-11.85,-11.76,-11.90,-11.27,-11.49,-11.68,-11.63,-11.27,-11.55,-11.55,-11.68,-11.63,-11.85,-11.76,-11.90,-11.85,-11.76,-11.68,-11.68,-11.63,-11.63,-11.85,-11.41,-11.90,-11.49,-11.63,-11.55,-11.68,-11.90,-12.26,-11.85,-11.68,-11.90,-11.85,-11.55,-12.04,-12.12,-12.20,-11.90,-12.20,-12.12,-12.26,-11.90,-12.04,-12.12,-11.68,-11.68,-12.12,-11.85,-12.04,-11.85,-12.04,-11.90,-12.39,-12.20,-11.90,-12.12,-11.85,-11.90,-11.76,-11.98,-12.04,-11.85,-11.76,-11.98,-11.98,-12.12,-12.12,-11.90,-11.90,-12.20,-12.04,-12.04,-12.04,-11.55,-11.85,-11.98,-11.90,-12.12,-12.04,-12.20,-12.12,-11.98,-11.90,-11.76,-11.68,-12.04,-11.76,-11.98,-12.04,-12.20,-11.98,-11.90,-11.55,-12.12,-12.04,-11.98,-12.20,-12.04,-11.68,-11.98,-11.85,-12.26,-12.20,-12.04,-11.85,-11.98,-12.34,-11.76,-11.90,-11.85,-12.12,-12.20,-11.76,-12.04,-11.90,-12.20,-12.04,-12.20,-12.34,-12.34,-12.39,-12.39,-12.20,-12.20,-12.39,-12.04,-12.20,-11.85,-12.26,-12.26,-12.34,-12.20,-12.12,-12.04,-12.12,-12.34,-12.48,-12.34,-12.12,-12.26,-12.12,-11.98,-12.04,-11.98,-11.98,-11.90,-11.98,-11.98,-11.85,-11.63,-11.98,-11.98,-11.85,-12.26,-11.90,-12.20,-12.20,-12.12,-12.12,-11.98,-12.04,-11.98,-12.26,-11.76,-11.85,-12.39,-12.26,-12.26,-11.90,-12.26,-12.20,-12.04,-12.04,-12.34,-12.26,-11.90,-12.12,-12.56,-12.20,-12.34,-12.34,-12.20,-12.26,-12.34,-12.39,-12.48,-12.34,-12.04,-12.39,-12.34,-12.26,-12.34,-12.78,-12.39,-12.39
-12.78,-12.20,-12.20,-12.26,-12.56,-12.20,-12.48,-12.20,-12.56,-12.20,-12.26,-12.61,-12.12,-12.12,-12.04,-12.39,-12.48,-12.34,-12.48,-12.20,-12.26,-12.34,-12.20,-12.20,-12.12,-12.12,-12.48,-12.39,-11.90,-12.56,-12.12,-12.56,-12.26,-12.26,-11.98,-12.04,-12.48,-12.39,-12.04,-11.76,-11.76,-11.98,-12.12,-11.98,-12.20,-12.26,-11.98,-12.04,-12.34,-12.04,-11.76,-11.90,-12.26,-12.04,-12.12,-12.26,-11.90,-12.12,-11.98,-12.39,-11.76,-11.76,-12.26,-12.39,-12.12,-11.98,-11.76,-12.20,-12.48,-12.20,-11.98,-11.90,-12.48,-12.34,-11.90,-11.98,-12.26,-12.12,-12.34,-12.39,-12.26,-12.12,-12.26,-11.98,-12.26,-12.34,-11.85,-12.12,-12.04,-12.20,-12.12,-12.04,-12.26,-12.04,-11.90,-12.34,-12.12,-12.20,-12.39,-12.04,-12.20,-12.20,-12.26,-12.20,-12.04,-11.98,-12.26,-12.39,-12.12,-12.04,-11.85,-12.04,-12.04,-12.26,-12.26,-12.12,-12.26,-11.76,-11.98,-11.76,-11.98,-12.20,-11.68,-12.04,-11.98,-12.20,-11.98,-12.04,-12.04,-11.98,-12.20,-11.85,-12.12,-12.12,-12.04,-11.85,-11.85,-11.90,-12.12,-11.98,-12.26,-12.04,-11.76,-12.20,-12.04,-12.12,-12.12,-11.98,-12.04,-12.26,-12.04,-11.90,-11.98,-11.68,-12.34,-12.04,-12.12,-12.26,-12.34,-11.90,-11.85,-11.85,-12.26,-11.98,-11.85,-11.98,-11.85,-11.76,-11.63,-11.63,-11.85,-11.85,-11.55,-11.63,-11.63,-11.76,-11.76,-11.90,-11.55,-11.63,-11.27,-11.85,-12.04,-11.41,-11.49,-11.41,-11.85,-11.55,-11.63,-11.41,-11.63,-11.19,-11.49,-11.41,-11.55,-11.90,-11.49,-11.49,-11.68,-11.55,-11.63,-11.98,-11.68,-11.98,-11.55,-11.55,-11.76,-11.63,-12.12,-11.85,-11.85,-11.76,-11.63,-11.76,-12.04,-12.04,-11.90,-12.04,-12.04,-11.63,-12.20,-11.98,-11.98,-11.90,-11.63,-11.90,-12.20,-11.98,-12.12,-12.04,-11.90,-11.85,-12.20,-12.04,-12.12,-12.12,-11.98,-12.12,-12.04,-12.12,-11.98,-12.12,-12.04,-12.04,-11.55,-11.85,-12.04,-11.98,-11.90,-12.12,-11.90,-11.90,-11.85,-12.20,-11.98,-12.39,-12.34,-12.04,-12.20,-12.12,-11.90,-12.20,-12.04,-12.04,-11.76,-12.04,-11.85,-11.98,-12.12,-12.39,-11.76,-12.20,-11.68,-12.39,-12.34,-12.04,-11.90,-11.76,-11.68,-11.90,-12.12,-11.90,-12.04,-11.98,-11.76,-12.39,-12.39,-12.34,-12.26,-11.98,-12.12,-12.12,-11.85,-12.12,-12.04,-11.76,-12.12,-12.26,-12.04,-12.26,-12.26,-12.04,-12.12,-11.76,-12.04,-12.12,-12.12,-11.98,-12.26,-12.34,-12.20,-12.61,-12.20,-12.20,-12.20,-12.04,-12.34,-11.90,-12.12,-12.20,-12.39,-11.98,-12.26,-12.12,-12.34,-12.20,-12.04,-11.76,-11.90,-11.90,-11.85,-12.04,-11.85,-12.20,-12.39,-11.85,-11.98,-12.04,-12.04,-11.98,-11.98,-11.98,-12.04,-12.26,-12.12,-11.85,-12.20,-11.85,-12.12,-11.98,-11.90,-11.90,-11.90,-11.90,-11.90,-11.98,-12.04,-12.20,-12.20,-11.98,-12.04,-12.04,-11.90,-12.20,-12.04,-12.34,-12.39,-12.20,-12.39,-12.39,-12.61,-12.39,-12.34,-12.26,-12.20,-12.39,-12.20,-12.39,-12.04,-12.48,-12.48,-12.56
-12.48,-12.70,-12.56,-12.61,-12.39,-11.98,-12.56,-12.48,-12.56,-12.39,-12.26,-12.34,-12.26,-12.26,-12.56,-12.20,-12.48,-12.26,-12.34,-12.12,-12.04,-12.34,-12.12,-12.26,-12.26,-11.68,-11.98,-12.12,-12.34,-11.85,-12.04,-11.76,-11.90,-12.12,-11.90,-12.04,-11.90,-11.98,-11.85,-12.26,-12.56,-11.85,-11.76,-12.12,-12.12,-11.76,-11.90,-11.55,-11.98,-11.68,-12.26,-11.76,-11.90,-11.98,-12.26,-11.90,-11.98,-12.04,-11.98,-12.26,-11.98,-12.34,-12.34,-12.20,-12.12,-11.85,-12.12,-12.56,-12.20,-12.20,-12.34,-12.20,-11.98,-12.04,-11.85,-11.90,-12.20,-11.85,-12.20,-12.34,-12.26,-12.04,-12.12,-12.20,-11.68,-12.26,-12.61,-11.76,-12.04,-12.39,-12.12,-12.12,-12.04,-12.26,-12.04,-12.26,-12.04,-11.85,-12.20,-12.04,-11.98,-12.20,-12.26,-11.98,-11.90,-11.76,-12.12,-12.04,-12.04,-11.90,-11.68,-12.20,-12.04,-12.34,-12.34,-12.04,-11.85,-12.12,-12.12,-11.90,-12.04,-11.63,-11.68,-11.90,-11.90,-12.26,-11.90,-11.98,-11.90,-11.85,-12.20,-12.26,-11.85,-12.20,-11.76,-11.76,-11.90,-11.90,-11.98,-11.85,-11.76,-12.12,-11.85,-11.98,-11.98,-11.98,-12.04,-11.90,-12.34,-11.98,-12.04,-12.12,-11.98,-11.85,-11.98,-12.26,-11.76,-11.85,-12.04,-11.76,-11.85,-11.98,-11.76,-11.76,-11.98,-12.04,-12.04,-11.85,-11.85,-11.49,-11.63,-11.63,-11.41,-11.55,-11.55,-11.63,-11.55,-11.55,-11.85,-11.76,-11.49,-11.55,-11.49,-11.55,-11.63,-11.63,-11.68,-11.68,-11.55,-11.90,-11.55,-11.63,-11.49,-11.36,-11.36,-11.76,-11.90,-11.36,-11.76,-11.63,-11.63,-11.55,-11.55,-11.68,-11.76,-11.76,-11.85,-11.68,-11.63,-11.55,-11.36,-11.76,-11.55,-11.49,-11.98,-11.85,-11.98,-11.85,-12.04,-12.04,-11.90,-12.12,-11.85,-11.85,-11.98,-11.98,-11.90,-12.12,-12.12,-12.26,-11.98,-12.04,-11.98,-12.04,-11.90,-11.90,-11.98,-12.04,-11.90,-11.85,-11.90,-11.98,-12.12,-11.90,-11.98,-12.04,-11.76,-11.98,-11.98,-12.12,-11.85,-11.76,-12.12,-12.34,-11.98,-11.90,-11.76,-11.85,-11.90,-11.90,-12.04,-11.76,-11.98,-12.04,-11.90,-11.85,-11.85,-12.04,-11.85,-12.20,-12.26,-12.20,-11.90,-12.26,-12.12,-11.76,-12.26,-12.04,-11.90,-12.04,-12.04,-11.68,-12.12,-11.41,-11.90,-12.20,-11.98,-12.20,-11.90,-12.26,-12.12,-12.12,-11.98,-11.90,-12.04,-12.26,-11.98,-12.12,-11.98,-11.85,-11.85,-11.98,-11.85,-11.76,-12.20,-12.61,-11.76,-12.20,-12.26,-11.90,-12.12,-12.34,-12.34,-12.12,-12.26,-12.04,-12.04,-12.12,-12.20,-11.98,-12.26,-12.34,-12.34,-12.12,-12.34,-12.20,-12.20,-12.04,-12.04,-11.98,-11.90,-11.85,-12.04,-12.04,-12.20,-12.12,-11.85,-11.85,-11.90,-11.76,-11.98,-11.76,-12.26,-12.04,-11.85,-12.04,-11.98,-11.85,-12.04,-12.56,-12.39,-12.34,-12.34,-11.85,-11.90,-12.20,-11.98,-12.04,-12.12,-12.20,-12.04,-12.39,-11.98,-12.20,-11.90,-12.20,-12.26,-12.12,-11.98,-12.04,-11.76,-12.04,-12.04,-12.20,-12.26,-12.56,-12.70,-12.20,-12.34,-12.26,-12.20,-12.61
-12.34,-12.61,-12.34,-12.04,-12.39,-12.39,-12.56,-12.26,-12.48,-12.70,-11.90,-12.20,-12.26,-12.26,-12.20,-12.39,-12.39,-12.20,-12.20,-12.04,-12.12,-12.26,-12.04,-11.90,-12.34,-12.20,-12.20,-12.04,-12.48,-12.48,-12.04,-12.39,-11.98,-12.04,-12.04,-11.85,-12.12,-11.76,-12.34,-12.20,-12.26,-11.98,-11.98,-11.98,-12.20,-12.04,-12.20,-11.98,-12.20,-11.98,-12.20,-11.90,-11.76,-11.90,-12.12,-12.20,-11.85,-11.85,-11.68,-12.12,-11.90,-11.98,-11.90,-12.39,-12.26,-12.39,-12.04,-12.20,-12.20,-11.76,-11.76,-12.34,-12.12,-12.20,-12.20,-11.98,-12.20,-12.04,-11.98,-12.12,-12.20,-12.12,-12.12,-12.26,-11.98,-12.26,-12.26,-12.04,-12.26,-11.98,-12.12,-12.34,-12.12,-11.85,-11.63,-12.34,-12.20,-11.98,-12.39,-11.98,-11.98,-12.26,-11.98,-12.20,-11.98,-12.26,-11.98,-12.04,-12.04,-11.85,-12.20,-11.98,-11.85,-11.90,-11.98,-12.04,-11.85,-12.12,-12.20,-11.90,-12.04,-11.98,-12.20,-12.26,-12.20,-12.20,-11.85,-11.98,-11.90,-12.04,-11.90,-12.12,-12.26,-12.12,-12.20,-11.85,-12.12,-11.90,-11.90,-11.85,-12.04,-12.04,-12.34,-12.39,-11.68,-12.26,-12.20,-12.20,-11.98,-12.12,-11.98,-12.12,-12.12,-11.90,-12.12,-12.04,-11.76,-11.90,-11.90,-12.20,-11.90,-11.90,-12.20,-11.98,-12.04,-11.90,-11.90,-11.76,-11.90,-12.20,-11.68,-11.49,-11.49,-11.41,-11.55,-11.76,-11.90,-11.49,-11.63,-11.68,-11.55,-11.55,-11.36,-11.49,-11.63,-11.49,-11.85,-11.76,-11.63,-11.49,-11.41,-11.68,-11.55,-11.76,-11.68,-11.63,-11.68,-11.68,-11.76,-11.55,-11.85,-11.85,-11.76,-11.68,-11.68,-11.85,-11.68,-11.49,-11.98,-11.41,-11.49,-11.55,-11.55,-11.63,-11.41,-11.98,-11.63,-12.04,-12.04,-12.04,-11.98,-12.04,-12.12,-12.04,-11.98,-12.26,-12.20,-11.85,-11.98,-11.90,-12.12,-12.20,-11.98,-12.12,-12.12,-12.04,-11.90,-11.68,-12.04,-11.85,-11.90,-11.49,-11.55,-11.90,-11.98,-11.85,-12.12,-12.04,-11.98,-11.98,-11.90,-12.04,-11.90,-11.85,-12.04,-11.98,-12.26,-12.04,-12.04,-11.85,-11.90,-12.20,-11.90,-12.04,-11.98,-12.12,-11.90,-11.63,-12.04,-12.04,-11.76,-11.90,-12.04,-11.98,-12.20,-12.26,-12.34,-12.39,-12.20,-12.12,-12.20,-12.20,-11.90,-12.20,-11.98,-11.76,-12.12,-11.85,-11.85,-12.12,-12.26,-12.20,-11.68,-12.04,-12.34,-11.90,-11.90,-12.26,-12.12,-11.98,-12.12,-12.26,-12.26,-12.12,-12.12,-12.20,-12.26,-11.98,-12.04,-12.20,-12.04,-12.12,-12.34,-12.20,-12.48,-12.12,-12.12,-12.20,-12.12,-11.98,-12.34,-12.39,-12.34,-12.39,-12.26,-12.48,-11.98,-11.90,-12.20,-11.63,-11.98,-11.76,-11.85,-12.04,-11.90,-11.85,-11.90,-11.68,-11.85,-11.98,-11.98,-11.90,-12.34,-11.63,-11.98,-12.56,-12.12,-12.20,-12.56,-11.90,-12.04,-12.12,-12.20,-11.90,-12.04,-12.12,-12.20,-11.90,-12.12,-12.04,-12.26,-12.56,-12.26,-12.12,-11.85,-12.04,-12.48,-12.34,-12.39,-12.34,-12.04,-12.34,-12.39,-12.20,-12.56,-12.34,-12.39,-11.98,-12.34,-12.48,-12.61,-12.26
-12.34,-12.78,-12.04,-12.39,-12.39,-12.26,-12.20,-12.20,-12.26,-12.48,-12.34,-12.26,-12.26,-12.39,-12.39,-12.04,-12.26,-12.26,-12.34,-12.34,-12.39,-11.76,-12.39,-12.34,-12.34,-12.20,-12.39,-11.85,-11.90,-11.98,-12.04,-11.98,-12.04,-11.85,-12.26,-12.26,-12.04,-11.85,-11.85,-12.26,-12.26,-12.04,-11.85,-11.90,-12.20,-11.90,-11.90,-12.34,-12.12,-12.12,-11.90,-12.26,-12.26,-11.98,-11.68,-11.90,-11.90,-12.12,-12.12,-12.04,-12.48,-12.12,-12.39,-12.48,-12.34,-12.20,-12.12,-12.20,-12.26,-12.20,-12.12,-12.20,-12.26,-12.04,-12.34,-12.12,-12.39,-12.48,-12.26,-12.34,-12.04,-12.39,-12.56,-12.20,-12.20,-11.90,-11.85,-12.04,-12.39,-12.20,-12.34,-12.20,-12.26,-12.12,-11.98,-12.20,-12.04,-12.04,-12.20,-12.26,-12.12,-12.26,-12.34,-12.34,-12.12,-12.12,-12.20,-11.98,-12.20,-11.68,-11.98,-11.85,-11.76,-12.12,-11.90,-11.98,-11.90,-11.90,-12.04,-12.04,-11.90,-11.98,-12.04,-12.04,-11.85,-12.12,-12.56,-12.04,-11.85,-12.04,-11.90,-12.26,-12.12,-12.20,-12.12,-11.85,-11.98,-11.90,-11.85,-11.90,-12.04,-11.90,-11.90,-11.85,-11.68,-11.98,-11.76,-12.04,-12.12,-11.85,-11.85,-11.90,-11.76,-11.68,-12.20,-11.85,-12.04,-11.68,-11.98,-11.98,-11.85,-11.76,-11.98,-11.98,-11.98,-11.76,-11.85,-11.76,-11.85,-11.85,-11.85,-11.55,-11.85,-11.41,-11.68,-11.68,-11.55,-11.55,-11.76,-11.55,-11.68,-11.55,-11.76,-11.63,-11.41,-11.76,-11.68,-11.85,-11.49,-11.49,-11.55,-11.68,-11.98,-11.85,-11.76,-11.55,-11.49,-11.63,-11.98,-11.85,-11.63,-11.76,-11.55,-11.63,-11.41,-11.85,-11.76,-11.76,-11.85,-11.55,-11.49,-11.55,-11.63,-11.27,-11.68,-11.85,-11.90,-11.85,-11.98,-11.90,-12.20,-12.12,-11.90,-12.04,-11.85,-11.85,-11.76,-11.85,-11.55,-11.98,-11.98,-11.90,-12.04,-11.90,-12.26,-12.26,-12.04,-11.90,-12.12,-11.98,-11.85,-11.85,-12.04,-12.39,-11.98,-12.04,-11.98,-12.12,-11.98,-11.90,-11.90,-12.04,-11.63,-12.12,-12.12,-11.68,-11.98,-12.12,-12.26,-11.76,-11.98,-12.20,-11.98,-12.26,-12.34,-12.04,-11.90,-12.20,-11.98,-12.12,-11.85,-12.12,-11.98,-12.12,-12.12,-12.39,-11.98,-11.68,-11.98,-11.68,-12.20,-11.90,-12.04,-12.12,-11.90,-11.98,-12.04,-12.04,-12.04,-11.85,-12.04,-12.04,-11.98,-12.12,-11.98,-12.04,-11.85,-11.90,-11.98,-12.20,-11.90,-12.12,-11.85,-12.04,-12.20,-12.26,-11.85,-11.76,-12.12,-11.90,-12.04,-12.20,-12.04,-12.20,-12.20,-11.90,-11.85,-12.26,-12.48,-12.04,-12.56,-12.04,-12.26,-12.20,-12.20,-12.12,-12.20,-11.90,-11.85,-11.68,-11.85,-11.55,-11.85,-12.12,-12.04,-11.63,-11.63,-12.34,-12.04,-11.85,-12.20,-11.85,-11.90,-11.98,-12.04,-12.48,-11.85,-11.98,-12.26,-12.20,-12.12,-12.04,-11.85,-12.04,-11.85,-11.85,-12.04,-11.98,-11.98,-12.04,-11.85,-12.34,-12.34,-12.20,-12.26,-12.20,-12.12,-12.34,-12.34,-12.12,-12.20,-12.26,-12.20,-12.39,-12.39,-12.26,-12.34,-12.48,-12.39,-12.26,-12.04,-12.34
-12.20,-12.61,-12.70,-12.26,-12.56,-12.04,-12.61,-12.56,-12.48,-12.26,-12.04,-12.34,-12.34,-12.26,-12.39,-12.48,-12.48,-12.20,-12.34,-12.26,-11.98,-12.20,-11.98,-12.20,-12.20,-12.20,-12.26,-12.48,-11.90,-11.90,-11.85,-12.12,-12.12,-11.85,-11.90,-11.98,-11.98,-11.90,-12.20,-12.20,-12.20,-12.12,-11.90,-12.26,-11.98,-11.85,-11.68,-12.04,-12.12,-11.90,-12.26,-11.85,-12.20,-11.76,-11.90,-11.98,-12.48,-11.68,-12.20,-12.12,-11.90,-11.98,-12.39,-12.12,-12.34,-12.12,-12.20,-12.04,-12.20,-12.12,-12.34,-11.98,-12.20,-11.98,-12.12,-12.04,-12.04,-12.26,-12.26,-11.90,-11.85,-12.20,-11.85,-12.12,-12.20,-12.34,-11.98,-12.04,-12.26,-12.20,-12.12,-12.12,-12.04,-12.20,-12.26,-11.85,-11.90,-12.12,-11.68,-12.39,-12.34,-12.26,-11.85,-12.20,-11.98,-12.26,-12.12,-11.98,-11.98,-11.98,-12.20,-11.98,-11.90,-11.90,-11.68,-12.12,-12.04,-12.04,-12.04,-11.98,-11.90,-12.04,-12.20,-12.04,-12.04,-11.98,-11.68,-12.12,-11.90,-12.20,-12.34,-12.04,-12.12,-12.34,-11.90,-12.12,-11.98,-11.98,-12.48,-12.04,-12.26,-12.20,-11.98,-12.12,-12.20,-12.04,-12.04,-11.90,-11.98,-12.04,-11.90,-11.68,-11.85,-11.90,-12.12,-11.98,-11.90,-12.26,-11.90,-11.85,-11.98,-12.04,-11.76,-12.12,-11.98,-12.12,-12.12,-11.98,-11.85,-11.49,-11.68,-11.63,-11.85,-11.55,-11.63,-11.55,-11.76,-11.49,-11.63,-11.63,-11.63,-11.63,-11.68,-11.85,-11.63,-11.41,-11.49,-11.98,-11.49,-11.76,-11.63,-11.36,-11.98,-11.41,-11.68,-11.68,-11.55,-11.55,-11.68,-11.63,-11.63,-11.63,-11.63,-11.68,-11.90,-11.49,-11.63,-11.85,-11.68,-11.49,-11.55,-11.68,-11.63,-11.55,-11.90,-11.90,-11.85,-12.34,-11.85,-11.85,-12.12,-11.55,-11.98,-11.85,-12.12,-12.26,-12.04,-12.26,-11.98,-12.04,-11.90,-12.04,-12.04,-11.98,-11.98,-12.12,-12.04,-11.90,-11.98,-11.98,-11.98,-12.12,-12.04,-11.68,-11.98,-12.04,-12.12,-12.34,-12.04,-12.20,-11.85,-12.20,-11.98,-12.26,-11.90,-12.34,-12.26,-12.26,-11.98,-12.12,-12.12,-12.20,-12.04,-12.20,-11.90,-11.85,-12.26,-12.12,-12.12,-12.12,-11.85,-12.04,-11.90,-12.04,-12.04,-11.98,-12.12,-12.26,-11.98,-11.85,-11.85,-11.85,-12.26,-11.85,-11.90,-11.98,-12.26,-12.04,-11.85,-12.20,-12.20,-11.98,-12.04,-12.26,-11.98,-12.39,-11.90,-12.04,-12.20,-12.26,-11.90,-12.34,-12.04,-12.04,-12.20,-11.90,-12.04,-12.20,-12.12,-12.26,-12.26,-12.20,-12.20,-12.48,-12.12,-12.34,-11.85,-12.20,-11.85,-12.34,-12.12,-12.04,-12.26,-12.34,-12.20,-12.20,-12.12,-11.98,-11.98,-12.04,-11.98,-11.98,-11.98,-12.20,-11.90,-11.90,-11.85,-11.90,-12.12,-12.04,-11.85,-11.76,-12.04,-12.20,-12.26,-11.98,-12.04,-12.20,-12.26,-12.12,-12.20,-12.12,-12.26,-12.34,-12.04,-11.98,-12.04,-12.12,-12.04,-12.26,-12.20,-11.90,-12.56,-12.20,-12.04,-12.26,-12.04,-12.12,-12.34,-11.98,-12.26,-12.12,-12.04,-12.34,-12.34,-12.34,-12.56,-12.34,-12.26,-12.78,-12.26,-12.61
-12.78,-12.34,-12.04,-12.48,-12.39,-12.48,-12.70,-12.61,-12.78,-12.34,-12.34,-12.39,-12.39,-12.26,-12.34,-12.20,-11.90,-12.39,-12.26,-12.26,-12.26,-12.20,-12.04,-12.26,-12.26,-12.20,-12.20,-11.98,-12.12,-12.26,-11.90,-12.12,-11.90,-12.26,-11.90,-12.12,-12.39,-11.76,-11.85,-11.85,-12.26,-11.85,-12.12,-11.68,-12.04,-11.98,-11.76,-12.12,-12.20,-12.12,-11.63,-12.04,-12.39,-12.04,-12.04,-11.76,-11.98,-11.76,-11.68,-12.12,-12.12,-12.34,-12.26,-11.98,-12.39,-12.12,-12.56,-12.04,-12.26,-12.12,-12.04,-11.98,-12.26,-12.48,-12.04,-12.20,-12.26,-12.20,-12.04,-12.20,-12.12,-12.39,-11.98,-12.20,-12.20,-12.20,-12.20,-12.26,-12.12,-12.34,-12.12,-12.12,-12.12,-12.34,-11.98,-11.76,-12.12,-12.34,-12.20,-11.98,-12.04,-11.76,-11.98,-11.76,-12.20,-12.34,-12.20,-11.90,-11.90,-11.68,-12.04,-11.90,-11.90,-11.98,-11.55,-12.04,-12.20,-11.98,-11.76,-11.68,-11.98,-12.12,-11.98,-11.98,-11.85,-11.85,-11.90,-12.04,-12.04,-11.85,-11.90,-11.76,-12.20,-12.12,-11.90,-11.85,-12.12,-12.20,-11.90,-12.20,-12.20,-11.85,-12.12,-11.90,-11.76,-12.04,-11.85,-12.12,-12.20,-11.98,-11.90,-11.85,-12.04,-12.04,-12.26,-12.20,-11.76,-11.68,-12.26,-12.04,-11.90,-12.20,-12.26,-11.98,-12.12,-12.04,-11.76,-11.55,-11.98,-11.55,-11.85,-11.55,-11.63,-11.63,-11.49,-11.68,-11.68,-12.12,-11.68,-11.68,-11.90,-11.85,-11.55,-11.85,-11.63,-11.68,-11.63,-11.76,-11.76,-11.90,-11.49,-11.55,-11.63,-11.68,-11.55,-11.55,-11.49,-11.41,-11.55,-11.55,-11.63,-11.55,-11.76,-11.63,-11.68,-11.76,-11.41,-11.55,-11.41,-11.55,-11.76,-11.49,-11.63,-11.27,-11.55,-11.85,-11.90,-11.85,-12.12,-11.98,-11.85,-11.98,-11.90,-12.12,-11.76,-11.90,-11.98,-12.34,-11.90,-12.34,-11.85,-11.85,-12.04,-11.85,-11.90,-12.04,-11.90,-12.12,-12.04,-11.98,-11.68,-12.12,-11.90,-11.85,-11.98,-11.76,-11.85,-11.85,-12.20,-12.04,-12.04,-12.20,-12.26,-12.20,-12.12,-11.98,-12.12,-12.26,-11.90,-11.90,-11.85,-12.20,-12.04,-12.12,-11.90,-11.85,-11.90,-12.20,-11.98,-12.26,-12.12,-12.20,-11.76,-11.85,-12.04,-12.04,-11.90,-12.04,-11.85,-11.90,-12.04,-11.90,-11.90,-12.26,-12.04,-12.26,-12.26,-12.04,-12.20,-12.12,-12.34,-11.98,-11.76,-11.98,-12.12,-12.26,-12.26,-12.12,-12.48,-11.98,-12.12,-12.34,-11.90,-12.34,-11.98,-12.12,-12.34,-12.39,-12.26,-12.20,-12.12,-11.90,-12.12,-12.26,-11.98,-12.26,-12.20,-12.34,-11.98,-12.12,-12.20,-12.26,-12.12,-12.39,-12.39,-12.39,-12.04,-12.04,-12.04,-11.76,-12.04,-12.04,-12.04,-12.04,-11.63,-11.98,-11.85,-11.98,-11.98,-12.04,-12.04,-11.90,-12.20,-12.04,-11.98,-11.90,-12.20,-11.90,-11.98,-12.04,-12.20,-12.04,-12.20,-12.26,-12.04,-12.20,-12.12,-12.04,-11.98,-12.20,-12.34,-12.61,-12.39,-12.56,-12.39,-12.04,-12.20,-12.12,-12.12,-11.98,-12.34,-12.39,-12.12,-12.39,-12.39,-12.39,-12.04,-12.26,-12.26,-12.20,-12.83,-12.61
-12.48,-12.48,-12.61,-12.39,-12.39,-12.04,-12.48,-12.39,-12.26,-12.48,-12.48,-12.26,-12.39,-12.34,-12.39,-12.61,-12.39,-12.20,-12.12,-12.34,-12.04,-12.26,-12.34,-12.12,-12.12,-12.26,-12.12,-12.04,-11.98,-11.85,-12.04,-12.20,-12.26,-12.04,-11.98,-12.12,-12.26,-12.26,-11.98,-12.12,-12.26,-12.34,-12.12,-12.12,-11.98,-11.85,-12.34,-11.76,-12.04,-11.85,-11.98,-11.90,-11.90,-11.68,-12.12,-11.98,-12.12,-12.04,-11.90,-11.98,-12.12,-12.04,-12.20,-12.39,-12.12,-12.26,-12.20,-12.20,-11.98,-12.26,-11.98,-12.20,-12.39,-12.34,-11.98,-12.20,-11.90,-12.12,-12.04,-11.90,-12.12,-12.04,-11.98,-12.34,-12.20,-12.04,-12.26,-12.20,-11.85,-12.34,-11.98,-12.26,-12.04,-12.04,-12.04,-12.26,-11.90,-12.20,-12.39,-12.12,-12.04,-11.85,-12.20,-11.85,-12.34,-12.04,-12.39,-12.39,-11.76,-12.04,-12.26,-11.90,-12.04,-12.04,-12.04,-12.04,-11.85,-12.20,-12.26,-12.26,-11.98,-12.04,-12.20,-12.12,-12.20,-12.20,-12.04,-12.12,-11.98,-12.20,-11.98,-12.26,-12.20,-12.04,-12.12,-12.12,-12.20,-11.98,-11.98,-11.98,-11.85,-11.76,-11.98,-12.20,-12.12,-12.26,-11.76,-12.20,-12.20,-12.12,-12.12,-12.12,-12.04,-12.04,-11.90,-11.90,-11.85,-12.20,-11.98,-11.90,-11.68,-11.85,-11.90,-12.20,-12.26,-11.90,-12.04,-11.98,-11.98,-11.55,-11.68,-11.63,-11.76,-11.68,-11.98,-11.76,-11.49,-11.76,-11.41,-11.63,-11.68,-11.36,-11.55,-11.63,-11.27,-11.68,-11.68,-11.63,-11.49,-11.85,-11.49,-11.63,-11.55,-11.55,-11.76,-11.36,-11.68,-11.63,-11.68,-11.55,-11.85,-11.76,-11.49,-11.63,-11.68,-11.63,-11.68,-11.36,-11.85,-11.55,-11.63,-11.68,-11.68,-11.76,-11.49,-11.68,-11.63,-11.63,-11.90,-12.04,-11.85,-12.04,-12.12,-12.12,-11.90,-12.12,-11.98,-12.04,-12.20,-12.04,-11.98,-11.90,-11.98,-12.20,-11.90,-11.90,-12.34,-12.20,-12.12,-12.20,-12.26,-12.12,-12.04,-12.20,-12.39,-11.90,-11.98,-11.90,-12.04,-12.04,-12.04,-12.12,-12.20,-11.90,-12.04,-12.34,-11.90,-11.90,-12.20,-12.20,-11.98,-12.12,-11.98,-12.26,-12.04,-12.12,-11.98,-11.90,-11.85,-11.90,-11.98,-12.12,-12.12,-12.04,-11.85,-12.04,-11.85,-11.98,-11.90,-11.90,-11.90,-12.20,-11.76,-11.98,-12.26,-11.98,-11.76,-12.20,-12.20,-12.20,-11.90,-11.85,-12.12,-12.20,-12.20,-11.98,-12.04,-11.90,-11.98,-11.63,-11.85,-11.90,-11.85,-12.20,-12.04,-12.04,-12.20,-11.85,-12.26,-12.20,-11.98,-12.20,-12.12,-12.04,-12.26,-11.76,-12.34,-12.34,-12.12,-12.20,-11.90,-12.34,-12.12,-12.12,-12.20,-11.90,-12.20,-11.98,-11.68,-12.26,-11.63,-12.12,-11.76,-11.68,-11.90,-12.04,-12.12,-12.04,-11.63,-11.85,-12.04,-11.76,-11.49,-11.98,-12.12,-12.12,-11.98,-11.98,-11.85,-11.90,-12.12,-12.12,-11.98,-12.26,-12.12,-12.12,-11.98,-12.48,-12.04,-12.04,-12.39,-11.90,-12.20,-11.90,-12.20,-11.90,-12.12,-12.56,-12.26,-12.20,-11.98,-12.26,-12.12,-12.34,-11.90,-12.20,-12.48,-12.26,-12.78,-12.56,-12.34,-12.48
-12.70,-12.61,-12.26,-12.61,-12.97,-12.56,-12.70,-12.34,-12.20,-12.26,-12.34,-12.48,-12.34,-12.34,-12.70,-12.20,-12.61,-12.48,-11.90,-12.34,-12.12,-11.98,-11.98,-12.48,-12.48,-12.12,-12.48,-12.20,-12.20,-12.12,-12.39,-11.90,-11.98,-12.04,-12.48,-12.48,-12.04,-12.20,-12.26,-11.98,-11.98,-11.98,-12.04,-11.98,-12.26,-11.85,-12.26,-12.04,-12.04,-12.34,-11.85,-11.90,-11.68,-12.26,-12.26,-11.98,-11.90,-12.34,-11.90,-11.98,-12.20,-12.04,-12.12,-12.12,-12.20,-12.12,-12.26,-12.26,-12.26,-12.12,-12.20,-12.39,-12.39,-12.34,-12.04,-11.90,-12.26,-12.12,-12.26,-12.34,-12.26,-12.20,-11.98,-12.26,-11.98,-12.34,-12.12,-12.34,-12.39,-12.39,-12.26,-12.26,-12.34,-12.20,-12.04,-12.04,-12.26,-11.98,-12.20,-11.85,-12.48,-11.98,-12.12,-11.90,-11.90,-12.39,-12.20,-12.12,-11.68,-11.76,-11.76,-12.04,-11.90,-11.90,-12.04,-11.90,-12.39,-11.90,-11.90,-11.98,-11.98,-11.98,-11.98,-11.90,-12.04,-12.20,-11.90,-12.04,-12.12,-11.98,-11.98,-12.12,-12.12,-12.04,-12.12,-12.20,-12.20,-11.90,-11.98,-12.12,-12.04,-12.26,-12.04,-11.98,-12.20,-12.04,-12.04,-11.68,-12.12,-11.90,-11.76,-12.20,-11.98,-11.76,-12.04,-12.12,-12.04,-12.12,-12.04,-11.90,-12.04,-12.12,-11.98,-12.26,-12.12,-11.98,-12.04,-11.76,-11.68,-11.76,-11.41,-11.55,-11.49,-11.98,-11.90,-11.68,-11.85,-11.76,-11.76,-11.63,-11.49,-11.49,-11.68,-11.63,-11.68,-11.55,-11.41,-11.49,-11.90,-11.68,-11.36,-11.85,-11.85,-11.98,-11.90,-11.55,-11.85,-11.63,-11.90,-11.68,-11.76,-11.63,-11.63,-11.55,-11.90,-11.27,-11.68,-11.63,-11.36,-11.68,-11.55,-11.55,-11.85,-11.85,-11.55,-11.90,-12.04,-12.04,-12.04,-12.26,-12.04,-12.04,-12.04,-11.76,-11.90,-11.76,-11.85,-11.98,-12.12,-12.48,-11.90,-11.98,-11.76,-11.98,-12.20,-12.34,-12.04,-11.85,-12.20,-12.12,-12.04,-12.12,-12.20,-12.04,-12.04,-11.85,-11.98,-12.04,-12.20,-11.90,-12.20,-11.90,-11.85,-12.26,-11.90,-12.26,-11.90,-12.04,-11.90,-12.26,-12.04,-12.34,-11.98,-12.04,-12.20,-12.04,-12.34,-12.12,-12.04,-12.12,-12.26,-12.48,-12.04,-12.12,-11.85,-12.12,-12.34,-11.90,-12.26,-12.26,-12.12,-12.12,-12.26,-11.98,-12.26,-12.04,-12.12,-12.26,-11.98,-12.04,-12.04,-12.04,-11.98,-11.90,-12.12,-12.04,-12.20,-12.20,-11.98,-12.48,-11.98,-12.20,-12.20,-12.12,-12.34,-12.20,-11.90,-12.20,-12.20,-12.20,-12.04,-12.34,-12.20,-12.34,-12.12,-12.34,-12.12,-12.04,-11.98,-11.85,-12.26,-12.12,-12.12,-12.20,-12.04,-12.20,-12.12,-11.76,-11.90,-12.26,-12.04,-11.85,-12.12,-12.34,-11.98,-12.04,-11.98,-12.20,-12.20,-11.90,-11.85,-12.12,-11.98,-11.98,-12.12,-12.12,-12.26,-12.04,-12.48,-12.12,-12.20,-11.90,-12.12,-12.04,-11.98,-12.12,-12.48,-12.26,-12.26,-12.20,-12.12,-12.12,-12.26,-12.04,-12.39,-12.39,-12.12,-12.04,-12.04,-11.98,-12.12,-12.12,-12.26,-12.26,-12.34,-12.12,-12.48,-12.20,-12.34,-12.34,-12.26,-12.56
-12.39,-12.48,-12.56,-12.12,-12.39,-12.39,-12.20,-12.26,-12.39,-12.26,-12.12,-12.61,-12.26,-12.34,-12.34,-12.48,-11.90,-12.39,-12.26,-11.85,-12.20,-12.12,-12.12,-11.98,-12.20,-12.12,-12.04,-12.39,-12.04,-12.34,-12.12,-12.12,-12.04,-12.04,-12.20,-12.26,-11.98,-12.34,-12.26,-12.26,-11.85,-12.12,-12.26,-12.12,-11.63,-11.85,-12.04,-12.26,-12.12,-11.98,-12.26,-12.20,-11.76,-12.04,-12.20,-12.04,-11.76,-12.12,-11.85,-12.20,-12.20,-12.39,-12.34,-12.12,-12.26,-12.61,-12.34,-12.34,-12.48,-11.98,-12.20,-12.12,-12.20,-12.26,-12.56,-12.12,-12.04,-12.04,-12.26,-12.26,-12.12,-12.39,-12.48,-12.34,-11.98,-12.39,-12.12,-12.20,-12.34,-12.34,-11.98,-12.20,-12.12,-12.12,-11.98,-12.26,-11.98,-12.12,-12.26,-12.39,-12.04,-12.04,-12.12,-11.85,-12.26,-12.04,-12.12,-12.12,-12.20,-12.12,-12.04,-11.90,-11.98,-11.90,-12.04,-12.20,-11.90,-11.90,-12.12,-12.12,-11.90,-12.12,-11.98,-11.90,-12.04,-11.76,-11.90,-11.90,-11.90,-12.12,-11.85,-12.39,-11.85,-11.85,-12.26,-11.90,-12.34,-12.20,-11.98,-12.04,-12.20,-11.85,-11.98,-12.34,-12.34,-12.12,-12.20,-12.20,-12.26,-11.90,-11.85,-11.90,-12.04,-11.85,-12.26,-12.04,-12.34,-12.04,-12.12,-12.39,-11.98,-12.04,-11.98,-12.12,-12.12,-12.12,-11.90,-11.85,-12.04,-11.76,-11.68,-11.90,-11.76,-11.76,-11.63,-11.68,-11.63,-11.63,-11.63,-11.76,-11.76,-11.76,-11.76,-11.63,-11.63,-11.41,-11.63,-11.76,-11.68,-11.49,-11.36,-11.90,-11.76,-11.76,-11.85,-11.41,-11.55,-11.63,-11.76,-11.63,-11.76,-11.68,-11.76,-11.68,-11.68,-11.55,-11.41,-11.63,-11.76,-11.63,-11.63,-11.63,-11.49,-11.85,-11.85,-11.90,-12.20,-11.85,-11.85,-12.39,-12.12,-12.26,-12.12,-12.20,-12.20,-11.98,-11.98,-11.85,-11.98,-12.12,-12.12,-11.98,-12.12,-12.20,-11.98,-12.04,-12.20,-12.12,-11.90,-12.04,-12.20,-11.98,-11.68,-12.04,-12.04,-11.76,-11.90,-12.04,-12.20,-11.85,-12.12,-12.12,-11.98,-12.04,-11.90,-12.04,-11.98,-12.20,-12.39,-11.98,-11.90,-11.90,-11.98,-12.26,-11.90,-12.04,-12.04,-12.34,-12.20,-12.04,-12.12,-12.12,-12.04,-11.76,-11.85,-11.85,-12.34,-12.04,-12.12,-12.04,-11.98,-12.04,-12.04,-12.20,-12.39,-12.34,-11.85,-11.98,-12.12,-11.76,-12.20,-12.12,-12.04,-11.85,-12.20,-12.34,-12.12,-12.04,-12.56,-12.04,-12.12,-12.39,-11.90,-11.98,-12.34,-12.34,-11.98,-12.34,-12.39,-12.20,-12.12,-12.39,-12.20,-12.12,-12.26,-12.26,-12.04,-12.39,-12.61,-12.34,-11.98,-12.20,-12.78,-12.20,-12.26,-12.26,-11.98,-12.39,-11.98,-11.63,-11.98,-11.98,-11.98,-11.68,-11.55,-11.76,-11.90,-11.76,-11.90,-11.76,-12.04,-12.20,-12.34,-11.76,-12.26,-12.04,-12.20,-12.39,-12.34,-12.39,-11.85,-12.12,-12.20,-12.26,-11.98,-12.20,-12.39,-12.39,-12.39,-12.20,-12.12,-12.48,-12.04,-12.48,-12.12,-12.12,-12.48,-11.76,-12.39,-11.98,-12.34,-12.04,-12.26,-12.20,-12.26,-12.56,-12.39,-12.48,-12.56,-12.26,-12.39,-12.39
-12.26,-12.56,-12.56,-12.34,-12.56,-12.56,-12.48,-12.39,-12.39,-12.48,-12.48,-12.56,-12.20,-12.26,-12.20,-12.20,-12.26,-12.26,-12.26,-12.39,-12.39,-11.98,-12.48,-12.48,-12.20,-12.20,-11.85,-12.04,-12.20,-12.39,-12.26,-11.98,-12.12,-12.26,-11.85,-12.12,-12.12,-11.76,-12.20,-11.98,-12.04,-11.98,-12.26,-11.98,-11.76,-12.04,-11.85,-11.76,-11.76,-12.34,-11.98,-12.12,-12.04,-11.90,-11.98,-12.04,-12.12,-12.04,-12.12,-12.26,-12.34,-12.34,-12.20,-12.20,-12.26,-12.12,-12.26,-12.20,-12.61,-12.04,-12.34,-12.26,-12.12,-12.12,-11.76,-12.39,-11.98,-11.76,-12.20,-12.34,-12.48,-12.20,-12.20,-11.85,-12.26,-12.20,-12.12,-12.34,-12.26,-11.98,-11.90,-12.04,-12.34,-12.20,-12.20,-12.20,-12.20,-12.12,-12.04,-12.20,-11.76,-12.04,-12.34,-11.98,-11.98,-12.04,-11.85,-12.26,-11.90,-11.98,-12.04,-11.98,-12.04,-11.85,-11.98,-12.39,-12.12,-11.98,-11.85,-11.98,-11.98,-11.90,-12.04,-12.04,-11.98,-12.39,-12.12,-12.12,-11.98,-11.98,-12.12,-12.20,-12.34,-11.90,-11.98,-11.98,-12.20,-12.20,-12.34,-12.26,-11.98,-11.98,-11.98,-12.39,-11.98,-12.04,-12.12,-12.20,-12.34,-11.98,-12.12,-12.12,-12.04,-12.20,-11.90,-11.90,-12.04,-12.04,-12.04,-11.90,-11.90,-12.20,-11.76,-11.85,-12.04,-11.98,-11.98,-12.12,-11.85,-11.41,-11.85,-11.55,-11.76,-11.68,-11.68,-11.85,-11.55,-11.68,-11.85,-11.55,-11.49,-11.63,-11.76,-11.55,-11.49,-11.90,-11.68,-11.49,-11.85,-11.68,-11.76,-11.36,-11.68,-11.63,-11.68,-11.63,-11.68,-11.68,-11.76,-11.55,-11.76,-11.68,-11.76,-11.85,-11.63,-11.19,-11.85,-11.55,-11.55,-11.55,-11.98,-11.55,-11.49,-11.63,-11.63,-11.98,-11.85,-12.20,-11.85,-11.98,-12.26,-12.04,-12.20,-11.90,-11.90,-11.90,-12.12,-11.68,-11.76,-12.12,-12.34,-11.85,-11.85,-11.68,-11.85,-12.20,-12.04,-11.76,-11.90,-11.76,-11.98,-11.90,-12.04,-12.20,-12.04,-12.12,-11.85,-11.85,-11.85,-12.20,-12.12,-12.12,-12.39,-11.85,-12.04,-11.98,-11.98,-11.85,-12.12,-11.85,-11.90,-11.85,-12.20,-12.34,-12.12,-12.12,-12.04,-12.20,-11.90,-12.20,-12.04,-12.12,-11.85,-12.04,-11.85,-11.98,-11.98,-12.20,-12.04,-11.98,-12.04,-11.98,-12.12,-11.76,-12.20,-11.76,-11.85,-12.34,-12.26,-11.76,-11.85,-12.20,-12.04,-12.26,-12.34,-11.98,-11.90,-11.98,-11.85,-12.48,-11.85,-11.68,-11.98,-12.04,-12.20,-12.26,-11.98,-12.20,-12.20,-11.85,-12.04,-11.90,-12.26,-12.20,-12.20,-12.20,-12.20,-12.04,-12.12,-12.20,-11.98,-12.34,-12.04,-12.20,-12.48,-11.90,-12.20,-12.12,-12.20,-12.20,-11.90,-11.98,-11.98,-12.04,-11.90,-11.90,-12.04,-11.76,-12.04,-11.68,-11.90,-12.12,-12.12,-11.90,-12.04,-11.98,-12.20,-12.12,-12.04,-12.26,-12.20,-12.26,-12.39,-12.12,-12.12,-12.04,-11.98,-11.90,-12.39,-12.20,-12.26,-11.90,-12.26,-12.34,-12.20,-12.12,-12.04,-12.12,-12.12,-12.12,-12.70,-12.20,-11.98,-12.20,-12.39,-12.26,-12.48,-12.34,-12.39,-12.39,-12.26,-12.34
-12.48,-12.39,-12.39,-12.26,-12.20,-12.04,-12.26,-12.48,-12.34,-12.20,-12.26,-12.12,-12.26,-12.39,-12.48,-12.04,-12.39,-12.78,-12.39,-12.26,-12.26,-12.20,-11.98,-12.20,-12.20,-11.68,-12.04,-12.26,-12.12,-12.20,-12.39,-12.12,-12.20,-12.12,-12.04,-12.20,-12.20,-12.26,-11.90,-12.04,-11.76,-12.26,-11.98,-12.12,-11.76,-11.98,-12.12,-12.12,-11.90,-11.68,-12.20,-11.63,-11.76,-11.90,-11.68,-12.12,-11.85,-12.34,-12.34,-11.90,-12.26,-12.56,-11.98,-12.12,-12.39,-12.12,-12.34,-12.12,-12.39,-12.26,-11.85,-11.90,-12.04,-12.12,-12.20,-12.20,-11.90,-12.26,-12.26,-12.26,-11.98,-12.20,-12.34,-12.20,-12.04,-12.26,-12.12,-11.85,-12.04,-12.34,-11.98,-12.26,-11.98,-12.04,-11.76,-12.04,-12.26,-12.12,-12.20,-12.04,-11.85,-12.04,-12.26,-12.20,-11.90,-11.85,-12.20,-12.04,-12.34,-12.20,-12.12,-12.20,-12.04,-12.20,-12.12,-12.20,-12.12,-11.90,-12.04,-12.34,-12.12,-11.98,-12.12,-12.12,-11.98,-11.98,-11.98,-12.12,-12.20,-12.04,-12.26,-12.12,-12.34,-12.12,-11.68,-12.12,-11.90,-11.76,-12.04,-12.12,-12.20,-12.20,-12.20,-11.85,-11.90,-12.04,-12.04,-11.98,-11.90,-11.76,-12.26,-11.76,-11.98,-12.20,-12.12,-12.04,-11.68,-11.98,-11.90,-12.26,-12.26,-12.04,-11.98,-11.90,-12.12,-12.12,-12.04,-12.04,-11.55,-11.68,-11.90,-11.63,-11.68,-11.41,-11.68,-11.76,-11.55,-11.27,-11.68,-11.36,-11.68,-11.76,-11.68,-11.41,-11.76,-11.36,-11.63,-11.49,-11.41,-11.36,-11.68,-11.49,-11.76,-11.76,-11.68,-11.76,-11.85,-11.55,-11.76,-11.85,-11.68,-11.63,-11.68,-11.49,-11.55,-11.63,-11.76,-11.63,-11.55,-11.68,-11.90,-11.76,-11.76,-11.63,-11.68,-11.85,-11.68,-11.98,-12.12,-12.20,-11.98,-11.98,-12.20,-11.85,-11.90,-12.20,-12.12,-11.98,-12.26,-11.85,-12.26,-12.20,-12.12,-12.34,-12.34,-12.26,-12.04,-12.12,-11.90,-11.98,-12.26,-11.90,-12.04,-11.85,-11.98,-11.98,-12.04,-12.04,-12.12,-12.04,-12.04,-12.12,-12.12,-12.12,-12.39,-12.20,-11.90,-12.26,-11.98,-12.12,-12.48,-11.90,-12.20,-12.26,-12.12,-12.26,-11.98,-11.85,-11.90,-11.85,-11.76,-12.04,-11.76,-11.90,-12.04,-11.85,-11.85,-12.20,-11.90,-11.98,-12.04,-11.85,-12.12,-11.90,-11.85,-12.12,-12.20,-12.20,-12.20,-12.04,-11.98,-12.20,-12.39,-11.85,-12.12,-12.12,-11.85,-12.20,-12.12,-11.98,-12.26,-12.20,-11.90,-12.20,-12.26,-12.20,-11.68,-12.26,-11.90,-12.20,-12.39,-11.98,-12.12,-12.20,-11.90,-12.04,-12.12,-12.04,-12.26,-12.34,-11.98,-12.20,-12.34,-12.12,-12.20,-12.34,-12.04,-11.98,-12.26,-11.85,-11.98,-11.63,-12.12,-11.98,-12.12,-11.68,-12.04,-12.12,-12.12,-12.20,-11.98,-12.12,-12.12,-12.12,-11.90,-12.12,-12.34,-11.98,-11.76,-12.12,-11.98,-12.34,-12.12,-12.12,-11.98,-12.20,-12.48,-12.12,-11.90,-11.85,-12.56,-11.98,-12.48,-12.20,-12.20,-12.12,-12.20,-12.26,-11.85,-12.48,-12.12,-12.26,-12.39,-12.56,-12.70,-12.56,-12.39,-12.48,-12.48,-12.48,-12.61,-12.61
-12.48,-12.48,-12.20,-12.56,-12.26,-12.34,-12.20,-12.20,-12.26,-12.34,-12.48,-12.34,-12.20,-12.61,-12.34,-12.39,-12.04,-12.70,-12.34,-12.39,-12.04,-11.98,-12.12,-12.39,-11.98,-12.20,-12.04,-12.12,-12.12,-12.04,-12.20,-12.48,-11.85,-11.68,-12.04,-12.26,-12.12,-12.12,-12.12,-12.12,-12.20,-12.12,-12.04,-11.85,-12.12,-12.12,-12.04,-12.12,-12.26,-12.20,-12.20,-12.04,-12.12,-11.85,-11.98,-12.04,-12.04,-11.85,-11.90,-12.04,-12.12,-12.20,-12.39,-12.20,-12.12,-12.20,-12.34,-12.12,-12.20,-12.26,-12.12,-12.20,-12.26,-12.20,-11.98,-12.04,-12.12,-11.90,-12.20,-11.98,-11.90,-11.90,-12.26,-12.04,-12.12,-12.26,-12.34,-11.98,-12.48,-12.20,-11.98,-12.20,-11.85,-11.98,-12.34,-12.20,-12.20,-12.04,-12.34,-12.04,-12.04,-12.26,-12.34,-11.90,-12.12,-12.34,-12.34,-12.12,-12.04,-11.98,-12.04,-12.04,-11.85,-12.34,-12.26,-12.12,-12.20,-11.90,-12.04,-12.26,-11.98,-12.12,-12.12,-12.34,-11.85,-12.26,-12.04,-11.90,-12.20,-11.98,-12.26,-12.12,-12.12,-12.26,-12.26,-12.12,-12.20,-11.90,-12.04,-11.90,-12.04,-12.04,-11.90,-12.20,-12.04,-12.26,-12.39,-11.98,-12.20,-12.26,-12.20,-12.04,-12.39,-12.26,-12.34,-12.04,-12.04,-11.98,-11.90,-12.20,-11.90,-12.12,-12.20,-12.48,-12.04,-11.98,-11.85,-11.98,-11.76,-11.85,-11.68,-11.76,-11.85,-11.85,-11.68,-11.85,-11.63,-11.27,-11.85,-11.76,-11.49,-11.68,-11.49,-11.85,-11.55,-11.68,-11.55,-11.36,-11.76,-11.98,-11.76,-11.63,-11.76,-11.85,-11.85,-11.63,-11.90,-11.55,-12.04,-11.68,-11.63,-11.63,-11.68,-11.55,-11.68,-11.98,-12.04,-11.63,-11.55,-11.63,-11.68,-11.55,-11.98,-11.55,-11.36,-11.85,-11.90,-11.90,-12.04,-11.90,-11.98,-12.04,-12.04,-12.12,-12.04,-11.90,-12.26,-12.04,-12.26,-11.85,-12.04,-12.26,-12.34,-11.98,-12.26,-12.12,-12.12,-12.04,-12.04,-11.98,-12.04,-12.20,-12.12,-11.85,-12.26,-12.20,-12.26,-11.90,-12.04,-12.12,-11.98,-11.98,-12.12,-12.34,-11.98,-11.98,-11.98,-12.04,-12.20,-12.26,-12.20,-11.98,-12.12,-12.26,-11.90,-11.98,-12.20,-12.12,-12.26,-12.20,-12.04,-12.12,-11.98,-11.98,-12.39,-11.90,-12.04,-12.04,-11.85,-11.90,-12.20,-11.90,-11.76,-12.12,-11.98,-11.98,-12.04,-12.12,-11.98,-11.63,-12.12,-12.26,-12.20,-12.12,-12.20,-11.98,-12.04,-12.34,-12.20,-12.12,-12.20,-11.85,-12.12,-12.04,-11.90,-12.04,-12.04,-12.04,-12.12,-11.98,-11.98,-12.39,-12.20,-12.04,-12.26,-12.12,-12.34,-12.20,-12.26,-12.39,-12.20,-12.04,-12.20,-12.26,-12.34,-12.26,-12.48,-12.56,-11.98,-11.98,-11.68,-11.85,-11.98,-12.04,-12.04,-11.98,-12.04,-11.98,-11.98,-11.68,-11.98,-11.68,-11.98,-11.85,-11.90,-11.63,-12.04,-11.90,-12.20,-11.85,-12.12,-11.98,-11.98,-11.98,-12.20,-12.12,-11.90,-12.39,-11.85,-12.12,-12.12,-12.04,-11.98,-12.39,-11.98,-12.20,-12.04,-12.12,-12.39,-12.04,-11.98,-12.04,-12.56,-12.26,-12.39,-12.04,-12.39,-12.20,-12.48,-12.34,-12.20,-12.48
-12.26,-12.39,-12.39,-12.12,-12.78,-12.34,-12.61,-12.26,-12.12,-12.20,-12.26,-12.48,-12.34,-12.56,-12.20,-12.48,-12.78,-12.26,-12.34,-12.34,-12.34,-11.90,-11.98,-12.39,-12.26,-11.90,-12.20,-12.26,-12.39,-12.12,-11.90,-12.12,-12.34,-11.98,-12.20,-12.26,-12.39,-12.12,-12.20,-12.12,-12.12,-12.12,-12.04,-11.98,-12.20,-12.04,-12.12,-12.04,-12.12,-11.90,-12.39,-11.85,-11.76,-12.26,-11.98,-11.90,-12.34,-11.85,-12.20,-12.04,-11.98,-12.12,-11.98,-12.20,-12.20,-12.34,-12.61,-12.39,-12.26,-12.20,-12.20,-12.12,-12.20,-12.04,-12.20,-12.20,-12.04,-12.20,-12.48,-12.34,-12.26,-12.20,-12.20,-12.39,-12.20,-12.34,-12.20,-11.90,-12.20,-12.26,-12.04,-11.90,-12.34,-12.26,-12.39,-12.26,-12.20,-12.56,-12.04,-11.90,-12.39,-11.98,-12.12,-12.12,-12.20,-12.26,-11.98,-12.39,-12.39,-12.04,-11.90,-11.90,-12.39,-12.20,-12.20,-12.26,-12.12,-11.90,-11.98,-12.20,-12.26,-12.04,-11.90,-12.04,-11.98,-11.98,-11.85,-12.04,-12.12,-11.98,-12.39,-12.12,-12.48,-12.20,-12.04,-12.34,-11.85,-11.98,-12.04,-12.04,-11.85,-12.20,-11.85,-12.20,-11.90,-12.04,-12.04,-11.98,-12.12,-12.26,-11.98,-12.04,-11.90,-12.04,-11.90,-12.04,-11.90,-11.76,-11.98,-11.90,-11.85,-12.04,-12.34,-12.12,-11.90,-11.98,-12.04,-11.76,-11.63,-11.90,-11.90,-11.68,-11.68,-11.85,-11.85,-11.63,-11.76,-11.85,-11.76,-11.63,-11.85,-11.76,-11.55,-11.68,-12.04,-11.41,-11.63,-11.55,-11.68,-11.49,-11.41,-11.41,-11.68,-11.76,-11.68,-11.68,-11.68,-11.68,-12.04,-11.98,-11.55,-11.90,-11.76,-11.63,-11.68,-11.63,-11.90,-11.76,-11.55,-11.36,-11.55,-11.85,-11.76,-11.41,-11.68,-11.85,-12.34,-11.90,-11.90,-11.90,-11.98,-11.85,-12.12,-11.76,-12.26,-12.26,-12.20,-11.90,-11.68,-11.90,-12.26,-11.85,-12.20,-12.20,-12.20,-11.68,-12.26,-12.04,-12.34,-11.98,-12.26,-11.90,-12.04,-12.34,-12.20,-12.26,-11.98,-11.90,-12.12,-12.26,-11.85,-12.26,-12.04,-12.12,-12.12,-12.12,-12.04,-12.20,-11.98,-12.12,-11.98,-11.90,-11.90,-11.76,-12.04,-11.63,-12.12,-12.04,-11.98,-12.12,-12.04,-12.20,-11.90,-12.12,-11.68,-11.90,-12.26,-11.90,-12.34,-12.12,-12.04,-11.85,-12.34,-12.20,-12.12,-12.04,-11.90,-12.20,-11.90,-12.20,-12.34,-12.26,-11.98,-12.12,-12.12,-12.34,-11.98,-11.90,-11.98,-12.20,-12.20,-11.90,-12.04,-11.98,-12.26,-12.48,-12.04,-12.34,-12.04,-12.48,-12.04,-12.48,-12.34,-12.26,-12.26,-12.20,-12.20,-12.34,-12.26,-12.20,-12.12,-12.20,-12.26,-12.12,-12.20,-12.26,-12.12,-12.26,-12.04,-12.20,-12.04,-11.76,-12.12,-12.04,-11.68,-11.98,-12.04,-12.20,-11.98,-12.04,-11.68,-12.04,-11.90,-11.98,-11.85,-11.98,-12.04,-11.90,-12.12,-11.85,-12.20,-11.98,-11.90,-12.12,-11.85,-12.20,-11.90,-12.20,-11.90,-12.26,-12.39,-12.39,-12.12,-11.68,-12.20,-12.12,-12.20,-12.20,-12.12,-12.12,-12.20,-11.90,-12.48,-12.26,-12.56,-12.48,-12.20,-12.20,-12.34,-12.56,-12.48,-12.34
-12.34,-12.34,-12.48,-12.26,-12.70,-12.56,-12.56,-12.61,-12.39,-12.48,-12.34,-12.70,-12.20,-12.56,-12.39,-12.61,-12.20,-12.26,-11.76,-12.26,-12.34,-12.34,-12.48,-11.98,-12.04,-12.04,-12.12,-12.12,-12.04,-12.12,-12.12,-12.20,-12.34,-12.12,-12.39,-12.12,-12.04,-12.12,-12.26,-12.04,-12.12,-11.98,-12.20,-12.34,-12.26,-12.04,-12.12,-11.90,-11.90,-11.90,-11.85,-11.98,-11.90,-12.04,-11.90,-11.85,-12.20,-12.04,-11.90,-12.12,-11.98,-12.04,-12.34,-12.34,-12.26,-12.20,-12.26,-12.26,-12.26,-12.12,-12.12,-12.34,-12.20,-12.48,-11.76,-11.98,-12.20,-11.85,-11.76,-12.26,-12.26,-11.98,-12.12,-12.26,-12.26,-12.34,-12.39,-12.12,-12.48,-12.26,-12.20,-12.26,-12.12,-12.04,-11.98,-12.20,-12.04,-12.39,-12.39,-12.26,-12.26,-11.90,-12.39,-12.04,-12.12,-11.98,-11.85,-12.04,-11.98,-11.90,-11.98,-12.20,-12.12,-12.12,-11.76,-12.12,-11.76,-12.04,-11.98,-11.98,-11.98,-12.04,-12.04,-12.34,-12.26,-12.20,-12.20,-12.34,-12.04,-12.39,-12.34,-12.34,-12.20,-12.12,-12.12,-12.04,-12.20,-11.90,-11.85,-12.26,-12.48,-12.04,-11.90,-11.98,-12.34,-12.34,-11.98,-11.90,-11.85,-12.12,-12.70,-12.04,-11.90,-11.90,-12.39,-11.98,-12.34,-12.04,-12.12,-11.98,-12.12,-12.04,-12.20,-12.04,-12.12,-11.98,-12.26,-11.90,-11.68,-11.49,-11.76,-11.68,-11.55,-11.76,-12.04,-11.27,-11.76,-11.85,-11.76,-11.68,-11.63,-11.68,-11.68,-11.55,-11.85,-11.63,-11.49,-11.63,-11.49,-11.49,-11.63,-11.68,-11.90,-11.41,-11.85,-11.68,-11.68,-11.63,-12.04,-11.68,-11.63,-11.36,-11.90,-11.63,-12.04,-11.76,-11.68,-11.63,-11.85,-11.68,-11.76,-11.76,-11.55,-11.49,-11.68,-11.90,-11.98,-11.90,-12.20,-12.20,-11.90,-12.20,-11.85,-11.90,-12.20,-11.98,-12.12,-11.90,-11.90,-12.04,-11.85,-12.20,-12.20,-12.20,-11.76,-11.76,-11.85,-11.85,-12.12,-12.12,-11.85,-12.20,-11.90,-11.98,-12.34,-12.39,-12.12,-11.85,-11.76,-11.90,-11.68,-11.76,-11.98,-11.85,-12.04,-12.70,-12.70,-12.20,-12.26,-12.20,-12.12,-12.26,-12.39,-11.98,-11.90,-11.76,-11.98,-12.12,-12.04,-12.04,-12.04,-11.90,-12.20,-12.39,-12.26,-12.12,-11.98,-12.26,-11.90,-12.12,-12.39,-12.26,-12.04,-11.90,-12.12,-11.98,-11.90,-11.98,-12.26,-12.12,-12.26,-11.90,-12.12,-11.98,-12.20,-12.04,-11.98,-12.26,-12.04,-12.26,-11.90,-11.76,-11.85,-11.98,-12.20,-11.85,-11.98,-12.04,-12.12,-12.26,-12.20,-12.26,-12.12,-12.12,-12.26,-12.12,-12.26,-12.34,-12.26,-12.20,-12.26,-12.20,-12.20,-12.20,-12.20,-12.26,-12.20,-11.98,-11.98,-11.90,-12.04,-11.55,-12.12,-11.98,-12.04,-11.68,-12.12,-11.63,-12.20,-12.04,-12.04,-11.85,-12.20,-11.85,-12.12,-11.90,-12.26,-11.85,-11.98,-12.04,-12.39,-11.90,-11.90,-12.12,-12.12,-12.04,-12.20,-12.12,-12.12,-12.12,-12.34,-12.20,-12.12,-12.12,-12.20,-12.56,-12.39,-12.12,-12.48,-12.48,-12.34,-12.04,-12.34,-12.12,-12.34,-12.34,-12.20,-12.34,-12.20,-12.34,-12.39,-12.39
-12.34,-12.48,-12.34,-12.26,-12.39,-12.70,-12.20,-12.61,-12.34,-12.12,-12.20,-12.26,-12.48,-12.61,-12.26,-12.48,-12.26,-12.12,-12.34,-12.20,-12.26,-11.98,-12.34,-12.20,-11.98,-12.26,-11.98,-11.98,-12.26,-12.04,-12.04,-12.20,-12.26,-12.12,-12.12,-12.12,-12.39,-12.20,-12.34,-11.98,-12.26,-12.04,-12.26,-12.39,-12.12,-12.34,-12.48,-12.12,-11.90,-11.90,-11.90,-11.90,-12.04,-11.68,-11.90,-11.90,-12.04,-11.68,-11.85,-11.90,-11.98,-12.34,-12.12,-12.12,-12.39,-12.20,-12.04,-12.26,-12.20,-12.26,-12.34,-12.56,-12.26,-12.26,-12.04,-12.26,-12.20,-12.26,-12.20,-12.20,-12.26,-12.39,-12.39,-12.26,-12.04,-12.39,-12.26,-12.20,-12.39,-12.04,-12.04,-12.26,-12.12,-12.20,-12.12,-12.26,-12.12,-12.04,-12.26,-12.26,-12.26,-11.98,-12.20,-12.61,-12.39,-12.12,-12.56,-12.12,-12.12,-12.12,-12.04,-12.34,-12.26,-12.04,-11.98,-12.12,-11.98,-12.20,-11.98,-12.34,-12.26,-12.12,-12.34,-11.98,-12.12,-12.04,-11.98,-12.20,-12.39,-12.20,-12.34,-12.04,-12.26,-11.90,-12.56,-12.04,-12.04,-12.12,-11.90,-12.26,-11.63,-11.90,-12.12,-12.61,-12.26,-11.98,-12.04,-12.26,-12.12,-12.04,-12.04,-12.26,-12.04,-12.20,-11.90,-12.04,-11.90,-12.12,-12.04,-12.04,-12.12,-11.90,-11.98,-11.63,-12.04,-11.90,-11.98,-11.98,-11.68,-11.41,-11.63,-11.41,-11.36,-11.85,-11.85,-11.90,-11.63,-11.68,-11.85,-11.63,-11.76,-11.63,-11.76,-11.41,-11.63,-11.19,-11.63,-11.76,-11.98,-11.63,-11.85,-11.85,-11.63,-11.90,-11.85,-11.63,-11.49,-11.98,-11.49,-11.68,-11.90,-11.85,-11.85,-11.76,-11.68,-11.90,-11.55,-11.63,-11.41,-11.68,-11.90,-11.90,-11.98,-11.63,-11.90,-11.90,-11.76,-12.39,-11.90,-11.98,-11.85,-11.76,-12.12,-12.04,-12.48,-11.98,-12.04,-12.04,-12.04,-11.85,-11.85,-12.04,-11.90,-11.90,-12.12,-12.26,-12.26,-11.76,-12.26,-12.20,-12.04,-12.04,-12.12,-12.04,-11.68,-11.98,-11.90,-12.12,-12.12,-12.04,-12.04,-12.04,-11.85,-12.20,-12.26,-12.20,-12.26,-12.12,-12.04,-11.90,-12.04,-12.04,-12.56,-12.04,-12.04,-12.04,-12.20,-12.12,-12.20,-12.26,-11.90,-12.20,-11.85,-12.26,-12.12,-12.20,-11.76,-12.04,-11.98,-11.90,-12.20,-12.12,-12.12,-12.39,-11.68,-12.04,-11.90,-12.34,-11.85,-12.04,-12.04,-12.20,-11.85,-12.26,-12.04,-12.34,-12.04,-11.90,-12.61,-11.98,-12.26,-12.34,-12.12,-12.12,-12.20,-12.61,-12.20,-12.39,-12.56,-11.90,-12.26,-12.20,-11.90,-11.85,-11.98,-12.20,-12.04,-12.20,-12.34,-12.39,-12.20,-12.26,-12.20,-12.20,-12.26,-12.20,-12.34,-12.12,-12.04,-11.85,-11.90,-11.90,-12.04,-11.90,-12.04,-12.12,-12.12,-11.98,-12.26,-12.12,-12.04,-12.12,-12.12,-12.20,-12.20,-12.26,-11.85,-11.90,-12.39,-12.12,-12.20,-12.12,-11.98,-12.12,-12.12,-12.12,-12.12,-12.04,-12.26,-12.39,-12.12,-12.26,-12.39,-12.04,-11.90,-12.20,-12.39,-12.20,-12.04,-12.04,-12.48,-11.55,-12.04,-12.20,-11.98,-12.34,-12.34,-12.61,-12.34,-12.39,-12.48,-12.48
-12.26,-12.48,-12.39,-12.48,-12.20,-12.48,-12.61,-11.98,-12.39,-12.61,-12.61,-12.34,-12.39,-12.12,-12.12,-12.48,-11.98,-12.12,-12.20,-12.34,-12.20,-11.90,-12.34,-11.90,-12.39,-12.20,-11.85,-12.26,-12.04,-12.34,-12.26,-12.39,-12.04,-11.85,-12.12,-12.20,-12.12,-11.90,-12.04,-11.98,-12.34,-11.90,-11.90,-12.20,-12.04,-12.34,-11.85,-12.20,-12.34,-11.49,-12.34,-11.68,-11.90,-12.26,-11.98,-12.04,-11.90,-11.98,-12.04,-12.12,-12.20,-11.76,-12.04,-12.04,-12.04,-12.12,-12.12,-11.98,-12.34,-12.26,-12.34,-12.39,-12.61,-12.26,-12.04,-12.39,-12.04,-11.90,-12.48,-12.20,-12.26,-12.26,-12.56,-12.20,-12.04,-11.98,-12.04,-12.20,-12.26,-12.04,-12.04,-12.12,-12.20,-12.34,-12.48,-12.34,-12.20,-12.04,-12.20,-12.26,-12.12,-11.90,-12.20,-12.26,-12.04,-12.20,-12.26,-12.04,-12.56,-12.12,-11.98,-12.04,-12.39,-12.26,-12.04,-11.90,-12.20,-11.85,-11.98,-12.12,-12.20,-12.39,-11.98,-12.12,-12.12,-12.04,-11.90,-12.20,-12.20,-12.20,-12.39,-12.20,-12.34,-12.26,-12.48,-12.04,-12.34,-12.20,-12.12,-11.98,-12.04,-11.85,-12.20,-12.39,-12.20,-12.20,-12.26,-12.04,-11.85,-12.12,-12.20,-12.12,-12.12,-12.12,-11.98,-11.98,-12.26,-11.85,-12.20,-11.90,-11.76,-11.90,-11.90,-12.12,-11.68,-11.98,-11.85,-12.20,-11.85,-11.90,-11.63,-11.76,-11.85,-11.63,-11.76,-11.68,-11.55,-12.04,-11.85,-11.55,-11.76,-11.68,-11.49,-11.68,-11.68,-11.63,-11.36,-11.76,-11.68,-11.76,-11.41,-11.76,-11.68,-11.85,-11.63,-11.63,-11.76,-11.85,-11.85,-11.85,-11.63,-11.36,-11.68,-11.49,-11.68,-11.49,-11.85,-11.85,-11.68,-11.49,-11.68,-11.27,-11.68,-11.19,-11.63,-11.68,-11.90,-11.76,-11.68,-11.98,-11.98,-11.90,-12.04,-12.04,-12.12,-12.26,-12.12,-11.90,-12.12,-11.90,-12.12,-12.26,-11.98,-11.90,-12.12,-12.34,-12.39,-11.98,-11.90,-11.90,-11.85,-12.04,-12.20,-11.98,-11.90,-12.04,-12.12,-11.63,-12.04,-12.04,-12.26,-12.04,-12.12,-12.26,-11.98,-11.76,-11.98,-12.34,-11.98,-11.49,-11.55,-12.12,-11.98,-12.20,-12.12,-11.98,-12.39,-11.98,-12.56,-12.20,-12.20,-12.04,-12.34,-12.26,-12.20,-11.85,-12.12,-11.98,-12.26,-12.04,-11.98,-12.34,-11.90,-12.20,-12.26,-12.12,-11.90,-12.26,-12.34,-11.98,-12.12,-12.34,-12.20,-12.56,-12.12,-12.34,-12.34,-12.39,-12.56,-12.34,-12.39,-12.48,-12.20,-12.34,-11.90,-12.20,-12.20,-11.90,-11.90,-12.04,-12.39,-12.48,-12.12,-12.12,-12.20,-11.68,-12.26,-12.61,-12.12,-12.39,-12.34,-12.20,-12.12,-11.98,-12.20,-12.12,-12.12,-11.76,-12.26,-12.26,-12.20,-11.76,-12.04,-11.90,-12.12,-11.90,-11.76,-11.85,-12.04,-11.76,-12.12,-11.68,-11.90,-11.98,-11.63,-11.98,-11.98,-11.90,-12.26,-12.20,-11.98,-11.90,-12.39,-12.20,-11.98,-12.39,-12.34,-12.26,-11.98,-12.04,-12.04,-12.26,-12.26,-12.26,-12.12,-12.12,-12.04,-12.56,-12.12,-12.20,-12.04,-12.12,-12.12,-12.61,-12.56,-12.20,-12.61,-12.26,-12.56,-12.48,-12.34,-12.39
-12.48,-12.39,-12.39,-12.26,-12.48,-12.61,-12.70,-12.20,-12.61,-12.48,-12.12,-12.39,-12.26,-12.26,-12.48,-12.04,-12.34,-12.04,-12.39,-12.04,-12.20,-11.98,-12.20,-11.98,-11.98,-12.26,-11.68,-11.76,-11.98,-12.04,-12.04,-12.12,-11.98,-12.26,-12.39,-11.90,-12.20,-12.34,-12.12,-12.48,-12.48,-12.20,-12.04,-12.26,-12.04,-12.04,-11.98,-12.20,-12.04,-12.04,-11.98,-11.98,-11.98,-11.63,-11.76,-11.90,-11.85,-12.04,-11.90,-12.04,-11.90,-12.04,-12.04,-12.48,-12.12,-12.61,-12.34,-12.34,-12.26,-12.12,-12.12,-12.20,-12.39,-12.12,-11.63,-11.98,-12.20,-12.12,-12.26,-12.12,-12.20,-11.90,-12.48,-12.04,-12.04,-12.04,-12.12,-12.12,-12.20,-11.98,-12.20,-12.12,-11.98,-11.98,-12.39,-11.98,-12.20,-12.56,-12.12,-12.20,-12.04,-12.20,-12.34,-12.26,-12.20,-12.04,-12.20,-12.04,-11.98,-12.26,-12.26,-12.20,-12.20,-12.34,-12.20,-11.85,-12.04,-11.98,-12.26,-11.98,-11.98,-11.98,-11.98,-12.04,-12.12,-12.26,-11.85,-12.34,-12.20,-11.98,-12.04,-12.48,-12.34,-12.12,-11.76,-12.26,-11.85,-12.04,-12.34,-12.04,-12.20,-12.26,-11.76,-12.20,-12.20,-12.04,-11.85,-12.20,-11.90,-11.76,-11.90,-11.90,-12.20,-12.04,-11.90,-11.98,-11.98,-11.98,-12.12,-11.98,-12.04,-12.12,-11.90,-12.20,-11.76,-11.98,-12.04,-12.04,-12.04,-11.55,-11.49,-11.90,-11.76,-11.55,-11.49,-11.68,-11.68,-11.41,-11.90,-11.49,-11.76,-11.63,-11.85,-11.49,-11.27,-11.76,-11.41,-11.85,-11.68,-11.41,-11.76,-11.55,-11.63,-11.98,-11.63,-11.76,-11.76,-11.76,-11.49,-11.36,-11.76,-11.85,-11.68,-11.85,-11.63,-11.55,-11.90,-11.68,-11.90,-11.55,-11.63,-11.55,-11.63,-11.55,-11.76,-11.85,-11.85,-11.55,-11.76,-11.90,-12.04,-12.12,-12.34,-12.04,-11.90,-12.56,-12.26,-11.98,-12.20,-12.20,-12.12,-12.20,-11.85,-11.90,-12.26,-12.04,-12.12,-12.04,-12.26,-12.04,-12.12,-12.20,-12.26,-12.26,-12.12,-12.04,-12.04,-12.20,-11.85,-11.90,-12.26,-12.26,-11.98,-12.20,-11.90,-11.98,-12.12,-12.04,-12.20,-11.98,-12.26,-12.20,-11.85,-12.20,-12.04,-11.98,-11.98,-12.04,-12.04,-12.12,-11.98,-12.48,-11.76,-11.98,-12.04,-12.04,-12.34,-11.98,-11.90,-12.04,-11.98,-11.90,-11.76,-11.98,-12.04,-12.20,-11.85,-11.76,-12.26,-11.98,-12.26,-11.98,-12.39,-12.34,-12.12,-12.12,-12.04,-12.12,-12.26,-12.04,-12.26,-12.34,-12.12,-12.26,-12.26,-12.20,-12.04,-12.04,-12.34,-12.12,-12.20,-12.61,-11.90,-12.48,-12.20,-12.34,-12.12,-12.12,-12.12,-12.48,-11.98,-12.26,-12.20,-12.56,-12.39,-12.56,-12.70,-12.04,-12.20,-11.49,-11.98,-11.85,-11.98,-11.98,-11.85,-11.76,-12.04,-12.12,-12.04,-12.26,-12.12,-12.20,-12.26,-11.98,-11.68,-11.76,-11.90,-11.98,-11.76,-12.12,-12.04,-12.12,-12.12,-12.12,-12.12,-12.34,-11.98,-11.90,-11.63,-12.12,-12.20,-12.26,-12.20,-12.20,-12.39,-12.48,-12.39,-12.20,-12.20,-12.04,-11.98,-11.76,-12.20,-12.26,-12.39,-12.34,-12.20,-11.98,-12.39,-12.78,-12.20,-12.34
-12.26,-12.34,-12.20,-12.48,-12.56,-12.56,-12.34,-12.34,-12.48,-12.48,-12.26,-12.61,-12.34,-12.20,-12.34,-12.12,-12.34,-12.20,-12.12,-11.90,-11.90,-11.98,-12.20,-12.12,-12.26,-12.12,-11.98,-11.98,-11.98,-12.20,-12.12,-12.20,-11.49,-11.68,-11.68,-12.20,-12.26,-12.12,-12.26,-12.04,-12.20,-12.04,-11.98,-12.26,-12.26,-11.98,-11.98,-12.34,-11.90,-11.68,-12.04,-12.04,-11.90,-11.98,-12.04,-12.12,-12.20,-11.76,-12.26,-12.20,-12.20,-12.12,-12.26,-12.34,-12.26,-12.48,-12.26,-12.20,-12.39,-12.20,-12.12,-11.90,-12.20,-12.20,-11.68,-11.98,-12.34,-12.34,-12.20,-12.26,-12.26,-11.85,-12.04,-11.98,-12.34,-12.12,-11.90,-12.20,-12.04,-12.12,-12.20,-12.61,-11.90,-12.20,-11.76,-12.39,-11.63,-12.12,-12.26,-12.12,-12.20,-11.90,-12.04,-12.39,-11.90,-11.98,-12.20,-12.12,-12.04,-12.04,-12.12,-12.26,-12.20,-12.26,-11.90,-12.04,-12.34,-11.85,-12.12,-12.34,-12.04,-12.12,-12.26,-12.34,-12.12,-12.04,-12.04,-12.26,-12.20,-11.90,-12.20,-12.04,-11.90,-12.12,-12.39,-11.98,-12.12,-12.34,-12.12,-11.76,-11.76,-12.12,-12.04,-11.90,-12.39,-12.20,-12.12,-11.98,-12.04,-12.26,-11.98,-12.12,-11.98,-11.90,-12.12,-12.12,-12.12,-11.98,-11.98,-12.34,-12.04,-12.20,-11.85,-11.85,-12.04,-11.90,-11.98,-11.85,-11.90,-11.76,-11.63,-11.55,-11.63,-11.90,-11.98,-11.85,-11.63,-11.68,-11.68,-11.49,-11.41,-11.63,-11.55,-11.49,-11.55,-11.76,-11.68,-11.63,-11.76,-11.76,-11.49,-11.55,-11.63,-11.68,-11.41,-11.68,-11.76,-11.85,-11.85,-11.63,-11.68,-11.63,-11.76,-11.68,-11.63,-11.68,-11.76,-11.63,-11.68,-11.49,-11.63,-11.55,-11.85,-11.55,-11.76,-12.20,-11.90,-12.12,-12.04,-12.12,-12.04,-12.04,-11.98,-11.90,-12.20,-12.34,-12.26,-12.20,-12.26,-12.12,-11.68,-12.34,-11.98,-11.85,-12.34,-11.98,-11.98,-11.90,-12.20,-11.98,-12.04,-12.26,-11.98,-11.76,-12.26,-12.12,-12.26,-12.20,-12.12,-12.26,-11.98,-12.12,-11.98,-12.04,-12.34,-12.12,-12.34,-12.34,-12.20,-11.85,-12.04,-12.12,-12.12,-12.04,-11.98,-11.98,-11.90,-12.12,-12.12,-11.98,-11.85,-12.34,-12.04,-12.20,-12.34,-11.85,-12.12,-12.20,-12.04,-12.12,-11.90,-12.26,-12.12,-12.20,-12.20,-11.90,-12.12,-12.48,-12.39,-11.85,-11.98,-11.68,-11.90,-12.04,-12.39,-12.12,-12.20,-11.90,-12.26,-12.04,-12.04,-12.48,-12.34,-11.90,-11.98,-11.98,-12.48,-12.04,-12.48,-12.48,-12.39,-12.34,-12.26,-12.20,-12.04,-12.20,-12.34,-12.20,-12.04,-12.12,-12.12,-12.34,-12.04,-12.20,-12.04,-12.26,-12.20,-11.98,-12.34,-12.12,-11.76,-11.85,-12.39,-11.85,-11.85,-12.12,-12.04,-12.20,-12.12,-11.98,-12.04,-11.85,-11.90,-11.85,-12.12,-12.26,-11.76,-11.90,-12.26,-12.04,-12.04,-11.68,-11.98,-12.34,-12.20,-12.12,-12.12,-11.98,-12.12,-12.12,-12.20,-12.39,-12.56,-12.26,-12.12,-12.26,-12.48,-12.20,-12.56,-12.48,-12.34,-11.98,-12.20,-11.76,-12.39,-12.34,-12.34,-12.26,-12.39,-12.39,-12.48,-12.34
-12.97,-12.20,-12.56,-12.34,-12.34,-12.39,-12.48,-12.26,-12.20,-12.12,-12.12,-12.20,-12.48,-12.12,-12.34,-12.20,-12.39,-12.26,-12.48,-12.48,-12.20,-12.04,-12.39,-12.56,-12.39,-12.34,-12.12,-12.04,-11.90,-12.61,-12.12,-12.20,-12.34,-12.04,-12.26,-12.04,-12.26,-11.98,-12.34,-12.39,-12.26,-12.12,-11.90,-12.12,-11.98,-12.20,-12.34,-11.76,-12.26,-11.98,-12.26,-12.04,-11.90,-11.90,-12.34,-12.12,-11.98,-12.04,-11.76,-12.34,-11.98,-12.20,-11.98,-12.04,-12.04,-12.56,-12.34,-12.04,-12.39,-12.12,-12.20,-12.34,-12.20,-12.34,-11.98,-12.12,-12.39,-12.04,-12.34,-12.26,-12.39,-12.34,-12.26,-12.04,-12.12,-12.26,-12.34,-12.20,-12.20,-12.26,-12.56,-12.26,-11.90,-12.20,-12.26,-12.26,-12.20,-12.04,-12.34,-12.20,-12.12,-11.98,-12.20,-12.04,-12.04,-12.04,-11.90,-12.04,-12.26,-12.04,-12.20,-12.04,-12.04,-12.20,-11.90,-12.04,-12.26,-11.90,-12.12,-12.34,-12.04,-12.26,-11.90,-11.90,-12.20,-12.12,-12.20,-11.90,-11.90,-12.04,-12.26,-12.12,-12.26,-12.12,-11.98,-12.34,-11.90,-12.12,-12.26,-12.26,-12.34,-11.76,-12.12,-12.04,-12.04,-12.04,-12.12,-11.90,-12.04,-12.26,-12.04,-11.85,-11.98,-12.12,-12.12,-12.04,-12.04,-12.12,-11.76,-12.12,-11.90,-12.12,-11.90,-12.20,-12.20,-11.85,-11.98,-11.90,-11.98,-11.76,-11.63,-11.68,-11.41,-11.49,-11.85,-11.49,-11.49,-11.68,-11.41,-11.63,-11.85,-11.90,-11.55,-11.49,-11.49,-11.90,-11.68,-11.68,-11.68,-11.68,-11.49,-11.85,-11.63,-11.68,-11.63,-11.41,-11.36,-11.55,-11.98,-11.76,-11.76,-11.41,-11.76,-11.68,-11.63,-11.49,-11.63,-11.85,-11.68,-11.90,-11.55,-11.85,-11.76,-11.85,-11.90,-11.63,-11.90,-11.76,-12.12,-11.90,-11.85,-12.26,-11.98,-12.04,-12.34,-12.39,-11.98,-12.12,-12.04,-12.20,-12.34,-11.98,-11.90,-11.85,-12.04,-11.76,-12.04,-12.12,-11.85,-12.34,-12.12,-12.20,-11.90,-12.20,-12.26,-12.04,-12.20,-12.12,-11.98,-12.20,-12.12,-11.85,-11.98,-12.12,-12.20,-11.85,-11.90,-12.20,-11.98,-11.63,-12.20,-12.20,-12.34,-12.12,-12.20,-12.26,-12.12,-12.12,-11.76,-11.85,-11.85,-11.98,-12.12,-12.26,-12.04,-12.04,-11.90,-11.68,-12.20,-12.20,-12.34,-12.12,-12.20,-11.90,-12.20,-12.34,-11.85,-12.04,-11.90,-12.04,-12.12,-12.04,-11.98,-12.12,-12.39,-12.12,-11.98,-12.04,-12.34,-12.20,-12.48,-12.39,-12.20,-11.90,-11.90,-11.98,-12.04,-12.04,-11.76,-12.39,-12.34,-12.48,-12.34,-12.20,-12.26,-12.20,-12.26,-12.20,-12.34,-12.04,-12.39,-12.48,-12.56,-12.26,-12.26,-12.20,-12.20,-12.34,-12.12,-12.34,-12.12,-11.55,-11.85,-11.68,-11.90,-11.98,-11.68,-12.12,-12.20,-11.76,-11.85,-12.12,-11.90,-11.90,-11.90,-11.98,-12.26,-12.20,-11.90,-12.04,-12.04,-11.98,-12.39,-12.12,-12.34,-12.12,-12.20,-11.98,-12.34,-12.04,-12.20,-12.20,-12.12,-12.04,-12.04,-12.04,-12.20,-12.34,-12.39,-12.34,-12.20,-12.04,-12.20,-12.12,-12.12,-12.04,-12.61,-12.26,-12.39,-12.26,-12.56,-12.26
-12.70,-12.34,-12.39,-12.56,-12.83,-12.39,-12.61,-12.26,-12.78,-12.34,-12.26,-12.20,-12.39,-12.26,-12.39,-11.76,-12.48,-12.34,-12.78,-12.04,-12.61,-12.04,-11.98,-12.39,-12.20,-12.34,-12.12,-12.34,-12.20,-12.34,-11.90,-11.98,-11.98,-12.20,-11.90,-11.76,-11.98,-12.26,-11.85,-11.85,-12.12,-12.39,-12.04,-11.90,-12.26,-12.20,-11.90,-11.76,-12.12,-11.85,-12.26,-11.85,-11.98,-11.98,-12.34,-11.98,-12.20,-11.98,-11.98,-11.98,-11.76,-12.20,-11.98,-12.04,-12.04,-12.26,-12.12,-12.12,-12.48,-12.12,-11.76,-12.20,-12.34,-11.85,-12.04,-11.98,-12.04,-12.04,-12.12,-12.20,-12.04,-12.20,-12.04,-12.04,-12.12,-12.34,-12.12,-12.04,-12.12,-12.34,-12.20,-12.12,-12.39,-11.98,-12.04,-12.12,-12.26,-12.20,-12.04,-12.26,-12.20,-12.12,-12.26,-12.20,-12.12,-12.04,-12.48,-11.98,-11.85,-12.04,-12.39,-12.12,-12.26,-11.98,-12.20,-12.04,-11.90,-12.12,-12.20,-12.34,-11.63,-11.98,-11.98,-12.20,-12.04,-12.20,-12.12,-12.04,-11.63,-12.12,-12.12,-12.34,-12.12,-12.04,-11.90,-11.68,-11.90,-11.90,-11.90,-11.98,-12.04,-12.20,-12.04,-12.20,-11.98,-12.39,-12.26,-11.85,-11.90,-12.26,-12.04,-12.20,-12.12,-11.98,-12.04,-12.26,-11.98,-11.90,-12.26,-12.04,-12.04,-12.20,-11.85,-11.90,-12.04,-11.98,-11.85,-11.98,-11.68,-11.98,-11.98,-11.76,-11.55,-11.85,-11.76,-11.63,-11.63,-11.68,-11.36,-11.90,-11.41,-11.63,-11.49,-11.76,-11.41,-11.55,-11.85,-11.76,-11.68,-11.63,-11.63,-11.41,-11.76,-11.63,-11.41,-11.85,-11.68,-11.36,-11.76,-11.63,-11.49,-11.49,-11.41,-11.76,-11.68,-11.68,-11.49,-11.68,-11.90,-11.85,-11.85,-11.49,-11.90,-11.41,-11.68,-12.04,-11.76,-11.90,-12.04,-12.34,-11.68,-11.98,-12.12,-11.98,-12.04,-12.04,-12.04,-12.04,-12.20,-11.90,-11.98,-12.26,-12.20,-11.68,-11.98,-11.68,-11.90,-11.85,-12.20,-12.04,-12.39,-12.12,-11.76,-11.98,-11.98,-11.90,-12.20,-11.85,-12.04,-12.20,-12.20,-12.12,-12.20,-12.04,-12.39,-11.90,-11.76,-12.12,-11.85,-12.04,-12.20,-12.04,-11.98,-11.85,-11.90,-12.26,-11.98,-12.12,-12.04,-11.90,-11.90,-12.04,-12.12,-12.12,-12.12,-12.12,-12.04,-11.98,-12.12,-12.26,-12.12,-12.12,-12.12,-11.90,-12.04,-12.20,-11.90,-12.04,-11.98,-12.26,-12.04,-12.34,-11.90,-11.98,-12.12,-12.12,-12.12,-11.98,-12.48,-12.78,-12.56,-12.39,-12.20,-11.98,-12.20,-12.04,-12.26,-11.90,-12.26,-12.12,-12.39,-12.26,-12.26,-12.39,-12.34,-12.20,-12.20,-12.12,-12.04,-12.26,-12.26,-12.20,-12.39,-12.20,-12.04,-12.20,-12.39,-11.98,-11.98,-12.12,-12.04,-11.68,-11.63,-11.68,-11.90,-11.76,-11.76,-11.98,-12.12,-11.90,-12.20,-11.85,-11.85,-12.20,-12.12,-12.04,-12.04,-12.12,-12.12,-12.12,-12.20,-11.68,-12.20,-11.85,-11.90,-12.26,-12.20,-12.26,-12.26,-11.68,-11.98,-11.98,-12.12,-12.12,-12.56,-12.20,-11.98,-12.48,-12.04,-12.12,-11.98,-12.04,-12.39,-12.12,-12.34,-12.39,-12.26,-12.39,-12.12,-12.39,-12.04,-12.34
-12.39,-12.34,-12.48,-12.70,-12.20,-12.48,-12.26,-12.34,-12.61,-12.39,-12.39,-12.26,-12.12,-12.56,-12.34,-12.56,-12.56,-12.26,-12.34,-12.20,-12.20,-12.26,-12.12,-11.98,-12.26,-12.04,-12.12,-12.39,-12.04,-11.98,-11.98,-12.20,-11.76,-11.98,-12.26,-12.12,-12.12,-12.04,-12.48,-12.26,-11.90,-11.90,-12.20,-12.04,-11.98,-12.26,-11.90,-12.48,-12.26,-12.12,-12.26,-12.04,-11.85,-11.98,-12.04,-12.20,-12.04,-11.98,-12.04,-12.04,-11.68,-12.12,-12.04,-12.34,-11.85,-12.26,-12.12,-12.20,-12.04,-12.20,-12.48,-12.39,-12.34,-11.98,-12.20,-11.90,-12.20,-12.20,-12.34,-12.34,-12.56,-12.34,-12.34,-12.04,-12.20,-12.04,-12.26,-12.12,-12.20,-12.04,-12.20,-12.04,-12.48,-12.20,-11.98,-11.85,-11.98,-12.12,-12.20,-12.04,-12.20,-12.26,-11.90,-12.20,-11.76,-12.26,-11.98,-12.39,-12.04,-11.98,-12.20,-12.34,-12.20,-12.26,-12.12,-11.98,-12.20,-11.98,-11.85,-11.85,-12.20,-12.12,-12.26,-12.04,-12.26,-12.26,-12.20,-12.20,-12.20,-12.39,-12.12,-11.85,-12.20,-12.04,-11.98,-11.90,-12.04,-12.12,-12.26,-11.85,-12.26,-12.12,-12.04,-12.20,-12.12,-12.04,-12.04,-11.55,-12.20,-12.26,-12.04,-11.85,-12.34,-11.68,-12.04,-11.90,-11.85,-11.90,-12.04,-12.04,-12.26,-11.98,-12.20,-12.34,-12.20,-11.98,-12.26,-11.85,-11.90,-11.41,-11.63,-11.98,-11.68,-11.63,-11.85,-11.68,-11.76,-11.85,-11.49,-11.68,-11.36,-11.85,-11.27,-11.68,-11.63,-11.76,-11.41,-11.85,-11.90,-11.49,-11.63,-11.41,-11.63,-11.49,-11.63,-11.49,-11.49,-11.68,-11.90,-11.63,-11.85,-11.36,-11.85,-11.63,-11.68,-11.90,-11.68,-11.76,-11.68,-11.68,-11.41,-11.27,-12.12,-11.85,-11.76,-12.12,-12.04,-12.04,-11.98,-12.04,-11.90,-11.90,-12.12,-11.85,-11.98,-11.98,-11.90,-11.98,-11.98,-11.85,-11.98,-12.12,-12.34,-11.55,-11.68,-12.26,-12.20,-11.98,-12.04,-12.20,-11.98,-12.04,-12.04,-11.90,-12.20,-12.20,-12.26,-12.20,-11.85,-11.90,-12.12,-11.90,-12.39,-12.26,-11.90,-11.98,-12.26,-12.12,-12.20,-12.04,-12.12,-11.76,-12.26,-12.20,-11.98,-12.04,-12.34,-12.04,-12.20,-12.12,-11.90,-12.20,-11.90,-12.26,-12.12,-11.98,-12.12,-12.04,-12.20,-11.98,-11.98,-11.85,-11.90,-12.39,-12.04,-12.20,-12.20,-12.04,-12.26,-12.26,-12.04,-12.26,-12.56,-12.12,-12.39,-12.20,-12.12,-12.04,-12.34,-12.34,-12.20,-12.04,-12.12,-12.34,-12.12,-12.20,-12.12,-12.39,-12.26,-12.26,-12.26,-12.12,-12.48,-12.12,-11.90,-12.12,-12.26,-12.20,-12.20,-12.12,-12.04,-12.34,-12.39,-12.39,-12.34,-12.26,-12.56,-12.04,-12.12,-11.68,-11.98,-11.98,-12.04,-11.76,-12.20,-11.76,-12.12,-11.98,-12.20,-12.12,-12.04,-12.20,-11.98,-11.85,-12.34,-12.26,-12.34,-12.12,-12.04,-11.68,-12.04,-12.26,-11.98,-12.12,-12.34,-12.04,-12.20,-12.34,-12.34,-12.20,-12.20,-12.12,-12.48,-12.12,-12.39,-12.20,-12.26,-12.12,-12.26,-12.12,-12.04,-12.48,-12.70,-12.04,-12.34,-12.92,-12.34,-12.26,-12.39,-12.34,-12.48,-12.70
-12.48,-12.39,-12.39,-12.34,-12.78,-12.48,-12.48,-12.48,-12.12,-12.20,-12.20,-12.12,-12.48,-12.26,-12.34,-12.12,-12.20,-12.12,-12.48,-12.26,-12.39,-12.39,-12.20,-12.26,-12.39,-12.20,-12.26,-12.12,-12.04,-12.12,-12.04,-12.04,-11.85,-12.26,-12.20,-12.20,-12.20,-11.98,-12.34,-12.04,-11.90,-11.98,-12.12,-12.20,-12.12,-11.76,-12.04,-12.20,-12.04,-12.04,-11.98,-11.68,-12.04,-12.20,-12.20,-11.98,-12.04,-12.04,-12.12,-11.85,-12.04,-12.04,-11.68,-11.68,-12.04,-12.26,-12.12,-12.20,-12.20,-12.04,-12.34,-12.04,-12.34,-12.34,-12.20,-12.04,-12.34,-11.98,-12.20,-12.12,-12.20,-12.04,-12.56,-12.12,-12.20,-12.20,-12.04,-12.12,-12.04,-12.20,-12.04,-12.61,-12.20,-12.39,-12.04,-12.04,-12.26,-12.48,-11.76,-12.04,-12.04,-11.90,-12.26,-12.20,-12.04,-12.12,-12.20,-12.26,-12.12,-12.20,-12.12,-12.20,-12.26,-12.39,-11.76,-11.98,-12.20,-12.12,-12.26,-11.98,-12.12,-12.26,-12.26,-12.20,-12.39,-12.26,-12.34,-12.56,-11.76,-12.39,-12.20,-12.12,-12.26,-11.98,-12.04,-12.04,-12.26,-12.12,-11.98,-12.12,-12.04,-12.04,-12.12,-12.20,-12.39,-11.90,-12.20,-11.98,-11.98,-11.98,-11.76,-12.12,-12.20,-12.26,-12.12,-12.20,-12.20,-12.12,-12.04,-12.20,-11.98,-11.98,-11.98,-12.20,-12.12,-11.90,-12.20,-12.26,-11.90,-11.98,-11.85,-11.98,-11.90,-11.41,-11.36,-11.76,-11.76,-11.68,-11.41,-11.63,-11.90,-11.49,-11.63,-11.68,-11.90,-11.76,-11.68,-11.85,-11.68,-11.68,-11.55,-11.63,-11.68,-11.55,-11.85,-11.85,-11.98,-11.41,-11.68,-11.85,-11.36,-11.76,-11.49,-11.41,-11.68,-11.55,-11.98,-11.76,-11.49,-11.98,-11.63,-11.90,-11.90,-11.90,-11.68,-11.90,-12.12,-11.98,-11.98,-11.98,-11.90,-12.34,-11.90,-11.90,-11.98,-11.90,-12.12,-11.76,-12.12,-11.90,-12.12,-12.20,-12.12,-11.98,-12.12,-12.12,-12.34,-12.04,-11.85,-12.04,-12.12,-12.48,-12.12,-11.90,-12.20,-12.34,-12.20,-12.04,-12.20,-12.12,-11.85,-12.12,-12.39,-11.68,-11.98,-12.04,-12.26,-11.98,-12.39,-12.26,-11.90,-12.20,-12.26,-11.90,-12.12,-12.20,-11.90,-12.20,-11.98,-12.04,-12.12,-11.98,-12.04,-12.34,-12.20,-11.98,-12.12,-12.26,-11.98,-11.98,-12.20,-12.12,-12.48,-12.04,-12.04,-12.12,-12.12,-12.39,-12.48,-11.98,-12.20,-12.04,-12.20,-11.98,-12.20,-11.90,-12.12,-11.85,-12.34,-12.20,-12.04,-12.20,-12.20,-12.39,-12.48,-12.26,-12.78,-12.26,-12.34,-12.34,-12.20,-12.26,-12.26,-12.56,-12.34,-12.34,-12.39,-12.34,-12.39,-12.26,-12.04,-11.98,-11.98,-12.20,-12.20,-12.04,-11.98,-12.26,-12.20,-12.04,-11.76,-12.26,-11.90,-11.98,-11.85,-11.85,-12.04,-11.63,-12.34,-11.90,-12.04,-12.04,-12.04,-12.20,-12.04,-12.12,-12.26,-11.63,-12.26,-12.04,-12.04,-12.12,-11.90,-12.20,-12.20,-12.20,-11.98,-12.04,-12.20,-12.12,-12.20,-12.39,-11.85,-12.61,-12.12,-12.04,-12.56,-12.26,-12.56,-12.56,-11.98,-12.12,-12.34,-12.04,-11.98,-11.98,-12.04,-12.48,-12.04,-12.34,-12.78,-12.56
-12.26,-12.70,-12.48,-12.78,-12.34,-12.78,-11.98,-12.20,-12.83,-12.20,-12.26,-12.34,-12.12,-12.48,-12.26,-12.34,-11.85,-12.26,-11.98,-12.39,-12.48,-12.39,-12.04,-11.76,-12.26,-11.98,-12.04,-12.39,-12.04,-12.12,-11.90,-11.76,-11.98,-11.90,-12.26,-12.20,-12.12,-12.04,-11.85,-12.39,-12.26,-11.90,-11.85,-12.26,-11.98,-12.34,-11.98,-12.20,-12.26,-12.04,-12.26,-12.20,-12.04,-12.26,-12.12,-12.26,-11.90,-11.85,-11.90,-12.04,-12.12,-12.04,-11.98,-12.20,-12.20,-11.98,-11.85,-11.85,-12.20,-12.26,-12.34,-12.34,-12.20,-12.34,-12.20,-12.20,-12.20,-12.20,-12.20,-12.26,-12.48,-12.20,-12.48,-12.12,-12.04,-11.98,-12.26,-12.48,-12.39,-12.39,-12.61,-12.12,-11.98,-12.26,-12.39,-12.26,-12.39,-12.20,-12.04,-12.04,-12.39,-12.20,-12.26,-12.12,-12.12,-12.26,-12.26,-12.04,-12.20,-12.12,-12.39,-11.98,-12.20,-12.04,-12.20,-12.12,-11.85,-12.12,-12.34,-12.12,-11.98,-12.34,-11.85,-12.34,-11.90,-12.20,-12.12,-12.39,-12.12,-12.12,-12.12,-12.48,-12.04,-12.26,-12.20,-12.04,-11.98,-12.04,-11.85,-12.26,-11.98,-12.04,-12.12,-12.20,-12.20,-12.26,-12.26,-11.98,-12.12,-12.20,-12.12,-11.98,-11.98,-12.12,-12.20,-12.34,-11.98,-11.98,-12.04,-11.98,-12.04,-12.26,-11.98,-12.26,-12.12,-12.12,-11.98,-12.04,-11.98,-11.90,-11.63,-11.90,-11.76,-11.55,-11.68,-11.76,-11.49,-11.19,-11.55,-11.68,-11.63,-11.76,-11.68,-11.76,-11.63,-11.76,-11.90,-11.49,-11.63,-11.98,-11.55,-11.27,-11.63,-11.55,-11.85,-11.49,-11.68,-11.68,-11.76,-11.76,-11.76,-11.76,-11.76,-11.68,-11.85,-11.98,-11.85,-12.12,-11.76,-11.76,-11.68,-11.63,-11.85,-11.63,-11.68,-11.85,-11.90,-11.98,-11.90,-11.90,-12.04,-12.12,-12.12,-11.76,-12.12,-12.04,-11.90,-11.98,-12.12,-12.04,-11.85,-11.90,-11.85,-11.98,-12.04,-12.04,-12.04,-11.85,-11.98,-12.04,-12.12,-12.34,-11.85,-11.85,-12.12,-12.34,-12.20,-12.12,-12.34,-12.20,-12.20,-12.12,-11.76,-11.98,-12.20,-12.12,-12.34,-12.20,-12.48,-12.20,-11.68,-12.26,-12.20,-12.34,-11.98,-12.12,-11.85,-11.98,-11.98,-12.12,-11.90,-11.98,-12.20,-11.98,-12.39,-12.04,-11.98,-12.04,-12.20,-12.26,-11.76,-12.12,-12.04,-12.04,-12.04,-11.98,-11.98,-11.98,-12.20,-12.04,-12.39,-12.26,-12.04,-12.56,-12.20,-12.26,-12.26,-12.12,-11.90,-12.04,-12.26,-12.26,-11.85,-12.34,-11.98,-12.26,-11.98,-12.20,-12.39,-12.34,-12.20,-12.26,-12.20,-11.98,-12.48,-12.20,-12.48,-12.20,-12.39,-12.39,-12.26,-11.90,-12.39,-11.98,-12.12,-12.04,-12.34,-12.04,-11.85,-12.04,-11.85,-11.85,-11.98,-11.98,-12.04,-11.68,-12.12,-11.90,-12.20,-11.76,-12.12,-12.04,-11.90,-12.26,-12.04,-11.76,-11.68,-12.04,-12.20,-12.26,-12.34,-12.26,-12.20,-11.98,-12.12,-12.20,-12.26,-11.90,-12.12,-12.20,-12.20,-12.12,-11.98,-12.12,-12.26,-12.26,-12.48,-12.34,-12.26,-12.12,-12.12,-12.26,-12.20,-12.12,-12.56,-12.20,-12.56,-12.34,-12.56,-12.56,-12.39,-12.34
-12.56,-12.48,-12.26,-12.34,-12.34,-12.48,-12.56,-12.26,-12.61,-12.39,-12.12,-12.26,-12.34,-12.48,-12.48,-12.26,-12.12,-12.48,-12.48,-12.34,-12.56,-12.39,-12.34,-12.39,-11.90,-12.12,-12.12,-12.04,-11.90,-12.12,-12.12,-11.98,-12.12,-11.98,-12.20,-12.20,-12.12,-12.04,-11.85,-12.26,-12.39,-12.12,-12.26,-12.20,-11.98,-12.04,-12.20,-11.98,-12.04,-11.98,-11.76,-12.04,-11.98,-12.12,-12.34,-11.68,-11.85,-11.90,-11.76,-12.04,-12.04,-12.20,-11.90,-11.90,-11.90,-11.76,-12.20,-11.98,-11.90,-11.76,-11.85,-12.26,-11.98,-12.34,-11.98,-11.85,-12.04,-12.20,-12.20,-12.20,-12.20,-12.34,-12.26,-12.70,-12.56,-12.26,-11.98,-12.04,-12.20,-12.12,-12.12,-12.20,-12.39,-12.04,-12.20,-12.04,-12.20,-12.34,-12.12,-12.12,-12.26,-12.04,-12.12,-12.04,-11.98,-12.26,-12.26,-12.04,-12.61,-12.04,-12.34,-11.98,-11.85,-12.12,-11.98,-12.04,-12.12,-12.34,-11.98,-11.90,-12.20,-12.12,-12.12,-11.98,-12.12,-12.12,-12.04,-12.04,-12.12,-12.04,-12.20,-12.12,-12.20,-12.20,-12.26,-12.20,-12.12,-12.20,-12.20,-12.04,-12.12,-12.12,-12.26,-12.39,-12.04,-12.26,-12.12,-11.98,-12.12,-12.26,-12.12,-12.12,-12.04,-12.12,-12.48,-12.34,-12.20,-11.90,-12.26,-12.12,-12.12,-11.98,-11.85,-12.04,-12.04,-12.12,-12.12,-11.98,-11.98,-11.90,-11.55,-12.04,-11.63,-11.63,-11.98,-11.85,-11.63,-11.68,-11.68,-11.68,-11.55,-11.49,-11.68,-11.85,-11.49,-11.76,-11.55,-11.76,-11.49,-11.90,-11.49,-11.55,-11.49,-11.49,-11.68,-11.68,-11.85,-11.90,-11.55,-11.68,-11.55,-11.90,-11.63,-11.90,-11.68,-11.49,-11.68,-11.41,-11.85,-11.68,-11.90,-11.85,-11.85,-11.68,-11.55,-11.90,-11.90,-11.98,-12.20,-12.12,-11.90,-11.98,-12.12,-11.98,-12.20,-11.98,-12.34,-11.98,-12.56,-12.12,-12.12,-11.98,-11.85,-11.85,-12.04,-12.12,-11.85,-12.26,-12.04,-12.26,-11.98,-12.26,-12.26,-12.12,-11.85,-12.04,-12.12,-11.76,-12.39,-12.04,-12.12,-12.39,-11.76,-12.04,-11.98,-12.04,-11.90,-12.12,-12.12,-12.34,-12.20,-12.12,-11.98,-12.20,-12.12,-12.39,-12.34,-12.20,-11.90,-12.20,-11.98,-11.85,-12.20,-12.04,-12.34,-11.98,-12.20,-11.85,-12.48,-12.04,-12.04,-12.12,-12.26,-11.90,-12.12,-12.12,-12.12,-11.90,-12.12,-11.98,-11.85,-12.04,-12.12,-12.04,-12.26,-12.12,-12.56,-12.12,-12.04,-12.12,-12.48,-12.20,-12.39,-12.12,-12.12,-11.98,-12.39,-11.98,-12.39,-12.34,-12.39,-11.98,-12.20,-12.20,-12.48,-12.12,-12.20,-12.39,-12.34,-12.48,-12.34,-12.20,-12.48,-12.26,-12.26,-12.34,-12.26,-12.04,-12.39,-12.04,-11.85,-11.90,-12.20,-11.85,-12.12,-11.49,-11.76,-11.98,-11.76,-11.76,-11.68,-12.34,-11.68,-11.85,-12.04,-12.04,-12.20,-11.68,-12.20,-11.98,-12.26,-11.85,-12.48,-12.34,-12.34,-11.85,-12.04,-11.85,-11.76,-12.61,-11.98,-11.90,-11.98,-12.12,-12.34,-12.26,-12.04,-12.39,-12.26,-12.48,-12.20,-12.20,-12.34,-12.20,-12.56,-12.39,-12.56,-11.98,-12.39,-12.26,-12.56,-12.34
-12.83,-12.61,-12.48,-12.70,-12.34,-12.26,-12.39,-12.39,-12.26,-12.20,-12.20,-12.34,-11.98,-11.90,-12.12,-12.34,-12.26,-12.20,-12.26,-12.39,-12.26,-12.04,-12.12,-12.04,-11.85,-12.04,-12.34,-12.04,-12.12,-11.98,-12.12,-12.12,-11.98,-12.39,-11.98,-11.85,-12.04,-12.20,-12.12,-11.85,-12.20,-11.98,-12.04,-11.98,-11.90,-11.98,-11.85,-11.85,-12.39,-11.98,-11.98,-11.98,-11.76,-12.04,-11.76,-12.04,-12.04,-12.12,-12.04,-12.26,-11.76,-12.04,-12.20,-11.85,-11.98,-12.26,-12.20,-11.98,-11.98,-11.85,-11.90,-12.04,-12.12,-11.98,-11.85,-11.68,-12.04,-11.85,-12.26,-12.56,-12.34,-12.39,-11.90,-12.34,-11.98,-12.20,-12.20,-12.04,-12.48,-12.12,-12.20,-12.34,-11.90,-12.39,-12.39,-12.56,-12.04,-12.39,-12.04,-12.26,-12.48,-12.34,-12.12,-12.26,-12.20,-12.26,-12.20,-11.98,-12.04,-11.85,-12.12,-12.20,-12.12,-12.04,-11.98,-12.12,-11.68,-12.12,-12.12,-12.61,-12.12,-11.98,-12.20,-12.04,-12.04,-11.90,-12.20,-12.12,-11.98,-11.98,-12.26,-11.90,-11.85,-11.85,-11.76,-12.34,-12.12,-12.34,-12.26,-12.26,-11.98,-11.98,-12.34,-12.26,-12.04,-12.20,-12.12,-12.04,-12.12,-12.39,-12.26,-12.34,-12.04,-12.12,-12.04,-12.04,-11.98,-12.12,-12.20,-11.90,-11.90,-11.76,-12.04,-12.12,-11.98,-11.98,-11.90,-12.04,-11.63,-11.98,-11.55,-11.85,-11.41,-11.41,-11.41,-11.68,-11.85,-11.85,-11.63,-11.63,-11.55,-11.55,-11.49,-11.36,-11.55,-11.85,-11.68,-11.76,-11.41,-11.85,-11.55,-11.55,-11.85,-11.49,-11.63,-11.68,-11.63,-11.49,-11.85,-11.76,-11.85,-11.63,-11.55,-11.85,-11.85,-11.85,-11.63,-11.63,-11.49,-11.76,-11.63,-11.90,-11.98,-11.76,-11.68,-12.04,-11.85,-11.98,-11.90,-11.98,-11.98,-11.98,-11.98,-12.04,-12.20,-11.98,-11.68,-12.04,-12.04,-12.04,-11.90,-11.85,-11.90,-12.20,-11.98,-12.39,-12.12,-12.04,-11.90,-11.90,-11.76,-12.04,-12.48,-11.85,-12.12,-11.98,-12.34,-11.90,-12.34,-11.85,-12.04,-12.04,-12.26,-12.34,-12.20,-12.20,-12.20,-11.85,-11.90,-12.12,-11.98,-12.26,-12.04,-12.04,-12.04,-11.90,-12.12,-12.20,-12.04,-12.26,-11.85,-12.20,-12.20,-12.04,-12.39,-12.20,-12.12,-12.04,-12.48,-12.26,-12.20,-12.20,-12.34,-12.20,-12.12,-11.85,-12.04,-12.20,-11.98,-12.12,-12.20,-12.20,-12.04,-11.98,-12.34,-12.04,-12.20,-11.98,-12.12,-12.26,-12.12,-12.20,-12.04,-11.90,-11.98,-12.20,-12.12,-11.90,-12.12,-11.98,-12.26,-12.39,-12.26,-12.39,-12.48,-12.20,-12.26,-12.26,-12.04,-12.20,-12.26,-12.61,-12.26,-12.39,-12.04,-12.20,-12.39,-12.61,-12.26,-11.90,-11.85,-12.20,-11.85,-12.04,-12.34,-11.76,-11.90,-11.98,-11.76,-12.26,-11.68,-11.98,-11.90,-12.12,-12.12,-11.98,-12.12,-12.26,-12.20,-12.12,-11.76,-11.98,-12.04,-11.98,-11.98,-12.39,-12.26,-12.20,-12.20,-11.68,-12.26,-12.04,-12.34,-12.34,-12.12,-11.85,-12.20,-12.04,-11.98,-12.39,-12.26,-12.12,-12.20,-11.85,-12.56,-12.39,-12.34,-12.34,-12.48,-12.48,-12.12,-12.56
-12.56,-12.48,-12.34,-12.48,-12.20,-12.48,-12.34,-12.34,-12.39,-12.34,-12.34,-12.39,-12.48,-12.34,-11.98,-12.04,-12.26,-11.98,-12.20,-12.39,-12.26,-12.04,-12.34,-11.90,-11.85,-11.98,-12.39,-12.34,-12.26,-12.12,-12.04,-12.26,-12.39,-11.90,-12.12,-12.04,-12.20,-12.12,-12.12,-12.12,-11.90,-12.20,-12.12,-11.85,-12.34,-11.76,-11.98,-11.76,-12.04,-11.98,-12.26,-11.85,-11.68,-11.98,-12.04,-12.20,-12.04,-11.85,-11.76,-11.90,-12.04,-11.98,-12.12,-12.26,-11.85,-12.20,-11.85,-11.98,-12.26,-11.90,-11.85,-12.12,-11.76,-12.04,-12.12,-11.98,-12.12,-11.85,-12.12,-11.90,-12.04,-12.12,-12.12,-12.34,-12.04,-12.26,-12.34,-12.26,-12.12,-12.12,-12.61,-12.34,-12.39,-12.04,-12.04,-12.26,-12.20,-11.98,-12.04,-12.04,-12.12,-12.20,-11.98,-12.12,-12.12,-12.04,-11.68,-12.12,-11.98,-11.98,-11.98,-12.20,-12.04,-12.12,-11.98,-12.12,-12.20,-11.90,-11.76,-12.12,-11.68,-12.26,-11.85,-11.98,-11.98,-11.85,-12.26,-12.34,-12.26,-12.20,-12.20,-11.90,-12.34,-11.90,-11.98,-12.12,-12.34,-12.26,-12.12,-11.98,-11.98,-11.68,-11.90,-11.98,-12.12,-12.12,-11.85,-11.90,-11.98,-12.04,-11.98,-12.04,-12.12,-12.20,-12.34,-11.85,-11.85,-12.12,-12.26,-12.26,-11.90,-12.12,-12.12,-12.12,-12.12,-12.04,-11.98,-12.04,-11.76,-11.76,-11.90,-11.85,-11.90,-11.19,-11.55,-11.76,-11.49,-11.68,-11.98,-11.49,-11.68,-11.49,-11.76,-11.49,-11.90,-11.49,-11.63,-11.63,-11.85,-11.55,-11.41,-11.63,-11.76,-11.85,-11.55,-11.76,-12.12,-11.68,-11.55,-11.41,-11.76,-12.26,-11.68,-11.85,-11.90,-11.85,-11.76,-11.68,-11.68,-11.76,-11.49,-11.76,-11.55,-11.55,-11.68,-11.90,-11.63,-11.76,-12.04,-11.76,-11.90,-12.20,-11.90,-11.90,-11.98,-11.98,-11.90,-11.90,-12.04,-12.39,-12.04,-12.12,-11.90,-12.12,-11.85,-12.20,-11.98,-11.90,-12.34,-11.98,-12.04,-11.85,-12.04,-11.85,-12.04,-11.85,-11.90,-11.90,-11.98,-11.98,-12.34,-12.20,-12.26,-12.39,-11.98,-12.26,-12.26,-12.20,-12.26,-12.12,-11.90,-11.85,-12.20,-12.04,-11.98,-11.90,-11.85,-12.26,-11.85,-12.04,-11.90,-12.04,-12.26,-11.98,-12.48,-12.20,-12.26,-12.34,-12.12,-12.26,-12.04,-12.12,-12.20,-12.12,-12.26,-12.20,-12.04,-12.39,-12.39,-11.85,-12.12,-12.39,-12.12,-12.26,-12.12,-12.04,-12.48,-12.26,-12.48,-12.12,-12.26,-11.98,-12.34,-12.12,-12.39,-12.26,-12.04,-12.34,-12.26,-12.12,-12.26,-12.48,-12.56,-12.04,-12.34,-12.26,-12.34,-12.20,-12.39,-12.34,-11.98,-12.48,-12.26,-12.26,-12.04,-12.26,-12.34,-12.26,-12.20,-11.85,-12.12,-11.76,-11.85,-11.90,-12.12,-11.98,-12.12,-11.85,-11.76,-12.04,-12.04,-11.98,-12.26,-11.68,-11.63,-11.90,-11.85,-12.20,-11.85,-12.04,-12.04,-11.90,-12.04,-11.98,-12.04,-11.98,-12.34,-12.04,-11.85,-12.04,-12.26,-12.20,-12.26,-11.76,-12.34,-12.12,-12.12,-11.90,-12.12,-12.34,-12.20,-12.12,-12.20,-11.98,-12.34,-12.48,-12.39,-12.34,-12.48,-12.56,-12.48,-12.61
-12.61,-12.20,-12.26,-12.39,-12.26,-12.48,-12.26,-12.20,-12.39,-12.12,-12.12,-12.12,-12.20,-12.26,-12.48,-12.12,-11.98,-11.90,-12.48,-12.20,-12.12,-12.26,-12.26,-12.34,-11.98,-12.04,-12.34,-12.34,-12.12,-11.98,-12.34,-12.39,-11.85,-12.39,-11.76,-12.12,-12.20,-12.12,-12.20,-12.20,-12.20,-11.98,-11.98,-11.98,-11.90,-12.04,-12.26,-12.20,-12.20,-12.04,-11.98,-11.90,-11.90,-11.55,-11.76,-12.26,-11.76,-12.12,-12.12,-11.98,-11.85,-11.76,-11.98,-11.90,-11.85,-11.76,-11.68,-11.98,-11.98,-11.90,-11.98,-11.90,-11.98,-11.76,-11.85,-11.90,-11.98,-11.98,-12.26,-12.12,-12.26,-12.04,-12.34,-12.04,-12.34,-12.61,-12.12,-12.56,-11.90,-11.90,-12.20,-12.48,-12.26,-12.48,-11.98,-12.12,-12.26,-12.20,-12.12,-12.39,-12.26,-12.26,-12.34,-11.98,-12.39,-12.39,-12.34,-11.98,-12.34,-12.04,-12.12,-12.20,-11.90,-12.04,-11.98,-12.04,-12.12,-12.12,-11.98,-12.48,-12.34,-12.20,-11.98,-12.34,-12.34,-12.56,-11.68,-12.12,-12.12,-11.98,-12.12,-12.20,-12.26,-12.34,-11.76,-12.26,-12.39,-12.04,-12.26,-12.20,-12.56,-12.34,-12.39,-11.90,-12.04,-12.04,-11.90,-12.20,-12.12,-12.12,-12.20,-11.90,-11.76,-12.34,-11.76,-12.12,-12.20,-12.04,-12.04,-11.85,-11.90,-11.98,-12.04,-11.85,-11.98,-12.12,-12.20,-12.04,-11.98,-11.68,-11.85,-11.36,-11.55,-11.90,-11.55,-11.36,-11.68,-11.68,-11.63,-11.55,-11.76,-11.68,-11.55,-11.98,-11.68,-11.85,-11.36,-11.41,-11.49,-11.27,-11.41,-11.55,-11.55,-11.63,-11.55,-11.90,-11.85,-11.63,-11.63,-11.63,-11.76,-11.76,-11.63,-11.68,-11.90,-11.63,-11.68,-11.68,-11.36,-12.04,-11.68,-11.68,-11.90,-11.14,-11.68,-11.98,-11.85,-11.68,-12.12,-11.98,-11.90,-11.98,-11.76,-12.20,-12.04,-11.90,-11.98,-12.12,-11.90,-12.04,-11.90,-12.04,-12.48,-12.20,-12.20,-12.34,-12.04,-11.98,-11.90,-11.90,-12.20,-12.20,-12.20,-12.12,-12.04,-12.04,-12.20,-11.90,-12.20,-12.48,-12.39,-12.26,-11.68,-11.98,-12.34,-12.39,-12.04,-12.04,-12.12,-11.98,-12.20,-11.98,-12.12,-12.20,-12.34,-12.12,-11.85,-12.26,-11.90,-12.12,-11.90,-12.04,-12.04,-11.98,-12.34,-12.34,-11.98,-12.12,-12.20,-12.20,-12.34,-12.04,-12.04,-12.04,-12.12,-12.20,-11.98,-11.98,-11.98,-12.04,-12.34,-12.56,-12.34,-12.26,-12.04,-12.04,-11.98,-12.04,-12.26,-12.12,-12.26,-12.20,-12.39,-12.20,-12.34,-12.20,-12.12,-12.20,-12.39,-12.39,-12.12,-12.12,-12.20,-11.98,-12.20,-12.34,-12.12,-12.26,-12.26,-12.48,-12.26,-12.12,-12.12,-12.26,-12.39,-12.20,-12.12,-12.20,-12.12,-12.04,-12.20,-11.76,-11.90,-11.90,-12.04,-12.26,-11.76,-11.90,-11.76,-11.90,-11.90,-12.20,-12.04,-11.68,-11.76,-11.55,-11.98,-11.90,-12.04,-11.85,-12.48,-12.26,-12.04,-12.26,-12.12,-12.20,-12.26,-12.12,-12.20,-11.98,-12.26,-12.39,-12.04,-12.12,-12.20,-12.26,-12.20,-12.20,-11.98,-12.04,-12.04,-12.04,-12.04,-12.12,-12.20,-12.20,-12.48,-12.04,-12.39,-12.39,-12.34,-12.34
-12.12,-12.26,-12.39,-11.98,-12.61,-12.56,-12.20,-12.48,-12.12,-12.20,-12.61,-12.12,-12.20,-12.34,-12.20,-12.12,-12.20,-11.98,-12.34,-12.20,-12.48,-11.85,-12.26,-12.20,-12.26,-11.98,-12.04,-12.04,-12.26,-12.20,-12.20,-12.20,-12.20,-11.85,-11.85,-12.20,-11.98,-12.34,-12.26,-12.12,-11.98,-12.26,-12.12,-11.98,-11.90,-12.04,-12.34,-11.90,-12.04,-11.85,-12.04,-11.98,-11.85,-12.04,-11.76,-12.04,-12.12,-12.34,-11.98,-11.90,-12.26,-12.04,-11.85,-11.55,-12.12,-11.85,-11.68,-11.85,-11.76,-11.68,-11.98,-11.85,-11.85,-11.55,-12.12,-11.98,-11.98,-11.90,-12.34,-12.12,-12.12,-12.39,-12.04,-12.12,-12.39,-11.90,-12.04,-11.98,-12.26,-12.20,-12.34,-12.20,-12.26,-12.12,-12.20,-11.98,-11.98,-12.48,-12.12,-12.12,-12.34,-12.04,-12.12,-11.85,-12.12,-12.12,-11.98,-12.26,-12.04,-12.26,-11.85,-11.76,-12.04,-12.12,-11.76,-11.98,-12.39,-11.98,-12.20,-11.98,-11.98,-12.26,-12.04,-12.26,-12.34,-12.26,-12.20,-12.12,-12.20,-12.12,-12.26,-12.26,-12.48,-12.20,-12.12,-12.34,-11.98,-12.12,-11.98,-12.34,-12.04,-12.26,-11.98,-12.04,-11.76,-12.04,-12.04,-12.26,-11.98,-12.20,-11.85,-12.04,-12.12,-12.26,-11.90,-11.98,-12.26,-12.20,-12.20,-12.12,-11.76,-12.20,-11.98,-12.12,-12.26,-11.90,-12.34,-11.90,-11.85,-11.90,-11.85,-12.04,-11.63,-11.85,-11.85,-11.68,-11.27,-11.85,-11.76,-11.85,-11.36,-11.55,-11.90,-11.63,-11.76,-11.90,-11.55,-11.90,-11.55,-11.49,-11.55,-11.55,-11.49,-11.55,-11.49,-11.63,-11.85,-11.68,-11.63,-11.63,-11.98,-11.49,-11.68,-11.90,-11.55,-11.49,-11.55,-11.76,-11.85,-11.90,-11.76,-11.55,-11.85,-11.27,-11.85,-11.85,-11.85,-12.04,-11.85,-11.76,-11.85,-11.90,-12.04,-12.04,-12.04,-11.98,-12.04,-12.39,-12.26,-11.90,-11.90,-11.68,-12.04,-11.85,-11.98,-12.04,-11.85,-11.85,-12.12,-12.39,-11.68,-11.90,-11.90,-12.20,-12.26,-12.12,-12.20,-12.12,-12.34,-12.26,-11.76,-12.26,-11.68,-12.12,-11.90,-11.85,-12.04,-12.20,-11.98,-12.04,-11.76,-12.20,-11.90,-12.12,-12.20,-12.48,-12.20,-11.90,-11.98,-12.34,-11.98,-12.20,-11.98,-12.39,-12.20,-12.04,-12.12,-12.12,-11.98,-11.98,-11.98,-12.39,-11.85,-11.90,-11.68,-11.98,-12.04,-12.12,-11.90,-12.26,-12.12,-12.34,-12.12,-12.26,-12.04,-11.85,-12.12,-12.12,-12.56,-12.39,-11.98,-12.12,-12.26,-11.90,-12.04,-11.98,-12.39,-12.34,-12.26,-12.34,-12.12,-12.20,-12.20,-12.56,-12.34,-12.26,-12.26,-12.34,-12.48,-12.20,-12.48,-12.56,-12.20,-12.04,-12.61,-12.04,-12.26,-12.39,-12.39,-12.26,-11.98,-11.63,-12.26,-11.98,-12.04,-12.20,-11.76,-12.12,-12.20,-12.34,-11.85,-11.98,-11.76,-12.12,-11.85,-12.04,-12.26,-11.68,-11.63,-11.90,-11.76,-12.12,-12.04,-11.85,-12.12,-12.04,-11.98,-12.12,-12.48,-12.20,-11.76,-12.26,-12.12,-12.26,-12.12,-11.76,-11.98,-11.98,-12.26,-12.04,-12.20,-12.34,-12.12,-12.04,-12.04,-12.39,-12.56,-12.26,-12.04,-12.34,-12.92,-12.48
-12.48,-12.83,-12.39,-12.39,-12.56,-12.61,-12.39,-12.20,-12.20,-12.48,-12.39,-12.39,-12.56,-12.48,-12.20,-12.34,-12.12,-12.48,-12.48,-12.20,-12.04,-12.34,-12.26,-12.04,-11.76,-12.04,-12.04,-11.98,-11.90,-12.04,-12.34,-12.04,-11.68,-11.76,-12.04,-12.26,-11.85,-12.20,-12.12,-12.04,-12.12,-11.85,-12.12,-12.04,-11.98,-12.12,-11.63,-11.85,-12.04,-11.85,-11.85,-11.98,-12.04,-12.12,-11.85,-11.68,-11.63,-12.26,-11.98,-12.20,-11.85,-12.04,-12.04,-11.68,-11.76,-11.98,-11.90,-11.90,-12.26,-11.76,-11.90,-12.04,-11.85,-11.85,-12.20,-11.98,-11.98,-11.90,-12.20,-12.34,-12.12,-12.56,-12.26,-11.98,-12.34,-12.34,-12.20,-12.12,-12.56,-12.48,-12.26,-12.04,-12.34,-12.26,-12.12,-11.85,-12.26,-12.26,-12.26,-12.39,-12.04,-12.26,-12.26,-12.12,-12.26,-12.34,-12.20,-11.98,-12.04,-11.98,-12.12,-12.20,-12.20,-12.20,-12.04,-12.12,-11.98,-12.26,-12.20,-12.20,-12.34,-12.12,-12.26,-12.26,-11.85,-12.34,-12.26,-12.20,-12.04,-12.20,-12.12,-12.34,-11.90,-12.12,-11.90,-12.26,-12.12,-11.85,-12.12,-12.20,-12.20,-12.34,-12.04,-11.85,-11.98,-12.04,-11.90,-11.76,-12.12,-11.98,-12.34,-12.20,-12.34,-11.85,-11.85,-11.98,-11.90,-11.76,-12.26,-12.12,-12.20,-11.98,-12.04,-11.98,-12.12,-11.90,-11.98,-11.85,-11.68,-12.04,-11.76,-11.63,-11.85,-11.41,-12.04,-11.68,-11.55,-11.49,-11.85,-11.85,-11.76,-11.63,-11.27,-11.27,-11.49,-11.55,-11.68,-11.55,-11.49,-11.63,-11.85,-11.55,-11.36,-11.55,-11.90,-11.85,-11.85,-11.98,-11.49,-11.76,-11.49,-11.41,-11.63,-11.68,-11.90,-11.90,-11.63,-11.90,-11.85,-11.63,-11.55,-11.85,-11.76,-11.63,-11.76,-11.90,-11.85,-11.68,-11.85,-12.04,-11.90,-12.04,-11.90,-11.85,-11.98,-11.98,-12.12,-11.85,-11.90,-11.85,-12.20,-11.68,-12.04,-11.98,-12.04,-12.12,-12.26,-11.98,-12.04,-12.04,-11.98,-11.68,-12.04,-12.39,-11.76,-11.98,-12.12,-12.20,-12.20,-11.76,-12.12,-12.26,-11.98,-12.04,-12.04,-11.98,-12.04,-11.90,-12.04,-12.12,-12.26,-11.90,-11.85,-11.63,-12.12,-12.04,-12.26,-11.76,-12.20,-12.04,-12.04,-12.12,-12.04,-12.20,-12.12,-12.26,-12.12,-12.04,-12.39,-12.34,-12.39,-12.34,-12.34,-12.12,-12.61,-12.56,-12.39,-12.04,-11.98,-12.34,-12.12,-11.90,-12.20,-11.90,-12.20,-12.04,-12.34,-12.48,-12.34,-12.20,-12.34,-12.04,-12.48,-12.20,-12.20,-12.26,-12.12,-12.20,-12.34,-12.34,-12.20,-12.39,-12.39,-12.20,-12.20,-12.12,-12.12,-12.20,-12.26,-12.20,-12.39,-12.20,-12.48,-12.39,-12.20,-12.39,-12.34,-11.76,-12.20,-12.26,-12.04,-12.34,-12.04,-11.85,-11.90,-11.85,-11.90,-11.98,-11.76,-12.12,-11.98,-11.76,-11.98,-11.90,-12.04,-11.68,-11.76,-11.68,-12.04,-12.12,-12.04,-12.34,-11.90,-12.20,-12.04,-12.26,-11.98,-11.90,-12.26,-12.20,-12.20,-12.26,-12.12,-12.20,-12.04,-12.34,-12.26,-12.20,-12.12,-12.20,-12.39,-12.12,-12.34,-11.98,-12.56,-12.34,-12.20,-12.26,-12.34,-12.20,-12.56,-12.20
-12.48,-12.48,-12.26,-12.26,-12.56,-12.20,-12.26,-12.34,-12.26,-12.39,-12.39,-12.26,-12.48,-12.20,-12.34,-12.26,-12.34,-12.20,-12.26,-11.85,-12.34,-11.98,-12.34,-12.04,-12.39,-11.90,-12.04,-11.90,-11.98,-11.90,-12.34,-12.20,-12.20,-12.34,-12.20,-12.20,-12.04,-12.34,-11.76,-12.20,-12.04,-12.12,-12.12,-12.04,-12.26,-12.12,-12.04,-12.39,-12.12,-11.98,-11.76,-11.90,-11.98,-11.98,-11.85,-11.98,-11.68,-11.85,-11.41,-12.20,-11.85,-12.04,-11.98,-11.98,-12.04,-11.85,-11.90,-11.98,-12.04,-11.76,-12.04,-11.63,-11.76,-12.04,-11.85,-11.63,-11.98,-11.98,-12.04,-12.12,-12.12,-11.98,-12.34,-11.98,-12.12,-12.12,-12.04,-12.20,-12.26,-12.12,-12.20,-12.34,-12.26,-11.98,-11.55,-11.85,-12.39,-11.98,-12.34,-11.98,-11.90,-12.12,-12.04,-12.04,-12.04,-12.12,-12.20,-12.20,-12.20,-12.12,-12.04,-12.20,-12.26,-12.26,-12.12,-11.98,-11.98,-12.04,-11.85,-12.39,-12.26,-12.26,-12.26,-12.26,-12.04,-12.26,-12.12,-11.90,-12.04,-12.04,-12.34,-11.85,-11.98,-12.04,-11.98,-12.20,-12.20,-12.26,-12.26,-11.98,-12.20,-11.90,-12.48,-11.98,-12.04,-11.98,-12.39,-12.04,-12.04,-12.12,-12.34,-12.04,-12.20,-12.04,-12.26,-11.98,-12.20,-12.34,-12.34,-11.90,-12.04,-12.04,-11.90,-12.26,-12.04,-11.85,-11.90,-12.12,-11.68,-11.55,-11.49,-11.49,-11.55,-11.41,-11.55,-11.55,-11.49,-11.41,-11.90,-11.63,-11.41,-11.49,-11.49,-11.76,-11.85,-11.63,-11.49,-11.55,-11.76,-11.41,-11.63,-11.63,-11.76,-11.68,-12.04,-11.76,-11.55,-11.55,-11.55,-11.68,-11.85,-11.90,-11.41,-11.68,-11.76,-11.85,-12.04,-11.68,-11.55,-11.76,-11.68,-11.68,-11.76,-11.90,-11.90,-11.85,-12.04,-11.98,-12.26,-12.04,-12.04,-11.90,-11.98,-12.04,-12.20,-11.98,-12.12,-12.26,-12.39,-11.85,-11.85,-12.26,-12.34,-11.90,-11.90,-12.20,-12.26,-12.34,-12.20,-11.85,-12.12,-11.76,-12.04,-12.26,-12.12,-12.20,-11.85,-12.20,-11.90,-12.04,-12.20,-11.90,-12.20,-12.04,-12.20,-12.12,-12.12,-12.26,-11.98,-12.12,-12.04,-12.04,-12.12,-11.98,-12.12,-11.68,-12.04,-11.98,-12.12,-12.26,-12.12,-12.26,-12.39,-11.85,-12.04,-12.04,-12.20,-12.04,-12.04,-12.12,-12.04,-12.20,-12.39,-12.26,-12.20,-11.98,-12.20,-12.20,-11.90,-12.04,-12.26,-12.39,-12.39,-12.70,-12.20,-12.04,-12.56,-12.26,-12.26,-12.12,-12.34,-12.39,-12.04,-12.20,-12.39,-12.48,-12.20,-12.56,-12.26,-12.56,-12.12,-12.26,-12.26,-12.39,-12.26,-12.39,-12.12,-12.39,-12.48,-12.34,-12.48,-12.61,-12.26,-12.39,-12.04,-12.26,-12.12,-12.26,-12.04,-12.12,-12.12,-11.85,-11.63,-12.34,-12.12,-11.98,-11.68,-11.90,-12.20,-12.20,-11.85,-11.90,-11.85,-12.04,-12.12,-11.90,-12.12,-12.12,-12.26,-12.20,-12.34,-12.34,-12.20,-11.85,-11.90,-12.20,-11.85,-11.68,-12.04,-12.04,-12.04,-12.39,-12.04,-12.26,-12.26,-12.20,-12.34,-11.98,-12.39,-12.34,-12.04,-12.26,-12.39,-12.04,-12.56,-12.56,-12.56,-12.39,-12.26,-12.39,-12.48,-12.48
-12.70,-12.12,-12.61,-12.70,-12.48,-12.48,-12.39,-12.61,-12.48,-12.20,-12.20,-12.20,-12.26,-11.90,-12.39,-12.48,-12.04,-12.20,-12.39,-12.04,-12.39,-12.34,-12.12,-12.04,-12.48,-12.04,-12.20,-12.56,-12.04,-11.90,-12.56,-12.34,-11.98,-12.20,-12.04,-12.48,-12.39,-12.20,-12.26,-12.34,-12.34,-12.12,-12.26,-12.20,-11.98,-12.26,-11.90,-11.85,-12.20,-11.90,-11.85,-11.90,-11.98,-11.98,-12.20,-11.90,-12.04,-11.98,-12.12,-12.20,-11.76,-11.98,-12.20,-11.90,-12.04,-11.90,-11.98,-11.90,-11.90,-11.90,-11.90,-12.04,-12.20,-12.34,-12.12,-12.04,-11.90,-12.12,-12.39,-12.39,-12.26,-12.34,-12.26,-12.26,-12.26,-12.20,-12.39,-12.39,-12.12,-12.34,-12.26,-11.98,-12.12,-12.26,-12.20,-12.34,-11.98,-12.26,-12.20,-12.26,-12.26,-12.04,-12.34,-12.12,-12.12,-11.98,-11.98,-12.34,-12.26,-12.04,-11.85,-12.20,-12.04,-12.04,-12.20,-12.04,-12.34,-12.39,-11.76,-12.26,-12.20,-12.34,-11.98,-12.26,-12.20,-11.98,-12.12,-12.39,-11.98,-11.98,-12.26,-12.12,-12.12,-11.90,-12.26,-12.04,-12.04,-12.04,-12.20,-12.04,-12.20,-11.98,-12.26,-12.56,-12.26,-12.34,-12.20,-12.20,-12.12,-11.90,-12.20,-12.12,-11.85,-12.20,-12.04,-12.26,-12.20,-12.12,-11.98,-11.90,-12.04,-12.04,-12.12,-12.12,-12.26,-12.20,-12.20,-11.98,-11.98,-11.98,-11.85,-11.68,-11.90,-11.68,-11.63,-11.49,-11.41,-11.27,-11.90,-11.36,-11.76,-11.85,-11.85,-11.90,-11.14,-11.68,-11.49,-11.76,-11.55,-11.63,-11.55,-11.55,-11.90,-11.41,-11.90,-11.68,-11.63,-11.55,-11.76,-11.90,-11.68,-11.90,-11.55,-11.55,-11.76,-11.85,-11.85,-11.76,-11.85,-11.63,-11.49,-11.36,-11.98,-11.68,-11.85,-11.90,-11.76,-12.26,-11.85,-12.12,-11.98,-11.90,-11.68,-12.04,-11.98,-11.98,-11.90,-11.85,-11.68,-11.98,-12.34,-11.98,-11.90,-12.20,-12.12,-12.26,-11.98,-12.12,-12.26,-12.34,-12.04,-12.26,-11.98,-12.26,-12.04,-12.20,-12.20,-12.26,-12.12,-12.20,-12.12,-12.26,-11.98,-12.34,-12.39,-12.70,-12.20,-12.48,-12.39,-12.12,-11.68,-12.04,-12.34,-12.12,-12.12,-12.04,-12.04,-12.26,-12.12,-12.39,-12.12,-12.04,-12.12,-12.20,-11.98,-12.12,-12.04,-12.26,-12.26,-12.20,-12.20,-12.20,-12.48,-12.34,-12.20,-12.20,-12.48,-12.20,-12.48,-12.34,-12.12,-12.04,-12.26,-12.04,-12.12,-11.76,-12.39,-12.56,-12.04,-12.20,-11.76,-12.04,-12.26,-12.34,-12.12,-12.04,-12.56,-12.26,-12.12,-12.39,-12.26,-12.26,-11.98,-12.39,-12.39,-12.26,-12.20,-12.34,-12.39,-12.12,-12.26,-12.39,-12.39,-12.39,-12.34,-12.34,-12.26,-11.90,-12.20,-12.04,-12.04,-11.98,-12.04,-11.76,-12.20,-12.04,-11.98,-11.90,-12.26,-12.04,-11.98,-12.26,-12.04,-12.39,-12.12,-12.12,-11.68,-12.39,-12.26,-12.39,-11.68,-12.48,-12.20,-12.20,-12.12,-12.04,-11.90,-12.34,-12.04,-11.98,-12.26,-12.34,-12.12,-12.20,-12.04,-12.20,-12.20,-12.48,-12.04,-12.20,-12.34,-12.26,-11.85,-12.12,-12.26,-12.48,-12.26,-12.34,-12.56,-12.34,-12.34,-12.56
-11.98,-12.26,-12.26,-12.20,-12.34,-12.26,-12.26,-12.34,-12.48,-12.26,-12.39,-12.26,-12.48,-12.26,-12.26,-12.26,-12.48,-12.20,-12.39,-12.48,-12.26,-12.39,-12.04,-11.98,-12.20,-12.04,-11.98,-12.04,-12.12,-11.85,-11.85,-12.12,-11.98,-11.98,-12.04,-12.12,-12.20,-12.20,-12.26,-11.85,-11.90,-12.26,-11.98,-12.26,-12.12,-12.26,-12.20,-12.04,-12.26,-11.98,-12.20,-12.04,-12.04,-12.12,-11.76,-11.90,-12.26,-12.20,-12.12,-11.90,-11.90,-11.63,-12.12,-11.90,-11.63,-11.76,-11.98,-11.76,-12.34,-12.12,-12.04,-11.76,-12.12,-11.76,-11.90,-11.85,-11.85,-11.68,-12.48,-12.20,-12.26,-12.04,-12.34,-12.26,-12.20,-12.34,-11.98,-12.26,-11.98,-12.04,-12.26,-12.26,-12.34,-12.48,-12.34,-12.26,-12.34,-12.34,-12.26,-12.26,-12.04,-12.20,-12.20,-11.98,-12.20,-12.20,-12.39,-12.04,-12.26,-12.39,-11.90,-12.34,-12.20,-11.98,-12.26,-12.26,-12.20,-12.12,-12.04,-12.26,-12.20,-12.26,-12.26,-12.12,-12.04,-12.48,-12.12,-12.12,-12.20,-12.12,-12.26,-11.98,-12.26,-12.26,-12.04,-12.20,-12.04,-12.26,-11.68,-11.90,-12.34,-12.26,-12.34,-12.12,-12.26,-11.85,-12.20,-11.76,-12.04,-12.20,-12.04,-12.04,-12.12,-12.04,-11.76,-12.26,-12.26,-12.20,-11.85,-11.76,-12.34,-11.76,-12.12,-12.12,-11.85,-11.98,-12.26,-11.85,-11.98,-11.63,-11.98,-11.63,-11.76,-11.85,-11.68,-11.36,-11.63,-11.68,-11.68,-11.55,-11.68,-11.49,-11.55,-11.90,-11.68,-11.76,-11.63,-11.90,-11.85,-11.55,-11.55,-11.55,-11.49,-11.49,-11.49,-11.63,-11.55,-12.12,-11.90,-11.76,-11.90,-12.04,-11.90,-11.76,-11.55,-12.12,-11.55,-11.68,-11.90,-11.85,-11.90,-11.68,-11.98,-11.98,-11.76,-11.55,-11.85,-11.85,-11.85,-11.76,-11.90,-11.85,-12.04,-11.85,-12.04,-11.98,-11.90,-11.90,-12.04,-12.04,-11.98,-12.04,-12.12,-12.39,-12.34,-11.76,-12.04,-11.90,-12.48,-11.98,-12.34,-12.20,-12.26,-11.90,-12.26,-12.39,-11.85,-11.90,-12.12,-12.39,-11.98,-12.26,-12.04,-12.26,-12.20,-12.20,-12.20,-12.26,-12.20,-12.26,-11.85,-11.98,-11.90,-11.76,-11.76,-12.12,-11.98,-12.04,-12.26,-12.20,-12.26,-12.61,-12.61,-11.90,-12.39,-12.39,-12.39,-12.04,-12.39,-12.04,-12.04,-11.98,-11.90,-11.90,-12.20,-12.34,-12.20,-11.85,-11.85,-12.26,-12.34,-12.12,-11.76,-12.34,-12.34,-11.98,-12.34,-12.20,-12.78,-12.12,-12.04,-12.34,-12.12,-12.12,-12.04,-12.34,-11.85,-12.39,-12.39,-12.04,-12.26,-11.98,-12.20,-12.20,-12.04,-12.39,-12.26,-12.39,-12.48,-12.34,-12.34,-12.34,-11.76,-12.12,-12.48,-12.26,-12.26,-11.90,-12.34,-12.34,-12.26,-11.98,-11.98,-11.68,-12.20,-11.98,-11.63,-12.12,-11.85,-12.12,-11.68,-12.39,-11.90,-11.98,-11.90,-12.26,-12.20,-12.04,-12.34,-12.26,-12.04,-12.48,-11.90,-11.98,-12.20,-12.26,-12.26,-12.12,-12.04,-12.20,-11.68,-12.04,-12.20,-12.04,-12.12,-12.26,-12.04,-11.90,-12.12,-12.12,-12.26,-12.39,-12.12,-12.20,-12.48,-12.20,-12.39,-12.26,-12.34,-12.20,-12.20,-12.34
-12.48,-12.56,-12.34,-12.20,-12.70,-12.61,-12.26,-12.12,-12.39,-12.20,-12.61,-12.12,-12.39,-12.56,-12.20,-12.26,-12.61,-12.26,-12.26,-12.48,-12.26,-11.98,-12.34,-12.56,-12.20,-11.90,-11.98,-12.34,-12.20,-12.12,-12.20,-12.20,-12.20,-12.39,-12.04,-12.26,-12.12,-12.20,-12.26,-12.04,-12.12,-12.04,-12.12,-12.12,-12.04,-12.20,-12.48,-11.90,-12.20,-12.48,-12.39,-11.76,-12.04,-11.76,-11.90,-12.12,-12.12,-12.04,-11.90,-12.20,-11.90,-12.20,-11.98,-12.12,-12.12,-12.34,-11.98,-11.90,-12.26,-11.98,-11.68,-12.04,-11.68,-11.98,-11.63,-11.85,-12.39,-11.90,-12.12,-12.20,-11.68,-12.20,-12.34,-12.26,-12.26,-12.26,-12.04,-12.20,-12.39,-12.34,-12.34,-12.20,-12.12,-12.04,-12.20,-12.20,-11.98,-12.12,-11.85,-12.20,-12.20,-12.04,-12.04,-12.12,-12.04,-12.20,-11.98,-11.90,-12.04,-12.20,-12.39,-12.20,-12.26,-12.12,-11.98,-12.26,-12.39,-12.34,-11.98,-12.34,-11.98,-12.34,-12.20,-12.56,-11.98,-12.26,-12.12,-12.12,-12.20,-12.34,-11.85,-12.04,-12.34,-11.98,-12.20,-12.48,-12.20,-12.12,-11.85,-12.20,-12.48,-11.98,-11.76,-12.20,-12.26,-11.85,-11.98,-11.90,-12.20,-12.34,-11.98,-11.98,-11.85,-11.98,-12.26,-12.04,-11.85,-12.12,-12.04,-12.12,-12.12,-12.34,-12.26,-11.90,-11.90,-11.98,-12.04,-11.63,-11.63,-11.41,-11.76,-11.68,-11.85,-11.36,-11.49,-11.85,-11.63,-11.36,-11.63,-11.85,-11.68,-11.49,-12.04,-11.85,-11.68,-11.68,-11.63,-11.49,-11.68,-11.63,-11.76,-11.41,-11.76,-11.41,-11.76,-11.63,-11.63,-11.63,-11.41,-11.76,-11.55,-11.85,-11.49,-11.49,-11.63,-12.04,-11.68,-11.68,-11.85,-11.63,-11.76,-11.63,-11.63,-11.90,-11.68,-11.76,-12.12,-12.12,-11.98,-11.98,-12.20,-11.85,-11.76,-12.04,-11.90,-12.04,-11.98,-11.98,-11.98,-12.04,-11.98,-11.90,-11.98,-12.39,-11.98,-12.12,-11.85,-12.20,-11.90,-11.63,-11.98,-12.34,-11.98,-12.12,-11.90,-11.90,-12.48,-12.04,-12.12,-12.12,-11.90,-12.34,-12.20,-12.39,-12.26,-12.26,-11.98,-12.34,-11.85,-12.34,-12.20,-12.04,-12.04,-12.34,-12.12,-12.26,-12.20,-12.26,-12.04,-12.34,-12.26,-12.04,-12.20,-12.12,-12.12,-12.20,-11.98,-12.34,-12.20,-12.20,-11.98,-12.04,-12.04,-11.85,-12.12,-11.90,-11.98,-12.26,-12.48,-12.12,-12.12,-12.48,-12.26,-12.48,-12.20,-12.26,-12.26,-12.12,-12.34,-12.39,-12.48,-12.26,-12.48,-12.34,-12.48,-12.20,-12.61,-12.48,-12.20,-12.12,-12.48,-12.26,-12.20,-12.39,-12.26,-12.20,-12.61,-12.26,-12.39,-12.12,-12.12,-12.34,-12.39,-12.26,-12.56,-12.34,-12.48,-12.34,-11.98,-12.20,-12.12,-12.04,-12.12,-11.90,-12.12,-12.04,-11.85,-12.12,-11.85,-12.34,-11.98,-12.12,-12.20,-11.90,-11.90,-12.20,-12.12,-12.12,-12.56,-12.39,-12.26,-11.90,-12.20,-12.34,-12.12,-12.04,-12.26,-11.85,-12.04,-12.12,-12.12,-12.34,-12.20,-12.04,-12.12,-12.39,-12.26,-12.20,-12.04,-12.20,-12.34,-12.20,-12.26,-12.26,-11.98,-12.12,-12.48,-11.98,-12.04,-12.26,-12.34,-12.34
-12.61,-12.20,-12.26,-12.48,-12.04,-12.34,-12.92,-12.20,-12.12,-12.26,-12.26,-12.48,-12.20,-12.48,-12.39,-12.39,-12.34,-12.34,-12.56,-12.48,-12.39,-12.12,-11.98,-12.04,-12.12,-11.98,-11.90,-12.04,-12.34,-12.48,-11.98,-12.12,-12.12,-12.34,-12.04,-12.26,-12.39,-11.90,-12.04,-11.98,-11.98,-11.98,-11.76,-11.98,-12.04,-12.48,-12.04,-12.48,-12.04,-11.85,-11.90,-12.04,-12.12,-11.68,-11.90,-12.12,-11.98,-12.12,-12.04,-12.26,-12.39,-11.76,-12.26,-12.20,-11.76,-12.04,-11.85,-11.90,-11.98,-11.68,-11.55,-12.04,-11.76,-11.85,-12.20,-12.20,-12.04,-12.04,-12.12,-12.56,-12.12,-12.48,-12.48,-12.26,-12.20,-12.20,-12.12,-11.98,-12.48,-12.48,-12.12,-12.20,-12.12,-12.48,-12.26,-12.20,-12.20,-12.39,-12.34,-11.98,-12.20,-12.04,-12.04,-12.20,-12.12,-12.04,-12.20,-12.04,-12.20,-12.34,-11.90,-12.04,-11.98,-12.12,-12.20,-11.98,-12.56,-12.26,-12.20,-12.04,-12.34,-12.34,-12.34,-12.34,-12.04,-12.26,-12.04,-12.26,-12.20,-12.26,-12.12,-12.34,-12.34,-12.20,-12.48,-12.61,-12.34,-11.90,-12.26,-12.20,-12.34,-12.48,-12.12,-12.04,-12.26,-12.34,-11.90,-12.34,-12.20,-11.98,-12.26,-12.04,-12.39,-12.20,-12.20,-12.04,-12.61,-12.12,-11.98,-11.98,-11.98,-12.20,-11.76,-12.04,-12.12,-12.12,-12.20,-11.98,-11.90,-11.68,-11.63,-11.68,-11.41,-11.63,-11.76,-11.85,-11.55,-11.90,-11.41,-11.55,-11.85,-11.63,-11.49,-11.55,-11.68,-11.49,-11.76,-11.85,-11.41,-11.76,-11.63,-11.68,-11.76,-11.68,-11.49,-11.76,-11.55,-11.68,-11.63,-11.68,-11.76,-11.49,-11.85,-11.55,-11.49,-11.85,-11.68,-11.41,-12.12,-11.68,-11.85,-11.76,-11.76,-11.76,-11.90,-12.04,-11.85,-12.04,-11.85,-12.34,-12.12,-11.98,-12.12,-12.26,-12.04,-12.12,-11.98,-11.98,-12.20,-12.20,-12.39,-11.90,-11.90,-12.20,-11.85,-12.12,-12.04,-12.12,-12.20,-12.04,-12.39,-12.39,-11.68,-11.49,-12.26,-11.90,-12.12,-12.34,-12.20,-11.98,-11.98,-11.98,-12.26,-12.04,-12.39,-12.26,-12.12,-12.12,-12.20,-11.90,-12.20,-11.98,-12.04,-12.20,-11.98,-11.98,-11.98,-12.12,-12.26,-12.26,-12.04,-12.26,-12.12,-12.34,-12.34,-12.04,-12.12,-12.04,-12.12,-12.04,-11.98,-11.90,-12.12,-12.26,-11.98,-12.26,-12.34,-12.12,-12.26,-12.20,-12.34,-12.04,-12.12,-12.12,-12.12,-12.20,-12.39,-12.26,-12.04,-12.04,-12.26,-11.90,-11.98,-12.04,-12.20,-11.85,-12.20,-12.12,-12.39,-12.20,-12.26,-12.20,-12.04,-12.20,-12.20,-12.26,-12.26,-12.26,-12.39,-12.83,-12.39,-12.48,-12.39,-12.56,-12.12,-12.34,-12.12,-11.98,-12.04,-12.20,-12.34,-12.26,-12.04,-11.90,-12.20,-11.90,-11.98,-11.90,-12.12,-12.20,-12.34,-12.12,-11.76,-11.76,-12.04,-11.90,-12.04,-11.85,-12.04,-12.39,-12.39,-12.04,-12.26,-11.85,-11.98,-12.20,-12.26,-12.12,-12.12,-12.04,-12.20,-12.20,-12.12,-12.26,-12.26,-12.26,-11.98,-12.20,-12.04,-12.34,-11.98,-12.39,-12.04,-11.98,-11.98,-12.20,-12.39,-12.12,-12.39,-12.34,-12.39,-12.34
-12.61,-12.04,-12.26,-12.48,-12.48,-12.26,-12.61,-12.56,-12.48,-12.26,-12.26,-12.56,-12.56,-12.26,-12.34,-12.20,-12.56,-11.90,-12.34,-11.98,-12.34,-12.39,-12.48,-12.34,-12.39,-12.20,-12.04,-11.90,-12.34,-12.12,-11.85,-11.85,-12.20,-12.12,-12.26,-12.34,-12.39,-12.12,-12.26,-11.85,-12.04,-12.04,-12.12,-12.12,-12.12,-12.04,-12.04,-12.26,-12.12,-12.04,-11.76,-12.04,-12.26,-12.12,-11.85,-12.12,-12.20,-12.04,-11.85,-12.20,-11.85,-12.26,-11.90,-11.85,-11.85,-12.12,-11.90,-11.98,-11.85,-12.12,-12.04,-12.04,-11.98,-11.90,-12.12,-11.90,-11.98,-12.26,-12.39,-12.56,-12.26,-12.56,-12.12,-12.34,-12.34,-12.04,-12.20,-12.20,-12.04,-12.26,-11.98,-12.12,-12.34,-12.12,-12.39,-12.12,-12.04,-12.34,-12.20,-12.26,-12.26,-12.39,-12.04,-12.12,-12.34,-12.12,-12.12,-12.26,-12.12,-12.34,-11.98,-12.12,-12.12,-12.39,-12.20,-12.26,-12.20,-12.34,-12.26,-11.90,-12.20,-12.20,-12.34,-12.20,-11.85,-12.26,-11.98,-12.04,-12.04,-12.12,-12.34,-12.20,-12.04,-12.04,-12.20,-12.26,-12.26,-12.04,-12.04,-11.98,-12.26,-12.12,-12.26,-12.39,-12.26,-11.98,-12.12,-12.12,-12.12,-12.12,-12.04,-11.98,-12.26,-11.85,-12.12,-11.90,-11.90,-12.20,-12.20,-11.85,-12.04,-12.26,-12.12,-12.34,-12.34,-12.20,-12.04,-12.26,-11.76,-11.76,-11.63,-11.98,-11.68,-11.68,-11.55,-12.04,-11.55,-11.49,-11.68,-11.55,-11.49,-11.55,-11.76,-11.49,-11.63,-11.85,-11.41,-11.85,-11.49,-11.68,-11.90,-11.41,-11.90,-11.85,-11.27,-11.85,-11.55,-11.85,-11.41,-11.76,-11.55,-11.76,-11.90,-11.98,-11.55,-11.90,-11.98,-11.85,-11.55,-11.76,-11.68,-11.49,-11.90,-11.76,-11.63,-11.63,-12.04,-12.04,-12.20,-11.90,-11.90,-11.85,-12.12,-12.39,-11.98,-11.98,-11.90,-12.12,-11.98,-11.85,-12.12,-11.98,-12.48,-12.04,-12.20,-12.04,-12.20,-12.12,-11.85,-12.26,-11.68,-11.90,-11.90,-11.98,-11.98,-11.90,-12.26,-12.12,-12.12,-11.98,-11.90,-12.04,-12.34,-12.20,-12.12,-12.20,-12.34,-12.12,-12.39,-12.26,-12.12,-12.20,-12.12,-12.26,-11.98,-12.20,-12.39,-11.90,-12.12,-11.85,-12.04,-11.90,-12.12,-12.04,-12.04,-12.20,-12.12,-12.26,-11.85,-12.26,-12.20,-12.04,-12.04,-12.26,-12.34,-12.04,-12.12,-12.20,-12.26,-12.20,-12.20,-12.39,-12.48,-11.98,-12.20,-12.04,-12.34,-12.26,-12.34,-12.39,-12.26,-12.39,-12.04,-12.04,-12.39,-12.20,-11.98,-12.20,-12.34,-12.12,-12.34,-12.12,-12.04,-12.34,-12.20,-12.48,-12.26,-12.20,-12.20,-12.48,-12.04,-12.26,-12.04,-12.34,-11.90,-12.39,-12.26,-12.48,-12.39,-12.12,-11.98,-12.04,-11.85,-11.98,-12.26,-11.76,-12.12,-11.85,-12.20,-12.04,-11.90,-11.85,-12.26,-12.20,-11.76,-11.90,-12.04,-11.98,-12.04,-11.98,-11.98,-12.12,-12.39,-11.90,-12.20,-12.39,-11.76,-11.85,-12.12,-12.12,-12.04,-12.34,-12.12,-12.12,-11.98,-12.04,-11.90,-12.04,-12.04,-12.34,-12.26,-12.12,-12.20,-11.98,-12.20,-12.56,-12.39,-11.90,-12.34,-12.48,-12.56,-12.39
-12.70,-12.56,-12.12,-12.20,-12.34,-12.34,-12.26,-12.48,-12.34,-12.48,-12.34,-12.48,-12.26,-12.04,-12.56,-12.04,-12.04,-12.04,-12.48,-11.90,-12.26,-12.04,-12.34,-12.04,-11.90,-12.26,-11.98,-11.98,-11.85,-12.34,-12.04,-12.04,-12.04,-11.68,-12.12,-12.20,-12.34,-12.48,-12.26,-12.12,-11.98,-11.85,-12.26,-12.12,-11.90,-12.26,-11.76,-12.34,-11.98,-12.20,-11.90,-11.90,-11.85,-12.12,-12.12,-12.20,-12.04,-11.76,-12.12,-12.12,-12.20,-12.04,-11.90,-12.04,-11.76,-11.90,-11.76,-11.85,-11.98,-11.98,-11.68,-11.98,-11.98,-11.90,-11.98,-12.04,-11.85,-11.76,-12.20,-12.56,-12.56,-12.39,-12.39,-12.12,-12.20,-12.48,-12.26,-12.34,-12.39,-12.12,-12.34,-11.90,-12.26,-12.56,-12.39,-12.04,-12.12,-12.61,-12.39,-12.04,-12.39,-12.20,-12.34,-12.34,-12.34,-12.39,-12.34,-12.56,-12.39,-12.12,-12.04,-11.90,-12.04,-12.39,-12.20,-11.90,-12.34,-11.85,-11.98,-12.12,-12.26,-11.90,-12.04,-12.48,-11.90,-12.26,-12.39,-11.85,-12.34,-12.39,-11.98,-12.20,-12.26,-12.39,-12.20,-12.34,-12.12,-12.34,-12.20,-12.20,-12.34,-12.56,-11.98,-12.12,-12.26,-12.12,-11.90,-12.20,-12.12,-12.12,-12.26,-12.12,-12.20,-12.20,-12.12,-11.90,-12.12,-11.85,-11.90,-12.20,-12.26,-12.12,-12.12,-11.90,-12.34,-12.12,-12.20,-11.85,-11.63,-11.90,-11.76,-11.63,-11.63,-11.55,-11.49,-11.85,-11.41,-11.98,-11.63,-11.85,-11.49,-11.76,-11.49,-11.49,-11.49,-11.68,-11.68,-11.41,-11.41,-11.49,-11.68,-11.49,-11.98,-11.63,-11.76,-11.85,-11.76,-11.68,-11.68,-11.63,-11.63,-11.98,-11.76,-11.55,-11.68,-11.85,-11.63,-11.85,-11.49,-11.41,-11.90,-11.49,-11.63,-11.90,-11.76,-11.76,-12.04,-12.20,-11.98,-12.12,-12.12,-11.85,-12.04,-12.12,-11.98,-11.90,-12.39,-12.20,-11.98,-12.12,-12.34,-12.12,-12.20,-12.12,-12.20,-12.34,-12.20,-11.98,-12.26,-12.20,-12.12,-11.76,-12.12,-11.90,-12.39,-12.20,-11.98,-11.98,-11.85,-12.12,-12.12,-12.39,-12.20,-12.04,-11.90,-12.04,-12.04,-11.98,-12.26,-11.98,-12.04,-12.20,-11.98,-11.68,-11.90,-12.20,-12.20,-12.20,-12.04,-12.12,-12.04,-12.04,-12.12,-12.20,-11.90,-11.76,-11.90,-12.12,-11.98,-12.04,-12.12,-12.04,-11.76,-11.85,-12.12,-12.20,-12.12,-12.12,-12.56,-12.26,-12.39,-12.20,-12.20,-12.26,-12.70,-12.04,-12.34,-12.12,-12.26,-12.20,-12.48,-12.26,-12.34,-11.85,-12.12,-12.39,-12.20,-12.12,-12.04,-12.34,-12.26,-12.56,-12.20,-12.26,-11.85,-12.34,-12.12,-12.26,-11.98,-11.90,-12.20,-12.39,-12.39,-12.48,-12.12,-11.90,-12.26,-12.34,-12.04,-12.26,-12.04,-11.90,-12.20,-11.85,-12.20,-11.98,-11.76,-12.26,-12.04,-11.76,-11.98,-12.04,-11.98,-11.90,-11.68,-12.26,-12.48,-12.04,-12.20,-12.26,-12.26,-12.34,-12.34,-11.90,-12.20,-12.39,-11.90,-11.90,-12.12,-11.90,-12.20,-12.12,-12.39,-12.12,-12.04,-11.98,-11.98,-12.12,-12.20,-12.26,-12.48,-12.04,-11.68,-12.39,-12.39,-12.39,-12.20,-12.12,-12.20,-12.12,-12.56,-12.48
-12.61,-12.78,-12.26,-12.39,-12.39,-12.48,-12.39,-12.48,-12.61,-12.34,-12.39,-12.34,-12.34,-12.12,-11.98,-12.34,-12.34,-12.12,-12.34,-12.04,-11.90,-12.48,-11.98,-11.98,-12.61,-12.26,-12.34,-11.98,-11.98,-12.20,-12.12,-12.12,-12.39,-12.26,-11.85,-12.39,-12.20,-12.26,-12.04,-12.20,-12.04,-12.20,-12.39,-12.12,-12.04,-12.12,-12.39,-11.76,-12.12,-12.04,-11.98,-11.90,-12.34,-12.20,-12.20,-11.85,-12.04,-11.76,-12.34,-12.12,-11.68,-11.68,-12.34,-12.12,-11.76,-11.98,-11.68,-11.90,-11.90,-11.90,-11.55,-12.04,-12.26,-12.04,-11.98,-11.98,-11.76,-11.85,-12.20,-12.12,-12.39,-12.39,-12.34,-12.48,-12.48,-11.90,-12.56,-12.04,-11.90,-12.20,-12.12,-12.39,-12.12,-12.39,-12.34,-11.98,-12.20,-12.34,-12.70,-12.20,-12.39,-12.20,-11.98,-12.48,-12.20,-11.98,-12.12,-12.20,-12.04,-12.12,-12.34,-12.48,-12.34,-12.26,-12.12,-11.85,-12.39,-12.34,-12.26,-12.12,-12.39,-12.26,-12.26,-12.48,-12.48,-12.34,-12.20,-12.12,-12.12,-11.98,-12.48,-12.20,-12.39,-11.98,-11.90,-11.85,-12.20,-12.04,-12.04,-12.20,-12.04,-12.34,-12.48,-11.98,-12.26,-11.76,-12.12,-11.98,-12.48,-11.85,-12.12,-12.20,-11.85,-12.04,-12.26,-12.12,-12.26,-11.76,-11.98,-12.20,-12.12,-12.12,-12.34,-12.56,-11.90,-12.12,-12.12,-12.12,-11.68,-11.90,-11.76,-11.76,-11.90,-11.76,-11.36,-11.76,-11.41,-11.55,-11.49,-11.49,-11.55,-11.98,-11.68,-11.55,-11.68,-11.27,-11.55,-11.36,-11.76,-11.55,-11.76,-11.49,-11.27,-11.68,-11.41,-11.85,-11.41,-11.90,-11.76,-11.76,-11.85,-11.68,-11.76,-11.63,-11.63,-12.04,-11.76,-11.85,-11.68,-12.12,-11.90,-11.63,-11.85,-11.55,-11.90,-11.90,-12.26,-12.20,-12.04,-12.20,-11.98,-11.98,-11.98,-12.04,-12.04,-12.04,-12.20,-12.34,-12.20,-11.90,-12.04,-11.76,-11.98,-12.04,-11.90,-12.12,-12.04,-12.12,-11.98,-12.12,-12.20,-11.98,-11.98,-11.98,-12.26,-11.90,-11.98,-11.90,-12.20,-12.26,-12.20,-12.12,-12.20,-12.04,-11.98,-12.20,-12.26,-12.39,-12.04,-12.34,-12.20,-12.12,-11.68,-12.26,-12.12,-12.04,-12.20,-12.34,-11.85,-12.12,-12.20,-12.12,-12.04,-12.04,-12.26,-11.76,-11.85,-12.20,-11.90,-12.39,-12.12,-12.04,-12.04,-12.39,-12.04,-11.90,-11.98,-12.12,-12.48,-12.26,-12.12,-11.98,-11.90,-12.12,-12.34,-11.90,-12.12,-11.98,-12.04,-12.12,-11.76,-11.90,-12.34,-12.26,-12.34,-12.26,-12.48,-12.39,-12.04,-12.34,-12.26,-12.20,-12.12,-12.34,-12.12,-12.26,-12.34,-12.34,-12.34,-12.39,-12.56,-12.26,-12.12,-12.56,-11.98,-12.61,-12.56,-12.20,-12.34,-12.34,-11.98,-11.98,-12.34,-11.68,-12.20,-12.26,-11.90,-12.20,-12.34,-11.98,-12.04,-11.90,-12.12,-11.90,-11.85,-12.04,-12.12,-11.90,-11.85,-12.26,-11.90,-11.90,-11.90,-12.34,-12.26,-11.90,-12.20,-12.04,-11.90,-12.26,-11.90,-12.26,-12.04,-12.26,-12.20,-11.85,-12.34,-12.26,-11.98,-12.20,-12.04,-12.20,-12.04,-12.26,-12.48,-12.48,-12.56,-12.48,-12.34,-12.39,-12.26,-12.34
-12.39,-12.48,-12.56,-12.39,-12.26,-12.56,-12.26,-12.04,-12.39,-12.39,-12.39,-12.34,-12.26,-12.34,-12.26,-12.20,-12.04,-12.70,-12.12,-12.04,-12.34,-12.39,-12.26,-11.98,-12.34,-12.48,-11.90,-12.20,-12.04,-12.12,-12.12,-11.90,-12.12,-12.26,-12.26,-12.34,-12.12,-12.26,-11.85,-12.12,-12.48,-11.76,-11.90,-11.85,-11.98,-11.85,-11.98,-11.85,-12.04,-12.04,-12.20,-12.20,-12.04,-12.20,-11.98,-12.20,-12.26,-11.68,-11.76,-12.04,-11.68,-11.85,-11.90,-11.76,-12.20,-11.90,-11.76,-11.98,-11.85,-12.04,-12.12,-11.68,-12.20,-11.98,-11.90,-11.98,-12.12,-12.04,-11.85,-12.39,-12.34,-12.83,-12.12,-12.12,-12.12,-11.85,-11.90,-12.26,-12.20,-12.39,-12.39,-12.04,-12.26,-12.26,-12.20,-12.26,-12.20,-12.34,-12.12,-12.34,-12.34,-12.04,-12.39,-12.20,-12.34,-11.98,-12.39,-12.20,-12.12,-12.20,-12.12,-11.68,-11.98,-12.04,-12.20,-12.26,-12.39,-12.12,-12.34,-12.34,-11.85,-12.26,-11.85,-12.26,-12.34,-12.04,-11.76,-11.90,-12.12,-11.98,-11.90,-12.20,-12.04,-12.34,-11.85,-11.98,-12.48,-12.12,-12.12,-12.56,-12.26,-11.90,-12.34,-12.04,-12.39,-12.12,-11.98,-11.90,-12.26,-12.20,-11.98,-12.04,-12.04,-11.98,-12.20,-12.12,-12.20,-11.98,-12.12,-12.04,-12.26,-12.12,-12.04,-11.98,-12.04,-11.63,-12.20,-12.20,-11.85,-11.63,-11.63,-11.68,-11.85,-11.68,-11.85,-11.68,-11.63,-11.55,-11.68,-11.41,-11.63,-12.04,-11.49,-11.41,-11.63,-11.63,-11.41,-11.85,-11.90,-11.98,-11.76,-11.63,-11.90,-11.76,-11.85,-11.41,-11.49,-11.63,-11.68,-11.90,-11.68,-11.76,-11.85,-11.41,-11.19,-11.63,-11.76,-11.98,-11.90,-11.68,-11.90,-11.55,-11.63,-11.76,-11.63,-11.90,-11.85,-12.12,-12.12,-12.04,-11.98,-11.90,-11.85,-12.12,-12.04,-12.20,-12.20,-12.04,-11.98,-11.98,-12.12,-11.90,-12.12,-11.98,-11.98,-11.98,-12.20,-11.76,-11.90,-12.20,-11.85,-12.48,-12.12,-12.04,-11.90,-12.20,-12.34,-12.39,-12.20,-12.48,-12.39,-11.76,-12.12,-11.85,-12.39,-12.12,-12.12,-12.34,-11.76,-12.34,-12.34,-12.26,-12.26,-12.26,-11.90,-12.20,-12.20,-12.20,-11.98,-12.12,-12.04,-12.20,-12.20,-11.98,-12.20,-12.26,-12.39,-12.20,-12.04,-12.39,-12.39,-12.34,-12.26,-12.04,-12.04,-11.98,-12.20,-12.56,-12.56,-12.34,-12.04,-12.12,-12.26,-11.90,-12.48,-12.20,-12.20,-12.34,-12.56,-12.04,-12.04,-12.26,-11.98,-12.20,-12.34,-12.20,-11.98,-11.98,-12.34,-12.20,-12.12,-12.39,-11.90,-12.26,-12.20,-12.20,-12.26,-12.12,-12.12,-12.12,-12.39,-12.20,-12.26,-12.34,-12.20,-12.20,-12.48,-12.61,-11.98,-11.90,-12.39,-12.20,-12.04,-12.34,-12.20,-11.76,-12.12,-12.12,-11.98,-11.76,-11.98,-12.20,-12.20,-11.85,-12.20,-11.85,-12.04,-12.20,-12.26,-12.26,-12.12,-12.26,-12.34,-12.20,-12.04,-11.90,-12.20,-11.98,-11.98,-12.48,-12.04,-12.34,-12.04,-12.12,-12.34,-11.90,-12.26,-12.12,-11.98,-12.04,-11.98,-12.04,-12.12,-12.12,-12.26,-12.56,-12.20,-12.12,-12.48,-12.61,-12.39,-12.20
-12.26,-12.70,-12.04,-12.61,-12.56,-12.39,-12.48,-12.34,-12.48,-12.20,-12.34,-12.48,-12.12,-12.12,-12.39,-12.12,-12.12,-12.34,-12.39,-12.34,-11.90,-11.98,-12.04,-11.98,-11.98,-11.98,-12.56,-12.04,-12.04,-12.39,-12.20,-12.12,-11.90,-12.12,-12.39,-12.39,-12.12,-11.90,-12.34,-12.20,-12.26,-11.98,-12.04,-12.20,-11.98,-11.90,-12.04,-12.20,-12.04,-12.20,-12.34,-12.26,-11.98,-11.76,-12.04,-11.85,-11.85,-12.12,-11.76,-12.26,-11.98,-11.76,-11.68,-11.68,-11.98,-11.90,-11.85,-11.90,-12.26,-12.04,-12.26,-12.04,-11.98,-11.68,-12.04,-12.04,-11.85,-12.34,-12.12,-12.26,-12.04,-12.20,-12.48,-12.34,-12.26,-12.39,-12.48,-12.39,-12.12,-11.98,-12.26,-12.12,-12.12,-12.20,-12.26,-12.26,-12.04,-12.20,-12.48,-11.98,-12.34,-12.26,-11.98,-12.20,-12.39,-12.26,-12.34,-12.34,-12.20,-12.20,-12.20,-12.26,-12.20,-12.04,-12.26,-11.76,-12.20,-12.26,-12.34,-12.34,-12.20,-12.12,-12.56,-12.26,-12.20,-12.12,-12.26,-12.39,-12.20,-12.26,-12.12,-12.39,-12.20,-12.39,-12.04,-12.20,-12.48,-12.04,-12.39,-12.12,-12.39,-12.26,-12.26,-12.26,-12.12,-12.12,-12.20,-12.26,-12.12,-12.26,-12.26,-12.12,-11.90,-12.26,-12.39,-12.12,-12.20,-11.90,-12.20,-12.20,-11.90,-12.12,-12.39,-12.39,-11.98,-12.04,-12.04,-12.12,-11.85,-11.63,-11.55,-11.76,-11.49,-11.68,-11.76,-11.55,-11.63,-11.85,-11.68,-11.63,-11.63,-11.68,-11.68,-11.68,-11.68,-11.98,-11.68,-11.55,-11.41,-11.68,-11.55,-11.27,-11.85,-11.68,-11.76,-11.41,-11.36,-11.90,-11.68,-11.76,-11.76,-11.36,-11.63,-11.68,-11.55,-12.04,-11.90,-11.49,-11.68,-11.85,-12.04,-11.85,-11.76,-11.49,-11.76,-11.68,-11.85,-12.12,-11.90,-12.04,-11.98,-11.98,-12.12,-11.98,-11.98,-12.34,-12.34,-12.20,-12.12,-12.12,-11.98,-12.20,-12.20,-12.39,-12.26,-12.12,-11.98,-12.34,-12.04,-11.85,-11.98,-12.12,-12.20,-12.12,-12.39,-12.04,-12.04,-12.12,-11.98,-11.98,-12.04,-12.20,-12.20,-12.39,-12.26,-11.98,-12.34,-12.34,-11.98,-12.34,-12.04,-12.26,-12.04,-12.12,-12.26,-12.04,-12.26,-12.04,-12.20,-11.98,-12.34,-12.12,-11.98,-12.04,-12.26,-12.12,-12.04,-12.39,-12.04,-12.12,-11.90,-12.04,-12.20,-12.12,-12.26,-12.39,-12.04,-12.20,-12.20,-12.26,-12.20,-12.39,-12.34,-12.20,-12.39,-12.12,-12.20,-12.26,-12.20,-12.12,-11.76,-12.20,-12.34,-11.98,-12.12,-12.39,-12.26,-12.12,-12.39,-12.39,-11.98,-11.98,-12.26,-12.48,-12.12,-11.98,-12.26,-12.26,-12.48,-12.34,-12.48,-12.48,-12.26,-12.34,-12.39,-12.26,-12.48,-12.20,-12.04,-12.34,-12.34,-12.04,-11.76,-12.20,-12.12,-11.85,-11.90,-11.76,-11.98,-12.20,-12.26,-12.04,-12.04,-12.34,-12.26,-11.68,-12.20,-12.04,-11.98,-11.76,-12.12,-12.20,-12.26,-12.12,-12.20,-12.12,-12.20,-12.20,-12.26,-12.12,-11.98,-12.39,-12.12,-12.26,-12.20,-12.04,-12.20,-12.04,-12.12,-12.20,-11.90,-12.20,-12.48,-12.34,-12.26,-12.12,-12.61,-12.56,-12.34,-12.39,-12.39,-12.56
-12.61,-12.70,-12.39,-12.39,-12.70,-12.56,-12.20,-12.48,-12.20,-12.92,-12.34,-12.39,-12.34,-12.34,-12.56,-12.04,-12.34,-12.34,-12.04,-12.20,-11.98,-12.12,-11.98,-12.20,-12.12,-11.90,-12.20,-12.48,-12.26,-12.20,-12.04,-11.90,-12.12,-12.04,-12.20,-11.98,-12.20,-12.20,-12.12,-12.04,-11.90,-11.98,-11.98,-12.34,-12.26,-11.85,-12.12,-11.98,-12.12,-12.26,-12.20,-11.90,-11.85,-11.90,-11.98,-12.04,-11.85,-12.12,-11.98,-11.76,-11.90,-11.90,-12.12,-11.98,-12.12,-11.85,-11.90,-11.98,-12.20,-11.98,-11.85,-12.04,-12.04,-11.85,-11.90,-12.12,-12.04,-12.04,-12.26,-12.12,-12.39,-12.04,-12.26,-12.34,-12.34,-12.26,-12.12,-12.34,-12.61,-12.04,-12.26,-11.85,-12.12,-12.12,-12.04,-12.12,-11.98,-12.04,-12.20,-11.85,-12.20,-12.26,-12.20,-12.04,-12.39,-11.98,-12.20,-12.26,-11.98,-12.04,-12.20,-12.12,-12.20,-12.20,-11.68,-12.39,-12.04,-12.20,-12.12,-12.26,-12.12,-12.04,-12.20,-12.48,-12.34,-11.90,-11.85,-11.98,-12.04,-12.48,-12.20,-12.12,-12.26,-11.98,-12.12,-12.12,-12.04,-11.76,-12.20,-12.04,-11.98,-12.04,-11.90,-12.04,-11.98,-12.12,-11.98,-12.04,-12.12,-12.04,-11.98,-12.39,-12.26,-12.20,-12.34,-12.26,-12.04,-12.12,-11.98,-12.26,-12.12,-12.34,-12.34,-12.04,-12.04,-11.85,-12.34,-11.90,-11.98,-11.68,-11.63,-11.55,-11.55,-11.68,-11.85,-11.63,-11.63,-11.85,-11.27,-11.55,-11.98,-11.63,-11.55,-11.55,-11.27,-11.49,-11.55,-11.63,-11.55,-11.76,-11.76,-11.55,-11.55,-11.85,-11.76,-11.63,-11.63,-11.68,-11.76,-11.68,-11.76,-11.68,-11.63,-11.76,-11.68,-11.68,-11.98,-11.63,-11.76,-11.68,-11.63,-11.76,-11.55,-11.55,-11.76,-11.63,-11.98,-12.26,-12.39,-11.98,-11.55,-11.98,-12.20,-11.90,-12.12,-12.12,-12.34,-12.26,-12.20,-12.12,-12.04,-12.20,-12.04,-12.04,-12.20,-12.12,-12.26,-12.20,-12.34,-11.98,-11.90,-12.26,-12.26,-12.04,-12.20,-12.20,-12.26,-12.04,-12.26,-12.26,-12.70,-12.26,-12.48,-12.34,-11.76,-12.26,-12.04,-11.85,-11.90,-12.12,-12.20,-11.98,-12.12,-12.20,-12.04,-12.56,-12.12,-12.04,-11.98,-12.04,-12.26,-12.56,-12.34,-12.12,-11.90,-12.04,-11.90,-12.20,-12.26,-12.26,-12.26,-11.98,-12.26,-12.04,-12.39,-12.26,-12.39,-12.20,-12.56,-12.39,-12.20,-12.04,-12.12,-12.12,-12.20,-12.34,-12.20,-12.26,-12.48,-12.26,-11.90,-12.26,-12.04,-12.34,-12.34,-11.98,-12.12,-12.56,-12.34,-12.26,-11.90,-12.56,-12.26,-11.90,-12.48,-12.39,-12.34,-12.56,-12.56,-12.04,-12.48,-12.12,-12.39,-12.39,-12.20,-12.34,-12.34,-12.04,-12.26,-11.90,-12.26,-12.04,-12.20,-12.34,-11.85,-12.04,-12.04,-11.98,-11.90,-11.98,-11.68,-11.85,-12.12,-12.04,-11.98,-12.26,-11.76,-11.90,-12.20,-11.90,-11.85,-12.34,-12.26,-12.56,-12.20,-12.04,-12.34,-12.48,-11.85,-12.20,-12.39,-12.26,-12.26,-11.90,-12.04,-12.39,-12.04,-12.12,-12.20,-12.34,-12.04,-12.26,-11.98,-12.20,-12.48,-12.20,-12.26,-12.56,-12.12,-12.34,-12.48,-12.48
-12.61,-12.61,-12.20,-12.34,-12.26,-12.56,-12.39,-12.34,-12.20,-12.34,-12.12,-12.26,-12.70,-12.56,-12.39,-12.34,-12.34,-12.12,-12.26,-11.98,-12.61,-12.12,-12.12,-12.04,-11.76,-12.12,-12.20,-12.12,-12.12,-12.04,-11.98,-12.20,-11.98,-12.04,-12.20,-12.20,-11.98,-12.34,-12.12,-12.20,-11.98,-11.85,-12.20,-11.98,-11.98,-12.39,-11.98,-12.12,-11.90,-12.12,-11.98,-11.76,-11.90,-12.26,-12.04,-12.20,-11.90,-12.04,-12.04,-12.34,-12.20,-12.26,-11.68,-12.12,-11.90,-12.26,-11.85,-12.34,-11.98,-12.04,-11.76,-11.90,-11.90,-11.90,-11.90,-11.98,-11.85,-11.76,-12.04,-12.26,-12.39,-12.48,-12.34,-12.48,-12.48,-12.20,-12.34,-11.98,-12.34,-12.34,-12.26,-12.34,-12.34,-12.39,-12.20,-12.26,-11.98,-12.12,-12.39,-12.48,-11.98,-12.34,-11.85,-12.26,-12.12,-12.04,-12.20,-12.12,-12.26,-12.04,-12.12,-11.76,-12.04,-12.12,-12.20,-12.26,-12.20,-12.20,-12.26,-12.39,-12.20,-12.39,-12.20,-11.98,-12.12,-11.85,-12.12,-12.04,-12.20,-12.20,-12.04,-12.12,-12.12,-12.04,-12.20,-12.26,-12.12,-12.34,-12.20,-12.26,-12.04,-12.20,-12.20,-12.48,-12.04,-12.04,-12.04,-12.04,-12.26,-11.98,-12.20,-12.04,-12.12,-11.98,-12.20,-12.12,-12.12,-12.26,-12.26,-12.26,-12.12,-12.12,-11.85,-11.68,-12.26,-12.20,-11.85,-12.12,-12.26,-11.76,-11.98,-11.90,-11.76,-11.85,-11.41,-11.41,-11.76,-11.55,-11.63,-11.36,-11.55,-11.68,-11.63,-11.98,-11.68,-11.63,-11.63,-11.85,-11.85,-11.63,-11.85,-11.68,-11.63,-11.63,-11.63,-11.41,-11.63,-11.90,-11.76,-11.36,-12.04,-11.63,-11.90,-11.68,-11.68,-11.76,-11.76,-11.49,-11.68,-11.85,-11.55,-11.41,-11.85,-11.41,-11.55,-11.55,-11.85,-12.34,-12.12,-11.98,-12.04,-12.12,-12.20,-12.26,-11.85,-12.04,-12.04,-12.04,-12.12,-12.34,-12.20,-12.39,-12.26,-12.20,-11.90,-12.20,-11.90,-12.26,-11.98,-12.12,-12.26,-12.26,-12.12,-11.90,-11.68,-12.34,-12.20,-12.20,-11.98,-11.85,-12.34,-12.12,-12.12,-11.76,-11.98,-12.20,-11.68,-12.26,-12.20,-11.85,-12.34,-12.20,-12.26,-12.20,-12.34,-12.34,-12.26,-11.76,-12.20,-12.04,-12.34,-12.39,-12.20,-12.34,-12.04,-11.85,-12.26,-11.98,-12.61,-12.04,-12.12,-12.12,-12.34,-12.39,-12.20,-12.34,-12.20,-12.34,-12.20,-12.20,-12.04,-12.20,-12.20,-12.48,-12.34,-12.39,-12.26,-12.12,-12.39,-12.20,-12.39,-12.12,-12.34,-12.39,-12.39,-12.34,-12.34,-12.12,-12.34,-12.04,-12.26,-12.48,-12.34,-12.04,-12.20,-12.12,-12.39,-12.56,-12.26,-12.04,-12.26,-12.34,-12.12,-12.39,-12.39,-12.26,-12.48,-12.48,-12.26,-12.34,-11.98,-11.98,-12.20,-11.90,-11.98,-11.90,-11.98,-12.26,-11.85,-11.98,-11.90,-11.98,-11.68,-11.90,-12.26,-12.20,-12.26,-12.20,-12.20,-11.98,-12.34,-11.85,-12.34,-12.04,-12.20,-12.26,-12.12,-12.20,-11.90,-12.26,-12.26,-11.98,-12.48,-12.39,-12.26,-12.26,-12.56,-12.20,-11.76,-12.04,-11.98,-12.39,-12.48,-12.56,-12.34,-12.34,-12.39,-12.48,-12.56,-12.34,-12.48,-12.34
-12.61,-12.12,-12.34,-12.26,-12.26,-12.48,-12.34,-12.12,-12.12,-12.39,-12.39,-12.20,-12.26,-12.39,-12.34,-12.34,-12.26,-12.56,-12.56,-12.39,-12.26,-12.20,-12.04,-12.26,-12.12,-12.12,-12.04,-12.20,-11.76,-12.12,-12.20,-12.20,-12.34,-12.20,-12.20,-12.12,-12.04,-12.04,-12.26,-12.20,-12.20,-12.12,-11.85,-12.12,-12.20,-12.20,-12.04,-11.85,-11.90,-11.90,-11.85,-12.34,-12.12,-12.20,-12.34,-12.04,-12.12,-11.98,-11.98,-12.20,-12.12,-12.26,-12.12,-12.34,-12.12,-11.90,-12.20,-12.20,-12.04,-12.04,-12.20,-12.12,-11.98,-12.04,-12.20,-11.98,-11.98,-12.04,-12.26,-12.34,-12.26,-12.61,-12.26,-12.04,-12.26,-12.12,-12.34,-12.20,-12.34,-11.98,-11.98,-12.12,-12.12,-11.98,-12.34,-11.98,-12.34,-12.26,-12.04,-11.98,-12.12,-12.34,-12.34,-12.26,-12.39,-11.85,-12.34,-12.48,-12.26,-12.26,-11.90,-12.20,-11.85,-12.04,-11.76,-12.26,-12.04,-11.85,-12.26,-12.12,-12.48,-12.26,-12.34,-12.26,-12.34,-11.98,-12.26,-12.26,-12.20,-12.26,-11.98,-12.20,-12.12,-12.20,-12.34,-12.12,-12.12,-12.12,-12.26,-12.34,-12.34,-12.12,-12.26,-12.26,-12.34,-12.20,-12.34,-11.90,-11.76,-12.12,-12.20,-12.20,-11.90,-12.12,-11.90,-12.26,-12.12,-12.20,-12.20,-11.98,-12.04,-11.98,-11.98,-12.04,-12.20,-11.90,-12.26,-12.12,-11.85,-11.90,-11.85,-11.63,-11.85,-11.76,-11.76,-12.12,-11.55,-11.63,-11.63,-11.63,-11.85,-11.98,-11.98,-11.85,-11.63,-11.76,-11.68,-11.76,-11.68,-11.41,-11.68,-11.76,-11.63,-11.55,-11.55,-11.63,-11.76,-11.85,-11.49,-11.76,-12.04,-11.68,-11.49,-11.85,-11.76,-11.76,-11.98,-11.63,-11.90,-11.90,-11.90,-12.04,-12.26,-11.85,-11.85,-11.98,-11.90,-11.90,-12.26,-11.98,-12.12,-12.04,-12.34,-12.12,-12.12,-11.98,-12.20,-12.12,-11.98,-12.12,-12.12,-12.20,-12.12,-12.34,-12.04,-12.12,-12.12,-12.20,-11.98,-11.98,-12.20,-11.98,-12.04,-12.04,-11.98,-12.34,-12.20,-11.98,-12.04,-11.98,-12.04,-12.12,-12.39,-12.48,-12.20,-12.26,-12.20,-11.98,-12.12,-12.20,-12.26,-12.04,-12.04,-11.85,-12.26,-12.12,-12.12,-12.26,-12.12,-12.34,-11.98,-12.26,-12.12,-11.90,-11.90,-12.26,-12.34,-12.04,-12.12,-12.20,-12.26,-11.90,-12.20,-12.34,-12.26,-12.20,-12.20,-11.76,-12.34,-12.26,-12.34,-12.39,-12.20,-12.20,-12.04,-12.20,-12.12,-12.12,-12.48,-12.48,-12.39,-12.39,-12.56,-12.26,-12.39,-11.98,-12.04,-11.98,-12.34,-12.34,-12.39,-12.48,-12.26,-11.90,-12.04,-12.48,-12.34,-12.48,-12.26,-12.34,-12.39,-12.61,-12.12,-12.48,-12.56,-12.26,-12.56,-12.39,-12.61,-12.39,-12.20,-12.12,-11.90,-12.04,-11.85,-11.98,-11.76,-11.90,-12.20,-11.76,-11.90,-11.63,-12.12,-11.98,-12.12,-11.85,-11.90,-11.63,-11.98,-12.04,-11.98,-11.68,-12.20,-12.20,-12.12,-12.12,-11.98,-12.20,-11.85,-12.20,-12.34,-11.98,-12.12,-12.39,-12.39,-12.34,-11.98,-12.12,-11.90,-11.90,-12.04,-12.12,-11.98,-12.12,-12.48,-12.20,-12.48,-12.04,-12.39,-12.20,-12.20,-12.34
-12.83,-12.70,-12.39,-12.39,-12.20,-12.48,-12.78,-12.48,-12.34,-12.48,-12.12,-12.39,-12.34,-12.48,-12.12,-12.26,-12.12,-12.12,-12.26,-12.39,-12.20,-12.34,-12.61,-12.20,-12.26,-12.34,-11.85,-12.26,-12.34,-12.20,-12.04,-12.48,-11.98,-12.20,-11.90,-12.26,-12.20,-12.26,-12.34,-11.98,-11.98,-11.90,-11.98,-12.20,-12.12,-11.85,-12.20,-12.34,-12.12,-12.20,-12.04,-12.04,-11.98,-11.85,-11.98,-12.12,-11.98,-11.85,-11.85,-12.26,-12.20,-11.85,-12.26,-12.12,-11.76,-11.90,-11.90,-11.85,-12.04,-12.12,-12.12,-11.98,-12.12,-12.12,-11.90,-12.20,-12.04,-12.04,-12.12,-12.48,-12.34,-12.34,-12.26,-12.20,-12.20,-12.26,-12.26,-12.34,-12.20,-12.34,-12.34,-12.20,-11.90,-11.98,-12.20,-12.34,-12.26,-12.48,-12.48,-12.34,-12.48,-12.20,-12.39,-12.12,-12.26,-12.34,-12.12,-12.48,-12.26,-12.26,-12.20,-11.85,-12.34,-12.34,-12.04,-12.39,-12.34,-12.12,-12.26,-12.39,-11.98,-11.90,-12.26,-11.98,-12.34,-12.39,-12.12,-12.04,-12.26,-11.98,-12.34,-11.98,-12.12,-12.39,-12.26,-12.39,-11.98,-12.20,-12.26,-12.34,-12.34,-12.26,-12.34,-12.12,-12.39,-12.39,-12.39,-12.26,-12.12,-11.85,-12.48,-12.26,-12.26,-12.12,-12.34,-12.20,-12.34,-11.98,-11.85,-11.98,-12.34,-11.90,-12.39,-12.20,-12.04,-12.20,-11.85,-11.90,-11.85,-11.76,-11.90,-11.68,-11.76,-11.55,-11.85,-12.04,-11.68,-11.68,-11.76,-11.85,-11.85,-12.04,-11.68,-11.85,-11.63,-11.55,-11.68,-11.68,-11.55,-11.76,-11.90,-11.63,-11.41,-11.68,-11.85,-11.85,-11.55,-11.85,-11.98,-11.49,-11.76,-11.68,-11.90,-11.68,-11.85,-11.68,-11.68,-11.68,-11.63,-11.63,-11.55,-11.85,-11.85,-11.90,-11.68,-12.04,-12.12,-12.20,-12.20,-12.04,-11.98,-12.04,-12.12,-11.90,-12.12,-12.12,-12.34,-12.20,-12.26,-11.85,-12.04,-12.12,-12.04,-12.34,-12.12,-12.26,-12.26,-12.26,-12.26,-12.34,-12.12,-12.34,-11.90,-12.12,-11.98,-12.26,-12.04,-12.26,-12.20,-12.04,-12.20,-11.85,-11.98,-11.90,-12.12,-12.12,-12.12,-11.90,-12.48,-11.98,-11.63,-12.26,-11.85,-12.20,-12.26,-12.12,-12.26,-12.20,-12.20,-12.12,-12.20,-12.20,-12.48,-11.90,-12.04,-11.68,-12.26,-12.20,-12.12,-12.04,-12.20,-12.48,-12.34,-12.20,-12.20,-12.04,-12.12,-12.26,-12.56,-12.34,-12.12,-12.48,-12.39,-12.61,-12.34,-12.61,-12.20,-12.12,-12.48,-12.48,-12.48,-12.04,-12.12,-12.26,-12.34,-12.48,-12.12,-12.56,-12.20,-12.56,-12.39,-12.34,-12.34,-12.20,-12.04,-12.26,-12.70,-12.39,-12.04,-12.56,-12.34,-12.34,-12.26,-12.56,-12.61,-12.34,-12.56,-12.39,-12.34,-12.04,-11.85,-11.90,-11.76,-11.85,-12.39,-11.98,-11.98,-11.85,-12.04,-12.04,-11.85,-11.90,-12.04,-12.34,-11.68,-12.20,-11.90,-12.04,-11.98,-11.68,-12.20,-11.85,-12.04,-12.04,-12.04,-11.85,-12.12,-12.20,-12.20,-12.20,-12.20,-11.98,-12.04,-12.26,-12.12,-12.34,-12.12,-12.04,-12.26,-12.26,-12.39,-12.34,-12.26,-12.39,-12.12,-12.34,-12.34,-12.20,-12.34,-12.61,-12.20,-12.34
-12.61,-12.26,-12.39,-12.20,-12.61,-12.48,-12.48,-12.12,-12.56,-12.48,-12.56,-12.56,-12.26,-12.39,-12.12,-12.20,-11.98,-12.04,-12.48,-12.39,-12.39,-12.48,-12.26,-12.48,-12.34,-12.26,-12.26,-12.04,-12.20,-12.26,-12.48,-12.56,-12.20,-12.48,-12.34,-12.12,-12.12,-12.20,-11.76,-11.90,-11.90,-11.98,-11.98,-12.12,-12.20,-11.90,-11.85,-11.98,-11.98,-12.20,-12.26,-12.12,-12.12,-12.12,-11.76,-11.98,-11.90,-12.20,-12.34,-12.12,-12.34,-11.98,-11.76,-11.85,-12.20,-12.12,-12.20,-11.98,-12.20,-11.98,-11.85,-12.12,-11.98,-12.12,-11.98,-11.98,-11.76,-12.26,-12.26,-12.12,-12.04,-12.34,-12.34,-12.12,-12.78,-12.39,-11.98,-12.20,-12.20,-12.34,-12.20,-12.20,-12.26,-12.34,-12.26,-12.26,-12.34,-12.20,-12.26,-12.26,-12.12,-12.34,-12.20,-12.26,-12.26,-12.20,-12.20,-12.34,-12.48,-12.39,-11.98,-12.34,-12.20,-12.39,-12.34,-12.12,-12.04,-12.26,-12.20,-12.04,-12.34,-12.39,-12.39,-12.26,-12.61,-12.48,-12.26,-12.34,-12.48,-12.04,-12.20,-12.39,-12.26,-12.26,-12.56,-12.48,-12.12,-11.90,-12.04,-11.90,-12.20,-12.34,-11.90,-11.85,-12.04,-12.12,-12.20,-12.04,-12.04,-12.12,-11.98,-12.12,-12.39,-11.98,-11.98,-12.20,-12.26,-12.20,-12.20,-12.26,-12.48,-11.98,-11.90,-11.98,-11.63,-12.04,-12.12,-11.98,-11.90,-11.85,-11.90,-11.76,-11.63,-11.49,-11.76,-11.49,-11.76,-11.55,-11.27,-11.68,-11.68,-11.63,-11.63,-11.76,-11.49,-11.68,-11.68,-11.63,-11.68,-11.55,-11.49,-11.63,-11.55,-11.85,-11.85,-11.36,-11.68,-11.36,-11.63,-11.90,-11.90,-11.63,-11.98,-11.76,-12.26,-11.85,-12.04,-11.85,-11.68,-11.49,-11.90,-11.90,-11.41,-12.04,-11.85,-11.90,-12.04,-12.12,-11.98,-12.12,-12.04,-11.98,-12.12,-11.85,-12.12,-12.26,-11.98,-12.12,-11.85,-11.98,-12.04,-12.12,-12.26,-11.76,-12.20,-12.20,-12.04,-11.98,-12.20,-12.04,-11.85,-12.04,-11.90,-12.34,-12.12,-12.20,-12.20,-12.04,-12.34,-12.39,-12.26,-11.85,-12.04,-12.12,-11.90,-12.04,-12.34,-11.85,-12.20,-11.90,-11.90,-12.26,-12.20,-12.04,-12.20,-11.98,-12.34,-12.20,-12.39,-12.26,-12.12,-12.61,-12.20,-12.26,-12.26,-11.98,-12.04,-12.20,-12.20,-12.12,-12.20,-12.12,-12.20,-12.48,-11.98,-12.39,-12.04,-11.98,-12.26,-12.39,-12.20,-12.26,-12.12,-12.04,-12.04,-12.39,-12.20,-12.04,-12.56,-12.34,-12.04,-12.12,-12.04,-12.34,-12.39,-12.20,-12.20,-12.39,-12.26,-12.48,-12.34,-12.12,-12.34,-12.20,-12.26,-12.39,-12.34,-12.12,-12.20,-12.34,-12.26,-12.26,-12.20,-12.26,-12.56,-12.34,-12.39,-12.78,-12.26,-11.98,-12.20,-12.12,-12.04,-11.98,-11.76,-12.04,-11.85,-12.26,-11.85,-11.98,-11.98,-11.98,-12.04,-11.63,-11.90,-11.85,-11.76,-12.12,-12.26,-11.85,-12.20,-11.98,-12.04,-11.76,-12.20,-12.20,-12.04,-11.90,-12.34,-12.12,-12.34,-12.34,-12.12,-12.12,-12.04,-12.12,-12.12,-12.34,-12.34,-12.48,-12.20,-12.26,-12.20,-12.39,-12.70,-12.26,-12.48,-12.12,-12.26,-12.34,-12.34,-12.39
-12.56,-12.26,-12.56,-12.48,-12.48,-12.39,-12.56,-12.34,-12.78,-12.48,-12.26,-12.83,-12.26,-12.39,-12.12,-12.26,-12.39,-12.26,-12.04,-12.34,-12.48,-12.04,-12.12,-12.39,-12.34,-11.76,-12.26,-12.26,-11.76,-11.90,-11.98,-11.98,-12.34,-12.04,-12.04,-12.26,-12.12,-12.12,-12.20,-12.20,-12.20,-12.04,-12.04,-12.12,-12.20,-12.04,-11.98,-12.20,-12.34,-12.20,-11.98,-12.12,-12.04,-12.04,-12.12,-12.12,-12.26,-12.04,-11.85,-12.26,-11.90,-11.98,-11.98,-11.98,-12.26,-11.76,-12.20,-11.85,-11.68,-11.85,-12.20,-11.76,-11.76,-12.04,-12.04,-11.90,-12.12,-12.04,-12.26,-11.98,-12.12,-12.20,-12.26,-12.56,-12.20,-12.34,-12.34,-12.39,-12.12,-12.48,-12.34,-12.39,-12.39,-12.34,-12.39,-12.39,-12.61,-12.34,-12.70,-12.20,-12.56,-12.20,-12.20,-12.26,-12.20,-12.20,-12.26,-12.20,-12.20,-12.26,-12.34,-12.34,-12.26,-12.04,-12.12,-12.20,-12.34,-12.26,-12.34,-12.20,-12.20,-12.26,-12.39,-12.04,-12.34,-12.34,-12.04,-12.39,-11.98,-12.34,-12.20,-12.12,-12.48,-11.90,-12.20,-12.04,-12.70,-12.56,-12.56,-12.04,-11.90,-12.26,-12.26,-12.04,-12.20,-12.26,-12.26,-12.26,-12.20,-11.98,-11.98,-12.26,-11.76,-12.48,-12.34,-12.26,-11.98,-11.85,-12.12,-11.90,-12.12,-12.26,-12.20,-12.26,-12.20,-12.20,-12.26,-12.04,-11.85,-11.49,-11.19,-11.63,-11.98,-11.55,-11.68,-11.68,-11.63,-11.63,-11.49,-11.49,-11.63,-11.49,-11.63,-11.76,-11.68,-12.04,-11.49,-11.76,-11.68,-11.63,-11.63,-11.63,-11.63,-11.76,-11.85,-11.85,-11.98,-11.49,-11.63,-11.63,-11.85,-11.68,-11.76,-11.90,-11.90,-11.63,-11.68,-11.90,-11.49,-11.68,-11.90,-11.68,-11.98,-11.76,-11.90,-12.04,-11.90,-12.12,-12.20,-12.04,-12.12,-12.04,-12.04,-12.26,-12.26,-11.98,-12.04,-11.90,-12.48,-12.20,-11.90,-11.98,-12.26,-11.98,-11.98,-12.34,-12.26,-12.04,-11.90,-12.20,-11.98,-12.12,-11.90,-11.90,-12.04,-11.98,-11.98,-12.12,-12.48,-12.39,-11.98,-11.85,-11.68,-11.68,-12.39,-12.26,-12.12,-11.76,-12.26,-11.85,-11.63,-12.20,-11.85,-11.85,-12.04,-12.34,-12.34,-11.98,-11.85,-12.39,-12.26,-12.34,-12.20,-11.90,-12.39,-12.12,-11.98,-12.04,-12.04,-12.39,-11.76,-12.04,-12.04,-11.98,-12.12,-12.12,-12.20,-12.12,-12.48,-12.39,-11.98,-12.12,-12.04,-12.04,-11.98,-12.26,-12.04,-12.20,-12.39,-12.26,-12.34,-12.20,-12.26,-12.20,-12.48,-12.34,-12.48,-12.04,-12.39,-12.34,-12.39,-12.48,-12.26,-12.12,-11.98,-12.20,-12.04,-12.48,-12.48,-12.39,-12.56,-12.20,-12.61,-12.26,-12.26,-12.39,-12.56,-12.20,-12.20,-11.98,-11.76,-11.90,-12.12,-12.12,-12.26,-12.12,-11.76,-12.12,-11.85,-12.34,-12.26,-11.55,-11.98,-11.85,-11.90,-11.98,-11.68,-12.04,-12.26,-12.26,-12.12,-12.20,-12.26,-11.85,-12.04,-12.20,-12.20,-12.39,-12.04,-12.34,-12.20,-11.90,-12.04,-11.98,-12.12,-12.26,-11.85,-12.61,-12.26,-12.20,-12.12,-12.26,-12.20,-12.12,-12.56,-12.61,-12.61,-11.98,-12.70,-12.26,-12.56,-12.39
-12.48,-12.39,-12.56,-12.61,-12.70,-12.61,-12.26,-12.48,-12.48,-12.34,-12.56,-12.48,-12.70,-12.34,-12.20,-12.26,-12.26,-12.39,-12.26,-11.98,-11.98,-12.20,-12.20,-12.48,-12.39,-12.34,-12.20,-12.34,-12.26,-12.56,-12.34,-11.98,-12.04,-12.26,-12.26,-12.34,-12.39,-12.26,-12.04,-11.90,-12.20,-11.90,-11.98,-11.90,-11.90,-11.98,-11.90,-11.98,-11.90,-11.68,-12.12,-12.12,-12.12,-12.12,-12.26,-11.76,-12.26,-12.26,-11.98,-12.12,-11.98,-11.98,-12.04,-11.76,-12.48,-12.20,-11.90,-12.04,-12.04,-12.12,-11.85,-11.68,-11.90,-11.98,-11.98,-12.26,-12.04,-12.20,-12.20,-12.20,-12.39,-12.34,-12.04,-12.20,-12.20,-12.20,-12.04,-12.20,-12.34,-12.39,-12.20,-12.48,-12.34,-12.34,-12.26,-12.48,-12.26,-12.56,-12.20,-12.20,-12.26,-12.26,-11.98,-12.26,-12.39,-11.98,-12.12,-12.20,-11.98,-12.04,-12.12,-12.20,-12.34,-12.12,-12.34,-12.04,-11.98,-12.12,-12.12,-12.04,-12.20,-12.12,-12.04,-11.98,-12.04,-12.39,-12.39,-12.12,-11.98,-11.85,-11.98,-12.12,-11.90,-12.34,-12.26,-12.48,-12.39,-12.12,-12.34,-12.12,-12.12,-12.26,-12.34,-12.48,-12.20,-12.12,-11.98,-12.20,-11.98,-12.04,-12.48,-12.34,-12.04,-11.85,-11.98,-11.90,-12.20,-11.98,-12.26,-11.85,-12.20,-11.90,-12.34,-11.98,-12.20,-12.12,-12.04,-12.61,-12.26,-11.63,-11.90,-11.55,-11.55,-11.76,-11.76,-11.55,-11.49,-11.36,-11.85,-11.55,-11.76,-11.85,-11.68,-11.63,-11.41,-11.76,-11.68,-12.04,-11.68,-11.76,-11.55,-11.41,-11.76,-11.49,-12.12,-11.76,-11.41,-11.98,-11.49,-11.98,-11.49,-12.04,-11.76,-11.36,-11.85,-11.85,-11.55,-11.55,-11.63,-12.04,-11.90,-11.90,-11.63,-11.55,-11.85,-12.04,-12.04,-12.34,-12.20,-11.98,-12.04,-12.20,-12.20,-12.12,-12.12,-12.26,-12.04,-12.12,-11.98,-12.26,-12.26,-12.04,-11.98,-12.20,-11.98,-12.12,-12.48,-12.26,-12.20,-12.20,-12.20,-11.85,-11.76,-12.12,-12.34,-12.20,-12.26,-12.04,-12.34,-11.90,-12.20,-12.34,-11.76,-12.12,-12.34,-12.04,-12.12,-12.26,-12.04,-11.98,-12.34,-12.04,-12.26,-11.98,-12.12,-12.26,-12.26,-12.48,-12.20,-12.04,-12.20,-11.98,-12.34,-12.20,-12.34,-12.20,-12.48,-12.20,-12.26,-12.12,-12.20,-12.34,-11.98,-12.04,-12.12,-12.20,-11.98,-12.34,-12.48,-11.98,-12.39,-12.04,-12.20,-12.48,-12.39,-11.98,-11.98,-12.12,-12.12,-12.39,-12.61,-12.56,-12.20,-12.04,-12.39,-12.39,-12.12,-12.20,-12.34,-12.39,-12.48,-12.12,-12.20,-12.61,-12.56,-11.98,-12.20,-11.98,-12.34,-12.48,-12.34,-12.48,-12.48,-12.39,-12.26,-12.39,-12.12,-12.20,-12.34,-12.48,-12.26,-11.76,-12.20,-11.98,-12.12,-12.26,-12.12,-12.12,-11.63,-11.98,-12.20,-12.20,-11.76,-12.34,-12.34,-12.04,-11.76,-12.20,-11.85,-11.98,-12.20,-12.04,-12.12,-12.12,-12.39,-12.12,-12.12,-12.20,-12.48,-11.98,-11.76,-12.20,-11.98,-11.98,-12.20,-12.04,-12.26,-11.98,-12.39,-12.34,-12.04,-12.12,-12.20,-12.12,-12.12,-12.26,-12.48,-12.20,-12.48,-12.12,-12.56,-12.56
-12.34,-12.26,-12.26,-12.48,-12.39,-12.39,-12.48,-12.56,-12.56,-12.70,-12.39,-12.56,-12.39,-12.56,-12.20,-11.98,-12.12,-12.48,-12.39,-12.04,-12.04,-12.12,-12.12,-12.12,-12.26,-12.12,-12.04,-12.20,-12.20,-11.90,-12.12,-12.12,-12.12,-12.20,-12.39,-12.04,-12.39,-12.26,-11.90,-11.98,-12.20,-11.85,-11.90,-11.90,-12.20,-12.12,-12.04,-12.20,-12.20,-11.98,-12.20,-11.98,-12.26,-12.26,-11.98,-12.20,-12.12,-12.12,-12.04,-12.20,-12.04,-11.68,-11.98,-12.20,-11.98,-11.85,-12.04,-11.90,-12.39,-11.90,-11.76,-11.90,-12.12,-11.85,-12.20,-12.20,-12.12,-12.39,-12.12,-12.26,-12.56,-12.48,-12.48,-12.48,-12.56,-12.12,-12.20,-12.34,-12.39,-12.34,-12.34,-12.12,-12.78,-12.26,-12.26,-12.48,-12.26,-12.12,-12.26,-12.26,-12.26,-12.39,-12.48,-12.26,-12.26,-12.56,-12.26,-12.39,-12.20,-12.26,-12.34,-12.12,-12.04,-12.20,-12.48,-12.39,-12.20,-12.20,-12.48,-12.20,-11.98,-12.04,-12.56,-12.20,-12.70,-12.39,-12.04,-12.48,-12.26,-12.48,-12.34,-11.90,-11.90,-11.90,-12.26,-12.04,-12.26,-11.98,-12.26,-12.20,-11.98,-11.98,-12.26,-12.20,-12.12,-12.20,-12.26,-11.68,-12.26,-12.04,-12.34,-12.34,-11.98,-12.26,-12.04,-12.39,-12.39,-12.20,-11.98,-12.20,-12.26,-12.12,-12.34,-12.12,-11.85,-12.26,-12.20,-12.04,-11.98,-11.90,-11.55,-11.76,-11.68,-11.76,-11.55,-11.90,-11.55,-11.49,-11.76,-11.68,-11.68,-11.76,-11.68,-12.04,-11.76,-11.63,-11.85,-11.68,-11.68,-11.63,-11.55,-11.85,-11.68,-11.49,-11.85,-11.49,-11.55,-11.76,-11.90,-11.63,-11.76,-11.76,-11.76,-11.98,-11.63,-11.55,-11.68,-11.76,-11.49,-11.85,-11.55,-11.76,-11.49,-11.85,-11.85,-11.85,-11.90,-12.34,-11.90,-11.90,-12.34,-11.68,-11.98,-12.20,-11.98,-12.04,-12.04,-12.04,-12.20,-12.26,-12.20,-12.20,-11.98,-12.26,-12.26,-12.12,-12.39,-11.90,-12.39,-12.34,-11.68,-11.85,-12.12,-12.20,-12.20,-12.39,-12.39,-12.39,-12.48,-11.90,-11.98,-12.20,-12.34,-12.39,-11.98,-12.20,-12.48,-12.39,-12.12,-12.20,-11.85,-12.12,-12.04,-11.98,-12.26,-12.26,-12.12,-12.20,-11.85,-12.12,-12.04,-12.20,-12.26,-12.04,-12.20,-12.20,-11.98,-12.20,-12.26,-12.26,-12.20,-12.61,-11.98,-12.04,-12.04,-12.04,-12.39,-12.34,-12.20,-12.04,-12.39,-12.34,-12.26,-12.48,-12.04,-12.12,-12.26,-12.26,-12.48,-12.20,-12.34,-11.98,-12.20,-12.12,-11.98,-12.26,-12.04,-12.12,-12.26,-12.12,-12.26,-12.20,-12.56,-12.39,-12.34,-12.26,-12.34,-12.34,-12.34,-12.39,-12.34,-12.26,-12.48,-12.12,-12.48,-12.20,-12.39,-12.39,-12.34,-12.39,-12.34,-12.20,-12.04,-11.90,-11.98,-11.85,-12.04,-11.90,-11.90,-12.12,-11.98,-11.98,-12.04,-12.26,-12.04,-11.98,-12.04,-11.76,-11.90,-11.98,-12.04,-12.20,-12.12,-12.04,-11.85,-12.34,-12.26,-12.34,-12.20,-12.39,-12.20,-12.12,-12.04,-12.20,-12.26,-12.04,-12.26,-11.90,-11.85,-11.98,-12.20,-12.34,-12.26,-12.20,-12.20,-12.48,-12.26,-12.20,-12.12,-12.26,-12.26,-12.34
-12.48,-12.70,-11.90,-12.48,-12.12,-12.34,-12.34,-12.78,-12.56,-11.98,-12.70,-12.39,-12.12,-12.61,-12.56,-12.48,-12.34,-12.34,-12.26,-12.12,-12.04,-12.26,-12.61,-12.04,-12.34,-12.12,-12.26,-12.20,-11.85,-12.04,-12.39,-12.20,-11.98,-12.12,-12.04,-11.98,-12.34,-12.20,-12.12,-11.98,-12.12,-11.98,-12.04,-11.98,-12.12,-12.20,-12.26,-12.20,-11.76,-12.34,-11.90,-12.39,-12.20,-11.98,-12.20,-11.90,-11.98,-12.20,-11.90,-11.98,-11.76,-12.34,-12.12,-12.26,-11.85,-12.20,-12.04,-12.04,-12.20,-12.12,-12.04,-11.76,-11.98,-11.85,-11.98,-12.20,-12.04,-12.20,-12.39,-12.48,-12.39,-12.20,-12.34,-12.34,-12.39,-12.48,-12.26,-12.34,-12.39,-12.12,-12.34,-11.55,-12.20,-12.20,-12.34,-12.78,-12.61,-12.12,-12.48,-12.34,-12.20,-12.26,-12.12,-11.98,-12.26,-12.04,-12.39,-12.12,-12.04,-12.26,-12.12,-12.34,-12.20,-12.34,-12.34,-12.34,-12.04,-12.12,-12.39,-11.90,-12.20,-12.04,-12.26,-12.12,-11.98,-12.12,-12.48,-12.39,-12.04,-12.20,-12.12,-11.90,-12.26,-12.20,-12.34,-12.12,-11.98,-11.98,-12.20,-12.04,-12.20,-11.90,-12.12,-12.34,-11.90,-12.34,-12.04,-12.12,-12.20,-12.39,-11.98,-11.98,-11.90,-12.20,-11.90,-12.39,-12.20,-12.20,-11.90,-12.04,-11.76,-12.20,-12.12,-12.04,-11.98,-11.85,-12.26,-12.20,-12.04,-11.55,-11.68,-11.76,-11.68,-11.68,-11.55,-11.41,-11.63,-11.55,-11.68,-11.63,-11.55,-11.85,-11.76,-11.76,-11.41,-11.76,-11.85,-11.76,-11.76,-11.27,-11.76,-11.68,-11.55,-11.76,-11.76,-11.68,-11.98,-11.27,-11.90,-11.90,-11.76,-11.55,-11.63,-11.85,-11.55,-11.98,-11.90,-11.90,-11.90,-11.76,-11.90,-11.85,-11.63,-11.63,-11.76,-12.39,-11.98,-11.98,-12.39,-12.26,-12.39,-12.12,-12.26,-12.39,-12.20,-12.04,-12.20,-12.04,-12.34,-12.04,-12.04,-12.20,-12.34,-12.39,-12.12,-11.98,-12.61,-12.39,-11.85,-12.04,-12.04,-12.39,-11.68,-12.04,-12.26,-12.26,-12.34,-12.20,-12.12,-12.34,-11.98,-12.20,-12.12,-12.56,-12.20,-12.12,-12.20,-12.20,-12.34,-12.12,-12.12,-12.20,-12.12,-12.20,-12.20,-12.26,-11.90,-12.48,-12.61,-12.04,-12.04,-12.26,-12.20,-12.26,-12.20,-12.26,-12.34,-12.34,-12.61,-12.12,-12.26,-12.20,-12.12,-12.20,-12.34,-12.26,-12.20,-12.34,-12.39,-12.12,-12.39,-12.20,-12.04,-12.34,-12.12,-12.61,-11.90,-12.20,-12.48,-12.61,-12.34,-12.20,-12.20,-12.39,-12.20,-12.34,-12.56,-12.39,-12.39,-12.61,-12.48,-12.34,-12.34,-11.85,-12.61,-12.39,-12.48,-12.04,-12.61,-12.56,-12.39,-12.39,-12.26,-12.70,-12.04,-12.48,-12.61,-12.39,-12.61,-12.39,-12.20,-11.90,-11.85,-11.76,-12.04,-11.98,-11.85,-12.04,-12.34,-12.04,-12.04,-11.98,-12.04,-12.20,-12.12,-11.76,-12.04,-12.12,-11.90,-12.04,-11.98,-12.12,-12.12,-12.20,-12.48,-12.20,-12.12,-11.85,-12.34,-11.90,-11.98,-12.48,-12.26,-12.34,-12.12,-12.34,-12.26,-12.04,-12.20,-11.98,-12.34,-12.20,-11.98,-12.26,-12.34,-12.34,-12.20,-12.26,-12.26,-12.48,-12.34,-12.34
-12.70,-12.97,-12.20,-12.56,-12.61,-12.78,-12.39,-12.34,-12.61,-12.34,-12.39,-12.34,-12.34,-12.34,-12.56,-12.26,-12.20,-12.20,-12.39,-12.04,-12.39,-11.90,-11.98,-12.26,-12.04,-11.98,-12.20,-12.20,-12.26,-12.20,-12.12,-12.34,-12.26,-12.34,-12.20,-11.98,-12.34,-12.04,-12.04,-11.98,-12.12,-11.98,-12.34,-12.12,-12.20,-11.90,-11.98,-11.76,-12.12,-12.20,-12.20,-12.20,-11.90,-11.90,-12.12,-11.90,-11.76,-12.39,-11.98,-11.90,-12.12,-12.20,-12.20,-12.20,-11.98,-12.04,-12.04,-11.90,-12.04,-12.12,-11.85,-11.98,-12.20,-12.12,-11.85,-12.12,-12.04,-12.20,-12.34,-12.26,-12.12,-12.20,-12.61,-12.12,-12.39,-12.56,-12.48,-12.34,-12.34,-12.61,-12.34,-12.26,-12.48,-12.39,-12.34,-12.34,-12.20,-12.48,-12.34,-12.34,-11.98,-12.39,-11.85,-12.34,-12.12,-12.26,-12.20,-12.20,-12.04,-12.04,-12.20,-12.04,-12.26,-12.26,-12.48,-12.39,-12.04,-12.39,-11.98,-12.20,-12.26,-12.26,-11.98,-12.12,-11.76,-12.39,-12.12,-12.12,-12.34,-12.34,-12.48,-12.04,-12.39,-12.48,-12.20,-12.48,-12.26,-12.34,-12.34,-12.34,-12.20,-12.26,-12.12,-12.26,-12.26,-12.20,-12.34,-12.26,-12.34,-12.12,-12.04,-12.20,-12.20,-12.04,-11.90,-12.12,-12.04,-12.20,-12.56,-12.12,-11.90,-11.98,-12.26,-11.98,-12.04,-12.12,-12.26,-12.20,-11.90,-11.68,-11.85,-11.55,-11.68,-11.63,-11.55,-11.85,-11.49,-11.90,-11.49,-11.49,-11.55,-11.68,-11.55,-11.76,-11.68,-11.41,-12.04,-11.68,-11.63,-11.68,-11.98,-11.63,-11.98,-11.85,-11.63,-11.55,-11.63,-11.49,-11.63,-11.68,-11.85,-11.76,-11.55,-11.85,-11.76,-11.85,-11.85,-11.98,-11.41,-12.04,-11.76,-11.63,-11.55,-12.04,-12.04,-11.90,-12.12,-12.39,-11.98,-12.20,-12.12,-12.20,-12.26,-12.20,-11.76,-12.12,-12.26,-12.48,-11.98,-11.76,-12.04,-12.26,-12.12,-11.76,-12.20,-11.76,-12.39,-12.26,-11.98,-12.20,-11.90,-11.90,-12.39,-11.98,-12.12,-11.98,-12.26,-11.90,-12.26,-11.90,-11.98,-11.98,-12.26,-12.48,-12.04,-12.26,-12.12,-12.12,-12.12,-12.26,-11.85,-11.98,-11.98,-12.20,-12.04,-12.26,-12.20,-12.20,-11.98,-12.48,-12.26,-12.20,-12.39,-11.90,-11.90,-12.34,-12.26,-12.04,-12.20,-12.34,-12.48,-12.04,-11.98,-12.26,-12.04,-12.12,-12.39,-12.34,-12.39,-12.20,-12.20,-12.20,-12.34,-12.34,-12.20,-12.20,-12.34,-12.20,-12.39,-12.12,-12.26,-12.78,-12.61,-12.34,-12.26,-12.04,-12.12,-12.48,-11.98,-12.61,-11.98,-12.78,-12.48,-12.20,-12.20,-12.39,-12.34,-12.26,-12.26,-12.56,-12.39,-12.39,-12.39,-12.34,-12.56,-12.20,-12.39,-12.34,-12.26,-12.39,-12.20,-12.34,-11.85,-12.26,-12.20,-12.26,-11.85,-11.90,-12.04,-11.90,-11.90,-12.12,-12.04,-11.90,-11.85,-12.04,-12.26,-11.76,-11.90,-12.04,-12.34,-12.20,-12.04,-12.20,-12.20,-12.34,-12.20,-12.12,-12.26,-12.26,-12.20,-12.20,-12.12,-12.20,-12.34,-12.04,-12.20,-12.20,-12.20,-12.34,-12.12,-12.39,-12.56,-12.20,-12.26,-12.26,-12.26,-12.20,-12.12,-12.39,-12.39,-12.48
-12.56,-12.39,-12.26,-12.39,-12.39,-12.34,-12.34,-11.98,-12.56,-12.78,-12.26,-11.98,-12.39,-12.26,-12.48,-12.26,-12.48,-12.26,-12.70,-12.04,-11.98,-12.20,-12.12,-12.70,-11.76,-12.20,-12.04,-12.20,-12.20,-12.12,-12.26,-12.34,-11.98,-12.26,-12.48,-12.12,-11.90,-12.26,-12.48,-12.04,-12.12,-12.04,-11.90,-11.98,-11.85,-11.90,-11.90,-12.04,-12.04,-11.90,-11.98,-11.68,-12.04,-12.12,-12.20,-12.20,-12.20,-12.26,-12.04,-12.04,-11.98,-11.90,-11.90,-12.04,-12.20,-12.26,-12.26,-12.20,-12.12,-11.85,-12.12,-11.76,-12.04,-11.90,-12.20,-12.12,-12.04,-12.26,-12.26,-12.39,-12.34,-12.26,-12.61,-12.48,-12.34,-12.26,-12.39,-12.20,-12.26,-12.26,-12.48,-12.20,-12.48,-12.34,-11.90,-12.48,-12.56,-12.61,-12.39,-12.26,-12.04,-12.26,-12.12,-12.04,-12.39,-12.20,-12.04,-12.26,-11.98,-12.12,-12.26,-12.20,-12.20,-12.34,-12.26,-12.20,-12.20,-12.04,-11.90,-12.12,-11.98,-12.56,-12.12,-11.98,-12.12,-12.39,-11.85,-12.26,-12.34,-11.76,-12.12,-12.34,-12.26,-12.26,-12.56,-12.39,-11.98,-12.12,-12.39,-12.20,-12.34,-12.12,-12.34,-12.04,-12.12,-12.12,-11.90,-11.98,-12.20,-12.04,-12.34,-12.20,-12.56,-12.26,-12.20,-12.48,-12.26,-12.48,-11.98,-12.12,-11.98,-12.04,-11.90,-12.12,-12.20,-12.12,-12.04,-12.04,-12.12,-11.76,-11.63,-11.98,-11.68,-11.63,-11.76,-11.55,-11.63,-11.68,-11.98,-11.63,-11.76,-11.76,-12.12,-11.85,-11.55,-11.76,-11.55,-11.68,-11.85,-11.68,-11.49,-11.85,-11.63,-11.85,-11.85,-11.68,-11.90,-11.90,-12.12,-11.76,-11.68,-11.85,-11.55,-11.63,-11.76,-11.76,-11.90,-11.76,-11.76,-11.68,-11.76,-11.63,-11.68,-11.68,-11.85,-12.04,-12.12,-12.39,-11.98,-12.39,-12.34,-12.39,-12.12,-11.98,-12.26,-11.98,-11.98,-12.26,-12.20,-12.34,-11.98,-12.12,-12.20,-12.12,-12.04,-12.26,-12.20,-12.26,-12.04,-12.20,-12.12,-12.04,-12.20,-12.26,-12.34,-12.04,-12.26,-11.98,-11.85,-11.98,-12.04,-11.98,-12.04,-12.12,-12.26,-12.20,-12.26,-12.20,-12.20,-12.26,-12.39,-12.39,-12.34,-12.12,-12.20,-12.20,-12.20,-12.34,-12.20,-12.34,-12.48,-12.12,-12.12,-12.12,-12.48,-12.34,-12.26,-12.04,-11.98,-12.20,-12.34,-12.20,-12.34,-11.85,-12.34,-12.48,-12.39,-12.26,-12.12,-12.26,-12.78,-12.26,-12.39,-12.12,-12.20,-12.04,-12.48,-12.04,-12.04,-12.20,-12.48,-12.61,-12.34,-12.12,-12.78,-12.04,-12.39,-12.70,-11.98,-12.20,-12.20,-12.61,-12.48,-12.12,-11.85,-12.39,-12.56,-12.20,-12.39,-12.20,-12.20,-12.39,-12.48,-12.39,-12.34,-12.61,-12.26,-12.34,-12.61,-12.78,-12.20,-11.90,-11.98,-11.76,-12.20,-11.90,-11.85,-11.98,-12.26,-12.04,-11.76,-11.76,-11.68,-12.04,-12.04,-12.34,-12.12,-12.26,-12.20,-12.12,-12.34,-12.12,-12.04,-12.26,-12.12,-11.90,-11.98,-12.12,-12.34,-12.20,-12.20,-12.20,-12.39,-12.04,-12.20,-12.26,-12.39,-12.26,-12.26,-12.20,-12.48,-12.04,-11.85,-12.56,-12.26,-12.39,-12.39,-12.20,-12.12,-12.56,-12.39,-12.26
-12.70,-12.39,-12.56,-12.34,-12.48,-12.78,-12.34,-12.20,-12.34,-12.39,-12.12,-12.56,-12.12,-12.26,-12.12,-12.34,-12.34,-12.26,-12.34,-11.98,-11.90,-12.48,-12.56,-12.26,-12.04,-12.34,-11.90,-12.48,-12.48,-12.39,-12.20,-12.39,-12.20,-12.48,-11.98,-12.26,-11.98,-12.04,-12.12,-12.04,-12.48,-11.85,-11.90,-11.63,-12.04,-12.20,-12.34,-12.04,-11.98,-12.26,-12.26,-12.20,-12.20,-12.04,-12.04,-11.76,-11.98,-12.12,-11.98,-12.20,-12.12,-12.04,-11.68,-12.26,-12.26,-11.85,-12.20,-11.98,-11.98,-11.76,-12.34,-11.98,-11.90,-12.20,-12.26,-11.98,-12.26,-12.12,-12.39,-12.61,-12.20,-12.26,-12.56,-12.12,-12.20,-12.48,-12.39,-12.26,-12.26,-12.20,-12.39,-12.12,-12.56,-12.34,-12.34,-12.70,-12.26,-12.26,-12.39,-12.20,-11.98,-12.12,-12.26,-12.48,-12.34,-12.04,-12.20,-12.12,-12.12,-11.63,-12.34,-12.26,-12.34,-12.20,-11.98,-12.26,-12.12,-12.04,-12.34,-12.20,-12.20,-12.04,-12.26,-12.39,-12.56,-12.20,-11.98,-12.26,-12.39,-11.98,-12.26,-11.98,-12.56,-12.34,-12.12,-11.98,-12.04,-12.39,-11.98,-12.20,-12.26,-12.34,-12.34,-12.20,-12.26,-12.48,-12.20,-12.34,-12.12,-12.12,-12.12,-12.12,-12.34,-12.12,-12.12,-12.04,-12.12,-12.26,-12.39,-12.12,-12.20,-11.85,-12.26,-12.26,-11.98,-12.20,-11.76,-12.04,-12.12,-11.68,-12.26,-11.63,-11.76,-11.63,-11.55,-12.04,-11.68,-11.85,-11.68,-11.55,-11.63,-12.12,-11.68,-11.76,-11.55,-11.55,-11.85,-11.68,-11.68,-11.68,-11.55,-11.76,-11.68,-11.63,-11.49,-11.68,-11.68,-11.76,-11.76,-11.63,-11.76,-11.85,-11.90,-11.63,-11.49,-11.68,-11.85,-11.90,-11.68,-11.63,-12.04,-11.98,-11.90,-11.76,-12.12,-11.90,-11.98,-11.85,-12.34,-12.04,-12.20,-11.85,-11.90,-12.20,-11.98,-12.20,-12.12,-12.04,-12.04,-12.04,-12.12,-12.20,-12.04,-12.04,-11.85,-12.34,-12.12,-12.20,-12.04,-12.12,-12.39,-11.98,-12.39,-12.04,-12.39,-11.98,-12.12,-11.85,-12.26,-12.26,-11.98,-12.26,-11.76,-11.85,-12.34,-12.20,-12.26,-12.56,-12.34,-12.04,-12.20,-12.04,-12.20,-12.26,-11.90,-12.48,-12.26,-12.26,-12.39,-12.20,-12.20,-12.26,-12.26,-12.26,-12.34,-12.34,-12.04,-12.26,-12.34,-12.56,-12.26,-12.20,-11.98,-12.12,-12.39,-12.48,-12.56,-12.20,-12.20,-12.34,-12.04,-12.12,-12.20,-12.39,-11.90,-12.39,-12.48,-12.20,-12.61,-12.70,-12.34,-12.39,-12.04,-12.26,-12.12,-12.48,-12.70,-11.90,-12.12,-12.78,-12.34,-12.34,-12.39,-12.39,-12.34,-12.61,-12.56,-12.56,-12.12,-12.26,-12.26,-12.34,-12.34,-12.48,-12.26,-12.39,-12.56,-12.20,-12.39,-12.26,-12.04,-11.90,-12.04,-12.04,-12.34,-12.12,-11.98,-11.90,-11.85,-11.90,-11.63,-11.90,-11.98,-11.98,-11.90,-11.85,-11.98,-12.12,-12.26,-11.90,-12.04,-11.85,-12.20,-12.26,-12.34,-12.26,-12.04,-12.20,-12.34,-12.12,-12.20,-12.04,-12.12,-12.20,-12.39,-12.26,-12.12,-12.04,-12.20,-12.04,-12.12,-12.20,-12.12,-11.63,-12.04,-12.56,-12.61,-12.61,-12.12,-12.04,-12.20,-12.48
-12.70,-12.61,-12.48,-12.20,-12.56,-12.61,-12.56,-12.12,-12.48,-11.98,-12.20,-12.20,-12.39,-12.56,-12.39,-12.34,-12.61,-12.04,-12.39,-12.20,-12.20,-12.04,-12.12,-12.26,-12.48,-12.34,-12.48,-11.98,-12.26,-12.12,-11.98,-12.04,-12.70,-12.34,-12.26,-12.04,-11.98,-12.34,-12.34,-11.90,-11.90,-12.04,-11.90,-11.76,-12.26,-12.20,-11.90,-12.48,-12.26,-11.90,-12.20,-11.98,-12.04,-12.20,-11.98,-12.20,-12.04,-12.12,-12.12,-12.12,-11.90,-12.26,-11.85,-12.04,-11.90,-12.04,-11.98,-11.98,-12.12,-12.04,-11.76,-12.34,-11.98,-11.98,-11.76,-11.98,-12.12,-12.20,-12.20,-12.39,-11.90,-12.12,-12.56,-12.56,-12.20,-12.39,-12.34,-12.20,-12.26,-12.34,-12.12,-12.20,-12.56,-12.39,-12.34,-12.39,-12.20,-12.56,-12.26,-12.26,-12.48,-11.90,-12.39,-12.34,-12.12,-12.12,-12.20,-12.34,-12.48,-12.20,-11.90,-12.61,-11.98,-12.04,-12.34,-12.39,-12.26,-12.12,-12.04,-12.12,-12.20,-12.26,-12.26,-12.20,-11.98,-12.12,-12.04,-12.39,-12.39,-12.20,-12.20,-12.20,-12.12,-12.12,-12.12,-12.20,-11.98,-12.20,-12.20,-12.20,-12.26,-12.12,-12.34,-12.34,-12.04,-12.04,-12.12,-12.34,-11.98,-12.26,-12.34,-12.26,-12.12,-12.39,-12.61,-12.26,-12.39,-11.98,-12.34,-12.48,-12.48,-12.26,-11.98,-12.20,-12.04,-12.12,-11.98,-11.98,-12.04,-11.98,-11.68,-11.68,-11.63,-11.63,-11.41,-11.55,-11.85,-11.76,-11.27,-11.76,-11.63,-11.76,-12.04,-11.90,-11.98,-11.63,-11.76,-11.76,-11.85,-11.63,-11.76,-11.85,-11.63,-11.68,-11.41,-11.98,-11.76,-11.55,-11.63,-11.55,-11.55,-11.90,-12.04,-11.76,-11.55,-12.04,-11.76,-11.49,-11.49,-11.49,-11.63,-12.12,-11.90,-11.76,-11.76,-11.76,-12.12,-12.12,-12.20,-12.34,-12.04,-12.20,-12.12,-12.04,-12.34,-12.20,-12.04,-11.90,-12.20,-12.34,-12.26,-12.34,-12.34,-11.98,-11.98,-12.20,-12.12,-11.98,-12.04,-12.04,-12.12,-12.20,-12.34,-12.04,-12.12,-12.20,-12.20,-12.12,-11.98,-12.26,-12.34,-12.70,-12.34,-12.39,-12.12,-12.56,-12.34,-11.90,-12.39,-12.20,-12.12,-12.20,-12.61,-11.98,-12.26,-12.34,-12.39,-12.20,-12.20,-12.20,-12.20,-11.98,-12.26,-11.98,-12.48,-12.04,-12.70,-11.98,-12.26,-12.12,-12.12,-12.39,-12.20,-12.04,-12.26,-12.20,-12.26,-12.48,-12.34,-11.98,-12.34,-12.26,-12.26,-12.56,-12.48,-12.78,-12.39,-12.39,-12.39,-12.34,-12.26,-12.48,-12.04,-12.39,-12.26,-12.56,-12.26,-12.12,-12.56,-12.39,-12.48,-12.12,-12.61,-12.48,-12.20,-12.48,-12.56,-12.26,-12.39,-12.12,-12.39,-12.39,-12.34,-12.34,-12.56,-12.48,-12.56,-12.48,-12.56,-12.12,-12.12,-12.12,-11.85,-12.12,-11.85,-12.39,-11.98,-11.85,-12.04,-11.90,-11.63,-12.20,-12.20,-12.04,-11.98,-12.04,-12.20,-12.20,-12.20,-12.04,-12.26,-12.34,-12.12,-11.90,-12.26,-12.12,-12.12,-12.20,-11.76,-12.12,-12.12,-12.20,-12.12,-12.34,-12.12,-12.39,-11.85,-12.12,-12.20,-12.56,-12.12,-12.34,-12.61,-12.12,-12.12,-12.12,-12.04,-12.34,-12.34,-12.48,-12.34,-12.39
-12.56,-12.83,-12.61,-12.39,-12.26,-12.39,-12.56,-12.48,-12.56,-12.39,-12.20,-12.39,-12.20,-12.39,-12.48,-12.48,-12.20,-12.12,-12.70,-12.12,-12.39,-12.12,-12.56,-12.26,-12.12,-12.26,-11.98,-11.68,-11.90,-12.34,-12.12,-12.04,-12.39,-12.39,-12.12,-12.04,-11.85,-12.34,-12.26,-11.90,-12.26,-12.39,-11.90,-12.20,-12.26,-12.26,-11.98,-12.12,-12.04,-12.26,-12.12,-12.12,-12.04,-12.12,-12.20,-11.98,-12.04,-12.26,-12.04,-11.76,-11.98,-11.68,-12.04,-11.85,-12.26,-11.90,-12.20,-12.26,-12.12,-11.98,-12.04,-12.04,-11.68,-12.12,-11.68,-12.12,-12.12,-12.20,-12.26,-12.34,-12.34,-12.12,-12.34,-12.34,-12.12,-12.48,-12.34,-12.20,-12.56,-12.26,-12.20,-12.20,-12.26,-12.04,-12.34,-12.39,-12.48,-11.98,-12.39,-12.26,-12.39,-12.39,-12.56,-12.04,-12.04,-12.26,-12.20,-12.26,-12.12,-12.48,-12.34,-12.20,-12.26,-12.34,-12.39,-11.98,-12.78,-12.26,-12.20,-11.85,-12.12,-12.39,-12.48,-12.26,-12.26,-12.34,-12.20,-12.04,-12.39,-12.34,-12.26,-12.20,-12.39,-12.61,-12.12,-12.34,-12.34,-12.26,-12.48,-12.20,-12.20,-11.98,-12.26,-11.98,-12.34,-12.34,-12.34,-12.48,-12.34,-12.20,-12.12,-12.34,-11.90,-12.56,-12.04,-12.26,-12.48,-12.20,-12.26,-11.63,-12.39,-12.12,-11.98,-12.20,-12.39,-11.98,-11.68,-11.98,-12.12,-11.76,-11.76,-11.76,-11.49,-11.76,-11.68,-11.63,-11.49,-11.85,-11.90,-11.55,-11.68,-11.63,-11.90,-11.68,-11.85,-11.68,-11.85,-11.76,-11.63,-11.55,-11.85,-11.55,-11.90,-11.76,-11.76,-11.68,-11.76,-11.76,-11.76,-11.68,-12.04,-11.85,-11.68,-11.68,-11.90,-11.68,-11.98,-11.63,-11.68,-11.55,-11.63,-11.63,-11.76,-11.98,-12.04,-11.85,-12.39,-12.04,-11.98,-11.85,-12.12,-12.20,-12.48,-12.20,-11.85,-11.76,-12.04,-12.04,-12.12,-11.76,-12.26,-12.12,-12.39,-12.26,-12.39,-12.12,-11.90,-11.98,-11.98,-11.98,-12.12,-12.34,-12.20,-12.26,-12.48,-12.12,-12.34,-12.26,-12.56,-11.98,-12.39,-12.04,-12.34,-11.98,-11.98,-12.34,-12.04,-12.12,-11.98,-11.76,-12.12,-12.48,-12.12,-12.26,-12.12,-11.85,-12.20,-12.34,-11.90,-12.20,-12.26,-12.20,-12.04,-12.12,-12.20,-12.20,-12.48,-12.26,-12.26,-12.34,-12.34,-12.34,-11.98,-12.12,-12.61,-12.04,-12.48,-12.39,-12.12,-12.04,-12.26,-11.90,-12.39,-12.39,-12.20,-12.12,-12.34,-12.39,-12.39,-12.04,-12.12,-11.98,-12.48,-12.39,-12.34,-12.20,-12.34,-12.48,-12.04,-12.20,-12.26,-12.48,-12.34,-12.39,-12.12,-12.48,-12.04,-12.39,-12.12,-12.34,-12.56,-12.04,-12.61,-12.04,-12.61,-12.39,-12.48,-12.39,-12.48,-12.12,-12.20,-12.04,-11.68,-11.98,-12.20,-12.39,-11.76,-12.04,-12.04,-12.26,-11.90,-12.26,-12.20,-12.26,-11.85,-12.34,-11.76,-12.04,-12.26,-11.76,-12.12,-12.39,-11.90,-12.39,-11.85,-12.12,-12.04,-12.34,-12.20,-12.26,-12.48,-12.39,-12.12,-11.98,-12.12,-12.34,-11.85,-11.98,-12.26,-12.12,-12.20,-12.04,-12.48,-12.39,-12.04,-11.76,-12.04,-12.34,-12.34,-12.04,-12.39,-12.20
-12.61,-12.34,-12.39,-12.39,-12.26,-12.61,-12.48,-12.26,-12.20,-12.39,-12.20,-12.26,-12.56,-12.56,-12.26,-12.20,-12.26,-12.04,-12.20,-12.39,-12.20,-12.34,-11.98,-12.12,-12.20,-12.20,-12.04,-12.34,-12.12,-11.85,-12.39,-11.90,-12.39,-12.04,-12.20,-12.12,-12.61,-12.04,-11.98,-12.20,-12.20,-11.98,-12.12,-12.04,-11.85,-12.34,-12.04,-12.20,-11.68,-12.26,-12.04,-12.34,-12.26,-12.04,-12.20,-11.68,-11.90,-12.48,-11.90,-12.12,-12.34,-11.98,-11.98,-12.04,-11.98,-12.34,-12.04,-12.26,-11.90,-12.04,-12.20,-11.90,-12.34,-12.26,-11.98,-12.26,-12.20,-12.39,-12.12,-12.39,-12.26,-12.39,-12.39,-12.48,-12.26,-12.26,-12.04,-12.56,-12.26,-12.34,-12.61,-12.26,-12.39,-12.20,-12.34,-12.34,-12.34,-12.20,-12.34,-12.12,-12.34,-12.61,-12.12,-12.20,-12.12,-12.34,-12.04,-12.70,-12.39,-12.26,-12.04,-12.34,-12.26,-12.12,-12.56,-12.34,-12.26,-12.20,-12.20,-12.20,-11.98,-12.48,-12.83,-11.85,-12.26,-12.26,-12.34,-12.26,-12.20,-11.90,-11.90,-12.20,-12.20,-12.12,-12.20,-11.98,-12.12,-12.34,-12.26,-12.26,-12.04,-12.04,-12.12,-11.85,-12.04,-12.26,-12.20,-12.04,-11.98,-12.20,-11.76,-12.12,-12.34,-12.12,-12.39,-11.90,-12.26,-12.04,-12.39,-12.12,-12.20,-12.12,-12.20,-12.20,-12.39,-12.12,-12.26,-12.12,-12.04,-11.76,-11.55,-11.63,-11.85,-11.41,-11.49,-11.63,-11.63,-11.63,-11.68,-11.98,-11.63,-11.98,-11.68,-11.63,-11.36,-11.68,-11.63,-11.55,-11.68,-11.63,-11.68,-11.41,-11.85,-11.85,-11.98,-11.68,-11.76,-11.98,-11.49,-11.63,-11.55,-11.63,-11.68,-11.76,-11.85,-11.90,-11.36,-11.68,-11.63,-11.68,-11.68,-11.85,-11.76,-11.63,-11.98,-11.68,-12.04,-11.85,-11.98,-12.48,-11.98,-12.26,-12.26,-12.34,-12.20,-11.98,-11.85,-11.98,-12.26,-12.12,-12.20,-12.26,-12.12,-12.26,-12.26,-12.26,-12.12,-12.26,-12.61,-12.34,-12.26,-12.20,-12.20,-12.12,-12.34,-12.39,-12.12,-12.26,-12.20,-12.48,-12.04,-12.34,-12.04,-12.04,-12.04,-12.34,-12.04,-12.34,-12.04,-12.39,-11.98,-12.04,-12.61,-12.20,-12.48,-12.34,-12.39,-12.34,-12.12,-12.56,-11.98,-12.39,-12.04,-12.12,-12.34,-12.20,-11.85,-12.20,-12.12,-12.20,-12.26,-12.26,-12.20,-12.39,-12.12,-12.04,-12.56,-12.26,-12.26,-12.34,-12.34,-12.26,-12.04,-12.39,-12.34,-12.26,-12.26,-12.12,-12.56,-12.48,-12.61,-12.20,-12.26,-12.20,-12.26,-12.34,-12.26,-12.34,-12.39,-12.39,-12.70,-12.56,-12.39,-12.34,-12.48,-12.26,-12.34,-12.61,-12.12,-12.70,-12.39,-12.56,-12.34,-12.12,-12.39,-12.48,-12.34,-12.26,-12.39,-12.12,-12.26,-12.34,-11.68,-11.90,-11.98,-12.20,-11.98,-11.98,-11.85,-12.26,-12.20,-11.68,-11.68,-12.12,-11.76,-11.90,-12.04,-12.39,-12.04,-12.20,-11.98,-11.90,-11.90,-12.12,-12.04,-12.20,-12.26,-11.98,-12.26,-12.39,-12.34,-12.61,-12.26,-12.20,-12.20,-12.34,-12.34,-12.26,-12.12,-12.34,-12.04,-12.48,-12.12,-12.26,-12.56,-12.20,-12.26,-12.48,-12.26,-12.26,-12.48,-12.61
-12.34,-12.34,-12.26,-12.61,-12.70,-12.48,-12.61,-12.34,-12.34,-12.56,-12.48,-12.26,-12.39,-12.34,-12.61,-12.34,-12.61,-11.98,-12.48,-12.26,-12.56,-12.39,-12.56,-12.12,-11.98,-11.90,-12.34,-12.39,-12.20,-11.85,-12.34,-12.39,-12.34,-12.12,-12.56,-12.12,-12.39,-12.56,-12.20,-12.04,-12.20,-12.12,-12.39,-12.34,-12.20,-12.34,-11.98,-11.98,-12.26,-11.98,-12.04,-12.04,-12.12,-12.12,-11.85,-12.34,-12.34,-12.04,-12.34,-12.04,-11.98,-12.12,-12.12,-12.26,-11.90,-12.12,-12.34,-12.34,-12.04,-12.12,-11.90,-11.98,-12.26,-12.04,-12.20,-12.26,-12.39,-12.20,-12.12,-12.26,-12.12,-12.48,-12.20,-12.61,-12.12,-12.04,-12.70,-12.56,-12.26,-12.12,-12.48,-12.12,-12.26,-12.26,-12.39,-12.48,-12.48,-12.34,-12.12,-12.39,-12.48,-12.20,-12.48,-12.34,-12.56,-12.48,-12.48,-12.04,-12.39,-12.12,-12.34,-12.56,-12.20,-12.20,-12.04,-12.34,-12.39,-12.39,-12.04,-12.20,-12.20,-12.34,-12.48,-12.34,-12.12,-12.34,-12.34,-11.98,-12.26,-11.98,-12.26,-12.12,-12.20,-12.48,-12.26,-12.12,-12.39,-12.26,-12.56,-12.39,-12.12,-12.34,-12.26,-11.85,-12.61,-12.48,-12.20,-12.26,-12.12,-12.20,-12.12,-12.04,-12.12,-11.90,-12.04,-12.26,-12.26,-12.26,-12.48,-12.12,-12.20,-12.04,-12.34,-12.39,-12.04,-12.26,-12.20,-12.20,-11.90,-11.85,-11.55,-11.90,-11.90,-11.76,-11.55,-11.90,-11.68,-11.55,-11.68,-11.85,-11.68,-11.49,-11.85,-11.76,-11.90,-11.63,-11.55,-11.55,-11.41,-11.76,-11.49,-11.63,-11.68,-11.63,-11.68,-11.63,-11.98,-11.68,-11.98,-11.63,-11.68,-11.49,-11.68,-11.76,-11.63,-11.76,-11.85,-11.76,-11.68,-11.76,-11.85,-11.98,-12.04,-11.68,-11.63,-11.85,-11.98,-12.12,-12.56,-12.20,-12.20,-12.20,-12.12,-12.04,-12.12,-11.85,-11.90,-12.26,-12.39,-11.90,-12.26,-12.26,-11.85,-11.76,-12.26,-12.39,-12.26,-12.26,-12.26,-12.12,-12.12,-12.56,-12.04,-12.39,-12.12,-12.12,-12.12,-12.34,-12.34,-12.04,-12.12,-11.90,-12.12,-12.20,-12.48,-12.56,-12.26,-12.26,-12.20,-12.12,-12.56,-12.26,-12.34,-11.98,-12.34,-12.12,-12.26,-12.26,-12.12,-11.85,-12.26,-12.39,-12.39,-12.20,-12.12,-12.26,-12.56,-12.26,-12.20,-12.34,-12.12,-12.34,-12.26,-12.12,-12.48,-12.12,-12.20,-12.20,-12.48,-12.48,-12.12,-12.34,-12.39,-12.48,-12.34,-12.26,-12.12,-12.20,-12.20,-12.12,-12.39,-12.34,-12.34,-12.26,-12.04,-12.20,-12.70,-12.56,-12.04,-12.61,-12.39,-12.20,-12.26,-12.26,-12.26,-12.26,-12.39,-12.56,-12.48,-12.48,-12.20,-12.39,-12.20,-12.56,-12.34,-12.39,-12.78,-12.12,-12.56,-12.34,-12.20,-12.56,-12.26,-12.26,-12.04,-12.12,-12.20,-11.90,-11.76,-12.12,-12.12,-11.90,-11.98,-11.98,-12.12,-12.04,-12.26,-11.90,-11.90,-12.12,-12.20,-12.26,-12.20,-12.04,-12.26,-12.20,-12.26,-12.20,-12.12,-11.98,-11.90,-12.12,-12.26,-12.26,-12.34,-12.20,-12.20,-12.20,-12.34,-12.12,-12.61,-12.12,-12.04,-11.98,-12.20,-12.20,-12.04,-12.34,-12.34,-12.34,-12.39,-12.48
-12.56,-12.34,-12.48,-12.26,-12.78,-12.78,-12.26,-12.20,-12.56,-12.83,-12.34,-12.26,-12.12,-12.48,-12.34,-12.39,-12.20,-11.98,-12.34,-12.39,-12.12,-12.61,-12.26,-12.34,-12.20,-12.39,-12.39,-12.26,-12.26,-12.20,-12.20,-12.20,-12.26,-12.39,-12.04,-11.76,-11.90,-12.12,-12.12,-12.04,-11.98,-11.98,-12.12,-11.98,-12.12,-12.20,-11.85,-12.20,-12.34,-11.98,-12.20,-12.04,-12.20,-12.12,-11.98,-11.98,-12.39,-12.34,-12.04,-12.04,-12.04,-12.20,-12.26,-11.98,-12.26,-11.90,-11.98,-11.98,-11.68,-11.76,-11.90,-12.04,-11.98,-12.12,-12.20,-11.85,-12.04,-12.26,-12.26,-12.48,-12.56,-12.39,-12.48,-12.70,-12.48,-12.34,-12.20,-12.34,-12.39,-12.20,-12.26,-12.26,-12.39,-12.20,-12.48,-12.48,-12.04,-12.26,-12.56,-12.34,-12.34,-12.70,-12.12,-12.39,-12.12,-12.34,-12.39,-12.20,-12.20,-12.12,-12.48,-11.98,-12.26,-12.34,-12.20,-12.04,-12.48,-12.48,-12.20,-12.20,-12.04,-12.12,-12.12,-11.98,-12.26,-12.34,-12.20,-12.39,-11.98,-12.12,-12.12,-12.34,-12.39,-12.20,-12.39,-12.34,-12.20,-11.98,-12.04,-12.12,-12.04,-12.39,-12.48,-12.39,-12.12,-11.90,-12.34,-12.20,-12.20,-11.90,-12.20,-12.39,-12.20,-12.48,-12.26,-12.39,-12.20,-12.12,-12.20,-12.12,-12.04,-12.04,-12.34,-12.20,-12.39,-12.26,-12.26,-12.34,-11.98,-11.85,-11.68,-11.85,-11.90,-11.36,-11.76,-11.63,-11.98,-11.98,-11.85,-11.90,-11.63,-11.85,-11.68,-11.98,-11.76,-11.90,-11.90,-12.04,-11.76,-11.76,-11.68,-12.04,-11.85,-11.55,-11.68,-11.76,-11.90,-11.63,-11.85,-11.90,-11.63,-11.55,-11.76,-11.63,-11.49,-11.76,-11.85,-11.85,-11.55,-11.85,-11.55,-11.68,-11.63,-12.20,-12.34,-11.55,-12.34,-12.34,-12.20,-12.04,-11.98,-12.26,-12.26,-11.85,-12.48,-12.39,-12.26,-12.48,-12.34,-12.26,-12.39,-12.39,-12.04,-12.39,-12.26,-12.04,-12.20,-12.12,-12.39,-12.26,-12.26,-12.56,-11.85,-12.34,-12.04,-12.26,-12.48,-11.98,-11.98,-12.12,-12.48,-12.04,-12.26,-12.04,-12.04,-12.20,-12.12,-12.04,-12.12,-11.98,-12.34,-12.26,-12.12,-12.39,-12.04,-11.90,-12.20,-12.12,-11.98,-12.34,-12.34,-12.20,-12.26,-12.04,-12.12,-12.12,-12.12,-12.34,-11.98,-12.48,-12.34,-12.20,-12.34,-12.34,-12.56,-12.34,-12.56,-12.34,-12.48,-12.39,-12.26,-12.34,-12.04,-12.39,-12.48,-12.34,-12.26,-12.34,-12.61,-12.26,-12.48,-12.34,-12.12,-12.61,-12.20,-12.61,-12.34,-12.20,-12.12,-12.12,-12.26,-12.61,-12.12,-12.56,-12.26,-12.20,-12.39,-12.39,-12.48,-12.34,-12.92,-12.70,-12.48,-12.48,-12.56,-12.39,-12.61,-12.56,-12.34,-12.04,-12.48,-12.20,-12.48,-12.34,-12.26,-11.85,-12.04,-12.20,-11.85,-11.90,-11.85,-11.85,-12.20,-12.26,-12.34,-11.41,-12.20,-12.20,-11.76,-12.26,-11.98,-12.34,-11.98,-12.39,-11.98,-12.20,-12.04,-12.34,-12.34,-12.20,-12.20,-12.12,-12.34,-12.20,-12.20,-12.12,-12.34,-11.90,-12.26,-12.20,-12.20,-12.20,-12.34,-12.48,-12.26,-12.39,-12.61,-12.26,-12.12,-12.56,-12.70,-12.34
-12.20,-12.56,-12.70,-12.26,-12.39,-12.04,-12.34,-12.20,-12.83,-12.20,-12.78,-12.26,-12.34,-12.56,-12.56,-12.39,-12.39,-12.12,-12.70,-12.34,-12.48,-12.34,-12.56,-12.34,-12.39,-12.26,-12.20,-12.48,-11.98,-12.12,-12.34,-12.39,-12.20,-12.39,-11.68,-12.20,-11.98,-11.98,-12.12,-11.85,-12.12,-12.26,-12.56,-12.56,-12.12,-11.63,-12.20,-11.90,-11.90,-12.04,-12.04,-12.12,-12.20,-11.98,-12.04,-12.26,-12.12,-12.26,-12.26,-12.26,-12.20,-12.04,-12.12,-11.90,-12.34,-12.12,-12.12,-12.04,-11.98,-12.26,-11.90,-11.76,-12.26,-12.20,-12.12,-12.20,-12.04,-12.34,-12.26,-12.12,-12.61,-12.26,-12.39,-12.39,-12.34,-12.39,-12.20,-12.61,-12.34,-12.39,-12.39,-12.70,-12.34,-12.34,-12.20,-12.39,-12.56,-12.39,-12.48,-12.48,-12.61,-12.39,-12.48,-12.61,-12.34,-12.12,-12.34,-12.26,-12.39,-12.26,-12.39,-12.39,-12.39,-12.48,-12.12,-12.48,-12.48,-12.34,-12.12,-12.26,-12.56,-12.61,-12.20,-12.48,-12.26,-12.04,-12.20,-12.48,-12.48,-12.20,-12.20,-12.26,-12.48,-12.26,-12.39,-12.34,-12.34,-11.98,-12.26,-12.12,-12.48,-12.34,-12.70,-12.12,-12.34,-12.26,-12.26,-12.20,-12.12,-12.20,-12.34,-12.56,-12.20,-12.20,-12.34,-12.26,-12.04,-12.26,-12.56,-12.48,-11.98,-12.12,-12.12,-12.39,-12.20,-12.34,-12.04,-12.26,-11.98,-11.90,-11.76,-11.90,-11.76,-11.98,-11.85,-11.63,-11.68,-11.76,-11.36,-11.63,-11.85,-11.90,-11.85,-11.68,-11.76,-11.68,-11.68,-11.85,-12.04,-12.04,-11.98,-11.41,-11.90,-11.68,-12.12,-11.76,-11.85,-11.68,-11.85,-11.90,-11.76,-11.85,-11.68,-12.04,-11.63,-11.49,-11.76,-11.85,-11.63,-11.90,-12.04,-12.04,-11.90,-11.68,-12.12,-11.76,-11.85,-12.39,-12.26,-12.26,-12.26,-12.39,-12.26,-12.20,-12.04,-12.12,-12.04,-12.04,-12.34,-12.34,-12.26,-12.26,-12.26,-11.98,-12.12,-12.34,-12.12,-12.20,-12.20,-12.26,-12.34,-12.48,-12.26,-12.12,-12.20,-12.20,-12.04,-12.26,-11.76,-12.04,-12.48,-12.20,-12.12,-11.90,-12.26,-12.26,-11.98,-11.98,-12.26,-12.34,-12.34,-12.48,-12.39,-12.34,-12.39,-12.26,-12.26,-12.34,-12.48,-12.04,-12.26,-12.12,-12.20,-12.56,-11.98,-12.34,-12.39,-12.34,-12.56,-12.20,-12.20,-12.20,-12.26,-12.26,-12.12,-11.98,-12.48,-12.56,-12.34,-12.34,-12.26,-12.26,-12.34,-12.34,-12.34,-12.26,-12.34,-12.56,-12.04,-12.20,-12.26,-12.39,-12.12,-12.04,-11.98,-12.39,-12.56,-12.48,-12.34,-12.39,-12.26,-12.34,-12.48,-12.39,-12.39,-12.34,-12.48,-12.56,-12.48,-12.34,-12.26,-12.39,-12.39,-12.39,-12.70,-12.48,-12.48,-12.26,-12.61,-12.56,-12.20,-12.20,-12.04,-11.98,-12.26,-12.26,-12.04,-11.98,-11.98,-12.20,-11.85,-12.39,-12.20,-11.98,-11.90,-11.98,-12.20,-12.12,-12.34,-12.34,-12.12,-12.26,-12.12,-12.20,-11.98,-12.20,-12.26,-12.20,-12.26,-12.39,-11.98,-12.20,-12.39,-12.26,-12.26,-12.34,-12.34,-12.20,-12.12,-12.12,-12.39,-12.48,-12.34,-12.39,-12.56,-12.20,-12.26,-12.26,-12.48,-12.26,-12.39,-12.39
-12.34,-12.39,-12.61,-12.48,-12.34,-12.34,-12.56,-12.56,-12.34,-12.56,-12.70,-12.12,-12.56,-12.56,-12.48,-11.98,-12.48,-12.48,-12.26,-12.34,-12.34,-12.48,-12.34,-12.61,-12.20,-12.20,-12.20,-12.12,-12.34,-12.20,-12.39,-11.98,-12.61,-12.34,-12.48,-12.26,-12.20,-12.20,-12.26,-12.12,-12.04,-12.48,-11.85,-12.26,-12.20,-12.12,-11.98,-12.20,-12.39,-12.34,-12.34,-12.26,-12.12,-12.20,-12.04,-12.04,-12.26,-11.76,-11.90,-12.39,-11.98,-11.85,-12.26,-12.20,-12.26,-12.20,-12.20,-12.26,-11.98,-11.90,-12.20,-12.39,-12.12,-12.20,-12.20,-12.26,-12.34,-12.61,-12.39,-12.39,-12.61,-12.56,-12.61,-12.61,-12.48,-12.39,-12.61,-12.34,-12.48,-12.04,-12.26,-12.34,-12.12,-12.20,-12.34,-12.20,-11.90,-12.56,-12.26,-12.48,-12.26,-12.20,-12.26,-12.56,-12.39,-12.48,-12.56,-12.12,-12.61,-12.26,-12.26,-12.26,-12.12,-12.34,-12.20,-12.04,-12.56,-12.20,-12.39,-12.26,-12.39,-12.48,-12.26,-12.12,-12.26,-12.04,-12.20,-12.48,-12.48,-12.39,-12.39,-12.34,-12.04,-12.56,-12.39,-12.26,-12.34,-12.39,-12.12,-11.98,-12.12,-12.20,-12.12,-12.12,-12.39,-12.34,-12.12,-12.48,-12.26,-12.20,-12.56,-12.12,-12.26,-12.48,-12.20,-12.61,-12.20,-12.39,-12.26,-12.04,-12.20,-12.34,-12.12,-12.04,-12.39,-12.34,-12.26,-11.85,-11.98,-11.98,-11.85,-11.90,-11.90,-11.76,-11.68,-11.90,-11.68,-12.04,-11.90,-11.85,-11.68,-11.98,-12.04,-11.90,-11.76,-11.76,-11.85,-11.55,-11.85,-11.68,-11.68,-11.41,-12.20,-11.90,-11.63,-11.63,-12.12,-11.76,-11.76,-11.76,-11.85,-11.68,-11.63,-11.85,-11.90,-11.68,-12.04,-12.20,-11.68,-12.04,-11.90,-11.90,-11.85,-11.90,-12.12,-11.98,-12.12,-12.20,-12.12,-12.48,-12.04,-12.20,-12.20,-12.48,-12.12,-12.39,-12.26,-12.39,-12.26,-12.56,-11.90,-12.26,-12.26,-12.34,-12.12,-12.12,-12.26,-12.26,-12.12,-12.20,-12.12,-12.34,-12.34,-12.26,-12.26,-12.26,-12.26,-12.39,-12.04,-12.56,-12.34,-12.12,-12.39,-12.48,-12.26,-12.56,-12.34,-12.39,-12.48,-12.26,-12.34,-12.20,-12.26,-12.20,-12.12,-12.48,-12.26,-12.04,-11.98,-12.34,-12.34,-12.56,-12.26,-12.26,-11.76,-12.39,-12.26,-12.48,-12.20,-12.48,-12.26,-12.70,-12.34,-12.34,-12.34,-12.26,-12.83,-11.98,-12.34,-12.20,-12.39,-12.39,-12.34,-12.20,-12.26,-12.39,-12.39,-12.39,-12.56,-12.34,-12.26,-12.26,-12.26,-12.56,-12.20,-11.98,-12.34,-12.39,-12.56,-12.26,-12.20,-12.26,-12.20,-12.34,-12.34,-12.56,-12.39,-12.34,-12.48,-12.39,-12.61,-12.56,-12.12,-12.56,-12.56,-12.48,-11.98,-12.56,-12.56,-12.48,-12.56,-12.56,-12.34,-12.39,-12.04,-12.20,-11.90,-12.12,-11.98,-11.90,-11.85,-11.76,-12.12,-12.20,-12.20,-12.12,-12.26,-12.12,-11.90,-11.90,-12.20,-12.26,-12.48,-12.34,-12.39,-12.04,-12.26,-12.26,-11.98,-11.98,-11.98,-12.34,-12.39,-12.34,-12.26,-12.12,-11.90,-12.56,-12.20,-12.20,-12.20,-12.39,-12.34,-12.12,-12.20,-11.98,-12.20,-12.34,-12.20,-12.48,-12.39,-12.48
-12.26,-12.12,-12.56,-12.34,-12.39,-12.20,-12.78,-12.70,-12.34,-12.39,-12.48,-12.34,-12.26,-12.04,-12.12,-12.39,-12.39,-11.98,-12.04,-12.04,-12.34,-12.12,-12.48,-12.34,-12.20,-12.39,-12.26,-12.12,-12.26,-11.98,-11.85,-12.34,-12.20,-12.39,-12.48,-12.34,-12.04,-12.34,-12.04,-11.98,-12.26,-12.20,-12.26,-12.12,-12.12,-11.98,-12.26,-12.20,-12.26,-12.34,-11.98,-12.34,-12.12,-12.20,-12.26,-11.90,-12.20,-12.26,-12.20,-12.04,-12.20,-12.48,-12.04,-12.12,-12.39,-12.04,-12.26,-12.26,-12.20,-12.34,-12.04,-11.90,-11.98,-11.85,-12.04,-11.63,-12.04,-12.12,-12.20,-12.39,-12.39,-12.20,-12.26,-12.34,-12.26,-12.20,-12.34,-12.34,-12.56,-11.90,-12.48,-12.39,-12.34,-12.34,-12.34,-12.56,-12.34,-12.39,-12.48,-12.48,-12.34,-12.20,-12.20,-12.56,-12.70,-12.26,-12.39,-12.26,-12.26,-12.12,-12.34,-12.34,-12.48,-12.56,-12.12,-12.04,-12.34,-12.20,-12.34,-12.26,-12.34,-12.04,-12.39,-12.56,-12.26,-12.34,-11.85,-12.12,-12.12,-12.26,-12.34,-12.61,-12.39,-12.12,-12.26,-12.34,-12.39,-12.39,-12.26,-12.39,-12.56,-12.34,-12.34,-12.26,-12.34,-12.20,-11.90,-12.12,-12.34,-12.04,-12.48,-12.20,-12.12,-12.04,-12.34,-12.20,-11.98,-12.20,-12.56,-12.20,-11.98,-12.34,-11.98,-12.04,-12.12,-12.26,-12.12,-12.20,-11.76,-11.98,-11.76,-11.63,-11.85,-11.98,-11.76,-11.76,-11.98,-11.63,-11.98,-11.76,-11.76,-11.85,-11.85,-11.76,-11.55,-11.98,-11.98,-11.63,-11.49,-11.68,-11.68,-11.55,-11.98,-11.36,-11.85,-11.76,-11.90,-11.68,-11.90,-11.85,-11.68,-11.76,-11.85,-11.90,-11.76,-11.90,-11.90,-11.63,-11.68,-11.63,-11.90,-12.04,-11.98,-11.98,-12.34,-11.76,-12.34,-12.26,-12.39,-12.04,-12.34,-12.04,-12.20,-11.98,-12.34,-12.34,-12.26,-12.48,-12.26,-12.34,-12.26,-12.12,-12.39,-12.20,-12.12,-12.20,-12.61,-12.20,-12.26,-12.04,-12.26,-11.90,-12.34,-12.12,-12.12,-12.20,-12.04,-12.61,-12.48,-11.98,-12.20,-12.12,-12.26,-12.20,-11.98,-12.20,-12.39,-12.20,-12.12,-12.34,-12.04,-12.39,-12.04,-12.34,-12.56,-12.70,-12.34,-12.04,-12.34,-12.20,-12.34,-11.98,-12.26,-11.98,-12.34,-12.39,-12.34,-12.26,-12.39,-12.12,-11.98,-12.26,-12.20,-12.39,-12.12,-12.34,-12.34,-12.20,-12.04,-12.34,-12.39,-12.20,-12.20,-12.48,-11.85,-12.39,-12.39,-12.48,-12.20,-12.26,-12.48,-12.34,-12.34,-12.26,-12.34,-12.26,-12.26,-12.34,-12.48,-12.39,-12.04,-12.56,-12.39,-11.98,-12.56,-12.48,-12.56,-12.26,-12.61,-12.56,-12.78,-12.26,-12.48,-12.61,-12.20,-12.39,-12.56,-12.48,-12.56,-12.56,-12.56,-12.26,-11.98,-11.85,-12.20,-11.98,-11.76,-12.04,-11.85,-11.85,-11.76,-12.39,-11.76,-12.20,-11.90,-11.85,-12.20,-12.20,-12.12,-12.20,-11.90,-12.26,-12.20,-12.04,-12.20,-12.26,-11.98,-11.98,-12.20,-12.20,-12.20,-12.20,-12.20,-12.34,-11.85,-12.12,-12.34,-12.26,-12.20,-12.12,-12.39,-12.70,-11.98,-12.26,-12.20,-12.26,-12.20,-12.56,-12.04,-12.12,-12.48,-12.39
-12.70,-12.26,-12.26,-12.56,-12.34,-12.70,-12.39,-12.48,-12.12,-12.20,-12.48,-12.61,-12.70,-12.48,-12.56,-12.34,-12.34,-12.48,-12.12,-12.34,-12.34,-12.48,-12.70,-12.04,-12.34,-12.12,-12.04,-12.34,-11.90,-12.26,-12.26,-12.12,-12.34,-11.98,-12.34,-12.20,-12.34,-11.85,-12.48,-12.12,-12.04,-12.26,-12.12,-11.90,-12.04,-12.20,-11.98,-12.04,-12.12,-12.26,-12.12,-12.48,-11.98,-12.26,-12.26,-11.90,-11.98,-12.34,-11.90,-12.26,-12.04,-12.20,-12.12,-11.98,-11.98,-12.26,-12.20,-12.04,-12.12,-12.34,-12.12,-12.12,-12.04,-12.20,-12.20,-11.90,-12.34,-11.98,-12.56,-12.83,-12.48,-12.04,-12.48,-12.48,-12.48,-12.26,-12.34,-12.12,-12.61,-12.70,-12.61,-12.39,-12.48,-12.39,-12.48,-12.20,-12.34,-12.26,-12.56,-12.48,-12.56,-12.39,-12.39,-12.48,-12.34,-12.20,-12.34,-12.34,-12.12,-12.20,-12.48,-12.48,-12.48,-12.12,-12.34,-12.12,-12.70,-12.12,-12.34,-12.04,-12.26,-12.39,-12.26,-12.26,-12.20,-12.56,-12.12,-12.20,-12.26,-12.26,-12.34,-12.04,-12.39,-11.98,-12.12,-12.20,-12.20,-12.20,-12.34,-12.26,-12.20,-12.26,-12.34,-12.48,-12.48,-12.56,-12.12,-12.20,-11.90,-12.34,-12.12,-12.56,-12.20,-12.34,-12.04,-12.04,-12.34,-12.39,-12.04,-11.76,-12.20,-12.26,-12.12,-12.34,-11.98,-12.26,-11.98,-12.34,-12.12,-11.63,-11.68,-11.98,-11.85,-11.41,-11.36,-12.04,-11.85,-11.41,-11.85,-11.98,-11.76,-11.98,-11.90,-12.12,-11.68,-11.76,-11.55,-11.63,-11.55,-11.90,-11.98,-11.49,-11.85,-11.76,-11.63,-12.04,-11.85,-11.76,-11.76,-11.98,-11.85,-11.90,-11.85,-11.85,-11.76,-11.85,-11.68,-12.20,-11.68,-11.68,-11.98,-11.98,-12.04,-12.04,-12.34,-11.85,-12.20,-11.98,-12.20,-12.20,-12.34,-12.26,-12.20,-12.20,-12.04,-12.12,-12.20,-12.12,-12.48,-12.20,-12.56,-12.12,-12.39,-12.20,-12.39,-12.34,-11.85,-12.48,-12.04,-12.04,-12.12,-12.12,-12.56,-11.85,-12.12,-12.39,-12.26,-12.20,-12.34,-12.34,-12.48,-12.20,-12.26,-12.20,-12.20,-12.34,-12.20,-12.70,-12.12,-12.34,-11.98,-12.20,-12.26,-12.34,-12.20,-12.48,-12.04,-12.26,-12.39,-12.34,-12.12,-12.39,-12.48,-12.26,-12.78,-12.12,-12.12,-12.26,-12.39,-12.56,-12.12,-12.34,-12.48,-12.20,-12.26,-12.26,-12.04,-12.48,-12.26,-12.56,-12.20,-12.20,-12.34,-12.56,-12.12,-12.56,-12.39,-12.26,-12.20,-12.20,-12.20,-12.48,-12.39,-12.39,-12.48,-12.61,-12.20,-12.48,-12.39,-12.39,-12.04,-12.61,-12.20,-12.39,-12.20,-12.34,-12.34,-12.56,-12.26,-12.39,-12.56,-12.39,-12.34,-12.61,-12.39,-12.56,-12.56,-12.48,-12.39,-12.48,-12.26,-11.90,-12.20,-12.12,-11.98,-11.90,-12.04,-12.20,-12.48,-11.98,-12.12,-12.34,-12.04,-11.76,-12.20,-12.26,-11.90,-11.85,-12.34,-11.90,-11.98,-12.26,-12.20,-12.12,-12.12,-12.12,-12.26,-12.48,-12.04,-11.98,-12.20,-12.39,-12.20,-12.12,-11.98,-12.12,-12.39,-12.39,-11.90,-12.26,-12.39,-12.20,-12.12,-12.26,-12.12,-12.26,-12.26,-12.48,-12.48,-12.56,-12.61,-12.34
-12.20,-12.39,-12.39,-12.61,-12.56,-12.34,-12.39,-12.39,-12.48,-12.26,-12.56,-12.70,-12.61,-12.12,-12.20,-12.48,-12.39,-12.26,-12.04,-12.12,-12.39,-12.34,-12.39,-12.34,-12.26,-12.34,-12.20,-12.56,-12.34,-12.26,-11.98,-11.90,-11.98,-12.12,-12.26,-12.56,-12.56,-12.04,-12.12,-12.12,-12.20,-11.90,-12.04,-12.12,-12.26,-12.04,-12.12,-11.90,-12.12,-12.26,-12.39,-12.26,-12.20,-11.90,-11.98,-12.39,-12.34,-12.26,-11.68,-12.26,-12.34,-12.26,-12.26,-11.98,-11.85,-12.39,-11.98,-11.98,-12.04,-12.26,-11.68,-11.98,-12.26,-12.20,-12.04,-11.90,-11.98,-12.20,-12.56,-12.39,-12.70,-12.70,-12.48,-12.56,-12.26,-12.78,-12.56,-12.48,-12.61,-12.48,-12.56,-12.34,-12.12,-11.90,-12.48,-12.34,-12.20,-12.20,-12.20,-12.61,-12.34,-12.39,-12.26,-12.26,-12.04,-12.39,-12.56,-12.61,-12.04,-12.34,-12.48,-12.39,-12.39,-12.56,-12.20,-12.12,-12.34,-12.20,-12.20,-12.39,-12.34,-12.61,-12.26,-12.39,-12.39,-12.12,-12.34,-12.04,-12.48,-12.26,-12.26,-11.98,-12.34,-12.20,-12.04,-12.34,-12.34,-12.34,-12.20,-12.26,-12.39,-12.04,-12.20,-12.48,-12.12,-12.34,-12.26,-12.39,-12.26,-12.26,-12.26,-12.26,-11.90,-12.34,-12.39,-12.26,-12.34,-12.34,-12.12,-12.04,-12.34,-12.39,-12.04,-12.20,-12.20,-12.12,-12.20,-12.39,-12.04,-11.98,-11.90,-12.20,-11.90,-11.98,-11.68,-11.90,-11.76,-11.85,-11.85,-11.68,-11.68,-11.85,-11.76,-11.85,-11.76,-11.85,-11.85,-11.55,-11.68,-11.90,-11.76,-12.12,-11.63,-11.85,-11.85,-11.68,-11.98,-11.85,-11.68,-11.76,-11.85,-11.63,-11.98,-11.90,-11.76,-11.85,-11.49,-11.85,-11.90,-11.55,-11.49,-11.85,-11.76,-11.98,-11.90,-12.12,-12.20,-12.12,-11.98,-12.39,-12.26,-12.48,-12.34,-12.04,-12.12,-12.48,-12.39,-12.26,-12.48,-11.98,-12.26,-12.26,-12.34,-12.34,-12.12,-12.20,-12.39,-12.39,-12.26,-12.39,-12.26,-12.34,-12.20,-12.04,-12.26,-12.39,-12.34,-12.20,-12.39,-12.04,-12.39,-12.26,-12.12,-12.12,-11.98,-12.20,-11.85,-12.34,-12.26,-11.98,-12.04,-12.61,-12.34,-12.34,-12.34,-12.34,-12.26,-12.26,-12.48,-12.48,-12.48,-12.34,-12.26,-12.34,-12.20,-12.20,-12.34,-12.12,-12.39,-12.20,-12.48,-12.34,-12.48,-12.34,-12.34,-12.56,-12.26,-12.26,-12.78,-12.34,-12.34,-12.34,-12.34,-12.56,-12.56,-12.78,-12.34,-12.78,-12.12,-12.56,-12.78,-12.34,-12.61,-12.39,-12.20,-12.20,-12.61,-12.20,-12.20,-12.70,-12.48,-12.56,-12.61,-12.48,-12.56,-12.39,-12.56,-12.34,-12.61,-12.39,-12.39,-12.48,-12.56,-12.48,-12.56,-12.39,-12.04,-12.34,-12.78,-12.61,-12.12,-11.90,-11.90,-12.20,-12.34,-12.39,-11.90,-12.20,-11.55,-11.85,-11.76,-11.90,-12.04,-12.04,-11.85,-12.20,-12.20,-11.90,-12.34,-11.90,-11.98,-11.85,-12.12,-12.34,-11.98,-11.98,-12.34,-12.20,-12.34,-12.26,-12.04,-12.12,-12.26,-11.98,-12.12,-12.26,-12.48,-12.12,-12.39,-12.04,-12.34,-11.85,-12.20,-12.56,-12.34,-12.34,-12.39,-12.26,-12.12,-12.70,-12.04,-12.39
-12.48,-12.26,-12.34,-12.39,-12.70,-12.78,-12.56,-12.61,-12.48,-11.98,-12.39,-12.56,-12.12,-12.56,-12.56,-12.26,-12.34,-12.34,-12.26,-12.48,-12.48,-12.12,-12.26,-12.56,-12.26,-12.12,-11.98,-12.34,-12.26,-12.39,-12.39,-12.04,-12.34,-12.12,-12.26,-12.48,-12.26,-11.98,-12.26,-12.39,-12.04,-11.90,-12.34,-12.20,-12.34,-12.12,-12.34,-12.20,-12.20,-12.12,-12.04,-12.12,-12.12,-12.26,-12.04,-12.26,-12.04,-12.20,-11.98,-11.98,-12.04,-12.56,-12.20,-12.12,-12.04,-12.12,-12.26,-12.04,-12.20,-12.04,-12.12,-11.98,-12.26,-11.98,-11.90,-12.04,-12.20,-12.20,-12.48,-12.56,-12.56,-12.34,-12.39,-12.61,-12.39,-12.56,-12.26,-12.56,-12.61,-12.39,-12.48,-12.34,-12.39,-12.34,-12.56,-12.48,-12.34,-12.48,-12.39,-12.12,-12.56,-12.78,-12.26,-12.39,-11.98,-12.34,-12.56,-12.56,-11.90,-12.04,-12.61,-12.39,-12.20,-12.04,-12.12,-12.39,-12.20,-12.26,-12.61,-12.39,-12.34,-12.20,-12.39,-12.48,-12.26,-12.12,-12.12,-12.39,-12.48,-12.26,-12.34,-12.26,-12.39,-12.48,-12.26,-12.34,-12.20,-12.39,-12.12,-12.20,-12.20,-12.26,-12.34,-12.34,-12.26,-12.12,-12.26,-12.39,-12.12,-12.26,-12.26,-11.98,-12.34,-12.26,-12.12,-12.12,-12.12,-12.56,-12.26,-12.12,-12.39,-12.39,-12.26,-12.48,-12.20,-12.20,-12.34,-12.26,-12.26,-12.12,-12.12,-11.98,-11.76,-11.98,-11.98,-11.68,-11.49,-11.63,-11.63,-11.68,-11.85,-12.04,-11.90,-11.85,-11.55,-11.90,-11.63,-11.90,-11.41,-11.55,-11.90,-11.90,-11.85,-11.76,-11.85,-11.55,-11.76,-11.76,-11.98,-11.68,-11.90,-11.85,-11.90,-11.90,-11.90,-11.90,-11.85,-11.76,-11.63,-11.41,-11.85,-11.63,-11.76,-12.12,-11.98,-11.76,-11.85,-11.90,-12.20,-12.26,-12.34,-12.20,-12.39,-12.26,-12.56,-12.39,-12.39,-12.20,-12.39,-12.26,-12.39,-12.39,-11.85,-12.12,-12.70,-12.20,-12.20,-12.20,-12.39,-12.12,-12.20,-12.04,-12.56,-12.48,-12.04,-12.26,-12.12,-12.20,-11.90,-12.26,-12.61,-12.20,-12.26,-12.20,-12.48,-12.70,-12.39,-12.20,-12.56,-12.26,-12.12,-12.39,-12.04,-12.20,-12.04,-12.56,-12.12,-12.34,-11.98,-12.70,-12.20,-12.26,-12.20,-12.39,-12.20,-12.39,-12.34,-12.34,-12.48,-12.04,-12.48,-12.20,-12.20,-12.12,-12.56,-12.48,-12.26,-12.34,-12.34,-12.04,-12.34,-12.34,-12.34,-12.26,-12.56,-12.26,-12.48,-12.26,-12.56,-12.34,-12.34,-12.48,-12.26,-12.61,-12.48,-12.20,-12.39,-12.56,-12.20,-12.34,-12.26,-12.61,-12.61,-12.56,-12.48,-12.34,-12.48,-12.56,-12.70,-12.61,-12.56,-12.26,-12.56,-12.39,-12.56,-12.48,-12.39,-12.48,-12.83,-12.61,-12.39,-12.20,-11.98,-12.12,-12.26,-12.04,-11.98,-11.98,-12.48,-11.98,-12.26,-12.34,-11.90,-11.90,-12.26,-11.98,-12.26,-12.04,-12.20,-12.12,-12.12,-12.48,-11.90,-12.04,-11.98,-12.34,-12.39,-11.98,-12.12,-12.20,-12.26,-12.26,-12.56,-12.70,-12.39,-12.48,-12.12,-12.56,-12.34,-12.34,-12.12,-12.56,-12.20,-12.61,-12.70,-12.34,-12.39,-12.56,-12.26,-12.78,-12.48,-12.34
-13.06,-12.78,-12.56,-12.61,-12.78,-12.26,-12.34,-12.83,-12.48,-12.39,-12.12,-12.12,-12.56,-12.12,-12.48,-12.56,-12.34,-12.48,-12.34,-12.34,-12.56,-12.20,-12.48,-12.20,-12.34,-12.20,-12.26,-12.20,-12.39,-12.26,-12.48,-12.20,-11.98,-12.39,-12.39,-12.26,-12.26,-12.04,-12.04,-12.20,-11.98,-11.98,-12.20,-11.98,-12.20,-12.34,-12.34,-11.90,-12.12,-12.20,-12.34,-12.26,-12.20,-12.04,-12.34,-12.12,-12.12,-12.39,-12.20,-12.26,-12.12,-12.12,-12.12,-12.12,-12.20,-11.85,-12.04,-12.12,-12.20,-12.26,-12.04,-12.34,-12.04,-11.98,-12.12,-12.26,-12.12,-12.48,-12.61,-12.56,-12.70,-12.48,-12.61,-12.70,-12.61,-11.98,-12.39,-12.34,-12.12,-12.48,-12.34,-12.48,-12.48,-12.39,-12.39,-12.56,-12.48,-12.20,-12.70,-12.56,-12.48,-12.39,-12.56,-12.20,-12.26,-12.20,-12.26,-12.12,-12.48,-11.98,-12.26,-12.48,-12.34,-12.39,-12.26,-12.48,-11.98,-12.34,-12.61,-12.26,-12.39,-12.26,-12.48,-12.78,-12.39,-12.20,-12.12,-12.12,-12.48,-12.34,-12.34,-12.39,-12.26,-12.61,-12.26,-12.48,-12.20,-12.39,-12.26,-12.48,-12.34,-12.70,-12.34,-12.39,-12.39,-12.20,-12.26,-12.26,-12.61,-12.12,-12.34,-12.34,-12.20,-12.39,-12.26,-12.04,-12.20,-12.26,-12.48,-12.12,-12.04,-12.39,-12.56,-12.04,-12.26,-12.56,-12.61,-11.98,-12.12,-12.12,-11.90,-11.85,-11.68,-11.85,-11.85,-11.49,-11.90,-11.68,-11.76,-11.85,-11.68,-11.90,-11.68,-11.63,-11.68,-11.98,-11.68,-11.68,-12.04,-11.90,-11.90,-11.90,-11.90,-11.90,-11.76,-11.85,-11.63,-11.63,-11.68,-11.63,-12.20,-11.76,-11.98,-11.98,-11.63,-11.98,-11.76,-11.90,-11.41,-11.85,-11.41,-11.85,-11.63,-11.85,-11.90,-11.76,-11.85,-12.20,-12.39,-12.26,-12.39,-12.20,-12.34,-12.56,-12.04,-11.85,-11.98,-12.34,-12.48,-11.76,-12.20,-12.34,-12.48,-12.26,-11.98,-12.26,-12.48,-12.04,-12.12,-12.61,-12.34,-12.26,-12.12,-12.39,-12.12,-12.39,-12.34,-12.26,-12.39,-12.12,-12.20,-12.48,-12.26,-12.61,-12.26,-12.04,-12.39,-12.12,-12.56,-12.20,-12.34,-12.20,-12.39,-12.48,-11.98,-12.34,-12.34,-12.48,-12.12,-12.48,-12.26,-12.26,-12.61,-12.26,-12.26,-12.26,-12.48,-12.61,-12.39,-12.39,-12.20,-12.56,-12.39,-12.34,-12.56,-11.98,-12.34,-12.39,-12.39,-12.39,-12.34,-12.39,-11.90,-12.12,-12.56,-12.34,-12.39,-12.48,-12.61,-12.34,-12.48,-12.12,-12.61,-12.20,-12.34,-12.39,-12.20,-12.56,-12.39,-12.39,-12.26,-11.90,-12.48,-12.39,-12.48,-12.56,-12.34,-12.61,-12.48,-12.12,-12.34,-12.61,-12.56,-12.61,-12.78,-12.61,-12.92,-12.48,-12.56,-12.26,-12.48,-12.56,-12.20,-12.12,-12.70,-12.39,-12.12,-12.12,-11.90,-12.34,-11.90,-11.98,-11.90,-11.85,-12.12,-11.90,-12.34,-12.04,-12.04,-12.12,-12.12,-12.61,-12.48,-12.39,-12.56,-12.39,-12.20,-12.20,-12.26,-12.26,-12.48,-12.04,-12.20,-12.48,-12.20,-12.20,-11.90,-12.39,-12.26,-12.26,-12.39,-12.26,-12.04,-12.12,-12.12,-12.39,-12.26,-12.56,-12.26,-12.48,-12.34,-12.04
-12.20,-12.70,-12.26,-12.34,-12.34,-12.61,-12.34,-12.48,-12.39,-12.26,-12.39,-12.56,-12.56,-12.34,-12.48,-12.34,-12.48,-12.39,-12.26,-12.34,-12.48,-12.20,-12.39,-12.56,-12.20,-12.34,-12.34,-12.34,-12.26,-12.12,-12.12,-12.26,-12.48,-12.26,-12.39,-12.04,-12.48,-12.20,-12.20,-12.12,-12.04,-12.12,-12.04,-12.26,-12.04,-12.04,-12.26,-12.39,-12.26,-12.12,-12.20,-12.34,-12.34,-11.85,-12.34,-12.39,-11.98,-12.34,-12.12,-12.34,-12.12,-12.20,-12.20,-12.04,-11.98,-12.39,-12.26,-12.04,-11.85,-12.04,-11.98,-12.12,-12.26,-12.26,-11.98,-12.26,-11.98,-12.34,-12.48,-12.34,-12.48,-12.26,-12.56,-12.48,-12.61,-12.48,-12.34,-12.34,-12.39,-12.48,-12.39,-12.20,-12.39,-12.34,-12.20,-12.56,-12.48,-12.26,-12.48,-12.34,-12.20,-12.12,-12.39,-12.26,-12.26,-12.39,-12.48,-12.20,-12.56,-12.56,-12.48,-12.34,-12.34,-12.34,-12.12,-12.34,-12.39,-12.26,-12.56,-12.34,-12.12,-11.85,-12.61,-12.26,-12.34,-12.39,-12.48,-12.26,-12.26,-12.34,-12.12,-12.26,-12.26,-12.61,-12.34,-12.34,-12.70,-12.12,-12.26,-12.48,-12.56,-12.39,-12.12,-12.12,-12.04,-12.26,-12.20,-12.12,-12.04,-12.39,-12.48,-12.34,-12.26,-12.48,-11.98,-12.61,-12.26,-12.12,-12.12,-12.26,-12.34,-12.20,-12.56,-12.20,-12.20,-12.26,-12.34,-12.70,-12.20,-12.04,-11.85,-11.90,-11.68,-11.90,-11.68,-11.68,-11.85,-11.63,-11.76,-11.76,-11.63,-12.04,-12.20,-12.20,-11.76,-11.90,-11.68,-11.76,-11.90,-11.85,-12.12,-11.90,-11.85,-11.76,-11.85,-11.98,-11.90,-11.76,-11.90,-11.85,-11.98,-11.98,-12.20,-11.63,-11.98,-11.76,-12.12,-11.85,-12.04,-11.98,-11.85,-11.76,-11.85,-11.85,-11.85,-12.04,-11.98,-12.12,-12.34,-12.34,-12.34,-12.26,-12.34,-12.48,-12.20,-12.39,-12.56,-12.12,-12.34,-12.26,-12.26,-11.98,-12.39,-12.34,-12.26,-12.39,-11.90,-12.34,-11.90,-12.20,-12.34,-12.04,-12.26,-12.12,-12.34,-12.12,-12.12,-12.12,-12.04,-12.26,-12.26,-12.26,-12.39,-12.20,-12.39,-12.12,-12.34,-12.26,-12.26,-12.34,-11.90,-12.48,-12.61,-12.39,-12.26,-12.12,-12.48,-12.20,-12.20,-12.04,-12.12,-12.20,-12.48,-12.12,-12.20,-12.56,-12.48,-12.48,-12.12,-12.34,-12.61,-12.20,-12.56,-12.39,-12.20,-12.26,-12.48,-12.48,-12.39,-12.26,-12.48,-12.78,-12.48,-12.39,-12.56,-12.61,-12.56,-12.48,-12.34,-12.34,-12.56,-12.34,-12.12,-12.34,-12.61,-12.39,-12.26,-12.39,-12.20,-12.39,-12.34,-12.26,-12.34,-12.34,-12.56,-12.48,-12.34,-12.20,-12.83,-12.56,-12.39,-12.56,-12.70,-12.39,-12.56,-12.56,-12.48,-12.34,-12.34,-12.34,-12.70,-12.39,-12.12,-12.26,-12.12,-12.04,-12.39,-12.20,-12.34,-11.76,-12.39,-11.85,-12.26,-11.98,-11.90,-12.26,-12.26,-12.20,-12.04,-11.90,-12.12,-12.39,-12.26,-12.04,-12.26,-12.39,-12.04,-12.26,-12.26,-12.20,-12.48,-12.26,-12.48,-12.34,-12.26,-12.26,-12.26,-12.12,-12.56,-12.39,-12.26,-12.34,-12.34,-12.39,-12.39,-12.34,-12.39,-12.61,-12.39,-12.26,-12.34,-12.48
-12.70,-12.78,-12.39,-12.20,-12.34,-12.39,-12.61,-12.34,-12.48,-12.39,-12.26,-12.39,-12.48,-12.39,-12.34,-12.39,-12.56,-12.26,-12.61,-12.20,-12.39,-12.26,-12.48,-12.39,-12.34,-12.20,-12.34,-12.20,-12.48,-11.98,-12.20,-12.26,-11.90,-12.34,-11.98,-12.39,-11.98,-11.90,-12.39,-11.98,-11.98,-12.12,-11.98,-12.34,-12.12,-12.12,-12.34,-12.04,-12.04,-12.12,-11.90,-12.34,-12.34,-12.34,-12.12,-12.12,-12.12,-12.04,-12.48,-12.39,-12.12,-12.04,-11.98,-12.12,-11.76,-11.98,-12.39,-12.39,-12.04,-12.20,-11.85,-12.12,-11.85,-11.98,-12.12,-11.90,-12.56,-12.34,-12.26,-12.48,-12.56,-12.34,-12.26,-12.26,-12.39,-12.39,-12.56,-12.61,-12.20,-12.56,-12.56,-12.48,-12.39,-12.56,-12.48,-12.56,-12.39,-12.34,-12.39,-12.20,-12.04,-12.56,-12.20,-12.04,-11.90,-12.26,-12.39,-12.34,-12.34,-11.90,-12.26,-12.20,-12.39,-12.39,-12.39,-12.48,-12.70,-12.56,-12.12,-12.39,-12.56,-12.39,-12.34,-12.04,-12.39,-12.34,-12.12,-12.26,-12.34,-12.12,-12.20,-12.34,-12.39,-12.39,-12.26,-12.12,-12.20,-12.34,-12.26,-12.26,-12.12,-12.20,-12.26,-11.98,-12.39,-12.04,-12.56,-12.20,-12.04,-12.39,-12.34,-12.48,-12.26,-12.12,-12.34,-12.20,-12.26,-12.04,-12.12,-12.12,-12.34,-12.26,-12.34,-11.90,-12.34,-12.39,-12.48,-12.20,-12.04,-12.04,-12.39,-11.68,-11.98,-12.04,-11.90,-11.76,-11.55,-11.49,-12.04,-11.55,-12.12,-11.68,-11.68,-11.76,-11.41,-11.68,-12.04,-11.68,-11.76,-12.12,-11.85,-11.85,-11.68,-11.63,-12.04,-11.98,-12.04,-11.68,-11.90,-11.76,-11.85,-11.98,-11.98,-11.98,-11.90,-11.68,-11.76,-11.90,-11.85,-11.76,-11.85,-12.04,-11.63,-11.85,-11.63,-11.85,-12.04,-12.12,-12.34,-12.34,-12.34,-12.26,-12.48,-12.39,-12.04,-12.12,-12.20,-12.04,-12.48,-12.20,-12.34,-12.12,-12.26,-12.39,-12.39,-12.39,-12.20,-12.26,-12.34,-11.98,-12.39,-12.34,-12.34,-12.26,-12.61,-12.48,-12.39,-12.26,-12.39,-12.39,-12.26,-12.04,-12.20,-12.61,-12.26,-12.56,-12.39,-12.12,-12.61,-12.39,-12.61,-12.48,-12.26,-12.26,-12.04,-12.12,-11.85,-12.48,-12.12,-12.26,-12.48,-12.34,-12.26,-12.26,-12.34,-12.04,-12.48,-12.34,-12.20,-12.26,-12.26,-12.39,-12.04,-12.20,-12.56,-12.26,-12.34,-12.34,-12.56,-12.26,-12.70,-12.34,-12.34,-12.26,-12.39,-12.20,-12.48,-12.26,-11.98,-12.48,-12.34,-12.48,-12.48,-12.48,-12.39,-12.26,-12.12,-11.98,-12.39,-12.39,-12.61,-12.39,-12.20,-12.34,-12.48,-12.39,-12.61,-12.61,-12.48,-12.61,-12.39,-12.34,-12.56,-12.56,-12.34,-12.12,-12.56,-12.48,-12.34,-12.48,-12.26,-12.04,-12.56,-12.20,-11.90,-12.26,-12.20,-11.90,-12.34,-11.98,-12.04,-12.26,-12.20,-12.04,-11.98,-12.20,-12.12,-12.34,-11.90,-12.12,-11.85,-12.26,-11.98,-12.04,-12.39,-12.20,-12.56,-12.20,-12.48,-11.98,-12.34,-12.34,-12.56,-11.98,-11.98,-12.39,-12.34,-12.34,-12.20,-12.34,-12.26,-12.12,-12.26,-12.39,-12.34,-12.48,-12.12,-11.98,-12.70,-12.70,-12.78,-12.48
-12.78,-12.56,-12.70,-12.78,-12.34,-12.61,-12.39,-12.39,-12.39,-12.12,-12.26,-12.26,-12.04,-12.56,-12.56,-12.26,-12.26,-12.61,-12.39,-12.12,-12.39,-12.61,-12.61,-12.26,-12.12,-12.12,-12.12,-12.48,-12.20,-12.34,-12.26,-11.90,-12.12,-12.04,-12.12,-12.12,-12.20,-12.04,-12.20,-12.34,-12.39,-12.12,-12.12,-11.76,-12.20,-12.26,-12.26,-12.04,-11.90,-11.98,-12.34,-11.85,-11.90,-12.39,-12.39,-12.39,-12.20,-11.98,-11.98,-11.90,-12.34,-11.98,-11.85,-12.04,-11.90,-12.26,-12.04,-12.04,-11.90,-12.20,-12.20,-11.85,-11.90,-12.34,-12.20,-12.34,-12.34,-12.48,-12.12,-12.70,-12.39,-12.61,-12.12,-12.56,-12.56,-12.78,-12.39,-12.26,-12.26,-12.26,-12.20,-12.56,-12.26,-12.39,-12.26,-12.34,-12.39,-12.39,-12.26,-12.26,-12.20,-12.39,-12.26,-12.34,-12.20,-12.61,-12.26,-12.34,-12.34,-12.39,-12.26,-12.12,-12.39,-12.39,-12.34,-12.12,-12.34,-12.34,-12.34,-12.20,-12.20,-12.26,-12.48,-12.48,-12.34,-12.34,-12.12,-12.26,-12.04,-12.12,-12.20,-12.39,-12.48,-12.34,-12.48,-12.20,-12.39,-12.26,-12.04,-12.26,-12.56,-12.26,-12.48,-12.34,-12.34,-12.26,-12.48,-11.90,-12.20,-12.48,-12.04,-12.34,-12.26,-12.39,-12.26,-12.39,-12.48,-12.34,-12.12,-12.20,-12.48,-12.12,-12.20,-12.39,-11.90,-12.12,-12.39,-12.20,-11.98,-12.12,-11.90,-11.76,-12.04,-11.85,-11.90,-11.68,-11.90,-11.68,-11.55,-12.12,-11.90,-11.85,-11.98,-11.55,-11.85,-11.55,-11.85,-11.76,-11.49,-11.85,-11.76,-11.98,-11.90,-11.90,-11.85,-11.63,-11.63,-11.63,-11.76,-11.98,-11.76,-11.76,-11.68,-11.76,-11.76,-12.04,-11.98,-11.76,-11.76,-11.63,-11.90,-11.76,-11.90,-11.98,-11.76,-12.12,-12.48,-12.12,-12.04,-12.26,-12.20,-12.26,-12.26,-12.26,-12.26,-12.04,-12.61,-12.34,-12.70,-12.12,-12.56,-12.26,-12.20,-12.12,-12.04,-12.34,-12.26,-12.56,-12.04,-12.34,-12.48,-12.48,-12.20,-12.04,-12.26,-12.20,-12.20,-12.34,-12.12,-12.12,-12.26,-12.12,-12.26,-12.26,-11.90,-12.20,-12.12,-12.48,-12.26,-12.34,-12.20,-12.39,-12.39,-12.20,-12.39,-12.56,-12.34,-12.56,-12.34,-11.90,-12.20,-12.39,-12.48,-12.34,-12.34,-12.34,-12.48,-12.61,-12.20,-12.34,-12.48,-12.56,-12.34,-12.56,-12.48,-12.39,-12.20,-12.26,-12.48,-12.48,-12.48,-12.70,-12.39,-12.26,-12.48,-12.48,-12.39,-12.39,-12.70,-12.26,-12.92,-12.34,-12.34,-12.20,-12.39,-12.78,-12.26,-12.61,-12.20,-12.04,-12.39,-12.34,-12.34,-12.56,-12.70,-12.61,-12.34,-12.39,-12.34,-12.61,-12.48,-12.34,-12.61,-12.48,-12.70,-12.48,-12.61,-12.61,-12.48,-12.34,-12.56,-12.48,-12.39,-12.04,-12.20,-12.04,-12.20,-12.26,-12.12,-12.26,-12.26,-12.04,-11.76,-11.98,-12.20,-12.04,-11.90,-12.26,-12.20,-11.85,-11.98,-12.26,-12.04,-11.90,-12.34,-11.98,-11.98,-12.34,-11.90,-11.98,-12.34,-12.39,-12.61,-12.12,-11.98,-12.39,-12.48,-12.26,-12.26,-12.26,-12.34,-12.12,-12.48,-12.48,-12.83,-12.20,-12.12,-12.34,-12.61,-12.56,-12.83,-12.56
-12.83,-12.39,-12.34,-12.83,-12.56,-12.39,-12.61,-12.39,-12.26,-12.48,-12.34,-12.61,-12.39,-12.48,-12.48,-12.34,-12.56,-12.78,-12.26,-12.20,-12.04,-12.12,-12.26,-12.20,-12.04,-12.20,-12.20,-12.48,-12.61,-12.26,-12.26,-12.12,-12.39,-12.12,-12.78,-12.04,-12.20,-12.04,-12.34,-12.34,-12.20,-11.90,-12.20,-12.04,-12.12,-12.20,-12.12,-12.26,-11.98,-12.04,-12.34,-12.34,-12.26,-12.26,-12.39,-12.20,-11.85,-12.39,-12.12,-11.85,-12.34,-12.04,-12.04,-12.12,-12.39,-12.20,-12.26,-12.20,-12.04,-12.20,-12.26,-12.26,-11.85,-12.34,-12.20,-11.98,-12.20,-12.48,-12.39,-12.56,-12.39,-12.20,-12.39,-12.34,-12.34,-12.56,-12.20,-12.12,-12.34,-12.34,-12.61,-12.39,-11.90,-12.48,-12.34,-12.48,-12.61,-12.48,-12.70,-12.26,-12.34,-12.56,-12.48,-12.39,-12.61,-12.39,-12.56,-12.78,-12.78,-12.26,-12.26,-12.34,-12.48,-12.70,-12.39,-12.34,-12.26,-12.20,-12.48,-12.04,-12.56,-12.48,-12.34,-12.26,-12.34,-12.78,-12.56,-12.48,-12.56,-12.39,-12.26,-12.39,-12.20,-12.26,-12.20,-12.34,-12.12,-12.26,-12.56,-12.34,-12.48,-12.48,-12.20,-12.39,-12.56,-12.26,-12.48,-12.04,-12.04,-12.20,-12.39,-11.98,-12.20,-12.20,-12.20,-12.48,-12.20,-12.34,-12.39,-12.39,-12.20,-12.39,-12.39,-12.39,-12.20,-12.20,-12.34,-12.20,-12.26,-11.90,-11.90,-11.98,-12.12,-11.85,-11.90,-11.68,-11.85,-11.90,-11.76,-12.04,-11.90,-11.90,-12.04,-12.12,-11.76,-11.98,-11.85,-11.98,-11.63,-11.76,-11.90,-11.98,-11.85,-11.98,-11.63,-11.85,-11.85,-11.85,-11.98,-12.04,-11.90,-11.49,-12.04,-11.85,-11.90,-11.76,-11.85,-11.76,-11.85,-11.68,-11.68,-11.68,-11.90,-12.04,-11.98,-12.20,-12.39,-11.98,-12.20,-12.20,-12.26,-12.56,-12.39,-12.56,-12.12,-12.04,-12.48,-12.48,-12.26,-12.39,-12.56,-12.39,-12.48,-12.48,-12.26,-12.20,-12.26,-12.48,-12.39,-12.34,-12.48,-12.26,-12.39,-12.12,-12.20,-12.26,-12.12,-12.34,-12.26,-12.26,-12.48,-12.26,-12.48,-12.26,-12.48,-12.34,-12.12,-12.34,-12.34,-12.39,-12.12,-12.61,-12.34,-12.56,-12.61,-12.20,-12.20,-12.04,-12.12,-12.04,-12.04,-12.39,-12.48,-12.39,-12.34,-12.39,-12.48,-12.34,-12.04,-12.56,-12.20,-12.48,-12.56,-12.39,-12.34,-12.48,-12.26,-12.56,-12.48,-12.56,-12.56,-12.61,-12.78,-12.56,-12.34,-12.48,-12.48,-12.48,-12.70,-12.56,-12.26,-12.39,-12.39,-12.56,-12.34,-12.61,-12.39,-12.20,-12.56,-12.26,-12.39,-12.48,-12.48,-12.61,-12.78,-12.12,-12.78,-12.48,-12.26,-12.61,-12.34,-12.20,-12.56,-12.61,-12.20,-12.12,-12.83,-12.48,-12.78,-12.61,-12.12,-12.48,-12.12,-12.48,-12.48,-12.34,-12.04,-12.12,-12.12,-12.04,-12.26,-12.12,-12.12,-12.20,-12.39,-12.20,-12.12,-11.98,-12.12,-11.85,-12.26,-11.90,-12.26,-12.56,-12.26,-12.26,-12.48,-12.34,-12.12,-12.39,-12.56,-12.26,-12.34,-12.39,-11.98,-12.39,-12.34,-12.12,-12.12,-12.39,-12.20,-12.26,-12.26,-12.12,-12.78,-12.04,-12.34,-12.34,-12.48,-12.34,-12.39,-12.39
-12.56,-12.48,-12.34,-12.61,-12.70,-12.61,-12.61,-12.39,-12.61,-12.39,-12.26,-12.26,-12.12,-12.39,-12.34,-12.39,-12.48,-12.48,-12.39,-12.20,-12.26,-12.12,-12.39,-12.34,-12.26,-12.20,-12.26,-12.34,-12.26,-12.39,-12.04,-12.48,-12.12,-11.90,-12.26,-12.70,-12.34,-12.12,-12.56,-12.34,-12.34,-12.26,-12.20,-12.12,-12.26,-12.20,-12.12,-12.26,-12.20,-12.48,-12.56,-12.04,-12.26,-12.20,-12.26,-12.26,-12.12,-12.39,-12.48,-12.20,-12.20,-12.20,-12.39,-12.26,-11.90,-12.20,-12.12,-12.26,-12.26,-12.12,-11.85,-12.26,-12.20,-12.34,-11.98,-12.12,-12.26,-12.34,-12.34,-12.39,-12.39,-12.34,-12.34,-12.56,-12.56,-12.48,-12.39,-12.34,-12.39,-12.39,-12.20,-12.26,-12.39,-12.12,-12.48,-12.56,-12.61,-12.48,-12.48,-12.20,-12.26,-12.34,-12.56,-12.56,-12.48,-12.48,-12.34,-12.61,-12.56,-12.34,-12.20,-12.20,-12.39,-12.12,-12.61,-12.39,-12.56,-12.61,-12.34,-12.39,-12.12,-12.26,-12.39,-12.34,-12.26,-12.20,-12.34,-12.34,-12.56,-12.34,-12.61,-12.34,-12.26,-12.20,-12.39,-11.98,-12.34,-12.39,-12.56,-12.04,-12.34,-12.39,-12.56,-12.34,-12.48,-12.48,-12.34,-12.39,-12.48,-12.56,-12.34,-12.34,-12.39,-12.48,-12.34,-12.56,-12.26,-12.34,-12.26,-12.34,-12.39,-12.48,-12.20,-12.20,-11.98,-12.20,-12.26,-12.26,-12.20,-12.04,-11.90,-11.68,-11.98,-11.90,-11.85,-11.76,-11.85,-11.98,-12.04,-12.04,-11.85,-12.04,-12.04,-11.90,-11.98,-11.85,-11.90,-11.90,-11.63,-11.98,-11.68,-11.76,-12.04,-11.55,-11.85,-11.90,-11.63,-11.85,-12.20,-11.85,-11.90,-11.49,-11.68,-11.98,-11.49,-11.68,-12.12,-11.76,-11.90,-11.85,-11.90,-11.85,-11.98,-11.98,-12.20,-12.20,-12.12,-12.34,-12.34,-12.26,-11.85,-12.70,-12.48,-12.56,-12.26,-12.26,-12.04,-12.39,-12.12,-12.12,-12.26,-12.34,-12.34,-12.26,-12.78,-12.34,-12.26,-12.20,-12.34,-12.26,-12.34,-12.26,-12.34,-12.34,-12.04,-12.26,-12.39,-12.20,-12.34,-12.48,-12.39,-12.39,-12.26,-12.20,-12.39,-12.20,-11.85,-12.12,-12.20,-12.20,-12.26,-12.48,-12.48,-12.04,-12.26,-12.56,-12.12,-11.98,-12.04,-12.56,-12.20,-12.26,-12.34,-12.04,-12.39,-12.39,-12.34,-12.20,-12.34,-12.20,-12.34,-12.48,-12.34,-12.61,-12.39,-12.56,-12.61,-12.26,-12.04,-12.39,-12.48,-12.20,-12.48,-12.61,-12.48,-12.39,-12.56,-12.39,-12.34,-12.26,-12.78,-12.56,-12.34,-12.34,-12.56,-12.26,-12.34,-12.56,-12.48,-12.26,-12.61,-12.39,-12.70,-12.48,-12.26,-12.78,-12.70,-12.26,-12.39,-12.61,-12.70,-12.78,-12.26,-12.61,-12.48,-12.61,-12.48,-12.70,-12.78,-12.48,-12.39,-12.34,-12.20,-12.12,-12.39,-12.34,-12.26,-12.26,-12.20,-12.12,-12.12,-11.85,-12.26,-11.98,-11.90,-12.04,-12.39,-12.04,-12.04,-11.98,-12.34,-12.26,-12.34,-11.98,-11.98,-11.90,-12.34,-11.90,-12.12,-12.04,-12.26,-12.12,-12.20,-12.39,-12.26,-12.48,-12.34,-12.04,-12.12,-12.39,-12.48,-12.26,-12.26,-12.39,-12.34,-12.56,-12.39,-12.20,-12.12,-12.70,-12.20,-12.48
-12.61,-12.26,-12.56,-12.48,-12.70,-12.56,-12.39,-12.34,-12.78,-12.34,-12.34,-12.26,-12.83,-12.48,-12.34,-12.34,-12.34,-12.20,-12.48,-12.04,-12.26,-12.34,-12.34,-11.98,-12.20,-12.39,-12.04,-12.39,-12.39,-12.26,-11.90,-12.34,-12.34,-12.04,-11.98,-12.12,-12.04,-12.04,-12.20,-12.70,-12.12,-12.12,-11.98,-12.20,-12.48,-11.85,-12.26,-12.34,-12.20,-12.39,-12.26,-12.12,-12.04,-12.26,-12.34,-12.34,-12.34,-12.48,-12.04,-12.20,-12.26,-12.20,-12.20,-12.34,-12.34,-12.26,-12.26,-12.34,-12.20,-11.68,-12.26,-11.76,-12.12,-12.12,-12.20,-12.39,-12.20,-12.39,-12.34,-12.20,-12.34,-12.39,-12.20,-12.48,-12.61,-12.39,-12.26,-12.34,-12.26,-12.12,-12.20,-12.48,-12.26,-12.48,-12.39,-12.48,-12.61,-12.48,-12.48,-12.34,-12.39,-12.61,-12.26,-12.20,-12.34,-12.48,-12.20,-12.39,-12.56,-12.39,-12.26,-12.26,-12.26,-12.34,-12.34,-12.26,-12.34,-12.26,-12.12,-12.39,-12.26,-12.39,-12.12,-12.34,-12.20,-12.56,-12.34,-12.34,-12.39,-12.34,-12.39,-12.04,-12.34,-12.39,-12.34,-12.56,-12.39,-12.12,-12.12,-12.26,-12.39,-12.34,-12.34,-12.39,-12.48,-12.12,-12.48,-12.26,-12.26,-12.20,-12.48,-12.04,-12.34,-11.98,-12.39,-12.20,-12.12,-12.34,-12.34,-12.39,-12.20,-12.20,-12.04,-12.48,-12.20,-12.48,-11.98,-12.34,-11.98,-12.04,-11.98,-11.85,-11.85,-12.04,-12.12,-11.68,-11.85,-11.98,-11.90,-11.76,-11.90,-11.90,-11.68,-12.04,-11.85,-11.85,-12.12,-11.85,-11.90,-11.85,-11.90,-12.26,-11.76,-11.68,-11.90,-11.98,-11.63,-11.85,-11.63,-11.98,-11.63,-11.63,-11.55,-11.85,-11.85,-11.63,-11.90,-11.63,-11.90,-11.68,-11.76,-11.76,-11.90,-12.04,-11.85,-12.04,-12.12,-11.98,-12.20,-12.56,-12.39,-12.92,-12.39,-12.39,-12.12,-12.39,-12.48,-12.04,-12.39,-12.39,-12.26,-12.12,-12.48,-12.39,-12.83,-12.26,-12.12,-12.48,-12.26,-12.34,-12.48,-12.34,-12.34,-12.39,-12.61,-12.39,-12.20,-12.48,-12.34,-12.26,-12.20,-12.34,-12.34,-12.26,-12.26,-12.12,-12.34,-12.34,-12.20,-12.34,-12.34,-12.12,-12.20,-12.34,-12.39,-12.56,-12.26,-12.26,-12.61,-12.39,-12.34,-12.48,-12.56,-12.20,-12.61,-12.39,-12.56,-12.12,-12.39,-12.56,-12.48,-12.48,-12.20,-12.20,-12.61,-12.39,-12.20,-12.34,-12.61,-12.61,-12.56,-12.39,-12.26,-12.20,-12.39,-12.26,-12.48,-12.48,-12.34,-12.34,-12.20,-12.26,-12.34,-12.78,-12.34,-12.26,-12.39,-12.48,-12.48,-12.39,-12.39,-12.39,-12.61,-12.56,-12.48,-12.39,-12.39,-12.48,-12.20,-12.26,-12.56,-12.83,-12.56,-12.61,-12.61,-12.70,-12.83,-12.12,-12.26,-12.48,-12.39,-12.56,-12.20,-12.61,-11.85,-12.48,-11.98,-12.20,-12.04,-12.39,-12.26,-11.90,-12.04,-12.12,-12.56,-12.26,-12.26,-12.26,-12.26,-11.98,-12.20,-11.90,-11.76,-12.48,-12.20,-12.12,-12.04,-12.12,-12.48,-12.34,-12.26,-11.98,-12.39,-12.12,-12.26,-12.34,-12.39,-12.56,-12.04,-12.34,-12.26,-11.98,-12.20,-12.26,-12.34,-12.26,-12.61,-12.61,-12.26,-12.61,-12.39,-12.26
-12.48,-12.78,-12.39,-12.39,-12.48,-12.56,-12.48,-12.48,-12.26,-12.26,-12.26,-12.04,-12.04,-12.39,-12.61,-12.39,-12.20,-12.12,-12.20,-12.34,-12.04,-12.34,-12.26,-12.20,-12.20,-11.98,-12.20,-12.26,-12.39,-12.20,-12.34,-12.34,-12.20,-12.39,-11.98,-12.26,-12.12,-11.90,-12.12,-11.98,-12.20,-12.12,-12.12,-12.26,-12.39,-12.34,-11.98,-12.26,-12.34,-12.12,-12.26,-12.48,-12.39,-12.12,-12.48,-11.85,-12.26,-12.04,-12.20,-12.20,-12.26,-12.34,-12.04,-12.20,-11.90,-12.04,-12.26,-12.34,-12.20,-11.68,-12.04,-12.20,-12.48,-12.39,-12.26,-12.04,-12.04,-12.39,-12.26,-12.48,-12.48,-12.48,-12.04,-12.26,-12.26,-12.34,-12.39,-12.56,-12.39,-12.48,-12.56,-12.39,-12.48,-12.39,-12.39,-12.34,-12.56,-12.92,-12.34,-12.56,-12.34,-12.56,-12.48,-12.26,-12.48,-12.48,-12.56,-12.48,-12.56,-12.61,-12.48,-11.98,-12.12,-11.98,-12.48,-12.34,-12.12,-12.61,-12.61,-12.56,-12.20,-12.26,-12.26,-12.61,-12.26,-12.34,-12.39,-12.04,-12.34,-12.34,-12.12,-12.12,-12.48,-12.12,-12.34,-12.20,-12.39,-12.04,-12.48,-12.26,-12.39,-12.20,-12.34,-12.26,-12.34,-12.34,-12.56,-12.61,-12.34,-12.70,-12.34,-11.98,-12.61,-12.26,-12.48,-12.20,-12.39,-12.56,-12.39,-12.26,-12.34,-12.12,-12.34,-12.26,-12.39,-12.34,-12.48,-11.85,-12.20,-11.85,-11.55,-11.68,-11.98,-11.85,-12.04,-11.76,-11.85,-11.55,-11.98,-11.90,-12.04,-11.76,-12.04,-12.12,-11.55,-11.63,-11.55,-11.98,-11.76,-11.55,-11.85,-11.98,-11.68,-11.85,-11.98,-11.98,-11.76,-11.98,-11.90,-11.98,-11.55,-11.90,-11.85,-11.90,-11.68,-11.90,-11.85,-11.76,-12.20,-11.76,-12.04,-11.98,-11.98,-11.90,-11.85,-11.90,-12.12,-12.20,-12.12,-12.39,-12.34,-12.39,-12.26,-12.20,-12.20,-12.20,-12.39,-12.20,-12.56,-12.39,-12.26,-12.61,-12.39,-12.34,-12.26,-12.26,-12.48,-12.48,-12.20,-12.34,-12.34,-12.34,-12.39,-12.48,-12.48,-12.34,-12.70,-12.34,-12.20,-12.39,-12.12,-12.39,-12.20,-12.39,-12.34,-12.34,-12.61,-12.39,-12.20,-12.26,-12.12,-12.39,-12.56,-12.04,-12.61,-12.56,-12.34,-12.26,-12.56,-12.39,-12.48,-12.34,-12.20,-12.34,-12.56,-12.39,-12.56,-12.12,-12.12,-12.34,-12.20,-12.39,-12.26,-12.39,-12.26,-12.48,-12.56,-12.39,-12.34,-12.39,-12.48,-12.56,-12.34,-12.48,-11.98,-12.56,-12.39,-12.97,-12.39,-12.39,-12.61,-12.83,-12.20,-12.56,-12.26,-12.48,-12.34,-12.48,-12.61,-12.78,-12.78,-12.34,-12.48,-12.34,-12.39,-12.34,-12.20,-12.34,-12.34,-12.56,-12.20,-12.56,-12.61,-12.26,-12.34,-12.48,-12.61,-12.70,-12.61,-12.61,-12.78,-12.26,-12.20,-12.12,-12.20,-12.04,-12.04,-12.39,-11.98,-12.04,-12.34,-12.12,-12.34,-12.12,-12.34,-12.12,-12.12,-11.90,-12.04,-12.56,-11.85,-12.34,-12.26,-12.34,-12.04,-11.98,-12.39,-12.26,-12.12,-12.61,-12.12,-12.12,-12.39,-12.20,-12.39,-12.26,-12.39,-12.34,-11.98,-12.26,-12.04,-12.26,-12.39,-12.39,-12.26,-12.12,-12.34,-12.39,-12.48,-12.56,-12.34,-12.61
-12.61,-12.61,-12.48,-12.26,-12.48,-12.34,-12.12,-12.48,-12.56,-12.70,-12.61,-12.20,-12.34,-12.20,-12.48,-12.34,-12.56,-12.26,-12.61,-12.56,-12.26,-12.26,-12.34,-12.04,-12.12,-12.20,-12.39,-12.26,-12.12,-12.34,-12.12,-12.12,-12.26,-12.04,-12.12,-12.26,-12.39,-12.12,-12.26,-11.85,-11.98,-11.98,-12.26,-12.04,-12.20,-12.26,-11.98,-12.34,-12.12,-12.20,-11.98,-12.56,-12.20,-12.26,-11.98,-12.20,-12.26,-11.98,-12.34,-12.04,-12.04,-12.20,-12.12,-12.34,-12.48,-12.34,-12.48,-12.20,-12.04,-12.12,-11.90,-12.12,-12.26,-12.39,-12.34,-12.12,-12.20,-12.04,-12.26,-12.39,-12.61,-12.39,-12.12,-12.61,-12.48,-12.20,-12.48,-12.61,-12.48,-12.12,-12.56,-12.70,-12.56,-12.20,-12.39,-12.34,-12.56,-12.83,-12.26,-12.20,-12.39,-12.34,-12.61,-12.26,-12.39,-12.56,-11.98,-12.34,-12.34,-12.26,-12.26,-12.39,-12.56,-12.26,-12.39,-12.48,-12.48,-12.26,-12.56,-12.20,-12.26,-12.48,-12.26,-12.48,-12.48,-12.26,-12.39,-12.04,-12.34,-12.04,-12.61,-12.12,-12.04,-12.39,-12.26,-12.26,-12.20,-12.70,-12.78,-12.34,-12.48,-12.26,-12.39,-12.39,-12.20,-12.39,-12.39,-12.34,-12.61,-12.70,-12.26,-12.48,-12.26,-12.34,-12.34,-12.48,-11.98,-12.12,-12.39,-12.20,-12.12,-12.04,-12.20,-12.26,-12.26,-12.26,-12.20,-12.12,-12.04,-11.76,-12.12,-11.85,-12.04,-11.76,-11.76,-11.63,-11.63,-11.98,-11.76,-11.68,-11.90,-12.04,-11.85,-11.90,-12.12,-11.90,-11.63,-11.68,-11.85,-11.85,-11.76,-11.55,-11.85,-11.98,-12.12,-11.90,-11.76,-11.49,-12.12,-11.68,-11.76,-11.76,-11.68,-11.90,-12.04,-11.90,-11.85,-11.68,-11.98,-11.90,-11.85,-11.63,-11.90,-11.63,-11.85,-11.76,-12.20,-12.12,-12.20,-12.48,-12.48,-12.12,-12.12,-12.04,-12.34,-12.26,-12.39,-12.48,-12.20,-12.48,-12.20,-12.56,-12.34,-12.12,-12.26,-12.26,-11.90,-12.20,-12.26,-12.26,-12.26,-12.20,-12.34,-12.12,-12.34,-12.34,-12.20,-12.39,-12.56,-12.04,-12.48,-12.04,-12.39,-12.26,-12.20,-12.26,-12.48,-12.48,-12.26,-11.90,-12.26,-12.20,-12.26,-12.39,-12.26,-12.39,-12.48,-12.34,-12.48,-12.34,-12.70,-12.48,-12.61,-12.39,-12.70,-12.48,-12.39,-12.34,-12.34,-12.61,-12.04,-12.04,-12.56,-12.39,-12.39,-12.04,-12.56,-12.48,-12.20,-12.56,-12.20,-12.12,-12.34,-12.70,-12.56,-12.61,-12.34,-12.70,-12.26,-12.39,-12.48,-12.48,-12.48,-12.34,-12.56,-12.39,-12.26,-12.26,-12.48,-12.48,-12.70,-12.39,-12.20,-12.48,-12.48,-12.39,-12.39,-12.61,-12.70,-12.12,-12.70,-12.61,-12.61,-12.56,-12.61,-12.48,-12.48,-12.12,-12.34,-12.04,-12.56,-12.48,-12.39,-12.12,-12.48,-12.04,-12.20,-11.90,-11.85,-11.98,-11.90,-12.34,-12.48,-11.55,-11.90,-12.12,-12.04,-12.20,-12.20,-12.12,-12.20,-12.34,-12.26,-12.12,-12.26,-11.76,-12.04,-12.04,-11.98,-12.34,-11.90,-12.39,-12.39,-12.20,-12.26,-12.34,-12.34,-12.39,-12.20,-12.39,-12.26,-12.48,-12.12,-12.39,-12.20,-12.34,-12.20,-12.61,-12.34,-12.61,-12.34,-12.48
-12.48,-12.56,-12.56,-12.56,-12.39,-12.48,-12.61,-12.48,-12.78,-12.78,-12.48,-12.34,-12.39,-12.20,-12.56,-12.48,-12.26,-12.34,-12.48,-12.20,-12.26,-12.26,-12.26,-12.04,-12.34,-12.26,-12.39,-12.12,-12.04,-12.39,-12.48,-12.12,-12.20,-12.61,-12.20,-12.12,-11.98,-12.39,-12.34,-12.12,-12.12,-12.26,-12.26,-12.34,-12.34,-12.20,-12.04,-12.12,-11.98,-12.61,-12.39,-12.12,-12.39,-12.56,-11.98,-12.56,-12.12,-12.39,-12.26,-12.34,-12.26,-11.98,-12.12,-11.98,-12.26,-12.20,-12.04,-12.20,-12.34,-11.98,-11.98,-11.90,-12.39,-12.39,-12.26,-11.76,-11.98,-12.26,-12.70,-12.39,-12.48,-12.56,-12.12,-12.48,-12.20,-12.70,-12.39,-12.56,-12.56,-12.39,-12.34,-12.04,-12.20,-12.20,-12.70,-12.39,-12.12,-12.70,-12.48,-12.48,-12.39,-12.39,-12.39,-12.56,-12.61,-12.39,-12.39,-12.78,-12.39,-12.39,-12.20,-12.20,-12.70,-12.48,-12.26,-12.34,-12.70,-12.04,-12.39,-12.26,-12.34,-12.26,-12.56,-12.56,-12.39,-12.34,-12.04,-12.61,-12.34,-12.48,-12.39,-12.34,-12.34,-12.26,-12.34,-12.48,-12.39,-12.56,-12.56,-12.61,-12.39,-12.34,-12.39,-12.26,-12.48,-12.48,-11.98,-12.34,-11.98,-12.48,-12.39,-12.12,-12.56,-12.34,-12.61,-12.70,-12.39,-12.34,-12.26,-12.34,-12.12,-12.20,-12.48,-12.56,-12.34,-11.98,-12.04,-12.34,-12.34,-11.98,-11.85,-11.63,-11.85,-11.98,-11.90,-11.98,-11.98,-11.98,-11.85,-11.98,-11.76,-11.85,-11.98,-11.98,-12.04,-11.98,-11.98,-11.49,-11.76,-11.63,-11.85,-11.98,-11.55,-11.98,-11.90,-12.04,-11.90,-12.12,-11.98,-11.68,-11.76,-11.90,-11.76,-11.85,-11.68,-12.20,-11.90,-11.63,-11.68,-11.90,-12.04,-12.20,-11.98,-12.04,-11.68,-11.85,-12.12,-12.26,-12.04,-12.56,-12.12,-12.04,-12.20,-12.61,-12.26,-12.56,-12.39,-12.26,-12.34,-12.20,-12.56,-12.56,-12.20,-12.39,-12.20,-12.70,-12.34,-12.20,-12.39,-12.20,-12.04,-12.34,-12.34,-12.04,-12.26,-12.34,-12.78,-12.56,-12.20,-12.12,-12.39,-12.34,-12.26,-12.83,-12.39,-12.26,-12.34,-12.26,-12.26,-12.20,-12.56,-12.12,-12.78,-12.34,-12.12,-12.20,-12.26,-12.20,-12.83,-12.26,-12.48,-12.39,-12.20,-12.48,-12.34,-11.90,-12.48,-11.98,-12.34,-12.20,-12.12,-11.98,-12.39,-12.39,-12.61,-12.12,-12.48,-12.34,-12.56,-12.34,-12.70,-12.20,-12.56,-12.20,-12.39,-12.34,-12.34,-12.61,-12.83,-12.39,-12.39,-12.48,-12.48,-12.39,-12.48,-12.39,-12.26,-12.34,-12.48,-12.48,-12.70,-12.48,-12.34,-12.12,-12.39,-11.98,-12.48,-12.61,-12.48,-12.26,-12.56,-12.92,-12.56,-12.34,-12.39,-12.39,-12.48,-12.34,-12.48,-12.61,-12.56,-11.98,-12.34,-12.12,-12.34,-12.12,-12.04,-12.12,-12.48,-12.04,-12.26,-12.12,-11.98,-12.04,-12.39,-12.39,-12.20,-11.90,-11.98,-11.85,-12.34,-12.20,-12.04,-11.98,-12.26,-12.20,-12.20,-12.20,-12.12,-12.20,-12.12,-12.26,-12.34,-12.34,-12.26,-12.39,-12.39,-12.34,-12.12,-12.26,-11.90,-12.34,-12.34,-12.20,-12.70,-12.39,-12.34,-12.56,-12.39,-12.61,-11.98,-12.26
-12.70,-12.56,-12.78,-12.39,-12.39,-12.34,-12.48,-12.56,-12.61,-12.34,-12.48,-12.34,-12.39,-12.26,-12.48,-12.26,-12.26,-12.56,-12.56,-12.34,-12.34,-11.90,-12.39,-12.61,-12.12,-12.56,-12.39,-12.34,-12.26,-12.26,-12.34,-12.34,-12.12,-12.20,-12.04,-12.04,-12.20,-12.20,-12.26,-11.90,-12.20,-12.20,-12.26,-12.20,-12.34,-12.26,-12.34,-12.39,-12.20,-12.34,-12.34,-12.04,-12.34,-12.56,-11.98,-12.12,-12.61,-12.26,-12.20,-12.34,-12.20,-12.26,-12.48,-12.04,-12.20,-11.98,-11.90,-12.12,-12.04,-11.98,-12.12,-12.20,-12.48,-11.90,-12.20,-12.12,-12.26,-12.34,-12.39,-12.56,-12.48,-12.39,-12.34,-12.39,-12.56,-12.34,-12.56,-12.83,-12.39,-12.56,-12.34,-12.61,-12.26,-12.61,-12.26,-12.12,-12.78,-12.34,-12.56,-12.34,-12.83,-12.39,-12.39,-12.61,-12.39,-12.39,-12.56,-12.56,-12.26,-12.48,-12.12,-12.48,-12.39,-12.48,-12.34,-12.48,-12.56,-12.20,-12.39,-12.56,-12.34,-12.20,-12.26,-12.48,-11.98,-12.48,-12.48,-12.56,-12.34,-12.61,-12.26,-12.61,-12.39,-12.48,-12.48,-12.39,-12.61,-12.48,-12.48,-12.56,-12.26,-12.39,-12.34,-12.34,-12.34,-12.34,-12.34,-12.48,-12.12,-12.70,-12.48,-12.34,-12.20,-12.20,-12.34,-12.39,-12.48,-12.48,-12.48,-12.61,-12.34,-12.34,-12.61,-12.56,-12.56,-12.34,-12.20,-12.26,-12.34,-12.04,-12.04,-11.85,-11.76,-11.98,-12.04,-11.90,-11.85,-11.63,-11.90,-12.04,-11.76,-11.63,-11.85,-11.76,-11.68,-12.04,-11.76,-11.98,-11.90,-12.04,-11.41,-11.76,-11.63,-11.90,-11.68,-11.98,-11.76,-11.76,-11.90,-11.85,-11.85,-11.76,-11.90,-11.98,-12.20,-12.12,-11.63,-11.85,-12.12,-11.98,-11.68,-12.04,-11.98,-12.04,-12.20,-12.12,-12.04,-12.04,-12.39,-11.90,-12.39,-12.48,-12.39,-12.39,-12.34,-12.12,-12.04,-12.12,-12.48,-12.34,-12.20,-12.04,-12.34,-12.34,-12.39,-12.12,-12.39,-12.34,-12.12,-12.56,-12.26,-12.04,-12.34,-12.20,-12.34,-12.26,-12.39,-12.61,-12.26,-12.39,-12.26,-12.39,-12.39,-12.26,-12.34,-12.61,-12.56,-12.70,-12.61,-12.34,-12.70,-12.56,-12.48,-12.56,-12.26,-12.26,-12.48,-12.34,-12.34,-12.34,-12.12,-12.48,-12.34,-12.39,-12.48,-12.34,-12.48,-12.39,-12.39,-12.39,-12.39,-12.61,-12.39,-12.34,-12.34,-12.39,-12.34,-12.39,-12.34,-12.61,-12.04,-12.12,-12.39,-12.48,-12.61,-12.56,-12.34,-12.61,-12.48,-12.61,-11.98,-12.39,-12.61,-12.12,-12.48,-12.20,-12.12,-12.70,-12.61,-12.26,-12.48,-12.26,-12.70,-12.78,-12.70,-12.61,-12.78,-12.56,-12.78,-12.39,-12.48,-11.90,-12.48,-12.39,-12.78,-12.34,-12.26,-12.34,-12.61,-12.61,-12.48,-12.48,-12.26,-12.04,-12.34,-11.98,-12.12,-12.04,-12.04,-12.12,-12.12,-12.34,-12.56,-12.39,-12.12,-12.26,-12.39,-12.34,-12.12,-12.04,-12.34,-12.12,-12.20,-11.98,-12.04,-12.04,-12.34,-12.20,-12.04,-12.04,-12.34,-12.12,-12.34,-12.56,-12.34,-12.34,-12.48,-12.34,-11.90,-12.20,-12.20,-12.04,-12.20,-12.20,-12.26,-12.48,-12.39,-12.39,-12.34,-12.34,-12.26,-12.78
-12.56,-12.34,-12.70,-12.26,-12.48,-12.78,-12.34,-12.78,-12.61,-12.56,-12.12,-12.48,-12.56,-12.56,-12.12,-12.56,-12.34,-12.26,-12.56,-12.56,-12.70,-12.39,-12.34,-12.12,-12.34,-12.34,-12.34,-12.34,-12.20,-12.48,-12.34,-12.48,-12.26,-12.56,-12.34,-12.20,-12.20,-12.20,-12.20,-12.39,-12.39,-12.39,-11.85,-12.39,-12.20,-12.34,-12.34,-12.39,-12.04,-12.12,-11.98,-12.12,-12.20,-12.26,-12.56,-12.04,-11.85,-12.20,-12.20,-12.20,-12.12,-11.98,-12.26,-12.48,-12.12,-12.04,-12.70,-12.34,-12.20,-12.12,-11.98,-12.39,-12.20,-12.04,-12.20,-11.90,-12.12,-12.56,-12.39,-12.48,-12.70,-12.78,-12.70,-12.70,-12.61,-12.61,-12.61,-12.26,-12.48,-12.56,-12.78,-12.39,-12.56,-12.56,-12.39,-12.39,-12.20,-12.61,-12.34,-12.83,-12.12,-12.26,-12.61,-12.26,-12.48,-12.39,-12.48,-12.34,-12.26,-12.34,-12.34,-12.26,-12.48,-12.26,-12.48,-12.26,-12.39,-12.39,-12.48,-12.56,-12.04,-12.34,-12.39,-12.39,-12.39,-12.48,-12.48,-12.39,-12.26,-12.34,-12.26,-12.48,-12.34,-12.39,-12.39,-12.34,-12.34,-12.48,-12.39,-12.12,-12.20,-12.12,-12.39,-12.39,-12.20,-12.12,-12.78,-12.48,-12.39,-12.48,-12.39,-12.12,-12.20,-12.34,-12.61,-12.04,-12.48,-12.34,-12.34,-12.34,-12.26,-12.20,-12.39,-12.48,-12.48,-12.34,-12.34,-12.26,-12.26,-12.04,-11.85,-11.90,-11.85,-11.98,-12.12,-11.68,-11.98,-11.90,-11.68,-11.68,-11.98,-11.68,-12.20,-12.12,-11.85,-11.85,-11.63,-11.85,-11.90,-11.68,-11.63,-11.41,-11.63,-11.63,-11.90,-11.90,-12.20,-11.98,-11.63,-11.98,-11.98,-12.04,-11.90,-11.85,-11.76,-11.98,-12.12,-11.63,-11.90,-11.90,-11.68,-11.90,-11.76,-12.12,-12.04,-12.04,-12.04,-12.26,-12.39,-12.48,-12.20,-12.26,-12.39,-12.04,-12.20,-12.39,-12.48,-12.48,-12.34,-12.26,-12.04,-12.34,-12.20,-12.34,-12.39,-12.48,-12.20,-12.12,-12.20,-12.48,-12.20,-12.39,-12.26,-12.20,-12.39,-12.34,-12.34,-12.48,-12.12,-12.34,-12.26,-12.48,-12.39,-12.34,-12.12,-12.61,-12.39,-12.26,-12.12,-12.26,-12.20,-12.61,-12.61,-12.04,-11.98,-12.26,-12.12,-12.48,-12.39,-12.20,-12.04,-12.70,-12.70,-12.39,-12.20,-12.61,-12.61,-12.39,-12.56,-12.56,-12.26,-12.39,-12.20,-12.39,-12.61,-12.20,-12.39,-12.48,-12.48,-12.56,-12.26,-12.48,-12.48,-12.56,-12.39,-12.26,-12.39,-12.83,-12.48,-12.39,-12.48,-12.56,-12.39,-12.61,-12.56,-12.34,-12.78,-12.48,-12.39,-12.83,-12.34,-12.56,-12.70,-12.70,-12.34,-12.34,-12.78,-12.34,-12.61,-12.61,-12.56,-12.56,-12.56,-12.56,-12.39,-12.56,-12.34,-12.61,-12.48,-12.48,-12.61,-12.92,-12.26,-12.34,-12.20,-12.39,-12.39,-12.04,-12.20,-12.04,-12.12,-11.98,-11.85,-12.12,-12.34,-12.20,-12.20,-12.04,-12.04,-12.39,-12.12,-12.04,-12.26,-11.98,-12.56,-12.04,-12.39,-12.12,-12.12,-12.20,-12.12,-12.48,-12.26,-12.39,-12.26,-12.12,-12.39,-12.56,-12.39,-12.48,-12.34,-12.39,-12.56,-12.26,-12.78,-12.20,-12.70,-12.61,-12.34,-12.70,-12.20,-12.70
-12.83,-12.39,-12.70,-12.48,-12.70,-12.83,-12.48,-12.61,-12.61,-12.39,-12.61,-12.61,-12.70,-12.48,-12.48,-12.20,-12.56,-12.39,-12.39,-12.12,-12.48,-12.20,-12.56,-12.39,-12.12,-12.48,-12.39,-12.34,-11.98,-12.20,-12.48,-12.48,-12.56,-12.48,-12.04,-12.39,-12.48,-12.39,-12.26,-12.20,-12.26,-12.34,-12.20,-12.26,-12.39,-12.26,-12.20,-12.20,-12.34,-12.61,-12.56,-12.04,-12.26,-12.39,-12.34,-12.12,-12.12,-12.34,-12.26,-12.12,-12.26,-12.48,-12.20,-12.34,-12.70,-12.26,-12.26,-12.20,-12.20,-12.20,-12.20,-12.20,-12.04,-12.26,-12.20,-12.56,-12.26,-12.26,-12.39,-12.56,-12.61,-12.48,-12.78,-12.78,-12.39,-12.70,-12.48,-12.26,-12.20,-12.70,-12.70,-12.61,-12.56,-11.98,-12.70,-12.39,-12.34,-12.48,-12.39,-12.70,-12.39,-12.70,-12.56,-12.26,-12.34,-12.70,-12.48,-12.70,-12.39,-12.70,-12.78,-12.61,-12.34,-12.26,-12.39,-12.12,-12.12,-12.26,-12.26,-12.61,-12.39,-12.56,-12.70,-12.61,-12.39,-12.56,-12.34,-12.39,-12.48,-12.56,-12.39,-12.39,-12.56,-12.48,-12.39,-12.26,-12.39,-12.56,-12.39,-12.48,-12.48,-12.48,-12.34,-12.39,-12.70,-12.61,-12.39,-12.48,-12.12,-12.39,-12.48,-12.39,-12.34,-12.34,-12.78,-12.83,-12.34,-12.34,-12.26,-12.56,-12.56,-12.34,-12.12,-12.34,-12.56,-12.26,-12.26,-12.39,-12.20,-12.12,-12.26,-12.12,-12.20,-11.68,-11.90,-11.85,-11.68,-11.90,-11.90,-11.76,-11.85,-11.55,-11.98,-11.85,-12.04,-12.12,-12.12,-11.98,-11.76,-12.04,-11.85,-11.90,-11.90,-11.98,-11.98,-11.68,-11.90,-12.04,-12.04,-11.76,-12.04,-12.04,-12.04,-11.90,-11.98,-11.98,-11.68,-12.12,-11.98,-11.85,-11.85,-11.68,-11.90,-11.98,-11.90,-11.76,-11.90,-12.12,-12.26,-12.34,-12.34,-12.39,-12.34,-12.34,-12.48,-12.34,-12.70,-12.48,-12.26,-12.34,-12.12,-12.04,-12.39,-12.34,-12.39,-12.26,-12.39,-12.56,-12.34,-12.26,-12.39,-12.34,-12.34,-12.20,-12.39,-12.48,-12.48,-12.12,-12.04,-12.39,-12.56,-12.26,-12.26,-12.56,-12.39,-12.70,-12.34,-12.48,-12.39,-12.34,-12.20,-12.48,-12.39,-12.34,-12.48,-12.20,-12.39,-12.56,-12.12,-12.61,-12.56,-12.34,-12.39,-11.90,-12.48,-12.48,-12.48,-12.70,-12.56,-12.34,-12.56,-12.48,-12.39,-12.78,-12.48,-12.48,-12.48,-12.56,-12.26,-12.20,-12.34,-12.39,-12.48,-12.34,-12.39,-12.34,-12.56,-12.56,-12.61,-12.70,-12.39,-12.61,-12.56,-12.34,-12.61,-12.48,-12.39,-12.12,-12.26,-12.34,-12.34,-12.48,-12.12,-12.20,-12.48,-12.39,-12.56,-12.61,-12.56,-12.61,-12.56,-12.61,-12.97,-12.56,-12.48,-12.83,-12.70,-12.70,-12.39,-12.78,-12.78,-12.56,-12.39,-12.12,-12.26,-12.04,-12.26,-11.76,-12.48,-12.12,-12.48,-12.26,-11.90,-12.12,-11.90,-12.34,-11.76,-12.04,-12.39,-12.04,-12.39,-12.12,-12.20,-12.26,-12.26,-12.39,-12.20,-12.12,-12.20,-12.20,-12.39,-12.20,-12.26,-12.34,-12.39,-12.39,-12.26,-12.04,-12.26,-12.48,-12.56,-12.12,-12.48,-12.26,-12.34,-12.61,-12.56,-12.48,-12.34,-12.56,-12.20,-12.48
-12.34,-12.61,-12.34,-12.83,-12.56,-12.56,-12.48,-12.48,-12.70,-12.48,-12.48,-12.39,-12.26,-12.34,-12.26,-12.56,-12.83,-12.20,-12.56,-12.26,-12.48,-12.34,-12.26,-12.20,-12.56,-12.26,-12.12,-12.39,-12.34,-12.20,-12.56,-12.39,-12.39,-12.48,-12.20,-12.56,-12.34,-12.20,-12.12,-12.56,-12.34,-12.20,-12.12,-12.34,-12.56,-12.39,-12.48,-12.39,-12.12,-12.04,-12.39,-11.85,-12.56,-12.20,-12.56,-12.34,-12.39,-12.12,-12.20,-12.26,-12.34,-12.04,-12.34,-12.20,-12.34,-12.20,-12.56,-11.90,-12.12,-12.12,-12.56,-11.90,-12.20,-12.12,-12.26,-12.39,-12.04,-12.26,-12.48,-12.34,-12.70,-12.61,-12.56,-12.56,-12.70,-12.48,-12.34,-12.12,-12.61,-12.39,-12.61,-12.56,-12.20,-12.12,-12.20,-12.26,-12.39,-12.48,-12.26,-12.39,-12.48,-12.48,-12.34,-12.39,-12.56,-12.48,-12.26,-12.48,-12.39,-12.48,-12.56,-12.48,-12.97,-12.56,-12.61,-12.56,-12.70,-12.34,-12.48,-12.20,-12.20,-12.20,-12.39,-12.26,-12.48,-12.56,-12.34,-12.61,-12.04,-12.70,-12.70,-12.56,-12.26,-12.34,-11.98,-12.56,-12.78,-12.56,-12.78,-12.39,-12.26,-12.48,-12.39,-12.61,-12.20,-12.12,-12.56,-12.26,-12.34,-12.26,-12.61,-12.39,-12.26,-12.39,-12.39,-12.39,-12.78,-12.48,-12.34,-12.34,-12.39,-12.34,-12.39,-12.39,-12.39,-12.39,-12.26,-12.39,-12.20,-12.12,-12.12,-11.90,-12.04,-11.76,-11.90,-11.76,-11.98,-11.76,-11.85,-12.04,-12.04,-11.98,-11.85,-11.98,-11.90,-12.04,-11.76,-11.68,-11.76,-12.12,-11.85,-11.85,-12.12,-11.68,-12.20,-11.90,-11.68,-11.98,-11.98,-11.85,-11.63,-11.41,-11.85,-11.63,-11.98,-12.04,-11.90,-11.85,-12.26,-11.98,-11.98,-12.12,-11.85,-12.12,-11.90,-11.98,-12.34,-12.56,-12.26,-12.39,-12.04,-12.26,-12.48,-12.20,-12.56,-12.48,-12.56,-12.48,-11.90,-12.61,-12.34,-12.20,-12.48,-12.39,-12.34,-12.48,-12.39,-12.39,-12.20,-12.39,-12.26,-12.61,-12.48,-12.48,-12.70,-12.48,-12.39,-12.26,-12.61,-12.34,-12.39,-12.34,-12.39,-12.48,-12.48,-12.34,-12.61,-12.70,-12.48,-12.26,-12.56,-12.20,-12.34,-12.26,-12.61,-12.70,-12.61,-12.61,-12.56,-12.78,-12.34,-12.39,-12.61,-12.56,-12.26,-12.39,-12.34,-12.48,-12.20,-12.12,-12.61,-12.56,-11.90,-12.34,-12.34,-12.78,-12.70,-12.39,-12.39,-12.04,-12.56,-12.39,-12.39,-12.39,-12.56,-12.39,-12.12,-12.34,-12.48,-12.48,-12.83,-12.48,-12.56,-12.48,-12.26,-12.48,-12.56,-12.78,-12.39,-12.56,-12.78,-12.56,-12.48,-12.56,-12.48,-12.48,-12.61,-12.78,-12.70,-12.78,-12.26,-12.70,-12.83,-12.20,-12.56,-12.39,-12.39,-12.48,-12.61,-12.70,-12.70,-12.34,-12.78,-12.56,-12.48,-12.04,-12.26,-12.56,-12.39,-12.20,-12.39,-12.12,-12.20,-12.20,-12.39,-11.98,-12.34,-12.26,-12.39,-12.26,-11.98,-12.48,-11.98,-12.20,-12.12,-12.26,-12.39,-12.20,-11.98,-12.26,-12.12,-12.39,-12.39,-12.48,-12.20,-12.04,-12.20,-12.34,-12.20,-12.04,-12.12,-12.20,-12.34,-12.26,-12.48,-12.34,-12.39,-12.26,-12.39,-12.70,-12.12,-12.26
-12.26,-12.78,-12.48,-12.56,-12.61,-12.61,-12.56,-12.39,-12.61,-12.34,-12.20,-12.34,-12.39,-12.56,-12.78,-12.56,-12.56,-12.26,-12.39,-12.39,-12.20,-12.12,-12.34,-12.39,-12.04,-12.26,-12.56,-12.39,-12.39,-12.20,-12.26,-12.56,-12.26,-12.39,-12.39,-12.20,-12.26,-11.98,-12.39,-12.12,-12.12,-12.39,-12.34,-12.26,-12.20,-12.39,-12.56,-12.39,-12.48,-12.04,-12.34,-12.39,-12.04,-12.20,-12.48,-12.26,-12.20,-12.26,-12.56,-12.20,-12.26,-12.12,-12.39,-12.48,-12.39,-11.98,-12.56,-12.20,-12.39,-11.98,-12.39,-12.39,-12.34,-12.34,-12.61,-12.34,-12.39,-12.39,-12.70,-12.61,-12.12,-12.70,-12.48,-12.78,-12.61,-12.70,-12.39,-12.48,-12.56,-12.56,-12.56,-12.56,-12.39,-12.61,-12.20,-12.20,-12.39,-12.56,-12.39,-12.26,-12.61,-12.48,-12.34,-12.34,-12.61,-12.34,-12.56,-12.20,-12.56,-12.48,-12.20,-12.39,-12.70,-12.26,-12.26,-12.26,-12.39,-12.48,-12.34,-12.26,-12.56,-12.26,-12.26,-12.48,-12.70,-12.56,-12.70,-12.20,-12.39,-12.48,-12.34,-12.48,-12.56,-12.56,-12.48,-12.12,-12.39,-12.26,-12.12,-12.26,-12.26,-12.48,-12.61,-12.34,-12.39,-12.39,-12.48,-12.61,-12.56,-12.39,-12.26,-12.39,-12.20,-12.26,-12.34,-12.26,-12.39,-12.70,-12.34,-12.39,-12.34,-12.39,-12.39,-12.56,-12.26,-12.20,-12.34,-12.20,-12.26,-12.34,-12.04,-12.20,-11.85,-11.98,-11.90,-12.04,-11.98,-11.85,-11.76,-11.98,-12.04,-12.04,-12.12,-12.12,-12.04,-11.85,-11.68,-11.85,-11.90,-11.90,-12.12,-11.63,-11.90,-12.12,-11.90,-11.90,-11.76,-11.98,-11.68,-11.76,-11.63,-11.68,-11.76,-11.90,-11.90,-11.85,-12.12,-12.04,-12.04,-12.04,-11.76,-11.90,-11.76,-11.90,-11.85,-11.90,-12.12,-12.39,-12.39,-12.04,-12.04,-12.48,-12.20,-12.39,-12.26,-12.34,-12.56,-12.34,-12.26,-12.26,-12.61,-12.48,-12.34,-12.39,-12.20,-12.34,-12.61,-12.12,-12.20,-12.39,-12.34,-12.39,-12.48,-11.90,-12.20,-12.48,-12.26,-12.20,-12.70,-12.61,-12.34,-12.56,-12.26,-12.70,-12.70,-12.39,-12.39,-12.56,-12.20,-12.12,-12.61,-12.34,-12.39,-12.70,-12.34,-12.61,-12.56,-12.70,-12.26,-12.12,-12.20,-12.12,-12.20,-12.56,-12.26,-12.12,-12.39,-12.12,-12.56,-12.26,-12.70,-12.26,-12.39,-12.20,-12.39,-12.48,-12.39,-12.12,-12.12,-12.04,-12.56,-12.61,-12.56,-12.56,-12.56,-12.56,-12.70,-12.56,-12.39,-12.04,-13.14,-12.48,-12.34,-12.20,-12.61,-12.39,-12.39,-12.48,-12.48,-12.48,-12.48,-12.34,-12.34,-12.12,-12.56,-12.26,-12.78,-12.56,-12.48,-12.39,-12.61,-12.26,-12.61,-12.39,-12.70,-12.61,-12.92,-12.56,-12.20,-12.61,-12.70,-12.39,-12.48,-12.26,-12.12,-12.12,-12.39,-12.39,-12.20,-11.85,-12.26,-12.20,-12.12,-12.12,-11.98,-12.04,-12.26,-11.98,-12.39,-11.90,-12.12,-12.12,-12.48,-12.12,-12.39,-12.12,-12.56,-11.98,-12.48,-12.04,-12.39,-12.34,-12.39,-12.39,-12.20,-12.34,-12.39,-12.20,-12.56,-12.12,-12.39,-12.34,-12.34,-12.34,-12.26,-12.34,-12.34,-12.20,-12.56,-12.34,-12.39,-12.48
-12.56,-12.48,-12.39,-12.26,-12.61,-12.56,-12.56,-12.20,-12.61,-12.20,-12.48,-12.39,-12.70,-12.26,-12.12,-12.70,-12.39,-12.48,-12.83,-12.39,-12.12,-12.26,-12.26,-12.48,-12.56,-12.26,-12.26,-12.39,-12.20,-11.90,-12.20,-12.20,-11.90,-12.56,-12.26,-12.12,-12.70,-12.48,-12.34,-12.20,-12.20,-12.12,-12.20,-12.12,-12.34,-12.56,-12.04,-12.20,-11.98,-12.48,-12.78,-11.90,-12.48,-12.39,-12.34,-12.48,-12.26,-12.20,-12.34,-12.20,-12.26,-12.26,-11.98,-12.26,-12.34,-12.26,-12.12,-12.39,-12.39,-12.04,-12.26,-12.12,-12.04,-12.34,-11.98,-12.20,-12.26,-12.56,-12.56,-12.61,-12.26,-12.56,-12.20,-12.70,-12.70,-12.34,-12.39,-12.20,-12.83,-12.39,-12.70,-12.92,-12.56,-12.48,-12.56,-12.48,-12.39,-12.39,-12.92,-12.70,-12.56,-12.48,-12.61,-12.78,-12.56,-12.61,-12.70,-12.39,-12.20,-12.34,-12.39,-12.34,-12.70,-12.56,-12.26,-12.48,-12.26,-12.48,-12.39,-12.34,-12.34,-12.61,-12.26,-12.48,-12.04,-12.39,-12.39,-12.34,-12.26,-11.98,-12.39,-12.20,-12.39,-12.34,-12.83,-12.34,-12.48,-12.34,-12.61,-12.39,-12.39,-12.56,-12.61,-12.26,-12.26,-12.48,-12.48,-12.20,-12.39,-12.12,-12.70,-12.56,-12.34,-12.56,-12.70,-12.70,-12.34,-12.26,-12.39,-12.12,-12.48,-12.39,-12.26,-12.39,-12.48,-12.34,-12.26,-12.56,-12.26,-12.34,-12.39,-11.98,-12.12,-11.98,-11.76,-11.90,-12.04,-11.85,-11.68,-11.85,-12.12,-12.04,-11.98,-11.85,-12.12,-11.76,-11.90,-11.76,-11.63,-12.04,-12.12,-11.85,-12.04,-12.04,-11.85,-11.98,-11.98,-11.85,-11.90,-11.55,-11.90,-11.68,-12.04,-12.20,-11.98,-11.98,-12.12,-12.04,-12.12,-11.63,-11.90,-12.12,-11.76,-11.98,-12.20,-12.26,-12.12,-12.26,-12.34,-11.98,-12.39,-12.26,-12.12,-12.39,-12.34,-12.12,-12.39,-12.34,-12.56,-12.48,-12.34,-12.61,-12.56,-12.48,-12.48,-12.34,-12.48,-12.39,-12.34,-12.48,-12.61,-12.34,-12.26,-12.61,-12.56,-12.48,-12.26,-12.56,-12.56,-12.20,-12.34,-12.61,-12.34,-12.56,-12.39,-12.34,-12.26,-12.61,-12.26,-12.83,-12.70,-12.48,-12.20,-12.48,-12.78,-12.56,-12.26,-12.39,-12.12,-12.20,-12.12,-12.48,-12.56,-12.61,-12.61,-12.39,-12.48,-12.56,-12.56,-12.20,-12.48,-12.39,-12.39,-12.26,-12.20,-12.48,-12.39,-12.34,-12.56,-12.34,-12.20,-12.48,-12.70,-12.48,-12.39,-12.48,-12.56,-12.61,-12.48,-12.26,-12.34,-12.34,-12.34,-12.34,-12.34,-12.61,-12.04,-12.26,-12.48,-12.56,-12.56,-12.56,-12.39,-12.83,-12.34,-12.26,-12.61,-12.70,-12.48,-12.48,-12.70,-12.70,-12.56,-12.48,-12.56,-12.56,-12.61,-12.97,-12.61,-12.97,-12.78,-12.20,-12.39,-12.61,-11.90,-12.26,-12.04,-12.48,-12.12,-11.90,-12.04,-12.34,-11.85,-12.48,-12.04,-12.12,-12.26,-12.20,-12.04,-11.98,-11.90,-12.48,-12.04,-12.48,-12.34,-12.20,-12.39,-12.39,-12.34,-12.39,-12.20,-12.34,-12.39,-12.34,-12.34,-11.90,-12.39,-12.04,-12.20,-11.90,-12.34,-12.39,-12.12,-12.34,-12.20,-12.20,-12.78,-11.98,-12.39,-12.34,-12.56,-12.56
-12.70,-12.83,-12.61,-12.83,-12.34,-12.92,-12.56,-12.61,-12.78,-12.39,-12.48,-12.34,-12.61,-12.26,-12.61,-12.26,-12.20,-12.61,-12.34,-12.39,-12.56,-12.39,-12.34,-12.56,-12.48,-12.70,-12.56,-12.20,-12.20,-12.48,-12.39,-12.20,-12.20,-12.12,-12.04,-12.34,-12.34,-12.34,-12.12,-12.34,-12.12,-12.12,-12.34,-12.20,-11.90,-12.48,-12.34,-12.26,-12.20,-12.39,-12.12,-12.39,-12.26,-12.26,-12.12,-12.20,-12.20,-12.34,-12.20,-12.12,-12.20,-12.34,-12.04,-12.04,-12.34,-12.26,-12.39,-12.26,-12.39,-12.12,-12.61,-12.48,-12.12,-12.20,-12.56,-12.26,-12.26,-12.48,-12.34,-12.48,-12.39,-12.34,-12.78,-12.34,-12.48,-12.26,-12.78,-12.34,-12.26,-12.61,-12.39,-12.34,-12.26,-12.48,-12.48,-12.56,-12.34,-12.48,-12.26,-12.92,-12.78,-12.48,-12.70,-12.56,-12.56,-12.48,-12.61,-12.39,-12.61,-12.39,-12.56,-12.39,-12.39,-12.56,-12.48,-12.26,-12.48,-12.39,-12.34,-12.61,-12.26,-12.56,-12.26,-12.78,-12.56,-12.48,-12.20,-12.61,-12.70,-12.83,-12.70,-12.61,-12.34,-12.56,-12.48,-12.78,-12.39,-12.26,-12.56,-12.56,-12.56,-12.61,-12.39,-12.56,-12.56,-12.34,-12.20,-12.56,-12.39,-12.56,-12.34,-12.61,-12.34,-12.39,-12.48,-12.20,-12.39,-12.34,-12.39,-12.26,-12.61,-12.61,-12.34,-12.34,-12.56,-12.48,-12.48,-12.48,-12.48,-12.26,-12.04,-11.76,-11.76,-12.12,-12.04,-11.98,-11.68,-12.12,-11.85,-11.76,-11.76,-11.98,-11.90,-12.26,-11.85,-11.90,-11.85,-11.90,-12.26,-11.98,-12.04,-11.98,-11.98,-11.90,-12.04,-12.12,-11.55,-11.90,-11.85,-11.98,-11.76,-12.12,-11.90,-11.90,-11.68,-12.04,-12.04,-11.85,-11.85,-11.98,-11.49,-11.76,-11.90,-12.12,-12.04,-11.90,-12.20,-12.34,-12.12,-12.04,-12.56,-12.26,-11.98,-12.39,-12.39,-12.61,-12.26,-12.12,-12.34,-12.12,-12.26,-12.20,-12.48,-12.26,-12.34,-12.39,-12.04,-12.20,-12.48,-12.70,-12.20,-12.20,-12.39,-12.34,-12.34,-12.34,-12.26,-12.48,-12.39,-12.48,-12.61,-12.56,-12.34,-12.20,-12.20,-12.39,-12.48,-12.56,-12.26,-12.48,-12.39,-12.70,-12.39,-12.26,-12.20,-12.61,-12.20,-12.34,-12.20,-12.61,-12.26,-12.39,-12.48,-12.39,-12.48,-12.70,-12.34,-12.70,-12.39,-12.70,-12.39,-12.26,-12.70,-12.48,-12.48,-12.12,-12.70,-12.20,-12.48,-12.39,-12.34,-12.04,-12.48,-12.61,-12.39,-12.78,-12.70,-12.34,-12.20,-12.70,-12.39,-12.48,-12.97,-12.83,-12.61,-12.20,-12.34,-12.34,-12.26,-12.39,-12.70,-12.56,-12.56,-12.78,-12.34,-12.48,-12.56,-12.61,-12.48,-12.83,-12.70,-12.39,-12.70,-12.56,-12.70,-12.78,-12.78,-12.78,-12.70,-12.78,-12.61,-12.56,-12.39,-11.85,-12.20,-12.12,-12.56,-12.04,-12.48,-12.20,-12.12,-11.90,-12.12,-12.20,-12.20,-12.04,-12.04,-12.12,-12.04,-12.56,-12.20,-11.85,-12.04,-12.12,-11.98,-12.39,-12.39,-12.39,-12.48,-12.04,-12.34,-12.34,-12.61,-12.34,-12.26,-12.34,-12.39,-11.98,-12.39,-12.56,-12.04,-12.34,-12.39,-12.26,-12.39,-12.56,-12.56,-12.20,-12.34,-12.78,-12.39,-12.70
-12.56,-12.56,-12.48,-12.70,-12.61,-12.61,-12.78,-12.78,-12.56,-12.34,-12.26,-12.70,-12.78,-12.70,-12.39,-12.34,-12.34,-12.48,-12.12,-12.26,-12.61,-12.34,-12.83,-12.39,-12.48,-12.26,-12.48,-12.48,-12.34,-12.56,-12.39,-12.56,-12.04,-12.12,-12.48,-12.56,-12.34,-12.26,-12.26,-12.34,-12.26,-12.61,-12.04,-12.39,-12.48,-12.39,-12.34,-12.26,-12.20,-12.04,-12.26,-12.34,-11.98,-12.26,-12.39,-12.34,-12.48,-12.39,-12.34,-12.70,-12.34,-12.34,-12.48,-12.04,-12.20,-12.26,-11.98,-11.90,-12.48,-12.20,-12.48,-12.39,-12.39,-12.12,-12.26,-12.34,-12.39,-12.56,-12.48,-12.61,-12.61,-12.48,-12.61,-12.61,-12.70,-12.34,-12.20,-12.70,-12.39,-12.48,-12.34,-12.61,-12.39,-12.12,-12.39,-12.26,-12.78,-12.48,-12.39,-12.70,-12.20,-12.92,-12.78,-12.04,-12.61,-12.56,-12.26,-12.56,-12.70,-12.48,-12.56,-12.56,-12.61,-12.12,-12.26,-12.39,-12.34,-12.48,-12.26,-12.12,-12.70,-12.39,-12.56,-12.92,-12.26,-12.26,-12.39,-12.48,-12.39,-12.48,-12.48,-12.26,-12.48,-12.34,-12.26,-12.48,-12.39,-12.39,-12.20,-12.26,-12.61,-12.70,-12.56,-12.70,-12.26,-12.56,-12.39,-12.56,-12.34,-12.48,-12.39,-12.70,-12.26,-12.39,-12.48,-12.48,-12.61,-12.20,-12.39,-12.39,-12.39,-12.48,-12.34,-12.26,-12.61,-12.34,-12.56,-12.20,-12.39,-12.04,-12.12,-12.12,-12.04,-11.98,-12.04,-11.90,-12.20,-12.04,-12.04,-11.76,-11.90,-11.85,-11.98,-12.12,-11.90,-11.90,-11.85,-12.12,-11.85,-11.98,-12.04,-11.90,-11.85,-11.85,-11.90,-12.12,-11.98,-11.90,-12.04,-11.76,-12.04,-11.90,-12.12,-12.04,-11.98,-11.85,-12.12,-12.04,-11.98,-11.68,-12.04,-11.90,-11.85,-12.20,-12.12,-11.90,-12.26,-12.56,-12.20,-12.39,-12.26,-12.39,-12.20,-12.48,-12.48,-12.56,-12.48,-12.34,-12.56,-12.04,-12.26,-12.56,-12.20,-12.61,-12.39,-12.20,-12.48,-12.56,-12.39,-12.39,-12.56,-12.48,-12.56,-12.39,-12.26,-12.26,-12.56,-12.48,-12.70,-12.34,-12.04,-12.20,-12.34,-12.39,-12.26,-12.48,-12.48,-12.48,-12.20,-12.26,-12.20,-12.20,-12.48,-12.34,-12.39,-12.56,-12.56,-12.48,-12.39,-12.26,-12.34,-12.48,-12.34,-12.61,-12.39,-12.61,-12.56,-12.48,-12.70,-12.70,-12.70,-12.70,-12.48,-12.39,-12.26,-12.12,-12.48,-12.70,-12.83,-12.34,-12.48,-12.48,-12.20,-12.78,-12.78,-12.39,-12.34,-12.48,-12.56,-12.61,-12.70,-12.34,-12.20,-12.04,-12.34,-12.26,-12.26,-12.56,-12.61,-12.61,-12.26,-12.48,-12.78,-12.39,-12.48,-12.56,-12.26,-12.70,-12.70,-12.56,-12.48,-12.70,-12.78,-12.39,-12.61,-12.70,-12.78,-12.34,-12.70,-12.83,-12.70,-12.61,-12.61,-12.20,-12.48,-12.34,-12.20,-12.04,-12.12,-12.48,-12.12,-12.56,-12.26,-12.26,-12.04,-12.04,-12.26,-12.56,-12.61,-12.26,-12.12,-12.56,-12.39,-12.20,-12.48,-12.20,-12.04,-12.48,-12.39,-12.34,-12.04,-11.98,-12.26,-12.39,-12.26,-12.39,-12.34,-12.92,-12.34,-12.20,-12.56,-12.20,-12.39,-12.39,-12.39,-12.48,-12.48,-12.34,-12.26,-12.56,-12.20,-12.56
-12.92,-12.70,-12.48,-12.61,-12.61,-12.70,-12.56,-12.39,-12.70,-12.78,-12.92,-12.39,-12.34,-12.12,-12.70,-12.26,-12.48,-12.34,-12.48,-12.56,-12.12,-12.39,-11.98,-12.48,-12.12,-12.34,-12.20,-12.70,-12.34,-12.20,-12.20,-12.26,-12.48,-12.20,-12.26,-12.39,-12.48,-12.26,-12.34,-12.04,-12.26,-12.20,-12.26,-12.20,-11.98,-12.26,-12.34,-12.20,-11.98,-12.12,-12.12,-12.20,-12.48,-12.20,-12.39,-12.12,-12.20,-12.34,-12.20,-12.04,-12.12,-12.12,-12.39,-12.61,-12.04,-12.48,-11.98,-12.26,-12.12,-12.26,-12.26,-12.34,-12.39,-12.34,-12.34,-12.56,-12.12,-12.39,-12.34,-12.56,-12.61,-12.61,-12.92,-12.70,-12.70,-12.61,-12.34,-12.61,-12.39,-12.56,-12.83,-12.34,-12.39,-12.48,-12.61,-12.83,-12.97,-12.48,-12.34,-12.48,-12.26,-12.48,-12.04,-12.34,-12.34,-12.56,-12.39,-12.48,-12.34,-12.34,-12.61,-12.39,-12.20,-12.39,-12.34,-12.56,-12.61,-12.56,-12.48,-12.39,-12.39,-12.48,-12.26,-12.48,-12.39,-12.48,-12.39,-12.56,-12.56,-12.34,-12.34,-12.56,-12.56,-12.39,-12.61,-12.78,-12.20,-12.26,-12.48,-12.26,-12.34,-12.26,-12.48,-12.56,-12.39,-12.70,-12.39,-12.61,-12.39,-12.20,-12.39,-12.70,-12.04,-12.48,-12.78,-12.34,-12.61,-12.48,-12.26,-12.48,-12.56,-11.98,-12.34,-12.48,-12.39,-12.39,-12.48,-12.48,-12.39,-12.39,-12.12,-12.20,-12.12,-11.85,-12.20,-12.04,-11.85,-11.98,-11.90,-11.85,-12.12,-11.90,-12.04,-11.98,-11.98,-11.90,-11.68,-11.76,-12.04,-11.68,-11.98,-11.85,-12.20,-11.76,-11.90,-11.98,-12.20,-11.90,-11.90,-12.04,-12.20,-12.20,-12.12,-11.98,-12.12,-11.90,-12.04,-11.90,-11.90,-11.98,-11.68,-11.68,-11.98,-12.04,-12.20,-12.20,-12.04,-11.98,-12.26,-12.39,-12.39,-12.48,-12.34,-12.26,-12.12,-12.39,-12.20,-12.12,-12.26,-12.39,-12.39,-12.34,-12.39,-12.56,-12.48,-12.26,-12.61,-12.56,-12.48,-12.34,-12.39,-12.26,-12.48,-12.78,-12.34,-12.26,-12.39,-12.34,-12.48,-12.34,-12.48,-12.34,-12.39,-12.56,-12.39,-12.56,-12.04,-12.48,-12.20,-12.34,-12.56,-12.26,-12.48,-12.26,-12.48,-12.48,-12.34,-12.48,-12.12,-12.39,-12.12,-12.12,-12.39,-12.56,-12.34,-12.48,-12.70,-12.83,-12.48,-12.26,-12.04,-12.48,-12.34,-12.48,-12.34,-12.12,-12.48,-12.48,-12.83,-12.70,-12.61,-12.26,-12.34,-12.39,-12.48,-12.70,-12.70,-12.78,-12.26,-12.39,-12.48,-12.56,-12.20,-12.61,-12.83,-12.92,-12.39,-12.39,-12.34,-12.34,-12.61,-12.61,-12.26,-12.39,-12.83,-12.83,-12.78,-12.78,-12.61,-12.39,-12.83,-12.70,-12.70,-12.78,-12.97,-12.56,-12.34,-12.61,-12.78,-12.70,-12.61,-12.48,-12.61,-12.48,-12.26,-12.39,-12.56,-12.26,-12.12,-12.26,-12.61,-12.12,-12.26,-11.98,-12.04,-12.26,-12.12,-11.85,-12.20,-12.12,-12.26,-11.90,-12.34,-12.48,-12.39,-12.48,-12.20,-12.26,-11.90,-12.20,-12.34,-12.04,-12.20,-12.34,-12.34,-12.26,-12.39,-12.39,-11.98,-12.04,-12.26,-12.26,-12.39,-12.48,-12.20,-12.61,-12.34,-12.20,-12.39,-12.34,-12.39,-12.34
-12.83,-12.56,-12.97,-12.39,-12.61,-12.48,-12.70,-12.61,-12.83,-12.61,-12.70,-12.83,-12.26,-12.56,-12.26,-12.26,-12.34,-12.56,-12.39,-12.48,-12.56,-12.34,-12.70,-12.48,-12.70,-12.39,-12.56,-12.78,-12.34,-12.26,-12.34,-12.20,-12.39,-12.34,-12.61,-12.61,-12.12,-12.20,-11.90,-12.26,-12.26,-12.39,-12.12,-12.39,-12.26,-12.20,-12.26,-12.34,-12.12,-12.39,-12.12,-12.34,-12.56,-12.34,-12.26,-12.26,-12.39,-12.26,-12.26,-12.26,-12.48,-12.34,-11.85,-12.26,-12.20,-12.39,-12.26,-12.34,-12.56,-12.48,-12.04,-12.39,-12.48,-12.12,-12.04,-12.26,-12.20,-12.48,-12.70,-12.61,-12.12,-12.26,-12.34,-12.78,-12.61,-12.70,-12.56,-12.56,-12.61,-12.39,-12.56,-12.92,-12.70,-12.48,-12.48,-12.48,-12.78,-12.26,-12.39,-12.97,-12.48,-12.48,-12.48,-12.34,-12.56,-12.61,-12.26,-12.70,-12.48,-12.39,-12.61,-12.56,-12.48,-12.56,-12.20,-12.61,-12.56,-12.56,-12.70,-12.78,-12.61,-12.34,-12.78,-12.34,-12.48,-12.39,-12.34,-12.61,-12.70,-12.61,-12.48,-12.20,-12.61,-12.34,-12.26,-12.56,-12.34,-12.70,-12.61,-12.39,-12.70,-12.61,-12.61,-12.26,-12.48,-12.39,-12.34,-12.56,-12.34,-12.56,-12.34,-12.56,-12.70,-12.48,-12.48,-12.48,-12.20,-12.48,-12.12,-12.56,-12.12,-12.26,-12.61,-12.48,-12.48,-12.83,-12.26,-12.34,-12.70,-12.34,-12.04,-11.90,-12.48,-11.98,-11.85,-11.68,-11.68,-12.04,-12.04,-11.63,-11.68,-11.98,-12.12,-11.90,-11.90,-11.90,-12.34,-12.04,-11.98,-11.76,-11.90,-11.90,-12.04,-12.12,-12.04,-12.04,-11.76,-12.12,-12.12,-12.12,-12.20,-12.12,-11.90,-11.63,-11.68,-11.85,-11.85,-11.90,-12.04,-11.76,-11.90,-11.85,-11.63,-11.90,-11.90,-11.98,-12.20,-12.26,-12.39,-12.26,-12.34,-12.48,-12.12,-12.39,-12.56,-12.34,-12.04,-12.34,-12.48,-12.70,-12.39,-12.70,-12.20,-12.12,-12.20,-12.70,-12.34,-12.12,-12.34,-12.39,-12.26,-12.34,-12.70,-12.56,-11.98,-12.39,-12.70,-11.90,-12.26,-12.20,-12.34,-12.39,-12.34,-12.26,-12.39,-12.61,-12.48,-12.61,-12.61,-12.83,-12.39,-12.78,-12.26,-12.48,-12.48,-12.83,-12.56,-12.12,-12.83,-12.56,-12.83,-12.34,-12.48,-12.78,-12.34,-12.12,-12.70,-12.61,-12.61,-12.34,-12.56,-12.39,-12.26,-12.56,-12.61,-12.48,-12.04,-12.61,-12.34,-12.26,-12.70,-12.12,-12.61,-12.39,-12.39,-12.61,-12.56,-12.70,-12.39,-12.56,-12.39,-12.70,-12.70,-12.39,-12.83,-12.70,-12.97,-12.61,-12.56,-12.83,-12.61,-12.56,-12.83,-12.83,-12.61,-12.78,-12.48,-12.39,-12.20,-12.83,-12.78,-12.56,-12.70,-12.92,-12.39,-12.12,-12.83,-12.61,-12.34,-12.61,-12.61,-12.70,-12.61,-12.04,-12.34,-12.20,-12.04,-12.26,-12.12,-12.26,-12.48,-12.26,-12.48,-12.04,-12.34,-12.12,-11.98,-12.20,-12.20,-12.26,-12.20,-12.04,-12.48,-12.26,-12.12,-12.12,-12.34,-12.48,-12.20,-12.04,-12.20,-12.56,-12.26,-12.70,-12.56,-12.26,-12.61,-12.39,-12.34,-12.12,-12.39,-12.04,-12.39,-12.56,-12.48,-12.48,-12.56,-12.39,-12.20,-12.26,-12.70,-12.56
-12.70,-12.61,-12.48,-12.48,-12.34,-12.78,-12.78,-12.61,-12.39,-12.39,-12.48,-12.78,-12.48,-12.39,-12.39,-12.61,-12.26,-12.83,-12.56,-12.26,-12.48,-12.34,-12.48,-12.39,-12.39,-12.20,-12.26,-12.61,-12.34,-12.70,-12.26,-12.34,-12.34,-12.26,-12.61,-12.34,-12.48,-12.26,-12.26,-12.26,-11.76,-12.56,-12.26,-12.56,-12.48,-12.39,-12.26,-12.20,-12.20,-12.04,-12.26,-12.48,-12.26,-12.34,-12.39,-12.39,-12.48,-12.48,-12.26,-12.26,-12.12,-12.12,-12.48,-12.20,-12.04,-12.12,-12.56,-12.48,-12.48,-12.12,-12.26,-12.12,-12.12,-12.56,-12.20,-12.39,-12.48,-12.34,-12.34,-12.34,-12.26,-12.78,-12.56,-12.78,-12.61,-12.34,-12.48,-12.39,-12.56,-12.34,-12.70,-12.56,-12.48,-12.20,-12.12,-12.61,-12.56,-12.70,-12.34,-12.39,-12.39,-12.48,-12.39,-12.34,-12.70,-12.39,-12.56,-12.48,-12.48,-12.34,-12.61,-12.34,-12.83,-12.34,-12.56,-12.34,-12.56,-12.34,-12.39,-12.39,-12.48,-12.48,-12.20,-12.26,-12.61,-12.61,-12.34,-12.61,-12.56,-12.56,-12.48,-12.48,-12.78,-12.61,-12.78,-12.34,-12.61,-12.39,-12.20,-12.39,-12.26,-12.61,-12.34,-12.70,-12.56,-12.56,-12.48,-12.56,-12.26,-12.61,-12.78,-12.61,-12.39,-12.61,-12.04,-12.83,-12.61,-12.48,-12.70,-12.61,-12.39,-12.56,-12.48,-12.20,-12.78,-12.39,-12.39,-12.34,-12.34,-12.12,-12.20,-12.20,-11.68,-11.90,-11.76,-11.90,-11.85,-11.76,-11.76,-11.63,-11.55,-11.98,-12.26,-11.85,-12.12,-12.04,-12.12,-12.12,-11.98,-12.12,-12.04,-11.98,-12.04,-11.90,-11.98,-11.90,-11.76,-11.90,-11.63,-12.12,-11.98,-12.12,-12.34,-11.85,-11.98,-12.04,-12.04,-11.98,-11.98,-11.90,-11.68,-11.98,-11.90,-12.20,-11.98,-12.26,-12.20,-12.12,-12.04,-12.34,-12.61,-12.34,-12.48,-12.39,-12.34,-12.12,-12.56,-12.39,-12.26,-12.26,-12.48,-12.56,-12.34,-12.20,-12.26,-12.26,-12.26,-12.48,-12.34,-12.61,-12.78,-12.34,-12.48,-12.39,-12.61,-12.26,-12.34,-12.39,-12.70,-12.12,-12.34,-12.78,-12.34,-12.39,-12.39,-12.61,-12.61,-12.34,-12.61,-12.34,-12.48,-12.26,-12.34,-12.48,-12.56,-12.56,-12.34,-12.56,-12.39,-12.39,-12.39,-12.56,-12.34,-12.34,-12.34,-12.26,-12.56,-12.48,-12.39,-12.39,-12.61,-12.78,-12.56,-12.61,-12.83,-12.48,-12.39,-12.56,-12.48,-12.78,-12.39,-12.56,-12.48,-12.78,-12.61,-12.48,-12.83,-12.70,-12.56,-12.78,-12.39,-12.56,-12.34,-12.70,-12.61,-12.34,-12.34,-12.56,-12.61,-12.56,-12.83,-12.70,-12.56,-12.48,-12.61,-12.70,-12.56,-12.61,-12.48,-12.78,-12.61,-12.83,-12.39,-12.83,-12.70,-12.78,-12.92,-12.61,-12.61,-12.56,-12.61,-12.34,-12.26,-12.34,-12.48,-12.56,-12.20,-12.56,-12.26,-12.12,-11.98,-12.20,-12.20,-12.34,-11.98,-12.20,-12.56,-11.98,-12.04,-11.98,-12.12,-12.12,-12.48,-12.26,-12.34,-12.20,-12.39,-12.39,-12.26,-12.04,-12.04,-12.48,-12.26,-12.20,-12.20,-11.98,-12.34,-12.26,-12.34,-12.20,-12.48,-12.34,-11.90,-12.34,-12.34,-12.48,-12.12,-12.39,-12.48,-12.12,-12.39,-12.26
-12.61,-12.48,-12.70,-12.61,-12.70,-12.83,-12.70,-12.70,-12.56,-12.34,-12.12,-12.34,-12.34,-12.26,-12.48,-12.70,-12.48,-12.48,-12.78,-12.26,-12.56,-12.48,-12.26,-12.20,-12.56,-12.04,-12.39,-12.39,-12.26,-12.56,-12.12,-12.26,-12.61,-12.39,-12.12,-12.34,-12.56,-12.61,-12.34,-12.48,-12.20,-12.26,-12.26,-12.34,-12.48,-12.20,-12.56,-12.26,-12.56,-12.12,-12.78,-12.26,-12.20,-11.98,-12.34,-12.48,-12.34,-12.20,-12.20,-12.56,-12.34,-12.34,-12.39,-12.34,-12.20,-12.39,-12.39,-12.12,-12.34,-12.39,-12.34,-12.04,-12.48,-12.26,-12.39,-12.61,-12.56,-12.20,-12.48,-12.70,-12.34,-12.61,-12.48,-12.56,-12.61,-12.39,-12.83,-12.61,-12.56,-12.56,-12.39,-12.83,-12.48,-12.34,-12.61,-12.48,-12.48,-12.26,-12.56,-12.39,-12.83,-12.70,-12.39,-12.26,-12.39,-12.34,-12.56,-12.56,-12.39,-12.48,-12.61,-12.48,-12.56,-12.48,-12.70,-12.34,-12.56,-12.39,-12.39,-12.61,-12.48,-12.56,-12.56,-12.78,-12.83,-12.39,-12.48,-12.56,-12.39,-12.56,-12.56,-12.70,-12.48,-12.70,-12.39,-12.26,-12.56,-12.34,-12.39,-12.56,-12.48,-12.56,-12.48,-12.56,-12.34,-12.56,-12.70,-12.34,-12.20,-12.12,-12.56,-12.56,-12.61,-12.61,-12.48,-12.34,-12.26,-12.61,-12.26,-12.26,-12.48,-12.34,-12.39,-12.20,-12.34,-12.20,-12.56,-12.39,-12.48,-12.39,-12.04,-12.20,-12.20,-11.98,-11.98,-12.26,-11.98,-11.90,-11.85,-11.68,-11.98,-11.85,-11.76,-11.98,-11.90,-12.04,-11.98,-12.12,-11.68,-12.12,-12.20,-11.76,-12.34,-12.04,-11.68,-12.26,-12.04,-11.76,-12.26,-12.34,-12.04,-11.90,-11.63,-12.04,-11.68,-11.90,-12.04,-11.90,-12.04,-11.98,-11.90,-11.90,-12.12,-12.12,-12.12,-12.04,-12.26,-12.26,-12.26,-12.26,-12.34,-12.04,-12.39,-12.56,-12.56,-12.34,-12.48,-12.34,-12.39,-12.26,-12.12,-12.61,-12.20,-12.34,-12.39,-12.34,-12.39,-12.61,-12.56,-12.48,-12.34,-12.26,-12.34,-12.48,-12.70,-12.34,-12.83,-12.39,-12.48,-12.34,-12.56,-12.34,-12.20,-12.70,-12.56,-12.39,-12.34,-12.56,-12.61,-12.56,-12.34,-12.70,-12.34,-12.26,-12.26,-12.56,-12.56,-12.61,-12.20,-12.39,-12.34,-12.61,-12.48,-12.39,-12.92,-12.20,-12.48,-12.56,-12.39,-12.26,-12.48,-12.61,-12.83,-12.56,-12.48,-12.78,-12.70,-12.48,-12.39,-12.56,-12.12,-12.26,-12.48,-12.61,-12.48,-12.56,-12.61,-12.92,-12.39,-12.56,-12.39,-12.48,-12.56,-12.61,-12.56,-12.78,-12.39,-12.56,-12.39,-12.97,-12.83,-12.34,-12.48,-12.34,-12.70,-12.70,-12.78,-12.48,-12.48,-12.39,-12.61,-12.48,-12.56,-12.70,-12.70,-12.56,-12.56,-12.70,-12.56,-12.78,-12.83,-12.20,-12.70,-12.48,-12.78,-12.20,-12.78,-12.26,-12.34,-12.48,-12.20,-12.26,-12.20,-12.12,-12.26,-11.98,-12.34,-11.98,-12.12,-12.04,-11.85,-12.04,-12.20,-12.39,-12.39,-12.26,-12.04,-12.34,-12.12,-12.34,-12.20,-12.39,-12.34,-12.20,-12.34,-12.34,-12.56,-12.26,-12.39,-12.12,-12.48,-12.26,-12.26,-12.78,-12.39,-12.26,-12.56,-12.70,-12.34,-12.20,-12.20,-12.48
-12.78,-12.12,-12.78,-12.39,-12.70,-12.70,-12.61,-12.78,-12.78,-12.61,-12.61,-12.48,-12.39,-12.34,-12.56,-12.70,-12.48,-12.56,-12.48,-12.61,-12.34,-12.39,-12.34,-12.56,-12.48,-12.20,-12.39,-12.56,-12.26,-12.04,-12.61,-12.34,-12.34,-12.56,-12.34,-12.26,-12.20,-12.39,-12.12,-12.26,-12.48,-12.61,-12.34,-12.34,-12.61,-12.48,-11.98,-12.39,-12.34,-12.26,-12.26,-12.12,-12.39,-12.26,-12.12,-12.39,-12.39,-12.39,-12.26,-12.48,-12.12,-12.26,-11.98,-12.56,-12.39,-12.34,-12.04,-11.90,-12.26,-12.20,-12.20,-12.12,-12.12,-12.56,-12.12,-12.26,-12.56,-12.56,-12.39,-12.70,-12.56,-12.61,-12.56,-12.56,-12.56,-12.39,-12.48,-12.70,-12.56,-12.48,-12.56,-12.48,-12.34,-12.39,-12.48,-12.70,-12.61,-12.48,-12.61,-12.26,-12.61,-12.48,-12.56,-12.56,-12.34,-12.39,-12.39,-12.26,-12.48,-12.39,-12.39,-12.70,-12.26,-12.61,-12.39,-12.70,-12.39,-12.39,-12.61,-12.48,-12.70,-12.34,-12.61,-12.39,-12.39,-12.61,-12.26,-12.78,-12.34,-12.61,-12.56,-12.34,-12.48,-12.48,-12.26,-12.39,-12.83,-12.39,-12.20,-12.34,-12.39,-12.56,-12.48,-12.61,-12.48,-12.39,-12.70,-12.04,-12.48,-12.56,-12.48,-12.83,-12.56,-12.39,-12.48,-12.12,-12.26,-12.70,-12.48,-12.78,-12.34,-12.48,-12.70,-12.78,-12.48,-12.70,-12.61,-12.48,-12.26,-12.04,-12.20,-12.04,-12.39,-11.98,-12.26,-11.90,-12.34,-11.90,-11.98,-11.90,-11.90,-11.85,-11.55,-11.85,-12.12,-11.90,-11.90,-11.98,-11.98,-11.90,-11.90,-11.98,-12.12,-11.90,-12.20,-11.85,-11.98,-12.04,-11.98,-11.85,-11.90,-11.76,-12.12,-11.76,-11.98,-11.85,-11.98,-12.04,-11.76,-12.04,-12.04,-12.04,-11.98,-12.20,-11.90,-12.20,-12.04,-12.39,-12.39,-12.34,-12.39,-12.56,-12.56,-12.39,-12.26,-12.39,-12.34,-12.61,-12.26,-12.48,-12.26,-12.34,-12.39,-12.20,-12.61,-12.56,-12.48,-12.34,-12.39,-12.39,-12.61,-12.48,-12.56,-12.34,-12.78,-12.56,-12.48,-12.39,-12.39,-12.39,-12.56,-12.61,-12.48,-12.56,-12.48,-12.48,-12.39,-12.48,-12.56,-12.61,-12.39,-12.39,-12.61,-12.70,-12.48,-12.34,-12.48,-12.56,-12.70,-12.61,-12.56,-12.70,-12.48,-12.26,-12.48,-12.34,-12.61,-12.34,-12.61,-12.34,-12.26,-12.56,-12.39,-12.56,-12.12,-12.83,-12.78,-12.61,-12.70,-12.34,-12.56,-12.70,-12.56,-12.56,-12.83,-12.61,-12.48,-12.26,-12.61,-12.56,-12.61,-12.70,-12.48,-12.48,-12.56,-12.61,-12.70,-12.70,-12.61,-12.56,-12.70,-12.92,-12.48,-12.48,-12.61,-12.70,-12.83,-12.39,-12.48,-12.56,-12.83,-12.56,-12.70,-12.83,-12.70,-12.70,-12.78,-12.56,-12.56,-12.70,-12.39,-12.34,-12.70,-12.39,-12.39,-12.04,-12.04,-12.56,-12.34,-11.90,-12.39,-12.20,-12.61,-12.39,-12.26,-12.12,-12.04,-12.12,-12.34,-12.12,-12.56,-12.04,-12.56,-12.20,-12.48,-12.20,-12.61,-12.04,-12.12,-12.26,-12.39,-12.26,-12.39,-11.98,-12.39,-12.26,-12.26,-12.20,-12.04,-12.20,-12.12,-12.39,-12.48,-12.56,-12.39,-12.39,-12.34,-12.70,-12.26,-12.48,-12.34,-12.61
-12.70,-12.61,-12.26,-12.48,-13.06,-12.83,-12.61,-12.34,-12.70,-12.61,-12.78,-12.48,-12.61,-12.56,-12.48,-12.39,-12.48,-12.39,-12.61,-12.70,-12.56,-12.56,-12.56,-12.61,-12.20,-12.56,-12.56,-12.34,-12.39,-12.39,-12.39,-12.34,-12.56,-12.26,-12.20,-12.48,-12.34,-12.26,-12.56,-12.12,-12.39,-12.20,-12.20,-12.34,-12.20,-12.39,-12.12,-12.04,-12.34,-12.12,-12.20,-12.26,-12.20,-11.85,-12.34,-12.48,-12.26,-12.34,-12.48,-12.39,-12.34,-12.26,-11.98,-12.48,-12.26,-12.12,-12.12,-12.56,-12.61,-12.20,-12.26,-12.39,-12.39,-12.04,-12.56,-12.26,-12.92,-12.48,-12.48,-12.26,-12.34,-12.48,-12.70,-12.56,-12.34,-12.70,-12.70,-12.34,-12.39,-12.70,-12.56,-12.48,-12.56,-12.78,-12.92,-12.48,-12.56,-12.34,-12.56,-12.56,-12.48,-12.61,-12.48,-12.70,-12.70,-12.56,-12.39,-12.78,-12.56,-12.61,-12.78,-12.34,-12.20,-12.70,-12.61,-12.61,-12.39,-12.56,-12.48,-12.48,-12.34,-12.61,-12.61,-12.34,-12.34,-12.70,-12.92,-12.70,-12.61,-12.48,-12.34,-12.70,-12.70,-12.56,-12.56,-12.34,-12.39,-12.56,-12.48,-12.04,-11.85,-12.20,-12.20,-12.48,-12.56,-12.48,-12.39,-12.20,-12.61,-12.56,-12.39,-12.39,-12.34,-12.39,-12.34,-12.39,-12.56,-12.56,-12.26,-12.26,-12.78,-12.61,-12.61,-12.48,-12.70,-12.48,-12.39,-12.56,-12.34,-12.34,-12.56,-11.85,-11.85,-11.98,-12.04,-12.04,-12.04,-12.12,-11.76,-11.85,-12.04,-12.04,-12.20,-11.76,-11.90,-12.12,-12.04,-11.98,-11.90,-12.12,-11.85,-11.98,-11.90,-11.68,-12.20,-12.04,-11.98,-11.63,-11.90,-11.68,-11.98,-12.12,-11.85,-11.90,-12.04,-12.20,-11.90,-11.90,-12.12,-11.98,-11.90,-11.76,-11.98,-11.68,-11.85,-12.39,-12.48,-12.20,-12.39,-12.20,-12.48,-12.12,-12.26,-12.39,-12.26,-12.34,-12.34,-12.34,-12.39,-12.34,-12.39,-12.34,-12.70,-12.56,-12.20,-12.48,-12.61,-12.20,-12.92,-12.70,-12.39,-12.39,-12.61,-12.26,-12.39,-12.56,-12.78,-12.48,-12.78,-12.26,-12.70,-12.39,-12.48,-12.61,-12.56,-12.39,-12.61,-12.26,-12.39,-12.78,-12.48,-12.61,-12.61,-12.26,-12.61,-12.48,-12.48,-12.61,-12.26,-12.92,-12.48,-12.70,-12.34,-12.39,-12.61,-12.34,-12.56,-12.70,-12.20,-12.78,-12.34,-12.56,-12.48,-12.20,-12.56,-12.48,-12.48,-12.61,-12.61,-12.26,-12.20,-12.39,-12.48,-12.56,-12.61,-12.56,-12.20,-12.48,-12.12,-12.39,-12.34,-12.48,-12.61,-12.39,-12.26,-12.70,-12.83,-12.56,-12.34,-12.48,-12.61,-12.61,-12.39,-12.39,-12.48,-12.78,-12.34,-12.70,-12.61,-12.78,-12.48,-12.83,-12.34,-12.56,-12.56,-12.48,-12.78,-12.26,-12.61,-12.48,-12.56,-12.97,-12.61,-12.26,-12.61,-12.34,-12.26,-12.20,-12.39,-12.20,-11.98,-11.85,-11.98,-11.98,-12.20,-12.26,-12.12,-12.12,-12.12,-12.39,-12.04,-12.12,-12.26,-12.26,-11.98,-12.48,-12.48,-12.20,-12.26,-12.20,-12.34,-12.26,-12.56,-12.48,-12.48,-12.48,-12.34,-12.34,-11.90,-12.12,-12.48,-12.48,-12.39,-12.48,-12.48,-12.39,-12.39,-12.39,-12.34,-12.39,-12.61,-12.70
-12.78,-12.56,-12.26,-12.56,-12.56,-12.70,-12.39,-12.48,-12.56,-12.70,-12.39,-12.48,-12.39,-12.56,-12.26,-12.48,-12.56,-12.48,-12.26,-12.26,-12.34,-12.20,-12.56,-12.39,-12.26,-12.20,-12.48,-12.56,-12.34,-12.48,-12.26,-12.26,-12.34,-12.39,-12.48,-12.20,-12.34,-12.34,-12.20,-12.04,-12.48,-12.20,-12.39,-12.12,-12.26,-12.26,-12.26,-12.26,-12.34,-12.26,-12.48,-12.39,-12.39,-12.20,-12.39,-12.26,-12.48,-12.61,-12.20,-12.20,-12.26,-12.48,-12.39,-12.26,-12.34,-12.34,-12.56,-12.12,-12.12,-12.56,-12.26,-12.26,-12.26,-12.34,-12.20,-12.20,-12.20,-12.61,-12.83,-12.83,-12.48,-12.39,-12.70,-12.61,-12.56,-12.78,-12.56,-12.83,-12.34,-12.61,-12.48,-12.26,-12.56,-12.39,-12.48,-12.61,-12.56,-12.56,-12.70,-12.48,-12.39,-12.83,-12.78,-12.48,-12.20,-12.48,-12.34,-12.61,-12.56,-12.97,-12.70,-12.61,-12.56,-12.61,-12.61,-12.48,-12.70,-12.61,-12.56,-12.39,-12.56,-12.97,-12.34,-12.78,-12.61,-12.70,-12.70,-12.26,-12.56,-12.26,-12.78,-12.70,-12.70,-12.56,-12.70,-12.70,-12.34,-12.61,-12.48,-12.70,-12.56,-12.61,-12.70,-12.56,-12.26,-12.56,-12.48,-12.56,-12.39,-12.70,-12.34,-12.48,-12.39,-12.48,-12.61,-12.39,-12.56,-12.04,-12.61,-12.61,-12.56,-12.26,-12.34,-12.56,-12.34,-12.26,-12.20,-12.39,-12.56,-12.12,-12.12,-11.90,-12.26,-12.04,-11.98,-12.20,-12.12,-12.04,-12.04,-11.98,-11.85,-11.98,-11.63,-11.98,-12.20,-11.76,-12.04,-12.26,-11.90,-12.04,-11.76,-11.90,-12.20,-11.90,-11.90,-11.76,-11.90,-11.98,-12.12,-11.98,-12.04,-12.12,-11.98,-11.90,-11.90,-11.85,-11.98,-12.12,-11.90,-11.98,-12.20,-12.26,-11.85,-12.12,-11.85,-12.12,-12.26,-12.61,-12.56,-12.48,-12.26,-12.48,-12.12,-12.70,-12.20,-12.56,-12.39,-12.34,-12.56,-12.48,-12.34,-12.70,-12.34,-12.26,-12.61,-12.56,-12.26,-12.56,-12.56,-12.39,-12.78,-12.70,-12.70,-12.20,-12.61,-12.39,-12.12,-12.26,-12.20,-12.26,-12.34,-12.20,-12.56,-12.70,-12.56,-12.34,-12.56,-12.56,-12.48,-12.34,-12.56,-12.39,-12.48,-12.56,-12.20,-12.48,-12.61,-12.70,-12.56,-12.61,-12.56,-12.56,-12.56,-12.26,-12.56,-12.48,-12.70,-12.20,-12.70,-12.48,-12.48,-12.78,-12.34,-12.56,-12.78,-12.34,-12.56,-12.26,-12.78,-12.39,-12.56,-12.92,-12.83,-12.78,-12.56,-12.78,-12.34,-12.70,-12.78,-12.78,-12.70,-12.56,-12.34,-12.56,-12.39,-12.39,-12.61,-12.70,-12.39,-12.48,-12.56,-12.61,-13.14,-12.56,-12.48,-12.56,-12.56,-12.70,-12.92,-12.48,-12.92,-12.70,-12.78,-12.61,-12.56,-12.70,-12.39,-12.56,-12.39,-12.56,-12.56,-12.56,-12.34,-12.83,-12.34,-12.39,-12.04,-12.12,-12.48,-12.20,-12.12,-12.39,-12.20,-12.26,-12.12,-12.04,-12.26,-12.34,-11.98,-12.26,-11.98,-12.26,-12.26,-11.85,-12.34,-12.70,-12.61,-12.26,-12.26,-12.61,-12.48,-12.61,-12.92,-12.83,-12.48,-12.56,-12.61,-12.26,-12.39,-12.39,-12.61,-12.39,-12.34,-12.48,-12.39,-12.48,-12.48,-12.34,-12.70,-12.20,-12.39,-12.20
-12.83,-12.83,-12.78,-12.48,-12.97,-12.92,-12.56,-12.70,-12.56,-12.34,-12.70,-12.48,-12.12,-12.39,-12.70,-12.61,-12.61,-12.56,-12.70,-12.78,-12.34,-12.56,-12.48,-12.39,-12.39,-12.39,-12.34,-12.20,-12.34,-12.48,-12.39,-12.56,-12.34,-12.39,-12.61,-12.39,-12.48,-12.48,-12.34,-12.34,-12.34,-12.61,-12.26,-12.48,-12.20,-12.39,-12.56,-12.56,-12.34,-12.20,-12.20,-12.78,-12.48,-12.39,-12.48,-12.39,-12.20,-12.39,-12.61,-12.34,-12.56,-12.39,-12.04,-12.26,-12.39,-12.70,-12.48,-12.39,-12.48,-12.34,-12.48,-12.34,-12.39,-12.12,-12.39,-12.39,-12.39,-12.34,-12.39,-12.48,-12.56,-12.56,-12.39,-12.61,-12.61,-12.92,-12.70,-12.78,-12.48,-12.83,-12.61,-12.48,-12.61,-12.70,-12.70,-12.48,-13.06,-12.61,-12.61,-12.78,-12.70,-12.70,-12.61,-12.48,-12.56,-12.48,-12.26,-12.48,-12.61,-12.26,-12.39,-12.78,-12.61,-12.56,-12.48,-12.48,-12.26,-12.56,-12.61,-12.61,-12.56,-12.56,-12.70,-12.48,-12.56,-12.26,-12.70,-12.61,-12.61,-12.39,-12.39,-12.78,-12.70,-12.78,-12.26,-12.48,-12.48,-12.48,-12.26,-12.61,-12.61,-12.48,-12.56,-12.26,-12.34,-12.70,-12.61,-12.34,-12.34,-12.61,-12.48,-12.34,-12.48,-12.61,-12.20,-12.39,-12.39,-12.34,-12.26,-12.56,-12.70,-12.70,-12.56,-12.56,-12.34,-12.56,-12.34,-12.39,-12.20,-12.26,-11.90,-12.04,-11.85,-12.20,-12.04,-11.85,-12.12,-11.76,-12.26,-11.76,-12.04,-11.98,-11.90,-12.39,-12.34,-12.26,-11.98,-11.68,-11.85,-12.20,-12.20,-11.98,-11.98,-11.98,-12.20,-12.12,-12.12,-11.90,-11.85,-12.12,-11.85,-11.68,-11.76,-11.85,-11.98,-12.04,-11.90,-12.04,-12.20,-11.76,-11.85,-12.12,-11.98,-12.12,-12.34,-12.12,-12.26,-12.20,-12.70,-12.26,-12.48,-12.34,-12.39,-12.48,-12.20,-12.70,-12.48,-12.61,-12.56,-12.48,-12.56,-12.48,-12.34,-12.48,-12.34,-12.34,-12.48,-12.70,-12.61,-12.34,-12.39,-12.39,-12.70,-12.39,-12.70,-12.56,-12.48,-12.70,-12.26,-12.56,-12.12,-12.61,-12.39,-12.56,-12.26,-12.61,-12.20,-12.26,-12.56,-12.78,-12.39,-12.39,-12.48,-12.61,-12.56,-12.48,-12.83,-12.70,-12.78,-12.34,-12.26,-12.48,-12.48,-12.34,-12.61,-12.48,-12.26,-12.34,-12.48,-12.48,-12.39,-12.70,-12.70,-12.34,-12.97,-12.56,-12.56,-12.56,-12.56,-12.48,-12.48,-12.97,-12.78,-12.70,-12.70,-12.39,-12.70,-12.70,-12.70,-12.56,-12.39,-12.48,-12.83,-12.70,-12.78,-12.61,-12.70,-12.48,-12.61,-12.78,-12.70,-12.97,-12.56,-12.48,-12.26,-12.48,-12.61,-12.61,-12.56,-12.83,-12.92,-12.92,-12.56,-12.92,-12.83,-12.56,-12.92,-12.39,-12.83,-12.78,-12.83,-12.61,-12.39,-12.92,-12.12,-12.48,-12.56,-12.34,-12.56,-12.39,-12.12,-12.34,-12.56,-12.34,-12.34,-12.34,-12.26,-12.34,-12.20,-12.12,-12.26,-12.12,-12.48,-12.20,-12.20,-12.26,-12.26,-12.39,-12.26,-12.26,-12.39,-12.26,-12.26,-12.56,-12.56,-12.20,-12.48,-12.34,-12.48,-12.39,-12.20,-12.12,-12.12,-12.48,-12.20,-12.61,-12.56,-12.34,-12.70,-12.56,-12.78,-12.56
-12.61,-12.97,-12.97,-12.78,-12.70,-12.48,-12.56,-12.78,-12.83,-12.34,-12.78,-12.92,-12.26,-12.61,-12.34,-12.26,-12.70,-12.34,-12.56,-12.48,-12.39,-12.83,-12.78,-12.70,-12.39,-12.48,-12.48,-12.34,-12.48,-12.56,-12.20,-12.48,-12.48,-12.56,-12.26,-12.56,-12.20,-12.39,-12.48,-12.48,-12.48,-12.56,-12.34,-12.56,-12.39,-12.61,-12.20,-12.39,-12.20,-12.20,-12.48,-12.34,-12.20,-12.39,-12.34,-12.61,-12.26,-12.70,-12.26,-12.48,-12.34,-12.20,-12.34,-11.98,-12.34,-12.39,-12.56,-12.12,-12.48,-12.26,-12.56,-12.26,-12.39,-12.70,-12.56,-12.34,-12.20,-12.34,-12.34,-12.78,-12.56,-12.56,-12.70,-12.83,-12.92,-12.34,-12.39,-12.70,-12.83,-12.61,-12.61,-12.39,-12.70,-12.48,-12.61,-12.48,-12.97,-12.34,-12.70,-12.39,-12.48,-12.56,-12.70,-12.39,-12.78,-12.56,-12.26,-12.56,-12.39,-12.70,-12.56,-12.61,-12.48,-12.92,-12.92,-12.56,-12.70,-12.78,-12.39,-12.48,-12.39,-12.70,-12.34,-12.78,-12.56,-12.56,-12.70,-12.48,-12.48,-12.39,-12.70,-12.48,-12.56,-12.48,-12.34,-12.78,-12.39,-12.61,-12.61,-12.48,-12.56,-12.39,-12.39,-12.61,-12.56,-12.48,-12.26,-12.56,-12.56,-12.56,-12.56,-12.48,-12.56,-12.48,-12.56,-12.56,-12.61,-12.34,-12.56,-12.78,-12.26,-12.78,-12.48,-12.56,-12.78,-12.83,-12.56,-12.26,-12.04,-12.04,-12.20,-11.90,-11.98,-12.20,-11.76,-12.12,-12.04,-12.12,-12.20,-12.12,-12.20,-11.76,-12.20,-11.98,-11.90,-12.26,-11.76,-12.12,-12.12,-11.85,-11.85,-12.12,-12.26,-12.20,-12.04,-12.04,-11.90,-12.04,-11.98,-12.34,-12.12,-11.98,-11.63,-12.26,-11.76,-11.90,-12.04,-11.90,-12.12,-12.04,-12.20,-11.98,-12.04,-11.90,-12.20,-12.34,-12.12,-12.56,-12.48,-12.48,-12.48,-12.26,-12.34,-12.48,-12.39,-12.61,-12.34,-12.39,-12.34,-12.56,-12.61,-12.20,-12.56,-12.70,-12.34,-12.34,-12.39,-12.61,-12.56,-12.78,-13.06,-12.56,-12.39,-12.70,-12.26,-12.61,-12.70,-12.12,-12.61,-12.83,-12.56,-12.61,-12.78,-12.48,-12.61,-12.61,-12.39,-12.48,-12.61,-12.70,-12.56,-12.34,-12.56,-12.61,-12.56,-12.70,-12.48,-12.61,-12.39,-12.61,-12.26,-12.39,-12.61,-12.48,-12.70,-12.78,-12.26,-12.78,-12.34,-12.61,-12.48,-12.56,-12.20,-12.83,-12.48,-12.56,-12.61,-12.56,-12.70,-12.70,-12.78,-12.56,-12.56,-12.34,-12.78,-12.61,-12.70,-12.48,-12.56,-12.92,-12.39,-12.61,-12.70,-12.78,-12.70,-12.70,-12.83,-12.70,-12.78,-12.56,-12.48,-12.70,-12.56,-12.48,-12.56,-12.56,-12.48,-12.78,-12.61,-12.97,-12.39,-12.61,-12.48,-12.92,-12.78,-12.48,-12.61,-12.56,-12.56,-12.70,-12.83,-12.56,-12.70,-12.39,-12.39,-12.34,-12.20,-12.34,-12.39,-12.56,-12.39,-12.39,-12.34,-12.39,-12.34,-12.39,-12.39,-12.26,-12.26,-11.98,-12.48,-12.26,-12.20,-12.34,-12.12,-12.26,-12.48,-12.26,-12.39,-12.20,-12.34,-12.39,-12.20,-12.39,-12.04,-12.20,-12.20,-12.48,-12.12,-12.78,-12.34,-12.39,-12.48,-12.70,-12.56,-12.12,-12.39,-12.34,-12.34,-12.83,-12.61,-12.39
-12.78,-12.70,-12.56,-12.78,-12.83,-12.70,-12.78,-12.78,-12.70,-12.34,-12.34,-12.39,-12.78,-12.70,-12.83,-12.34,-12.34,-12.39,-12.70,-12.83,-12.83,-12.48,-12.61,-12.56,-12.70,-12.26,-11.98,-12.48,-12.61,-12.78,-12.34,-12.39,-12.61,-12.39,-12.34,-12.83,-12.56,-12.26,-12.61,-12.26,-12.39,-12.48,-12.39,-12.61,-12.56,-12.48,-12.20,-12.26,-12.12,-12.39,-12.48,-12.39,-12.39,-12.34,-12.61,-12.20,-12.12,-12.61,-11.98,-12.04,-12.20,-12.26,-12.61,-12.48,-12.12,-12.12,-12.34,-12.56,-12.48,-12.56,-12.26,-12.34,-12.48,-12.56,-12.20,-12.34,-12.26,-12.61,-12.56,-12.61,-12.34,-12.56,-12.83,-12.39,-12.56,-12.48,-12.97,-12.56,-12.48,-12.61,-12.56,-12.78,-12.56,-12.78,-12.61,-12.39,-12.20,-12.48,-12.70,-12.48,-12.48,-12.48,-12.61,-12.78,-12.56,-12.56,-12.39,-12.61,-12.48,-12.78,-12.61,-12.78,-12.20,-12.78,-12.56,-12.78,-12.61,-12.48,-12.61,-12.78,-12.34,-12.56,-12.70,-12.39,-12.48,-12.48,-12.83,-12.70,-12.61,-12.56,-12.61,-12.78,-13.06,-12.56,-12.26,-12.56,-12.70,-12.61,-12.78,-12.48,-12.26,-12.78,-12.70,-12.48,-12.39,-12.61,-12.83,-12.78,-12.61,-12.70,-12.48,-12.70,-12.56,-12.70,-12.34,-12.56,-12.61,-12.70,-12.56,-12.39,-12.56,-12.78,-12.70,-12.39,-12.39,-12.48,-12.39,-12.70,-12.78,-12.56,-12.12,-12.26,-12.26,-12.26,-12.26,-11.76,-12.12,-11.90,-12.12,-12.12,-12.04,-11.76,-11.76,-12.04,-11.85,-11.76,-11.85,-11.98,-11.63,-11.90,-12.12,-12.12,-11.85,-12.26,-12.04,-12.12,-11.98,-11.76,-12.12,-11.85,-12.26,-12.26,-12.26,-12.04,-12.04,-12.20,-12.12,-11.90,-11.76,-12.26,-12.20,-12.48,-11.98,-11.85,-12.26,-12.12,-12.12,-11.98,-12.56,-12.70,-12.39,-12.39,-12.56,-12.48,-12.48,-12.39,-12.26,-12.39,-12.34,-12.26,-12.70,-12.70,-12.56,-12.61,-12.78,-12.48,-12.61,-12.39,-12.78,-12.56,-12.39,-12.70,-12.48,-12.56,-12.39,-12.34,-12.34,-12.61,-12.61,-12.83,-12.78,-12.92,-12.61,-12.70,-12.12,-12.61,-12.61,-12.39,-12.20,-12.56,-12.56,-12.26,-12.39,-12.48,-12.61,-12.70,-12.61,-12.39,-12.39,-12.78,-12.56,-12.61,-12.39,-12.26,-12.78,-12.70,-12.48,-12.70,-12.61,-12.70,-12.61,-12.48,-12.70,-12.48,-12.56,-12.34,-12.34,-12.70,-12.97,-12.61,-12.34,-12.83,-12.56,-12.61,-12.39,-12.34,-12.70,-12.70,-12.56,-12.70,-12.70,-12.61,-12.26,-12.78,-12.61,-12.61,-12.83,-12.78,-12.61,-12.61,-12.92,-12.70,-12.56,-12.56,-12.61,-12.92,-12.56,-12.56,-12.61,-12.70,-12.34,-13.06,-12.70,-12.56,-12.61,-12.83,-12.92,-12.56,-12.92,-12.83,-12.92,-12.39,-12.48,-12.48,-12.34,-12.12,-12.26,-12.48,-12.34,-12.34,-12.26,-12.48,-12.34,-12.26,-12.34,-12.48,-12.34,-12.26,-12.48,-12.04,-12.39,-12.39,-12.34,-12.48,-12.20,-12.34,-12.20,-12.20,-12.34,-12.39,-12.20,-12.20,-12.26,-12.78,-12.48,-12.61,-12.70,-12.39,-12.26,-12.61,-12.39,-12.48,-12.56,-12.39,-12.56,-12.20,-12.48,-12.34,-12.48,-12.34,-12.48,-12.39
-12.92,-12.83,-12.92,-12.92,-12.61,-12.56,-12.48,-12.61,-12.70,-12.56,-12.56,-12.34,-12.20,-12.78,-12.26,-12.70,-12.56,-12.34,-13.06,-12.92,-12.70,-12.39,-12.61,-12.56,-12.48,-12.56,-12.34,-12.48,-12.48,-12.78,-12.39,-12.48,-12.34,-12.26,-12.61,-12.83,-12.26,-12.26,-12.20,-12.48,-12.26,-12.20,-12.39,-12.26,-12.39,-12.26,-12.61,-12.39,-12.48,-12.61,-12.56,-12.70,-12.39,-12.20,-12.48,-12.26,-12.20,-12.34,-12.56,-12.34,-12.56,-12.48,-12.20,-12.12,-12.34,-12.12,-12.39,-12.48,-12.61,-12.39,-12.20,-12.34,-12.48,-12.61,-12.61,-12.20,-12.39,-12.39,-12.83,-12.56,-12.92,-12.78,-12.61,-13.06,-12.78,-12.78,-12.70,-12.39,-13.06,-12.61,-12.56,-12.39,-12.56,-12.70,-12.56,-12.78,-12.61,-12.83,-12.70,-12.70,-12.48,-12.78,-12.61,-12.56,-12.97,-12.56,-12.48,-12.83,-12.70,-12.92,-12.70,-12.70,-12.70,-12.78,-12.56,-12.70,-12.56,-12.48,-12.39,-12.48,-12.39,-12.48,-12.83,-12.56,-12.34,-12.61,-12.56,-12.70,-12.56,-12.26,-12.92,-12.70,-12.61,-12.70,-12.61,-12.56,-12.56,-12.83,-12.61,-12.48,-12.48,-12.48,-12.92,-12.78,-12.48,-12.56,-12.48,-12.56,-12.39,-12.78,-13.06,-12.70,-12.56,-12.70,-12.56,-12.56,-12.48,-12.20,-12.39,-12.39,-12.48,-12.26,-12.39,-12.56,-12.34,-12.34,-12.39,-12.70,-12.48,-12.04,-12.34,-12.34,-11.98,-12.04,-12.12,-12.12,-11.90,-11.85,-11.90,-11.76,-11.85,-12.20,-12.12,-12.04,-12.12,-12.12,-11.98,-11.98,-12.04,-11.98,-11.98,-12.20,-12.12,-12.12,-11.76,-12.04,-11.76,-12.12,-12.26,-12.04,-12.12,-12.04,-12.20,-11.98,-12.20,-12.12,-12.20,-12.04,-12.20,-12.26,-11.85,-12.39,-12.20,-12.26,-12.26,-12.48,-12.34,-12.48,-12.56,-12.56,-12.70,-12.34,-12.56,-12.48,-12.20,-12.56,-12.56,-12.56,-12.34,-12.34,-12.70,-12.61,-12.61,-12.78,-12.48,-12.61,-12.56,-12.70,-12.61,-12.61,-12.61,-12.26,-12.56,-12.70,-12.56,-12.39,-12.56,-12.48,-12.61,-12.97,-12.78,-12.48,-12.56,-12.70,-12.70,-12.56,-12.70,-12.61,-12.56,-12.39,-12.70,-12.92,-12.56,-12.70,-12.48,-12.70,-12.34,-12.39,-12.56,-12.56,-12.97,-12.92,-12.70,-12.83,-12.56,-12.61,-12.70,-12.26,-12.78,-12.70,-12.83,-12.70,-12.61,-12.48,-12.48,-12.48,-12.83,-12.61,-12.70,-12.39,-12.61,-12.92,-12.70,-12.70,-12.97,-12.48,-12.56,-12.26,-12.70,-12.70,-12.83,-12.83,-12.56,-12.48,-12.56,-12.70,-12.61,-12.70,-12.97,-12.78,-12.70,-12.83,-12.70,-12.78,-12.92,-12.70,-12.70,-12.70,-12.61,-13.14,-12.78,-12.70,-12.92,-12.70,-12.48,-12.92,-13.06,-12.78,-12.97,-12.83,-12.56,-12.61,-12.56,-12.48,-12.83,-12.70,-12.39,-12.48,-12.20,-12.39,-12.61,-12.56,-12.12,-12.34,-12.34,-12.39,-12.48,-12.34,-12.48,-12.20,-12.48,-12.12,-12.39,-12.48,-12.39,-12.26,-12.56,-12.61,-12.39,-12.48,-12.70,-12.56,-12.48,-12.26,-12.26,-12.48,-12.48,-12.20,-12.61,-12.20,-12.34,-12.48,-12.34,-12.20,-12.20,-12.61,-12.70,-12.26,-12.48,-12.56,-12.48,-12.39
-12.83,-12.48,-12.70,-12.78,-12.92,-12.83,-12.70,-12.56,-12.92,-13.14,-12.61,-12.56,-12.56,-12.56,-12.56,-12.70,-12.39,-12.48,-12.70,-12.83,-12.61,-12.39,-12.39,-12.48,-12.39,-12.61,-12.26,-12.12,-12.56,-12.56,-12.56,-12.48,-12.56,-12.26,-12.70,-12.48,-12.39,-12.26,-12.39,-12.26,-12.48,-12.56,-12.04,-12.61,-12.56,-12.48,-12.56,-12.48,-12.48,-12.48,-12.56,-12.56,-12.20,-12.70,-12.26,-12.39,-12.70,-12.39,-12.48,-12.61,-12.48,-12.48,-11.90,-12.39,-12.20,-12.34,-12.34,-12.39,-12.26,-12.26,-12.20,-12.34,-12.34,-12.48,-12.56,-12.39,-12.61,-12.61,-12.48,-12.39,-12.92,-12.92,-12.78,-12.83,-12.56,-12.61,-12.48,-12.78,-12.39,-12.92,-12.78,-12.83,-12.70,-12.78,-12.61,-12.83,-12.92,-12.61,-12.83,-12.56,-12.48,-12.70,-13.19,-12.92,-12.56,-12.70,-12.39,-12.56,-12.78,-12.56,-12.83,-12.70,-12.78,-12.78,-12.78,-12.39,-12.70,-12.70,-12.61,-12.56,-12.70,-12.70,-12.78,-12.61,-12.61,-12.78,-12.48,-12.56,-12.34,-12.39,-12.83,-12.70,-12.83,-12.39,-12.70,-12.48,-12.34,-12.56,-12.61,-12.56,-12.70,-12.61,-12.61,-12.92,-12.61,-12.48,-12.48,-12.34,-12.39,-12.56,-12.83,-12.48,-12.48,-12.97,-12.70,-12.48,-12.56,-12.48,-12.78,-12.56,-12.56,-12.34,-12.20,-12.70,-12.61,-12.39,-12.48,-12.70,-12.56,-12.26,-12.39,-11.90,-12.12,-12.39,-12.20,-11.98,-12.39,-12.04,-11.90,-11.85,-11.90,-11.90,-12.39,-12.12,-11.63,-12.20,-11.90,-11.98,-12.04,-11.90,-11.76,-11.98,-12.34,-12.26,-12.04,-11.90,-12.12,-12.04,-11.98,-12.04,-11.90,-11.85,-12.20,-12.12,-11.98,-12.26,-12.20,-11.55,-11.85,-11.90,-12.20,-12.34,-12.04,-12.12,-12.39,-12.20,-12.34,-12.20,-12.61,-12.61,-12.56,-12.34,-12.39,-12.61,-12.34,-12.34,-12.61,-12.56,-12.34,-12.70,-12.56,-12.70,-12.39,-12.39,-12.61,-12.61,-12.83,-12.39,-12.61,-12.39,-12.56,-12.61,-12.39,-12.83,-12.56,-12.56,-12.61,-12.61,-12.56,-12.70,-12.39,-12.78,-12.48,-12.56,-12.61,-12.48,-12.70,-12.48,-12.56,-12.48,-12.56,-12.56,-12.39,-12.34,-12.56,-12.48,-12.39,-12.70,-12.39,-12.78,-12.48,-12.48,-12.39,-12.78,-12.48,-12.56,-12.83,-12.56,-12.70,-12.61,-12.48,-12.70,-12.97,-12.70,-12.78,-12.39,-12.70,-12.70,-12.61,-12.83,-12.70,-12.56,-12.70,-12.61,-12.78,-12.70,-12.48,-12.70,-12.61,-12.70,-12.83,-12.78,-12.56,-12.78,-12.48,-12.92,-12.83,-12.78,-12.92,-12.97,-12.83,-13.06,-12.78,-12.48,-12.56,-12.83,-12.83,-12.92,-12.61,-12.78,-12.92,-12.56,-12.78,-12.56,-12.92,-12.83,-12.92,-12.70,-12.97,-12.34,-12.78,-13.06,-12.61,-12.34,-12.34,-12.56,-12.39,-12.48,-12.48,-12.20,-12.39,-12.34,-12.34,-12.48,-12.56,-12.26,-12.34,-12.26,-12.20,-12.12,-12.12,-12.56,-12.61,-12.48,-12.34,-12.39,-12.56,-12.92,-12.56,-12.34,-12.34,-12.26,-12.56,-12.61,-12.34,-12.48,-12.26,-12.34,-12.78,-12.83,-12.20,-12.34,-12.56,-12.26,-12.48,-12.70,-12.39,-12.56,-12.61,-12.78,-12.48,-12.70
-13.14,-12.83,-12.78,-12.56,-12.70,-12.83,-12.70,-12.83,-12.78,-12.56,-12.48,-12.70,-12.78,-12.48,-12.56,-12.61,-12.26,-12.48,-12.70,-12.70,-12.78,-12.04,-12.61,-12.34,-12.48,-12.56,-12.26,-12.26,-12.34,-12.39,-12.39,-12.70,-12.48,-12.48,-12.26,-12.39,-12.26,-12.39,-12.39,-12.48,-12.48,-12.20,-12.20,-12.34,-12.39,-12.56,-12.56,-12.61,-12.48,-12.34,-12.34,-12.39,-11.90,-12.48,-12.20,-12.61,-12.61,-12.56,-12.56,-12.26,-12.48,-12.34,-12.20,-12.34,-12.48,-12.26,-12.61,-12.34,-12.39,-12.48,-12.34,-12.48,-12.61,-12.34,-12.39,-11.98,-12.48,-12.61,-12.78,-12.83,-12.70,-12.70,-12.83,-12.70,-12.70,-12.70,-12.78,-12.92,-12.70,-12.83,-12.61,-12.70,-12.92,-12.97,-12.56,-12.26,-12.39,-12.48,-12.61,-12.56,-12.39,-12.70,-12.70,-12.78,-12.39,-12.56,-12.92,-12.61,-12.56,-12.70,-12.70,-12.34,-12.70,-12.92,-12.56,-12.39,-12.56,-12.61,-12.34,-12.61,-12.61,-12.78,-12.56,-12.61,-12.83,-12.70,-12.56,-12.61,-12.56,-12.92,-12.61,-12.70,-12.78,-12.61,-12.70,-12.83,-12.70,-12.61,-12.83,-12.39,-12.56,-12.61,-12.83,-12.26,-12.56,-12.78,-12.26,-12.70,-12.97,-12.34,-12.39,-12.70,-12.48,-12.56,-12.61,-12.39,-13.06,-12.70,-12.48,-12.48,-12.70,-12.56,-12.61,-12.92,-12.61,-12.61,-12.48,-12.34,-12.39,-12.39,-12.26,-12.12,-12.12,-11.98,-12.20,-12.04,-12.26,-12.04,-12.26,-12.12,-11.85,-12.12,-12.12,-12.26,-11.98,-12.12,-12.12,-12.04,-12.12,-12.12,-12.20,-12.12,-12.26,-12.26,-12.12,-11.85,-12.34,-12.04,-11.90,-12.26,-11.85,-11.98,-11.98,-12.12,-12.20,-11.90,-12.04,-11.98,-12.04,-11.98,-11.85,-11.90,-12.20,-12.34,-12.04,-12.61,-12.48,-12.48,-12.97,-12.61,-12.70,-12.56,-12.56,-12.78,-12.70,-12.39,-12.83,-12.48,-12.83,-12.61,-12.78,-12.61,-12.92,-12.78,-12.83,-12.70,-12.61,-12.92,-12.61,-12.70,-12.48,-12.39,-12.56,-12.56,-12.26,-13.06,-12.61,-12.39,-12.48,-12.83,-12.56,-12.97,-12.48,-12.56,-12.61,-12.56,-12.56,-12.70,-12.39,-12.34,-12.26,-12.56,-12.92,-12.70,-12.26,-12.70,-12.48,-12.48,-12.92,-12.61,-12.97,-12.92,-12.92,-12.78,-12.56,-12.78,-12.61,-12.92,-12.78,-12.70,-12.56,-12.48,-12.61,-12.56,-12.56,-12.48,-12.39,-12.56,-12.78,-12.56,-12.61,-12.83,-12.56,-12.48,-12.39,-12.70,-12.61,-12.70,-12.83,-12.78,-12.92,-12.92,-12.70,-13.06,-12.70,-12.92,-12.78,-12.56,-12.61,-12.39,-12.56,-12.70,-12.48,-12.61,-12.61,-12.97,-12.78,-12.34,-12.70,-12.97,-12.83,-12.61,-12.78,-12.92,-13.06,-12.78,-12.70,-12.83,-12.70,-12.34,-12.39,-12.61,-12.61,-12.48,-12.34,-12.26,-12.39,-12.26,-12.26,-12.34,-12.26,-12.34,-12.34,-12.26,-12.20,-12.48,-12.12,-12.56,-12.70,-12.39,-12.61,-12.34,-12.04,-12.20,-12.26,-12.56,-12.26,-12.48,-12.20,-12.39,-12.34,-12.56,-12.61,-12.39,-12.70,-12.48,-12.83,-12.20,-12.48,-12.39,-12.56,-12.56,-12.48,-12.61,-12.61,-12.34,-12.56,-12.61,-12.34,-12.34,-12.39,-12.92
-12.78,-12.78,-12.78,-12.34,-12.56,-12.61,-12.39,-12.83,-12.70,-12.78,-12.70,-12.61,-12.56,-12.70,-12.56,-12.56,-12.56,-12.97,-12.39,-12.70,-12.34,-12.61,-12.70,-12.39,-12.61,-12.26,-12.61,-12.34,-12.20,-12.20,-12.20,-12.34,-12.78,-12.56,-12.48,-12.48,-12.56,-12.39,-12.39,-12.48,-12.20,-12.61,-12.26,-12.39,-12.48,-12.48,-12.26,-12.34,-12.56,-12.48,-11.98,-12.48,-12.61,-12.56,-12.56,-12.20,-12.48,-12.70,-12.34,-12.48,-12.20,-12.20,-12.48,-12.34,-12.39,-12.20,-12.26,-12.26,-12.48,-12.26,-12.48,-12.48,-12.04,-12.20,-12.12,-12.48,-12.48,-12.78,-12.48,-12.61,-13.06,-12.92,-12.61,-12.61,-12.92,-12.56,-12.78,-12.83,-12.70,-12.56,-12.78,-12.70,-12.56,-12.70,-12.34,-12.61,-12.97,-12.39,-12.70,-12.56,-12.70,-12.61,-12.56,-12.78,-12.39,-12.39,-12.56,-12.56,-12.48,-12.56,-12.78,-12.61,-12.39,-12.34,-12.61,-12.97,-12.61,-12.56,-12.39,-12.39,-12.92,-12.83,-12.34,-12.56,-12.56,-12.48,-12.39,-12.48,-12.39,-12.70,-12.78,-12.61,-12.78,-12.56,-12.83,-12.48,-12.78,-12.20,-12.20,-12.56,-12.70,-12.48,-12.39,-12.39,-12.48,-12.97,-12.83,-12.56,-12.34,-12.92,-12.39,-12.70,-12.34,-12.48,-12.34,-12.48,-12.61,-12.34,-12.56,-12.48,-12.70,-12.39,-12.61,-12.39,-12.61,-12.48,-12.61,-12.56,-12.39,-12.20,-12.39,-12.20,-12.26,-12.26,-12.04,-12.20,-12.34,-12.61,-11.98,-11.98,-11.90,-12.34,-12.12,-12.12,-11.90,-11.85,-12.12,-11.90,-11.90,-12.26,-11.90,-12.26,-12.34,-12.04,-12.04,-12.26,-11.85,-12.04,-12.12,-12.12,-11.68,-12.20,-11.98,-12.26,-12.26,-11.90,-11.98,-11.98,-11.90,-12.20,-11.90,-11.98,-12.48,-11.98,-12.04,-12.12,-12.26,-12.56,-12.26,-12.70,-12.70,-12.78,-12.56,-12.20,-12.70,-12.61,-12.78,-12.48,-12.26,-12.61,-12.56,-12.70,-12.78,-12.70,-12.70,-12.34,-12.78,-12.70,-12.70,-12.34,-12.61,-12.48,-12.78,-12.61,-12.78,-12.83,-12.48,-12.56,-12.92,-12.56,-12.20,-12.56,-12.48,-12.56,-12.48,-12.78,-12.56,-12.92,-12.39,-12.83,-12.83,-12.56,-12.39,-12.56,-12.70,-11.90,-12.70,-12.92,-12.70,-12.83,-12.78,-12.61,-12.56,-12.56,-12.39,-12.39,-13.19,-12.61,-12.48,-12.70,-12.61,-12.70,-12.26,-12.61,-12.61,-13.06,-12.34,-12.78,-12.83,-12.61,-12.26,-12.39,-12.48,-12.56,-12.70,-12.48,-12.56,-12.39,-12.56,-12.39,-12.48,-12.70,-12.61,-12.92,-12.56,-12.97,-13.06,-12.48,-12.34,-12.78,-12.48,-12.92,-12.78,-12.70,-12.92,-12.83,-12.56,-12.48,-12.61,-12.83,-12.83,-12.56,-12.48,-12.61,-12.92,-12.83,-12.78,-12.92,-12.70,-13.14,-12.92,-12.70,-12.97,-12.56,-12.39,-12.12,-12.39,-12.70,-12.20,-12.61,-12.34,-12.48,-12.48,-12.56,-12.34,-12.34,-12.12,-12.48,-12.12,-12.26,-12.56,-12.26,-12.56,-12.56,-12.56,-12.56,-12.61,-12.78,-12.39,-12.56,-12.56,-12.26,-12.56,-12.61,-12.39,-12.48,-12.39,-12.61,-12.48,-12.48,-12.70,-12.48,-12.26,-12.48,-12.48,-12.61,-12.26,-12.20,-12.26,-12.61,-12.61,-12.61
-13.06,-13.14,-12.70,-12.83,-12.70,-12.26,-12.70,-12.61,-12.39,-12.70,-12.34,-12.70,-13.06,-12.56,-12.39,-12.61,-12.56,-12.83,-12.56,-12.48,-12.56,-12.39,-12.48,-12.70,-12.56,-12.20,-12.26,-12.56,-12.26,-12.34,-12.78,-12.26,-12.48,-12.34,-12.48,-12.39,-12.56,-12.56,-12.70,-12.56,-12.56,-12.34,-12.34,-12.56,-12.48,-12.39,-12.78,-12.48,-12.26,-12.39,-12.39,-12.61,-12.26,-12.97,-12.39,-12.61,-12.56,-12.61,-12.48,-12.48,-12.39,-12.48,-12.34,-12.34,-12.48,-12.70,-12.48,-12.56,-12.48,-12.48,-12.61,-12.12,-12.20,-12.78,-12.48,-12.56,-12.34,-12.26,-12.83,-12.92,-12.39,-12.97,-12.97,-12.70,-12.78,-12.48,-12.83,-12.70,-12.78,-12.56,-12.92,-12.83,-12.83,-12.56,-12.83,-12.61,-12.78,-12.61,-12.92,-12.78,-12.56,-12.70,-12.70,-12.70,-12.70,-12.78,-12.56,-12.78,-12.78,-12.97,-12.34,-13.06,-12.83,-12.61,-12.83,-12.83,-12.70,-12.26,-12.83,-12.26,-12.56,-12.70,-12.78,-12.78,-12.48,-12.92,-12.83,-12.61,-12.83,-12.56,-12.39,-12.78,-12.61,-12.48,-12.34,-12.39,-12.97,-12.92,-12.61,-12.78,-12.48,-12.61,-12.78,-12.83,-12.61,-12.56,-12.34,-12.70,-12.61,-12.61,-12.78,-12.39,-12.70,-12.61,-12.56,-12.48,-12.78,-12.78,-12.61,-12.26,-12.61,-12.34,-12.56,-12.26,-12.70,-12.48,-12.56,-12.78,-12.34,-12.20,-11.90,-11.85,-12.20,-12.12,-12.26,-11.98,-12.20,-12.39,-11.90,-12.04,-11.90,-12.12,-12.20,-12.04,-11.98,-12.12,-11.98,-12.20,-11.85,-12.12,-11.76,-12.04,-12.12,-12.04,-11.85,-12.04,-12.12,-11.76,-12.20,-12.12,-12.04,-12.04,-11.98,-12.04,-12.04,-12.04,-12.12,-12.20,-12.04,-11.90,-12.04,-11.98,-11.98,-12.12,-12.39,-12.48,-12.12,-12.48,-12.34,-12.04,-12.56,-12.70,-12.78,-12.78,-12.83,-12.78,-12.78,-12.39,-12.70,-12.48,-12.34,-12.20,-12.78,-12.48,-12.48,-12.70,-12.70,-12.78,-12.39,-12.78,-12.48,-12.70,-12.78,-12.61,-12.56,-12.56,-12.61,-12.61,-12.48,-12.78,-12.70,-12.48,-12.48,-12.20,-12.39,-12.92,-12.61,-12.48,-12.48,-12.48,-12.56,-12.20,-12.78,-12.56,-12.39,-12.61,-12.61,-12.70,-12.70,-12.61,-12.34,-12.78,-12.56,-12.56,-12.26,-12.56,-12.56,-12.39,-12.48,-12.56,-12.56,-12.70,-12.70,-12.56,-12.20,-12.70,-12.26,-12.83,-12.97,-12.78,-12.78,-12.39,-12.61,-12.70,-12.70,-12.70,-12.97,-12.83,-12.48,-12.78,-12.83,-12.48,-12.56,-12.70,-12.92,-12.70,-12.56,-12.70,-12.56,-12.56,-12.83,-12.78,-12.78,-12.92,-12.70,-12.61,-12.78,-12.61,-12.97,-12.48,-12.61,-12.78,-12.70,-12.56,-12.70,-12.83,-12.70,-12.61,-12.61,-12.78,-12.61,-12.83,-12.83,-12.39,-12.78,-12.12,-12.39,-12.56,-12.20,-12.12,-12.56,-12.26,-12.34,-12.48,-12.12,-12.61,-12.39,-11.98,-12.12,-12.34,-12.20,-12.34,-12.48,-12.56,-12.34,-12.26,-12.26,-12.48,-12.48,-12.39,-12.61,-12.56,-12.56,-12.48,-12.70,-12.56,-12.34,-12.48,-12.70,-12.26,-12.78,-12.39,-12.39,-12.39,-12.26,-12.34,-12.61,-12.61,-12.70,-12.34,-12.70,-12.92
-12.97,-12.61,-12.78,-12.78,-12.61,-12.61,-12.61,-12.61,-12.39,-12.70,-12.78,-12.61,-12.39,-12.39,-12.26,-12.61,-12.39,-12.61,-12.61,-12.48,-12.56,-12.26,-12.48,-12.70,-12.48,-12.34,-12.12,-12.39,-12.34,-12.34,-12.56,-12.70,-12.56,-12.78,-12.48,-12.48,-12.34,-12.78,-12.70,-12.48,-12.92,-12.26,-12.48,-12.78,-12.20,-12.39,-12.61,-12.48,-12.56,-12.61,-12.26,-12.61,-12.34,-12.61,-12.56,-12.48,-12.56,-12.61,-12.26,-12.61,-12.56,-12.56,-12.34,-12.12,-12.34,-12.61,-12.20,-12.04,-12.78,-12.48,-12.61,-12.56,-12.20,-12.26,-12.39,-12.26,-12.56,-12.39,-12.56,-12.56,-12.61,-12.61,-12.61,-12.92,-12.83,-12.78,-12.70,-12.61,-12.70,-12.61,-12.83,-12.83,-12.56,-12.61,-12.48,-12.83,-12.92,-12.61,-12.61,-12.78,-12.56,-12.48,-12.56,-12.61,-12.70,-12.39,-12.78,-12.83,-12.70,-12.78,-12.70,-12.56,-12.61,-12.61,-12.56,-12.70,-12.56,-12.39,-12.61,-12.78,-12.70,-12.48,-12.83,-12.83,-12.61,-12.56,-12.48,-12.78,-12.39,-12.70,-12.61,-12.92,-12.56,-13.06,-12.70,-12.70,-12.83,-12.78,-12.48,-12.70,-12.48,-12.34,-12.70,-12.78,-12.48,-12.34,-12.34,-12.39,-12.78,-12.34,-12.48,-12.56,-12.56,-12.34,-12.56,-12.56,-12.48,-12.56,-12.83,-12.83,-12.70,-12.12,-12.48,-12.56,-12.48,-12.34,-12.61,-12.39,-12.39,-12.12,-12.61,-12.26,-12.26,-12.26,-11.85,-12.26,-12.04,-11.85,-12.20,-12.04,-12.12,-11.85,-12.20,-12.26,-12.04,-12.26,-11.98,-12.20,-11.76,-12.12,-12.04,-12.12,-12.39,-11.90,-11.90,-12.26,-11.90,-12.04,-11.85,-12.12,-11.98,-12.04,-11.85,-11.90,-11.98,-12.26,-11.90,-11.85,-12.34,-12.04,-12.04,-12.04,-11.98,-12.20,-12.20,-12.34,-12.26,-12.34,-12.70,-12.26,-12.34,-12.61,-12.34,-12.48,-12.20,-12.56,-12.61,-12.61,-12.78,-12.61,-12.48,-12.83,-12.39,-12.70,-12.39,-12.70,-12.61,-12.34,-12.70,-12.70,-12.61,-12.92,-12.56,-12.78,-12.26,-12.78,-12.61,-12.56,-12.61,-12.78,-12.34,-12.70,-12.56,-12.61,-12.39,-12.61,-12.56,-12.39,-12.78,-12.78,-12.56,-12.39,-12.70,-12.56,-12.83,-12.26,-12.70,-12.83,-12.56,-12.61,-12.70,-12.61,-12.70,-12.78,-12.78,-12.78,-12.78,-12.56,-12.48,-12.48,-12.78,-12.78,-12.61,-12.78,-12.70,-12.48,-12.56,-12.61,-12.83,-12.56,-12.92,-12.70,-12.56,-12.83,-12.61,-12.61,-12.61,-12.61,-12.56,-12.78,-12.78,-12.56,-13.14,-12.78,-12.48,-12.70,-12.83,-12.56,-12.83,-12.61,-12.48,-12.61,-12.78,-12.78,-12.78,-12.78,-12.70,-12.56,-12.61,-12.83,-13.14,-12.70,-12.56,-12.34,-12.70,-12.56,-12.61,-12.78,-12.78,-12.92,-12.83,-12.39,-12.48,-12.78,-12.61,-12.78,-12.26,-12.26,-12.20,-12.48,-12.70,-12.26,-12.34,-12.56,-11.98,-12.56,-12.48,-12.34,-12.39,-12.26,-12.78,-12.48,-12.56,-12.56,-12.34,-12.48,-12.39,-12.39,-12.56,-12.34,-12.20,-12.39,-12.39,-12.48,-12.39,-12.61,-12.61,-12.56,-12.48,-12.39,-12.48,-12.34,-12.26,-12.70,-12.78,-12.56,-12.39,-12.26,-12.56,-12.56,-12.26,-12.39
-12.56,-12.70,-12.78,-13.06,-12.83,-12.48,-12.34,-12.48,-12.83,-12.83,-12.48,-12.78,-12.56,-12.56,-12.56,-12.56,-12.70,-12.56,-12.61,-12.34,-12.78,-12.20,-12.61,-12.70,-12.34,-12.56,-12.34,-12.20,-12.48,-12.39,-12.56,-12.12,-12.56,-12.61,-12.20,-12.39,-12.39,-12.34,-12.20,-12.34,-12.20,-12.56,-12.34,-12.26,-12.34,-12.61,-12.34,-12.20,-12.39,-12.56,-12.20,-12.34,-12.39,-12.61,-12.48,-12.26,-12.20,-12.39,-12.20,-12.20,-12.48,-12.39,-12.34,-12.56,-12.04,-12.56,-12.26,-12.61,-12.70,-12.92,-12.78,-12.56,-12.20,-12.39,-12.12,-12.48,-12.61,-12.48,-12.61,-12.39,-12.61,-12.48,-12.70,-12.56,-12.56,-12.39,-12.56,-12.70,-12.78,-12.97,-13.06,-12.70,-12.48,-12.78,-12.56,-12.48,-12.48,-12.70,-12.48,-12.56,-12.56,-12.34,-12.78,-12.56,-12.56,-12.70,-12.61,-12.61,-12.83,-12.48,-12.56,-12.39,-12.78,-12.56,-12.48,-12.56,-12.48,-12.34,-12.70,-12.78,-12.39,-12.39,-12.61,-12.48,-12.48,-12.70,-12.61,-12.78,-12.97,-12.48,-12.56,-12.56,-12.61,-12.48,-12.70,-12.83,-12.97,-12.78,-13.14,-12.83,-12.70,-12.70,-12.61,-12.48,-12.39,-12.48,-12.48,-12.48,-12.92,-12.34,-12.61,-12.78,-12.48,-12.56,-12.26,-13.06,-12.39,-12.70,-12.83,-12.56,-12.56,-12.61,-12.48,-12.56,-12.78,-12.61,-12.56,-12.34,-12.70,-11.98,-12.12,-11.90,-11.98,-11.98,-11.90,-12.04,-11.85,-12.34,-12.26,-12.04,-11.98,-11.98,-12.12,-11.98,-12.26,-12.34,-12.26,-12.20,-11.98,-11.85,-12.12,-12.04,-12.26,-11.90,-12.12,-11.85,-12.20,-12.12,-12.12,-12.04,-11.90,-12.04,-12.04,-11.90,-11.85,-12.20,-12.26,-11.85,-12.20,-11.85,-11.98,-11.98,-11.98,-11.98,-11.98,-12.12,-12.34,-12.34,-12.39,-12.70,-12.56,-12.56,-12.48,-12.34,-12.34,-12.48,-12.56,-12.70,-12.78,-12.70,-12.83,-12.34,-12.70,-12.56,-12.61,-12.56,-12.78,-12.70,-12.78,-12.61,-12.39,-12.48,-12.48,-12.61,-12.56,-12.56,-12.61,-12.70,-12.56,-12.56,-12.48,-12.61,-12.83,-12.34,-12.70,-12.48,-12.56,-12.39,-12.48,-12.78,-12.61,-12.56,-12.56,-12.39,-12.70,-12.48,-12.78,-12.48,-12.48,-12.61,-12.48,-12.78,-12.34,-12.78,-12.97,-12.78,-12.34,-12.48,-12.34,-12.78,-12.78,-12.48,-12.56,-12.39,-12.61,-12.70,-12.70,-12.34,-12.56,-12.70,-12.48,-12.48,-12.78,-12.56,-12.70,-12.26,-12.92,-12.26,-13.06,-12.97,-12.56,-12.61,-12.70,-12.70,-12.70,-12.70,-12.56,-12.92,-12.83,-12.56,-12.48,-12.61,-12.56,-12.97,-12.56,-12.92,-12.78,-12.78,-12.78,-13.14,-12.39,-12.78,-12.83,-12.39,-12.92,-12.61,-13.14,-12.70,-12.56,-12.56,-12.92,-12.70,-12.78,-12.78,-12.48,-12.56,-12.39,-12.39,-12.39,-12.56,-12.04,-12.70,-12.39,-12.56,-12.39,-12.34,-12.48,-12.39,-12.34,-12.20,-12.34,-12.12,-12.26,-12.34,-12.34,-12.70,-12.56,-12.61,-12.34,-12.26,-12.48,-12.61,-12.70,-12.48,-12.12,-12.26,-12.48,-12.39,-12.61,-12.12,-12.34,-12.12,-12.61,-12.56,-12.56,-12.56,-12.48,-12.61,-12.70,-12.61,-12.56,-12.70
-12.48,-13.06,-12.70,-12.34,-12.56,-12.78,-12.61,-12.78,-12.04,-12.83,-12.97,-12.39,-12.92,-12.20,-12.56,-12.48,-12.34,-12.78,-12.56,-12.20,-12.56,-12.39,-12.34,-12.61,-12.48,-12.61,-12.12,-12.48,-12.56,-11.98,-12.48,-12.70,-12.61,-12.48,-12.48,-12.56,-12.48,-12.61,-12.34,-12.04,-12.34,-12.70,-12.56,-12.04,-12.56,-12.48,-12.34,-12.26,-12.20,-12.56,-12.34,-12.34,-12.56,-12.34,-12.34,-12.48,-12.34,-12.39,-12.04,-12.56,-12.83,-12.70,-12.78,-12.83,-12.61,-12.78,-12.48,-12.83,-12.56,-12.61,-12.48,-12.34,-12.70,-12.61,-12.92,-12.61,-12.70,-12.39,-12.78,-12.39,-12.61,-12.78,-13.06,-12.83,-12.61,-12.39,-12.39,-12.70,-12.39,-12.83,-12.61,-13.06,-12.78,-12.56,-12.83,-12.48,-12.39,-12.39,-12.34,-12.83,-12.92,-12.92,-12.61,-12.61,-12.92,-12.70,-12.78,-12.70,-12.61,-12.78,-12.70,-12.48,-12.56,-12.48,-12.70,-12.92,-12.92,-12.34,-12.39,-12.61,-12.56,-12.48,-12.83,-12.78,-12.48,-12.70,-12.39,-12.34,-12.48,-12.78,-12.56,-12.97,-12.92,-12.56,-12.26,-12.48,-12.70,-12.78,-12.97,-12.39,-12.61,-12.48,-12.78,-12.48,-12.39,-12.83,-12.56,-12.39,-12.78,-12.34,-12.61,-12.78,-13.06,-12.56,-12.83,-12.39,-12.56,-12.34,-12.56,-12.48,-12.61,-12.70,-12.12,-12.26,-12.78,-12.83,-12.26,-12.70,-12.34,-12.39,-12.12,-12.39,-12.34,-12.12,-11.98,-12.20,-12.34,-12.04,-11.90,-12.04,-12.26,-12.20,-12.12,-11.90,-12.04,-12.12,-12.26,-12.04,-11.98,-12.20,-11.98,-12.39,-12.26,-11.85,-12.26,-11.98,-12.26,-12.26,-12.04,-12.04,-11.90,-12.04,-12.20,-12.12,-12.04,-12.26,-12.12,-11.85,-12.20,-12.20,-12.20,-12.26,-11.85,-11.98,-12.20,-12.34,-12.39,-12.26,-12.26,-12.61,-12.70,-12.48,-12.61,-12.70,-12.61,-12.56,-12.34,-12.48,-12.70,-12.70,-12.61,-12.97,-12.83,-12.48,-12.61,-12.61,-12.61,-12.26,-12.56,-12.48,-12.70,-12.61,-12.61,-12.70,-12.78,-12.26,-12.34,-12.48,-12.61,-12.34,-12.48,-12.48,-12.48,-12.56,-12.56,-12.61,-12.56,-12.56,-12.61,-12.39,-13.06,-12.78,-12.56,-12.48,-12.48,-12.61,-12.56,-12.70,-12.48,-12.78,-12.61,-12.83,-12.83,-12.70,-12.78,-12.92,-12.83,-12.97,-12.61,-12.61,-12.78,-12.83,-12.48,-12.56,-12.70,-12.78,-12.34,-12.56,-12.56,-12.61,-12.48,-12.83,-12.39,-12.83,-12.61,-12.56,-12.70,-12.92,-12.78,-12.83,-12.70,-12.34,-12.78,-12.70,-12.78,-12.61,-12.83,-12.92,-12.70,-12.34,-12.97,-12.83,-12.78,-12.61,-12.70,-12.92,-12.70,-12.48,-12.61,-12.92,-12.83,-12.56,-12.48,-12.97,-13.14,-12.78,-12.48,-12.70,-12.78,-12.61,-12.56,-12.61,-12.83,-12.48,-12.39,-12.92,-12.70,-12.61,-12.78,-12.78,-12.39,-12.34,-12.70,-12.39,-12.61,-12.39,-12.48,-12.26,-12.39,-12.20,-12.70,-12.39,-12.26,-12.34,-12.34,-12.48,-12.48,-12.56,-12.48,-12.78,-12.70,-12.34,-12.34,-12.48,-12.04,-12.20,-12.78,-12.39,-12.48,-12.56,-12.61,-12.26,-12.78,-12.61,-12.12,-12.48,-12.97,-12.56,-12.97,-12.97,-12.56,-12.34
-12.70,-12.78,-12.61,-12.56,-12.78,-12.70,-12.39,-12.34,-12.61,-12.39,-12.56,-12.78,-12.39,-12.20,-12.61,-12.39,-12.61,-12.48,-12.56,-12.56,-12.39,-12.56,-12.70,-12.48,-12.56,-12.61,-12.04,-12.78,-12.34,-12.48,-12.70,-12.26,-12.26,-12.34,-12.39,-12.34,-12.39,-12.48,-12.56,-12.48,-12.34,-12.48,-12.12,-12.20,-12.61,-12.26,-12.39,-12.70,-12.34,-12.70,-12.48,-12.12,-12.20,-12.34,-12.39,-12.39,-12.48,-12.26,-12.39,-12.83,-12.56,-12.78,-12.70,-12.92,-12.39,-12.83,-12.70,-12.48,-12.78,-12.56,-12.83,-12.83,-12.39,-12.70,-12.78,-12.97,-12.83,-12.83,-12.92,-12.56,-12.39,-12.83,-12.97,-12.78,-13.06,-12.70,-12.48,-12.78,-12.70,-12.78,-12.97,-12.78,-12.78,-12.78,-12.78,-13.06,-12.70,-12.61,-12.48,-12.70,-12.61,-12.48,-13.06,-12.78,-12.70,-12.61,-12.61,-12.78,-12.61,-12.70,-12.78,-12.70,-12.39,-12.83,-12.39,-12.56,-12.61,-12.34,-12.56,-12.48,-12.61,-12.70,-12.56,-12.56,-12.97,-12.61,-12.61,-12.70,-12.48,-12.61,-12.78,-12.83,-12.61,-12.61,-12.83,-12.78,-12.70,-12.70,-12.70,-12.92,-12.48,-12.70,-12.83,-12.56,-12.39,-12.92,-12.97,-12.34,-12.83,-12.61,-12.78,-12.61,-12.48,-12.39,-12.39,-12.61,-12.48,-12.61,-12.56,-13.14,-12.78,-12.56,-12.61,-12.70,-12.70,-12.78,-12.78,-12.56,-12.34,-11.98,-12.39,-12.34,-12.12,-12.26,-12.34,-11.85,-12.20,-12.20,-12.12,-11.85,-11.85,-11.98,-12.12,-12.04,-12.20,-11.98,-12.20,-12.12,-12.04,-11.98,-12.20,-11.98,-12.04,-12.04,-12.04,-12.12,-12.26,-11.98,-11.98,-12.20,-12.26,-12.26,-11.98,-11.98,-11.98,-12.61,-12.20,-12.04,-12.26,-12.34,-11.68,-12.26,-12.26,-12.04,-12.26,-12.12,-12.61,-12.20,-12.12,-12.26,-12.34,-12.70,-12.48,-12.70,-12.70,-12.56,-12.39,-12.34,-12.83,-12.92,-12.61,-12.83,-12.26,-12.56,-12.61,-12.56,-12.56,-12.34,-12.39,-12.61,-12.39,-12.83,-12.78,-12.48,-12.56,-12.39,-12.70,-12.97,-12.48,-12.61,-12.78,-12.92,-12.70,-12.83,-12.83,-12.61,-12.97,-12.78,-12.70,-12.61,-12.83,-13.06,-12.61,-12.39,-12.61,-12.70,-12.61,-12.83,-12.61,-12.61,-12.78,-12.39,-12.56,-12.78,-12.48,-13.06,-12.78,-12.61,-12.70,-12.97,-12.56,-12.83,-12.56,-12.48,-12.83,-12.61,-12.70,-12.70,-12.83,-12.56,-12.78,-12.70,-12.97,-12.48,-12.83,-12.48,-12.61,-12.61,-12.97,-12.61,-12.83,-12.61,-12.48,-13.06,-12.56,-13.06,-12.92,-12.78,-12.78,-12.92,-12.78,-12.61,-12.78,-12.61,-12.78,-13.06,-12.97,-12.92,-12.70,-12.70,-12.48,-12.97,-13.06,-12.48,-12.83,-12.61,-12.92,-12.78,-12.39,-12.92,-13.06,-12.83,-13.06,-12.56,-12.48,-12.78,-12.56,-12.56,-12.48,-12.70,-12.61,-12.39,-12.70,-12.39,-12.56,-12.39,-12.34,-12.26,-12.39,-12.34,-12.61,-12.61,-12.48,-12.48,-12.78,-12.20,-12.56,-12.48,-12.61,-12.39,-12.34,-12.78,-12.56,-11.85,-12.78,-12.56,-12.78,-12.78,-12.56,-12.83,-12.48,-12.20,-12.56,-12.48,-12.61,-12.48,-12.61,-12.39,-12.56,-12.70,-12.83,-12.70
-12.61,-12.39,-12.83,-12.48,-12.61,-12.78,-12.61,-12.56,-12.48,-12.39,-12.92,-12.61,-12.61,-12.48,-12.70,-12.48,-12.70,-12.70,-12.61,-12.83,-12.26,-12.70,-12.92,-12.78,-12.78,-12.48,-12.34,-12.34,-12.26,-12.56,-12.26,-12.48,-12.56,-12.70,-12.39,-12.61,-12.34,-12.48,-12.34,-12.34,-12.34,-12.39,-12.56,-12.39,-12.48,-12.39,-12.39,-12.39,-12.48,-12.48,-12.39,-12.92,-12.39,-12.61,-12.48,-12.48,-12.34,-12.56,-12.56,-12.70,-12.61,-12.39,-12.39,-12.61,-12.26,-12.48,-12.48,-12.56,-12.61,-12.56,-12.78,-12.83,-12.83,-12.56,-12.61,-12.70,-12.97,-12.56,-12.83,-12.83,-12.70,-12.70,-12.78,-12.56,-12.26,-12.48,-12.70,-12.70,-12.83,-12.56,-12.83,-13.06,-12.70,-12.78,-12.83,-12.39,-12.70,-12.56,-12.56,-12.83,-12.34,-12.48,-12.97,-12.61,-12.48,-12.83,-12.48,-12.48,-12.83,-12.78,-12.39,-12.48,-12.34,-12.61,-12.83,-12.78,-12.34,-12.56,-12.61,-12.56,-12.70,-12.56,-12.83,-12.70,-12.83,-12.78,-12.78,-12.61,-12.61,-12.48,-12.39,-12.70,-12.56,-12.61,-12.70,-12.61,-12.48,-12.56,-12.92,-12.39,-12.48,-12.56,-12.83,-13.19,-12.61,-12.48,-12.48,-12.56,-12.39,-12.61,-12.61,-12.70,-12.70,-12.61,-12.61,-12.61,-12.48,-12.48,-12.39,-12.78,-12.78,-12.83,-12.39,-12.78,-12.39,-12.61,-12.39,-12.39,-12.70,-12.26,-12.04,-12.26,-12.12,-12.34,-12.48,-12.12,-12.34,-11.90,-12.26,-12.04,-12.26,-11.85,-12.34,-12.04,-12.04,-11.98,-11.98,-11.85,-11.90,-12.34,-12.04,-12.04,-12.20,-11.85,-11.98,-12.34,-12.20,-12.12,-11.98,-12.12,-11.98,-12.20,-12.12,-12.12,-12.04,-12.26,-11.90,-11.76,-11.98,-11.98,-12.26,-11.76,-12.26,-11.68,-12.20,-12.04,-12.39,-12.39,-12.34,-12.56,-12.83,-12.39,-12.39,-12.78,-12.48,-12.48,-12.34,-12.61,-12.61,-12.39,-12.26,-12.70,-12.92,-12.70,-12.70,-12.48,-12.48,-12.78,-12.48,-12.56,-12.56,-12.48,-12.70,-12.61,-12.70,-12.70,-12.56,-12.61,-12.48,-12.70,-12.61,-12.56,-12.70,-12.70,-12.70,-12.70,-12.83,-12.83,-12.78,-12.70,-12.70,-12.83,-12.39,-12.39,-12.92,-12.78,-12.48,-12.56,-12.61,-12.48,-12.48,-12.39,-12.70,-12.20,-12.92,-12.56,-12.78,-12.97,-12.78,-12.92,-12.56,-12.92,-12.83,-12.39,-12.39,-12.48,-12.92,-12.70,-12.61,-12.78,-12.39,-12.39,-12.92,-12.78,-12.83,-12.61,-12.83,-12.78,-12.92,-12.70,-12.70,-12.83,-12.61,-12.56,-12.83,-12.97,-12.61,-12.92,-13.06,-12.92,-12.48,-12.61,-12.78,-12.78,-12.83,-12.48,-12.78,-12.48,-12.70,-12.92,-13.14,-12.70,-12.61,-13.06,-13.06,-12.70,-12.70,-12.61,-12.78,-12.70,-13.06,-12.97,-12.70,-12.83,-12.70,-12.48,-12.78,-12.48,-12.70,-12.56,-12.56,-12.78,-12.20,-12.04,-12.34,-12.56,-12.83,-12.34,-12.56,-12.56,-12.70,-11.90,-12.48,-12.56,-12.39,-12.48,-12.48,-12.48,-12.39,-12.61,-12.61,-12.48,-12.56,-12.26,-12.39,-12.56,-12.48,-12.34,-12.48,-12.48,-12.78,-12.56,-12.92,-12.56,-12.26,-12.78,-12.39,-12.48,-12.78,-12.56,-12.39,-12.48
-12.56,-12.39,-12.61,-12.61,-12.48,-12.83,-12.92,-12.56,-12.78,-12.26,-12.48,-12.56,-12.56,-12.78,-12.61,-12.39,-12.61,-12.61,-12.70,-12.56,-12.61,-12.70,-12.12,-12.56,-12.39,-12.70,-12.61,-12.61,-12.20,-12.48,-12.26,-12.48,-12.61,-12.48,-12.39,-12.56,-12.48,-12.20,-12.56,-12.34,-12.61,-12.56,-12.34,-12.61,-12.48,-12.48,-12.39,-12.26,-12.70,-12.39,-12.34,-12.20,-12.48,-12.26,-12.70,-12.26,-12.26,-12.48,-12.83,-12.78,-12.92,-12.92,-12.83,-12.92,-13.06,-12.56,-12.83,-12.48,-12.39,-12.34,-12.48,-12.78,-12.92,-12.61,-12.39,-12.97,-12.78,-12.78,-12.92,-12.83,-12.70,-12.56,-12.48,-12.48,-12.78,-12.78,-12.97,-12.83,-12.70,-12.61,-12.78,-12.78,-12.61,-12.61,-12.34,-12.56,-12.78,-12.92,-12.78,-12.70,-12.83,-12.70,-12.78,-12.20,-12.70,-12.70,-12.70,-12.70,-12.56,-12.39,-12.83,-12.26,-12.70,-12.92,-12.39,-12.56,-12.61,-12.61,-12.39,-12.83,-12.92,-12.83,-12.48,-12.26,-12.78,-12.56,-12.56,-12.34,-12.39,-12.70,-12.61,-12.78,-12.61,-12.70,-12.61,-12.70,-12.61,-12.92,-12.83,-12.34,-12.78,-13.06,-12.83,-12.48,-12.48,-12.48,-12.39,-12.48,-12.48,-12.70,-12.39,-12.61,-12.78,-12.78,-12.70,-12.78,-12.39,-12.92,-12.61,-12.78,-12.39,-12.78,-12.61,-12.48,-12.39,-12.39,-12.70,-12.78,-12.39,-12.12,-12.26,-12.12,-12.26,-12.39,-11.68,-12.04,-11.85,-12.39,-11.98,-11.98,-12.04,-12.12,-12.12,-12.04,-11.90,-11.98,-12.34,-12.12,-12.56,-11.85,-12.26,-11.98,-12.04,-12.12,-12.12,-12.20,-12.34,-11.98,-12.26,-12.12,-12.34,-12.26,-12.39,-12.12,-12.04,-11.68,-11.90,-12.39,-12.04,-12.04,-11.90,-12.12,-12.04,-12.20,-12.12,-12.48,-12.26,-12.26,-12.26,-12.20,-12.48,-12.48,-12.34,-12.70,-12.56,-12.56,-12.48,-12.26,-12.70,-12.61,-12.78,-12.56,-12.70,-12.78,-12.56,-12.70,-12.92,-12.39,-12.48,-12.39,-12.48,-12.39,-12.56,-12.78,-12.34,-12.56,-12.56,-12.39,-12.92,-12.20,-12.83,-12.70,-12.56,-12.48,-12.26,-12.61,-12.92,-12.39,-12.70,-12.34,-12.48,-12.70,-12.39,-12.61,-12.39,-12.48,-12.70,-12.92,-12.70,-12.34,-12.70,-12.61,-12.56,-12.39,-12.78,-12.70,-12.70,-12.39,-12.70,-12.48,-12.70,-12.61,-12.70,-12.61,-12.70,-12.70,-12.61,-12.61,-12.61,-12.61,-12.78,-13.06,-12.48,-12.61,-12.61,-12.48,-12.78,-12.70,-12.78,-12.70,-12.61,-12.78,-12.61,-12.48,-12.70,-12.83,-12.70,-12.92,-12.97,-12.78,-12.61,-12.61,-12.92,-12.61,-13.14,-12.97,-12.48,-12.39,-13.06,-12.83,-12.83,-12.83,-12.56,-12.92,-12.48,-12.70,-12.97,-12.97,-12.61,-12.92,-12.97,-12.97,-12.61,-12.56,-12.70,-12.70,-12.56,-12.48,-12.39,-12.83,-12.39,-12.39,-12.61,-12.56,-12.39,-12.39,-12.26,-12.39,-12.26,-12.48,-12.48,-12.39,-12.78,-12.78,-12.48,-12.61,-12.34,-12.56,-12.56,-12.39,-12.26,-12.70,-12.56,-12.48,-12.83,-12.48,-12.39,-12.56,-12.56,-12.34,-12.83,-12.70,-12.78,-12.70,-12.56,-12.48,-12.83,-12.78,-12.61,-12.61,-12.70,-12.78
-12.78,-12.78,-12.56,-12.61,-12.83,-12.48,-12.26,-12.56,-12.56,-12.48,-12.70,-12.26,-12.83,-12.61,-12.61,-12.56,-12.20,-12.61,-12.78,-12.48,-12.70,-12.34,-12.70,-12.48,-12.48,-12.56,-12.26,-12.61,-12.61,-12.34,-12.34,-12.39,-12.56,-12.26,-12.48,-12.39,-12.26,-12.26,-12.20,-12.39,-12.48,-12.48,-12.78,-12.12,-12.61,-12.78,-12.56,-12.39,-12.56,-12.56,-12.34,-12.12,-12.56,-12.20,-12.39,-12.48,-12.61,-12.39,-12.70,-12.70,-12.39,-12.83,-12.61,-12.97,-12.48,-12.83,-13.14,-12.56,-12.70,-12.56,-12.78,-12.78,-12.70,-12.70,-12.83,-12.83,-12.56,-12.92,-12.70,-12.48,-12.70,-12.78,-12.48,-12.70,-12.70,-12.78,-12.56,-12.39,-12.78,-12.39,-12.70,-12.48,-12.61,-12.48,-12.83,-12.83,-12.61,-12.83,-12.78,-12.92,-12.97,-12.39,-12.61,-12.48,-12.92,-12.34,-12.48,-12.48,-12.48,-12.61,-12.56,-12.61,-12.61,-12.78,-12.56,-12.39,-12.70,-12.70,-12.61,-12.61,-12.56,-12.70,-12.56,-12.78,-12.34,-12.70,-12.48,-12.70,-12.61,-12.48,-12.78,-12.78,-12.61,-13.06,-12.39,-13.42,-12.70,-12.83,-12.83,-12.61,-12.78,-12.70,-12.83,-12.83,-12.39,-12.39,-12.34,-12.56,-12.39,-12.70,-12.34,-12.56,-12.56,-12.61,-12.48,-12.56,-12.48,-12.56,-12.48,-12.48,-12.56,-12.34,-12.61,-12.61,-12.78,-12.70,-12.70,-12.39,-12.78,-12.20,-12.12,-12.12,-12.39,-11.98,-12.12,-12.12,-12.34,-11.85,-12.12,-12.26,-12.34,-12.12,-12.12,-12.39,-11.90,-12.12,-11.85,-11.98,-12.12,-12.12,-12.20,-12.04,-12.20,-12.12,-12.04,-12.26,-12.20,-12.04,-11.98,-12.26,-11.90,-12.04,-12.48,-11.98,-12.39,-12.04,-12.12,-11.98,-11.76,-12.20,-12.04,-12.34,-11.76,-12.04,-12.12,-12.20,-12.70,-12.39,-12.61,-12.83,-12.48,-12.26,-12.61,-12.78,-12.70,-12.48,-12.56,-12.61,-12.20,-12.61,-12.48,-12.48,-12.56,-12.34,-12.56,-12.56,-12.61,-12.56,-12.83,-12.48,-12.61,-12.70,-12.48,-12.70,-12.83,-12.70,-12.61,-12.61,-12.70,-12.78,-12.70,-12.97,-12.39,-12.61,-12.26,-12.78,-12.83,-12.78,-12.70,-12.92,-12.56,-12.78,-12.56,-12.26,-12.26,-12.70,-12.34,-12.48,-12.39,-12.56,-12.70,-12.78,-12.48,-12.78,-12.83,-12.83,-12.56,-12.61,-12.83,-12.61,-12.78,-12.61,-12.56,-12.48,-12.61,-12.92,-12.97,-12.61,-12.48,-12.70,-12.39,-12.83,-12.48,-12.56,-12.56,-12.34,-12.56,-12.56,-12.70,-12.56,-13.14,-12.48,-12.61,-12.97,-12.61,-12.70,-12.92,-12.48,-12.92,-12.39,-12.83,-12.78,-12.78,-12.61,-12.78,-13.06,-12.83,-12.78,-12.34,-12.92,-12.83,-12.61,-12.83,-13.19,-12.97,-12.83,-12.70,-12.61,-12.83,-12.39,-12.92,-12.97,-12.97,-12.70,-12.83,-12.26,-12.70,-12.70,-12.70,-12.26,-12.56,-12.39,-12.34,-12.34,-12.61,-12.78,-12.48,-12.48,-12.26,-12.12,-12.70,-12.70,-12.34,-12.61,-12.61,-12.34,-12.78,-12.70,-12.56,-12.34,-12.70,-12.20,-12.70,-12.61,-12.48,-12.56,-12.70,-12.56,-12.48,-12.61,-12.34,-12.70,-12.78,-12.56,-12.56,-12.39,-12.20,-12.12,-12.61,-12.70,-12.56,-12.39
-12.78,-12.78,-12.39,-12.56,-12.48,-12.56,-12.97,-12.70,-12.97,-12.61,-12.56,-12.48,-12.70,-12.56,-12.48,-12.61,-12.56,-12.39,-12.78,-12.12,-12.56,-12.56,-12.39,-12.61,-12.34,-12.61,-12.34,-12.39,-12.34,-12.48,-12.20,-12.56,-12.12,-12.70,-12.70,-12.34,-12.56,-12.20,-12.78,-12.48,-12.26,-12.48,-12.34,-12.34,-12.34,-12.48,-12.34,-12.34,-12.70,-12.56,-12.34,-12.39,-12.48,-12.39,-12.34,-12.61,-12.78,-12.70,-12.97,-12.70,-12.83,-12.78,-13.19,-12.92,-12.92,-12.48,-12.48,-12.97,-12.48,-12.70,-12.61,-12.92,-12.92,-12.83,-12.48,-12.61,-12.56,-13.06,-12.48,-12.70,-12.70,-12.83,-12.70,-12.97,-12.56,-12.61,-12.92,-12.70,-12.83,-12.92,-12.83,-12.78,-12.92,-12.78,-12.70,-13.06,-12.78,-12.92,-12.83,-12.70,-12.70,-12.78,-13.06,-12.39,-12.48,-12.78,-12.78,-12.78,-12.61,-12.92,-12.83,-12.48,-12.56,-12.83,-12.92,-12.92,-12.61,-12.61,-12.48,-12.70,-12.70,-12.92,-12.70,-12.48,-12.56,-12.78,-12.70,-12.48,-12.34,-12.61,-12.78,-12.92,-12.48,-12.56,-12.56,-12.61,-12.92,-12.39,-12.97,-12.97,-12.48,-12.61,-12.26,-12.34,-12.61,-12.70,-12.61,-12.48,-12.48,-12.34,-12.48,-12.39,-12.48,-12.83,-12.78,-12.39,-12.56,-12.56,-12.78,-12.78,-12.34,-12.61,-12.70,-12.70,-12.56,-12.48,-12.39,-12.61,-12.39,-12.56,-12.12,-11.90,-12.48,-12.04,-12.48,-11.90,-12.04,-12.20,-11.90,-12.04,-12.20,-12.26,-11.98,-12.04,-12.12,-11.90,-12.12,-12.20,-12.12,-12.39,-12.26,-12.04,-12.34,-12.39,-12.20,-12.04,-11.98,-11.90,-12.04,-11.98,-12.04,-12.04,-12.34,-12.20,-12.12,-12.34,-11.90,-11.90,-12.26,-12.20,-12.12,-12.34,-12.20,-12.20,-12.04,-12.34,-12.34,-12.56,-12.48,-12.70,-12.56,-12.61,-12.56,-12.78,-12.70,-12.56,-12.61,-12.83,-12.34,-12.39,-12.78,-12.61,-12.56,-12.78,-12.56,-12.61,-12.70,-12.48,-12.34,-12.56,-12.39,-12.56,-12.83,-12.61,-12.26,-12.92,-12.61,-12.70,-12.56,-12.61,-12.83,-12.70,-12.56,-12.48,-12.70,-12.92,-12.48,-12.61,-12.48,-12.56,-12.39,-12.78,-12.70,-12.70,-12.48,-12.61,-12.78,-12.70,-12.83,-12.39,-12.48,-12.70,-12.92,-12.70,-12.56,-12.70,-12.56,-12.56,-12.48,-12.61,-12.70,-12.83,-12.78,-12.83,-12.26,-12.39,-12.56,-12.78,-12.78,-12.78,-12.48,-12.70,-12.92,-12.48,-12.61,-12.61,-12.83,-12.78,-12.97,-12.83,-12.92,-12.61,-12.83,-13.06,-12.70,-12.48,-12.70,-12.70,-12.78,-12.70,-12.70,-12.78,-12.83,-12.78,-12.78,-12.97,-12.78,-12.83,-12.83,-12.34,-12.61,-12.78,-12.56,-12.70,-12.97,-12.61,-12.61,-12.92,-12.61,-12.92,-12.70,-12.83,-13.19,-12.70,-12.61,-12.56,-12.20,-12.34,-12.70,-12.20,-12.61,-12.39,-12.61,-12.48,-12.70,-12.20,-12.48,-12.56,-12.48,-12.26,-12.26,-12.39,-12.34,-11.90,-12.56,-12.48,-12.39,-12.26,-12.56,-12.61,-12.70,-12.39,-12.83,-12.39,-12.61,-12.70,-12.56,-12.56,-12.56,-12.20,-12.34,-12.56,-12.70,-12.56,-12.78,-12.97,-12.70,-12.34,-12.39,-12.70,-12.48,-12.48
-12.61,-12.48,-12.34,-12.61,-13.06,-12.39,-12.48,-12.39,-12.26,-12.83,-12.48,-12.70,-12.39,-12.70,-13.28,-12.70,-12.34,-12.83,-12.78,-12.34,-12.83,-12.34,-12.48,-12.61,-12.39,-12.70,-12.61,-12.56,-12.39,-12.78,-12.61,-12.48,-12.70,-12.26,-12.20,-12.26,-12.56,-12.48,-12.26,-12.26,-12.78,-12.20,-12.34,-12.26,-12.34,-12.34,-12.39,-12.48,-12.39,-12.61,-12.61,-12.70,-12.83,-12.56,-12.70,-12.70,-12.48,-12.83,-12.48,-12.97,-12.61,-12.78,-12.70,-12.34,-12.61,-12.70,-12.48,-12.83,-12.61,-13.06,-13.06,-12.78,-12.78,-12.83,-12.78,-12.78,-12.78,-12.48,-12.56,-12.70,-13.06,-12.78,-12.83,-12.56,-12.70,-12.48,-12.34,-12.83,-13.14,-12.39,-12.78,-12.61,-12.56,-12.61,-12.70,-12.83,-12.78,-12.92,-12.56,-12.61,-12.78,-12.39,-12.70,-12.70,-12.61,-12.56,-12.26,-12.48,-12.26,-12.48,-12.61,-12.83,-12.78,-12.97,-12.78,-13.06,-12.97,-12.83,-12.56,-12.61,-11.98,-12.61,-12.34,-12.56,-12.92,-12.70,-12.61,-12.39,-12.70,-12.92,-12.39,-12.61,-12.70,-12.61,-12.78,-12.56,-12.56,-12.92,-12.61,-12.70,-12.61,-12.34,-12.34,-12.20,-12.78,-12.78,-12.61,-12.56,-12.61,-12.78,-12.83,-12.39,-12.39,-12.34,-12.70,-12.78,-12.39,-12.12,-12.83,-12.39,-12.56,-12.61,-12.83,-12.48,-12.70,-12.61,-12.39,-12.78,-12.56,-12.39,-12.61,-12.04,-12.12,-12.04,-12.26,-12.34,-11.98,-12.20,-12.26,-12.12,-11.90,-12.20,-12.12,-12.12,-12.12,-11.98,-11.90,-12.26,-11.85,-12.26,-12.12,-11.90,-12.12,-12.20,-12.04,-11.55,-12.39,-12.34,-11.90,-12.04,-11.90,-12.20,-12.34,-12.20,-11.85,-12.26,-11.68,-12.04,-12.20,-11.98,-12.12,-12.12,-11.98,-12.12,-12.04,-12.34,-12.20,-12.20,-12.48,-12.20,-12.61,-12.34,-12.78,-12.83,-12.70,-12.78,-12.70,-12.61,-12.83,-12.48,-12.61,-12.61,-12.56,-12.70,-12.61,-12.92,-12.61,-12.48,-12.92,-12.97,-12.61,-12.48,-12.48,-12.70,-12.61,-12.48,-12.48,-12.34,-12.61,-12.56,-12.78,-12.78,-12.83,-12.83,-12.78,-12.56,-12.61,-12.70,-12.48,-12.78,-12.92,-12.39,-12.61,-12.61,-12.48,-12.70,-13.06,-12.56,-12.61,-12.97,-12.83,-12.78,-12.39,-12.92,-12.70,-12.70,-12.56,-12.92,-12.70,-12.56,-12.61,-12.78,-12.34,-12.92,-12.70,-12.48,-12.48,-12.97,-12.56,-12.48,-12.70,-12.61,-12.70,-12.34,-12.92,-12.83,-12.61,-12.78,-12.92,-12.48,-12.70,-12.70,-12.26,-12.97,-12.70,-12.70,-12.70,-12.48,-12.61,-12.70,-12.83,-12.78,-12.61,-12.61,-12.92,-12.56,-12.83,-12.78,-12.92,-12.97,-12.83,-12.92,-12.48,-12.92,-12.61,-12.39,-12.83,-12.83,-12.92,-12.61,-12.92,-12.92,-12.48,-12.70,-12.61,-12.48,-12.56,-12.39,-12.34,-12.20,-12.39,-12.56,-12.56,-12.56,-12.39,-12.26,-12.39,-12.26,-12.48,-12.26,-12.04,-12.34,-12.39,-12.56,-12.39,-12.34,-12.26,-12.48,-12.39,-12.34,-12.20,-12.26,-12.61,-12.34,-12.78,-12.61,-12.78,-12.70,-12.56,-12.26,-12.39,-12.12,-12.39,-12.20,-12.39,-12.48,-12.61,-12.34,-12.48,-12.26,-12.39,-12.97
-12.61,-12.48,-12.83,-12.04,-12.56,-12.83,-12.39,-12.97,-12.70,-12.61,-12.39,-12.56,-12.39,-12.48,-12.26,-12.48,-12.56,-12.70,-12.70,-12.56,-12.61,-12.26,-12.34,-12.56,-12.26,-12.04,-12.39,-12.61,-12.48,-12.56,-12.12,-12.26,-12.83,-12.34,-11.90,-12.34,-12.48,-11.98,-12.39,-12.56,-12.61,-12.48,-12.39,-12.34,-12.34,-12.56,-12.56,-12.56,-12.61,-12.20,-12.34,-12.48,-12.83,-12.70,-12.92,-12.83,-12.39,-12.83,-12.48,-12.70,-12.78,-13.14,-12.70,-12.92,-12.78,-12.97,-12.83,-12.70,-12.70,-12.61,-12.70,-12.83,-12.70,-12.56,-12.83,-12.61,-12.78,-12.39,-12.70,-12.70,-12.83,-12.78,-12.56,-12.78,-12.61,-12.78,-12.78,-12.56,-12.78,-12.48,-12.78,-12.70,-12.78,-12.70,-12.39,-12.83,-12.70,-12.78,-12.39,-12.83,-12.97,-12.78,-12.61,-12.70,-12.70,-12.97,-12.97,-12.56,-12.34,-12.78,-12.61,-12.61,-12.12,-12.48,-12.61,-12.34,-12.39,-12.56,-12.78,-12.78,-12.56,-12.61,-13.06,-12.83,-12.78,-12.70,-12.56,-12.34,-12.34,-12.39,-12.48,-12.39,-12.39,-12.70,-12.20,-12.39,-12.61,-12.61,-12.26,-12.39,-12.61,-12.78,-12.97,-12.56,-12.78,-12.78,-12.56,-12.61,-12.48,-12.56,-12.56,-12.61,-12.70,-12.56,-12.83,-12.48,-12.61,-12.61,-12.39,-12.61,-12.48,-12.70,-12.56,-12.56,-12.48,-12.48,-12.48,-12.70,-12.34,-12.92,-12.34,-12.12,-11.98,-12.20,-12.48,-12.12,-12.20,-12.26,-11.90,-12.26,-12.12,-12.20,-12.12,-11.90,-11.76,-12.04,-11.85,-11.85,-12.12,-11.76,-12.70,-11.85,-12.34,-12.20,-12.26,-12.34,-11.90,-11.85,-12.04,-12.48,-11.90,-12.34,-12.12,-12.20,-12.20,-12.04,-11.85,-12.04,-11.68,-12.20,-12.39,-12.20,-12.20,-12.20,-12.26,-12.34,-12.39,-12.26,-12.34,-12.34,-12.39,-12.61,-12.48,-12.78,-12.78,-12.61,-12.56,-12.26,-12.56,-12.39,-12.78,-12.83,-12.61,-12.39,-12.56,-12.78,-12.70,-12.70,-12.61,-12.70,-12.92,-12.48,-12.61,-12.34,-12.56,-12.92,-12.70,-12.20,-12.83,-12.48,-12.61,-12.48,-12.83,-12.78,-12.92,-12.70,-12.97,-12.70,-12.83,-12.48,-12.56,-12.48,-12.48,-12.97,-12.61,-12.56,-12.61,-12.56,-12.61,-12.70,-12.26,-12.39,-12.70,-12.92,-12.39,-12.70,-12.39,-12.34,-12.39,-12.39,-12.70,-12.78,-13.06,-12.34,-12.56,-12.70,-12.70,-12.48,-12.48,-12.56,-12.56,-12.78,-12.83,-12.56,-12.78,-12.70,-13.14,-12.78,-12.70,-12.34,-12.39,-12.83,-12.48,-12.70,-12.83,-12.61,-12.92,-12.83,-12.78,-12.92,-12.26,-12.48,-12.48,-12.83,-12.78,-12.70,-12.83,-12.83,-12.70,-12.83,-13.06,-12.83,-12.97,-12.70,-12.56,-12.78,-12.78,-12.78,-12.83,-12.83,-12.70,-12.70,-12.61,-12.70,-12.34,-12.48,-12.39,-12.34,-12.26,-12.12,-12.39,-12.20,-12.39,-12.26,-12.48,-12.39,-12.78,-12.34,-12.61,-12.26,-12.70,-12.26,-12.48,-12.34,-12.20,-12.34,-12.56,-12.34,-12.12,-12.70,-12.39,-12.92,-12.78,-12.39,-12.26,-12.61,-12.70,-12.34,-12.26,-12.56,-12.48,-12.56,-12.70,-12.56,-12.20,-12.48,-12.61,-12.39,-12.26,-12.61,-12.56,-12.83
-12.70,-12.61,-12.70,-12.83,-12.56,-12.78,-12.56,-12.56,-12.61,-12.48,-12.48,-12.34,-12.61,-12.48,-12.83,-12.78,-12.56,-12.48,-12.92,-12.39,-12.48,-12.48,-12.48,-12.48,-12.26,-12.26,-12.39,-12.70,-12.48,-12.70,-12.48,-12.04,-12.12,-12.83,-12.48,-12.56,-12.20,-12.39,-12.34,-12.26,-12.78,-12.26,-12.61,-12.56,-12.34,-11.98,-11.98,-12.70,-12.34,-12.39,-12.56,-12.70,-12.34,-12.61,-12.56,-12.48,-12.61,-12.70,-12.48,-12.78,-12.83,-12.61,-12.92,-12.56,-12.61,-12.70,-12.97,-12.83,-12.70,-12.97,-12.48,-12.56,-12.92,-12.48,-12.61,-12.78,-12.61,-12.61,-12.48,-12.70,-12.56,-12.39,-12.56,-12.92,-12.39,-12.78,-12.26,-12.70,-12.61,-12.70,-12.78,-12.78,-12.48,-12.83,-12.61,-12.48,-12.70,-13.06,-12.92,-12.56,-12.70,-12.70,-12.20,-12.97,-12.48,-12.56,-12.70,-12.78,-12.61,-12.78,-12.78,-12.70,-12.92,-12.56,-12.39,-12.70,-12.70,-12.70,-12.83,-12.12,-12.83,-12.61,-12.48,-12.78,-12.56,-12.83,-12.61,-12.70,-12.56,-12.70,-12.92,-12.78,-12.92,-12.48,-12.48,-12.39,-12.70,-12.34,-12.61,-12.78,-12.83,-12.70,-12.48,-12.70,-12.61,-12.78,-12.70,-12.70,-12.83,-12.56,-12.78,-12.39,-12.39,-12.78,-12.48,-12.56,-12.26,-12.34,-12.56,-12.70,-12.70,-12.70,-12.56,-12.97,-12.92,-12.70,-12.56,-12.56,-12.48,-12.48,-12.04,-12.12,-12.34,-12.39,-12.12,-12.39,-12.26,-12.20,-11.98,-11.98,-12.39,-12.34,-12.12,-11.98,-12.34,-12.34,-12.26,-12.20,-12.39,-11.85,-12.20,-11.85,-11.85,-12.34,-12.20,-12.26,-11.76,-11.76,-11.90,-12.26,-12.26,-12.26,-12.48,-12.04,-12.34,-12.26,-12.20,-12.26,-11.98,-12.20,-12.12,-12.20,-12.04,-12.04,-12.04,-12.26,-12.56,-12.20,-12.56,-12.97,-12.34,-12.48,-12.56,-12.70,-12.56,-12.39,-12.39,-12.61,-12.61,-12.78,-12.78,-12.70,-12.56,-12.70,-12.34,-12.48,-12.61,-12.78,-12.48,-12.78,-12.39,-12.39,-12.56,-12.61,-12.48,-12.61,-12.83,-12.83,-12.92,-12.56,-12.48,-12.83,-12.56,-12.56,-12.83,-12.70,-12.34,-12.56,-12.56,-12.61,-12.70,-13.06,-12.78,-12.48,-12.48,-12.70,-12.78,-12.83,-12.97,-12.78,-12.48,-12.70,-13.06,-12.56,-12.83,-12.83,-12.56,-12.70,-12.56,-12.34,-12.39,-12.61,-12.34,-12.26,-12.97,-13.06,-12.78,-12.39,-12.92,-12.61,-12.56,-12.39,-12.39,-12.61,-12.97,-12.70,-12.78,-12.61,-12.92,-12.97,-12.61,-13.06,-12.56,-12.48,-12.61,-12.48,-12.61,-12.92,-12.97,-12.70,-12.83,-12.92,-12.92,-12.78,-13.06,-13.06,-12.83,-12.97,-12.92,-13.14,-12.70,-12.83,-12.97,-12.97,-12.97,-12.70,-12.70,-12.61,-12.83,-12.61,-13.06,-12.83,-12.48,-12.97,-12.26,-12.78,-12.04,-12.04,-12.78,-12.39,-12.56,-12.34,-12.39,-12.48,-12.56,-12.78,-12.83,-12.39,-12.48,-12.04,-12.34,-12.39,-12.12,-12.61,-12.78,-12.83,-12.70,-12.83,-12.48,-12.26,-12.48,-12.34,-12.48,-12.48,-12.48,-12.26,-12.48,-12.39,-12.83,-12.48,-12.56,-12.39,-12.78,-12.39,-12.56,-12.39,-12.78,-12.34,-12.34,-12.70,-12.39,-13.19
-12.83,-12.83,-12.48,-12.70,-12.97,-12.92,-12.78,-12.78,-12.70,-12.34,-12.70,-12.78,-12.78,-12.83,-12.61,-12.70,-13.06,-12.39,-12.61,-13.33,-12.61,-13.06,-12.61,-12.83,-12.61,-12.48,-12.83,-12.56,-12.92,-12.48,-12.56,-12.61,-12.56,-12.48,-12.34,-12.12,-12.61,-12.78,-12.70,-12.70,-12.48,-12.34,-12.34,-12.61,-12.61,-12.26,-12.56,-12.39,-12.61,-12.48,-12.20,-12.92,-12.48,-12.56,-12.61,-12.83,-12.34,-12.70,-12.70,-12.61,-12.92,-12.97,-13.14,-13.06,-12.78,-12.92,-12.61,-12.92,-12.48,-12.97,-12.61,-12.83,-12.78,-12.78,-12.83,-13.06,-12.83,-12.61,-12.61,-12.61,-12.34,-12.56,-12.92,-12.83,-13.14,-12.61,-12.12,-12.70,-12.26,-12.39,-12.20,-12.97,-12.83,-12.56,-12.70,-12.83,-12.56,-12.48,-12.56,-12.56,-12.92,-12.70,-12.97,-12.92,-12.56,-12.56,-12.70,-12.83,-12.61,-12.92,-12.78,-12.56,-12.78,-12.56,-12.48,-12.78,-12.78,-12.61,-12.70,-12.61,-12.20,-12.48,-12.61,-12.61,-12.61,-12.39,-12.61,-12.56,-12.48,-12.70,-12.70,-12.26,-12.70,-12.48,-12.78,-12.61,-12.39,-12.56,-12.48,-12.61,-12.70,-12.61,-12.56,-12.78,-12.83,-12.61,-12.56,-12.70,-12.39,-12.70,-12.56,-12.61,-12.70,-12.61,-12.56,-12.61,-12.56,-12.92,-12.70,-12.39,-12.70,-12.78,-12.48,-12.61,-12.48,-12.56,-12.70,-12.92,-12.20,-12.34,-12.34,-12.34,-12.12,-12.12,-12.39,-11.90,-12.20,-12.48,-12.20,-11.98,-12.39,-11.76,-12.04,-12.20,-12.12,-12.04,-11.90,-11.90,-11.76,-11.98,-12.12,-12.12,-12.34,-11.76,-12.34,-12.12,-12.12,-11.98,-12.12,-12.26,-12.26,-12.26,-11.98,-12.48,-12.20,-11.98,-12.56,-11.90,-11.90,-11.68,-12.12,-12.26,-12.20,-11.85,-11.98,-12.39,-12.26,-12.70,-12.39,-12.70,-12.04,-12.56,-12.34,-12.83,-12.48,-12.56,-12.56,-12.34,-12.61,-12.61,-12.34,-12.56,-12.48,-12.70,-12.48,-12.70,-12.70,-12.56,-12.78,-12.61,-12.78,-12.48,-12.61,-12.48,-12.83,-12.70,-12.70,-12.56,-12.83,-12.70,-12.83,-12.78,-12.39,-12.61,-12.78,-12.97,-12.78,-12.34,-12.61,-12.78,-12.78,-12.48,-12.78,-12.83,-12.56,-12.70,-12.78,-12.56,-12.48,-12.70,-12.56,-12.34,-12.56,-12.92,-12.39,-12.70,-12.39,-12.61,-12.92,-12.70,-12.48,-12.61,-12.70,-12.83,-12.56,-12.26,-12.56,-12.78,-12.97,-12.83,-12.92,-12.56,-12.92,-12.70,-12.61,-12.78,-12.34,-12.92,-12.83,-12.48,-12.70,-12.70,-12.56,-12.39,-12.83,-12.70,-12.39,-12.56,-12.78,-12.70,-12.78,-12.78,-12.92,-12.83,-12.92,-12.83,-12.56,-12.70,-12.92,-12.97,-12.78,-12.97,-13.06,-12.97,-12.48,-12.56,-12.61,-12.48,-12.39,-12.39,-12.83,-12.56,-13.14,-12.56,-12.39,-12.34,-12.56,-12.70,-12.34,-12.56,-12.26,-12.34,-12.39,-12.78,-12.04,-12.48,-12.70,-12.26,-12.26,-12.39,-12.26,-12.48,-12.39,-12.48,-12.56,-12.20,-12.83,-12.61,-12.92,-12.20,-12.39,-12.39,-12.20,-12.70,-12.56,-12.26,-12.70,-12.39,-12.20,-12.61,-12.39,-12.26,-12.20,-12.61,-12.61,-12.39,-12.78,-12.34,-12.61,-12.78,-12.56,-12.61
-12.83,-12.83,-12.78,-12.92,-12.97,-12.61,-12.83,-12.48,-12.78,-12.56,-12.56,-12.70,-13.19,-12.39,-12.48,-12.78,-12.78,-12.48,-12.70,-12.48,-12.83,-12.70,-12.56,-12.56,-12.56,-12.56,-12.70,-12.61,-12.70,-12.48,-12.12,-12.83,-12.56,-12.48,-12.56,-12.26,-12.61,-12.26,-12.26,-12.26,-12.61,-12.61,-12.61,-12.26,-12.39,-12.12,-12.48,-12.12,-12.34,-12.61,-12.48,-12.70,-12.39,-12.12,-12.48,-12.83,-12.70,-12.83,-12.92,-12.78,-12.78,-12.61,-12.61,-13.06,-12.83,-12.78,-13.06,-12.70,-12.70,-13.28,-12.83,-12.78,-12.78,-12.83,-12.61,-12.56,-12.61,-12.70,-12.26,-12.61,-12.39,-12.48,-12.61,-12.92,-12.70,-12.61,-12.48,-12.97,-12.78,-12.92,-12.48,-12.92,-12.61,-12.34,-12.83,-12.83,-12.70,-12.61,-12.61,-12.61,-12.61,-12.92,-12.39,-13.06,-12.70,-12.83,-12.78,-12.48,-12.78,-12.97,-12.39,-13.14,-12.78,-12.39,-12.70,-12.78,-12.48,-12.56,-12.83,-12.92,-12.70,-12.61,-12.48,-12.56,-13.06,-12.34,-12.56,-12.83,-12.48,-12.61,-12.78,-12.70,-12.39,-12.61,-12.70,-12.78,-12.78,-12.83,-12.70,-12.92,-12.34,-12.48,-12.48,-12.56,-12.78,-12.61,-12.78,-12.56,-12.92,-12.56,-12.39,-12.34,-12.70,-12.61,-12.39,-12.34,-12.61,-12.34,-12.61,-12.70,-12.56,-12.56,-12.56,-12.39,-13.14,-12.34,-12.39,-12.78,-12.39,-12.61,-12.61,-12.34,-12.20,-12.26,-12.26,-12.04,-12.04,-12.04,-12.04,-12.34,-12.26,-12.12,-12.04,-12.26,-11.90,-12.04,-11.90,-12.12,-11.76,-12.04,-12.20,-12.20,-12.39,-12.04,-12.20,-12.39,-12.20,-11.90,-11.90,-12.12,-11.85,-11.68,-12.12,-12.48,-11.98,-12.20,-12.39,-12.04,-12.04,-12.20,-11.68,-12.34,-12.12,-12.12,-12.26,-12.12,-12.48,-12.26,-12.61,-12.20,-12.61,-12.56,-12.56,-12.56,-12.61,-12.61,-12.61,-12.56,-12.56,-12.83,-12.56,-12.56,-12.61,-12.70,-12.56,-12.48,-12.48,-12.70,-12.83,-12.48,-12.48,-12.78,-12.39,-12.61,-12.56,-12.39,-12.48,-12.39,-12.83,-12.56,-12.70,-12.70,-12.83,-12.61,-12.78,-13.14,-12.97,-12.70,-12.56,-12.70,-12.78,-12.78,-12.78,-12.78,-12.56,-12.56,-12.61,-12.48,-12.78,-12.61,-12.48,-12.39,-12.48,-12.48,-12.39,-12.26,-12.61,-12.78,-12.78,-12.61,-12.48,-12.78,-12.61,-12.70,-12.48,-12.61,-12.92,-12.97,-12.61,-12.70,-12.56,-12.78,-12.26,-12.70,-12.92,-12.70,-12.97,-12.61,-12.83,-12.97,-13.06,-12.70,-12.39,-12.97,-12.70,-12.92,-12.70,-12.97,-12.61,-12.92,-12.70,-12.83,-12.78,-12.56,-12.61,-12.92,-13.06,-12.61,-12.56,-12.61,-12.61,-12.78,-12.83,-12.83,-12.48,-12.97,-12.78,-12.61,-12.61,-12.97,-12.61,-13.06,-12.97,-12.92,-12.78,-12.61,-12.39,-12.48,-12.34,-12.26,-12.26,-12.34,-12.34,-12.26,-12.12,-12.48,-12.12,-12.48,-12.12,-12.61,-12.56,-12.39,-12.39,-12.61,-12.48,-12.56,-12.48,-12.26,-12.20,-12.56,-12.78,-12.26,-12.78,-12.78,-11.98,-12.34,-12.48,-12.61,-12.92,-12.39,-12.39,-12.61,-12.61,-12.56,-12.92,-12.34,-12.48,-12.48,-12.39,-12.61,-12.83,-12.61
-12.61,-12.70,-13.06,-12.34,-13.06,-12.78,-12.70,-12.78,-12.56,-12.39,-12.56,-12.56,-12.70,-12.48,-12.39,-12.26,-12.26,-12.39,-12.78,-12.61,-12.78,-12.70,-12.56,-12.56,-12.61,-12.12,-12.61,-12.56,-12.48,-12.39,-12.61,-12.26,-12.34,-12.04,-12.26,-12.78,-12.34,-12.34,-12.48,-12.12,-12.12,-12.56,-12.39,-12.48,-12.61,-12.61,-12.78,-12.78,-12.26,-12.56,-12.70,-12.61,-12.61,-12.70,-12.92,-12.70,-12.78,-12.70,-12.92,-12.83,-12.83,-12.78,-12.92,-12.97,-13.33,-12.78,-12.70,-13.19,-12.56,-12.56,-12.78,-12.48,-12.39,-12.78,-13.19,-12.61,-12.97,-12.92,-12.92,-12.92,-12.83,-12.70,-12.83,-12.97,-12.78,-12.39,-12.61,-12.70,-12.78,-12.39,-12.70,-12.70,-12.97,-12.83,-12.78,-12.70,-12.48,-12.70,-13.14,-12.39,-12.39,-12.34,-12.48,-12.61,-12.92,-12.61,-12.56,-12.61,-12.70,-12.48,-12.48,-12.97,-12.92,-12.83,-12.92,-12.78,-12.61,-12.56,-12.26,-12.39,-12.97,-12.56,-12.97,-12.92,-12.78,-12.92,-12.78,-12.92,-12.78,-12.39,-12.56,-12.78,-12.61,-12.56,-12.56,-12.56,-12.39,-12.56,-12.34,-12.70,-12.48,-12.39,-12.83,-12.83,-12.70,-12.48,-12.56,-12.97,-12.61,-12.70,-12.83,-12.48,-12.39,-12.70,-12.56,-12.61,-12.83,-12.78,-12.56,-12.48,-12.39,-12.26,-12.34,-12.26,-12.39,-12.97,-12.78,-12.39,-12.56,-12.34,-12.26,-11.98,-12.12,-12.04,-12.39,-11.98,-11.90,-12.12,-12.12,-12.04,-12.26,-11.90,-12.20,-12.04,-11.90,-12.12,-12.20,-12.04,-11.76,-12.12,-11.98,-12.04,-12.48,-12.04,-11.98,-12.20,-12.04,-12.20,-12.04,-12.04,-12.20,-11.68,-11.85,-12.20,-12.04,-12.12,-12.04,-11.98,-12.04,-12.34,-11.90,-12.12,-11.98,-11.90,-12.12,-12.12,-12.70,-12.34,-12.34,-12.39,-12.39,-12.78,-12.48,-12.56,-12.34,-12.48,-12.48,-12.39,-12.70,-12.48,-12.48,-12.61,-12.70,-12.61,-12.92,-12.39,-12.97,-12.48,-12.61,-12.48,-12.78,-12.83,-12.78,-12.92,-12.70,-12.83,-13.06,-12.78,-12.39,-12.26,-12.97,-12.39,-12.56,-12.56,-12.97,-12.61,-12.56,-12.56,-12.70,-12.61,-12.61,-12.61,-12.48,-13.06,-12.56,-12.56,-12.70,-12.61,-12.70,-12.70,-12.48,-12.48,-12.92,-12.39,-12.70,-12.70,-12.48,-12.48,-12.61,-12.70,-12.20,-12.92,-12.70,-12.78,-12.61,-12.92,-12.78,-12.39,-12.39,-12.92,-12.56,-12.48,-12.70,-12.56,-12.78,-12.61,-12.83,-12.56,-12.78,-12.61,-12.70,-12.92,-12.48,-12.26,-12.70,-12.48,-12.61,-12.92,-12.70,-12.92,-13.14,-12.92,-12.92,-12.56,-12.56,-12.48,-12.83,-12.70,-12.78,-12.56,-12.56,-12.83,-12.97,-12.83,-12.78,-12.70,-12.97,-13.14,-13.14,-12.97,-12.83,-13.33,-13.14,-12.39,-12.48,-11.98,-12.61,-12.20,-12.61,-12.12,-12.26,-12.48,-12.83,-12.78,-12.48,-12.56,-12.34,-12.34,-12.78,-12.39,-12.61,-12.26,-12.26,-12.61,-12.39,-12.39,-12.61,-12.48,-12.48,-12.48,-12.39,-12.26,-12.20,-12.70,-12.48,-12.70,-12.39,-12.56,-12.61,-12.39,-12.12,-12.48,-12.61,-12.61,-12.70,-12.78,-12.78,-12.70,-12.56,-12.48,-12.56,-12.48
-12.83,-12.48,-12.78,-13.14,-12.83,-12.83,-12.97,-12.70,-12.34,-13.06,-12.56,-12.48,-12.61,-12.34,-12.56,-12.34,-12.20,-12.56,-12.78,-12.70,-12.61,-12.48,-12.56,-12.48,-12.56,-12.61,-12.26,-12.83,-12.20,-12.39,-12.39,-12.20,-12.48,-12.20,-12.61,-12.56,-12.48,-12.39,-12.48,-12.56,-12.26,-12.34,-12.61,-12.61,-12.70,-12.39,-12.34,-12.56,-12.34,-12.20,-12.61,-12.34,-12.34,-12.34,-12.39,-12.61,-12.78,-12.70,-12.56,-12.48,-12.92,-13.14,-12.56,-13.33,-13.06,-12.92,-12.97,-12.78,-12.92,-13.14,-12.78,-12.78,-12.83,-12.26,-12.70,-12.61,-12.83,-12.83,-12.83,-12.78,-12.48,-12.78,-12.61,-12.39,-12.83,-12.97,-12.92,-12.61,-12.39,-12.83,-12.92,-12.39,-12.83,-12.39,-12.48,-12.70,-12.56,-12.61,-12.92,-12.56,-12.92,-12.61,-12.83,-12.61,-12.61,-12.39,-12.70,-12.70,-12.70,-12.48,-12.56,-13.14,-12.61,-12.56,-12.61,-12.56,-12.39,-12.83,-12.56,-12.70,-12.61,-12.39,-12.83,-12.78,-12.83,-12.83,-12.78,-12.56,-12.39,-12.70,-12.56,-12.26,-13.14,-12.78,-12.78,-12.92,-12.61,-12.56,-12.56,-12.61,-12.78,-12.48,-12.39,-12.70,-13.06,-12.78,-12.26,-12.34,-12.26,-12.56,-12.70,-12.70,-12.78,-12.70,-12.39,-12.26,-12.48,-12.70,-12.56,-12.39,-12.56,-12.34,-12.20,-12.70,-12.70,-12.56,-11.90,-12.26,-12.70,-12.20,-12.20,-12.34,-12.20,-11.98,-12.20,-12.26,-12.12,-11.90,-12.12,-12.12,-12.12,-12.70,-12.04,-12.20,-11.90,-12.04,-11.85,-12.20,-12.04,-11.90,-12.26,-11.98,-11.90,-12.12,-11.98,-11.90,-11.90,-12.20,-12.20,-12.04,-12.20,-12.39,-12.20,-11.98,-11.90,-12.20,-11.90,-11.85,-12.20,-12.04,-12.04,-12.12,-12.20,-12.34,-12.20,-12.04,-11.98,-12.12,-12.70,-12.48,-12.61,-12.26,-12.97,-12.34,-12.56,-12.34,-12.70,-12.56,-12.92,-12.70,-12.61,-12.61,-12.61,-12.48,-12.83,-12.48,-12.56,-12.48,-12.56,-12.48,-12.61,-12.56,-12.78,-12.70,-12.48,-12.48,-12.83,-12.56,-12.70,-12.83,-12.92,-13.14,-12.78,-12.92,-12.56,-12.78,-12.39,-12.56,-12.56,-12.78,-12.48,-12.70,-12.92,-12.97,-12.34,-12.70,-12.92,-12.78,-12.61,-12.34,-12.61,-12.78,-12.48,-13.14,-12.61,-12.78,-12.83,-12.78,-12.56,-12.83,-12.78,-12.56,-12.56,-12.48,-12.61,-12.56,-12.70,-12.61,-12.56,-12.70,-12.61,-12.70,-12.61,-12.83,-12.92,-12.78,-12.70,-12.83,-12.92,-12.70,-12.92,-12.78,-12.56,-12.56,-12.70,-12.83,-12.70,-12.78,-12.78,-12.34,-12.83,-12.97,-12.70,-12.97,-12.83,-12.97,-12.70,-12.92,-12.56,-12.70,-12.61,-13.19,-12.61,-12.83,-12.78,-12.92,-12.92,-13.14,-12.56,-12.61,-12.92,-12.70,-12.70,-12.70,-12.78,-12.92,-12.48,-12.70,-12.70,-12.48,-12.70,-12.78,-12.39,-12.34,-12.12,-12.48,-12.48,-12.48,-12.26,-12.26,-12.70,-12.39,-12.61,-12.48,-12.48,-12.26,-12.48,-12.70,-12.39,-12.78,-12.26,-12.34,-12.56,-12.61,-12.48,-12.56,-12.48,-12.83,-12.39,-12.61,-12.48,-12.56,-12.61,-12.26,-12.83,-12.61,-12.61,-12.48,-12.83,-12.92,-12.70,-12.70
-12.20,-12.78,-12.39,-12.92,-12.39,-12.92,-12.61,-12.48,-12.70,-12.48,-12.92,-12.70,-12.34,-12.70,-12.70,-12.34,-12.48,-12.39,-12.70,-12.34,-12.70,-12.34,-12.78,-12.56,-12.26,-12.70,-12.48,-12.39,-12.70,-12.39,-12.56,-12.48,-12.56,-12.26,-12.34,-12.70,-12.48,-12.34,-12.34,-12.48,-12.12,-12.34,-12.26,-12.70,-12.78,-12.20,-12.39,-12.39,-12.61,-12.83,-12.26,-12.56,-12.48,-12.39,-12.20,-12.97,-12.78,-12.92,-12.70,-12.48,-12.97,-12.48,-13.14,-12.83,-12.61,-12.48,-12.56,-12.92,-12.70,-12.70,-12.70,-12.83,-12.97,-12.61,-12.56,-12.78,-12.61,-12.48,-12.92,-12.56,-12.61,-12.97,-12.70,-12.92,-12.83,-12.92,-12.39,-12.56,-12.48,-12.70,-12.78,-12.61,-12.83,-12.70,-12.78,-12.83,-12.39,-12.70,-12.78,-12.92,-12.78,-13.06,-12.70,-12.78,-12.78,-12.39,-12.70,-12.83,-12.61,-12.92,-12.78,-12.92,-12.61,-12.83,-12.39,-12.56,-12.56,-12.61,-12.34,-12.83,-12.56,-12.26,-12.61,-12.56,-12.61,-12.78,-12.48,-12.78,-12.56,-12.56,-12.92,-12.56,-12.61,-12.39,-12.78,-12.48,-12.61,-12.48,-12.61,-12.70,-12.83,-12.92,-12.56,-12.56,-12.34,-12.83,-12.92,-12.78,-12.70,-12.12,-12.34,-12.48,-12.56,-12.56,-12.78,-12.70,-12.39,-12.39,-12.56,-12.56,-12.61,-12.56,-12.48,-12.83,-12.61,-12.48,-12.61,-12.56,-12.39,-12.48,-12.04,-12.04,-11.98,-12.34,-12.26,-11.90,-12.12,-12.20,-12.12,-12.20,-12.12,-12.12,-12.26,-11.90,-11.90,-12.26,-11.85,-11.98,-12.26,-12.26,-11.90,-11.90,-12.39,-12.04,-12.12,-12.34,-12.26,-12.12,-12.04,-11.98,-12.34,-12.56,-11.85,-11.63,-11.98,-12.56,-11.98,-12.04,-11.98,-11.85,-12.39,-12.04,-12.12,-12.04,-12.48,-12.12,-12.26,-12.48,-12.34,-12.39,-12.70,-12.61,-12.56,-12.61,-12.34,-12.56,-12.34,-12.26,-12.78,-12.20,-12.61,-12.83,-12.56,-12.34,-12.78,-12.97,-12.78,-12.61,-12.56,-12.34,-12.78,-12.56,-12.78,-12.56,-12.83,-12.78,-12.92,-12.92,-12.83,-12.61,-12.83,-12.56,-12.61,-13.06,-13.06,-12.70,-12.70,-12.26,-12.26,-12.61,-12.61,-12.78,-12.70,-12.61,-12.39,-12.92,-12.20,-12.97,-12.39,-12.56,-12.56,-12.78,-12.61,-12.92,-12.97,-12.61,-12.78,-12.61,-12.56,-12.61,-12.83,-12.56,-12.39,-12.78,-12.70,-12.78,-12.70,-12.70,-12.61,-12.48,-12.56,-12.61,-12.70,-12.78,-12.70,-12.61,-12.78,-12.92,-12.78,-12.39,-12.61,-12.83,-12.70,-12.78,-12.48,-12.83,-12.92,-12.92,-12.78,-12.83,-12.78,-12.78,-12.48,-12.48,-12.48,-12.61,-12.56,-12.97,-13.14,-13.06,-12.48,-12.78,-12.61,-12.83,-13.06,-12.70,-13.14,-13.14,-12.78,-12.70,-12.92,-12.97,-12.92,-12.78,-12.48,-12.48,-12.39,-12.78,-12.26,-12.34,-12.78,-12.70,-12.48,-12.39,-12.70,-12.39,-12.34,-12.70,-12.70,-12.34,-12.61,-12.56,-12.26,-12.39,-12.70,-12.56,-12.56,-12.48,-12.26,-12.48,-12.34,-12.34,-12.39,-12.39,-12.34,-12.70,-12.61,-12.26,-12.20,-12.39,-12.48,-12.20,-12.39,-12.56,-12.56,-12.39,-12.48,-12.70,-12.34,-13.14,-12.61,-12.83
-12.83,-12.39,-12.70,-12.56,-12.48,-12.97,-12.92,-12.97,-12.70,-12.48,-12.78,-12.56,-12.34,-12.34,-12.34,-12.56,-12.26,-12.39,-12.78,-12.70,-12.39,-12.48,-12.56,-12.48,-12.48,-12.48,-12.39,-12.61,-12.48,-12.61,-12.39,-12.20,-12.56,-12.26,-12.48,-12.56,-12.61,-12.48,-12.56,-12.34,-12.26,-12.26,-12.20,-12.34,-12.34,-12.78,-12.61,-12.04,-12.70,-12.34,-12.83,-12.26,-12.39,-12.78,-12.70,-12.70,-12.83,-12.78,-13.19,-12.83,-12.78,-12.78,-12.92,-13.06,-12.92,-12.70,-12.78,-12.70,-12.39,-12.70,-12.70,-12.61,-12.92,-12.78,-12.78,-12.61,-12.97,-12.97,-12.39,-12.70,-12.78,-12.39,-12.70,-12.48,-12.92,-12.92,-13.06,-13.19,-12.78,-12.61,-12.61,-12.78,-12.83,-12.78,-12.92,-12.56,-12.39,-12.92,-12.61,-13.06,-12.70,-12.39,-12.97,-12.61,-12.48,-12.70,-12.61,-12.34,-12.92,-12.97,-12.56,-12.48,-12.97,-12.48,-12.83,-12.78,-12.34,-12.61,-12.78,-12.61,-12.70,-12.61,-12.78,-12.61,-12.12,-12.78,-12.34,-12.34,-12.78,-12.39,-12.78,-12.78,-12.70,-12.70,-12.56,-12.34,-12.70,-12.61,-12.92,-12.56,-12.56,-12.83,-12.70,-12.61,-12.56,-12.78,-12.70,-12.34,-12.83,-12.61,-12.83,-12.70,-12.70,-12.56,-12.97,-12.48,-12.78,-12.56,-12.83,-12.34,-12.83,-12.83,-12.61,-12.70,-12.70,-12.56,-12.78,-12.70,-12.48,-12.61,-11.98,-12.12,-12.34,-12.34,-12.12,-12.12,-11.76,-12.04,-11.85,-12.12,-12.12,-12.20,-12.26,-12.26,-12.26,-12.20,-11.90,-12.04,-11.98,-11.76,-12.34,-11.76,-11.90,-11.90,-12.12,-11.90,-12.48,-11.90,-12.20,-12.34,-12.12,-12.04,-11.85,-12.12,-11.85,-12.26,-11.85,-12.12,-12.12,-12.26,-12.20,-12.39,-11.85,-12.26,-12.26,-12.48,-12.39,-12.26,-12.56,-12.56,-12.83,-12.34,-12.56,-12.78,-12.39,-12.70,-12.39,-12.61,-12.56,-12.34,-12.56,-13.06,-12.61,-12.39,-12.39,-13.06,-12.48,-12.56,-12.61,-12.56,-12.56,-12.56,-12.83,-12.56,-12.20,-12.70,-12.83,-13.06,-12.78,-12.48,-12.48,-12.83,-12.92,-12.78,-12.34,-12.92,-12.83,-13.06,-12.78,-12.83,-12.83,-13.14,-12.70,-12.61,-12.61,-12.61,-12.97,-12.39,-12.92,-12.48,-12.83,-12.92,-12.78,-12.48,-13.06,-12.83,-12.39,-12.61,-12.70,-12.97,-12.70,-12.61,-12.78,-12.83,-12.78,-12.56,-12.70,-12.70,-12.56,-12.61,-12.83,-12.61,-12.39,-12.61,-12.92,-12.83,-12.61,-12.97,-12.39,-12.61,-12.92,-12.61,-12.78,-12.92,-12.70,-12.70,-12.92,-12.56,-12.61,-12.56,-12.92,-12.61,-12.83,-13.06,-12.78,-12.83,-12.78,-12.70,-12.92,-13.06,-12.61,-12.61,-12.70,-13.06,-13.14,-13.06,-12.61,-12.92,-12.78,-13.14,-12.78,-12.61,-12.78,-13.06,-12.61,-13.06,-12.78,-12.61,-12.61,-12.56,-12.48,-12.70,-12.83,-12.34,-12.48,-12.70,-12.48,-12.56,-12.70,-12.48,-12.48,-12.61,-12.70,-12.70,-12.34,-12.61,-12.70,-12.56,-12.34,-12.56,-12.61,-12.34,-12.39,-12.61,-12.61,-12.26,-12.48,-12.26,-12.12,-12.61,-12.56,-12.20,-12.61,-12.83,-12.48,-12.56,-12.34,-12.26,-12.39,-12.70,-12.78,-12.26
-12.56,-13.19,-12.78,-12.61,-13.14,-12.78,-12.92,-12.61,-12.56,-12.70,-12.61,-12.97,-12.61,-12.61,-12.83,-12.92,-12.48,-12.61,-12.39,-12.70,-12.70,-12.48,-12.70,-12.26,-12.83,-12.48,-12.61,-12.92,-12.39,-12.48,-12.61,-12.48,-12.56,-12.39,-12.56,-12.61,-12.56,-12.39,-12.34,-12.48,-12.39,-12.61,-12.61,-12.97,-12.48,-12.83,-12.83,-12.34,-12.34,-12.70,-12.20,-12.83,-12.48,-12.56,-12.12,-12.97,-12.61,-12.70,-12.70,-12.78,-12.92,-13.06,-12.97,-12.39,-12.92,-13.14,-12.70,-12.70,-13.06,-12.83,-12.70,-12.92,-12.92,-12.70,-12.92,-12.56,-12.78,-12.61,-12.61,-12.39,-12.92,-12.39,-12.61,-12.83,-13.06,-12.56,-12.78,-12.78,-12.70,-13.06,-13.06,-12.97,-12.78,-12.78,-12.61,-12.70,-12.56,-12.78,-12.48,-12.78,-12.61,-12.70,-12.83,-12.92,-12.61,-12.78,-12.61,-12.48,-12.83,-12.39,-12.92,-12.48,-12.78,-12.48,-12.70,-12.78,-12.78,-12.48,-12.39,-12.92,-12.56,-12.56,-12.56,-12.56,-12.78,-12.61,-12.83,-12.83,-12.70,-12.48,-12.92,-12.48,-12.83,-12.39,-12.78,-12.39,-13.14,-12.34,-12.78,-12.61,-12.39,-12.78,-13.19,-12.83,-12.70,-12.61,-12.56,-12.78,-12.34,-12.83,-12.78,-12.56,-12.78,-12.61,-12.48,-12.61,-12.56,-12.26,-12.56,-12.39,-12.78,-12.78,-12.70,-12.70,-12.83,-12.34,-12.56,-12.48,-12.61,-12.34,-12.48,-11.85,-12.26,-12.20,-11.98,-12.34,-12.39,-12.26,-12.34,-12.04,-12.12,-12.39,-12.26,-11.63,-12.26,-11.98,-11.90,-12.56,-12.12,-12.12,-12.26,-11.85,-11.85,-11.98,-11.98,-12.26,-11.76,-11.90,-11.76,-12.20,-12.20,-12.04,-12.04,-11.98,-12.20,-11.85,-12.20,-12.34,-12.04,-12.26,-12.04,-12.04,-11.85,-12.04,-12.48,-12.39,-12.20,-12.70,-12.26,-12.61,-12.56,-12.61,-12.70,-12.70,-12.34,-12.61,-12.70,-12.56,-12.92,-12.56,-12.70,-12.92,-12.61,-12.26,-12.61,-12.39,-12.26,-12.70,-12.48,-12.61,-12.34,-13.06,-12.61,-12.56,-12.61,-12.56,-12.83,-12.26,-12.83,-12.48,-12.48,-12.61,-12.83,-12.48,-12.83,-12.61,-13.28,-12.56,-12.78,-12.48,-12.61,-12.92,-12.61,-12.70,-12.61,-12.56,-12.78,-12.78,-12.56,-12.48,-12.39,-13.14,-12.48,-12.61,-12.61,-12.56,-12.56,-12.92,-12.83,-12.92,-12.34,-12.78,-12.34,-12.48,-12.56,-12.61,-13.06,-12.83,-12.34,-13.06,-12.34,-12.48,-12.70,-13.06,-12.97,-12.78,-12.78,-12.97,-12.61,-12.83,-12.97,-13.06,-13.06,-12.83,-12.61,-12.61,-12.83,-12.56,-12.78,-12.78,-12.78,-12.83,-12.70,-12.48,-12.97,-12.56,-12.34,-12.78,-12.78,-12.70,-12.70,-12.92,-12.61,-12.97,-12.92,-12.78,-12.97,-12.83,-12.78,-12.70,-12.61,-12.61,-12.70,-12.56,-12.48,-12.97,-12.39,-12.70,-12.39,-12.26,-12.26,-12.48,-12.70,-12.34,-12.12,-12.48,-12.70,-12.26,-12.92,-12.56,-12.48,-12.70,-12.34,-12.34,-12.39,-12.39,-12.78,-12.61,-12.70,-12.34,-12.34,-12.61,-12.56,-12.61,-12.12,-12.39,-12.61,-12.70,-12.34,-12.78,-12.78,-12.78,-12.39,-12.61,-12.61,-12.39,-12.61,-12.56,-12.70,-12.78,-12.48,-12.61
-12.70,-12.78,-12.78,-12.97,-12.78,-12.92,-12.78,-12.61,-12.78,-12.83,-12.39,-12.70,-12.78,-12.83,-13.06,-12.70,-12.56,-12.39,-12.48,-12.48,-12.34,-12.83,-12.83,-12.78,-12.78,-12.61,-12.70,-12.78,-12.39,-12.39,-12.56,-12.26,-12.78,-12.70,-12.78,-12.92,-12.48,-12.12,-12.48,-12.48,-12.39,-12.39,-12.20,-12.92,-12.70,-12.34,-12.70,-12.61,-12.70,-12.34,-12.61,-12.39,-12.92,-12.78,-12.61,-12.78,-12.78,-12.70,-12.83,-12.97,-12.83,-13.14,-13.14,-12.78,-13.14,-12.70,-12.83,-12.56,-13.19,-13.06,-12.83,-12.48,-12.92,-12.70,-12.92,-12.56,-12.97,-13.19,-12.61,-12.83,-12.78,-12.92,-12.92,-12.83,-12.97,-12.78,-12.78,-12.70,-12.61,-12.92,-12.78,-12.48,-12.61,-12.70,-12.56,-12.78,-12.78,-12.39,-12.61,-12.70,-12.92,-12.56,-12.61,-12.56,-12.92,-12.56,-12.83,-12.61,-12.78,-12.39,-12.26,-12.78,-12.48,-12.83,-12.61,-12.92,-12.78,-12.70,-12.56,-12.61,-12.61,-12.39,-12.48,-12.83,-12.70,-12.56,-12.48,-12.48,-12.83,-12.20,-12.48,-12.92,-12.56,-12.39,-12.70,-12.48,-12.70,-12.61,-12.70,-12.56,-12.61,-12.70,-12.48,-12.83,-12.61,-12.48,-12.56,-12.83,-12.48,-12.56,-12.78,-12.70,-12.20,-12.56,-12.92,-12.61,-12.61,-12.83,-12.61,-12.39,-12.92,-12.56,-12.61,-12.34,-12.61,-12.56,-12.48,-12.39,-12.70,-12.48,-12.34,-12.12,-12.34,-12.61,-12.04,-11.98,-11.85,-12.12,-12.20,-12.04,-12.34,-12.12,-12.20,-11.98,-12.20,-12.26,-12.20,-11.68,-11.90,-11.68,-11.76,-12.12,-12.20,-12.20,-12.20,-11.85,-11.90,-11.98,-12.20,-12.04,-12.04,-11.90,-11.98,-11.98,-11.98,-11.98,-11.90,-11.98,-12.12,-12.20,-11.98,-12.39,-12.20,-12.39,-12.26,-12.04,-12.34,-12.78,-12.34,-12.78,-12.39,-12.70,-12.26,-12.39,-12.61,-12.56,-12.83,-12.48,-12.56,-12.61,-12.56,-12.83,-12.70,-12.70,-12.04,-12.61,-12.78,-12.70,-12.70,-12.70,-12.48,-12.78,-12.48,-12.34,-12.70,-12.70,-12.56,-12.83,-12.70,-12.78,-12.56,-12.56,-12.39,-12.48,-12.48,-12.39,-12.70,-12.56,-12.70,-12.48,-12.56,-12.70,-12.97,-12.61,-12.61,-12.78,-12.70,-12.70,-12.39,-12.56,-12.34,-12.83,-12.56,-12.39,-12.92,-12.61,-12.92,-12.39,-12.34,-12.61,-12.83,-12.92,-12.48,-12.56,-12.48,-12.61,-12.83,-12.39,-12.48,-12.70,-12.56,-12.61,-12.70,-12.56,-12.97,-12.39,-12.61,-12.78,-12.70,-12.83,-12.70,-12.92,-12.78,-12.56,-12.61,-12.61,-12.70,-12.48,-12.92,-12.97,-12.97,-12.83,-12.48,-12.83,-12.56,-13.14,-12.70,-12.61,-12.83,-12.70,-12.78,-12.70,-13.06,-12.61,-12.70,-12.39,-12.97,-12.61,-12.83,-12.70,-12.70,-12.61,-12.78,-12.83,-12.39,-12.61,-12.61,-12.61,-12.70,-12.70,-12.12,-12.26,-12.61,-12.61,-12.48,-12.20,-12.26,-12.70,-12.48,-12.48,-12.34,-12.48,-12.39,-12.48,-12.39,-12.34,-12.26,-12.26,-12.26,-12.61,-12.70,-12.83,-12.56,-12.26,-12.34,-12.20,-12.56,-12.56,-12.39,-12.83,-12.34,-12.26,-12.61,-12.61,-12.48,-12.78,-12.83,-12.61,-12.34,-12.34,-12.48,-12.61
-12.78,-12.61,-12.83,-12.56,-12.83,-13.14,-12.56,-12.34,-12.92,-12.70,-12.83,-12.34,-12.78,-12.34,-12.61,-12.83,-12.83,-12.26,-12.83,-12.61,-12.34,-12.83,-12.61,-12.04,-12.39,-12.61,-12.61,-12.78,-12.48,-12.61,-12.48,-12.78,-12.78,-12.20,-12.61,-12.61,-12.56,-12.34,-12.39,-12.97,-12.34,-12.34,-12.70,-12.34,-12.78,-12.34,-12.48,-12.34,-12.39,-13.06,-12.78,-12.78,-12.48,-12.56,-12.78,-12.83,-12.83,-12.92,-12.92,-12.39,-12.61,-12.92,-12.92,-12.70,-12.78,-12.92,-12.92,-12.61,-12.78,-12.78,-13.14,-12.92,-13.19,-12.97,-12.97,-12.97,-12.78,-12.92,-12.78,-12.61,-12.78,-12.78,-12.39,-12.61,-12.34,-12.78,-12.61,-12.83,-12.56,-12.78,-12.48,-12.56,-12.56,-12.78,-12.56,-12.83,-12.56,-13.19,-12.56,-12.92,-12.61,-12.56,-12.39,-12.70,-12.70,-12.83,-12.83,-12.61,-12.92,-12.39,-12.56,-12.61,-12.61,-13.06,-12.97,-12.83,-12.78,-13.06,-12.70,-12.48,-12.48,-12.56,-12.78,-12.78,-12.70,-12.92,-12.70,-12.56,-12.78,-12.70,-12.70,-12.61,-12.61,-12.48,-12.56,-12.04,-12.34,-12.70,-12.61,-13.06,-12.39,-12.70,-12.48,-12.70,-12.34,-12.70,-12.97,-12.56,-12.61,-12.39,-12.92,-12.61,-12.78,-12.48,-12.34,-12.78,-12.97,-12.34,-12.61,-12.48,-12.70,-12.56,-12.70,-12.56,-12.61,-12.34,-12.04,-12.56,-12.48,-12.56,-11.98,-12.34,-12.26,-11.98,-12.12,-11.90,-12.04,-11.76,-12.48,-11.98,-11.98,-12.20,-11.98,-12.26,-12.04,-12.20,-12.04,-11.85,-12.12,-11.98,-11.55,-12.26,-12.20,-12.04,-12.20,-12.34,-11.98,-12.04,-11.90,-11.90,-11.98,-12.12,-11.98,-12.04,-12.20,-12.34,-11.98,-12.20,-11.98,-12.04,-11.85,-12.12,-11.90,-12.04,-12.26,-12.04,-12.34,-12.61,-12.34,-12.34,-12.12,-12.48,-12.56,-12.56,-12.48,-12.83,-12.56,-12.26,-12.92,-12.56,-12.34,-12.56,-13.14,-12.78,-12.70,-12.70,-12.56,-12.78,-12.26,-12.56,-12.61,-12.78,-12.70,-12.61,-12.48,-12.39,-12.83,-12.56,-12.83,-12.92,-12.83,-12.61,-12.61,-12.97,-12.61,-12.61,-12.78,-12.61,-12.48,-13.06,-12.56,-12.61,-12.48,-12.92,-12.39,-12.48,-12.83,-12.78,-12.78,-12.70,-12.97,-12.39,-12.83,-12.56,-12.78,-12.83,-12.39,-12.78,-12.70,-12.97,-12.61,-12.56,-12.70,-12.56,-12.56,-12.83,-12.70,-12.56,-12.70,-12.92,-12.78,-12.70,-12.56,-12.34,-12.78,-12.83,-12.92,-13.06,-12.92,-12.61,-12.70,-13.06,-12.78,-12.97,-12.92,-12.92,-12.48,-12.78,-12.78,-12.78,-12.56,-12.70,-12.70,-12.34,-12.83,-12.92,-12.70,-12.92,-12.83,-12.78,-12.56,-13.14,-12.78,-12.70,-12.70,-12.70,-12.83,-12.92,-12.78,-12.97,-12.97,-12.78,-12.78,-12.70,-12.70,-12.39,-12.34,-12.34,-12.56,-12.48,-12.26,-12.48,-12.78,-12.12,-12.70,-12.26,-12.39,-12.48,-12.12,-12.61,-12.12,-12.92,-12.61,-12.39,-12.12,-12.12,-12.61,-12.56,-12.56,-12.39,-12.61,-12.34,-12.48,-12.70,-12.92,-12.12,-12.61,-12.56,-12.39,-12.83,-12.61,-12.26,-12.61,-12.48,-12.34,-12.34,-12.83,-12.48,-12.83,-12.97,-12.48,-12.56
-12.78,-12.92,-12.92,-12.34,-12.61,-12.34,-12.92,-12.39,-12.34,-12.39,-12.61,-12.83,-12.70,-12.34,-12.26,-12.39,-12.48,-12.78,-13.06,-12.56,-12.78,-12.48,-12.48,-12.48,-12.48,-12.48,-12.20,-12.12,-12.56,-12.56,-12.12,-12.26,-12.04,-12.61,-12.12,-12.48,-12.26,-12.48,-12.12,-12.12,-12.56,-12.48,-12.20,-12.56,-12.70,-12.56,-12.70,-12.48,-12.20,-12.34,-12.20,-12.70,-12.04,-12.56,-12.56,-12.61,-12.39,-12.83,-12.92,-12.97,-12.70,-12.97,-12.70,-12.70,-12.97,-13.14,-12.48,-12.78,-12.70,-12.48,-12.70,-12.39,-12.56,-12.70,-12.70,-12.34,-12.92,-12.56,-12.20,-12.56,-12.56,-12.97,-12.34,-12.83,-12.61,-12.83,-13.14,-12.78,-12.78,-12.83,-12.97,-12.92,-13.06,-12.92,-13.06,-13.06,-12.56,-12.92,-12.92,-12.12,-13.14,-12.92,-12.56,-12.70,-12.83,-12.78,-12.78,-12.83,-12.70,-12.48,-12.39,-12.70,-12.56,-12.83,-12.39,-12.83,-12.70,-12.78,-12.56,-12.39,-12.48,-12.70,-12.39,-12.48,-12.39,-12.48,-12.39,-12.34,-12.70,-12.56,-12.56,-12.97,-12.70,-13.14,-12.12,-12.97,-12.97,-12.39,-12.83,-12.83,-12.39,-12.61,-12.61,-12.83,-12.83,-12.48,-12.48,-12.56,-12.61,-12.39,-12.39,-12.70,-12.56,-12.83,-12.83,-12.61,-12.97,-12.70,-12.34,-12.97,-12.39,-12.70,-12.12,-12.78,-12.78,-12.56,-12.48,-12.61,-12.39,-12.26,-12.04,-12.20,-12.12,-11.85,-12.04,-12.34,-12.04,-12.12,-12.12,-11.85,-11.90,-12.20,-12.20,-11.90,-12.12,-11.68,-11.98,-11.76,-11.85,-11.90,-12.04,-12.39,-11.85,-12.20,-11.76,-12.04,-11.85,-12.12,-12.04,-12.34,-12.39,-11.90,-12.12,-12.12,-11.98,-12.04,-12.04,-12.39,-11.98,-11.98,-11.90,-11.98,-12.34,-12.12,-12.04,-12.34,-12.34,-12.70,-12.48,-12.92,-12.56,-12.56,-12.48,-12.61,-12.61,-12.56,-12.26,-12.70,-12.48,-12.61,-12.70,-12.70,-12.78,-12.39,-12.61,-12.70,-12.70,-12.70,-12.70,-12.78,-12.78,-12.56,-12.56,-12.61,-12.70,-12.83,-12.61,-12.70,-12.70,-12.61,-12.56,-12.61,-12.78,-12.34,-12.97,-12.78,-12.78,-12.83,-12.48,-12.61,-12.78,-12.48,-12.56,-12.61,-12.56,-12.70,-12.78,-12.70,-12.78,-12.48,-12.34,-12.78,-12.56,-12.70,-12.48,-12.92,-13.06,-12.61,-12.48,-12.48,-12.56,-12.78,-12.92,-12.78,-12.83,-12.61,-12.92,-12.39,-12.78,-12.70,-12.83,-12.61,-12.48,-12.83,-12.97,-12.61,-12.48,-12.70,-12.83,-12.97,-12.70,-12.56,-12.70,-12.70,-12.78,-12.61,-12.39,-12.78,-13.06,-12.70,-12.78,-12.83,-12.61,-12.83,-12.56,-12.92,-13.19,-12.92,-12.48,-12.92,-12.78,-12.61,-12.97,-12.48,-12.78,-12.70,-12.92,-12.78,-13.19,-12.78,-12.97,-12.92,-12.78,-12.92,-12.56,-12.61,-12.26,-12.70,-12.34,-12.34,-12.56,-12.26,-12.56,-12.56,-12.12,-12.78,-12.39,-12.56,-12.56,-12.20,-12.48,-12.39,-12.39,-12.61,-12.48,-12.78,-12.48,-12.61,-12.26,-12.48,-12.56,-12.83,-12.78,-12.61,-12.78,-12.56,-12.83,-12.48,-12.48,-12.70,-12.70,-12.78,-12.20,-12.56,-12.48,-12.26,-12.92,-12.78,-12.56,-12.34,-12.70,-12.70
-12.70,-12.39,-13.06,-12.83,-12.78,-12.26,-12.61,-12.61,-12.34,-12.78,-12.78,-12.26,-12.61,-12.61,-12.26,-12.56,-12.61,-12.48,-12.56,-12.70,-12.39,-12.78,-13.14,-12.56,-12.48,-12.04,-12.48,-12.39,-12.61,-12.70,-12.48,-12.20,-12.61,-12.20,-12.56,-12.83,-12.26,-11.98,-12.56,-12.34,-12.34,-12.61,-12.12,-12.34,-12.61,-12.61,-12.39,-12.56,-12.48,-12.56,-12.61,-13.06,-12.39,-12.34,-12.34,-12.70,-12.70,-12.92,-12.70,-12.92,-12.70,-12.70,-12.78,-12.78,-12.70,-12.56,-12.70,-12.78,-12.26,-12.78,-12.34,-12.92,-12.83,-12.83,-12.61,-12.83,-12.83,-12.39,-12.56,-12.61,-12.48,-12.56,-12.04,-12.34,-12.78,-12.70,-12.78,-12.34,-12.83,-12.34,-12.48,-12.92,-12.78,-12.78,-12.48,-12.78,-12.70,-12.70,-12.70,-12.61,-12.61,-13.06,-12.61,-12.83,-12.48,-12.70,-12.97,-12.97,-12.83,-12.61,-12.70,-12.48,-12.48,-12.83,-12.61,-12.92,-12.34,-12.56,-12.61,-12.48,-12.78,-12.34,-12.20,-12.48,-12.83,-12.61,-12.61,-12.92,-12.70,-12.61,-12.61,-12.39,-12.92,-12.56,-12.39,-12.70,-12.78,-12.48,-12.61,-13.06,-12.34,-12.70,-12.56,-12.39,-12.78,-12.20,-12.78,-12.48,-12.97,-12.61,-12.56,-12.56,-12.78,-12.39,-12.48,-12.61,-12.61,-12.70,-12.39,-12.56,-12.56,-12.61,-12.56,-12.78,-12.70,-12.26,-12.26,-12.39,-12.34,-12.20,-12.20,-11.90,-12.56,-12.26,-11.90,-11.76,-11.98,-12.04,-11.90,-12.61,-12.12,-11.68,-11.98,-11.98,-11.90,-11.98,-11.55,-11.90,-11.98,-11.76,-12.12,-11.90,-11.90,-11.85,-11.90,-12.20,-11.98,-11.90,-11.85,-11.98,-12.26,-11.76,-11.85,-12.26,-12.12,-11.98,-11.90,-11.90,-12.20,-12.39,-12.04,-11.98,-12.12,-12.12,-12.04,-12.12,-12.12,-12.04,-12.34,-12.34,-12.12,-12.56,-12.34,-13.06,-12.39,-12.48,-12.39,-12.39,-12.78,-12.70,-12.56,-12.34,-12.26,-12.26,-12.48,-12.61,-12.48,-12.48,-12.70,-12.83,-12.61,-12.39,-12.39,-12.70,-12.56,-12.48,-12.61,-12.70,-12.61,-12.48,-12.48,-12.48,-12.70,-12.20,-12.39,-12.48,-12.78,-12.83,-12.48,-12.56,-12.48,-12.83,-12.83,-12.78,-12.56,-12.78,-12.70,-12.61,-12.61,-11.98,-12.56,-12.83,-12.56,-12.39,-12.56,-12.56,-12.61,-12.39,-12.70,-12.70,-12.97,-12.70,-12.61,-12.97,-12.34,-12.56,-12.78,-12.83,-12.39,-12.61,-12.48,-12.39,-12.78,-12.78,-12.48,-12.78,-12.83,-12.92,-12.48,-12.78,-12.70,-12.78,-12.56,-12.12,-12.56,-12.70,-12.48,-12.56,-12.83,-12.70,-12.26,-12.78,-12.56,-12.56,-12.78,-12.34,-12.78,-13.14,-12.92,-12.70,-12.83,-12.92,-12.70,-13.14,-12.70,-12.70,-12.61,-12.83,-13.28,-12.70,-12.78,-12.56,-12.92,-12.48,-12.70,-12.34,-12.70,-12.26,-12.48,-12.12,-12.56,-12.61,-12.20,-12.56,-12.70,-12.39,-12.39,-12.48,-12.26,-12.56,-12.39,-12.39,-12.34,-12.12,-12.39,-12.56,-12.34,-12.34,-12.61,-12.61,-12.78,-12.20,-12.34,-12.39,-12.34,-12.56,-12.70,-12.70,-12.48,-12.61,-12.39,-12.39,-12.39,-12.70,-12.70,-12.12,-12.61,-12.70,-12.34,-12.70,-12.78,-12.70
-12.70,-12.92,-12.78,-12.83,-12.97,-12.61,-12.61,-12.48,-12.61,-12.61,-12.39,-12.70,-12.61,-12.48,-12.39,-12.39,-12.34,-12.26,-12.39,-12.61,-12.61,-12.61,-12.48,-12.61,-12.34,-12.48,-12.48,-12.61,-12.56,-12.48,-12.39,-12.34,-12.26,-12.61,-12.48,-12.92,-12.39,-12.70,-12.34,-12.61,-12.70,-12.70,-12.48,-12.70,-12.61,-12.34,-12.26,-12.61,-12.26,-12.61,-12.56,-12.61,-12.26,-12.34,-12.56,-12.34,-12.39,-13.14,-12.70,-12.92,-12.39,-12.92,-12.78,-12.39,-12.61,-12.92,-12.97,-12.61,-12.92,-12.83,-12.70,-12.83,-12.61,-12.78,-12.56,-13.06,-12.97,-12.92,-12.61,-12.56,-12.61,-12.70,-12.61,-13.06,-12.70,-12.92,-12.56,-12.78,-12.61,-12.56,-12.61,-12.78,-12.61,-12.70,-12.61,-12.61,-12.92,-12.39,-12.34,-12.56,-12.61,-12.61,-12.83,-12.56,-12.70,-12.56,-12.61,-12.56,-12.48,-12.70,-12.56,-12.92,-12.92,-12.61,-12.78,-12.39,-12.61,-12.78,-12.78,-12.48,-12.48,-12.83,-12.83,-12.83,-12.48,-12.61,-12.61,-12.61,-12.48,-12.61,-12.78,-12.78,-12.48,-12.92,-12.61,-12.39,-12.78,-12.61,-12.39,-12.70,-12.78,-12.48,-12.61,-12.34,-12.48,-12.39,-12.61,-12.70,-12.39,-12.70,-12.39,-12.70,-12.61,-12.26,-12.34,-12.26,-12.39,-12.48,-12.34,-12.70,-12.34,-12.97,-12.26,-12.26,-12.61,-12.39,-12.97,-12.26,-12.48,-12.04,-12.20,-12.34,-12.12,-11.90,-11.90,-11.98,-11.98,-11.98,-12.39,-12.04,-11.98,-11.90,-12.12,-12.04,-11.49,-12.20,-12.20,-11.98,-12.12,-11.90,-11.98,-12.04,-11.98,-11.90,-12.04,-12.26,-11.90,-11.55,-12.20,-11.98,-12.20,-11.85,-12.04,-11.85,-11.98,-12.12,-12.34,-11.90,-11.85,-11.90,-11.68,-12.04,-12.04,-11.85,-12.12,-12.20,-12.39,-12.20,-12.20,-12.70,-12.83,-12.61,-12.12,-12.56,-12.48,-12.61,-12.56,-12.48,-12.26,-12.20,-12.39,-12.56,-12.56,-12.83,-12.61,-12.61,-12.56,-12.70,-12.78,-12.83,-12.61,-12.56,-12.61,-12.56,-12.39,-12.48,-12.56,-12.83,-12.61,-12.56,-12.61,-12.70,-12.61,-12.78,-12.56,-12.56,-12.56,-12.78,-12.70,-12.48,-12.78,-12.61,-12.61,-12.78,-12.92,-13.06,-12.97,-12.39,-12.70,-12.20,-12.48,-12.39,-12.20,-12.48,-12.92,-12.61,-12.48,-12.83,-12.61,-12.78,-12.78,-12.39,-12.26,-12.78,-12.70,-12.70,-12.61,-12.97,-12.61,-12.39,-12.56,-12.70,-12.26,-12.39,-12.61,-12.39,-12.39,-12.61,-12.78,-12.97,-12.92,-12.83,-12.70,-12.83,-12.70,-12.83,-12.97,-12.61,-12.61,-12.56,-13.14,-12.92,-12.78,-12.39,-12.97,-12.70,-13.14,-12.78,-12.48,-12.70,-12.97,-12.70,-12.83,-12.92,-13.06,-12.70,-12.48,-13.06,-12.97,-13.14,-13.06,-12.78,-12.97,-13.06,-13.06,-12.20,-12.20,-12.34,-12.83,-12.34,-12.48,-12.26,-12.48,-12.39,-12.78,-12.34,-12.48,-12.92,-12.56,-12.39,-12.78,-12.39,-12.39,-12.39,-12.39,-12.56,-12.26,-12.56,-12.48,-12.70,-12.48,-12.70,-12.70,-12.70,-12.48,-12.78,-12.39,-12.39,-12.78,-12.48,-12.48,-12.78,-12.48,-12.20,-12.56,-12.39,-12.48,-12.61,-12.34,-12.70,-12.56,-12.48
-12.61,-12.61,-12.61,-12.70,-12.78,-12.70,-12.48,-12.83,-12.20,-12.78,-12.70,-12.70,-12.70,-12.97,-12.70,-12.56,-12.39,-12.97,-12.39,-12.39,-12.56,-12.48,-12.61,-12.39,-12.61,-12.39,-12.78,-12.56,-12.70,-12.56,-12.39,-12.34,-12.56,-12.48,-12.48,-12.70,-12.56,-12.70,-12.39,-12.70,-12.39,-12.70,-12.48,-12.39,-12.34,-12.12,-12.26,-12.34,-12.70,-11.98,-12.48,-12.61,-12.83,-12.56,-12.61,-12.39,-12.48,-12.83,-12.97,-13.33,-13.14,-12.70,-13.14,-12.92,-12.70,-12.97,-12.78,-12.48,-12.83,-12.70,-13.28,-12.61,-12.56,-12.39,-12.61,-12.83,-12.70,-12.70,-12.48,-12.78,-12.78,-12.48,-12.48,-12.39,-12.56,-12.78,-12.78,-12.48,-12.56,-12.70,-12.97,-12.92,-12.70,-12.83,-12.92,-12.56,-12.61,-12.92,-12.61,-12.39,-12.48,-12.56,-12.92,-12.92,-12.61,-12.78,-12.92,-12.48,-12.61,-12.70,-12.97,-12.70,-12.78,-13.14,-12.70,-12.61,-12.48,-12.48,-13.06,-12.61,-12.61,-12.92,-12.83,-12.70,-12.83,-12.70,-12.48,-12.70,-12.92,-12.39,-12.61,-12.12,-12.48,-12.61,-12.39,-12.78,-13.14,-12.83,-12.56,-13.06,-12.39,-12.56,-12.56,-12.61,-12.70,-12.26,-12.61,-12.48,-12.78,-12.48,-12.78,-12.34,-12.70,-12.78,-12.20,-12.61,-12.20,-12.12,-12.78,-12.48,-12.70,-12.61,-12.34,-12.34,-12.26,-12.78,-12.12,-12.70,-12.56,-12.39,-12.39,-12.20,-11.76,-11.85,-12.56,-12.04,-12.04,-12.34,-12.12,-11.76,-11.85,-12.20,-12.04,-11.76,-11.98,-12.20,-11.90,-12.04,-12.12,-11.90,-12.34,-12.34,-12.34,-12.12,-11.76,-12.20,-11.85,-12.04,-12.26,-12.39,-12.39,-12.12,-12.39,-12.12,-12.12,-11.85,-12.12,-12.34,-12.04,-11.76,-11.98,-11.63,-12.39,-11.85,-12.04,-12.04,-12.39,-12.70,-12.83,-12.04,-12.56,-12.56,-12.61,-12.26,-12.83,-12.61,-12.34,-12.56,-12.61,-12.56,-12.92,-12.61,-12.39,-12.78,-12.61,-12.61,-12.39,-12.61,-12.48,-12.61,-12.48,-12.48,-13.14,-12.39,-12.78,-12.61,-12.34,-12.70,-12.70,-12.56,-13.06,-12.56,-12.78,-12.83,-12.70,-12.92,-12.34,-12.61,-12.61,-12.83,-12.61,-12.61,-12.78,-12.48,-12.70,-12.83,-12.34,-12.48,-12.78,-12.56,-12.70,-12.70,-12.61,-12.12,-12.70,-12.83,-12.26,-12.83,-12.83,-12.61,-12.61,-12.78,-12.61,-12.70,-12.56,-12.83,-12.48,-12.70,-12.97,-12.78,-12.97,-12.78,-12.48,-12.78,-12.78,-12.48,-12.83,-12.78,-12.78,-12.56,-12.48,-13.06,-12.56,-12.83,-12.78,-12.48,-12.83,-12.78,-12.83,-12.83,-12.20,-12.61,-12.48,-12.83,-12.83,-12.70,-12.78,-12.56,-12.78,-12.56,-12.78,-13.19,-12.78,-12.97,-12.61,-12.56,-12.48,-12.83,-12.97,-12.70,-12.83,-12.97,-13.19,-13.14,-12.48,-12.56,-12.70,-12.61,-12.70,-12.26,-12.48,-12.39,-12.61,-12.39,-12.34,-12.56,-12.39,-12.78,-12.56,-12.56,-12.34,-12.26,-12.48,-12.83,-12.39,-12.56,-12.56,-12.83,-12.48,-12.48,-12.39,-12.26,-12.39,-12.56,-12.26,-12.61,-12.48,-12.26,-12.48,-12.56,-12.61,-12.20,-12.39,-12.56,-12.83,-12.34,-12.61,-12.70,-12.70,-13.28,-12.20,-12.39
-12.92,-12.83,-12.48,-12.70,-12.56,-12.70,-13.14,-12.26,-12.83,-12.83,-12.56,-12.61,-12.78,-12.78,-12.39,-12.92,-12.83,-12.34,-12.61,-12.39,-12.61,-12.48,-12.56,-12.34,-12.56,-12.39,-12.70,-12.70,-12.78,-12.39,-12.92,-12.39,-12.34,-12.20,-12.70,-12.56,-12.56,-12.56,-12.61,-12.26,-12.34,-12.26,-12.34,-12.26,-12.39,-12.39,-12.34,-12.48,-12.34,-12.34,-12.61,-12.39,-12.39,-12.39,-12.70,-12.61,-12.48,-12.61,-12.78,-12.70,-13.06,-13.06,-12.70,-12.78,-12.39,-12.92,-13.14,-12.56,-12.92,-12.34,-12.78,-12.20,-12.78,-12.83,-12.78,-12.70,-12.56,-12.78,-12.78,-12.78,-12.61,-12.92,-12.92,-12.83,-13.14,-12.70,-12.61,-12.39,-12.39,-12.61,-12.56,-12.97,-12.70,-12.61,-12.70,-12.78,-12.39,-12.48,-12.70,-12.83,-12.61,-12.48,-12.78,-12.83,-12.39,-12.83,-12.70,-12.56,-12.70,-12.78,-12.56,-12.70,-12.48,-12.56,-13.14,-12.78,-12.70,-12.78,-12.78,-12.61,-12.92,-12.39,-12.70,-12.26,-12.61,-12.26,-12.56,-13.14,-12.39,-12.83,-12.48,-12.61,-12.61,-12.56,-12.56,-12.61,-12.97,-12.83,-12.56,-12.34,-12.56,-12.56,-12.56,-12.70,-12.48,-12.70,-12.70,-12.48,-12.92,-12.48,-12.83,-12.34,-12.78,-12.56,-12.56,-12.78,-12.83,-12.20,-12.78,-12.48,-12.83,-12.83,-12.56,-12.39,-12.39,-12.20,-12.12,-12.70,-12.39,-12.34,-12.20,-12.39,-11.98,-11.90,-12.20,-11.76,-11.76,-12.26,-12.20,-11.98,-12.12,-12.20,-12.04,-11.98,-12.26,-12.26,-12.04,-11.98,-11.68,-12.26,-11.98,-11.90,-12.04,-12.26,-12.12,-12.20,-12.04,-11.98,-12.39,-12.26,-11.68,-11.98,-11.98,-11.90,-11.98,-11.68,-11.68,-12.12,-11.85,-11.85,-11.85,-11.98,-11.90,-12.12,-12.20,-12.20,-12.34,-12.20,-12.39,-12.12,-12.83,-12.48,-12.70,-12.34,-12.61,-12.12,-12.34,-12.78,-12.39,-12.39,-12.78,-12.12,-12.39,-12.56,-12.39,-12.26,-12.26,-12.26,-12.39,-12.78,-12.83,-12.70,-12.48,-12.48,-12.70,-12.61,-12.56,-12.70,-12.34,-12.48,-12.70,-12.20,-12.39,-12.92,-12.56,-12.48,-12.61,-12.26,-12.78,-12.97,-12.78,-12.61,-12.48,-12.78,-12.92,-12.92,-12.26,-12.78,-12.70,-12.39,-12.61,-12.56,-12.83,-12.61,-12.39,-12.56,-12.56,-12.83,-12.78,-12.92,-12.78,-12.83,-12.92,-12.83,-12.61,-13.14,-12.92,-12.70,-13.14,-12.56,-12.61,-12.56,-12.39,-12.56,-12.48,-12.48,-12.92,-12.61,-12.78,-12.78,-13.06,-12.78,-12.48,-12.83,-12.78,-12.70,-12.70,-12.48,-12.48,-12.83,-13.14,-12.70,-12.83,-12.56,-12.70,-12.48,-12.61,-12.61,-12.83,-12.70,-12.48,-12.92,-12.61,-12.70,-12.78,-12.83,-12.70,-12.97,-13.19,-12.92,-12.97,-12.92,-12.70,-12.92,-12.78,-12.20,-12.34,-12.56,-12.39,-12.20,-12.78,-12.39,-12.26,-11.90,-12.20,-12.61,-12.26,-12.61,-12.12,-12.61,-12.70,-12.34,-12.70,-12.04,-12.92,-12.39,-12.48,-12.39,-12.34,-12.48,-12.70,-12.48,-12.48,-12.48,-12.34,-12.48,-12.92,-12.12,-12.34,-12.70,-12.48,-12.34,-12.34,-12.48,-12.48,-12.56,-12.70,-12.39,-12.04,-12.34,-12.48,-12.97
-12.78,-12.61,-12.92,-12.78,-12.39,-12.61,-12.83,-12.83,-12.70,-12.70,-12.48,-12.70,-12.39,-12.20,-12.39,-12.61,-12.61,-12.26,-12.61,-12.56,-12.26,-12.70,-12.83,-12.20,-12.12,-12.70,-12.34,-12.39,-12.48,-12.34,-12.34,-12.34,-12.26,-12.26,-12.56,-12.78,-12.56,-12.34,-12.56,-12.39,-12.70,-12.48,-12.34,-12.39,-12.61,-12.48,-12.56,-12.39,-12.12,-12.12,-12.39,-12.48,-12.48,-12.26,-12.39,-12.34,-12.20,-12.61,-12.78,-12.92,-12.92,-12.78,-12.83,-13.06,-12.56,-12.83,-12.56,-12.78,-12.39,-12.48,-12.48,-12.97,-12.61,-12.61,-12.70,-12.70,-12.56,-12.78,-12.56,-12.39,-12.56,-12.56,-12.26,-12.48,-12.92,-12.61,-12.56,-12.39,-12.78,-12.97,-12.78,-12.56,-12.61,-12.78,-12.78,-12.61,-12.83,-12.78,-12.70,-12.56,-12.48,-12.48,-12.34,-12.70,-12.20,-12.78,-12.78,-12.83,-12.39,-12.56,-12.92,-12.61,-12.56,-12.56,-12.34,-12.92,-12.83,-12.92,-12.56,-12.39,-12.34,-12.39,-12.70,-12.56,-12.39,-12.83,-12.34,-12.12,-12.61,-12.34,-12.70,-12.78,-12.92,-12.78,-12.34,-12.61,-12.70,-12.39,-12.48,-12.34,-12.39,-12.48,-12.61,-12.48,-12.26,-12.20,-12.56,-12.56,-12.78,-12.83,-12.48,-12.56,-12.26,-12.61,-12.48,-12.61,-12.39,-12.56,-12.78,-12.39,-12.61,-12.39,-12.48,-12.70,-12.61,-12.48,-12.39,-12.48,-12.70,-12.56,-12.26,-12.26,-11.98,-11.90,-12.26,-12.12,-11.90,-12.20,-11.85,-12.20,-11.98,-11.90,-11.98,-12.12,-12.04,-12.04,-12.26,-12.20,-11.98,-12.04,-12.12,-12.12,-11.85,-12.12,-11.90,-11.90,-11.98,-11.63,-11.98,-11.90,-12.12,-11.90,-12.26,-11.98,-11.90,-11.76,-11.98,-11.98,-12.04,-12.04,-12.04,-11.76,-11.63,-12.34,-11.90,-12.26,-11.98,-12.61,-12.70,-12.04,-12.48,-12.39,-12.26,-12.70,-12.39,-12.20,-12.78,-12.48,-12.26,-12.70,-12.56,-12.70,-12.48,-12.48,-12.70,-12.34,-12.56,-12.70,-12.48,-12.78,-12.61,-12.56,-12.61,-12.20,-12.34,-12.48,-12.97,-12.78,-12.97,-12.56,-12.83,-12.48,-12.48,-12.61,-12.70,-12.12,-12.92,-12.70,-12.78,-12.39,-12.48,-12.48,-12.48,-12.56,-12.78,-12.48,-12.83,-12.70,-12.61,-12.78,-13.28,-12.61,-12.61,-12.48,-12.70,-12.78,-12.56,-12.61,-12.61,-12.70,-12.39,-12.70,-12.56,-12.34,-12.39,-12.61,-12.34,-12.34,-12.48,-12.70,-13.19,-12.39,-12.34,-12.61,-12.48,-12.61,-12.39,-12.34,-12.61,-12.92,-12.83,-12.61,-12.39,-12.83,-12.56,-12.61,-12.48,-12.39,-12.92,-12.61,-12.78,-12.97,-12.97,-13.06,-12.48,-12.61,-12.70,-12.92,-12.97,-12.39,-12.92,-12.97,-12.61,-12.97,-12.97,-12.61,-12.70,-12.78,-13.14,-12.83,-12.97,-12.48,-12.56,-13.28,-12.78,-12.56,-12.34,-12.78,-12.04,-12.39,-12.70,-12.48,-12.39,-12.34,-12.12,-12.56,-12.48,-12.48,-12.48,-12.70,-12.26,-12.48,-12.70,-12.48,-12.48,-12.39,-12.97,-12.20,-12.70,-12.61,-12.78,-12.70,-12.48,-12.83,-12.39,-12.48,-12.48,-12.12,-12.56,-12.56,-12.48,-12.20,-12.78,-12.34,-12.78,-12.34,-12.39,-12.39,-12.34,-12.83,-12.78,-12.78
-12.56,-12.56,-12.34,-12.83,-12.70,-12.26,-13.19,-12.70,-12.78,-12.48,-12.48,-12.20,-12.26,-12.20,-12.61,-12.39,-12.34,-12.83,-12.48,-12.39,-12.48,-12.61,-12.26,-12.20,-12.04,-12.39,-12.48,-12.20,-12.56,-12.48,-12.56,-12.26,-12.26,-12.56,-12.26,-12.70,-12.61,-12.39,-12.20,-12.48,-12.20,-12.56,-12.34,-12.48,-12.20,-12.26,-12.39,-12.20,-12.48,-12.12,-12.20,-12.78,-12.20,-12.78,-12.26,-12.61,-12.56,-12.34,-12.92,-12.83,-12.70,-13.14,-12.92,-12.70,-12.83,-12.78,-13.33,-12.61,-12.83,-12.56,-12.83,-12.61,-12.48,-12.78,-12.61,-12.61,-12.92,-12.70,-12.48,-12.61,-12.48,-12.83,-12.48,-12.92,-12.92,-12.92,-13.06,-12.78,-13.06,-12.48,-12.83,-12.20,-12.78,-12.56,-13.14,-12.39,-12.26,-12.78,-12.78,-12.70,-12.39,-12.61,-12.92,-12.56,-12.56,-12.61,-12.61,-12.39,-12.39,-12.78,-12.39,-12.20,-12.34,-12.56,-12.34,-12.61,-12.34,-12.61,-12.61,-12.56,-12.39,-12.56,-12.34,-12.56,-12.61,-12.34,-12.39,-12.92,-12.39,-12.26,-12.70,-12.61,-12.70,-12.61,-12.61,-12.39,-12.04,-12.92,-12.83,-12.97,-12.61,-12.39,-12.48,-12.39,-12.61,-12.39,-12.92,-12.70,-12.56,-12.61,-12.61,-12.34,-12.26,-12.56,-12.48,-12.92,-12.39,-12.39,-12.39,-12.34,-12.70,-12.12,-12.48,-12.34,-12.39,-12.48,-12.39,-12.34,-12.04,-12.04,-12.48,-12.56,-11.98,-12.12,-11.85,-12.04,-11.90,-11.98,-12.20,-12.04,-11.98,-11.85,-11.85,-12.04,-12.34,-12.34,-12.12,-11.98,-12.12,-12.34,-11.76,-12.12,-12.34,-12.20,-11.85,-11.85,-11.76,-11.98,-11.63,-11.98,-11.63,-12.12,-11.90,-12.26,-12.39,-12.04,-11.85,-12.20,-12.26,-12.26,-11.68,-12.04,-12.34,-12.12,-11.85,-12.04,-12.20,-12.48,-12.26,-12.56,-12.48,-12.48,-12.56,-12.56,-12.61,-12.61,-12.39,-12.48,-12.78,-12.39,-12.56,-12.78,-12.39,-12.48,-12.83,-12.34,-12.39,-12.83,-13.06,-12.56,-12.78,-12.48,-12.56,-12.70,-12.83,-12.61,-12.78,-12.83,-12.92,-12.78,-12.26,-12.34,-12.39,-12.78,-12.56,-12.34,-12.56,-12.78,-12.61,-12.61,-12.78,-12.26,-12.61,-12.70,-12.26,-12.39,-12.61,-12.56,-12.83,-12.48,-12.70,-12.61,-12.61,-12.83,-12.56,-12.26,-12.56,-12.56,-12.56,-12.56,-12.78,-12.78,-12.61,-12.97,-12.26,-12.78,-12.70,-12.61,-12.70,-12.92,-12.78,-12.61,-12.70,-12.61,-12.39,-12.61,-12.48,-12.70,-12.83,-12.56,-13.06,-12.83,-12.92,-12.61,-12.97,-13.19,-12.56,-12.26,-12.48,-12.97,-12.97,-12.92,-12.56,-12.83,-12.70,-12.39,-13.19,-13.06,-12.61,-12.61,-12.83,-12.78,-12.78,-12.56,-12.83,-13.06,-12.83,-12.56,-13.28,-13.14,-12.78,-12.97,-12.97,-12.61,-13.14,-12.83,-12.39,-12.48,-12.61,-12.78,-12.26,-12.48,-12.70,-12.20,-12.56,-12.39,-12.34,-12.34,-12.34,-12.20,-12.78,-12.26,-12.26,-12.83,-12.39,-12.70,-12.26,-12.34,-12.56,-12.56,-12.56,-12.70,-12.97,-12.34,-12.48,-12.56,-12.61,-12.56,-12.83,-12.61,-12.39,-12.56,-12.61,-12.34,-12.70,-12.83,-12.61,-12.48,-12.39,-12.97,-12.48,-12.83
-12.56,-12.48,-12.26,-12.92,-12.56,-12.34,-12.78,-12.97,-12.78,-12.56,-12.92,-12.34,-12.56,-12.34,-13.06,-12.34,-12.20,-12.70,-12.34,-12.26,-12.26,-12.56,-12.78,-12.56,-12.12,-12.34,-12.78,-12.12,-12.39,-12.56,-12.83,-12.56,-12.56,-12.26,-12.92,-12.12,-12.56,-12.92,-12.70,-12.48,-12.61,-12.70,-12.48,-12.34,-12.78,-12.78,-12.34,-12.56,-12.34,-12.48,-12.61,-12.56,-12.48,-11.85,-12.56,-12.61,-12.34,-12.78,-12.83,-12.83,-12.48,-12.70,-12.83,-12.61,-12.61,-12.70,-12.83,-12.70,-12.70,-12.92,-12.39,-12.83,-12.78,-12.70,-12.56,-12.78,-12.39,-12.56,-12.78,-12.61,-12.70,-12.39,-12.78,-12.61,-12.83,-12.48,-12.34,-12.39,-12.34,-12.61,-12.92,-12.56,-12.97,-12.56,-12.34,-12.34,-12.39,-12.92,-12.61,-12.48,-12.92,-12.39,-12.70,-12.34,-12.97,-12.70,-12.70,-12.92,-12.61,-12.48,-12.61,-12.61,-12.78,-12.78,-12.83,-12.26,-12.61,-12.48,-12.26,-12.26,-12.78,-12.56,-12.56,-12.78,-12.78,-12.56,-12.70,-12.61,-12.39,-12.48,-12.78,-12.70,-12.39,-12.78,-12.78,-12.70,-12.78,-12.26,-12.78,-12.61,-12.48,-12.48,-12.26,-12.39,-12.61,-12.78,-12.26,-12.26,-12.48,-12.70,-12.61,-12.26,-12.34,-12.48,-12.61,-12.39,-12.39,-12.34,-12.78,-12.39,-12.12,-12.92,-12.34,-12.39,-12.97,-12.78,-12.48,-12.26,-12.39,-12.12,-12.56,-12.34,-12.04,-11.76,-11.98,-11.90,-11.76,-12.04,-11.68,-11.90,-11.85,-11.90,-11.98,-11.98,-12.20,-11.90,-11.76,-11.76,-11.98,-11.63,-11.85,-12.04,-11.85,-11.90,-12.12,-11.98,-11.63,-12.04,-11.98,-12.12,-12.12,-12.12,-12.12,-11.98,-11.49,-11.85,-11.98,-12.12,-11.90,-12.26,-11.63,-12.04,-11.68,-11.98,-11.98,-12.12,-12.12,-12.04,-12.39,-12.26,-12.26,-12.56,-12.56,-12.04,-12.48,-12.34,-12.61,-12.56,-12.48,-12.26,-12.39,-12.70,-12.34,-12.39,-12.61,-12.78,-12.92,-12.61,-12.70,-12.56,-12.70,-12.70,-12.56,-12.34,-12.78,-12.39,-12.70,-12.39,-12.56,-12.04,-12.56,-12.83,-12.83,-12.70,-12.83,-12.70,-12.34,-12.61,-12.39,-12.56,-12.61,-12.83,-12.56,-12.78,-12.83,-12.56,-12.78,-12.56,-12.56,-12.26,-12.61,-12.48,-12.48,-12.26,-12.78,-12.78,-12.70,-12.48,-12.92,-12.48,-12.26,-12.26,-12.70,-12.26,-12.48,-12.78,-12.78,-12.34,-13.06,-12.48,-12.12,-12.48,-12.92,-12.48,-12.48,-12.48,-12.56,-12.92,-12.70,-12.92,-12.97,-12.48,-12.61,-12.78,-12.48,-12.70,-12.48,-12.83,-12.34,-13.28,-12.97,-12.61,-12.56,-13.06,-12.97,-12.70,-12.92,-12.83,-12.61,-13.06,-12.61,-13.33,-12.97,-12.48,-12.97,-12.56,-12.61,-12.78,-12.97,-13.14,-13.14,-12.61,-12.78,-12.70,-12.56,-12.70,-12.70,-12.04,-12.61,-12.56,-12.39,-12.39,-12.34,-12.56,-12.48,-12.78,-12.20,-12.39,-12.20,-12.70,-12.39,-12.61,-12.39,-12.83,-12.34,-12.70,-12.04,-11.90,-12.48,-12.39,-12.39,-12.56,-12.12,-12.78,-12.61,-12.20,-12.61,-12.48,-12.48,-12.39,-12.48,-12.34,-12.56,-12.20,-12.92,-12.39,-12.34,-12.48,-12.61,-12.56,-13.14,-12.78
-12.92,-12.97,-12.70,-12.70,-12.78,-12.56,-12.92,-12.56,-12.78,-12.56,-12.97,-12.92,-12.78,-12.56,-12.12,-12.04,-12.70,-11.90,-12.78,-12.12,-12.70,-12.56,-12.39,-12.12,-12.12,-12.39,-12.20,-12.20,-12.48,-12.20,-12.34,-12.61,-12.26,-12.39,-12.92,-12.20,-12.39,-12.26,-12.26,-12.78,-12.70,-12.39,-12.70,-12.34,-12.26,-12.61,-12.39,-12.78,-12.39,-12.61,-12.39,-12.34,-12.26,-12.34,-12.39,-12.70,-12.97,-12.61,-12.61,-12.56,-12.48,-13.06,-12.83,-12.78,-12.83,-13.19,-12.78,-12.56,-12.70,-12.97,-12.70,-12.83,-12.92,-13.14,-12.34,-12.39,-12.56,-12.48,-12.83,-12.39,-12.70,-12.39,-12.78,-12.70,-12.48,-12.78,-12.97,-12.56,-12.70,-12.70,-12.48,-12.78,-12.39,-12.39,-12.97,-12.61,-12.39,-12.78,-12.61,-12.48,-12.39,-12.61,-12.48,-12.61,-12.70,-12.92,-12.83,-12.26,-12.61,-12.70,-12.48,-12.48,-12.48,-12.39,-12.20,-12.26,-12.39,-12.92,-12.56,-12.48,-12.83,-12.78,-12.61,-12.48,-12.61,-12.48,-12.56,-12.83,-12.26,-12.34,-12.61,-12.56,-12.56,-12.78,-12.26,-12.97,-12.34,-12.78,-12.48,-12.56,-12.34,-12.48,-12.48,-13.06,-12.48,-12.70,-12.39,-12.12,-12.70,-12.56,-12.56,-12.70,-12.39,-12.34,-12.39,-12.20,-12.20,-12.56,-12.39,-12.70,-12.70,-12.97,-12.56,-12.39,-12.56,-12.20,-12.78,-12.39,-12.78,-12.48,-11.98,-12.20,-12.48,-12.26,-12.12,-11.90,-11.98,-11.98,-12.20,-12.20,-11.90,-12.20,-12.04,-11.98,-12.48,-11.85,-12.26,-11.90,-12.26,-11.98,-12.12,-12.20,-11.90,-11.90,-11.76,-11.98,-12.20,-12.26,-12.56,-12.04,-11.98,-12.12,-12.12,-12.20,-11.49,-11.90,-12.04,-11.90,-11.76,-11.68,-11.98,-12.04,-12.34,-11.90,-12.04,-11.90,-12.20,-12.61,-12.61,-12.61,-12.26,-11.98,-12.83,-12.39,-12.39,-12.39,-12.34,-12.34,-12.61,-12.48,-12.56,-12.61,-12.48,-12.97,-12.39,-12.70,-12.61,-12.78,-12.48,-12.92,-12.48,-12.61,-12.20,-12.48,-12.56,-12.34,-12.61,-12.56,-12.12,-12.61,-12.34,-12.39,-12.56,-12.61,-12.56,-12.34,-12.92,-12.39,-12.61,-12.70,-12.48,-12.61,-12.70,-12.39,-12.39,-12.48,-12.83,-12.34,-12.56,-12.61,-12.83,-12.34,-12.83,-12.83,-12.20,-12.83,-12.83,-12.83,-12.78,-12.56,-12.56,-12.92,-12.78,-12.83,-12.61,-12.83,-12.70,-12.78,-12.78,-12.78,-12.56,-12.78,-12.48,-12.70,-12.48,-13.06,-12.92,-12.56,-13.19,-12.78,-12.70,-12.56,-12.78,-12.97,-12.97,-12.83,-12.61,-12.92,-12.56,-12.61,-12.78,-12.83,-12.70,-12.70,-12.61,-12.83,-12.83,-12.39,-12.83,-12.92,-12.61,-12.70,-12.61,-12.70,-12.39,-12.83,-13.19,-12.92,-13.19,-13.28,-12.83,-12.34,-13.14,-13.06,-12.70,-12.70,-12.78,-12.20,-12.34,-12.78,-12.39,-12.70,-12.70,-12.56,-12.39,-12.48,-12.26,-12.34,-12.61,-12.56,-12.48,-12.56,-12.70,-12.26,-12.70,-12.56,-12.70,-12.48,-12.83,-12.39,-12.56,-12.56,-12.56,-12.61,-12.56,-12.34,-12.78,-12.39,-12.61,-12.56,-12.34,-12.12,-12.26,-12.61,-12.61,-12.48,-12.39,-12.83,-12.61,-12.34,-12.56,-12.83
-12.56,-12.97,-12.61,-12.48,-12.83,-12.97,-12.26,-13.06,-12.12,-12.56,-12.39,-12.34,-12.39,-12.70,-12.48,-12.78,-12.61,-11.90,-12.39,-12.83,-12.39,-12.26,-12.48,-12.26,-12.20,-12.39,-12.26,-12.39,-12.34,-12.48,-12.70,-12.34,-12.48,-12.78,-12.92,-12.26,-12.04,-12.34,-12.56,-12.78,-12.92,-12.56,-12.56,-12.56,-12.34,-11.98,-12.34,-12.56,-12.56,-12.39,-12.70,-12.70,-12.20,-12.20,-12.56,-12.04,-12.12,-12.56,-12.78,-13.14,-12.78,-13.14,-12.78,-12.56,-12.78,-12.78,-13.06,-12.56,-12.48,-12.83,-12.78,-12.48,-12.97,-12.78,-12.61,-12.56,-12.56,-12.56,-12.70,-12.83,-12.70,-12.56,-12.78,-12.56,-12.34,-12.61,-12.78,-13.28,-12.70,-12.61,-13.06,-12.48,-12.92,-12.61,-12.70,-12.70,-12.83,-12.39,-12.78,-12.56,-12.78,-12.78,-12.78,-12.48,-12.34,-12.70,-12.61,-13.06,-12.48,-12.92,-12.70,-12.70,-12.34,-12.70,-12.26,-12.78,-12.83,-12.56,-12.56,-12.61,-12.97,-12.78,-12.56,-12.04,-12.39,-12.78,-12.83,-12.78,-12.04,-12.56,-12.61,-12.48,-12.97,-12.56,-12.39,-12.70,-12.61,-12.70,-12.26,-12.83,-12.39,-12.56,-12.97,-12.56,-12.61,-12.26,-12.61,-12.56,-12.70,-12.70,-12.26,-12.56,-12.39,-12.48,-12.39,-12.61,-12.26,-12.26,-12.61,-12.39,-12.61,-12.83,-12.56,-12.70,-12.48,-12.70,-12.97,-12.39,-12.26,-12.48,-12.39,-11.63,-11.90,-12.26,-11.76,-11.90,-11.98,-11.98,-12.34,-12.20,-12.39,-12.26,-12.20,-12.12,-12.12,-11.98,-11.85,-11.98,-11.76,-11.41,-11.68,-12.04,-11.63,-11.76,-11.90,-12.04,-11.63,-11.68,-12.26,-12.34,-12.04,-12.04,-12.34,-11.85,-12.20,-11.85,-11.63,-12.56,-12.04,-12.39,-12.20,-11.90,-11.98,-11.98,-12.34,-12.20,-12.39,-12.48,-12.26,-12.26,-12.20,-12.70,-12.61,-12.20,-12.48,-12.78,-12.70,-12.39,-12.48,-12.48,-12.56,-12.56,-12.78,-12.56,-12.92,-12.48,-12.20,-12.20,-12.61,-12.78,-12.48,-12.48,-12.20,-12.92,-12.48,-12.97,-12.56,-12.97,-12.70,-12.61,-12.26,-12.70,-12.83,-12.70,-12.56,-12.26,-12.70,-12.97,-12.48,-12.56,-12.56,-12.61,-12.61,-12.70,-12.26,-12.48,-12.97,-12.70,-12.78,-12.56,-12.39,-12.61,-12.20,-12.83,-12.20,-12.61,-12.56,-12.48,-12.39,-12.20,-12.48,-12.92,-12.78,-12.61,-12.61,-12.97,-12.83,-13.19,-12.83,-12.92,-12.39,-12.39,-12.78,-12.56,-12.61,-12.70,-12.83,-12.56,-12.34,-12.92,-12.61,-12.48,-13.06,-12.56,-12.26,-12.61,-12.83,-12.56,-12.26,-12.70,-12.39,-12.97,-12.39,-12.83,-12.56,-12.70,-12.92,-12.70,-12.48,-12.97,-12.92,-12.70,-12.61,-12.48,-12.61,-12.56,-12.70,-12.92,-12.70,-12.78,-12.56,-12.78,-12.92,-12.48,-12.92,-12.56,-12.56,-12.78,-11.76,-12.78,-12.48,-12.34,-12.78,-12.56,-12.26,-12.70,-12.34,-12.39,-12.34,-12.34,-12.34,-12.56,-12.61,-12.20,-12.56,-12.34,-12.61,-12.34,-12.56,-12.78,-12.12,-12.56,-12.61,-12.78,-12.56,-12.34,-12.48,-12.39,-12.56,-12.04,-12.39,-12.56,-12.70,-12.78,-12.04,-12.83,-12.70,-12.83,-12.34,-12.20,-12.70,-12.92
-12.92,-12.97,-12.78,-12.83,-12.70,-12.92,-12.26,-12.48,-12.48,-12.83,-12.61,-12.70,-12.26,-12.92,-12.61,-12.61,-12.04,-12.97,-12.26,-12.61,-12.70,-12.48,-12.48,-12.92,-12.61,-12.12,-12.39,-12.26,-12.12,-12.20,-12.34,-12.83,-12.83,-12.70,-12.26,-12.26,-12.34,-12.70,-12.39,-12.12,-12.34,-12.61,-12.48,-12.20,-12.56,-12.56,-12.39,-12.04,-12.34,-12.26,-12.26,-12.92,-12.78,-12.61,-12.48,-13.06,-13.06,-12.39,-12.78,-12.83,-12.97,-12.70,-12.70,-12.83,-12.78,-12.56,-12.56,-12.56,-12.78,-12.61,-12.83,-12.26,-12.26,-12.78,-13.19,-12.92,-12.92,-12.39,-12.56,-12.56,-12.48,-11.98,-12.20,-12.56,-12.39,-12.20,-12.39,-12.20,-12.61,-12.61,-12.26,-12.61,-12.39,-12.83,-12.70,-12.26,-12.78,-12.70,-12.56,-12.48,-12.78,-12.70,-12.34,-12.78,-12.61,-12.78,-12.70,-12.97,-12.26,-12.39,-12.70,-12.61,-12.78,-12.56,-12.61,-12.92,-12.48,-12.39,-12.78,-12.78,-12.34,-12.56,-12.56,-12.70,-12.61,-12.70,-12.56,-12.48,-12.56,-12.39,-12.61,-12.61,-12.56,-12.56,-12.56,-12.39,-12.56,-12.39,-12.83,-12.78,-12.61,-12.70,-12.56,-12.70,-12.48,-12.04,-12.34,-11.76,-12.56,-12.78,-12.92,-12.26,-12.56,-12.48,-12.78,-12.26,-12.61,-12.26,-12.56,-12.34,-12.70,-12.56,-12.56,-12.61,-11.90,-12.92,-12.61,-12.39,-12.48,-12.12,-12.26,-12.04,-11.76,-11.85,-12.20,-11.98,-12.12,-11.76,-11.76,-11.85,-11.76,-11.85,-12.20,-11.90,-11.98,-12.34,-12.70,-12.26,-11.98,-12.04,-12.20,-11.85,-11.76,-11.85,-12.12,-12.12,-12.12,-12.04,-11.98,-11.90,-12.04,-12.04,-11.85,-11.98,-12.48,-12.20,-12.26,-12.34,-12.12,-12.26,-12.04,-12.26,-12.12,-12.12,-12.39,-12.56,-12.20,-12.26,-12.56,-12.92,-12.61,-12.39,-12.48,-12.39,-12.61,-12.20,-11.90,-12.70,-12.34,-12.39,-12.97,-12.70,-12.39,-12.39,-12.39,-12.48,-12.39,-12.39,-12.61,-12.12,-12.48,-12.48,-12.56,-12.56,-12.61,-12.70,-12.56,-12.26,-12.34,-12.56,-12.70,-12.39,-12.48,-12.48,-12.26,-12.70,-12.70,-12.83,-12.83,-12.26,-12.61,-12.34,-12.70,-12.04,-12.70,-12.83,-12.48,-12.92,-12.61,-12.20,-12.12,-13.14,-12.39,-12.56,-12.70,-12.56,-12.20,-12.70,-12.70,-12.48,-12.61,-12.04,-12.56,-12.97,-12.70,-12.12,-12.39,-12.78,-12.34,-12.56,-12.78,-12.34,-12.61,-12.83,-12.56,-12.70,-12.70,-12.20,-12.83,-12.83,-12.78,-12.48,-12.70,-12.61,-12.61,-12.61,-12.48,-12.70,-12.61,-12.39,-12.56,-12.78,-12.56,-12.97,-12.70,-12.70,-12.92,-12.61,-12.61,-12.78,-12.48,-12.97,-12.70,-12.83,-12.70,-13.14,-12.83,-12.83,-12.83,-13.06,-12.83,-12.97,-12.78,-12.97,-12.78,-12.83,-12.34,-12.56,-12.39,-12.78,-12.48,-12.12,-12.56,-12.61,-12.34,-12.39,-12.34,-12.70,-12.34,-12.83,-12.39,-12.04,-12.39,-12.56,-12.39,-12.34,-12.61,-12.20,-12.34,-12.39,-12.56,-12.61,-12.61,-12.70,-12.48,-12.48,-12.20,-12.48,-12.61,-12.39,-12.56,-12.20,-12.70,-12.48,-12.20,-12.70,-12.70,-12.26,-12.70,-12.92,-12.78,-12.48
-12.83,-12.34,-12.83,-13.06,-12.56,-12.92,-12.78,-12.12,-12.56,-12.26,-12.92,-12.34,-12.61,-12.04,-12.70,-12.61,-12.61,-12.48,-12.78,-12.83,-12.48,-12.26,-12.61,-12.48,-12.26,-12.48,-12.61,-11.90,-12.39,-12.56,-12.04,-12.70,-12.12,-12.20,-12.78,-12.34,-12.20,-12.04,-12.39,-12.56,-12.39,-12.56,-12.61,-12.12,-12.26,-12.48,-12.26,-12.39,-12.48,-12.34,-12.26,-12.78,-12.39,-12.20,-12.26,-12.48,-12.48,-12.26,-12.56,-12.61,-12.48,-12.78,-12.56,-12.83,-12.97,-12.78,-12.61,-12.61,-12.83,-12.92,-12.48,-12.39,-12.97,-12.78,-12.83,-12.61,-12.61,-12.56,-13.14,-12.56,-12.39,-12.92,-12.39,-13.14,-12.70,-12.39,-12.20,-12.70,-12.12,-12.20,-12.61,-12.78,-12.56,-12.48,-12.78,-12.48,-12.78,-12.34,-12.83,-12.78,-12.61,-12.34,-12.97,-12.83,-12.34,-12.70,-12.48,-13.06,-12.26,-12.56,-12.70,-12.56,-12.48,-12.12,-12.78,-12.48,-12.78,-12.34,-12.83,-12.34,-12.83,-12.70,-12.48,-12.34,-12.48,-12.56,-12.56,-12.70,-12.83,-12.56,-12.83,-12.20,-12.70,-12.92,-12.26,-12.61,-12.97,-12.61,-12.48,-12.56,-12.39,-12.78,-12.34,-12.39,-12.83,-12.26,-12.56,-12.56,-12.70,-12.34,-12.70,-12.39,-12.78,-12.70,-12.56,-12.97,-12.83,-12.26,-12.61,-12.12,-12.48,-12.39,-12.26,-12.39,-12.61,-12.48,-12.34,-12.20,-12.61,-12.12,-12.34,-12.12,-11.68,-11.90,-11.98,-11.68,-12.04,-11.76,-12.26,-12.04,-12.34,-12.12,-12.39,-11.76,-11.85,-12.20,-11.90,-11.85,-11.49,-11.98,-11.98,-11.90,-12.04,-11.90,-12.34,-12.04,-12.39,-12.78,-12.56,-12.39,-12.56,-11.90,-12.39,-12.61,-11.55,-12.12,-12.12,-11.85,-12.26,-12.20,-11.85,-11.98,-12.39,-12.26,-12.12,-12.34,-12.26,-12.34,-12.34,-12.34,-11.76,-12.34,-12.39,-12.26,-12.39,-12.70,-12.39,-12.48,-12.26,-12.78,-12.56,-12.70,-12.04,-12.70,-12.26,-13.06,-12.48,-12.83,-12.56,-12.26,-12.97,-12.78,-12.56,-12.48,-13.06,-12.48,-12.70,-12.48,-12.39,-12.78,-12.61,-12.48,-12.48,-12.92,-12.97,-12.83,-12.92,-12.56,-12.56,-12.48,-12.56,-12.39,-12.70,-12.26,-12.78,-12.70,-12.20,-12.56,-12.48,-12.70,-12.48,-12.20,-12.26,-12.70,-12.48,-12.26,-12.26,-12.70,-12.39,-12.78,-12.61,-12.48,-12.48,-12.39,-12.26,-12.78,-12.83,-12.39,-12.20,-12.39,-12.39,-12.61,-12.20,-12.78,-12.20,-12.61,-13.19,-12.56,-12.83,-13.14,-12.48,-12.83,-12.70,-12.70,-12.70,-12.70,-12.39,-12.70,-12.61,-12.56,-12.78,-13.06,-12.48,-12.56,-12.83,-12.39,-12.26,-12.34,-12.70,-13.06,-12.97,-12.78,-12.34,-12.70,-12.56,-12.56,-12.70,-12.83,-12.92,-12.61,-13.28,-12.70,-12.70,-12.70,-12.61,-12.39,-12.61,-12.83,-12.26,-12.48,-12.39,-12.34,-12.83,-12.61,-12.56,-12.20,-12.56,-12.56,-12.39,-12.70,-12.61,-12.39,-12.26,-12.48,-11.98,-12.70,-13.14,-12.56,-12.78,-12.48,-12.48,-12.48,-12.70,-12.34,-12.70,-12.12,-12.20,-12.39,-12.70,-12.12,-12.83,-12.20,-12.20,-12.70,-12.04,-12.70,-12.78,-12.20,-12.56,-12.61,-12.48,-12.61
-12.78,-12.26,-12.78,-12.78,-12.83,-12.97,-13.06,-12.26,-12.92,-12.12,-12.26,-12.20,-12.34,-12.78,-12.83,-12.34,-12.92,-13.19,-12.56,-12.48,-12.48,-12.48,-12.70,-12.39,-12.92,-12.56,-12.26,-12.34,-12.20,-12.39,-12.39,-12.56,-12.39,-12.48,-12.39,-12.26,-12.39,-12.39,-12.78,-12.48,-12.61,-12.26,-12.39,-12.34,-12.61,-12.48,-12.56,-12.48,-12.56,-12.12,-12.56,-12.78,-12.56,-12.26,-12.70,-12.20,-12.39,-12.34,-12.20,-12.34,-12.61,-12.97,-13.19,-12.61,-12.70,-12.61,-12.83,-12.70,-12.20,-12.26,-13.14,-12.70,-12.70,-12.70,-12.78,-12.78,-12.39,-12.61,-12.61,-12.78,-12.61,-12.39,-12.39,-12.61,-12.39,-12.48,-12.83,-12.70,-12.78,-12.39,-12.83,-12.61,-12.56,-12.61,-12.70,-12.39,-12.48,-12.78,-12.56,-12.97,-12.48,-12.26,-12.20,-12.78,-12.61,-12.56,-12.92,-12.83,-12.61,-12.70,-12.56,-12.83,-12.83,-12.39,-12.39,-12.61,-12.56,-12.39,-12.20,-12.78,-12.83,-12.83,-12.92,-12.26,-12.34,-12.48,-12.97,-12.56,-12.83,-12.34,-12.92,-12.20,-12.78,-12.61,-12.61,-12.48,-13.06,-12.61,-12.34,-12.61,-12.34,-12.48,-12.70,-12.56,-12.56,-12.48,-12.34,-12.34,-12.70,-12.26,-12.34,-12.56,-12.48,-12.26,-12.61,-11.98,-12.56,-12.34,-12.83,-12.39,-11.98,-12.56,-12.34,-12.78,-12.56,-12.26,-12.12,-12.39,-12.26,-12.39,-12.56,-12.20,-12.48,-12.39,-11.98,-12.39,-12.20,-12.20,-11.98,-12.34,-11.90,-12.34,-12.20,-12.78,-12.04,-12.26,-12.12,-12.56,-12.61,-11.68,-12.12,-12.48,-12.39,-11.98,-12.20,-11.98,-12.39,-12.12,-12.26,-12.61,-12.34,-12.70,-12.61,-12.39,-12.26,-12.61,-12.20,-12.70,-12.04,-12.61,-12.20,-12.34,-12.12,-12.61,-12.04,-12.26,-12.26,-12.26,-12.83,-12.48,-12.39,-12.56,-12.48,-12.12,-12.61,-12.39,-12.56,-12.56,-12.39,-12.61,-12.97,-12.48,-12.26,-12.56,-12.26,-12.34,-12.56,-12.56,-12.39,-12.61,-12.34,-12.12,-12.39,-12.97,-12.56,-12.26,-12.78,-12.97,-12.97,-12.83,-12.70,-12.34,-12.56,-12.78,-13.19,-12.78,-12.97,-12.34,-12.34,-12.26,-12.70,-12.78,-13.28,-12.78,-12.39,-12.83,-12.70,-13.06,-12.56,-12.56,-12.34,-12.48,-12.56,-12.39,-12.78,-12.48,-12.78,-12.83,-12.92,-12.61,-12.34,-12.26,-12.97,-12.48,-12.39,-12.70,-12.26,-12.83,-12.39,-12.61,-12.70,-12.26,-12.92,-12.12,-12.78,-12.61,-12.61,-12.26,-12.70,-12.70,-12.48,-12.70,-12.26,-12.34,-12.56,-12.56,-12.26,-12.48,-12.78,-12.48,-12.78,-12.83,-13.19,-12.70,-12.56,-12.97,-12.97,-12.48,-12.61,-12.83,-12.56,-12.56,-12.34,-12.56,-12.78,-12.78,-13.06,-12.78,-13.06,-12.61,-12.56,-12.61,-12.39,-12.48,-12.04,-12.70,-12.48,-12.39,-12.39,-12.39,-12.39,-12.20,-12.20,-12.48,-12.26,-11.98,-12.48,-12.48,-12.34,-12.61,-12.48,-12.39,-12.56,-12.48,-12.48,-12.39,-12.70,-12.20,-12.70,-12.56,-12.39,-12.48,-12.92,-12.34,-12.04,-12.26,-12.70,-12.26,-12.48,-12.92,-12.39,-12.26,-12.56,-12.34,-12.56,-12.39,-12.83,-12.48,-12.70,-12.70,-12.61,-12.92
-12.78,-12.56,-12.83,-12.92,-12.92,-12.97,-12.39,-12.48,-12.61,-12.61,-12.56,-12.56,-11.85,-12.78,-12.34,-12.26,-12.48,-12.56,-12.78,-12.97,-12.61,-12.56,-12.78,-12.56,-12.34,-11.98,-12.39,-12.70,-12.70,-12.70,-12.39,-12.56,-12.56,-12.26,-12.61,-12.26,-12.61,-12.83,-12.26,-12.26,-12.70,-12.12,-12.26,-11.90,-12.26,-12.48,-12.48,-12.48,-12.48,-12.48,-12.48,-12.48,-12.56,-12.20,-12.39,-12.56,-12.61,-12.83,-12.39,-12.83,-12.61,-12.56,-12.97,-12.97,-12.70,-12.83,-12.78,-12.56,-12.83,-12.83,-12.70,-12.48,-12.34,-12.83,-12.70,-12.26,-12.61,-12.56,-12.61,-12.83,-12.61,-12.61,-12.34,-12.56,-12.34,-12.83,-12.92,-12.97,-12.34,-13.19,-12.56,-12.83,-12.56,-12.48,-12.78,-12.78,-12.78,-12.70,-12.56,-12.92,-12.70,-13.06,-12.83,-12.39,-12.70,-12.34,-12.34,-12.92,-12.83,-12.56,-12.12,-12.83,-12.61,-12.04,-12.61,-12.92,-12.70,-12.70,-12.39,-12.39,-12.61,-12.39,-12.34,-12.48,-12.61,-12.92,-12.61,-12.78,-12.39,-12.39,-12.70,-12.92,-12.39,-12.78,-12.70,-13.06,-12.39,-12.26,-12.61,-12.39,-12.39,-12.70,-12.34,-12.26,-12.78,-12.39,-12.78,-12.34,-12.48,-12.56,-12.61,-12.56,-12.83,-12.39,-12.70,-12.61,-12.83,-12.34,-12.83,-12.26,-12.61,-12.39,-12.97,-12.70,-12.39,-12.39,-12.26,-12.34,-12.39,-12.12,-12.26,-12.61,-12.61,-11.98,-12.61,-12.48,-11.98,-12.12,-12.48,-12.12,-12.39,-12.34,-11.76,-12.48,-12.39,-12.12,-12.26,-12.12,-12.39,-12.56,-12.20,-12.26,-12.39,-12.97,-12.34,-12.26,-12.04,-12.34,-12.48,-12.12,-12.48,-12.56,-12.34,-12.48,-12.39,-12.04,-12.26,-11.85,-12.61,-12.39,-12.20,-12.56,-12.20,-12.39,-12.12,-11.98,-12.34,-12.39,-12.20,-12.34,-12.26,-12.26,-12.56,-12.34,-12.20,-12.92,-12.39,-12.39,-12.26,-12.34,-12.34,-12.56,-13.14,-12.56,-12.04,-12.34,-12.78,-12.78,-12.56,-12.34,-12.34,-12.26,-12.56,-12.26,-12.56,-12.78,-12.12,-12.56,-12.34,-12.61,-12.83,-12.34,-12.78,-12.48,-12.34,-12.56,-12.56,-12.34,-12.12,-12.26,-12.26,-12.56,-12.83,-12.04,-12.56,-12.39,-12.78,-12.34,-12.56,-12.48,-12.70,-12.26,-12.61,-12.56,-12.97,-12.34,-12.70,-12.56,-12.78,-12.92,-12.70,-12.04,-12.48,-12.70,-12.56,-12.26,-12.20,-12.70,-12.48,-12.78,-12.26,-12.70,-12.70,-12.56,-12.70,-12.70,-12.70,-12.48,-12.39,-12.97,-12.39,-12.83,-13.06,-12.56,-12.56,-12.56,-12.83,-12.39,-12.78,-12.83,-12.97,-12.39,-12.78,-12.83,-12.97,-12.78,-12.83,-12.34,-12.48,-12.78,-12.97,-12.70,-12.78,-13.14,-12.61,-12.34,-12.48,-12.61,-13.19,-12.92,-12.92,-12.56,-13.06,-13.14,-12.92,-12.39,-12.70,-12.39,-12.61,-12.20,-11.85,-12.48,-12.70,-12.26,-12.26,-12.26,-12.48,-12.61,-12.61,-12.26,-12.39,-12.48,-12.92,-12.39,-12.12,-12.78,-12.61,-12.48,-12.61,-12.56,-12.56,-12.56,-12.12,-12.34,-12.39,-12.56,-12.61,-12.56,-12.92,-12.12,-12.78,-12.83,-12.39,-12.20,-12.56,-12.83,-12.83,-12.48,-12.83,-12.48,-12.78,-12.70
-12.61,-12.78,-12.39,-12.97,-12.61,-13.19,-12.97,-12.39,-13.06,-12.92,-12.83,-12.70,-12.48,-12.97,-12.70,-11.98,-12.83,-12.56,-12.78,-12.12,-12.20,-12.39,-12.78,-12.61,-12.56,-12.48,-12.78,-12.61,-12.26,-11.90,-12.20,-12.48,-12.56,-12.48,-11.90,-12.56,-12.48,-12.56,-12.56,-12.48,-12.26,-12.61,-12.34,-12.83,-12.26,-12.39,-12.26,-12.56,-12.39,-12.78,-12.39,-12.56,-12.39,-12.26,-12.26,-12.26,-12.61,-12.12,-12.34,-12.34,-12.26,-12.26,-12.78,-12.61,-12.61,-12.61,-12.39,-12.39,-12.61,-12.34,-12.61,-12.78,-13.06,-12.83,-12.97,-12.70,-12.48,-12.48,-12.70,-12.70,-12.48,-13.19,-12.39,-12.39,-12.26,-12.70,-12.78,-12.48,-12.78,-12.56,-12.39,-12.48,-12.61,-12.70,-12.56,-12.61,-12.70,-12.83,-12.26,-11.98,-12.56,-12.39,-12.78,-12.39,-12.56,-12.34,-12.78,-12.92,-12.56,-12.56,-12.61,-12.39,-12.83,-12.56,-12.61,-12.92,-12.92,-12.61,-12.39,-13.06,-12.78,-13.14,-12.61,-12.48,-12.61,-12.61,-12.20,-12.78,-12.48,-12.61,-12.20,-12.61,-12.39,-12.56,-12.56,-12.61,-12.48,-13.06,-12.56,-12.70,-12.92,-12.56,-12.34,-12.12,-12.12,-12.26,-12.48,-12.12,-12.26,-12.34,-12.61,-12.56,-12.48,-12.61,-12.61,-12.70,-12.70,-12.70,-12.61,-12.61,-12.04,-12.34,-12.92,-12.61,-12.61,-12.48,-11.98,-12.48,-11.76,-12.26,-12.61,-12.20,-12.48,-12.61,-12.70,-12.61,-12.39,-12.48,-12.56,-12.20,-12.78,-12.26,-12.70,-12.48,-11.90,-12.20,-11.98,-12.34,-11.98,-11.98,-12.20,-12.39,-12.34,-12.61,-12.39,-12.20,-12.26,-11.98,-11.85,-12.48,-12.48,-12.26,-11.98,-12.56,-12.12,-12.12,-12.39,-12.12,-12.39,-12.26,-12.34,-12.12,-12.12,-12.12,-12.20,-12.12,-12.12,-12.56,-12.12,-11.90,-12.26,-12.04,-12.78,-12.56,-12.04,-12.20,-12.92,-12.78,-12.48,-12.70,-12.78,-12.61,-12.12,-12.39,-12.56,-12.20,-12.61,-12.39,-12.61,-12.97,-12.70,-12.34,-12.34,-12.78,-12.34,-12.61,-12.56,-12.34,-12.61,-12.56,-12.56,-12.34,-12.56,-12.70,-12.20,-12.48,-12.39,-12.78,-12.20,-12.39,-12.56,-12.56,-13.06,-12.78,-12.34,-12.12,-12.04,-12.56,-12.48,-11.90,-12.39,-12.39,-12.83,-12.34,-12.83,-12.97,-12.48,-12.20,-12.83,-12.56,-12.56,-12.56,-12.48,-12.83,-12.61,-12.34,-12.12,-12.34,-12.56,-12.97,-13.14,-12.48,-12.56,-12.78,-12.78,-12.70,-12.61,-12.83,-12.48,-12.78,-12.48,-12.83,-12.39,-12.56,-12.61,-13.19,-12.56,-12.61,-13.14,-12.78,-12.70,-12.78,-12.56,-12.61,-12.61,-12.56,-12.70,-12.83,-13.14,-12.92,-12.48,-12.61,-12.56,-12.26,-13.06,-12.26,-12.12,-12.70,-12.83,-12.83,-13.19,-12.83,-12.78,-13.06,-13.06,-12.34,-12.56,-12.92,-12.70,-12.48,-12.26,-12.78,-12.34,-12.48,-12.39,-12.83,-11.98,-12.34,-12.34,-12.34,-12.56,-12.34,-12.34,-12.34,-12.39,-12.70,-11.90,-12.34,-12.20,-12.04,-12.26,-12.61,-12.56,-12.61,-12.61,-12.34,-12.34,-12.39,-12.48,-12.20,-12.48,-12.26,-12.56,-12.78,-12.26,-12.39,-12.48,-12.34,-12.56,-13.19,-12.70,-12.92
-12.48,-12.20,-11.98,-12.20,-12.56,-12.48,-12.48,-12.26,-12.78,-12.48,-12.83,-12.83,-12.70,-12.70,-12.34,-12.61,-12.39,-12.61,-12.48,-12.56,-12.92,-12.78,-12.04,-12.78,-12.39,-12.78,-12.56,-12.20,-12.20,-12.04,-12.78,-12.61,-12.61,-11.85,-12.56,-12.61,-12.26,-12.34,-12.70,-12.70,-12.61,-12.04,-12.70,-12.12,-12.61,-11.90,-12.39,-12.70,-12.56,-12.61,-12.04,-12.12,-12.48,-12.34,-12.34,-12.39,-12.34,-12.20,-12.34,-13.06,-12.48,-12.92,-12.34,-12.39,-12.83,-12.70,-13.06,-12.48,-12.97,-12.61,-12.70,-12.78,-12.97,-13.14,-12.20,-12.61,-12.48,-12.34,-12.78,-12.56,-12.70,-12.78,-12.48,-12.04,-13.06,-12.34,-12.92,-12.70,-12.34,-12.78,-12.12,-12.61,-12.78,-12.78,-12.12,-12.34,-12.34,-12.56,-12.56,-12.61,-12.12,-11.98,-12.39,-12.56,-12.20,-12.78,-12.34,-12.48,-12.34,-12.61,-12.61,-12.70,-12.78,-12.61,-12.34,-12.39,-12.56,-12.04,-12.61,-12.92,-12.56,-12.61,-12.34,-12.20,-12.48,-12.39,-12.12,-12.39,-12.61,-12.39,-12.12,-12.34,-12.39,-12.34,-12.20,-12.56,-12.56,-12.34,-11.90,-12.56,-12.12,-12.48,-12.12,-12.70,-12.34,-12.78,-12.56,-12.26,-12.26,-12.61,-12.20,-12.20,-12.20,-12.39,-12.34,-12.20,-12.56,-12.83,-12.20,-12.39,-12.48,-12.48,-12.34,-12.26,-12.61,-12.61,-12.78,-12.34,-12.39,-12.34,-12.39,-12.39,-12.12,-12.61,-11.98,-12.61,-13.06,-12.39,-12.26,-12.26,-12.39,-12.39,-12.34,-12.83,-12.61,-12.39,-12.70,-11.98,-12.48,-11.98,-12.39,-11.98,-12.04,-12.48,-12.61,-12.70,-12.61,-12.04,-12.26,-12.56,-12.70,-12.56,-12.48,-12.78,-12.20,-12.48,-12.39,-12.20,-11.98,-12.56,-12.70,-12.78,-11.98,-12.26,-12.20,-12.20,-12.26,-12.12,-12.48,-12.78,-12.26,-12.56,-12.26,-12.04,-12.48,-12.56,-12.78,-12.56,-12.61,-12.39,-12.56,-12.48,-12.56,-12.70,-12.48,-12.12,-12.48,-12.61,-12.48,-12.97,-12.56,-12.78,-12.70,-12.48,-12.78,-12.61,-12.78,-12.39,-12.78,-12.61,-12.61,-12.92,-12.56,-12.61,-12.34,-12.34,-12.83,-12.61,-12.39,-12.48,-12.39,-12.48,-12.48,-12.56,-12.56,-12.56,-12.83,-12.61,-12.97,-12.12,-12.83,-12.34,-12.56,-12.34,-12.56,-12.34,-12.70,-12.70,-12.56,-12.61,-12.61,-12.61,-12.78,-13.06,-12.39,-12.78,-12.92,-12.56,-12.61,-13.19,-12.39,-12.78,-12.34,-12.78,-12.92,-12.92,-12.83,-12.04,-12.78,-12.56,-12.34,-12.56,-12.78,-12.83,-12.61,-12.83,-12.48,-12.70,-12.34,-12.83,-12.97,-12.83,-12.61,-12.70,-12.92,-12.83,-13.47,-12.83,-12.61,-12.61,-12.70,-12.48,-12.83,-12.61,-12.83,-12.70,-11.98,-12.83,-12.78,-12.70,-12.78,-12.70,-12.92,-13.42,-13.19,-12.78,-12.20,-12.48,-12.78,-12.97,-12.34,-12.56,-12.34,-13.06,-12.48,-12.78,-12.56,-12.56,-12.70,-12.26,-12.26,-12.78,-12.56,-12.61,-12.34,-12.61,-12.97,-12.39,-12.61,-12.56,-12.34,-12.70,-12.48,-12.78,-12.56,-12.39,-12.61,-12.56,-12.20,-12.48,-12.70,-12.12,-12.61,-12.92,-12.61,-12.56,-12.78,-12.12,-12.92,-12.83,-12.61,-12.48
-12.48,-12.48,-12.61,-12.48,-12.70,-12.92,-11.98,-13.14,-12.56,-13.06,-12.34,-12.39,-12.61,-12.48,-12.39,-12.20,-12.39,-12.56,-12.61,-12.04,-12.39,-12.56,-12.56,-12.92,-12.48,-12.34,-12.39,-12.04,-12.56,-12.34,-11.98,-12.26,-12.48,-12.26,-12.26,-12.70,-12.48,-11.98,-12.78,-12.26,-12.12,-12.61,-12.70,-12.56,-11.76,-12.56,-12.34,-11.98,-12.56,-12.48,-11.98,-12.26,-12.56,-12.48,-12.39,-12.61,-12.39,-12.04,-12.61,-12.78,-12.78,-12.39,-12.83,-12.70,-12.78,-12.48,-12.83,-12.83,-12.39,-12.61,-12.70,-12.78,-12.70,-12.78,-12.26,-12.70,-12.78,-12.48,-12.92,-12.48,-12.56,-12.70,-12.48,-12.56,-12.61,-12.39,-12.78,-12.83,-12.39,-12.48,-12.48,-12.83,-12.56,-12.70,-12.34,-12.26,-12.12,-12.34,-12.78,-12.70,-13.14,-12.56,-12.56,-12.78,-12.78,-12.61,-12.56,-12.56,-12.70,-12.48,-12.56,-12.56,-12.48,-12.34,-12.78,-12.56,-12.78,-12.61,-12.39,-12.39,-12.56,-12.26,-12.34,-12.92,-12.70,-12.70,-12.39,-12.48,-12.70,-12.92,-12.39,-12.48,-12.70,-12.48,-13.06,-12.48,-12.48,-12.48,-12.83,-12.56,-12.39,-12.39,-12.61,-12.61,-12.39,-12.61,-12.70,-12.39,-12.56,-12.20,-12.34,-12.61,-12.78,-12.34,-12.56,-12.56,-12.26,-12.48,-12.61,-12.26,-12.39,-12.56,-12.39,-12.20,-12.39,-12.61,-12.83,-12.26,-12.39,-12.39,-12.34,-12.34,-12.56,-12.56,-12.48,-12.39,-12.70,-12.56,-12.20,-12.39,-11.90,-12.56,-12.56,-12.61,-12.61,-12.48,-12.39,-12.61,-12.12,-12.20,-12.83,-12.39,-12.39,-12.61,-12.39,-12.70,-12.61,-12.26,-12.56,-12.39,-12.34,-12.39,-12.20,-12.48,-12.04,-12.61,-12.39,-12.48,-11.90,-12.56,-12.39,-12.56,-12.39,-12.61,-12.12,-12.56,-12.48,-12.61,-12.34,-12.34,-12.70,-12.70,-12.61,-12.34,-12.48,-12.56,-12.34,-12.78,-11.85,-12.70,-12.78,-12.56,-12.34,-12.56,-12.34,-12.39,-12.39,-12.56,-12.39,-12.12,-12.61,-12.20,-12.34,-12.56,-12.83,-12.26,-12.39,-12.61,-12.39,-12.78,-13.14,-12.61,-12.70,-12.39,-12.34,-12.78,-12.56,-12.78,-12.56,-12.34,-12.34,-12.34,-12.48,-12.48,-12.48,-12.56,-12.56,-12.34,-12.26,-12.78,-12.34,-12.39,-12.61,-12.61,-12.61,-12.39,-12.70,-12.83,-12.83,-12.61,-12.56,-12.34,-12.56,-12.70,-12.34,-12.20,-12.70,-12.12,-12.56,-12.34,-12.20,-12.78,-12.83,-12.61,-12.97,-12.56,-12.48,-12.34,-12.34,-12.56,-12.34,-12.39,-13.14,-12.92,-12.92,-12.48,-12.56,-12.78,-12.70,-12.83,-12.61,-12.34,-12.83,-13.28,-12.92,-12.61,-12.92,-12.61,-12.56,-12.70,-12.83,-12.48,-12.34,-12.83,-12.56,-12.56,-12.92,-12.70,-12.97,-12.56,-12.61,-12.83,-12.92,-12.78,-12.97,-12.34,-12.78,-12.34,-12.56,-12.34,-11.98,-12.12,-12.20,-12.97,-12.34,-12.34,-12.56,-12.34,-12.78,-12.48,-12.61,-12.20,-12.83,-12.61,-12.48,-12.48,-12.61,-12.39,-12.70,-12.20,-12.61,-12.56,-12.34,-12.12,-12.61,-13.14,-12.39,-12.20,-12.12,-12.04,-12.48,-12.20,-12.78,-12.12,-12.78,-12.61,-12.61,-12.39,-12.61,-12.61,-12.48,-12.61
-12.61,-12.78,-12.26,-12.61,-12.97,-12.70,-12.56,-12.70,-12.26,-12.61,-12.61,-11.76,-12.48,-12.56,-12.92,-12.56,-12.48,-12.70,-12.70,-12.26,-12.61,-12.39,-12.78,-12.48,-12.70,-12.48,-12.12,-12.56,-12.34,-12.61,-12.12,-12.34,-12.12,-12.70,-12.04,-12.39,-12.34,-12.34,-12.39,-12.70,-12.04,-12.56,-12.48,-12.20,-12.26,-12.56,-11.98,-12.61,-12.56,-11.68,-12.34,-12.12,-12.70,-12.20,-12.34,-12.26,-12.39,-12.20,-12.34,-12.39,-12.39,-12.39,-12.61,-12.56,-12.26,-12.78,-12.83,-12.70,-12.39,-12.34,-12.61,-12.20,-12.61,-12.61,-12.61,-12.56,-12.61,-12.20,-12.78,-12.48,-12.48,-12.61,-12.61,-12.48,-12.83,-12.56,-12.83,-12.48,-12.83,-12.70,-12.56,-12.26,-12.92,-12.20,-12.48,-12.34,-12.97,-12.20,-12.39,-12.83,-12.83,-12.56,-12.61,-12.56,-12.39,-12.61,-12.61,-12.04,-12.12,-12.56,-12.12,-12.78,-12.20,-12.20,-12.78,-12.92,-12.34,-12.48,-12.39,-12.56,-12.61,-11.90,-12.34,-12.70,-12.34,-12.48,-12.61,-12.48,-12.61,-12.39,-12.97,-12.56,-12.83,-12.56,-12.83,-12.26,-12.48,-12.39,-12.56,-12.20,-12.61,-12.92,-11.98,-12.61,-12.26,-12.26,-12.56,-11.98,-12.12,-12.56,-12.20,-12.20,-12.12,-11.90,-12.12,-12.34,-12.39,-12.12,-11.98,-12.56,-12.39,-11.98,-11.98,-12.39,-12.48,-12.20,-11.98,-12.56,-12.04,-11.85,-12.34,-12.48,-12.26,-12.34,-12.39,-12.34,-11.98,-12.34,-12.20,-12.34,-12.34,-12.39,-12.12,-12.61,-12.39,-12.39,-12.26,-11.85,-12.34,-12.39,-12.34,-12.70,-12.34,-12.20,-12.48,-12.20,-12.26,-11.85,-12.48,-12.48,-11.85,-12.83,-11.63,-12.26,-11.90,-12.04,-12.48,-12.48,-11.85,-12.34,-12.26,-12.56,-12.26,-12.39,-11.98,-11.90,-12.12,-12.34,-12.34,-12.12,-12.26,-12.61,-12.48,-13.06,-12.26,-12.34,-12.48,-12.78,-12.20,-11.90,-12.34,-12.78,-12.39,-12.61,-12.56,-12.56,-12.39,-12.56,-12.26,-12.48,-12.56,-12.78,-12.61,-12.78,-12.26,-11.90,-12.34,-12.20,-12.56,-12.48,-12.70,-12.97,-12.48,-12.34,-12.48,-12.48,-12.12,-12.56,-12.56,-12.34,-12.34,-12.20,-12.34,-12.56,-12.12,-12.83,-12.48,-12.39,-12.56,-12.48,-12.26,-12.83,-12.61,-12.48,-12.34,-12.56,-12.78,-12.48,-12.48,-12.56,-12.78,-12.70,-12.39,-12.26,-13.14,-12.61,-12.70,-12.39,-12.34,-12.61,-12.56,-12.97,-12.39,-12.83,-12.34,-12.12,-12.78,-12.61,-12.34,-12.70,-12.56,-12.34,-12.39,-12.39,-12.48,-12.61,-13.19,-12.39,-12.39,-12.70,-12.92,-12.61,-12.26,-12.34,-12.26,-12.56,-12.39,-13.06,-13.42,-12.48,-12.12,-12.56,-11.90,-12.39,-12.56,-12.92,-12.56,-12.61,-12.83,-12.92,-12.92,-12.61,-12.78,-12.78,-12.39,-12.39,-12.26,-12.83,-12.61,-12.83,-12.39,-12.39,-12.78,-12.61,-12.92,-12.56,-12.26,-12.56,-12.39,-12.20,-12.04,-12.34,-12.56,-12.56,-12.34,-12.26,-12.12,-12.70,-12.12,-12.92,-12.26,-12.70,-12.26,-12.26,-12.26,-12.48,-12.26,-12.83,-12.70,-12.78,-12.56,-12.78,-12.83,-12.34,-12.92,-12.61,-12.48,-12.78,-12.39,-12.70,-12.48,-12.56
-12.61,-13.14,-12.26,-12.78,-12.04,-13.06,-12.61,-11.98,-12.04,-12.61,-12.39,-12.97,-12.56,-12.70,-12.34,-12.26,-12.48,-12.92,-12.39,-12.39,-12.34,-12.12,-12.56,-12.61,-12.39,-12.48,-12.34,-12.34,-12.48,-12.12,-11.90,-12.56,-12.34,-12.61,-12.70,-12.56,-12.70,-12.97,-12.04,-12.48,-12.39,-12.20,-12.92,-12.39,-12.04,-11.98,-12.92,-12.56,-12.34,-11.98,-12.26,-12.61,-12.04,-12.26,-12.34,-12.20,-11.98,-12.34,-12.48,-12.34,-12.26,-12.92,-12.56,-12.56,-12.83,-12.61,-12.78,-12.78,-13.14,-12.78,-12.61,-12.61,-13.28,-12.61,-12.26,-12.97,-12.78,-12.61,-12.61,-12.34,-12.78,-12.92,-12.61,-12.61,-12.61,-12.61,-12.61,-12.39,-12.61,-12.48,-12.48,-12.78,-12.56,-12.78,-11.85,-12.39,-12.34,-12.20,-12.39,-12.61,-12.78,-12.78,-12.20,-12.56,-12.39,-12.61,-12.56,-12.39,-12.78,-12.26,-12.34,-11.98,-12.26,-12.97,-12.70,-12.48,-12.78,-12.56,-12.39,-13.19,-12.26,-12.20,-12.39,-12.61,-12.48,-12.70,-12.61,-12.39,-12.83,-12.61,-12.48,-12.61,-12.26,-12.70,-12.61,-12.39,-12.83,-12.20,-12.20,-11.98,-12.34,-12.26,-12.26,-12.39,-12.56,-12.34,-12.48,-12.04,-12.26,-12.56,-12.39,-12.39,-11.98,-11.85,-12.04,-12.34,-12.20,-12.34,-12.12,-11.90,-12.48,-12.04,-12.39,-12.56,-12.56,-12.34,-11.76,-12.12,-12.56,-12.56,-12.39,-12.12,-12.34,-12.56,-12.20,-12.48,-12.04,-12.20,-11.76,-12.48,-12.04,-12.48,-11.98,-12.48,-12.92,-12.20,-12.26,-11.98,-11.98,-12.04,-11.98,-12.39,-12.39,-11.90,-12.48,-12.61,-12.61,-12.20,-11.98,-12.34,-12.20,-12.04,-11.98,-12.83,-12.26,-12.48,-12.48,-12.61,-12.20,-12.20,-12.12,-11.98,-12.20,-12.12,-11.90,-12.39,-12.12,-12.04,-12.56,-12.56,-11.90,-11.98,-12.56,-12.26,-12.48,-12.48,-12.26,-12.56,-11.98,-12.56,-12.20,-12.26,-12.20,-11.76,-12.56,-12.56,-12.26,-12.48,-12.48,-12.39,-12.83,-12.61,-12.61,-12.78,-12.70,-12.39,-12.34,-12.61,-12.39,-11.98,-12.56,-12.92,-12.83,-12.34,-12.34,-12.78,-12.56,-12.34,-12.48,-12.48,-12.34,-12.39,-12.78,-12.83,-12.97,-12.26,-12.34,-12.56,-12.34,-12.48,-12.48,-12.70,-12.56,-13.06,-12.61,-12.39,-12.97,-12.78,-13.28,-12.34,-12.78,-12.39,-12.78,-12.34,-12.39,-12.70,-12.39,-12.39,-11.90,-12.56,-12.56,-12.56,-12.34,-12.26,-12.56,-12.83,-12.78,-12.12,-12.92,-12.83,-12.78,-12.56,-12.39,-12.39,-12.04,-13.14,-12.70,-12.20,-12.61,-12.39,-12.83,-13.19,-12.48,-12.83,-13.06,-12.83,-12.92,-12.56,-12.70,-12.70,-12.78,-12.48,-13.06,-12.39,-12.48,-12.48,-12.70,-12.48,-12.48,-13.19,-12.92,-12.78,-12.92,-12.56,-12.92,-12.78,-12.48,-12.20,-12.70,-12.48,-12.61,-12.61,-12.39,-12.78,-12.48,-12.61,-12.48,-11.98,-12.20,-12.26,-12.04,-12.97,-12.61,-12.61,-12.20,-13.06,-12.26,-12.34,-12.26,-12.34,-12.34,-12.56,-12.56,-12.20,-12.56,-12.48,-12.48,-12.83,-11.90,-12.56,-12.04,-12.92,-12.56,-12.34,-12.48,-12.20,-12.56,-12.39,-12.97,-12.20,-12.97,-12.83
-12.39,-12.26,-12.78,-12.12,-12.61,-12.70,-12.20,-12.48,-12.34,-12.48,-12.26,-12.83,-12.70,-12.39,-12.34,-12.48,-12.04,-12.56,-12.61,-12.34,-12.78,-12.78,-12.34,-12.26,-11.90,-12.26,-12.39,-12.61,-11.98,-12.83,-12.61,-12.48,-12.34,-11.98,-12.39,-12.39,-12.61,-12.48,-12.56,-12.61,-12.04,-12.12,-12.04,-12.61,-11.85,-12.61,-12.83,-12.39,-12.48,-12.34,-12.48,-11.68,-12.20,-12.56,-12.26,-12.26,-12.34,-12.39,-12.48,-12.39,-12.56,-12.04,-12.61,-12.56,-12.34,-13.28,-12.26,-12.83,-12.61,-12.34,-12.56,-12.26,-12.97,-12.83,-12.56,-12.34,-12.34,-13.33,-12.61,-12.34,-12.20,-12.61,-12.56,-12.48,-12.83,-12.04,-12.61,-12.34,-12.48,-12.61,-12.61,-12.26,-11.90,-12.48,-12.48,-12.48,-12.56,-12.78,-12.70,-12.78,-12.83,-12.56,-12.97,-12.56,-12.20,-12.20,-12.78,-12.39,-12.39,-12.26,-12.26,-12.39,-12.26,-12.92,-12.61,-12.48,-12.97,-12.12,-12.48,-12.04,-12.20,-12.48,-12.48,-12.48,-12.56,-12.61,-12.26,-13.06,-12.39,-12.61,-12.04,-12.56,-12.56,-12.48,-12.70,-12.78,-12.83,-12.56,-12.56,-12.78,-12.20,-12.26,-12.48,-12.83,-12.20,-12.78,-12.20,-12.48,-12.34,-12.48,-12.34,-12.39,-12.48,-12.20,-12.78,-12.12,-12.78,-12.12,-12.20,-12.20,-12.34,-12.39,-12.20,-12.04,-12.26,-12.34,-12.39,-12.34,-12.20,-12.04,-12.92,-11.98,-12.39,-12.83,-12.83,-12.39,-12.48,-12.61,-11.98,-12.04,-12.34,-12.20,-12.20,-12.56,-12.34,-12.39,-11.76,-12.39,-12.56,-12.61,-12.04,-12.20,-12.26,-11.98,-12.34,-12.56,-12.26,-12.20,-12.56,-12.61,-12.39,-12.26,-11.98,-12.56,-12.34,-12.48,-11.63,-11.98,-12.12,-12.61,-12.26,-12.12,-12.39,-12.39,-12.20,-12.34,-12.39,-12.04,-12.34,-12.34,-12.12,-12.20,-12.34,-12.20,-12.20,-12.56,-12.78,-12.34,-11.90,-12.56,-11.98,-12.34,-12.70,-12.34,-12.48,-12.12,-12.34,-12.83,-12.39,-12.39,-12.34,-12.48,-12.70,-11.98,-12.39,-12.56,-12.78,-12.34,-12.61,-12.12,-12.39,-12.39,-12.48,-12.70,-12.34,-12.20,-12.48,-12.26,-12.39,-12.34,-12.56,-12.12,-12.61,-12.78,-12.56,-12.56,-12.70,-12.61,-12.48,-12.70,-12.70,-11.98,-12.34,-12.34,-12.48,-12.26,-12.78,-12.04,-12.39,-12.78,-12.26,-12.61,-12.26,-12.34,-12.56,-12.78,-12.78,-12.20,-12.12,-12.26,-12.20,-12.20,-12.92,-12.56,-12.56,-12.20,-12.61,-12.20,-12.70,-12.34,-12.83,-13.33,-12.78,-12.78,-12.78,-12.26,-12.39,-12.83,-12.78,-12.78,-12.56,-12.83,-12.48,-11.98,-12.97,-12.61,-13.06,-12.70,-12.83,-12.34,-12.78,-12.56,-12.70,-12.70,-12.92,-12.48,-12.70,-12.78,-12.70,-12.78,-12.78,-12.70,-12.70,-12.83,-12.83,-12.26,-12.61,-12.39,-12.83,-12.61,-12.61,-12.61,-12.34,-12.12,-12.56,-12.56,-12.04,-12.61,-12.04,-12.70,-12.56,-11.98,-12.70,-12.48,-12.48,-12.34,-12.70,-12.20,-12.20,-12.70,-12.34,-12.70,-12.56,-12.39,-12.70,-12.39,-12.56,-12.92,-12.48,-12.83,-12.20,-12.39,-12.26,-12.83,-12.61,-12.34,-12.61,-12.61,-12.61,-12.34,-12.83,-12.70
-12.34,-12.78,-12.26,-13.19,-12.48,-12.34,-12.26,-12.39,-12.12,-12.78,-12.56,-12.48,-12.78,-12.78,-12.97,-12.48,-12.70,-12.61,-12.12,-12.12,-12.61,-12.39,-12.48,-11.98,-12.70,-12.78,-11.85,-12.20,-12.39,-12.34,-12.04,-12.04,-12.26,-12.26,-11.98,-12.61,-12.34,-12.48,-12.34,-12.48,-12.61,-12.61,-12.56,-11.98,-12.34,-12.39,-12.04,-12.78,-11.85,-12.34,-12.56,-12.70,-12.12,-12.39,-12.48,-12.34,-12.20,-12.56,-11.98,-12.12,-12.56,-12.48,-12.70,-12.70,-12.56,-12.92,-12.48,-13.14,-12.61,-12.78,-12.92,-12.56,-12.70,-12.83,-12.48,-12.78,-12.56,-12.56,-12.34,-12.61,-12.56,-12.70,-12.20,-12.92,-12.48,-12.12,-12.39,-12.48,-12.61,-12.61,-12.97,-13.14,-13.06,-12.61,-12.92,-13.19,-12.39,-12.48,-12.39,-12.70,-12.12,-12.83,-12.83,-12.61,-12.39,-12.56,-12.61,-11.98,-12.61,-12.34,-12.61,-12.34,-12.12,-12.70,-12.56,-12.48,-12.34,-12.04,-12.12,-12.83,-12.34,-12.12,-11.85,-12.70,-12.92,-12.20,-12.70,-12.34,-12.70,-12.20,-12.56,-11.85,-12.78,-12.70,-12.20,-12.92,-13.14,-12.78,-12.39,-12.92,-12.70,-12.20,-12.20,-12.70,-12.48,-12.83,-12.34,-12.04,-12.39,-12.83,-12.70,-12.48,-12.34,-12.61,-12.61,-12.56,-12.56,-12.20,-12.78,-12.20,-12.56,-12.34,-12.83,-12.04,-12.39,-12.56,-12.20,-12.34,-12.70,-12.26,-12.39,-11.98,-11.98,-12.04,-12.39,-12.20,-12.39,-12.56,-12.56,-11.98,-12.48,-12.12,-12.34,-12.34,-12.12,-12.48,-11.98,-12.48,-12.34,-12.56,-12.20,-12.39,-12.34,-12.39,-12.34,-11.98,-12.39,-12.12,-12.48,-12.20,-12.20,-12.39,-12.26,-12.39,-12.34,-12.34,-12.70,-11.98,-11.90,-12.39,-12.70,-12.26,-12.34,-12.20,-12.56,-12.34,-12.56,-11.98,-12.12,-11.76,-12.26,-12.48,-12.34,-12.20,-12.70,-12.70,-11.90,-12.39,-12.61,-11.90,-12.12,-12.61,-12.26,-12.34,-12.34,-12.56,-12.56,-12.48,-12.70,-12.39,-12.78,-12.70,-12.26,-12.39,-12.20,-12.20,-12.56,-12.39,-12.48,-12.70,-13.06,-11.98,-11.98,-12.04,-12.26,-12.92,-12.39,-12.39,-12.70,-12.34,-12.56,-12.48,-12.56,-12.26,-12.20,-12.61,-12.39,-12.26,-12.97,-12.12,-12.70,-12.39,-12.83,-12.12,-12.20,-12.70,-12.26,-12.56,-12.92,-12.34,-12.70,-12.26,-12.12,-12.48,-12.48,-13.06,-12.48,-12.48,-12.26,-12.48,-12.34,-12.70,-11.98,-12.70,-13.14,-12.70,-12.04,-12.34,-12.26,-12.56,-12.92,-12.34,-12.39,-12.34,-12.26,-12.56,-12.26,-12.92,-12.70,-12.56,-12.92,-12.83,-12.83,-12.26,-12.48,-12.78,-12.48,-12.48,-12.83,-12.34,-13.06,-12.48,-12.61,-12.48,-12.83,-12.83,-12.83,-12.48,-13.06,-12.56,-12.83,-12.78,-13.28,-12.48,-12.48,-12.20,-12.61,-12.56,-12.12,-12.04,-12.61,-12.39,-12.04,-12.56,-12.26,-11.90,-12.70,-12.48,-12.70,-12.61,-12.92,-12.34,-12.78,-12.83,-12.61,-12.61,-12.78,-12.26,-12.26,-12.70,-12.48,-12.12,-12.48,-12.20,-12.70,-12.48,-12.04,-12.61,-12.39,-12.56,-12.61,-12.39,-12.48,-12.39,-12.39,-12.97,-12.34,-12.34,-12.56,-12.34,-12.04,-12.83
