24.85,24.76,24.85,25.02,25.11,25.02,24.93,24.93,25.11,24.85,25.20,24.67,25.02,24.85,25.20,24.57,25.02,24.85,25.20,25.20,24.57,24.76,25.28,24.76,24.67,24.76,25.20,24.93,24.93,24.85,25.11,24.85,24.85,24.76,25.20,24.85,24.93,25.11,24.93,24.76,24.93,24.93,24.93,24.93,24.93,25.02,25.02,25.02,24.93,24.93,25.20,25.11,25.20,24.76,24.76,25.02,25.20,25.11,25.37,25.02,24.76,25.11,25.02,24.57,25.11,24.93,25.20,24.85,24.76,24.57,24.67,25.28,25.02,24.93,24.67,24.93,25.28,25.02,25.02,24.57,25.11,24.85,25.11,24.85,25.11,24.67,24.76,24.85,24.76,25.46,25.11,24.76,24.93,25.37,24.85,25.02,24.85,25.02,24.76,25.11,24.67,24.93,25.11,24.76,24.76,24.85,25.20,24.85,24.85,25.46,24.85,25.20,25.11,25.02,25.02,25.11,25.11,25.20,24.67,25.11,25.11,25.20,25.02,25.28,25.28,25.11,25.11,24.93,24.76,25.20,25.11,25.55,25.02,24.76,24.93,24.67,25.28,25.20,25.02,25.02,25.02,25.20,25.11,24.85,25.20,24.85,25.20,25.20,25.46,24.76,25.02,24.67,25.46,25.28,24.93,24.93,25.28,25.37,24.67,25.55,25.28,25.20,25.37,25.20,25.11,25.20,25.63,24.85,25.11,25.37,25.11,25.20,25.55,25.11,25.02,25.02,25.11,25.28,24.85,25.55,25.11,25.55,25.02,25.55,25.20,25.02,25.46,24.85,25.46,25.46,25.20,25.02,25.63,25.37,24.76,24.93,25.81,25.55,25.11,25.46,25.28,25.46,25.55,25.55,25.11,25.02,25.28,25.11,25.55,25.02,25.37,25.28,25.11,25.37,25.11,25.28,25.46,24.85,25.28,25.11,24.85,25.11,25.11,25.11,24.39,25.11,25.20,25.20,25.02,25.28,25.11,25.28,24.85,25.02,25.20,25.46,25.11,24.93,25.20,25.02,25.20,25.28,25.55,24.93,25.20,25.72,25.28,25.37,25.11,24.93,25.28,25.20,25.28,24.85,25.20,25.11,25.02,24.85,24.93,24.93,25.02,25.20,25.02,24.76,25.20,25.20,25.28,25.28,25.11,25.28,25.02,25.02,24.85,25.02,25.11,25.02,25.28,24.76,25.28,25.11,25.11,25.28,25.11,25.28,25.11,24.93,25.02,24.93,25.11,25.63,25.20,25.02,25.02,24.93,24.93,25.37,25.02,25.28,24.67,25.37,24.67,25.02,25.20,25.02,24.93,25.20,24.85,25.11,25.46,24.93,25.11,25.02,25.37,24.67,25.11,24.67,25.02,25.20,25.11,25.11,25.11,25.02,25.11,24.93,24.93,24.85,25.28,25.02,25.11,24.57,25.11,25.28,24.93,24.76,24.85,25.11,24.93,25.11,25.28,24.93,24.76,24.67,25.28,24.85,25.63,24.93,25.02,24.67,25.11,25.02,25.02,25.02,25.02,25.37,25.11,25.28,24.67,25.02,24.67,24.93,24.85,25.20,25.02,24.85,25.20,25.02,24.85,25.28,25.28,24.85,24.85,25.11,25.11,24.67,25.02,24.76,25.02,24.76,25.28,24.67,24.48,25.11
24.93,25.02,25.11,25.11,25.20,25.11,24.93,25.02,24.85,25.37,25.11,24.93,24.85,24.93,24.93,25.02,24.67,24.93,24.93,24.93,25.02,24.76,25.02,24.57,24.85,25.02,25.37,25.02,25.02,24.67,24.67,24.48,24.85,24.76,24.76,25.02,25.28,24.67,24.85,24.93,25.28,24.76,24.85,25.20,25.20,25.02,24.85,25.20,24.93,25.55,25.02,24.48,25.28,25.11,25.20,25.11,25.11,25.20,24.76,24.93,24.93,25.11,24.93,25.11,24.93,25.20,24.93,24.85,25.37,25.11,25.28,24.85,24.93,25.20,25.20,25.11,25.46,25.11,25.11,24.76,24.76,25.28,25.11,24.93,25.02,24.93,25.11,25.02,24.93,25.20,25.20,24.67,25.02,25.28,24.93,24.93,25.02,25.20,25.02,24.93,24.93,24.85,25.20,25.20,25.11,24.93,24.48,24.67,25.11,25.11,25.11,25.37,25.02,25.11,24.93,25.20,25.28,25.11,25.20,25.02,25.20,25.55,25.20,24.85,24.93,25.37,25.02,25.11,25.11,25.37,25.28,24.39,24.93,25.02,25.37,25.02,24.93,24.93,24.85,24.93,25.02,25.28,25.20,25.20,24.93,25.28,25.11,25.02,25.11,25.20,24.76,25.11,24.93,24.93,25.37,25.20,24.93,25.37,25.11,25.02,25.02,24.85,25.11,25.20,25.28,25.20,25.11,25.11,25.28,24.93,25.20,25.55,25.46,25.37,25.46,25.28,24.93,25.11,24.93,25.37,25.28,25.28,25.28,25.20,25.28,24.76,24.93,25.55,25.20,25.28,25.37,25.20,25.28,25.20,25.20,25.46,25.37,25.28,24.93,25.28,25.11,25.11,25.46,25.20,24.93,25.55,25.37,25.28,25.46,25.46,25.11,25.46,25.20,25.37,25.02,25.28,24.93,25.28,24.85,25.46,25.28,24.93,24.93,25.37,24.85,25.11,24.93,25.37,24.85,25.28,25.20,25.46,25.20,25.02,24.76,25.02,24.85,25.28,25.55,25.02,25.55,25.11,25.28,24.93,24.85,25.02,25.28,25.37,25.02,25.02,24.93,25.02,25.46,25.11,25.02,24.93,25.55,24.93,25.11,25.11,25.28,25.28,24.93,24.93,25.37,25.46,24.93,25.28,25.02,24.93,25.02,24.85,24.85,24.85,24.85,25.11,25.02,25.02,25.02,24.57,24.93,24.85,24.93,25.37,24.85,24.93,24.67,25.28,24.85,24.93,25.02,25.02,25.37,24.93,25.37,24.85,25.02,25.02,24.85,25.11,24.93,24.76,25.02,24.85,25.46,24.85,24.93,24.85,24.93,24.48,24.93,24.85,25.11,25.02,25.20,25.02,24.48,24.93,25.37,24.67,24.93,24.67,25.02,25.11,24.93,25.11,24.85,24.48,25.46,24.93,24.67,24.85,24.93,24.67,24.85,24.85,24.11,24.85,25.02,25.11,24.93,24.93,25.02,25.11,25.20,25.11,25.02,24.57,24.85,24.93,24.76,25.02,24.76,25.11,24.76,24.76,24.93,24.93,24.76,24.85,24.85,25.02,24.76,25.11,25.02,25.02,25.46,24.93,24.93,24.57,24.48,25.02,24.67,25.20,24.85,24.93,24.76,24.85,25.11,24.48,24.85,25.28
24.67,24.85,24.67,24.76,24.67,24.93,24.57,24.85,24.93,24.85,25.02,24.76,25.20,24.48,24.48,25.02,24.85,24.67,24.39,24.76,24.85,24.85,24.67,24.67,25.11,24.67,24.48,24.76,24.67,24.48,24.85,24.93,25.11,24.76,24.76,24.93,24.57,24.85,24.76,24.76,25.11,24.67,24.76,24.85,24.76,25.28,24.76,24.93,25.28,24.76,25.28,24.85,25.20,24.93,25.46,24.57,24.67,24.85,25.11,24.93,24.76,24.93,24.85,24.76,25.20,24.85,25.11,24.76,25.20,24.57,25.11,24.85,25.11,25.28,25.02,24.85,24.85,25.02,25.02,24.93,25.20,24.85,25.37,24.93,24.76,25.02,25.02,25.28,25.20,24.67,24.67,25.02,25.20,25.20,25.37,25.11,25.02,25.20,24.93,25.20,25.37,25.02,25.20,24.93,25.02,24.57,25.02,25.37,25.11,25.20,25.55,25.28,25.11,25.20,25.11,24.76,25.20,25.02,25.11,24.85,25.11,25.28,25.11,25.20,25.20,25.46,25.02,25.02,25.20,25.02,24.85,24.85,24.93,25.11,25.02,25.02,25.20,24.93,24.93,24.85,25.02,25.37,24.93,25.37,25.11,25.28,25.11,25.11,24.93,25.28,25.02,25.37,25.55,25.37,24.93,25.02,25.02,25.20,25.20,24.76,25.02,25.20,25.37,25.37,24.93,25.11,25.20,25.28,24.76,24.85,25.63,25.20,25.63,24.93,24.85,25.28,25.28,25.02,25.37,25.11,25.28,25.28,24.93,25.72,25.46,25.46,25.11,25.28,25.55,25.28,25.28,25.28,25.20,25.20,25.46,25.46,25.20,25.37,25.20,25.11,25.11,25.11,25.37,24.93,25.37,25.11,25.28,25.37,25.46,25.63,25.28,25.20,25.28,25.55,25.46,25.55,25.11,25.46,25.72,24.85,25.28,25.28,25.37,25.55,25.63,25.46,25.37,25.20,25.55,25.28,25.20,25.02,25.02,25.46,25.28,25.37,25.37,24.93,24.93,25.11,25.46,25.20,25.20,24.93,25.02,24.93,25.11,25.28,25.28,25.20,25.02,25.02,25.02,24.93,24.85,25.46,25.28,24.76,25.02,24.85,25.37,25.02,25.37,24.67,25.37,25.37,25.02,24.85,25.02,25.20,25.02,24.76,25.28,25.11,24.76,25.02,24.48,24.85,25.11,25.28,24.57,25.20,24.93,25.28,25.02,25.37,25.20,25.11,25.55,24.93,24.20,24.85,24.48,25.20,25.02,25.02,25.11,25.20,24.93,25.11,24.76,25.28,24.76,25.63,25.55,25.46,25.02,24.93,25.46,25.02,25.37,25.37,25.02,25.02,24.85,25.28,25.37,25.46,25.28,25.81,25.55,25.11,25.63,24.67,25.28,25.46,25.02,25.88,25.46,25.11,25.11,24.76,24.76,24.57,24.01,24.85,24.67,24.85,24.76,24.20,24.39,24.57,24.85,24.85,24.29,24.93,24.39,24.67,24.76,24.48,24.93,24.67,24.39,24.67,24.29,24.57,24.39,24.93,24.93,24.20,24.29,24.11,24.39,24.93,24.48,24.85,24.39,24.48,24.57,24.67,24.76,24.39,24.29,24.20,24.76,24.48,24.39,24.85,24.57,24.57,24.57,24.57
25.02,24.93,25.11,24.57,24.57,24.76,24.85,24.76,24.57,24.85,24.85,24.85,24.67,25.11,24.85,24.85,24.85,24.76,24.93,24.67,24.76,24.93,24.67,24.93,25.02,24.76,25.02,24.93,24.93,25.02,25.11,24.85,24.85,24.85,24.93,24.67,24.93,24.85,24.48,24.85,24.57,24.85,24.93,25.11,25.11,24.93,24.93,25.28,24.76,24.93,24.67,24.76,24.85,24.93,24.67,25.28,24.67,24.93,25.28,25.11,24.76,24.93,24.57,24.76,25.20,24.93,24.85,24.57,24.93,24.76,24.67,24.39,24.67,24.67,24.48,25.20,25.02,24.76,24.93,25.02,24.93,25.20,24.93,25.28,25.02,25.28,25.11,25.02,25.28,25.11,25.28,25.37,25.20,25.02,24.85,25.02,25.28,25.02,25.37,24.93,25.28,25.02,24.93,24.93,25.11,25.20,25.20,25.02,24.57,25.20,25.11,25.37,24.85,25.37,25.20,25.02,25.20,25.20,25.37,25.37,25.11,24.67,24.93,25.11,25.11,25.11,25.02,25.46,25.20,25.55,25.28,25.02,25.02,25.02,25.02,25.02,24.93,25.28,25.37,24.57,24.85,24.85,25.11,24.93,24.48,25.02,25.11,25.20,24.93,25.20,25.20,24.39,25.20,25.55,25.11,25.02,24.76,24.85,25.20,25.11,25.28,25.28,24.76,25.37,24.85,25.28,25.11,25.02,25.46,25.37,25.28,24.93,25.02,25.02,25.20,25.37,25.37,25.11,25.02,25.20,25.20,25.20,25.37,25.37,25.28,25.37,25.11,25.37,25.28,25.28,25.28,25.20,25.20,25.20,25.11,25.46,25.28,25.11,25.55,25.20,25.28,25.11,25.37,25.37,25.28,25.11,25.55,25.37,25.46,25.55,25.28,25.37,25.46,25.11,24.85,25.11,25.20,25.11,25.28,25.46,25.11,25.11,25.63,25.28,25.02,25.20,24.85,25.02,25.20,24.85,25.11,25.20,25.20,25.20,25.11,25.20,25.20,25.11,24.93,25.28,24.93,24.93,24.93,24.93,25.02,25.37,25.28,25.46,25.02,25.11,25.02,25.28,24.85,25.46,24.93,24.67,24.76,25.02,24.67,24.93,24.85,24.57,25.28,24.85,25.02,25.20,25.20,24.57,25.28,24.93,24.67,24.85,25.46,25.02,24.76,24.57,25.02,24.57,25.02,25.11,24.93,25.46,25.11,24.85,25.02,25.20,24.93,24.85,25.02,25.37,24.76,24.85,24.76,24.76,25.11,24.85,24.57,25.02,24.76,25.02,24.93,24.85,24.67,25.11,24.85,25.37,25.20,25.02,24.93,24.93,24.57,24.93,24.76,24.67,25.11,25.02,25.02,24.76,24.57,24.93,24.93,25.20,24.85,24.76,25.02,24.67,24.93,24.29,24.85,24.85,24.93,25.02,24.85,24.93,25.02,24.93,25.02,24.76,24.85,24.85,25.11,24.93,25.02,24.48,24.93,24.93,24.85,25.37,25.37,24.85,24.67,24.76,25.11,25.28,25.11,24.76,24.67,24.93,25.02,24.85,25.02,24.85,25.11,24.76,24.76,25.28,24.76,24.48,24.76,24.93,25.02,25.11,24.76,24.93,24.67,24.57,24.76,24.93,24.93,24.39,24.85,25.02
25.37,25.02,24.29,24.67,24.85,25.11,24.85,24.93,24.57,24.39,25.28,24.67,24.67,25.02,24.76,25.11,24.85,24.67,25.11,24.39,24.93,25.02,24.93,25.11,24.93,24.67,24.85,24.85,24.67,24.67,25.28,24.39,24.85,24.76,25.20,24.57,24.85,24.57,25.11,24.67,25.02,24.57,24.76,25.20,24.57,25.11,25.11,24.67,25.28,25.28,24.67,25.11,25.20,25.20,24.76,25.28,24.67,25.20,24.57,25.11,24.93,24.76,25.11,25.02,24.93,25.37,25.20,25.28,25.20,24.85,24.85,24.67,24.67,25.20,25.02,24.85,24.93,24.93,24.67,25.02,25.02,25.02,24.76,25.28,25.37,24.67,25.20,24.93,25.20,24.93,24.57,24.76,25.20,25.20,24.93,24.85,24.85,25.28,24.76,25.11,24.57,24.57,25.63,24.93,25.02,24.85,25.11,24.76,25.37,25.20,25.02,25.20,24.93,25.02,24.85,24.93,25.11,25.02,25.28,25.02,24.93,24.85,24.93,25.28,25.02,25.20,24.85,24.93,25.28,25.28,24.85,25.11,25.11,25.02,25.02,24.93,24.93,25.02,25.02,25.11,25.11,25.11,24.67,25.37,25.37,25.20,24.85,25.72,25.11,25.11,25.28,25.11,24.93,25.02,25.11,25.02,25.37,25.20,25.28,25.11,25.28,24.93,25.28,24.85,25.28,24.93,25.20,25.55,25.28,25.55,25.02,25.37,25.37,25.46,25.20,25.28,25.11,25.46,25.11,25.28,25.28,24.85,25.28,25.28,25.11,25.28,25.20,25.20,25.11,25.28,25.28,25.37,25.02,25.02,25.37,25.20,25.55,25.46,25.37,25.37,25.02,25.55,25.11,25.20,25.46,25.55,25.28,25.63,25.46,25.11,25.88,25.11,25.20,25.46,25.28,25.55,25.28,25.28,25.72,25.37,25.63,25.28,25.20,25.72,25.46,25.28,25.37,25.11,25.37,25.20,25.63,25.28,24.85,24.93,25.20,25.28,25.11,25.20,24.85,25.55,25.37,25.20,25.11,25.11,25.02,24.76,25.37,25.37,24.93,25.20,24.85,24.93,25.11,25.37,24.85,25.11,25.28,24.67,25.28,25.20,25.02,24.85,25.37,24.93,24.85,25.02,25.11,24.85,25.63,25.20,25.11,24.85,24.93,25.28,24.85,24.93,24.76,25.46,25.02,25.28,25.11,25.02,24.67,25.37,24.57,24.67,24.67,24.85,24.85,25.11,24.57,25.02,25.20,24.85,24.85,25.11,25.11,24.93,25.28,24.93,25.02,25.02,25.11,25.02,25.28,24.93,25.02,24.76,24.67,25.11,24.85,24.85,25.02,24.93,24.93,25.20,25.20,24.76,25.02,25.02,25.63,24.93,24.85,24.57,25.11,24.85,24.57,24.85,24.93,24.67,24.67,24.93,24.67,25.37,24.67,24.85,24.48,24.76,24.93,24.93,24.85,24.85,25.37,25.11,25.02,25.28,25.02,25.20,25.28,25.11,24.85,25.20,25.02,25.28,24.85,24.39,25.28,24.85,24.76,24.85,24.93,25.55,24.85,24.76,24.76,24.67,24.67,24.57,24.76,25.11,25.02,25.20,24.67,25.02,24.93,25.28,24.93,24.67,25.02,25.20,24.67,24.93
24.85,24.67,25.11,24.85,25.02,24.76,24.85,24.85,24.67,24.76,25.02,24.76,24.57,24.76,24.67,25.20,24.85,24.76,25.11,25.02,24.67,24.48,24.85,25.11,24.93,24.85,24.76,24.57,25.20,24.93,24.76,24.76,24.48,24.76,25.02,24.67,24.67,24.67,24.76,24.48,24.85,24.67,24.85,24.85,24.76,24.93,24.76,24.76,24.93,24.85,24.85,24.67,24.57,25.20,24.76,24.85,25.28,25.28,25.11,24.85,24.93,25.11,25.02,24.85,24.85,24.93,25.20,25.11,24.76,24.76,24.67,25.02,24.85,24.57,24.67,24.67,24.85,25.11,24.93,24.67,24.67,25.02,24.93,25.02,24.67,24.93,24.76,25.02,24.67,24.93,24.85,24.93,25.28,25.28,25.20,25.11,25.11,24.85,24.57,25.02,24.57,25.11,25.02,25.02,25.11,25.11,25.20,25.20,24.85,25.11,24.76,24.93,25.46,24.93,25.11,24.93,24.48,24.93,25.28,24.93,24.85,25.28,24.85,25.02,25.20,24.76,25.28,25.11,25.37,25.02,25.02,24.93,25.46,25.02,25.28,24.93,25.02,25.11,24.67,25.02,25.20,25.02,24.93,25.28,25.02,24.67,25.20,24.93,25.28,25.11,25.37,25.02,25.02,25.28,25.28,25.02,25.37,25.11,24.57,25.02,25.37,24.93,25.11,25.20,25.28,25.55,25.37,25.37,25.63,24.93,25.28,25.55,25.20,25.28,25.20,25.28,25.20,25.46,25.20,24.76,24.85,25.46,25.72,25.37,24.85,25.28,25.28,25.37,25.28,24.85,24.76,25.46,25.28,25.37,25.02,25.11,25.28,25.46,25.28,24.76,25.28,25.02,25.37,25.28,25.28,25.37,25.55,25.28,25.46,25.20,25.02,25.02,25.02,25.37,25.55,25.63,25.11,25.02,25.37,25.11,25.02,25.28,24.93,25.02,25.20,25.37,25.37,25.46,24.85,25.20,25.28,25.20,25.20,25.28,24.76,25.20,25.28,25.11,25.28,24.85,25.11,25.02,25.02,25.02,24.76,25.37,25.37,24.85,25.02,24.57,25.11,25.11,24.93,25.20,25.02,25.02,24.85,24.93,24.85,24.85,24.85,24.67,25.28,25.11,25.20,24.76,24.20,24.93,24.76,25.11,25.11,25.11,24.76,24.85,25.46,25.02,24.85,24.93,25.02,24.85,24.67,25.37,24.76,25.02,25.02,24.93,25.28,24.76,25.11,25.28,25.02,25.11,24.85,24.85,25.11,25.02,24.93,24.85,25.11,24.85,24.67,25.28,25.02,24.57,24.76,25.11,24.85,24.57,24.93,24.85,25.11,24.76,24.85,25.11,25.28,24.85,24.93,24.85,24.85,24.85,24.85,24.93,25.02,24.67,24.85,24.85,24.76,24.93,24.67,24.57,24.85,24.57,24.67,24.85,24.48,24.76,24.93,24.76,24.76,25.28,24.76,24.85,24.76,24.48,24.48,25.11,24.48,24.85,24.76,24.48,24.76,24.57,24.67,24.85,25.11,24.76,24.76,24.67,24.76,24.76,24.57,24.76,24.20,24.57,24.76,24.67,24.76,24.76,24.76,24.93,24.85,24.76,24.67,24.93,24.67,24.39,24.85,25.02,24.67,24.85,24.93,24.57
25.02,25.11,25.02,25.02,25.11,25.11,25.11,24.93,24.93,24.93,25.11,25.20,25.20,25.28,25.02,25.02,25.11,25.20,25.11,24.76,25.02,24.85,24.93,24.85,24.57,24.76,24.76,24.57,25.02,24.57,24.48,24.57,24.85,24.76,24.76,24.93,24.48,24.48,24.57,24.67,24.57,24.67,24.85,24.85,24.85,24.48,24.85,24.93,25.02,25.46,24.76,24.76,24.67,24.48,25.37,24.85,25.11,24.76,24.39,25.02,24.76,25.11,24.57,24.57,24.93,25.02,24.67,24.57,24.76,24.76,24.39,24.76,24.67,24.76,24.85,24.76,24.67,24.67,25.02,24.93,25.20,25.11,24.85,24.48,24.85,25.02,24.85,25.02,24.67,25.20,24.76,24.85,24.85,25.20,24.67,25.02,24.93,25.37,24.48,25.20,25.11,25.11,24.93,24.93,25.11,25.11,24.85,25.28,25.11,25.20,24.85,25.63,24.85,24.85,24.85,25.20,25.02,25.28,24.67,24.93,24.93,24.93,24.76,25.20,24.76,24.76,24.76,25.02,25.28,24.76,25.11,25.02,24.76,25.11,25.11,24.85,25.02,25.11,24.93,24.76,24.57,24.76,24.67,24.93,25.02,24.93,24.67,24.93,25.28,24.93,25.20,25.20,25.11,25.11,24.93,24.93,24.93,25.11,25.28,25.20,25.37,25.11,25.02,25.37,25.28,25.11,24.93,25.11,24.93,25.28,25.28,24.85,24.93,24.67,25.20,24.93,25.20,25.28,25.46,25.20,25.37,25.37,24.85,24.85,25.55,25.55,25.37,24.85,25.46,25.28,25.55,25.20,25.28,25.37,25.11,25.55,25.02,25.37,25.20,24.93,25.02,25.37,24.85,25.20,25.20,25.11,24.93,25.28,25.55,24.93,24.85,25.11,25.46,25.63,25.37,25.37,25.46,25.28,25.20,25.28,25.63,25.11,25.46,24.85,25.11,25.20,25.46,25.02,25.20,25.11,24.85,25.11,25.11,24.85,25.02,24.76,24.67,24.85,25.02,25.28,25.37,25.02,24.85,25.11,24.93,25.46,25.46,25.20,24.93,25.46,25.20,25.20,25.20,24.76,24.93,24.93,25.28,24.85,24.85,24.85,24.76,24.76,24.85,24.48,25.28,25.37,25.37,24.67,25.46,24.85,25.02,24.85,25.02,25.02,24.93,25.20,25.11,24.67,25.20,24.67,25.20,25.20,24.76,24.85,25.02,25.20,24.93,25.20,25.11,24.76,24.93,24.85,25.02,24.93,24.76,24.85,24.76,25.02,25.02,25.02,24.93,24.85,24.67,25.02,24.93,24.93,25.11,25.02,24.93,25.11,25.02,24.76,24.76,24.76,24.93,25.02,25.02,24.67,24.76,24.76,24.67,25.37,24.67,24.76,25.20,25.02,24.29,24.93,24.29,25.28,25.02,24.85,24.76,24.67,24.85,25.28,24.85,25.11,24.57,25.20,24.67,25.02,24.85,24.48,24.93,25.11,24.67,25.11,24.93,24.48,24.93,24.85,24.85,24.85,24.85,24.76,24.93,24.29,24.67,24.93,25.02,24.93,25.11,24.39,25.02,24.29,25.02,24.93,24.76,24.85,25.20,24.93,24.20,24.85,24.57,24.76,25.02,24.57,24.67,24.57,24.76,25.11
24.48,25.02,24.76,24.48,24.85,24.39,24.76,24.76,24.76,24.93,24.76,24.67,24.39,24.76,24.67,24.85,24.76,24.76,24.67,24.93,25.20,24.85,25.02,24.85,24.67,24.39,24.67,25.11,24.93,24.57,24.76,24.57,25.37,24.85,24.76,25.02,24.67,24.85,24.57,24.76,24.85,24.67,24.85,25.11,24.85,24.48,24.76,24.76,24.48,24.29,24.85,24.67,24.85,24.57,25.11,25.28,24.57,24.85,25.02,25.02,25.28,24.29,24.57,24.93,24.85,24.67,24.67,24.85,25.11,24.93,24.76,24.67,24.93,24.93,24.85,24.85,24.57,24.57,25.02,24.67,24.48,25.11,25.02,25.20,25.02,24.67,24.93,24.67,25.20,25.02,24.93,24.76,24.93,24.93,24.76,25.02,24.85,24.67,25.02,24.85,24.76,25.11,25.20,25.20,24.93,25.02,24.85,25.02,24.76,24.67,25.11,25.11,25.37,24.85,25.02,25.28,24.76,24.48,25.28,25.11,24.85,25.11,24.85,24.93,25.02,25.11,25.02,25.20,25.81,25.11,24.85,24.76,25.11,24.57,24.76,24.85,24.85,25.28,25.11,25.28,24.85,24.93,25.37,24.93,25.02,24.85,25.02,24.67,25.02,24.93,24.93,25.20,25.02,25.02,25.02,25.02,24.48,25.37,25.02,25.37,24.76,25.11,25.20,24.93,24.85,25.20,25.28,25.02,25.28,24.93,24.85,25.20,24.93,25.28,25.20,25.20,25.28,25.37,25.28,24.85,25.11,25.02,25.02,25.63,25.28,25.02,25.20,25.37,25.37,25.20,25.28,25.02,25.02,25.20,25.28,25.28,25.20,25.46,25.20,25.20,25.72,25.11,25.11,25.28,25.20,25.11,25.20,24.76,24.93,24.93,25.11,25.20,25.20,25.37,24.67,25.28,25.37,25.37,25.37,24.85,25.28,25.37,25.37,25.46,24.85,24.93,25.11,24.93,24.85,25.28,25.02,25.20,25.20,25.11,25.11,24.67,25.28,25.11,25.28,25.28,25.20,25.02,24.93,25.37,25.11,25.20,25.37,25.20,24.76,25.28,25.11,25.37,25.02,25.11,24.93,25.28,24.85,24.85,24.85,25.11,24.67,25.02,24.76,24.93,24.85,25.02,24.85,25.11,24.93,25.02,24.93,25.11,24.85,24.85,25.46,25.02,24.57,25.46,24.93,25.11,25.02,25.02,25.02,25.11,24.93,25.02,25.20,24.67,25.02,24.93,24.93,24.93,24.85,25.20,25.28,25.20,25.28,24.85,25.11,25.02,25.11,24.67,25.02,24.76,25.02,25.55,24.85,25.20,25.11,24.85,24.76,24.93,24.67,25.11,24.93,25.02,25.11,24.85,25.20,24.57,25.46,24.93,24.93,25.02,24.85,24.76,24.85,24.85,24.76,25.02,24.93,25.20,24.20,24.93,24.76,24.76,24.93,24.93,24.93,24.76,25.02,25.28,24.85,24.76,24.93,25.20,24.76,24.67,25.11,24.93,25.20,24.85,25.28,24.93,24.93,24.93,24.76,24.93,24.48,24.67,24.93,24.93,24.76,24.93,25.11,24.76,25.02,24.39,24.67,24.93,25.11,24.85,25.37,24.85,24.85,25.11,24.76,25.11,24.67,25.11,24.85,24.48
24.93,24.76,25.02,24.67,24.76,24.76,24.67,24.29,25.20,24.67,24.67,24.57,24.85,24.57,24.67,25.37,25.11,24.57,24.29,24.39,24.76,24.67,24.93,25.11,24.76,24.57,24.85,24.67,25.11,24.76,24.76,25.11,24.85,25.28,24.76,25.02,24.39,24.76,24.67,24.57,24.76,24.85,24.76,24.57,25.28,24.67,24.76,24.76,24.76,24.76,24.76,25.11,24.85,24.67,24.67,24.76,25.11,24.76,24.85,24.57,24.57,24.57,25.11,25.20,24.93,24.76,24.57,25.11,24.48,24.85,24.67,24.76,24.48,24.67,24.76,25.11,24.85,25.02,24.57,24.57,25.20,24.57,25.11,25.02,25.20,24.67,25.20,24.93,24.93,24.76,24.76,25.11,24.93,25.20,25.37,25.20,25.37,25.11,24.93,24.93,25.11,25.20,25.02,25.46,24.93,25.28,25.37,25.02,25.20,24.93,25.02,25.02,24.93,25.02,25.11,25.37,24.85,24.85,25.11,25.02,25.20,25.46,24.93,25.28,25.02,25.20,25.28,25.28,25.11,25.46,25.28,24.29,25.11,25.11,25.11,24.85,25.02,24.93,25.20,24.85,24.85,25.46,25.11,24.93,24.67,25.28,25.55,24.85,25.02,25.02,24.93,25.63,25.20,25.55,24.93,25.11,25.28,25.02,25.11,25.55,25.11,25.37,25.02,25.20,24.76,25.46,25.20,24.85,24.76,24.93,25.28,25.20,25.20,24.85,24.76,25.11,25.20,25.28,25.28,25.02,25.02,24.85,25.02,25.63,25.11,24.85,25.02,25.28,25.11,25.20,25.63,25.46,25.20,25.20,24.76,25.46,25.28,25.46,25.20,25.20,25.28,25.46,25.28,25.11,25.11,24.93,25.20,25.11,24.76,25.46,25.11,25.02,25.55,25.11,25.28,25.11,25.28,25.28,25.11,25.02,25.55,24.93,24.76,25.28,24.85,25.20,25.20,25.11,25.28,25.37,25.11,24.76,25.20,24.85,24.76,25.37,25.20,25.20,25.02,24.67,25.02,25.11,25.11,25.11,25.55,25.11,25.55,25.20,25.02,25.02,25.28,25.11,24.93,24.85,25.02,25.63,24.85,24.85,25.02,25.02,24.85,25.37,25.28,24.93,25.02,24.93,25.11,24.85,24.76,24.76,24.93,24.85,24.93,25.20,24.76,24.76,25.02,24.85,25.11,25.02,25.02,24.85,24.67,25.20,24.76,25.02,25.55,24.85,24.76,24.67,24.85,25.11,24.93,25.02,24.67,25.11,25.02,24.93,24.85,24.85,25.11,25.11,25.11,25.37,24.76,25.02,25.02,24.76,24.85,24.93,25.02,24.48,24.76,24.93,25.11,24.93,25.02,24.67,25.02,25.37,24.48,24.76,24.93,24.67,24.76,25.11,24.76,24.39,25.02,24.76,24.76,24.67,24.85,24.93,25.20,24.85,24.93,24.85,24.85,25.02,24.85,24.57,24.39,24.85,25.11,24.48,25.20,24.93,25.02,25.20,25.02,25.02,24.67,25.11,24.93,25.02,24.85,24.48,25.02,24.67,25.11,24.67,24.57,24.85,24.48,24.85,24.76,24.85,25.02,24.93,24.67,24.76,24.85,25.02,24.85,25.02,24.57,24.76,25.11,24.93,24.67,25.20
25.02,24.76,24.57,24.76,24.67,24.76,24.85,24.67,24.85,24.48,24.76,24.93,24.93,24.93,24.67,24.93,24.76,25.11,24.85,24.93,25.20,24.85,24.67,24.93,24.93,24.76,24.76,24.67,24.57,24.85,24.57,24.67,24.48,25.20,25.02,24.85,25.28,24.67,25.02,24.67,24.57,25.02,24.85,24.85,24.76,25.02,24.76,25.11,24.85,24.57,25.28,24.85,25.20,24.76,24.57,24.67,24.76,24.93,25.20,24.67,24.85,24.48,24.76,24.85,25.02,25.02,25.28,25.20,24.85,24.85,24.67,24.93,24.48,25.02,24.85,25.11,24.57,25.11,24.67,24.85,24.67,25.11,24.57,24.76,25.02,25.02,24.85,25.20,25.11,25.28,24.93,24.85,24.93,24.76,24.93,24.93,24.76,24.85,25.02,24.67,25.02,25.11,25.02,25.02,24.67,24.67,24.85,24.67,24.76,25.02,25.11,24.57,25.02,24.93,25.02,25.02,24.85,25.28,25.20,24.93,24.85,24.85,25.11,24.67,24.85,25.11,25.02,25.11,24.93,24.93,24.93,24.85,24.57,25.02,25.20,24.93,25.28,25.02,24.93,25.28,25.20,24.93,24.85,25.28,25.11,25.11,24.85,25.02,24.93,25.11,24.93,25.11,24.76,25.11,25.02,24.93,25.46,25.11,25.37,25.28,24.85,25.11,24.93,24.93,25.37,25.11,25.28,24.85,25.02,25.02,24.93,25.28,24.93,25.72,25.20,24.85,25.20,25.37,25.11,25.20,25.20,25.20,24.93,25.11,25.28,25.28,25.20,25.37,25.11,25.20,25.20,25.55,25.46,25.20,25.20,24.93,25.28,25.46,25.37,24.93,24.85,25.37,25.02,25.20,24.67,25.28,25.02,25.28,24.93,25.46,25.11,25.37,25.46,25.46,25.20,25.28,25.28,25.28,25.02,25.37,25.28,24.85,25.11,25.11,24.76,25.02,24.85,24.67,25.02,25.20,25.20,25.11,25.20,25.20,25.37,24.93,24.93,25.20,25.37,25.02,25.02,25.28,25.20,24.93,24.76,24.76,24.85,25.02,25.20,25.20,25.02,24.85,24.93,24.85,24.93,24.76,25.02,24.93,25.28,25.02,24.85,24.93,24.85,25.02,25.46,25.02,25.20,24.85,24.93,24.67,24.93,25.37,24.67,25.02,24.93,25.02,24.93,24.93,25.20,24.57,24.85,24.85,25.02,25.55,24.67,24.76,24.76,24.57,25.11,25.11,24.76,25.20,24.76,25.02,25.02,25.11,25.02,24.67,24.93,25.11,25.20,25.46,24.85,24.85,25.02,24.85,24.85,24.20,24.76,25.02,24.76,24.76,24.76,25.28,25.11,24.93,24.57,24.85,25.02,24.76,25.11,24.76,25.20,25.20,25.11,24.48,24.76,24.93,25.02,25.02,24.85,24.67,25.02,25.02,25.02,24.93,24.93,24.93,24.93,24.67,24.93,24.76,25.28,24.67,25.02,24.93,25.02,24.39,24.39,25.02,24.29,24.76,24.93,24.67,24.67,24.67,24.67,25.11,24.67,24.85,24.93,25.02,24.85,25.02,24.93,25.02,24.39,24.93,24.85,24.93,25.11,24.85,24.67,25.20,24.76,24.57,25.28,24.93,24.57,25.02,24.93,25.28
25.11,24.93,24.93,24.67,24.67,24.85,25.28,25.20,24.76,24.85,24.67,24.85,24.76,24.85,24.85,24.76,25.02,25.20,25.02,24.57,24.57,25.11,24.67,24.67,24.39,24.67,24.85,24.76,24.57,24.67,24.57,24.85,24.48,24.93,24.93,24.93,24.85,24.85,25.20,25.20,25.02,25.02,24.93,24.76,24.48,24.76,24.93,24.85,24.76,24.76,24.93,25.11,24.76,24.57,24.57,24.57,25.11,24.76,24.85,24.76,24.57,24.57,24.85,24.93,24.93,25.20,25.02,24.85,25.28,24.85,24.93,24.76,25.20,24.76,24.85,24.76,24.76,25.28,25.20,24.93,24.76,24.57,24.76,25.20,24.67,24.57,24.67,24.48,24.48,24.93,25.20,24.85,24.93,24.93,24.76,24.93,24.76,24.67,25.11,25.11,25.28,24.93,25.28,25.11,25.20,25.02,25.02,25.11,24.76,24.85,24.67,24.93,24.67,25.46,24.67,25.28,24.93,24.93,24.93,24.85,24.57,25.20,25.11,25.11,25.20,24.93,24.85,25.11,24.85,25.02,25.28,24.76,24.85,24.76,25.02,25.02,25.11,24.93,25.11,25.02,24.85,25.20,24.85,25.28,24.67,25.37,25.02,25.11,24.93,25.37,25.37,24.85,24.76,25.02,25.02,24.76,24.93,24.76,25.11,25.20,25.02,25.20,25.02,25.37,25.02,24.85,25.02,25.46,24.93,25.11,24.85,25.20,25.02,25.28,24.93,25.28,25.28,25.11,25.11,25.02,24.93,25.11,25.20,24.76,25.11,25.11,25.20,25.20,25.20,25.11,25.63,25.11,25.55,25.28,24.67,24.85,24.57,25.20,24.93,24.93,25.28,25.11,25.02,24.93,25.11,25.20,25.11,24.85,25.20,25.46,25.20,25.37,25.28,25.46,25.46,25.11,25.11,25.02,25.20,25.63,25.20,25.37,25.63,24.67,25.28,24.85,25.37,25.20,24.93,24.76,25.20,25.28,25.02,24.76,25.11,25.20,25.20,25.02,25.37,25.55,25.02,25.02,24.85,24.85,24.85,25.20,24.76,24.85,24.93,25.02,24.76,24.85,24.93,24.67,24.48,24.85,24.85,24.85,25.02,24.85,24.93,25.46,25.28,25.02,25.28,24.76,24.67,24.85,24.93,24.85,24.67,25.02,24.76,25.20,24.76,25.11,25.20,25.37,25.28,25.11,24.76,24.67,24.76,24.93,24.93,24.67,24.85,25.11,25.02,25.02,25.02,24.93,25.20,24.76,25.11,25.02,25.28,25.02,24.85,24.76,25.11,25.02,24.76,24.85,25.20,25.11,25.20,25.02,25.02,25.20,24.76,24.93,25.11,24.76,25.20,24.85,24.76,25.20,25.11,24.57,24.93,25.02,25.02,25.02,25.11,25.02,24.85,25.02,25.02,24.93,24.85,25.28,25.20,24.85,24.76,25.11,25.02,25.11,24.76,24.76,24.93,25.11,24.93,24.57,24.93,24.76,24.85,24.85,24.76,24.85,24.67,25.02,24.93,24.93,25.11,24.67,24.76,24.93,25.11,24.85,25.02,24.67,25.02,25.02,24.85,24.93,25.11,25.20,24.85,24.85,24.85,25.11,24.93,25.11,24.85,24.93,24.93,24.85,24.57,24.76,24.57,24.67
24.85,25.11,24.93,25.11,24.67,24.67,24.85,24.67,24.85,25.11,24.48,24.85,24.48,24.39,25.02,24.76,24.67,24.67,24.39,24.76,24.76,25.11,25.02,24.57,25.02,24.48,24.67,24.85,24.76,24.76,24.85,24.67,24.67,24.57,24.85,24.85,24.76,24.76,24.67,24.93,25.20,25.02,24.85,24.85,24.76,25.20,24.93,24.76,25.20,24.76,24.93,24.93,24.93,24.85,24.76,24.85,24.85,24.76,25.02,24.85,24.39,24.85,24.85,25.02,24.85,25.11,25.02,24.93,24.76,24.93,24.93,24.76,24.20,24.85,24.67,25.28,25.11,25.02,25.28,24.93,25.20,24.93,24.76,24.48,24.67,25.20,24.85,24.67,24.48,24.48,24.67,25.11,24.76,24.93,25.11,25.28,24.76,24.67,25.02,25.11,24.85,25.20,24.93,24.67,24.93,25.11,24.93,24.85,25.02,25.02,25.11,25.11,24.93,25.02,25.20,24.93,24.85,24.85,25.11,24.93,24.85,24.85,25.02,25.28,25.02,25.20,25.11,25.02,24.85,24.85,24.85,24.76,24.57,25.37,25.02,24.93,25.20,25.28,25.11,24.57,24.93,24.67,24.85,25.11,25.02,25.02,25.20,24.85,24.76,25.11,24.93,25.02,25.28,24.57,25.37,25.02,25.02,24.93,25.11,24.93,25.28,25.11,24.93,25.11,25.02,25.02,24.93,25.20,25.02,25.46,25.46,25.37,25.02,25.20,25.28,25.28,25.02,25.28,24.85,25.20,25.28,25.02,25.11,25.11,25.46,25.63,25.20,24.85,25.02,25.55,25.11,25.20,25.20,25.11,24.85,25.11,25.28,24.93,25.20,24.85,25.02,25.02,25.28,25.46,25.28,25.11,25.37,25.20,25.02,25.37,25.28,24.85,24.76,25.37,25.37,25.11,25.46,25.28,25.37,25.46,25.37,25.37,25.28,24.93,25.11,25.55,25.37,25.11,25.37,25.28,25.11,24.93,25.11,25.11,24.85,25.37,25.02,24.85,24.76,25.37,25.02,25.37,25.20,24.85,25.11,25.02,24.85,24.85,24.93,24.57,24.93,24.76,25.11,24.76,25.37,24.76,24.76,25.02,25.11,24.57,24.57,25.02,25.46,24.67,25.02,25.02,24.48,24.48,24.67,25.02,25.11,24.76,25.11,24.85,25.02,25.37,24.93,25.11,24.76,24.93,24.93,24.85,24.57,24.85,25.46,24.76,25.20,24.85,24.85,24.57,24.85,25.11,24.76,24.57,25.28,24.48,24.93,25.02,24.67,24.67,25.28,25.20,24.85,24.93,24.39,24.67,24.67,24.67,25.37,25.11,24.85,24.57,24.85,24.76,24.85,24.93,24.20,24.76,25.02,24.76,24.76,24.85,24.67,24.67,24.93,24.76,24.85,24.93,24.93,25.02,24.76,24.85,24.93,25.02,24.76,24.67,24.85,25.28,24.39,24.93,24.76,24.85,24.67,25.02,24.67,25.11,25.20,25.11,25.11,25.11,24.93,24.85,24.93,24.93,25.11,24.76,24.85,25.02,24.85,24.85,24.76,24.76,24.93,24.93,24.67,24.93,24.85,24.85,24.85,24.76,24.85,25.11,24.67,25.11,24.76,24.85,24.48,24.93,24.76,24.48,24.85,24.67
24.57,24.76,24.93,24.76,24.93,24.76,24.20,24.76,24.76,24.29,24.76,24.76,24.76,24.76,24.93,24.29,24.93,24.93,24.57,24.76,24.93,24.85,24.48,24.67,25.02,24.76,24.67,24.76,24.93,24.67,24.67,24.93,24.76,24.93,24.48,24.67,24.57,24.85,24.67,24.85,25.28,24.76,25.11,25.02,24.76,24.67,24.67,24.93,24.20,24.76,24.76,24.76,24.57,24.85,24.67,24.76,24.85,24.93,24.76,24.29,25.02,24.76,24.57,25.11,24.67,24.29,24.85,24.85,24.76,25.20,24.93,24.93,24.85,24.76,24.93,24.39,25.11,24.93,24.85,24.76,25.11,24.67,24.93,25.20,24.93,24.67,24.85,25.02,24.76,24.76,24.76,25.02,24.67,25.02,24.93,24.67,25.02,24.93,24.76,25.02,25.02,25.20,24.93,24.76,24.67,24.85,24.76,24.93,25.28,24.67,25.28,24.76,25.20,25.37,24.57,25.11,24.76,25.02,24.93,25.02,25.28,24.76,25.11,25.02,25.02,24.48,25.02,25.02,25.02,24.85,25.20,24.85,25.02,24.93,24.93,25.11,24.93,25.02,25.20,25.11,25.02,25.11,24.67,25.02,25.02,24.76,24.85,25.02,24.85,25.02,24.93,25.02,24.85,25.46,24.76,24.85,24.93,25.55,24.93,24.93,24.93,25.46,25.46,25.28,24.85,25.28,25.28,25.02,25.28,24.93,25.11,24.85,25.55,25.20,25.28,25.37,24.93,25.28,25.11,25.11,25.20,24.85,24.85,25.11,25.20,24.85,24.85,25.20,25.37,25.28,25.37,24.85,25.55,25.02,25.20,24.93,25.11,25.20,25.20,24.85,25.37,25.28,24.76,25.46,25.37,25.02,25.28,25.02,25.20,25.20,25.20,24.93,25.11,25.28,24.93,25.20,25.28,25.28,25.37,24.93,25.46,24.76,25.28,25.46,25.28,24.76,24.93,25.11,24.85,25.02,25.20,24.93,24.93,25.20,25.28,25.28,24.85,25.37,25.37,25.11,24.76,25.02,24.67,24.85,24.93,25.46,24.93,24.93,24.93,25.02,24.93,24.85,24.93,25.02,25.02,24.67,24.57,24.85,24.93,24.85,24.93,24.76,25.02,24.93,24.67,24.93,25.20,25.02,24.76,24.76,25.28,24.67,24.93,25.11,24.93,25.11,24.67,24.67,25.02,25.20,25.02,24.67,25.28,25.11,25.02,24.85,24.93,25.37,25.20,24.67,25.28,24.57,24.93,25.11,24.76,24.85,25.02,25.02,24.76,24.76,25.02,24.57,25.02,25.11,24.93,24.93,24.76,24.93,24.67,24.76,24.85,24.85,25.11,24.93,25.28,25.20,24.76,25.11,24.85,25.20,25.11,24.85,25.02,24.67,24.76,24.76,25.02,25.02,24.85,24.76,24.39,24.48,24.67,24.67,25.11,24.76,24.67,25.11,25.28,25.20,24.48,24.76,24.76,24.85,24.85,24.76,25.02,25.02,24.76,24.57,25.20,25.11,24.93,24.76,24.85,24.76,24.93,24.76,24.76,24.76,24.76,24.85,24.93,24.76,24.85,24.93,24.93,24.85,24.76,24.67,24.76,25.20,24.85,25.02,24.57,24.85,24.85,24.93,24.57,24.29,24.57,24.67
24.93,24.85,24.85,24.93,24.93,24.67,24.39,24.20,24.67,24.85,24.57,24.85,24.85,24.85,24.85,24.48,24.67,24.76,24.67,24.67,24.39,24.67,25.20,24.85,24.67,24.85,24.76,24.85,24.85,24.20,24.48,24.67,24.57,24.85,24.57,24.85,24.93,24.76,25.02,24.67,24.48,24.93,24.93,25.11,24.67,24.67,24.76,25.20,24.93,24.76,24.93,24.57,24.76,25.02,24.76,25.20,24.85,24.48,24.93,25.02,24.93,25.11,24.85,24.48,24.85,25.11,25.11,25.28,24.57,24.85,24.67,24.67,25.11,24.57,24.85,25.02,24.76,24.85,25.02,24.76,24.57,24.76,24.76,25.02,24.85,25.02,25.11,24.76,25.11,25.02,24.85,25.28,24.57,24.67,24.93,24.76,24.67,25.02,24.93,24.67,24.85,25.28,24.93,24.67,25.02,25.11,25.11,25.20,25.20,24.67,25.02,25.28,24.85,25.11,24.76,25.02,25.28,24.85,25.20,24.67,25.02,25.11,24.93,24.85,25.02,25.02,25.11,25.02,25.28,25.11,25.11,25.02,24.85,25.02,24.76,25.02,24.93,24.93,24.85,25.11,25.20,25.28,24.93,25.28,25.02,25.55,24.93,25.11,24.93,25.02,24.93,25.11,24.85,24.93,24.85,25.11,24.85,25.11,24.85,24.93,25.46,25.28,24.85,24.85,25.46,24.93,24.57,24.93,25.02,24.67,24.85,25.20,25.20,25.37,25.11,24.85,25.02,25.28,25.28,25.55,25.37,25.11,24.93,25.63,25.28,25.37,24.93,24.67,25.11,25.37,25.28,25.55,25.02,25.37,25.11,25.63,25.63,25.02,25.37,25.28,24.85,25.28,25.11,25.11,25.28,25.37,25.37,25.11,25.20,25.11,25.28,25.20,25.20,24.76,25.02,25.20,25.28,25.11,25.02,25.28,24.93,25.55,25.02,25.37,24.85,25.11,25.28,24.93,25.20,25.46,25.11,25.37,24.67,25.02,25.46,25.20,25.28,25.20,24.76,24.76,25.20,24.67,24.67,25.11,25.02,25.28,25.11,24.67,24.93,24.85,24.67,24.93,25.02,25.28,25.11,25.20,24.93,25.11,25.02,25.37,24.57,25.20,24.93,24.76,24.85,24.67,24.85,24.67,24.67,25.02,24.85,24.93,25.11,25.11,25.02,24.57,24.76,24.85,24.76,25.11,24.76,25.11,24.57,25.02,24.93,24.85,25.11,25.02,25.20,24.85,24.67,24.93,24.93,25.02,24.85,25.20,24.85,24.76,24.67,24.67,25.11,24.85,24.93,24.85,24.85,24.85,24.85,24.85,25.20,25.02,24.85,24.85,25.11,24.93,24.85,24.76,25.20,25.20,25.20,25.02,24.76,24.85,24.93,25.11,24.93,25.02,25.02,24.85,25.02,24.48,24.85,24.85,24.85,24.76,24.85,25.02,24.93,24.48,24.67,24.93,25.37,24.76,24.67,24.93,24.85,25.02,24.85,24.57,24.57,24.67,24.57,24.93,24.93,24.76,24.93,25.02,24.85,25.02,24.67,24.85,24.76,24.76,24.85,25.02,24.67,24.67,24.76,25.20,24.76,25.20,24.85,24.93,24.76,25.11,24.85,24.39,24.76,24.57,24.57,25.02,24.20,24.93
24.76,24.85,24.76,24.57,24.67,24.57,24.11,24.93,24.67,24.93,25.02,24.85,24.76,24.85,24.76,24.67,24.48,24.67,24.76,24.67,25.02,24.76,24.57,24.93,24.85,24.76,24.20,25.20,24.67,24.85,24.76,25.37,24.67,24.85,24.39,24.39,25.11,24.39,24.67,24.57,25.11,24.67,24.67,24.85,24.93,24.85,24.76,24.85,25.02,24.76,24.67,25.11,24.85,25.11,24.76,24.48,24.76,24.85,24.67,24.57,24.39,24.76,25.11,25.02,24.67,24.57,24.76,24.76,24.57,24.67,25.28,24.67,24.67,24.76,25.20,24.57,24.85,25.28,24.93,25.28,24.57,24.85,24.39,25.11,25.11,25.02,24.48,24.76,24.76,24.76,24.67,24.76,24.76,25.02,24.67,25.02,24.67,24.93,24.67,24.93,24.85,24.85,24.85,24.76,24.76,24.48,25.28,25.02,24.76,25.02,24.76,25.20,24.67,24.76,25.02,25.02,24.85,25.02,25.02,24.85,25.28,24.85,24.67,24.85,25.02,25.20,25.20,25.02,24.57,24.67,25.28,24.57,24.67,25.02,24.57,24.93,24.57,25.11,25.11,24.85,24.85,24.85,25.02,25.11,25.20,25.11,25.20,25.02,25.20,24.76,24.93,25.02,24.85,24.93,25.02,24.85,24.76,24.76,24.85,25.28,24.93,25.28,24.67,25.02,25.02,25.02,25.28,25.11,25.02,25.02,25.46,24.93,24.93,25.28,24.93,25.20,24.85,25.02,24.93,24.85,24.76,25.20,25.02,25.11,24.67,25.02,25.02,25.20,25.20,25.20,25.11,25.11,24.93,25.46,25.55,25.28,25.37,25.28,24.57,25.02,25.11,25.20,24.85,25.28,25.02,24.85,25.20,25.11,24.85,25.37,25.20,25.46,25.28,25.37,25.20,25.46,24.93,24.85,25.28,25.11,25.02,25.37,24.85,25.28,25.20,25.11,24.67,25.11,24.76,25.02,24.76,25.20,25.20,25.28,25.11,25.20,24.85,25.28,24.85,25.02,25.02,24.76,24.67,24.76,25.11,24.93,24.93,24.67,24.93,24.76,24.93,24.67,24.76,25.02,24.57,24.85,24.93,25.11,24.67,24.76,24.85,24.85,24.85,24.76,24.48,25.11,25.02,24.76,25.02,24.85,25.11,24.85,24.67,24.76,25.11,24.76,24.29,25.20,25.11,25.02,25.28,24.57,25.11,24.93,24.48,24.76,24.67,25.02,24.85,25.02,25.20,24.93,24.85,25.02,24.76,25.20,24.76,24.76,24.57,24.57,24.67,24.76,24.67,25.02,24.93,25.20,24.76,25.02,25.02,25.02,24.85,24.93,24.76,24.76,24.76,25.02,24.85,24.85,24.85,24.93,24.93,25.11,24.93,24.67,24.57,24.93,24.85,24.67,24.67,24.93,24.48,25.02,24.67,25.02,24.76,24.76,24.85,25.11,24.85,24.85,24.93,25.02,24.57,24.85,24.39,24.48,24.85,24.48,24.93,25.02,24.76,25.37,25.11,24.85,24.93,24.67,24.85,25.02,24.48,24.85,24.48,24.48,24.85,24.76,25.11,24.67,24.48,24.76,24.93,24.93,24.29,24.85,24.57,24.76,24.57,24.57,24.85,24.39,24.48,24.57,24.93,24.76
25.02,24.67,25.02,25.20,24.76,24.85,24.85,24.85,24.76,24.39,25.02,24.85,24.85,24.57,24.85,24.48,24.67,24.11,24.67,24.85,24.67,25.02,24.93,24.93,24.29,24.93,24.76,25.20,24.76,24.76,24.67,24.76,24.76,25.20,25.11,24.76,24.67,24.85,24.93,24.76,24.57,24.85,24.85,24.57,24.76,24.67,25.11,25.02,25.11,24.76,24.67,24.48,24.93,24.39,24.85,24.67,24.93,24.76,25.11,25.20,24.85,24.29,24.67,24.93,25.02,24.67,24.67,24.67,24.93,25.02,25.20,24.76,24.76,25.02,24.48,24.57,24.93,24.57,24.76,24.85,25.11,24.93,24.67,24.85,24.57,24.93,24.76,24.57,25.11,24.57,24.76,25.28,24.67,24.67,25.02,25.28,25.02,24.67,25.20,24.76,24.57,24.76,25.02,24.76,25.20,25.11,24.85,25.37,25.02,24.76,25.02,25.11,25.11,25.20,25.37,25.11,24.67,24.85,25.11,25.02,25.11,24.85,25.02,25.28,25.11,24.93,25.20,24.93,25.28,25.11,24.67,25.11,25.02,24.93,25.20,25.11,25.20,25.11,25.11,25.02,24.85,25.02,24.93,25.20,25.28,25.20,25.11,25.11,25.11,24.85,25.02,24.93,25.11,25.20,24.93,25.11,24.85,24.93,25.02,24.85,24.76,25.11,25.11,24.93,25.37,24.93,24.93,25.28,24.93,25.02,25.20,25.28,24.93,25.46,25.28,25.02,25.02,25.28,25.11,25.11,25.02,25.37,25.20,25.37,25.37,25.11,25.20,25.02,25.46,25.20,25.28,25.11,24.93,25.11,25.11,25.46,25.20,25.20,24.85,24.67,25.20,25.02,25.28,24.76,25.37,25.28,25.55,24.93,25.20,24.76,25.28,25.02,25.02,25.11,25.20,24.93,25.37,25.28,24.85,25.11,24.85,24.93,25.20,25.28,25.28,25.11,24.76,25.37,24.85,25.20,24.93,24.85,24.85,24.85,24.93,24.85,25.28,24.76,25.11,25.37,25.28,25.11,24.93,24.85,24.93,24.93,24.76,24.85,25.11,25.37,24.93,24.76,24.76,24.93,25.28,24.93,25.37,25.28,25.20,24.93,24.85,24.67,24.93,24.85,24.67,25.11,25.02,24.85,25.02,25.28,24.76,24.85,24.93,24.76,24.67,24.85,25.02,25.02,25.02,25.02,24.85,24.85,25.28,25.11,24.85,24.93,25.11,24.76,25.02,24.76,24.85,24.57,25.11,25.28,24.67,24.85,25.37,24.93,24.85,25.37,24.85,24.93,25.02,25.02,25.11,25.20,25.20,25.28,24.93,24.76,24.85,24.39,24.85,24.76,25.20,25.02,24.85,25.02,24.85,24.93,25.20,24.76,25.02,25.11,24.76,25.28,24.57,25.02,24.85,25.11,24.76,24.48,25.20,24.57,24.76,25.02,25.11,24.85,24.67,25.11,24.76,24.85,24.76,25.02,25.02,24.93,25.11,25.02,25.20,25.02,24.93,24.93,24.93,24.67,24.93,24.85,24.76,24.48,24.57,24.93,24.85,24.57,24.29,24.76,25.11,24.76,24.85,24.29,25.11,24.67,24.76,24.39,25.02,24.48,24.67,25.02,24.67,24.39,24.57,25.02,24.85,24.67
25.02,25.02,24.48,24.67,24.85,24.85,24.76,24.76,24.76,24.57,24.93,24.29,24.39,24.93,24.76,24.85,24.76,24.29,24.67,24.67,25.28,24.76,24.57,24.67,24.48,24.67,24.48,25.02,25.11,24.85,24.48,24.67,24.93,24.57,24.48,24.93,24.93,24.93,24.57,24.39,24.29,25.20,24.93,24.29,25.11,24.76,24.57,24.57,24.48,24.67,25.20,24.67,24.76,24.76,24.57,24.93,24.85,24.93,24.67,24.57,24.85,24.76,24.67,24.76,24.85,24.85,24.76,24.76,24.57,24.85,24.48,25.11,24.85,24.76,24.85,24.85,24.76,25.11,24.29,24.57,25.02,24.85,24.39,24.76,24.85,24.85,24.85,24.57,25.11,24.67,24.93,24.76,24.93,24.85,25.02,24.85,25.20,25.02,24.85,25.02,24.93,25.02,24.76,24.76,24.85,24.57,24.85,24.57,25.28,25.11,24.85,24.67,25.02,24.57,25.02,25.20,25.02,25.02,24.67,24.85,25.11,24.85,24.93,25.02,25.11,24.67,24.57,24.85,25.02,24.85,24.85,24.67,24.85,25.02,24.93,25.02,24.57,25.02,24.93,25.02,25.02,25.11,25.11,25.11,24.93,24.85,24.76,25.02,24.85,24.85,24.93,25.02,24.76,24.93,24.76,25.02,25.02,24.93,24.93,25.02,25.28,24.85,24.93,24.85,24.93,24.93,25.11,25.11,25.02,24.76,24.85,24.93,24.93,24.57,25.02,25.02,25.20,25.28,25.11,25.11,25.20,25.28,24.76,25.28,25.02,25.28,24.85,25.11,25.11,24.93,25.20,25.20,24.93,25.11,24.85,24.85,25.11,24.93,24.85,24.93,24.67,24.85,25.28,25.37,25.37,25.28,25.20,24.93,25.37,25.28,25.11,24.85,24.93,25.11,24.93,24.67,25.28,24.93,24.85,25.28,25.20,24.93,25.20,25.02,25.02,25.28,24.93,24.93,24.93,24.93,25.28,25.11,24.85,24.57,24.93,24.93,25.02,25.28,25.37,25.20,24.85,24.76,24.93,25.02,24.93,24.93,24.76,24.85,24.67,25.11,24.93,25.46,24.85,24.67,25.37,25.37,24.93,24.85,24.85,25.28,24.93,24.67,24.93,25.11,24.76,24.85,24.29,24.93,24.57,24.93,24.85,24.85,24.85,24.67,24.85,25.02,24.76,24.85,25.55,24.57,24.76,24.93,24.29,24.93,24.67,24.76,24.93,25.02,24.85,25.02,24.76,25.20,24.67,25.02,25.02,25.11,25.02,24.85,25.02,25.20,25.11,25.11,25.11,24.93,24.76,24.93,25.28,24.48,24.67,24.85,24.85,25.28,24.29,24.39,25.11,24.76,24.85,25.28,24.76,24.85,25.02,24.76,24.93,24.85,24.85,25.11,25.02,24.85,24.85,25.28,24.85,24.85,24.57,24.85,25.02,25.11,24.67,24.85,24.48,24.76,24.93,24.85,24.93,25.02,24.76,24.29,24.85,25.11,24.85,24.85,25.11,25.02,24.85,25.11,24.85,25.28,24.85,24.39,24.93,24.76,25.02,24.85,24.85,24.76,24.57,24.76,25.02,24.39,24.85,24.67,24.39,25.11,25.02,24.67,24.67,24.93,25.02,24.39,25.02,24.29,24.48,24.67
24.57,24.85,24.76,24.67,24.93,25.02,24.67,24.67,25.02,24.85,24.85,24.20,24.76,24.48,25.02,24.57,24.48,24.76,24.76,24.48,24.67,24.39,24.57,24.48,25.37,24.76,24.76,25.02,24.76,24.93,24.76,24.57,24.67,24.48,24.76,24.76,24.48,24.85,24.39,24.67,25.20,24.67,24.67,24.39,24.39,25.20,24.93,24.57,24.48,24.67,24.93,24.93,24.48,24.76,24.57,24.76,24.67,24.76,25.11,24.85,24.93,25.11,25.11,24.85,24.76,25.02,24.85,24.93,24.85,24.93,24.67,24.48,25.46,24.85,24.57,24.85,24.57,24.76,24.67,24.67,24.48,24.85,24.67,24.39,25.11,24.67,24.93,25.02,24.76,24.67,24.57,24.76,24.76,24.48,24.76,24.48,24.76,25.28,24.57,24.85,24.57,24.85,25.20,25.02,24.57,25.11,24.93,25.11,24.85,24.57,25.11,25.02,24.93,25.11,24.76,25.11,24.67,25.11,24.76,24.93,24.76,24.67,25.02,25.11,24.48,24.67,24.67,25.02,25.11,24.85,24.85,25.28,24.85,24.93,25.20,25.11,24.93,25.11,24.67,25.02,25.20,24.93,25.11,25.11,25.11,25.20,24.85,25.02,24.93,24.76,24.76,25.02,24.76,24.76,25.20,24.76,24.67,24.93,24.67,25.11,24.76,24.93,24.93,25.11,25.02,25.46,24.85,24.93,25.46,25.02,24.85,24.85,24.93,24.93,25.20,25.11,25.02,25.37,25.37,25.11,25.11,24.76,25.02,25.28,24.76,24.93,25.11,25.02,25.11,25.11,24.76,25.20,25.02,25.11,24.93,24.93,25.20,25.28,25.28,25.11,25.28,25.02,24.93,24.85,25.02,24.85,25.28,25.11,25.28,25.20,24.93,25.20,25.11,25.11,25.28,24.93,24.85,24.93,24.76,24.93,25.46,24.93,24.85,24.93,25.20,25.20,24.93,24.76,25.28,24.85,24.93,25.20,25.02,24.67,25.20,24.85,25.46,25.55,25.02,25.02,24.85,24.76,24.67,25.02,25.02,24.20,25.02,25.02,25.11,24.93,25.02,24.85,24.85,25.02,24.85,25.02,24.39,24.93,24.93,24.57,25.02,24.57,25.02,24.93,25.20,24.93,25.02,25.02,24.85,24.85,24.93,25.02,24.93,24.57,24.93,24.93,24.67,24.39,25.02,24.93,25.11,25.02,24.85,25.02,25.02,24.93,24.93,24.85,25.11,24.76,24.93,25.02,24.93,24.57,25.02,24.93,24.85,24.93,24.48,25.28,24.85,25.11,24.57,24.85,25.20,24.93,24.76,25.02,24.93,24.67,24.57,24.93,24.93,25.11,24.67,24.57,24.48,25.11,24.48,25.11,24.67,25.20,24.39,24.93,24.76,24.93,24.67,24.48,25.02,24.85,25.02,24.76,24.85,25.28,24.11,24.93,24.76,25.11,25.11,25.02,24.93,24.39,25.20,25.02,24.85,24.93,25.02,24.20,24.76,24.85,24.85,24.76,24.39,24.76,24.85,24.67,24.57,25.11,24.67,24.93,24.48,24.85,24.76,24.29,24.85,24.76,24.76,24.93,25.28,24.67,24.85,24.57,24.29,24.67,24.67,24.48,24.93,24.76,24.57,25.11,24.39,24.48
24.48,24.85,24.85,24.48,24.39,25.02,24.57,24.76,24.76,24.39,24.76,24.20,24.93,24.67,24.85,24.67,24.93,24.48,24.57,24.85,24.85,24.57,24.85,24.76,24.93,24.39,25.02,24.93,24.76,24.57,24.48,24.67,24.67,24.76,24.57,24.85,24.93,24.85,25.11,24.67,24.48,25.02,24.85,24.57,24.48,24.85,24.67,24.85,24.57,24.93,24.48,24.67,24.67,24.85,24.67,24.93,24.57,24.48,24.67,24.85,24.85,24.93,24.67,24.93,24.85,24.11,24.67,24.39,24.85,25.02,24.67,24.93,24.76,25.02,24.93,25.02,24.93,24.67,24.85,24.93,25.02,25.28,24.48,24.67,24.57,24.48,24.67,24.67,24.76,25.11,24.67,25.20,24.93,24.48,24.67,25.28,25.20,25.28,24.67,24.76,25.02,25.20,24.76,24.76,24.85,24.93,25.11,24.76,24.85,24.48,24.48,25.02,24.67,25.02,24.85,25.20,25.02,25.20,24.48,25.02,24.39,25.20,25.46,24.67,25.11,25.02,24.85,25.11,24.67,25.20,24.85,25.02,25.02,24.93,25.02,24.76,24.48,25.02,24.93,25.11,25.11,24.93,25.20,25.02,24.93,24.76,24.85,24.93,24.85,24.85,24.76,25.37,24.93,25.11,25.11,25.28,24.85,25.28,24.67,25.55,25.28,24.85,24.93,24.76,25.02,25.11,25.46,25.11,25.28,25.28,25.28,25.28,24.76,25.28,25.28,25.37,25.11,25.20,24.85,25.02,24.48,24.85,25.28,25.20,24.39,24.85,25.37,25.02,25.37,25.37,24.93,25.28,25.02,24.67,24.67,25.28,25.55,24.76,25.02,25.20,24.93,24.85,25.02,25.20,25.02,24.93,25.46,24.76,25.28,24.76,25.63,25.20,24.76,25.11,25.11,24.93,25.02,25.20,25.02,25.28,25.20,25.20,24.93,25.28,25.20,25.11,24.93,25.20,25.28,24.93,24.85,24.76,24.76,24.93,25.11,25.02,25.55,25.11,25.37,25.46,24.93,25.28,24.93,24.76,25.02,25.02,24.85,24.85,24.85,24.85,24.85,25.02,24.76,24.93,25.28,24.85,25.02,24.67,25.02,24.76,25.02,25.02,24.93,25.02,24.85,24.85,25.02,25.02,24.76,24.48,25.11,24.76,25.02,25.11,24.85,25.02,24.93,24.85,24.29,24.85,24.93,24.93,25.11,24.57,25.20,25.20,24.67,25.02,25.02,25.02,24.93,24.85,24.76,24.93,24.76,24.85,25.11,24.85,25.02,25.02,24.48,24.93,24.85,24.93,24.57,24.76,25.02,24.85,24.57,24.57,24.85,24.93,24.93,25.20,24.57,24.57,25.28,25.20,24.85,24.93,24.85,24.67,24.93,25.02,24.76,24.93,25.11,24.93,24.85,24.67,24.85,24.93,25.11,24.85,24.57,24.29,24.57,24.48,25.11,24.67,24.48,24.93,24.85,25.20,24.76,24.39,24.67,24.76,24.93,24.85,24.48,25.28,24.85,24.76,24.57,24.85,24.67,24.85,24.93,24.67,24.76,24.67,24.85,24.67,24.39,24.93,24.67,25.20,24.93,24.85,24.93,25.02,24.67,24.39,24.76,24.93,24.67,24.85,24.76,24.39,24.67,25.20
24.93,24.93,24.48,24.57,24.57,24.67,24.67,24.76,24.85,24.67,24.39,24.93,24.85,24.76,24.67,25.02,25.02,24.48,24.85,24.57,24.76,24.29,24.93,24.76,24.67,24.76,24.48,24.85,24.76,24.29,24.67,25.02,24.67,24.85,24.85,24.57,24.48,24.57,24.67,24.93,24.85,24.76,25.02,24.76,24.76,24.67,24.57,24.67,24.93,24.85,24.85,24.76,24.29,24.67,24.76,24.76,24.76,24.57,24.39,24.76,24.76,24.67,24.85,24.48,24.85,24.48,24.29,24.67,24.67,24.39,24.85,24.57,24.76,24.67,24.93,24.93,24.93,24.76,25.20,24.76,25.11,24.57,24.76,24.57,24.85,24.67,24.76,24.57,24.85,24.57,25.11,24.85,24.67,24.57,25.20,24.67,24.85,24.76,24.48,25.11,25.20,25.46,25.11,24.76,25.11,25.28,25.20,25.02,24.39,25.02,24.93,25.02,25.20,24.85,25.02,24.67,25.02,25.11,24.93,25.11,25.28,25.02,24.93,25.11,25.11,25.11,24.93,24.76,24.67,24.93,25.20,25.20,24.93,25.11,25.20,24.93,24.85,24.57,24.93,24.85,24.85,24.93,24.76,25.02,24.93,25.63,25.02,25.11,25.20,24.76,24.67,25.20,24.93,24.93,25.02,25.20,24.93,25.28,25.11,25.11,24.76,25.02,24.93,24.85,25.02,25.02,25.02,25.20,24.93,24.76,24.85,24.76,24.93,25.37,25.37,24.93,25.11,25.02,25.20,24.76,25.46,25.37,25.20,25.28,24.85,24.85,24.57,25.20,25.28,25.28,25.37,25.37,24.67,24.76,25.28,25.20,25.28,25.28,25.02,25.20,24.76,25.02,25.02,25.20,25.37,25.46,24.93,24.67,24.93,25.37,24.76,24.93,24.85,25.20,25.20,25.28,24.76,25.20,24.76,25.20,24.93,25.02,25.11,25.11,24.85,24.85,25.02,25.28,25.02,25.20,25.02,25.11,25.11,25.11,24.85,25.46,24.85,25.02,25.02,24.85,25.02,24.85,25.28,24.76,24.57,24.93,24.93,24.93,24.85,24.93,24.76,24.85,25.02,24.76,25.02,24.93,24.85,24.76,24.93,25.02,24.67,24.85,24.85,24.67,24.85,24.85,25.02,25.20,24.85,24.93,24.67,24.76,24.93,24.85,24.93,24.67,24.93,24.57,24.67,24.57,25.02,25.28,24.76,24.93,25.37,24.85,24.57,24.93,24.93,24.85,24.48,24.29,25.11,24.85,25.02,24.93,24.85,24.57,25.02,24.85,24.67,24.76,24.48,24.93,24.85,25.37,24.85,25.28,24.85,24.39,25.20,24.57,24.57,25.28,24.48,24.29,24.85,25.02,24.76,24.48,25.11,24.93,24.85,24.93,24.67,24.29,25.02,24.85,24.93,24.48,24.57,24.39,24.48,25.02,25.11,24.76,24.85,24.67,25.02,25.11,24.67,24.85,24.85,24.67,24.57,24.76,24.93,24.67,24.93,25.02,24.57,24.76,24.76,24.76,25.02,24.76,24.57,24.93,24.48,25.02,24.76,24.57,24.67,25.02,24.67,24.76,25.11,24.39,24.93,24.93,24.39,24.57,24.67,24.85,24.76,24.85,24.76,25.11,24.67,25.20,24.76,24.67
24.39,24.76,24.93,24.39,24.48,24.93,24.67,24.93,24.76,24.85,24.48,24.57,25.20,24.85,24.29,24.48,24.57,24.85,24.67,24.76,24.39,24.76,24.67,24.76,24.85,25.37,24.48,24.48,24.67,24.57,24.76,24.85,24.76,24.67,24.67,25.02,24.76,24.67,24.85,24.57,24.67,24.57,24.93,24.85,24.67,25.11,24.67,24.76,24.48,24.85,24.85,24.93,24.76,24.76,24.93,24.39,24.57,25.11,24.93,24.85,24.67,24.76,24.85,24.76,24.85,24.76,24.85,24.76,24.76,24.57,24.48,25.02,25.11,24.85,24.85,24.48,24.85,24.93,24.67,24.48,24.76,24.76,24.67,24.67,24.85,24.57,24.85,24.93,24.67,24.85,24.85,24.67,25.11,24.57,24.39,24.85,25.28,24.57,24.67,24.76,25.11,24.93,25.20,25.11,25.20,24.57,25.46,24.48,24.67,24.93,25.20,24.93,24.85,25.28,24.76,25.02,25.28,24.93,25.02,25.02,24.67,25.28,24.85,24.93,24.93,25.20,25.02,24.67,25.02,25.11,25.20,24.85,24.93,25.02,25.11,24.93,25.11,25.55,25.02,25.02,25.37,25.02,25.02,25.20,24.57,25.02,25.02,25.72,25.20,25.28,25.37,25.02,24.93,24.93,25.28,24.76,25.02,25.02,24.57,25.02,24.85,24.85,25.28,24.85,25.37,25.02,25.11,24.85,25.37,25.02,24.85,25.20,25.11,24.85,24.93,25.11,24.57,25.02,24.85,25.02,25.20,25.28,25.28,24.93,25.28,25.20,24.93,25.28,25.11,25.20,24.57,25.20,25.02,24.76,25.37,25.02,25.55,25.28,25.20,25.20,25.20,24.93,25.20,25.28,25.02,24.85,24.76,25.20,25.37,24.93,25.28,25.02,25.46,25.28,25.55,25.28,25.28,24.93,24.76,25.37,25.28,24.93,24.85,25.28,24.93,25.37,25.02,25.11,24.93,24.67,25.20,25.11,25.02,24.93,24.93,25.28,25.46,25.20,25.20,24.76,24.93,25.02,24.93,25.11,24.85,24.76,24.85,24.57,25.02,24.93,25.11,25.11,24.57,24.20,24.85,24.76,24.76,24.76,25.02,24.76,25.11,25.37,24.85,25.11,25.28,25.11,24.93,25.37,25.02,24.48,24.85,25.37,24.76,24.76,25.11,24.85,24.85,24.93,25.11,24.93,25.11,25.11,25.02,25.11,24.76,24.85,25.11,24.76,25.46,24.39,25.11,24.85,24.67,25.11,25.20,24.85,25.02,24.85,25.02,25.02,24.85,24.76,25.20,24.85,24.93,25.02,24.85,24.85,24.39,24.93,24.76,25.02,25.02,25.02,24.48,25.11,24.85,25.02,24.93,25.02,24.67,25.20,24.85,25.02,25.02,24.48,25.02,25.02,24.67,25.11,24.85,24.93,25.20,24.76,24.76,24.85,24.93,24.93,24.85,24.48,24.76,24.48,24.93,24.76,24.57,24.93,24.20,24.48,25.02,24.57,24.76,24.67,24.85,24.67,24.93,24.93,24.93,24.85,24.57,24.85,24.48,24.85,24.67,24.93,24.39,24.85,24.39,24.67,24.85,24.67,24.57,24.67,24.67,25.02,24.57,24.29,24.93,24.67,24.57,24.76,24.39,24.76
24.48,25.02,24.76,24.76,25.02,24.29,24.85,24.85,24.57,24.85,25.20,24.39,24.76,24.85,24.93,25.46,24.76,24.29,24.57,24.39,24.85,25.11,24.29,24.76,24.67,24.93,24.67,24.48,24.11,24.85,24.48,24.76,24.57,24.57,24.48,25.11,24.85,24.85,24.67,24.85,24.48,24.39,24.57,24.85,24.67,24.67,24.93,24.76,24.67,24.93,25.02,25.02,24.85,24.85,25.02,24.48,24.93,24.76,24.85,24.76,24.57,24.67,25.20,24.76,25.02,24.48,25.02,25.20,24.85,24.85,24.93,24.20,24.76,24.67,24.93,25.20,24.67,25.11,24.85,25.11,24.67,24.85,25.28,24.85,24.67,24.48,25.11,24.85,24.67,24.85,24.85,25.02,25.11,25.02,25.11,24.76,24.76,24.93,24.76,24.76,24.85,24.93,24.48,24.57,24.85,25.02,24.76,24.67,24.67,25.20,25.02,24.85,25.11,25.02,24.93,24.85,25.37,24.67,24.93,25.11,24.93,25.02,24.76,25.11,24.85,24.57,24.85,24.85,25.02,24.85,25.11,24.57,24.67,24.48,24.67,25.02,24.85,24.85,25.20,24.85,24.85,24.93,25.02,25.02,24.76,25.02,24.67,24.67,25.11,24.39,25.02,24.85,25.02,24.85,24.29,25.11,25.20,24.76,24.93,24.93,24.76,25.20,24.93,24.76,25.02,24.93,25.11,25.11,24.93,24.93,24.93,25.02,25.55,25.20,25.37,25.11,24.93,25.11,25.20,25.11,25.02,25.20,25.20,25.11,25.28,25.20,25.11,24.93,25.11,24.67,25.02,25.28,25.37,25.55,25.20,24.93,25.55,25.20,25.02,25.37,25.28,25.20,25.20,25.02,25.20,25.37,24.93,25.02,25.11,25.02,24.85,25.20,25.02,25.11,24.76,25.02,25.11,25.20,25.20,25.11,25.28,24.76,25.20,25.46,25.02,25.28,25.20,24.57,25.02,25.11,25.63,24.85,24.85,24.76,25.20,25.02,24.85,25.46,25.02,25.02,25.11,24.85,24.93,24.85,24.85,25.46,24.85,24.67,25.20,24.67,25.02,24.57,24.93,24.85,24.67,25.11,24.76,24.93,25.11,24.93,25.02,25.37,24.67,25.11,24.93,24.85,24.48,24.76,25.02,25.11,24.85,24.48,24.76,24.67,24.93,24.85,24.93,25.02,24.76,24.76,24.85,25.11,25.02,24.93,25.02,25.02,25.11,24.39,24.85,24.76,24.93,24.85,24.76,25.02,24.48,24.57,24.76,24.48,25.11,24.29,24.57,24.76,24.76,24.93,24.67,24.93,24.76,25.02,24.76,25.02,24.76,24.76,24.48,24.57,24.67,25.02,25.02,25.20,24.57,24.85,25.11,25.11,24.85,24.48,24.93,25.28,24.85,24.57,24.93,24.57,24.93,24.93,24.48,24.67,25.11,24.67,24.93,25.11,25.02,24.29,25.11,24.76,24.93,24.93,24.93,24.93,24.76,24.57,25.20,25.28,25.02,25.02,24.85,25.02,24.39,24.85,24.85,25.02,25.11,24.85,24.76,24.85,24.67,24.67,24.57,25.11,24.85,24.48,25.11,24.85,24.48,24.85,24.57,24.85,24.57,25.02,24.48,24.93,24.67,24.93,24.48,24.48
24.39,24.57,24.57,24.76,24.67,24.85,24.76,24.85,24.85,24.76,24.67,24.67,24.76,24.76,25.02,24.85,24.67,24.67,24.57,24.76,24.93,24.57,24.93,24.11,24.93,24.76,24.29,24.76,24.85,25.02,24.48,24.85,24.01,24.67,25.02,24.67,24.57,24.48,24.85,24.85,24.76,24.57,24.85,24.85,25.20,24.93,24.48,24.48,24.93,24.93,24.76,24.67,24.93,24.85,24.57,24.76,24.67,24.76,25.02,24.76,25.28,24.67,24.48,24.76,24.85,25.11,24.48,24.85,25.11,24.76,24.67,24.93,24.76,24.39,24.48,24.67,24.67,24.67,24.93,24.57,24.76,25.02,24.67,24.67,25.20,25.02,24.48,24.48,24.57,24.85,24.67,24.57,24.85,24.48,25.02,24.76,24.67,24.67,24.76,24.67,24.67,24.76,24.76,24.85,24.76,24.39,24.76,24.76,24.76,24.39,24.67,24.85,24.76,25.02,24.76,24.67,25.28,25.02,24.57,24.85,25.11,25.11,25.02,25.20,25.02,25.11,24.85,25.20,25.11,25.28,24.76,24.93,25.02,25.20,25.37,25.11,24.76,24.57,24.67,24.93,25.20,24.93,25.20,25.02,25.20,24.93,24.93,25.20,25.11,25.11,24.85,24.85,25.11,25.02,24.93,25.02,24.48,25.11,24.93,25.02,24.93,24.76,25.20,25.28,25.37,25.02,24.85,25.02,25.11,25.11,25.28,24.85,25.28,25.37,24.67,25.02,25.20,24.93,25.20,25.20,25.11,25.28,25.20,25.37,25.28,24.76,25.20,25.02,25.28,24.93,24.93,25.02,24.76,25.11,24.85,25.20,25.20,25.11,24.67,25.11,25.46,25.20,25.20,25.20,25.20,25.55,25.02,25.46,24.93,25.37,25.28,24.76,25.37,25.28,24.93,24.93,24.67,25.28,25.11,25.46,25.28,24.93,25.20,25.11,24.93,25.28,25.02,25.02,24.85,24.85,24.76,25.20,25.28,25.02,25.02,25.11,24.93,25.02,25.11,24.67,25.37,25.02,24.76,25.11,24.93,24.67,24.93,25.02,24.93,24.57,24.93,24.76,24.93,24.67,25.11,24.85,24.85,24.76,24.93,24.76,24.85,25.11,25.11,25.55,25.20,24.93,25.28,24.85,24.76,24.76,25.20,24.76,24.67,24.67,24.76,24.57,25.02,24.57,25.02,24.57,25.02,25.02,24.85,25.28,24.76,25.20,24.93,24.93,25.02,24.93,24.85,24.67,25.28,24.67,24.85,24.76,24.48,24.76,25.02,25.11,25.02,24.85,24.85,25.02,25.11,24.76,24.85,24.85,24.93,24.85,24.67,25.02,24.48,25.02,24.76,24.93,24.85,25.11,24.57,24.93,24.76,24.93,25.02,24.93,24.67,25.28,24.93,24.93,24.76,24.57,24.93,24.76,24.85,24.67,25.20,24.67,24.76,25.02,24.93,24.93,24.29,24.57,24.57,24.48,24.85,24.67,24.48,24.67,24.57,24.39,24.93,24.76,24.39,24.93,24.67,24.93,24.67,25.11,24.48,24.48,24.85,25.02,24.85,24.39,24.85,24.48,24.85,24.57,24.76,24.85,24.39,24.29,24.93,24.39,24.57,24.76,24.67,24.93,25.02,24.93,24.67,25.02
24.67,24.29,24.39,24.48,24.67,24.76,24.85,24.85,24.93,24.67,24.39,24.85,24.67,24.76,24.93,24.67,24.57,24.29,24.76,25.02,24.20,24.76,24.29,24.48,24.93,24.39,24.48,24.76,24.67,24.57,24.85,24.67,24.57,24.76,24.39,24.57,25.37,24.57,24.67,24.93,24.39,24.76,24.93,25.02,24.20,24.67,24.57,24.39,24.76,24.85,24.93,25.20,24.76,25.11,24.76,25.28,24.57,25.20,24.76,24.76,24.39,24.93,24.67,24.57,24.85,24.57,24.85,24.57,24.57,24.85,24.85,24.57,24.67,24.48,24.93,24.57,24.39,25.46,24.67,24.76,24.76,24.67,24.85,24.67,24.57,25.11,25.37,24.85,25.11,24.76,24.76,24.93,24.48,24.85,24.76,24.57,24.76,24.67,24.67,25.11,24.39,24.76,24.76,24.85,24.67,24.67,25.20,25.02,24.57,24.67,25.02,24.93,24.57,24.76,25.11,25.02,24.48,25.11,24.48,24.93,25.11,24.76,25.28,24.76,24.57,25.20,24.93,24.67,25.11,24.93,25.02,25.20,25.20,24.76,25.28,25.20,25.28,24.85,25.02,24.57,25.02,25.20,25.28,25.28,25.02,25.02,25.02,24.93,24.57,24.85,25.02,24.85,25.02,24.57,25.02,25.37,25.37,24.93,24.93,25.02,24.76,25.11,24.85,24.85,24.85,24.67,25.02,24.57,25.20,25.11,25.11,24.76,24.93,25.37,24.93,25.11,25.20,25.02,25.28,25.28,24.76,25.02,25.02,25.37,25.46,24.85,24.93,25.02,24.85,24.76,25.02,25.37,25.11,25.11,24.93,25.11,24.85,25.28,25.37,25.37,25.20,24.93,25.28,24.85,25.28,25.11,24.85,24.93,25.37,24.76,24.93,25.02,25.20,24.93,25.02,25.02,25.02,25.28,25.20,24.85,24.93,25.02,24.93,24.93,25.02,24.93,25.20,24.93,24.76,25.11,25.37,25.37,24.76,24.76,25.02,25.11,25.28,24.93,24.85,24.57,25.02,25.28,24.93,25.02,24.85,24.76,25.11,24.93,25.02,24.76,25.28,24.57,25.20,24.85,24.76,24.67,24.85,24.67,24.85,24.85,25.11,24.85,25.28,24.67,24.67,24.48,24.76,24.93,24.85,24.85,24.76,25.20,24.57,25.11,24.85,25.20,24.93,25.02,25.02,24.48,25.11,25.02,24.67,24.57,24.67,25.02,24.93,24.67,25.11,24.39,24.48,24.76,24.39,24.85,24.39,25.02,24.67,24.29,24.85,25.11,24.85,24.39,25.11,24.29,25.02,24.93,24.67,24.76,24.57,24.85,24.20,25.20,24.57,24.85,24.48,24.76,24.57,24.85,24.93,24.93,25.11,25.02,24.85,24.76,24.85,24.57,24.29,24.39,24.57,24.76,24.67,24.93,24.48,24.93,25.11,24.20,24.67,24.67,24.57,24.48,24.39,24.93,24.29,24.57,24.67,24.48,24.93,24.85,24.76,24.85,24.57,24.48,24.93,24.57,24.39,24.67,24.67,24.93,24.76,24.85,24.57,24.85,24.93,24.48,25.11,24.57,24.85,24.76,25.11,25.11,24.76,25.20,24.57,24.85,24.39,25.02,24.76,24.29,24.57,24.39,24.57,24.67
24.39,24.48,24.76,24.39,24.67,24.39,24.76,25.02,24.29,24.39,24.67,24.29,24.93,24.85,24.76,24.57,24.29,24.76,24.85,24.85,24.76,24.67,24.48,24.67,24.39,24.76,24.29,24.85,24.76,24.85,24.85,24.48,24.57,24.67,24.57,24.57,24.85,24.67,24.57,24.39,24.85,24.93,24.57,24.85,24.67,24.67,25.20,24.57,24.67,24.93,24.57,24.93,24.76,24.39,24.76,24.85,24.67,24.67,24.76,24.93,24.48,24.67,24.57,24.76,24.93,24.76,24.57,24.76,24.76,24.67,24.85,24.85,24.67,24.39,24.67,24.85,24.76,24.57,24.76,24.57,24.57,24.85,24.67,24.76,24.85,24.67,24.85,24.39,24.85,25.02,24.57,24.57,25.02,24.85,24.93,24.67,25.02,25.11,24.57,25.11,24.85,25.20,24.67,24.57,25.02,24.48,25.20,25.28,24.67,25.02,25.11,24.76,25.11,25.02,24.57,24.67,24.76,25.02,25.20,25.11,25.11,24.93,24.67,25.20,25.20,25.02,25.02,24.76,24.85,24.93,24.85,24.57,25.37,25.20,24.85,25.11,24.93,24.93,25.02,25.11,25.11,25.11,25.37,25.37,25.37,25.02,25.20,25.02,24.93,24.76,24.85,24.85,24.76,24.85,24.93,24.67,25.37,24.85,24.93,24.93,25.02,24.76,24.85,24.85,24.93,25.46,24.85,24.93,24.93,24.93,25.02,25.11,25.11,24.93,24.85,24.93,24.76,25.55,25.46,25.37,24.76,24.85,24.85,25.11,25.20,25.46,25.28,24.67,25.46,24.85,25.11,25.28,25.11,25.46,24.85,25.20,24.85,24.93,25.37,25.11,25.37,25.02,25.02,24.93,25.28,25.28,24.93,24.85,25.28,25.02,25.55,25.28,25.11,24.67,24.93,25.46,25.20,24.67,25.20,24.67,25.11,25.11,25.20,25.28,25.37,24.93,25.20,24.57,24.93,24.93,25.02,25.46,24.93,25.02,24.93,25.11,25.02,25.11,24.93,25.02,25.02,24.93,25.11,25.02,24.76,24.93,24.67,25.02,24.93,24.48,24.29,24.93,24.67,24.93,24.85,24.93,25.02,25.02,24.85,24.85,24.57,24.93,25.20,24.85,24.85,25.02,25.02,25.46,24.76,24.76,25.02,24.93,24.76,25.02,24.93,25.02,25.02,25.20,24.85,24.76,25.46,24.85,25.11,25.02,24.39,24.93,24.67,24.85,24.93,24.93,24.85,24.48,25.02,24.67,25.02,24.76,25.28,24.85,24.57,25.37,24.39,25.11,24.93,24.67,25.02,24.93,24.85,24.48,24.76,24.85,25.11,24.85,24.93,24.85,24.48,24.93,25.02,24.93,24.85,24.93,25.02,24.57,25.02,24.67,24.93,25.02,24.85,24.67,25.02,24.48,24.85,25.02,24.76,25.11,24.57,24.85,24.67,24.85,24.76,24.93,24.57,24.39,24.93,24.48,24.93,24.76,24.67,25.02,24.48,24.67,24.76,24.93,24.48,25.02,24.85,24.48,24.48,24.57,24.76,24.57,25.02,25.02,24.57,24.93,24.93,24.29,24.67,24.85,24.57,24.76,24.39,24.57,25.20,24.93,24.39,24.76,24.93,24.93,24.67,24.67,24.48,24.48
24.39,24.67,24.93,24.48,24.57,24.29,25.02,24.57,24.85,24.57,25.02,24.67,24.76,24.39,24.67,24.93,24.85,24.76,24.67,25.02,24.76,24.76,24.85,24.67,24.85,24.85,24.85,24.67,24.57,24.93,24.48,24.48,24.67,24.67,24.85,24.57,24.67,24.93,24.76,24.93,24.76,24.67,24.76,24.67,24.67,25.02,24.76,24.93,25.20,24.93,24.85,24.93,24.67,24.57,24.76,24.67,24.76,25.20,24.67,24.67,24.76,24.85,24.67,24.85,24.48,24.48,24.85,24.76,24.67,24.67,24.85,24.85,24.67,24.48,24.76,24.93,24.85,24.67,24.67,24.67,24.76,24.76,25.11,24.48,25.20,24.76,24.67,24.67,24.85,24.76,24.85,24.48,24.93,25.20,24.57,24.76,24.93,25.20,24.76,24.67,25.11,25.02,24.67,25.02,24.67,24.67,25.02,24.76,24.93,24.57,24.76,24.57,25.02,25.02,24.67,24.67,24.85,24.76,25.20,24.67,25.02,25.02,24.85,25.11,24.85,24.93,24.93,25.02,24.57,24.57,25.11,24.85,24.67,25.28,24.85,25.02,25.02,25.11,24.67,25.02,24.93,25.02,25.20,24.93,24.85,24.93,25.28,25.20,24.85,24.67,24.93,25.28,25.28,25.02,24.93,24.85,24.57,25.11,24.76,24.85,25.02,24.93,25.46,24.93,24.93,24.57,25.11,25.28,24.85,25.37,24.93,24.93,25.11,25.55,24.76,25.11,25.11,25.28,25.20,25.20,25.11,25.11,25.11,25.20,25.02,25.20,24.93,24.85,24.67,25.20,24.85,25.11,24.93,25.63,24.57,25.20,25.37,25.02,25.11,25.28,25.20,25.37,25.37,25.20,25.11,24.76,25.20,25.11,25.20,24.85,25.11,24.85,24.93,24.85,24.57,25.28,25.37,24.76,25.02,25.28,25.20,25.02,25.37,24.57,24.76,25.11,24.93,24.85,25.11,24.93,24.85,25.11,24.85,24.85,25.02,25.02,25.37,25.02,24.93,24.93,24.93,24.93,25.02,25.02,24.67,24.85,24.85,24.85,24.76,25.02,24.85,24.67,25.46,24.67,24.93,24.85,25.11,24.85,24.93,24.76,24.39,25.11,25.02,24.93,24.93,25.02,25.02,24.93,25.02,24.85,25.28,24.57,24.93,24.76,24.67,24.57,25.28,24.85,24.67,24.67,24.93,24.67,24.85,25.11,24.67,24.76,24.76,25.02,24.93,25.20,24.57,24.76,25.20,24.57,24.93,24.39,24.76,24.93,24.57,24.76,24.93,24.93,24.93,24.93,24.93,25.02,25.28,25.02,24.67,24.85,24.57,24.85,24.67,24.57,25.02,24.76,24.85,24.67,24.57,24.85,25.02,25.20,24.93,25.02,24.57,25.02,24.85,24.67,24.93,24.48,24.93,24.48,24.93,24.85,24.67,24.76,25.11,24.85,24.76,25.02,24.93,24.93,24.85,24.76,25.11,24.67,24.48,24.67,24.48,25.02,24.57,24.67,24.93,24.48,25.28,24.93,24.93,24.48,24.93,24.67,24.85,25.20,24.48,24.93,24.48,24.20,24.67,24.85,24.93,25.02,24.85,24.93,25.20,24.48,24.57,24.67,24.85,24.57,24.57,24.85,24.76,24.57
24.39,24.48,24.39,25.02,25.02,24.85,24.29,24.85,24.67,25.02,24.57,24.48,24.76,24.76,24.76,24.93,24.76,24.76,24.48,24.93,24.67,24.76,24.67,24.01,24.67,24.85,24.48,25.11,24.57,24.76,24.48,24.76,24.76,24.39,24.67,24.76,24.67,24.85,24.67,24.67,24.57,24.48,24.67,24.85,24.57,24.39,24.39,25.02,24.76,24.67,24.76,24.93,24.76,24.39,24.67,25.11,24.85,24.93,24.57,24.67,24.76,24.76,24.93,24.48,24.93,24.67,24.85,25.46,25.02,24.48,24.85,24.76,25.20,24.39,24.48,24.67,24.57,24.76,24.76,24.67,25.02,24.93,25.02,24.93,24.57,24.39,24.76,24.48,24.48,24.57,24.11,24.76,25.11,24.67,24.76,24.29,24.93,24.76,24.67,25.02,24.48,24.39,24.48,24.76,24.76,24.67,24.85,24.67,24.85,24.76,25.46,24.76,24.76,24.93,24.93,24.93,25.11,24.93,25.02,25.20,24.76,24.39,24.67,24.76,25.11,24.93,24.67,24.57,25.02,25.11,24.93,24.93,24.85,24.57,24.57,24.93,24.85,24.48,25.20,25.02,24.93,25.02,24.93,24.76,24.93,24.76,25.20,24.85,25.02,25.02,25.02,25.11,24.93,24.67,25.37,24.85,24.93,24.85,24.93,25.20,24.57,25.37,24.93,24.93,24.76,25.02,24.93,25.02,25.02,24.85,25.02,24.85,25.11,25.11,25.11,25.37,24.93,25.02,25.28,24.93,24.85,25.28,25.02,25.28,24.85,25.20,25.37,24.85,25.28,25.46,25.20,24.85,25.28,25.28,25.28,25.28,25.02,25.55,25.37,25.20,25.11,25.11,24.93,24.93,24.85,24.93,25.20,25.46,25.02,24.93,24.93,25.28,25.11,25.28,24.93,24.85,25.20,24.93,24.39,24.93,25.11,24.93,25.02,24.93,25.02,25.20,25.37,24.93,25.02,24.93,24.85,24.85,25.02,25.02,24.85,25.20,24.93,24.76,24.85,25.11,24.76,24.93,25.11,25.28,25.11,24.76,25.28,25.11,25.02,24.76,24.48,25.02,24.93,24.67,24.76,24.85,24.76,24.76,24.85,24.93,25.02,25.02,24.76,24.57,25.02,25.11,25.11,25.02,25.11,24.57,24.57,25.02,24.93,24.93,25.20,24.67,25.11,24.76,24.67,25.11,24.85,25.28,25.02,24.85,24.93,25.11,24.85,24.67,24.85,25.28,25.11,24.93,25.20,24.39,24.39,24.67,24.67,25.02,24.85,24.93,24.67,24.85,24.57,25.11,24.93,24.93,24.76,25.02,24.57,24.93,24.93,24.93,24.76,24.93,24.67,24.67,25.20,25.02,24.85,25.02,24.48,24.67,25.02,24.67,24.93,24.67,24.93,24.76,24.67,24.93,24.85,24.93,24.76,24.85,25.11,24.85,25.02,24.85,24.67,25.20,24.48,24.57,24.57,24.76,25.02,24.57,24.85,24.67,25.02,24.48,24.57,24.93,25.20,25.11,25.02,24.39,24.29,24.48,24.93,24.85,24.76,24.85,24.57,24.48,25.02,24.67,24.48,24.85,24.57,24.57,24.93,24.67,24.76,24.76,24.67,24.48,24.76,24.67,24.76,24.76,24.76,25.20
24.85,24.39,24.29,24.76,24.48,24.67,25.11,24.76,25.02,24.85,24.85,24.67,25.02,24.76,25.02,24.48,24.57,24.20,25.02,24.57,24.93,24.67,24.85,24.76,24.29,25.20,24.29,24.67,24.67,24.20,24.93,24.48,24.93,24.76,24.57,24.48,24.85,24.29,24.48,24.57,24.57,24.67,24.93,24.48,24.48,24.93,24.67,24.20,24.29,24.93,24.76,24.76,24.93,24.93,24.67,24.48,24.57,24.76,24.85,24.67,24.57,24.39,24.57,24.67,24.67,24.93,24.85,24.67,25.02,24.48,24.76,24.76,24.93,25.11,24.85,24.39,24.57,24.93,24.93,24.57,24.85,25.28,25.11,24.67,24.57,24.67,24.93,24.67,25.11,24.67,24.57,24.85,25.11,24.48,24.57,24.85,24.39,24.67,25.11,24.85,24.67,24.39,25.02,24.57,24.76,25.02,24.57,24.67,24.76,24.57,25.02,24.57,24.85,24.67,24.76,25.02,25.11,24.57,25.11,24.85,25.02,25.02,25.11,25.11,25.02,25.11,24.85,25.02,25.20,25.11,24.76,24.85,24.93,24.93,25.11,25.11,25.02,24.93,25.28,24.57,24.76,24.93,25.20,25.11,24.76,24.85,24.93,25.02,24.76,25.02,25.20,25.02,25.02,24.57,24.67,24.85,25.02,24.85,24.67,25.02,25.11,24.85,24.85,24.85,24.93,25.02,24.76,24.93,25.55,25.28,25.02,25.20,25.02,25.20,24.93,24.85,24.76,25.11,25.20,24.76,24.93,25.28,24.93,25.02,24.76,25.28,25.11,24.76,25.11,25.37,25.02,25.20,24.93,25.28,25.28,25.11,25.11,25.28,25.37,25.37,24.67,24.93,25.20,25.20,25.11,25.28,24.85,25.46,25.46,24.85,25.20,25.20,25.46,24.85,25.20,25.20,25.37,25.02,25.11,24.93,25.28,24.93,25.02,25.11,25.28,24.76,24.93,25.28,24.85,24.76,25.28,24.85,25.20,25.11,24.93,25.20,24.76,25.02,25.11,25.02,24.93,24.93,24.85,25.02,24.76,25.02,24.57,24.76,24.76,24.39,24.85,24.93,24.76,24.85,24.85,25.02,24.67,24.93,25.02,24.85,24.76,24.93,24.93,24.76,24.76,24.57,24.48,25.11,25.02,24.76,24.93,24.93,24.85,24.76,25.02,24.93,24.93,25.20,24.85,25.02,24.85,25.28,24.48,24.76,25.02,25.28,24.93,25.02,24.85,24.93,25.11,24.67,24.76,24.93,24.93,24.85,24.48,24.57,24.39,24.85,25.02,24.93,24.57,25.02,24.76,25.02,25.02,24.48,24.67,25.20,24.67,24.57,24.85,24.48,24.76,25.11,24.48,24.76,24.93,24.57,24.85,25.20,25.02,24.57,24.39,24.76,24.67,24.57,24.48,24.85,24.93,24.85,25.02,24.85,24.67,24.67,24.85,24.67,24.29,25.20,24.67,25.02,24.67,24.85,24.93,24.85,24.93,24.57,24.85,25.02,24.57,24.67,24.67,25.02,24.57,24.93,24.93,24.76,24.57,24.93,24.67,24.11,24.85,25.02,25.11,24.67,24.39,24.67,24.57,24.57,24.85,24.48,24.76,24.67,25.11,24.76,24.76,24.67,24.93,24.93,24.76,24.57
24.85,24.76,24.76,24.67,25.20,24.57,24.85,24.76,25.11,24.39,24.76,24.85,24.93,24.67,24.67,25.11,24.48,24.48,24.93,24.85,25.02,24.57,24.93,24.67,24.85,24.85,24.57,24.93,24.29,24.93,24.76,24.57,24.85,24.29,24.48,24.85,24.76,24.76,24.76,24.93,24.93,24.57,24.76,24.67,24.57,24.48,24.39,24.76,25.02,25.02,24.76,24.76,24.57,24.67,24.67,25.02,24.93,24.85,24.48,24.57,24.93,24.85,24.29,24.67,24.85,24.67,24.48,24.48,24.76,24.67,24.39,24.76,24.85,24.67,24.57,25.02,24.85,24.48,24.93,25.11,24.85,24.48,24.57,24.76,24.76,24.57,24.76,24.57,24.93,24.48,24.67,24.76,24.67,24.67,24.76,24.76,24.39,24.39,24.76,25.02,24.39,24.76,25.02,24.76,24.76,24.76,24.85,24.85,24.67,25.11,24.48,24.67,24.93,24.48,25.20,24.76,24.85,24.57,25.11,25.28,24.67,25.37,24.85,25.20,25.11,24.85,24.20,24.76,25.28,24.85,25.20,25.11,25.02,25.28,24.48,24.93,25.28,24.76,25.28,24.93,25.20,24.93,25.11,24.93,24.85,25.02,25.20,24.93,24.48,24.85,25.02,25.11,24.67,24.67,24.85,25.11,25.28,24.85,24.85,24.93,24.67,25.20,24.85,25.11,24.93,24.85,25.11,25.02,25.37,25.11,25.11,25.11,25.37,25.11,25.20,24.93,25.37,25.02,24.93,25.02,24.85,25.28,24.76,25.20,24.85,24.93,24.85,25.37,25.11,24.85,25.46,24.93,25.46,25.20,24.93,24.85,25.63,25.02,24.85,25.37,25.20,25.11,25.46,25.20,25.11,25.28,25.55,25.20,25.11,24.93,25.37,25.02,24.76,25.37,24.93,25.11,25.20,25.11,24.57,24.85,25.37,25.20,25.28,25.46,25.46,25.46,25.02,25.28,25.02,24.57,25.28,25.37,25.55,25.28,25.37,25.11,25.37,25.02,25.28,24.85,24.85,25.11,24.76,25.11,24.85,25.28,24.85,24.93,25.11,24.93,24.93,24.85,25.02,24.67,24.67,24.76,24.85,25.02,24.85,25.02,24.85,24.93,25.02,24.76,25.28,24.93,24.85,24.85,25.11,24.85,25.02,24.93,25.02,25.11,24.93,24.57,25.02,25.11,24.76,24.57,25.11,24.93,25.11,25.02,25.02,25.20,25.02,24.93,24.48,25.11,24.76,24.85,24.57,25.02,24.67,25.02,24.76,25.02,24.93,24.57,24.76,24.57,24.85,24.76,25.11,25.11,25.20,24.93,24.67,24.67,24.67,25.02,24.93,25.02,24.57,24.48,24.57,25.02,24.67,24.93,24.67,25.28,24.57,25.02,24.93,24.93,25.11,24.48,25.02,24.93,25.02,25.02,24.85,25.11,24.93,25.02,24.67,24.48,24.85,24.85,24.48,25.11,24.67,24.93,25.02,24.48,24.67,24.85,25.20,25.11,24.76,25.02,24.67,24.67,24.48,25.02,24.48,24.85,24.57,24.57,24.93,24.85,24.57,24.93,25.11,24.93,24.48,24.93,24.48,24.48,24.48,24.93,24.39,24.48,24.93,24.85,24.67,24.57,24.48,24.57,24.85,24.67
24.57,24.57,24.48,24.29,24.57,23.92,24.67,24.67,24.67,24.48,25.11,25.02,24.85,24.57,24.48,24.29,24.93,24.76,24.29,24.67,24.76,25.11,24.39,24.76,24.76,24.57,24.67,24.76,24.93,24.57,24.76,24.67,24.76,24.67,24.57,24.48,24.57,24.76,24.85,24.67,24.67,24.67,24.57,24.67,24.11,24.76,24.76,24.67,24.85,24.76,24.76,24.76,24.93,24.67,24.67,24.57,24.57,24.67,24.57,24.57,24.67,24.48,24.67,24.76,24.67,24.85,24.85,24.67,24.39,24.85,24.48,24.76,24.57,24.67,25.11,25.02,24.76,24.39,24.67,24.57,24.67,24.48,24.57,24.93,24.76,24.85,24.67,24.76,24.85,24.67,24.67,24.57,25.11,24.57,24.57,24.67,24.48,24.48,24.93,25.11,24.76,24.93,24.48,24.48,24.67,24.39,25.02,24.57,24.67,24.76,24.67,24.85,24.48,24.85,25.20,24.67,24.93,25.11,25.02,24.93,24.93,25.20,24.67,25.02,24.48,24.57,24.67,24.93,25.02,25.11,24.57,24.85,24.67,24.93,25.11,25.46,25.20,25.02,25.02,25.28,24.85,24.85,24.57,24.57,24.67,24.85,24.85,24.85,25.02,24.67,25.02,25.02,24.85,25.11,25.11,25.02,24.85,25.20,25.20,24.85,25.02,24.85,25.02,24.85,24.93,24.93,25.28,24.85,25.37,25.11,25.37,24.93,25.28,24.93,24.93,25.02,25.02,25.28,25.63,24.93,24.85,25.02,24.85,25.28,25.20,24.93,25.02,25.02,25.20,25.20,25.20,24.85,24.85,24.93,25.28,25.55,24.85,24.93,25.20,25.20,25.11,24.85,25.28,25.46,25.55,25.28,25.55,24.93,24.67,24.85,25.28,24.67,24.93,25.11,25.20,24.67,25.37,25.28,25.20,24.93,25.11,24.85,25.02,24.67,24.76,24.67,25.02,24.76,24.93,25.20,24.85,24.85,24.93,24.76,25.11,24.93,24.67,24.93,24.85,25.02,25.11,25.02,25.02,24.85,24.93,24.76,25.02,24.20,24.76,24.93,24.67,24.85,24.76,24.93,25.11,24.93,24.85,24.85,24.67,24.93,25.02,24.85,24.57,24.76,24.85,25.20,24.85,24.67,25.11,24.93,24.93,25.02,25.20,24.93,24.67,24.67,25.02,24.93,24.76,25.11,25.11,24.93,24.76,24.57,25.02,25.11,25.11,25.11,24.67,25.02,25.02,24.67,24.76,25.11,24.93,24.93,25.02,24.93,24.85,24.67,24.76,24.67,24.76,24.76,24.57,24.85,24.48,24.57,24.85,25.02,25.02,24.67,24.67,24.57,24.48,24.76,24.76,24.67,24.93,25.02,24.67,25.02,25.11,24.76,24.76,25.11,24.57,24.29,24.76,24.76,24.57,24.57,24.67,24.93,25.20,24.85,24.67,24.57,24.48,24.93,24.67,24.57,24.39,24.39,24.76,24.93,24.48,24.67,24.57,24.85,24.85,24.76,24.57,24.93,24.93,24.76,24.39,24.29,24.76,24.57,24.85,25.11,24.76,24.93,24.48,24.93,24.67,24.39,24.76,24.57,24.76,24.57,24.48,24.93,25.02,24.67,24.57,24.93,24.39,24.39,24.67,24.57
24.39,24.76,25.11,24.39,24.48,24.85,24.29,24.76,24.85,24.20,24.93,24.48,24.85,24.93,24.67,24.76,24.57,24.93,24.57,24.76,24.39,24.76,24.57,24.57,25.02,24.85,24.85,24.39,24.57,24.67,24.67,24.39,24.67,24.57,24.67,24.57,24.67,24.85,24.57,24.67,24.57,24.29,24.57,24.67,24.57,24.67,24.57,25.02,24.39,24.39,24.20,24.76,24.76,24.57,24.57,24.57,24.48,24.29,24.67,24.93,24.76,24.85,24.48,24.76,24.57,24.57,24.93,24.67,25.02,24.48,24.76,25.20,24.85,25.02,24.48,24.67,24.76,24.48,24.85,24.48,24.76,24.48,24.76,24.76,24.67,24.48,24.67,24.48,25.20,24.48,24.67,24.93,24.76,24.57,24.93,24.76,25.11,24.57,24.76,24.48,24.57,24.76,25.02,24.85,24.67,24.93,25.02,24.39,25.11,24.85,25.11,24.85,24.76,24.67,25.20,24.85,24.67,24.93,24.67,24.85,24.76,24.57,24.67,25.11,25.28,25.11,24.76,25.02,24.57,25.11,25.11,24.85,25.11,25.11,24.76,24.57,24.48,25.02,25.37,24.85,25.11,24.76,25.28,24.76,24.67,24.85,24.85,25.11,25.11,24.76,25.20,25.11,25.20,25.63,25.02,24.93,25.02,25.20,25.20,24.57,25.02,25.11,25.20,24.85,24.93,25.11,24.85,25.02,24.85,25.11,24.85,24.93,24.93,25.11,24.76,24.93,25.02,25.02,25.20,24.85,24.93,24.76,25.11,25.20,25.02,24.76,24.57,25.46,25.46,25.20,24.76,25.02,24.93,25.20,24.93,25.46,25.28,25.37,24.85,25.28,25.37,25.46,25.11,25.02,25.02,24.67,25.20,25.28,25.37,25.37,24.39,25.20,25.63,25.11,25.02,25.11,25.46,25.11,25.28,24.93,24.93,24.67,24.93,25.02,24.76,25.20,25.37,25.02,25.02,25.20,25.11,25.28,24.93,25.02,24.93,24.67,24.85,25.11,24.93,25.28,24.93,25.11,25.28,24.85,24.93,24.85,24.93,25.02,25.02,24.93,25.02,24.93,24.76,24.93,24.57,24.76,24.93,24.76,24.67,24.76,24.76,24.85,24.67,24.85,24.93,24.67,24.85,24.76,24.93,24.85,24.39,24.93,24.93,24.57,25.20,24.85,24.39,25.11,24.76,25.02,24.57,24.85,24.48,24.67,24.93,24.76,24.67,24.93,24.93,25.20,24.57,24.67,24.48,25.02,24.85,25.02,24.48,24.85,24.57,25.20,24.76,24.76,24.67,25.02,24.93,24.76,25.11,24.93,25.02,25.02,24.76,24.93,24.57,24.93,24.76,24.93,24.93,24.57,24.76,24.76,24.57,25.20,24.67,25.02,24.57,24.76,24.76,24.29,24.85,24.85,24.93,24.39,24.76,24.57,24.39,24.39,24.57,24.57,24.76,24.85,24.67,24.48,24.57,24.57,24.67,24.93,24.57,24.76,24.48,24.57,24.57,24.85,24.93,24.85,24.93,24.67,24.39,24.29,24.76,24.39,24.48,24.39,24.39,24.93,24.85,24.85,24.67,24.93,24.93,24.67,24.76,24.48,24.57,24.57,24.93,24.67,24.57,24.67,24.39,24.76,24.48,24.57
24.57,24.85,24.93,24.39,25.02,24.93,24.93,24.85,24.76,24.48,24.85,24.39,24.39,24.67,24.85,25.02,24.67,24.39,24.20,24.85,24.76,24.85,25.11,24.57,24.57,24.20,24.48,24.67,24.29,24.76,24.20,24.76,24.76,24.67,24.48,24.20,24.76,24.85,24.67,24.67,24.29,24.67,24.76,24.67,24.67,24.85,24.20,24.39,24.76,24.76,24.57,24.85,24.57,24.57,24.85,24.48,24.93,24.67,24.48,24.57,24.76,24.29,24.48,24.93,24.39,24.67,24.76,24.93,25.11,24.57,24.67,24.93,24.85,24.57,24.20,24.76,24.29,24.57,24.76,25.02,24.67,24.93,25.11,24.93,24.85,24.85,25.11,24.48,24.67,24.57,24.85,24.76,24.48,24.93,24.48,24.76,24.93,25.20,24.57,24.67,25.02,25.02,25.11,25.20,24.76,24.76,25.02,25.11,24.85,25.02,24.76,24.67,24.57,24.76,24.85,24.76,24.76,25.02,24.85,24.93,24.67,25.20,25.20,25.20,25.02,24.67,24.93,24.48,24.67,24.48,24.48,24.85,24.85,24.57,25.02,25.02,25.11,25.20,24.93,24.93,25.20,25.02,24.76,25.02,25.02,25.37,24.67,24.93,24.67,25.02,25.02,25.02,25.02,25.02,25.02,25.11,25.02,24.76,25.02,25.02,25.02,25.11,24.93,24.85,25.37,25.28,24.93,24.67,24.85,24.85,25.11,24.93,25.37,25.28,25.28,24.93,25.28,25.02,25.37,25.28,25.02,24.76,25.11,25.37,24.85,25.28,25.20,25.20,24.85,25.28,25.02,24.85,25.63,24.93,25.28,25.28,25.11,25.63,24.85,25.46,25.28,25.55,25.11,25.46,25.02,25.28,25.11,24.93,25.20,25.37,25.37,24.93,25.37,25.55,25.02,25.02,24.93,25.20,24.76,25.20,25.11,25.11,25.28,25.37,25.37,24.93,25.02,25.28,25.20,24.57,24.76,24.85,24.85,25.20,25.11,25.11,24.76,24.85,25.02,24.85,25.02,25.28,24.93,25.37,24.85,24.67,24.76,25.20,25.02,24.93,24.76,25.02,25.11,25.02,25.02,24.67,25.11,24.93,25.11,24.93,24.76,24.76,25.55,24.48,25.11,25.02,25.28,25.11,25.20,24.76,24.93,25.20,25.02,25.63,25.11,25.20,25.11,24.93,24.76,25.02,25.11,25.02,25.02,24.93,24.93,24.93,24.57,24.67,24.85,24.67,25.28,24.76,25.28,24.76,25.28,24.85,24.85,24.93,24.57,24.76,24.67,25.11,25.11,25.02,24.85,24.57,24.85,25.02,24.76,24.85,24.76,25.02,24.57,24.93,25.02,24.76,24.85,24.67,24.85,24.93,25.11,24.76,24.76,24.67,24.85,24.76,25.02,24.93,24.57,24.67,24.29,24.85,24.93,24.85,24.93,24.48,24.93,24.85,24.67,24.48,24.57,24.57,24.67,24.93,25.02,25.02,24.57,24.76,25.02,24.57,24.57,24.85,24.57,25.02,25.02,24.48,24.85,24.48,24.85,24.85,24.85,24.85,25.02,24.29,24.76,24.39,24.39,24.67,24.39,24.48,24.57,24.48,24.57,24.85,24.67,24.48,24.85,25.02,24.76,25.11,24.76,24.48
24.67,24.57,25.02,24.57,24.29,24.48,24.29,24.76,24.39,24.76,24.48,24.85,25.02,24.48,24.57,24.76,24.85,24.39,24.93,24.48,24.39,24.57,24.29,24.57,25.02,24.39,24.67,24.48,24.11,24.48,25.02,24.93,24.67,24.85,24.39,24.76,24.67,25.02,24.76,24.93,24.85,24.76,24.76,24.85,24.57,25.11,24.76,24.67,24.67,24.57,25.02,24.48,24.11,24.93,24.57,24.57,24.57,24.85,24.76,24.67,24.57,24.85,24.29,24.20,24.85,24.57,24.48,24.57,24.67,24.57,24.67,24.93,24.85,24.67,24.29,24.67,24.29,24.67,24.48,24.85,24.85,24.76,24.57,25.28,24.76,24.48,24.76,24.48,24.93,24.48,24.57,24.76,24.93,24.57,24.67,25.20,24.76,24.67,24.76,24.57,24.57,25.02,24.67,24.85,25.02,24.67,24.57,25.02,24.67,24.67,24.57,24.76,24.85,24.85,24.67,24.39,24.39,25.11,25.11,25.11,24.67,25.02,24.93,24.76,24.67,24.76,25.02,24.93,24.93,24.85,24.67,25.11,25.02,25.11,24.76,24.76,24.85,24.93,25.11,25.02,24.93,24.93,25.20,25.11,24.76,25.02,24.76,25.11,24.93,25.11,25.28,24.85,25.02,24.93,24.93,24.67,24.93,25.11,24.93,24.93,25.02,25.02,25.02,24.93,25.02,24.93,25.02,24.67,24.76,24.85,25.37,25.02,25.02,25.02,25.11,25.37,25.02,25.46,25.28,25.28,25.37,25.63,25.28,25.02,25.02,24.76,24.93,25.11,25.11,24.76,25.02,24.85,25.02,25.20,25.02,25.37,25.11,25.11,24.93,25.37,25.46,25.37,25.55,25.37,25.20,25.11,25.37,24.93,25.28,25.46,24.76,24.93,24.93,25.28,25.28,25.37,25.37,25.28,25.02,25.28,25.20,25.20,24.85,24.85,24.85,24.93,25.20,24.76,25.37,24.93,24.57,25.11,24.93,24.76,25.20,25.02,24.93,24.85,25.02,24.85,24.93,24.67,24.85,24.76,24.85,24.93,24.93,24.93,25.11,24.76,24.93,25.02,24.76,25.02,24.67,25.02,24.67,24.85,25.28,25.02,25.20,24.85,24.93,24.67,24.85,24.93,24.85,25.02,25.28,24.85,25.02,24.76,24.76,24.93,25.20,24.39,24.48,25.02,24.76,25.02,24.39,24.29,24.85,25.20,24.93,24.85,24.93,24.93,24.48,24.76,25.11,24.57,25.11,24.57,24.76,25.02,24.57,25.28,24.67,25.02,24.93,25.20,25.11,24.93,25.02,24.67,24.67,24.67,25.20,24.76,24.67,24.93,24.48,24.29,24.85,24.67,24.67,24.57,24.85,25.37,25.55,24.93,25.28,25.02,24.48,24.67,24.85,25.11,24.76,25.02,24.57,24.67,24.29,24.67,24.67,24.29,24.93,24.85,24.57,25.02,24.57,24.48,24.93,24.67,24.57,24.39,24.57,24.85,24.67,25.11,24.76,24.85,25.11,25.02,24.93,24.85,24.48,24.67,24.57,24.29,24.57,24.85,24.29,24.29,24.57,24.57,24.39,24.76,24.93,24.57,24.57,24.67,24.93,25.11,24.57,24.67,24.76,25.02,24.76,24.57,24.67,24.57
24.93,24.85,24.29,25.02,24.57,24.48,24.29,24.48,24.57,24.48,24.48,24.67,24.20,24.39,24.48,24.67,24.93,24.93,24.29,25.02,24.48,24.67,24.85,24.20,24.76,24.67,24.76,24.67,24.76,24.57,24.76,24.57,24.67,24.20,24.39,24.57,24.85,24.57,24.48,24.29,24.85,24.67,24.67,24.57,24.48,24.93,24.93,24.76,24.76,24.85,24.39,25.02,24.57,25.02,25.02,25.37,25.11,24.48,24.57,24.67,24.67,24.57,25.02,24.93,24.85,24.67,24.48,24.20,24.57,24.76,24.48,24.85,24.76,24.85,24.67,24.76,24.85,24.48,24.85,24.48,24.67,24.85,25.11,24.76,25.02,24.76,24.67,24.67,24.93,24.85,25.02,24.76,24.67,24.85,24.76,24.48,25.02,24.57,24.67,24.57,24.76,24.67,24.67,24.76,24.85,25.11,25.02,24.85,24.67,24.67,24.85,24.85,24.48,24.76,24.76,24.76,25.11,25.11,24.76,25.11,24.93,25.11,24.93,25.02,25.02,25.20,24.85,25.20,24.76,25.11,25.28,24.76,24.67,24.67,24.93,24.93,25.20,24.57,24.93,24.93,25.20,25.02,25.28,25.02,24.93,25.02,24.85,25.20,24.57,25.37,25.11,25.11,25.28,24.76,24.85,24.93,24.93,24.67,24.85,24.93,25.11,25.02,24.93,25.28,24.76,25.11,24.93,24.85,24.85,25.02,25.11,24.85,24.85,25.02,25.11,25.02,25.11,25.02,25.11,25.20,24.93,25.11,25.55,24.93,25.28,25.20,25.37,25.28,25.63,24.85,25.28,25.11,24.93,25.55,25.20,25.28,25.28,25.02,25.20,25.37,25.55,25.28,25.37,25.28,24.85,25.28,25.28,25.11,25.20,25.02,25.46,25.02,24.93,25.20,24.76,24.93,25.11,24.93,25.20,25.28,25.37,25.37,24.93,25.37,25.02,24.85,24.85,24.85,24.93,24.85,25.11,25.46,25.02,25.20,24.93,25.02,25.02,25.20,24.93,25.11,25.02,25.02,25.02,25.02,24.85,24.76,24.93,24.76,25.46,25.11,24.76,25.02,24.93,24.93,24.67,24.93,24.93,24.67,25.20,24.57,24.76,24.67,24.93,24.93,24.85,25.20,25.02,24.85,24.93,25.02,24.85,24.48,25.02,24.39,25.28,24.85,24.93,25.11,25.02,25.02,25.02,24.57,24.93,25.02,24.67,24.93,24.48,24.85,24.76,24.93,24.67,24.48,24.48,24.67,24.93,24.93,25.20,25.28,24.67,24.93,25.02,24.85,24.76,24.67,24.57,24.85,24.48,24.67,24.76,24.76,25.02,24.57,24.57,25.02,24.67,25.20,24.85,25.02,24.76,24.85,24.57,24.85,24.67,24.57,24.76,24.57,25.02,24.85,24.57,24.39,24.67,25.02,24.29,24.48,24.85,24.67,24.39,25.02,24.57,24.85,24.85,24.76,24.76,24.11,24.85,25.02,24.39,25.02,24.48,24.76,24.57,24.67,24.29,24.85,24.39,24.76,24.48,24.57,25.02,24.67,24.57,24.57,24.76,24.85,25.20,24.57,24.20,24.67,25.02,24.48,24.76,24.67,24.93,24.39,24.67,24.57,24.76,24.76,24.67,24.29,24.39,24.39
24.48,24.93,24.93,24.76,24.39,24.67,24.85,24.85,24.67,24.93,24.85,24.39,24.39,24.29,25.11,24.93,24.39,24.57,24.93,24.93,24.48,24.20,24.29,24.11,24.48,24.85,24.39,24.93,24.67,24.39,24.57,24.29,25.02,24.93,24.76,24.93,24.67,24.57,24.48,24.39,24.76,24.67,24.29,25.20,24.57,24.85,24.48,25.02,24.48,24.76,24.67,24.57,24.57,25.20,24.39,24.76,24.93,24.85,24.57,24.57,24.29,24.76,24.93,24.76,24.76,24.85,24.67,24.57,24.57,24.57,25.28,24.57,24.57,24.85,24.67,24.67,24.93,24.93,24.76,24.67,24.85,24.85,24.48,25.11,24.57,25.11,24.67,24.48,24.76,24.67,24.76,24.48,24.85,24.57,24.76,25.20,24.67,24.93,24.93,24.76,24.76,24.93,24.93,24.67,24.76,25.02,24.67,24.85,24.85,24.85,25.02,25.11,24.76,25.02,24.85,25.02,24.48,25.02,25.02,25.46,24.48,25.11,24.48,25.37,24.67,25.02,24.85,24.39,25.11,25.55,24.93,25.02,25.11,25.11,25.28,25.02,24.93,25.20,24.93,25.02,25.37,25.02,25.02,25.02,24.93,25.02,24.93,24.76,25.02,24.76,25.20,24.57,24.76,25.20,25.02,24.85,24.93,24.85,25.20,25.37,25.02,25.11,24.85,25.02,25.11,24.93,25.28,25.11,24.85,25.20,25.37,25.11,24.76,25.20,25.11,24.93,24.76,25.02,24.85,24.76,25.02,25.02,24.76,25.11,25.20,25.02,25.11,25.37,24.67,25.11,24.85,25.46,24.67,25.55,25.11,25.46,25.11,24.85,25.20,25.11,25.46,24.93,25.46,25.20,25.02,24.76,25.20,25.20,24.76,25.11,25.46,25.02,24.93,25.46,24.76,24.93,25.37,24.85,25.11,25.37,25.37,25.02,24.76,24.85,25.02,24.39,24.20,24.85,24.93,24.85,25.02,24.67,25.02,25.02,24.93,25.02,24.85,24.85,25.11,24.85,25.02,24.93,25.20,25.11,24.93,25.11,25.20,24.93,24.67,24.76,24.93,24.93,24.76,25.11,25.11,24.93,24.11,24.57,24.85,25.11,25.37,25.02,24.93,24.57,25.11,24.76,25.20,24.67,25.11,25.02,24.76,25.02,24.67,24.67,25.02,25.02,24.76,24.85,25.11,25.11,25.28,25.02,24.93,24.48,24.57,24.67,24.85,24.57,25.02,24.85,24.57,24.93,24.29,25.37,24.76,24.93,24.85,25.11,24.67,24.29,25.11,25.02,25.02,24.76,25.11,24.48,24.93,24.85,24.48,24.93,24.57,24.57,24.76,24.39,24.67,24.67,24.67,24.57,24.57,25.02,24.85,24.93,24.76,25.02,24.93,24.67,24.76,24.39,25.02,24.93,24.93,24.85,25.11,24.93,24.76,24.57,24.93,24.48,24.48,24.93,24.48,25.02,24.93,24.48,24.67,24.93,24.57,24.76,24.57,24.67,24.93,25.02,25.02,24.93,24.57,24.93,25.02,24.48,24.85,25.11,24.57,24.85,24.76,24.39,24.76,24.67,24.85,24.48,24.67,24.48,24.76,24.48,25.02,24.57,24.85,24.57,24.67,24.57,24.67,24.48,24.93,24.39
24.57,24.48,24.57,24.93,24.85,24.76,24.20,24.76,24.76,24.48,24.39,24.67,24.76,24.85,24.93,24.67,25.11,24.85,24.57,24.39,24.93,24.67,24.76,24.76,24.20,24.76,24.76,24.85,24.85,24.85,24.76,24.93,25.02,24.76,24.67,24.85,24.67,24.67,24.20,24.85,24.76,24.48,24.76,24.67,24.85,24.67,24.29,25.02,24.76,24.48,24.76,23.92,24.85,24.48,24.67,24.76,24.48,24.85,24.76,24.48,25.11,24.67,24.85,24.85,24.48,24.48,24.93,24.67,24.67,24.85,24.39,24.67,24.76,24.76,24.67,24.76,25.28,25.20,24.67,24.67,25.11,24.67,24.57,24.48,25.20,24.67,24.57,24.76,24.76,24.48,25.20,25.20,24.67,24.57,25.20,24.85,24.57,25.02,25.11,25.11,24.93,25.11,24.85,24.57,25.02,24.67,24.93,24.93,25.11,25.02,24.85,24.76,25.02,24.57,25.02,24.29,24.85,25.02,24.85,24.29,24.85,25.20,24.93,25.28,24.93,24.67,24.57,24.76,25.20,24.93,25.02,24.48,24.67,25.11,25.11,24.93,25.28,25.11,24.93,25.11,25.02,25.02,25.11,25.11,25.20,24.76,25.02,25.11,24.85,24.93,24.76,24.93,24.67,25.37,24.76,24.76,25.11,24.85,24.93,25.63,25.11,25.11,24.93,24.76,25.37,24.76,25.02,25.02,25.02,24.93,24.93,24.85,24.93,25.20,24.93,25.11,25.28,25.02,25.20,25.02,25.11,25.11,25.02,25.20,24.93,25.11,24.85,24.93,25.28,25.11,25.02,25.02,24.93,25.20,25.11,24.76,25.37,25.28,25.46,24.93,25.46,25.28,25.02,25.28,25.37,25.28,25.46,24.93,24.85,25.46,25.02,25.11,24.85,25.20,25.55,25.20,24.85,25.55,24.85,25.02,25.37,24.93,25.37,24.85,25.11,24.57,25.02,24.76,25.28,25.37,24.93,25.02,24.85,25.28,25.37,25.02,24.76,24.76,25.11,25.02,25.20,25.02,25.02,24.48,25.02,24.76,24.85,25.02,24.85,25.11,24.67,24.48,24.85,24.57,25.02,25.02,25.02,24.85,24.76,24.93,25.02,25.11,24.93,24.57,24.76,24.93,25.02,25.11,25.28,24.85,25.20,24.67,25.11,24.85,24.93,24.76,25.11,24.76,25.20,25.11,25.02,24.85,24.76,25.11,25.02,24.67,24.93,24.48,24.48,25.02,24.76,24.93,25.02,24.76,24.85,24.57,24.48,25.20,24.67,24.57,24.67,24.76,24.67,24.85,25.11,24.93,24.93,24.76,24.85,24.76,25.02,24.48,24.93,24.67,24.93,25.02,24.67,25.02,24.85,24.57,24.67,24.67,24.85,24.76,24.67,24.67,25.11,24.57,25.11,24.57,24.67,25.02,24.67,24.85,24.48,24.57,24.57,24.57,25.11,25.20,25.11,24.93,24.85,24.93,24.93,24.48,24.57,24.48,24.67,24.85,24.76,24.48,24.48,24.85,24.57,24.48,24.67,25.11,24.48,24.57,24.67,24.48,24.67,24.76,24.67,24.93,24.67,24.57,24.93,24.67,24.57,24.48,24.85,24.39,24.85,24.67,24.57,24.85,24.48,24.67,24.39,24.48
24.76,24.93,24.85,24.48,24.76,24.76,24.85,24.85,24.29,24.67,24.67,24.85,24.85,24.67,24.67,24.93,24.29,24.85,24.20,24.76,25.20,24.76,24.20,24.48,24.57,24.93,24.48,24.85,24.67,24.76,24.67,24.57,24.85,24.76,24.85,25.11,24.85,24.29,24.57,24.48,24.57,24.11,24.67,24.76,24.11,24.67,24.76,24.48,24.85,24.76,24.57,24.93,24.85,25.20,24.39,24.20,24.85,24.93,24.76,24.57,24.85,24.93,24.76,24.93,24.93,24.57,24.85,24.57,24.57,24.85,24.67,24.39,24.57,24.57,24.76,24.48,24.57,24.48,24.57,24.85,25.02,24.20,24.67,24.76,25.02,25.02,25.02,24.93,24.57,24.76,24.76,24.76,24.57,24.48,24.76,24.29,25.11,25.02,24.57,24.67,24.85,25.20,25.02,24.93,25.20,24.67,25.02,24.93,24.67,25.20,24.76,24.76,24.48,25.46,24.76,24.48,24.57,24.93,24.93,25.20,25.11,25.20,24.67,25.02,24.76,25.11,25.02,24.93,25.28,24.76,24.85,24.93,25.11,24.67,25.11,25.02,24.48,25.11,24.85,24.48,25.28,24.29,24.93,24.93,25.11,24.93,24.76,25.11,24.85,24.93,25.02,25.02,24.85,24.67,24.85,24.76,24.57,25.11,24.67,24.85,24.85,24.93,24.67,25.20,25.02,25.37,24.93,24.76,25.20,25.20,24.93,25.02,24.67,25.20,25.20,24.93,24.93,25.11,24.76,25.37,25.11,25.28,25.02,24.76,24.93,25.11,24.67,25.02,25.28,25.02,24.85,25.02,25.37,25.46,24.85,25.63,25.37,25.28,25.28,25.11,25.46,25.20,25.55,25.37,24.93,25.28,25.28,25.20,24.93,25.11,25.28,25.28,24.85,25.11,24.76,25.37,24.93,24.93,25.28,25.46,25.20,25.20,24.93,24.93,25.02,24.85,25.11,25.11,24.67,25.11,24.93,25.37,24.85,24.85,25.02,25.37,24.85,24.93,24.85,24.76,24.93,24.85,24.57,24.93,24.85,24.85,24.76,24.76,24.85,24.85,24.67,24.93,24.93,24.67,24.93,25.20,25.02,24.76,25.02,24.85,24.57,24.76,25.20,24.29,25.02,25.02,24.48,25.28,25.37,25.02,25.02,25.20,24.85,25.11,24.85,25.11,25.20,24.93,24.57,25.02,24.76,25.11,24.76,24.93,24.93,25.11,24.48,24.85,25.02,24.85,25.02,24.93,25.02,24.57,24.93,25.20,24.93,25.02,24.93,25.20,24.93,24.93,24.67,25.20,24.85,24.48,24.67,24.85,24.48,24.85,24.67,25.02,24.93,24.39,24.85,24.85,24.67,24.67,25.02,24.76,25.11,24.57,24.93,24.76,24.76,25.02,25.20,24.57,25.02,25.02,24.85,25.02,24.85,24.85,24.57,24.76,25.28,24.48,24.57,24.85,24.76,24.93,24.57,24.48,24.57,24.93,24.67,24.67,24.76,25.02,24.67,24.76,24.48,24.57,24.85,24.67,25.20,25.02,24.48,24.48,24.76,24.93,24.39,24.93,24.57,25.11,24.39,24.76,24.39,24.85,24.93,24.93,25.20,24.76,24.48,24.48,24.57,24.57,24.57,24.20,24.48,24.39
24.57,24.57,24.57,24.76,24.76,24.29,24.20,24.57,24.48,24.67,24.39,24.93,25.02,24.57,24.76,25.02,24.76,24.67,24.67,24.76,24.76,24.29,24.57,24.67,24.57,24.76,24.39,24.39,25.11,24.93,24.48,24.76,24.67,25.28,24.85,24.48,24.67,24.48,24.85,24.48,24.76,24.93,24.67,24.67,24.67,24.85,25.11,24.29,24.76,24.93,24.85,24.76,24.67,24.39,24.85,24.76,24.93,24.67,25.02,25.02,24.57,24.48,24.57,24.48,24.76,24.76,24.85,25.02,24.67,24.67,24.85,24.85,24.29,24.39,24.93,24.93,24.67,24.76,24.67,24.57,25.02,24.67,25.11,24.57,24.67,24.76,24.67,24.85,24.67,24.76,24.85,24.85,24.76,24.57,24.93,24.76,24.76,24.76,25.02,24.85,25.11,24.85,24.67,24.76,24.76,24.48,24.67,25.02,24.48,24.76,24.57,24.76,24.48,25.11,24.93,25.20,25.11,24.57,24.93,24.76,25.20,24.57,24.93,25.02,24.76,24.93,25.02,25.20,25.46,25.11,24.93,25.02,24.85,24.76,24.93,24.85,24.85,24.39,25.11,24.76,24.85,24.76,24.93,25.11,25.20,24.85,25.20,25.02,24.93,24.67,24.93,24.85,24.85,25.02,24.67,24.93,24.85,25.28,25.11,25.11,25.11,24.85,25.02,25.28,25.02,24.76,25.55,25.11,25.28,25.28,24.93,24.93,24.85,24.93,24.85,24.76,25.28,25.46,24.85,25.28,25.46,24.93,25.28,25.37,25.20,25.02,25.11,25.37,25.20,25.02,24.85,25.20,24.85,25.28,25.11,25.11,25.28,25.28,25.20,25.46,25.11,25.11,24.93,25.28,25.20,25.20,25.28,25.37,25.20,25.11,24.85,24.85,25.20,25.11,24.93,24.93,24.76,24.85,25.11,25.28,24.85,24.67,24.76,24.85,25.28,24.76,25.46,24.93,25.02,25.20,25.11,25.02,25.28,25.11,24.67,24.93,25.02,24.93,24.93,25.02,25.02,24.76,25.11,25.02,24.85,24.93,24.76,25.02,24.93,24.93,25.11,24.76,25.02,24.85,24.76,24.85,24.85,25.02,25.28,25.02,25.02,24.67,25.20,24.93,25.02,25.20,25.20,25.11,25.28,24.93,25.02,24.67,24.76,24.48,25.20,25.02,25.02,25.02,24.39,25.11,25.28,24.57,25.20,24.76,25.02,24.76,24.76,24.93,24.93,24.57,25.11,25.02,24.76,24.48,25.20,25.20,24.85,24.93,24.93,25.02,24.57,24.93,25.02,24.57,24.48,24.67,24.57,24.85,25.02,24.93,24.76,24.39,24.67,25.11,24.85,24.76,24.39,24.57,24.67,25.02,24.57,24.48,24.76,25.20,25.02,24.48,24.48,24.93,25.11,24.57,24.57,24.57,25.02,24.57,24.39,24.67,24.93,24.67,24.76,24.93,24.39,24.93,25.28,25.02,24.67,24.93,24.48,24.57,25.02,25.11,25.11,25.02,24.85,24.67,24.57,24.67,24.93,24.93,25.02,24.76,24.85,24.76,24.85,24.85,24.67,24.85,24.48,25.02,25.20,24.85,25.11,25.02,24.67,25.02,24.76,24.57,25.02,24.57,24.67,24.85,24.85,24.29
24.76,24.29,25.02,24.85,24.57,24.85,24.57,24.67,24.93,24.85,24.85,24.85,25.20,24.48,24.57,24.48,24.93,24.67,24.93,24.29,24.57,24.39,24.48,24.76,24.93,24.76,24.85,25.11,24.85,24.48,24.93,24.93,24.39,24.85,24.85,24.20,24.76,24.85,24.76,24.57,24.76,24.48,24.11,24.76,24.48,24.76,24.76,24.57,24.29,24.85,24.57,24.85,24.76,24.48,24.93,24.39,24.85,25.02,24.76,24.29,24.85,24.93,24.57,25.11,24.39,24.57,24.48,24.93,24.85,24.20,24.67,24.76,24.67,24.57,24.57,25.02,24.57,24.85,24.67,24.67,24.57,24.85,24.76,24.57,25.02,24.76,24.76,24.76,25.20,24.76,24.76,24.67,24.85,24.57,24.76,24.76,24.57,25.28,25.02,24.67,25.02,25.02,24.48,24.57,24.76,24.57,24.76,24.76,24.85,25.20,24.85,24.93,24.93,24.76,24.93,25.20,24.76,24.67,25.11,24.93,25.02,24.93,25.02,24.57,25.20,25.11,25.11,24.85,24.93,25.20,24.93,24.57,25.11,24.67,24.67,24.67,25.02,25.02,25.02,24.29,25.02,25.20,25.02,24.48,25.02,24.85,25.02,24.93,24.85,24.85,24.01,24.76,25.20,24.76,24.67,25.20,24.93,24.76,24.67,25.11,24.93,25.11,24.57,24.76,25.02,24.93,24.85,24.85,24.85,25.11,24.85,25.02,25.11,24.93,24.93,25.37,25.20,25.37,25.46,25.20,24.85,25.02,25.28,25.28,24.76,24.93,25.11,25.11,25.20,25.02,25.20,25.37,25.20,24.93,25.11,25.20,25.55,25.20,25.46,25.46,25.37,25.46,25.02,25.11,25.37,24.67,25.55,25.37,25.02,25.28,25.11,25.37,24.93,25.20,25.02,25.28,24.76,25.28,24.85,25.28,25.37,25.37,24.85,24.93,25.37,24.93,24.93,25.11,24.76,24.67,24.76,25.37,25.02,25.02,25.02,24.93,24.57,24.93,25.46,24.85,24.67,25.20,24.76,25.11,25.02,25.11,24.39,24.48,24.39,24.93,25.02,24.93,24.76,24.67,24.76,24.76,24.85,24.76,25.20,24.76,24.93,24.76,24.93,24.93,24.48,24.93,25.02,24.76,24.85,25.28,25.02,25.02,25.20,25.11,24.93,25.20,25.02,25.02,24.76,24.93,24.67,25.11,25.02,24.85,24.48,24.48,25.11,24.67,24.76,24.93,24.93,24.76,25.02,24.76,25.02,24.85,25.11,24.93,24.67,24.57,24.85,24.48,24.57,24.67,25.02,25.20,24.57,24.93,25.02,25.11,25.02,24.76,24.85,24.76,25.02,24.85,24.67,25.02,24.57,25.11,24.85,24.76,25.02,24.93,24.11,24.20,24.67,24.57,24.67,24.93,24.11,25.02,24.85,24.85,24.76,24.67,24.67,24.85,24.39,24.85,25.11,24.93,24.39,24.67,24.76,24.57,24.93,24.67,24.67,24.29,24.57,25.11,24.85,24.85,24.93,24.93,25.02,24.39,24.57,24.48,24.67,24.93,25.02,24.48,24.85,24.76,24.93,24.39,24.48,25.11,24.76,25.02,24.57,24.48,24.67,24.39,24.20,24.76,24.48,24.39,24.76,24.57
25.02,24.48,24.39,24.48,24.57,24.76,24.48,24.39,24.76,25.20,24.48,24.93,24.93,24.93,25.02,24.85,24.67,24.57,24.48,24.20,24.48,24.67,24.76,24.85,24.20,24.48,24.93,25.28,24.93,24.48,24.57,24.01,24.67,25.02,24.48,24.67,24.20,25.02,24.76,24.67,24.67,24.67,24.29,24.67,24.67,24.67,25.02,24.57,24.67,24.67,24.93,24.57,24.76,24.57,24.93,24.67,24.67,24.67,24.29,24.39,24.48,24.76,24.48,24.76,24.67,24.85,24.57,24.67,24.67,25.20,24.93,24.57,25.28,24.76,24.57,24.85,24.67,24.57,24.85,25.02,24.76,24.76,25.11,25.20,24.85,24.67,24.67,25.02,24.67,24.48,24.39,24.85,24.39,24.85,24.57,25.37,24.48,24.76,24.76,24.48,24.76,24.67,24.76,24.76,25.02,24.67,25.02,24.93,25.20,24.67,24.29,24.76,24.85,25.11,25.02,25.02,24.67,24.67,24.48,25.20,24.57,25.11,24.67,24.93,24.39,25.11,24.93,24.67,24.76,24.93,25.02,25.02,25.11,25.20,25.02,24.67,24.67,24.67,25.02,25.02,24.85,24.85,25.28,25.02,25.02,25.02,24.93,25.28,24.57,24.85,25.20,24.85,25.02,24.93,24.93,24.76,24.67,24.93,25.02,25.11,24.67,24.85,24.76,24.85,25.37,25.02,24.76,24.85,25.02,25.02,25.28,24.93,24.93,24.85,25.20,25.20,24.85,24.93,25.11,25.37,25.11,25.11,25.02,25.55,24.85,25.02,25.28,25.20,25.28,24.85,25.02,25.55,25.11,25.46,25.55,25.20,25.55,25.28,25.37,25.37,25.37,25.46,25.55,25.28,25.55,25.28,25.20,25.28,25.11,24.93,25.02,24.93,25.02,25.11,25.28,24.48,25.02,25.11,24.57,25.28,25.37,25.11,24.67,25.02,24.85,24.67,25.37,25.20,24.85,24.76,25.11,24.93,25.02,24.29,25.02,25.02,24.93,25.02,25.11,25.11,25.11,25.02,25.02,24.93,24.76,24.76,24.93,24.93,24.93,24.76,24.85,24.85,24.93,24.57,24.67,25.11,25.02,24.93,25.37,24.93,24.85,25.20,24.93,25.02,24.85,25.37,25.02,25.11,25.20,24.93,25.11,25.02,24.93,24.93,24.93,24.67,25.20,24.85,25.02,24.67,24.76,24.57,24.57,25.20,24.93,24.93,24.76,25.02,24.57,24.93,24.76,24.76,24.85,24.57,25.11,25.02,25.02,24.76,24.76,25.20,24.76,24.67,24.85,24.76,25.02,24.85,24.57,24.57,24.85,24.76,24.93,25.02,24.67,24.67,24.67,24.39,25.11,24.85,24.76,24.39,24.57,24.57,25.28,24.85,25.28,24.57,24.76,24.29,24.76,24.48,24.48,24.20,24.93,24.76,24.67,24.29,24.67,24.67,24.76,24.67,24.67,24.48,24.57,24.67,24.67,24.67,24.76,24.57,24.48,24.93,25.11,24.48,24.76,25.02,24.67,25.11,24.76,24.85,24.85,24.57,24.57,24.85,24.57,24.48,24.67,24.76,24.57,24.57,24.85,25.02,24.67,24.67,24.76,24.67,24.48,24.67,24.39,24.67,24.29,24.57,24.57,24.76
24.39,24.85,24.29,24.93,24.85,24.93,24.57,24.93,24.57,24.67,24.48,24.85,24.29,25.11,24.85,24.76,24.20,24.29,24.67,24.57,24.76,24.20,24.29,24.85,24.48,24.29,24.67,24.67,24.57,24.85,24.76,24.93,24.48,24.57,24.67,24.57,24.93,24.57,24.67,24.76,25.20,24.93,24.85,24.57,24.48,24.85,24.67,24.76,24.67,25.02,25.37,25.02,24.85,25.20,25.02,24.57,25.20,24.85,24.67,24.67,24.67,24.67,24.67,24.93,24.57,24.67,24.93,24.67,24.29,24.67,24.85,24.67,24.93,25.11,24.93,25.11,24.76,25.02,25.37,24.76,25.02,25.20,25.11,24.93,25.02,25.02,24.76,24.67,24.85,24.39,24.85,25.02,24.85,25.02,24.48,25.02,25.02,24.67,25.20,24.67,24.85,24.67,24.93,25.02,24.67,24.76,24.48,24.67,25.11,25.02,24.67,25.02,25.02,24.48,24.93,24.76,24.67,24.57,24.76,24.85,25.28,25.02,24.93,25.11,24.93,24.57,24.67,25.63,25.02,24.93,24.85,25.11,25.20,25.20,24.85,25.02,24.93,24.85,25.20,25.02,24.93,24.93,25.11,24.93,25.02,25.02,24.85,25.11,24.67,24.76,24.85,25.02,24.85,25.11,25.02,24.85,24.85,24.93,24.67,24.76,24.76,25.02,24.93,24.93,25.11,24.67,25.02,25.11,25.20,24.93,25.02,25.02,25.28,25.11,24.93,24.85,24.93,25.28,24.85,25.46,24.85,25.28,25.02,24.57,24.93,25.11,24.93,25.11,24.67,25.20,25.37,25.11,25.02,25.02,25.28,25.11,25.37,25.28,25.11,25.11,24.93,25.28,25.63,25.11,25.81,25.37,25.55,25.63,25.28,25.20,24.85,24.93,24.85,25.02,25.11,25.11,24.76,25.28,24.76,24.93,25.28,25.02,24.85,24.93,25.02,25.20,25.28,24.85,25.02,24.76,25.37,24.93,25.20,25.02,25.02,25.11,24.76,24.93,24.93,24.48,24.76,24.93,24.76,25.02,24.67,24.85,25.02,24.76,24.93,24.85,24.93,24.85,24.93,24.76,25.02,24.85,24.93,24.76,24.76,24.76,24.76,25.02,24.85,25.02,24.76,24.93,25.02,24.93,25.02,25.02,25.20,25.20,24.93,25.02,24.57,25.11,25.11,24.85,24.85,24.67,25.28,25.02,24.93,24.85,24.67,25.02,24.76,24.48,24.93,24.57,24.76,24.93,24.76,25.11,24.57,24.48,24.57,24.85,24.67,24.93,24.67,24.85,24.85,24.76,25.02,24.39,25.02,24.93,24.76,25.02,24.39,25.37,25.11,24.93,24.57,24.67,24.48,24.67,24.29,24.93,24.57,25.02,24.67,24.48,24.57,24.57,24.39,24.76,24.67,24.93,24.39,24.93,24.39,24.48,24.85,24.39,24.67,24.48,24.57,24.76,24.20,24.76,24.39,24.67,24.29,25.11,24.93,24.76,25.11,24.67,24.48,25.20,25.20,24.57,24.39,24.48,25.02,24.39,24.85,24.29,24.48,24.48,24.57,24.76,24.39,24.20,24.76,24.39,24.57,24.48,24.67,24.57,24.85,24.76,24.76,24.57,24.93,24.57,24.57,24.57,24.93,24.67
24.67,24.48,24.57,24.20,24.39,24.85,24.85,24.48,24.93,24.39,24.93,24.11,24.29,24.85,24.76,24.76,24.67,24.48,24.39,24.20,24.67,24.48,24.76,24.93,25.02,25.02,24.57,24.57,24.93,25.02,24.57,24.85,24.93,25.11,24.67,24.48,24.76,24.76,24.67,24.29,24.48,24.67,24.93,24.57,24.85,24.76,24.11,24.29,24.85,24.48,24.85,24.85,24.93,24.48,25.02,24.48,24.48,24.85,24.93,24.20,24.57,24.76,24.39,25.02,24.76,24.76,24.76,24.39,24.57,24.48,24.57,24.57,25.20,24.48,24.20,25.02,24.57,24.67,24.67,24.85,24.76,24.76,25.02,24.85,24.57,24.57,24.93,25.11,24.67,24.76,24.76,24.48,24.93,24.67,25.20,25.11,24.76,24.85,24.39,24.57,25.11,24.29,24.76,24.39,24.85,24.93,24.29,24.85,24.39,24.39,24.67,24.93,25.11,25.20,25.20,24.48,24.57,24.93,24.48,24.85,24.85,24.67,24.76,24.67,24.93,24.93,25.11,24.57,24.48,24.48,24.93,24.76,24.39,24.85,25.11,25.02,24.76,25.11,24.67,25.20,24.76,24.76,25.02,25.02,25.11,24.76,24.48,24.76,24.67,24.76,25.02,24.76,24.76,25.02,24.93,24.85,24.48,24.76,24.85,24.93,24.67,25.02,24.76,25.20,24.93,24.93,25.11,24.85,24.85,24.93,24.93,25.20,25.11,25.02,25.11,25.02,24.93,24.67,25.02,24.85,25.11,25.02,24.93,25.28,24.67,24.76,25.02,25.37,25.20,24.76,25.37,24.93,25.28,24.67,25.37,25.46,24.93,25.02,24.85,25.11,25.46,25.11,25.28,25.37,25.55,24.93,25.55,25.28,25.28,25.11,25.37,24.93,25.02,25.37,24.93,25.11,25.63,24.67,25.11,24.93,25.28,25.02,25.02,24.85,24.67,24.85,24.67,24.48,24.76,25.28,24.93,24.85,25.02,24.76,24.67,25.20,24.93,24.85,24.85,24.85,24.67,24.67,24.93,24.76,24.67,25.02,24.57,25.02,24.29,24.39,24.85,24.67,24.85,24.93,24.76,24.57,24.76,25.11,24.76,24.93,24.85,24.93,25.02,24.93,25.02,24.93,24.48,24.85,24.57,24.93,24.85,24.67,24.67,24.85,24.93,24.85,24.29,25.20,24.67,24.93,24.57,25.02,24.76,24.67,24.85,25.02,24.67,24.93,24.67,24.85,24.48,24.57,24.57,24.85,24.57,24.39,24.85,24.48,24.39,24.48,24.85,25.02,24.57,24.67,24.93,24.76,24.39,24.85,24.57,24.57,25.02,24.39,24.48,24.76,24.76,25.02,24.57,25.20,24.85,24.67,24.76,24.67,24.67,24.39,24.67,24.57,25.02,24.76,24.93,25.11,24.57,24.39,24.57,25.28,24.57,24.48,24.48,24.57,24.57,24.85,24.57,24.67,24.67,25.11,24.39,24.93,24.76,24.85,24.57,24.57,24.48,24.20,24.29,24.67,24.39,24.93,24.67,24.67,24.57,24.48,24.57,24.85,24.85,24.57,24.67,25.20,24.76,24.48,25.11,24.67,24.67,24.67,25.11,24.57,24.93,24.93,24.57,24.20,24.76,24.39,24.48,24.48
24.39,24.93,24.48,24.48,24.11,24.85,24.29,24.93,24.67,24.48,25.02,24.57,24.67,24.57,24.76,24.48,24.11,25.02,24.67,24.20,24.29,24.67,24.76,24.57,24.76,24.76,24.29,25.11,24.48,24.76,24.76,24.11,24.39,24.93,24.67,24.76,24.57,24.76,24.85,25.20,24.48,24.29,24.57,24.76,24.93,24.67,24.67,24.20,24.76,24.57,24.85,24.48,24.76,24.85,25.02,24.76,24.48,24.20,24.67,24.67,24.29,24.85,24.57,24.76,25.02,24.39,24.57,24.76,25.02,24.67,24.67,24.93,24.85,24.85,24.76,24.76,24.67,24.39,24.85,24.57,24.67,25.02,24.85,24.85,24.57,24.67,24.67,24.57,24.48,25.02,25.02,24.67,24.85,24.67,24.85,25.11,24.67,24.57,24.93,24.57,24.85,25.02,24.57,24.76,24.57,24.29,24.93,24.67,25.11,25.02,24.57,24.76,24.93,24.57,25.20,24.93,24.57,24.67,24.76,24.67,25.02,24.67,24.85,24.67,24.85,24.85,24.85,25.11,25.20,24.76,24.76,24.85,24.57,24.67,24.76,24.57,24.76,25.11,24.93,24.67,24.93,24.57,24.93,25.28,24.67,24.76,25.02,24.76,25.20,24.48,25.02,24.93,24.85,25.02,24.85,24.93,24.48,25.02,24.67,25.11,24.76,25.02,25.02,24.57,25.11,24.76,25.02,25.02,24.85,25.11,24.85,24.85,25.02,24.85,25.46,25.11,25.02,25.20,25.02,25.20,25.02,24.85,25.02,25.02,24.67,24.93,25.11,24.93,24.76,25.28,25.46,25.28,24.67,25.20,24.93,25.46,25.28,25.11,25.11,25.63,25.46,25.28,25.72,25.63,25.72,24.93,25.46,25.55,25.46,24.85,25.02,25.28,25.55,25.02,25.11,25.02,25.20,25.37,24.76,25.02,25.02,24.93,24.76,25.37,25.28,24.76,24.76,24.85,24.93,25.11,25.20,25.11,24.76,24.93,24.93,24.48,24.85,24.85,24.76,24.67,24.93,25.02,24.85,24.76,24.93,24.76,24.93,24.76,24.76,24.67,24.76,25.11,24.93,25.28,24.76,25.02,24.85,24.76,24.93,24.76,24.57,25.02,25.02,24.93,24.85,24.76,25.11,25.20,24.93,25.11,25.02,25.02,24.67,25.28,25.02,25.02,24.93,25.11,24.29,24.57,24.67,25.28,24.85,24.48,24.76,25.02,25.02,24.93,24.85,24.85,25.02,24.93,25.11,24.57,24.93,25.28,24.93,24.93,24.39,24.57,24.67,24.76,25.02,24.57,24.67,24.93,24.93,24.85,24.57,24.93,24.39,24.67,25.20,25.02,24.85,24.93,24.11,24.67,24.76,24.29,24.76,24.57,24.85,25.11,24.67,24.85,24.48,25.20,25.02,24.67,24.57,24.57,24.76,24.48,24.76,24.85,24.67,24.67,25.02,24.48,24.39,24.48,24.48,24.57,24.48,24.67,24.57,25.11,24.57,24.67,24.39,24.76,24.57,24.93,24.76,24.76,24.57,24.76,24.85,24.67,24.67,24.39,24.29,24.48,24.67,24.67,24.48,24.48,24.76,25.02,24.48,24.85,24.48,24.57,25.28,25.02,24.76,24.76,24.48,24.39,24.48,24.29
24.48,24.39,24.85,24.48,24.67,24.57,24.76,24.93,24.67,24.67,24.67,24.76,24.67,24.48,24.48,24.85,24.76,24.57,24.67,24.57,24.85,24.76,24.76,24.85,24.48,24.57,24.67,24.57,24.57,24.67,24.11,24.57,24.11,24.85,24.57,24.48,24.29,23.83,24.29,24.76,25.02,24.85,24.48,24.67,24.57,24.48,24.57,24.57,24.67,24.85,24.76,24.67,24.76,25.20,24.57,24.57,25.20,24.57,24.85,24.93,24.76,24.85,24.57,24.57,24.57,25.20,24.67,24.93,24.48,24.76,24.48,25.02,24.76,24.57,24.93,24.67,24.67,24.93,24.67,24.57,24.57,24.67,24.67,24.85,24.39,24.67,24.67,24.20,25.02,25.11,24.67,24.85,25.02,24.57,24.76,24.85,24.76,25.11,24.39,24.39,24.76,24.67,24.57,24.48,25.02,24.76,24.85,25.02,24.67,24.67,24.57,25.11,24.20,24.93,24.85,25.02,25.11,24.85,25.02,25.02,24.76,24.93,25.02,24.76,25.02,24.85,25.02,24.85,24.57,24.76,25.02,25.02,25.20,25.02,25.20,25.11,25.11,24.93,25.20,24.93,24.76,24.93,24.57,24.76,25.11,24.76,24.93,24.85,24.76,24.85,24.85,24.93,25.11,24.67,24.85,25.11,25.46,24.85,24.67,25.11,24.67,24.93,24.48,25.11,25.11,24.67,24.57,25.20,24.76,24.93,25.02,25.02,24.48,25.02,24.93,25.11,25.20,24.76,25.37,25.37,24.76,25.11,25.46,25.37,25.37,25.02,25.37,24.57,25.37,25.37,25.11,25.02,25.11,24.85,25.37,25.02,25.37,25.55,25.37,25.11,25.55,24.93,25.72,25.02,25.55,25.63,25.37,25.81,25.63,25.37,25.11,24.93,25.28,25.46,24.85,25.02,24.93,25.02,24.93,25.11,24.85,25.28,24.67,24.76,24.93,24.85,25.02,24.93,25.20,24.93,24.67,25.11,24.93,24.57,24.85,25.02,24.93,24.48,24.93,25.11,24.93,24.93,24.85,24.48,25.11,24.93,25.28,25.28,25.02,24.85,24.85,25.02,24.57,24.85,25.37,24.76,24.57,24.93,24.76,24.93,25.02,24.76,24.93,24.93,24.85,25.02,25.20,24.76,24.85,24.93,24.48,24.57,24.85,24.57,24.20,25.02,25.20,24.85,24.57,24.85,24.93,24.93,24.76,25.28,24.39,24.85,24.48,24.93,24.76,25.11,24.39,24.93,24.93,24.93,25.02,25.02,25.11,24.67,24.93,25.02,25.02,24.29,24.85,24.48,25.02,24.57,24.93,24.67,25.02,24.67,24.67,24.57,24.67,24.76,24.76,25.11,24.67,25.11,24.85,24.76,24.48,24.67,24.85,24.39,24.67,25.20,24.57,24.48,24.93,24.76,25.11,24.76,24.48,25.02,24.76,24.76,24.57,24.67,24.93,24.93,24.67,24.76,24.76,24.85,24.85,24.48,24.57,24.76,24.67,24.39,24.48,24.67,24.67,24.76,24.57,24.48,24.67,24.20,24.76,24.39,25.02,25.02,24.39,24.57,24.57,24.48,24.48,24.39,24.67,24.48,24.85,24.67,24.39,24.20,25.02,24.48,24.57,24.67,24.67,24.29,24.48,24.39
24.39,24.93,24.39,24.48,24.57,24.76,24.39,25.02,25.02,24.76,24.57,24.67,24.39,24.48,24.39,24.93,24.85,24.57,24.01,24.76,24.76,24.57,24.85,24.67,24.67,24.67,24.67,25.02,24.48,24.85,24.20,24.48,24.67,24.76,24.93,24.57,24.85,24.57,24.76,24.48,24.93,24.76,24.57,24.20,24.67,24.39,24.76,24.76,24.85,24.85,24.57,24.67,24.85,24.93,24.76,24.76,24.48,24.29,24.93,25.20,24.67,24.48,24.48,24.93,25.02,24.57,24.93,24.76,24.48,24.76,24.39,24.48,25.11,24.76,24.85,24.93,24.76,24.48,24.57,24.76,24.76,24.93,24.39,24.67,24.67,25.28,24.48,25.11,25.11,24.48,24.76,24.85,24.93,24.76,25.11,24.67,24.93,24.85,25.02,25.11,24.76,24.76,24.67,24.76,24.57,24.93,24.76,25.11,24.57,24.20,25.02,24.67,24.48,24.85,25.02,24.76,25.02,24.67,24.76,25.28,25.02,25.02,25.02,25.46,25.11,25.55,24.93,24.93,25.02,25.11,24.76,24.57,24.85,25.02,24.76,24.85,24.85,24.67,24.76,25.20,24.76,24.67,24.93,24.93,25.02,25.37,24.85,24.85,24.76,25.28,25.02,25.11,24.93,24.85,25.02,24.76,24.57,24.85,25.11,24.67,24.93,25.46,25.02,25.02,25.02,24.85,24.76,25.20,25.20,24.57,25.02,25.02,24.93,25.02,25.02,25.02,24.85,25.20,24.93,24.76,25.02,24.76,25.02,25.02,25.28,25.02,25.20,24.93,24.93,25.37,24.93,25.20,24.93,24.93,25.11,25.28,25.37,25.46,25.28,25.28,25.37,25.20,25.55,25.63,25.37,25.28,25.28,25.20,25.46,25.28,24.76,25.02,25.28,24.67,25.20,25.11,25.20,25.20,24.85,25.28,25.46,25.28,24.85,25.20,24.93,24.93,24.76,24.57,25.55,25.02,25.20,25.02,25.02,24.76,24.93,24.93,24.93,24.76,24.76,24.85,24.67,24.39,24.93,24.85,25.11,24.48,24.85,24.93,24.76,25.02,24.93,24.57,24.85,24.57,25.02,24.57,24.39,24.76,24.76,25.02,24.85,25.02,25.02,24.76,24.85,25.28,25.20,24.85,24.85,25.02,24.93,25.02,25.02,24.76,24.85,24.48,24.67,24.57,24.76,24.85,24.76,24.48,24.48,24.76,25.11,24.93,24.85,24.57,24.57,24.93,24.93,24.67,25.11,24.76,24.85,25.02,24.67,25.02,24.67,24.67,24.93,24.67,25.11,24.67,24.57,24.76,24.67,24.93,24.67,24.39,24.57,24.48,24.48,24.67,25.02,24.93,24.39,24.48,24.29,24.93,24.57,24.11,25.02,24.76,25.02,24.57,24.48,24.67,24.57,25.02,24.76,24.48,24.67,24.85,24.48,24.57,24.76,24.57,24.85,24.67,24.57,24.11,24.93,24.67,24.29,25.11,24.57,25.02,24.85,24.85,24.39,24.29,24.48,24.57,24.76,24.48,24.67,24.67,24.57,25.02,24.67,25.02,24.93,25.11,24.76,24.85,24.29,25.02,24.67,25.11,24.93,24.57,24.67,24.57,24.85,25.02,24.67,24.39,24.67,25.02,24.57,24.48
24.48,24.20,24.48,24.39,24.57,24.20,24.85,24.67,24.29,24.67,24.93,24.85,24.57,24.76,24.48,24.76,24.93,24.93,24.39,24.48,24.29,24.85,24.48,24.67,24.93,24.48,24.48,24.20,24.57,24.57,24.85,24.76,24.48,24.85,24.57,24.39,24.57,24.76,24.57,24.67,24.57,24.67,24.76,24.11,24.57,25.02,24.67,24.67,24.76,24.76,24.39,25.28,24.67,24.76,24.67,24.67,24.67,24.29,25.11,24.57,24.76,24.76,24.29,24.93,24.76,24.85,24.57,24.76,24.93,24.67,24.67,24.39,24.67,24.85,24.39,25.11,24.76,24.93,24.85,24.48,24.57,24.39,24.76,24.57,24.39,24.67,24.57,24.57,24.76,24.29,24.57,24.76,25.11,24.76,25.11,25.11,24.57,24.48,25.11,24.93,24.48,24.93,24.67,25.02,25.02,25.11,24.85,24.20,24.93,24.29,24.76,24.67,24.67,24.93,24.85,24.76,24.85,24.48,24.85,24.57,24.93,24.93,24.93,24.93,24.93,24.93,24.67,25.28,24.85,25.11,24.93,25.11,25.11,25.11,25.11,24.93,24.85,24.93,24.85,24.85,24.57,24.67,25.02,25.02,25.11,24.39,25.11,24.48,25.02,24.93,24.85,25.11,25.11,25.02,24.93,24.85,24.85,25.02,24.76,24.85,24.93,25.11,24.67,24.76,25.20,24.76,24.93,24.57,25.20,24.85,24.93,24.93,24.76,25.02,25.02,24.85,24.85,25.11,24.85,24.85,25.11,25.11,24.93,25.11,24.76,25.02,25.20,25.11,25.02,25.20,25.11,25.20,25.02,24.93,25.28,25.37,24.93,25.46,25.55,25.37,25.46,25.63,25.46,25.28,25.37,25.37,25.55,25.11,25.46,25.55,24.85,25.37,24.85,25.02,25.28,24.85,25.28,25.28,25.02,25.02,25.28,24.76,25.46,24.93,25.20,24.67,25.11,25.28,25.11,24.76,24.76,24.76,24.76,25.11,24.57,25.02,24.76,24.85,24.85,24.76,24.67,24.76,24.93,25.02,25.37,25.11,25.28,24.76,25.02,24.39,24.67,24.93,24.93,25.02,25.28,24.57,24.85,24.85,24.76,24.39,25.11,24.76,25.11,25.20,24.85,24.67,24.67,24.85,24.85,24.57,24.67,24.57,24.39,25.02,24.85,25.02,24.67,24.76,24.57,24.29,24.93,24.57,24.67,25.20,24.93,24.48,24.57,25.11,24.93,24.85,24.48,24.57,24.76,24.67,24.93,25.11,25.02,24.85,25.02,24.67,24.93,25.02,25.02,25.11,24.67,24.93,24.93,24.39,24.67,24.93,24.57,24.93,24.85,24.85,25.11,24.29,25.20,24.48,24.93,25.20,24.57,24.76,24.76,24.85,24.93,24.39,24.93,24.48,24.57,24.57,24.57,24.67,24.67,24.76,24.57,24.76,25.02,24.29,24.39,25.11,24.93,24.57,24.85,24.67,24.85,24.85,24.57,24.67,25.02,25.11,24.93,24.48,25.02,24.67,24.20,24.39,25.02,25.11,25.11,24.57,24.48,24.67,24.76,24.48,24.57,24.93,24.48,24.48,24.57,24.85,24.85,24.57,24.76,24.93,24.67,24.57,25.11,24.39,24.85,24.57,24.39,24.39
24.85,24.48,24.76,24.20,24.39,24.57,24.57,24.39,24.29,24.76,24.39,24.29,25.02,24.39,24.11,24.57,25.02,24.29,24.57,24.57,25.20,24.93,24.85,24.48,24.67,24.67,24.85,24.57,24.57,24.57,24.48,24.76,24.29,24.57,24.76,24.85,24.76,24.85,24.76,24.57,24.57,24.29,24.67,24.76,24.85,24.29,24.85,24.67,24.29,24.67,24.48,25.20,24.67,24.48,24.85,24.93,24.57,24.57,25.02,24.67,24.67,24.57,25.20,24.67,24.57,24.67,24.57,24.85,24.48,24.93,24.57,24.93,24.57,24.85,24.85,24.85,24.93,25.02,24.48,24.85,24.48,24.67,24.57,24.67,24.67,24.76,24.76,24.85,24.76,24.57,25.02,24.48,24.57,24.67,24.93,25.02,24.48,24.93,24.67,24.93,24.39,24.57,24.67,25.20,24.93,24.67,24.67,25.02,25.02,24.76,24.57,24.85,24.93,24.85,24.67,24.85,24.93,24.93,24.48,24.93,24.67,24.39,24.57,25.11,24.85,24.57,25.28,24.39,25.11,24.76,24.93,24.57,25.20,24.76,24.67,25.02,24.93,25.28,24.93,24.85,25.02,24.85,25.11,24.48,24.76,25.11,24.67,25.02,24.93,24.93,25.11,25.02,25.02,24.85,25.46,25.11,24.57,24.93,24.67,24.93,24.76,24.93,24.67,25.02,24.93,24.85,25.55,24.76,25.11,25.02,24.93,25.11,25.37,25.02,24.93,25.11,24.76,25.02,25.02,25.37,25.37,24.93,25.11,24.85,25.20,24.93,25.37,25.11,25.28,25.02,25.02,25.11,25.46,25.28,25.20,25.46,25.28,25.46,25.11,25.37,25.55,25.46,25.37,25.81,25.55,25.81,25.20,25.02,24.85,25.02,25.37,24.93,25.55,24.85,25.02,25.28,24.67,25.46,25.11,25.28,24.57,24.76,24.85,25.02,24.76,24.85,24.57,24.93,24.76,25.02,24.85,24.93,24.76,24.57,24.93,24.85,25.11,24.57,24.57,24.85,24.93,24.76,24.57,24.85,25.20,24.85,25.02,25.11,24.57,24.93,24.85,24.76,25.55,24.93,24.76,24.76,25.02,25.11,24.76,25.02,24.93,24.85,24.85,24.85,25.02,24.93,25.02,24.57,24.85,25.02,25.02,24.57,24.93,25.11,25.02,25.11,25.02,24.57,25.02,25.02,24.67,25.20,24.67,24.57,24.85,25.28,24.67,25.20,25.02,24.85,24.93,25.11,25.28,24.85,24.93,24.93,24.85,25.02,24.67,25.20,25.02,25.28,24.76,24.85,24.57,25.11,25.20,24.93,24.57,24.85,25.02,24.85,25.02,24.57,25.11,24.48,24.48,24.57,25.20,24.48,24.48,24.39,24.57,24.85,24.76,24.67,24.85,24.67,24.67,24.93,24.57,24.39,25.11,24.85,24.67,24.76,24.76,25.11,24.57,24.76,24.76,24.67,24.39,24.39,24.57,24.57,24.76,24.67,24.85,24.20,24.93,24.48,24.67,24.67,24.48,24.39,24.85,24.57,24.57,25.11,24.39,24.93,24.29,24.57,24.67,24.48,24.57,24.93,24.85,24.67,24.76,24.67,24.57,25.02,24.48,24.29,24.39,25.02,24.29,24.39,24.76,24.67
24.67,24.39,25.02,24.48,24.48,24.85,25.20,24.57,25.02,24.48,24.76,24.76,24.93,24.20,24.48,24.39,24.85,24.67,24.39,24.20,24.67,24.39,24.93,24.67,24.85,24.29,24.29,24.93,24.76,24.76,24.85,24.67,24.48,24.67,24.76,24.76,24.67,24.67,24.48,24.67,24.48,24.57,25.28,24.67,24.57,24.67,24.93,24.57,24.57,24.48,24.67,24.85,24.57,24.48,25.02,24.48,24.57,24.93,24.20,24.85,24.85,24.67,24.57,24.67,24.20,24.67,24.67,24.76,24.76,24.67,24.57,24.39,24.57,24.85,24.67,24.48,24.67,24.76,24.76,25.20,24.48,24.57,24.85,24.48,24.67,24.57,24.48,24.76,25.02,24.93,24.57,24.48,24.67,24.76,24.67,24.76,24.39,24.67,25.02,25.20,24.76,25.11,25.02,24.57,25.02,25.11,24.48,25.11,24.48,24.93,24.67,24.93,24.57,24.93,25.20,24.57,25.02,24.85,24.67,25.11,24.48,24.93,24.48,25.11,24.67,24.76,24.57,24.85,25.28,24.67,24.76,24.85,24.76,25.02,24.93,25.28,24.85,24.93,24.85,24.57,24.93,24.76,25.20,24.57,24.76,25.28,25.02,24.85,24.76,24.76,24.67,24.85,24.67,24.76,24.76,24.93,24.85,24.85,24.76,24.67,24.93,24.67,24.29,24.67,25.37,24.76,25.11,24.11,24.85,24.48,24.85,24.57,24.76,25.02,24.85,25.37,25.11,24.93,24.93,25.28,24.76,25.28,24.76,25.20,24.93,24.85,24.76,25.46,25.20,25.02,24.93,25.20,24.85,25.63,25.28,25.28,25.37,25.20,25.46,25.37,25.37,25.20,25.46,25.28,25.37,25.55,25.46,25.20,25.11,25.46,25.28,25.46,25.20,25.11,24.67,25.37,25.28,25.02,25.20,24.76,25.11,25.11,25.02,25.20,25.11,24.48,24.93,25.02,24.76,24.76,24.76,25.46,24.93,24.93,24.67,25.20,24.48,24.76,24.93,24.76,24.85,24.57,24.93,24.57,25.02,25.02,25.11,24.67,25.11,25.02,24.85,24.85,25.02,25.28,24.85,24.85,24.93,25.02,25.20,24.93,24.85,25.11,24.93,25.20,25.02,25.20,24.76,25.11,24.85,24.93,24.93,24.67,24.93,24.93,24.76,24.76,24.93,24.93,24.67,24.85,24.57,25.02,24.93,24.48,24.93,24.76,24.93,24.93,24.85,24.57,24.76,24.93,24.85,25.11,24.85,24.48,25.02,24.85,24.48,25.11,24.57,24.85,24.67,24.93,24.85,24.93,24.93,24.85,25.28,24.57,24.85,24.39,24.67,24.76,24.93,24.76,24.67,24.67,24.76,24.67,24.85,24.93,25.11,24.57,24.67,24.76,24.39,24.93,24.85,24.57,25.02,24.76,24.93,24.57,24.76,24.85,24.85,24.93,24.76,24.67,24.85,24.67,24.67,24.57,24.93,25.11,24.76,25.11,24.76,24.67,24.67,24.93,24.76,25.02,24.29,24.29,24.67,24.93,24.67,24.67,24.48,24.76,24.57,24.67,24.57,24.48,24.85,24.57,24.76,25.02,24.29,24.48,24.48,24.67,24.67,24.76,24.67,24.48,24.48,24.76,24.76,24.76
24.67,24.67,24.20,24.67,24.11,24.57,24.67,24.48,24.76,24.48,24.67,24.67,24.20,24.29,24.57,25.02,24.85,24.67,24.93,24.57,24.57,24.76,24.39,24.76,24.85,24.76,24.93,24.85,24.67,25.11,24.85,24.85,24.85,24.67,24.39,24.57,24.39,24.76,24.67,24.85,25.20,24.76,24.67,24.57,25.11,24.93,24.29,24.93,25.20,24.67,24.93,24.57,24.67,24.67,24.39,25.11,24.67,24.85,24.85,24.93,24.57,24.85,24.57,24.85,24.67,25.02,24.76,24.85,24.48,24.76,24.85,24.67,24.48,24.67,24.85,24.39,24.57,24.57,24.67,24.76,24.48,24.39,24.57,24.67,24.76,24.85,24.85,25.11,25.11,24.67,24.57,24.57,24.85,24.93,24.48,24.76,24.67,25.02,24.48,24.57,24.76,25.02,24.76,24.85,24.57,24.57,24.85,24.76,25.11,24.67,24.57,25.02,24.85,24.93,24.85,24.93,24.85,25.11,24.67,24.76,24.93,25.02,24.76,25.02,24.76,25.20,24.85,24.76,25.11,24.85,24.85,25.28,25.02,24.93,24.85,25.11,24.67,24.85,24.76,25.11,24.93,24.93,24.57,24.93,24.67,25.37,25.37,25.28,24.85,24.85,24.76,24.76,24.11,24.76,25.28,25.20,25.11,24.76,24.93,24.76,25.02,25.28,25.02,25.37,25.37,25.11,24.67,24.85,24.93,25.02,25.11,24.93,24.57,25.28,24.85,24.93,25.02,25.28,25.55,25.11,25.02,24.93,25.20,25.02,24.93,25.28,25.46,25.28,25.11,25.11,25.37,25.37,25.11,25.63,25.37,25.02,25.20,24.85,24.85,25.63,25.63,25.55,25.11,25.37,25.63,25.02,25.46,25.37,25.46,25.11,25.28,25.37,25.37,25.02,25.46,25.20,25.11,25.28,24.76,24.93,25.28,25.02,24.85,25.11,25.37,25.20,25.11,24.85,24.93,24.93,24.93,24.85,24.85,24.85,24.85,24.67,24.85,25.11,25.02,24.76,24.48,25.11,25.02,25.20,24.67,24.67,25.11,24.76,25.20,24.76,24.93,25.20,24.67,25.11,24.67,24.76,25.20,24.93,25.20,24.85,25.11,25.02,24.76,24.29,24.76,24.39,24.67,24.93,25.20,24.93,25.11,24.93,24.57,24.93,24.85,24.93,24.57,24.85,25.02,24.85,24.93,24.93,24.67,25.02,25.20,24.93,24.67,24.93,25.20,24.57,24.76,24.57,25.20,24.93,24.85,24.76,24.67,24.57,24.76,25.02,24.93,24.85,25.20,24.93,24.85,24.57,25.20,24.57,25.02,25.11,24.93,24.48,25.11,24.76,24.29,24.85,24.39,24.39,24.48,24.20,24.76,24.67,24.57,24.67,24.57,24.67,24.85,24.29,25.02,24.57,24.76,24.48,24.67,24.67,24.48,24.39,24.57,24.85,24.67,24.93,24.76,25.11,25.20,24.85,24.76,24.39,24.76,24.76,25.11,24.67,24.76,24.39,24.48,24.85,24.48,25.02,25.20,25.20,24.85,24.76,24.76,25.20,24.48,24.29,24.67,24.76,24.57,24.48,24.67,24.67,24.76,24.57,24.67,24.57,24.67,24.93,25.11,24.85,24.85,24.39,24.67,24.48
24.93,24.29,24.76,24.29,24.76,24.11,24.85,24.39,24.29,25.20,24.48,24.29,24.48,24.48,24.29,24.20,24.29,24.29,24.57,24.48,24.39,24.01,24.48,24.39,24.57,24.67,24.85,24.29,24.76,24.76,24.76,24.67,24.48,24.57,24.29,24.76,24.39,24.29,24.67,24.85,24.57,24.76,24.48,24.85,24.20,24.67,24.29,24.20,24.57,24.85,24.11,24.85,24.57,24.76,24.57,24.57,24.39,24.85,24.67,24.85,24.67,24.93,24.57,24.67,25.02,24.67,24.39,24.85,24.76,24.48,25.02,24.85,24.76,25.20,24.39,24.48,24.76,24.57,24.57,24.76,24.67,24.67,24.93,24.76,24.67,24.67,24.39,24.67,24.93,24.67,24.67,24.01,24.93,24.29,24.93,24.67,25.11,24.67,24.76,24.85,24.85,24.57,24.57,25.02,25.11,24.76,24.57,24.85,24.67,24.48,24.29,24.48,24.93,24.93,24.57,24.85,25.02,24.85,24.57,24.85,24.57,24.57,24.76,25.11,24.85,25.20,24.57,24.67,24.85,24.48,24.48,24.57,24.85,25.11,25.11,24.76,25.11,24.76,24.93,25.28,24.67,24.85,24.76,24.85,24.76,24.57,25.11,24.85,24.93,24.76,25.28,25.37,24.76,25.02,24.93,24.48,24.67,24.85,25.11,25.11,24.85,24.93,24.48,24.85,25.20,25.02,24.67,24.76,25.02,24.93,24.93,25.11,24.67,25.02,25.20,25.02,24.67,25.46,25.20,25.20,24.85,25.28,25.02,25.11,24.93,25.02,25.28,25.11,24.76,24.93,25.28,24.76,25.02,25.11,25.11,25.02,25.20,24.93,25.63,25.02,25.28,25.63,25.81,25.63,25.37,25.55,25.37,25.37,25.37,25.46,25.46,25.28,25.11,24.48,24.93,24.93,25.02,25.20,25.37,24.93,25.02,24.93,25.28,24.76,25.02,24.76,24.76,25.37,25.11,24.76,24.85,24.85,24.85,24.93,25.02,24.93,24.76,25.02,25.02,24.93,25.02,24.85,24.93,24.85,24.76,25.02,24.93,24.39,24.67,25.11,24.39,24.57,24.76,24.67,24.67,25.02,24.76,25.02,25.02,24.85,25.11,24.29,24.93,25.02,24.85,25.02,25.02,24.48,24.85,25.02,24.57,24.93,25.02,24.93,24.57,25.20,24.57,24.67,24.85,24.48,24.93,24.57,24.57,24.93,25.28,24.67,24.57,24.67,24.85,24.57,24.67,25.11,24.57,24.76,24.29,24.57,24.93,24.93,24.93,25.02,24.67,25.11,25.20,24.93,24.76,24.67,24.85,24.57,24.93,24.85,24.85,24.85,24.48,24.57,24.76,24.39,24.11,24.39,25.02,25.11,24.85,24.57,24.57,24.57,24.39,25.11,24.85,24.48,24.85,24.57,24.39,24.93,24.67,24.93,24.93,24.85,25.20,24.48,24.85,24.57,24.67,24.93,24.57,24.85,24.48,24.76,25.02,24.76,24.85,24.57,24.76,24.76,24.48,24.57,24.67,24.57,24.48,24.57,24.48,24.29,24.67,24.57,24.85,24.85,24.57,24.48,24.57,24.39,24.76,24.29,24.39,24.57,24.57,24.76,24.67,24.48,24.67,24.39,24.67,24.48,24.48,24.93
24.48,24.76,24.48,24.48,24.39,24.76,24.67,24.85,24.57,24.01,24.67,24.67,24.67,24.76,24.48,24.57,24.57,24.20,24.67,24.39,24.29,25.11,24.76,24.85,24.39,24.57,24.85,24.67,24.76,24.76,24.67,24.93,24.67,24.29,24.67,24.67,24.48,24.67,24.57,24.76,24.11,24.67,24.93,24.76,24.67,24.48,24.76,24.85,24.57,24.67,24.93,24.85,24.93,24.57,24.67,24.67,24.85,24.57,24.85,24.93,24.39,24.76,24.48,24.48,25.02,24.48,24.76,24.76,24.76,24.93,24.76,24.76,25.20,25.11,24.67,24.67,24.48,24.67,24.85,24.85,25.02,25.20,25.11,25.20,24.67,24.85,24.76,24.85,24.93,24.67,24.76,24.85,24.48,24.57,24.67,24.93,24.39,24.48,24.48,25.02,25.02,24.57,25.11,24.57,25.28,25.20,24.76,25.28,25.02,24.48,25.11,25.11,25.02,24.93,24.85,24.93,24.93,24.93,24.85,25.02,24.85,24.93,24.85,25.11,24.48,25.11,24.93,24.93,25.02,24.85,24.67,25.11,24.48,24.76,24.85,24.76,24.57,25.02,24.67,25.20,25.02,24.67,24.67,25.20,24.76,24.67,24.67,25.02,24.93,24.93,25.02,25.20,24.93,25.11,25.20,24.93,25.02,24.85,24.76,25.11,25.02,25.02,25.02,24.85,24.76,24.93,25.11,24.85,24.76,24.76,24.93,25.11,25.20,25.37,25.46,25.02,24.93,24.93,25.02,25.46,25.20,24.93,24.85,25.28,25.11,25.37,24.85,24.76,24.76,24.93,25.02,24.93,25.37,25.46,25.28,25.63,24.76,25.28,25.28,25.37,25.46,25.37,25.63,25.55,25.46,25.20,25.63,25.55,25.63,25.20,25.28,25.28,25.46,25.28,25.02,25.02,25.11,25.20,25.02,24.85,25.11,24.76,25.20,24.93,24.85,25.20,24.85,25.37,25.02,24.85,24.85,25.02,24.85,24.93,25.02,24.76,24.67,24.93,24.76,24.76,24.20,24.57,24.93,24.57,24.85,24.85,25.28,25.02,24.76,25.02,25.11,24.85,24.39,25.11,25.02,24.67,24.93,24.76,24.67,24.93,24.93,24.93,25.11,25.02,25.02,25.02,24.76,25.02,24.67,24.93,24.93,25.20,24.85,24.85,24.67,24.85,24.76,25.02,24.57,24.93,25.02,25.02,24.93,24.67,25.20,24.85,24.67,24.93,24.76,24.48,25.11,25.46,24.48,24.85,25.11,25.11,24.57,24.76,24.67,24.85,24.85,25.20,25.02,25.02,24.85,25.20,24.85,24.67,24.67,25.11,24.67,24.93,24.67,24.67,24.57,24.76,24.57,25.11,24.67,24.57,24.76,25.02,24.85,24.93,24.76,25.02,25.02,24.57,24.76,24.57,24.85,24.76,24.57,24.48,24.57,24.76,24.67,24.48,24.85,24.85,24.85,24.57,24.76,24.29,24.67,24.67,24.67,24.67,24.67,24.76,24.48,24.48,24.39,24.76,24.57,24.48,25.11,24.93,24.39,24.76,24.39,24.76,24.57,24.39,24.48,24.93,24.93,24.57,24.93,24.48,24.39,24.85,24.48,24.29,24.57,24.76,24.57,24.85,24.48,24.85,24.57,24.48
24.93,24.29,25.11,24.93,24.85,24.48,24.57,24.39,24.76,24.39,24.76,24.57,24.11,24.20,24.57,24.85,24.39,24.76,24.76,24.67,24.67,24.29,24.76,24.57,24.20,24.01,24.57,24.67,24.48,24.20,24.48,24.39,24.67,24.93,24.76,24.93,25.02,24.48,24.57,24.85,24.57,24.76,24.85,24.29,24.67,24.76,24.67,24.57,24.48,24.67,24.48,24.85,24.57,24.85,24.67,24.67,24.29,24.67,25.11,24.85,24.48,24.76,24.48,24.57,24.67,24.76,24.85,24.57,24.67,24.57,24.39,24.48,24.85,24.48,24.67,24.85,24.93,24.76,24.57,24.76,24.48,24.93,24.85,24.57,24.76,24.67,25.02,24.76,24.85,24.67,24.57,24.67,24.93,25.02,25.02,25.20,24.39,24.93,24.67,24.93,24.85,24.67,24.67,24.48,24.93,25.02,24.57,24.57,24.57,24.48,24.57,24.93,24.93,24.85,25.02,24.67,24.57,24.85,25.02,24.93,24.76,24.93,24.39,24.48,25.02,24.67,24.57,25.02,25.02,24.85,24.76,24.76,24.67,25.11,25.20,25.20,24.29,24.76,24.67,24.48,24.67,24.67,25.11,25.20,25.11,25.11,24.93,25.11,24.85,25.02,24.48,24.67,24.76,24.93,24.76,24.85,25.02,24.85,25.28,24.93,25.02,24.85,24.76,24.76,25.46,25.02,25.37,25.11,25.02,24.93,25.11,24.93,25.11,25.28,24.85,24.76,25.02,25.11,24.93,24.93,25.02,24.93,24.76,24.93,25.28,24.93,25.20,25.11,25.11,25.28,25.28,25.02,25.11,25.63,25.20,25.28,25.02,25.28,25.37,25.63,25.55,25.81,25.72,25.55,25.55,25.72,25.37,25.55,25.11,25.37,24.93,24.85,25.37,25.20,24.93,25.20,24.93,25.11,25.37,24.85,25.28,24.76,24.85,24.93,25.37,24.67,25.11,24.76,25.02,24.93,24.93,24.67,25.11,24.76,24.85,25.02,24.57,24.85,25.11,25.02,24.93,24.76,25.02,25.20,24.48,24.93,24.85,24.57,24.85,25.11,24.57,25.02,25.55,24.67,24.76,25.37,24.57,24.85,24.57,24.67,24.67,25.37,25.02,24.85,24.85,25.37,24.76,25.02,24.67,24.39,24.76,25.02,24.93,24.85,24.67,25.02,25.02,24.67,24.85,24.85,24.57,24.93,24.29,24.67,25.20,24.57,24.67,24.85,24.85,24.29,24.76,24.85,24.93,24.67,24.76,24.76,24.57,25.11,24.85,24.93,24.76,24.85,24.48,24.67,24.76,25.02,25.20,24.85,24.93,24.57,24.48,24.57,24.93,25.11,24.57,24.67,24.93,24.76,25.11,24.76,24.93,24.93,24.93,25.28,24.93,24.29,25.02,24.67,24.57,24.85,25.02,24.76,24.57,24.93,24.85,25.02,24.76,24.48,24.93,24.85,24.67,25.02,24.76,24.67,25.11,24.93,24.85,24.57,25.02,24.93,24.76,24.67,25.02,24.85,24.76,24.48,24.76,24.76,24.39,24.93,24.67,24.48,24.76,24.57,24.76,24.57,24.57,24.85,24.48,24.76,24.67,24.57,24.67,24.57,24.76,24.57,24.57,24.67,24.76,24.85,24.57,24.67
24.48,24.93,24.48,24.76,24.93,24.39,24.57,24.67,24.67,24.76,24.29,24.85,24.76,24.48,24.48,24.48,24.01,24.11,24.76,24.76,24.76,24.67,24.67,24.85,24.67,24.93,24.76,24.67,24.57,24.76,24.01,24.48,24.76,24.67,24.67,24.57,24.57,25.02,24.67,24.85,24.67,24.76,24.67,24.57,24.85,24.76,24.67,25.55,24.76,24.29,24.76,24.93,24.76,24.57,24.76,24.76,24.85,24.57,24.93,24.85,24.76,24.48,24.57,24.93,24.85,24.67,24.85,24.93,24.67,24.67,25.20,25.11,24.76,25.20,24.67,24.93,24.48,25.02,24.67,25.02,25.11,24.85,24.57,25.11,24.76,24.57,25.20,24.67,25.20,24.85,25.02,25.02,25.11,24.39,24.85,24.39,24.93,25.02,24.29,24.67,24.57,25.02,25.11,24.93,24.67,24.57,24.57,24.57,24.85,24.93,24.93,25.02,24.93,24.93,24.67,25.11,24.67,25.11,24.85,24.57,25.11,24.57,25.28,24.85,24.67,25.11,25.02,25.02,25.11,24.39,24.85,24.76,24.48,24.67,25.02,24.76,24.57,25.11,24.85,24.93,25.20,24.76,24.93,25.11,24.48,24.85,24.67,24.67,24.57,24.85,24.85,25.02,25.11,24.76,25.20,24.76,24.93,24.93,24.93,25.11,24.85,25.11,24.67,25.20,25.20,25.11,25.28,24.93,25.02,25.02,24.76,24.85,24.85,25.02,24.93,24.85,25.11,25.11,25.28,24.85,24.85,25.11,25.02,25.02,24.93,25.20,25.28,25.02,24.85,25.28,25.11,25.20,25.02,25.37,25.55,25.02,25.28,25.37,25.46,25.37,25.55,25.37,25.55,25.46,25.63,25.46,25.55,25.55,25.55,25.63,24.93,25.20,25.28,25.37,25.02,24.93,24.93,24.76,25.37,25.28,25.11,25.46,24.93,25.11,25.37,25.11,24.76,24.76,25.02,24.76,24.93,25.55,25.11,24.93,25.02,24.76,24.76,25.55,24.93,25.28,24.76,25.11,24.85,24.93,25.02,24.85,24.67,24.76,25.28,25.11,24.57,25.11,24.76,24.57,25.02,24.93,25.28,25.20,25.28,25.02,25.20,25.02,24.48,24.93,25.02,25.20,24.76,24.76,24.93,24.93,25.02,24.67,25.02,24.76,24.85,25.11,24.76,25.02,24.85,25.11,24.85,25.11,24.67,24.93,24.93,24.93,24.39,24.48,24.57,25.20,24.93,24.76,24.57,24.67,24.57,24.93,25.11,24.57,24.85,25.20,24.67,25.02,24.85,24.76,24.67,25.20,24.57,25.11,24.57,24.76,24.93,24.48,24.93,24.85,24.76,24.57,24.93,24.67,24.76,25.11,24.93,24.85,24.76,24.76,24.67,24.67,24.67,24.85,24.85,24.57,24.67,24.85,24.67,24.57,25.11,24.76,24.48,24.93,24.93,25.20,24.85,24.67,24.76,25.11,24.57,24.67,25.02,24.85,24.48,24.67,24.48,24.57,24.57,24.67,24.67,24.29,24.57,24.29,24.67,24.67,24.85,24.57,25.02,24.48,25.20,24.48,24.48,24.57,24.67,24.57,24.48,24.48,24.85,24.57,24.57,24.85,24.85,24.67,25.02,24.57,24.93,24.48
24.67,24.39,24.67,24.93,24.48,24.93,24.57,24.57,24.76,24.76,24.85,24.48,24.39,24.29,24.76,24.67,24.67,24.67,24.76,24.76,24.57,24.67,24.57,24.57,24.76,24.67,24.57,24.76,24.76,24.67,24.67,24.76,24.29,24.76,24.76,24.39,24.67,24.48,24.20,24.29,24.67,24.85,24.67,24.39,24.57,24.39,24.48,24.76,24.48,24.57,24.48,24.67,24.76,24.93,24.93,25.11,24.76,24.57,24.11,24.57,24.76,24.29,25.02,24.48,24.57,24.57,24.85,24.48,25.02,24.67,25.02,24.93,24.67,24.76,24.76,25.02,24.85,24.39,24.67,24.85,24.76,24.67,24.93,24.67,25.02,25.11,24.48,25.11,24.48,24.76,24.57,25.02,24.76,24.85,24.57,25.11,24.67,24.57,24.67,24.85,24.76,25.20,24.93,24.76,24.67,24.85,24.57,24.67,24.67,25.02,25.02,24.85,24.57,24.76,24.57,24.93,24.93,25.20,24.85,25.02,24.57,24.93,24.76,24.93,24.85,24.39,24.48,24.93,24.93,24.67,25.11,24.57,24.85,25.11,24.76,24.85,24.85,24.93,24.85,24.85,24.85,24.93,25.02,25.02,24.85,25.02,24.85,24.85,25.11,24.85,25.02,24.76,24.85,24.76,24.85,24.93,25.02,24.93,25.02,25.28,25.11,25.02,24.85,24.67,24.76,25.20,25.46,24.85,24.93,25.28,25.11,25.11,25.28,24.76,25.28,25.11,24.85,25.02,24.85,25.02,25.02,25.37,25.20,24.76,25.20,25.20,24.93,25.02,25.02,25.28,25.20,25.46,25.11,25.63,25.63,25.37,25.02,25.37,25.37,25.37,25.55,25.72,25.63,25.63,25.55,25.46,25.63,25.72,25.72,25.20,24.85,25.37,25.46,25.37,25.28,25.28,24.93,25.20,25.11,25.55,24.85,24.57,24.76,24.67,24.93,24.85,25.11,24.57,25.11,25.02,24.85,24.93,24.76,25.02,24.93,24.85,24.67,24.76,25.11,24.85,24.57,24.93,24.48,24.48,25.28,24.85,24.85,24.85,24.93,24.85,24.85,24.48,25.02,25.20,25.11,25.20,24.76,24.85,24.85,24.76,25.28,25.11,24.85,24.67,24.67,25.11,24.85,25.02,24.93,25.20,24.93,24.93,25.20,25.02,24.76,24.93,25.11,24.93,25.02,25.02,24.93,24.93,24.48,24.67,25.02,24.85,24.76,24.85,24.67,25.02,24.76,24.48,25.11,25.02,25.11,25.02,24.57,24.93,25.20,24.48,24.93,25.20,24.67,24.57,24.76,25.11,24.67,25.11,25.02,24.93,24.67,24.85,24.85,24.48,24.57,24.93,24.76,25.11,24.93,25.02,24.76,25.02,24.76,24.67,24.93,25.02,24.67,25.11,24.48,24.76,24.76,25.02,24.67,24.67,24.76,24.76,24.76,24.67,25.11,24.48,24.57,24.85,24.39,24.48,24.39,24.67,24.48,24.57,24.67,24.67,24.76,24.67,24.67,24.85,24.67,24.57,24.76,24.39,24.48,24.48,24.57,24.76,24.57,25.02,24.93,24.39,24.48,24.67,24.57,24.48,24.85,24.57,24.57,24.67,24.57,24.57,24.76,24.76,24.67,24.76,24.93,24.48
24.57,24.48,24.85,24.20,24.93,24.57,24.29,24.76,24.48,25.02,24.93,24.29,24.48,24.67,25.02,24.93,24.67,24.48,24.67,24.29,24.29,24.57,24.67,24.67,25.02,24.67,24.85,24.01,24.67,24.85,24.67,24.76,24.76,24.76,25.02,24.76,24.85,24.67,24.57,24.76,24.76,24.76,24.67,24.93,24.57,24.67,24.57,24.76,24.57,24.57,24.76,24.67,24.76,24.57,24.85,24.93,24.76,24.57,24.85,24.76,24.39,24.67,24.57,24.67,24.93,24.57,24.57,24.85,25.02,24.76,24.57,24.76,24.57,25.11,24.11,24.85,25.02,24.76,24.48,24.76,24.57,24.67,24.48,24.93,24.76,24.76,24.76,24.48,24.76,24.93,24.85,25.20,24.39,24.57,24.67,25.02,25.02,25.11,25.11,24.67,24.93,24.57,25.11,24.93,25.11,24.39,25.02,24.93,25.02,24.85,24.85,24.85,24.93,25.02,25.11,24.85,24.85,25.28,24.57,25.02,25.02,24.76,24.48,25.02,25.02,24.85,24.85,24.85,24.93,25.02,25.11,24.85,24.85,24.85,25.02,24.76,24.93,25.11,24.57,25.02,24.93,24.85,25.20,25.02,24.67,25.02,25.02,25.02,25.20,24.93,24.76,24.57,24.85,25.11,25.11,24.85,24.85,25.02,24.93,24.85,25.37,25.02,24.85,24.76,24.57,24.85,24.93,24.76,25.37,25.02,25.28,25.28,24.85,25.02,25.20,24.76,25.02,25.55,25.11,24.93,24.93,25.28,25.63,25.28,25.02,25.28,24.85,24.93,25.20,25.20,25.20,25.46,25.20,25.46,25.28,25.55,25.46,25.11,25.11,25.63,25.37,25.46,25.81,25.55,25.63,25.46,25.81,25.02,25.37,25.55,25.55,24.76,25.37,25.46,25.02,24.85,25.11,25.11,25.02,25.02,24.76,24.39,25.02,25.02,25.20,25.37,25.28,24.93,24.85,24.93,24.93,24.48,24.93,25.11,24.93,25.02,25.02,24.85,24.57,24.76,25.20,25.20,25.02,25.11,25.20,24.93,24.85,25.11,24.93,24.93,24.85,25.11,24.85,24.85,25.02,24.93,24.57,24.93,24.93,25.02,25.11,24.85,24.48,24.93,24.93,24.85,24.93,24.76,24.85,24.85,25.02,24.93,24.67,24.93,24.67,24.93,24.93,25.28,25.02,24.48,25.11,24.67,25.02,24.67,25.28,24.85,25.20,24.85,24.93,24.48,25.20,24.76,24.39,24.67,24.39,24.39,24.48,24.93,24.67,24.93,24.48,24.76,25.11,24.57,24.93,24.85,24.67,24.93,24.85,24.48,24.76,25.11,24.85,24.76,24.76,24.29,24.48,24.39,24.76,24.67,25.02,24.67,25.02,24.48,25.02,25.11,24.57,24.48,25.02,24.48,24.39,24.85,24.29,24.93,24.85,24.93,25.20,25.02,24.57,24.67,24.48,24.57,24.93,24.48,24.93,24.57,24.57,24.57,24.93,24.93,24.20,25.02,24.76,25.02,24.93,24.67,24.85,24.57,24.67,24.85,24.93,24.39,24.57,24.93,24.93,24.20,24.67,24.39,24.67,24.93,24.39,24.93,24.57,24.85,24.67,24.39,24.76,24.67,24.93,24.67,25.02,24.57
24.39,24.76,24.39,25.11,24.76,24.11,24.57,24.39,24.29,25.02,24.57,24.67,24.76,24.93,24.85,24.76,24.39,25.11,24.76,24.39,24.20,24.57,24.48,24.85,24.93,24.85,24.57,23.92,24.85,24.85,24.29,24.93,24.85,24.67,24.48,24.85,24.29,24.29,24.57,24.85,24.67,24.67,24.39,24.67,24.39,24.67,24.48,24.67,24.67,24.57,24.93,24.48,24.76,24.76,24.76,24.76,24.39,24.67,24.85,24.57,25.02,24.57,24.76,24.48,24.67,24.48,24.39,24.76,24.67,24.76,24.67,25.37,24.76,24.76,24.57,24.67,24.57,25.02,24.76,24.67,24.29,25.11,24.85,24.29,25.02,24.76,24.67,25.02,24.76,25.11,24.67,24.57,24.85,24.76,24.85,24.67,25.02,24.93,24.76,24.93,24.57,25.02,24.76,24.85,25.02,24.85,24.85,24.76,24.93,25.20,24.57,25.11,24.85,24.39,24.93,24.85,24.57,25.02,25.20,24.85,25.02,24.76,25.11,24.93,25.11,24.57,24.76,24.57,24.48,24.57,24.76,24.76,24.76,24.85,24.76,24.93,25.46,24.76,24.57,25.11,24.76,24.93,25.20,24.48,24.57,24.76,24.67,24.76,25.02,25.02,24.67,24.85,24.57,24.57,24.67,24.76,24.85,24.93,25.20,24.93,24.67,25.46,24.85,24.76,25.02,24.85,24.76,24.85,24.76,24.85,25.20,25.28,24.93,25.11,24.67,24.93,24.57,25.37,25.46,25.20,24.85,24.93,25.11,25.11,25.37,25.02,25.37,25.02,24.85,25.11,24.93,25.28,25.02,24.85,25.28,25.20,25.63,25.46,25.37,25.63,25.02,25.81,25.28,25.46,25.46,25.37,25.37,25.46,25.20,25.88,25.28,24.93,25.28,25.37,25.02,24.85,25.11,25.46,24.85,25.20,25.28,24.85,24.85,24.67,24.85,25.28,24.93,24.85,24.85,24.85,24.67,24.85,24.76,24.76,24.76,25.02,24.76,25.02,24.93,24.93,24.57,24.85,25.02,24.93,25.02,25.20,24.93,24.76,24.67,24.93,24.93,24.85,25.20,24.93,24.76,24.39,24.93,24.67,24.93,24.76,24.76,24.85,25.02,25.28,25.28,24.57,24.76,25.02,24.57,24.85,24.76,25.02,24.93,25.02,25.28,24.85,24.48,25.11,24.93,24.93,25.20,24.67,24.85,24.93,24.93,24.48,25.11,25.02,24.76,24.57,24.39,24.48,25.11,24.48,25.02,24.93,25.20,25.02,24.67,24.57,24.85,25.02,24.76,24.85,25.20,24.48,25.28,25.02,24.76,24.67,24.76,25.11,24.57,24.93,25.11,24.76,24.93,25.02,25.02,24.76,24.76,24.57,24.93,25.11,24.67,24.93,24.76,24.93,24.76,25.02,24.39,24.20,24.57,24.76,24.67,24.76,24.93,24.67,24.67,23.92,24.57,24.85,24.85,24.48,24.76,24.57,24.29,24.48,25.11,24.93,24.76,24.57,24.67,24.93,25.11,24.67,24.67,25.11,24.85,24.48,25.02,24.67,24.48,25.11,24.48,24.57,24.67,24.67,24.57,24.20,24.48,24.57,24.57,24.93,24.39,24.57,24.48,24.67,24.48,25.02,24.48,24.67
24.85,24.57,24.20,24.85,24.29,24.57,24.01,24.85,24.67,24.57,24.57,24.57,24.85,24.76,24.93,24.76,24.29,24.57,24.67,24.48,24.48,24.67,24.29,24.67,24.01,24.85,24.57,24.11,24.48,24.85,24.39,24.29,24.57,24.76,24.39,24.39,24.57,24.48,24.67,24.57,24.39,24.67,24.76,24.57,24.76,24.57,24.85,24.67,24.93,24.76,24.76,24.39,24.76,24.57,24.67,24.67,24.85,24.76,24.29,24.48,24.67,24.67,24.57,25.11,24.76,24.85,24.76,24.29,24.76,24.85,24.93,24.76,25.20,25.02,24.57,24.48,24.48,24.85,24.85,24.67,24.48,24.67,24.85,24.93,24.57,24.93,24.67,24.76,24.93,24.57,24.93,24.76,24.93,24.57,24.93,24.67,24.57,24.93,24.57,25.02,24.93,24.93,25.20,25.02,24.67,24.67,24.93,24.48,24.93,24.57,24.93,24.67,24.93,24.93,24.85,25.02,24.76,24.76,24.93,25.20,25.11,25.20,24.93,25.02,25.20,24.85,25.02,24.85,25.02,24.57,24.57,24.67,25.11,25.11,24.76,25.11,25.02,24.76,25.20,24.85,24.85,24.93,24.76,25.02,25.02,25.28,24.76,25.20,24.93,25.02,25.11,25.37,24.57,25.20,25.20,24.93,24.67,24.85,25.37,25.02,24.85,25.02,25.11,24.93,25.02,24.85,25.02,25.37,25.11,25.28,24.76,24.93,24.76,25.11,24.93,25.20,25.11,24.76,25.02,25.20,25.37,25.02,25.02,24.76,25.46,25.02,24.93,25.46,25.20,24.93,24.93,25.20,24.93,25.63,25.72,25.98,25.46,25.55,25.11,25.11,25.63,25.72,25.55,25.63,25.37,25.55,25.63,25.55,25.28,25.37,25.55,25.28,25.02,25.02,25.46,25.02,25.28,25.28,25.46,25.11,25.37,25.02,25.02,25.46,25.37,24.85,25.28,25.02,24.76,24.76,24.76,25.28,24.76,24.93,25.02,24.76,24.76,24.85,24.76,24.85,24.93,24.67,25.20,24.93,24.67,24.57,24.76,25.02,25.02,24.85,24.85,24.93,25.02,24.76,24.20,24.93,24.85,25.28,25.02,24.85,24.93,25.20,24.93,25.02,24.93,24.93,25.02,24.85,25.02,25.11,25.02,24.67,24.48,24.85,24.57,24.85,25.02,25.02,24.39,25.20,25.02,24.67,24.93,24.93,24.67,25.37,24.67,24.67,24.76,25.20,25.02,24.57,25.02,24.85,25.02,25.02,24.93,24.93,24.67,25.20,25.11,24.93,25.11,25.02,25.20,24.93,24.85,24.67,24.85,24.57,25.02,24.67,24.57,24.85,25.20,24.57,24.85,24.67,25.11,25.20,24.39,24.57,25.11,24.57,24.67,25.11,25.20,24.29,24.85,24.76,24.67,25.28,24.76,24.76,24.67,24.57,24.85,24.48,24.76,24.48,24.85,24.76,24.67,24.76,24.76,24.48,24.67,24.76,24.48,24.76,25.02,24.76,24.67,24.57,24.57,24.76,24.48,25.02,24.93,24.85,24.85,24.57,25.02,24.48,24.57,24.48,24.76,25.02,24.48,24.48,24.76,25.11,24.67,24.39,24.57,24.57,24.67,24.39,24.76,24.67,24.48,25.02
24.29,24.93,24.48,24.29,24.57,24.76,24.48,24.29,24.57,24.76,24.48,24.67,24.67,24.57,24.85,24.57,24.39,24.48,24.57,24.67,24.67,24.39,24.11,24.85,24.48,24.57,24.57,24.85,25.28,24.76,24.76,24.57,24.67,24.67,24.57,24.67,24.29,24.48,24.48,24.93,24.85,24.48,24.67,24.57,24.76,24.57,24.39,24.85,24.48,24.76,24.76,25.02,24.39,24.48,24.76,24.85,24.93,24.57,24.67,24.85,24.76,24.48,24.93,24.01,24.67,24.67,24.67,24.67,24.85,24.85,25.11,25.20,24.93,24.76,24.57,24.67,24.76,24.76,24.29,24.76,25.20,24.76,24.93,24.93,24.93,24.93,24.67,25.02,25.02,25.02,25.02,24.48,24.85,24.48,24.85,24.93,25.11,24.57,24.85,24.85,24.39,24.93,24.93,25.28,25.28,24.85,24.67,25.28,24.76,25.02,24.93,24.93,25.20,25.11,24.85,24.85,24.85,25.02,24.67,24.85,25.20,24.76,24.93,24.85,24.85,24.85,24.39,24.76,25.02,25.02,24.85,24.93,24.20,25.11,24.76,24.67,24.67,24.93,25.20,24.76,24.76,25.11,24.57,24.76,25.02,25.02,24.67,24.93,24.76,24.57,24.85,24.93,24.93,24.93,24.57,25.02,24.93,24.85,25.02,24.93,24.85,24.67,25.02,25.28,25.02,24.76,24.93,25.02,25.11,24.93,25.02,25.11,25.02,25.11,25.02,24.76,24.93,25.28,24.76,25.28,24.93,25.20,25.02,25.20,25.28,25.46,25.28,25.28,25.20,25.20,25.28,25.02,24.76,24.76,25.28,25.55,25.28,25.63,25.72,25.72,25.28,25.55,25.72,25.37,25.46,25.55,25.63,25.55,25.46,25.28,24.93,25.37,25.20,25.46,25.28,25.11,25.11,25.11,25.55,25.11,25.46,25.11,25.11,25.28,25.11,25.20,25.11,25.11,24.57,24.67,24.67,24.85,24.93,24.85,25.11,25.20,24.57,24.67,24.39,24.85,24.76,24.85,24.85,24.85,24.93,24.76,24.85,24.93,25.02,24.67,24.93,25.02,24.29,24.67,24.93,24.67,24.93,24.67,25.02,24.93,24.93,25.02,24.85,25.02,24.93,25.11,25.11,24.85,25.02,24.85,24.85,24.67,24.93,25.20,25.02,24.93,24.29,24.85,24.67,25.02,25.02,24.93,24.85,24.93,24.48,24.85,25.02,25.02,24.67,24.57,25.20,25.20,24.39,25.02,24.57,24.57,24.67,24.48,25.02,24.67,24.93,24.48,25.02,25.20,24.57,24.57,24.48,25.02,24.85,24.85,24.57,25.02,24.57,25.11,25.02,25.02,25.02,24.76,25.55,24.48,24.67,24.76,25.02,24.57,24.76,24.29,25.02,24.76,25.11,25.11,24.76,24.67,24.76,25.02,24.76,24.76,24.93,24.39,25.02,24.48,24.20,24.57,24.67,24.76,24.93,24.01,24.29,24.39,24.57,24.93,24.93,24.57,24.57,24.57,24.57,24.11,24.67,24.39,24.48,24.93,24.29,24.67,24.48,24.57,24.85,24.48,24.48,24.76,24.48,24.48,24.57,24.93,24.76,24.57,24.57,24.39,23.92,24.39,24.57,24.85,24.39,24.48
24.39,25.02,24.76,24.76,24.48,24.76,24.39,24.39,24.67,24.85,24.39,24.29,24.57,24.76,24.85,24.93,24.76,24.93,24.67,24.48,24.29,24.57,24.67,24.85,24.85,24.76,24.48,24.29,24.67,24.57,24.93,24.57,24.20,24.76,25.20,24.48,24.48,24.67,24.57,24.76,24.48,24.57,24.48,24.57,24.48,24.76,24.48,24.76,24.67,24.48,24.48,24.39,24.67,24.76,24.39,24.76,24.48,24.48,24.57,24.67,24.76,24.67,24.76,24.48,24.57,25.11,24.85,25.02,24.39,24.67,24.85,24.76,25.02,24.93,24.85,24.85,24.67,24.93,24.85,24.57,24.57,24.39,24.93,24.57,25.11,25.11,24.93,25.02,25.20,24.67,24.85,24.76,24.85,24.57,24.67,25.37,25.28,24.93,24.48,25.02,25.20,24.93,25.02,24.67,24.85,25.11,24.93,25.02,24.93,25.02,24.29,25.02,25.02,24.67,24.85,24.93,24.93,24.85,24.93,25.02,24.93,24.85,24.76,24.85,24.93,25.02,25.20,24.76,24.76,24.76,25.02,24.76,24.93,24.57,24.67,25.02,24.57,25.20,24.85,24.76,24.67,24.93,24.93,24.67,24.93,25.02,25.20,24.93,24.67,25.28,24.67,24.93,24.93,24.67,25.11,25.37,25.11,25.02,25.11,24.85,24.76,25.02,24.85,24.76,24.67,25.02,24.93,25.02,24.67,24.93,25.02,25.02,25.11,24.85,24.76,24.85,25.20,25.11,25.02,25.20,25.28,25.11,24.67,25.46,25.02,25.37,25.11,24.85,25.63,24.93,24.76,25.28,25.37,25.46,25.37,25.37,25.63,25.72,25.46,25.72,25.37,25.55,25.37,25.28,25.55,25.37,25.63,25.37,25.11,25.37,25.55,25.02,25.11,25.37,25.11,25.28,25.46,25.37,25.28,25.37,24.93,25.37,25.37,25.28,24.85,24.93,25.11,25.11,24.67,24.85,25.02,24.85,24.85,24.93,24.76,25.11,24.93,24.93,24.76,24.85,24.57,25.02,24.76,24.93,24.93,25.02,24.93,25.11,24.93,25.02,25.28,24.85,24.76,24.85,24.57,25.20,24.76,24.57,24.76,24.85,25.46,24.57,25.28,24.57,25.20,25.72,25.11,25.20,24.85,24.85,24.93,25.02,24.67,24.93,25.02,24.93,24.76,25.02,25.37,25.20,25.02,24.93,24.39,24.76,24.48,24.85,25.02,24.57,25.28,24.76,25.11,24.85,25.37,25.11,25.02,24.29,24.85,25.28,24.76,24.76,24.85,25.02,25.02,24.85,24.93,24.67,24.67,25.20,24.93,24.57,24.48,24.85,24.76,24.85,24.57,24.67,24.85,25.20,25.02,24.85,24.48,24.85,24.76,24.85,25.02,25.02,24.93,24.93,25.11,25.02,24.57,24.57,24.85,24.76,25.11,24.48,24.48,24.76,24.85,24.57,24.85,25.02,24.57,24.48,24.48,24.29,24.57,24.93,25.02,25.02,24.76,24.67,24.93,24.39,24.93,24.57,24.93,24.76,24.93,24.85,24.29,24.57,24.48,25.11,24.48,24.39,24.76,24.85,24.67,24.85,24.48,24.76,24.39,24.93,24.57,25.20,24.48,24.76,24.48,24.48,24.39,24.85
24.57,24.67,24.39,24.48,23.73,24.57,24.93,24.67,24.29,24.93,24.57,24.57,24.57,24.57,24.85,24.57,25.02,24.85,24.85,24.57,24.76,24.39,24.76,24.57,24.48,24.67,24.76,24.48,24.76,25.11,24.57,24.11,24.67,24.67,24.85,24.67,24.67,24.85,24.48,24.67,24.48,25.11,24.67,24.93,24.67,24.93,25.11,24.76,24.29,24.85,25.11,24.76,24.29,24.57,24.85,24.76,24.93,24.48,25.28,24.85,24.76,24.85,24.85,24.67,25.20,24.57,24.85,24.76,24.67,24.67,24.76,24.67,24.93,24.76,24.76,25.20,24.48,25.02,24.57,24.93,24.57,24.67,25.02,24.85,25.02,24.57,24.76,25.11,24.67,24.85,24.93,24.93,24.85,24.85,24.67,25.20,25.02,24.67,24.57,24.76,25.02,24.93,25.02,25.11,25.11,24.57,24.85,24.93,24.39,25.37,25.02,24.76,25.02,24.85,25.02,25.02,25.11,25.55,25.02,25.02,25.28,25.02,24.57,24.93,25.20,24.85,24.67,24.57,24.93,25.11,24.67,24.57,24.85,24.93,24.76,24.85,24.93,25.02,24.76,24.57,24.93,24.93,24.76,25.11,25.37,24.93,25.02,25.20,25.20,24.93,24.57,24.93,24.76,25.02,24.93,24.93,24.67,24.93,25.20,24.85,24.85,24.85,24.85,25.02,25.11,24.85,25.02,24.76,24.76,25.20,25.11,25.20,24.93,24.93,24.85,24.85,25.28,25.37,25.37,25.02,25.11,25.28,25.11,25.28,25.37,25.02,25.11,25.37,25.37,24.93,25.02,25.46,25.28,25.55,25.72,25.37,25.63,25.72,25.46,25.55,25.37,25.46,25.72,25.55,25.72,25.46,25.81,25.63,25.88,25.46,25.46,25.11,25.11,25.46,25.46,25.11,25.37,25.46,25.02,25.20,25.55,25.11,24.93,24.76,25.11,25.11,24.76,24.57,25.20,24.85,24.76,24.76,25.37,24.85,25.02,24.93,24.76,24.67,24.57,25.02,24.93,24.67,25.20,25.02,24.39,24.93,25.37,24.67,24.48,24.57,24.76,24.93,25.37,25.11,25.02,25.11,24.93,24.85,25.37,25.20,24.85,24.48,24.85,24.76,24.93,24.93,24.93,24.93,25.11,25.02,25.28,25.11,24.93,24.85,25.11,24.57,24.76,24.67,24.76,24.57,25.11,24.93,25.02,25.11,24.48,25.20,25.11,24.93,24.76,25.28,25.11,24.76,24.76,24.67,24.93,25.02,24.85,24.93,24.67,24.67,25.02,24.93,24.76,24.93,25.11,25.11,24.93,25.02,24.93,24.57,25.20,24.57,25.02,24.67,25.02,24.85,24.48,24.48,24.67,24.57,24.57,24.57,24.76,25.20,24.76,24.76,24.67,25.02,24.93,24.48,24.67,24.85,24.85,25.02,24.57,24.48,24.93,24.85,24.67,24.67,24.67,24.85,24.76,24.57,24.93,24.48,24.48,24.76,25.02,25.02,24.67,24.67,24.67,24.57,24.85,24.85,24.93,24.67,24.85,24.85,24.76,24.76,24.67,24.76,24.76,24.29,24.57,24.76,24.85,24.57,25.02,24.76,25.02,24.48,24.39,24.57,24.93,24.67,24.48,25.02,24.67,24.67
25.20,24.76,24.93,24.57,24.48,24.93,24.67,24.48,24.57,24.67,24.85,24.76,24.57,24.85,24.85,25.02,24.67,24.93,24.29,24.67,24.76,24.85,24.57,24.48,24.48,24.67,24.39,24.29,24.93,24.76,24.48,24.67,24.57,24.57,24.48,24.76,24.93,24.57,24.48,24.76,24.76,24.29,24.57,24.76,24.76,24.11,25.02,24.76,24.85,25.20,24.76,24.67,25.20,24.85,24.85,24.85,24.76,24.93,24.67,24.39,24.67,24.48,25.02,24.85,25.02,24.67,24.76,24.57,25.02,24.48,24.85,24.76,24.76,24.76,24.67,25.02,24.67,24.39,24.93,24.93,24.93,24.67,24.48,24.67,24.93,24.39,24.85,24.67,24.93,25.02,24.76,25.11,24.93,25.02,25.02,24.76,24.67,25.11,25.02,25.20,25.11,24.85,24.93,25.20,24.57,25.28,24.85,24.93,25.02,24.57,25.02,24.93,24.67,25.20,25.20,24.93,25.02,25.11,25.20,24.76,24.85,24.76,24.57,25.11,24.85,24.85,24.85,24.57,25.02,24.93,25.02,25.28,24.85,24.39,24.85,24.93,25.02,24.76,24.39,25.02,24.93,25.02,24.93,24.93,24.85,24.93,24.76,24.85,25.02,25.28,25.11,25.11,24.93,25.37,24.76,25.02,25.02,25.20,25.02,24.76,24.93,25.28,25.02,25.02,25.02,25.28,25.02,25.46,24.93,25.20,25.37,25.02,25.46,25.20,24.85,25.02,24.85,25.11,25.46,25.11,24.85,25.46,25.20,25.11,25.02,25.02,25.20,25.28,25.28,25.63,25.55,25.37,25.11,25.63,25.72,25.63,25.46,25.72,25.28,25.55,25.81,25.72,25.72,25.81,25.72,25.72,25.72,25.81,25.46,25.55,25.55,25.37,25.28,25.46,25.72,25.37,25.02,25.46,25.28,25.02,25.46,25.02,25.46,25.02,25.02,24.85,25.28,25.11,24.85,24.85,24.76,25.11,24.85,24.85,24.76,24.48,24.76,25.20,24.76,24.67,25.20,25.11,24.76,24.67,24.85,24.76,25.11,25.28,25.02,25.20,24.67,24.67,24.93,24.76,25.11,24.67,25.20,24.76,24.57,24.39,25.02,25.02,24.93,24.67,24.76,24.93,25.02,24.76,24.85,24.67,25.20,24.85,24.93,24.39,24.93,24.93,24.93,24.93,25.11,24.93,24.93,24.48,25.02,24.76,24.57,24.20,25.20,24.85,24.85,24.76,24.93,24.67,25.11,24.76,25.02,25.11,24.93,24.85,25.02,25.20,24.93,25.11,25.02,25.20,24.93,24.67,25.11,25.02,25.02,24.93,25.11,24.93,24.93,25.28,24.39,24.85,24.67,25.02,24.39,24.67,24.76,24.57,24.93,24.29,24.93,24.76,24.93,25.02,24.39,24.76,24.39,24.67,24.48,24.48,24.76,24.57,24.85,24.67,25.02,24.67,24.29,24.67,25.02,24.76,25.02,24.67,24.29,24.39,24.85,24.48,24.57,24.39,24.29,24.67,24.76,25.02,24.39,24.57,24.67,25.20,24.29,24.67,24.85,24.85,24.67,24.67,24.67,24.76,24.67,24.93,24.48,24.57,24.29,24.29,24.67,24.48,24.85,24.76,24.76,24.76,24.48,24.48
24.39,24.48,24.39,24.39,24.76,24.93,24.76,24.76,24.20,24.67,24.93,24.93,24.85,24.20,25.02,24.76,24.57,24.29,24.57,24.76,24.67,24.67,24.29,24.76,24.57,24.39,24.57,25.28,24.48,24.20,24.85,24.57,24.85,24.85,24.85,24.67,24.39,24.57,24.76,24.11,24.67,24.76,24.48,24.67,24.48,24.67,24.76,24.67,24.76,24.93,24.57,24.93,24.29,24.93,25.11,25.28,24.76,24.93,24.48,24.76,24.85,24.67,24.67,24.93,24.85,24.93,24.57,24.39,24.67,24.67,24.76,24.39,24.85,24.57,25.11,24.57,24.85,24.93,24.76,25.11,24.93,24.93,25.11,24.85,25.11,24.85,25.02,24.76,24.93,24.85,24.85,24.57,24.39,24.76,25.02,25.11,24.93,24.93,25.02,24.93,24.76,25.37,24.85,24.76,25.02,24.93,24.85,25.11,25.11,24.85,24.93,25.28,24.67,24.76,24.76,25.20,24.76,24.85,24.76,25.02,24.93,24.85,24.57,25.02,24.57,24.93,24.93,24.85,24.67,24.76,24.67,24.93,24.48,25.37,24.85,24.85,24.93,24.67,24.85,25.02,24.85,25.20,24.85,24.76,25.02,24.85,24.76,25.02,24.76,24.76,25.11,25.11,25.20,24.57,24.93,24.76,24.76,24.85,24.39,24.76,24.76,24.48,24.67,24.76,24.76,25.37,24.93,24.85,24.93,25.46,25.28,25.20,24.76,25.02,24.67,24.85,25.02,24.93,25.46,25.20,25.46,25.20,25.11,25.02,25.28,25.46,25.55,25.02,25.37,25.46,25.20,25.63,25.55,25.63,25.28,25.81,25.72,25.55,25.81,25.63,25.46,25.28,25.46,25.63,25.46,25.81,25.81,26.14,25.46,25.72,25.37,25.46,25.55,24.93,25.72,25.37,25.46,25.46,25.55,25.37,24.85,24.76,25.28,24.76,24.85,25.37,25.02,24.93,25.02,24.85,24.67,24.67,24.76,24.93,25.02,24.57,25.11,25.11,24.67,25.11,24.67,24.93,24.76,24.85,24.57,24.76,25.02,24.85,24.85,24.76,25.11,24.67,25.11,24.93,24.93,25.28,25.11,25.02,24.76,24.76,24.85,24.76,25.11,24.76,25.02,24.39,24.85,24.93,25.28,25.02,24.67,25.20,24.93,25.02,24.57,24.85,24.76,25.20,25.11,24.85,24.93,24.67,24.67,24.85,24.39,25.28,24.93,24.93,25.11,24.76,24.93,24.85,25.28,24.93,25.37,24.85,25.28,24.48,24.67,24.67,24.93,24.85,24.67,24.93,24.93,25.02,24.85,24.48,25.02,24.57,24.76,24.93,24.67,24.67,24.85,24.76,25.02,24.48,24.57,25.20,25.11,24.93,24.48,25.02,24.76,25.02,24.76,24.29,24.39,24.57,24.48,24.29,25.02,24.39,24.57,24.48,24.57,24.76,24.29,24.67,25.20,24.39,24.67,24.67,24.76,24.48,25.11,24.67,24.67,24.67,24.57,24.39,24.76,25.02,25.20,24.67,25.11,24.85,24.67,24.11,24.67,24.57,24.57,24.29,24.48,24.85,24.57,24.29,24.39,24.48,24.57,24.67,24.93,24.29,24.48,24.48,24.57,24.93,25.11,24.57,24.67,24.48
24.29,24.57,24.29,24.39,24.39,24.11,24.20,24.67,24.93,24.67,24.57,24.39,24.29,24.39,24.76,24.93,24.76,24.57,24.48,24.67,24.39,24.29,24.67,24.20,24.20,24.67,24.48,24.67,24.85,24.67,24.01,24.76,24.29,24.85,24.85,24.76,24.29,24.29,24.57,25.11,24.48,24.67,24.85,24.76,24.57,24.76,24.11,24.93,24.85,24.85,24.76,24.76,24.48,24.57,24.57,24.76,25.11,24.85,24.67,24.57,25.02,25.02,24.57,24.67,24.57,24.93,24.67,24.93,24.39,24.57,24.57,24.76,24.57,24.93,25.02,24.67,24.39,24.93,24.85,25.02,25.02,24.67,24.93,24.29,24.93,24.93,25.11,24.57,24.57,24.93,24.57,24.93,24.85,24.93,24.93,24.93,25.02,25.11,24.93,25.37,25.11,25.28,25.02,25.02,24.93,24.48,24.57,24.93,24.85,24.93,25.11,24.93,24.48,25.20,24.29,25.11,24.93,24.93,25.02,24.76,24.93,25.02,24.57,25.11,25.11,25.37,24.76,24.93,24.93,24.76,24.57,24.76,25.02,24.85,24.48,24.76,24.57,24.85,24.93,24.93,24.76,24.76,25.02,24.76,24.85,24.76,25.20,24.93,24.76,24.76,24.76,25.02,24.67,24.93,24.57,24.93,24.57,24.93,24.85,24.85,25.02,24.85,24.85,24.76,25.37,24.76,25.28,25.02,24.85,24.93,24.57,24.76,25.11,25.28,25.37,24.85,25.20,25.02,25.37,25.28,24.85,24.93,25.46,25.20,25.11,25.37,25.28,25.63,25.46,24.93,25.02,25.02,25.37,25.37,25.72,25.46,25.55,25.55,25.46,25.88,25.63,25.88,25.55,25.63,25.81,25.98,25.72,25.37,25.28,25.28,25.28,25.28,25.55,25.02,25.37,25.37,25.72,25.28,25.37,25.20,25.37,24.76,25.28,25.11,24.67,24.76,24.93,24.76,25.02,24.76,24.57,24.57,24.85,24.85,24.93,25.02,24.85,24.57,24.76,24.85,24.76,24.76,24.76,24.85,24.76,24.85,24.76,24.76,24.85,24.85,24.67,24.85,25.02,24.93,25.02,24.93,25.02,24.67,25.02,24.85,25.02,24.85,25.02,24.93,24.93,24.67,25.02,24.85,25.20,24.48,24.93,24.93,25.28,24.93,24.57,24.93,24.93,25.11,24.85,24.57,24.57,24.48,24.93,24.57,24.85,24.57,24.57,24.93,24.93,24.85,25.02,24.01,25.02,24.39,24.76,24.76,24.48,25.11,24.57,24.76,25.11,25.02,24.57,25.11,24.85,24.67,24.76,25.02,24.67,24.67,25.11,24.29,24.93,25.02,24.93,24.57,24.67,24.93,24.93,24.67,24.85,24.48,24.93,24.57,24.67,24.48,24.48,24.67,24.57,24.29,24.85,24.57,24.57,24.39,24.67,24.48,24.67,25.02,24.67,24.76,24.76,24.76,24.76,24.39,24.67,24.93,24.76,24.76,24.67,25.02,24.93,24.48,24.57,24.93,24.48,24.85,24.48,24.67,24.76,24.93,25.02,24.48,24.29,24.57,24.67,24.39,24.93,24.85,24.57,25.02,24.48,25.02,24.39,24.39,24.57,24.48,24.67,24.85,24.85,24.67,24.39,24.39
24.57,24.39,25.02,24.76,24.39,24.57,24.85,24.85,24.20,24.85,25.02,24.85,24.57,24.67,24.20,24.20,24.57,24.67,24.76,24.57,24.76,24.93,24.39,24.93,24.85,24.67,24.48,24.29,24.93,24.93,24.67,24.93,24.76,24.76,24.85,24.76,24.76,24.67,25.02,24.67,24.76,24.85,24.67,24.76,24.48,24.67,24.57,24.85,24.85,24.93,24.67,24.85,24.39,24.57,24.48,24.67,24.76,24.85,24.57,24.93,24.57,24.85,24.76,24.85,25.20,24.76,24.67,24.67,24.93,24.39,24.67,24.76,24.48,24.93,24.67,24.57,24.67,25.20,24.67,24.93,25.02,24.76,24.76,24.93,24.57,24.85,24.67,24.93,24.48,24.76,25.02,25.11,24.48,24.93,24.57,24.48,24.85,24.76,25.20,25.02,25.20,24.85,24.85,25.28,24.57,24.93,25.11,24.93,24.85,24.76,25.02,24.76,24.39,25.20,24.93,24.85,24.76,24.67,24.85,24.93,24.85,24.76,25.02,25.02,24.67,24.85,24.85,24.85,25.02,25.02,25.02,24.93,24.67,24.93,24.67,24.93,24.67,24.85,24.76,25.02,24.67,24.93,24.93,24.57,24.93,24.57,24.85,24.76,24.76,25.11,24.85,24.85,25.02,24.85,24.93,25.02,24.76,25.28,25.02,25.02,25.11,25.20,25.11,24.76,25.37,25.11,25.11,25.11,24.93,25.02,25.46,25.46,25.11,25.28,25.20,25.02,25.20,25.20,25.20,25.20,25.28,24.93,25.46,25.37,25.11,25.63,24.85,25.46,25.11,25.28,25.02,25.28,25.28,25.46,25.20,25.55,25.72,25.37,25.46,26.14,25.98,25.63,25.55,25.72,25.46,25.63,25.72,26.14,25.72,25.02,25.55,25.20,25.28,25.46,25.20,25.63,25.11,25.46,25.37,25.37,25.11,25.63,24.76,25.28,25.02,24.85,24.57,24.85,25.02,24.48,25.02,24.85,24.48,24.76,24.67,24.76,24.76,24.85,24.57,25.11,24.85,24.67,24.57,24.67,24.85,25.11,24.93,24.67,24.67,25.02,25.20,24.93,25.02,25.02,24.57,25.02,24.85,24.76,24.93,24.85,24.85,25.20,25.02,24.85,24.67,25.11,24.85,24.76,25.11,24.57,24.85,24.85,24.85,24.76,24.85,24.67,24.85,25.28,24.57,24.85,24.57,25.02,24.76,24.85,25.11,25.28,24.76,24.57,24.57,24.48,24.93,24.93,24.93,25.11,24.93,25.20,24.85,24.93,25.02,25.02,24.85,24.85,24.93,25.02,24.67,24.85,24.93,24.93,25.02,25.02,24.48,25.20,24.48,24.85,24.85,24.76,24.57,24.48,24.85,24.57,24.85,24.93,24.67,24.57,24.67,25.02,24.76,24.48,24.85,24.85,25.02,24.93,25.02,24.93,24.85,24.57,24.93,24.85,24.76,24.67,24.48,25.11,24.67,24.57,24.67,24.67,25.02,24.67,25.37,24.48,24.85,24.67,24.57,24.76,24.76,24.57,24.93,24.29,24.57,25.28,24.67,25.11,24.85,25.11,24.85,24.76,24.67,24.76,25.02,24.76,25.02,24.57,24.93,24.20,24.57,24.39,24.57,24.57,24.67,24.57,24.93,24.29
24.29,24.67,24.39,24.48,24.67,24.67,24.85,24.48,24.67,24.76,25.20,24.48,24.29,24.57,24.57,24.93,24.57,24.93,24.20,24.57,24.11,24.93,24.57,24.39,24.57,24.93,24.67,24.67,24.57,24.76,24.57,24.76,24.85,24.67,25.02,24.57,24.57,24.67,24.85,24.76,24.57,24.57,24.57,24.39,24.85,24.57,24.67,24.67,24.39,24.67,24.76,24.57,24.76,25.02,24.67,24.67,24.93,24.48,24.39,24.39,24.39,24.67,24.57,24.76,24.57,24.57,24.67,24.57,24.39,24.57,24.57,24.57,24.67,24.76,24.85,24.48,24.93,24.76,24.57,25.20,25.02,24.29,25.02,24.57,24.48,24.76,24.76,24.39,24.48,24.76,24.57,24.85,24.29,24.85,24.93,25.11,25.28,24.93,24.85,24.76,25.02,24.48,24.48,25.20,25.11,25.11,25.02,25.02,25.02,25.11,24.85,25.02,24.67,25.02,24.85,24.85,25.28,24.48,25.02,25.02,25.02,24.76,25.02,25.20,24.85,25.02,24.76,24.85,25.11,24.76,24.93,25.02,24.93,24.76,24.93,24.85,24.67,25.02,24.85,24.93,24.85,24.48,24.85,24.76,25.02,24.93,24.67,24.93,24.76,24.93,25.11,24.67,24.93,25.02,24.85,24.93,24.57,24.85,25.02,24.93,25.02,24.85,24.57,24.93,24.85,24.67,25.02,24.67,25.46,25.46,25.55,25.20,24.76,25.20,25.55,25.37,25.02,25.63,24.76,25.37,25.37,25.20,25.11,25.28,25.02,25.02,25.28,25.11,25.46,24.93,25.02,25.37,25.55,25.37,25.28,25.46,25.63,25.72,25.98,25.88,25.72,25.98,25.88,25.88,26.14,25.81,26.23,25.55,25.88,25.55,25.37,25.28,25.63,25.20,25.28,25.72,25.37,25.20,25.02,25.37,25.37,25.02,25.37,24.93,25.02,24.85,24.93,24.67,24.85,25.02,24.85,24.57,24.85,24.48,24.93,24.93,24.85,24.85,25.02,24.76,25.02,24.93,24.67,24.93,24.57,24.67,24.93,24.57,24.57,24.76,24.76,24.85,24.85,24.76,24.39,24.85,24.67,24.67,24.67,24.85,24.39,24.57,24.85,24.29,24.93,24.57,25.11,25.02,24.85,24.85,24.39,25.11,24.93,25.20,24.93,24.85,25.20,24.85,25.11,24.93,25.02,24.93,24.85,25.02,24.93,25.02,24.93,24.76,24.76,25.11,24.93,25.11,25.20,24.85,25.02,24.93,24.93,24.85,24.67,24.85,25.11,24.57,25.11,24.67,24.48,25.28,25.02,25.11,25.20,24.85,25.02,24.76,25.02,24.93,24.48,25.20,24.57,24.85,24.67,25.02,24.93,24.57,24.39,24.76,24.57,24.48,25.02,24.76,24.76,24.39,24.76,25.02,24.67,25.11,24.48,24.67,24.57,24.57,24.48,25.02,24.11,24.85,24.11,24.67,24.57,24.85,24.67,24.93,24.85,24.57,24.93,24.39,24.57,24.93,24.48,24.48,24.93,24.76,24.57,24.48,24.93,24.93,24.67,24.20,24.93,24.76,24.57,24.76,24.39,25.02,24.48,24.57,24.67,24.57,24.57,24.57,24.29,24.39,24.76,24.48,24.76,23.92
23.92,24.39,24.76,24.85,24.29,24.29,24.67,24.39,24.57,24.57,24.39,24.39,24.57,24.67,24.57,24.67,24.85,24.48,25.02,25.02,24.57,24.20,24.76,24.76,24.39,24.76,24.67,24.57,24.76,24.48,24.85,24.67,24.57,24.67,25.02,24.76,24.29,24.39,24.67,24.48,25.11,24.67,24.57,24.48,24.76,24.85,25.11,24.67,24.93,24.48,24.76,24.76,24.67,24.76,24.76,24.57,25.02,24.57,25.02,24.85,25.11,24.93,24.57,24.39,24.48,24.57,24.93,24.85,24.93,24.67,24.76,24.29,25.11,24.85,24.76,24.57,24.48,24.57,24.76,25.11,24.76,24.67,24.85,25.11,24.76,24.48,24.93,24.93,24.93,24.57,24.57,24.39,24.76,24.57,24.67,24.57,25.11,24.67,25.02,24.85,24.93,25.02,24.76,24.85,25.02,24.39,24.93,25.02,24.76,25.11,24.48,25.02,24.67,24.76,24.93,24.76,24.85,24.93,24.57,25.02,24.85,24.93,25.02,24.85,24.67,24.67,24.67,24.67,24.93,24.76,25.11,24.76,24.67,24.85,24.93,24.20,24.76,25.02,24.39,24.85,24.85,24.93,24.57,24.85,24.85,24.85,24.93,24.85,24.85,24.93,24.85,24.76,24.85,24.57,24.39,24.57,24.67,24.93,24.57,25.02,24.76,24.85,24.93,24.76,25.11,24.57,24.76,24.85,24.93,24.57,25.28,25.20,25.37,25.72,25.37,25.11,25.28,25.11,25.28,25.37,25.02,24.93,25.63,25.46,25.28,24.93,25.11,24.85,25.02,25.28,25.55,25.63,25.55,25.55,25.02,26.05,25.72,25.46,25.63,25.72,25.81,25.72,25.46,26.05,25.98,26.05,26.23,25.81,25.72,25.81,25.37,25.46,25.20,25.46,25.20,25.20,25.20,25.37,25.20,25.37,25.02,25.37,25.37,25.28,25.02,24.93,24.39,24.76,25.02,24.93,24.76,24.76,24.76,24.93,24.67,24.76,24.57,24.76,25.02,24.57,24.76,25.02,24.85,24.85,24.76,24.93,24.76,24.76,24.85,24.67,25.02,25.11,24.76,24.76,24.93,24.93,24.93,24.57,24.93,25.02,25.11,24.67,25.02,24.67,24.76,24.85,25.02,24.29,24.76,25.02,24.29,25.37,25.02,24.57,24.93,25.02,25.02,24.93,24.57,25.20,25.11,25.11,24.57,25.02,25.28,25.02,25.02,24.67,24.39,24.93,25.11,24.67,25.20,24.76,24.85,24.85,24.67,24.76,24.85,24.93,24.93,24.57,24.93,25.20,24.85,24.93,24.48,24.57,24.93,24.85,24.67,24.67,24.57,24.57,24.93,24.57,24.93,24.93,24.57,24.93,24.76,24.48,25.11,24.76,24.48,24.67,24.67,24.76,24.48,24.48,24.76,24.20,24.76,24.57,24.85,24.57,24.67,24.39,25.02,24.67,25.02,24.57,24.67,24.85,24.67,24.57,24.67,24.57,24.57,24.67,24.93,24.48,24.67,24.93,24.76,24.29,25.11,24.48,24.67,24.29,24.57,24.48,24.93,24.85,24.48,25.11,24.20,24.76,24.67,24.76,24.57,24.67,24.39,24.48,24.39,24.85,24.57,24.67,24.85,24.57,24.29,24.57
24.29,24.48,24.20,24.76,24.48,24.76,24.76,24.48,24.48,24.67,24.85,24.76,24.48,24.57,24.29,25.02,24.93,24.85,24.48,24.93,24.76,24.57,24.67,24.93,24.39,24.85,24.48,24.48,24.29,24.76,25.11,25.02,24.85,24.57,24.57,24.67,24.67,24.48,24.48,24.48,24.67,24.85,25.20,24.39,24.57,24.57,24.39,24.93,24.20,24.85,25.11,24.76,24.76,24.67,24.85,24.67,24.76,25.20,24.48,24.76,24.67,25.02,24.57,24.76,24.48,24.57,24.76,25.11,24.93,24.57,24.93,24.67,24.57,24.29,24.57,24.76,24.76,25.20,25.02,24.67,25.02,24.67,24.57,24.85,24.93,24.85,24.48,25.02,24.67,24.39,24.85,24.67,24.48,25.02,25.11,25.11,24.85,24.76,25.02,24.67,24.85,25.02,24.93,25.20,24.76,25.02,25.55,24.76,24.85,24.76,24.85,24.39,24.57,24.93,24.85,24.76,25.28,24.93,24.93,24.57,25.11,24.76,24.85,24.57,24.67,24.85,24.93,24.85,24.67,24.93,24.93,25.02,24.85,25.02,24.85,25.37,24.76,24.85,24.85,24.85,24.57,24.93,24.93,24.39,24.67,24.76,24.93,24.57,24.29,25.02,25.02,24.85,24.76,25.20,24.76,25.11,25.02,24.76,25.20,25.02,24.57,24.93,24.85,25.02,25.02,24.76,24.93,25.28,25.02,25.28,25.02,25.37,25.37,25.28,25.20,25.28,24.85,24.85,25.37,25.46,25.37,24.76,25.63,25.20,25.37,25.55,25.46,25.46,25.72,25.37,25.46,25.46,25.46,25.72,25.55,25.46,25.63,25.37,25.63,25.46,25.63,25.98,26.23,25.72,26.31,25.98,25.72,25.63,25.63,25.81,25.46,25.37,25.28,24.85,24.85,25.28,25.37,24.93,24.85,25.28,25.37,24.76,24.67,24.48,24.85,24.85,24.85,24.76,24.85,24.67,24.76,25.20,24.85,24.57,24.85,24.93,24.93,25.02,25.11,24.76,24.76,24.85,24.76,24.76,24.67,25.02,24.48,24.67,24.76,24.76,24.85,24.48,24.57,24.85,24.48,24.93,24.93,24.93,24.85,25.02,25.20,25.02,24.93,24.67,24.57,25.11,24.85,24.67,24.85,25.02,24.93,24.48,24.76,25.11,24.48,24.85,25.28,25.11,25.02,24.76,25.28,25.11,25.02,24.67,24.85,25.02,25.02,24.93,25.11,24.20,25.11,24.76,25.11,24.57,25.11,24.67,25.02,25.11,24.39,24.76,24.29,24.76,24.76,24.57,24.67,25.02,24.93,24.85,24.57,24.76,25.28,24.57,24.57,24.48,24.67,24.67,24.85,24.93,24.85,24.39,25.02,24.67,24.76,24.39,24.93,24.85,24.57,24.76,24.57,24.39,24.76,24.93,24.48,24.39,24.85,24.67,25.37,24.48,24.76,24.76,24.67,24.93,24.48,24.29,24.67,24.48,24.67,24.76,24.85,24.48,24.57,25.20,24.93,25.20,24.85,24.93,24.67,24.48,24.57,24.57,24.48,24.76,24.39,24.85,24.93,24.93,24.67,24.57,24.57,24.67,24.76,24.57,24.57,24.67,24.48,24.67,24.48,24.48,24.67,24.48,24.67,24.57
24.67,24.48,24.67,24.76,24.67,24.85,24.57,24.76,24.67,24.48,24.67,24.39,24.39,24.67,24.93,24.57,24.48,24.67,24.85,24.29,24.67,24.57,24.57,24.57,24.48,24.76,24.85,24.76,24.67,24.67,24.48,24.48,24.48,24.93,24.85,24.29,24.57,24.67,24.67,24.76,24.85,25.11,24.48,24.67,24.67,24.57,24.29,24.48,24.85,24.57,24.57,24.67,24.57,24.76,24.67,25.02,25.20,24.39,24.67,24.39,24.48,24.48,24.67,24.48,24.29,24.93,25.02,24.67,25.20,24.76,24.76,24.85,25.02,25.20,24.67,24.76,24.48,24.93,24.57,24.67,24.57,25.02,24.85,24.48,24.85,24.85,24.48,24.29,25.37,24.93,25.02,24.67,24.29,25.11,24.76,24.93,24.85,24.93,24.85,24.57,24.67,24.48,24.93,24.48,25.02,24.93,24.93,24.67,24.85,25.02,24.85,24.85,24.67,24.93,24.48,24.67,24.39,24.76,24.85,25.11,24.67,25.20,25.02,25.11,24.76,24.85,24.57,24.85,24.85,25.11,25.11,24.76,24.85,24.93,25.02,24.85,25.02,24.67,24.85,24.93,24.67,24.76,24.93,24.67,24.93,25.02,24.67,25.28,24.57,24.85,24.76,24.76,25.02,25.02,24.57,25.02,24.85,25.11,24.93,25.11,25.55,24.76,25.02,25.20,25.28,25.11,25.02,25.02,25.55,25.20,25.37,24.85,25.28,25.37,25.20,25.46,24.85,25.46,25.20,25.46,25.46,25.11,25.55,25.28,25.37,25.63,25.46,25.28,25.37,25.46,25.55,25.37,25.28,25.55,25.37,25.88,25.98,25.88,25.72,25.55,25.81,25.46,25.81,25.72,25.88,25.81,26.05,26.05,25.88,25.88,25.46,25.37,25.11,25.55,25.11,25.46,25.02,25.28,25.02,25.37,24.85,25.46,25.20,25.02,24.67,24.93,24.67,25.20,24.93,24.67,24.85,24.93,24.85,24.57,25.02,25.11,24.85,24.57,24.85,25.02,25.20,24.93,24.67,24.76,24.76,25.02,24.48,24.76,24.85,24.39,24.76,25.02,24.93,24.93,24.57,25.46,24.85,24.57,24.93,24.67,25.02,24.76,25.11,24.48,25.28,24.67,24.93,25.02,24.57,24.67,25.02,24.57,25.46,25.11,24.76,25.11,24.76,24.48,25.20,25.02,24.76,24.93,25.11,24.93,24.76,25.28,24.57,24.85,24.85,25.11,25.02,24.93,24.39,24.67,24.93,24.76,24.85,24.93,25.11,24.67,25.20,24.85,24.85,25.11,25.20,24.67,24.57,24.67,24.67,24.48,24.85,24.48,24.57,24.48,25.20,24.67,24.85,24.93,24.85,24.48,25.11,25.02,24.93,24.76,24.57,24.57,24.39,24.85,25.02,24.93,24.85,24.93,25.02,25.20,24.67,24.67,24.76,24.67,24.93,25.02,24.39,25.02,24.67,24.85,24.57,24.48,24.67,24.57,24.48,24.76,24.29,24.57,24.67,25.20,24.57,25.02,24.93,24.48,24.48,24.48,24.67,24.85,24.76,24.48,24.57,25.11,25.11,24.48,25.02,24.39,24.39,24.85,24.85,25.11,24.76,24.67,24.39,24.29,24.48,24.48,24.67,24.48
24.48,24.39,24.29,24.48,24.48,24.67,24.67,25.02,24.29,24.67,24.85,24.57,24.67,24.29,24.76,24.67,24.67,24.57,24.85,24.20,24.11,24.67,24.67,24.48,24.20,24.57,24.48,24.48,24.85,24.57,24.67,24.93,24.57,24.76,24.57,25.20,24.76,24.39,24.76,24.67,24.85,24.93,24.85,24.93,24.57,24.48,24.48,24.48,24.76,25.11,25.11,24.93,24.48,24.76,24.93,25.02,24.76,25.11,24.67,24.93,24.85,24.67,24.57,25.02,24.76,24.76,25.20,24.76,24.76,24.67,24.48,24.67,24.85,25.11,24.48,24.85,24.85,24.85,24.76,24.67,24.85,24.67,24.93,25.02,25.20,24.48,24.85,24.93,24.85,24.76,24.57,25.37,24.85,24.93,24.85,24.85,25.20,25.37,24.93,25.28,25.02,24.85,24.76,24.48,24.76,24.76,24.93,24.57,24.93,24.85,24.93,24.76,24.67,24.67,24.76,24.93,24.67,25.20,25.02,24.93,24.57,24.85,25.11,25.02,24.93,24.93,24.93,24.76,24.48,24.20,24.39,25.02,24.76,25.02,24.76,24.93,24.93,25.02,24.85,24.76,25.02,24.93,24.76,24.93,24.67,24.67,24.85,25.11,24.85,24.85,24.93,25.20,24.57,25.02,24.93,24.57,25.20,24.67,24.85,24.76,25.02,25.02,24.93,25.28,25.11,25.28,25.02,25.28,24.93,25.37,25.11,25.20,25.20,25.37,25.11,24.76,25.28,25.37,25.55,25.55,25.11,25.37,24.93,24.93,25.55,25.20,25.37,25.55,24.67,25.37,24.67,25.55,25.46,25.81,25.63,25.46,25.46,25.72,25.81,26.14,25.72,26.14,26.14,26.23,25.88,25.88,26.05,25.72,26.14,25.63,25.55,25.37,25.63,25.37,25.37,25.20,25.02,25.28,25.28,25.11,25.02,25.02,24.76,24.93,24.67,25.02,25.02,25.11,25.37,24.67,24.57,24.93,24.93,24.48,24.76,24.85,25.02,25.46,25.37,24.57,24.85,24.76,24.57,24.76,24.57,25.02,24.57,24.67,24.76,24.48,25.02,24.76,24.76,24.85,24.57,24.67,24.57,24.93,24.85,25.11,24.76,24.93,24.57,24.29,24.93,24.48,24.93,24.76,25.11,24.93,25.02,24.85,25.02,24.76,24.85,24.29,24.93,25.11,25.20,25.02,24.85,25.02,24.85,24.76,24.85,24.57,24.85,24.85,24.57,24.93,24.93,24.76,25.02,24.93,25.20,24.57,25.11,24.93,24.57,25.02,24.93,25.02,24.76,24.85,24.93,24.48,24.48,25.11,24.39,24.57,24.57,24.76,25.28,24.57,25.02,24.85,24.29,24.67,24.76,24.39,24.93,24.57,24.67,25.02,25.02,24.67,24.48,24.67,24.39,25.02,24.93,24.57,24.76,24.85,24.57,24.76,24.76,24.57,24.57,24.29,24.93,24.48,24.76,24.85,24.57,25.02,25.20,24.67,24.48,24.67,24.76,24.67,25.02,24.93,24.39,25.02,24.85,24.57,24.67,24.67,24.39,24.57,24.76,24.67,24.29,24.67,24.67,25.11,24.39,24.76,24.48,24.48,24.57,24.39,24.76,24.76,24.67,24.85,24.76,24.48,25.11,24.67
24.57,24.93,24.29,24.48,24.67,24.67,24.48,24.48,24.20,24.67,24.48,25.20,24.57,24.57,24.57,24.20,24.48,24.93,24.48,24.93,24.29,24.67,24.85,24.76,24.93,24.57,24.48,24.76,25.20,24.93,24.76,24.85,24.48,24.57,24.85,24.85,24.76,24.85,24.48,24.57,24.57,24.48,24.67,24.76,25.20,25.02,25.20,24.76,24.57,24.85,24.67,25.11,24.76,24.93,24.93,24.48,25.02,25.11,24.93,24.76,24.85,25.02,25.02,24.67,24.67,24.67,24.48,25.11,25.11,24.76,25.37,24.93,24.29,24.76,24.48,24.48,24.93,25.20,24.76,24.93,25.11,24.76,25.02,25.02,25.37,24.85,24.85,25.02,24.93,24.76,24.20,25.20,25.20,24.85,25.11,24.76,24.85,24.76,24.67,25.02,24.67,24.93,25.02,24.85,25.02,24.76,24.76,24.93,25.28,24.93,24.85,25.11,24.93,24.76,25.11,24.67,24.76,25.20,25.20,25.46,24.67,25.11,24.76,24.57,25.28,24.93,24.76,24.93,25.11,24.93,24.76,24.85,24.67,25.28,25.02,24.93,25.11,24.93,24.93,25.11,24.93,24.93,24.20,24.85,24.85,24.93,24.85,25.02,25.37,24.39,24.48,24.67,25.37,24.85,24.85,24.93,25.28,24.85,24.85,25.28,24.93,25.20,24.76,24.85,24.85,25.28,25.37,24.67,25.28,25.28,24.93,24.93,24.85,24.93,25.55,25.63,25.28,25.55,25.46,25.37,25.63,25.28,25.37,25.37,25.20,25.72,25.55,25.20,25.63,25.37,25.46,25.37,25.37,26.05,25.72,25.88,25.63,25.72,25.98,25.81,26.31,25.88,26.14,26.14,26.40,26.14,26.31,26.05,26.05,25.88,25.46,25.46,25.28,25.37,25.37,25.20,25.02,25.20,24.93,25.20,24.93,25.02,24.85,25.11,24.76,24.93,24.85,24.93,24.76,24.85,24.48,24.76,24.67,24.67,25.02,24.93,24.20,24.93,24.93,24.93,25.46,25.02,24.57,24.76,24.76,24.67,24.85,24.85,24.85,24.93,25.11,25.20,24.93,24.85,25.02,25.20,24.48,24.93,24.93,25.11,24.93,24.85,25.11,24.93,24.93,25.02,24.93,25.02,24.76,25.02,25.11,24.93,24.76,24.57,24.85,25.28,24.85,24.57,24.85,25.11,24.85,24.93,24.76,25.02,24.93,24.93,25.11,25.37,24.76,24.85,25.02,25.11,24.57,24.85,25.11,24.57,24.93,24.76,25.11,24.29,24.85,24.67,24.85,24.93,25.20,24.76,24.48,24.57,24.85,24.57,24.93,24.76,24.76,24.85,24.57,24.48,25.02,24.76,24.93,24.85,25.02,24.85,24.93,24.67,24.85,24.67,25.11,25.11,24.67,24.85,24.57,24.76,24.93,25.02,24.57,24.93,24.57,24.39,24.57,24.93,24.85,24.85,25.02,25.02,25.11,24.57,24.67,24.67,24.57,24.76,24.85,24.57,24.57,24.93,25.28,24.93,24.29,24.57,24.76,24.76,24.67,24.57,24.67,24.57,24.29,24.57,24.67,24.85,24.93,24.57,25.20,24.29,24.48,24.67,24.57,24.57,24.29,24.57,25.11,24.76,24.76,24.48
24.76,24.67,24.67,24.67,24.76,24.57,24.57,24.29,24.93,24.76,24.76,24.85,25.02,24.76,24.57,24.29,24.85,24.76,24.39,24.67,24.57,24.85,24.76,24.39,24.01,24.48,24.76,24.85,24.67,24.57,24.39,24.76,24.67,24.67,24.76,24.57,24.76,24.67,24.39,24.76,24.39,24.57,24.76,24.57,24.76,24.48,25.02,24.67,24.76,25.02,25.02,24.85,24.67,24.76,24.85,24.48,24.93,24.48,24.48,25.11,24.39,24.48,25.02,24.76,24.57,24.85,25.11,24.57,24.67,24.57,24.76,24.67,24.76,25.02,25.02,24.48,25.02,24.76,24.48,24.57,25.11,24.48,25.11,24.67,24.48,24.48,24.57,24.67,25.11,24.93,24.48,24.57,24.85,24.85,25.02,24.48,24.76,24.48,24.85,24.93,24.93,24.93,24.76,24.93,25.11,24.93,24.85,25.20,24.76,24.57,24.85,24.76,24.57,25.02,24.85,24.85,24.76,24.76,25.11,24.76,24.76,24.93,25.20,25.11,25.02,25.11,24.57,24.93,24.85,24.85,24.67,24.93,24.85,25.02,24.85,24.93,24.76,24.57,24.48,24.29,24.93,25.02,24.93,24.20,24.48,24.93,24.67,24.76,24.93,24.67,24.93,24.93,24.57,24.67,24.57,25.11,24.93,25.11,25.02,24.93,24.76,25.20,25.02,24.76,24.76,24.76,24.85,25.46,25.37,25.11,25.02,24.76,24.93,25.11,25.11,25.28,25.46,25.11,25.46,25.20,24.85,25.46,24.85,25.28,26.05,25.55,25.37,25.55,25.46,25.55,25.28,25.72,25.81,25.37,25.55,25.63,26.31,25.88,26.14,25.88,26.14,26.64,26.40,25.98,25.98,26.23,26.05,26.31,25.88,25.81,25.72,25.28,25.55,25.46,25.37,24.93,25.02,25.20,25.46,25.02,25.28,25.02,25.02,24.57,24.93,24.67,24.76,25.11,24.67,24.67,24.57,25.20,24.76,24.85,24.76,24.85,24.57,24.76,25.02,24.93,25.02,24.76,24.76,24.57,24.85,24.76,24.93,24.39,24.76,24.85,24.67,25.02,25.28,24.93,24.76,25.02,24.85,24.67,24.39,24.93,24.85,24.67,24.93,24.93,24.93,24.85,25.11,24.76,25.11,24.85,25.28,25.02,24.85,24.85,24.85,24.93,25.20,24.85,25.37,24.85,24.85,24.76,24.93,24.48,24.76,24.67,24.93,24.85,25.46,24.76,24.76,24.85,24.48,24.93,25.28,25.28,25.20,25.02,24.57,25.02,24.85,25.02,24.85,24.85,24.85,25.20,24.93,24.93,24.39,25.37,24.48,24.57,25.20,24.85,25.20,24.85,24.76,25.11,24.67,24.76,24.57,24.48,25.02,24.48,24.29,24.93,24.85,24.39,24.67,24.93,24.67,24.29,24.85,24.67,24.39,24.39,24.48,24.48,25.20,25.02,24.67,24.39,24.76,25.02,25.02,25.11,24.57,24.93,25.11,24.67,24.67,24.93,24.93,24.67,24.20,24.57,24.39,24.57,24.39,24.67,24.85,24.48,24.57,24.67,24.57,24.85,24.76,24.76,24.39,24.57,24.67,24.85,24.39,24.48,24.48,24.93,24.67,24.93,24.48,24.11,24.39,24.57
24.93,24.93,24.85,24.76,24.39,24.11,24.29,24.85,24.48,24.76,24.48,24.20,24.76,24.57,24.85,24.76,24.76,24.76,24.57,24.29,24.85,24.29,24.76,24.48,24.11,24.76,24.76,24.85,24.67,24.93,24.67,24.57,24.57,24.57,24.48,24.76,24.85,24.29,24.67,24.29,24.48,24.67,24.57,24.76,24.57,24.57,25.02,24.67,24.57,24.76,24.76,24.67,24.57,24.57,24.48,24.93,25.02,25.11,24.67,24.57,25.02,25.28,24.20,24.76,24.57,24.93,24.85,24.85,24.93,24.93,24.57,24.85,25.28,24.48,25.02,24.93,25.28,24.76,25.11,24.85,25.28,24.67,25.46,24.93,24.57,24.85,24.76,25.02,24.76,24.67,24.67,24.93,24.76,24.48,24.93,25.02,24.67,25.20,24.85,25.02,24.93,25.02,25.02,24.48,24.76,25.11,24.85,24.85,24.85,24.93,25.02,25.28,24.93,24.67,24.85,24.93,25.11,24.67,24.85,24.67,24.57,24.76,25.02,24.93,24.76,24.76,24.85,24.67,24.39,24.93,24.67,25.11,24.57,25.11,25.02,24.57,24.85,24.67,25.11,24.57,24.93,24.67,24.48,24.67,24.67,25.37,24.67,24.85,24.76,24.67,25.02,24.93,24.93,24.67,24.57,24.57,25.02,24.85,24.85,24.93,24.67,24.76,25.02,25.11,24.67,24.76,25.46,25.72,25.02,25.37,25.11,25.11,25.02,24.93,25.37,25.37,25.20,25.46,25.37,25.46,25.37,25.46,25.46,25.37,26.14,25.63,25.55,25.81,25.55,25.55,25.63,25.81,25.98,26.05,25.72,25.81,26.14,26.14,26.23,26.23,26.23,25.81,26.05,26.31,26.47,26.40,26.05,25.72,25.72,26.05,25.63,25.46,25.63,24.93,25.46,25.37,25.28,25.37,25.02,24.67,24.76,24.67,25.02,24.85,24.76,24.57,24.76,24.85,24.76,24.93,24.76,25.20,24.85,24.57,24.57,24.76,25.02,24.85,24.85,25.02,24.67,24.93,25.02,25.02,24.93,24.93,24.93,25.37,24.29,24.67,24.67,24.85,25.02,24.93,24.48,24.85,24.76,24.76,24.48,24.76,24.85,25.11,25.02,25.11,24.76,24.85,24.85,24.93,25.11,24.93,24.93,24.85,25.11,25.20,24.93,24.85,25.11,24.76,24.67,24.85,24.76,24.85,24.67,25.20,24.57,24.76,24.48,24.76,25.20,24.57,24.76,24.85,24.85,24.93,24.85,24.48,25.11,24.85,24.57,24.57,24.57,24.93,24.48,24.76,24.48,25.02,24.85,24.85,24.57,24.48,24.85,24.48,24.93,24.57,24.85,24.93,24.85,24.57,24.48,25.02,24.29,24.57,24.85,24.76,24.93,24.48,24.85,24.67,24.67,24.57,24.48,24.67,24.67,24.67,24.57,24.76,24.57,24.57,24.67,24.48,24.85,24.57,24.48,24.48,24.57,24.85,25.20,25.02,24.67,24.48,25.02,24.76,24.57,24.48,24.29,24.85,24.85,24.29,24.48,24.76,24.67,25.11,24.48,24.67,24.76,24.29,24.39,24.67,24.57,24.29,24.48,24.48,24.57,24.67,24.48,24.57,24.93,24.39,24.76,24.39,24.48,24.48
24.29,24.76,25.20,24.57,24.67,24.29,24.20,24.29,24.57,24.48,24.39,24.11,24.67,24.76,24.20,24.67,24.85,24.57,24.67,24.20,24.57,24.48,24.76,24.48,24.57,24.67,24.85,24.48,24.39,24.39,24.48,25.11,24.20,24.11,24.76,24.76,24.93,24.57,24.93,24.76,24.67,24.85,24.67,24.57,24.76,24.76,24.48,24.76,24.85,24.85,24.85,24.57,24.67,24.48,25.20,25.02,24.67,24.67,24.48,24.48,24.29,24.48,24.48,25.02,24.67,24.39,25.02,24.85,24.48,24.67,24.67,24.39,24.93,24.48,24.67,24.85,24.48,25.11,24.39,24.48,24.67,24.76,24.39,25.20,25.11,25.02,24.48,24.93,24.93,24.67,25.02,24.85,24.85,25.02,24.93,24.57,25.11,24.93,25.02,24.57,24.76,24.76,24.76,24.93,24.67,24.93,24.29,24.57,25.02,24.85,24.67,24.93,24.76,24.93,24.67,24.93,24.85,24.57,24.85,24.67,24.85,25.11,24.76,24.76,24.85,24.57,24.76,24.29,24.76,24.93,24.85,24.76,25.02,25.11,25.02,24.76,24.76,25.11,24.76,24.39,24.85,24.76,25.20,24.76,25.02,24.67,24.57,24.76,24.93,25.20,24.76,24.76,24.85,24.93,24.57,24.93,24.39,24.93,24.76,24.93,25.20,24.85,24.57,24.93,24.76,25.20,24.76,25.46,24.93,25.88,25.46,25.20,25.20,25.55,25.46,25.37,25.37,25.28,25.63,25.02,25.37,25.11,25.63,25.88,25.55,25.88,25.46,25.55,26.14,25.88,25.55,25.72,25.81,25.81,25.55,25.81,25.63,26.56,26.40,25.63,26.23,26.31,26.31,26.05,26.56,26.05,26.31,26.56,26.14,26.40,25.81,25.46,25.11,25.20,24.85,25.02,25.20,24.93,24.57,24.93,25.20,24.39,24.85,25.11,24.76,24.76,24.93,24.76,25.02,24.57,24.76,24.85,24.67,24.76,24.67,24.57,25.02,24.76,25.28,25.11,25.20,24.85,24.93,25.37,24.85,25.37,24.85,25.28,24.76,24.85,24.48,24.67,25.11,24.93,24.85,24.93,24.76,24.67,24.93,24.67,24.93,25.20,24.93,24.85,24.93,24.76,25.02,25.02,24.85,24.57,25.02,25.02,24.93,25.28,24.76,24.93,24.57,25.11,24.93,25.20,25.20,24.76,24.57,24.57,24.67,24.48,25.28,24.93,24.67,24.76,24.48,24.76,25.02,25.20,24.48,24.85,24.57,24.39,24.93,24.93,24.85,24.76,25.02,24.76,25.02,24.93,25.02,24.76,24.76,24.93,24.85,24.93,24.93,24.93,24.85,24.93,24.76,24.76,25.02,24.76,24.93,24.67,24.48,24.85,24.67,24.93,24.67,24.57,24.67,24.85,24.76,24.93,24.57,25.02,24.57,24.67,24.76,24.48,25.11,24.93,25.02,24.29,24.57,24.67,24.93,24.57,24.48,24.93,24.67,24.57,24.93,24.85,24.76,24.39,25.02,25.02,24.67,25.02,24.85,25.02,25.11,24.67,24.93,24.48,24.93,24.48,24.29,24.76,24.67,24.48,24.76,24.93,24.76,24.93,24.57,24.57,24.76,24.67,24.39,24.76,24.48,24.67
24.57,24.39,24.57,24.76,24.85,25.02,24.67,25.02,24.85,24.29,24.20,24.76,24.57,24.01,24.76,24.76,24.29,24.67,24.57,24.20,24.93,24.93,24.57,24.57,24.48,24.48,24.67,24.20,24.29,24.57,24.76,24.48,24.29,24.20,24.85,24.85,24.85,24.67,24.39,24.57,24.48,24.67,23.92,25.11,24.39,24.29,24.85,25.02,24.57,24.39,24.39,24.76,24.85,25.02,24.76,24.76,24.85,25.11,24.29,24.76,24.67,24.57,25.02,24.57,24.67,24.39,24.85,24.67,24.67,25.20,25.28,25.02,24.57,24.57,24.76,24.85,24.93,24.85,24.39,24.67,25.11,24.93,24.67,24.76,25.11,24.39,24.48,24.29,24.57,25.37,24.57,24.85,24.76,24.85,24.93,24.85,24.85,24.57,24.76,24.93,24.93,24.93,24.76,25.02,24.29,25.20,25.02,24.93,24.93,24.93,25.02,24.76,24.67,24.93,25.11,24.85,25.11,24.85,24.93,24.76,25.02,24.85,25.02,25.11,25.20,24.93,24.76,24.76,25.37,24.85,25.02,24.48,24.85,25.11,25.11,24.85,24.76,24.76,24.76,25.20,24.76,25.02,25.46,24.48,24.76,24.93,24.85,24.93,24.76,24.85,24.76,24.67,24.85,25.37,24.67,25.02,24.93,24.76,25.28,24.85,24.85,24.85,24.76,25.11,24.76,24.85,25.11,25.46,25.20,25.37,25.28,25.28,25.28,25.46,25.55,25.11,25.37,25.46,25.46,25.37,25.55,25.88,25.63,25.63,25.28,25.55,25.72,25.46,25.72,26.05,25.88,26.05,25.81,25.88,25.72,26.31,26.14,26.05,26.14,26.40,26.31,26.64,26.23,26.56,26.47,26.96,26.31,26.64,26.31,26.05,25.72,25.46,24.93,24.93,25.02,25.11,24.67,24.85,24.57,24.93,24.93,25.02,24.67,24.67,24.85,25.02,24.85,24.67,24.85,24.67,24.67,24.93,24.57,24.85,24.76,24.76,25.11,24.67,24.85,24.85,24.57,24.20,24.93,24.67,24.76,25.02,24.85,24.85,24.67,25.11,25.02,25.20,24.48,24.85,24.67,24.93,24.67,24.67,24.76,24.76,24.93,25.37,25.20,24.76,24.48,24.93,25.11,24.48,24.93,24.57,24.93,25.28,25.11,24.85,24.93,25.02,24.76,24.93,24.93,24.76,24.57,24.85,24.48,24.76,24.57,24.93,24.93,25.28,24.76,24.76,24.85,24.57,24.57,25.11,24.93,24.48,24.85,24.85,24.85,24.76,25.20,24.85,24.85,24.76,24.57,24.85,24.85,24.76,24.93,24.29,25.20,24.48,24.48,24.85,24.57,24.67,24.57,24.39,24.85,24.76,24.93,24.93,25.02,24.85,24.76,24.57,24.57,24.67,25.02,24.39,24.57,24.48,25.20,24.29,24.76,24.48,24.57,24.57,24.20,24.67,25.02,25.11,24.57,24.93,24.67,24.29,24.57,24.85,24.39,24.67,24.93,24.57,25.02,24.67,24.57,25.02,24.11,25.02,24.48,24.48,24.93,24.67,24.85,24.67,24.76,24.67,25.02,24.67,24.48,24.48,25.02,24.93,24.48,24.48,24.39,24.48,24.57,24.76,24.48,24.67,24.93,24.67
24.39,24.39,24.67,24.57,25.02,24.48,24.29,24.57,24.67,24.67,24.85,24.57,24.76,24.29,24.76,24.11,24.67,24.67,24.67,24.48,24.39,24.76,24.48,24.11,24.93,24.57,24.48,24.93,24.93,24.20,24.85,24.57,24.67,24.67,24.76,24.67,24.85,25.11,24.48,24.85,24.67,24.48,24.85,24.67,24.85,24.93,24.67,24.67,24.76,24.67,25.02,25.02,24.57,24.39,24.76,24.76,24.48,24.93,24.93,24.93,24.93,24.57,24.67,25.02,25.11,24.93,24.67,25.02,24.85,24.85,24.85,24.57,24.39,24.93,24.93,25.02,25.02,24.57,24.85,24.48,24.57,24.85,24.76,25.20,25.11,24.76,25.20,24.76,24.93,24.93,24.67,24.85,25.20,25.02,24.93,24.39,24.39,24.93,24.93,24.76,24.67,25.02,24.48,24.57,24.85,25.11,25.02,24.93,24.57,24.57,24.85,25.20,24.76,24.93,24.93,24.76,24.85,24.76,24.85,25.11,25.20,24.93,24.93,24.76,24.76,25.02,24.76,25.02,24.67,24.85,25.11,25.11,24.93,24.76,24.93,25.02,25.28,25.02,24.67,25.02,25.11,25.02,24.93,25.28,24.93,24.76,24.93,24.85,25.02,24.76,24.93,25.20,24.76,25.55,24.93,25.20,24.76,25.11,24.85,24.67,24.85,24.57,25.02,25.11,25.20,25.20,24.93,25.37,25.28,25.46,25.46,25.72,25.37,25.46,25.55,25.55,25.46,25.81,25.63,25.81,25.63,25.55,25.55,25.98,25.55,25.63,25.72,26.40,26.23,26.05,26.14,25.98,25.88,26.23,25.88,26.23,26.14,25.72,26.23,26.14,26.64,26.64,26.64,26.89,26.56,26.56,26.80,26.64,26.64,26.40,26.14,25.63,25.37,25.37,25.46,25.02,24.85,25.28,24.76,24.85,24.67,24.85,24.93,25.02,25.02,25.02,24.93,24.85,24.85,25.02,25.02,24.85,25.20,25.37,24.76,24.67,25.02,24.76,24.85,24.76,24.93,24.85,24.76,25.11,24.93,25.02,25.20,24.67,25.28,24.76,24.85,24.93,24.67,24.85,24.93,24.67,24.67,24.76,24.76,24.85,24.76,25.37,25.02,25.02,24.76,24.67,25.11,25.02,25.02,25.28,24.93,24.67,24.57,24.93,25.02,24.85,24.85,24.85,25.02,24.93,24.48,24.85,25.20,24.67,24.85,25.11,24.57,24.48,24.76,24.57,25.02,24.67,25.02,25.02,24.57,24.67,24.67,24.93,24.29,25.11,24.85,24.67,24.67,25.02,25.20,24.57,24.76,24.67,24.85,25.20,25.02,25.02,25.20,24.93,24.93,24.48,25.11,24.11,24.57,24.85,24.85,25.11,24.67,25.02,25.20,24.57,24.57,24.67,25.02,24.93,24.67,24.39,24.67,24.76,24.93,25.11,24.85,24.57,24.48,24.76,24.93,25.02,24.67,24.67,24.85,24.57,24.57,24.93,24.85,24.67,24.57,24.67,24.76,25.02,24.67,24.48,25.02,24.57,24.76,24.57,24.57,24.67,24.57,24.57,24.67,24.67,25.20,24.67,24.67,24.57,24.85,25.11,24.57,24.67,25.02,24.29,24.93,24.67,24.67,24.67,24.85,24.67
24.39,24.85,24.39,24.57,24.48,24.76,24.67,24.48,24.93,24.76,24.20,24.48,24.85,24.29,24.76,24.67,24.57,24.20,24.57,24.57,24.57,24.76,24.76,24.85,24.85,24.57,24.57,24.76,24.67,24.76,24.76,24.29,24.93,24.57,24.67,24.67,24.76,24.48,24.85,24.20,24.57,24.67,24.85,25.11,24.67,24.20,24.67,24.67,25.02,24.39,24.67,24.48,24.76,24.39,24.67,25.28,25.20,24.93,24.57,24.76,25.02,24.67,24.48,25.11,24.67,24.67,24.93,24.76,24.48,24.48,24.85,24.76,24.93,24.93,24.39,24.93,24.57,24.48,24.76,25.20,25.11,24.85,24.76,24.48,24.67,24.29,24.85,25.11,24.57,24.57,24.76,24.76,24.76,24.57,24.76,24.20,24.67,24.76,24.29,25.37,24.67,24.85,25.02,24.67,24.67,24.76,24.57,24.85,24.76,25.02,24.76,24.76,25.11,24.76,24.93,24.57,24.67,25.02,24.85,24.85,25.28,24.93,24.85,24.93,24.85,24.57,25.02,24.85,24.85,24.57,24.67,24.48,24.93,25.02,24.85,24.93,24.76,24.93,24.85,24.76,24.85,25.20,25.37,24.67,24.85,24.76,24.57,24.85,25.02,24.76,24.85,24.76,24.93,24.85,24.85,25.02,25.28,24.76,24.67,24.76,24.85,25.37,24.93,25.37,24.85,25.28,25.11,24.93,25.55,25.28,25.28,25.46,25.46,25.63,25.63,25.46,25.63,25.81,25.46,25.81,25.55,25.63,25.63,25.98,25.98,26.23,26.14,26.14,26.56,26.23,25.98,26.23,26.31,25.81,26.56,26.23,26.14,26.56,26.64,26.31,26.40,26.56,26.56,26.64,26.56,26.56,26.31,27.22,26.89,26.64,26.31,25.37,25.72,25.20,25.11,25.20,25.20,24.85,24.93,25.37,25.28,25.02,24.93,24.76,24.39,24.85,24.85,25.20,24.67,24.93,24.76,24.67,24.67,24.76,25.11,24.85,24.76,24.48,24.67,25.02,24.85,24.85,25.11,25.37,24.85,24.57,25.02,25.02,25.11,24.93,24.85,24.67,25.11,25.02,24.85,24.85,24.57,24.85,24.85,24.93,24.67,24.39,24.93,24.85,24.93,24.93,25.02,25.02,24.85,25.02,24.67,25.11,25.02,25.28,24.93,24.57,25.02,24.57,24.85,24.93,25.02,24.76,24.76,25.02,24.57,24.48,24.57,24.85,25.11,24.76,24.85,25.11,24.93,24.93,24.76,25.02,25.02,24.57,24.39,24.85,24.76,25.28,24.85,24.57,24.85,24.57,25.11,24.85,24.48,24.29,24.67,25.02,25.02,24.57,24.39,24.48,25.02,24.85,24.57,24.85,24.48,25.11,25.11,25.02,24.76,24.93,25.02,24.93,24.93,24.85,25.02,25.11,24.67,24.93,24.57,25.11,24.85,24.67,25.02,24.67,24.85,24.39,24.76,24.01,24.85,24.48,24.67,24.57,24.67,24.57,24.48,25.11,24.67,24.93,24.67,24.67,24.48,24.93,24.39,24.57,24.76,24.76,24.48,24.39,24.57,25.02,24.48,24.76,24.93,24.67,25.02,24.85,24.85,24.29,24.57,24.76,24.48,24.39,24.29,24.76,24.57,24.48
24.29,24.57,24.93,24.57,24.85,24.20,24.39,24.76,24.57,24.29,24.57,24.29,24.57,24.76,24.29,25.02,24.57,24.85,24.76,24.57,24.39,25.11,24.57,24.76,24.67,24.76,24.85,24.93,24.29,24.48,24.67,24.57,24.76,24.48,24.67,24.57,24.85,24.85,24.48,24.67,25.02,24.57,24.39,24.39,24.57,25.11,24.48,24.67,24.93,24.57,25.02,24.76,24.76,24.67,24.57,25.20,24.93,24.67,24.48,24.67,25.20,24.57,24.67,24.67,24.48,24.48,24.93,24.20,25.11,24.48,25.02,25.11,25.11,24.57,24.57,25.11,24.67,24.76,24.85,24.93,24.76,24.57,24.76,24.67,25.11,24.85,24.57,24.85,25.11,24.67,25.02,24.85,24.67,24.76,24.76,24.57,24.93,24.76,24.57,24.85,24.67,24.93,24.76,24.85,24.76,25.02,25.02,24.67,24.67,24.76,24.85,24.76,24.93,25.28,24.93,24.85,24.67,24.57,24.93,24.85,24.57,24.67,24.76,24.76,24.93,24.67,24.93,25.28,24.85,24.48,25.11,24.67,24.93,24.76,25.11,24.85,24.76,25.11,24.85,24.85,24.85,24.85,24.93,24.93,24.85,25.11,24.93,24.85,24.93,24.76,24.93,25.11,24.76,24.85,25.02,25.02,24.76,25.20,25.02,25.20,24.67,24.48,24.85,24.93,25.55,25.11,25.46,25.46,25.72,25.63,25.55,25.46,25.81,25.37,25.37,25.55,25.55,25.72,25.37,26.14,25.72,26.23,26.23,26.56,26.47,26.56,26.80,26.56,26.89,26.31,27.13,26.96,26.40,26.47,26.23,26.56,26.64,26.40,26.56,26.80,26.96,26.89,26.56,26.89,26.80,26.56,26.80,27.22,27.22,26.80,25.98,25.88,25.63,25.55,25.46,25.28,25.02,25.11,24.93,24.93,25.20,24.85,24.85,25.20,24.85,24.67,24.85,25.02,24.67,24.93,25.28,25.20,24.57,25.02,24.85,24.76,24.67,24.93,24.85,24.85,24.76,25.11,24.76,24.76,24.93,25.02,24.93,25.37,25.20,24.57,24.76,25.20,24.93,25.02,24.85,24.85,24.93,25.11,24.67,24.85,24.93,24.76,25.11,25.20,25.02,25.46,25.11,24.93,24.85,24.93,25.02,24.85,25.02,24.57,24.93,24.76,24.67,24.85,24.67,24.76,24.39,24.76,24.93,24.93,25.11,24.85,24.93,24.85,25.11,25.02,24.93,24.93,24.85,24.57,24.85,24.76,24.57,24.67,25.02,24.20,24.93,25.11,24.67,24.85,24.76,24.76,24.76,24.29,24.85,24.67,25.02,24.76,24.67,24.93,24.57,24.67,24.20,24.93,24.67,24.67,24.48,24.39,24.67,25.02,25.11,25.02,24.76,24.57,25.20,24.67,24.76,24.48,24.48,24.67,25.02,24.85,24.57,24.76,24.85,24.93,25.20,24.57,24.76,24.85,24.67,24.93,24.39,24.85,25.02,24.57,24.85,25.02,24.67,24.93,24.93,24.67,24.93,24.85,24.57,25.11,25.02,24.48,24.85,24.57,25.02,24.57,24.67,24.48,24.57,24.93,24.48,24.48,24.48,25.02,24.48,24.11,24.29,24.67,24.67,24.76,24.57,24.39
24.39,24.39,24.29,24.85,24.57,24.93,24.57,24.85,24.20,24.76,24.39,24.76,24.76,24.67,24.57,24.39,24.48,24.76,24.48,24.67,24.67,24.76,24.67,24.76,24.57,24.57,24.85,24.29,24.85,24.76,24.85,24.57,24.85,24.76,25.11,25.11,24.76,24.67,24.29,24.76,24.57,24.57,24.48,24.67,24.20,24.76,24.39,25.02,24.67,25.02,24.76,25.02,24.57,25.28,24.76,25.20,25.02,24.76,24.67,24.67,24.67,24.85,25.02,24.67,25.02,25.02,24.76,24.76,25.02,24.67,25.11,24.85,24.57,24.93,24.76,24.39,24.76,24.76,24.93,24.85,24.76,24.20,24.67,24.67,24.85,24.85,24.76,24.67,24.48,24.76,24.57,25.20,24.85,24.76,24.76,25.02,24.67,25.11,24.93,24.67,24.93,24.57,24.48,24.85,24.93,24.57,25.02,24.93,24.93,24.93,25.02,24.85,24.93,25.02,25.11,24.48,24.67,25.02,24.93,25.02,24.76,24.76,24.67,24.76,24.85,24.85,24.76,24.85,24.76,25.11,24.85,24.85,24.67,24.67,24.57,24.85,24.93,24.93,24.93,24.93,24.85,25.11,24.57,25.02,25.11,24.85,24.76,25.37,25.02,25.02,24.67,24.85,24.85,25.11,24.67,24.48,24.57,24.93,24.93,25.11,24.76,24.85,24.57,25.28,25.20,25.02,25.37,25.63,25.98,25.28,25.11,25.37,25.63,25.81,25.37,25.81,25.81,25.81,25.63,25.81,25.98,26.14,26.40,26.31,26.73,26.73,26.89,26.89,27.29,27.29,27.29,27.13,27.05,26.96,26.80,26.47,26.80,26.56,26.89,26.56,26.96,26.64,27.05,26.64,26.96,26.73,27.13,27.53,27.13,26.64,26.89,25.72,25.55,24.93,24.93,25.37,24.67,24.57,24.76,24.85,24.93,25.28,25.28,25.20,24.93,25.20,24.39,25.11,24.93,25.11,24.93,24.93,25.28,24.85,24.76,24.93,24.93,24.93,25.11,24.85,24.67,25.11,24.85,25.11,24.76,24.85,25.11,24.85,24.67,24.85,24.93,24.93,24.85,24.93,25.11,24.76,25.02,24.67,25.02,25.28,25.20,25.02,24.57,25.02,25.02,24.76,25.11,24.76,24.85,24.85,25.02,24.76,24.67,24.76,24.57,24.39,24.57,24.67,24.85,24.48,24.67,24.93,24.93,25.02,24.76,24.57,24.57,24.76,24.67,24.85,24.93,25.02,24.67,24.76,24.39,25.11,24.93,25.02,24.48,24.76,24.76,24.57,24.85,24.57,25.02,24.85,24.93,24.85,24.93,24.85,24.85,24.39,24.39,25.20,24.76,24.57,24.76,24.57,24.57,24.76,24.67,24.67,24.67,24.93,24.93,24.85,24.39,24.93,24.76,24.39,24.93,24.67,24.29,24.48,24.76,24.20,25.11,24.76,24.85,24.85,25.11,24.67,24.76,24.76,24.67,24.48,25.02,24.48,24.67,24.48,25.02,24.85,24.20,24.48,24.85,24.29,24.39,24.57,24.76,24.67,24.93,24.57,24.76,24.67,24.67,24.67,24.57,24.48,24.93,24.85,24.57,25.20,24.39,24.76,24.57,24.57,24.48,24.39,24.67,24.67,24.93,24.76
24.48,24.48,24.48,24.48,24.76,24.85,24.76,24.93,24.67,24.01,24.48,24.67,24.39,24.67,24.20,24.85,24.39,24.76,24.29,24.39,24.20,24.57,24.48,24.39,24.39,24.67,24.67,24.93,24.57,24.48,24.93,24.76,24.48,24.57,24.67,24.93,24.57,24.85,24.93,24.76,24.39,24.67,24.67,24.57,24.85,24.85,24.48,24.76,24.39,24.67,25.20,24.67,25.11,24.57,24.57,24.57,24.76,24.67,24.57,24.57,24.93,24.76,24.67,24.67,24.76,24.76,24.93,24.76,24.85,24.93,24.85,25.11,24.67,24.76,24.48,24.85,24.76,25.11,24.85,24.85,24.93,24.76,24.85,24.85,25.20,24.85,24.76,24.76,24.48,24.67,24.76,24.93,24.93,24.85,24.76,24.76,24.76,25.02,24.76,24.93,24.85,25.02,24.85,24.67,24.20,25.20,24.57,24.67,24.85,24.76,24.67,24.67,24.76,24.67,24.57,25.11,24.93,24.76,24.67,24.85,24.76,24.85,24.85,24.85,24.29,24.67,25.02,25.02,25.02,24.85,24.67,24.67,25.02,24.76,25.02,24.76,24.85,24.93,24.76,24.76,24.76,25.20,24.76,24.67,24.93,25.28,24.76,24.76,24.67,25.20,24.93,25.20,25.02,25.02,24.85,25.28,24.76,25.28,25.02,25.02,24.93,24.85,24.85,25.37,25.11,25.02,25.20,25.46,26.23,25.72,25.72,25.81,25.37,25.46,25.72,26.05,26.14,26.31,26.05,26.05,26.31,26.40,26.64,26.64,27.29,27.62,27.69,27.85,28.16,27.76,28.16,27.92,27.76,27.85,27.29,27.45,27.53,27.29,27.05,27.36,27.13,27.29,27.29,27.05,27.36,27.05,26.56,27.85,27.85,27.29,27.05,25.72,25.37,25.11,24.93,25.20,24.85,24.67,24.93,25.37,24.67,25.28,24.85,25.28,25.28,25.11,24.85,24.76,24.93,25.11,24.93,24.93,24.67,24.93,25.46,24.85,25.28,24.93,25.02,24.76,25.55,25.02,24.93,25.37,24.76,24.85,24.85,25.28,24.85,24.85,24.85,25.02,25.02,24.93,24.93,25.02,24.76,24.85,24.76,24.93,24.93,24.85,24.85,24.85,24.76,24.93,25.28,24.67,25.20,24.85,25.11,25.02,24.93,25.20,24.76,25.20,25.02,24.76,25.02,24.67,24.57,25.02,24.85,24.57,24.93,25.37,24.85,24.76,24.85,24.67,24.67,24.67,24.57,24.93,24.85,24.48,25.02,24.67,24.76,24.76,25.11,25.11,24.93,24.67,25.02,24.93,24.93,24.67,24.85,25.11,24.85,24.85,24.93,24.93,24.57,24.67,25.11,24.48,24.85,24.67,24.93,25.11,24.67,24.76,24.67,24.29,24.93,24.85,24.67,24.76,24.93,25.11,24.67,24.76,24.57,24.57,24.39,24.85,25.02,25.11,25.02,24.67,24.93,24.85,25.02,24.48,24.67,24.57,24.85,24.57,24.57,25.20,24.67,24.57,24.48,25.02,24.57,24.76,24.67,24.76,24.76,24.76,24.93,24.85,24.39,24.48,24.39,25.11,24.85,25.02,24.93,24.76,24.93,24.39,24.67,25.02,25.20,25.02,24.85,24.93,24.57,24.48
24.29,24.85,24.39,24.48,24.39,25.02,24.11,24.76,24.76,24.39,24.76,24.85,24.76,24.57,24.57,24.67,24.67,24.67,24.20,24.20,24.76,24.85,24.85,24.76,24.67,24.76,24.76,24.67,24.57,24.57,24.29,24.11,24.67,24.57,24.57,24.93,24.67,24.48,24.57,24.39,24.67,24.93,24.85,24.76,25.02,24.76,24.93,24.57,24.93,24.39,24.48,24.76,24.85,24.67,24.85,24.85,24.85,24.48,24.67,25.02,25.02,24.76,24.93,25.20,24.93,25.02,24.67,25.11,24.29,24.85,24.85,24.93,24.76,24.93,24.85,24.76,25.11,24.76,24.85,25.11,24.76,24.85,24.57,25.20,25.02,24.85,25.11,25.11,25.28,25.11,24.85,24.85,24.57,24.67,25.02,24.67,24.85,24.76,24.76,24.29,25.02,24.48,24.93,24.93,25.02,25.37,24.85,24.85,24.57,24.39,24.93,24.76,24.76,25.02,24.93,25.02,24.76,24.85,24.93,24.93,25.46,25.02,24.76,24.67,24.67,24.85,25.02,25.20,24.67,25.28,25.20,24.85,25.02,25.11,24.76,24.93,25.20,24.57,24.93,25.02,24.93,24.85,24.48,25.11,24.85,24.93,25.02,24.67,24.85,25.11,24.93,24.93,24.67,24.67,25.11,24.57,25.20,25.28,24.85,24.85,24.76,24.76,25.37,24.76,24.93,24.85,25.98,25.72,25.55,25.63,25.81,25.72,25.72,25.72,25.81,26.05,26.23,26.47,26.23,26.56,26.64,27.13,27.45,27.76,28.00,28.61,29.15,29.80,30.60,30.95,30.25,29.73,29.00,28.54,28.16,27.92,27.76,27.69,27.13,27.69,27.62,27.29,27.36,27.22,27.13,27.22,26.96,27.92,27.92,27.76,27.29,26.14,25.72,25.37,24.93,24.93,25.02,24.93,24.67,24.85,25.46,24.85,24.48,25.20,24.76,24.93,25.28,24.93,25.02,25.28,24.76,24.67,25.02,24.57,25.11,24.76,24.93,24.67,24.67,24.76,24.76,25.46,24.76,25.20,25.02,24.85,24.67,25.02,24.85,24.57,24.85,24.93,24.85,25.11,25.02,25.11,24.76,24.85,25.11,24.85,24.93,24.76,25.02,25.11,25.02,24.76,24.85,24.67,24.85,24.76,24.67,25.11,24.67,24.93,24.85,24.85,25.02,25.02,24.93,25.20,24.85,25.11,24.67,24.76,24.93,24.48,24.93,24.57,24.93,24.67,24.85,24.67,25.28,25.11,25.02,24.76,24.76,24.85,24.93,24.85,24.93,24.85,24.67,25.02,24.85,24.93,24.93,24.76,24.57,24.57,24.85,24.85,25.02,25.02,24.57,25.02,25.02,25.02,24.57,25.02,24.39,24.93,24.85,24.85,24.85,24.85,24.76,24.85,25.02,24.76,24.85,24.93,25.02,25.02,25.02,24.67,24.48,24.85,24.85,24.93,24.93,24.85,24.76,24.57,24.76,24.85,24.67,24.57,24.67,24.67,24.85,24.67,24.93,24.85,24.48,24.93,24.67,24.48,25.11,24.67,24.93,24.48,24.29,24.39,24.85,24.48,24.85,24.57,24.93,25.02,24.57,24.76,24.67,24.76,24.57,24.39,24.76,24.57,24.29,24.85,24.57,24.20
24.57,24.85,24.29,24.29,24.67,24.57,25.02,24.85,24.76,24.85,24.67,24.76,24.20,24.67,24.57,24.57,24.29,24.67,24.85,24.76,24.57,24.76,24.93,24.67,24.57,24.48,24.85,24.85,24.57,24.76,24.48,24.57,24.57,24.85,24.76,24.48,24.76,24.85,24.76,24.67,24.76,24.29,24.57,24.67,24.76,24.93,24.67,24.67,25.02,24.39,24.67,25.02,24.93,24.93,24.76,24.67,25.02,25.20,24.85,24.39,24.93,25.02,25.11,24.67,24.76,24.93,25.02,24.67,24.85,25.02,24.93,24.93,24.85,24.76,24.67,24.85,24.93,24.93,24.67,24.39,24.93,24.76,24.76,24.85,24.76,24.93,24.93,24.76,24.57,25.11,25.02,25.11,24.67,24.85,24.85,25.02,24.57,24.48,25.11,24.67,24.48,24.76,25.20,25.37,24.93,24.85,24.48,24.93,24.85,24.93,24.85,25.02,24.48,24.57,25.11,24.85,25.28,24.93,24.76,24.85,24.67,25.02,24.76,24.93,24.85,24.76,24.85,24.93,24.85,25.02,24.85,24.85,25.28,24.85,24.93,25.20,24.93,24.76,24.93,25.02,25.02,25.11,25.20,25.11,25.20,24.57,25.02,25.02,24.93,24.76,25.20,24.76,24.85,24.93,24.57,24.76,24.85,25.02,25.28,25.11,24.93,25.20,24.85,24.76,25.11,25.20,25.55,25.88,25.63,25.55,25.63,25.46,25.81,25.63,25.98,25.88,26.31,26.23,26.47,26.80,26.96,27.45,28.16,29.45,31.02,32.18,32.39,32.84,32.65,34.32,32.72,32.32,32.77,32.25,30.46,29.07,28.54,28.00,27.85,27.85,27.85,27.76,27.53,27.85,27.22,27.22,27.13,28.00,28.61,28.00,27.76,26.31,25.72,25.20,25.02,25.11,24.93,25.02,25.28,25.11,24.48,25.11,24.67,24.85,24.76,25.28,24.76,24.93,24.93,25.02,24.76,24.93,24.85,24.48,24.93,24.76,25.20,25.02,25.11,25.02,24.93,24.93,24.85,24.67,25.20,24.67,24.93,24.85,25.02,24.85,24.57,24.93,24.85,24.76,24.76,24.76,24.76,25.02,25.37,24.57,24.93,24.85,24.76,24.93,25.02,25.11,24.67,24.76,25.02,24.67,24.67,24.57,24.93,24.85,24.57,24.57,24.39,24.85,24.57,25.11,25.02,24.48,24.85,24.93,25.02,24.85,24.93,24.76,24.85,25.02,24.85,24.93,24.85,24.85,25.02,24.67,24.48,24.11,24.85,24.57,25.02,24.57,24.93,25.11,24.20,25.02,24.67,25.20,24.67,25.11,24.93,24.57,25.11,24.85,24.93,25.02,24.85,24.85,24.67,24.67,25.02,24.48,24.48,24.85,24.93,24.85,24.76,25.11,24.48,24.39,24.76,24.57,24.67,24.57,25.02,24.93,24.85,24.48,24.93,25.20,24.57,24.93,24.67,24.57,24.93,24.67,24.57,24.76,24.48,24.57,24.57,24.93,24.85,24.57,24.20,24.57,24.57,24.76,24.11,24.85,24.48,24.48,24.76,25.11,24.57,24.67,24.93,24.76,24.67,25.02,24.76,24.57,24.93,24.76,24.93,24.39,24.20,24.48,24.67,23.92,24.76,24.67
24.76,24.48,24.93,24.39,24.39,24.48,24.29,24.57,24.29,24.57,24.76,24.48,24.76,24.11,24.67,24.76,24.57,24.76,25.20,24.76,24.48,24.85,24.57,24.48,24.48,24.67,24.76,24.76,24.76,24.57,24.57,24.57,24.76,24.67,24.67,24.57,24.76,25.02,24.39,24.48,24.57,24.76,24.85,24.67,24.57,24.29,24.57,24.76,24.57,24.39,24.67,24.67,24.93,24.39,24.85,24.93,24.57,24.93,24.85,24.93,24.39,24.85,24.85,24.93,24.57,25.11,24.76,24.76,24.67,24.76,24.57,24.76,24.76,24.48,24.57,24.48,24.67,24.67,24.11,24.67,24.57,24.85,24.76,24.85,24.48,24.76,24.76,24.67,24.57,24.76,24.76,24.85,24.67,24.67,25.28,24.76,24.85,24.93,24.57,24.48,24.93,24.93,24.67,25.02,24.57,24.93,24.57,24.29,25.11,24.67,24.76,24.85,24.93,24.93,25.20,24.93,24.67,24.85,24.76,25.20,24.93,24.57,24.67,24.67,24.93,24.57,24.57,24.67,24.57,25.02,25.20,25.37,24.76,24.76,25.11,25.02,24.57,24.85,25.28,25.20,24.93,24.85,24.85,25.28,24.67,24.57,25.20,24.85,24.76,25.20,25.11,24.67,25.20,24.93,25.20,24.67,24.39,24.93,25.20,24.93,25.20,24.67,25.28,24.85,25.02,25.55,25.98,25.46,25.88,25.72,25.81,25.55,25.88,25.63,25.63,25.88,26.40,26.31,26.80,27.22,28.00,28.61,31.22,32.46,32.11,33.04,32.46,32.18,31.57,31.71,30.53,31.57,33.11,33.04,33.37,32.91,31.02,29.00,28.61,28.46,28.23,27.92,28.00,27.92,27.53,27.69,27.53,28.09,28.39,28.00,27.76,26.47,25.63,25.11,24.76,24.85,25.02,25.20,24.76,24.76,25.37,24.93,24.93,25.02,24.57,24.85,24.76,25.11,24.85,25.11,25.20,24.93,24.93,24.93,24.57,25.02,24.93,24.67,24.85,24.93,24.93,24.48,24.76,25.28,24.76,25.11,24.85,24.57,24.57,24.67,24.39,24.85,24.85,24.67,24.85,24.57,24.76,25.02,24.67,24.67,24.57,24.76,24.85,24.85,24.93,24.93,25.02,24.20,25.02,25.02,24.85,24.93,24.67,24.76,24.93,24.93,24.29,24.29,24.67,25.11,24.20,24.48,24.67,24.76,25.11,25.02,24.57,24.93,24.67,24.20,25.63,24.85,24.57,24.67,24.76,24.67,24.85,25.02,24.57,24.76,24.85,24.57,24.76,24.20,24.85,24.93,25.11,24.76,25.11,24.48,24.57,24.93,24.57,24.57,24.85,24.76,24.67,25.02,24.85,24.76,24.76,24.93,24.57,24.85,24.67,24.93,24.57,24.48,24.48,24.39,24.39,24.48,24.57,25.20,25.02,24.93,25.02,24.48,24.85,24.67,24.76,24.39,24.93,24.93,25.02,24.67,24.57,24.57,24.67,24.85,24.57,25.02,24.67,24.93,24.67,24.67,24.85,24.67,24.67,24.57,24.48,24.67,25.11,24.76,24.85,25.02,24.57,24.20,24.67,24.57,24.85,24.93,24.48,24.48,24.76,25.11,24.67,24.39,24.67,24.67,24.67,24.57
24.48,24.85,24.57,24.57,24.39,24.76,24.57,24.29,24.57,24.76,24.85,24.48,24.57,24.76,24.29,24.67,24.29,24.67,24.67,24.48,24.76,24.39,24.57,24.57,24.48,24.67,24.76,24.67,24.57,24.57,24.57,24.48,24.85,24.67,24.67,24.57,24.39,24.39,24.67,24.57,24.39,24.76,24.67,25.02,24.67,24.76,24.57,24.85,24.67,24.85,24.39,24.85,25.11,24.85,24.76,24.57,24.85,24.48,24.93,24.48,24.93,24.48,24.85,25.11,24.85,25.20,24.76,24.85,24.48,25.02,24.76,24.93,25.20,24.67,24.85,24.57,24.67,24.39,24.85,24.48,25.02,24.39,24.76,24.85,24.76,24.57,24.93,25.37,24.76,24.76,24.93,24.85,24.85,24.93,24.85,24.67,24.85,24.93,24.85,24.76,24.93,24.67,24.93,24.76,25.20,24.93,24.76,24.93,25.28,24.76,24.85,24.76,24.67,24.93,24.85,24.85,24.57,24.67,24.76,25.02,24.85,25.20,24.93,24.76,25.11,24.93,24.57,24.93,24.76,25.11,24.76,24.76,25.20,24.76,24.67,24.85,25.37,25.20,24.93,24.67,24.93,24.85,24.76,24.85,24.76,24.85,24.76,24.85,24.76,24.67,25.11,25.02,24.93,24.76,24.85,24.67,24.93,24.67,25.20,25.37,24.67,24.76,25.20,24.67,25.20,25.55,25.98,25.81,26.47,26.05,25.55,26.14,25.88,25.81,25.72,26.05,26.05,26.73,27.05,27.69,29.80,33.61,34.39,32.91,30.60,29.07,28.00,28.16,27.53,27.45,28.00,27.92,28.61,30.09,32.46,33.23,33.04,32.91,30.09,29.36,29.00,28.70,27.85,28.09,27.85,27.76,27.36,28.61,28.91,28.16,28.23,26.56,26.05,25.37,25.28,25.02,24.93,25.28,25.11,24.76,25.02,25.02,25.28,25.37,24.76,24.76,24.57,25.02,25.11,24.48,24.76,24.93,24.85,24.67,24.93,24.57,24.85,25.20,24.67,24.93,25.02,24.57,25.20,24.93,24.85,24.57,25.20,24.76,24.76,24.76,24.85,24.93,25.11,25.11,24.93,24.57,24.85,24.76,24.85,24.67,24.67,25.02,24.76,24.76,25.02,24.76,24.76,24.85,24.67,24.85,24.85,24.85,24.93,24.85,24.48,24.85,24.57,25.02,24.39,24.76,24.93,24.48,24.76,24.57,25.02,24.67,24.67,24.39,25.20,24.57,24.85,24.76,25.11,24.85,24.85,25.20,24.67,24.76,24.67,24.67,24.76,25.11,24.76,24.67,24.93,24.93,24.85,24.85,25.11,24.67,25.11,24.85,24.67,24.76,24.85,25.02,24.57,24.67,24.93,25.02,24.76,25.02,24.85,24.67,25.02,24.93,24.76,25.02,24.93,24.93,24.76,24.85,24.76,24.67,24.93,24.93,25.20,25.02,24.76,24.67,25.02,24.76,24.67,24.93,25.11,24.67,24.67,24.76,24.67,24.93,24.48,24.29,24.93,24.76,24.93,24.67,24.29,24.67,24.85,24.76,24.48,24.76,24.48,24.76,25.02,24.57,24.93,24.48,24.67,24.76,24.76,24.85,24.39,25.02,24.67,24.57,24.67,25.11,24.48,24.67,24.67,24.48
24.29,24.57,24.48,24.39,24.48,24.76,24.67,24.29,24.85,24.20,24.76,24.93,24.76,24.85,24.39,24.85,24.57,24.85,24.48,24.67,24.85,24.57,24.67,24.57,24.57,24.48,24.57,24.67,24.57,25.02,24.67,25.28,24.57,24.76,24.67,25.11,24.85,24.67,24.48,24.67,24.57,24.29,24.67,24.67,24.39,24.76,24.93,24.57,24.67,24.67,25.11,25.02,24.93,25.20,24.76,24.48,24.67,24.57,25.11,24.67,25.28,25.11,25.02,24.57,25.11,24.85,24.93,24.85,24.39,24.57,24.67,24.48,24.57,24.76,24.93,24.93,24.76,24.76,24.76,24.85,25.28,24.76,24.85,24.93,25.11,24.93,24.76,24.57,24.57,24.57,24.76,24.48,24.57,25.02,24.76,24.93,24.93,24.67,24.76,24.85,24.57,24.76,24.85,24.67,24.76,24.76,24.85,24.76,24.48,24.85,25.02,25.02,25.02,24.57,24.67,25.20,24.76,25.28,24.67,24.67,24.93,24.93,24.76,24.48,24.85,24.85,24.85,24.76,24.93,25.11,25.11,25.20,25.11,24.57,25.02,24.48,25.11,24.67,24.93,25.28,24.85,24.76,25.11,25.20,25.46,25.02,25.11,24.76,24.67,24.67,24.76,24.67,24.93,24.67,25.20,24.85,24.67,24.76,24.93,24.85,24.76,25.11,24.76,24.93,25.28,25.46,25.98,26.05,26.40,26.05,25.72,25.88,25.72,26.05,26.31,26.47,26.80,27.05,28.16,29.52,32.51,33.37,33.37,29.15,27.69,27.85,27.22,27.36,27.29,27.05,27.36,27.29,27.76,27.76,28.30,30.18,33.49,35.07,34.45,31.57,30.09,29.66,28.77,28.77,28.23,27.69,27.36,29.07,29.15,28.84,28.30,26.73,25.72,25.72,25.46,25.37,24.93,25.28,25.20,24.85,24.93,24.76,24.85,25.28,25.28,24.85,25.02,24.85,24.85,24.93,24.67,24.76,24.85,24.76,25.20,24.57,24.93,25.11,24.93,24.39,24.67,24.85,25.11,24.93,24.85,24.85,24.67,24.76,24.85,24.85,24.67,25.20,24.76,24.85,25.11,24.57,24.57,24.76,24.67,25.11,24.67,24.67,25.02,25.11,24.85,24.76,24.57,25.02,24.85,24.76,24.76,24.85,24.85,25.02,25.11,24.85,24.76,24.76,24.67,24.76,24.85,24.85,24.57,24.76,24.48,24.76,24.85,24.85,24.76,24.76,24.48,24.85,24.57,24.67,24.57,24.11,24.57,25.02,24.48,24.76,24.67,24.85,24.93,24.76,24.76,24.85,24.57,24.39,24.57,24.57,24.20,24.67,24.93,24.76,24.76,24.93,24.85,25.02,24.57,24.67,24.93,25.20,24.85,24.39,24.39,24.93,25.02,24.48,24.93,24.93,24.29,24.29,24.93,24.39,25.02,25.28,24.57,24.11,24.85,25.02,24.48,24.93,24.93,24.48,24.57,24.57,24.67,24.85,24.93,24.29,24.29,24.57,24.76,24.20,24.57,24.57,24.29,24.93,24.67,24.48,24.39,24.57,24.67,24.29,24.67,24.57,24.39,24.39,24.29,25.11,24.57,24.57,24.67,24.76,24.76,24.57,24.67,24.76,24.76,24.67,24.48,24.48
24.48,24.76,24.20,24.29,24.67,24.85,24.76,24.67,24.20,24.76,24.85,24.57,24.57,24.39,24.93,24.67,24.67,24.67,24.67,24.39,24.11,24.67,24.48,24.57,24.29,24.67,25.11,24.29,25.02,24.85,24.48,24.76,24.29,24.57,24.85,24.93,24.48,24.76,24.76,24.39,24.67,24.67,24.11,24.93,24.76,24.57,24.76,24.76,24.67,24.39,24.85,24.57,24.85,25.28,24.57,24.76,25.11,24.93,25.02,24.67,24.67,24.85,24.85,24.93,24.76,24.76,24.76,24.85,24.76,24.76,24.39,25.20,24.76,25.02,24.76,24.67,24.76,24.85,24.29,24.93,24.76,24.76,24.85,24.48,25.28,24.67,24.76,24.67,24.67,24.85,24.39,24.39,25.20,24.93,24.76,24.57,24.48,24.85,24.57,24.57,24.93,24.85,24.76,25.02,24.76,24.85,24.76,24.67,24.85,24.93,24.67,25.11,24.85,25.20,25.28,25.02,24.85,24.48,24.67,25.20,24.85,24.76,24.93,25.02,25.02,24.85,24.93,24.76,24.76,24.85,24.67,24.67,24.76,25.02,25.28,24.93,24.76,24.67,24.93,24.85,25.63,25.37,24.76,25.11,24.93,25.11,25.11,24.85,24.93,24.67,24.67,24.85,25.20,24.85,24.85,24.67,25.11,25.02,24.85,25.11,24.76,24.76,25.11,25.11,25.11,25.63,26.31,26.31,26.56,25.98,26.23,26.05,26.31,26.23,26.56,26.73,27.05,27.45,28.84,32.04,32.39,31.57,28.54,27.85,27.45,27.53,27.69,26.96,26.96,27.29,26.96,27.53,27.69,27.29,27.92,28.23,29.66,33.87,35.80,36.45,32.11,30.67,29.80,29.22,28.70,28.16,28.00,28.84,29.45,29.00,28.84,27.05,25.88,25.72,25.28,25.20,25.20,25.11,25.55,24.93,24.76,24.67,25.02,25.20,24.76,24.76,25.20,24.76,25.28,24.67,24.57,24.85,24.85,24.85,24.85,24.85,24.93,24.48,24.67,25.37,24.85,25.37,24.85,24.48,25.20,24.93,25.02,24.48,25.11,24.93,25.02,24.85,24.93,25.02,24.93,24.76,25.20,24.76,25.11,24.93,24.57,25.11,24.76,24.93,24.85,24.76,25.37,24.85,24.85,24.57,25.11,25.28,24.67,24.57,24.57,24.67,24.76,25.28,24.67,24.93,24.85,24.67,24.67,24.93,24.85,24.67,24.57,24.93,24.85,24.57,24.85,24.67,24.93,24.20,24.76,25.11,25.02,24.93,24.76,24.93,24.76,24.93,24.76,24.76,25.02,24.67,24.93,25.20,24.93,24.85,24.57,24.57,24.85,24.85,24.76,25.28,25.02,25.11,24.39,25.02,24.85,24.76,24.85,24.57,24.76,25.02,24.57,24.85,24.85,24.93,24.48,24.48,24.85,24.76,25.20,25.02,24.67,24.29,25.02,24.76,24.48,24.57,24.67,24.76,25.11,24.76,24.48,24.48,24.93,25.11,24.48,24.67,25.11,24.57,24.85,24.48,25.11,24.85,24.57,24.93,24.85,24.67,24.39,24.57,24.85,24.76,24.67,24.85,24.48,24.29,24.76,24.57,24.48,25.02,24.48,24.57,24.67,24.76,24.93,24.93,24.39,24.29
24.48,24.57,24.48,24.20,24.57,24.57,24.57,24.57,24.20,24.85,24.29,24.48,24.85,24.67,24.57,24.29,24.20,24.67,24.20,24.57,24.76,24.57,24.48,24.48,24.57,24.39,24.29,24.76,24.85,24.57,24.57,24.76,24.76,24.76,24.67,24.85,25.11,25.11,24.76,24.57,24.76,24.48,24.85,24.76,24.39,24.67,24.85,24.48,24.76,25.02,24.57,24.76,25.11,24.57,24.76,25.20,25.02,24.57,24.39,25.28,24.48,25.02,25.02,24.93,25.11,24.76,24.48,24.48,24.48,24.48,24.67,24.57,24.67,24.85,25.11,25.02,24.76,25.11,24.93,24.57,24.93,24.57,25.20,24.76,25.02,25.02,24.85,24.76,24.67,24.76,24.93,24.85,24.76,24.85,24.67,24.67,24.39,25.28,24.57,25.02,25.02,24.57,25.20,25.28,24.76,24.85,24.85,24.67,24.85,24.76,24.67,24.76,24.93,25.28,24.48,24.76,24.85,24.85,24.85,24.76,25.11,24.85,25.02,24.85,24.93,24.85,25.11,24.76,24.67,24.93,24.48,25.46,24.76,24.76,24.85,24.48,25.20,24.85,24.67,24.20,25.20,25.37,24.57,24.85,25.20,25.11,24.76,24.85,24.67,24.93,24.85,24.93,25.02,25.11,24.85,24.93,25.20,25.11,25.20,25.11,24.93,25.20,25.02,24.85,25.11,25.55,26.40,26.31,26.23,26.23,26.14,26.14,26.31,26.40,26.56,26.64,27.22,28.30,31.92,32.98,31.57,28.23,27.92,27.22,27.53,26.89,27.22,27.22,27.22,27.05,27.22,27.45,27.45,27.85,27.92,28.23,28.70,30.32,36.64,74.05,66.26,32.91,31.57,30.32,29.36,28.77,27.76,29.07,29.66,28.77,29.15,27.45,26.05,25.46,25.37,25.28,24.85,25.20,24.76,25.37,24.85,25.02,24.76,24.76,25.37,25.28,24.93,25.20,25.20,24.93,25.28,24.76,24.67,24.93,25.02,24.85,24.85,25.28,24.85,24.85,24.67,24.67,25.02,24.93,24.57,24.76,24.67,25.02,24.76,24.85,24.76,24.93,24.39,24.93,24.76,24.85,24.48,24.67,24.67,24.67,24.76,24.48,25.20,24.67,25.02,24.85,24.57,24.93,24.93,24.76,25.02,25.02,24.67,24.76,24.57,25.02,24.76,24.93,24.93,25.02,24.48,25.20,24.93,24.39,24.85,24.85,24.57,24.67,24.67,24.85,24.48,24.57,24.57,25.02,24.76,24.76,24.85,24.57,24.67,24.93,24.93,24.76,24.57,24.67,24.57,25.02,24.76,24.57,25.11,24.85,24.76,24.76,24.29,25.02,24.20,24.48,24.48,24.76,24.39,24.67,24.57,24.76,24.85,24.93,24.85,24.93,24.57,24.76,24.85,25.11,24.57,24.48,24.57,25.02,24.76,24.57,24.67,24.57,24.93,24.93,24.29,24.85,24.93,24.57,24.57,25.02,25.02,25.02,24.76,25.02,24.85,24.85,24.76,24.85,24.67,24.48,24.48,24.67,24.29,24.57,24.85,24.67,24.39,24.85,24.85,24.48,24.76,24.76,24.48,24.48,24.76,25.02,24.39,24.48,24.67,24.57,24.85,24.76,24.93,24.57,24.76,24.76
24.57,24.67,25.11,24.76,24.76,24.57,24.67,24.67,24.57,24.48,24.85,24.85,24.85,24.67,24.76,25.02,24.20,24.01,24.48,24.57,24.76,24.67,24.76,24.85,24.93,24.67,25.20,24.85,24.76,24.67,24.67,24.29,24.85,24.93,24.67,24.67,24.76,25.11,24.67,24.67,24.76,24.57,25.02,25.02,24.39,25.02,24.93,24.57,24.67,24.67,25.02,24.67,24.67,24.85,24.57,25.20,25.20,25.11,24.85,24.93,24.76,24.76,24.67,24.57,24.57,24.85,24.57,24.93,24.76,25.11,24.93,24.85,24.85,24.93,24.85,24.85,24.67,24.29,24.85,24.76,24.67,24.76,24.67,24.85,24.67,24.93,24.93,24.67,24.76,24.85,24.76,25.02,24.67,24.67,24.85,24.93,25.28,24.85,24.57,24.85,25.11,24.57,24.85,24.85,25.28,24.93,24.93,24.76,24.67,25.20,25.20,24.76,25.02,24.93,24.76,24.85,24.85,24.85,24.85,24.93,24.93,24.93,24.93,24.93,25.11,24.85,24.85,24.93,24.67,25.11,24.85,24.76,24.93,24.85,24.85,24.93,24.57,24.67,24.85,24.85,24.76,25.02,24.67,24.85,25.11,24.76,24.67,24.85,24.67,25.11,24.93,24.57,24.85,24.39,25.02,24.57,25.02,25.20,24.67,25.28,25.20,25.20,25.11,24.57,25.11,25.11,26.31,26.64,26.56,26.31,26.31,26.23,26.14,26.56,26.80,27.36,28.23,29.66,33.42,32.84,29.00,27.85,27.76,27.29,27.29,27.29,27.22,27.13,27.45,27.62,27.45,27.69,27.76,28.00,28.23,28.70,29.15,30.25,34.76,118.45,129.51,46.17,33.17,31.97,30.32,29.80,28.91,29.36,29.66,29.29,28.70,27.13,25.81,25.72,25.28,25.20,25.28,25.20,25.02,25.28,25.02,24.48,25.20,24.85,24.93,24.39,24.85,25.11,24.76,24.57,25.02,25.28,25.20,25.20,24.93,24.57,25.11,24.93,24.85,24.85,24.67,25.02,25.20,24.57,24.57,24.76,24.85,25.28,25.02,24.93,24.76,24.93,24.67,24.67,24.85,24.76,24.67,25.28,25.02,24.93,25.02,24.76,24.85,24.85,24.76,24.85,24.93,25.28,24.93,24.85,24.48,24.85,24.93,24.67,25.02,24.93,24.85,24.76,24.76,25.02,24.93,24.57,24.93,24.76,24.93,24.93,25.02,24.48,24.93,25.02,24.93,25.20,24.39,24.76,24.67,24.76,25.20,24.76,24.93,24.93,24.76,25.20,25.02,24.76,24.76,25.02,24.85,24.76,24.85,24.57,25.02,24.48,24.67,24.39,24.93,24.76,24.57,24.57,24.93,25.11,24.85,24.76,24.85,25.11,25.11,24.85,24.85,24.29,24.57,24.67,24.67,24.57,24.57,24.76,25.02,24.93,24.85,24.85,24.85,24.76,24.48,24.76,24.93,24.85,24.85,24.93,24.67,24.57,24.57,24.93,24.57,24.57,24.67,25.02,25.02,24.93,24.20,24.76,24.48,24.48,24.67,24.48,24.57,24.29,24.20,24.67,24.57,24.85,24.48,24.57,24.93,24.48,24.93,24.85,24.57,24.85,24.57,24.67,24.67,24.48,24.67,24.57
24.67,24.57,24.39,25.02,24.39,24.48,24.48,25.02,24.11,24.57,24.11,24.01,24.85,24.57,24.48,24.67,24.85,24.93,24.93,24.93,24.57,24.76,24.48,24.57,24.85,24.76,24.67,24.67,24.76,24.76,24.76,24.93,24.67,24.57,24.93,24.85,25.11,24.57,24.67,25.02,24.57,24.39,24.57,25.11,24.57,25.02,24.48,24.48,24.57,24.85,25.20,24.76,24.57,24.85,24.85,24.39,24.93,25.02,24.85,24.57,23.92,25.20,24.57,24.67,24.67,24.76,24.76,24.93,24.57,25.02,24.76,25.28,25.02,24.93,24.85,24.93,24.76,24.76,24.57,24.93,24.76,25.02,24.76,24.76,24.67,24.85,24.20,24.93,25.02,24.93,24.67,24.85,24.76,25.28,24.85,24.57,24.76,25.11,24.76,24.93,24.85,24.93,25.20,25.37,24.57,24.57,24.76,25.28,24.85,24.76,24.67,24.67,25.02,24.67,25.02,24.67,24.93,25.02,24.93,24.67,25.28,25.20,25.20,24.85,24.76,25.20,24.85,24.76,25.20,24.93,25.02,24.67,24.76,24.57,24.85,25.20,25.11,24.76,24.85,25.28,24.85,24.93,25.11,25.11,24.76,24.67,24.93,25.11,24.85,25.02,24.67,25.11,24.76,24.67,25.02,24.85,25.11,24.67,25.02,24.85,25.02,25.20,25.11,25.02,25.11,25.37,26.80,26.73,26.80,25.72,26.23,26.40,26.23,26.96,26.56,27.36,28.54,32.51,33.42,31.02,28.30,27.85,27.36,27.69,27.22,27.36,27.45,27.22,27.36,27.76,27.92,27.76,27.85,28.09,28.61,29.00,29.59,30.88,33.75,161.99,164.23,160.30,36.45,34.27,31.92,30.32,29.00,29.66,30.09,29.73,28.84,27.13,26.23,25.55,25.46,24.85,24.85,24.85,25.37,24.85,25.02,24.93,25.02,25.37,24.93,25.11,24.85,25.20,24.85,24.85,25.28,25.02,24.76,24.57,24.85,24.76,25.28,24.67,25.11,24.39,25.02,24.57,25.20,24.93,24.93,24.57,24.76,25.20,25.02,24.93,24.85,24.76,24.67,24.85,24.85,24.93,24.67,24.85,25.02,24.76,24.67,25.02,24.57,24.93,25.02,24.85,24.57,24.76,24.67,24.57,24.67,24.67,25.20,25.02,24.76,24.57,24.93,24.76,24.20,24.57,24.93,24.76,24.93,24.76,24.57,24.39,24.93,24.93,25.11,24.67,24.85,24.67,25.02,24.48,24.85,24.39,25.02,24.67,24.39,24.67,24.48,24.93,24.67,25.11,24.67,24.76,25.02,24.57,24.39,24.67,24.76,25.02,24.57,24.76,24.76,24.57,24.93,25.11,24.57,24.85,24.93,24.85,24.93,24.48,24.48,24.67,24.93,25.02,24.67,25.11,24.57,24.93,24.76,24.76,24.76,24.85,25.02,24.57,25.11,24.39,24.39,24.85,24.93,24.57,24.85,24.93,25.11,24.93,24.76,25.02,24.57,24.29,24.76,24.85,24.67,24.29,24.48,24.67,24.76,24.67,24.67,24.93,24.85,24.76,24.85,25.11,24.39,24.67,24.67,24.85,24.57,25.02,25.02,24.57,24.39,24.85,24.48,24.76,24.67,24.76,24.76,24.01
24.85,24.39,24.39,24.48,24.76,24.48,24.76,24.67,24.39,24.67,24.67,24.67,24.67,24.67,25.02,24.93,24.39,24.57,24.48,24.67,24.67,24.85,24.76,24.57,24.67,24.67,24.29,24.76,24.85,24.67,24.57,24.57,24.67,25.02,24.39,24.76,24.57,24.11,24.39,24.01,24.76,24.57,25.02,24.67,24.57,25.02,24.67,24.48,24.93,25.20,24.48,24.76,24.85,24.85,24.48,24.76,25.02,24.85,25.11,24.93,24.57,24.85,24.48,24.57,24.48,24.76,25.11,24.76,24.93,24.85,24.01,24.57,24.76,24.93,24.85,24.67,24.67,24.76,24.93,24.67,24.93,24.85,24.76,24.85,24.67,24.67,25.28,24.67,25.28,24.76,24.57,24.76,25.02,25.20,25.11,24.57,24.93,24.93,24.76,24.93,24.93,24.85,24.76,24.76,24.93,24.85,24.93,24.76,24.76,24.67,24.57,24.85,25.11,25.20,24.76,25.28,24.67,24.67,24.93,24.76,24.93,25.11,25.11,25.11,24.85,24.76,25.02,24.76,24.85,25.11,25.20,25.11,24.85,24.57,24.67,25.28,25.11,25.28,24.67,25.37,24.48,24.67,25.20,25.11,24.93,24.57,25.20,25.02,24.48,25.20,25.11,25.20,24.76,24.85,24.93,24.76,25.28,25.02,24.76,24.76,25.11,25.20,25.02,25.11,25.28,25.37,26.96,26.64,26.89,26.23,26.40,26.40,26.31,26.47,26.73,27.62,29.36,34.39,34.20,29.66,28.61,27.85,27.45,27.69,27.13,27.76,27.76,27.85,27.76,28.00,28.16,28.54,28.39,28.91,29.00,29.80,30.81,31.97,34.76,163.11,219.16,225.61,119.38,48.94,34.01,31.85,30.46,30.46,30.39,29.59,28.91,27.13,26.05,26.14,25.37,25.02,25.37,25.28,24.67,24.85,25.20,25.11,25.20,25.02,24.85,25.02,25.02,24.85,25.11,24.76,24.67,25.28,24.67,24.76,25.20,24.85,24.85,25.28,24.76,24.57,24.76,24.93,25.02,24.85,25.02,24.93,24.93,25.11,24.57,24.67,24.76,25.20,24.67,24.76,24.93,24.85,24.48,24.76,24.67,25.11,24.93,24.67,24.76,25.55,24.57,24.76,25.11,24.67,24.76,24.93,24.85,25.11,24.93,25.28,24.93,24.85,24.93,24.76,24.85,24.57,24.57,25.02,24.85,24.57,24.76,24.76,24.57,24.76,24.76,24.76,25.11,24.67,24.76,25.11,25.02,24.20,24.57,24.93,24.57,25.11,24.85,24.93,24.57,24.85,25.11,24.67,24.85,24.48,24.29,24.67,24.76,24.57,24.76,24.85,24.67,24.57,24.67,24.85,24.67,24.85,24.57,24.67,24.76,24.93,24.76,25.11,24.76,24.57,24.76,24.85,24.67,25.02,24.39,24.29,25.02,24.57,24.85,24.85,25.02,24.20,24.48,24.67,24.57,25.20,24.67,25.02,24.85,24.67,24.67,24.57,24.93,25.02,24.29,25.02,24.48,24.85,24.48,24.93,24.85,24.48,24.76,24.67,24.93,24.76,24.67,24.85,24.85,24.48,24.67,24.67,24.85,24.48,24.85,24.39,24.85,24.76,24.93,24.76,24.48,24.67,24.67,24.11
24.67,24.67,24.67,24.48,24.20,24.29,24.29,24.48,24.48,24.57,24.29,24.39,24.67,24.76,24.57,24.57,24.76,24.29,24.93,24.76,24.48,24.93,24.39,24.57,24.85,24.67,24.57,24.48,24.29,24.67,25.20,25.20,24.85,24.76,24.76,24.76,24.39,24.76,24.76,24.48,24.48,24.67,24.76,24.57,24.48,24.48,24.85,24.76,24.57,25.02,24.39,24.48,24.57,24.93,24.76,24.76,25.02,24.57,24.93,24.67,24.76,24.85,25.02,24.76,24.48,24.85,24.67,24.76,24.29,24.93,24.93,24.67,24.57,24.67,25.11,24.76,24.76,24.85,24.85,25.02,24.76,24.39,24.39,24.76,24.93,24.76,24.48,24.76,24.85,24.20,24.85,24.85,25.11,24.67,25.20,24.93,24.85,25.20,24.57,24.93,24.76,24.67,24.85,24.57,25.20,24.85,24.93,24.85,24.57,24.76,24.93,24.67,24.85,24.76,24.85,24.57,25.37,24.76,24.76,24.57,24.93,25.20,24.76,24.93,24.93,24.76,24.67,24.57,24.76,25.11,24.57,24.67,24.76,25.11,24.93,24.67,24.76,25.02,25.11,24.93,24.85,24.93,25.02,25.28,24.57,24.93,24.85,24.57,25.20,24.67,25.20,25.11,24.93,24.48,25.46,24.67,25.02,25.02,25.20,24.93,24.67,24.67,24.57,25.02,25.28,25.63,26.80,26.47,27.36,26.89,26.31,26.73,26.64,26.56,27.22,28.16,30.53,34.83,34.01,29.15,28.09,27.36,27.45,27.45,27.85,27.76,27.76,28.09,27.76,28.00,28.16,28.54,28.91,29.52,30.18,30.74,32.32,34.20,56.85,180.18,301.09,310.37,200.25,124.40,46.17,33.75,31.43,31.29,31.09,29.59,29.07,27.76,25.81,26.23,25.63,25.46,25.28,24.85,25.20,25.11,25.46,25.20,24.93,24.93,24.85,25.11,24.57,24.76,24.76,24.85,24.67,24.85,25.28,24.93,24.93,25.02,25.28,24.76,24.85,25.02,24.85,25.11,24.85,25.02,24.93,24.85,24.67,24.67,25.20,24.39,24.67,24.85,24.93,24.76,25.11,24.85,25.02,24.93,24.93,24.76,24.76,24.85,24.85,24.67,25.02,24.57,24.85,24.85,24.39,24.93,24.85,24.85,24.67,25.02,24.76,24.93,24.67,24.76,24.93,24.93,24.57,24.93,24.76,24.93,24.67,24.93,24.85,24.93,24.76,24.93,24.67,24.76,24.67,24.93,24.48,24.76,24.76,24.76,24.76,24.93,24.76,24.39,24.57,24.85,24.57,24.93,24.85,24.76,24.29,24.20,25.02,25.28,24.67,24.85,24.48,24.85,24.76,24.93,24.67,24.93,24.11,24.67,24.76,24.76,24.67,24.85,24.85,25.02,24.85,24.85,24.57,24.48,24.57,24.67,24.85,24.93,25.28,24.39,25.02,24.67,24.67,24.85,24.67,24.48,24.76,24.85,24.39,25.02,24.93,24.93,24.85,24.85,24.67,24.76,25.11,24.85,24.85,25.02,24.57,24.93,24.85,24.67,24.39,24.67,24.57,24.76,24.76,24.57,24.93,24.85,24.67,24.93,24.85,24.57,24.93,24.93,24.48,24.48,24.20,24.57,24.57,24.85
24.39,24.48,24.76,24.39,24.29,24.29,24.20,24.57,24.48,24.57,24.39,24.76,24.20,24.57,24.57,24.85,24.29,24.93,24.76,24.57,24.29,24.57,24.76,24.85,25.02,24.76,24.48,24.76,24.85,25.11,24.76,24.76,24.57,24.20,24.67,25.02,25.11,24.85,25.11,24.67,24.76,25.02,24.57,24.85,24.39,24.93,24.67,25.20,24.67,24.67,24.57,24.67,25.37,24.93,24.85,24.48,24.93,24.93,24.85,24.39,24.67,24.85,24.76,24.57,24.93,24.76,24.85,24.57,24.76,24.93,24.85,24.93,24.39,24.85,24.93,24.93,24.93,24.85,24.93,25.11,25.11,24.57,24.85,24.85,24.76,25.20,25.11,24.76,24.76,24.85,24.85,24.93,25.20,24.76,25.20,24.85,24.67,24.93,24.93,24.76,24.57,24.93,24.57,24.85,25.28,24.67,25.20,24.85,24.76,24.76,24.76,24.76,25.11,25.11,24.67,24.57,24.93,24.48,24.57,24.48,25.02,24.76,24.48,24.93,24.39,25.02,24.57,25.20,25.20,25.02,25.02,24.76,24.85,24.76,24.93,24.76,24.48,24.85,25.02,25.02,24.29,24.67,24.67,24.76,25.02,25.11,24.93,24.67,25.02,25.02,24.85,25.02,25.20,24.76,25.20,24.76,24.57,25.37,24.85,25.02,25.20,25.20,24.76,24.93,24.76,25.81,27.05,26.96,27.62,26.56,26.56,26.80,26.47,26.80,27.36,28.00,31.22,35.00,34.01,29.73,28.23,27.69,28.09,28.16,27.85,27.92,27.85,28.00,28.54,28.54,28.39,29.00,29.45,30.02,31.09,32.04,34.20,46.17,125.97,219.92,392.26,393.11,285.95,188.39,110.10,36.10,32.84,31.92,31.02,29.87,29.07,27.29,26.05,25.72,25.28,25.20,25.02,25.28,24.57,24.85,24.93,25.20,25.11,24.85,24.76,24.67,25.28,25.11,24.76,25.02,24.85,24.76,25.11,24.85,24.48,25.02,24.48,25.28,24.93,25.28,24.76,24.93,24.67,25.11,24.67,24.76,25.02,25.20,24.93,25.02,25.28,24.85,24.93,25.11,25.02,24.67,24.76,25.28,24.93,25.11,24.76,24.67,25.20,24.57,25.02,24.67,24.85,24.85,25.02,24.85,24.67,25.02,24.93,24.67,24.76,24.76,25.37,25.11,24.76,24.67,25.02,24.76,25.11,24.76,24.57,24.85,24.57,25.02,24.93,25.02,24.67,24.76,24.76,24.85,24.85,25.11,25.02,24.57,25.02,24.76,24.93,24.93,24.67,24.76,25.20,24.76,25.02,24.85,24.67,24.93,24.76,25.02,24.67,24.57,25.02,24.76,24.93,24.67,25.11,24.85,24.93,24.57,25.11,24.93,25.11,24.57,24.76,24.76,25.02,24.76,25.11,25.11,24.93,24.67,24.57,24.85,24.76,24.48,24.76,24.93,24.93,24.48,24.48,24.76,24.48,24.93,25.11,24.85,25.02,24.85,24.93,24.85,24.85,25.02,24.76,24.93,25.02,24.93,24.29,24.39,24.29,24.85,24.48,25.02,24.48,24.93,24.67,24.57,24.48,24.67,24.85,24.76,24.39,25.02,24.48,24.57,24.57,24.39,24.39,24.48,24.57,24.67
24.48,25.02,24.76,24.85,24.48,24.85,24.67,24.48,24.76,24.93,24.67,24.57,24.67,24.76,24.93,24.11,24.57,24.57,24.57,24.67,24.11,24.48,24.85,24.57,24.67,24.67,24.39,24.48,24.76,24.57,25.20,24.57,24.29,24.48,24.85,24.57,25.20,24.67,25.02,24.93,24.76,24.57,24.39,24.39,24.67,25.02,24.57,24.76,24.57,24.93,24.93,24.48,24.85,24.76,24.76,24.76,25.20,24.57,24.76,24.85,24.93,24.39,24.85,25.02,25.02,24.85,24.67,25.20,25.20,24.93,24.93,24.76,24.93,24.85,24.85,24.67,24.67,24.85,24.67,24.85,24.93,24.39,24.48,24.67,24.76,24.76,24.67,24.48,24.67,24.48,24.93,25.20,24.85,24.67,24.76,24.48,25.02,24.76,24.93,24.76,24.67,24.76,24.67,24.76,25.02,25.28,25.28,24.85,24.85,25.11,24.48,24.85,24.39,24.85,25.11,24.93,24.85,25.28,24.57,24.57,25.02,24.85,24.85,24.76,24.93,25.02,25.02,25.11,24.67,25.37,24.93,24.93,25.02,24.93,24.67,24.93,24.76,25.20,25.02,24.48,24.85,24.85,25.46,24.67,25.02,25.11,24.76,24.93,24.93,25.11,25.11,25.11,25.02,25.11,24.85,25.20,25.11,24.85,24.85,25.02,25.02,25.28,25.20,25.02,25.11,25.63,27.05,26.96,27.76,26.80,26.89,26.80,26.73,26.89,27.76,28.23,32.25,87.20,36.69,29.66,28.91,28.09,28.16,28.16,28.30,28.30,28.23,28.30,28.70,28.54,28.91,29.59,30.32,30.95,32.18,33.61,36.64,115.39,193.56,294.02,439.84,461.66,375.01,245.39,154.76,70.86,34.50,32.65,31.97,30.25,29.00,27.29,26.23,25.55,25.37,25.11,25.11,24.85,24.93,24.93,25.20,25.11,24.76,24.57,25.11,25.02,24.76,24.67,24.85,25.02,25.11,24.93,24.76,24.76,24.85,25.11,24.85,25.02,24.76,24.76,24.76,24.39,25.02,24.57,24.67,25.11,25.28,24.67,24.57,25.02,25.11,24.93,24.76,24.85,24.76,24.85,24.67,25.02,24.76,24.85,25.02,24.76,24.67,24.76,24.76,25.11,24.57,24.67,24.85,25.02,24.48,24.67,24.67,24.67,24.93,24.93,24.67,24.93,24.57,24.93,24.67,24.48,24.85,24.76,24.93,24.93,24.76,24.57,24.76,24.85,24.29,24.57,25.46,24.39,24.76,24.85,24.67,25.20,24.85,24.48,24.76,24.67,24.93,24.76,24.85,24.85,25.02,24.93,25.11,24.67,24.57,24.76,24.67,24.76,24.85,24.93,24.85,24.76,24.57,24.93,24.67,24.85,24.39,24.48,24.93,24.67,25.11,24.20,25.11,24.67,24.48,25.20,25.28,24.67,24.93,24.85,24.76,24.48,24.57,24.67,24.48,24.93,24.93,24.48,24.93,24.39,25.20,25.02,24.85,24.85,24.48,25.11,24.93,24.76,24.39,24.57,24.93,24.93,24.48,24.29,24.93,24.57,24.85,24.76,24.57,25.11,24.76,24.76,24.57,24.85,24.67,25.11,24.11,24.48,24.29,24.48,25.11,24.48,24.67,24.29,24.20,24.67
24.29,24.85,24.85,24.57,24.39,24.76,24.48,24.76,24.39,24.57,24.76,24.93,24.67,25.11,24.67,25.20,24.29,24.29,24.29,24.48,24.76,24.48,24.57,24.57,24.67,24.93,24.85,24.76,24.48,24.29,24.85,24.67,24.76,24.67,24.76,24.48,24.48,25.20,25.02,25.11,24.67,24.67,25.02,24.57,24.67,24.67,24.48,24.29,24.85,24.85,24.76,24.85,24.57,25.20,25.11,24.48,24.76,24.93,24.93,24.85,25.11,24.57,24.76,24.76,24.57,24.57,24.67,24.57,24.57,24.48,24.76,24.39,24.93,24.48,24.67,24.93,24.48,24.76,24.67,24.67,25.11,25.02,24.76,24.57,24.93,24.76,24.85,24.76,24.85,24.93,24.93,24.85,24.85,24.67,25.02,24.67,24.93,24.67,24.93,24.85,24.76,25.20,24.57,24.39,24.57,24.76,24.67,24.85,24.85,24.85,24.85,24.48,25.02,25.28,24.85,25.28,24.76,25.02,25.20,25.20,24.57,24.93,25.02,25.02,25.37,25.11,25.02,24.93,24.48,24.76,24.57,24.57,24.93,24.85,25.02,24.76,25.20,24.76,24.85,24.76,24.76,24.93,24.85,25.02,24.93,25.11,24.93,25.37,24.67,25.11,25.11,25.11,25.20,24.93,25.02,24.85,24.85,25.02,25.02,24.85,25.28,25.20,25.20,25.37,25.11,25.46,26.47,26.64,27.53,27.05,26.47,27.85,27.22,27.22,27.29,28.16,31.50,70.86,50.50,30.32,28.91,28.54,28.16,28.23,28.23,28.77,28.39,28.84,28.54,29.15,30.02,30.32,30.60,31.85,33.30,35.68,87.20,161.43,259.32,436.33,553.58,579.43,491.87,290.63,184.32,99.21,35.30,33.30,32.91,30.60,29.00,27.36,26.31,25.46,25.37,25.37,25.37,24.93,25.20,24.76,24.85,24.93,24.76,25.11,24.57,24.76,24.76,24.93,24.67,24.93,24.57,25.02,24.57,24.76,24.85,24.67,24.67,25.37,24.93,25.20,24.48,24.93,25.02,24.85,25.11,24.85,24.67,24.76,24.67,25.02,24.76,24.67,24.85,24.93,25.02,24.93,24.76,24.57,24.67,24.93,24.93,24.93,24.85,24.76,24.93,24.93,25.11,25.02,24.76,24.76,24.93,24.93,24.76,24.67,24.93,24.67,24.67,24.85,24.93,24.85,24.67,24.93,25.11,24.67,24.85,24.93,24.76,24.57,25.02,24.67,24.93,24.76,24.76,24.67,25.11,24.48,24.76,24.29,24.57,24.93,24.67,24.76,25.02,24.67,24.85,25.02,24.93,24.76,24.67,24.76,24.85,24.39,25.02,24.57,24.85,24.76,25.02,25.11,24.67,24.85,24.11,24.67,24.85,25.02,24.48,24.76,24.57,24.85,24.85,24.76,24.67,24.85,24.85,24.39,24.57,24.67,24.29,25.20,25.11,24.48,25.11,24.85,24.85,24.39,24.39,24.76,24.48,24.93,24.48,24.85,24.48,24.48,24.67,24.76,24.93,24.29,24.57,24.39,24.29,24.57,24.57,24.93,24.57,24.85,24.57,24.39,24.76,24.48,24.48,24.48,24.57,24.57,24.57,24.29,24.76,24.39,24.29,24.39,24.48,24.39,24.48,24.57
24.67,24.76,24.57,24.76,24.57,24.85,24.67,24.76,24.85,24.20,24.76,24.57,24.20,24.48,24.48,24.67,24.67,24.48,24.39,24.29,24.20,24.93,24.29,24.76,24.57,24.67,24.20,24.20,24.48,24.57,24.20,25.20,24.93,24.57,24.76,24.57,25.11,24.48,24.76,24.57,24.93,25.11,24.76,24.85,24.85,24.85,24.57,25.11,24.57,24.57,24.85,25.02,24.76,24.29,24.76,24.57,24.57,24.48,24.39,24.93,25.20,24.85,24.93,24.57,24.93,25.11,24.85,25.11,24.76,24.85,25.11,24.85,24.85,24.67,24.93,24.85,24.85,24.93,24.67,24.67,24.67,24.85,24.67,24.76,24.57,24.85,24.76,24.85,25.46,24.29,24.85,25.20,24.67,24.93,25.02,24.76,24.76,24.76,25.11,24.57,25.11,24.85,25.11,24.48,24.67,24.67,25.02,24.67,24.85,24.67,24.57,24.76,24.85,25.02,25.02,24.67,25.11,25.20,24.48,24.93,25.11,25.02,25.28,25.02,25.37,24.76,25.02,25.11,24.93,24.85,25.28,25.28,24.67,24.67,24.85,24.85,24.67,24.93,24.76,24.93,25.20,25.11,25.11,25.02,25.02,25.11,25.11,25.11,24.93,25.11,24.76,25.20,24.67,24.67,25.20,24.85,24.67,24.85,25.11,25.02,24.85,25.20,25.11,25.46,25.20,25.37,26.73,26.40,27.45,26.96,27.13,28.91,26.96,27.29,27.05,27.92,30.32,36.03,36.15,30.74,29.15,28.54,28.39,28.61,28.61,28.30,28.61,28.77,29.36,29.95,30.32,30.88,31.57,33.11,34.57,50.50,125.30,206.00,317.46,557.02,669.21,684.87,534.05,307.58,194.88,104.11,35.63,33.42,32.11,30.18,28.84,27.22,25.98,25.72,25.46,25.81,25.46,25.02,24.85,25.20,24.93,24.76,24.85,24.67,25.28,25.11,24.76,25.11,25.11,24.67,24.85,24.48,24.76,25.02,24.48,25.11,25.20,24.76,24.85,24.93,24.39,24.85,24.85,24.67,24.85,25.02,24.67,24.85,24.85,24.76,25.02,24.85,24.67,24.76,24.93,24.67,24.93,25.02,24.76,24.85,25.02,24.67,24.85,25.02,24.85,25.37,24.29,24.57,24.76,24.48,24.85,24.85,25.02,24.67,25.02,24.67,24.67,24.67,24.76,24.57,25.11,24.76,24.76,24.85,24.67,24.67,24.85,24.85,24.85,24.76,25.11,25.02,24.48,24.93,25.02,24.57,24.93,24.67,24.67,24.76,24.57,24.85,24.93,24.76,24.57,24.48,24.76,24.85,24.67,24.76,24.48,24.85,24.85,24.85,24.76,24.76,24.76,24.57,24.39,24.67,24.67,24.76,25.02,24.67,25.02,24.93,25.02,24.93,24.76,24.67,24.48,25.28,24.93,24.76,24.93,24.48,24.20,24.76,24.93,24.85,24.39,24.85,24.48,25.02,24.20,24.48,24.39,25.11,24.76,25.02,24.39,24.11,25.02,24.93,24.11,24.57,24.85,24.85,24.93,25.02,24.67,24.76,24.11,24.67,24.57,25.11,24.57,24.76,24.29,24.85,24.11,24.85,24.57,24.48,24.39,24.67,24.39,24.76,24.01,24.67,24.57,24.48
24.85,24.67,24.76,24.39,24.76,24.39,24.67,24.85,24.67,24.85,24.48,24.67,24.76,24.29,24.57,24.76,24.57,24.57,24.57,24.85,24.20,24.11,24.39,24.76,24.67,24.76,24.76,24.57,24.67,24.85,24.67,24.39,24.67,24.48,24.57,24.76,24.76,24.67,24.67,24.76,24.67,24.93,24.93,24.76,24.29,24.57,25.11,24.76,24.57,24.48,24.29,25.02,25.28,24.85,24.93,24.93,25.02,24.85,24.76,25.11,24.85,24.57,24.85,24.93,24.85,24.85,24.76,24.57,24.48,24.57,24.85,25.11,24.93,24.85,24.48,24.76,24.48,25.11,24.67,24.93,24.76,24.48,24.67,24.67,25.11,24.67,24.57,24.76,25.02,24.48,24.76,24.85,24.76,24.67,24.76,24.85,24.85,25.20,24.93,24.85,24.76,24.93,24.67,24.48,24.48,24.76,24.57,25.11,24.76,25.11,24.76,24.76,24.67,24.85,24.76,24.57,25.11,24.85,24.67,24.85,24.67,24.93,25.11,24.57,24.76,24.67,24.67,24.48,24.67,24.85,24.76,24.57,24.76,24.85,24.76,25.02,24.67,24.76,25.28,25.02,24.76,24.67,25.02,24.93,25.20,25.02,25.11,24.76,24.67,24.93,25.02,25.11,25.02,25.02,25.28,25.02,24.93,25.02,24.93,24.85,25.02,25.11,24.67,25.20,25.46,25.46,26.56,26.56,27.69,27.36,26.96,26.96,26.73,26.89,27.05,27.92,29.15,34.88,36.28,32.72,29.73,28.84,29.00,28.91,28.61,29.07,29.00,29.36,30.25,30.53,31.02,31.36,32.58,34.32,36.03,84.32,157.26,247.35,380.73,667.21,679.01,700.28,474.57,294.39,187.38,100.77,34.83,33.11,32.65,29.59,28.23,27.13,25.72,25.46,25.46,25.46,24.93,24.93,25.20,24.76,25.11,25.02,24.93,24.76,25.02,25.11,25.02,24.67,24.85,24.76,24.67,24.93,24.57,24.67,25.20,24.39,24.48,24.85,24.57,24.76,24.76,24.93,25.20,25.02,24.67,24.76,25.02,25.02,25.02,24.76,24.93,25.02,24.76,24.76,25.55,24.85,24.76,25.02,25.02,24.85,24.93,25.11,24.57,25.20,24.76,25.20,24.85,24.76,24.67,24.67,24.67,24.76,24.57,24.67,24.76,24.93,25.02,24.85,24.67,24.57,24.85,24.93,24.67,25.11,25.20,25.11,24.48,24.85,24.85,24.57,24.76,24.85,24.57,24.57,24.76,24.57,24.93,24.48,24.93,25.37,24.76,24.67,24.76,24.57,24.76,24.57,24.76,24.85,24.67,24.39,25.28,24.57,24.67,25.11,24.48,25.02,24.85,24.39,25.28,24.76,24.93,24.48,24.76,24.67,24.57,24.93,24.39,24.48,24.57,24.48,24.57,25.02,24.57,24.85,25.02,24.76,25.11,24.93,24.39,24.85,24.93,24.29,24.29,24.76,24.85,24.85,24.85,24.39,25.11,24.93,24.48,24.85,24.39,24.67,24.57,24.76,24.67,24.93,24.85,25.02,24.48,24.48,24.85,25.11,24.48,24.39,24.11,24.67,24.93,24.85,24.85,25.02,24.48,25.02,25.02,24.76,24.76,24.93,24.67,24.48,24.93,24.57
24.57,24.76,24.48,24.85,24.76,24.76,24.93,24.20,24.48,24.57,24.85,24.67,24.48,24.57,25.20,24.48,24.76,24.48,24.67,24.76,24.57,24.11,24.67,24.76,24.67,25.02,25.02,24.57,24.67,24.39,24.93,24.76,24.76,24.67,24.76,25.02,24.67,24.67,24.93,25.02,25.02,24.85,24.76,24.67,25.11,24.57,24.67,24.76,25.20,24.48,24.76,24.93,24.67,24.76,24.93,24.57,24.48,24.39,24.29,25.02,24.67,24.76,24.57,24.93,25.02,24.67,24.76,24.76,25.02,25.02,24.57,24.76,24.57,24.93,24.93,24.76,24.76,24.85,24.93,24.85,25.28,24.85,25.20,24.93,24.93,25.02,25.02,24.93,24.85,24.93,25.02,24.67,25.02,25.11,24.85,24.85,24.76,25.28,25.20,24.93,24.85,24.76,25.11,24.57,24.85,25.11,24.57,25.28,24.93,25.28,24.76,25.28,25.46,25.20,24.39,24.57,25.20,25.20,24.67,25.28,24.67,25.11,25.02,24.76,25.28,24.76,24.93,25.11,24.76,24.85,24.57,25.11,25.02,24.67,25.20,25.28,25.02,24.67,24.85,24.67,25.11,24.93,24.93,24.93,25.28,25.28,25.11,25.11,25.02,25.20,24.48,25.11,25.20,24.85,25.20,24.76,24.93,24.67,24.76,25.02,25.37,24.93,25.20,25.20,25.28,25.63,26.40,26.89,27.62,27.05,26.80,26.64,26.80,27.29,27.29,27.85,28.39,32.04,35.86,35.44,30.39,29.52,29.45,29.15,28.91,29.07,29.52,30.25,30.53,31.15,31.78,32.39,33.56,35.25,43.32,109.11,180.70,285.56,496.42,753.22,738.47,668.76,382.34,257.01,154.76,66.26,34.32,33.42,35.37,29.52,27.92,26.56,25.72,25.11,25.02,25.28,24.85,24.93,25.02,25.28,25.11,25.37,25.20,24.85,24.76,25.37,24.48,25.28,25.02,24.67,25.02,24.93,25.28,24.76,24.85,25.11,24.85,24.93,25.02,25.28,24.85,25.11,24.67,24.76,24.76,24.76,25.28,25.20,24.93,24.67,24.76,24.76,24.93,24.85,24.93,24.76,24.76,24.85,24.85,25.28,24.76,25.28,24.93,25.02,24.76,24.85,24.76,25.28,24.48,24.93,25.11,25.02,24.67,25.11,24.76,24.76,24.57,25.46,24.85,24.76,24.76,25.11,24.93,24.76,24.67,25.02,24.48,24.76,24.93,24.85,24.67,25.37,24.93,24.85,24.57,24.85,24.48,24.57,24.85,24.93,24.85,24.93,24.93,24.85,24.67,24.76,24.57,24.57,24.48,24.67,25.11,24.67,24.93,24.85,24.76,24.76,24.85,24.76,24.76,24.20,24.57,24.67,25.02,24.67,24.76,24.76,24.76,25.02,24.76,24.67,24.93,24.57,24.93,24.20,24.76,24.57,24.93,24.76,24.93,25.02,24.67,24.85,24.85,24.48,24.93,24.48,24.85,24.48,25.11,24.67,24.93,24.93,24.85,24.67,24.67,24.76,24.85,24.57,24.85,24.39,24.57,24.93,24.67,24.48,24.48,24.67,24.48,24.85,24.57,24.29,24.48,24.67,24.29,24.67,24.57,24.57,24.29,25.02,24.93,24.48,24.67,24.57
24.48,24.39,24.39,24.11,24.39,24.48,24.01,24.20,24.01,24.67,25.02,24.67,24.67,25.02,24.67,24.29,24.85,24.67,24.76,24.85,24.48,24.57,24.57,24.57,24.67,24.39,24.29,24.57,24.39,24.67,24.29,24.67,24.48,24.93,24.76,24.93,24.76,24.39,24.57,24.48,24.39,24.67,24.67,24.57,24.85,24.85,24.39,24.67,24.67,24.57,25.02,24.76,24.76,24.93,25.02,24.48,24.39,25.02,24.85,24.57,24.57,24.39,25.11,24.93,24.67,25.28,24.57,24.85,24.67,24.76,24.93,24.67,24.39,24.76,24.85,24.76,24.67,25.11,24.93,24.76,24.85,24.85,24.57,24.85,24.76,24.76,24.85,25.28,25.11,24.76,24.39,24.85,24.76,24.85,24.93,24.76,24.57,24.48,24.76,24.67,24.93,25.20,25.20,24.85,24.76,25.02,24.93,24.85,24.85,24.48,25.20,24.85,25.28,25.11,25.02,24.67,24.76,25.20,24.57,24.85,25.02,24.93,25.28,25.20,25.02,25.02,24.76,25.20,24.76,25.11,25.02,24.57,24.29,25.20,24.93,24.76,25.11,25.02,24.93,24.57,24.67,24.93,24.67,25.02,25.11,24.85,25.02,25.11,25.11,25.11,25.02,25.02,24.93,24.85,24.76,25.46,25.02,24.93,25.11,24.76,25.02,25.28,25.02,25.20,25.28,25.37,26.89,26.05,26.96,26.89,26.89,26.64,26.80,26.89,27.29,27.36,28.16,29.29,34.50,36.75,34.01,30.25,29.87,29.36,29.36,29.73,29.80,30.46,30.95,31.78,32.25,33.37,34.76,36.22,69.89,125.30,204.57,334.49,631.46,742.35,730.20,494.52,310.37,202.66,117.75,36.45,33.17,32.04,32.77,28.91,27.69,26.89,25.72,25.55,25.37,25.55,24.93,24.67,25.02,24.93,24.93,25.11,25.37,25.11,25.02,24.76,25.11,25.11,25.02,25.11,24.93,24.85,25.11,24.67,24.85,25.02,24.67,24.67,25.20,24.93,25.20,25.02,25.28,24.85,24.93,25.11,25.02,25.02,25.11,25.02,25.11,25.02,24.93,24.85,24.76,25.11,24.67,24.76,24.57,24.67,24.85,24.76,25.20,24.85,24.93,24.85,25.20,24.93,24.93,24.67,25.28,24.85,24.93,24.57,24.85,25.02,24.85,24.76,24.57,24.67,24.93,25.11,24.85,24.76,24.85,24.39,24.85,25.02,24.85,24.93,24.93,24.67,24.67,25.02,24.76,24.67,25.11,24.57,25.02,25.11,24.93,24.67,25.02,25.02,24.93,25.11,24.85,24.57,24.76,24.76,25.02,24.67,24.67,25.02,24.39,24.85,24.85,24.76,24.57,24.76,24.67,24.48,24.93,24.76,24.93,25.11,24.93,24.93,24.93,24.67,24.57,24.85,24.48,25.02,24.93,24.85,25.02,24.48,24.76,24.57,25.11,25.11,24.76,24.57,24.93,24.85,24.29,25.02,24.85,24.93,24.48,24.57,24.85,24.11,24.48,24.57,25.02,24.85,24.57,24.93,24.48,24.57,24.29,24.48,24.93,24.57,24.93,25.11,25.02,24.48,24.57,24.67,24.93,24.57,24.67,25.11,24.39,24.29,24.57,24.67,24.29,24.01
24.85,24.48,25.11,24.67,24.67,24.39,24.48,24.67,24.67,24.48,24.57,24.76,24.48,24.67,24.48,24.67,24.48,24.67,24.39,24.76,24.76,24.57,24.85,24.67,24.76,24.57,24.76,24.20,24.85,24.67,24.76,24.76,25.28,24.57,25.11,24.93,24.76,24.67,25.11,24.39,25.37,24.57,24.57,24.93,24.48,24.93,24.29,24.76,25.02,24.93,24.48,24.76,25.20,25.11,24.67,24.39,24.48,24.93,24.85,24.67,24.85,24.85,25.02,24.76,25.11,25.02,24.39,24.85,24.93,24.67,24.67,24.48,24.76,24.76,24.67,24.93,24.39,24.85,24.93,24.67,24.85,24.93,24.76,25.28,24.67,24.48,24.39,24.93,25.28,24.85,24.67,24.85,24.85,24.67,24.93,24.93,24.85,24.93,24.85,24.76,25.28,25.11,24.93,24.67,24.57,25.11,24.76,25.20,24.85,25.11,25.11,24.67,24.57,25.02,24.85,24.57,24.67,25.20,24.85,24.93,25.02,24.67,25.20,24.76,24.85,24.93,24.57,24.93,25.02,24.85,25.20,24.93,25.02,25.11,25.11,25.02,24.85,25.11,25.02,24.93,24.76,25.11,25.20,24.76,25.20,25.02,25.11,25.11,25.28,25.20,24.93,25.20,25.02,25.20,25.46,25.11,25.11,25.11,24.93,25.28,24.93,24.76,25.11,25.20,25.28,25.02,26.56,26.05,26.96,26.64,26.56,26.56,26.89,26.96,26.89,27.22,27.76,28.09,31.09,35.49,37.80,32.98,30.18,29.52,29.59,30.09,30.60,30.95,31.36,32.46,33.17,34.27,35.98,60.43,91.96,140.37,218.70,451.55,601.97,645.55,534.64,322.09,229.89,146.89,69.89,34.95,32.25,31.02,30.74,28.16,27.22,26.40,25.55,25.46,25.11,25.28,24.67,25.46,25.11,24.85,25.11,24.57,24.85,25.02,24.85,25.20,25.02,25.28,25.02,24.57,24.76,24.67,25.11,24.67,24.85,24.93,24.93,25.28,25.28,24.85,25.37,24.57,24.67,25.11,24.85,25.20,24.85,24.67,24.93,24.39,25.11,25.02,24.76,25.11,24.76,25.02,25.02,24.76,24.76,25.11,24.67,24.48,24.85,24.93,24.85,24.85,24.85,24.85,24.93,24.76,24.85,24.85,25.02,24.48,24.85,24.93,24.67,25.11,24.85,24.39,25.02,24.57,24.93,24.93,24.57,24.48,24.57,24.85,24.57,24.93,24.76,24.67,24.57,24.57,24.76,24.85,24.85,25.11,24.67,25.20,24.76,24.67,25.28,24.39,25.02,24.76,24.67,24.76,24.29,24.93,24.57,24.67,24.76,24.93,24.67,24.48,24.93,24.93,24.93,24.20,24.57,24.76,24.93,24.85,25.28,25.11,24.85,24.48,24.85,25.11,25.11,24.85,25.02,25.11,24.48,24.85,24.85,25.37,24.76,25.02,24.20,24.93,24.93,24.85,25.02,24.39,25.02,24.57,24.48,24.93,25.11,24.48,24.48,24.57,24.93,25.02,24.76,25.02,24.67,24.48,24.20,24.76,24.76,24.57,24.67,24.93,24.48,24.48,24.48,25.02,24.85,24.85,24.57,25.02,23.92,24.48,24.48,24.48,24.76,24.57,24.48,24.57
24.48,24.57,24.67,24.67,24.29,24.39,24.39,24.76,24.48,24.67,24.39,24.29,25.02,24.76,24.57,24.39,24.01,24.39,24.39,24.85,24.57,24.76,24.85,24.39,24.29,24.29,24.57,25.11,24.57,24.57,24.48,24.76,24.76,24.57,24.57,24.76,25.02,24.39,24.67,24.67,25.20,24.76,24.57,24.67,24.76,24.29,24.76,25.11,25.11,24.57,25.11,24.39,24.85,24.67,24.93,24.57,24.57,24.57,24.76,24.76,24.57,24.76,25.11,24.85,24.93,24.93,24.93,25.02,24.48,24.93,24.67,24.93,24.85,24.67,24.76,25.02,24.93,24.76,24.67,24.76,24.85,25.02,24.76,24.76,24.57,24.67,24.67,24.67,24.76,24.93,24.76,24.85,25.02,25.02,24.57,25.11,24.85,25.28,24.85,25.11,24.85,25.11,25.02,24.85,24.85,24.76,25.20,24.93,25.11,24.48,25.20,25.28,25.02,24.67,25.02,24.76,24.85,24.93,25.11,24.76,24.85,24.57,25.11,24.85,24.67,24.76,24.67,25.11,24.93,25.11,24.85,24.85,24.93,24.76,25.11,24.57,24.48,25.02,24.85,25.28,24.93,25.02,25.02,24.85,25.20,24.85,25.02,25.11,24.57,24.76,24.57,24.93,25.02,25.02,24.85,25.20,25.37,24.85,25.02,24.67,24.93,24.85,25.11,25.20,24.93,25.20,25.88,25.98,27.05,26.73,26.56,26.40,26.73,27.05,27.05,27.22,27.29,27.92,28.54,32.25,36.45,36.45,32.51,30.46,29.87,30.74,31.15,31.85,32.11,32.98,34.32,35.56,50.50,89.18,119.38,167.17,269.35,378.04,444.52,452.93,290.00,215.96,146.28,76.23,35.49,33.11,31.29,30.02,29.95,27.69,26.73,26.14,25.72,25.28,24.93,25.11,24.85,25.37,24.93,24.85,24.85,24.76,25.20,25.20,25.02,25.02,24.76,24.76,25.11,24.57,25.20,25.28,24.93,24.57,24.85,24.85,24.85,24.85,25.20,24.76,25.11,24.67,24.85,24.76,24.57,24.39,24.85,24.93,25.11,24.93,25.02,24.85,24.76,25.11,24.93,24.85,24.85,24.39,25.28,25.02,24.93,24.85,24.48,24.85,24.85,25.11,25.02,24.93,24.39,24.57,24.93,24.93,24.76,24.85,24.93,25.02,24.93,24.76,24.76,24.85,24.85,24.57,24.93,25.02,24.57,25.20,24.76,24.85,24.76,25.02,24.76,24.85,25.11,24.67,24.85,24.39,24.39,25.02,24.48,24.85,24.39,24.76,24.76,24.67,24.93,24.76,24.85,24.57,24.48,24.76,24.29,24.76,24.57,24.76,24.85,24.39,24.39,24.76,24.67,24.20,24.67,24.85,24.85,24.93,24.76,24.76,24.39,24.85,24.57,24.76,24.76,24.76,24.76,24.67,25.20,24.85,24.85,24.67,25.11,24.39,24.85,24.85,24.93,24.29,24.85,25.11,25.02,25.02,24.85,25.11,24.93,24.93,24.85,24.93,24.76,24.76,24.57,24.57,24.85,24.48,24.85,24.85,24.39,24.48,24.67,24.48,25.11,24.67,24.67,24.93,25.11,24.39,24.85,24.57,24.57,24.48,24.67,24.57,24.67,24.29,24.57,24.48
24.67,24.48,24.93,24.67,24.39,24.76,24.67,24.67,24.85,24.29,24.67,24.48,24.48,24.67,24.85,24.67,24.67,24.39,24.57,25.02,24.39,24.67,24.67,24.20,24.93,24.48,24.76,24.76,24.93,24.67,24.76,24.67,24.57,25.02,24.85,24.93,24.67,24.93,25.02,24.67,25.11,24.48,24.76,24.57,24.57,24.93,24.85,24.57,24.57,24.93,24.48,24.76,24.85,24.67,24.67,24.76,24.85,25.02,24.85,25.11,24.67,24.93,24.93,25.20,24.57,24.93,24.57,25.02,24.76,24.76,24.76,24.93,24.76,24.85,24.76,25.02,24.67,24.67,24.93,24.76,25.20,24.93,24.93,24.93,24.93,24.76,24.57,24.57,25.11,25.20,24.76,24.85,25.28,24.39,24.48,24.85,24.57,24.67,24.76,24.93,24.67,24.39,24.76,24.67,25.28,25.20,24.76,24.93,25.11,25.02,24.67,25.20,24.48,25.11,25.11,25.20,24.76,24.93,24.93,25.02,24.67,25.02,25.11,25.20,25.02,25.02,24.85,24.48,24.76,25.11,24.48,24.93,25.02,25.20,24.93,25.20,25.28,24.93,25.02,24.85,25.11,25.28,25.11,25.02,25.11,25.02,25.20,24.93,24.67,25.02,24.85,24.76,24.48,25.28,25.20,25.02,24.76,24.93,25.11,25.02,24.85,25.11,25.20,25.02,25.46,24.93,25.72,25.81,26.96,26.80,26.64,26.40,26.64,26.47,27.36,26.80,27.45,27.69,28.00,28.70,31.92,33.75,33.11,32.91,32.51,32.04,32.18,32.65,33.56,34.13,35.91,60.43,106.63,152.43,209.62,260.81,239.02,248.89,260.40,212.42,170.99,123.05,67.60,35.68,33.37,31.36,30.25,29.22,29.29,27.22,26.47,26.31,25.37,25.11,25.37,25.11,25.11,24.67,24.93,25.20,24.48,25.02,24.76,25.02,25.11,24.67,24.57,24.57,24.85,25.11,24.57,24.76,24.85,24.67,24.85,24.76,25.11,25.02,24.48,24.67,24.93,25.20,24.85,24.67,24.85,25.02,24.93,25.20,25.20,24.85,25.20,24.76,24.39,25.11,25.28,24.67,24.85,25.20,25.11,25.02,24.93,25.20,24.85,24.76,25.02,25.02,25.02,24.57,24.85,24.67,24.67,24.93,24.48,24.76,24.85,24.76,25.11,24.76,24.85,24.57,24.67,24.93,24.67,24.48,25.20,24.93,24.85,24.67,24.85,24.85,24.85,24.85,24.93,24.57,24.76,24.57,24.67,24.85,24.76,25.02,24.85,24.57,24.76,25.11,24.93,24.57,24.93,24.67,24.76,24.57,24.76,24.48,24.93,24.67,24.76,24.85,24.85,24.93,24.85,24.93,24.76,24.57,24.67,24.67,24.85,24.76,25.20,24.48,24.57,24.76,24.76,25.02,25.02,24.67,24.85,25.02,24.85,24.93,24.93,24.67,24.93,24.57,24.48,24.85,24.85,24.76,24.85,24.93,25.37,25.11,24.93,25.02,24.48,24.85,25.02,24.76,24.57,24.57,24.39,24.85,24.57,25.02,24.48,24.48,24.48,24.57,25.37,24.67,24.76,25.11,24.39,24.57,24.39,24.76,24.48,24.48,24.57,24.76,24.67,24.85,24.57,24.67
24.67,24.48,24.48,24.67,24.93,24.39,24.85,24.29,24.29,24.01,24.76,24.29,24.85,24.85,24.85,24.57,24.57,24.48,24.85,24.48,24.39,24.67,24.57,24.57,24.67,24.85,24.01,24.67,24.93,24.85,24.67,24.48,25.11,24.93,24.76,25.11,24.93,24.48,24.57,25.11,24.93,24.29,24.67,24.85,24.67,24.85,25.11,24.76,25.20,25.02,25.02,25.11,24.67,24.85,24.93,24.48,25.11,24.29,24.85,24.57,24.20,24.93,25.20,24.93,24.67,25.02,25.37,24.76,24.57,24.76,24.85,24.67,24.76,24.76,25.02,24.67,25.20,24.85,24.85,24.48,24.76,24.39,25.02,24.67,25.02,24.39,24.76,25.37,24.76,24.76,24.48,24.57,25.20,24.93,24.76,24.93,24.76,25.11,25.02,24.67,24.67,24.76,25.02,24.67,24.85,24.93,24.93,25.02,24.93,25.02,24.76,24.39,24.48,25.02,24.67,24.67,24.48,25.11,25.02,25.20,24.93,25.20,25.11,24.85,25.20,24.93,25.02,25.20,24.85,25.02,24.93,24.93,24.76,24.85,25.55,25.28,24.93,25.20,25.02,24.85,25.02,25.11,24.85,24.93,25.11,24.67,24.93,25.37,24.57,24.93,24.85,24.93,25.11,24.48,25.46,24.67,24.57,25.11,24.85,25.11,24.85,25.02,25.11,24.76,24.76,25.11,25.98,25.46,26.31,26.56,26.64,26.47,26.40,26.73,26.80,26.89,27.05,27.36,27.92,27.76,28.70,30.09,31.64,32.11,33.56,43.32,69.89,36.03,36.28,74.05,112.28,185.34,287.34,306.85,302.08,273.56,210.55,139.12,110.83,97.36,73.10,36.57,34.57,32.72,31.43,30.25,29.66,28.46,28.77,26.80,26.56,26.14,25.28,25.46,25.37,25.20,25.02,24.85,24.85,25.11,25.11,25.02,24.93,25.11,25.11,24.57,25.37,25.11,24.93,24.39,24.67,25.11,24.67,25.02,25.20,24.67,25.11,25.11,24.57,24.93,24.76,24.67,24.93,24.93,24.76,24.93,24.85,24.76,24.85,25.37,24.67,25.20,25.20,25.02,24.85,24.67,24.76,24.85,24.85,24.93,24.85,24.85,25.37,24.93,25.20,24.93,24.93,24.76,24.93,24.76,24.85,24.67,24.57,24.85,24.93,24.93,24.67,25.02,24.93,25.02,24.76,25.20,24.57,24.93,24.85,24.93,25.02,24.39,24.67,24.85,24.85,24.67,24.93,24.57,24.85,24.76,24.67,24.57,24.57,24.76,24.67,24.76,24.76,24.48,24.57,24.85,24.93,25.02,24.85,24.57,25.02,24.85,24.93,24.85,25.28,24.67,25.11,24.29,24.85,24.67,24.93,24.29,24.76,24.93,25.02,24.93,25.02,25.02,24.85,24.76,25.02,24.67,24.76,24.85,24.85,24.85,24.93,25.02,24.67,24.85,24.67,24.85,24.76,24.85,25.02,25.20,25.20,24.93,24.85,25.02,24.67,24.76,25.02,24.85,24.67,25.02,24.76,25.02,25.02,24.67,24.48,24.57,24.85,24.85,24.85,24.39,24.67,24.29,24.48,24.67,24.29,24.39,24.93,24.76,24.20,25.11,24.85,24.76,24.48,24.85,24.57,24.85
24.29,24.57,24.48,24.85,24.39,24.93,24.85,24.76,24.76,24.39,24.48,25.02,24.67,24.67,25.11,24.93,25.02,24.85,24.57,24.76,24.57,24.57,25.20,24.57,24.48,24.67,24.85,25.11,24.48,24.67,24.67,24.67,25.11,24.85,24.76,24.67,24.67,24.29,24.57,24.76,24.57,24.85,25.02,24.57,24.76,24.76,24.85,24.85,25.20,24.93,24.76,24.93,24.93,25.02,25.02,24.67,24.76,24.93,24.48,24.57,24.76,24.76,24.85,24.76,24.93,24.48,24.48,24.67,24.76,24.85,25.11,24.85,24.57,25.11,24.93,25.28,24.67,25.11,24.85,25.02,25.11,24.76,24.67,24.67,24.76,25.28,24.67,25.02,25.02,24.85,25.28,24.39,24.57,24.93,24.85,25.20,25.28,24.85,24.85,25.02,24.67,24.85,25.37,25.11,24.76,24.57,25.28,25.02,24.67,25.02,24.76,24.85,25.20,25.02,25.11,24.85,24.48,25.02,25.20,24.76,25.02,25.02,24.93,25.11,24.93,24.67,24.57,25.02,24.76,24.76,24.85,24.93,24.93,24.76,24.93,25.02,25.02,25.11,24.67,24.67,24.76,25.11,25.11,24.57,24.85,25.02,24.93,25.11,24.48,25.46,24.85,25.20,25.11,25.11,24.93,24.85,24.85,25.28,24.93,25.02,24.85,24.93,25.20,25.11,25.02,25.11,25.55,25.63,26.89,26.23,26.31,26.56,26.47,26.40,26.23,26.96,26.89,27.05,27.69,27.76,28.09,28.23,29.15,31.29,33.37,35.63,80.49,140.99,155.53,203.62,225.61,287.98,258.51,260.40,246.93,162.55,75.30,37.80,35.86,35.37,34.69,33.68,32.39,31.15,30.09,29.22,28.91,27.62,27.85,26.56,26.23,25.88,24.85,25.20,25.20,25.02,25.28,25.11,25.28,25.20,25.11,25.11,24.93,25.20,25.02,24.85,25.02,25.11,24.85,24.76,25.11,24.76,25.11,24.76,24.93,24.57,25.11,24.76,24.57,25.11,24.85,25.28,24.67,24.57,24.85,25.20,24.93,24.67,24.85,25.11,25.20,24.93,24.93,24.76,25.02,25.11,25.28,25.11,24.93,24.57,25.02,24.85,25.11,25.20,24.93,24.85,24.76,24.93,24.76,25.11,24.76,24.76,24.57,24.76,24.57,25.02,24.67,24.85,24.57,24.67,24.93,25.02,24.67,25.02,24.76,24.93,24.76,24.93,24.57,25.20,24.76,25.20,24.85,24.93,24.85,24.76,24.85,24.76,24.85,25.02,24.85,24.76,24.93,25.02,25.02,24.48,24.85,24.85,24.57,24.67,24.76,24.48,24.93,24.39,24.39,24.93,25.02,24.76,24.57,24.85,24.85,24.67,24.85,24.76,24.11,24.85,25.11,24.57,25.02,24.76,25.11,24.76,24.57,25.11,24.39,24.85,25.02,24.93,24.67,25.02,25.20,24.93,24.76,24.76,25.02,24.48,25.11,25.02,24.57,24.48,24.85,25.02,24.67,25.02,24.48,24.93,24.76,24.67,24.85,24.48,24.48,24.48,25.11,24.93,24.85,24.85,24.76,25.02,24.48,24.93,24.85,24.29,24.85,24.85,24.85,24.93,24.29,24.57,24.67,24.48,24.57,24.76
24.76,24.67,24.39,24.76,24.67,24.85,24.48,24.48,24.48,24.76,24.57,24.57,24.67,24.76,24.57,24.76,24.67,24.67,24.57,24.48,24.57,24.48,24.57,24.76,24.57,25.02,24.57,24.48,24.48,24.85,24.20,24.85,24.57,24.93,25.11,24.57,24.93,24.48,24.67,24.93,24.57,24.93,24.57,24.39,24.93,24.67,24.85,24.57,24.85,24.48,24.57,25.28,24.67,24.76,24.39,24.67,24.67,25.02,25.02,24.85,24.76,24.67,24.85,24.76,24.48,24.67,24.57,24.76,25.11,24.76,24.93,25.02,24.76,24.76,24.85,24.57,24.67,24.76,24.76,24.29,25.11,24.67,24.85,24.85,25.11,25.20,24.67,25.02,25.20,24.48,25.11,25.02,25.11,25.11,24.76,24.57,25.11,25.20,24.57,24.76,24.85,24.67,24.57,24.57,24.67,25.02,24.67,24.67,24.67,25.02,24.57,24.67,25.20,25.20,24.57,24.85,25.20,25.28,25.20,25.20,24.93,25.02,25.20,25.11,25.28,24.93,24.85,25.02,25.20,24.93,24.85,24.93,24.67,24.67,24.85,25.20,25.28,25.11,24.67,24.85,24.85,24.93,24.93,25.20,25.11,25.11,25.46,25.20,24.93,24.76,25.11,25.02,24.85,24.48,25.11,25.02,25.28,25.46,24.85,24.93,24.85,25.02,24.85,25.02,25.11,25.37,25.55,25.72,27.13,26.47,25.98,26.14,26.40,26.23,26.31,26.47,26.47,26.80,27.29,27.29,27.69,27.76,28.09,28.91,30.25,33.75,36.33,62.87,117.05,177.57,179.66,198.31,148.68,94.68,40.39,35.86,34.45,33.75,33.42,33.04,32.25,31.43,30.60,29.95,29.22,28.46,28.16,27.69,27.92,26.47,26.14,25.46,25.37,25.46,25.02,25.63,24.93,24.67,25.20,25.20,25.20,24.76,25.11,25.37,25.11,25.20,24.67,25.37,24.93,24.76,25.11,25.28,25.11,25.11,25.28,25.11,24.76,25.11,25.20,24.85,24.93,24.85,24.93,24.57,24.85,25.02,24.76,25.02,25.02,25.11,25.11,24.93,25.20,24.85,24.93,25.02,25.11,25.02,25.11,24.76,24.93,24.93,24.93,24.67,25.20,24.76,24.57,25.28,25.02,25.20,25.20,24.85,24.93,25.02,24.39,24.85,24.93,24.48,24.67,24.93,24.93,25.02,24.76,24.85,24.85,24.85,25.02,24.67,24.93,25.20,25.20,25.02,24.76,24.93,24.39,24.93,25.11,25.20,24.93,24.85,24.57,24.57,24.76,24.85,24.76,24.76,24.85,25.11,24.67,24.67,24.39,24.76,24.85,25.02,24.67,24.76,24.57,24.67,24.48,24.76,24.39,24.67,24.76,24.67,24.76,24.67,24.76,24.67,25.02,24.76,24.85,25.11,24.76,24.76,24.67,24.67,24.93,24.93,24.85,24.85,24.48,24.85,24.39,25.02,24.39,24.76,24.85,24.39,24.67,24.85,24.39,24.57,24.57,25.02,24.39,24.57,24.85,24.85,24.57,24.76,24.67,25.28,24.85,24.48,24.67,24.29,24.93,25.02,24.57,24.48,24.39,24.67,24.48,24.57,24.48,24.85,25.02,24.57,24.67,24.48,24.39,24.76
24.67,24.93,24.76,24.57,24.67,24.76,24.76,24.93,24.67,24.20,24.76,24.67,24.85,24.76,24.76,24.67,24.67,24.57,24.67,24.67,24.67,24.67,24.67,24.48,24.76,24.85,24.67,24.48,24.57,25.11,25.02,25.28,24.57,24.48,24.57,25.11,24.67,24.57,24.57,24.76,24.57,24.39,24.57,24.93,24.76,24.48,24.85,24.85,24.85,24.39,24.85,25.02,25.02,25.11,24.85,24.76,24.85,24.39,24.67,24.93,24.48,24.85,25.02,24.76,24.76,24.67,24.85,24.85,24.57,24.85,24.85,24.57,24.93,24.85,24.85,24.85,24.76,24.76,24.85,24.85,24.85,24.67,25.28,25.11,24.85,25.11,24.76,25.37,24.76,25.02,24.93,24.85,25.02,25.20,25.20,25.02,24.85,25.20,24.93,24.67,24.29,24.67,25.02,25.20,24.93,25.28,25.20,25.02,24.57,24.57,25.02,24.93,25.11,24.93,25.11,24.85,25.28,24.85,24.48,25.37,24.57,24.57,24.76,25.02,24.48,24.85,24.93,25.02,24.67,25.02,24.76,24.93,25.02,24.93,24.93,24.93,24.93,25.20,25.20,25.02,25.02,25.11,25.02,24.67,25.02,25.02,25.11,25.02,25.11,25.20,24.76,24.93,25.02,24.67,25.02,25.02,24.48,25.11,24.57,24.85,25.11,24.85,25.20,25.11,24.76,25.20,25.37,25.37,26.14,26.23,26.23,26.14,25.98,26.73,26.23,26.96,26.56,27.13,26.89,27.13,27.76,27.36,27.76,28.30,28.70,29.15,29.87,30.95,31.78,32.98,33.61,33.87,33.68,33.17,32.65,32.39,31.92,31.78,31.36,30.81,30.18,29.87,29.00,28.77,28.39,28.09,27.92,27.53,27.13,26.31,26.31,25.28,25.37,25.37,25.20,25.11,25.28,24.76,24.57,25.28,25.20,25.02,24.67,24.93,25.28,24.85,24.93,25.11,24.76,25.37,25.28,24.48,24.57,25.02,25.02,24.67,25.37,24.85,25.20,24.76,24.76,25.20,24.57,24.85,25.11,24.85,25.20,25.02,24.93,24.85,25.20,24.85,25.20,24.76,24.76,24.93,25.20,25.11,25.02,24.85,24.85,24.85,24.85,24.76,25.02,24.85,25.20,24.76,24.93,24.93,25.11,25.28,25.20,24.93,24.85,24.76,24.67,24.57,24.93,24.93,25.02,24.85,24.85,24.85,24.48,24.85,24.76,24.76,24.76,24.76,24.93,25.11,24.76,24.76,24.76,24.39,25.02,25.28,24.93,24.57,24.57,25.11,24.93,24.57,24.93,24.76,25.02,24.85,24.67,24.57,25.11,24.57,24.76,24.85,24.93,24.67,24.67,24.93,25.11,24.76,24.85,24.67,24.93,24.76,24.76,25.11,24.85,25.20,24.93,25.11,24.93,25.02,24.93,25.02,24.76,24.93,25.02,25.02,25.02,24.48,24.48,25.20,24.76,24.85,24.57,25.02,24.76,24.57,25.02,24.93,24.85,24.48,24.48,24.85,24.93,24.39,24.85,24.67,24.76,24.67,24.85,24.48,25.11,25.28,24.67,24.93,24.48,24.93,24.85,24.93,24.93,24.76,24.93,24.39,25.02,24.67,25.11,24.67,24.48,24.76,24.01,24.67
24.93,24.67,24.76,24.48,24.76,24.76,24.67,24.11,24.85,24.67,24.76,24.67,24.76,25.20,24.67,24.48,24.67,24.67,25.02,24.48,24.93,24.85,24.76,24.67,24.93,24.67,24.48,24.57,25.28,24.76,24.76,24.48,25.02,24.39,24.76,24.93,24.93,25.20,25.28,24.57,24.67,25.37,24.76,24.85,24.57,24.48,25.02,24.93,24.85,24.93,24.76,24.39,24.93,24.76,24.93,24.67,24.57,24.93,24.85,25.11,24.67,24.93,24.67,24.57,25.28,24.67,24.85,25.20,25.02,24.67,25.20,24.93,24.85,25.02,24.67,25.02,24.85,25.11,24.85,24.76,24.57,24.93,24.67,24.67,24.85,24.67,24.67,24.93,24.67,24.76,25.20,24.57,24.57,25.11,25.02,24.67,25.20,25.20,24.76,24.67,25.02,25.20,25.02,25.11,24.57,24.85,25.28,25.02,25.02,24.93,24.85,24.93,24.85,24.76,25.37,25.02,24.76,25.11,25.02,24.85,24.57,25.02,24.57,25.11,24.76,25.11,25.02,24.93,24.93,25.20,25.02,25.02,25.37,25.02,25.02,25.11,24.76,25.11,24.85,25.28,25.02,24.93,25.20,25.20,25.20,25.02,25.28,25.11,24.93,25.37,24.85,25.37,25.02,24.93,25.11,25.11,25.37,24.76,25.11,24.93,25.20,25.02,25.02,25.11,25.20,25.28,25.37,25.46,26.40,26.47,26.05,25.88,26.23,26.40,26.14,26.23,26.31,26.23,26.47,26.89,27.53,27.29,27.45,28.00,28.09,28.46,28.84,29.22,29.73,30.32,30.60,30.53,31.02,30.88,31.09,30.81,30.74,30.18,30.02,29.66,29.73,28.91,28.30,28.00,27.76,27.36,27.22,26.96,27.29,26.23,26.05,25.98,25.28,25.28,25.28,25.11,25.63,25.37,25.02,25.20,25.20,25.11,24.76,24.93,24.85,25.02,25.28,25.28,25.11,25.11,25.20,24.67,25.37,25.02,25.20,24.67,24.93,25.20,24.93,25.11,24.76,25.11,24.76,25.20,24.85,24.85,24.76,25.11,24.67,24.93,25.02,25.11,25.37,25.11,24.85,24.85,24.93,24.85,25.20,25.20,25.46,24.85,24.57,24.76,24.85,24.85,24.85,24.85,25.02,25.11,25.11,24.93,25.28,25.20,24.85,24.93,24.67,24.85,24.93,24.76,25.11,24.57,24.85,24.67,25.37,24.85,24.85,24.48,24.57,24.93,24.67,25.11,25.02,24.85,24.93,24.85,24.93,24.76,24.85,24.93,25.37,24.93,24.93,24.93,24.67,24.93,24.67,24.76,24.93,24.48,24.67,24.85,24.76,24.93,24.48,24.67,24.67,24.67,24.85,24.67,24.93,24.85,24.76,25.02,24.93,25.02,24.93,25.37,24.57,24.93,24.76,24.76,24.93,24.93,25.02,24.93,24.93,24.57,25.02,24.85,24.93,24.67,25.11,25.11,24.76,25.02,24.93,24.29,25.11,25.11,25.02,24.67,24.93,24.93,24.67,24.67,24.67,24.93,25.02,24.67,24.93,24.76,24.93,24.29,25.02,24.76,25.11,24.93,24.57,24.93,24.29,24.57,24.67,24.93,24.76,24.39,24.67,24.67,24.57,24.67,24.48,24.57
24.85,24.48,24.11,24.76,24.67,24.85,24.48,24.39,24.67,24.85,24.20,24.48,24.85,25.11,24.48,24.67,24.67,24.76,24.11,24.85,24.57,24.76,24.39,24.93,24.67,24.85,24.85,24.57,25.11,24.76,24.85,24.67,25.20,25.02,25.02,24.57,24.85,24.85,24.48,24.67,25.11,24.76,24.85,24.57,24.48,24.76,24.48,24.93,24.76,24.93,24.67,24.93,24.93,24.57,25.02,24.93,24.67,24.93,24.76,24.76,24.85,24.57,24.76,24.57,24.57,24.93,24.93,24.76,25.20,25.11,24.48,24.85,24.93,24.93,24.76,24.67,24.48,25.20,25.11,25.02,25.11,24.76,24.39,24.85,24.85,25.02,24.93,25.02,24.57,24.85,24.67,24.48,25.20,25.02,25.11,24.48,25.02,24.57,24.85,25.11,25.20,24.67,24.85,25.11,25.02,25.20,25.28,24.93,25.20,24.67,25.02,24.67,25.28,25.02,24.85,24.85,25.11,24.93,24.93,25.02,24.93,24.85,24.48,25.02,24.85,25.02,24.48,24.93,25.11,25.02,24.67,25.28,24.93,25.02,25.11,24.93,24.85,24.85,25.20,25.37,24.93,24.93,25.02,25.11,25.02,24.76,25.37,25.20,24.93,24.93,24.76,25.11,25.11,25.02,25.02,25.02,25.11,25.11,24.76,24.93,25.02,25.28,24.85,24.76,24.85,25.02,25.55,25.81,25.46,26.05,25.88,26.14,25.88,25.81,26.14,26.40,26.23,26.96,26.73,26.47,26.64,27.13,26.89,27.76,27.76,28.16,28.09,28.70,28.77,28.91,29.22,29.52,29.52,29.66,29.66,29.15,29.45,29.07,28.84,28.77,28.16,28.00,27.53,27.22,27.29,27.13,26.56,26.80,26.73,25.88,25.46,25.11,24.93,25.28,25.55,25.28,25.28,25.11,25.11,25.37,25.20,25.28,25.28,25.02,24.85,25.11,25.02,24.76,24.85,25.28,24.93,25.20,25.02,24.67,25.20,25.28,24.93,25.55,25.11,25.02,24.85,25.37,25.02,25.20,24.67,24.57,24.93,24.76,24.76,24.85,24.76,24.85,24.85,24.76,24.76,25.46,24.85,24.85,24.76,24.85,24.93,24.76,25.20,24.67,24.85,24.67,24.76,24.85,24.48,25.11,24.76,25.20,24.85,24.67,24.76,24.93,24.85,25.11,24.76,24.57,24.85,24.85,25.02,25.28,24.76,24.76,25.11,24.85,25.02,25.02,24.85,24.57,24.85,24.85,24.85,24.93,24.93,24.67,25.02,24.57,24.85,24.76,24.85,24.76,24.57,25.02,24.93,25.02,24.76,24.67,24.39,24.67,24.67,24.76,24.93,24.93,24.76,25.02,24.76,24.39,24.76,24.76,24.67,24.85,24.85,24.39,24.20,25.02,24.29,24.85,24.76,24.48,25.11,24.57,24.29,24.76,24.29,24.93,24.57,24.85,24.67,24.39,24.85,25.11,24.76,24.85,24.76,24.85,24.57,24.85,24.93,24.85,24.48,24.57,24.39,24.93,24.39,24.85,24.93,24.67,24.93,24.48,24.76,24.67,24.67,24.85,25.11,24.67,24.67,24.39,24.85,24.29,24.57,24.57,24.76,24.85,24.48,24.76,24.57,24.48,24.57,24.76
24.39,25.02,24.76,24.29,24.67,25.11,24.67,24.85,24.57,24.67,24.20,24.57,24.93,24.67,24.93,24.93,24.67,24.76,24.57,24.57,24.67,25.02,24.67,24.29,24.57,25.11,24.85,24.67,24.85,24.39,25.02,24.85,25.02,24.67,24.76,25.20,24.48,25.02,24.39,24.76,25.11,24.85,24.67,24.85,25.11,24.85,25.28,25.20,24.85,24.76,24.57,24.93,24.76,24.57,24.85,24.85,24.85,24.93,24.57,24.93,25.02,24.57,24.85,24.85,24.76,24.67,24.67,24.57,24.67,24.76,25.20,24.76,25.28,24.93,25.02,24.76,24.93,25.11,24.85,24.76,24.93,25.02,24.76,24.67,24.57,25.02,24.85,25.02,24.67,24.76,25.02,24.76,24.93,24.76,24.76,25.02,25.11,24.85,24.93,24.85,24.76,24.76,24.67,24.93,25.11,25.02,24.76,24.93,25.11,25.20,25.11,24.93,25.11,25.02,25.02,25.02,24.67,24.57,25.02,24.57,25.11,24.76,25.02,25.20,25.11,25.20,24.85,24.85,24.76,25.20,25.02,24.93,25.02,24.48,24.85,24.39,24.85,24.93,24.39,25.11,24.93,24.85,24.93,25.02,25.20,25.02,24.85,25.28,24.93,24.57,25.11,25.02,24.93,25.20,24.85,25.11,24.85,25.20,24.57,25.11,25.28,25.02,24.93,24.85,25.28,25.20,24.85,25.37,26.05,26.40,25.98,25.88,25.98,25.63,25.98,26.05,25.98,26.31,26.31,26.05,26.47,26.73,26.80,27.22,27.13,27.53,27.69,27.92,28.09,28.09,28.30,28.61,28.70,28.30,28.91,28.77,28.30,28.23,28.00,27.85,27.76,27.53,26.96,26.56,26.64,26.56,26.40,26.56,26.56,26.05,25.55,25.28,25.11,25.28,25.20,25.11,25.46,25.28,25.11,25.02,25.02,24.76,25.11,25.20,25.11,25.02,24.85,25.20,24.85,24.76,24.57,24.85,24.57,24.57,25.37,25.11,24.67,25.20,24.93,24.76,25.20,25.46,25.20,25.02,24.57,24.67,24.85,25.02,24.67,25.02,25.28,24.85,24.85,25.11,25.37,24.93,24.85,24.85,24.85,25.20,25.20,25.02,24.85,24.85,25.11,25.11,24.48,24.57,24.67,24.85,25.11,25.11,25.28,24.85,24.76,25.02,24.67,24.76,24.93,24.67,24.85,24.76,24.67,24.48,24.93,24.85,25.02,24.93,24.85,24.93,24.85,24.76,24.76,24.67,24.57,24.93,24.57,25.02,24.93,24.93,24.76,24.85,25.28,24.85,25.46,25.02,24.85,24.93,24.93,24.93,24.76,24.76,24.76,25.02,24.76,24.48,24.67,24.76,24.29,24.85,25.11,24.93,24.57,24.85,24.93,24.85,25.02,25.20,24.48,24.85,24.67,24.57,25.20,24.76,24.76,24.85,24.67,24.48,24.85,24.39,25.02,24.76,25.02,24.67,24.85,24.48,25.02,24.93,24.67,24.93,25.02,24.85,24.39,24.67,24.57,24.76,24.39,24.48,24.57,24.93,24.57,24.67,24.67,25.02,24.67,24.76,24.48,24.57,24.57,24.85,24.57,25.02,25.11,25.02,24.67,24.57,24.85,24.67,24.57,24.76,24.29,24.57
24.48,24.57,25.02,24.67,24.76,24.93,24.76,25.20,24.85,24.57,24.48,24.93,24.67,24.76,24.85,24.48,24.57,24.67,25.11,24.11,24.48,24.57,24.57,24.76,24.67,24.93,24.67,24.93,24.93,24.76,24.29,24.57,25.02,24.85,24.93,24.39,24.67,25.02,24.93,25.02,24.93,24.39,25.02,24.93,24.93,25.02,24.76,24.39,24.85,24.57,24.67,24.57,24.85,24.76,24.76,24.48,24.57,25.37,24.76,24.85,25.28,24.57,24.67,25.28,24.93,24.85,24.85,25.02,24.76,25.11,24.85,24.67,24.93,24.76,24.93,24.76,24.76,24.76,25.02,24.93,25.28,24.76,24.93,25.11,24.76,25.02,24.76,25.02,24.76,25.02,24.93,25.02,24.67,25.02,25.02,24.57,24.57,25.02,24.67,24.67,25.20,25.02,25.20,25.02,24.93,25.28,24.76,24.93,24.76,24.57,25.20,25.28,25.02,24.93,25.02,25.20,25.02,25.28,25.11,24.93,25.20,24.76,25.11,25.28,25.02,25.20,25.20,25.11,25.11,24.85,25.11,25.11,25.11,24.93,25.02,24.93,24.76,24.76,25.20,24.85,25.02,24.93,25.11,24.57,25.20,25.02,24.76,25.11,25.02,25.02,25.11,24.76,24.85,25.20,24.76,25.20,24.76,24.76,25.37,25.11,25.28,24.76,24.85,25.02,25.02,25.37,24.85,25.11,25.55,26.14,25.63,25.37,25.55,25.88,25.81,25.88,25.98,26.05,26.05,26.23,26.47,26.73,26.56,26.31,26.96,26.64,26.89,27.36,27.36,27.92,27.76,28.00,28.09,27.85,27.85,27.92,27.92,27.69,27.29,27.29,27.22,26.73,27.22,26.96,26.31,26.56,26.23,26.05,26.05,25.81,25.37,25.37,25.11,25.20,24.93,25.11,24.93,25.11,25.11,24.93,25.20,24.76,24.85,24.57,25.02,25.11,25.20,25.02,24.93,24.67,25.02,25.11,25.20,24.93,24.85,25.11,24.93,25.02,25.20,25.11,24.76,24.76,25.11,24.67,24.57,25.02,24.76,24.76,25.11,24.85,24.85,25.37,25.11,25.11,24.85,24.67,25.11,24.85,25.46,24.76,24.76,24.57,25.28,25.11,24.76,25.28,24.67,24.85,25.37,24.57,24.93,24.57,25.46,25.20,25.02,24.93,24.57,25.37,24.57,25.11,24.67,24.93,24.85,24.85,24.67,24.76,24.85,25.20,24.76,24.85,24.85,24.85,25.02,24.67,24.76,25.02,24.93,24.57,24.76,24.85,24.76,24.85,24.76,25.02,24.48,24.85,24.93,24.85,24.93,24.93,25.02,25.28,24.67,25.02,24.93,24.93,24.57,24.93,24.76,24.67,24.85,24.93,24.67,25.11,24.76,24.93,24.76,24.76,24.57,24.93,24.20,24.93,25.11,24.76,25.11,24.93,24.85,24.76,24.57,24.93,24.85,25.11,25.11,24.85,24.85,24.85,24.57,25.20,24.76,25.11,24.85,24.85,24.93,24.85,24.48,24.57,24.57,24.85,24.57,25.02,25.11,24.67,24.67,24.85,24.48,24.85,24.39,24.20,24.67,24.85,24.39,24.93,24.85,24.76,24.67,25.02,24.85,24.93,24.67,24.76,24.57,24.57
24.48,24.76,24.93,25.02,24.67,24.67,24.29,24.93,24.57,24.67,24.48,25.11,24.76,24.67,24.76,24.76,24.76,25.11,25.02,24.57,24.85,24.85,24.85,24.48,24.67,24.67,24.29,25.20,24.85,24.57,25.02,24.93,25.11,25.20,24.67,24.39,24.93,25.02,24.48,24.76,24.48,24.67,24.67,24.76,24.76,24.93,25.02,24.76,24.48,25.28,25.02,24.39,24.93,24.93,24.93,24.76,24.67,24.93,25.02,24.57,24.76,24.85,24.57,24.39,25.20,24.67,24.93,24.57,24.76,24.67,25.11,24.85,24.85,24.93,24.76,24.76,24.85,25.11,25.20,24.85,24.67,24.76,24.76,24.85,24.48,24.67,25.02,25.20,25.11,24.67,25.20,24.85,24.93,25.11,24.93,25.02,25.02,24.76,24.93,24.57,24.57,24.76,24.93,25.02,24.93,24.76,25.11,24.76,24.76,25.02,24.67,24.76,25.11,25.20,24.67,24.67,24.85,25.11,25.11,24.48,24.67,24.76,25.02,25.28,24.93,25.20,25.11,25.11,25.20,25.28,24.93,25.28,25.37,25.02,25.28,25.11,24.85,25.20,24.76,24.48,25.02,25.02,24.85,24.93,24.93,24.93,25.02,25.02,25.02,24.93,25.02,24.67,25.11,24.85,25.02,25.11,25.02,24.85,24.93,24.93,25.28,24.57,24.93,25.28,25.02,25.20,24.93,25.37,25.46,25.63,25.88,25.63,25.98,25.55,25.72,25.55,26.05,26.23,25.98,26.23,26.14,25.81,26.56,26.56,26.56,26.56,26.89,26.96,27.13,27.13,27.36,27.05,27.76,27.13,27.05,27.45,27.36,27.29,26.73,26.96,26.89,26.40,26.56,26.47,26.31,26.14,26.31,26.05,26.05,25.63,25.28,25.55,25.20,24.93,25.02,25.11,24.76,24.93,24.85,25.02,25.28,24.67,25.37,24.85,25.02,25.28,24.76,25.11,24.85,24.76,24.76,25.55,24.57,25.11,25.37,25.11,25.46,24.93,24.67,24.85,24.67,25.02,25.02,25.11,25.28,24.85,24.85,25.20,25.02,24.85,24.85,25.02,25.02,25.11,24.76,24.85,25.20,24.85,24.67,24.67,24.93,25.46,24.67,24.85,24.93,24.93,24.76,25.11,24.93,25.11,25.02,24.76,24.85,24.85,25.02,24.85,24.76,24.67,24.67,24.93,24.85,25.11,24.93,25.11,25.20,24.93,25.28,25.20,24.93,25.20,24.85,24.57,24.85,24.76,24.76,24.85,24.67,24.93,24.67,24.85,24.85,24.67,24.85,24.48,24.85,24.76,25.02,24.85,25.20,24.76,24.85,25.28,25.02,24.85,25.28,24.85,24.85,24.85,24.48,24.93,24.85,24.93,24.67,24.57,25.11,25.28,24.67,25.11,24.85,24.85,24.57,24.93,25.11,25.02,24.93,25.20,24.85,24.76,24.76,24.76,25.11,24.20,24.67,24.67,24.48,24.93,25.02,24.93,24.93,25.28,24.67,24.67,24.57,24.76,24.67,24.85,25.20,24.76,24.76,24.93,24.67,24.93,24.57,24.57,25.11,24.85,24.48,24.93,24.39,24.67,25.02,24.67,24.39,24.39,24.57,25.02,24.57,24.57,24.39,24.20,24.67,24.93
24.20,24.48,24.57,24.76,24.76,24.48,24.57,24.93,24.76,24.85,24.57,24.76,24.48,24.11,25.02,24.67,24.57,25.02,25.02,24.57,25.02,24.85,24.67,24.93,24.67,24.57,24.76,24.57,24.67,25.11,24.48,24.57,25.11,24.93,24.93,24.76,24.85,24.57,25.02,24.57,24.76,24.48,24.67,24.76,24.67,24.93,25.11,24.76,24.67,24.29,24.67,25.02,25.11,24.85,24.76,25.02,25.02,24.85,24.93,24.29,24.76,25.02,24.76,24.57,25.46,24.48,24.76,24.67,25.11,24.57,25.11,24.57,24.76,25.20,24.67,24.76,24.85,25.02,24.76,25.11,24.85,25.28,24.85,24.57,24.76,25.11,24.85,24.85,24.76,24.01,24.85,24.48,24.48,25.11,24.57,24.76,25.02,24.93,25.20,24.93,25.02,24.93,25.02,25.11,25.46,24.67,25.02,24.76,24.67,24.93,25.02,25.02,24.85,25.20,25.11,25.02,24.93,25.11,25.11,25.11,25.02,25.02,25.02,24.85,25.20,25.37,25.11,25.02,25.20,25.11,25.11,24.76,25.55,24.93,25.20,25.11,25.28,25.28,24.85,25.02,24.93,25.37,24.76,24.93,25.11,24.93,25.28,24.67,24.76,24.93,25.20,25.11,24.85,24.67,24.85,25.11,24.93,24.67,25.11,25.02,24.93,24.76,24.93,24.93,24.93,25.02,25.11,25.46,25.55,25.88,25.63,25.55,25.98,25.37,26.14,25.88,25.98,26.23,25.81,25.63,26.23,26.73,25.88,26.56,26.40,26.47,26.73,27.13,26.80,26.80,26.89,27.05,26.80,27.05,26.80,26.80,26.73,26.31,26.47,26.56,26.31,26.23,26.05,26.14,26.05,26.31,25.98,26.05,25.98,25.37,25.46,25.37,25.28,25.46,25.11,24.93,24.85,25.02,25.02,25.20,25.28,24.76,25.28,24.85,24.67,25.28,25.20,25.02,24.76,24.93,25.20,24.76,24.67,25.11,24.57,24.29,25.02,24.85,24.76,24.85,25.02,25.11,24.85,24.85,25.20,24.93,24.76,24.67,25.11,25.11,25.20,24.67,25.02,25.28,24.93,24.67,24.85,25.28,25.02,25.37,25.02,24.85,24.67,24.76,25.11,24.85,24.57,24.85,24.93,24.48,24.85,25.20,24.85,24.85,24.67,25.28,24.93,24.67,24.85,24.85,24.85,25.11,24.76,24.85,24.29,24.85,24.76,25.11,24.93,24.85,25.02,24.76,24.85,24.76,25.02,24.85,24.93,24.57,24.93,25.02,24.48,24.85,24.85,24.76,24.93,24.85,24.67,25.28,24.76,24.76,24.76,24.85,24.57,24.67,24.85,25.02,24.93,24.48,24.85,24.85,24.11,24.93,24.85,24.93,24.67,25.20,24.76,24.76,24.48,24.76,25.02,25.02,24.93,24.85,24.29,25.02,25.02,24.76,24.67,24.76,24.67,24.85,24.85,24.67,25.11,25.11,24.85,24.57,24.93,24.76,24.67,25.02,24.67,25.20,25.02,25.02,24.39,24.57,25.02,25.02,24.67,24.48,24.57,24.39,24.39,24.85,24.48,24.85,24.76,24.48,24.93,24.76,24.76,24.93,24.76,24.85,24.57,24.76,24.39,24.76,24.57,24.11
24.29,24.67,24.93,25.02,24.67,24.85,24.39,25.02,24.93,24.85,24.76,24.93,24.76,24.39,24.93,24.29,25.20,25.02,25.20,24.39,24.67,24.39,24.76,24.57,24.67,24.76,24.57,25.02,25.02,24.67,25.02,24.48,24.67,25.02,24.85,24.67,24.76,24.76,25.11,24.93,25.28,25.11,25.20,24.67,24.76,24.67,24.76,24.93,24.67,24.67,24.67,25.11,24.29,24.67,24.76,24.67,24.48,25.02,25.11,24.76,24.93,24.67,24.76,24.93,24.85,24.85,24.57,25.20,24.85,24.93,24.85,24.85,24.93,24.48,24.85,25.02,24.76,24.93,24.85,24.76,24.76,24.76,24.39,25.02,25.11,24.67,25.02,24.67,25.20,25.02,25.37,25.11,25.11,24.93,25.02,25.20,25.11,25.11,24.57,24.85,25.02,25.28,25.20,25.20,25.11,25.20,24.93,25.02,25.28,25.02,24.93,24.85,25.28,25.02,25.02,24.39,24.57,24.85,24.93,24.93,25.11,25.11,24.48,24.85,25.20,25.02,24.93,24.93,24.93,24.85,24.67,24.76,24.93,24.48,25.11,25.02,24.93,25.20,24.76,25.11,25.11,24.76,24.93,25.11,25.20,24.93,25.20,25.11,25.28,24.85,24.57,25.11,25.11,24.93,25.11,24.67,25.28,25.11,24.93,25.20,24.67,25.20,25.11,25.20,24.93,24.93,25.02,25.02,25.28,25.37,25.55,25.72,25.72,25.63,25.46,25.37,25.63,25.55,25.28,25.98,25.63,25.88,26.14,26.05,26.05,26.31,26.31,26.40,25.98,26.47,26.47,26.80,26.31,26.23,26.56,26.14,25.98,26.80,26.05,26.23,26.47,26.05,26.05,25.98,26.31,26.31,26.31,25.81,26.05,25.37,25.63,25.28,25.46,24.57,24.76,24.93,25.28,25.28,24.76,25.11,24.93,25.46,25.20,24.93,24.76,24.85,24.57,25.11,24.85,24.85,24.67,25.11,24.93,24.85,24.57,24.85,25.20,25.11,24.85,25.20,24.85,24.67,24.93,25.11,24.85,25.28,24.93,25.20,25.11,25.20,24.76,24.85,25.20,24.67,24.76,24.76,24.76,24.85,24.67,25.11,24.76,24.76,25.02,24.93,24.85,24.85,25.02,25.20,24.93,25.11,24.76,24.93,24.76,24.93,24.93,25.20,24.85,24.57,24.76,24.85,24.57,24.76,25.02,24.57,25.20,24.85,25.11,24.39,24.85,25.02,24.67,24.57,24.76,25.28,24.85,24.93,24.76,24.93,24.67,25.28,24.76,25.11,25.02,24.76,24.85,24.76,25.11,24.85,24.85,25.37,24.93,24.57,24.76,24.67,24.76,24.57,24.93,24.85,25.02,24.76,24.76,24.76,24.85,24.57,24.85,25.02,25.02,25.11,25.02,25.11,24.57,24.29,24.76,24.85,24.57,24.76,24.76,25.02,25.11,24.93,24.85,24.67,25.02,25.02,25.02,24.67,24.57,25.11,25.11,24.67,24.93,24.85,24.85,25.11,24.76,25.02,24.48,24.85,24.93,24.48,24.67,24.85,25.02,24.76,24.39,24.57,24.67,24.93,24.85,24.67,24.85,24.20,24.76,24.67,24.57,24.57,24.76,24.48,24.01,24.76,25.11,24.57
24.57,24.76,24.93,24.67,24.29,24.67,24.76,24.85,24.48,24.76,24.93,24.11,24.85,24.76,24.57,24.93,24.57,24.67,24.93,24.85,24.85,24.76,24.48,25.02,24.48,25.02,24.85,24.57,24.76,24.48,24.85,24.57,24.48,24.57,24.67,24.48,24.48,24.85,25.11,24.48,24.85,24.67,24.48,24.57,24.93,24.57,24.85,24.93,24.85,24.57,24.85,24.93,24.39,24.85,25.02,24.93,24.85,24.76,24.93,24.67,25.02,24.76,24.39,24.48,24.93,24.93,24.67,24.85,24.85,24.57,24.93,24.76,24.76,25.02,24.85,25.02,24.67,24.93,25.02,24.48,25.02,25.02,24.76,24.57,25.20,25.02,25.02,24.93,24.76,24.85,25.11,24.57,25.02,24.67,24.20,25.02,24.57,24.93,24.76,25.02,25.11,24.57,24.76,25.02,25.20,24.76,25.02,25.46,25.11,25.28,24.85,25.02,24.93,25.20,24.85,25.28,25.02,24.76,24.93,25.20,25.02,25.02,25.02,24.85,24.76,25.11,25.11,24.93,24.76,25.55,25.02,24.93,24.85,24.67,24.85,24.85,24.11,25.02,24.93,24.93,24.85,24.76,25.11,24.85,25.28,24.67,25.02,24.76,25.02,24.85,24.93,25.11,25.02,24.20,24.67,24.67,25.02,24.48,24.67,25.28,24.85,25.02,24.57,24.85,24.76,24.93,25.37,24.85,25.11,25.46,25.37,25.55,25.98,25.02,25.02,25.81,25.37,25.28,25.63,25.98,25.55,25.72,25.72,25.98,25.98,26.05,26.14,26.05,25.98,26.31,26.23,26.40,26.05,26.05,26.05,26.47,26.14,26.31,26.14,26.14,25.81,25.81,25.63,25.46,26.14,26.23,25.63,25.72,25.46,25.46,25.28,25.02,24.93,24.93,24.76,25.20,24.85,25.20,24.93,24.76,25.37,24.93,25.28,24.85,25.46,25.28,24.93,25.11,24.67,25.11,25.11,24.93,24.76,25.02,24.85,24.67,24.85,25.02,25.20,25.20,25.02,24.67,25.02,25.02,24.93,24.67,24.76,24.57,24.85,24.93,24.93,24.76,24.67,25.02,24.93,24.85,24.85,25.02,24.85,25.20,24.85,25.28,25.11,24.76,25.11,24.85,24.85,24.85,24.85,24.93,25.37,24.85,24.48,24.93,24.67,24.85,25.11,25.11,24.85,24.57,24.93,24.85,24.57,25.02,24.67,24.76,25.20,24.85,24.67,25.02,24.67,24.76,24.39,25.02,25.02,24.85,24.39,24.93,24.76,24.85,24.67,25.11,24.85,24.85,24.85,25.02,24.85,24.76,24.85,24.57,24.85,25.02,24.85,24.85,24.76,24.85,24.67,24.76,24.57,24.39,24.57,25.02,24.85,24.85,25.02,25.11,24.67,25.20,25.11,24.93,24.93,24.20,24.93,24.85,24.93,25.02,24.76,25.11,24.76,24.57,24.85,24.93,24.67,24.76,24.85,24.76,24.93,24.48,24.93,24.57,24.57,24.48,24.85,24.85,24.67,24.93,24.85,24.85,25.11,25.02,24.57,25.02,24.67,24.85,24.57,24.85,25.02,24.85,24.48,25.20,25.02,24.57,24.48,24.48,24.76,24.67,24.76,25.11,24.29,24.67,24.67,24.48
25.02,24.85,24.57,24.29,24.76,24.57,24.67,24.67,24.76,24.76,24.67,24.48,24.57,24.67,24.39,24.67,24.57,24.76,24.48,25.11,24.57,24.67,24.48,24.85,24.48,24.67,24.39,24.76,25.02,24.76,24.93,25.02,24.93,24.85,24.85,24.67,24.85,24.48,25.11,24.48,25.02,24.76,25.02,24.85,25.02,24.67,24.93,24.76,24.76,25.37,24.76,24.93,25.02,24.85,24.67,25.02,24.93,25.28,24.76,24.29,24.85,24.39,24.85,24.93,24.85,24.76,24.76,25.20,25.11,24.85,24.93,24.85,24.93,25.02,25.02,25.20,24.85,24.93,24.85,24.76,25.02,24.85,24.93,25.20,24.39,25.02,25.02,25.02,24.76,24.48,25.20,25.11,24.57,25.11,24.85,25.28,24.76,25.02,24.76,25.11,24.85,25.11,25.20,24.93,25.02,25.11,25.20,25.11,25.11,25.37,25.02,25.28,24.76,25.02,25.11,25.20,24.93,25.02,25.11,25.20,24.93,24.67,24.93,25.02,24.93,24.67,24.93,24.93,25.11,25.11,24.85,24.76,25.02,25.11,24.93,25.20,24.85,25.02,24.93,25.02,25.37,24.67,24.67,25.11,24.67,24.93,24.93,24.76,24.93,24.57,24.93,24.93,24.85,24.85,25.02,25.11,25.28,24.93,25.20,25.11,25.20,24.76,25.20,24.76,25.02,24.85,25.37,24.93,25.28,25.81,25.37,25.55,25.37,25.46,25.02,25.55,25.81,25.63,25.55,25.72,25.88,25.81,25.55,25.98,26.05,26.31,26.05,25.98,26.23,25.88,25.88,25.98,25.98,26.05,25.63,25.98,26.14,26.14,25.81,25.88,26.14,25.98,25.98,26.14,25.81,25.72,25.55,25.98,25.98,25.63,25.72,25.46,25.11,25.37,25.46,25.02,24.67,24.93,25.11,24.85,25.20,25.02,25.20,24.85,25.28,25.02,24.85,25.20,25.20,24.93,25.02,24.93,24.67,25.28,25.28,25.20,24.85,25.20,25.20,24.85,24.93,24.67,24.67,25.28,25.11,25.11,25.20,24.76,25.28,24.76,24.67,25.20,24.85,24.85,24.85,24.85,25.20,24.85,24.76,24.93,24.67,25.20,24.76,24.93,25.02,24.93,25.02,25.20,24.76,25.11,25.37,24.93,24.85,25.20,24.39,24.76,24.85,24.85,24.76,25.37,24.67,24.48,25.28,24.85,24.67,25.11,25.11,24.67,24.93,24.76,24.85,25.11,24.57,25.28,24.85,24.76,24.93,24.57,24.76,24.85,25.11,24.85,24.93,24.93,24.67,24.48,24.93,24.57,24.85,24.76,24.67,25.02,24.67,25.28,24.76,24.85,24.93,24.57,24.57,24.67,24.76,24.85,24.93,24.76,24.67,24.85,24.29,25.11,24.67,25.02,24.85,24.67,24.67,24.93,24.57,24.76,24.48,24.93,24.93,25.02,24.76,25.02,25.11,24.67,24.93,24.93,24.93,24.76,25.02,24.85,25.20,24.93,25.28,24.76,24.76,24.85,24.48,24.76,25.11,24.67,24.39,24.85,24.48,24.93,24.85,25.02,25.02,24.93,24.76,24.57,24.29,24.93,25.11,24.67,24.48,24.67,24.01,24.76,24.57,24.76,24.39,24.67
24.39,24.76,24.48,24.76,24.57,24.57,24.57,24.93,24.48,24.85,25.02,24.76,24.76,25.02,24.39,24.67,24.67,24.67,24.48,24.76,24.93,24.57,24.85,25.11,24.76,24.76,24.76,25.20,24.85,24.57,24.67,24.67,24.67,25.02,25.02,24.93,25.02,25.02,25.02,24.85,24.57,25.11,24.93,25.11,24.57,24.67,24.85,24.85,25.02,24.57,25.11,24.57,24.76,24.93,25.02,24.76,24.85,24.93,24.57,25.02,25.02,24.76,24.76,24.85,24.67,25.20,24.85,24.85,24.93,24.76,25.02,25.46,25.02,25.11,24.57,24.39,24.93,24.67,25.20,24.76,24.48,24.76,25.02,24.85,24.67,25.02,24.76,24.93,24.76,24.85,24.85,25.11,24.39,24.93,24.93,25.02,24.76,25.02,25.28,25.02,24.85,25.28,24.93,24.93,25.02,24.85,25.02,25.02,24.67,25.20,25.28,24.85,24.57,25.11,24.76,24.93,24.57,24.67,24.85,24.93,24.76,25.20,25.20,25.02,24.93,24.93,24.93,24.67,25.02,24.93,24.93,24.85,24.76,24.85,25.11,25.02,24.93,24.67,25.11,24.93,25.02,24.85,25.11,24.48,24.85,25.28,24.85,25.02,25.02,24.93,25.20,25.02,25.02,24.67,24.85,25.11,24.85,24.57,24.57,25.28,25.63,24.85,24.85,25.02,25.20,25.11,25.28,25.37,25.11,25.11,25.46,25.20,25.28,25.46,24.76,25.20,25.46,25.55,25.28,25.28,25.63,25.55,25.55,25.72,25.81,25.88,25.72,25.63,25.72,25.55,25.88,25.81,25.63,25.63,25.72,25.88,25.72,25.81,25.88,25.63,25.98,25.98,25.88,25.63,25.63,25.72,25.81,25.88,25.20,25.46,25.28,25.37,25.20,25.02,25.02,25.37,25.11,25.02,25.02,24.76,25.02,24.85,25.55,25.11,25.11,25.46,25.02,25.20,25.46,25.02,25.11,25.28,24.93,25.11,25.11,25.11,25.02,24.76,25.28,25.28,24.76,24.85,24.67,24.67,24.93,25.28,24.85,25.20,25.20,24.93,24.76,24.76,25.02,24.76,24.57,25.20,24.76,24.76,25.02,24.93,24.85,24.93,24.67,25.11,25.20,25.02,25.28,25.11,24.76,24.76,24.85,24.48,24.67,25.11,24.93,24.85,24.93,24.85,25.11,24.57,24.85,24.67,25.11,25.02,24.93,25.20,24.93,24.57,24.76,24.76,24.57,24.85,24.85,24.85,24.67,24.93,25.37,25.28,24.67,24.85,24.85,24.76,24.76,24.93,25.37,24.85,25.02,24.76,25.28,24.76,24.85,24.76,24.76,24.85,25.02,24.85,25.11,24.67,24.76,24.93,24.93,24.76,24.85,24.76,24.76,24.85,24.93,24.76,24.85,24.85,25.20,24.85,24.85,24.67,24.57,24.93,24.67,24.39,24.85,24.76,24.85,24.67,24.93,24.48,24.48,24.93,24.67,25.02,24.85,25.02,24.93,25.02,24.76,24.93,24.93,24.67,24.48,24.67,24.48,24.48,24.76,25.20,24.57,25.02,24.48,24.57,24.93,24.67,24.57,25.02,25.02,24.57,24.76,24.93,24.76,24.93,24.67,24.76,24.57,24.39,24.57,24.67
24.67,24.48,24.57,24.85,24.85,24.76,24.93,24.57,24.93,24.20,24.57,24.57,24.39,24.93,24.57,24.57,24.67,24.48,25.02,24.67,24.93,24.85,24.67,24.67,25.11,24.67,24.76,25.11,24.85,24.76,24.93,24.85,24.57,24.67,24.67,24.48,24.57,24.85,25.02,24.85,25.02,24.76,24.39,24.67,24.93,24.93,24.85,24.48,24.67,25.02,24.93,24.57,25.02,24.93,24.76,25.20,24.67,25.02,24.76,24.93,25.02,25.02,24.48,24.93,24.57,24.48,24.76,24.76,25.02,24.76,24.85,24.85,24.29,25.11,24.93,25.11,25.02,25.11,24.67,25.20,24.93,25.11,24.67,24.93,25.02,24.57,24.85,24.93,24.93,24.93,24.85,24.76,24.67,25.11,25.02,24.93,24.85,25.02,24.93,24.85,25.20,24.85,25.28,24.93,25.20,25.02,24.93,25.20,25.11,25.11,25.02,24.85,24.85,25.28,25.20,24.85,25.20,24.48,25.02,25.02,24.85,24.85,25.02,25.11,24.76,25.02,25.11,25.11,24.85,24.85,24.85,24.85,25.02,25.46,24.76,25.11,24.76,25.37,25.11,25.11,24.67,24.76,24.67,25.02,25.02,24.76,24.85,24.76,25.11,24.67,24.67,25.11,24.67,25.02,24.93,25.02,24.93,24.57,25.02,24.57,25.37,24.67,25.11,25.28,24.93,25.28,25.02,25.20,25.11,25.11,24.93,25.20,25.20,25.20,25.46,25.37,25.11,25.46,25.20,25.11,25.63,25.46,25.81,25.28,25.81,25.72,25.81,25.63,25.81,25.72,25.72,25.55,25.98,25.37,25.88,25.28,25.37,25.46,25.46,25.88,25.28,26.05,25.55,25.72,25.98,25.46,25.46,25.28,25.46,25.63,25.55,25.20,25.02,25.28,25.02,25.02,24.93,25.11,25.02,25.11,24.76,25.02,25.02,25.11,24.93,25.02,25.11,24.20,24.93,25.02,25.37,25.02,25.11,24.57,24.85,24.93,24.93,24.48,25.02,25.11,24.93,25.37,25.02,24.57,24.76,24.67,24.85,24.76,25.02,25.28,24.93,25.02,25.02,24.67,25.28,25.11,25.02,24.93,25.02,24.76,25.20,24.93,24.85,25.28,24.76,24.93,24.85,25.11,24.93,25.11,24.67,24.93,24.48,24.93,24.85,24.85,24.67,24.93,24.85,25.28,24.76,24.85,24.85,24.93,25.02,24.39,24.93,24.57,24.57,24.76,24.76,25.11,24.85,24.85,24.57,24.93,25.20,24.93,24.93,24.93,24.85,25.20,24.76,24.67,24.76,24.57,24.93,24.76,25.02,25.28,24.57,24.85,24.48,24.57,25.02,24.76,24.85,24.76,24.85,24.67,24.93,24.67,24.93,24.76,25.02,24.85,25.02,24.76,24.93,24.85,24.85,24.67,24.85,24.93,24.93,24.85,24.57,25.02,24.85,25.11,25.02,24.93,24.93,24.29,24.85,24.76,24.85,25.02,24.57,24.85,24.76,25.02,25.02,24.93,24.76,24.76,24.76,24.57,24.85,24.67,25.11,25.02,24.29,24.57,24.48,24.76,25.11,24.57,24.57,25.02,24.57,24.93,24.29,24.57,24.93,24.57,24.57,24.85,24.29,24.85,25.11,25.02
24.57,24.39,24.93,24.29,24.76,24.85,24.76,24.67,24.85,24.85,24.76,24.76,24.76,24.67,24.67,24.67,24.57,24.67,24.76,24.57,24.67,24.57,25.02,24.48,24.76,24.48,24.48,24.67,24.39,24.93,24.57,25.11,25.11,25.02,24.93,24.76,24.76,24.67,25.02,25.02,24.93,25.02,25.02,24.29,25.02,24.67,25.02,24.67,24.48,24.85,24.93,24.11,24.85,24.57,24.85,25.02,24.48,24.76,24.48,24.85,24.85,24.93,25.46,25.11,24.85,25.20,24.76,24.67,25.02,25.37,25.20,25.02,25.02,25.20,25.11,24.76,25.02,25.02,25.11,24.67,24.76,24.76,24.93,24.67,25.28,24.93,25.20,25.02,25.37,24.85,24.93,25.20,24.93,24.85,25.28,24.93,24.57,24.76,24.93,24.93,25.20,24.76,25.02,25.02,25.02,25.02,24.57,25.11,24.57,25.20,25.28,24.93,24.93,25.11,25.02,24.93,25.11,25.11,24.67,24.67,25.11,24.85,25.11,24.67,25.02,25.11,24.93,24.93,25.11,25.28,24.85,25.02,24.93,25.11,24.67,24.93,24.85,24.85,25.20,25.02,25.11,24.76,24.85,24.67,25.11,24.93,25.02,24.85,25.02,25.11,25.02,25.28,24.76,24.85,25.02,25.11,24.85,24.85,25.37,25.02,25.11,24.57,24.93,24.76,24.85,24.76,24.76,25.55,25.20,24.76,25.02,25.20,25.55,25.20,25.55,25.55,25.02,25.55,25.37,25.02,25.20,24.85,25.98,25.72,25.11,25.55,25.28,25.46,25.46,25.37,25.37,25.63,25.55,25.55,25.81,25.37,25.63,25.72,25.72,25.20,25.72,25.63,25.63,25.98,25.98,25.81,25.46,25.37,25.20,25.37,25.28,25.28,24.93,25.20,25.46,25.11,25.02,24.85,25.11,25.28,25.11,24.93,24.93,24.76,24.85,25.11,25.37,25.11,24.93,25.02,24.85,25.02,24.67,25.11,25.20,25.02,24.85,25.28,24.85,24.93,24.85,25.20,24.57,25.02,25.20,25.02,24.76,25.02,25.02,24.93,24.48,25.11,25.02,25.02,24.67,25.02,24.57,24.93,25.20,25.20,24.67,25.20,24.93,25.02,25.20,25.11,24.67,24.76,24.85,24.93,24.85,25.20,24.76,24.57,25.20,24.76,24.93,24.76,24.76,24.39,24.76,24.93,24.57,24.85,24.85,24.76,25.20,24.85,25.28,24.67,24.57,24.57,24.93,24.76,24.76,24.57,24.93,24.76,24.85,24.67,24.39,25.11,24.57,25.02,24.76,25.28,24.93,24.85,24.57,24.67,24.48,24.67,24.76,24.93,24.76,25.02,24.76,25.02,24.85,24.67,24.48,24.67,25.20,24.85,24.67,24.67,25.46,24.93,24.67,25.02,24.93,24.85,24.85,24.76,24.93,24.85,25.02,24.76,24.85,25.02,25.02,24.76,24.67,25.20,25.02,24.85,24.76,24.93,24.85,24.48,24.85,24.48,24.85,25.02,25.11,25.20,25.02,24.76,24.85,24.93,24.48,24.57,24.93,24.76,24.57,24.67,24.85,24.57,24.76,24.48,24.57,25.20,24.48,24.93,24.48,25.20,24.57,24.29,25.11,24.67,24.76,24.48
24.29,24.20,24.57,24.67,25.02,24.93,24.57,24.39,24.57,24.57,24.39,24.57,24.67,24.57,24.57,24.67,25.02,24.57,24.76,24.93,24.57,25.02,24.67,25.28,24.57,24.39,24.39,24.29,24.57,25.28,24.76,24.76,24.76,24.48,24.76,24.85,25.02,24.76,24.39,25.02,24.85,25.02,24.85,24.57,24.76,24.48,25.02,24.93,24.85,24.76,24.85,24.85,25.02,25.02,24.67,24.76,24.93,24.76,24.67,24.67,24.67,24.76,24.93,25.11,24.93,24.67,25.02,25.37,24.76,24.76,24.39,24.67,24.76,24.93,25.20,24.76,24.85,24.93,25.28,24.93,24.76,24.85,25.11,25.28,24.93,24.57,25.02,24.76,25.20,25.11,24.57,24.85,24.85,25.02,24.85,25.20,24.85,24.93,25.02,24.76,24.93,24.85,24.76,25.11,24.67,25.28,24.93,25.02,25.11,24.85,25.02,24.57,24.85,25.28,24.76,24.93,25.20,25.11,25.20,25.11,25.02,25.11,25.02,25.20,24.93,24.93,24.93,24.85,25.11,25.20,25.20,24.85,25.28,24.76,24.76,24.85,25.20,25.02,25.02,25.46,24.93,25.37,25.28,25.11,25.20,24.93,25.02,24.85,24.57,24.93,25.20,25.20,24.20,25.11,24.85,24.85,25.20,25.11,25.20,24.93,24.76,24.76,25.11,25.02,24.76,25.28,25.11,25.28,25.20,25.20,25.55,25.37,25.20,25.02,25.37,25.55,24.93,25.55,25.63,25.28,25.81,25.28,25.28,25.63,25.46,25.81,25.20,25.37,25.20,25.28,25.63,25.55,25.72,25.46,25.55,25.63,25.28,25.55,25.28,25.46,25.72,25.37,25.55,25.37,25.81,25.81,25.72,25.55,25.37,25.46,25.11,25.02,25.02,25.46,25.20,25.28,25.37,25.11,25.20,25.28,25.20,24.85,25.02,25.37,25.11,24.76,24.76,25.02,24.85,24.93,24.93,25.20,24.93,24.93,25.11,25.11,25.46,24.57,24.76,25.02,25.02,24.76,25.11,24.76,24.93,24.76,24.85,25.28,25.02,24.67,24.67,24.76,25.28,25.20,25.11,24.85,24.76,25.02,24.76,25.11,25.11,25.20,24.76,25.02,24.93,25.02,24.76,24.85,25.28,24.85,25.02,25.20,24.93,24.67,24.76,24.85,25.02,25.02,24.85,24.93,24.67,24.93,25.11,24.93,25.11,24.76,24.76,24.93,24.48,24.76,25.02,24.93,24.67,24.39,25.28,24.93,24.76,24.93,24.67,25.20,24.93,24.67,24.76,25.20,24.67,24.57,24.76,24.57,25.02,24.48,25.11,24.93,24.85,25.02,24.67,24.93,24.85,24.76,24.93,24.76,24.85,25.02,24.93,24.85,24.57,24.57,25.02,25.37,24.85,24.29,25.11,24.57,24.48,24.67,24.76,24.85,24.85,24.93,25.02,25.11,24.67,24.67,24.67,24.93,24.57,24.57,24.93,24.76,24.93,24.93,24.76,25.02,24.48,24.48,25.02,24.85,24.85,24.93,24.48,24.76,24.48,25.20,24.57,24.48,24.67,24.67,24.67,24.57,24.76,24.76,24.93,24.29,24.93,24.67,24.57,24.48,24.67,24.57,24.39,24.57,24.76,24.67
24.48,24.85,24.85,24.48,25.11,24.39,24.67,24.57,24.57,24.76,24.39,24.85,24.85,24.67,24.57,24.93,24.67,24.48,24.85,24.57,24.85,24.85,24.67,24.57,24.76,24.93,24.93,24.67,24.57,24.57,24.39,25.02,24.67,24.67,25.11,24.48,25.11,25.20,24.93,24.85,24.67,25.02,25.02,24.93,24.93,24.76,24.85,24.48,24.57,25.11,24.93,25.37,24.93,24.29,24.57,24.67,24.57,24.67,25.20,24.85,25.28,24.67,24.85,24.67,24.76,24.93,24.93,24.85,24.85,24.57,24.76,24.85,25.02,25.02,24.67,24.57,25.02,24.93,24.67,24.85,24.67,25.02,24.85,24.93,25.11,24.85,24.85,24.76,25.02,24.76,24.48,24.57,24.76,24.93,24.76,24.76,24.76,25.02,24.85,25.02,25.20,24.93,24.85,25.02,25.11,24.85,25.11,24.76,25.02,25.11,24.76,24.93,24.85,24.85,25.02,24.93,25.11,25.02,24.76,25.11,24.93,24.76,24.76,25.02,25.02,25.02,24.85,24.29,25.28,25.02,24.85,24.67,25.02,25.11,24.85,25.11,24.76,24.76,24.57,25.11,25.11,25.02,24.93,24.85,25.02,24.93,24.85,25.11,25.02,25.02,24.93,24.67,25.02,24.76,25.11,25.02,25.02,25.02,25.11,25.28,25.11,25.11,25.28,24.93,25.02,25.02,24.76,25.11,25.55,25.02,25.20,25.55,25.20,25.20,24.76,25.72,24.93,25.55,25.11,25.63,25.11,25.20,25.55,25.46,25.98,25.28,25.55,25.28,25.63,25.28,25.81,25.55,25.20,25.46,25.28,25.20,25.46,25.88,25.11,25.63,25.37,25.28,25.37,25.37,25.55,25.81,25.72,25.63,25.11,25.11,25.28,25.11,25.11,25.28,25.20,25.11,25.20,24.93,25.02,25.11,25.20,25.11,25.02,24.76,25.11,24.93,24.85,25.02,24.93,25.02,24.76,24.57,25.11,25.11,24.57,24.93,24.57,24.93,25.20,25.37,25.11,25.02,24.67,25.11,25.02,24.76,25.37,25.20,25.11,24.76,24.85,24.93,25.02,25.20,25.11,25.20,24.48,25.20,24.85,24.85,25.11,25.46,25.20,25.11,25.02,25.11,24.93,25.11,25.37,24.57,24.93,25.20,25.11,24.76,25.11,24.85,24.93,24.67,25.20,24.67,25.11,25.11,25.11,25.20,25.11,25.20,24.76,24.85,25.02,25.02,24.67,24.85,24.57,24.57,24.48,24.67,24.57,24.85,24.93,25.20,25.46,24.67,24.76,24.67,24.48,24.67,25.11,24.67,25.02,25.37,24.57,25.11,24.93,24.85,24.93,24.57,24.57,25.11,24.67,24.93,24.57,24.67,24.67,24.85,24.85,24.93,24.85,24.76,24.76,24.67,24.76,24.93,25.11,24.48,24.67,24.93,24.93,24.67,24.93,25.02,24.93,24.93,24.76,25.11,24.57,25.11,24.67,24.93,24.57,24.57,24.93,24.39,24.67,24.57,25.02,24.29,24.57,24.85,24.76,25.02,25.28,25.02,24.39,24.85,24.85,24.93,24.57,25.11,24.39,24.85,25.11,24.57,24.85,24.48,24.57,25.02,24.76,25.11,24.57,24.93,24.48,24.20
24.39,24.67,24.39,24.67,24.57,24.67,24.67,24.57,24.76,24.57,24.57,24.57,24.93,24.67,24.57,24.85,24.76,24.48,24.57,24.57,24.85,24.57,25.02,25.11,24.48,24.76,24.57,25.11,25.02,25.02,24.85,24.67,24.67,25.02,24.85,25.28,24.57,24.76,24.93,25.02,24.85,24.76,24.93,24.93,24.85,25.02,24.85,24.39,25.02,24.76,24.85,24.85,24.85,25.11,24.93,24.67,24.57,25.28,24.76,24.76,25.02,25.46,25.02,25.11,24.93,24.67,25.02,24.76,24.85,25.11,24.85,24.76,24.76,25.02,24.93,24.76,25.11,24.48,24.57,24.85,24.85,25.02,24.76,24.20,25.02,25.11,24.11,24.76,25.02,24.93,24.85,24.93,24.48,24.93,24.85,25.37,25.46,25.28,24.57,24.67,25.20,25.20,24.76,24.57,25.11,25.28,25.11,25.11,24.48,25.20,25.11,24.57,24.85,25.28,24.57,25.11,25.02,24.93,24.85,24.93,24.93,25.02,25.55,24.76,25.02,25.55,24.48,24.76,25.11,24.85,24.85,24.85,25.11,25.02,24.76,24.85,25.02,24.93,24.85,25.02,24.76,25.11,25.11,24.76,25.11,24.85,24.85,24.85,24.93,24.93,24.85,25.02,24.85,24.57,24.93,25.02,24.93,25.02,25.20,24.85,24.93,25.20,25.20,24.76,24.85,24.93,25.02,25.11,24.85,24.93,25.28,25.20,25.46,25.11,24.93,24.93,25.20,24.85,25.55,25.02,25.20,24.93,25.02,25.28,25.28,25.28,25.20,25.28,25.02,25.55,25.02,25.88,25.28,25.37,25.55,25.55,25.46,25.37,25.28,25.55,25.28,25.28,25.98,25.55,25.37,25.72,25.55,25.46,25.28,25.20,25.02,25.28,24.76,24.93,25.20,24.93,24.85,25.11,24.85,25.20,25.02,25.11,25.02,25.46,25.11,24.93,25.11,24.85,24.93,24.76,25.02,24.85,25.20,25.28,24.67,25.11,24.48,24.48,24.93,25.02,25.02,24.93,25.20,24.85,24.76,24.76,25.20,25.11,25.02,24.93,25.20,24.76,25.28,24.39,25.28,25.11,24.85,25.02,24.76,24.76,24.48,25.20,25.20,25.11,24.48,25.02,25.02,24.76,25.02,25.02,24.57,24.93,25.02,24.76,24.93,25.20,24.93,25.11,24.67,24.85,24.85,24.76,24.85,24.93,25.02,24.76,24.93,24.93,24.76,24.67,24.76,24.76,25.02,24.93,25.11,24.76,25.02,25.02,24.93,25.20,24.67,24.57,25.11,25.20,24.93,24.67,24.67,24.76,25.02,24.67,24.57,25.11,24.67,24.57,24.85,25.02,24.93,24.85,24.85,24.67,24.85,24.85,24.93,24.48,24.76,24.85,25.20,24.76,24.67,24.85,24.39,24.76,24.48,24.67,24.67,24.67,24.76,24.85,24.76,24.48,24.67,24.67,24.85,24.76,24.57,24.67,24.93,24.76,24.93,24.93,24.93,24.57,24.93,24.93,25.02,24.57,24.85,25.02,24.85,24.57,24.76,24.85,24.85,25.11,24.39,24.57,24.67,24.76,24.85,25.11,24.76,25.02,25.02,24.85,25.02,24.76,24.76,24.29,24.48,24.67,24.39,24.76
24.48,24.48,24.67,24.67,24.57,24.76,24.48,24.48,24.67,24.39,24.67,24.85,24.48,24.57,24.20,24.76,24.76,24.76,25.20,25.20,24.67,24.39,24.76,24.76,24.57,24.76,24.29,24.67,24.67,25.20,24.93,24.85,24.85,24.57,24.93,24.85,24.67,24.85,24.57,25.02,24.48,24.85,24.85,24.76,24.67,24.85,24.85,24.76,24.93,24.85,25.02,24.67,25.02,24.57,24.85,24.85,24.85,24.85,24.85,24.48,25.11,25.02,25.20,24.93,24.85,24.29,24.48,24.76,24.67,24.76,24.67,24.85,24.29,25.20,24.85,24.67,24.76,25.02,25.11,25.20,24.76,25.02,24.85,25.11,24.76,25.02,24.76,24.48,24.85,24.85,24.48,25.11,25.28,25.20,24.85,24.76,24.93,25.20,25.02,25.11,25.02,25.20,25.02,25.28,24.93,25.02,25.28,24.85,24.76,24.85,24.48,25.02,25.20,25.11,25.28,24.93,24.93,25.20,25.11,25.20,25.11,25.46,25.02,25.02,24.93,24.76,24.93,25.11,25.28,25.02,24.85,25.11,24.67,24.93,24.93,25.20,25.11,24.67,25.20,24.93,24.85,24.76,25.11,25.11,25.28,25.11,25.11,24.76,24.93,25.02,25.55,25.37,25.02,24.85,24.85,25.20,25.02,24.85,24.93,24.85,25.11,25.11,24.93,24.76,24.93,25.20,25.02,25.11,24.93,25.11,25.28,25.11,25.28,25.28,24.85,25.37,25.20,25.28,25.11,25.02,25.37,25.20,24.85,25.63,25.11,25.37,25.20,25.37,25.11,25.46,25.28,25.46,25.20,25.37,25.20,25.28,25.46,25.72,25.28,25.46,25.63,25.37,25.46,25.20,25.46,25.72,25.46,25.20,25.46,25.46,25.37,25.20,25.11,25.11,25.02,25.20,24.76,24.76,25.11,25.28,25.37,24.76,25.28,25.28,24.93,24.76,24.85,25.20,24.85,25.20,25.11,24.39,25.20,25.11,25.11,24.85,24.85,25.11,25.11,25.11,24.85,24.93,25.28,25.20,25.11,25.02,25.28,25.20,24.67,24.76,24.76,25.11,24.76,24.85,24.85,24.85,25.20,24.76,25.02,24.93,25.20,25.20,24.85,24.67,24.76,25.37,24.93,25.37,25.20,24.93,25.11,24.76,24.57,24.85,24.85,25.11,24.76,25.11,25.37,25.20,25.02,25.11,24.93,25.11,24.76,25.11,25.11,24.76,24.85,24.76,25.02,24.76,24.93,25.28,25.20,25.20,25.02,25.11,25.20,25.28,25.28,24.85,24.85,24.67,24.67,24.85,25.11,24.85,24.48,24.67,24.76,24.93,24.67,25.02,24.76,25.20,24.67,24.93,25.02,24.76,24.57,24.76,24.76,24.48,25.20,25.20,25.02,24.76,25.02,25.28,24.85,24.85,25.20,24.48,24.39,25.20,24.93,24.67,24.76,25.02,25.02,24.67,25.11,24.67,24.85,24.57,24.76,24.85,24.57,24.67,24.57,24.39,24.48,24.48,25.02,24.85,24.85,24.85,24.57,25.02,25.11,24.57,24.67,25.11,24.85,24.20,24.67,24.76,24.57,24.67,24.57,24.76,24.67,24.76,24.57,24.67,24.85,25.11,24.76,24.93,24.76,24.29
24.48,24.85,24.29,24.39,24.48,24.20,24.76,24.76,24.29,24.93,24.29,24.76,24.85,24.57,24.93,24.67,24.85,25.28,24.48,24.67,24.20,24.57,24.57,24.39,24.76,24.85,24.57,24.57,25.20,24.93,24.48,24.93,25.11,24.57,24.48,24.57,24.85,24.85,24.76,24.67,24.76,24.85,24.67,24.85,24.67,24.76,24.76,24.57,24.57,25.11,24.85,25.02,24.76,24.67,24.85,25.11,24.85,24.57,24.85,25.02,24.93,24.57,24.67,24.76,24.57,24.67,24.85,25.11,24.67,25.11,24.67,24.85,24.67,24.76,24.48,25.02,24.85,25.02,24.85,24.76,24.85,24.57,24.76,24.67,24.67,24.48,24.93,25.11,24.76,24.39,24.93,25.02,24.93,24.57,24.76,25.02,25.11,25.02,25.20,25.11,24.48,25.02,24.76,24.93,25.02,25.37,24.93,24.57,24.93,25.02,25.02,25.11,24.76,24.85,24.85,24.93,25.20,24.93,25.11,24.93,24.39,24.85,24.85,25.11,25.72,25.02,25.11,25.02,24.93,24.85,24.67,24.76,25.20,24.93,24.93,24.85,25.11,24.93,24.76,24.85,25.02,25.02,25.20,25.11,24.85,25.11,24.76,25.02,24.48,24.76,24.93,25.11,24.93,25.37,25.20,25.02,24.93,25.20,24.93,24.76,24.85,25.02,25.02,25.02,25.02,24.67,24.93,24.93,24.76,25.11,24.93,24.93,24.67,25.28,25.11,25.28,25.28,25.46,25.20,25.28,24.85,24.85,25.20,25.02,25.11,25.02,25.20,25.37,24.76,24.85,25.20,25.28,25.63,25.20,25.11,25.55,25.11,25.02,25.11,25.46,25.46,25.28,25.28,25.37,25.46,25.28,25.20,25.46,25.28,25.46,25.72,25.20,25.20,25.11,25.11,24.85,24.93,25.11,25.11,25.28,24.93,24.76,25.02,25.02,25.02,24.29,24.93,24.85,25.20,24.85,25.02,25.02,24.67,24.85,24.57,25.02,25.02,25.20,25.20,25.28,24.93,25.02,24.76,24.76,24.85,24.85,25.11,25.02,24.67,24.85,24.93,24.67,24.85,24.93,25.02,25.02,24.85,24.93,24.93,25.37,24.76,25.02,25.20,24.85,24.93,24.93,25.37,24.93,25.11,24.76,25.20,25.11,24.67,24.85,24.93,24.76,24.67,24.93,24.76,25.37,25.02,24.76,25.37,24.67,25.20,24.76,24.76,24.67,24.67,24.85,25.11,25.11,24.85,24.93,24.85,24.48,24.85,25.11,24.67,24.93,24.48,24.76,24.76,24.85,25.11,25.20,24.93,24.76,24.48,24.67,24.76,24.48,24.67,24.93,24.76,24.76,24.85,24.57,24.76,24.93,24.85,24.39,24.67,24.67,24.85,24.93,24.85,24.67,24.85,24.85,24.20,24.93,24.11,24.67,25.02,24.93,24.76,24.85,24.76,24.67,24.76,24.57,24.85,24.76,25.02,24.48,24.20,24.76,24.67,25.20,24.48,24.48,24.76,24.39,24.57,24.57,24.57,24.93,24.76,24.39,24.39,24.93,25.11,24.67,24.85,24.93,24.67,24.85,24.76,25.02,24.67,24.85,24.85,24.93,24.57,24.29,24.57,24.67,24.57,24.57,24.85,24.67
24.57,24.48,24.85,24.29,25.11,24.85,24.57,24.48,24.20,24.48,24.39,24.48,24.67,24.76,24.29,25.11,24.57,24.57,25.11,24.76,24.76,25.02,24.48,24.48,24.93,24.39,24.76,25.02,25.02,25.11,24.93,25.20,24.93,24.85,25.02,25.11,24.85,25.11,25.02,24.93,24.57,24.93,24.93,25.02,25.02,24.76,24.76,24.93,24.57,25.11,24.67,24.67,24.93,24.67,24.57,24.67,24.67,24.67,24.76,24.93,24.93,24.48,25.02,24.57,24.67,24.76,24.76,25.37,24.85,24.85,24.67,25.11,24.85,24.76,24.76,25.02,24.48,25.02,25.02,24.76,25.11,25.11,25.46,24.93,25.20,24.93,25.28,25.11,25.02,25.02,24.48,24.57,24.67,24.85,24.67,24.93,25.37,25.11,24.39,24.93,24.76,24.93,24.67,24.85,24.57,24.93,25.20,25.11,25.02,25.20,24.76,25.11,24.93,25.11,25.02,25.02,24.93,24.76,25.20,24.93,24.85,25.20,24.76,24.67,24.93,25.02,24.85,25.11,25.02,25.11,24.85,24.76,24.76,25.02,24.93,24.85,24.93,24.85,24.67,24.93,25.20,24.93,24.93,24.93,24.57,24.76,24.67,25.20,24.93,24.57,24.93,24.67,24.57,24.57,24.85,24.76,24.76,25.11,24.85,25.37,24.93,25.11,24.85,24.76,25.11,24.85,24.93,24.48,25.02,25.02,25.02,25.72,25.11,25.11,25.02,25.63,24.76,25.28,25.11,25.02,25.20,24.93,25.02,25.37,25.20,25.20,25.28,25.20,25.02,25.20,25.02,25.11,25.28,24.93,25.11,25.28,25.28,25.11,25.28,25.20,25.55,25.02,25.37,25.02,25.37,25.63,25.20,25.55,25.02,25.28,25.37,25.20,25.02,25.02,25.02,24.57,25.28,24.93,24.76,24.57,25.37,25.28,25.02,24.93,25.55,24.93,24.67,25.11,25.02,25.28,25.11,24.93,24.93,24.67,25.20,25.20,24.93,25.02,25.02,24.67,24.85,25.11,25.02,25.37,24.85,24.48,25.11,24.48,24.48,24.76,24.93,25.11,25.02,25.02,25.02,25.11,24.57,25.28,24.85,25.28,25.20,24.76,25.02,24.93,25.02,24.93,25.02,24.93,25.02,25.20,25.02,24.67,24.76,25.37,25.11,24.85,24.57,24.67,25.02,24.67,24.93,25.20,25.11,24.39,25.46,24.85,24.93,24.67,24.57,25.11,24.76,24.76,24.67,25.28,24.76,25.20,24.67,24.76,24.48,24.93,24.57,25.02,24.67,24.11,24.67,24.93,25.28,24.76,24.48,24.67,24.93,25.02,24.67,24.93,24.48,24.76,25.02,24.67,24.93,24.67,24.57,24.76,24.39,24.67,25.11,24.67,24.48,24.67,24.67,25.02,24.57,24.48,24.67,24.93,24.67,25.02,24.76,24.39,24.85,24.85,25.02,24.67,24.57,24.85,25.02,24.57,24.57,24.67,24.57,24.93,24.76,25.20,24.67,25.02,24.93,25.02,24.85,24.93,24.20,24.57,24.76,24.93,24.93,24.85,24.67,24.57,24.85,24.85,24.93,24.67,25.02,24.85,24.57,24.67,24.67,25.02,24.76,24.57,24.48,24.76,25.02,24.39
24.48,24.48,24.76,24.01,24.48,24.29,24.67,24.67,24.93,24.29,24.76,24.67,24.76,24.57,24.76,24.57,24.76,24.85,25.02,24.76,24.85,24.85,24.85,24.48,24.76,24.48,24.67,24.85,24.20,24.67,24.48,24.57,24.67,25.02,24.93,24.48,24.85,24.85,24.29,25.02,25.02,24.93,24.76,24.48,24.93,24.93,24.85,24.76,24.67,24.57,24.85,24.67,24.57,24.93,24.67,25.02,25.02,24.67,24.76,24.85,24.76,24.39,24.85,24.67,24.76,25.20,24.67,25.20,24.76,25.28,24.76,24.67,24.85,25.20,25.20,24.67,24.67,25.37,25.11,24.93,24.93,25.20,24.76,25.02,25.20,25.11,25.11,24.85,25.11,25.02,24.57,25.20,24.93,24.67,25.20,25.02,24.76,25.02,24.93,25.11,25.20,24.85,25.02,24.85,24.76,24.67,24.93,24.93,25.02,25.11,25.20,24.85,24.76,25.20,25.20,25.02,25.02,25.02,24.85,24.85,24.85,24.48,24.93,24.85,24.85,24.67,25.11,25.11,24.93,25.20,24.76,25.02,25.11,25.46,24.76,24.85,24.76,25.02,25.02,25.20,25.02,25.02,25.11,25.02,24.76,24.93,25.11,25.02,24.93,24.93,25.11,25.20,25.37,24.93,25.11,24.76,24.67,24.76,24.76,25.20,25.20,25.37,25.02,25.28,24.67,25.11,25.55,24.67,25.11,24.93,25.37,25.37,24.85,25.02,25.02,25.20,25.46,25.11,25.37,25.02,25.02,24.93,25.20,25.20,25.02,25.37,24.93,25.37,24.76,25.02,25.20,25.02,25.11,24.93,25.63,25.37,25.11,25.20,24.93,25.02,25.28,25.55,25.02,25.20,25.28,25.46,25.11,25.28,25.11,25.11,24.93,24.93,25.02,24.67,24.93,24.57,25.28,24.76,24.93,25.11,24.93,24.85,25.11,24.85,24.93,25.02,24.93,24.93,25.02,24.93,24.93,24.93,25.11,25.11,25.11,24.93,25.02,25.37,25.02,24.67,25.02,24.93,25.20,25.11,25.46,25.11,24.67,25.37,25.11,25.46,24.48,24.76,25.28,25.11,24.93,24.93,24.93,25.11,25.28,25.11,25.46,24.67,24.93,25.02,25.11,25.02,25.11,25.02,25.02,24.93,25.46,24.57,25.20,24.57,25.11,24.20,24.76,25.28,25.11,24.48,24.67,25.11,25.20,24.93,24.57,24.67,24.76,24.67,24.85,25.20,24.39,25.02,25.20,24.93,24.76,24.76,24.85,24.93,24.85,24.67,24.76,24.85,24.57,24.93,24.93,25.11,25.11,25.20,24.85,24.93,24.48,25.11,24.39,24.57,25.20,25.02,24.57,24.76,24.93,24.76,24.93,25.02,24.57,24.76,24.57,24.93,24.85,24.85,24.76,24.93,24.57,25.02,24.67,24.76,24.76,24.85,24.85,24.85,24.76,24.57,24.93,24.57,24.85,24.57,24.93,24.85,25.20,24.85,24.76,24.93,24.76,24.93,24.67,25.02,24.93,24.39,24.67,24.93,25.02,24.29,25.20,24.57,25.11,24.93,25.02,24.57,24.29,24.93,25.11,24.85,24.85,25.02,25.02,24.48,24.85,24.57,24.48,25.02,25.11,24.85,24.29,25.11
24.67,24.76,24.48,24.76,24.29,24.85,24.85,24.93,24.57,24.67,24.67,24.67,24.67,24.67,24.39,24.76,24.57,24.85,24.67,24.67,25.11,24.67,24.76,24.67,24.29,24.67,24.67,24.85,24.57,25.11,25.11,24.48,24.57,24.93,24.85,24.67,24.93,24.57,25.02,24.93,24.57,24.76,24.85,24.85,25.11,24.57,24.67,24.76,24.93,24.85,24.48,25.11,24.85,24.67,24.76,25.11,24.76,24.93,24.93,25.02,25.11,24.93,24.57,24.85,24.76,24.85,25.11,24.76,24.76,24.67,24.85,24.85,24.85,25.11,24.67,24.67,25.11,24.76,25.28,24.85,24.57,24.48,24.85,25.02,24.67,24.93,24.48,24.48,24.76,25.11,24.93,25.02,24.85,25.11,24.48,24.85,24.93,24.93,24.93,25.02,24.85,25.37,24.76,24.67,24.85,24.76,25.11,24.76,25.02,24.93,25.11,24.85,25.11,24.76,24.93,24.85,25.02,25.11,25.02,25.02,25.02,24.93,24.67,25.28,24.29,24.85,25.28,24.93,25.11,24.48,24.76,25.11,24.76,25.02,24.93,24.85,24.85,25.02,25.11,24.76,25.02,25.11,24.76,24.85,24.93,25.20,25.37,25.46,24.76,24.93,24.76,25.55,24.57,25.46,25.02,24.85,24.93,24.76,24.76,24.85,24.93,25.02,24.93,25.02,25.02,25.02,24.93,25.20,25.28,24.76,25.11,24.93,25.02,25.28,25.02,24.76,25.02,25.11,25.11,24.85,25.20,25.46,25.11,25.28,25.20,25.28,25.63,25.46,25.02,25.20,25.55,25.11,25.63,25.46,25.37,25.20,25.28,25.28,25.02,25.20,25.11,25.46,25.28,25.28,25.28,25.46,25.11,25.02,25.11,24.57,25.20,24.93,25.02,25.20,25.20,25.11,24.93,25.11,25.20,24.85,24.93,25.20,24.93,24.48,25.11,24.67,24.85,24.93,24.76,25.20,24.93,24.76,25.28,25.02,25.20,25.11,25.11,24.85,25.11,25.11,25.11,25.11,25.02,24.93,24.93,24.93,25.11,24.76,24.93,25.20,25.02,24.48,25.11,24.93,25.28,24.67,24.85,24.76,25.02,25.02,24.85,24.57,25.02,25.11,24.93,24.76,24.85,25.11,24.76,24.67,25.37,24.67,24.76,25.11,24.93,24.76,25.11,24.67,25.11,24.93,25.37,25.20,25.02,25.37,25.11,25.20,24.39,25.02,24.85,25.20,24.85,25.11,24.76,25.11,24.67,24.76,25.11,24.76,24.76,24.76,24.76,25.20,24.67,24.67,25.11,24.76,25.20,24.76,24.93,24.85,24.85,24.85,24.85,25.20,24.57,24.57,24.67,24.76,24.76,25.11,24.85,24.57,24.76,24.76,25.11,24.67,24.85,24.57,24.85,24.48,24.85,25.28,25.02,24.57,24.76,24.67,24.76,24.57,24.67,25.20,24.76,24.57,24.85,24.76,24.85,24.67,25.02,25.02,24.67,24.67,24.85,24.76,24.67,24.76,24.76,24.76,25.11,24.76,25.11,24.39,24.85,24.39,24.48,24.85,24.85,24.85,24.57,24.67,24.85,24.39,24.48,24.57,24.48,24.57,24.57,25.20,24.93,24.57,24.67,24.67,25.11,24.57
24.39,24.76,24.85,24.57,24.76,24.76,24.67,24.39,24.76,24.67,24.57,24.76,24.93,24.67,24.76,24.67,24.67,24.76,24.67,24.76,25.20,25.02,24.57,24.67,24.57,24.57,24.76,25.20,24.85,24.93,25.02,25.02,24.93,24.85,25.02,24.93,24.85,25.02,24.67,25.02,24.85,25.02,25.02,24.76,24.85,24.57,24.67,24.67,25.02,24.93,24.76,24.85,24.93,24.67,24.85,24.76,25.02,24.48,24.76,24.85,25.20,25.02,24.85,24.67,25.20,24.67,24.67,24.57,24.85,25.11,24.67,24.67,24.76,24.93,25.02,24.67,25.11,25.37,25.02,24.93,25.02,25.28,24.57,25.02,24.93,24.93,25.20,24.76,24.93,24.93,25.11,25.20,24.67,24.93,24.93,24.93,25.20,24.76,24.85,25.20,24.93,24.85,25.02,25.20,25.02,25.11,24.85,24.76,25.11,24.93,24.76,25.28,24.67,24.85,24.85,24.76,25.20,25.28,24.76,24.85,24.67,24.67,24.67,24.57,24.85,25.11,25.11,25.02,25.02,24.93,25.11,25.20,25.02,24.67,25.02,24.67,25.02,24.76,25.02,24.57,24.85,24.85,25.11,25.02,25.28,24.85,25.11,24.85,24.76,25.02,24.76,25.37,25.11,24.85,24.93,24.76,24.85,25.02,24.93,25.46,24.93,24.93,24.93,24.93,24.85,25.02,25.02,25.11,24.85,25.02,25.28,25.37,25.28,25.55,25.20,25.11,24.76,25.02,24.93,25.11,24.85,25.20,25.11,25.02,25.37,25.20,25.37,25.11,24.93,25.11,25.37,25.20,25.11,25.11,24.93,25.20,25.11,25.63,25.28,25.11,25.28,25.28,25.28,25.20,25.28,25.20,25.02,25.02,25.02,25.20,25.20,25.02,25.02,24.85,24.48,25.20,25.02,25.20,25.11,25.11,25.02,25.02,25.11,25.02,25.02,24.93,24.93,24.93,25.11,24.76,25.20,25.02,25.02,25.02,25.02,25.02,25.11,25.02,25.11,25.11,25.11,25.72,24.85,25.11,24.85,25.02,25.28,25.11,25.02,24.85,24.93,24.67,25.28,25.28,25.20,24.57,25.20,24.85,25.02,25.11,25.02,24.39,25.20,25.02,24.67,24.93,24.93,24.67,24.57,24.85,24.67,24.93,25.02,24.85,24.93,25.20,24.85,25.11,25.11,25.11,25.02,25.20,25.02,24.85,25.11,24.76,24.76,25.20,24.93,25.02,25.11,25.11,24.85,25.11,24.67,25.11,25.02,25.20,24.57,24.85,25.02,24.93,25.02,24.67,24.76,24.85,25.02,24.67,24.76,24.76,24.93,25.11,24.85,24.76,25.20,24.85,24.93,24.29,24.76,24.67,24.85,24.48,24.57,25.20,24.85,24.67,24.93,25.02,25.46,24.57,24.93,24.11,24.76,24.85,24.85,24.57,24.85,24.85,24.85,24.67,25.02,25.02,24.85,24.76,24.85,24.76,24.76,25.02,24.76,25.11,24.85,24.67,24.76,24.85,24.39,24.57,24.85,24.93,25.02,24.93,24.76,25.02,25.02,24.39,25.02,24.76,24.85,24.39,24.57,25.20,24.76,24.67,24.67,24.76,24.57,25.11,24.39,24.76,24.29,24.29,24.76,24.48
24.20,24.48,24.29,24.57,24.85,24.57,24.48,24.67,24.29,24.67,24.57,24.67,24.67,24.48,25.02,24.85,25.20,25.11,24.85,25.11,25.11,25.11,24.76,24.93,24.67,24.39,25.02,24.67,25.02,24.57,25.02,25.02,25.11,24.76,24.48,25.02,24.85,24.85,24.93,25.11,24.76,24.57,24.57,24.76,24.67,24.48,24.93,24.85,24.76,24.76,24.67,24.67,24.67,25.02,25.11,24.76,24.67,24.57,24.93,24.85,24.57,25.28,24.76,25.20,24.93,24.48,25.11,24.57,24.76,25.20,24.67,24.93,24.76,24.85,24.76,24.76,25.02,24.48,24.57,24.76,25.20,24.93,24.39,24.29,25.20,25.02,24.67,25.02,24.76,25.02,24.93,25.11,24.85,25.11,24.85,25.02,24.93,24.57,25.55,24.76,24.85,25.28,24.67,24.85,25.11,25.02,25.20,25.02,25.28,24.76,24.85,24.76,25.11,25.02,25.11,25.11,24.67,25.11,24.85,25.02,24.85,25.11,25.02,25.02,25.02,24.67,24.76,25.02,25.02,24.85,24.93,25.11,24.93,24.85,25.02,24.67,24.85,25.02,24.67,24.76,25.02,25.11,24.93,24.93,24.85,24.93,25.37,24.76,24.76,24.93,24.76,25.37,25.02,24.85,25.11,24.76,25.02,24.85,24.93,25.28,24.93,24.76,25.02,25.11,24.85,24.85,25.02,25.20,24.85,24.76,24.76,25.46,24.85,24.93,24.85,25.02,25.20,25.55,24.85,25.11,25.55,25.20,25.20,25.20,25.20,25.02,25.37,25.20,25.63,24.93,24.76,25.20,25.28,25.11,25.02,25.20,25.20,25.02,25.28,25.63,25.55,25.28,25.20,24.93,25.11,25.11,25.37,25.37,25.55,25.46,25.20,25.28,25.20,25.11,25.20,24.93,25.37,25.02,25.20,25.28,24.67,25.02,24.93,24.93,25.02,24.39,24.85,25.02,25.20,25.02,24.76,25.20,24.85,25.11,24.76,25.02,24.93,24.85,24.93,25.02,25.02,24.67,25.28,25.11,25.11,25.28,25.02,24.93,25.20,25.11,24.76,24.76,24.67,25.11,24.93,25.11,24.67,24.85,24.85,25.02,24.85,24.93,25.11,24.57,25.20,24.85,25.28,25.11,24.76,25.11,25.11,24.93,25.02,25.28,25.02,24.93,24.76,25.02,25.11,25.20,24.67,25.11,24.85,24.85,24.76,25.02,24.67,24.48,24.85,25.02,24.39,25.02,24.76,25.11,24.67,24.85,25.11,25.20,24.85,25.02,25.02,24.93,25.20,24.93,25.02,25.11,24.67,24.93,24.93,24.48,24.85,24.57,24.76,24.57,24.57,24.85,24.93,24.85,24.93,24.93,24.85,24.57,24.93,24.48,24.85,24.93,25.02,24.85,24.85,24.76,24.76,24.76,24.57,24.67,24.57,24.85,25.02,25.11,24.76,24.39,24.76,25.02,24.57,24.67,25.02,25.02,25.28,24.29,24.57,24.76,24.85,25.02,24.85,24.85,25.02,25.02,24.76,25.02,24.29,24.85,24.85,24.85,24.67,24.57,25.02,24.57,24.29,24.67,24.93,24.85,25.02,24.93,24.85,25.11,25.11,24.76,24.29,24.93,25.11,24.67,24.76,24.76
24.76,24.48,24.67,24.57,24.39,24.39,24.76,24.29,24.39,25.28,24.67,24.76,24.57,24.76,24.67,24.67,24.85,24.57,24.85,24.76,24.85,24.57,24.39,24.93,24.67,24.93,24.76,25.02,24.57,24.93,24.67,24.67,24.29,24.85,24.85,25.02,24.93,24.93,24.93,25.02,24.67,24.93,25.02,24.76,24.93,25.02,24.85,25.11,24.76,24.57,24.76,24.57,24.48,24.48,24.76,24.85,24.85,24.93,24.76,24.76,25.28,24.85,25.20,24.93,24.93,24.76,24.85,25.11,24.76,24.85,24.76,24.67,25.02,24.48,24.76,25.11,24.57,24.67,24.85,25.28,24.85,24.85,25.11,25.11,25.37,25.28,24.76,24.85,24.93,25.02,24.85,25.02,25.02,24.93,24.76,25.02,25.11,24.85,25.20,24.57,25.20,25.02,24.76,25.02,24.76,24.57,25.11,24.93,25.02,25.02,24.93,25.02,24.85,24.67,24.85,24.76,24.85,25.11,24.85,25.11,24.76,25.02,24.67,24.85,24.67,24.93,25.11,24.93,25.11,24.93,24.85,24.76,25.11,24.57,25.02,24.57,25.02,24.76,24.67,25.02,24.67,24.93,24.67,24.85,24.76,24.76,24.76,25.02,25.20,25.02,24.93,24.93,24.85,25.11,25.11,25.20,25.20,24.93,25.11,25.02,25.11,24.93,25.11,25.02,25.11,25.02,25.11,25.37,25.02,24.93,24.85,25.02,24.85,25.20,24.85,25.11,24.93,25.20,24.93,25.11,24.93,24.76,25.02,24.93,25.11,25.11,25.28,25.20,24.93,24.93,25.11,25.02,25.28,25.11,25.37,24.93,25.46,25.20,25.37,25.28,25.55,25.11,25.20,25.02,25.28,25.28,25.28,25.20,24.93,24.85,25.28,24.76,25.20,24.93,24.93,24.93,24.93,25.20,24.85,24.85,24.76,24.85,24.93,25.20,25.02,25.02,24.93,25.11,25.20,24.76,25.02,24.85,24.85,24.93,25.02,24.93,24.67,25.11,25.20,25.02,24.67,25.28,25.11,25.02,24.67,24.57,25.20,24.57,24.48,24.76,24.93,24.76,25.02,24.76,25.28,24.93,25.02,25.02,25.11,25.28,25.11,24.76,25.20,24.93,24.67,25.02,25.02,25.20,25.11,25.02,24.93,24.48,24.93,24.85,25.02,25.11,24.85,25.02,24.85,25.02,24.85,25.02,25.11,24.76,24.85,24.85,25.02,24.67,24.67,24.76,24.85,25.02,25.20,25.11,24.67,24.93,24.93,24.67,25.46,24.76,25.37,25.11,24.76,24.93,24.76,25.11,25.02,25.28,24.93,24.93,24.76,24.57,24.76,24.29,24.85,24.76,24.67,24.67,25.11,24.93,24.57,24.48,25.20,24.57,24.93,24.85,24.67,24.85,24.57,24.67,24.57,25.28,24.39,24.76,24.67,24.93,24.93,24.76,24.93,24.48,24.57,24.57,24.67,24.48,24.76,25.28,24.93,24.29,25.11,25.37,25.02,25.02,24.67,24.76,24.85,24.76,24.76,24.57,24.93,25.02,24.67,24.85,24.48,24.39,25.11,24.76,25.02,24.93,24.48,24.67,24.93,24.57,24.76,24.76,24.48,24.67,24.48,24.48,24.48,24.76,25.11,24.39
24.57,24.85,24.20,24.76,24.57,24.29,24.93,24.48,24.57,24.76,24.39,24.85,24.48,24.76,24.76,24.11,24.85,24.48,24.67,25.20,24.76,24.57,24.48,24.39,24.67,24.67,24.57,24.39,24.39,24.57,24.39,24.93,24.76,24.39,24.85,24.57,24.67,24.93,24.93,24.93,24.93,24.76,24.93,25.20,24.67,24.57,24.67,25.20,24.76,24.48,24.76,24.85,24.67,25.02,24.93,24.76,24.57,24.76,24.67,25.02,24.85,24.76,25.11,24.39,25.11,25.11,25.11,24.85,25.02,24.85,24.67,25.20,25.02,24.93,24.57,24.57,24.85,25.02,25.11,25.02,24.93,24.93,25.11,24.93,24.57,25.11,24.57,24.85,24.67,24.85,24.85,24.85,24.76,24.67,25.20,24.85,25.20,24.76,25.02,24.76,25.11,24.93,25.02,25.11,25.02,24.85,25.20,24.93,25.11,25.11,24.93,24.76,24.93,24.93,25.02,25.46,24.85,24.67,24.93,24.93,24.93,24.93,25.02,24.85,24.85,25.02,25.28,24.76,24.85,25.20,24.93,24.93,25.02,24.93,24.85,25.02,24.67,24.76,24.76,24.76,25.11,24.76,24.57,24.85,24.57,24.76,25.11,24.93,24.85,24.85,24.76,24.93,24.85,24.76,25.02,25.02,24.67,24.93,24.85,24.93,24.93,24.93,24.76,25.02,24.67,24.85,24.93,25.28,24.85,25.02,24.93,24.85,25.28,24.93,25.37,25.11,25.02,24.76,25.11,25.20,25.11,25.11,25.02,25.55,24.93,25.02,25.11,25.63,25.46,25.11,25.02,25.02,24.85,25.28,25.02,25.28,25.28,25.02,24.85,25.55,25.20,25.28,24.93,25.11,25.02,25.46,25.28,24.93,25.46,24.76,25.11,24.85,25.11,25.11,24.85,24.93,24.93,25.11,24.67,24.85,25.02,25.11,24.76,24.85,24.85,25.11,24.85,24.85,25.28,24.39,24.57,24.93,24.76,25.20,24.85,24.76,24.85,24.85,25.37,24.93,24.93,24.93,24.57,24.67,25.11,24.93,24.93,25.02,25.02,25.02,25.02,24.57,25.11,25.11,25.11,24.67,25.02,24.57,25.11,25.02,25.02,24.67,25.20,25.11,24.67,25.02,24.76,25.02,25.02,24.85,25.28,25.11,25.11,25.02,24.85,24.67,24.76,25.20,24.93,24.76,24.76,25.02,25.28,24.76,25.11,24.76,25.02,24.76,24.76,24.93,24.85,25.02,25.20,25.28,25.11,24.67,25.28,25.28,24.93,24.93,24.67,25.11,25.11,24.67,24.67,24.85,24.93,24.29,24.76,24.67,24.85,24.85,24.67,25.20,25.02,24.76,25.02,24.76,25.02,25.02,24.29,24.85,24.57,24.85,24.85,24.93,24.93,24.76,25.20,24.76,24.85,24.76,24.93,24.85,24.48,24.67,24.48,24.76,24.85,24.85,25.02,25.02,24.57,24.85,24.67,24.29,24.93,24.48,24.85,24.67,25.11,24.57,24.67,24.67,24.93,25.02,24.48,24.93,24.57,24.57,24.67,25.02,24.67,25.02,24.76,24.93,24.29,24.57,24.93,24.57,24.11,24.85,24.48,24.67,24.57,24.76,25.20,24.57,24.29,24.76,24.57,24.76
24.67,24.93,24.29,24.76,24.39,24.39,24.57,24.57,24.48,24.67,24.57,24.67,24.57,24.57,24.29,25.02,24.85,24.67,24.48,24.57,24.85,24.76,25.02,24.76,24.29,24.57,24.76,24.57,24.76,24.67,24.76,24.57,24.93,24.85,24.76,24.48,24.76,24.67,25.02,24.48,25.11,24.85,24.93,24.76,24.67,24.76,24.93,24.57,24.67,24.57,24.76,24.76,24.93,24.85,24.67,24.76,24.93,24.76,24.67,24.85,24.85,24.93,24.76,25.02,25.11,24.85,24.48,24.67,25.11,25.28,24.48,24.85,25.20,25.20,24.48,24.93,24.57,24.76,24.93,24.93,24.93,24.85,24.76,24.93,25.28,24.76,24.85,24.67,25.55,24.76,25.02,25.02,24.76,25.28,24.85,24.93,24.67,24.93,24.93,25.11,25.20,25.02,24.85,25.11,25.02,24.93,24.93,24.85,24.85,24.57,24.93,25.02,25.20,24.76,25.20,24.85,24.85,25.02,25.02,24.76,24.76,25.11,24.67,24.93,25.02,24.85,25.20,25.02,24.67,24.85,25.02,25.02,24.85,25.11,24.76,24.93,25.11,24.76,25.02,24.76,24.76,25.02,25.02,24.67,24.85,24.85,24.85,24.67,24.93,24.93,25.02,25.46,25.46,25.02,25.11,25.37,24.76,24.76,24.85,24.67,25.37,24.85,25.11,24.93,25.20,24.85,24.85,25.20,25.02,25.20,25.02,25.37,25.02,24.57,25.20,25.02,25.37,25.11,25.28,24.85,25.28,25.37,25.28,25.02,25.02,24.93,24.93,25.20,25.46,25.37,24.93,25.37,25.55,25.11,25.28,25.28,25.20,25.28,25.37,25.11,25.37,25.46,25.28,25.20,25.46,25.20,25.20,25.72,25.11,25.28,25.20,24.85,24.85,25.20,25.02,24.93,25.11,25.02,24.93,24.93,24.85,24.93,25.02,24.93,25.11,25.11,24.85,25.11,25.46,24.39,24.76,25.20,24.93,24.93,24.67,25.02,25.02,24.48,25.02,25.02,24.85,25.11,25.46,25.28,25.02,25.02,24.67,24.57,25.37,24.93,24.76,24.85,25.37,24.93,24.48,25.11,24.67,25.11,25.20,25.02,25.46,25.02,24.67,25.11,24.67,24.76,25.02,25.11,24.76,24.76,24.67,25.11,25.02,24.93,24.29,24.93,24.85,24.93,25.28,24.76,24.57,25.20,25.20,25.37,25.11,25.11,24.85,24.76,24.76,25.20,24.67,24.93,25.28,24.67,25.11,24.93,25.11,24.67,24.48,24.67,25.02,25.28,25.20,24.85,25.20,25.37,24.67,24.76,24.93,24.67,25.02,24.76,24.67,24.76,24.76,25.11,24.67,24.76,24.76,25.02,24.67,24.85,24.93,24.93,24.93,24.67,24.67,25.02,24.76,24.85,24.85,24.93,24.76,24.76,25.02,24.85,25.02,24.67,24.57,24.76,24.57,24.67,25.02,24.76,25.02,24.67,24.85,24.67,24.85,24.93,24.85,24.39,24.93,24.67,24.39,24.67,24.67,25.02,24.39,25.11,24.76,24.93,24.67,24.11,25.11,24.67,25.02,24.93,25.02,24.93,24.93,24.57,24.93,24.93,24.93,25.11,25.02,24.76,24.76,24.85,24.85,24.76
24.85,24.76,24.85,24.29,24.57,24.57,24.57,24.57,24.85,24.76,24.57,24.48,24.85,24.39,24.85,24.76,24.85,24.76,25.11,24.67,24.76,25.02,24.67,24.93,24.67,24.85,25.11,24.67,24.57,24.57,24.29,24.85,24.67,24.93,24.57,24.39,24.76,25.20,24.48,24.76,24.76,24.39,24.85,24.57,24.76,24.76,24.85,25.02,24.67,24.76,24.48,24.76,24.76,25.02,24.93,24.93,24.85,24.67,24.57,24.48,25.11,24.48,25.02,24.67,24.76,24.67,24.67,24.57,25.28,24.93,25.11,25.11,25.20,25.11,24.29,24.85,24.85,25.11,24.93,24.93,24.57,24.85,24.93,24.29,24.85,25.02,25.37,25.11,24.85,25.02,25.02,25.11,24.76,24.93,24.67,25.11,25.28,24.85,24.76,25.02,25.11,24.85,24.85,25.02,24.67,24.85,25.02,25.11,25.28,24.93,24.76,25.02,25.02,25.02,24.85,24.76,24.93,24.93,24.93,25.11,24.76,25.20,24.85,24.93,25.11,25.02,24.48,25.02,24.93,25.02,24.48,24.93,25.02,25.02,24.93,24.76,24.76,24.85,24.85,24.67,25.11,25.02,24.76,25.02,25.20,25.02,25.28,24.39,25.11,25.11,25.02,25.28,24.85,25.28,24.85,24.48,24.20,24.93,25.20,24.93,25.11,24.93,24.93,25.02,24.85,25.02,24.93,24.93,25.11,24.93,25.02,25.46,25.28,25.55,25.02,25.02,25.02,25.20,25.37,24.93,25.20,24.76,25.20,25.28,24.76,25.20,25.02,25.02,24.93,25.20,25.20,24.93,24.93,25.02,25.37,25.11,25.28,25.11,25.37,25.02,25.46,25.11,25.11,24.93,25.46,25.28,25.63,25.20,25.02,25.63,25.11,24.67,25.11,24.76,24.85,24.93,24.85,24.76,25.20,25.02,25.11,25.11,25.11,24.93,24.93,24.85,24.76,25.02,24.93,24.76,25.20,24.85,24.93,24.85,24.85,24.57,24.67,24.76,24.76,25.02,25.28,24.76,25.02,25.11,24.67,24.67,24.93,25.28,24.85,24.76,25.11,24.85,24.67,25.11,24.85,24.85,24.57,25.11,24.93,24.85,25.02,24.67,24.76,24.57,25.02,25.20,25.02,25.20,25.28,25.20,24.76,24.57,24.93,25.11,25.02,24.93,24.85,25.20,24.57,24.85,25.37,24.93,25.20,24.76,24.67,25.02,25.02,24.85,25.02,24.76,24.93,25.02,24.85,24.76,24.93,24.85,24.93,25.02,25.20,25.02,24.67,25.02,25.37,25.11,24.85,24.76,24.67,25.11,24.67,24.85,24.67,25.02,24.48,24.76,24.85,24.76,24.93,24.39,24.67,24.93,24.76,24.85,24.48,24.48,24.93,24.85,24.93,24.76,25.02,24.93,24.76,24.67,24.85,24.76,25.11,24.76,24.85,24.85,24.93,24.85,25.02,24.76,24.85,24.85,24.57,24.93,25.02,25.02,24.48,24.85,24.76,24.93,25.11,25.02,25.20,24.76,24.76,24.29,24.76,24.85,25.02,24.76,25.02,24.76,24.85,25.11,24.57,24.85,24.67,24.48,24.85,25.02,24.39,25.02,24.76,24.48,24.29,24.39,24.67,24.76,25.11,24.67
24.85,24.67,24.76,24.76,24.29,25.02,24.76,25.02,24.67,24.57,24.93,24.48,24.85,24.57,24.67,24.76,24.57,24.76,24.93,24.67,24.76,24.57,24.76,24.76,25.02,24.48,24.57,25.02,24.93,24.57,24.85,24.85,24.85,25.02,24.76,24.93,24.76,25.11,25.11,24.85,24.48,25.02,24.76,24.93,24.67,24.57,24.76,24.76,24.76,24.85,24.67,24.76,24.57,24.93,25.02,24.76,25.37,25.11,24.76,24.76,25.02,25.11,25.20,24.85,25.20,24.93,24.85,24.20,25.11,24.93,25.02,24.85,24.85,24.93,24.76,24.93,24.85,25.02,25.02,24.93,25.20,24.67,24.93,24.93,24.57,24.85,24.57,24.93,24.76,24.85,25.20,25.11,25.11,24.48,25.20,24.57,24.85,24.76,24.93,24.85,24.85,25.20,24.85,25.11,24.93,24.85,24.67,24.76,24.93,25.02,25.20,25.02,24.85,24.93,24.93,24.76,24.57,25.02,25.11,25.46,24.57,24.85,25.20,24.85,24.85,24.67,24.85,25.11,24.93,24.76,24.85,24.76,24.57,24.93,24.76,25.37,25.46,25.11,24.93,25.02,24.93,24.85,25.02,24.93,24.67,24.67,24.93,24.85,24.93,25.02,24.57,24.93,24.85,24.85,24.85,24.93,24.93,24.67,25.11,25.11,24.67,24.93,24.93,24.93,24.76,24.93,24.76,25.28,24.57,25.02,24.93,25.46,24.93,24.85,24.85,24.93,25.28,25.02,25.20,25.11,25.11,24.93,25.02,25.02,25.02,25.02,25.37,24.93,25.28,24.93,25.11,25.02,24.93,25.28,25.11,25.55,25.28,25.28,25.46,25.37,25.28,25.02,25.55,25.02,24.93,25.02,25.37,25.20,25.02,25.02,25.55,25.11,25.02,25.20,25.02,25.11,24.85,24.85,24.85,24.85,24.93,25.55,24.93,24.48,24.85,24.85,25.11,25.11,25.11,24.93,25.02,24.85,25.28,25.20,24.93,24.85,25.20,24.93,25.20,25.11,24.85,25.28,24.76,25.11,24.76,24.67,25.11,25.28,24.76,25.02,25.02,25.11,24.76,25.02,25.11,24.93,25.20,25.20,24.93,25.02,25.20,24.76,25.02,25.02,25.02,24.67,25.11,24.93,24.57,24.85,24.67,25.37,25.11,24.93,25.11,25.20,25.11,25.37,24.93,24.93,24.76,25.20,25.02,24.93,25.02,24.48,24.57,25.11,25.37,25.11,24.76,24.76,25.28,24.85,24.48,25.11,25.11,24.76,25.11,24.93,24.85,25.02,24.57,24.76,24.76,25.11,24.67,25.11,24.93,25.11,24.85,24.67,24.85,24.93,25.11,24.57,24.85,24.85,24.85,24.48,24.76,25.02,24.57,24.93,24.85,24.76,24.57,24.76,24.85,24.76,24.39,24.57,24.93,24.67,24.93,24.85,24.57,24.57,24.48,24.48,25.02,24.85,24.76,24.57,24.57,24.85,24.93,24.76,24.39,24.76,24.93,24.93,24.93,24.67,25.02,24.48,24.93,24.29,24.57,24.76,25.02,24.93,24.20,24.93,24.76,24.57,25.11,25.11,24.67,25.28,24.39,24.67,24.29,24.48,24.57,24.76,24.39,24.20,24.48,24.39,24.93,24.39
24.39,24.29,24.67,24.57,24.57,24.48,24.48,24.93,24.57,24.85,24.39,24.67,24.67,25.02,24.48,24.48,24.85,24.48,24.67,24.76,25.20,24.39,24.93,24.76,24.76,24.57,24.67,24.76,24.67,24.93,25.20,25.11,24.57,24.67,25.02,24.48,24.76,25.28,25.11,24.67,24.67,24.85,24.67,25.11,24.93,24.93,24.76,24.85,24.67,24.85,24.39,24.85,24.93,25.11,24.93,25.11,24.85,24.85,24.93,24.67,25.02,24.76,24.57,25.37,25.02,25.02,24.93,24.85,25.28,24.67,24.67,25.02,25.02,25.02,25.20,25.28,24.93,24.85,24.85,24.57,24.39,24.93,24.76,24.93,24.57,25.02,25.02,25.28,24.57,24.48,24.93,24.85,25.02,24.67,25.28,25.20,24.93,24.67,24.85,24.67,24.85,25.02,24.93,25.02,24.85,24.93,24.67,25.20,24.85,25.46,25.02,24.85,24.85,25.28,24.85,24.48,24.85,25.11,24.67,24.48,24.93,25.02,24.93,25.11,25.02,24.76,24.57,24.85,24.67,25.02,24.76,24.76,24.85,25.11,25.11,25.02,24.57,24.93,24.67,24.93,24.76,25.20,25.11,24.76,24.93,24.93,24.93,24.85,24.67,25.28,24.93,25.11,25.02,24.85,25.02,25.02,24.93,24.67,24.93,25.02,25.20,25.11,25.11,25.02,24.76,24.76,25.20,25.37,24.76,24.85,25.02,25.02,24.85,25.11,25.20,25.28,24.85,25.46,25.11,25.02,24.93,24.67,25.02,25.37,24.93,25.11,25.55,24.85,25.11,25.20,25.28,25.20,24.93,24.76,25.37,25.28,25.20,24.76,25.20,25.11,25.20,25.20,25.11,25.11,25.11,25.28,25.02,24.76,25.20,25.46,24.85,25.11,24.76,25.11,24.85,25.02,25.02,24.76,24.67,24.93,24.76,25.20,25.20,25.20,24.76,24.93,25.20,24.93,25.11,25.28,24.67,24.93,24.67,24.85,24.67,24.85,25.02,24.57,25.02,25.02,24.76,24.93,25.11,24.76,24.85,24.93,25.11,25.11,25.11,24.93,25.02,24.57,24.57,24.93,24.93,25.02,25.02,24.93,24.48,24.57,24.93,24.67,24.93,24.48,24.85,25.20,24.67,24.39,24.76,25.28,25.11,25.02,24.76,25.11,24.93,25.20,25.28,25.02,24.76,24.85,25.20,24.85,25.37,24.76,25.20,24.76,25.11,25.02,24.76,24.93,24.76,25.28,24.57,25.02,25.28,24.76,24.48,25.20,24.67,24.48,25.20,24.85,24.85,24.76,24.85,25.20,24.85,25.11,24.76,24.57,25.02,24.93,24.85,24.93,24.85,25.02,24.76,24.76,24.93,25.11,24.76,24.85,24.85,24.93,25.02,24.93,25.11,24.85,24.67,24.93,24.57,24.57,24.20,24.57,24.76,24.67,24.85,24.85,24.67,24.93,24.85,25.37,25.02,24.76,24.29,25.11,24.85,24.76,24.93,24.67,24.85,24.67,25.28,24.67,24.76,24.57,24.48,24.76,24.76,24.67,24.67,24.76,24.85,24.48,24.85,24.76,24.85,24.67,24.85,24.85,24.85,24.76,25.02,24.39,24.48,25.02,24.67,24.20,25.02,24.48,24.76,24.48
24.67,24.67,24.39,24.93,24.85,24.39,23.92,24.85,24.48,24.85,24.57,24.67,24.11,24.67,24.85,24.93,24.48,24.93,25.02,24.76,24.67,25.02,24.57,24.39,25.02,24.85,25.20,24.93,24.85,24.29,24.85,24.85,25.20,25.11,24.85,24.85,25.28,25.11,24.76,24.76,24.76,25.11,24.93,24.76,25.11,24.93,24.93,24.76,24.48,24.57,24.76,24.57,25.02,24.85,25.02,24.76,24.93,24.93,24.57,25.20,24.67,24.85,25.11,24.67,25.20,25.02,25.20,24.48,24.67,25.20,24.93,24.93,25.02,24.76,25.28,24.93,25.02,24.85,25.11,24.57,25.11,24.93,24.93,24.57,24.93,24.93,25.20,24.85,25.02,24.93,25.11,24.93,24.93,24.93,24.76,24.76,24.85,24.93,24.76,25.02,24.93,25.02,24.85,25.11,24.76,24.85,24.85,25.02,24.93,25.11,24.85,24.76,25.20,24.76,24.93,25.11,24.93,24.76,25.02,24.85,24.93,24.67,24.93,24.93,25.28,24.76,25.02,24.93,24.67,25.11,24.67,24.67,25.02,25.02,24.67,24.93,24.93,24.85,24.93,25.11,24.67,25.11,24.76,25.11,25.28,25.02,25.37,25.28,24.57,24.67,25.28,24.57,25.28,25.37,25.28,25.11,25.02,25.37,25.02,25.02,24.57,25.20,24.57,25.11,25.02,25.20,24.93,25.37,25.37,25.11,25.28,24.85,24.93,25.02,25.55,24.76,25.11,25.20,25.28,24.93,24.93,25.20,25.20,25.20,24.93,25.02,25.02,25.02,24.85,25.20,25.63,25.46,24.85,24.85,25.20,25.28,25.63,25.37,24.67,25.02,25.02,24.93,25.28,25.20,25.28,25.37,25.37,25.37,24.85,25.63,25.46,24.93,24.93,25.37,25.02,24.93,24.76,24.93,25.02,24.93,24.93,25.20,25.02,24.93,25.02,24.76,24.85,25.20,25.11,25.11,24.57,24.57,24.93,25.11,25.02,24.57,25.20,25.20,25.20,24.93,24.76,25.20,25.11,25.11,25.02,24.85,24.85,24.93,25.20,24.67,24.85,24.29,24.76,25.02,25.11,24.85,24.57,25.02,25.02,24.85,24.85,24.76,25.02,25.20,25.02,25.11,25.20,25.02,25.20,24.93,24.67,24.57,25.20,25.11,24.57,25.02,24.85,25.20,24.93,25.11,24.57,24.85,25.02,25.11,25.02,24.93,24.57,24.57,25.11,25.02,24.67,24.67,25.28,24.57,25.11,24.93,24.57,24.76,24.93,24.93,25.02,24.29,24.57,24.48,24.67,24.29,24.76,24.76,24.85,24.67,24.67,24.76,24.85,24.76,24.57,25.02,25.20,24.48,24.67,24.76,24.85,24.76,24.76,24.67,25.28,25.02,24.48,24.67,24.76,25.11,24.76,24.48,24.67,24.67,24.76,24.85,25.11,24.67,24.93,24.85,24.93,24.76,25.11,25.02,24.67,24.93,24.85,25.02,24.29,24.85,24.76,25.28,24.76,24.85,24.67,24.57,24.85,24.93,24.76,24.67,24.48,24.39,24.48,25.02,24.93,24.76,24.93,24.39,24.93,24.93,24.85,24.76,25.02,24.67,24.29,24.67,24.57,24.57,24.76,24.48,24.48,24.48
24.57,24.76,24.48,24.57,24.76,24.67,24.76,24.67,24.67,24.85,24.85,24.67,24.76,24.76,24.67,24.57,24.48,24.57,24.48,24.48,24.67,24.76,25.11,25.02,24.48,25.28,24.93,24.67,24.39,24.85,24.76,24.85,24.85,24.93,25.11,24.20,24.93,25.55,24.85,24.67,24.76,24.76,24.85,25.28,24.57,24.48,24.76,25.20,24.93,24.85,24.85,24.85,24.57,24.57,24.76,24.76,24.93,24.67,24.48,24.57,25.02,24.76,24.93,24.57,24.85,25.02,24.67,24.76,24.93,25.28,25.28,25.11,24.85,25.20,24.67,25.20,24.85,24.85,24.85,24.93,25.11,24.67,24.76,24.85,24.85,25.11,25.20,24.85,24.85,24.85,24.76,25.02,24.85,24.85,25.28,24.93,24.85,24.57,25.02,24.85,24.48,24.76,24.93,24.93,25.20,24.85,24.93,25.20,24.85,24.76,24.93,24.93,24.93,25.11,25.46,24.93,24.67,25.46,24.67,24.67,24.29,25.11,24.93,24.67,25.11,24.76,25.20,24.67,25.11,25.02,24.85,24.67,24.93,24.76,24.85,24.93,25.02,25.02,24.85,25.02,24.76,24.67,25.02,24.93,24.85,24.93,24.85,25.20,24.93,24.85,24.85,24.85,25.28,24.76,24.93,24.76,24.85,25.20,25.02,24.93,24.85,25.28,25.20,24.57,24.93,25.02,24.67,24.93,24.67,24.85,24.93,25.37,25.11,25.11,24.93,25.46,24.93,25.11,24.93,24.85,24.76,25.20,25.02,25.37,25.11,24.93,25.02,25.11,25.37,25.63,25.20,25.11,25.20,25.46,25.11,25.02,25.20,24.76,25.28,25.11,25.55,25.11,25.20,25.63,25.28,25.20,25.55,25.20,25.20,25.11,25.02,24.85,24.85,24.93,25.11,24.67,25.02,24.76,24.57,25.02,24.93,24.93,24.85,25.02,25.02,24.85,24.85,25.11,24.76,24.67,25.02,25.46,25.20,24.85,24.85,24.76,24.93,24.93,24.48,25.02,24.57,25.11,24.93,24.85,24.48,25.02,24.76,24.85,24.85,24.76,24.76,24.85,25.20,24.85,25.02,24.93,24.85,25.02,24.93,24.93,24.93,24.93,25.02,25.02,24.85,24.67,25.02,24.93,24.57,24.57,24.76,25.02,24.76,24.93,24.67,24.85,24.85,24.93,25.02,24.93,24.67,24.85,25.02,24.57,24.85,25.11,24.76,25.11,24.93,25.20,24.93,24.67,25.02,24.76,24.76,25.02,25.02,24.57,24.93,24.67,24.93,25.11,24.85,24.67,25.11,24.57,24.76,25.11,24.57,24.85,25.20,24.67,25.11,24.85,24.85,24.39,24.76,25.20,25.02,24.85,24.76,24.76,25.02,24.93,24.67,24.67,24.67,24.67,24.67,24.76,24.76,24.67,25.11,24.93,24.85,25.11,24.93,24.76,24.57,24.85,24.93,24.67,24.93,25.02,24.67,24.57,24.85,24.48,24.76,24.76,24.67,24.67,24.57,25.11,24.76,24.93,24.67,24.48,24.93,24.57,24.76,24.39,24.85,25.02,24.85,24.76,24.67,24.85,24.67,24.76,24.67,24.57,24.76,24.67,25.02,24.57,24.57,24.93,24.76,24.48,24.67,24.76
24.85,24.93,24.29,24.67,24.85,24.76,24.93,24.93,24.57,24.48,24.67,24.76,24.93,24.67,24.67,24.67,24.48,24.57,24.76,24.48,24.85,24.67,25.02,25.02,24.93,24.85,24.85,24.93,24.39,24.67,24.93,25.02,24.93,25.02,25.02,24.57,25.02,24.93,24.93,24.85,25.20,24.67,24.39,24.76,24.57,24.20,24.48,24.85,24.57,24.67,25.11,24.93,24.76,25.02,24.85,25.28,25.46,24.57,24.85,24.76,24.67,24.85,24.76,25.11,25.28,24.93,24.48,25.20,24.76,25.02,25.02,25.02,24.67,25.11,25.02,25.02,25.02,25.02,24.85,24.67,24.93,25.02,24.57,24.76,24.93,24.85,24.93,24.85,24.67,25.02,24.76,24.93,24.76,25.20,24.93,24.93,25.02,25.02,25.02,24.85,24.76,24.93,24.93,24.93,24.85,25.11,24.85,24.85,25.11,24.93,25.20,24.76,24.85,25.28,24.93,24.85,24.85,25.37,25.02,25.02,24.85,24.76,25.02,24.85,24.76,24.93,25.02,25.02,24.67,25.28,24.57,25.20,24.76,25.11,24.93,24.67,24.76,24.93,24.93,24.93,25.02,25.11,24.57,25.20,24.93,25.46,25.02,24.93,25.37,24.67,25.28,25.11,24.93,25.46,24.85,25.02,25.11,24.67,24.85,25.02,25.02,24.93,25.37,25.28,25.20,25.11,24.93,24.76,25.20,25.02,24.93,25.28,24.85,25.28,25.37,25.11,25.02,24.93,24.93,25.11,25.46,25.02,24.93,25.02,24.85,24.85,25.28,24.85,25.02,24.93,25.46,25.20,25.28,25.20,24.93,24.93,25.11,25.02,25.55,25.11,25.46,25.46,25.11,25.37,25.28,25.20,25.20,25.28,24.93,25.37,25.02,24.93,24.85,25.37,24.76,24.48,25.11,24.93,25.02,25.11,24.76,25.20,25.20,24.76,25.02,24.93,25.37,24.67,24.93,25.02,25.02,24.93,25.02,25.20,24.93,25.28,24.85,24.76,25.28,24.85,25.11,25.02,25.02,24.85,24.85,25.02,24.93,24.76,25.28,24.93,24.76,25.11,24.93,25.28,24.67,24.57,24.67,25.11,25.20,25.11,24.76,24.85,25.02,25.11,25.11,25.02,24.57,24.93,25.20,24.85,24.67,25.11,24.93,25.02,24.67,24.93,25.02,25.28,24.57,25.11,24.76,25.20,25.28,24.85,24.85,25.20,25.11,24.76,24.76,24.76,25.11,24.57,24.76,25.11,25.11,25.11,25.11,24.57,24.76,24.67,24.76,25.02,25.11,24.76,24.76,24.57,24.67,24.85,25.20,24.93,24.85,24.93,24.67,25.11,24.76,25.20,24.76,24.76,24.93,25.11,24.67,24.85,24.85,24.93,24.76,24.93,24.93,24.85,24.76,24.57,24.85,24.93,24.48,24.67,24.67,24.76,24.48,24.57,24.48,25.11,24.76,24.93,24.85,24.76,24.85,24.93,24.57,24.29,24.93,24.93,24.48,24.85,24.85,24.93,25.02,24.85,24.76,24.67,24.57,24.93,24.85,24.67,24.39,24.85,25.11,24.85,24.93,24.76,25.20,24.76,24.57,25.11,24.93,24.85,24.67,25.02,24.48,24.67,25.20,24.39,24.39,24.48
24.39,25.02,24.48,24.76,24.93,24.48,24.76,24.76,24.76,24.48,24.76,25.11,24.93,24.57,24.76,24.57,24.67,24.76,24.76,24.57,24.39,24.76,24.85,24.76,24.93,24.57,25.11,25.11,24.67,24.85,24.85,24.76,24.67,24.67,24.76,24.67,24.67,24.85,24.93,25.02,24.93,25.02,24.76,24.85,24.67,25.02,24.67,24.85,24.85,24.76,24.76,24.93,25.02,24.57,24.67,24.93,25.11,24.67,24.67,24.85,24.93,25.02,25.02,25.02,25.11,25.11,24.93,25.11,24.67,25.02,25.37,24.76,24.85,24.76,24.93,24.76,24.93,24.85,24.93,24.93,24.76,24.85,24.76,25.20,25.02,24.57,24.93,24.93,24.57,24.76,24.76,25.02,24.85,24.76,24.85,25.11,25.20,24.93,24.76,24.76,24.85,24.85,25.20,24.76,24.76,24.85,24.76,24.93,24.76,25.11,25.11,25.02,25.37,24.57,24.76,24.57,25.11,24.85,25.20,24.93,25.11,25.02,24.93,24.67,25.28,24.85,24.57,25.11,24.76,24.93,25.02,24.85,24.48,25.20,24.76,24.67,24.93,25.55,24.85,25.02,24.48,24.85,24.85,25.02,24.67,24.93,24.48,25.11,24.85,24.57,24.76,24.85,25.02,24.76,24.93,25.28,25.37,25.20,24.76,25.02,25.11,25.02,25.02,25.20,24.85,25.02,24.76,24.85,25.02,25.11,24.67,25.02,25.11,24.67,25.02,25.20,24.85,25.02,25.37,25.11,24.67,25.20,25.02,25.02,24.93,25.46,24.85,25.11,25.20,24.93,25.55,25.20,25.55,25.37,25.02,25.20,25.20,25.02,25.28,25.20,24.85,24.85,25.55,25.20,24.85,25.20,25.11,24.93,25.28,25.37,25.28,25.11,25.02,24.39,24.67,24.85,25.28,24.76,24.57,25.11,25.02,24.67,25.11,25.46,24.57,24.76,25.28,24.76,24.93,25.02,24.76,25.20,25.02,24.93,24.93,25.11,25.02,24.93,24.85,24.93,24.93,25.11,25.02,24.67,24.85,24.93,25.02,24.76,25.28,24.67,25.11,24.85,24.76,25.20,25.20,24.93,24.39,24.57,24.76,24.93,24.93,24.93,24.85,25.02,25.11,25.20,24.85,24.85,24.67,24.85,25.02,24.76,25.02,24.85,24.67,25.02,25.11,24.57,25.02,24.93,25.11,24.76,25.11,24.76,24.48,25.11,25.02,24.76,24.57,25.02,24.76,24.67,24.48,25.20,24.76,24.57,25.02,25.11,24.57,24.57,24.85,24.93,24.67,24.93,24.76,25.28,24.85,24.85,25.02,24.85,24.67,24.57,24.48,24.76,24.67,24.39,24.85,24.93,24.67,24.48,24.67,24.67,24.76,24.76,24.57,25.37,24.76,25.02,25.02,25.02,24.76,25.02,24.76,24.85,24.76,24.39,24.76,25.20,24.76,25.02,24.57,24.57,24.57,24.76,24.67,24.57,24.85,24.76,24.85,25.11,24.76,25.11,24.93,24.76,24.85,24.57,24.57,24.57,25.02,24.85,24.48,24.76,25.02,24.29,25.20,24.76,24.85,24.93,24.29,24.93,24.48,24.67,24.76,25.02,25.11,25.02,24.48,24.76,24.67,24.85,24.76,24.85
24.85,24.57,24.67,24.67,24.67,24.39,24.67,24.57,25.20,24.67,24.11,25.02,24.67,24.67,25.02,24.48,25.28,24.57,24.48,25.11,24.85,24.67,24.85,24.67,24.67,24.93,24.67,25.11,24.93,24.93,24.76,24.93,24.67,24.67,25.02,25.11,24.85,24.93,25.02,24.93,24.93,25.02,25.02,24.85,24.57,25.11,24.57,24.48,24.48,25.37,24.85,24.67,24.85,24.57,24.85,24.93,24.57,24.76,24.67,24.85,25.11,24.57,25.02,25.11,24.76,25.02,25.02,24.93,24.93,24.67,25.20,25.28,24.39,25.02,24.93,25.11,25.02,25.02,24.76,25.02,24.93,25.11,24.93,24.67,24.85,25.11,24.93,25.02,24.48,24.57,25.02,24.76,25.20,25.11,24.57,25.20,24.76,25.37,25.20,24.67,24.76,25.28,24.85,25.11,25.02,24.85,25.20,24.57,24.76,24.67,25.37,24.85,24.67,24.85,24.93,25.02,24.85,24.67,24.85,25.02,24.93,25.20,25.28,25.11,24.93,25.02,24.85,25.02,25.02,25.02,24.85,24.76,24.93,24.76,25.02,24.76,25.02,25.02,24.85,25.37,25.20,25.11,25.37,24.76,24.67,25.20,24.85,24.93,24.67,25.20,25.02,25.02,24.76,24.93,25.02,25.28,25.37,25.11,25.20,24.85,24.85,25.02,24.76,25.28,24.93,25.37,24.93,25.46,24.93,24.85,25.02,25.02,25.11,25.37,25.37,25.02,24.85,25.02,25.46,25.37,25.28,25.20,25.37,24.93,25.46,25.11,25.20,24.93,25.28,25.11,25.28,25.02,25.37,25.55,25.02,25.20,25.11,25.02,25.20,25.55,25.02,25.11,25.28,25.02,25.11,25.02,25.11,24.76,25.20,25.20,25.11,25.28,25.11,25.02,24.85,24.93,24.93,24.85,25.02,24.93,24.48,25.02,24.76,24.93,25.02,24.76,25.11,24.93,25.02,24.93,25.02,24.76,25.02,24.85,24.76,25.02,24.93,25.02,25.02,25.02,24.85,24.85,25.20,24.93,24.76,25.11,25.28,24.85,24.85,24.76,24.67,25.11,24.67,25.02,25.11,24.93,25.20,24.85,24.76,24.57,25.11,24.85,25.28,25.11,24.57,25.02,24.67,24.85,25.46,24.93,24.85,25.02,24.67,25.02,24.67,25.20,25.02,25.20,24.85,24.85,24.67,24.93,24.67,25.20,24.85,25.02,24.57,24.67,24.57,25.11,24.76,25.02,25.20,25.20,24.93,25.02,25.02,24.85,24.76,25.02,24.76,24.93,24.76,25.02,24.85,25.11,25.02,24.85,24.67,25.11,24.76,24.76,24.57,25.20,25.02,24.85,25.02,24.85,24.76,25.02,24.67,24.76,25.28,24.93,24.85,24.93,24.85,24.57,25.11,25.02,24.76,24.85,24.39,24.93,25.02,24.57,24.76,24.76,24.67,24.57,25.02,24.67,24.93,24.85,24.85,24.85,24.85,24.76,25.02,24.85,25.02,25.02,24.76,25.20,25.20,24.85,24.57,24.93,24.67,25.02,24.76,24.93,24.57,24.76,24.93,24.29,24.76,24.57,25.20,25.02,25.28,24.93,24.57,25.02,25.11,25.02,24.93,24.67,24.67,24.39,24.85,24.67
24.67,24.57,24.76,24.76,24.67,24.85,24.48,24.93,24.93,24.93,24.67,24.57,24.85,24.76,24.93,24.93,24.67,25.02,24.67,25.02,25.11,25.55,24.76,24.67,25.02,25.11,24.57,24.67,24.48,24.39,25.02,24.57,24.85,24.93,24.93,24.85,24.76,24.67,24.67,25.02,24.67,24.57,24.76,25.02,24.39,24.76,24.67,24.85,24.67,24.57,25.11,24.76,25.37,25.11,24.76,25.02,24.67,24.76,25.20,25.28,24.93,24.76,25.11,25.11,24.85,24.67,24.93,25.02,24.76,24.85,24.93,25.02,25.02,24.85,25.11,25.11,25.02,24.93,24.85,24.93,24.39,24.67,24.57,25.02,25.11,24.93,24.93,24.76,24.57,24.57,24.76,25.20,24.67,25.11,24.93,25.11,24.93,24.76,24.93,24.48,24.67,24.76,25.02,25.02,25.02,24.48,24.67,25.20,24.93,24.93,24.85,25.20,24.85,24.85,24.85,24.85,24.76,25.02,24.85,25.11,24.93,24.67,24.76,25.11,24.93,25.02,25.02,24.76,24.67,25.02,24.67,25.02,24.93,25.11,25.11,24.76,24.76,24.93,24.85,24.85,24.93,25.20,24.93,24.85,25.37,24.93,25.11,25.20,24.85,24.76,24.67,25.11,25.11,25.28,25.37,24.76,25.11,24.93,24.93,25.46,25.02,24.76,25.28,24.93,25.28,24.76,24.85,24.93,25.20,25.37,25.02,25.11,25.11,24.93,25.02,25.37,25.02,25.02,25.28,25.02,25.02,24.93,24.93,25.20,24.93,24.76,25.28,25.11,25.46,25.46,25.11,25.28,25.02,25.46,24.85,25.02,25.37,25.55,25.46,24.93,25.11,25.02,24.85,25.20,25.20,25.11,25.55,25.20,24.85,25.11,24.67,25.28,24.93,25.37,25.20,25.11,24.76,25.11,25.11,25.28,24.57,24.76,25.02,24.76,25.20,24.85,25.20,25.02,25.28,25.11,24.85,25.11,24.57,25.02,24.85,24.93,25.02,24.85,24.93,24.57,24.85,25.02,24.67,25.11,24.93,25.11,25.11,25.28,24.93,25.11,24.93,24.93,24.85,25.11,24.93,25.11,24.76,25.02,25.02,24.67,24.93,24.76,25.02,25.11,24.67,24.93,25.02,24.93,25.20,25.20,24.67,24.93,24.57,24.48,25.02,25.20,24.76,24.93,24.76,25.20,25.02,24.67,25.02,25.02,25.02,25.02,24.76,25.02,24.76,24.93,24.57,24.93,24.57,24.93,24.93,24.93,24.85,25.11,24.57,24.93,24.85,25.11,25.02,24.57,25.20,25.11,25.20,24.76,25.11,25.02,25.20,24.39,24.76,24.85,25.11,24.67,25.28,24.93,24.67,24.76,24.76,25.11,24.85,24.57,24.39,25.11,25.28,24.67,24.57,24.57,24.85,24.57,24.76,24.85,24.85,25.11,24.93,24.85,24.48,24.76,24.76,24.85,25.02,24.76,24.85,24.93,25.02,24.48,24.76,25.11,25.11,24.85,24.57,24.67,24.67,24.93,24.85,24.93,24.76,25.11,25.02,25.20,24.85,24.39,24.93,24.85,24.48,25.02,24.57,24.85,24.93,24.48,24.85,25.02,24.48,25.11,24.57,24.39,24.76,25.02,25.02,24.67
24.57,24.57,24.39,24.76,24.67,24.85,24.67,24.76,24.93,24.29,24.48,24.76,24.76,24.76,24.67,24.85,24.76,24.76,24.67,24.93,24.57,25.02,24.67,24.67,24.67,24.93,24.93,24.76,24.76,24.57,24.85,24.85,25.02,24.67,24.76,24.67,24.85,24.57,24.85,24.85,25.20,24.93,24.20,24.57,24.76,25.20,24.76,24.67,24.67,25.28,24.85,24.93,24.76,25.02,24.85,24.93,25.20,24.85,25.02,24.85,24.93,25.02,24.67,24.76,24.48,24.93,24.93,24.48,24.93,24.85,25.02,25.11,25.02,25.20,25.20,25.02,24.85,24.67,24.93,25.11,25.02,24.93,24.85,24.76,24.93,24.67,25.02,25.20,24.85,24.76,24.93,25.20,24.76,24.76,24.76,25.28,24.67,25.46,24.85,24.67,25.11,24.93,25.02,25.20,24.76,24.85,25.46,25.02,25.11,25.02,25.11,24.85,24.93,24.93,24.93,25.02,24.93,24.85,25.02,25.02,25.11,25.02,24.76,24.93,25.28,25.20,24.93,24.85,25.02,25.02,24.93,24.76,25.11,25.20,24.76,25.37,25.20,24.67,24.76,24.76,25.37,25.20,24.85,25.20,25.02,25.28,24.93,25.28,25.11,24.93,24.85,25.28,25.02,24.85,24.93,25.11,25.20,25.46,24.93,25.20,25.28,25.11,24.76,25.20,24.93,24.85,24.67,25.11,25.20,25.02,24.93,25.11,25.46,25.28,24.93,24.76,24.93,25.37,25.20,25.11,25.37,25.20,25.28,25.20,25.37,25.11,25.46,25.46,25.28,25.20,25.20,25.02,25.11,25.37,25.11,25.28,25.55,25.11,25.11,25.11,25.02,25.46,25.63,25.46,25.28,25.46,25.11,25.46,25.11,24.93,25.55,25.02,25.02,25.02,25.11,25.55,24.76,25.02,24.93,25.11,24.76,24.93,24.93,24.93,24.93,24.76,24.57,24.76,25.11,24.76,24.93,24.93,25.02,24.85,24.67,25.02,25.02,25.20,24.93,25.20,25.11,24.76,25.28,25.28,25.20,25.28,24.67,25.20,24.93,25.02,24.67,25.20,24.93,24.85,24.67,24.93,25.02,24.85,24.67,24.85,25.20,24.76,25.02,24.76,25.02,24.85,25.11,25.11,24.85,25.02,24.85,25.11,24.67,25.02,24.76,24.48,24.67,25.11,24.85,25.20,24.93,25.11,25.20,24.93,25.02,24.93,24.85,25.11,25.11,25.28,25.02,24.85,25.02,24.67,25.20,25.02,25.28,24.93,24.57,25.55,24.85,24.57,24.76,24.57,25.20,24.93,25.11,25.28,24.76,24.93,25.20,25.02,24.76,24.85,24.76,24.76,25.11,25.55,25.11,25.02,24.85,25.11,25.20,24.85,24.76,24.57,24.93,24.57,24.85,24.93,24.85,25.02,24.76,24.57,24.48,24.76,24.85,24.48,24.76,25.28,25.02,24.93,25.11,25.20,24.85,24.93,25.11,24.76,24.85,24.57,24.85,24.93,25.02,24.48,24.67,24.85,24.93,24.39,24.48,24.67,24.93,24.76,24.48,24.57,24.39,24.57,25.37,25.02,24.67,24.76,24.85,24.76,24.85,24.67,24.67,24.76,24.67,24.67,24.39,24.67,24.57,24.67
24.76,24.11,24.39,24.20,24.85,24.67,24.76,25.11,24.76,24.76,24.57,24.57,24.67,24.48,24.67,24.93,24.85,24.67,25.02,25.11,24.76,24.67,24.57,24.93,24.93,24.85,24.85,24.67,24.39,24.85,24.93,25.11,25.02,24.67,24.67,24.85,25.02,24.48,24.85,25.02,24.85,24.93,24.57,24.76,24.93,24.93,25.11,24.67,24.67,24.93,24.93,24.93,24.48,25.02,24.85,25.02,25.02,24.48,25.20,25.02,25.02,24.67,24.67,25.02,24.85,24.76,24.93,25.02,25.02,24.93,25.02,25.20,25.02,24.93,24.93,24.85,25.02,24.48,25.11,24.76,25.11,24.76,24.76,24.57,25.11,24.76,24.93,25.28,25.11,24.76,24.93,24.76,24.85,24.93,24.76,25.02,24.85,25.28,25.02,24.48,25.02,25.20,25.02,24.93,24.93,24.85,25.02,25.20,24.93,24.85,24.93,24.67,24.76,24.93,24.93,24.76,24.76,24.93,25.11,24.93,24.76,24.85,24.85,24.85,24.57,24.57,24.93,25.20,24.76,24.93,24.85,25.28,24.67,24.85,25.02,24.67,24.85,25.02,24.76,25.02,25.02,25.11,24.48,25.11,25.02,24.93,25.37,25.20,25.37,24.76,24.93,25.02,25.02,24.76,25.28,24.76,24.67,24.93,24.93,24.93,25.11,24.93,24.85,25.20,25.11,24.93,25.37,25.02,25.02,25.20,25.11,25.02,25.02,25.37,25.28,25.11,24.93,25.11,25.02,25.20,24.85,25.63,24.93,25.37,24.76,25.11,24.85,25.20,25.37,25.20,24.93,25.28,25.28,24.85,25.46,25.02,25.37,25.20,25.11,25.20,25.20,25.37,24.85,25.55,25.63,25.11,25.28,24.76,24.85,25.20,25.02,25.02,24.76,24.85,25.02,25.11,24.76,24.76,24.76,24.67,24.85,24.93,25.02,25.28,25.46,25.11,24.93,24.93,24.85,25.02,24.67,25.02,24.67,25.11,24.85,25.02,24.76,24.76,24.76,25.37,25.02,25.02,24.85,25.02,24.76,25.20,25.28,25.28,25.20,25.02,25.02,25.11,25.02,24.85,24.85,25.02,24.76,25.20,24.93,25.20,25.20,24.93,24.48,24.76,25.37,24.85,25.02,25.20,24.67,24.93,25.28,24.57,25.20,24.85,25.11,25.02,24.67,24.93,24.67,24.93,24.67,24.67,25.11,25.11,25.28,24.93,24.67,24.67,24.85,24.85,24.93,24.93,24.85,25.20,25.28,25.02,24.29,24.67,25.02,25.20,25.02,24.93,25.20,24.67,25.02,25.20,24.67,24.76,24.85,24.93,24.85,25.28,24.76,25.11,24.85,24.76,24.67,25.11,24.93,24.93,24.76,25.11,24.85,24.67,24.67,24.85,24.57,25.20,24.67,25.02,24.39,24.93,24.93,24.93,25.02,24.85,24.67,24.57,24.76,24.67,24.48,24.85,24.93,24.76,24.93,24.85,24.85,24.57,24.76,24.67,24.85,24.57,25.11,24.76,24.93,24.85,24.67,24.76,24.67,24.76,24.85,24.93,25.20,24.93,24.67,24.85,24.57,25.11,24.67,24.76,25.02,25.02,24.67,24.67,24.76,24.67,24.85,24.57,24.67,24.85,24.67,24.93
24.85,24.76,24.67,24.85,24.76,24.39,24.76,24.29,24.11,24.57,24.67,24.39,25.02,24.76,24.67,24.76,24.67,24.67,24.85,25.11,24.48,24.67,24.93,24.85,24.67,24.76,25.02,24.93,25.02,25.11,25.02,24.85,24.93,25.02,24.76,24.85,25.11,24.39,24.85,24.93,24.85,24.85,25.02,24.67,24.85,24.76,24.48,24.76,24.67,25.11,25.11,24.76,24.93,24.67,24.48,24.57,24.67,24.85,24.85,24.85,25.20,24.76,24.76,25.02,25.11,24.48,24.67,24.67,25.28,25.02,24.93,24.85,24.93,25.02,24.85,25.02,25.20,25.02,25.02,24.67,24.85,24.93,24.67,24.67,25.02,24.85,24.93,24.57,24.93,24.85,24.39,25.20,25.11,25.20,24.67,24.93,24.76,25.28,25.02,25.11,24.48,24.93,24.93,25.37,25.28,24.85,25.11,24.85,25.11,25.37,25.02,24.93,24.57,24.93,25.02,24.76,24.85,24.85,24.85,25.02,25.37,25.37,24.85,25.02,24.85,25.11,24.76,24.57,25.20,25.02,24.85,25.11,25.20,24.76,25.11,25.37,24.93,24.85,25.11,25.02,24.76,24.67,25.20,25.28,24.76,24.85,25.28,24.93,25.37,25.28,25.20,24.85,25.02,25.02,25.20,24.93,25.20,25.28,25.11,25.11,25.02,24.93,24.67,25.28,25.02,25.02,24.76,25.37,24.85,25.37,25.20,25.11,25.28,25.28,25.20,25.02,25.28,24.67,25.20,25.55,24.93,24.93,25.11,25.11,25.37,25.02,25.02,25.28,25.11,25.02,25.28,25.37,25.55,25.20,25.55,25.02,24.93,25.11,25.37,25.11,25.37,25.28,24.93,25.20,25.63,24.76,25.02,24.93,25.28,25.20,25.63,25.46,25.02,25.63,25.37,24.76,25.28,24.85,25.11,25.20,24.76,25.02,25.46,24.57,24.93,24.67,24.76,24.57,25.20,25.37,24.93,24.76,24.85,24.20,25.02,25.02,24.93,24.76,24.93,25.02,25.02,25.02,25.02,25.11,24.93,25.11,25.28,25.28,25.02,24.93,24.93,24.93,24.39,25.20,25.02,24.85,25.02,24.85,25.02,25.20,25.28,24.93,25.11,24.85,24.93,25.20,24.48,25.02,24.93,24.76,24.93,25.02,24.76,25.11,24.85,24.85,24.76,24.93,25.02,25.02,24.85,24.93,25.11,24.85,25.02,25.11,25.02,24.85,24.76,25.20,25.46,24.76,25.11,25.37,24.67,24.85,24.93,24.67,25.11,25.11,24.39,25.20,24.67,24.76,25.20,24.85,25.02,25.20,24.93,24.76,24.93,25.11,25.28,24.67,24.48,24.93,24.48,24.48,24.93,24.85,24.85,24.85,25.11,24.85,24.67,24.85,24.93,25.02,24.76,24.20,24.93,24.85,24.57,25.02,24.67,24.57,25.37,24.76,24.76,24.76,25.02,24.76,24.76,25.02,24.76,25.02,24.76,24.93,24.85,24.85,24.67,24.67,24.29,24.93,24.85,24.57,24.57,24.85,24.76,25.02,24.76,24.85,24.57,24.93,24.76,24.67,25.02,25.02,24.85,24.39,24.76,24.85,24.57,24.67,24.67,24.48,24.67,24.93,24.67,24.48,24.57,24.67
24.48,25.02,24.93,25.02,24.57,24.29,24.48,24.57,24.48,25.11,25.02,24.76,24.67,24.48,24.57,24.85,24.29,24.85,24.76,24.76,24.67,24.39,25.02,24.29,24.57,25.11,24.67,24.48,24.93,24.85,24.20,24.57,24.67,24.67,24.57,24.48,25.02,24.85,24.85,24.67,25.11,24.67,25.02,24.57,24.93,24.76,24.85,24.93,24.85,24.76,24.93,24.76,25.11,24.76,24.57,24.76,24.85,25.11,24.67,24.67,24.57,24.67,25.11,24.93,24.76,25.20,24.93,24.57,25.02,24.93,24.85,24.93,25.11,25.02,25.37,24.85,25.02,24.93,24.85,24.93,25.20,24.39,24.93,24.93,24.85,24.67,24.48,24.93,24.93,24.57,25.11,24.57,24.85,24.93,24.76,24.76,24.93,25.37,24.57,24.85,25.11,25.20,24.76,25.20,24.93,24.67,25.46,25.46,24.85,24.76,24.85,25.02,24.85,24.39,25.37,24.48,24.85,25.11,24.85,24.93,24.67,25.37,24.85,24.85,24.93,25.02,24.93,24.93,25.11,25.20,25.11,25.20,24.93,24.93,25.11,25.20,25.20,24.93,24.93,24.93,24.93,25.46,24.93,25.11,25.11,25.20,24.85,25.20,25.20,25.20,25.11,24.85,25.28,24.85,25.28,24.67,25.28,25.02,24.76,25.02,25.20,25.37,25.02,25.20,24.85,24.67,25.28,25.28,25.02,25.46,25.55,24.76,25.02,24.85,25.02,24.93,25.02,25.20,24.76,24.76,24.76,24.57,24.76,24.85,24.93,25.11,25.28,25.37,25.02,24.93,25.11,25.46,25.20,25.37,24.93,24.93,25.55,25.02,25.37,25.28,25.02,24.48,25.02,25.11,25.02,25.02,25.55,25.37,25.20,24.85,24.93,24.93,25.02,24.76,24.76,25.02,25.02,25.20,25.11,24.93,25.28,25.02,24.93,25.28,25.11,24.93,24.85,24.93,24.57,24.67,24.76,25.02,24.67,24.93,24.76,25.11,24.93,24.85,24.93,25.11,25.02,24.76,24.85,25.02,25.20,24.93,25.11,24.93,25.28,24.76,25.11,24.93,24.76,25.20,24.76,24.93,24.85,24.93,24.76,24.85,24.67,25.02,25.20,25.11,24.85,24.93,24.57,25.02,25.11,24.93,24.57,25.11,24.67,25.11,24.93,24.93,25.11,25.11,25.11,24.76,24.48,24.67,25.02,25.20,24.93,25.11,25.02,25.11,25.02,24.93,25.02,24.29,24.76,25.28,24.67,24.76,24.76,24.67,25.20,24.76,25.37,25.11,25.11,24.93,24.93,25.11,25.20,24.93,24.93,24.93,24.85,25.02,25.02,24.93,24.67,24.76,24.39,24.93,24.67,25.02,24.67,24.57,24.85,24.48,25.02,24.93,24.76,24.39,24.93,24.39,24.67,24.57,24.76,24.67,24.85,24.85,24.48,24.57,24.76,24.76,24.85,24.76,24.93,24.57,24.11,24.76,24.76,24.93,24.76,24.93,24.85,24.85,24.67,25.02,24.85,25.02,24.93,24.85,24.85,24.57,24.85,24.93,24.76,24.67,24.39,24.85,24.29,24.85,24.57,24.76,25.02,24.85,24.57,24.39,25.11,24.29,24.29,24.57,24.57,24.67,24.57,24.67
24.48,24.01,24.67,24.67,24.76,24.20,24.01,24.29,24.48,24.67,24.93,24.76,25.02,24.76,25.11,24.57,24.85,24.67,25.02,24.67,25.02,24.76,25.02,24.57,24.39,24.85,24.39,24.48,25.28,24.93,24.48,24.76,24.76,24.67,24.76,24.20,24.93,24.48,24.67,25.11,24.29,24.57,24.85,24.67,24.85,25.11,25.46,24.29,25.28,25.28,25.20,24.48,24.93,25.20,24.85,24.93,24.85,25.11,24.67,24.57,25.20,24.93,24.93,25.02,24.85,24.76,24.48,24.67,24.67,24.85,24.76,25.11,24.57,25.11,24.48,24.76,24.93,24.76,24.76,24.57,25.28,24.57,24.76,24.57,24.76,24.76,24.85,24.93,24.85,25.02,24.67,24.76,25.28,24.76,24.67,24.93,25.02,24.76,24.76,25.11,24.67,24.76,24.93,24.93,24.93,24.67,24.85,24.85,25.02,24.85,24.85,24.76,25.02,25.02,24.67,24.93,24.76,24.93,24.76,24.93,24.76,25.37,24.76,24.67,24.93,25.20,24.85,25.11,25.28,25.20,25.02,25.02,25.11,25.28,25.20,24.57,24.76,24.93,25.11,24.48,24.85,24.85,24.93,24.85,25.20,25.28,24.67,25.11,24.93,24.76,25.02,24.93,25.11,25.37,24.67,25.28,25.02,25.02,24.67,24.39,24.93,24.93,24.67,25.46,24.76,25.02,24.67,24.93,25.28,24.93,25.20,25.11,24.85,25.46,24.93,24.76,24.76,25.28,24.76,25.11,25.37,25.20,25.02,25.46,24.93,25.20,25.37,25.02,25.20,24.93,25.55,24.67,25.02,24.93,25.11,25.20,24.76,25.20,25.37,25.46,24.85,25.28,25.28,24.85,25.11,25.11,25.02,24.93,25.81,24.93,25.02,25.02,24.85,25.02,24.93,25.11,24.93,25.20,25.20,25.02,24.76,24.67,25.02,25.20,25.20,25.28,25.11,24.93,24.93,25.02,24.93,24.76,24.76,25.28,24.93,24.48,25.46,24.93,24.93,24.85,24.76,25.02,24.93,25.11,24.85,24.85,24.76,25.11,24.93,25.02,24.76,24.93,24.85,25.02,24.93,24.85,24.76,25.28,25.20,25.02,24.20,25.28,25.11,24.93,24.85,25.11,25.20,24.85,25.02,25.02,25.28,25.02,25.11,24.57,24.67,25.55,25.28,24.93,24.85,25.11,24.76,24.85,24.67,25.11,25.37,24.76,25.11,24.76,24.39,25.28,25.02,25.11,24.93,24.67,25.20,25.02,24.67,24.85,24.85,25.20,24.93,24.48,25.11,24.57,24.67,24.93,24.57,24.93,24.93,24.39,25.11,25.28,24.67,24.93,24.39,24.85,24.48,24.57,24.67,24.85,25.02,25.11,24.67,24.57,24.76,24.67,25.20,24.85,25.28,24.76,24.76,25.20,24.93,24.76,24.85,25.11,24.57,24.67,25.11,24.67,24.93,24.76,24.93,24.76,24.76,24.76,24.93,24.67,25.02,24.93,25.02,24.57,24.85,25.11,24.67,24.85,24.85,24.67,25.02,24.39,24.85,24.85,25.20,24.85,25.02,24.39,24.76,25.11,24.76,24.93,24.48,24.57,25.11,24.48,24.39,24.57,24.67,24.67,24.67,25.11,24.76,24.67
24.57,24.39,24.57,24.85,24.67,24.67,24.93,24.93,24.48,24.93,24.85,24.57,24.76,24.48,24.48,24.57,24.76,24.93,24.85,24.76,24.48,24.67,24.85,24.67,24.48,24.67,25.02,24.93,24.48,24.85,24.93,25.20,24.76,24.57,24.76,24.57,24.93,24.48,24.76,24.76,24.57,24.67,25.02,24.57,24.67,24.76,24.85,24.85,24.76,24.48,24.67,24.67,24.93,24.67,24.85,24.67,24.93,25.20,25.02,25.28,24.93,25.02,25.20,24.85,25.02,24.93,25.20,25.28,25.11,24.67,24.76,24.76,24.67,25.46,25.02,24.67,24.76,24.67,24.93,24.29,25.02,25.20,25.02,24.76,25.02,24.48,24.76,25.20,24.93,24.93,24.85,24.76,25.02,24.93,24.67,25.37,24.39,25.37,24.76,24.57,25.02,24.93,24.85,24.76,25.02,24.67,24.39,24.67,24.93,25.02,25.55,24.85,25.37,25.37,24.93,25.11,25.02,25.20,25.37,25.11,24.85,25.11,24.85,24.76,24.67,25.20,25.55,25.28,24.76,24.76,24.67,25.02,24.93,24.76,25.20,25.20,24.76,24.67,24.93,25.28,25.11,25.72,24.93,25.02,25.11,25.20,24.85,25.20,25.02,25.02,25.28,25.28,24.85,25.28,25.20,24.93,24.76,25.28,24.85,24.57,25.20,25.11,24.93,24.48,25.11,25.11,25.55,25.55,25.11,25.37,25.02,25.02,25.02,25.20,25.02,25.37,24.93,25.20,25.37,25.37,25.37,24.85,25.46,25.20,25.28,24.93,25.46,25.11,25.11,25.28,25.37,25.46,25.02,25.28,25.02,25.37,25.37,24.85,25.02,24.85,25.11,25.20,25.46,25.28,25.11,25.46,25.20,25.02,25.20,24.76,25.28,25.11,24.93,25.02,24.85,24.85,24.85,24.48,24.76,24.67,24.67,24.85,24.76,25.11,24.76,25.02,25.20,24.85,25.20,24.76,24.93,25.02,24.85,25.02,25.11,24.57,25.11,25.37,24.57,25.20,24.93,24.85,24.85,24.85,24.93,24.93,25.02,24.85,24.93,24.93,24.93,25.02,24.93,24.93,25.20,25.02,24.85,24.93,24.85,25.20,24.85,24.67,24.57,24.57,25.28,24.76,24.93,24.57,24.93,24.76,25.02,25.28,25.11,25.02,24.76,24.93,24.93,25.11,25.20,24.93,25.46,24.93,24.85,24.93,25.20,25.20,24.85,24.67,24.93,25.20,24.39,24.93,24.39,25.28,25.37,24.57,24.93,25.20,24.85,25.37,24.85,24.93,25.11,24.93,25.20,25.02,25.11,24.67,24.67,24.67,24.57,24.93,25.20,24.85,24.67,24.76,24.67,24.76,24.57,24.57,24.48,24.67,24.76,24.57,25.11,24.85,24.76,24.76,24.76,24.93,25.02,24.76,24.93,24.85,24.76,24.39,24.93,24.76,24.85,25.28,24.57,25.20,25.02,24.85,24.93,24.76,25.11,24.93,24.67,25.11,24.67,24.29,24.39,25.28,24.57,24.76,24.85,24.57,24.67,24.85,25.20,25.11,24.93,24.29,24.76,25.02,24.85,25.11,25.11,24.48,24.57,25.02,24.67,24.67,25.11,24.76,24.76,25.20,24.76,24.85,24.67,24.67
24.76,24.93,24.67,24.57,25.20,24.93,24.93,24.57,24.85,24.93,24.39,24.76,24.67,24.93,24.67,24.93,24.76,24.85,24.76,24.93,24.67,24.76,24.57,24.67,25.46,24.57,24.39,24.76,24.48,24.85,24.85,25.02,24.67,25.11,24.85,24.20,24.85,24.85,24.85,24.67,24.76,24.93,25.11,24.67,24.93,24.93,24.76,24.93,24.57,25.20,25.28,24.85,24.76,25.02,24.76,24.67,25.02,24.85,24.85,24.57,24.57,24.76,24.93,24.93,24.85,24.76,24.93,24.85,24.93,24.93,24.48,25.02,24.93,24.67,25.20,25.37,24.76,24.93,25.02,25.02,24.76,24.76,24.76,24.76,24.85,24.93,24.67,24.67,24.85,24.57,24.76,25.11,24.67,24.85,24.76,24.93,25.20,24.76,24.93,24.76,25.11,25.02,24.67,24.76,25.11,24.93,24.76,24.76,25.02,25.20,24.57,25.02,24.76,24.76,25.28,24.48,24.57,24.85,25.11,24.76,24.67,24.76,25.11,24.93,24.93,24.85,25.02,25.20,24.93,24.76,25.02,25.11,24.67,24.85,25.46,25.28,24.57,25.02,24.85,24.76,24.67,25.11,24.76,25.37,25.11,24.67,25.02,24.76,24.93,25.02,25.20,24.67,25.11,24.85,24.76,25.28,25.20,24.76,25.37,25.55,25.20,24.67,25.02,24.76,25.20,24.93,24.85,24.85,24.85,25.37,25.28,25.20,25.37,25.20,25.37,25.20,25.20,24.93,24.85,25.20,25.02,25.28,25.02,25.63,25.20,25.02,25.37,24.76,25.20,24.76,24.93,25.02,25.02,24.76,25.28,25.55,25.02,25.11,25.46,25.55,25.28,25.28,25.20,25.37,25.28,24.76,25.37,24.85,25.11,25.37,25.28,25.20,24.67,24.85,24.76,25.02,24.85,24.93,24.48,24.93,24.67,24.85,25.20,24.93,25.20,24.85,24.85,24.85,25.11,24.85,24.93,24.67,25.11,25.11,25.28,25.28,25.11,24.48,24.85,25.02,24.76,24.67,25.11,25.11,24.93,25.11,25.20,24.76,24.57,24.85,24.67,24.93,24.76,24.57,24.93,24.93,25.02,24.76,25.63,25.02,24.85,25.20,25.11,25.02,25.20,24.93,25.11,24.85,24.93,24.85,24.76,24.76,24.76,24.85,24.85,24.67,24.67,24.85,25.20,24.85,24.85,25.20,25.28,24.85,24.76,25.02,24.85,24.67,25.11,25.02,24.93,24.85,24.67,25.02,24.85,25.11,24.93,24.85,24.57,24.93,24.67,24.76,24.85,25.20,24.67,24.67,24.85,24.76,25.02,24.29,24.76,25.02,24.48,24.76,25.11,25.02,25.11,24.93,24.76,24.85,24.93,25.02,24.39,24.67,24.29,25.11,24.76,24.76,24.67,24.76,24.93,24.67,24.76,24.76,24.93,24.76,24.93,24.57,25.20,24.85,24.20,24.29,24.85,24.48,24.76,24.48,24.57,24.57,24.85,24.67,25.02,25.11,24.76,24.76,24.29,24.48,24.67,24.39,24.67,24.39,24.85,24.93,25.11,24.67,25.02,24.39,24.93,24.85,25.11,24.85,24.39,24.76,24.29,24.85,24.67,24.76,24.93,24.57,24.48,24.67,24.67,24.48
24.76,24.57,24.85,24.57,24.76,24.57,24.39,24.48,24.67,24.67,24.57,24.57,24.39,25.02,24.76,24.57,25.28,24.67,24.93,24.67,24.48,24.57,24.76,24.57,24.67,24.76,24.48,24.93,24.85,24.76,24.67,24.67,24.85,24.85,24.85,24.48,24.29,24.29,25.11,24.85,24.67,24.67,24.85,24.57,24.85,24.57,24.67,24.57,24.67,24.85,24.67,24.85,24.76,24.93,24.93,24.85,24.93,24.85,24.93,24.85,24.57,24.57,25.02,24.48,24.57,25.02,24.85,25.02,24.76,24.93,24.93,24.85,24.48,24.93,25.11,25.11,24.85,25.11,24.85,25.02,24.57,24.93,24.48,24.93,25.02,24.48,24.39,25.11,24.85,24.76,24.76,24.57,24.67,24.93,24.76,24.76,24.76,25.02,24.93,25.28,25.20,24.57,24.67,24.67,25.28,24.76,25.20,24.76,24.76,25.02,25.11,25.02,24.48,25.28,24.67,24.76,24.93,24.76,25.55,24.85,25.20,24.93,24.76,24.85,24.85,24.76,25.37,25.11,24.85,25.11,25.20,24.85,24.85,24.85,24.85,25.11,25.11,25.11,25.20,25.11,25.20,24.67,24.93,25.37,24.85,24.76,24.76,24.76,25.20,24.93,25.28,25.11,24.93,25.37,24.93,24.85,25.46,24.85,24.93,25.11,25.20,25.28,25.28,25.28,25.02,24.57,25.20,25.20,25.37,24.76,24.93,25.37,25.46,25.11,25.37,25.02,24.76,25.11,25.28,25.28,25.63,25.37,24.93,25.20,25.11,25.37,25.11,25.11,25.20,25.37,25.11,25.46,25.37,25.46,25.02,24.85,25.02,25.28,25.11,24.93,25.28,25.02,25.46,24.85,25.11,24.93,25.20,25.20,25.46,25.37,25.37,25.11,24.93,25.02,24.76,25.46,24.93,25.11,24.48,24.85,25.02,24.93,24.67,25.02,25.11,24.85,25.11,24.93,25.02,25.02,24.93,24.57,24.85,24.57,24.48,24.93,24.67,24.57,24.48,25.02,24.93,25.28,25.28,25.02,25.02,24.93,25.20,24.76,24.85,24.76,24.93,24.93,25.02,25.20,25.28,24.93,24.93,25.11,25.11,25.02,25.11,25.11,24.93,25.02,25.20,24.76,24.57,25.11,24.93,24.85,24.76,25.20,24.93,24.93,25.37,25.11,24.67,25.11,25.02,24.93,24.93,24.76,24.93,24.57,24.67,24.85,25.02,25.02,24.48,24.85,24.93,24.85,24.67,24.76,24.76,24.67,24.76,24.93,24.67,24.76,25.02,24.76,24.85,25.20,24.48,25.02,24.39,25.11,24.57,24.48,25.28,25.02,24.85,24.57,25.02,24.48,24.76,25.20,24.85,24.85,24.85,24.67,24.67,24.93,25.11,24.76,24.67,24.93,24.93,24.67,25.02,25.02,24.85,24.93,24.85,24.76,24.76,24.67,24.85,24.57,25.11,25.20,24.85,24.67,24.93,24.93,25.11,24.76,24.67,24.76,24.76,24.57,25.02,24.57,24.57,25.11,24.76,24.57,24.67,24.57,24.85,24.29,24.85,24.85,24.85,24.67,25.02,25.02,24.67,24.48,25.02,24.85,24.76,24.85,24.57,24.93,25.11,24.57,24.85,24.48,24.67,24.57
24.85,24.85,24.29,24.67,24.29,24.57,25.11,24.67,24.67,24.76,24.93,24.39,25.02,24.67,24.57,24.85,24.93,24.67,24.85,24.67,24.85,24.57,24.67,24.93,24.29,25.11,24.85,24.93,24.93,24.39,24.93,24.85,24.85,24.76,24.85,24.57,25.20,24.76,24.67,24.57,24.67,25.20,24.20,24.93,24.93,24.67,24.76,24.76,24.67,25.02,24.67,24.76,24.85,24.85,24.85,25.02,24.67,24.57,25.11,24.67,25.11,24.57,24.57,25.02,24.93,24.85,24.85,24.85,25.20,24.93,25.11,25.02,24.93,24.93,24.93,24.85,24.93,24.93,24.48,24.85,24.93,24.93,24.76,24.85,24.57,24.93,25.02,25.02,24.67,24.76,24.93,25.20,24.93,24.67,25.02,24.76,24.76,25.11,25.28,24.93,24.76,24.76,25.28,25.11,24.76,24.93,24.85,24.85,25.28,24.85,24.85,24.93,24.93,25.02,24.67,25.02,25.02,24.85,24.76,24.67,25.20,25.11,24.67,25.02,25.20,25.37,25.20,24.76,25.28,25.11,24.93,24.85,24.93,24.93,24.93,24.76,25.11,25.11,25.02,25.28,24.57,24.76,24.93,24.93,25.11,25.02,25.11,25.20,24.85,25.20,24.76,25.02,25.46,25.02,25.02,24.85,24.85,25.11,24.93,25.20,25.28,25.20,24.85,24.85,24.93,24.93,25.02,25.20,25.28,24.85,25.28,25.20,25.37,25.02,25.46,24.57,25.11,25.02,25.02,24.93,25.20,25.11,25.20,25.20,25.37,25.37,24.85,25.20,25.28,25.37,25.28,25.55,25.28,25.46,25.02,25.28,25.28,25.55,24.93,24.85,25.20,25.37,25.11,25.02,25.46,25.11,25.55,25.20,25.28,24.93,25.02,24.85,24.85,24.76,25.11,24.85,24.85,25.37,24.85,24.57,25.11,25.11,24.67,25.37,24.85,24.85,25.02,24.76,24.93,24.85,24.93,25.20,24.67,24.85,24.76,24.85,24.85,25.02,25.02,24.93,24.93,24.76,24.67,24.76,24.85,24.76,24.85,25.02,25.11,24.85,25.20,24.85,24.85,25.02,25.28,24.76,25.11,25.02,25.02,25.02,24.85,24.39,25.20,25.20,25.02,25.20,25.11,24.85,25.11,25.11,24.85,25.02,24.93,24.76,24.93,24.57,24.93,25.20,25.20,25.02,24.57,24.85,25.28,24.76,25.02,24.85,24.85,24.93,24.93,25.11,24.93,24.67,25.02,24.85,24.57,24.67,25.02,25.02,25.11,25.11,24.93,24.48,24.67,24.57,24.93,24.93,24.93,24.67,24.67,24.67,24.76,25.02,25.11,24.76,24.67,24.76,24.85,25.11,25.20,24.93,24.85,24.85,24.48,24.76,25.11,25.28,24.93,24.67,24.67,25.02,24.76,24.93,24.57,25.20,24.67,24.93,24.85,24.85,24.93,24.85,24.57,24.76,24.57,24.76,24.76,24.39,24.67,24.76,24.48,24.93,24.85,25.02,24.67,24.76,24.85,24.20,24.85,25.02,24.93,25.20,24.76,25.02,24.93,24.76,24.85,24.67,24.76,24.76,24.76,25.02,24.76,24.85,24.85,25.02,25.02,24.76,24.57,24.48,24.57,24.93,24.57,24.29
24.48,24.76,25.28,24.67,24.29,24.20,24.76,24.67,24.48,24.39,24.57,24.39,24.67,24.76,24.57,24.57,24.57,24.39,25.11,24.76,24.93,24.48,24.67,25.28,24.85,24.85,24.76,24.93,24.85,24.57,24.29,24.93,24.85,24.48,24.67,24.93,24.67,25.02,24.57,25.11,24.57,24.48,24.76,25.20,24.57,24.85,24.39,24.57,24.48,24.85,24.48,25.11,24.85,24.76,25.02,24.76,24.48,24.93,24.85,24.67,24.85,24.85,24.85,25.11,24.57,25.20,24.76,24.85,24.76,25.02,25.20,24.93,24.85,25.11,24.93,25.20,24.85,24.85,24.85,24.76,25.11,24.85,24.93,24.93,25.37,24.93,24.67,24.85,24.76,24.93,25.02,24.85,24.93,24.67,25.46,24.85,24.93,24.76,24.93,24.85,24.93,24.85,24.39,24.85,25.11,25.11,24.76,24.85,25.37,24.76,24.85,25.02,24.76,25.02,25.28,24.67,24.76,24.93,24.48,24.76,25.28,24.76,25.37,25.02,24.93,24.93,24.76,25.11,24.93,24.85,24.76,24.76,25.11,24.85,25.11,24.93,24.93,25.20,25.28,25.28,24.93,24.76,25.11,25.37,25.11,25.02,25.20,24.93,24.93,25.20,24.85,25.28,24.85,25.02,25.11,24.93,24.76,25.20,25.02,24.93,25.11,25.55,24.57,24.93,25.28,24.85,25.28,25.11,24.93,25.11,25.02,25.28,25.20,25.20,25.20,25.46,25.37,25.28,25.55,24.93,24.93,24.85,25.11,25.46,25.28,24.76,25.28,24.93,25.37,24.93,25.02,25.20,25.46,25.28,25.28,25.28,25.11,25.02,25.46,25.02,25.02,25.11,25.20,25.11,25.63,25.20,25.11,25.28,24.93,24.85,25.11,25.37,25.02,24.93,24.93,25.37,25.02,25.28,24.93,24.85,24.67,25.11,25.20,25.11,24.76,24.93,25.02,25.02,25.02,24.76,24.85,25.20,25.02,25.11,25.11,25.02,24.85,25.11,24.76,25.11,24.76,24.76,24.93,25.02,24.76,24.85,24.76,24.76,25.37,25.02,24.85,25.02,25.28,25.11,24.76,24.93,24.93,25.46,25.02,24.76,25.02,24.67,25.02,24.48,25.11,25.28,24.93,24.93,25.11,25.28,24.85,25.02,25.11,25.02,24.85,25.20,24.57,24.85,25.11,24.85,24.93,25.11,24.76,24.93,24.39,24.85,25.11,25.02,24.67,24.85,24.85,24.76,24.76,24.76,24.93,24.29,24.76,25.02,24.67,24.85,24.85,25.02,24.93,24.67,25.02,24.67,24.76,25.02,24.85,25.11,24.85,25.02,24.85,24.76,24.85,24.85,24.76,24.85,24.48,25.20,24.67,24.76,24.85,24.48,25.20,24.85,25.02,25.20,24.67,24.57,24.85,24.67,24.76,24.85,25.20,24.67,24.85,24.76,24.67,24.76,24.76,24.93,24.57,24.85,24.76,24.67,24.57,24.57,24.48,24.85,24.85,24.67,24.67,24.39,24.93,24.93,24.48,24.57,25.20,24.67,24.57,24.93,24.93,24.39,24.93,24.48,24.93,24.48,24.67,24.39,24.85,24.29,25.11,24.67,25.02,24.39,24.76,24.57,25.11,24.39,24.48,24.48
24.76,24.76,24.76,24.29,24.48,24.39,24.57,24.67,24.93,23.92,24.48,24.67,25.11,24.76,25.11,24.48,24.57,24.67,24.76,24.48,24.67,24.76,24.67,24.85,24.48,25.02,24.20,24.57,24.85,24.39,24.85,24.85,25.02,24.67,24.67,24.93,24.85,24.67,24.48,24.57,24.76,24.67,24.76,24.67,24.67,25.20,25.20,24.93,25.20,25.11,24.67,25.02,24.85,25.11,24.85,25.20,24.57,25.02,24.85,24.76,24.85,24.67,24.76,24.48,24.93,24.85,24.85,24.76,24.85,24.76,25.02,24.76,24.85,24.85,24.67,24.67,24.93,24.93,24.93,24.29,24.85,25.02,25.11,24.85,24.85,24.67,24.57,24.76,24.85,24.93,24.39,25.11,24.93,24.67,24.85,24.67,25.20,25.28,24.85,25.11,24.85,25.46,25.02,24.85,25.11,24.76,24.85,25.28,24.76,24.48,25.28,24.57,24.48,24.67,24.48,24.93,25.46,24.93,24.57,24.93,25.11,24.93,24.67,24.85,24.76,25.37,24.85,24.67,24.67,25.11,24.76,25.46,24.85,25.02,25.02,24.85,24.85,24.76,24.67,24.67,25.11,24.93,24.85,24.93,24.93,25.11,25.46,25.37,25.02,25.20,25.20,25.28,25.20,25.20,24.85,24.57,25.46,24.76,24.85,24.85,25.46,25.02,25.37,25.28,24.67,24.93,24.85,24.93,25.02,25.20,25.28,25.02,25.02,24.93,25.20,25.02,24.93,24.85,25.55,25.11,24.76,25.20,24.93,25.11,25.02,25.02,25.20,24.67,25.28,25.20,25.46,25.02,25.20,24.93,25.46,25.20,25.11,25.63,25.37,25.20,25.55,25.02,25.28,25.46,25.11,24.93,25.20,24.85,24.93,25.02,25.28,25.28,25.28,25.02,25.11,24.67,25.02,24.76,24.85,24.93,24.85,24.93,24.76,24.76,25.02,24.85,24.76,25.11,24.93,24.85,25.11,24.85,25.11,24.85,24.93,25.11,25.02,24.67,25.02,24.48,25.02,25.02,24.57,24.93,24.67,24.57,24.76,24.93,25.20,25.11,24.85,25.02,24.85,24.93,24.67,24.76,24.76,24.93,24.85,24.93,25.20,24.76,24.93,24.39,24.85,24.76,24.85,25.11,24.85,24.76,24.67,25.02,25.11,25.02,25.02,24.93,24.85,25.02,25.20,24.76,25.11,25.20,24.76,25.11,25.28,25.02,25.02,25.02,25.20,25.02,24.67,25.20,25.11,24.57,24.93,25.02,24.85,25.02,24.57,25.20,24.85,25.11,25.11,24.57,24.76,24.76,24.57,24.57,24.67,24.85,24.93,24.93,24.76,24.85,24.85,24.76,25.11,24.85,25.02,24.93,25.02,24.39,24.85,24.39,24.67,24.93,25.11,24.76,24.29,24.76,24.57,25.02,24.76,24.85,24.67,24.76,24.85,25.02,24.93,25.02,24.76,24.85,24.93,25.02,24.57,24.57,24.67,25.02,24.76,24.76,24.93,24.39,24.85,24.85,24.85,25.02,24.20,24.57,24.48,24.93,25.02,24.85,24.93,25.02,24.85,25.11,24.85,24.93,24.20,24.57,25.02,24.93,24.85,24.67,25.02,24.48,24.67,24.48,24.57,24.48,24.57,24.39
24.57,24.76,24.93,24.67,24.67,24.76,25.20,24.67,24.76,24.20,24.76,24.85,24.93,24.76,25.02,24.85,24.85,24.67,24.85,24.39,24.48,24.57,24.48,24.67,24.67,24.39,24.76,24.67,24.93,24.48,24.76,24.39,24.85,24.48,25.02,24.67,24.85,24.39,24.48,24.76,24.93,24.57,24.93,24.93,24.76,24.85,24.67,24.76,24.57,24.76,25.02,25.02,24.85,24.85,25.02,24.85,24.85,24.85,24.85,24.93,25.02,24.67,24.93,25.11,24.93,24.67,24.85,24.76,24.67,25.20,24.93,25.11,24.93,24.93,24.85,24.76,24.93,24.76,24.48,25.20,24.85,24.93,25.02,24.85,24.67,24.67,24.76,25.28,24.93,24.85,24.76,24.93,25.02,24.85,24.76,24.93,24.67,24.85,25.28,24.93,24.76,24.76,24.85,24.93,25.02,25.02,25.20,25.20,24.67,24.67,25.02,24.93,24.67,24.85,25.28,25.37,24.67,24.93,24.85,24.93,25.20,24.93,25.37,24.93,25.02,24.76,25.20,25.11,25.11,25.11,25.11,25.20,25.02,24.85,25.11,24.93,25.02,25.20,25.02,25.02,25.63,25.28,25.20,25.02,24.85,25.20,25.02,25.11,24.93,24.93,24.76,25.28,24.93,24.85,25.28,24.85,24.67,24.76,25.11,24.85,25.28,24.93,24.85,25.20,24.76,25.20,25.55,24.67,25.20,25.37,25.11,25.11,25.28,25.11,25.46,25.37,25.28,25.28,25.20,24.76,25.28,25.37,25.37,25.11,25.20,25.37,25.37,25.20,25.11,25.28,25.11,25.37,25.37,25.55,24.85,24.93,25.20,24.76,25.02,25.37,25.37,25.37,25.28,25.28,25.20,25.28,25.20,25.02,25.20,24.93,25.37,25.02,25.20,25.11,24.93,24.93,25.20,24.67,25.28,25.55,25.37,24.67,25.11,25.02,24.85,25.02,24.93,25.02,24.76,25.11,25.11,24.93,24.93,24.85,24.93,24.85,24.85,25.02,25.02,24.93,25.02,24.67,25.02,24.85,25.28,24.93,25.02,24.93,24.85,24.93,24.76,25.02,24.76,25.11,24.93,24.85,24.85,24.85,25.02,24.93,24.93,24.67,25.02,25.02,24.76,25.11,24.85,24.85,25.11,24.76,25.20,25.20,24.57,24.76,24.76,24.93,25.20,24.85,24.76,25.20,25.02,25.20,25.02,25.02,25.02,24.93,24.76,24.93,25.11,25.02,24.48,24.85,24.85,25.02,24.93,24.93,24.93,25.02,25.11,25.02,24.93,25.11,25.20,24.76,25.02,24.67,24.93,24.85,25.02,24.76,24.76,24.85,24.57,24.67,24.67,24.57,24.93,24.67,24.93,25.11,25.02,24.93,24.85,24.76,24.57,24.57,24.93,24.57,25.11,24.48,24.76,24.48,25.02,25.02,24.76,24.76,25.11,24.85,24.85,24.76,24.48,24.76,24.93,25.28,24.67,24.39,24.67,24.93,24.67,24.67,25.02,25.02,24.67,24.93,24.29,25.02,24.85,24.67,24.48,24.57,24.48,24.67,24.76,24.57,24.39,24.57,24.76,24.76,25.11,25.02,24.85,25.11,24.76,24.39,24.85,24.48,24.67,24.67,24.57,24.85,24.29,24.39
24.93,24.39,24.76,24.48,24.67,24.48,24.48,24.57,25.11,24.76,24.48,24.67,24.29,24.57,24.76,24.67,24.57,24.85,24.93,25.28,24.76,24.76,24.39,24.85,24.67,24.85,24.93,24.85,24.39,24.93,25.11,24.93,24.93,24.57,24.57,24.67,24.57,24.48,24.39,24.67,24.67,24.29,24.85,24.48,24.76,24.76,24.67,24.93,24.39,24.76,24.57,25.02,24.39,25.11,25.37,24.39,24.93,24.76,24.57,25.02,24.67,24.93,24.76,24.29,25.02,24.93,25.20,24.93,25.02,24.76,24.76,25.02,24.57,24.76,25.20,25.11,24.76,24.93,25.02,25.11,24.85,24.85,24.76,24.85,24.85,24.93,24.76,25.20,24.76,25.02,24.85,24.76,25.02,24.85,24.85,24.76,25.02,24.67,25.20,24.67,24.85,24.93,24.39,24.76,24.85,24.85,24.57,24.93,24.93,24.67,24.85,24.76,25.28,24.93,24.93,24.93,24.85,25.11,25.02,24.67,25.37,24.76,25.20,25.11,24.76,24.93,24.57,25.20,25.11,25.28,25.02,24.85,24.76,24.93,25.20,25.02,24.48,24.76,24.48,25.28,25.11,24.93,25.20,24.76,24.93,25.02,25.02,25.11,24.76,25.02,25.02,25.20,25.02,25.28,24.93,24.85,25.11,25.02,24.76,25.02,25.11,24.67,24.67,25.20,25.20,24.76,24.85,25.28,25.11,24.85,25.37,25.02,24.85,25.46,25.02,24.85,25.46,25.55,24.76,25.37,25.20,25.02,25.02,24.93,24.85,25.28,25.20,24.76,25.46,25.11,25.20,25.46,25.11,25.28,25.02,25.72,25.46,25.37,25.55,25.37,25.11,25.02,25.46,25.28,24.76,25.28,24.93,24.85,24.85,25.02,25.11,25.11,25.02,25.20,24.85,24.93,25.11,24.57,24.85,24.76,24.76,25.11,25.02,25.02,24.93,24.85,25.20,24.67,25.11,25.02,25.28,24.85,25.28,24.48,24.85,24.85,25.20,24.57,24.93,24.85,24.85,24.93,25.02,24.93,25.02,24.57,25.02,24.76,24.85,24.93,24.85,24.67,24.85,24.93,25.02,25.28,24.67,24.85,24.93,25.11,24.93,25.11,24.57,24.67,24.85,24.39,25.37,24.85,24.85,25.02,25.28,24.57,25.02,25.02,25.20,25.11,24.93,25.02,24.93,24.93,24.93,25.11,24.48,24.93,24.57,24.48,24.93,25.02,25.11,24.57,25.20,24.85,25.02,25.02,24.39,24.76,24.20,24.93,24.93,24.85,24.57,24.93,24.93,24.93,25.02,24.85,24.76,24.67,24.93,24.67,25.11,25.02,25.02,25.20,24.85,24.57,25.11,24.85,24.85,24.85,24.93,25.20,25.02,24.67,25.02,24.93,24.76,24.57,24.93,24.67,24.67,24.93,24.85,24.76,24.93,24.57,24.67,24.48,24.67,24.76,25.02,25.02,24.67,24.85,24.76,25.37,24.85,24.67,25.11,24.67,24.57,24.67,24.67,24.76,24.67,24.93,24.67,24.39,24.76,24.67,24.67,24.76,24.57,25.02,24.76,25.02,25.11,25.11,24.39,24.93,24.39,24.85,24.57,24.76,24.93,24.48,24.57,24.57,24.39,24.39,24.48,24.20
24.67,24.57,24.11,24.01,24.67,24.85,24.76,24.67,24.85,24.57,25.11,24.29,25.11,24.48,24.67,24.85,25.02,24.67,24.85,24.93,24.57,25.02,24.67,24.93,24.85,24.39,25.11,24.57,25.11,24.57,24.67,25.02,24.76,24.85,24.76,24.57,24.76,25.02,24.57,24.93,24.85,24.48,25.02,24.67,24.93,24.48,25.02,24.85,24.85,25.20,24.76,25.20,24.29,24.93,24.76,25.02,24.93,25.11,24.67,24.57,25.20,25.20,25.11,25.02,24.93,24.85,24.93,24.57,24.67,24.76,24.48,25.02,24.85,24.93,24.67,24.76,24.85,25.02,24.76,25.37,24.39,24.67,24.93,25.02,24.85,25.11,25.11,25.20,24.85,24.67,24.93,24.57,24.57,24.39,25.28,25.11,24.67,25.11,24.67,25.20,25.20,24.76,25.11,24.93,25.20,25.11,25.11,25.20,24.67,24.85,24.85,24.85,25.11,25.11,25.11,25.20,24.85,25.11,25.20,24.93,24.85,25.28,25.11,25.20,24.85,25.37,24.57,24.85,24.76,24.76,25.28,25.37,24.85,24.67,25.11,25.20,25.02,25.28,25.11,25.28,24.85,24.76,25.20,25.28,25.28,25.02,25.20,25.37,25.20,24.93,24.76,25.11,25.02,25.37,24.93,24.57,24.76,24.85,25.02,25.20,24.93,25.37,25.37,24.67,25.02,25.11,25.11,25.28,25.28,24.93,25.02,24.85,25.37,25.37,24.93,25.11,25.63,25.63,25.02,24.85,25.28,25.28,24.93,25.46,25.37,25.28,24.67,25.28,25.11,25.46,25.28,25.28,25.37,25.11,25.02,24.85,25.28,25.20,24.93,25.28,25.20,25.02,25.46,24.93,25.20,25.11,25.55,25.11,25.20,25.11,24.76,25.20,24.76,24.76,24.67,24.93,24.93,24.85,25.20,25.20,24.93,25.02,24.76,25.02,24.93,25.02,24.76,24.76,24.85,25.11,25.11,24.85,24.93,24.93,24.48,24.85,24.57,25.02,25.11,24.85,25.02,24.67,24.93,24.76,25.28,25.02,24.93,25.02,25.02,24.67,24.76,24.39,25.02,25.02,25.02,25.02,24.20,24.93,24.93,25.20,24.76,24.85,24.76,25.11,25.20,25.11,24.93,25.02,25.11,25.02,24.85,24.57,25.02,25.11,25.02,24.93,24.93,25.02,24.76,25.02,24.93,24.93,24.93,25.11,25.20,25.11,24.57,25.20,24.67,24.85,25.02,25.37,24.93,24.93,25.37,25.02,24.93,24.85,24.57,25.02,25.28,24.85,24.85,24.67,25.02,25.11,24.29,24.67,24.48,24.76,24.57,24.57,24.48,24.57,25.02,24.85,25.20,24.76,24.76,24.85,24.93,24.76,24.67,24.76,25.20,24.76,25.11,24.76,24.93,24.76,25.20,24.85,24.85,24.85,24.67,24.85,24.93,24.76,24.93,25.02,24.85,24.76,24.85,24.93,25.11,24.85,24.76,24.57,24.85,24.67,24.93,24.67,24.76,24.76,24.76,24.76,24.48,24.93,24.67,24.85,24.93,24.85,25.02,24.67,24.85,25.02,25.02,24.85,24.76,25.11,24.85,24.93,25.02,24.76,25.11,24.67,24.76,24.57,24.48,24.93,24.39,24.48
24.20,24.29,24.57,24.57,24.20,24.76,24.20,24.67,24.39,24.67,24.48,24.57,24.67,24.48,24.76,24.67,25.11,24.67,25.02,25.02,24.57,24.57,24.67,24.93,25.20,25.02,24.85,24.57,24.48,24.85,24.93,24.85,25.28,24.76,24.48,24.85,24.85,25.02,24.67,24.93,24.93,24.57,24.85,24.57,24.76,24.85,24.48,24.85,25.20,24.67,24.67,25.02,25.28,25.02,25.20,24.93,25.11,24.76,24.93,24.76,24.48,24.93,25.28,24.76,24.85,25.02,25.20,25.20,24.93,24.93,25.02,24.85,24.93,24.93,24.85,24.93,24.76,24.76,24.76,24.39,24.76,24.48,24.76,24.93,24.76,24.76,24.67,24.57,24.93,25.20,24.93,24.93,24.67,24.76,24.76,24.85,24.93,24.93,24.93,24.85,25.37,24.57,25.28,25.02,24.93,25.02,24.93,24.85,25.37,25.11,25.20,24.85,24.76,25.20,24.93,25.20,25.02,25.11,25.02,24.93,25.46,25.02,25.02,25.02,24.76,24.93,25.11,24.85,24.93,24.76,25.37,25.02,24.93,25.20,24.67,24.85,25.11,25.11,24.93,25.11,25.11,24.76,25.28,25.20,25.02,25.20,25.20,25.37,24.93,24.85,24.93,25.37,25.11,25.11,25.02,24.67,25.11,24.76,25.37,25.20,24.93,25.20,24.76,25.20,25.11,25.20,24.76,24.48,24.85,24.76,25.02,25.28,24.93,25.28,25.63,25.55,25.11,25.20,25.02,25.28,25.11,25.46,25.20,24.85,25.37,25.02,24.85,25.20,25.46,25.11,24.93,25.28,25.11,25.37,25.20,25.11,25.02,25.20,25.28,25.11,25.28,24.67,24.67,25.02,25.02,25.11,25.37,25.46,25.02,25.11,24.67,25.11,25.02,25.46,24.93,25.02,25.02,25.28,25.11,25.02,25.20,24.67,24.67,25.02,25.20,25.02,24.93,24.67,24.85,24.57,24.85,24.85,24.85,25.46,25.28,25.20,25.02,24.93,25.20,25.02,24.48,25.02,24.85,24.93,24.76,24.93,24.85,24.93,24.67,24.67,25.02,25.11,24.76,25.02,24.93,25.11,24.76,25.02,25.11,25.11,24.76,25.28,24.85,24.93,25.20,25.28,24.57,25.20,25.02,24.76,24.93,25.02,24.93,25.02,24.85,24.93,25.02,25.11,24.85,24.76,24.93,25.02,24.85,24.85,24.57,25.11,24.67,25.11,25.20,24.85,25.02,24.85,24.76,25.02,24.85,24.67,25.02,24.76,25.02,24.76,24.85,25.20,24.93,25.11,24.85,25.11,24.93,25.20,24.85,24.67,25.02,25.11,24.76,24.29,24.93,24.76,25.11,24.85,25.02,24.93,24.39,24.76,24.85,24.57,24.57,24.85,24.93,24.93,25.11,24.57,24.93,24.93,24.76,24.85,25.02,25.02,24.76,25.11,25.20,25.28,24.85,24.48,24.76,24.76,24.93,24.85,24.67,24.76,25.02,25.02,24.76,24.76,24.76,24.93,24.76,24.85,24.76,24.76,24.57,25.02,24.57,24.57,25.02,24.29,24.76,25.02,25.20,24.76,24.76,24.76,24.85,24.48,24.57,24.93,24.67,25.02,24.93,24.67,24.85,24.39,24.57,24.57
25.02,24.67,24.76,24.39,24.67,24.20,24.67,24.76,24.76,24.76,24.48,24.67,24.93,25.11,24.67,25.02,25.11,24.57,24.76,24.85,24.48,24.48,24.57,24.29,24.85,25.02,24.39,24.85,24.57,24.76,24.67,24.57,24.48,24.67,25.11,24.67,24.57,24.67,24.76,24.67,24.93,24.85,24.67,24.57,24.67,24.67,25.02,24.76,24.76,24.76,25.02,25.02,24.93,24.57,24.48,24.93,24.48,24.67,24.85,24.85,24.85,24.76,24.93,24.93,24.85,25.02,24.93,24.93,24.57,24.67,25.11,25.11,25.02,24.67,24.85,25.02,24.93,24.67,25.11,24.85,25.11,25.11,25.28,24.85,24.85,24.93,25.11,25.28,25.02,25.02,24.67,24.93,25.11,25.02,25.20,25.11,25.02,25.02,24.85,24.67,24.93,25.02,24.85,24.93,24.76,24.93,24.57,25.11,25.02,24.39,24.76,24.85,24.67,25.11,25.02,24.85,25.02,24.76,25.02,25.11,24.48,24.85,24.76,25.11,24.85,25.11,24.93,24.85,25.11,25.11,24.76,24.93,25.37,24.67,25.11,24.76,25.02,24.93,24.93,25.20,24.76,24.85,25.28,24.76,24.93,25.02,24.93,25.20,25.37,24.93,24.93,25.28,25.11,25.20,24.93,25.46,25.11,25.02,25.20,25.11,25.02,25.11,25.28,24.76,25.20,24.67,25.20,25.28,25.28,25.11,24.85,25.11,25.11,25.28,25.20,25.72,25.20,25.28,25.11,25.20,25.46,25.28,25.20,25.11,25.20,25.11,25.37,25.37,25.37,25.11,25.63,25.28,24.76,25.46,24.85,25.37,25.11,25.46,24.85,24.93,25.28,25.28,24.93,25.46,25.02,24.85,25.55,24.85,24.93,25.11,25.02,25.28,25.11,24.93,24.93,25.02,24.57,25.20,25.02,24.85,25.02,25.11,25.37,24.93,24.76,24.85,24.76,24.93,24.76,24.57,24.76,24.76,24.93,25.11,25.20,24.85,25.11,25.02,25.20,25.28,24.48,24.76,24.93,25.02,25.11,24.93,24.85,25.02,24.76,24.93,24.76,25.11,24.85,25.02,24.93,24.76,24.93,24.93,24.93,24.67,25.02,24.76,24.85,24.85,25.02,24.85,24.85,24.76,25.11,24.93,25.02,24.93,24.67,25.11,24.39,24.93,25.11,24.93,25.02,25.11,24.76,24.85,25.02,25.11,24.67,25.11,24.76,25.02,25.20,24.76,25.02,25.11,24.85,24.85,25.20,24.48,25.02,25.11,24.85,24.85,24.85,24.20,24.76,25.02,25.02,24.76,24.85,24.85,25.20,24.48,25.28,24.48,24.67,24.76,24.48,24.76,24.85,24.57,25.02,24.39,24.85,24.57,24.85,24.48,24.76,24.85,24.57,24.93,25.11,24.76,24.67,24.29,24.57,25.02,24.85,25.28,25.02,24.93,25.20,24.85,24.76,24.67,24.85,24.85,24.67,25.20,24.93,24.93,24.85,25.02,24.85,24.76,24.67,24.76,25.02,24.57,24.85,24.85,24.57,25.20,24.67,24.76,24.67,24.57,24.67,24.93,24.48,24.39,24.85,25.02,24.48,24.67,25.02,24.57,24.39,24.93,24.85,25.20,24.85,24.57,24.76,24.29
24.76,24.76,24.85,24.76,24.29,24.85,24.93,24.76,24.67,24.93,24.76,24.39,24.67,24.57,24.76,24.76,25.02,25.02,24.85,24.48,24.67,24.93,24.93,24.76,24.85,24.93,24.85,24.67,25.02,24.76,24.48,24.76,24.76,24.57,24.93,24.93,24.48,24.93,24.76,24.76,24.39,24.93,25.02,24.57,24.39,24.67,24.76,24.93,24.76,24.57,24.57,24.93,24.85,24.76,24.48,25.02,24.76,24.67,24.93,25.37,24.93,24.93,24.67,25.02,24.93,24.76,24.67,24.48,24.85,25.02,24.67,24.85,24.48,24.67,24.85,24.67,24.93,24.48,24.85,24.85,24.67,24.85,24.76,25.02,24.93,24.57,24.76,24.85,25.11,24.93,24.93,24.93,24.85,24.67,25.20,24.85,24.76,24.76,24.85,24.85,24.76,24.85,24.67,24.93,24.85,24.57,24.85,24.67,24.85,25.37,24.57,24.85,24.48,24.93,25.20,24.93,24.85,25.20,24.57,24.93,25.28,24.93,25.02,25.37,25.28,25.11,25.28,24.85,24.67,25.11,25.11,24.76,24.85,24.93,24.76,24.57,24.76,24.93,24.57,24.85,24.85,25.02,24.67,25.02,25.28,24.39,25.02,24.85,24.85,25.02,24.85,24.93,24.85,24.57,24.85,25.37,25.20,25.02,24.93,25.11,24.93,25.46,25.11,24.93,25.20,24.93,25.20,24.85,24.67,25.46,25.20,25.37,24.93,25.28,25.20,25.37,25.72,25.28,25.37,25.28,25.63,25.20,25.02,25.11,25.20,25.20,25.37,24.93,25.20,25.20,25.55,25.20,25.28,25.02,25.02,24.93,25.02,25.11,24.48,25.20,24.93,25.28,25.28,25.20,24.93,25.20,24.67,24.85,25.28,25.28,24.85,24.93,24.93,25.28,24.67,24.76,25.02,24.93,24.39,24.93,24.85,24.93,25.11,25.02,25.20,24.93,25.46,25.02,24.57,24.85,24.76,24.93,24.57,24.67,24.93,24.85,25.28,24.48,24.85,24.85,25.11,24.85,24.93,25.28,25.46,24.93,24.76,24.85,25.02,24.67,25.28,25.02,24.57,25.11,24.67,24.85,24.85,24.93,24.85,24.85,24.85,25.11,24.85,24.76,25.11,24.85,24.57,24.57,24.93,24.93,25.02,24.85,24.93,24.85,25.02,25.02,24.76,24.76,25.20,24.67,24.93,24.76,25.02,24.85,24.67,25.20,24.76,25.11,24.39,24.85,24.93,24.93,25.02,24.93,24.67,24.93,25.02,24.85,24.85,24.48,24.85,24.48,24.48,25.11,24.85,24.67,24.85,24.67,25.11,24.67,24.67,24.85,24.57,25.20,24.57,24.76,24.39,24.57,25.11,25.37,24.93,25.20,24.85,24.57,24.85,25.02,24.76,25.02,24.93,24.48,24.85,25.02,24.85,24.93,24.85,24.76,24.85,25.02,24.57,24.85,24.67,24.67,24.85,24.85,25.11,24.57,24.67,24.93,24.93,24.67,24.67,24.85,24.76,25.02,24.57,24.76,24.67,25.02,25.11,24.76,24.57,24.57,24.57,24.57,24.76,24.85,25.28,24.93,24.76,24.39,24.93,24.76,24.39,24.48,24.93,24.76,24.76,24.57,24.39,24.57,24.48,25.02
24.76,24.85,24.48,24.67,24.48,24.29,24.48,24.48,25.20,24.76,24.67,24.76,24.57,24.39,24.85,24.76,24.67,24.76,24.85,24.57,24.93,24.76,24.93,24.85,24.85,24.67,24.93,24.76,24.67,24.93,25.11,25.02,25.11,25.11,24.67,24.57,24.76,24.76,24.93,25.11,24.57,24.29,24.76,24.76,24.85,24.93,24.67,24.93,24.57,25.11,24.57,25.11,24.57,25.11,25.11,25.20,25.11,24.57,24.76,24.67,24.76,25.02,24.48,24.85,24.48,24.76,25.28,24.67,24.93,24.76,24.29,24.85,24.93,24.93,24.85,25.02,25.11,24.76,24.76,25.11,24.85,25.02,24.48,24.93,25.11,24.85,24.85,24.93,24.93,24.57,24.76,25.02,25.02,25.11,24.85,24.57,24.85,25.11,24.48,24.85,25.37,24.57,25.11,25.02,24.85,24.93,24.76,24.85,24.93,24.85,24.76,24.67,24.76,24.85,24.85,24.85,25.11,25.20,24.93,25.28,24.76,24.93,25.11,24.76,24.85,25.02,25.20,25.20,24.67,24.93,25.02,25.20,24.85,25.11,24.85,24.85,24.93,25.20,25.37,24.76,25.20,25.20,25.28,25.20,25.20,24.85,25.11,25.20,25.37,24.93,25.02,25.28,25.37,24.93,24.85,24.67,24.57,25.37,24.85,25.20,25.11,25.20,25.02,25.02,24.67,25.11,24.93,24.76,24.76,24.93,25.20,24.85,25.02,25.11,25.37,24.67,25.63,25.02,25.55,25.20,24.93,25.02,24.67,25.11,25.28,25.11,25.46,25.46,25.72,25.28,25.28,24.85,25.28,25.20,25.02,24.67,25.28,25.46,25.20,25.37,25.02,25.11,25.37,25.11,25.11,25.02,24.85,24.93,25.02,25.11,25.28,25.20,25.20,25.28,24.93,25.02,25.37,25.28,24.48,24.76,24.93,24.85,24.76,25.20,25.20,24.85,24.67,24.85,24.76,25.46,24.57,24.93,25.28,24.85,24.85,24.85,24.93,24.76,25.02,24.67,24.67,25.02,25.20,25.02,24.85,24.76,24.93,24.85,24.93,24.85,24.85,24.76,25.02,25.11,24.76,24.67,24.48,25.46,25.02,24.76,24.85,24.85,25.02,24.67,25.20,24.67,25.02,24.57,24.93,24.85,24.76,25.02,24.76,25.20,25.02,25.20,25.11,24.76,25.02,25.28,24.67,24.93,24.76,24.76,24.67,25.11,25.11,25.11,25.02,24.76,24.85,24.85,25.02,25.11,24.67,24.76,24.76,24.93,24.67,24.85,24.85,25.20,24.67,24.57,25.20,24.85,25.20,24.93,25.11,24.93,24.93,25.02,25.28,24.76,24.67,24.93,24.76,24.39,24.76,24.67,24.93,24.76,24.76,24.76,24.93,24.67,25.20,24.93,24.76,25.02,24.76,24.76,24.93,24.93,24.93,25.02,24.76,24.67,24.85,25.02,24.93,24.85,25.02,24.76,24.67,24.76,25.11,24.85,24.93,24.76,25.02,24.67,24.67,25.02,24.85,24.67,25.28,24.85,24.76,24.20,24.76,24.48,24.57,24.57,24.67,24.76,24.93,24.93,24.85,24.67,24.76,25.02,24.29,24.76,25.02,24.85,24.85,24.67,24.39,24.57,24.39,24.57
24.48,25.02,24.39,24.76,24.48,24.93,24.48,24.57,24.93,25.02,25.02,24.29,24.48,24.48,25.11,24.85,24.57,24.76,24.57,24.76,24.67,24.39,24.57,25.28,24.29,24.93,24.85,24.85,25.02,25.11,24.85,24.85,24.76,24.76,24.76,25.02,25.11,24.76,24.39,24.67,24.67,24.85,24.57,25.20,24.76,24.93,24.85,24.67,24.67,24.85,25.20,25.11,24.67,24.93,24.76,24.93,25.11,24.76,25.20,25.02,25.02,24.67,24.67,25.02,24.93,24.76,25.11,25.11,24.85,24.76,24.85,24.67,25.20,24.93,24.48,24.48,24.57,24.76,24.93,24.85,24.93,24.67,24.85,24.76,25.02,25.11,24.85,24.67,24.76,24.93,24.48,24.57,24.93,24.76,24.76,24.76,24.93,24.93,24.76,24.93,24.76,24.85,24.85,24.67,25.28,24.76,24.67,25.20,24.76,24.85,24.76,24.85,25.20,24.85,25.28,24.76,25.46,25.02,24.93,25.20,24.85,25.20,24.76,24.39,25.02,25.11,25.02,25.11,25.55,25.37,25.11,24.93,24.57,24.67,24.67,25.46,25.28,24.93,24.76,24.93,25.02,25.11,24.85,24.85,24.93,25.20,24.76,24.93,25.02,24.57,25.55,25.37,25.20,24.85,25.11,24.85,24.93,24.93,25.20,25.11,24.76,24.67,24.85,25.11,25.20,24.76,24.93,25.20,25.11,25.28,24.93,25.11,25.20,25.63,24.76,25.20,25.28,24.93,25.81,25.37,25.37,25.20,25.28,25.46,24.93,25.20,25.28,25.20,25.20,25.46,25.28,25.28,25.28,25.55,25.20,25.11,25.37,25.28,25.20,24.93,24.85,24.76,24.85,25.11,25.02,25.46,24.76,25.02,25.02,24.93,25.02,25.46,25.28,24.76,24.85,25.28,25.02,25.28,25.02,24.93,25.11,24.39,25.28,24.48,24.76,25.02,24.93,24.85,25.11,24.76,24.67,24.76,24.67,25.02,24.67,25.02,24.93,25.02,24.85,24.85,24.93,25.02,24.93,25.02,24.93,24.76,25.02,25.02,25.02,24.76,24.93,24.93,24.85,24.57,24.57,24.93,25.11,24.93,24.76,24.57,25.02,25.11,25.02,24.85,25.02,24.67,25.02,24.85,24.85,24.93,25.28,25.37,24.93,24.85,24.57,25.20,25.28,24.76,25.02,24.85,24.85,24.85,24.76,24.76,24.76,24.76,24.57,24.93,24.57,24.76,24.93,24.85,25.20,24.85,25.02,25.02,25.02,24.48,24.85,24.39,25.11,24.67,24.93,24.93,24.67,24.85,25.20,25.20,24.76,24.67,25.02,25.20,24.85,24.85,25.20,24.48,24.93,25.11,25.02,25.20,25.11,24.67,25.20,24.48,25.02,25.11,25.02,24.48,24.57,24.76,24.76,24.85,25.20,24.76,24.76,25.02,25.11,24.76,24.85,24.85,24.57,24.67,24.57,24.85,25.11,24.76,25.20,24.67,24.85,24.57,24.57,24.67,24.48,24.67,24.48,24.93,24.48,24.76,24.93,24.85,24.85,24.39,24.57,24.76,24.85,24.93,24.29,24.57,24.76,24.93,25.02,25.02,25.20,24.57,24.76,24.85,24.48,24.67,24.93,24.76,24.67,24.67
24.57,24.20,24.57,24.76,24.57,24.57,24.39,24.76,24.39,24.85,24.85,24.57,24.76,24.57,24.76,24.93,24.57,25.02,24.67,24.67,24.76,24.85,24.48,25.02,24.39,24.93,24.85,24.85,24.76,24.85,24.76,24.48,25.02,24.93,24.67,24.67,24.85,24.76,24.93,25.02,25.28,25.02,25.28,24.67,24.76,24.67,24.57,24.85,24.57,24.76,24.85,24.76,25.11,24.48,25.02,24.85,24.67,24.93,24.48,24.85,24.39,25.02,24.93,24.76,24.93,24.85,24.93,24.67,24.57,24.85,24.76,25.02,24.85,25.02,24.67,24.93,24.57,24.76,24.57,24.85,25.37,24.76,24.76,24.76,24.85,24.85,24.76,25.02,24.76,24.76,24.76,24.48,25.11,24.67,24.67,24.93,24.76,24.93,25.02,24.57,24.76,25.02,24.57,24.48,24.57,24.76,24.93,25.28,24.48,25.02,25.02,24.85,24.85,25.20,24.93,24.93,24.76,24.93,25.11,24.76,24.93,24.67,24.67,25.46,25.11,25.11,25.02,24.85,25.11,24.93,25.02,24.20,24.85,25.02,24.93,25.02,25.02,24.93,25.20,24.85,25.37,24.76,24.93,25.11,24.85,25.11,24.93,25.20,24.93,25.20,24.85,24.93,25.11,25.11,24.76,24.57,24.85,24.76,25.28,25.02,25.20,25.11,25.11,24.76,24.85,24.85,24.76,25.11,24.93,24.85,24.67,25.46,25.20,24.93,25.11,25.20,24.85,25.11,25.28,25.20,25.55,25.20,24.67,25.28,25.28,25.20,25.11,25.28,25.46,25.37,25.28,25.20,25.28,24.93,24.67,25.28,25.11,25.37,25.11,24.67,25.20,25.20,25.28,25.28,25.37,25.20,25.37,24.85,25.11,25.37,25.11,24.85,25.20,24.85,24.85,24.76,25.11,25.02,24.93,24.57,24.93,24.93,25.02,25.02,25.20,24.57,24.67,25.02,24.93,25.11,24.93,24.85,24.93,24.85,24.76,24.57,25.46,24.48,24.76,24.85,24.85,25.11,24.93,25.02,24.67,24.76,25.02,24.76,24.93,24.57,24.85,24.93,25.11,24.57,24.85,24.76,24.93,25.02,25.20,24.67,25.02,24.67,24.76,24.85,25.02,25.20,24.93,24.67,25.28,24.85,24.67,24.93,25.28,24.85,24.76,24.76,25.02,24.93,25.02,24.85,24.93,24.76,25.02,24.85,24.67,24.39,24.57,24.85,25.11,25.02,25.20,24.85,24.93,25.11,24.76,24.85,24.76,24.57,24.48,24.76,24.93,24.76,24.85,24.85,24.93,24.85,24.67,25.02,24.93,24.85,24.48,25.02,24.76,25.02,24.76,24.57,24.93,24.76,25.02,24.57,24.85,24.67,24.93,24.67,25.02,25.02,25.20,24.67,24.39,25.02,24.57,25.02,24.67,24.76,25.02,24.57,24.67,24.76,24.85,24.76,24.67,24.67,24.85,24.76,24.93,25.11,24.67,24.85,24.67,24.76,24.76,24.76,24.76,24.67,24.67,24.85,24.67,24.57,24.57,24.48,25.02,24.76,24.57,24.93,24.85,24.76,24.67,24.67,24.85,24.67,25.28,24.85,24.85,24.85,24.76,24.76,25.02,24.57,24.85,24.20,25.02,24.20
24.39,24.67,24.48,24.39,24.85,24.93,24.85,24.48,24.48,24.57,24.67,25.02,24.76,24.48,24.93,24.67,24.85,24.67,24.67,24.76,24.48,24.48,24.57,24.85,24.48,24.76,24.85,24.85,24.76,24.67,24.39,24.76,24.67,24.67,24.76,24.67,24.67,24.29,24.48,25.02,25.02,24.57,24.85,24.57,24.85,24.57,25.20,24.76,24.39,25.02,24.67,24.93,25.28,24.76,24.93,24.93,25.02,24.93,24.93,24.57,24.93,24.85,24.85,24.57,25.20,24.67,24.85,24.85,24.67,25.20,24.93,25.02,24.93,25.02,24.39,24.93,24.85,24.76,24.93,24.57,24.93,24.57,24.67,24.57,25.11,24.76,25.11,24.67,25.02,24.57,24.76,24.85,25.02,24.85,24.67,24.85,24.85,24.93,24.76,24.76,24.85,24.57,24.85,24.57,25.02,24.85,25.02,25.28,24.93,24.76,24.85,24.85,25.02,25.28,25.11,25.02,24.93,25.11,24.67,25.02,24.93,24.85,25.11,25.02,24.85,25.02,24.67,24.85,24.93,25.11,24.85,25.28,24.93,24.76,25.02,25.11,25.11,25.02,24.76,25.02,24.93,25.20,25.37,25.20,25.11,25.20,25.11,25.20,25.46,25.20,25.02,25.11,25.02,25.11,25.20,25.02,25.11,25.20,25.02,24.76,25.20,25.37,25.02,24.93,25.20,24.76,24.85,24.85,25.11,25.20,25.20,24.85,25.28,25.02,25.28,25.28,25.28,25.37,24.76,25.37,25.37,25.11,25.28,25.20,25.28,25.46,25.55,25.28,25.46,25.02,25.37,25.28,25.37,25.63,25.20,25.02,25.28,25.02,25.20,24.93,25.28,25.02,25.11,24.85,24.93,25.20,25.20,25.20,25.28,24.85,24.76,25.02,25.11,25.02,25.28,25.02,25.11,25.02,24.48,25.11,25.11,25.02,24.93,25.28,24.67,25.02,24.57,24.93,24.85,24.93,24.76,25.02,24.85,25.20,24.85,25.02,24.76,25.11,24.76,24.85,24.93,24.67,24.76,24.57,25.11,24.93,25.11,24.93,24.93,25.11,25.20,24.76,24.76,24.76,25.20,24.67,24.76,25.11,24.85,24.57,24.67,24.93,25.28,25.20,25.02,25.11,25.20,24.67,24.76,25.11,25.02,25.11,24.76,24.57,24.85,25.02,25.11,25.02,24.93,25.02,24.57,25.11,24.57,24.67,25.02,24.39,24.76,24.85,24.48,25.02,25.28,25.11,24.93,24.57,25.20,24.93,24.48,24.93,25.11,24.85,24.93,25.02,25.20,25.02,24.93,24.85,25.11,25.02,25.20,25.02,24.67,24.57,24.93,25.20,25.11,24.67,24.85,25.28,24.67,24.76,24.76,24.67,24.57,25.28,24.85,24.76,24.93,24.85,24.85,24.76,24.67,24.85,24.57,24.85,24.85,24.85,24.93,24.93,24.93,25.28,24.93,25.02,24.57,25.02,24.67,24.85,24.48,24.76,24.85,24.76,24.48,24.67,24.93,24.76,25.02,24.85,24.57,24.76,24.67,24.20,24.57,24.85,24.39,25.02,24.67,24.39,24.67,24.67,24.93,24.67,24.85,24.85,24.93,24.93,24.76,24.20,24.48,24.57,24.76,24.48,24.39,24.57
24.67,24.67,24.76,24.57,24.85,24.29,24.57,24.76,24.57,25.11,24.48,24.48,25.11,24.57,24.76,25.20,25.02,24.48,24.67,24.93,24.76,25.11,24.67,25.02,24.48,24.93,24.48,24.48,24.76,24.93,24.76,24.76,24.76,24.39,24.76,24.93,25.11,25.02,24.67,24.85,25.02,24.67,24.93,24.85,24.76,25.20,24.85,24.57,25.11,24.76,24.85,24.93,24.76,24.67,25.02,24.57,24.48,25.02,24.67,24.93,24.76,24.85,24.85,24.76,24.76,24.85,24.85,24.76,24.57,25.11,25.02,24.76,24.57,24.76,24.93,25.11,25.02,24.39,24.93,24.85,24.93,24.67,24.76,25.11,24.93,24.67,24.57,24.67,25.11,24.93,25.20,25.20,24.85,25.02,24.93,24.67,24.76,25.02,25.02,24.85,24.93,24.93,24.85,24.57,24.48,25.20,24.85,24.67,25.11,24.67,25.02,25.02,25.37,24.93,25.37,25.28,24.67,24.93,25.20,25.02,24.85,25.11,25.11,24.93,25.20,24.76,24.93,25.02,24.76,24.76,25.11,25.46,24.20,25.11,25.28,25.11,25.02,25.11,25.02,24.85,24.67,24.93,24.85,25.20,24.93,25.02,25.28,24.48,25.20,24.93,25.20,25.11,24.93,25.20,24.76,25.02,25.28,25.02,24.93,25.11,25.11,25.28,24.93,24.93,25.02,25.20,24.93,25.20,25.28,25.37,25.20,25.55,25.37,24.93,25.37,25.11,25.28,25.55,24.76,24.93,25.28,25.37,24.93,25.11,25.20,25.55,25.37,25.02,25.46,25.37,25.46,25.11,25.11,25.37,25.20,25.28,25.02,25.46,25.37,25.28,25.02,24.93,24.93,24.67,25.20,25.20,24.93,25.37,25.37,24.93,25.02,24.85,25.02,25.28,25.20,25.28,24.85,24.67,24.85,24.67,24.67,24.93,25.37,24.93,24.85,25.20,25.11,24.93,25.02,24.57,25.11,25.20,25.02,24.93,24.67,24.76,24.67,25.28,25.11,24.85,24.85,25.02,24.67,24.67,24.48,24.93,24.85,25.11,24.85,24.57,24.76,24.93,24.76,24.85,24.93,24.76,24.93,24.85,24.67,24.67,25.11,24.67,25.11,25.20,24.76,25.02,25.11,24.67,24.76,24.76,25.11,25.02,24.76,24.76,24.93,24.93,24.85,24.76,24.85,24.67,24.57,24.93,25.11,25.20,25.11,24.85,25.02,24.93,25.02,24.76,25.11,24.85,24.93,24.48,24.93,24.93,25.02,24.67,24.57,25.02,25.20,24.93,24.76,24.85,24.85,25.02,24.93,25.11,24.67,24.57,24.76,24.48,24.67,25.02,24.48,24.93,24.67,25.02,24.85,24.48,24.57,25.20,25.11,24.76,25.20,24.48,25.11,24.67,24.67,24.93,25.11,24.67,24.85,24.76,25.11,25.11,24.57,24.76,24.76,24.85,25.20,24.48,24.67,24.57,24.67,25.11,24.76,24.76,24.76,25.02,24.48,24.57,25.11,24.76,24.85,24.57,24.93,24.93,24.85,24.39,24.76,24.57,24.57,24.85,24.93,24.39,24.67,24.67,24.67,24.76,24.93,24.76,24.85,24.85,24.93,24.57,24.20,24.93,25.02,24.57,24.57,24.93
24.39,24.57,24.67,24.57,24.67,24.76,24.48,25.02,24.48,24.48,24.57,24.76,24.67,25.02,24.48,25.11,24.76,24.67,24.67,24.76,24.48,24.67,24.76,24.39,24.39,24.93,24.39,25.02,24.93,24.93,24.48,24.48,24.85,25.02,24.48,24.39,24.67,24.76,24.93,24.76,24.76,24.93,24.57,24.39,24.85,24.57,24.85,24.57,24.76,24.67,24.57,24.57,24.76,24.93,25.20,24.76,25.02,24.85,24.85,24.48,24.57,24.76,24.93,24.39,25.02,24.93,24.76,24.93,24.67,24.85,25.11,24.93,24.93,25.20,24.76,24.85,24.57,24.93,24.85,24.85,24.48,24.93,24.93,24.76,24.76,24.93,24.48,24.85,24.93,24.93,24.85,24.67,24.85,24.67,24.93,24.85,24.67,24.85,25.02,24.67,25.11,24.93,24.93,24.93,25.28,25.11,25.02,24.85,24.76,25.20,24.85,24.67,25.20,25.11,25.28,25.02,25.11,25.11,25.28,25.11,25.28,24.76,25.20,24.93,25.11,24.85,25.02,24.85,24.93,25.11,24.93,25.20,25.11,25.37,24.93,25.02,24.93,25.02,25.11,25.02,25.11,25.02,25.11,24.85,24.57,25.02,24.93,25.11,24.85,25.02,25.02,25.11,25.11,24.93,25.11,24.67,24.67,24.85,25.02,24.76,24.76,25.28,25.28,25.11,25.11,25.02,24.76,25.11,25.11,25.02,25.37,25.37,25.11,25.28,25.02,25.46,25.11,25.37,25.11,25.55,25.11,25.37,24.85,25.20,24.85,25.20,25.37,25.46,24.93,25.20,25.37,25.02,25.20,24.76,25.11,24.76,25.11,25.20,25.11,24.76,25.46,25.37,24.57,25.11,24.93,24.85,24.67,24.85,24.85,25.02,24.76,25.28,25.28,24.85,24.93,24.85,24.93,25.20,24.93,25.11,24.67,24.67,24.67,25.28,25.02,25.20,24.57,25.02,24.76,24.76,25.02,24.85,24.85,24.67,24.67,24.67,24.93,24.76,24.85,25.02,24.67,24.48,25.20,24.85,25.28,24.57,24.93,25.20,24.76,24.85,25.02,24.93,25.02,24.76,25.11,25.20,24.85,25.02,25.20,24.76,24.85,24.76,25.28,24.67,24.93,24.85,25.11,24.93,25.20,24.93,24.85,25.20,24.67,24.67,24.67,24.85,24.85,24.93,25.11,24.67,24.76,25.11,24.76,25.02,25.02,24.48,24.93,25.11,25.02,24.67,24.93,24.85,24.76,24.93,24.85,25.11,24.93,25.02,24.85,24.67,24.85,24.67,24.57,25.02,24.93,24.93,24.93,24.57,25.02,25.28,24.76,25.11,24.57,24.57,24.93,24.76,24.57,25.11,24.76,24.85,24.85,24.67,24.57,24.76,24.93,24.85,24.67,24.85,24.48,25.11,24.48,25.20,24.67,25.20,24.67,24.85,24.85,24.48,24.39,25.11,24.85,24.76,24.67,25.11,25.02,24.48,24.76,24.85,24.93,25.11,24.76,24.57,24.76,24.67,24.76,24.57,24.67,24.93,24.76,24.39,24.93,24.85,24.57,24.67,24.85,24.76,24.93,24.57,24.85,24.76,24.57,24.76,24.85,24.93,24.48,24.67,24.48,24.93,24.48,24.48,24.57,24.57
24.39,24.48,24.20,24.85,24.48,24.29,24.67,24.57,24.39,24.67,24.57,24.67,24.93,24.85,24.76,25.02,25.11,24.67,25.11,24.67,24.76,24.48,24.76,24.39,25.11,24.76,24.67,24.85,24.20,25.20,25.11,24.76,24.85,24.85,24.76,24.93,25.02,24.76,24.85,24.93,24.67,24.76,24.76,24.67,24.48,24.67,24.76,25.02,24.57,24.76,24.85,24.85,24.76,25.02,24.93,25.02,24.76,24.57,24.76,24.93,25.02,24.67,24.93,25.20,25.02,24.85,24.57,24.93,24.76,25.02,24.67,24.48,24.85,24.93,24.76,24.76,24.76,24.67,24.76,25.02,25.28,24.93,24.67,24.93,24.85,24.57,24.67,24.67,25.20,24.93,24.76,24.85,24.67,24.85,25.11,25.02,24.67,24.93,24.76,24.93,25.11,24.76,25.11,25.20,24.85,24.85,24.57,24.67,25.11,24.67,25.20,25.02,24.93,25.46,24.85,24.85,24.93,24.85,24.67,25.02,25.28,25.02,25.20,25.11,25.02,24.93,24.67,25.02,24.93,24.85,24.57,25.11,25.28,24.93,25.11,24.67,24.85,24.67,24.76,24.85,25.20,25.20,24.76,24.76,25.20,25.11,25.11,24.93,24.67,25.11,25.20,24.76,25.20,24.85,25.11,25.02,25.02,25.02,24.67,25.20,24.76,25.20,25.11,24.76,25.02,24.67,24.76,25.55,25.02,25.20,25.11,25.11,25.11,25.28,25.28,25.20,25.11,25.55,24.93,25.28,25.37,25.28,25.55,25.46,25.28,25.20,25.28,25.37,25.46,25.11,25.37,25.55,25.11,25.37,24.76,25.28,25.20,24.85,25.02,25.55,24.85,25.02,24.93,25.11,25.20,25.02,25.28,25.28,25.20,25.20,25.02,25.02,24.85,24.93,24.93,24.67,24.93,24.85,24.67,25.11,24.85,25.28,25.28,24.85,25.02,25.20,24.93,25.37,25.11,25.20,25.11,24.93,24.67,24.57,24.67,25.02,24.76,24.57,25.20,24.85,25.02,24.67,24.93,24.76,24.76,24.93,24.76,24.76,24.57,25.11,24.93,24.67,24.67,24.76,24.85,24.85,24.85,24.39,24.85,25.11,24.76,24.85,24.76,24.85,24.85,24.76,24.85,24.93,24.85,24.76,25.02,25.11,25.11,25.37,25.11,24.85,25.11,24.85,24.48,24.93,25.02,24.93,24.57,24.85,24.76,24.85,24.76,25.02,24.85,25.11,24.85,24.93,25.02,25.11,24.85,25.11,24.67,25.02,24.93,24.93,24.85,24.85,24.93,24.67,24.67,25.11,25.20,25.11,24.48,24.67,24.76,24.93,25.02,25.20,24.57,24.85,24.67,25.02,24.57,24.85,24.67,24.67,25.02,24.85,24.93,25.02,24.67,24.39,24.57,24.76,24.76,24.93,24.85,24.85,24.57,24.76,25.11,25.20,24.93,24.85,24.76,24.67,25.02,24.67,24.48,24.76,24.57,25.02,24.48,25.02,24.85,24.93,24.67,24.93,24.57,24.85,24.48,24.67,24.76,25.02,24.85,24.57,24.85,25.11,24.29,24.85,24.57,24.76,24.85,24.57,24.67,24.93,24.67,24.48,24.76,24.48,24.57,24.39,24.93,24.57,24.48,24.67
24.76,25.02,25.02,24.67,24.67,24.67,24.93,24.76,24.76,24.57,24.76,24.48,24.76,24.76,24.48,24.76,24.57,24.48,24.85,24.29,24.48,24.93,25.02,24.93,24.57,25.37,24.39,24.39,24.67,24.85,25.11,24.76,24.93,24.76,24.67,24.57,24.76,24.57,24.57,24.67,24.85,24.57,24.93,24.93,25.02,25.02,24.76,24.93,24.76,25.11,24.76,25.11,25.11,25.11,24.85,24.85,24.85,25.28,24.76,24.76,25.02,24.76,24.76,24.76,24.85,24.76,24.57,24.85,24.93,24.85,24.57,24.76,24.76,24.67,24.93,25.02,24.67,24.57,25.28,25.02,24.85,24.85,25.02,24.93,25.11,24.57,24.85,24.85,24.85,24.93,24.76,24.76,24.93,24.76,24.76,24.67,24.85,25.20,24.76,24.67,25.20,25.20,24.57,24.85,24.76,25.02,24.76,24.85,24.93,24.93,24.76,24.93,25.02,25.20,24.85,24.76,25.02,24.67,24.85,25.11,24.76,25.02,24.85,25.02,25.20,24.67,25.02,25.02,25.11,25.37,25.02,24.93,25.02,25.02,24.67,25.11,24.85,25.37,25.20,25.28,24.93,25.11,25.02,25.20,24.85,25.02,25.11,25.02,24.85,24.93,25.28,25.02,24.76,25.20,25.20,25.20,24.93,25.11,25.02,25.20,25.02,24.85,24.93,25.37,24.93,24.76,24.93,24.93,25.46,25.55,24.93,25.20,25.20,25.37,25.20,25.37,25.55,25.37,25.46,25.11,25.55,25.20,25.46,25.20,25.55,25.37,24.85,24.76,25.37,25.37,24.76,25.55,25.02,25.28,25.11,25.28,25.46,25.20,25.28,25.11,25.28,25.28,25.20,25.28,25.37,25.46,25.37,24.85,25.11,25.11,25.28,25.11,25.28,25.20,25.11,24.93,24.85,25.11,25.11,24.48,24.85,25.20,25.11,24.93,25.02,24.67,25.28,25.20,25.02,24.85,24.76,25.28,25.55,24.93,24.85,24.85,24.85,25.02,24.93,24.93,25.02,24.93,24.76,25.11,25.02,24.85,25.02,25.46,25.20,24.48,24.48,24.93,25.02,25.28,24.85,25.20,25.20,24.93,24.57,24.57,24.76,24.76,24.76,25.02,25.02,25.28,24.93,24.93,24.67,24.85,25.02,25.37,24.93,25.02,24.85,25.28,24.93,24.93,25.37,24.57,24.93,24.76,25.02,24.85,24.93,25.11,25.20,25.02,25.02,25.11,24.93,24.39,24.85,25.02,24.67,24.76,24.93,24.93,25.28,25.02,25.20,24.93,24.85,25.28,25.11,24.57,25.02,24.57,24.85,24.93,25.11,24.29,24.67,24.93,24.93,25.20,25.20,24.93,24.76,25.02,24.76,24.93,25.02,24.76,25.02,24.76,25.37,24.67,24.57,25.02,24.85,24.57,24.93,24.85,24.57,24.67,25.11,24.76,24.67,25.11,24.76,24.57,24.76,24.57,24.67,24.85,24.76,24.85,25.28,24.85,24.48,24.57,24.85,24.93,24.67,24.85,24.93,24.85,24.39,24.48,24.57,25.02,24.20,24.85,24.76,24.85,24.57,24.85,24.57,24.29,24.93,25.02,24.48,24.39,24.67,24.85,24.76,24.93,24.93,24.39,24.76,24.39
24.39,24.76,24.93,24.57,24.57,24.76,24.48,24.57,24.57,24.48,24.57,24.85,24.76,24.93,24.93,24.67,24.93,24.67,24.67,24.67,24.57,24.67,24.76,24.93,24.48,24.85,24.93,24.11,24.48,24.85,24.76,24.39,24.93,24.76,24.76,24.67,24.57,24.57,24.76,24.48,24.67,24.67,24.93,24.57,24.85,24.48,25.02,24.57,25.11,24.57,24.85,25.28,24.67,24.93,25.20,25.02,24.76,24.67,24.93,25.28,24.57,24.67,24.39,25.02,24.76,24.67,24.67,24.76,24.76,24.57,25.28,24.93,24.67,24.93,24.39,24.93,24.48,24.76,24.76,24.93,25.02,24.57,25.02,24.67,24.76,24.93,24.93,25.02,25.20,24.48,24.85,24.20,25.02,24.76,24.76,25.02,24.76,24.76,24.93,24.67,25.02,24.93,24.85,25.46,24.85,24.76,25.11,25.28,24.85,25.02,25.02,25.20,24.85,25.20,24.93,25.11,25.20,25.20,25.11,24.93,24.85,25.37,25.11,24.67,24.67,24.93,25.11,25.11,25.20,24.85,25.02,24.39,25.11,25.11,25.02,25.11,25.11,25.11,24.76,25.02,25.11,25.37,24.93,24.85,24.67,24.93,24.93,25.02,25.02,25.20,25.28,24.76,24.57,25.11,25.28,24.76,24.76,24.93,24.93,25.02,25.37,24.93,25.28,25.02,24.93,24.76,25.20,25.02,25.20,25.46,25.28,25.28,25.28,25.11,25.28,25.37,25.55,25.55,25.20,25.20,25.28,25.20,25.37,25.28,25.63,25.20,25.37,25.28,25.55,25.28,25.11,25.55,25.20,24.93,25.02,25.11,25.28,25.20,25.11,25.37,25.20,25.20,25.20,25.11,25.11,25.02,25.46,25.28,25.46,24.93,25.37,25.28,25.20,24.85,24.93,25.11,25.20,25.11,25.02,24.85,24.76,25.11,24.76,24.93,24.85,25.11,24.93,25.11,24.85,24.93,24.67,24.76,25.02,25.02,25.20,24.93,25.28,24.85,25.02,25.28,25.11,24.93,24.67,25.11,24.93,24.93,25.02,25.02,25.20,24.67,25.02,24.57,25.11,24.67,25.28,24.93,24.76,24.67,24.76,24.85,25.20,24.93,24.76,25.02,25.02,25.20,24.93,24.85,25.20,25.02,25.02,25.02,24.67,25.11,25.02,24.93,24.93,25.20,24.93,25.02,24.85,24.39,25.20,25.02,24.85,25.02,25.20,25.02,25.37,25.02,25.02,25.11,24.93,24.93,24.85,24.76,24.93,25.11,25.11,25.20,24.67,25.02,24.76,25.20,25.11,24.85,24.93,24.93,24.48,24.76,25.20,24.93,24.67,24.85,24.85,24.85,25.11,24.76,24.76,24.67,24.57,24.67,25.11,24.57,24.76,24.93,25.02,24.85,25.11,25.37,25.20,25.11,25.11,25.28,24.39,25.11,25.20,24.67,24.93,25.20,25.28,24.93,25.02,25.02,24.85,24.85,24.67,24.85,24.85,24.76,25.11,24.57,24.67,24.93,24.67,24.76,24.85,24.76,24.93,24.76,24.76,24.85,24.57,24.85,24.48,24.93,24.93,24.57,25.02,24.76,24.57,24.57,24.93,24.76,25.28,24.76,25.20,24.67,24.57,24.57,24.93,24.39
24.20,24.76,24.76,24.20,24.67,24.85,24.85,24.76,24.76,24.57,24.57,24.85,24.57,24.48,24.67,24.76,24.67,25.02,24.48,24.57,24.20,24.67,24.93,25.02,24.85,24.85,24.93,24.85,24.93,24.67,25.02,25.02,25.11,24.57,24.67,25.37,25.02,24.76,24.76,25.02,25.11,25.11,24.85,24.93,24.57,24.67,25.11,24.67,24.85,25.37,24.85,24.48,24.57,24.57,25.11,24.76,25.02,24.67,24.76,24.76,24.85,25.20,24.85,24.57,24.85,24.39,24.20,24.67,24.76,24.57,24.57,24.85,24.85,25.28,24.85,24.93,24.57,24.39,24.93,24.85,24.48,25.28,24.93,24.93,24.85,24.93,25.37,24.93,24.76,24.85,25.11,24.67,24.85,24.93,25.28,24.85,24.76,25.02,25.20,25.02,24.57,24.93,25.11,24.76,25.46,24.76,25.02,25.20,25.02,25.28,25.37,25.02,25.28,25.28,25.02,24.57,25.11,24.85,25.02,25.20,25.02,25.02,25.11,25.37,24.93,25.02,25.11,25.11,25.11,25.20,25.20,25.11,25.28,25.11,25.11,24.93,25.46,24.57,25.20,25.28,25.28,25.20,24.85,24.57,25.11,24.93,25.02,24.93,24.76,25.37,24.93,25.11,24.93,24.93,25.20,25.28,24.93,25.02,25.02,25.20,24.85,25.20,24.85,25.20,25.37,25.02,25.28,24.85,25.11,25.37,24.76,25.37,25.63,25.46,25.11,25.28,25.28,25.72,25.37,25.28,25.11,25.28,25.46,25.28,25.55,25.46,25.11,24.85,25.28,25.02,25.02,25.37,25.11,25.20,25.20,25.28,25.28,25.20,25.20,25.20,25.11,25.46,25.11,25.11,25.20,24.93,24.93,24.85,24.67,25.28,25.20,25.37,25.20,25.02,25.20,24.93,24.93,25.20,24.93,24.76,24.85,25.20,25.02,25.20,25.11,24.76,24.85,24.85,24.85,24.93,24.93,24.67,25.02,24.85,25.02,25.02,24.67,24.76,25.02,24.93,24.93,24.85,25.02,25.11,25.11,24.67,25.02,24.76,24.85,25.02,24.67,25.02,24.93,24.93,24.57,24.93,25.20,24.76,25.02,24.93,25.11,25.02,25.02,25.02,24.67,25.11,24.85,24.76,25.28,25.37,25.02,24.76,25.20,24.85,25.20,25.02,24.67,24.85,25.02,25.02,24.93,25.02,24.85,24.93,24.85,24.85,24.93,24.93,25.11,25.02,24.48,25.11,25.11,25.28,24.93,25.20,24.93,24.93,24.93,24.85,24.48,24.48,24.93,24.93,24.57,25.28,24.85,25.20,25.11,25.02,24.85,25.20,24.48,24.93,25.02,24.85,25.11,25.20,24.57,24.57,24.93,24.67,24.85,25.11,24.67,24.93,24.76,24.93,24.93,25.55,24.67,24.39,25.28,24.67,24.76,24.93,25.20,24.67,24.93,24.93,25.28,24.85,24.76,25.11,24.93,24.76,24.76,24.57,24.93,25.37,24.67,24.57,24.57,24.85,24.67,24.57,24.67,24.93,24.85,24.76,24.67,25.11,24.57,24.67,24.57,24.93,25.11,24.93,24.85,25.02,24.48,24.76,25.11,24.76,25.02,24.85,24.93,24.67,24.76,24.76,24.39,24.57
24.48,24.93,24.57,24.85,24.57,24.57,24.67,25.11,25.11,24.39,24.76,24.85,25.02,24.67,24.67,24.57,24.57,24.48,24.85,24.67,25.02,24.93,25.11,24.85,24.85,24.67,24.93,24.48,24.85,24.76,24.76,24.85,24.67,24.20,24.67,24.85,24.93,24.85,24.76,25.02,24.57,24.76,24.48,24.76,25.11,24.48,24.76,24.93,24.76,25.02,25.02,25.11,24.76,24.93,25.11,24.93,25.11,24.57,24.93,24.39,24.67,25.02,24.39,24.76,25.28,24.48,24.48,24.93,24.57,24.76,24.76,24.85,24.76,24.93,24.85,25.37,25.02,25.02,24.48,25.28,24.76,24.67,25.20,24.93,24.85,25.37,24.85,24.76,24.76,25.11,24.93,25.11,24.67,24.76,25.11,24.93,24.57,25.11,24.85,24.76,25.20,25.11,25.11,25.02,24.85,24.57,24.85,25.20,25.28,24.76,25.02,24.76,25.28,25.20,25.02,24.76,25.02,24.85,24.93,24.67,25.11,25.37,24.67,24.93,25.11,25.28,24.85,24.39,24.93,24.76,24.93,25.37,25.02,25.11,25.37,24.93,25.55,25.28,24.76,24.93,24.76,25.20,25.02,24.93,24.76,24.93,25.20,25.20,25.11,25.11,25.37,25.02,25.02,24.93,25.46,24.67,24.85,25.11,25.11,24.57,25.20,24.85,25.02,25.11,25.02,24.67,24.67,25.20,25.11,25.37,25.37,25.37,25.02,25.46,24.93,25.46,25.20,25.55,25.37,25.11,25.37,25.37,25.46,25.46,25.20,25.28,25.02,25.11,25.37,25.28,25.20,25.20,25.55,25.11,25.28,25.20,25.46,25.28,25.46,25.28,25.11,25.28,25.37,25.20,24.76,25.11,25.11,25.37,25.37,24.93,24.67,25.28,25.37,24.76,24.85,25.20,24.76,24.76,24.93,25.02,25.28,25.20,24.67,25.37,25.37,24.76,24.85,25.20,24.93,25.02,25.20,25.02,24.85,25.11,24.85,24.85,24.85,25.20,24.93,25.02,24.93,24.85,24.76,25.02,24.85,24.76,24.76,25.02,24.76,24.93,24.48,24.93,24.93,25.11,24.93,25.02,25.11,24.67,24.85,24.57,24.85,24.85,25.11,24.76,24.48,24.85,24.67,24.67,24.48,25.02,24.93,25.02,24.85,25.02,25.02,25.11,25.11,25.02,24.85,25.02,24.93,25.02,25.02,24.93,25.20,24.93,24.93,25.11,24.93,25.02,25.02,25.02,24.93,24.85,25.11,24.76,24.57,25.11,25.11,25.11,24.85,25.02,25.02,25.11,25.20,24.93,24.93,24.85,25.28,24.85,25.11,24.85,24.93,24.93,24.39,24.67,24.48,25.20,24.93,24.57,24.39,24.85,24.93,24.67,24.93,24.57,24.67,25.11,24.85,25.11,24.85,24.67,24.93,24.85,25.02,24.85,24.93,24.67,24.85,24.85,25.11,25.02,25.02,25.20,24.67,24.85,24.76,24.76,24.85,24.67,25.37,24.57,25.02,25.02,24.39,24.67,24.67,24.57,24.48,24.76,24.39,25.02,24.85,24.57,24.93,24.57,24.85,24.76,24.29,24.76,24.93,24.76,24.67,24.57,25.11,25.20,24.85,24.76,24.67,24.67,24.93,25.11
24.76,24.39,24.57,24.76,24.76,24.39,24.57,24.76,24.48,24.48,24.85,25.02,24.93,24.67,24.76,24.76,24.67,24.76,24.93,24.67,24.57,24.48,24.93,24.85,25.02,24.76,24.67,24.48,25.11,24.93,25.28,24.85,24.67,24.57,24.67,25.02,24.48,24.67,24.93,24.57,24.85,24.85,24.85,24.67,24.85,24.85,24.93,25.11,24.57,24.76,24.85,25.02,24.57,24.48,24.93,25.02,24.76,25.02,24.48,25.11,24.67,24.76,24.76,24.67,24.85,24.85,24.85,24.29,24.76,24.67,24.85,24.85,24.76,24.85,24.93,25.02,25.02,25.11,24.67,24.85,24.93,24.85,24.76,25.02,24.76,24.67,25.11,24.76,24.57,24.93,24.93,24.67,24.85,24.76,25.28,24.93,25.02,24.93,24.57,25.02,24.67,25.20,25.02,24.93,24.76,24.93,25.28,24.93,24.48,25.02,24.76,24.67,25.11,25.46,24.76,25.20,25.28,24.93,24.93,25.02,25.11,24.67,25.28,25.02,24.57,25.46,25.02,24.76,25.11,25.11,25.02,25.02,25.11,25.02,25.02,25.55,25.11,25.11,25.20,24.93,25.20,25.28,24.85,25.02,24.93,25.20,25.02,25.20,25.20,25.28,24.48,24.76,25.20,25.20,25.11,25.11,25.02,25.02,25.11,25.37,24.85,25.20,25.20,25.02,25.11,25.11,25.11,25.28,25.72,25.37,25.20,25.37,25.46,25.28,25.46,25.37,25.02,25.46,25.46,25.55,25.55,25.55,25.28,25.02,24.93,25.20,25.28,25.02,25.28,25.11,25.37,25.11,25.46,25.20,25.20,25.37,25.37,25.20,25.20,25.46,24.85,25.20,24.93,25.28,24.93,25.37,24.85,25.20,24.76,25.28,25.11,24.85,25.20,25.11,24.93,24.76,24.76,24.93,25.02,24.93,25.02,25.37,24.76,25.02,25.02,25.02,25.11,24.93,24.76,25.02,24.85,25.20,24.57,24.76,24.93,24.85,25.11,25.20,24.57,24.76,24.93,25.11,25.02,24.76,24.93,25.11,25.20,25.02,25.02,24.57,24.93,24.67,24.85,24.85,24.85,24.76,24.48,24.76,24.93,24.67,25.02,25.11,25.02,24.76,24.93,24.93,24.67,24.85,25.11,24.67,25.28,25.02,24.85,25.02,24.67,24.57,25.11,25.02,24.57,24.76,25.02,24.85,24.93,24.85,24.67,24.93,24.93,24.39,25.11,24.85,25.20,24.93,24.93,24.85,24.85,24.85,24.93,24.76,25.11,24.93,24.85,25.20,24.48,25.02,25.20,25.02,24.85,25.11,24.93,24.93,24.85,24.85,24.57,24.93,25.02,24.85,24.57,24.76,24.93,25.20,24.93,25.02,24.76,24.85,24.93,24.85,24.76,24.67,25.02,24.76,25.20,24.76,24.93,25.02,25.20,25.02,25.11,24.57,25.02,24.85,24.39,24.93,24.67,25.20,24.93,24.39,24.76,25.37,24.93,24.76,24.76,24.67,24.85,24.85,25.11,24.85,24.85,24.76,24.39,24.93,24.39,24.67,25.11,24.39,24.93,24.76,24.76,24.48,24.93,24.93,25.02,25.11,24.85,24.39,24.57,25.20,24.29,24.67,25.11,24.85,24.57,24.76
24.85,24.85,24.39,24.67,24.48,25.02,24.85,24.76,24.76,24.57,24.93,24.67,24.76,25.11,24.67,24.48,25.11,24.48,25.11,24.93,24.67,24.93,24.93,24.93,24.48,24.20,24.48,24.76,24.67,24.48,24.67,24.76,24.85,24.67,25.37,25.11,24.85,24.67,24.85,24.76,24.93,25.20,25.02,24.76,25.28,25.02,25.11,24.93,25.02,24.93,24.76,25.02,24.85,25.11,25.02,25.20,25.02,25.55,24.93,24.20,24.57,24.85,24.93,24.76,24.85,24.67,24.67,24.48,25.11,24.67,24.67,24.76,25.20,25.20,24.85,24.85,24.93,24.93,24.67,24.57,24.67,24.93,24.76,25.02,24.85,24.85,24.76,24.85,25.11,24.57,24.67,24.67,25.28,24.67,24.93,25.20,24.93,25.02,25.20,25.11,24.93,25.37,25.02,25.20,25.11,24.76,24.85,25.28,24.85,24.67,24.76,24.67,25.37,25.28,24.76,24.76,24.85,25.11,25.02,24.93,25.02,25.11,24.67,25.11,25.02,25.11,24.67,24.93,25.02,24.76,25.02,25.02,25.28,24.93,24.85,25.11,25.02,25.11,24.93,24.93,24.85,24.85,24.85,25.02,25.46,25.02,24.93,25.11,25.02,25.28,24.67,25.20,24.93,25.46,25.02,24.85,25.28,25.20,25.20,25.28,24.93,25.02,25.02,25.20,25.11,25.28,25.20,24.76,24.85,25.28,24.85,25.20,25.11,25.11,25.37,25.37,25.20,25.20,25.55,25.37,25.28,25.28,25.20,25.37,25.02,25.20,25.46,25.02,25.37,25.28,24.93,25.20,25.28,25.11,25.11,25.02,25.20,25.11,25.28,25.02,25.37,24.85,25.20,25.20,24.76,25.11,25.02,25.20,25.20,24.85,25.28,24.85,25.37,25.02,25.11,24.57,24.67,25.11,24.85,24.76,24.85,25.02,25.28,25.02,25.02,25.02,24.85,25.11,24.67,25.02,24.85,24.76,24.85,24.57,25.11,24.93,24.57,25.20,24.85,24.48,24.93,24.67,24.76,25.11,24.76,25.11,25.11,25.02,24.85,24.93,25.02,24.85,25.02,24.85,24.39,24.76,24.93,24.76,25.02,24.93,24.85,24.93,24.76,24.93,24.85,25.02,25.37,24.93,25.28,24.67,25.20,24.67,24.85,25.02,24.67,25.02,25.02,25.20,24.93,24.93,24.76,25.02,24.67,24.76,24.93,24.93,24.85,25.02,25.28,24.67,25.02,25.11,25.02,24.85,25.28,24.76,25.02,25.20,24.76,25.02,25.20,25.02,24.76,25.02,25.02,25.02,25.02,24.76,24.57,24.93,25.11,24.57,24.48,24.93,25.02,24.93,24.76,24.93,24.39,24.93,24.57,24.57,25.11,25.02,24.67,24.93,24.48,24.85,24.57,24.29,25.02,25.02,24.93,24.85,24.76,25.02,24.85,25.02,25.11,25.28,25.02,24.57,24.67,25.11,24.76,24.93,25.02,24.48,24.85,24.93,24.76,24.76,24.93,24.85,24.93,24.93,24.57,24.39,24.76,24.76,24.93,24.67,24.93,24.85,25.37,24.76,24.76,24.48,24.67,24.57,24.85,24.85,24.85,24.48,24.76,25.02,24.85,24.67,24.57,24.76,24.29,24.57
24.76,24.67,24.76,24.29,24.39,24.20,24.76,24.67,24.67,24.57,24.85,24.76,24.57,24.48,25.02,24.67,24.67,24.76,24.57,24.39,24.57,24.48,24.85,24.85,24.93,24.85,24.76,25.28,24.67,24.67,24.20,24.85,24.93,25.02,24.67,24.67,24.67,24.93,25.02,24.93,24.93,24.76,24.93,24.76,24.67,25.02,24.57,25.11,24.67,24.76,24.85,24.93,24.76,24.85,25.11,25.20,25.11,24.67,24.93,25.28,24.76,24.67,24.93,24.67,24.57,24.93,24.67,24.67,24.85,24.76,25.02,25.11,25.02,25.02,24.76,25.11,24.67,24.76,24.76,24.76,24.76,24.48,24.57,24.85,24.76,25.28,25.02,24.93,25.20,24.93,25.11,24.93,24.85,25.28,24.93,25.11,24.48,24.76,25.28,25.11,24.85,25.20,24.67,24.48,24.93,25.11,25.20,24.85,24.85,25.02,24.76,25.20,24.93,25.37,25.02,25.28,25.28,24.48,25.11,25.11,25.02,25.11,25.02,25.02,24.85,25.02,25.46,25.20,25.02,25.02,25.02,25.20,25.02,25.02,24.93,25.11,25.20,25.28,25.37,24.85,24.76,25.20,24.85,24.93,24.93,25.11,25.02,25.02,25.20,24.93,24.93,25.02,25.11,25.02,24.93,24.93,25.28,24.93,24.76,25.11,25.37,25.20,24.93,25.28,25.28,25.11,25.28,24.93,24.93,24.85,24.93,24.76,25.11,25.11,25.28,25.72,25.11,25.28,25.28,25.28,25.37,25.11,25.20,25.37,25.46,25.55,25.37,25.20,25.28,25.20,25.11,25.63,25.28,24.93,25.46,25.37,25.28,25.46,25.28,25.02,24.93,25.46,25.02,25.11,24.76,25.37,25.20,24.93,25.20,25.28,25.20,25.20,25.28,25.28,25.28,25.20,24.85,25.02,24.93,25.20,25.28,24.93,25.28,25.20,24.76,24.93,25.02,25.20,25.02,25.02,25.20,24.67,25.20,24.76,25.02,24.76,24.67,24.76,25.02,25.28,25.11,25.02,25.02,25.02,25.11,25.20,24.93,25.11,24.67,24.85,24.76,24.93,25.02,24.85,25.11,24.93,25.11,24.67,25.20,24.85,24.93,24.93,25.11,24.76,25.20,24.93,25.11,25.11,24.93,24.76,24.85,25.02,24.76,25.28,25.02,24.93,25.11,25.02,25.02,24.85,25.02,25.11,25.11,24.85,25.28,24.93,24.85,24.93,25.02,25.20,24.93,25.02,25.02,24.39,24.57,24.93,24.93,25.20,24.93,25.28,25.20,24.93,25.02,24.93,25.20,25.02,24.85,25.37,24.93,24.76,24.48,24.39,24.85,25.02,24.93,25.02,24.67,25.11,24.57,25.02,25.11,25.02,24.93,25.11,24.67,24.76,24.39,25.28,24.67,24.76,24.76,24.67,24.93,25.02,25.11,25.20,25.11,24.76,25.02,24.57,24.85,24.85,24.93,24.67,24.85,24.85,24.57,24.85,24.76,24.93,24.93,24.57,24.48,24.85,25.02,24.76,24.67,24.48,24.48,24.93,24.48,24.67,25.02,24.76,24.67,25.02,24.93,24.48,24.57,24.85,24.48,24.67,24.85,24.57,24.39,25.02,25.20,25.11,24.76,24.93,24.67,24.57
24.93,24.76,24.57,24.76,25.20,24.39,25.02,24.57,24.67,24.93,24.48,24.67,24.85,24.57,25.11,24.67,24.67,25.02,24.85,24.93,24.85,24.67,24.85,24.85,24.67,24.67,24.85,24.85,25.02,24.57,24.67,24.85,24.76,25.02,24.57,24.67,24.93,24.85,24.76,24.67,24.93,24.76,24.48,24.76,24.85,24.57,24.67,24.48,24.93,25.02,25.02,24.67,24.57,24.93,24.48,24.57,24.76,25.20,24.93,24.93,24.85,24.67,24.85,24.85,25.20,24.76,24.76,24.85,24.76,24.76,24.85,24.93,24.93,24.76,24.93,24.67,24.76,25.11,24.57,24.67,24.76,24.93,24.76,24.85,25.11,24.76,24.85,25.28,25.28,25.11,24.76,25.02,25.20,24.93,25.28,25.11,24.85,24.85,25.02,24.85,25.37,24.67,25.11,24.93,24.76,24.85,25.02,25.37,25.20,24.85,25.11,24.93,25.02,25.28,24.85,25.02,24.93,24.93,25.11,25.02,24.85,25.37,24.93,25.02,25.02,25.20,24.85,24.93,25.11,24.85,24.67,24.93,25.11,25.11,25.11,24.85,24.76,24.76,24.93,25.02,24.57,24.93,25.02,25.11,25.02,24.67,25.02,24.85,25.28,24.93,24.93,25.46,25.11,24.85,24.93,25.11,25.02,25.02,24.85,24.93,25.02,24.93,24.48,24.85,25.20,24.85,25.11,24.76,25.02,25.46,25.20,24.85,25.20,25.02,24.93,25.20,25.37,25.46,25.55,25.11,25.28,25.28,25.11,25.28,25.20,24.76,24.85,25.20,25.20,25.55,25.20,25.20,25.46,25.20,25.28,25.28,24.85,25.20,25.28,25.02,24.76,25.02,25.11,25.02,25.11,25.11,25.28,25.28,24.85,25.28,24.93,24.85,25.02,25.11,25.28,25.11,24.85,24.67,24.85,24.76,24.76,24.93,24.85,24.85,25.11,25.11,24.76,25.11,25.02,24.85,24.48,25.11,24.85,24.93,24.57,24.93,25.20,25.28,25.02,24.93,25.02,24.85,25.02,25.20,25.11,24.85,25.02,25.11,24.67,25.11,25.02,24.67,24.76,24.85,24.93,24.67,24.93,24.93,24.85,24.85,25.02,24.85,25.02,24.85,25.28,24.57,24.93,24.93,25.02,25.28,24.67,24.85,24.67,24.85,24.85,25.37,24.48,24.57,24.93,24.85,25.02,24.93,24.85,24.67,25.11,24.76,24.93,24.93,25.11,24.76,24.93,24.93,24.76,24.67,24.76,24.85,24.93,25.11,24.57,24.93,24.85,24.93,24.67,25.02,24.93,24.85,25.02,24.76,24.93,24.57,24.76,24.93,24.76,24.48,25.28,24.93,24.67,24.93,24.29,25.02,24.57,24.67,24.48,24.85,24.85,24.85,24.76,24.93,25.11,25.37,24.67,24.67,25.37,24.85,25.20,24.93,24.76,25.20,24.67,25.11,24.85,24.67,24.85,25.11,24.76,24.76,24.67,24.93,24.76,25.28,24.85,24.76,24.93,25.37,24.85,24.85,24.85,24.48,24.76,24.67,24.57,24.48,24.76,24.76,24.76,24.67,25.20,25.11,24.93,24.57,25.02,24.57,24.76,24.85,25.02,25.11,24.48,24.93,24.48,24.76,24.57,24.76
24.76,24.76,24.85,24.76,24.85,24.57,24.76,24.85,24.76,25.11,24.57,24.57,24.67,25.20,25.02,24.76,24.67,25.02,24.93,25.02,24.67,24.85,24.85,24.93,24.93,25.11,25.02,24.57,24.93,24.48,24.85,25.20,24.93,25.02,24.76,24.67,24.67,24.85,24.85,24.76,25.20,24.57,24.93,24.93,25.46,25.37,25.02,24.57,24.93,25.02,25.11,24.93,24.76,25.20,25.11,24.93,25.20,24.85,24.57,24.93,24.93,24.85,24.76,24.93,24.76,24.85,25.20,25.11,25.20,24.57,24.93,24.57,24.85,24.93,24.93,24.76,24.57,24.67,24.93,24.93,24.67,24.57,25.02,24.93,25.02,24.76,24.85,24.76,25.37,24.76,24.57,24.76,25.11,24.48,25.20,24.93,24.85,25.11,24.67,24.76,25.02,25.11,24.76,25.11,25.20,24.67,24.76,25.46,24.85,24.76,25.28,25.11,25.11,24.85,24.93,24.67,24.67,25.20,25.20,25.37,25.02,25.02,25.20,24.76,24.93,25.11,24.76,25.28,25.28,24.85,25.02,24.85,24.85,25.02,25.02,25.28,24.93,24.85,24.76,25.11,25.02,24.76,25.11,25.02,24.67,24.48,25.11,25.20,25.37,24.85,25.02,25.20,25.20,25.02,24.39,25.37,24.76,25.02,24.85,25.28,25.28,24.93,25.02,25.37,25.11,24.93,25.11,25.02,25.20,25.20,24.93,25.28,25.20,25.20,25.46,25.11,25.28,25.20,25.11,25.20,25.02,25.11,25.20,25.55,25.37,25.20,25.11,25.28,25.63,25.37,24.93,25.02,25.37,25.20,25.11,25.28,25.28,25.20,25.11,24.85,25.20,25.20,25.20,25.11,25.28,25.02,25.11,25.20,25.37,25.02,24.76,25.20,25.11,25.28,24.76,24.67,25.46,24.93,25.46,25.28,25.11,24.57,25.28,25.02,24.93,24.57,25.02,24.93,24.85,25.02,25.02,25.37,24.76,25.11,25.02,25.02,24.76,25.20,24.93,25.02,24.57,24.48,25.11,25.02,24.93,25.11,24.76,24.93,25.02,25.02,24.67,24.93,25.02,24.85,24.93,24.93,24.76,24.67,25.02,25.02,24.85,25.11,24.57,24.93,24.85,24.85,24.85,24.20,25.02,25.02,24.93,25.20,25.11,24.67,24.93,24.76,25.63,24.29,24.93,24.85,25.72,25.11,24.85,25.02,24.85,24.57,25.02,24.76,24.85,24.85,24.39,24.85,24.85,24.85,24.76,24.57,24.93,24.57,24.85,25.37,25.02,24.76,25.11,25.11,24.67,24.76,25.02,25.11,24.93,24.48,24.57,24.57,24.93,25.11,24.67,24.93,25.02,24.67,24.67,24.93,24.76,24.93,24.93,24.67,25.02,24.76,24.67,24.67,25.02,25.11,24.67,24.93,24.76,25.20,25.02,25.37,24.85,24.85,24.29,24.85,24.29,24.76,24.93,25.02,24.48,24.57,24.48,24.85,24.93,24.67,24.67,24.57,25.02,25.02,24.48,25.02,24.67,24.85,24.85,24.57,24.57,24.85,24.93,25.02,24.57,24.57,25.20,24.76,24.76,24.93,25.02,24.93,25.11,24.93,24.57,24.67,24.39,25.20,24.67,24.76,24.67,24.67
24.57,24.85,24.20,24.39,24.48,24.01,24.57,24.85,24.39,24.39,25.02,24.57,24.57,24.67,24.76,24.57,24.76,24.57,24.85,25.02,24.67,24.57,25.11,24.85,25.02,24.67,24.85,24.57,24.76,24.76,24.67,24.76,24.67,24.76,24.85,24.67,25.20,24.93,24.85,25.28,24.76,24.48,24.76,24.57,25.02,25.28,24.76,24.85,24.57,25.02,24.57,25.02,24.67,25.02,25.11,24.93,24.93,24.48,24.85,24.39,25.02,24.93,24.76,25.02,25.20,24.67,24.85,24.85,24.93,24.85,25.20,24.76,25.02,24.57,24.76,24.76,24.67,24.76,24.93,25.02,24.93,24.93,24.93,24.67,24.57,24.67,24.48,24.48,24.76,24.85,24.76,24.85,25.11,24.93,25.20,25.02,24.76,24.67,25.11,24.67,25.02,24.76,24.76,25.37,24.57,24.57,24.76,24.76,25.20,24.67,24.76,24.76,25.11,25.11,25.20,25.11,24.93,24.57,24.76,24.93,25.20,25.02,25.11,24.76,25.02,25.28,25.63,25.20,24.76,25.28,25.02,25.02,24.67,24.85,25.20,24.93,24.93,25.37,24.85,24.57,24.76,24.85,25.20,24.85,25.28,25.11,24.93,25.02,25.20,25.11,25.20,25.20,24.76,24.48,25.11,25.02,24.76,25.11,25.02,25.20,25.02,24.85,25.28,25.02,25.11,24.67,24.93,25.20,25.11,25.11,25.20,25.63,25.37,25.46,24.93,25.37,25.20,25.20,25.46,25.11,25.20,25.37,25.20,25.37,24.93,25.55,25.02,25.20,25.02,25.46,25.02,25.46,25.02,25.11,25.20,25.28,25.20,25.37,25.02,25.28,25.20,25.55,24.93,25.11,25.28,24.93,24.93,25.46,25.46,25.37,25.20,24.57,25.28,25.28,25.02,25.28,25.20,25.20,24.76,25.20,25.37,25.46,25.11,25.20,24.85,24.76,25.02,25.02,24.85,24.57,25.55,25.02,25.02,25.28,25.28,25.02,25.11,25.20,24.93,24.76,24.93,25.11,24.93,25.11,24.85,25.11,24.93,24.93,24.57,24.67,24.85,24.67,25.02,25.02,25.28,24.93,24.76,25.11,25.02,25.11,25.28,24.76,25.02,24.93,25.11,24.93,25.11,24.67,24.39,24.85,24.85,24.67,24.76,24.85,24.85,25.11,24.48,24.85,24.67,24.85,25.20,24.93,24.67,24.67,24.76,25.28,24.57,24.76,25.11,24.93,25.28,24.93,25.20,24.57,24.93,24.76,24.85,24.76,25.20,24.76,24.93,24.85,25.02,24.93,25.20,25.02,24.48,25.11,25.02,24.93,25.02,24.48,24.67,24.57,24.67,25.20,24.48,24.57,24.76,24.85,24.93,25.02,24.76,25.11,24.67,25.02,24.76,24.39,24.76,24.57,25.20,25.11,25.11,24.76,25.46,25.11,24.76,24.76,24.76,25.11,24.39,25.28,25.28,25.02,24.76,24.67,24.76,24.93,24.67,25.28,25.28,24.85,24.76,25.11,24.67,25.20,24.76,24.67,24.57,24.76,24.85,24.76,24.76,25.02,24.93,24.57,24.76,24.85,24.39,24.76,24.48,24.76,24.76,25.02,24.85,24.93,24.76,24.67,24.39,24.67,24.57,25.11
24.48,24.57,24.48,24.57,24.93,25.02,24.76,24.48,24.48,24.85,24.93,24.93,24.93,24.48,24.39,25.02,25.28,24.39,24.93,24.39,25.02,24.67,25.28,24.93,25.11,24.67,24.57,24.76,24.76,24.57,24.67,24.93,24.85,25.20,25.02,24.48,24.67,24.57,24.76,24.93,24.76,25.11,24.93,24.67,24.76,24.85,24.39,24.67,25.02,24.67,24.67,25.02,25.20,25.11,24.76,24.76,25.11,24.85,25.02,24.85,24.48,24.85,25.02,24.57,24.67,25.02,24.85,24.93,24.93,25.20,24.67,25.11,24.85,24.85,24.67,24.76,24.57,24.76,24.85,24.67,24.85,24.85,24.93,25.11,24.76,25.28,24.67,24.85,24.93,25.02,25.11,25.11,25.02,24.76,24.76,25.02,24.85,25.20,24.76,24.76,25.20,24.85,24.85,24.85,24.93,24.93,25.11,24.85,25.02,25.20,24.93,25.11,25.28,25.02,24.48,25.11,25.11,25.11,25.20,24.93,25.11,25.20,25.11,24.39,25.28,25.02,25.02,24.39,25.20,24.93,25.28,24.93,25.20,24.67,25.02,24.76,24.93,25.37,25.20,25.02,25.02,24.76,24.57,24.93,25.11,24.76,25.02,25.02,25.46,25.20,25.02,25.11,25.02,25.28,24.57,24.76,24.93,25.02,25.02,24.93,25.02,24.85,24.67,25.46,25.11,25.28,24.85,25.37,25.37,25.11,24.93,25.28,25.20,25.46,25.28,25.20,24.93,25.11,24.85,25.28,25.20,25.02,25.28,25.46,25.02,25.11,25.11,25.37,25.20,25.20,25.20,25.11,24.85,24.76,25.11,25.37,25.02,24.93,24.93,25.02,25.20,25.11,25.02,24.76,25.11,25.28,25.11,24.93,25.28,24.85,25.28,24.93,25.20,25.11,24.93,25.11,24.85,25.02,25.02,25.11,25.28,24.93,25.11,24.93,24.76,25.11,24.67,25.11,24.85,24.76,24.85,24.85,25.11,24.76,24.85,24.67,25.02,24.85,25.02,24.85,24.93,25.02,25.11,25.02,25.37,24.85,24.85,24.85,24.85,24.76,24.93,24.57,25.02,24.76,24.57,24.85,24.76,24.57,24.85,24.67,24.93,24.57,24.57,24.48,25.28,24.93,24.67,25.20,24.67,24.76,24.76,24.76,24.76,24.85,25.20,24.48,25.37,24.76,24.76,24.76,24.93,25.11,24.76,24.67,24.93,24.93,24.85,24.85,25.02,25.02,24.76,24.85,24.93,25.02,25.02,24.93,24.93,24.57,24.85,25.02,24.57,24.39,25.46,24.85,24.85,25.02,24.76,24.85,25.11,25.02,24.85,24.76,24.93,24.48,25.02,24.48,24.57,25.11,25.02,25.11,24.76,25.11,24.67,24.93,24.67,25.02,24.48,24.85,24.67,24.67,24.76,24.93,24.85,24.85,24.67,24.76,25.02,24.85,25.02,24.76,24.76,25.28,24.85,24.93,24.67,24.67,24.76,24.57,24.85,25.20,24.85,24.76,24.67,24.93,24.48,24.85,24.76,24.67,24.93,24.85,24.76,25.11,24.57,24.85,24.85,24.93,24.57,24.85,24.85,24.48,24.85,24.76,25.02,24.67,24.57,24.57,24.67,24.67,24.93,24.93,25.02,24.48
24.48,24.76,24.67,24.67,24.20,24.48,24.76,24.57,24.76,24.67,24.67,25.11,24.93,24.76,24.67,25.11,24.57,24.57,24.93,25.02,24.85,24.57,25.11,24.57,24.48,24.67,24.57,24.76,24.93,24.76,24.85,25.02,25.02,24.93,24.76,25.02,24.48,24.57,25.11,24.67,24.57,24.67,24.67,24.57,25.02,24.67,24.76,24.57,25.20,24.67,25.02,24.57,24.93,24.93,25.02,25.02,25.11,24.85,24.85,24.85,24.57,24.85,24.76,25.11,24.67,24.76,24.67,24.76,24.93,24.85,24.85,24.85,24.93,24.93,24.57,24.67,24.76,25.02,24.67,25.02,25.02,24.93,24.93,25.28,24.76,24.93,24.85,25.28,24.76,24.93,25.28,24.76,24.48,25.11,25.02,24.93,25.20,24.67,24.39,24.93,24.67,24.57,25.20,25.37,24.85,25.28,24.93,25.20,24.93,24.93,25.11,25.11,24.85,24.93,24.57,25.11,24.57,24.48,24.93,24.67,24.39,25.02,25.28,24.93,24.85,25.46,25.28,24.93,25.37,24.93,24.85,24.76,25.28,24.93,25.20,25.11,25.20,24.57,24.67,24.85,24.76,25.02,25.02,24.57,25.02,24.85,24.85,25.20,24.67,24.93,24.93,24.85,24.93,24.85,24.67,24.93,25.20,25.20,24.85,25.11,25.02,24.85,25.11,24.93,25.02,24.85,25.37,25.02,25.37,25.28,25.46,25.28,25.02,25.28,25.11,25.37,24.76,25.28,25.11,25.20,25.20,25.46,25.37,25.20,25.11,25.20,25.46,25.02,25.02,25.28,24.93,24.93,25.20,25.46,25.28,25.28,25.46,25.28,25.28,24.85,25.02,25.02,25.28,25.28,25.20,25.46,25.28,25.11,25.20,25.20,25.11,24.93,25.46,25.02,24.76,24.93,25.11,25.28,25.28,25.28,25.11,25.11,24.76,25.20,24.93,25.46,25.11,24.57,25.11,25.02,24.85,25.11,24.93,24.85,24.85,25.20,24.93,24.85,24.76,24.85,25.20,24.93,24.93,24.76,25.02,24.93,25.02,25.02,25.11,25.02,24.85,25.02,24.57,24.57,24.67,24.93,25.02,24.57,24.93,24.67,24.93,24.85,25.11,24.48,24.85,24.93,24.85,24.93,24.48,24.85,24.39,25.02,24.29,24.93,25.20,24.93,25.02,24.76,25.02,24.85,25.02,24.67,24.67,24.93,24.85,24.85,24.57,24.67,25.02,25.02,24.67,24.93,25.02,24.67,24.39,24.93,24.48,24.85,24.85,24.57,25.20,24.57,24.76,24.93,24.85,24.85,24.76,25.02,24.93,24.20,24.67,24.85,24.76,24.67,24.57,24.48,24.57,24.57,25.02,25.02,24.93,24.93,24.85,24.93,25.02,24.57,24.48,25.20,24.85,24.39,24.57,24.57,25.11,25.11,24.67,24.85,24.76,25.28,24.76,24.93,25.02,24.76,25.11,24.85,25.11,25.28,24.85,24.76,25.02,24.85,24.76,24.76,24.76,25.20,24.11,24.85,24.93,24.76,24.93,24.39,24.67,24.85,24.20,24.93,24.76,24.67,24.67,25.02,24.57,24.85,25.02,25.02,24.48,24.57,24.67,24.57,24.67,25.02,24.67,24.57,24.57,25.11
24.76,24.67,24.39,24.48,24.48,24.67,24.57,24.67,24.76,24.85,24.93,24.48,24.93,24.57,24.76,25.20,25.02,25.02,24.67,25.20,24.85,24.93,24.85,24.57,24.67,24.67,25.02,25.02,24.67,24.57,25.02,24.57,24.85,24.48,24.76,24.76,24.93,24.48,24.85,24.93,24.93,24.67,24.48,24.48,24.85,24.85,25.20,24.93,25.02,25.02,24.93,25.28,24.57,25.28,25.11,25.02,25.02,24.76,24.76,25.02,25.02,24.93,24.85,24.76,24.85,25.11,24.76,24.76,25.02,24.85,24.48,24.57,24.67,25.20,24.76,25.11,24.76,25.02,24.67,24.39,25.02,24.67,24.85,24.57,25.02,24.93,25.02,24.93,24.67,24.93,24.76,24.76,24.85,24.48,25.11,25.20,25.02,25.28,24.85,25.02,24.48,24.76,25.28,24.67,25.11,24.76,24.48,25.37,25.02,25.11,25.02,25.28,25.11,25.28,25.20,25.11,25.02,25.28,25.55,25.11,24.93,25.20,24.93,25.02,25.28,24.93,25.02,25.11,25.02,25.20,25.11,25.11,24.85,25.20,25.11,24.93,24.93,24.93,24.93,25.28,24.67,25.11,24.93,25.02,25.11,24.85,24.57,25.20,25.28,24.76,25.11,25.55,25.02,25.11,25.02,24.93,25.11,25.11,25.02,25.11,24.93,24.57,24.93,25.20,24.93,25.20,25.11,25.28,25.46,25.28,25.37,25.63,25.28,25.20,25.63,25.46,25.37,24.85,25.63,25.55,25.46,25.37,25.46,25.37,25.02,25.55,25.28,24.85,25.46,25.37,25.46,25.11,25.28,25.37,25.11,25.20,24.93,24.85,25.20,25.02,25.28,25.20,25.37,25.37,24.85,25.28,25.28,25.20,25.28,24.93,25.02,25.37,25.11,24.85,24.93,25.20,25.02,25.11,25.28,25.11,25.02,24.67,25.11,25.20,24.85,25.02,25.02,25.02,24.76,24.93,25.11,24.76,24.85,24.85,24.67,24.76,24.76,24.67,24.76,24.93,24.85,24.76,25.20,25.28,24.93,25.02,24.85,24.93,24.93,24.93,24.57,24.93,24.76,24.85,24.67,24.48,25.20,24.76,24.93,24.57,24.85,24.85,24.93,25.11,24.67,25.02,25.28,24.93,24.48,25.11,24.57,25.02,25.02,24.67,24.85,25.11,25.20,24.93,24.93,24.48,24.67,25.02,25.02,24.57,24.76,25.11,24.67,24.76,24.93,24.93,24.76,25.02,24.93,25.02,24.57,24.93,24.67,24.57,24.57,25.02,25.02,25.02,25.02,25.28,25.11,24.85,24.85,24.85,24.67,25.28,24.57,25.11,24.85,24.48,24.67,25.02,24.57,25.11,24.93,25.28,24.93,25.02,24.57,25.02,25.02,24.48,24.57,24.39,25.02,25.11,24.76,24.93,24.76,24.67,25.02,24.76,25.20,24.67,24.67,25.11,24.85,25.11,24.93,24.85,24.85,24.85,24.93,24.67,24.76,24.67,24.76,24.67,24.76,24.48,24.57,24.67,24.93,24.85,24.85,24.76,24.67,24.93,24.93,24.76,24.67,25.02,24.57,25.11,24.67,24.57,24.76,24.57,24.76,24.48,24.29,24.39,24.39,24.39,24.67,24.67,25.11,24.57
24.76,24.39,24.11,24.57,24.67,24.39,24.67,24.76,24.57,24.67,24.76,24.67,24.93,24.67,24.57,24.67,24.48,24.93,24.76,24.67,24.93,24.67,24.93,24.67,24.48,24.93,24.67,24.39,24.57,24.48,24.39,25.02,24.85,24.67,24.48,24.76,24.48,24.39,24.76,24.85,24.57,24.67,24.93,24.85,24.93,24.39,24.93,24.76,25.02,24.76,24.93,24.76,24.48,24.93,25.02,25.28,25.28,24.76,24.85,24.93,25.02,24.48,25.02,24.76,24.93,24.67,25.02,24.67,24.93,25.11,24.39,24.67,24.76,24.76,24.85,24.67,24.48,24.76,25.11,24.48,24.76,24.48,24.20,24.76,24.67,24.67,24.93,24.93,24.93,24.93,24.76,24.48,24.67,24.76,24.76,24.67,25.02,25.02,24.93,24.57,25.02,24.76,24.39,25.28,24.67,24.48,25.02,25.11,25.20,25.28,24.76,25.02,24.67,25.28,25.20,25.02,25.02,24.93,25.11,25.02,24.93,24.93,24.76,24.93,24.57,24.76,24.85,24.76,24.67,25.11,24.76,24.93,24.93,24.76,24.93,24.76,24.93,24.76,25.02,25.11,25.11,24.85,24.85,24.93,25.11,25.20,24.48,24.57,24.39,24.48,24.39,24.76,25.11,25.02,24.76,24.67,25.11,25.37,24.85,25.02,25.02,25.20,25.20,25.28,25.11,24.57,25.20,25.11,24.67,25.37,25.11,25.28,25.20,25.11,25.46,25.37,24.93,25.28,24.93,25.28,25.20,25.20,25.28,25.72,25.28,25.11,25.11,25.28,25.28,25.11,25.55,25.46,25.02,25.20,25.20,25.20,24.67,25.02,25.20,25.46,24.85,24.93,24.67,25.20,24.76,25.20,25.02,24.76,25.02,24.76,25.11,25.02,25.11,25.02,25.20,24.76,24.76,24.76,24.76,24.76,25.20,24.76,25.11,25.11,24.93,25.02,24.93,25.11,24.93,24.85,24.85,25.11,25.11,24.85,25.28,24.67,25.02,25.28,24.76,24.93,24.85,24.93,25.20,25.11,24.76,24.93,25.02,25.11,24.85,24.85,24.93,24.85,24.76,24.93,25.02,25.02,24.67,24.67,25.20,24.76,24.67,24.67,25.37,24.93,25.46,24.48,24.76,24.57,25.02,24.85,24.93,25.37,25.02,24.85,25.11,24.93,24.93,24.76,24.76,24.76,24.93,25.11,25.20,24.76,24.85,25.37,24.67,24.93,24.39,25.02,25.02,25.37,24.76,25.02,24.76,25.11,24.57,25.02,24.76,25.02,24.67,24.85,25.20,24.85,24.76,25.02,25.02,25.11,24.67,24.67,24.93,24.76,25.20,24.85,24.67,25.02,24.57,24.57,24.93,24.85,24.67,24.76,24.93,24.67,24.93,25.11,24.93,24.85,25.02,24.57,25.11,24.85,25.20,24.93,24.76,24.93,25.11,24.76,25.20,24.85,25.37,25.20,24.67,24.85,25.37,24.85,24.85,24.57,24.85,24.85,24.76,25.02,24.76,24.67,24.67,24.76,24.85,24.67,24.85,25.02,24.39,24.57,24.76,24.85,24.57,24.85,24.76,24.67,24.93,24.93,24.57,24.57,24.48,24.76,24.85,24.57,24.57,25.02,24.85,24.76,24.57,24.85
24.57,24.85,24.67,25.28,24.57,24.57,25.02,24.93,24.76,24.93,24.85,24.39,24.76,24.67,24.57,24.67,24.48,25.02,24.67,24.67,24.48,24.85,24.48,24.76,25.02,25.20,24.67,25.11,24.76,24.85,24.67,24.67,24.48,24.57,24.76,25.28,24.85,24.76,24.67,24.67,24.93,24.76,24.48,24.67,24.67,24.85,24.57,25.28,25.28,25.02,25.02,25.02,25.11,24.76,24.93,25.20,25.37,24.93,24.57,25.11,24.93,24.76,24.67,24.93,25.02,24.67,25.28,24.85,25.02,24.93,25.20,24.85,24.85,25.02,24.67,24.93,24.67,24.57,24.85,24.67,24.67,25.28,24.76,24.76,24.76,24.48,25.02,24.67,25.11,24.85,24.93,24.85,24.67,24.93,25.11,25.20,25.20,24.93,25.02,24.93,24.85,25.11,24.57,24.93,25.20,25.11,25.11,25.02,25.11,25.37,24.76,25.02,24.76,24.93,25.11,25.11,24.29,25.20,25.11,25.28,24.85,24.76,25.11,25.02,25.02,25.02,25.02,25.02,24.76,25.02,25.20,24.57,24.48,24.85,24.85,25.02,24.85,24.93,25.02,25.37,24.93,24.76,25.02,24.93,25.11,25.11,25.11,24.57,24.93,25.02,25.28,24.93,25.11,24.93,25.37,25.20,24.93,25.02,24.93,25.02,24.93,25.37,25.11,25.02,25.37,24.39,25.02,24.67,25.28,25.28,25.46,25.11,24.57,25.28,25.46,25.20,25.11,25.20,25.28,25.37,25.28,25.28,25.11,25.46,25.02,25.55,25.20,25.37,25.28,25.11,25.28,25.11,25.20,25.28,25.11,24.67,25.55,25.11,25.02,25.20,25.20,25.11,25.11,25.20,25.46,25.46,25.20,25.02,25.02,25.55,25.20,24.57,24.93,25.02,25.46,24.93,24.67,24.85,24.85,25.37,24.85,24.93,24.76,24.57,25.11,25.20,24.67,24.39,24.48,24.76,24.67,24.48,24.76,24.93,25.28,24.93,24.76,25.20,24.85,25.20,24.85,24.93,24.85,25.02,25.02,25.28,24.57,24.76,24.93,24.93,24.85,24.93,25.02,24.93,24.76,25.02,24.85,24.85,25.37,25.02,25.20,24.93,25.02,24.85,24.76,24.85,24.57,24.93,24.67,24.76,24.76,24.93,24.85,25.11,25.11,24.93,24.67,24.85,24.67,25.02,24.76,24.76,25.02,25.11,24.76,24.48,25.02,24.67,24.85,25.11,24.85,24.76,25.20,24.76,24.67,24.93,24.85,24.76,24.85,25.02,24.93,24.76,24.93,24.76,24.93,24.93,24.93,24.85,24.93,24.93,25.02,25.28,24.85,24.48,24.48,24.85,24.85,24.57,24.67,24.76,25.02,25.11,24.67,24.48,25.02,24.93,24.93,24.57,24.76,25.02,24.93,25.28,24.85,24.93,24.76,25.20,24.67,24.76,25.28,24.39,24.93,25.20,24.93,24.67,24.85,24.76,24.76,24.67,24.67,24.76,25.02,24.67,24.85,24.85,24.85,24.85,24.57,24.57,24.76,24.67,24.57,24.39,24.67,24.57,24.76,24.85,24.57,24.67,24.67,24.48,24.67,24.39,24.57,24.57,24.67,24.57,25.02,24.85,24.48,25.11,24.76,24.57
24.48,24.57,24.67,24.76,24.20,24.67,24.39,24.85,24.57,24.67,24.20,24.85,25.20,24.67,24.76,24.67,24.57,24.67,24.48,24.57,24.57,24.57,24.57,25.02,24.76,24.85,24.57,24.67,24.76,24.20,24.57,24.85,24.39,24.29,25.02,24.57,24.76,24.85,25.02,24.85,24.67,24.76,24.85,24.85,24.76,25.02,24.57,25.20,24.57,24.76,24.85,24.85,24.76,24.85,25.02,24.93,24.57,24.85,24.57,25.11,24.85,25.02,24.67,24.76,24.93,24.67,24.67,25.20,24.93,24.76,24.93,24.57,24.76,24.93,24.93,24.85,24.57,24.93,24.57,24.93,24.67,24.93,25.02,24.93,25.02,25.20,25.20,24.76,24.57,24.93,24.76,24.85,25.11,25.02,25.20,24.76,25.02,24.67,25.11,24.67,24.85,24.67,25.02,25.02,25.02,24.93,24.76,24.67,25.46,24.93,24.93,25.11,25.20,24.67,24.57,25.11,25.37,25.20,25.28,24.93,24.76,24.76,24.85,24.76,25.11,25.28,24.93,25.28,25.20,24.93,24.85,24.85,25.02,24.93,24.76,24.76,25.02,24.93,24.93,25.11,25.02,25.02,24.85,25.11,24.93,24.57,25.02,24.48,25.20,25.11,25.02,24.93,25.11,25.28,24.93,24.85,24.76,25.20,25.46,25.02,25.02,25.28,25.11,25.11,24.93,25.11,25.28,24.93,25.11,25.11,25.20,25.11,25.37,25.20,25.37,25.55,25.46,25.28,25.11,25.46,25.37,25.11,25.11,25.11,25.28,25.37,25.28,24.76,25.20,24.76,25.11,24.93,25.20,25.20,25.11,25.46,25.20,25.11,24.93,25.11,25.02,24.85,25.72,25.20,25.20,25.02,24.93,25.37,24.76,24.85,25.02,25.20,25.02,25.37,24.67,24.76,24.48,24.85,25.11,24.76,25.37,25.11,25.20,24.93,25.28,24.67,24.48,24.57,25.20,24.67,25.11,25.02,24.76,24.85,25.02,25.02,25.20,24.76,25.28,24.76,24.76,24.76,25.28,24.93,25.02,25.37,24.93,24.93,24.48,24.93,24.85,24.85,25.37,24.57,24.39,24.76,24.76,24.76,24.67,25.28,24.93,24.85,24.67,24.85,24.48,24.76,24.76,25.02,24.57,24.93,24.85,25.02,25.02,24.93,25.11,24.93,25.02,24.93,24.85,24.57,24.93,24.85,25.02,25.11,25.02,24.93,24.76,24.85,24.67,24.93,24.93,24.93,24.85,24.85,25.11,24.93,24.93,25.02,24.48,24.57,24.76,24.67,24.76,24.76,25.11,25.20,24.76,25.11,25.20,25.11,24.29,24.85,24.85,24.67,24.76,25.20,24.39,24.76,25.11,24.57,24.67,24.57,25.02,24.85,24.93,24.67,24.57,24.57,24.76,25.37,24.85,24.76,24.85,25.02,24.76,24.85,24.67,24.93,25.02,25.20,24.48,25.02,24.85,24.67,24.85,24.93,24.76,24.67,24.85,24.93,24.76,25.02,25.02,24.57,24.48,24.85,24.48,24.93,24.76,24.57,24.93,24.93,24.57,24.85,24.85,24.85,24.76,24.76,25.02,24.93,24.57,24.85,24.85,25.02,24.93,24.93,24.93,24.57,24.93,25.28,24.29,24.39
24.29,24.57,24.11,24.48,24.76,24.67,24.57,24.48,24.85,24.57,24.20,24.57,24.57,24.67,24.76,24.67,24.85,24.57,24.93,24.57,25.02,25.11,24.85,24.39,24.93,25.02,24.57,24.48,24.67,24.76,24.57,24.85,24.93,24.85,24.67,25.02,24.76,24.76,24.67,24.85,25.20,24.39,24.76,25.11,24.48,24.57,24.48,24.93,24.93,24.67,25.11,25.02,24.67,24.93,24.93,25.20,24.67,25.28,24.39,25.20,25.28,24.48,25.02,25.11,25.02,24.85,25.11,24.93,24.93,24.76,24.93,24.76,25.02,24.48,24.67,24.85,24.76,24.67,24.67,25.20,24.76,24.85,25.02,25.20,24.76,25.20,24.67,24.85,24.85,25.20,25.11,24.76,25.11,25.20,25.11,24.67,24.67,25.02,24.93,25.02,24.20,25.02,25.02,24.76,25.20,25.20,25.20,25.37,25.28,25.11,25.02,25.02,24.85,24.93,24.85,24.67,24.93,25.02,24.93,24.93,25.02,24.93,24.93,24.93,24.76,25.02,25.28,25.20,25.02,24.67,24.76,24.85,24.93,25.20,24.85,24.39,25.20,24.85,24.93,24.93,24.93,24.93,24.76,25.20,25.11,24.85,25.02,25.02,24.67,24.67,25.02,24.67,25.11,25.28,25.02,24.85,24.85,24.85,24.93,25.11,25.02,25.46,24.93,25.46,25.37,25.20,24.85,25.20,25.37,25.46,25.46,25.11,25.37,25.37,25.63,25.55,25.55,25.46,25.20,25.11,25.46,25.11,25.37,25.37,25.46,25.02,25.20,25.28,25.37,24.93,25.28,25.20,24.93,25.20,25.02,25.11,25.28,24.76,25.11,24.93,25.37,24.93,25.20,25.11,25.28,25.37,25.11,25.11,24.85,25.02,25.28,25.28,25.28,25.11,24.76,25.46,24.85,25.11,24.76,24.76,25.02,24.85,24.76,24.93,24.76,24.93,25.11,25.11,25.37,25.02,25.20,25.20,25.37,25.20,24.76,24.93,24.76,24.93,24.93,24.67,24.76,24.85,24.85,24.85,25.02,25.11,24.76,24.93,24.76,24.67,25.02,24.76,25.20,24.57,24.85,24.48,24.76,24.67,25.02,24.93,24.76,24.76,24.85,24.76,24.85,24.85,24.93,24.76,25.02,25.63,24.93,24.76,25.20,24.93,24.93,25.02,24.93,24.76,25.02,24.93,25.11,25.02,24.57,24.85,24.85,24.93,24.57,24.67,24.67,24.93,24.76,24.93,25.20,24.85,24.85,24.85,24.93,24.76,24.48,24.76,25.02,25.11,24.57,25.02,24.76,24.93,24.85,24.48,24.57,24.85,24.85,24.93,25.02,24.85,24.85,24.20,25.02,25.20,24.67,24.85,24.93,24.76,24.57,24.67,25.20,24.48,24.76,24.57,24.48,24.67,24.85,24.93,24.85,24.48,24.93,24.67,25.11,24.76,24.85,24.85,24.93,24.93,24.76,25.20,24.67,24.67,24.39,24.48,24.39,24.76,25.11,25.20,24.67,25.02,24.67,24.67,24.76,24.39,24.76,24.57,24.76,24.85,24.93,24.76,24.67,24.76,25.11,24.76,24.57,24.76,24.93,25.02,24.48,24.85,24.67,24.76,24.85,24.85,24.67,24.76,24.48,24.85
24.76,24.29,24.76,24.67,24.29,24.39,24.85,24.48,24.48,24.85,24.39,24.85,24.67,24.76,24.76,24.48,24.57,24.57,24.93,24.29,24.76,25.02,25.20,25.11,24.93,24.85,25.11,24.57,24.85,24.85,24.76,24.85,24.29,24.76,24.67,24.76,24.57,24.67,24.76,24.76,25.20,25.20,24.76,24.76,24.57,24.67,25.02,24.93,24.39,25.11,25.02,25.02,25.20,25.20,24.76,24.76,25.11,25.11,25.11,25.11,24.85,25.20,24.76,24.76,24.76,24.67,24.85,24.67,24.93,24.85,24.85,24.93,24.93,25.02,24.93,24.93,24.85,24.67,24.48,24.76,25.37,24.76,24.67,24.85,24.93,24.85,24.93,25.02,24.76,25.02,25.02,25.02,24.67,24.85,25.20,24.93,24.93,24.93,24.76,24.67,24.85,24.67,24.76,25.11,25.11,25.02,25.11,25.02,25.20,24.57,25.20,25.02,24.85,25.02,25.11,25.37,24.93,24.76,25.02,24.67,24.93,24.85,24.93,25.02,25.20,24.85,25.28,25.37,25.11,24.93,25.28,24.85,24.93,24.67,24.76,24.85,25.02,24.76,24.67,24.85,25.11,25.02,25.11,24.93,25.02,24.48,25.11,24.76,25.28,24.76,25.02,25.20,24.93,25.11,25.11,24.85,24.76,24.93,25.20,25.20,24.76,25.11,24.67,24.93,24.93,24.85,25.37,25.11,25.28,25.02,25.02,24.93,25.46,25.20,25.20,25.20,25.20,25.02,25.02,24.93,25.37,25.20,25.02,25.37,25.11,25.55,25.28,24.85,25.02,24.93,25.46,25.20,25.37,25.11,24.85,25.28,25.11,25.02,25.11,25.20,25.37,24.93,25.20,25.20,25.20,25.28,24.85,25.11,25.28,25.20,24.76,24.93,25.02,24.85,25.02,24.67,25.37,24.93,25.11,25.02,24.93,25.20,24.76,24.85,24.76,25.20,24.93,25.20,24.67,25.02,25.11,24.85,24.85,24.76,24.93,24.76,25.20,24.67,25.02,25.11,24.85,24.57,24.85,24.93,24.93,24.76,24.76,24.76,24.93,24.76,24.93,25.02,24.85,24.48,24.85,24.85,24.76,24.93,24.93,24.85,25.02,24.57,24.85,24.76,25.02,25.02,25.11,24.85,24.93,24.67,24.85,24.93,24.85,24.85,24.76,24.93,24.85,24.67,24.76,24.85,25.02,24.85,24.20,24.57,24.76,24.48,24.85,24.57,24.76,24.93,25.28,24.76,24.93,25.11,24.76,24.93,24.57,24.93,24.93,24.85,24.85,25.02,24.76,24.85,24.93,24.93,24.57,24.93,25.02,24.85,24.67,24.48,24.67,25.02,24.67,24.93,24.85,24.48,25.20,24.76,25.11,24.85,25.11,24.57,24.85,24.93,24.93,24.67,24.85,25.11,24.76,24.85,24.67,24.85,25.02,24.48,24.76,24.48,25.11,24.57,25.02,24.85,24.48,25.28,24.67,25.02,24.85,25.02,24.76,24.76,25.11,24.85,24.67,25.02,24.93,24.85,24.93,24.67,24.93,24.76,24.76,24.85,25.11,24.85,24.57,25.02,24.93,24.76,25.11,24.39,24.48,24.76,24.48,24.76,24.67,24.93,24.85,24.48,25.02,24.57,24.39,25.02
24.93,24.76,24.57,24.76,24.67,24.48,24.76,24.67,24.76,24.93,24.85,24.76,25.11,24.48,24.39,24.48,25.11,24.67,24.93,24.67,24.67,24.93,25.02,25.02,25.02,24.85,24.48,25.02,24.93,24.93,25.11,24.93,24.93,24.67,24.85,24.93,24.85,24.57,24.76,24.76,25.11,24.76,24.93,24.67,24.67,24.93,24.67,24.93,24.67,24.57,25.02,25.02,25.02,25.11,24.85,24.76,24.76,24.76,24.67,24.85,24.93,24.57,24.67,24.93,24.76,24.57,25.11,25.20,25.28,24.93,25.02,25.02,24.93,24.57,24.67,25.20,24.85,24.76,24.93,25.28,25.28,24.57,24.93,24.67,24.76,25.02,25.20,24.85,24.85,24.57,25.11,25.28,24.85,25.20,25.02,25.02,24.93,25.11,25.20,24.76,25.02,25.46,24.93,25.02,25.28,24.93,25.02,25.20,24.85,24.85,24.67,25.11,25.20,24.76,24.57,25.02,24.85,25.11,24.67,24.76,24.85,24.93,25.20,24.85,24.85,24.48,24.85,24.93,25.20,24.93,25.28,25.02,24.85,25.11,25.55,25.02,24.93,25.11,25.02,25.11,24.93,24.76,25.02,25.37,24.76,25.02,25.37,25.11,25.11,24.93,25.11,25.02,25.28,25.02,25.20,25.20,25.20,25.02,24.85,25.28,24.93,25.37,24.85,25.02,25.02,25.02,25.11,25.11,25.20,25.55,25.11,25.55,25.37,25.37,25.11,25.37,25.28,25.11,25.98,25.37,25.28,25.37,25.11,25.11,25.37,25.28,24.93,25.28,25.20,25.37,25.28,24.93,25.11,25.28,25.20,25.02,24.93,24.93,25.02,25.02,25.02,25.02,24.85,25.02,24.67,25.20,25.11,25.20,25.02,25.28,24.93,25.28,25.20,25.11,25.37,24.93,24.93,25.28,24.76,25.20,24.76,25.11,24.48,24.85,24.76,25.20,24.93,25.11,24.93,25.11,25.02,24.93,24.85,24.85,24.93,24.93,25.28,24.76,24.93,24.76,25.11,25.28,24.67,24.76,24.85,25.02,24.93,25.11,24.67,24.85,24.93,24.93,24.85,24.93,25.11,24.57,24.57,25.02,24.76,24.85,25.02,24.93,24.93,24.76,24.67,24.39,25.11,24.85,24.93,24.85,24.67,25.37,24.76,24.76,25.02,24.93,24.85,25.02,24.93,25.02,25.11,24.93,25.28,24.93,24.76,25.02,24.93,24.93,24.57,24.76,25.02,24.76,24.93,24.29,24.93,24.57,24.93,24.85,24.85,25.20,24.85,24.76,25.11,25.20,24.93,25.20,25.11,24.57,25.20,24.48,25.28,24.93,24.67,25.28,25.11,24.93,24.48,25.11,24.48,25.20,25.11,24.85,24.76,25.20,24.85,24.48,24.48,24.85,24.93,24.67,24.76,24.57,25.11,25.02,24.85,25.02,25.02,24.76,24.76,24.67,24.67,25.02,24.85,24.85,24.67,24.57,25.20,24.76,24.39,24.85,25.02,24.67,24.76,24.76,24.67,25.20,24.67,24.67,25.02,25.02,24.93,24.67,24.85,24.85,25.11,25.02,25.37,24.85,24.85,25.11,24.76,24.39,24.93,24.93,24.57,25.11,25.02,24.93,24.39,24.57,24.76,24.76
24.57,24.76,24.57,24.48,24.76,24.76,25.02,24.85,24.57,24.48,24.48,24.67,25.11,25.02,24.67,24.76,24.67,24.85,25.02,24.93,24.85,25.02,25.20,25.11,25.02,24.93,24.93,24.57,25.02,24.67,24.76,24.85,24.48,24.76,24.76,24.93,24.85,25.11,24.76,24.85,25.28,24.76,24.76,24.76,25.02,24.48,25.02,24.85,24.93,25.11,24.85,25.37,25.11,24.67,24.85,24.76,25.02,24.76,24.93,24.67,25.11,24.76,24.67,24.67,25.20,24.85,24.76,25.11,24.76,25.20,25.11,24.76,24.93,24.93,25.02,25.20,24.67,24.85,24.57,24.85,25.20,24.85,24.85,24.57,24.93,24.93,24.93,24.76,24.57,24.57,24.67,25.11,24.76,25.20,25.55,25.20,24.85,25.28,24.85,25.11,24.85,24.85,25.20,24.57,25.11,24.85,25.20,25.11,25.11,24.76,24.93,24.93,24.85,25.02,24.85,25.02,25.20,25.20,24.57,25.02,25.02,24.93,24.85,25.02,24.57,25.02,25.20,24.93,25.37,24.85,24.85,25.28,25.11,25.02,25.02,24.93,25.20,24.85,25.28,25.11,25.20,25.02,24.85,24.85,25.28,25.11,24.93,25.11,25.11,24.85,24.85,24.93,24.76,24.93,25.20,25.11,25.37,24.85,25.28,25.11,25.02,25.11,24.85,25.02,25.28,24.76,25.02,25.02,25.20,25.11,24.93,25.46,25.28,25.28,24.93,25.46,25.28,25.46,25.02,25.28,25.46,25.20,25.02,25.28,25.63,25.11,25.20,25.11,25.20,25.11,25.28,25.11,25.28,25.28,25.37,25.46,25.55,25.37,25.11,24.76,25.20,25.46,25.28,25.02,24.93,25.28,25.28,25.28,24.85,25.37,25.02,25.02,24.85,25.20,24.93,25.28,25.11,25.20,25.28,25.37,25.11,25.20,25.20,24.85,25.28,24.76,24.67,24.76,25.28,25.37,25.28,24.93,25.20,25.20,24.85,24.76,24.85,24.76,24.76,24.85,25.20,24.85,25.02,24.76,24.85,25.28,24.85,24.85,24.93,24.85,24.57,24.93,24.76,25.02,25.28,25.02,24.67,25.02,24.67,24.76,24.93,24.93,24.93,24.48,24.48,25.02,25.11,24.39,24.85,25.11,24.85,25.11,24.85,24.76,25.02,24.93,24.67,25.20,24.76,24.85,24.85,25.11,24.57,25.11,25.28,25.11,25.11,24.93,24.93,24.76,24.93,25.11,25.11,24.93,24.48,24.93,24.93,24.76,24.93,25.11,24.85,24.76,24.57,24.85,24.48,24.93,24.76,24.57,24.76,25.02,24.93,24.93,24.57,25.02,24.93,24.85,24.76,25.11,24.67,24.67,25.02,24.93,24.57,24.85,24.76,25.37,24.67,24.48,24.93,25.11,24.85,24.93,24.57,24.57,25.02,24.48,24.85,24.48,24.76,24.93,25.20,24.76,24.85,24.67,24.76,24.76,24.85,25.20,24.76,25.02,24.76,25.02,24.39,24.93,24.67,24.67,24.93,24.76,24.85,25.02,25.02,24.85,24.76,24.85,24.93,24.85,24.76,24.76,24.57,24.85,24.85,24.85,24.48,24.93,24.85,25.11,25.11,24.48,25.02,25.20,24.85,24.93
24.39,24.93,24.57,24.67,24.48,24.57,24.76,24.93,24.57,24.48,24.57,24.57,24.67,25.20,25.20,24.67,24.67,24.85,24.93,24.93,24.57,24.85,25.11,24.85,25.02,24.29,24.85,24.48,25.11,24.76,24.76,24.76,24.67,25.20,24.67,24.76,24.67,24.85,24.93,24.85,24.76,24.93,24.39,24.67,24.76,25.02,24.76,24.85,24.67,25.02,25.02,24.93,24.93,24.85,25.28,24.85,24.76,25.11,24.85,24.76,24.85,25.02,25.02,24.85,25.20,24.67,24.85,24.67,25.20,24.93,24.85,24.85,24.57,24.93,24.93,24.85,24.85,24.85,24.85,24.76,25.28,24.67,25.02,25.20,25.20,25.11,24.85,25.20,25.37,24.57,25.20,24.57,25.02,25.37,25.02,25.11,25.46,24.76,24.85,25.02,25.02,25.20,25.11,25.02,25.20,25.02,25.11,25.02,25.11,24.76,25.02,24.93,24.76,25.11,25.11,25.02,24.57,24.57,24.93,25.28,24.93,25.28,24.57,25.28,24.93,25.02,24.93,25.02,25.37,24.93,24.85,24.76,24.93,24.76,25.11,24.93,24.85,24.93,24.76,24.85,24.93,25.28,25.28,24.93,25.02,24.57,24.93,24.93,25.02,24.93,25.02,25.02,25.02,24.93,25.20,25.37,24.93,24.93,25.02,25.02,25.55,25.02,24.93,25.55,24.93,24.93,24.67,25.02,25.20,25.55,25.20,25.28,25.37,25.28,25.55,25.11,25.11,25.20,25.11,25.11,25.55,25.20,25.37,25.20,25.20,25.11,25.28,25.11,24.85,25.28,25.37,25.37,25.20,24.93,25.37,25.37,25.20,24.93,25.46,25.37,25.46,25.11,25.28,25.20,24.85,24.85,24.93,25.55,25.72,24.85,25.11,24.93,24.85,25.28,24.85,25.20,25.11,25.20,24.76,24.76,25.20,25.20,25.11,25.46,25.11,24.39,24.76,24.57,24.93,25.28,25.20,25.02,25.28,24.85,24.85,25.20,25.37,24.76,24.93,25.20,25.02,25.28,24.93,25.20,24.76,24.76,24.76,25.20,24.85,24.93,24.76,25.11,24.93,24.76,24.93,25.20,25.02,24.76,24.85,24.85,25.11,24.85,25.11,24.85,25.02,25.28,25.11,24.85,24.93,24.57,25.11,24.48,24.67,24.85,24.76,24.76,25.02,25.02,25.11,25.20,25.11,25.20,25.02,24.76,24.93,25.37,25.02,24.85,25.11,24.76,24.76,24.85,24.76,24.67,24.85,24.76,24.76,24.93,24.93,24.57,25.11,24.85,25.20,25.20,24.93,25.11,24.76,24.76,24.67,24.85,24.93,24.76,24.85,24.93,24.85,25.20,24.85,24.85,24.76,24.93,24.93,24.76,25.11,25.02,24.76,25.11,24.67,25.11,25.20,24.57,25.11,25.20,24.67,25.28,25.02,24.85,25.20,24.76,25.20,25.11,25.20,24.85,25.37,25.02,24.93,24.57,24.76,24.57,24.67,24.85,24.85,24.67,24.85,25.20,24.93,24.57,24.76,24.76,24.85,24.67,24.57,24.67,24.57,24.76,24.85,24.57,24.67,24.85,24.93,24.76,25.28,24.76,24.85,24.67,24.67,24.48,24.93,25.11,24.85,24.57,24.48,24.67
24.76,24.29,24.67,24.76,24.29,24.76,24.48,24.76,24.67,24.85,24.48,24.57,24.48,24.93,24.76,24.85,25.02,24.93,24.93,24.76,24.48,24.57,24.76,25.02,24.76,24.93,24.76,25.11,24.67,24.67,24.11,24.67,25.02,24.76,24.67,25.20,24.76,24.85,24.93,25.20,25.11,24.76,24.48,25.11,24.76,24.67,24.85,25.02,24.85,24.93,24.93,24.85,24.93,25.02,25.02,25.11,24.93,25.11,25.63,24.85,24.76,25.02,24.76,24.85,24.85,24.67,25.11,24.85,24.67,24.48,24.85,24.76,24.85,25.11,24.76,24.67,25.02,24.76,25.11,24.93,24.76,24.57,24.57,25.46,25.02,24.76,24.67,24.76,25.11,25.02,25.02,24.76,25.11,24.57,25.02,25.28,25.02,25.11,24.67,25.02,25.02,25.28,25.02,25.02,24.85,25.02,24.67,24.85,24.85,24.85,25.02,24.57,25.11,25.02,25.20,25.20,25.28,25.37,24.93,24.93,25.46,24.93,25.11,25.11,24.93,24.93,24.93,25.20,25.20,25.02,25.20,25.11,25.11,25.11,24.48,25.37,24.67,24.76,25.20,25.20,24.76,25.37,25.20,25.20,24.93,25.02,25.28,25.11,24.67,24.85,24.93,24.93,25.11,25.11,25.28,25.28,25.28,25.02,25.46,25.02,25.02,25.20,24.85,25.11,25.20,24.85,25.11,25.37,25.28,25.28,25.55,24.93,25.46,25.20,25.37,25.28,25.37,24.76,25.55,25.72,25.37,25.20,25.55,25.20,25.20,25.28,25.28,25.46,25.20,24.93,25.20,25.20,25.11,25.11,25.11,24.93,25.20,24.67,25.11,25.02,25.46,25.11,25.02,25.02,25.11,25.11,25.02,25.28,25.11,25.28,25.20,25.11,25.37,25.11,25.02,25.20,24.76,25.02,24.57,24.76,25.02,25.02,25.28,25.11,25.02,24.76,25.11,24.76,25.20,25.20,25.28,24.85,25.20,24.67,24.76,25.37,25.02,24.76,24.85,25.02,24.85,24.93,24.93,25.02,25.11,25.11,24.93,25.20,24.67,24.39,24.93,24.93,24.76,25.02,24.67,24.93,25.02,24.93,24.67,25.11,24.85,24.93,24.93,24.85,24.85,24.67,24.67,24.93,24.93,24.85,24.67,25.11,24.76,25.02,24.67,25.20,24.85,25.02,25.20,24.67,25.02,25.02,24.76,24.85,24.48,24.76,24.76,25.11,25.02,24.67,25.11,24.67,24.67,24.57,24.93,24.76,25.02,24.93,24.85,24.85,24.67,24.85,24.76,24.85,24.93,24.67,25.02,24.48,24.67,24.57,24.93,25.20,24.85,25.11,25.28,24.57,25.11,24.76,24.57,24.76,24.67,24.93,24.48,24.93,25.11,24.76,24.57,24.76,25.02,25.02,25.02,24.67,24.67,24.85,24.48,24.85,24.85,24.67,24.67,25.20,25.28,24.85,25.02,25.02,24.57,24.67,25.11,24.76,24.93,24.76,24.76,25.02,24.93,24.76,24.67,25.20,24.85,24.85,24.76,24.48,25.28,24.39,25.02,24.76,24.48,24.85,24.57,24.67,24.85,24.57,24.93,24.67,24.29,24.76,24.85,24.39,24.85,24.67,24.57,24.48,25.02,24.57
24.76,24.57,24.93,24.85,24.76,24.29,24.57,24.57,24.67,24.57,24.57,24.76,24.57,24.93,24.67,24.76,24.85,24.85,24.76,24.48,24.48,24.85,25.02,24.76,24.85,24.85,24.29,24.85,24.85,24.76,24.85,24.20,24.11,24.85,24.85,24.57,24.48,24.76,24.76,24.48,25.20,24.85,25.02,25.20,25.20,24.93,25.11,25.20,24.85,25.11,24.57,25.02,24.93,25.11,25.11,24.76,24.76,24.93,24.76,25.02,24.76,24.67,24.39,24.85,24.76,24.48,24.93,24.85,25.28,24.93,24.76,24.93,25.20,24.85,24.76,24.93,24.85,24.93,24.93,24.76,25.11,24.93,24.93,24.76,24.93,25.11,24.67,24.39,24.67,24.76,25.02,24.93,25.11,24.76,25.20,24.85,25.28,24.76,24.48,24.93,25.20,24.93,25.02,25.11,24.67,25.11,25.02,24.93,25.20,25.02,24.85,25.11,25.11,25.28,24.85,24.85,24.93,25.11,25.02,24.76,24.57,25.11,25.11,25.11,25.11,25.28,25.11,24.85,24.93,24.85,25.02,24.76,25.11,25.11,25.02,24.85,25.02,24.93,25.20,25.20,25.20,24.57,25.02,24.93,25.11,25.02,25.02,25.20,25.20,25.02,25.11,24.67,24.76,25.28,24.93,24.57,25.11,25.11,25.20,25.11,25.28,24.93,25.11,25.20,24.93,24.93,25.20,24.85,25.02,25.20,25.46,25.55,25.37,25.20,25.37,25.28,25.11,25.28,25.46,25.28,25.28,25.28,25.37,25.46,25.11,25.20,25.28,25.02,25.28,25.02,25.11,25.28,25.46,25.72,25.55,25.02,25.63,25.37,25.28,25.20,25.11,25.20,25.02,25.28,24.67,24.93,25.28,24.67,25.28,25.37,25.28,25.28,25.28,25.11,25.37,25.02,25.28,25.11,25.37,25.37,25.20,25.37,25.37,25.20,25.20,25.37,24.67,25.11,25.11,25.28,25.28,25.46,25.02,24.93,24.93,24.93,24.93,25.20,24.93,25.37,25.11,25.20,25.28,25.20,24.93,25.11,25.02,24.93,24.93,25.28,24.76,25.28,24.57,24.93,25.02,25.11,25.46,25.11,25.37,24.85,24.76,25.02,24.85,25.02,25.02,24.85,24.85,25.11,24.93,24.85,24.85,25.02,24.85,24.76,24.76,24.85,24.67,25.02,25.11,25.11,25.02,25.11,24.85,24.93,25.11,25.02,24.93,24.29,24.85,24.93,25.28,25.20,24.93,24.85,24.76,24.67,24.85,24.57,24.85,25.02,25.28,25.20,25.02,25.28,25.11,25.11,25.20,24.93,24.93,24.76,24.57,24.67,24.76,25.02,24.85,24.67,24.85,24.85,24.85,24.93,25.02,24.67,25.28,24.57,25.20,25.11,24.85,25.11,25.11,25.37,24.76,24.76,25.02,24.76,24.76,24.85,24.85,24.85,25.11,25.37,24.67,24.67,24.67,24.67,24.93,25.20,25.28,24.76,24.76,25.63,25.02,24.67,24.93,25.02,24.67,24.76,25.37,24.76,24.67,24.39,24.76,24.39,24.85,24.93,25.20,24.93,24.85,24.85,25.20,24.76,23.92,24.93,24.29,25.20,24.76,24.48,24.85,24.67,25.02,24.76,24.76,24.76
24.39,24.76,24.76,25.11,24.76,24.93,24.57,24.11,24.48,24.57,24.57,24.85,24.48,24.67,24.48,24.76,24.93,24.85,24.76,24.76,24.85,24.85,24.76,24.76,24.85,24.85,24.67,24.85,24.76,24.57,25.37,24.48,24.57,25.02,24.76,24.39,24.76,24.57,24.85,24.67,25.02,24.85,24.85,25.20,24.93,24.93,25.20,24.93,24.85,25.02,24.93,24.85,24.85,24.93,24.85,24.76,24.93,24.93,25.02,24.93,24.76,24.57,24.93,24.85,24.67,24.85,24.67,25.02,25.02,24.93,24.93,24.85,24.85,24.76,24.67,24.76,24.67,24.67,24.85,24.39,24.93,24.93,24.67,25.20,24.57,24.67,25.11,24.93,24.93,24.76,25.20,25.20,25.20,25.11,24.93,25.02,24.85,25.02,25.02,24.76,24.76,25.02,24.93,24.93,24.48,25.20,24.67,24.85,25.28,25.02,25.02,25.02,24.93,24.76,25.02,25.02,25.28,25.02,25.20,24.93,25.37,25.28,25.11,25.28,24.76,24.85,24.67,24.93,24.93,24.67,24.93,24.85,25.28,24.67,25.02,24.67,24.93,24.76,25.11,25.63,25.28,24.76,25.20,25.28,24.76,25.02,25.02,25.28,25.02,24.85,25.02,25.02,25.20,25.02,24.93,24.93,24.85,24.85,25.20,24.93,24.93,25.11,25.11,25.11,24.93,24.93,25.02,25.28,24.67,25.11,25.37,25.28,25.11,25.20,25.20,25.11,25.28,25.46,25.28,25.37,25.55,25.46,25.02,25.20,25.28,25.11,25.20,25.11,25.37,25.02,25.37,25.20,25.63,25.11,24.85,25.20,25.20,25.28,25.20,25.20,25.37,25.02,24.93,25.20,25.11,24.76,25.37,25.11,25.37,25.11,25.11,25.02,25.20,24.93,25.20,24.85,24.48,25.11,24.57,25.46,24.76,25.11,25.20,24.85,24.67,24.93,24.93,25.02,25.11,24.85,24.85,25.02,24.76,24.57,24.93,25.28,24.67,25.02,24.85,25.37,24.67,25.20,24.76,24.93,25.11,24.93,24.76,24.76,25.02,25.37,25.02,25.28,25.28,25.02,24.93,24.85,24.39,25.11,25.02,24.85,24.57,24.85,25.20,25.02,25.02,25.20,24.93,24.85,24.85,24.93,24.57,24.85,24.67,24.39,24.85,25.02,25.28,24.57,24.85,25.02,24.93,24.93,24.85,24.93,24.67,24.85,24.76,25.02,24.93,25.02,24.76,24.29,24.67,24.85,24.57,24.93,24.67,25.11,24.85,24.76,24.93,24.93,24.48,24.57,25.20,25.02,24.76,24.76,24.93,25.02,25.11,24.76,25.02,25.02,24.67,24.93,25.02,25.20,24.93,24.93,24.29,24.93,24.57,25.02,24.76,24.93,24.67,24.76,24.85,24.76,25.37,24.67,24.93,24.67,24.85,25.20,24.93,24.67,24.76,24.67,24.76,24.76,24.67,25.02,24.67,25.20,25.02,24.57,24.85,25.28,24.93,24.93,24.67,25.11,24.85,24.93,24.85,25.11,24.76,24.48,24.57,24.93,25.02,24.76,24.67,24.57,25.02,24.93,24.85,24.57,24.67,24.48,25.02,24.67,25.02,24.76,24.93,24.93,24.48,25.11,24.48,25.02
24.57,24.29,24.85,24.76,24.57,24.57,25.11,24.67,24.76,24.67,24.85,24.76,24.76,24.29,24.85,24.29,24.85,24.85,24.85,24.57,25.02,24.85,25.02,24.67,24.57,24.93,24.93,24.93,24.85,24.57,24.93,24.76,25.02,24.93,24.85,24.85,24.93,24.85,24.85,24.85,25.11,25.11,24.76,24.48,25.11,25.20,24.85,25.20,24.93,24.57,24.76,24.85,24.93,24.76,25.02,24.76,24.93,25.11,24.67,24.85,25.11,24.93,24.85,25.11,24.85,25.11,24.93,24.93,24.85,24.85,25.20,24.67,25.20,25.20,24.67,24.85,25.02,25.02,24.67,24.93,24.85,24.67,25.11,24.67,24.85,25.28,24.67,24.67,24.93,25.11,25.11,24.85,24.85,24.76,24.93,25.20,25.11,24.76,24.48,24.93,24.67,25.02,25.20,24.57,25.20,25.11,25.20,25.20,25.20,25.28,25.55,24.85,24.85,25.02,24.85,25.20,25.02,24.57,25.28,25.11,24.93,25.20,24.93,24.93,25.02,25.02,25.37,25.11,24.67,24.76,24.76,24.93,24.85,24.93,25.11,25.02,25.11,25.20,24.93,24.67,25.20,24.85,25.20,24.76,24.85,25.11,24.93,25.11,25.11,25.02,24.76,24.85,25.02,24.93,25.02,24.67,25.02,24.85,25.20,25.20,24.93,25.46,25.11,24.48,24.93,24.85,25.28,25.11,25.02,25.37,25.55,25.37,25.37,25.20,25.20,25.72,25.81,25.55,25.11,25.02,25.46,25.28,25.11,25.28,25.20,25.28,25.20,25.37,25.28,25.02,25.20,25.20,25.28,25.46,25.11,25.28,24.67,25.37,25.37,25.02,25.20,25.11,25.02,25.20,24.93,25.37,25.20,25.20,25.20,25.28,25.28,25.20,25.28,25.02,25.37,25.20,25.11,25.02,25.37,25.46,25.02,24.85,25.20,25.11,24.93,25.37,25.20,25.11,25.11,24.48,25.02,24.85,25.02,24.57,24.93,25.11,24.93,24.93,24.93,24.85,24.85,25.02,25.11,24.93,24.85,24.93,24.67,24.67,24.67,25.02,24.85,25.11,24.93,24.67,24.48,24.76,24.85,24.67,24.85,24.85,24.93,24.76,24.85,25.11,24.76,24.76,24.93,24.93,24.93,24.76,25.11,25.02,24.57,24.76,24.76,24.93,25.02,24.39,24.93,25.11,24.85,24.76,24.76,25.28,25.02,25.28,25.11,24.76,25.11,24.93,24.85,24.76,24.67,24.48,24.93,24.67,24.85,24.85,24.93,25.02,24.85,25.11,24.67,25.02,25.02,25.11,24.85,25.28,24.85,24.76,25.02,24.85,24.93,25.28,25.11,25.02,24.67,24.57,24.76,24.48,24.85,24.57,24.93,25.02,24.57,24.48,25.11,24.76,24.76,24.57,25.20,25.02,25.11,25.11,24.76,24.85,25.11,25.20,24.76,25.20,24.76,24.57,24.76,25.11,25.20,25.28,24.57,24.57,24.48,24.85,24.76,24.29,24.76,25.02,24.48,24.76,24.67,24.85,24.67,24.57,24.57,24.67,24.93,24.76,24.57,25.28,24.48,24.67,24.57,24.57,24.85,24.93,24.57,24.85,25.37,24.76,24.57,25.11,24.39,24.76,24.85,24.57
24.57,24.85,24.93,24.93,24.48,24.76,24.85,24.11,25.02,25.11,24.85,24.48,25.20,24.57,24.48,25.20,24.67,25.11,24.85,24.76,24.67,24.93,24.48,25.02,24.85,24.93,24.93,24.76,24.57,24.67,25.37,24.20,25.02,24.93,24.85,24.29,24.67,24.57,24.67,24.57,24.93,24.67,24.76,24.67,24.76,24.93,24.76,25.37,24.93,25.11,24.93,25.02,25.28,24.93,24.67,24.67,24.93,24.76,24.85,24.93,24.85,24.85,24.76,24.93,25.02,24.67,24.57,24.57,25.37,24.76,25.11,24.93,24.93,25.28,24.85,24.85,24.67,24.67,24.67,24.48,24.85,24.67,24.57,24.76,25.20,24.93,24.76,24.93,24.85,24.85,24.76,24.76,25.11,24.85,24.85,25.11,25.02,25.20,24.85,25.02,25.28,24.85,24.93,25.55,25.11,25.28,24.48,25.11,24.93,25.02,24.93,25.02,24.85,25.02,24.76,25.11,24.67,25.02,25.37,25.37,24.76,24.57,25.20,24.93,25.11,25.28,25.20,24.93,25.11,25.11,25.02,25.02,25.37,24.93,25.11,25.20,24.67,24.76,24.93,24.93,24.85,24.76,25.20,24.93,24.85,25.20,25.02,25.37,25.11,24.93,24.93,24.93,24.93,24.67,25.20,24.57,24.93,25.37,25.11,25.02,24.93,25.28,25.02,25.11,25.02,25.28,24.85,25.37,25.11,25.28,25.28,25.02,25.28,25.55,25.02,25.28,25.37,25.37,25.81,25.28,25.37,25.20,25.28,25.37,25.37,25.11,25.55,25.55,25.02,25.37,25.20,24.93,24.85,24.85,25.20,25.28,25.20,25.28,25.02,25.37,25.28,25.20,24.85,25.02,25.11,24.93,25.63,25.02,25.11,24.67,25.11,25.20,24.48,25.46,25.20,25.11,25.11,25.20,24.93,24.93,25.02,24.76,25.20,25.46,25.02,25.28,24.85,25.37,25.55,25.11,24.93,25.28,25.11,24.76,24.67,24.76,25.11,24.85,24.85,24.93,24.93,24.76,24.85,24.67,24.76,24.85,25.37,24.93,24.76,24.57,24.48,24.76,24.76,24.85,24.48,25.11,24.85,24.93,24.67,25.02,25.11,24.76,25.02,24.76,24.76,24.48,25.28,24.93,24.67,24.93,24.85,24.85,24.93,25.02,24.76,24.93,24.67,24.57,25.02,24.76,25.02,24.67,24.39,24.76,24.85,24.85,24.85,24.93,24.76,24.85,25.37,24.93,24.93,24.39,24.85,24.67,24.67,24.76,24.76,24.76,24.93,24.85,24.85,24.93,24.76,24.67,24.76,24.85,24.93,24.57,24.76,24.76,25.11,24.57,24.93,25.02,24.39,24.85,24.67,24.93,24.85,25.11,24.93,25.28,25.02,24.93,24.85,24.67,24.29,24.67,24.29,24.85,24.67,25.11,24.76,24.76,24.76,25.11,25.11,25.37,24.93,24.76,24.76,25.11,24.93,25.02,24.76,24.85,24.85,24.57,24.76,24.93,25.11,24.76,25.02,25.02,24.85,24.76,24.93,24.67,24.93,24.93,24.76,24.39,25.02,25.02,24.67,24.48,24.39,24.57,24.20,24.85,24.57,24.57,24.85,24.93,24.67,25.02,24.67,24.39,24.67,24.39
24.39,25.02,24.67,24.48,24.67,24.57,24.85,24.57,24.76,24.85,24.76,25.20,25.11,24.76,24.67,24.01,24.85,24.85,24.67,24.20,24.48,24.93,24.93,24.67,24.67,24.39,24.93,24.76,24.48,24.67,24.85,24.85,24.93,24.76,25.02,24.93,25.20,24.93,24.67,24.93,24.57,24.85,25.20,25.11,25.02,24.93,25.02,24.93,24.93,24.93,25.20,25.11,24.85,24.93,25.02,24.93,25.02,24.67,25.02,24.93,24.85,24.85,24.85,25.28,24.85,25.20,25.20,24.76,24.76,25.02,24.76,25.02,25.02,24.93,24.93,24.85,24.93,24.93,25.20,24.93,24.76,24.67,25.02,24.85,25.20,25.37,24.76,24.93,25.28,24.57,25.02,24.76,24.67,24.57,24.67,24.57,25.11,25.02,24.67,24.67,24.76,25.02,25.37,25.11,24.76,24.76,24.85,24.85,24.57,25.02,24.85,25.02,24.93,24.93,24.57,24.67,24.76,25.37,25.02,25.02,24.93,25.02,24.93,24.85,24.48,25.02,25.37,24.76,25.02,25.11,25.02,24.67,25.28,25.02,25.11,25.02,25.20,24.93,24.85,25.11,24.85,25.11,24.93,24.67,25.28,25.20,24.85,24.67,25.02,24.85,25.11,25.02,24.93,25.11,24.85,25.11,25.28,24.93,25.20,24.93,25.02,25.20,25.11,25.02,25.37,25.11,25.28,24.93,25.02,25.02,25.46,25.46,25.46,25.20,25.28,25.37,25.37,24.93,25.28,25.37,25.11,25.55,25.37,24.93,25.55,25.37,25.20,25.11,24.93,24.93,25.37,25.02,25.20,25.02,24.85,24.76,25.20,25.46,25.20,25.28,25.28,25.37,24.57,25.28,25.28,25.37,25.37,25.46,25.72,25.37,24.93,25.20,25.28,25.37,24.85,25.28,24.85,25.28,24.93,25.20,25.02,25.20,25.46,25.20,25.28,25.20,25.11,25.02,25.20,25.11,25.11,25.11,25.28,24.85,24.76,25.20,24.85,25.11,24.85,24.67,24.67,25.28,25.20,24.67,25.02,24.85,24.48,24.67,24.76,24.85,24.85,25.37,24.76,24.76,24.48,24.76,24.85,24.93,24.76,24.85,24.48,25.02,24.93,24.93,24.85,24.85,25.02,24.85,24.85,24.76,25.46,25.11,25.02,24.57,24.67,25.20,24.76,24.85,25.11,24.67,24.76,25.28,25.02,25.20,24.67,25.02,25.02,24.76,24.76,25.11,24.85,24.57,25.11,25.02,25.02,25.20,25.02,25.02,25.20,25.02,24.67,24.76,24.93,24.93,24.85,25.28,25.02,24.67,24.67,24.93,25.28,24.76,25.02,24.57,25.02,24.93,25.11,24.67,25.37,25.02,24.76,25.02,24.48,24.67,25.11,24.67,25.11,25.20,24.76,24.85,24.76,25.02,24.85,25.02,25.02,24.85,25.11,24.85,25.11,25.28,25.20,24.76,24.93,25.11,24.76,24.85,24.76,25.11,24.85,24.85,24.76,24.93,25.20,24.85,24.93,24.76,24.67,24.85,24.48,24.57,24.67,25.02,24.57,24.93,24.57,24.93,24.85,24.85,24.85,24.93,24.67,24.67,24.93,24.48,24.85,24.67,24.76,24.76,24.57,24.93,24.39,24.76
24.29,25.02,24.57,24.29,24.85,24.67,24.48,24.85,24.57,24.67,24.93,24.76,24.85,24.93,24.67,25.02,25.11,24.85,24.93,24.85,25.11,24.85,24.29,24.76,24.85,24.85,24.93,24.93,25.02,24.57,25.02,24.67,24.93,24.67,25.02,24.57,24.57,24.93,24.76,24.67,24.57,24.85,24.57,25.02,25.02,24.76,25.11,24.76,25.02,25.20,24.93,24.76,25.20,24.76,24.76,24.85,25.02,24.85,24.93,24.76,24.85,24.67,24.93,24.93,24.85,25.02,24.67,24.93,24.93,25.20,24.76,25.02,24.85,24.85,24.67,24.67,25.02,24.76,24.48,24.85,24.76,24.93,25.02,24.93,25.02,25.02,24.76,25.02,24.93,24.93,25.11,25.20,25.11,24.85,24.93,25.20,24.85,25.02,25.02,24.93,25.02,25.20,24.85,24.85,25.28,24.93,25.02,25.20,25.02,25.28,24.93,25.28,25.11,25.02,24.93,24.93,25.02,25.02,25.02,25.20,24.93,25.11,25.02,24.76,25.20,25.20,25.11,25.28,25.11,24.76,25.02,24.93,25.11,25.11,25.11,24.76,24.85,25.02,25.11,24.85,25.20,24.85,24.85,25.20,24.93,25.11,25.02,25.02,25.20,24.93,24.85,25.20,24.76,25.20,25.02,25.28,25.02,25.11,25.20,25.37,25.02,25.46,24.76,25.20,25.20,25.11,25.02,25.20,25.02,25.02,25.20,25.28,25.20,25.11,25.28,25.46,25.28,25.37,25.28,25.20,25.28,25.02,25.02,24.93,25.20,25.37,25.37,25.20,25.28,25.20,25.28,25.11,25.11,25.28,25.28,25.20,25.02,25.02,25.20,25.28,25.46,25.46,25.11,25.20,25.28,24.93,25.28,25.37,25.46,24.48,25.37,25.11,25.28,25.37,24.93,25.28,24.85,24.85,25.20,24.76,25.11,24.67,25.11,24.93,25.11,24.57,24.76,24.93,24.85,24.85,24.76,25.02,25.11,25.20,25.02,24.85,25.28,24.76,25.02,25.11,24.93,25.02,24.67,25.28,25.02,24.85,24.76,25.02,25.20,24.48,24.67,24.76,24.85,24.93,24.93,24.76,25.11,24.76,25.11,24.85,25.11,24.67,25.02,25.02,24.76,24.93,24.85,24.76,25.37,24.67,24.85,24.67,24.76,24.67,24.85,24.76,24.93,25.02,24.76,24.85,24.85,25.02,25.20,25.11,24.29,25.11,25.02,25.02,24.85,24.85,25.20,24.76,25.11,24.93,24.76,24.29,25.02,24.76,25.11,24.93,24.85,24.93,24.76,24.85,24.85,24.93,24.85,25.02,24.76,24.57,24.67,25.20,25.02,24.93,24.93,24.48,25.20,25.02,24.57,24.57,25.11,24.48,24.29,25.20,24.93,24.76,24.76,25.20,24.85,24.85,25.11,25.20,24.48,24.85,25.02,25.20,24.76,25.02,25.11,24.76,24.57,25.11,24.85,25.11,25.28,24.85,24.85,24.76,24.48,24.76,24.85,24.85,25.20,24.57,24.85,24.76,24.76,24.76,24.76,24.93,24.93,24.93,24.76,24.67,25.20,24.93,24.67,25.02,24.67,24.93,24.93,25.11,24.85,24.76,25.02,25.02,24.93,24.39,24.48,24.48,24.67,25.11
24.93,24.57,24.85,24.76,24.67,24.20,24.76,24.57,24.57,24.85,24.76,24.67,24.67,25.02,24.57,24.29,24.93,25.20,24.93,24.76,24.67,24.76,25.11,24.93,24.93,24.85,24.93,24.85,25.11,24.85,25.02,25.02,24.93,25.02,25.02,25.46,24.93,24.67,25.28,24.85,25.02,24.93,25.20,24.67,24.76,25.20,25.20,25.11,25.02,24.93,24.67,24.93,25.02,24.93,24.48,24.93,24.76,25.02,24.67,25.02,24.76,24.93,24.93,24.76,25.02,25.11,25.02,25.20,24.48,24.85,24.85,25.02,24.93,24.57,24.93,25.11,25.02,24.93,24.85,24.76,24.76,24.76,25.11,24.85,24.93,24.85,24.85,25.02,24.57,24.85,24.76,24.76,25.11,24.93,24.48,25.02,25.11,25.20,25.20,24.67,24.85,24.76,24.85,25.11,24.93,25.11,25.11,24.67,25.20,24.85,24.93,25.11,25.46,24.85,25.02,24.67,25.37,24.85,24.85,25.02,24.93,25.11,24.85,25.11,25.28,25.37,25.11,25.02,25.11,25.11,25.02,25.11,25.02,24.67,24.93,24.93,24.93,24.93,25.02,24.85,24.76,25.11,25.28,25.20,24.93,25.11,25.02,24.93,25.02,25.02,25.02,25.11,24.57,25.20,25.02,25.11,25.11,24.93,24.93,25.37,25.28,24.93,25.28,25.46,24.85,25.20,24.85,25.02,25.02,24.93,25.11,25.46,25.28,25.37,25.37,25.11,25.20,25.11,25.46,25.28,25.37,25.55,25.37,25.37,25.37,25.28,25.20,25.02,24.93,24.76,25.28,25.20,25.37,25.11,25.02,25.55,25.46,25.37,25.11,25.28,24.85,24.93,25.11,25.63,25.46,25.02,25.20,25.11,25.46,24.93,25.20,25.11,24.67,25.37,24.85,24.93,25.11,25.37,24.67,24.76,24.85,24.93,24.76,25.02,24.85,24.93,24.85,24.85,24.93,25.20,25.02,24.93,25.20,24.93,24.93,25.02,25.55,24.67,25.28,25.02,25.11,24.57,25.02,24.93,24.67,24.85,24.93,24.48,24.76,24.57,24.57,25.11,24.85,25.28,25.02,24.93,24.85,24.93,24.85,24.57,24.93,25.02,24.57,24.67,24.85,24.85,24.85,24.57,24.85,24.85,24.48,24.67,25.02,24.67,25.02,25.02,24.93,24.76,24.57,25.02,24.85,25.02,24.76,24.85,25.02,24.48,24.67,24.93,24.85,24.76,24.85,25.02,24.67,25.02,24.85,24.93,24.76,24.67,24.93,25.37,25.02,25.11,24.76,24.93,24.85,25.02,25.02,24.93,25.02,24.93,24.67,24.67,25.28,25.02,25.02,24.76,24.57,24.67,24.39,24.67,24.57,25.11,24.76,24.57,24.93,24.48,24.76,24.93,24.57,24.48,24.76,24.39,24.85,24.93,24.93,24.67,24.76,24.57,25.11,24.76,24.85,24.57,24.93,25.11,25.02,24.57,25.11,24.67,24.85,24.85,24.76,24.67,24.93,24.85,24.93,24.57,24.76,24.85,25.28,24.93,25.02,25.02,24.76,24.39,24.76,24.48,24.76,24.85,24.20,25.02,24.76,25.37,24.85,24.48,24.76,24.85,24.85,25.02,24.93,24.57,24.39,24.76
25.02,24.93,24.93,24.76,24.57,24.57,24.57,24.57,24.48,24.48,24.76,24.57,24.93,25.02,25.02,24.93,24.67,25.02,24.93,24.57,25.20,25.02,24.57,24.39,24.85,24.76,24.93,25.11,24.67,24.85,24.57,24.67,24.67,24.76,24.57,24.48,24.93,24.67,24.76,24.76,24.67,24.93,24.48,24.76,24.57,25.11,24.67,25.02,24.57,24.57,24.85,25.02,25.20,24.57,25.20,25.11,24.85,24.76,25.11,25.02,24.57,24.85,24.48,24.85,25.02,24.48,24.67,24.93,25.02,25.11,24.85,24.48,25.11,25.28,24.93,24.67,24.76,25.20,24.93,24.93,24.93,24.93,24.76,24.67,25.20,25.20,24.93,25.02,24.67,25.02,24.76,24.67,24.93,24.93,24.93,24.85,24.76,24.57,25.11,24.29,25.11,25.20,24.85,25.20,25.02,25.02,25.28,25.02,24.76,25.20,25.11,25.11,25.02,25.11,25.02,24.85,24.76,24.76,24.76,25.20,25.11,25.20,25.20,25.11,24.93,24.93,25.11,24.85,25.02,25.02,24.93,24.76,25.11,24.93,24.85,25.02,25.02,25.20,24.93,25.37,24.39,24.93,24.93,25.20,25.37,25.20,25.20,25.20,25.02,24.57,24.57,25.11,24.85,25.37,25.46,25.20,25.20,24.93,24.93,25.02,24.76,24.76,24.93,25.20,25.20,25.20,25.55,25.02,24.85,25.20,25.11,25.28,25.20,24.93,25.46,25.28,25.28,25.11,25.20,25.28,25.37,25.28,25.11,25.63,25.11,25.20,25.20,25.02,25.02,25.20,25.28,25.20,25.46,25.11,25.37,25.46,25.37,25.11,25.11,24.93,25.02,25.20,25.20,25.37,25.37,25.11,25.20,25.28,25.37,25.72,25.20,25.20,24.76,24.93,25.28,24.85,24.76,25.02,24.93,25.02,25.11,25.28,25.11,25.11,24.85,25.02,25.11,25.02,25.11,25.20,24.85,24.76,25.20,25.11,25.28,25.02,24.76,25.28,24.76,25.11,25.20,24.85,25.20,24.67,25.20,25.28,25.20,24.76,24.85,24.57,24.57,24.67,24.67,24.76,25.02,25.02,25.02,24.76,24.76,24.57,24.76,24.67,24.57,25.02,25.11,24.85,25.11,24.85,24.67,24.57,24.85,24.85,24.57,24.93,24.76,24.67,24.67,25.20,25.02,24.93,24.76,24.76,24.67,24.57,24.57,24.85,25.11,24.85,24.76,25.02,24.57,24.93,24.76,24.85,25.11,24.93,24.76,24.57,25.11,25.20,25.11,25.11,24.93,24.93,25.02,24.85,24.76,24.39,24.48,24.67,24.93,24.76,25.11,24.29,25.02,25.11,24.67,24.93,24.93,24.93,25.46,24.67,24.67,25.02,24.93,24.57,24.67,24.93,24.67,25.02,24.93,24.67,25.11,25.20,24.85,24.85,25.02,24.67,24.85,24.93,25.02,24.85,24.93,24.67,25.20,24.85,25.11,24.93,24.93,24.85,24.76,25.02,24.67,25.20,25.02,24.76,24.57,24.93,25.28,25.02,24.76,24.85,24.93,24.76,24.93,24.67,24.57,24.67,24.93,24.85,24.57,24.57,25.02,24.48,25.11,24.76,24.85,24.57,25.37,24.48,24.93,24.93
24.57,24.67,24.85,24.67,24.85,24.57,24.76,24.20,25.20,24.76,24.85,24.76,24.85,25.02,24.67,24.76,24.93,25.20,24.57,24.93,25.02,25.02,24.93,24.76,25.11,24.93,24.57,25.11,24.93,24.48,25.02,24.57,25.02,24.93,25.11,24.67,24.85,24.67,24.39,25.20,24.57,24.85,25.02,24.67,25.20,25.11,24.67,25.46,24.57,25.20,24.76,24.93,25.20,25.02,25.02,24.93,25.11,24.93,24.67,24.85,24.93,24.76,25.37,24.93,25.11,25.11,24.85,24.85,25.02,24.93,24.85,24.76,25.02,24.93,24.67,25.28,24.85,25.11,24.85,24.57,25.11,24.57,24.76,24.76,24.85,24.48,24.85,24.93,24.93,24.85,25.28,25.11,25.02,24.85,25.20,25.11,25.02,24.67,24.93,24.85,24.93,24.85,24.85,25.11,24.93,25.02,24.93,24.93,25.20,24.76,25.20,25.02,24.85,24.85,24.85,25.02,25.28,24.57,25.11,24.85,24.67,24.85,24.76,25.11,24.76,24.48,24.67,25.02,24.76,25.02,24.85,25.02,24.93,25.11,24.67,25.20,25.20,25.28,25.28,25.20,24.76,25.02,25.02,25.11,24.48,24.67,24.93,24.85,24.85,25.02,25.02,24.76,24.85,25.20,25.46,24.67,24.85,24.76,24.93,25.20,25.37,25.28,24.93,25.20,24.85,25.28,24.93,25.11,25.11,25.20,24.76,24.93,25.20,25.02,25.28,24.93,25.28,25.46,25.11,25.37,25.28,25.55,25.20,25.63,25.20,25.28,24.85,25.20,25.28,25.20,25.11,25.28,25.28,25.02,25.11,25.37,25.20,24.93,25.20,24.93,24.93,25.02,25.46,25.11,25.11,25.20,25.20,25.02,25.20,25.11,25.11,25.20,25.02,25.28,25.20,24.67,24.48,25.20,24.57,25.37,25.11,25.20,25.02,24.76,25.20,24.93,24.85,24.93,24.85,25.02,25.20,25.02,25.11,24.48,25.37,25.11,25.02,25.11,25.20,24.85,25.02,24.67,24.76,25.11,25.28,25.02,25.02,24.85,25.02,24.85,25.02,24.67,24.93,24.57,24.85,25.20,24.76,25.20,25.11,24.85,25.02,24.85,25.11,24.85,25.11,24.93,24.93,24.67,24.93,24.85,24.76,24.85,25.20,24.93,25.02,24.67,24.67,25.11,24.85,25.02,25.20,25.11,24.93,24.76,25.46,24.67,24.93,25.02,25.20,24.93,24.76,25.20,24.93,25.11,25.02,24.76,25.11,24.93,24.85,24.85,25.11,25.02,24.67,24.48,24.93,24.76,24.67,24.93,24.93,25.02,24.67,24.93,25.11,24.93,24.67,24.85,24.93,24.76,25.02,24.93,24.67,24.93,24.85,25.46,24.93,25.02,24.48,24.76,24.76,25.46,24.48,24.67,24.93,24.57,24.76,24.57,24.85,24.48,24.85,25.20,25.37,25.20,24.57,25.02,24.76,24.85,24.76,24.93,25.11,24.76,24.67,24.67,24.85,24.76,24.85,24.85,25.02,24.57,24.76,24.76,24.93,24.93,24.76,24.76,24.29,24.85,24.85,24.93,24.93,24.76,25.02,25.02,24.85,25.02,24.85,25.02,24.85,24.39,24.93,24.76,25.02,24.67
24.39,24.85,24.76,24.67,24.85,24.67,24.85,24.67,24.76,24.93,24.76,24.76,24.67,24.67,24.76,24.67,25.02,24.85,24.85,24.67,24.67,24.93,25.02,25.11,24.57,24.76,24.76,25.20,24.76,24.85,24.76,24.76,24.93,24.67,24.67,24.76,25.20,24.93,25.20,25.11,24.85,24.93,24.93,24.93,24.67,24.93,25.02,24.85,24.57,24.85,25.11,24.85,25.11,25.02,24.57,25.20,24.85,25.28,25.02,25.02,24.76,24.76,24.85,24.93,25.02,25.02,25.20,25.02,25.02,24.76,24.57,24.93,25.02,25.20,25.11,25.02,25.11,24.85,24.85,25.02,24.67,24.93,24.76,24.85,24.85,24.67,24.76,24.67,24.57,24.85,25.02,25.02,25.11,25.11,24.57,25.02,24.85,25.02,25.20,24.85,25.02,24.85,25.37,25.20,25.02,24.67,24.85,24.85,25.20,24.93,24.57,25.20,24.76,24.76,25.11,24.93,25.11,24.93,25.28,24.76,25.02,25.28,24.67,24.85,24.93,25.11,25.02,25.11,24.93,24.85,25.02,24.67,25.02,25.02,25.02,24.85,24.76,24.93,24.93,24.93,24.93,24.85,24.93,25.02,24.76,24.93,25.28,25.02,25.11,24.93,25.11,24.93,24.85,24.93,25.02,24.85,25.02,25.11,25.28,24.76,25.20,25.02,24.93,24.76,24.85,24.85,25.28,24.85,25.28,24.85,25.20,25.02,25.02,25.20,25.11,25.55,25.46,25.28,25.28,24.76,25.28,25.37,25.37,25.63,25.11,25.28,25.37,25.28,25.37,25.11,25.28,25.11,25.02,25.28,25.20,25.28,25.20,25.20,25.55,24.93,24.93,25.20,25.11,25.37,25.28,25.20,25.37,24.93,25.02,25.28,25.11,24.85,25.55,25.20,25.46,25.11,25.28,25.20,25.02,24.57,25.20,25.02,25.02,24.93,24.93,24.85,25.11,25.20,25.02,24.57,25.20,25.02,25.11,24.76,24.85,25.28,24.93,24.85,25.11,24.67,24.85,25.28,25.11,25.11,24.93,25.11,24.85,24.67,24.85,24.39,24.67,24.67,24.93,24.85,24.67,24.85,24.93,25.20,25.37,24.67,25.11,24.93,24.93,25.02,25.11,24.85,25.28,25.02,24.85,24.85,24.93,24.85,25.11,24.67,24.85,24.67,24.57,24.85,25.11,24.76,24.67,25.02,24.85,24.93,24.67,25.11,24.85,24.76,24.67,24.76,24.67,24.48,24.93,24.57,24.85,25.11,24.67,25.02,24.85,24.93,24.93,24.93,25.11,24.57,25.37,24.48,24.93,24.85,24.93,24.67,24.93,25.20,24.85,25.28,24.93,24.57,24.67,24.76,24.93,24.93,24.85,24.67,25.02,24.57,25.28,24.76,24.48,25.11,24.76,24.67,24.93,24.48,25.02,24.93,24.76,24.93,25.37,24.76,24.67,25.11,25.02,25.11,25.37,25.20,24.76,24.48,24.93,24.76,24.76,24.39,24.76,24.67,24.85,24.76,24.93,24.76,24.57,25.02,24.57,24.57,24.76,24.85,24.48,24.57,24.85,24.57,24.76,25.02,24.76,24.67,24.85,24.76,24.57,24.57,24.93,24.93,24.48,24.76,24.85,24.57,24.67,24.29
24.57,24.93,24.29,24.76,24.76,24.29,24.85,24.39,25.20,24.48,24.76,24.67,24.85,24.57,24.57,24.67,25.20,24.57,24.85,24.85,24.93,24.76,24.85,24.57,24.67,24.93,25.02,24.93,24.48,25.11,24.76,24.76,24.57,24.93,24.67,24.76,24.48,24.76,24.76,24.93,24.57,25.02,25.28,24.85,25.11,25.02,25.02,25.11,24.57,24.93,25.46,24.39,24.57,24.93,24.93,24.93,25.11,25.11,25.11,24.76,24.93,24.57,24.67,24.85,25.11,24.85,25.46,24.67,24.93,25.11,24.76,24.85,25.11,25.11,24.85,25.02,24.93,24.76,24.76,25.02,24.76,24.76,24.57,24.85,24.93,24.93,24.57,24.39,25.20,24.67,25.11,24.76,25.28,25.02,24.85,25.02,24.76,24.76,25.28,25.02,24.76,25.11,25.28,25.02,24.93,24.93,25.11,24.93,24.93,25.20,24.93,25.11,24.67,25.20,24.57,24.67,24.85,25.11,24.93,24.93,25.46,24.93,25.46,25.20,24.76,25.02,25.02,25.46,25.02,25.02,24.76,25.02,24.76,25.11,25.20,24.76,24.57,24.57,25.20,25.02,24.67,24.76,24.93,25.11,25.11,25.02,24.85,25.20,25.02,25.11,24.85,25.02,25.20,24.67,25.20,24.93,24.67,24.93,24.93,24.76,24.76,24.76,24.93,25.02,24.76,25.02,25.20,24.93,25.20,25.28,25.11,25.37,25.55,25.55,25.63,25.46,25.63,25.28,25.20,24.85,25.28,25.63,25.46,25.11,25.55,25.20,25.11,25.37,25.20,25.28,25.37,25.46,24.85,25.28,24.93,25.20,25.37,24.85,25.02,25.11,25.02,25.20,25.11,25.11,25.20,25.11,24.93,24.93,25.46,25.02,25.37,25.46,25.37,25.02,24.85,25.02,25.20,25.11,24.85,25.02,25.28,25.20,25.02,25.11,24.76,25.11,25.20,24.85,25.20,24.93,24.67,24.76,24.67,25.28,24.76,25.02,24.76,24.76,24.85,25.28,25.02,24.67,24.85,25.20,24.67,25.11,25.11,24.93,25.11,24.85,24.76,25.11,24.93,24.67,24.93,24.93,25.02,25.37,24.85,25.11,25.11,24.85,24.76,24.57,25.37,25.02,25.02,24.85,24.93,24.67,24.67,24.76,25.02,24.93,24.57,24.48,24.93,24.48,24.93,25.11,24.93,25.02,24.76,24.76,24.67,25.02,25.11,25.11,24.85,24.48,25.02,24.93,25.02,25.02,24.76,25.11,24.85,25.02,24.76,25.11,25.02,25.02,25.11,24.85,25.46,24.67,24.76,25.02,24.48,25.28,24.76,24.67,24.57,24.76,24.85,24.85,24.76,24.93,24.57,24.48,25.11,24.57,24.76,25.02,25.11,24.48,25.02,25.11,24.76,24.57,24.76,24.76,24.76,25.02,24.93,24.85,24.85,25.46,25.37,24.76,25.20,25.20,25.02,24.85,25.02,24.85,24.93,24.67,24.93,24.57,24.48,24.93,24.57,24.85,25.02,24.67,24.85,24.85,24.76,24.57,24.67,24.48,24.57,24.93,24.57,24.76,24.93,25.20,24.67,24.76,24.93,24.39,24.76,24.93,25.11,25.02,24.48,24.57,24.67,24.01,24.48,24.67
24.20,24.67,24.67,24.93,24.57,24.85,24.57,24.48,24.39,24.76,24.93,24.57,24.93,24.76,24.39,24.67,24.57,25.20,24.76,24.57,24.76,24.57,24.93,25.02,24.76,25.37,25.02,24.76,24.39,24.76,24.67,24.67,25.11,24.85,24.85,24.85,24.39,24.76,24.48,24.85,24.67,24.48,24.39,24.93,25.28,25.02,24.57,25.11,25.11,24.93,24.93,24.93,25.28,25.02,24.93,24.76,24.85,25.20,25.11,24.85,25.11,25.02,25.02,25.02,24.85,24.93,24.85,24.93,25.11,25.02,24.76,24.76,25.11,24.76,24.85,24.85,24.93,24.76,24.76,24.67,25.28,25.11,24.93,25.02,24.76,25.02,24.76,25.11,24.57,25.37,25.20,25.11,24.85,25.02,24.85,24.93,24.57,25.28,24.57,24.67,25.28,25.02,24.67,24.67,25.28,24.85,25.28,25.11,25.37,24.93,25.11,25.11,25.02,25.28,24.57,24.57,25.02,25.02,25.02,25.37,25.02,25.02,25.02,25.20,25.11,24.85,24.76,25.11,25.11,25.02,25.11,25.11,25.20,25.11,24.76,25.20,25.37,25.11,24.85,25.20,25.20,24.76,25.02,25.28,25.02,24.76,25.20,25.11,25.11,24.76,25.37,25.02,24.85,25.20,24.85,25.11,25.02,25.46,25.11,25.11,24.85,24.85,24.85,24.67,25.20,24.93,24.85,25.20,25.46,25.28,25.46,25.28,25.20,25.02,25.11,25.28,25.02,25.20,25.46,24.93,25.11,25.20,25.55,25.55,25.46,25.20,25.11,25.55,24.93,25.28,25.02,25.20,25.37,25.02,25.28,25.28,24.93,25.11,25.28,25.11,25.28,25.37,24.67,25.20,25.37,24.85,24.93,25.37,25.55,25.20,25.28,25.28,25.20,25.11,25.20,25.28,24.93,25.11,25.02,25.11,25.11,25.11,25.11,25.37,25.28,24.76,24.85,24.93,24.76,25.11,24.93,25.20,24.76,24.85,24.76,25.02,25.11,24.85,25.28,25.02,24.76,25.02,25.02,25.28,24.93,25.28,25.28,24.57,24.57,24.93,24.93,24.93,24.85,25.11,24.85,24.93,24.93,25.11,25.02,24.76,25.02,24.93,24.76,24.93,24.67,25.11,24.76,24.76,25.02,24.76,24.76,25.20,24.67,25.20,24.76,24.76,24.93,25.02,24.85,24.76,24.93,24.93,24.85,24.67,24.57,25.11,25.02,25.20,24.67,24.76,24.76,24.48,24.93,24.93,24.85,24.85,24.93,25.02,25.02,24.93,24.67,24.93,24.93,24.48,24.93,24.85,25.11,24.85,25.02,24.93,25.02,25.28,24.76,24.76,24.85,24.57,24.67,24.93,24.76,24.85,24.76,24.93,25.02,24.76,25.02,25.11,25.11,25.02,24.48,24.85,24.48,25.02,25.11,25.28,24.85,24.93,24.57,24.76,24.67,25.28,25.20,24.57,24.76,24.93,24.76,24.67,24.85,25.20,24.67,24.67,25.02,24.85,24.67,24.67,24.85,25.20,24.76,24.57,24.76,25.28,24.57,25.11,24.93,25.02,25.02,24.76,24.76,24.76,24.93,24.39,25.02,25.11,24.93,24.93,24.85,24.93,25.02,24.85,24.93,24.93,24.57,24.67
24.85,24.67,24.39,24.48,24.76,24.57,24.57,24.93,24.57,24.85,24.67,24.67,24.57,24.76,24.76,24.67,25.20,24.93,25.02,24.93,24.93,24.85,24.67,24.67,24.67,24.57,25.02,24.67,24.76,25.11,24.76,24.76,24.67,24.85,24.67,24.76,24.76,24.76,25.11,24.85,24.85,24.39,24.85,24.93,25.02,24.93,25.02,24.85,24.67,24.48,24.93,24.85,24.67,24.85,25.02,24.76,25.02,25.02,25.11,25.02,24.85,24.67,25.11,25.11,24.85,25.20,25.46,24.93,24.85,24.76,24.93,24.76,24.85,24.85,24.93,24.67,24.85,24.85,24.85,24.85,24.67,25.20,25.28,25.02,25.02,25.20,24.57,24.76,24.67,25.02,25.02,24.85,25.11,24.48,24.93,25.02,24.93,25.02,24.76,24.85,25.46,24.93,25.02,25.02,25.20,24.85,25.02,24.93,24.93,25.20,24.93,24.93,24.39,24.76,24.48,25.11,25.02,25.02,25.28,24.93,25.20,24.93,25.11,24.93,24.93,25.11,25.02,24.93,25.02,25.11,24.85,24.93,24.85,25.11,25.20,25.28,24.76,25.20,24.20,24.85,25.46,24.67,25.20,24.93,24.57,25.20,25.37,25.20,25.20,25.20,24.76,24.93,24.85,24.67,25.20,24.93,25.02,25.02,25.11,25.11,24.85,25.11,25.02,25.11,25.20,25.28,25.11,24.76,24.76,24.57,25.20,25.28,25.11,24.67,25.28,25.20,25.20,25.02,25.11,25.28,25.28,25.37,25.11,25.37,25.11,25.11,24.76,25.20,24.93,25.11,25.63,25.28,25.28,25.28,25.02,25.46,25.28,25.37,24.93,25.02,24.85,24.93,25.28,25.11,24.93,25.20,24.85,24.85,25.37,25.20,25.02,25.02,24.76,25.02,24.93,25.20,25.11,25.02,25.11,24.76,25.11,24.85,25.11,24.85,25.37,25.20,25.20,24.67,25.46,25.11,25.02,24.67,25.02,24.85,25.20,25.20,24.76,24.67,24.93,25.02,24.93,24.76,24.57,24.85,25.28,24.93,24.85,24.76,25.20,24.85,24.57,24.93,25.11,24.85,25.11,24.76,24.85,24.57,25.11,24.67,25.11,25.11,24.48,24.85,25.11,25.28,24.93,24.85,25.28,25.11,24.85,24.85,25.11,24.76,24.76,25.11,25.02,24.93,25.02,24.85,24.76,24.85,24.67,25.02,24.93,24.76,25.20,24.93,24.93,25.02,24.93,24.93,24.85,24.39,24.76,24.76,24.85,24.57,25.11,25.11,24.93,24.76,24.85,25.11,24.93,25.11,24.76,24.85,25.11,25.11,24.67,24.85,25.11,25.11,25.02,24.85,24.93,25.02,24.85,24.48,24.76,24.57,24.93,25.11,24.93,24.76,24.67,25.02,25.11,24.93,24.57,24.85,24.93,24.48,24.93,24.48,24.67,24.76,25.37,24.76,24.76,24.76,25.02,25.02,25.02,24.93,24.67,25.20,25.11,24.85,24.93,25.02,24.93,24.93,24.76,24.57,24.76,25.02,24.48,24.93,24.29,25.28,24.76,24.67,24.85,25.02,24.67,24.57,24.67,24.76,24.48,24.85,24.48,24.93,24.76,24.67,24.57,24.85,24.67,24.57,24.67,24.48
24.48,24.57,25.02,24.57,24.85,24.57,24.76,24.93,24.76,24.67,24.57,24.20,24.57,25.20,24.67,24.57,24.93,24.76,24.76,24.85,24.85,24.48,24.48,24.93,25.02,24.85,24.85,24.57,24.76,24.67,24.57,24.85,24.85,24.85,25.28,24.67,24.93,24.67,25.20,24.67,24.93,24.85,24.76,24.93,24.76,24.85,25.20,25.02,25.02,25.11,24.85,25.11,24.85,24.85,25.02,24.93,25.28,25.02,25.02,24.67,24.48,24.85,25.28,24.85,24.39,24.93,25.28,24.85,24.85,24.93,24.85,25.02,24.76,24.67,25.02,25.11,24.85,25.37,25.02,25.02,24.67,25.28,24.93,24.85,24.85,24.67,24.76,24.76,24.93,25.02,25.02,25.02,24.93,25.37,25.02,25.28,24.76,25.20,25.02,24.93,25.11,24.76,24.85,25.02,25.11,25.20,24.93,25.02,25.11,25.02,25.20,24.76,24.67,25.02,25.11,25.20,24.67,24.76,25.11,25.02,25.11,24.67,24.85,25.46,25.11,25.20,25.11,24.93,25.28,25.20,25.02,25.20,24.93,25.20,25.02,25.11,25.28,25.02,24.93,25.02,25.11,24.85,24.76,24.57,25.20,25.11,24.67,24.76,24.85,25.11,25.02,24.93,25.02,25.20,25.20,24.85,24.67,25.20,25.20,25.11,25.55,25.11,25.02,25.20,24.93,25.11,25.20,24.85,24.93,25.28,25.28,25.20,24.93,24.57,25.28,25.28,25.37,25.37,25.20,25.46,25.11,25.37,25.37,25.20,25.37,25.28,25.20,25.20,24.76,24.93,25.20,25.11,25.20,25.20,24.76,25.11,24.93,25.11,24.85,25.63,25.11,25.02,25.20,25.37,25.11,25.11,24.85,25.28,25.11,25.11,25.28,25.28,25.20,25.11,25.20,25.46,24.93,24.93,25.11,25.37,25.20,25.28,25.28,25.37,24.93,25.28,24.93,24.93,24.76,25.02,25.02,25.28,25.28,25.02,24.85,25.02,24.76,24.85,24.85,24.93,25.11,25.02,24.93,24.93,25.11,24.76,25.02,24.76,24.76,24.85,24.76,25.02,25.11,24.76,24.93,24.85,24.76,25.02,24.85,24.93,25.02,24.67,24.93,24.76,25.20,24.85,24.76,25.11,24.57,25.02,24.67,24.76,24.76,25.11,24.76,25.02,24.76,24.93,24.93,24.76,24.93,24.85,24.85,24.67,25.20,24.85,24.93,25.02,24.85,25.02,24.85,24.67,25.02,25.02,24.85,24.85,24.85,24.85,25.46,24.76,24.76,24.85,24.76,24.48,24.85,24.57,24.85,25.02,25.02,24.85,25.20,24.48,24.93,25.11,25.11,24.57,25.11,24.67,24.85,24.85,24.48,24.85,24.67,24.57,25.02,24.67,24.93,24.76,25.02,24.57,25.37,24.48,24.48,24.85,24.85,25.02,25.11,25.11,24.76,24.76,25.11,24.85,24.76,24.76,24.48,24.67,24.76,24.57,24.76,24.48,25.02,24.39,24.93,24.76,24.85,24.57,24.93,24.67,24.85,24.76,24.67,24.11,24.57,24.93,24.67,24.85,24.93,24.67,24.39,24.57,25.02,24.48,24.93,25.02,24.67,24.85,24.57,24.57,24.48,24.39,24.57,24.76
24.93,24.76,24.93,24.76,24.67,24.93,24.48,24.93,24.57,24.76,25.02,24.76,24.67,24.67,25.20,24.76,25.20,25.02,24.93,24.39,25.11,24.93,24.85,24.93,24.67,25.11,24.76,24.67,24.76,24.67,24.76,24.48,25.02,24.85,24.67,25.11,24.93,25.28,24.93,24.85,25.02,24.93,24.76,24.93,24.85,24.85,25.02,25.02,25.02,24.67,24.57,25.02,24.76,24.76,25.11,25.20,24.93,25.02,25.20,24.67,24.76,24.85,24.57,24.93,24.76,24.93,25.11,25.11,24.85,25.20,25.11,24.93,25.37,25.28,24.93,25.20,25.02,24.67,24.76,24.57,25.02,25.02,24.85,24.76,24.67,24.67,24.85,24.48,24.57,25.20,25.02,24.76,25.02,24.85,24.93,24.76,24.93,24.85,25.11,25.02,25.11,24.67,25.11,25.11,25.20,25.20,24.57,25.37,24.48,25.20,24.85,24.57,25.46,24.76,25.02,25.02,24.93,25.02,24.76,24.93,25.02,25.02,24.85,25.11,24.85,24.93,25.11,24.93,24.93,25.02,24.67,24.93,24.93,24.76,25.28,24.76,24.67,24.93,25.11,24.93,24.93,24.93,24.76,25.11,24.76,24.85,25.11,24.93,25.28,25.02,25.28,25.46,24.85,25.37,24.85,25.11,24.76,24.85,24.85,25.46,25.02,24.85,24.76,24.85,25.02,24.93,24.67,25.20,25.02,25.28,24.93,24.85,25.20,25.11,24.85,25.02,25.28,25.46,25.63,25.20,25.46,25.11,25.20,25.28,25.28,25.28,25.02,25.20,25.20,25.20,25.28,25.11,25.63,25.02,25.28,25.28,25.37,25.28,25.20,25.20,25.28,24.93,25.20,25.37,25.20,25.63,25.20,25.20,25.20,25.20,25.37,25.20,25.28,24.93,24.93,25.02,24.93,25.11,25.20,25.02,24.57,25.28,25.63,24.85,24.85,25.20,24.76,24.57,25.20,25.11,25.11,24.76,25.11,25.20,24.93,24.67,25.11,24.85,25.11,25.11,25.02,24.76,25.02,24.93,24.93,25.20,24.57,25.02,24.93,24.67,24.76,24.85,24.85,24.67,24.67,24.85,25.11,24.85,24.93,24.85,24.93,25.11,24.67,24.76,25.02,24.93,25.11,24.76,25.20,24.67,24.85,24.76,25.02,24.67,24.85,24.93,25.02,25.02,25.02,24.76,24.76,24.57,25.20,24.85,24.93,25.20,24.48,24.76,24.57,24.93,24.93,24.76,24.85,25.11,24.67,24.85,24.85,24.93,24.85,24.48,25.02,24.39,24.76,25.20,24.76,24.85,24.85,25.28,24.48,24.76,25.02,25.11,24.57,25.02,25.11,24.93,24.48,24.57,24.57,24.85,24.57,24.85,24.93,24.67,24.57,25.02,25.37,24.85,25.28,24.67,25.20,24.85,24.57,25.02,25.20,25.11,24.85,25.02,25.11,25.02,25.02,25.28,24.76,25.02,25.02,24.67,24.93,24.93,25.11,24.85,25.28,24.76,24.76,24.85,24.67,24.93,24.67,24.76,24.57,24.57,24.85,24.67,24.67,25.20,24.85,24.67,24.85,24.85,24.93,24.85,24.85,24.93,24.39,24.85,24.57,24.57,24.48,24.20,24.57,24.67,24.67,24.57
24.29,24.76,24.76,24.76,24.57,24.20,24.57,24.57,24.76,24.67,24.67,24.57,25.02,24.48,24.85,24.48,24.57,24.29,24.93,24.57,24.57,24.57,24.67,24.57,25.28,24.85,24.67,25.02,24.57,24.85,24.85,24.57,24.93,24.85,24.67,24.48,24.67,24.67,24.76,24.67,24.76,25.11,24.57,24.57,24.76,24.85,25.02,24.48,25.11,25.28,25.37,25.20,25.46,24.76,25.20,24.93,24.76,24.76,24.93,24.93,24.76,24.85,24.76,24.67,24.76,24.85,25.37,25.02,25.11,24.85,24.67,24.85,24.93,25.02,24.76,25.02,25.02,24.93,24.67,25.20,24.85,24.93,25.11,25.20,24.85,24.67,24.67,24.93,25.02,25.02,25.11,24.67,24.85,24.76,24.67,24.76,24.76,25.02,25.02,24.57,25.02,24.57,24.57,25.02,24.93,24.67,25.20,24.93,24.67,25.02,24.85,25.02,24.76,25.28,24.93,24.93,24.57,24.85,24.93,24.93,24.85,24.93,25.02,24.93,24.67,25.28,25.20,25.02,24.85,25.11,24.93,24.67,24.85,25.28,25.11,24.67,25.11,25.02,25.11,25.11,24.93,25.11,24.76,25.11,24.76,25.20,24.93,24.85,25.02,24.76,24.93,25.02,24.85,25.28,25.37,25.37,25.02,24.93,25.11,25.02,25.11,25.37,24.93,25.11,25.11,25.11,24.93,25.02,25.02,25.37,25.28,25.37,25.37,25.63,24.85,25.20,25.37,25.28,25.88,25.20,25.37,25.02,25.11,25.37,24.93,25.55,25.28,25.55,25.46,25.37,25.28,25.02,25.28,25.63,25.46,25.20,25.11,25.20,25.11,25.11,25.28,25.28,25.28,25.20,25.11,25.46,25.28,25.37,25.02,25.55,25.02,25.11,24.76,24.85,24.67,25.28,24.85,25.02,25.02,25.02,24.85,25.11,24.93,25.11,25.11,25.37,25.02,25.37,24.67,25.11,24.67,25.11,24.67,24.93,24.76,24.67,24.85,24.67,24.93,25.11,24.48,24.85,25.11,25.20,25.37,24.85,25.11,25.20,24.67,25.11,24.57,24.76,24.93,24.76,25.11,24.48,24.85,25.02,24.76,25.11,24.85,25.02,24.85,24.85,25.11,24.76,24.85,25.02,24.93,24.57,24.76,24.48,24.67,24.85,24.76,24.85,25.02,24.93,25.20,25.02,24.76,25.20,24.57,24.57,24.57,25.11,24.85,25.11,24.85,25.02,25.02,24.57,24.39,24.93,24.67,24.76,25.20,25.02,24.48,24.85,24.85,25.02,24.85,24.93,24.85,25.11,24.85,24.76,25.11,24.85,25.20,24.93,24.93,24.67,24.67,24.57,25.02,25.11,24.85,24.57,24.67,24.93,24.67,24.57,25.02,25.46,24.67,24.57,24.85,24.57,25.02,24.93,25.20,25.28,24.57,24.85,25.11,25.28,24.85,25.02,24.67,24.76,24.76,25.28,24.93,24.85,25.37,24.93,24.93,24.67,24.93,24.76,24.93,24.85,24.11,24.85,24.76,24.85,24.67,24.76,24.93,25.11,25.02,24.67,24.67,25.02,24.76,24.85,25.02,24.93,24.85,24.67,24.85,24.85,25.37,24.93,24.85,24.85,25.02,24.67,24.48,24.20
24.85,25.02,24.85,24.57,24.67,24.57,24.76,24.76,24.57,24.85,25.11,24.48,24.76,24.48,24.76,24.76,25.11,24.85,24.93,25.02,24.57,25.02,24.48,24.20,25.20,24.93,25.02,24.76,24.85,24.93,24.67,24.67,24.57,24.57,24.57,24.93,24.29,24.93,24.67,24.57,24.67,24.85,24.57,24.85,24.93,24.57,25.37,24.93,24.67,24.85,25.20,25.20,24.93,24.67,24.85,25.11,25.11,25.02,24.76,25.28,24.67,24.93,24.67,24.67,24.48,25.11,24.93,24.85,24.57,25.11,24.85,24.57,25.02,24.85,24.67,24.85,24.85,24.85,25.02,24.76,24.67,24.93,25.11,24.39,25.20,24.67,24.93,24.85,24.93,25.11,25.46,24.85,24.85,24.93,24.85,25.11,25.11,24.85,25.02,24.85,24.85,25.28,24.85,25.20,24.67,24.67,25.02,25.20,24.93,25.20,25.72,25.20,25.20,25.20,25.11,25.02,25.37,25.20,24.67,24.85,25.28,25.02,25.02,24.93,24.57,24.76,24.67,25.20,24.76,25.02,24.85,24.93,25.02,25.37,25.02,25.28,25.20,25.02,25.28,25.20,24.57,25.11,25.02,25.11,24.93,25.02,25.02,24.76,25.37,25.20,24.57,25.28,24.85,25.20,25.02,25.02,25.02,24.85,25.02,25.02,24.76,24.85,24.93,25.11,25.02,24.85,24.57,24.76,25.20,25.37,25.11,25.55,25.37,25.02,25.28,25.20,25.37,25.46,25.20,25.02,25.46,25.20,25.20,25.37,25.11,25.20,25.20,25.02,25.20,25.20,25.20,25.11,24.93,25.11,25.20,25.28,25.20,25.11,24.85,25.11,25.11,25.02,25.02,25.28,25.20,25.02,25.02,25.11,25.55,25.28,25.28,25.11,24.93,25.20,25.11,25.20,25.28,25.28,25.11,24.85,24.76,25.28,25.02,25.11,24.85,25.20,25.20,24.93,25.20,25.11,25.02,25.20,24.57,24.85,24.93,24.85,24.67,25.20,25.02,25.11,24.85,24.85,25.02,24.93,25.02,25.20,24.76,24.67,25.11,24.93,24.76,25.37,24.93,25.37,25.11,24.29,25.02,24.85,24.57,24.85,24.67,24.85,24.93,24.85,25.02,25.11,24.93,24.85,24.67,24.76,25.02,25.11,24.93,24.85,24.85,24.93,24.85,24.93,24.57,24.76,24.85,25.11,25.02,25.02,24.57,24.85,25.20,24.93,24.76,24.93,24.76,25.02,25.28,25.02,24.67,24.93,25.02,25.28,25.02,24.67,25.11,25.28,24.85,25.28,24.76,24.48,25.11,24.76,24.93,24.48,24.76,24.93,24.57,24.57,25.02,25.02,24.85,24.48,24.85,24.93,24.85,24.67,24.76,25.02,24.85,24.85,24.93,24.93,24.93,25.37,24.67,24.76,24.85,25.02,24.57,24.76,24.85,24.67,24.76,25.37,24.85,25.20,24.76,24.76,24.85,24.85,25.11,25.11,24.67,24.85,25.28,24.93,25.11,24.67,24.67,24.57,24.48,24.57,24.93,24.93,24.76,24.57,24.67,24.57,24.67,24.76,24.57,24.67,24.39,25.02,24.67,24.57,25.11,25.02,24.76,24.93,25.02,24.76,24.57,24.57,24.48,24.57
24.85,24.76,24.76,24.39,24.11,24.57,24.57,25.11,24.39,24.67,25.11,24.48,25.11,24.39,24.76,24.67,24.93,24.67,24.85,24.93,24.76,24.93,24.85,25.02,24.76,24.76,24.85,24.93,25.02,24.85,24.67,24.67,24.57,24.57,25.02,24.57,24.67,24.76,24.67,24.85,24.57,24.93,24.67,24.76,24.48,24.67,24.93,24.48,25.11,25.02,24.76,25.11,24.93,24.57,24.85,24.93,24.85,24.85,24.85,24.93,24.76,24.85,25.20,24.93,25.11,24.67,24.76,24.76,24.93,25.11,24.85,24.93,25.02,24.67,25.02,24.57,25.11,24.85,24.85,24.85,25.28,24.85,24.67,24.67,24.67,24.57,24.67,24.67,25.02,24.57,24.93,25.02,24.67,25.11,24.93,25.11,25.11,24.67,25.02,25.46,24.93,24.93,24.76,25.28,24.93,24.85,24.57,24.76,24.57,24.76,25.37,25.11,24.76,24.93,25.11,24.48,24.76,25.20,25.11,24.57,24.85,24.93,24.85,24.85,25.02,24.93,24.85,24.93,25.02,24.76,24.76,24.76,24.93,24.85,24.57,24.93,24.76,25.11,25.20,25.02,24.67,24.85,24.76,24.67,24.85,25.02,25.02,24.93,25.28,24.93,24.76,24.67,24.93,24.85,24.93,25.11,24.48,24.76,24.85,24.93,25.02,25.02,24.85,24.93,24.85,24.93,24.67,25.02,25.20,25.37,24.93,25.02,25.20,25.28,25.02,25.02,24.76,25.11,25.20,25.28,25.37,25.55,24.85,25.28,25.20,24.85,25.46,24.93,25.28,25.11,25.28,25.20,24.57,25.11,24.93,24.85,24.93,25.20,25.02,25.02,25.55,25.11,25.20,24.85,25.11,25.28,25.20,25.02,24.93,25.37,25.28,25.20,25.11,25.11,25.20,25.02,24.93,25.20,24.67,25.28,24.93,25.28,25.02,24.93,24.93,25.20,24.67,25.11,25.11,24.48,24.29,25.11,25.37,24.93,24.57,25.11,24.85,24.85,24.57,25.02,25.46,24.76,25.11,24.93,24.93,25.11,25.02,24.76,24.85,25.02,24.67,24.76,24.93,25.11,24.85,24.85,24.85,24.85,24.93,24.57,24.85,24.67,24.93,24.85,24.85,24.85,24.93,24.93,24.76,24.85,25.02,24.57,24.67,24.76,24.93,24.85,24.76,24.85,25.02,24.93,24.76,25.02,25.11,24.93,24.76,24.85,24.93,25.02,24.57,24.76,24.85,24.85,24.85,24.85,24.57,24.76,24.93,24.67,24.57,24.76,24.85,24.93,25.02,24.48,25.02,24.67,24.57,24.85,24.48,25.02,24.85,24.85,24.93,24.57,24.48,24.76,24.93,25.02,25.02,24.93,24.57,24.85,24.76,24.76,25.28,24.57,24.76,24.39,24.76,24.93,24.85,24.57,25.02,25.28,24.76,24.85,24.76,24.57,24.48,24.76,24.67,24.67,24.93,24.93,24.76,24.85,25.28,24.76,25.02,24.67,25.02,24.67,24.93,24.57,24.93,24.57,24.48,24.93,24.67,24.76,24.57,24.85,24.67,24.48,24.93,24.85,24.57,24.67,24.85,24.67,25.11,24.76,24.76,24.29,25.02,24.76,24.67,24.67,24.67,24.67,24.48,25.11
24.67,24.48,24.85,24.57,24.57,24.76,24.48,24.29,24.48,25.02,24.76,24.57,24.85,25.02,24.76,24.57,24.67,25.11,24.57,24.48,24.85,24.93,25.11,25.02,24.93,24.67,25.11,24.93,24.93,24.57,24.93,25.20,24.85,24.93,24.76,24.67,25.02,24.67,24.76,24.93,24.76,24.48,25.11,24.67,25.02,25.02,24.67,24.57,25.11,24.76,25.11,25.37,24.85,24.57,24.93,24.67,24.93,25.02,24.48,24.85,25.02,25.20,24.85,24.93,24.67,25.11,24.67,24.93,24.93,25.11,24.93,25.11,25.02,25.02,24.85,24.76,24.48,24.93,24.48,24.67,24.85,24.76,25.20,24.67,24.76,24.48,24.76,25.02,25.02,25.02,25.02,25.20,25.11,24.76,24.93,25.20,25.11,25.11,24.76,24.85,25.11,24.85,24.85,24.93,24.85,24.85,25.11,25.02,24.85,24.93,24.93,25.02,24.93,25.20,24.76,25.02,24.93,24.85,25.02,24.93,24.85,25.11,24.93,25.37,24.85,25.02,24.93,25.11,25.11,24.57,24.76,25.02,25.37,25.20,24.76,24.93,25.11,25.02,25.20,25.02,24.93,25.20,24.85,24.93,25.11,25.20,25.11,25.02,25.20,25.28,24.76,24.93,24.76,25.28,24.93,24.48,24.11,25.02,24.93,25.46,25.02,24.93,24.85,24.85,25.11,25.55,24.67,25.02,25.11,25.02,25.11,25.37,25.28,25.02,25.46,25.55,25.02,25.46,25.28,25.28,25.28,25.20,25.11,25.20,25.37,25.46,25.02,25.72,24.93,25.55,25.72,25.02,25.28,24.76,25.20,25.11,24.85,25.02,24.85,25.02,25.46,25.20,25.37,25.46,25.28,25.20,25.55,25.20,25.20,25.72,25.11,25.11,25.28,25.37,25.28,25.20,24.48,25.02,25.02,25.02,25.20,24.67,25.11,25.02,25.11,25.11,25.11,25.02,25.28,25.11,24.93,24.57,25.02,25.02,24.93,24.85,24.48,24.39,24.76,25.20,24.76,24.76,24.93,25.02,25.02,25.28,25.46,24.76,24.76,24.93,25.02,24.67,25.28,24.76,24.48,24.85,25.20,24.67,24.93,24.67,25.11,24.85,24.76,25.11,24.67,24.93,24.67,25.02,24.93,24.76,24.76,24.39,25.11,24.85,25.20,25.11,24.76,24.57,25.20,24.76,24.57,24.93,24.76,25.11,24.85,24.93,24.93,24.67,24.29,24.67,24.67,24.76,24.48,24.85,24.39,25.02,24.76,24.85,25.02,25.11,24.93,24.20,24.93,25.02,24.93,24.48,24.93,24.48,24.67,24.57,24.85,25.28,25.37,24.85,25.20,24.76,24.48,24.93,24.85,24.57,24.76,24.76,25.28,25.11,24.85,25.02,24.85,24.48,24.76,24.93,24.93,24.76,24.93,25.02,24.67,24.85,24.67,24.67,24.67,25.20,24.76,24.57,25.02,25.20,24.76,24.76,24.76,24.57,24.85,24.76,25.37,24.57,24.67,25.11,24.76,24.76,24.67,24.67,24.57,24.57,24.85,24.76,24.67,24.57,25.11,24.57,25.11,24.67,25.02,24.85,24.48,24.39,24.57,24.93,25.02,24.57,24.93,24.48,24.67,24.76,24.76,24.39
24.29,24.20,24.85,24.85,24.85,24.57,24.39,25.11,24.76,24.93,24.85,24.85,24.85,24.57,24.57,24.76,25.11,25.46,24.57,24.93,24.67,24.93,24.85,24.76,24.48,25.02,25.02,25.11,24.20,24.48,24.76,25.11,24.67,24.57,24.85,24.67,24.93,24.67,25.11,25.11,24.67,25.28,24.85,24.48,24.67,24.93,24.93,24.67,24.85,24.76,25.20,24.57,24.93,24.76,25.02,24.93,24.85,24.76,25.11,24.67,24.76,24.93,24.76,25.02,24.67,25.02,24.85,24.48,25.02,24.76,25.28,24.85,25.20,25.02,24.85,25.11,24.85,24.85,24.48,24.93,25.20,25.11,25.02,24.57,24.76,24.39,25.20,25.20,25.28,25.28,25.37,25.11,24.93,25.11,25.20,25.02,25.28,25.11,25.11,25.28,25.11,25.02,24.93,25.28,25.11,24.85,25.11,24.85,25.20,25.11,24.85,25.20,25.11,24.93,25.02,25.37,24.93,24.76,24.93,25.02,24.93,24.85,24.76,24.76,24.85,25.11,24.76,25.28,25.20,24.76,25.20,25.02,24.76,24.85,25.02,25.02,24.48,25.02,25.02,25.11,25.02,24.76,24.93,25.11,24.93,24.76,24.76,25.02,24.67,24.85,25.11,25.28,24.85,25.02,24.48,25.11,24.85,25.02,25.28,24.67,25.02,25.11,25.37,24.93,25.37,24.93,24.85,25.20,24.93,25.02,25.37,25.37,25.28,25.28,24.85,25.28,25.37,25.46,25.20,25.02,25.20,25.20,24.85,25.28,25.02,25.11,24.93,24.85,25.02,25.20,25.02,25.20,24.93,25.02,25.11,25.11,25.11,24.93,25.02,24.93,25.20,25.02,25.11,24.76,25.02,25.20,24.85,25.20,25.46,25.11,25.20,25.11,25.46,25.37,24.93,24.57,25.11,25.02,25.20,24.85,24.93,25.11,25.02,25.28,24.76,25.20,25.02,24.57,25.02,24.67,25.20,25.11,25.46,25.11,25.37,25.11,24.85,25.37,25.02,24.76,24.76,25.28,24.93,24.85,24.85,25.02,24.93,25.02,25.28,24.48,24.85,24.76,25.28,24.67,24.93,24.85,24.76,25.02,25.02,24.57,25.11,25.20,25.02,24.85,24.85,24.57,24.76,24.67,24.85,24.48,24.76,25.02,24.93,25.11,25.02,24.85,24.76,24.76,24.67,24.57,24.93,24.85,24.67,24.67,24.76,24.29,24.76,24.57,25.11,24.76,24.85,25.11,25.02,24.85,24.57,25.37,25.02,24.85,25.11,25.28,25.11,25.02,25.02,24.67,25.28,24.76,24.93,25.02,24.67,24.76,24.76,24.93,24.85,24.93,24.67,25.11,25.11,24.93,24.57,24.67,25.02,25.11,25.11,25.02,24.76,24.76,24.93,25.11,24.57,25.02,24.85,24.76,25.02,24.85,24.57,24.67,25.02,24.93,24.57,24.85,24.93,24.67,24.85,24.85,25.28,24.85,24.85,24.67,24.39,24.76,24.93,24.85,24.67,24.76,24.67,24.76,24.57,24.67,25.02,25.02,25.02,24.57,25.11,25.02,24.67,24.85,24.85,25.20,24.85,25.02,24.93,24.76,24.93,24.76,25.02,25.02,24.93,25.02,24.76,24.48,24.76,24.93
24.57,24.85,24.76,24.48,24.39,24.57,24.76,24.67,24.57,24.85,24.76,25.02,24.93,25.11,25.20,25.02,25.02,24.39,24.76,25.02,24.39,24.93,24.93,24.93,24.85,24.39,24.85,24.76,24.67,24.57,24.67,25.02,24.57,24.76,24.85,24.85,24.57,24.76,24.76,24.76,25.20,24.57,24.85,24.67,24.76,24.67,25.20,24.29,25.11,24.67,25.02,25.02,24.39,24.85,25.02,24.85,24.67,24.67,24.76,24.85,24.93,24.93,24.85,24.76,24.85,24.93,25.02,24.93,25.11,25.02,24.76,24.93,25.11,25.28,25.20,25.11,25.37,24.85,24.85,24.85,25.20,24.76,24.93,25.02,25.02,24.76,24.76,25.02,25.20,24.57,24.67,25.20,25.02,24.93,25.11,24.93,24.85,25.20,24.48,25.28,25.02,24.76,25.02,24.67,24.93,25.02,24.76,25.02,25.02,24.39,24.29,24.93,24.93,24.48,25.11,24.76,25.28,25.11,25.11,25.28,24.93,24.57,24.93,24.93,24.85,24.67,24.93,24.85,24.85,24.85,25.37,24.93,24.48,25.02,25.02,24.76,24.85,24.93,24.85,25.28,24.93,24.93,25.02,24.85,24.93,25.20,24.93,24.76,25.37,25.11,24.93,25.20,25.02,24.76,24.20,24.76,25.20,25.02,24.93,25.02,24.93,24.76,24.85,25.11,25.20,25.11,25.02,24.93,25.02,24.85,25.28,25.11,25.37,25.02,25.20,25.20,25.11,25.28,25.20,25.46,25.11,25.20,25.20,25.02,25.37,25.02,24.67,25.20,25.02,25.02,25.37,24.93,25.20,24.76,25.20,25.11,24.85,25.20,25.11,25.20,25.11,24.57,25.11,25.11,25.55,24.93,25.11,24.93,24.93,25.37,25.20,25.20,25.02,24.93,25.20,24.85,25.20,25.11,25.02,24.93,25.20,25.11,24.93,25.11,25.46,24.93,25.11,24.67,25.28,24.57,24.85,25.11,24.76,24.85,24.93,25.02,24.67,24.93,25.11,24.76,24.93,25.28,24.76,25.20,24.93,24.85,24.85,24.67,24.85,24.93,24.93,24.76,25.02,24.48,24.76,24.93,24.57,24.76,24.93,24.93,24.76,24.57,24.76,24.85,25.55,24.93,25.20,25.02,24.85,24.67,25.20,24.76,24.93,24.76,24.85,24.76,25.02,24.85,25.11,24.67,24.67,24.57,24.93,25.46,24.93,24.48,24.57,24.93,24.76,24.93,24.57,24.67,24.85,24.76,25.11,24.76,24.76,24.93,24.85,25.11,24.85,25.28,24.93,24.67,24.85,24.76,24.93,24.57,24.48,24.85,24.93,24.93,24.67,24.85,24.76,24.57,25.02,24.39,24.57,24.85,24.93,24.57,24.76,25.11,24.57,25.02,24.57,24.76,24.67,24.39,25.02,24.39,24.57,24.67,25.11,24.76,24.76,24.57,25.02,24.93,24.76,24.67,25.11,24.67,25.20,24.48,24.67,24.39,24.93,24.67,24.93,24.57,24.39,24.57,24.76,24.67,24.76,24.85,24.93,24.85,24.29,24.93,24.93,24.85,24.48,24.93,24.48,24.85,24.93,25.11,24.93,24.29,24.93,25.02,24.85,24.76,24.93,24.67,24.67,24.76,24.76,24.57
24.85,24.76,24.48,24.76,24.76,24.93,24.48,24.93,24.67,24.48,24.57,24.57,24.76,24.29,24.76,25.02,24.93,24.67,24.57,24.67,24.48,24.48,25.02,24.76,25.11,25.02,24.67,25.11,24.76,24.85,24.76,24.93,24.93,25.02,24.67,24.85,25.20,25.20,24.67,25.02,24.76,25.28,24.57,24.85,25.02,24.76,24.76,24.67,25.20,24.93,25.02,24.76,24.85,25.02,25.20,25.02,24.85,24.76,24.57,24.67,24.76,24.57,25.11,24.67,24.85,25.28,24.93,24.85,24.67,25.20,24.57,24.76,24.93,25.28,25.02,24.93,24.85,24.67,24.48,25.11,24.67,24.48,25.37,24.93,24.67,24.93,25.02,25.11,24.48,24.48,25.02,25.37,25.11,24.57,24.93,25.11,25.11,25.02,24.76,24.76,24.85,25.02,25.02,25.02,25.02,24.85,24.76,24.57,25.20,24.39,24.85,24.93,24.93,25.11,24.67,24.57,24.39,24.76,24.93,24.93,25.20,25.11,25.20,24.76,24.85,24.48,25.11,25.20,25.02,24.93,24.85,24.85,25.02,24.76,24.93,25.11,25.11,24.85,25.20,24.93,24.57,25.02,24.76,25.20,25.11,24.85,24.76,25.02,25.20,24.76,25.02,24.85,24.93,25.02,24.93,24.76,24.93,25.37,24.76,25.11,24.93,25.20,24.67,24.85,25.20,24.76,25.11,24.93,25.28,25.11,24.67,25.02,24.93,25.11,25.11,25.37,25.37,25.28,25.11,24.93,25.20,25.37,24.93,24.93,25.11,24.93,25.02,25.20,25.02,25.28,25.02,25.11,25.20,24.85,25.11,25.46,25.28,24.85,25.28,25.37,25.28,25.20,24.93,25.02,25.20,25.02,25.28,25.20,24.76,25.02,25.11,25.20,25.20,25.11,24.93,25.11,25.02,24.93,25.20,25.20,25.37,25.11,25.28,25.20,25.11,24.93,25.11,25.20,25.11,24.85,25.11,24.93,25.11,25.02,24.76,24.67,25.11,25.20,24.67,24.57,25.28,24.85,25.11,25.20,25.02,24.85,25.28,25.37,24.85,24.93,25.02,24.67,25.02,24.67,24.93,24.93,24.93,25.28,24.76,24.76,24.76,25.02,24.85,24.93,24.67,24.93,24.57,24.85,25.37,25.02,24.48,25.20,24.76,24.67,25.02,24.93,24.76,24.85,25.11,24.76,24.93,25.11,24.85,24.85,24.76,24.93,24.57,24.93,24.93,25.02,24.29,24.76,25.02,25.11,24.93,24.93,24.85,24.85,24.93,25.02,25.11,24.67,25.20,25.11,25.02,24.39,24.93,24.85,24.85,24.67,24.85,24.85,25.02,24.76,25.20,24.39,24.57,24.76,24.93,25.02,25.11,24.76,24.67,24.57,24.48,24.48,25.11,24.67,24.67,24.67,24.76,24.93,24.67,25.11,24.85,24.76,25.20,24.76,24.76,24.85,25.11,24.67,24.76,24.67,25.11,24.76,24.93,24.93,24.93,24.93,25.28,24.48,24.67,24.93,25.02,24.67,24.67,24.57,24.67,25.11,24.48,24.76,24.85,24.85,24.85,24.57,25.02,24.76,24.48,24.48,24.57,24.85,24.57,24.76,24.57,24.76,24.39,25.11,24.76,24.85,24.39,24.57
24.57,24.57,24.76,24.29,24.76,24.76,24.67,24.57,24.76,24.20,24.39,24.48,24.48,24.57,25.02,24.76,24.67,24.57,25.02,24.67,24.85,24.57,25.20,24.85,24.85,24.29,24.67,24.76,25.02,24.76,24.76,24.67,24.57,24.48,24.67,24.76,24.48,24.76,24.85,24.85,25.02,24.85,24.76,24.67,24.76,24.93,24.93,24.67,24.85,24.76,25.02,25.11,24.85,24.93,24.93,24.76,25.02,24.93,24.67,25.11,24.57,24.93,24.67,24.67,24.85,24.57,24.93,25.11,25.28,24.93,25.02,25.02,24.76,24.57,24.67,24.85,25.11,25.20,24.76,24.67,25.20,25.28,25.02,24.57,24.39,24.85,25.02,24.85,24.93,24.67,24.48,24.67,24.67,24.76,24.76,25.02,24.67,24.67,24.48,25.02,24.85,25.02,25.11,25.02,25.20,24.85,24.93,24.67,24.76,25.11,25.37,25.02,24.67,24.48,25.02,24.39,25.11,25.28,25.02,24.85,24.85,25.02,25.11,25.02,24.85,25.02,25.11,24.93,25.11,24.93,24.85,24.85,24.67,24.85,24.93,25.02,24.85,25.20,25.11,24.85,25.20,25.02,25.02,25.11,24.93,24.85,25.28,24.76,24.93,25.02,24.93,24.76,25.20,25.02,25.11,24.85,24.76,24.93,25.20,25.20,24.93,25.02,24.76,24.93,24.85,24.67,24.85,25.11,25.11,25.20,25.28,25.28,25.20,25.20,24.76,25.37,25.20,25.20,25.46,25.20,25.20,24.93,25.20,25.20,25.46,25.46,25.20,25.11,25.37,24.93,25.37,25.02,25.11,25.28,25.37,24.93,25.28,25.11,25.37,25.11,25.46,25.02,25.11,24.93,25.46,25.11,25.28,25.37,25.28,24.85,25.20,25.02,25.11,24.93,24.85,25.20,24.48,25.11,25.20,25.02,25.20,25.02,25.20,24.93,25.11,25.11,25.20,24.48,25.28,25.28,25.28,25.11,24.93,24.85,24.76,25.11,24.93,24.76,25.28,24.93,24.93,24.93,24.67,24.57,24.85,25.11,24.76,24.76,24.76,24.67,24.85,25.02,24.85,24.67,24.76,24.76,24.93,24.67,24.93,24.67,24.93,24.67,24.67,25.02,24.76,24.93,24.67,24.93,24.57,25.20,25.02,25.02,25.02,25.11,24.76,24.93,24.76,25.11,24.85,24.85,24.85,25.02,24.93,24.93,24.85,24.93,24.48,24.76,24.93,24.67,24.93,24.57,24.67,25.11,24.85,24.76,25.20,25.02,24.76,24.67,25.02,24.93,24.85,24.85,25.20,25.02,25.11,25.11,24.48,24.93,24.57,25.02,25.02,24.57,24.93,24.11,24.57,24.57,24.76,25.02,25.11,24.67,24.76,24.93,24.67,25.11,25.11,24.39,25.02,24.57,24.76,24.93,25.02,24.93,25.37,24.85,24.57,24.76,24.67,25.11,25.46,24.67,24.93,25.28,24.93,24.67,25.02,24.76,24.85,25.02,24.76,24.57,25.02,24.85,24.76,24.67,24.93,24.85,24.57,24.93,24.67,25.11,24.85,24.48,24.76,24.76,24.85,24.85,24.67,24.85,25.11,24.57,24.85,25.02,24.76,24.48,24.93,24.48,24.39,24.67,24.76,24.57
24.48,24.85,24.76,24.67,24.76,24.29,24.85,25.11,24.76,25.11,24.67,24.76,25.11,25.02,24.76,24.39,25.02,24.67,25.02,24.57,25.28,24.48,24.85,24.67,24.93,24.76,24.76,24.85,24.67,25.11,24.93,24.76,24.93,24.67,24.85,24.67,24.93,24.85,24.85,24.67,25.37,24.93,24.85,25.02,24.57,24.93,24.85,25.28,25.11,25.11,24.93,24.85,24.57,24.93,24.85,24.93,24.57,24.93,25.20,24.85,24.93,24.57,25.02,25.02,24.93,24.93,24.67,24.85,24.93,25.20,25.20,25.02,24.76,24.57,24.76,25.20,24.93,25.28,24.85,24.67,24.67,24.85,25.02,24.76,24.93,24.85,24.57,25.11,24.85,25.20,25.11,24.85,24.85,25.20,24.67,25.02,25.20,25.20,24.85,25.02,24.93,25.11,24.57,25.11,24.76,25.11,24.85,25.02,24.93,25.11,25.02,24.85,25.02,25.11,25.02,24.93,24.93,25.11,24.67,24.93,24.76,25.02,24.93,25.20,24.67,24.85,24.85,25.20,24.93,24.67,25.02,25.02,24.93,24.93,24.93,24.85,24.85,25.11,24.85,24.57,24.93,25.28,24.93,25.02,24.85,25.20,25.46,25.20,25.20,24.93,25.11,25.11,25.11,25.11,25.28,24.85,24.93,25.02,25.37,25.11,25.02,24.76,24.85,25.02,24.76,25.02,24.93,25.02,24.85,24.93,25.28,25.11,25.11,25.37,25.37,25.28,25.02,25.46,25.02,25.02,25.20,25.11,25.20,25.11,25.11,25.02,25.11,24.85,25.28,25.20,25.20,24.57,25.11,25.20,25.28,25.20,25.20,25.55,25.11,24.93,25.02,24.85,25.55,25.46,25.46,25.46,25.20,25.11,25.20,25.28,25.28,25.37,25.11,25.20,25.11,24.93,25.11,25.37,24.48,25.02,25.02,25.20,25.02,25.02,25.28,25.37,25.11,25.02,25.20,25.20,25.02,25.20,25.02,25.11,24.67,25.20,24.85,25.02,25.11,25.11,24.93,25.11,24.93,24.93,24.67,24.67,25.02,24.85,25.11,24.29,24.67,24.67,24.67,24.85,24.85,24.85,24.85,24.67,24.93,24.93,24.67,25.11,24.93,24.76,24.76,24.93,24.93,25.02,24.76,25.02,24.85,24.67,24.67,25.11,24.67,24.76,24.57,24.76,25.02,24.93,24.57,25.28,24.76,25.02,25.02,24.76,25.11,25.11,24.76,24.93,24.57,24.57,24.85,24.93,25.11,24.93,24.85,24.93,24.85,24.76,24.93,25.11,24.85,24.93,25.11,24.93,25.11,24.85,25.02,25.11,25.02,24.85,25.02,25.11,24.85,24.85,24.48,24.67,24.29,24.85,25.02,24.67,24.48,24.85,24.93,25.20,25.11,24.76,25.02,25.11,24.67,25.02,24.57,25.02,24.76,24.76,24.67,24.76,24.93,24.85,24.67,24.93,25.20,25.11,25.11,24.76,24.67,24.48,24.85,24.93,24.85,24.76,25.20,24.76,24.85,24.76,25.02,24.67,24.48,25.02,25.20,24.93,24.76,24.67,25.02,24.85,24.76,24.76,24.93,24.76,24.57,24.93,24.93,25.02,25.02,24.67,24.29,25.11,25.02,24.76,24.57,24.67
24.48,24.85,24.85,24.67,24.48,24.85,24.48,24.67,24.57,24.76,24.67,24.85,24.57,24.39,24.93,24.67,24.39,24.93,24.93,25.02,24.57,24.67,24.85,24.85,25.28,25.11,24.67,24.85,25.11,25.28,24.48,24.48,24.39,24.67,25.11,24.57,25.20,25.02,24.93,24.67,24.48,24.67,24.20,25.11,24.76,25.11,24.76,24.57,25.37,24.76,24.85,24.57,24.93,24.76,25.02,25.11,24.85,24.93,24.85,24.76,24.85,24.85,24.85,25.11,24.85,25.11,25.20,25.20,25.20,24.67,24.85,24.85,24.76,24.93,25.11,25.02,25.11,25.20,24.85,24.67,24.93,25.20,24.67,24.57,24.67,24.85,24.85,25.02,25.02,25.02,24.57,25.20,24.85,25.11,24.93,24.85,25.11,25.28,25.02,25.20,25.02,24.85,25.28,25.11,25.20,24.67,25.37,24.93,25.11,24.67,25.11,24.67,25.20,25.28,24.67,24.93,24.85,25.11,24.48,24.67,25.02,25.37,24.85,25.28,24.76,24.93,24.48,25.02,25.11,24.93,25.02,25.02,25.11,24.85,25.11,24.93,24.93,24.85,25.28,24.76,25.28,25.11,25.02,25.02,24.85,25.20,25.02,24.93,24.67,24.93,25.02,25.11,25.02,25.02,24.85,25.02,24.67,24.85,24.85,24.93,25.11,25.20,25.02,25.20,24.93,25.02,24.76,25.11,24.85,25.02,25.28,24.85,25.28,25.02,24.93,25.20,24.93,25.46,25.02,25.28,25.11,24.85,25.28,25.37,25.02,25.37,25.37,25.20,25.20,25.02,25.28,24.85,25.02,25.11,25.28,25.11,25.11,25.37,25.11,25.37,25.11,25.37,25.11,25.28,24.57,25.11,25.20,25.02,25.11,25.02,25.28,25.20,25.20,25.20,25.28,25.02,24.57,25.02,25.20,25.11,25.28,25.02,25.02,25.11,24.85,24.85,25.20,24.85,25.11,25.11,24.48,25.20,24.93,24.67,25.28,24.67,24.85,25.20,24.93,25.11,24.85,24.93,24.48,25.20,24.67,24.76,24.76,25.02,25.11,24.29,24.76,24.76,25.28,24.85,24.76,24.85,25.20,24.67,24.76,25.11,25.11,24.85,24.93,25.11,24.76,24.85,24.57,25.02,24.76,24.93,24.57,24.85,24.76,24.67,24.67,25.02,24.48,25.02,24.85,24.67,25.02,24.93,24.67,24.85,25.20,24.76,24.93,25.28,24.76,24.76,24.76,24.67,24.85,25.02,24.48,24.57,24.85,24.85,25.11,24.93,24.76,24.76,24.67,24.85,25.20,24.85,24.67,24.93,25.02,24.85,24.57,25.02,24.57,24.76,24.85,24.48,24.85,24.76,24.39,24.76,25.02,24.57,24.67,25.02,24.39,24.57,24.57,24.48,24.67,24.57,25.20,25.02,24.76,25.02,24.76,24.57,24.67,24.93,24.67,24.85,24.76,24.67,24.76,24.93,24.57,24.85,24.85,24.39,24.85,24.57,24.57,25.28,25.02,25.02,24.67,24.76,24.93,24.93,24.76,24.85,25.02,24.67,24.57,25.02,24.76,25.02,24.85,24.76,24.48,24.67,25.28,24.85,24.85,24.93,24.48,24.29,24.20,24.76,24.85,24.67,24.67,24.39
24.85,24.76,24.67,24.67,24.11,24.67,24.11,24.76,24.76,24.48,24.67,24.85,24.39,24.76,24.93,24.57,24.48,24.67,24.85,24.76,25.20,24.39,25.02,24.85,24.85,24.76,25.20,24.93,24.76,25.02,24.85,25.02,25.02,24.93,24.67,24.57,24.85,24.67,24.85,24.76,24.48,24.57,24.48,24.67,24.85,25.11,24.93,24.76,24.85,25.02,24.85,24.57,24.67,25.11,25.20,24.93,24.67,25.02,25.02,25.37,24.67,25.11,24.57,24.93,25.02,25.37,24.93,24.57,24.85,25.20,24.85,24.85,24.67,24.85,24.76,25.46,24.76,24.67,24.93,24.48,24.48,24.67,25.02,24.93,24.67,24.85,24.85,24.67,25.20,24.93,25.02,24.57,25.11,24.85,24.93,24.93,25.20,24.67,24.85,24.93,24.57,25.11,25.11,25.11,24.93,25.02,25.11,24.93,25.02,25.11,25.11,24.76,24.85,25.11,25.02,25.20,25.02,25.02,25.28,25.11,24.76,24.85,24.93,24.76,24.76,24.76,24.76,24.67,24.85,25.02,25.11,25.02,24.67,24.85,24.85,24.57,25.02,25.11,25.11,25.28,25.11,24.93,25.02,25.02,24.93,24.93,24.93,24.85,25.11,24.93,24.93,25.46,25.37,25.11,24.93,25.02,25.02,24.85,24.93,24.93,24.85,25.02,24.85,25.20,25.28,24.93,24.93,25.20,24.93,25.02,25.46,25.11,24.85,25.46,25.02,25.02,25.28,24.76,25.11,25.37,25.46,25.28,25.46,25.11,25.20,25.20,25.02,25.02,25.46,25.37,25.55,25.28,25.02,25.11,25.11,24.76,24.93,24.93,25.02,25.37,24.93,25.20,25.02,24.93,25.55,25.37,24.93,25.46,25.28,25.20,25.02,25.28,25.11,25.55,25.20,25.37,24.76,25.11,24.76,25.11,24.67,25.28,25.20,25.11,25.28,24.93,25.28,25.28,24.57,25.37,25.20,25.20,24.67,25.02,25.20,25.28,25.11,25.11,25.11,24.48,24.67,25.11,24.85,25.20,25.02,24.93,25.02,25.37,24.85,25.28,25.02,24.76,25.28,24.85,25.02,24.76,25.37,24.76,24.67,24.85,25.20,24.85,24.93,24.76,25.02,25.02,25.02,25.02,24.57,24.93,25.02,24.67,25.02,24.76,24.85,24.85,24.76,24.93,24.76,24.57,24.76,24.93,24.67,24.76,24.76,25.02,25.20,25.02,24.85,24.93,25.02,25.02,24.85,24.85,25.02,24.57,24.57,24.93,24.93,24.48,25.37,24.76,24.85,25.20,24.93,24.85,24.85,24.93,24.57,24.67,25.02,24.39,24.85,24.85,25.20,24.76,24.57,24.85,24.76,24.85,25.02,24.67,24.67,24.93,25.11,24.57,24.67,25.11,24.67,25.02,24.76,24.57,24.93,24.93,24.57,25.02,24.67,24.67,24.67,24.85,24.85,25.11,24.93,25.11,24.76,24.57,25.20,24.76,24.76,25.02,25.28,24.67,25.11,24.93,24.76,24.85,24.93,25.02,25.02,24.67,25.28,24.67,24.76,24.29,24.93,24.93,24.67,24.93,25.02,24.57,24.85,24.85,24.93,25.02,25.02,24.85,24.57,24.57,24.29,24.39,24.29,24.29
25.02,24.67,24.85,24.67,24.93,24.76,24.48,24.57,24.39,24.85,24.85,24.67,24.48,24.67,24.76,24.76,24.76,24.67,24.57,24.76,24.76,24.67,24.67,24.85,24.57,24.93,24.39,24.93,24.93,24.76,24.85,24.67,24.85,24.67,24.85,24.57,24.76,25.20,25.02,24.67,24.48,24.67,24.67,25.20,24.48,24.57,25.28,25.11,24.76,25.28,25.02,24.76,24.76,25.37,25.02,25.02,24.85,25.11,25.11,24.93,24.57,24.76,25.11,25.02,24.76,24.67,24.67,25.02,24.85,24.76,24.85,25.02,24.85,24.85,24.93,24.57,24.93,25.20,24.57,24.85,25.20,24.85,24.39,24.48,25.20,24.57,25.11,25.20,25.11,25.20,24.67,24.67,24.93,24.76,24.48,24.76,25.02,24.76,24.57,24.93,25.02,24.76,25.20,25.28,25.11,24.85,25.20,25.11,24.93,24.85,24.93,24.85,25.11,24.93,24.85,25.37,25.11,25.11,25.20,24.93,24.85,25.20,25.02,24.85,25.02,24.67,25.20,25.02,25.11,24.85,24.85,25.02,24.85,25.02,25.11,24.85,24.93,24.76,25.02,24.93,25.02,25.02,25.46,25.28,25.11,25.11,24.85,25.02,24.93,25.02,24.67,25.20,24.76,25.11,24.93,24.85,24.85,24.93,25.02,25.20,25.20,25.02,25.02,25.02,24.93,25.20,25.02,25.11,25.46,25.63,25.28,24.85,25.20,25.46,25.37,25.37,25.46,25.28,25.46,25.46,25.20,25.37,25.37,25.28,25.37,25.11,25.46,25.63,25.20,25.20,25.37,25.02,25.11,25.20,25.28,25.02,24.76,24.93,25.11,25.20,24.93,25.46,24.93,25.11,25.11,25.02,24.85,25.11,25.11,25.11,25.02,25.37,24.93,24.93,25.11,25.11,25.02,25.20,24.67,24.93,25.11,25.02,25.02,25.11,24.93,24.93,25.28,24.85,25.02,25.11,24.93,25.46,25.11,24.67,24.93,25.11,25.11,25.11,25.11,25.28,25.11,25.11,25.11,25.11,25.20,24.57,25.28,25.11,25.02,24.93,24.48,24.93,24.67,25.28,24.85,24.85,24.67,24.93,25.02,24.85,24.76,24.76,24.85,24.39,25.11,24.76,25.02,25.55,25.02,24.67,24.57,24.93,25.02,24.67,25.02,24.93,24.57,24.93,25.20,24.76,24.67,24.93,24.57,24.76,24.67,25.11,25.02,24.93,24.76,24.76,24.85,24.93,24.85,24.93,25.28,24.85,24.93,24.57,24.67,24.29,25.20,25.11,25.02,24.93,25.11,24.76,24.93,24.48,24.93,24.85,24.85,24.85,24.57,24.85,24.93,25.02,25.02,24.93,25.37,25.02,25.02,25.02,25.28,25.11,24.67,24.67,24.48,24.76,24.85,24.57,24.57,24.67,25.11,24.93,25.11,24.85,24.76,24.76,24.67,25.02,25.20,24.85,24.85,24.85,24.93,24.76,24.93,24.67,25.02,24.67,24.76,24.76,25.02,24.57,24.20,24.93,24.67,24.76,24.57,24.85,24.67,24.76,24.76,25.11,25.02,25.02,24.85,24.76,24.76,24.93,25.02,24.48,24.57,24.67,24.93,24.93,24.57,24.67,24.93,24.76,24.48,24.76
24.48,25.20,24.76,24.76,24.67,24.29,24.85,24.76,25.02,24.57,24.76,24.67,24.93,24.48,24.85,24.67,24.67,24.67,24.67,24.57,24.67,24.93,24.48,25.02,25.02,24.48,25.02,24.93,24.39,24.76,24.67,24.85,25.46,24.57,24.76,24.57,24.67,24.67,25.20,24.76,24.85,25.02,25.02,24.85,24.76,25.28,25.11,25.11,24.93,25.02,24.93,25.02,25.20,24.93,24.57,24.93,25.20,25.20,25.02,24.93,24.85,24.85,24.67,25.20,24.76,24.67,24.67,25.02,24.85,24.48,24.67,24.67,25.28,24.76,24.93,25.02,24.67,24.93,24.67,25.02,24.76,24.67,24.57,24.85,24.48,25.11,24.57,24.67,25.28,25.20,24.76,25.02,24.93,25.28,25.20,25.28,25.20,24.76,24.57,24.57,25.02,24.67,25.28,25.20,25.37,25.02,25.46,24.76,24.76,24.76,24.85,25.02,24.76,24.57,25.02,25.02,24.85,25.11,24.76,24.76,25.02,24.67,24.76,24.85,25.37,24.93,24.93,24.76,25.02,24.39,25.37,24.93,24.85,24.57,25.20,24.93,24.76,25.02,24.76,24.85,24.57,25.20,24.76,24.67,24.67,24.85,24.57,24.93,24.93,24.93,24.67,24.93,25.28,24.67,24.85,24.76,24.93,24.76,24.93,25.02,24.93,25.02,24.76,25.02,24.85,25.11,25.02,24.93,24.85,25.02,25.02,25.11,24.85,25.11,25.37,25.11,25.20,25.20,25.28,25.02,25.20,25.02,25.46,25.11,24.93,25.11,24.93,24.93,25.11,25.28,25.11,25.11,25.11,25.28,24.93,25.11,25.11,25.11,25.02,25.55,25.55,24.93,25.37,25.20,25.37,24.93,25.02,25.28,25.11,25.11,25.28,25.28,25.46,25.11,25.11,24.85,25.02,24.93,25.02,24.93,24.93,25.11,25.20,24.85,24.67,24.67,24.76,25.02,25.02,25.11,25.02,24.67,24.76,25.02,24.67,24.93,24.85,24.85,25.11,24.57,25.11,24.85,24.93,25.02,25.02,25.20,25.28,24.67,25.02,24.57,24.76,24.93,25.28,24.85,24.85,24.93,25.20,24.93,24.93,25.11,24.93,25.11,25.11,24.85,24.93,24.48,24.85,24.67,24.85,25.11,24.67,25.02,24.67,24.29,24.76,25.02,25.11,24.93,24.67,24.85,24.85,24.39,24.67,24.93,24.57,24.85,24.85,25.20,24.93,25.02,24.48,24.76,24.85,25.20,24.76,24.67,24.48,24.93,25.11,24.76,24.93,24.67,25.02,24.57,24.85,24.57,25.11,24.93,25.20,25.02,24.67,24.93,24.76,24.57,24.57,25.02,24.57,25.20,24.93,24.48,24.85,24.85,25.28,24.93,25.02,25.02,24.93,24.85,25.02,24.85,25.37,24.57,24.85,24.67,24.76,25.11,25.02,24.67,25.02,24.93,24.76,24.76,24.76,24.85,24.93,24.67,24.67,24.93,24.76,25.11,24.76,24.93,24.76,24.76,24.20,24.48,24.76,24.76,25.02,25.02,24.85,24.67,24.67,24.48,24.29,24.76,24.76,24.57,24.85,25.11,24.76,24.76,24.76,24.76,24.57,24.93,24.67,24.29,24.48,24.76,24.85,24.67
24.48,24.76,25.02,24.57,24.76,24.39,24.57,24.39,24.57,24.39,24.67,24.48,25.11,24.57,24.67,24.57,24.29,24.76,25.20,24.76,24.67,24.67,24.93,24.76,24.85,24.67,25.02,24.93,24.93,24.93,25.02,24.67,24.85,24.29,25.02,24.76,24.93,24.76,25.02,24.76,25.11,24.85,24.76,24.76,24.85,25.11,24.67,24.67,25.02,25.11,24.85,24.93,25.02,24.85,25.11,25.20,24.93,24.93,24.85,24.39,24.76,24.93,24.93,24.93,24.76,24.67,24.93,25.37,24.76,25.11,25.02,25.02,24.85,24.85,24.76,24.85,24.67,24.76,24.67,24.85,24.76,24.76,25.11,25.02,24.76,25.11,24.85,24.85,24.76,24.57,24.48,24.57,25.11,25.02,24.76,24.93,25.02,24.93,24.93,24.85,24.93,24.93,25.28,25.02,24.76,24.93,24.93,24.85,25.02,24.93,25.46,24.76,24.93,24.76,25.11,24.85,25.02,24.76,24.93,24.76,25.11,24.93,24.67,24.67,24.67,24.57,24.93,24.76,24.85,24.93,24.67,24.76,25.02,25.20,25.11,25.11,24.85,24.93,25.11,25.02,24.85,25.11,25.11,24.93,24.93,24.85,25.11,24.76,24.93,25.02,24.93,25.20,24.93,24.93,25.02,24.57,25.02,25.11,24.93,24.93,24.67,24.85,24.93,24.67,24.85,25.02,24.93,25.11,25.37,25.20,25.02,25.02,25.20,24.93,25.11,25.28,25.11,25.46,25.28,25.46,25.72,24.93,25.20,25.11,24.76,25.02,25.11,24.76,25.11,25.28,25.28,25.28,24.85,25.28,25.37,25.37,24.76,25.11,25.02,25.11,25.20,25.11,25.46,25.20,25.11,24.93,25.37,25.28,25.11,25.02,24.85,24.93,25.02,25.20,24.93,24.93,25.11,24.67,25.02,25.11,25.11,24.85,25.37,25.28,24.67,25.11,25.20,25.02,25.11,25.20,25.20,25.11,24.93,24.57,24.85,24.93,24.67,25.20,24.76,25.11,24.93,24.85,24.85,24.48,25.02,25.02,24.76,24.93,24.93,24.85,25.46,25.11,25.02,24.76,24.93,24.76,24.76,25.02,24.85,25.28,24.85,24.85,25.20,24.93,24.76,25.02,24.48,24.85,25.02,24.85,25.02,24.76,24.93,24.67,24.76,25.02,24.57,24.85,24.76,24.57,24.76,24.93,24.85,25.20,24.67,24.57,24.67,24.85,24.93,24.76,25.11,24.67,24.85,24.93,24.76,24.76,25.11,24.76,24.39,24.93,24.39,24.57,24.67,24.67,25.28,24.76,25.02,24.85,25.11,25.02,25.02,24.76,25.28,24.93,24.57,24.76,24.76,24.76,25.02,25.11,24.48,24.76,24.76,24.85,24.76,24.67,25.11,24.76,24.93,24.67,25.20,24.76,24.76,25.02,25.02,24.67,24.67,24.57,24.57,24.76,25.11,24.57,24.48,24.85,24.67,24.93,24.85,24.67,24.93,24.67,24.48,24.85,24.76,24.67,24.93,25.11,24.93,24.48,24.85,24.93,24.57,24.93,24.48,24.93,24.48,24.67,24.67,24.67,24.93,24.93,24.85,25.55,25.28,24.76,24.93,24.48,24.93,24.85,24.93,24.48,24.85,24.76
24.29,24.93,24.39,24.67,24.76,24.85,24.57,24.57,24.85,24.76,24.67,24.57,24.85,24.67,24.76,24.93,24.57,24.85,24.85,24.76,25.02,24.67,24.85,24.93,24.93,24.93,24.85,24.76,24.93,25.02,24.93,24.67,24.67,24.85,24.76,24.85,25.02,24.85,24.57,25.02,25.20,24.67,25.02,24.57,25.02,25.28,24.93,25.20,24.67,25.11,25.02,25.20,24.85,25.02,25.02,24.76,24.93,24.85,24.76,24.67,24.85,24.85,25.02,25.02,25.20,25.11,24.57,24.76,24.76,25.02,24.85,25.46,24.67,24.93,24.76,24.67,24.67,24.85,24.85,24.67,25.28,24.85,25.02,24.93,25.20,24.85,24.76,24.39,24.93,25.02,24.57,25.02,25.20,24.76,24.85,24.85,24.85,24.85,24.93,24.93,25.02,25.28,24.93,25.11,25.02,24.85,24.93,24.85,25.02,25.02,24.76,25.37,24.39,25.11,25.02,24.85,24.85,24.85,25.11,24.76,24.76,25.02,25.02,25.11,24.67,25.11,24.48,25.20,25.02,24.85,25.11,25.20,25.20,24.93,25.02,24.76,24.76,24.85,25.11,25.02,24.93,25.20,24.67,25.02,24.76,25.02,25.28,25.02,25.02,25.28,25.02,25.37,25.11,24.93,25.37,24.85,25.20,24.85,25.28,24.76,24.93,25.02,25.02,24.93,24.85,24.76,25.02,24.85,25.20,25.02,25.11,25.28,25.55,25.37,25.20,25.81,25.28,25.55,25.20,25.02,25.28,25.20,25.28,25.37,25.37,25.37,25.20,25.02,25.46,25.11,25.28,25.28,25.28,25.46,25.11,24.93,25.28,25.02,25.11,25.20,24.76,25.02,24.85,25.11,25.20,25.11,25.11,25.28,25.11,25.11,25.20,25.11,25.28,25.02,25.11,25.02,24.93,24.93,25.02,25.11,25.20,25.02,25.37,25.02,25.11,24.93,24.93,25.11,24.67,24.93,24.93,24.76,25.11,25.20,25.28,25.28,24.76,24.93,25.20,25.02,25.02,24.85,24.93,25.11,25.02,24.67,25.37,25.28,24.39,25.02,24.85,24.93,25.11,25.20,24.67,24.85,24.57,24.85,24.93,24.48,25.20,25.37,24.85,25.02,24.85,24.93,25.11,24.85,24.76,24.76,24.76,24.85,25.20,24.85,24.67,24.93,24.85,24.85,24.76,25.02,24.57,24.85,24.67,24.57,24.76,24.93,24.85,25.28,24.85,24.67,24.85,25.02,25.11,24.57,25.02,24.57,24.85,25.20,24.48,24.85,24.67,25.02,25.02,24.85,24.85,25.37,24.93,25.02,24.76,24.93,25.02,24.93,24.76,24.39,25.11,25.11,24.85,24.93,25.20,24.29,24.93,24.85,25.20,24.39,24.76,25.20,25.02,24.67,25.11,24.67,25.02,25.11,24.93,24.48,24.85,24.76,25.20,24.57,24.85,24.85,24.85,24.93,25.20,25.11,24.93,24.85,25.20,24.85,25.11,24.76,24.67,24.67,24.85,24.76,24.67,24.76,24.57,24.76,24.85,24.93,25.37,24.85,24.85,24.93,24.85,24.85,25.11,24.76,24.93,24.57,25.11,24.85,24.85,24.93,24.57,25.02,24.57,25.02,24.48,25.02,24.76,24.48
24.39,24.20,24.57,24.85,24.11,24.85,24.20,24.57,24.67,24.85,24.57,24.48,24.67,24.29,24.48,24.67,24.85,24.85,24.39,24.85,24.39,24.93,24.57,25.02,24.57,24.85,24.67,25.02,24.57,24.67,24.67,24.57,25.02,24.93,24.76,25.20,24.93,24.93,24.85,24.76,24.76,25.28,25.11,25.11,24.85,25.20,24.93,24.93,24.67,24.48,25.02,24.57,24.76,24.93,25.37,24.85,25.02,24.76,24.93,24.85,24.93,24.76,24.85,24.85,24.93,24.76,24.67,24.93,24.93,24.85,24.93,25.02,25.28,24.85,24.57,24.48,24.48,25.20,24.85,24.67,24.93,24.85,25.02,25.28,24.76,24.57,24.67,24.76,24.57,25.46,24.93,24.76,25.02,24.67,24.93,25.02,25.02,24.93,24.48,25.20,24.67,25.11,24.93,25.20,25.11,25.11,25.11,24.85,25.11,25.02,24.93,24.57,24.93,24.48,25.28,25.02,25.20,24.76,24.93,24.93,25.11,25.28,24.76,25.02,24.76,24.85,24.67,25.02,25.63,24.67,24.85,25.02,24.93,25.11,25.11,24.67,25.20,24.76,25.02,24.85,24.76,25.28,24.85,24.76,24.85,25.02,25.02,24.76,24.76,25.02,25.11,24.67,24.93,24.67,25.11,24.93,24.57,25.28,24.85,24.67,24.85,24.93,24.93,24.76,24.93,25.20,25.11,24.85,25.37,24.93,25.11,24.85,25.02,25.28,25.28,25.02,25.11,25.28,25.46,25.20,25.20,25.20,25.20,25.11,25.11,25.11,25.02,25.02,24.93,25.28,25.55,25.20,24.76,24.85,25.11,25.20,25.28,24.93,24.85,24.67,25.20,24.93,25.63,25.20,25.20,24.76,25.02,25.02,25.11,25.02,25.37,25.28,25.11,25.02,25.11,24.85,25.20,24.48,24.76,24.76,24.93,25.11,25.20,24.93,24.93,25.11,24.85,25.02,25.11,25.02,25.02,24.85,25.20,24.85,25.37,24.85,24.67,25.02,25.20,24.85,25.11,25.20,25.11,25.02,24.76,25.02,24.48,24.76,25.46,25.28,25.02,24.76,24.57,24.67,24.76,24.48,24.93,24.76,24.93,24.39,24.76,24.85,24.85,24.85,25.02,24.76,24.57,24.67,25.02,25.11,24.67,24.93,24.85,24.85,24.76,25.11,24.20,25.11,24.29,25.11,24.67,24.85,24.48,24.93,25.20,24.93,25.20,24.76,24.67,24.85,24.76,24.85,24.85,24.93,24.93,24.67,25.02,24.67,24.85,24.67,24.57,24.85,24.67,24.57,24.57,24.67,25.02,24.93,25.11,25.02,25.28,24.48,25.02,25.11,25.37,25.02,24.67,24.57,24.67,25.02,24.67,25.02,24.39,25.02,24.85,24.85,24.85,25.02,25.02,24.48,24.67,24.93,24.85,24.76,24.39,24.67,24.93,24.93,24.48,25.20,24.76,24.67,24.93,24.76,24.85,24.76,24.76,25.20,24.76,24.67,24.76,24.67,24.48,25.46,24.67,24.85,24.85,24.67,24.85,24.57,24.57,24.39,24.67,24.67,25.37,24.76,25.02,24.67,24.20,25.02,24.85,25.20,24.57,24.48,25.02,24.93,24.48,25.02,24.48,24.76,24.39,24.29
24.85,25.02,24.39,24.67,24.76,24.57,24.48,24.76,24.67,24.48,24.76,24.67,25.20,24.67,25.11,24.67,24.85,24.67,24.57,24.76,24.57,24.57,24.76,25.02,24.57,25.20,25.37,25.02,24.57,24.76,24.76,25.02,24.93,24.76,24.57,24.85,24.76,24.76,24.67,24.93,24.39,24.93,24.57,24.93,25.02,25.11,25.02,24.85,24.85,24.76,24.67,24.93,25.02,24.76,25.11,24.67,24.85,24.76,24.57,25.02,24.93,24.57,24.93,25.28,24.57,25.20,24.76,25.28,24.67,24.85,24.93,25.02,24.93,25.11,24.57,24.93,24.85,25.20,25.11,24.67,24.67,24.85,24.57,24.85,24.67,24.76,24.76,25.11,24.85,24.48,25.02,24.85,25.02,24.76,24.93,24.85,24.57,25.20,25.11,24.85,24.93,25.11,25.11,25.02,24.93,24.93,24.85,25.02,25.11,25.02,25.11,24.76,25.11,24.93,25.28,25.02,24.85,24.93,24.48,24.93,24.93,25.02,24.76,25.11,25.20,25.37,25.11,24.76,25.02,24.57,25.02,24.93,25.11,24.76,25.11,25.11,25.11,24.93,24.93,24.76,25.11,25.20,25.02,25.02,25.02,24.76,25.02,24.85,24.76,24.67,24.93,25.20,24.67,24.67,25.11,24.67,24.85,25.28,24.76,25.28,24.76,24.93,25.11,25.11,24.93,25.02,25.02,25.11,25.20,25.02,24.93,24.93,25.11,25.28,25.02,24.85,25.11,25.20,25.11,25.11,25.46,25.37,25.37,24.85,24.93,25.02,24.76,25.11,25.02,24.85,25.02,25.28,24.76,25.37,24.67,25.63,25.02,25.11,24.85,25.28,25.37,25.02,25.20,25.11,25.55,25.02,25.28,25.11,25.28,25.37,25.20,24.93,24.93,25.37,25.37,25.28,25.20,24.67,25.02,25.37,25.11,24.85,25.20,24.85,25.11,24.85,24.76,25.11,24.85,25.37,24.85,25.02,24.93,24.93,24.76,24.48,24.29,25.20,25.02,24.67,25.20,24.85,25.11,24.85,24.85,24.93,24.67,24.67,24.39,24.85,25.28,24.85,24.76,24.93,24.85,25.28,24.85,24.76,24.93,24.85,25.02,24.67,24.85,24.76,25.02,24.93,25.02,24.85,24.76,24.39,25.02,24.85,24.93,24.85,24.85,24.85,25.02,25.02,24.76,24.57,24.67,24.67,24.85,24.85,24.67,24.93,24.76,24.85,24.85,25.02,24.93,24.93,24.93,24.93,24.85,24.76,24.67,24.93,24.57,24.39,24.93,24.57,25.20,24.48,25.11,25.20,24.85,24.85,25.02,24.48,24.85,24.67,25.02,24.67,24.93,24.76,24.39,25.02,24.48,24.85,24.76,24.76,24.93,24.76,24.85,24.76,24.57,24.67,24.29,24.76,24.93,24.67,24.67,24.39,24.76,24.76,24.39,24.76,24.67,24.76,24.48,25.11,24.93,24.67,24.67,24.85,24.67,24.67,24.76,25.11,24.85,24.67,24.85,25.20,24.76,25.02,25.11,24.57,24.67,24.76,24.67,24.67,24.67,24.67,24.29,24.57,24.76,24.67,24.67,24.85,24.67,24.93,24.57,25.11,24.57,24.67,24.93,24.85,24.76,24.67,24.57,25.20
24.57,24.48,24.29,24.57,24.57,24.85,24.57,24.67,24.39,24.76,24.93,24.48,24.93,24.76,24.76,24.85,24.76,24.93,24.85,24.67,25.02,25.02,24.48,24.85,24.85,24.76,24.48,24.57,24.76,24.85,24.76,25.11,24.67,24.93,24.67,24.57,24.85,25.28,24.48,24.85,25.28,25.02,25.28,24.85,24.57,24.93,25.02,25.02,25.02,25.20,25.02,24.93,24.85,24.85,24.76,25.11,24.39,24.76,24.67,24.57,24.85,24.48,25.02,25.02,24.85,24.85,24.57,24.76,25.02,25.02,24.67,24.57,25.02,25.20,24.67,25.02,25.20,24.85,25.20,24.76,24.85,25.28,24.57,25.02,24.85,25.11,25.02,25.02,25.02,25.28,24.93,24.67,25.11,25.11,25.11,25.02,24.76,24.57,24.48,24.85,24.57,24.76,25.20,25.11,25.11,25.20,25.02,25.20,25.20,24.76,25.02,24.85,24.93,25.02,25.28,25.28,25.28,24.93,25.02,24.76,24.76,25.02,25.02,25.11,25.02,24.85,24.93,25.02,25.02,24.93,24.93,24.48,24.48,24.76,25.11,25.20,24.85,24.93,25.11,25.11,24.67,24.93,24.93,25.02,24.93,24.76,25.02,25.02,24.85,25.11,24.93,24.76,25.20,24.76,25.55,24.85,24.76,25.02,25.02,25.28,25.02,24.93,25.20,24.93,25.20,25.20,24.93,25.20,25.11,25.46,25.37,25.02,24.93,25.37,25.02,25.11,24.93,25.55,25.37,25.28,25.37,25.37,25.20,25.28,25.02,25.11,25.37,25.02,25.02,25.02,25.11,25.28,25.11,25.11,25.02,25.28,25.46,24.76,25.02,24.93,25.28,24.85,25.11,24.93,24.93,24.93,25.20,25.02,25.37,25.02,25.20,25.28,25.37,24.93,25.28,25.11,25.11,25.28,24.76,24.76,25.11,24.85,25.28,24.93,24.67,25.11,25.28,24.76,24.67,25.02,25.02,25.11,24.57,24.85,25.11,25.02,25.20,25.11,25.20,24.57,25.11,24.76,25.11,24.67,25.11,25.20,25.02,24.85,24.93,24.85,24.93,24.85,24.85,24.93,25.11,24.67,24.67,25.02,24.85,25.02,25.11,25.02,24.85,24.85,24.93,24.76,25.11,24.85,24.67,24.85,24.76,25.02,24.57,24.93,24.67,25.02,25.02,25.02,24.57,24.93,24.67,24.93,24.67,25.11,25.02,24.76,24.85,24.93,25.11,24.76,24.76,24.48,24.93,24.93,24.85,25.11,24.76,24.67,24.76,25.02,24.85,24.93,25.02,24.76,24.93,25.02,24.76,25.02,24.48,25.20,24.67,24.48,24.85,24.48,24.76,24.57,25.11,24.48,24.67,25.02,24.76,25.02,24.67,24.67,24.67,24.76,24.76,24.76,24.76,25.11,24.57,25.02,24.93,24.67,24.76,24.67,25.11,25.20,24.76,24.85,24.93,24.67,24.93,24.85,24.85,24.48,24.67,24.93,24.39,24.67,24.85,24.93,24.93,24.48,24.76,24.76,24.93,24.85,24.67,24.76,24.76,24.57,24.57,24.93,24.85,24.57,24.67,25.02,24.85,24.85,24.57,24.93,25.02,24.67,24.76,24.48,24.57,24.93,24.67,24.57,24.76,24.57
24.57,25.02,24.76,24.93,24.85,24.76,24.48,24.57,24.39,24.67,24.20,24.29,25.02,24.48,24.67,24.85,24.57,24.39,24.39,24.57,24.67,24.76,24.85,24.85,25.11,24.93,25.11,24.93,24.48,24.85,24.76,24.93,24.67,24.67,24.76,24.93,24.93,24.67,24.67,24.67,24.85,24.85,24.76,24.93,25.02,25.28,25.20,24.76,25.11,25.02,25.11,25.02,24.48,24.85,24.85,24.76,24.67,24.93,24.93,25.02,25.11,24.93,24.67,25.02,24.85,25.02,25.20,24.57,24.76,25.28,25.20,24.76,25.28,25.02,24.67,25.11,24.85,24.93,24.76,25.11,24.67,24.57,24.67,24.76,24.57,24.57,25.02,25.28,24.57,24.76,24.93,24.76,24.93,25.20,24.93,24.76,25.20,25.11,25.37,24.76,24.93,25.02,25.11,24.85,24.93,24.76,24.67,24.93,25.02,25.37,24.57,25.02,24.93,24.93,24.29,24.93,24.48,25.28,25.02,24.85,24.57,24.93,24.85,24.85,25.02,24.93,24.85,24.76,24.93,25.11,25.11,24.93,24.76,25.11,24.67,25.02,24.93,24.76,25.02,25.02,24.76,24.93,25.20,25.20,24.85,24.85,24.76,24.93,24.93,24.67,24.57,24.67,24.48,24.48,25.02,24.85,24.76,25.02,25.02,25.02,24.85,25.02,24.93,25.11,24.85,24.85,25.20,25.20,25.02,25.02,25.20,24.85,25.46,25.11,25.20,25.28,25.02,25.20,25.11,25.37,25.11,25.02,25.02,25.20,25.11,25.37,25.20,25.28,25.11,25.20,24.76,24.67,25.11,24.76,24.93,25.20,24.67,25.02,24.76,24.76,24.93,25.11,25.37,24.85,24.76,24.85,24.93,25.20,25.37,25.63,25.37,25.11,24.76,25.20,24.76,24.76,25.11,24.85,25.37,24.93,24.93,25.11,25.02,24.93,24.93,25.11,25.02,24.85,25.11,24.85,25.11,25.11,25.11,25.20,25.02,25.11,24.93,24.93,25.20,24.85,25.11,24.85,24.85,25.37,24.76,25.02,24.93,25.11,24.85,24.67,24.85,24.67,24.67,24.93,25.11,25.37,24.93,24.93,24.76,24.76,24.57,25.02,24.93,24.85,24.93,24.76,24.76,24.57,24.76,24.76,24.57,24.76,24.76,25.20,24.93,24.93,24.93,25.02,24.57,24.85,24.76,24.48,24.93,24.85,25.02,24.93,25.11,24.57,24.76,24.76,24.93,24.93,24.85,24.93,24.76,24.57,24.76,25.11,25.20,24.76,24.57,25.02,24.48,24.48,24.93,24.67,25.02,24.93,24.93,25.11,24.76,25.02,24.85,24.76,24.76,24.76,25.11,25.02,24.57,24.93,24.76,24.76,24.85,24.76,25.37,25.11,24.85,25.02,24.76,25.02,24.76,24.76,25.02,25.20,24.11,24.76,24.76,25.02,24.57,24.67,24.76,24.67,24.85,24.93,25.11,24.57,24.20,24.57,24.85,25.02,24.67,24.57,24.57,24.93,24.57,24.85,24.67,24.85,25.37,24.67,24.57,24.67,24.57,24.93,24.67,24.85,24.93,24.76,24.57,24.39,24.57,24.39,25.02,24.39,25.20,24.57,24.67,24.67,24.57,25.02,24.93,24.67
24.85,24.67,24.39,24.67,24.39,24.67,25.20,24.67,24.48,24.67,24.93,24.67,24.93,24.48,24.67,24.39,24.85,24.67,24.67,24.67,24.57,24.85,25.02,24.67,24.85,24.67,24.93,24.57,24.76,24.67,24.67,24.67,24.85,24.20,24.76,24.57,24.93,24.67,24.48,24.76,24.67,24.57,25.20,25.02,25.02,25.02,24.48,24.67,24.48,25.02,24.57,24.57,24.76,24.93,25.20,24.93,25.02,25.02,25.02,25.02,24.85,24.76,24.67,24.76,24.85,24.85,24.39,25.20,24.85,24.93,24.76,24.85,25.11,24.93,24.67,24.93,24.85,24.93,25.20,24.76,24.67,24.76,25.46,25.02,25.11,25.11,24.76,24.57,24.85,24.57,25.11,24.67,24.85,24.67,24.67,24.67,25.02,24.67,24.67,25.11,24.93,25.20,24.76,24.85,24.67,24.76,24.93,24.85,25.11,25.11,24.93,25.11,24.67,24.85,25.02,24.93,25.11,25.11,25.11,24.93,24.93,24.76,24.85,24.76,24.57,24.85,25.20,24.85,25.20,24.76,24.57,25.28,25.11,24.67,25.11,24.76,25.20,25.11,25.11,24.67,24.76,24.85,24.67,24.93,24.85,24.76,24.76,24.93,24.76,24.93,24.67,25.02,24.93,24.76,24.85,24.93,24.76,24.85,24.85,24.93,24.67,25.02,24.85,25.28,25.11,24.48,24.93,25.02,25.37,25.02,25.02,25.11,25.02,25.28,25.28,25.11,25.02,25.46,25.20,25.11,25.20,25.28,25.46,25.02,25.20,25.37,25.11,25.20,25.11,24.93,25.11,25.11,25.20,25.11,24.93,25.28,24.93,25.11,25.28,25.20,25.28,25.02,25.11,25.46,25.20,25.02,24.93,25.20,24.85,25.20,25.20,25.28,25.02,25.02,25.11,25.11,25.28,25.55,25.02,25.20,24.39,25.02,25.02,24.76,24.76,24.85,24.76,25.20,25.20,24.76,25.11,24.67,24.85,24.93,24.85,24.85,25.02,25.20,25.11,25.11,25.02,25.02,25.28,25.28,24.76,25.02,25.02,24.76,24.57,24.76,24.93,25.02,25.28,25.20,24.67,25.11,24.57,24.93,25.02,25.11,24.76,25.20,24.76,24.67,25.11,24.85,24.93,24.57,24.93,24.85,24.76,25.11,24.76,24.85,25.02,24.57,24.76,25.28,24.93,24.67,24.67,24.57,24.76,24.67,24.76,24.76,24.93,24.93,24.85,25.02,24.67,24.85,24.93,24.85,24.93,24.39,24.39,24.76,24.76,24.76,25.20,24.85,24.93,25.11,24.29,25.02,24.76,24.85,24.93,24.85,24.48,24.85,24.67,24.39,25.28,24.76,24.85,24.93,24.11,24.67,24.76,24.93,24.76,24.29,24.85,24.48,25.02,24.76,24.48,24.11,24.85,24.57,24.67,24.76,24.48,24.85,24.67,25.37,25.11,24.76,24.67,25.02,24.67,25.02,24.48,24.93,24.57,25.20,25.37,24.85,24.85,24.67,24.76,24.57,24.76,24.85,24.93,24.57,24.39,24.93,24.76,24.48,24.93,25.02,25.11,24.76,24.76,24.67,24.57,24.76,24.93,25.20,24.93,24.67,24.29,24.57,24.57,24.67,24.48,25.11,25.11,24.48
24.39,24.76,24.93,24.57,24.93,24.93,24.57,24.93,24.67,24.85,24.85,25.02,24.67,24.39,24.76,24.76,24.57,24.93,25.02,24.85,25.11,24.76,25.02,24.29,24.57,24.93,25.20,24.57,24.76,24.76,24.76,24.67,24.93,24.85,24.76,24.76,25.02,24.76,24.48,25.11,24.76,24.57,25.11,24.93,24.48,24.93,24.57,25.11,25.02,25.02,24.85,24.76,25.11,24.67,24.39,24.85,24.29,24.85,24.93,24.93,25.37,24.93,24.48,25.02,24.93,24.93,25.02,25.46,25.20,25.02,24.93,24.93,24.67,24.93,25.11,25.11,24.85,24.67,24.85,24.76,25.20,24.76,24.76,24.67,25.37,24.57,24.67,24.67,24.76,25.11,24.76,24.67,24.85,24.76,25.11,25.02,24.48,25.02,24.93,24.85,24.93,24.76,25.02,24.85,24.85,24.93,25.28,25.11,24.76,25.02,24.76,25.11,24.67,25.11,25.02,24.67,24.85,25.11,24.67,24.85,25.11,25.20,24.85,24.76,24.93,24.76,24.67,24.85,24.67,24.93,24.76,25.28,24.85,25.02,25.02,24.39,24.67,25.02,25.02,24.76,24.67,24.76,24.57,24.67,24.85,25.02,24.85,24.85,25.02,24.93,24.93,24.93,24.85,25.02,25.28,24.85,24.93,24.85,24.85,24.93,24.76,24.85,24.76,24.93,25.02,24.93,24.93,25.11,24.93,25.28,25.02,25.11,25.28,25.02,25.20,25.46,25.37,25.11,24.93,25.02,25.46,25.11,25.28,25.28,25.28,25.02,25.28,24.93,24.67,25.11,25.02,25.02,25.37,25.28,24.76,25.11,25.28,25.20,24.76,24.93,25.37,25.20,25.55,25.20,25.02,25.02,25.02,25.28,25.02,25.02,25.46,25.11,25.02,25.02,24.93,25.20,24.85,25.02,25.11,25.02,24.93,25.20,24.85,25.37,24.76,24.76,24.67,24.93,25.37,24.93,25.02,24.76,25.28,25.28,24.48,25.02,25.11,25.02,25.02,24.93,25.11,25.11,25.37,25.11,25.37,25.20,25.20,24.93,24.67,24.93,24.76,24.85,24.76,25.11,25.11,24.85,24.76,24.67,24.93,24.67,24.93,24.85,24.85,24.67,24.85,24.76,24.76,24.57,24.93,24.76,24.85,24.85,24.76,24.85,24.85,24.76,24.57,24.67,25.20,24.85,25.11,24.67,25.11,24.93,25.20,24.93,25.11,25.02,24.93,24.93,24.93,25.11,25.28,24.48,25.02,25.02,25.02,24.67,24.85,24.85,25.02,25.20,25.11,25.28,24.67,24.93,24.67,24.67,24.48,24.57,24.39,25.11,25.02,24.93,25.20,24.76,25.02,25.20,25.02,24.57,24.48,25.11,24.93,24.48,25.02,24.67,24.48,24.85,24.67,24.85,25.20,24.76,24.93,25.02,24.85,24.76,24.67,25.20,25.11,25.02,24.85,24.57,24.85,24.57,24.57,24.67,24.67,24.93,24.85,25.02,24.57,24.67,24.76,24.85,25.02,24.85,24.93,24.85,24.57,25.02,24.85,24.93,25.02,24.20,24.85,24.85,24.76,24.67,24.57,25.02,24.93,24.67,24.93,24.57,24.93,24.85,24.93,25.02,24.39,24.57,25.02,24.39
24.67,24.85,24.48,24.93,24.93,24.29,24.76,24.93,24.48,24.67,24.85,24.57,24.85,24.93,24.67,24.29,24.39,24.85,25.20,24.57,25.02,24.76,24.93,24.48,24.76,24.76,24.67,24.76,24.57,24.67,24.57,24.93,24.93,24.57,24.93,24.57,24.93,25.20,25.20,25.02,24.93,24.57,24.67,25.02,25.11,24.85,24.67,24.57,24.93,24.85,24.93,25.11,25.11,24.93,24.93,24.85,24.85,25.20,24.85,25.11,24.85,24.76,24.57,24.76,24.76,24.67,24.76,24.76,24.93,25.02,24.57,25.02,25.02,25.02,24.76,24.85,25.20,24.76,24.85,24.76,24.57,25.11,24.57,25.11,25.11,25.02,24.48,24.67,24.48,25.20,25.11,24.85,24.85,25.02,25.02,24.93,24.93,25.20,24.48,25.11,25.11,24.76,25.11,25.11,24.76,24.76,25.11,25.20,24.67,25.20,25.11,25.02,24.93,25.11,25.02,24.93,24.85,24.85,24.67,24.76,25.20,24.85,24.85,24.76,24.76,24.67,24.93,24.48,24.67,25.11,24.85,25.11,24.67,24.93,24.85,24.67,25.11,24.76,24.57,24.85,25.11,24.93,24.93,25.11,25.02,24.76,25.20,24.93,24.76,25.02,25.02,24.57,25.02,24.85,25.02,24.93,25.02,25.02,25.02,24.85,25.02,24.85,25.02,24.76,25.11,24.76,24.93,25.28,25.28,24.76,25.02,25.11,25.11,25.72,25.20,25.55,24.85,25.20,25.28,25.02,25.20,25.20,25.11,25.11,25.28,24.93,25.02,25.11,25.11,25.02,24.93,25.02,25.20,25.20,25.11,24.93,24.85,24.93,24.93,25.28,24.85,25.55,25.02,24.93,25.20,25.02,25.28,25.11,24.85,25.02,25.28,25.11,25.28,25.20,25.20,25.20,25.02,24.85,24.76,24.85,25.20,25.11,24.67,24.76,25.28,24.76,25.02,25.20,24.85,24.67,24.39,24.76,25.37,24.93,24.85,24.85,24.93,25.20,25.02,25.11,25.02,24.67,24.85,24.67,24.93,24.67,24.76,24.85,25.02,24.67,25.02,24.76,24.76,25.20,24.85,25.11,24.93,24.67,25.02,24.93,24.93,24.85,24.85,24.85,24.93,24.93,25.02,25.20,25.11,24.67,24.29,24.57,25.02,24.93,24.48,24.76,24.76,25.20,24.93,24.76,24.93,24.85,24.85,25.02,24.57,24.85,24.85,24.76,24.76,24.57,24.85,24.93,24.48,24.67,24.67,24.76,24.76,24.85,24.85,24.85,25.37,24.48,24.93,24.85,24.67,24.57,25.20,24.48,24.93,24.76,24.85,25.28,24.93,24.67,24.76,25.11,24.85,25.02,24.93,24.93,24.57,25.11,24.67,24.85,24.67,25.20,25.11,24.67,25.20,25.02,24.48,24.93,24.76,24.85,24.85,24.93,25.20,24.57,24.67,24.76,24.93,25.11,24.76,24.76,24.57,24.67,24.67,24.67,25.11,24.93,24.67,24.76,24.48,24.48,24.76,24.29,24.67,24.93,24.85,24.67,24.67,24.57,25.11,24.57,24.67,25.02,24.93,24.67,25.02,24.67,24.48,24.76,24.29,24.57,24.85,24.67,24.48,25.20,24.39,24.57,24.67,24.85
24.67,24.85,24.93,24.85,24.76,24.67,24.93,24.39,24.39,24.85,24.76,24.39,24.39,24.93,25.11,24.67,25.02,24.57,24.57,25.11,24.48,24.48,25.02,24.67,24.93,25.02,24.57,24.85,24.76,25.11,24.67,24.48,24.39,24.57,24.76,24.85,24.85,25.37,24.57,24.85,25.02,24.67,24.85,24.76,24.67,25.28,24.57,24.85,24.93,24.57,24.76,24.76,25.11,25.02,24.76,24.57,25.20,24.93,24.93,25.02,24.76,24.93,24.67,25.28,24.93,24.93,25.02,24.57,24.85,24.93,25.11,24.93,24.67,24.48,24.57,24.67,24.93,24.76,24.85,24.67,24.93,25.37,24.76,25.11,25.02,24.93,24.39,25.20,24.85,24.57,24.76,24.67,24.85,24.39,24.85,25.02,25.02,25.11,24.48,24.85,25.28,24.85,24.85,24.39,24.76,25.11,24.85,24.85,24.67,24.57,24.93,24.85,24.67,24.67,25.02,25.02,25.11,24.67,24.76,24.76,24.76,25.11,24.85,25.28,24.93,24.76,24.85,24.76,24.76,24.85,24.85,24.76,24.67,24.93,25.02,24.85,24.93,24.93,25.11,24.93,25.20,24.67,24.93,25.02,24.76,24.93,25.02,24.76,24.85,24.57,24.85,24.93,24.85,24.67,25.02,24.76,24.76,24.76,25.02,25.02,24.85,24.85,25.20,24.76,24.93,25.11,24.93,24.76,25.20,25.02,25.11,24.93,25.28,25.28,25.02,24.93,25.02,24.93,25.55,24.93,25.20,25.02,25.20,25.28,25.11,24.93,25.02,25.37,24.93,25.46,24.85,25.11,25.11,25.20,25.02,25.28,25.37,25.02,25.20,24.76,25.11,24.93,25.11,25.11,25.02,25.11,25.11,24.85,25.11,25.11,24.76,24.93,25.46,24.93,25.20,25.11,25.11,25.11,25.02,25.11,25.02,24.93,25.02,24.85,25.20,25.02,24.93,24.85,25.11,25.20,25.37,25.02,24.57,24.93,24.76,24.85,24.76,25.20,25.11,25.28,24.57,24.39,24.85,24.29,25.02,24.93,24.93,25.55,25.02,24.76,24.67,24.76,24.93,24.85,24.76,24.57,24.67,24.67,25.02,25.02,24.93,24.67,24.48,24.93,24.93,24.93,24.85,24.85,24.39,24.67,24.76,24.48,24.93,24.57,24.76,25.02,24.39,24.67,24.67,24.93,24.67,25.02,24.93,24.67,24.85,24.39,25.02,24.76,24.85,24.57,25.28,24.76,24.85,24.93,25.20,24.85,24.57,24.76,25.11,24.67,25.02,25.02,24.93,24.93,24.93,24.85,25.02,24.93,24.48,24.57,24.93,24.93,24.85,25.02,25.11,24.67,25.02,24.48,25.20,24.76,24.76,24.85,24.67,25.02,24.67,24.67,24.93,25.11,24.67,24.48,24.76,24.85,24.67,24.85,25.28,24.57,24.67,24.48,24.76,24.76,24.76,24.48,24.76,24.67,25.02,24.57,24.76,25.11,24.67,25.11,24.93,24.57,24.57,24.67,24.93,24.67,24.93,24.85,24.67,24.85,25.02,25.02,24.85,24.93,24.85,24.85,24.67,24.93,24.48,25.02,25.28,24.57,24.76,24.57,24.57,24.48,24.93,24.57,24.48,25.02,24.57,24.29
24.67,24.57,24.29,24.67,24.48,24.76,24.67,24.57,24.39,24.57,24.85,24.57,24.76,24.57,24.85,24.39,24.67,24.67,24.67,24.67,25.11,24.67,24.85,24.76,24.76,24.76,24.76,25.20,24.67,25.20,24.67,24.67,25.02,24.76,24.85,24.39,25.11,25.02,24.85,25.11,24.67,24.67,24.76,24.67,24.57,24.93,24.67,24.93,25.11,24.93,24.93,25.11,25.02,24.93,25.02,25.11,24.85,25.11,25.11,24.93,24.85,25.02,24.85,24.76,24.76,24.76,25.02,24.76,24.85,24.93,25.28,24.67,24.85,24.76,24.57,25.28,25.11,24.48,24.67,24.57,25.37,24.39,25.11,24.57,24.76,25.02,24.57,24.57,24.93,25.02,24.93,25.11,25.11,24.85,24.93,25.02,24.48,24.57,24.93,24.85,25.02,25.37,25.11,24.85,24.93,24.85,24.76,24.85,25.02,24.76,24.85,24.67,24.57,24.85,24.85,24.76,24.48,24.93,24.93,24.76,25.02,25.11,24.85,25.20,24.93,24.76,25.02,24.93,24.76,24.93,24.85,24.93,25.11,24.57,25.46,24.85,24.93,25.02,24.76,24.76,24.93,24.57,25.11,24.93,24.67,25.20,25.02,25.11,25.02,24.85,24.76,25.02,25.11,24.85,24.85,24.76,24.76,25.02,25.02,24.93,24.57,24.85,24.93,24.85,25.02,24.76,24.93,24.67,25.11,24.76,25.02,24.93,25.11,25.11,25.37,25.11,25.02,25.37,24.93,24.93,24.93,25.37,25.11,25.28,25.02,25.02,25.28,25.02,25.11,25.28,25.11,25.02,25.11,25.11,24.76,24.93,25.20,25.11,24.85,25.20,25.37,25.11,24.85,25.02,25.46,25.02,25.11,25.11,24.67,24.85,24.67,24.48,25.11,24.93,25.11,24.93,25.11,24.93,25.02,24.93,24.67,25.20,24.85,25.20,24.85,25.02,24.93,24.76,25.28,24.85,24.57,25.02,25.02,24.93,24.57,25.20,25.02,25.20,24.93,25.02,25.02,24.67,25.20,24.57,24.29,24.85,24.93,25.02,24.93,25.28,24.93,25.02,25.28,24.67,24.93,24.85,24.67,24.76,24.67,24.85,25.02,24.93,25.28,25.02,24.93,24.57,24.93,24.85,24.93,24.57,24.85,24.85,24.93,24.76,24.93,24.85,24.57,25.20,24.93,24.39,24.93,24.76,24.85,24.76,24.85,24.85,24.85,24.76,25.20,24.76,24.85,24.85,24.93,24.93,24.85,24.85,24.67,24.67,24.57,25.11,24.57,24.93,24.67,24.85,24.93,25.11,25.11,24.93,25.02,24.93,24.48,24.76,24.93,24.57,24.76,24.93,24.85,24.57,24.67,24.93,24.48,24.67,24.57,24.93,24.76,25.11,24.76,24.85,24.57,24.85,24.76,25.02,24.85,24.48,24.85,24.67,24.85,24.93,24.29,24.76,24.67,24.48,24.76,24.57,24.93,25.28,25.20,24.57,24.85,24.76,25.37,25.02,25.02,24.57,24.67,24.85,24.67,24.67,24.57,24.57,24.76,24.93,24.85,24.48,24.85,24.67,25.02,25.02,24.57,24.76,24.85,24.57,25.02,24.39,25.28,24.93,24.67,25.20,24.67,24.67,25.02,24.57
24.85,24.67,24.48,24.57,24.01,24.11,24.39,24.76,24.67,24.48,25.02,24.48,24.85,24.93,24.48,24.76,24.20,24.76,24.67,24.48,24.93,24.93,24.85,24.67,24.85,24.85,24.39,24.57,24.39,25.20,24.93,24.76,25.11,24.93,24.85,25.20,24.76,24.85,24.39,24.57,24.76,24.39,24.67,24.85,24.48,24.93,25.02,24.48,24.76,24.48,25.11,25.02,24.57,24.93,24.39,25.11,24.93,24.93,24.93,25.02,25.02,25.11,25.37,24.85,24.85,25.20,25.55,25.02,24.85,25.46,24.67,25.02,24.85,24.85,24.76,25.02,24.93,24.76,24.67,25.37,24.76,24.85,24.93,25.28,24.67,24.57,24.76,25.02,24.93,24.67,24.85,25.11,25.20,24.93,25.11,25.02,25.02,24.85,25.02,24.76,25.37,24.76,25.11,24.85,24.67,24.76,24.57,25.20,24.76,24.67,25.02,25.11,24.76,24.93,24.76,24.48,25.11,24.85,25.02,24.76,25.02,24.76,24.93,24.76,24.67,24.85,24.93,25.11,25.11,24.76,24.76,24.93,25.02,24.76,25.11,25.02,24.85,24.48,25.02,25.02,24.76,24.85,25.20,24.93,25.20,25.02,24.93,25.28,24.85,24.93,24.76,25.02,24.76,25.20,24.85,25.11,25.11,25.11,24.76,24.76,25.02,24.67,24.76,24.76,24.57,25.02,24.85,25.11,24.85,25.02,25.28,25.28,25.20,25.28,24.93,25.28,25.11,25.11,25.20,25.37,25.37,25.46,25.20,25.20,25.02,25.11,25.37,25.11,25.20,25.02,24.93,25.02,25.20,24.93,25.11,25.37,25.46,25.20,25.37,25.72,24.85,25.20,24.85,25.02,24.93,24.76,25.37,25.28,25.11,25.11,25.11,24.85,25.02,25.11,25.28,25.11,24.93,24.93,24.85,25.28,25.20,25.02,25.11,24.93,24.93,24.85,25.20,25.11,24.93,25.02,25.11,24.85,25.37,24.39,25.02,25.02,25.28,24.48,24.67,24.93,24.76,24.93,24.76,25.02,25.11,24.67,25.02,24.93,25.20,24.48,25.20,24.93,24.93,24.85,24.85,24.39,24.85,25.20,25.28,24.85,24.57,24.67,25.28,24.93,25.11,24.57,24.85,25.02,24.85,24.57,24.67,24.93,24.57,25.02,24.93,24.76,24.76,25.02,24.85,25.02,24.85,24.76,24.85,24.76,25.20,25.11,24.85,25.11,24.76,24.76,24.85,24.67,24.93,25.20,24.85,24.93,24.57,24.39,24.85,24.93,24.76,24.67,24.93,24.85,24.93,25.11,24.93,24.85,24.67,24.67,24.85,24.57,25.20,24.93,24.76,24.57,24.93,25.02,24.57,25.28,24.85,24.93,25.02,25.02,24.57,24.67,25.02,24.85,24.85,24.76,24.85,24.76,24.57,24.67,25.11,24.67,24.67,24.85,24.85,24.76,24.57,25.02,24.85,25.11,25.20,24.85,24.76,25.02,24.93,25.37,24.57,24.93,24.85,24.85,24.39,24.57,24.67,24.85,24.57,24.39,25.02,24.48,24.85,24.67,24.93,24.93,24.76,24.76,24.76,24.48,24.57,24.93,24.76,24.85,24.48,24.85,25.02,24.48,24.93,25.20,24.76,25.02
24.48,24.48,24.76,24.20,24.85,24.76,24.57,24.57,24.57,24.48,24.57,24.76,24.85,24.67,25.20,24.85,25.02,24.85,24.85,24.76,24.67,24.76,24.93,25.11,24.93,25.28,25.11,25.02,24.57,25.11,24.67,25.20,24.93,24.93,24.85,24.67,24.57,24.57,24.76,24.85,24.67,24.67,24.67,24.67,25.02,24.57,24.85,24.85,24.93,25.20,25.11,24.93,24.85,24.67,24.85,25.11,24.57,24.93,24.57,24.93,24.57,24.67,24.67,24.85,24.67,24.67,25.20,25.37,24.85,24.85,24.93,24.76,25.02,25.11,24.85,25.28,24.57,24.76,24.67,24.67,24.67,25.11,25.02,24.67,24.39,24.48,24.67,24.93,24.93,25.02,25.11,25.11,24.85,25.02,24.48,24.76,24.93,24.85,24.57,25.11,24.93,24.85,24.85,24.57,24.85,24.93,24.85,24.85,25.02,25.02,24.67,24.67,25.02,24.76,24.85,24.93,24.93,24.76,24.76,24.57,25.11,24.85,25.02,25.20,25.02,24.67,24.20,24.76,24.57,25.02,24.85,25.02,24.76,24.93,25.20,24.93,25.02,24.76,25.11,24.93,25.02,25.11,24.85,24.93,25.28,24.76,24.93,24.57,24.76,24.93,24.85,25.37,24.93,24.85,24.93,24.93,24.67,24.85,24.48,24.93,25.20,24.93,24.85,25.20,24.67,24.93,25.02,24.85,25.11,25.02,25.20,24.93,25.02,25.02,24.85,25.11,25.02,24.85,24.93,25.20,25.28,24.67,25.37,25.02,25.28,25.11,24.93,25.02,25.28,25.28,24.85,25.11,25.02,24.93,25.28,25.28,25.02,25.11,24.93,25.20,25.02,24.93,24.85,24.93,25.11,25.11,25.02,25.20,24.85,25.20,25.37,25.37,25.28,24.93,25.37,24.67,24.93,25.11,25.28,25.20,24.76,24.93,24.93,25.28,25.20,25.46,25.28,24.76,24.93,24.48,24.93,24.85,25.11,25.20,25.11,24.85,25.11,25.11,25.02,24.93,25.28,24.93,25.11,25.46,25.20,24.85,24.85,25.11,25.11,24.67,24.85,24.93,24.67,24.85,24.57,24.85,25.02,24.85,24.93,24.93,24.76,24.93,24.93,24.76,24.93,24.93,25.02,25.02,25.20,24.93,24.85,25.02,24.85,24.85,24.67,24.93,24.57,25.11,24.85,25.11,24.67,24.76,24.57,24.67,24.57,24.57,24.93,24.76,25.02,24.93,24.85,25.02,25.02,25.11,24.67,24.93,24.67,24.57,24.85,24.48,24.85,24.93,24.29,25.11,24.39,25.20,24.76,24.48,24.57,24.57,24.67,24.48,24.93,25.20,24.85,24.85,25.02,24.57,24.93,24.39,24.93,24.57,24.48,24.57,24.29,25.11,24.57,24.57,24.67,25.28,24.48,24.67,24.85,25.11,24.85,25.11,24.76,24.85,24.67,24.76,24.67,24.67,25.02,24.76,24.67,24.67,24.85,24.93,24.76,24.93,24.93,24.48,24.76,24.85,24.20,24.48,24.67,24.67,24.85,24.67,25.20,24.67,24.57,24.76,24.29,24.48,24.85,24.93,24.67,24.93,24.76,24.48,24.76,24.67,25.02,24.93,25.02,24.85,25.11,24.85,24.85,24.67
24.57,24.67,24.76,24.76,25.02,24.76,24.57,24.67,24.67,24.67,24.67,24.67,24.67,24.93,24.67,24.76,24.67,24.39,24.85,24.76,24.57,24.57,24.76,24.76,24.76,24.67,24.39,24.57,24.93,24.93,24.85,25.02,24.85,25.02,25.02,24.93,24.76,24.67,24.85,24.57,24.57,25.02,24.85,24.76,24.76,24.57,24.93,24.93,25.11,24.48,24.93,24.93,24.93,25.11,24.93,25.02,24.57,24.85,25.20,24.93,24.93,24.67,24.93,24.93,24.85,24.67,25.02,24.85,24.76,24.67,24.93,24.76,25.11,24.93,24.76,25.02,24.57,25.02,24.67,24.85,25.02,25.02,24.39,24.39,24.76,24.57,24.67,24.67,25.02,24.85,24.39,25.02,24.85,24.76,25.02,24.85,25.02,25.02,24.76,24.57,24.67,25.02,24.93,24.93,24.67,24.93,24.57,24.93,24.93,24.76,24.85,24.85,24.93,24.85,24.67,25.02,25.20,24.85,25.20,24.93,24.76,25.02,25.02,25.02,24.93,24.76,24.76,25.11,24.76,24.93,24.93,25.02,24.57,24.85,24.93,25.11,24.85,24.93,25.02,24.76,25.02,25.20,24.85,24.57,24.76,25.55,24.93,24.93,24.76,24.93,25.20,25.11,24.76,24.76,25.02,24.85,24.85,24.57,25.02,25.20,24.76,25.11,24.67,25.11,24.76,24.85,25.02,25.02,24.76,24.57,25.37,24.93,25.11,25.20,25.37,25.20,25.37,25.37,25.63,25.37,25.37,25.28,24.67,25.37,24.93,25.02,25.11,25.11,25.11,25.20,25.46,24.85,25.63,25.20,25.28,25.28,25.11,25.28,24.93,25.02,25.20,24.85,25.20,25.20,25.20,25.20,25.28,25.11,24.93,25.20,25.20,24.93,25.28,25.28,25.20,25.11,24.85,24.85,25.28,24.57,24.76,24.93,24.67,25.11,25.28,24.57,25.11,25.11,24.85,25.02,24.57,25.11,24.85,25.02,24.57,24.85,24.76,24.93,24.67,25.11,25.11,24.93,25.46,24.93,25.20,24.93,25.20,24.57,25.11,24.93,25.28,24.76,25.20,25.46,24.76,24.93,24.85,24.76,24.57,24.67,24.29,24.93,24.76,24.48,24.93,24.93,24.76,25.11,24.48,24.93,24.76,24.93,25.02,25.11,24.76,24.85,24.57,24.48,24.85,25.02,24.76,25.11,24.57,24.67,25.02,24.85,24.85,24.57,24.85,24.57,24.85,24.85,24.85,24.93,24.93,24.57,24.57,25.11,24.93,25.11,25.02,24.76,25.02,24.85,24.93,24.57,25.11,24.76,25.02,24.57,25.20,24.67,24.57,24.93,24.93,24.48,25.20,24.67,24.76,24.93,24.76,24.93,25.02,25.02,25.02,24.67,25.02,25.11,24.67,24.76,24.76,24.67,24.76,24.76,24.76,25.02,24.85,24.76,25.20,24.93,24.93,24.76,24.93,24.85,24.57,24.76,24.93,25.02,25.11,24.76,24.85,24.76,24.85,24.57,24.57,24.93,24.76,24.48,24.85,24.76,24.67,24.93,24.76,24.57,25.02,24.48,24.93,24.76,24.93,24.93,24.85,25.20,24.57,25.11,24.85,24.48,24.48,24.39,24.57,25.11,24.48,24.57
24.39,24.67,24.57,24.76,25.02,25.02,24.85,24.48,24.67,24.76,25.11,24.67,24.85,24.57,24.57,25.02,24.93,24.67,24.39,24.93,24.57,24.67,24.39,24.29,24.76,24.93,24.85,25.11,24.76,24.76,25.20,24.67,25.28,24.85,25.11,25.02,24.57,24.48,24.85,24.67,25.28,24.85,24.67,24.48,25.11,25.02,25.02,25.11,24.85,25.20,24.57,24.85,24.67,24.76,24.93,24.93,24.57,24.76,24.76,24.93,24.76,24.93,25.02,24.67,24.57,24.93,25.11,24.93,24.57,24.76,25.02,24.85,25.11,24.85,24.57,25.11,24.76,25.11,24.48,24.67,24.29,25.02,25.02,24.67,24.85,24.67,25.11,24.76,24.93,24.85,24.76,24.39,24.85,25.11,25.02,24.85,24.85,24.85,24.93,25.11,24.76,24.67,24.67,24.67,25.11,24.93,24.57,24.85,24.93,25.11,25.20,24.85,24.93,25.11,25.02,24.93,25.20,25.11,25.02,24.93,24.76,25.11,25.02,24.93,24.67,25.02,24.57,25.02,25.11,24.85,24.57,25.20,25.20,25.28,24.76,24.57,24.93,25.11,24.76,24.39,24.76,24.76,24.76,25.11,24.76,25.02,25.11,24.76,24.85,24.85,24.85,24.76,25.28,25.11,24.93,25.02,24.85,25.11,25.28,25.02,25.28,25.28,25.02,24.93,25.20,25.20,25.02,25.02,25.28,25.20,25.20,25.20,25.11,24.93,24.93,25.11,25.02,25.11,25.28,25.37,25.28,25.37,25.02,24.76,24.85,25.20,25.02,24.85,25.20,25.11,25.11,24.93,25.11,24.93,25.28,25.20,24.93,25.28,24.93,25.11,25.20,25.02,25.11,24.85,24.85,25.02,25.20,25.28,25.20,25.28,25.11,24.85,25.28,24.76,25.37,25.02,25.20,24.93,24.85,24.67,25.02,24.93,25.02,24.85,25.37,25.20,25.37,24.76,25.20,24.93,25.02,25.02,24.85,24.85,24.85,24.93,24.85,25.20,24.57,24.93,25.02,25.20,24.85,25.20,24.93,24.85,24.67,25.11,25.28,24.76,25.02,24.85,24.57,24.85,24.93,25.20,24.85,24.93,24.67,24.67,24.67,25.20,25.11,25.20,24.85,25.28,24.85,24.48,24.93,25.02,24.85,24.67,24.93,24.67,24.93,24.48,24.67,24.57,24.57,24.85,24.93,24.67,24.76,24.57,24.67,24.85,24.85,24.57,25.02,25.20,24.11,24.93,24.85,24.85,24.85,25.02,24.20,24.48,24.85,25.20,24.85,24.67,24.48,24.57,24.93,24.85,24.85,24.67,24.93,25.02,24.76,24.85,25.20,24.67,25.02,25.02,24.76,24.67,24.76,24.76,24.48,24.48,24.76,24.57,24.67,24.85,25.11,24.67,25.11,24.67,24.93,24.76,24.57,24.85,24.48,24.57,24.76,24.48,24.48,24.57,25.11,24.85,24.39,24.20,25.02,24.57,24.67,24.67,24.57,24.85,24.76,24.67,24.76,25.28,24.85,24.57,24.76,24.85,24.48,24.93,24.93,24.93,24.76,24.48,24.76,24.93,25.02,24.57,24.57,24.76,24.85,24.93,25.02,24.67,25.11,25.11,24.76,24.57,24.76,24.76,24.48,24.57
24.39,24.39,24.29,24.57,24.39,24.01,24.57,24.20,24.93,24.76,24.76,24.67,24.67,24.67,24.67,24.67,24.76,24.48,24.48,24.93,24.39,24.48,24.57,24.85,24.85,25.02,24.76,25.02,24.76,24.67,24.57,24.76,24.39,24.85,24.48,24.67,24.57,24.85,24.39,24.67,24.85,24.39,24.57,24.67,24.48,24.76,24.93,24.93,25.20,24.76,24.93,25.11,24.85,25.11,24.85,24.76,24.76,24.85,24.85,24.67,24.93,24.76,24.67,24.93,25.11,24.67,25.11,24.67,24.93,24.76,24.57,24.85,25.11,24.76,24.57,25.02,25.02,24.76,24.76,24.57,24.57,24.85,24.76,24.85,24.57,25.02,25.02,24.93,24.85,25.02,24.76,24.93,25.11,24.57,24.76,25.20,24.85,24.76,24.48,25.20,24.85,24.76,24.85,24.93,24.85,24.93,24.76,24.57,25.02,25.02,25.02,24.85,24.48,25.02,24.85,24.93,25.02,24.48,24.93,24.57,25.02,24.93,24.93,25.02,24.48,24.57,24.67,24.85,24.93,24.93,24.76,24.76,24.67,25.37,24.76,24.57,24.93,24.76,25.11,24.93,25.02,24.67,24.85,24.93,24.76,24.93,25.02,24.93,24.85,24.76,25.11,25.02,24.85,24.76,24.76,24.76,25.02,25.02,24.85,24.85,25.11,24.93,25.02,25.02,24.85,24.93,24.93,25.02,25.02,24.57,24.93,24.76,25.37,25.20,25.20,25.02,24.85,25.11,25.20,25.11,25.20,25.11,25.02,25.55,25.11,25.11,25.20,25.11,25.11,24.93,25.20,25.02,25.02,25.02,25.20,25.02,25.20,25.20,24.85,24.85,25.11,25.02,25.11,25.37,25.20,25.11,25.11,25.28,24.93,25.11,24.93,24.85,24.85,24.93,25.20,25.02,24.93,25.11,24.48,24.48,25.37,25.20,24.76,24.85,24.76,24.76,24.57,25.28,25.28,24.76,25.28,24.93,24.76,25.20,25.11,24.85,24.57,24.85,25.37,24.93,25.02,24.48,25.02,24.48,24.76,25.02,24.67,24.57,25.11,24.76,24.67,25.28,24.48,24.93,24.67,25.02,24.67,24.67,24.85,24.85,25.02,24.67,25.28,24.76,24.76,25.02,24.67,24.67,24.76,24.48,24.48,24.85,24.93,24.48,24.48,24.93,24.76,24.67,24.67,24.93,24.85,24.57,24.93,24.76,25.02,24.85,24.48,24.85,24.67,24.93,24.76,24.76,24.93,24.76,25.02,24.85,24.76,25.11,24.48,24.76,25.11,24.85,24.57,24.85,25.02,25.20,24.85,24.85,24.76,25.02,24.67,24.67,24.67,24.67,24.48,24.57,24.85,24.48,24.85,24.67,25.02,24.29,24.57,24.85,25.11,24.85,24.76,24.76,24.48,24.85,24.76,24.76,24.67,24.67,24.85,24.67,24.20,25.28,24.85,24.57,24.57,24.67,24.76,25.11,24.76,24.67,25.11,24.76,24.85,24.85,24.57,24.76,24.85,24.39,24.85,24.76,24.85,24.57,24.85,24.48,24.48,24.85,24.57,24.39,24.76,24.76,24.93,24.85,24.85,24.85,25.02,24.67,24.93,24.93,24.67,24.76,24.39,24.57,24.85,24.93,24.57,24.76
24.57,24.48,24.39,24.85,24.76,24.85,24.57,24.67,24.67,24.67,24.39,24.39,24.39,25.20,24.48,24.76,24.29,24.57,24.48,24.57,24.48,24.48,25.02,24.93,24.93,24.67,24.48,24.93,24.93,24.85,24.67,24.93,24.67,24.11,25.20,24.29,24.76,24.93,25.37,24.57,24.48,24.93,25.11,24.67,25.02,24.93,25.02,25.11,24.48,24.85,25.20,24.76,25.28,24.93,25.02,24.93,25.02,24.57,25.02,24.85,25.02,24.93,24.93,24.85,24.57,24.85,25.28,24.85,24.93,24.85,24.85,24.76,24.67,25.02,24.76,24.93,24.93,25.20,24.48,24.39,25.02,24.57,24.48,24.57,24.93,24.85,24.76,24.85,25.20,24.85,24.67,24.57,25.02,24.20,24.85,24.85,24.76,24.67,24.76,24.57,24.76,24.85,24.67,24.76,24.48,24.76,24.76,24.76,24.76,25.20,24.57,25.20,24.67,25.11,24.67,24.57,24.93,24.93,25.02,24.76,25.02,24.48,24.67,24.76,24.57,24.76,24.76,24.76,24.76,24.85,24.85,24.76,25.11,24.29,24.93,24.39,25.02,24.93,25.02,24.93,24.67,24.67,24.93,24.93,24.85,25.02,24.67,24.76,24.67,24.85,25.02,25.11,24.93,24.93,24.76,24.76,24.93,25.02,24.93,25.11,24.93,25.02,24.93,24.67,24.85,25.02,24.76,24.85,24.93,25.20,25.02,24.93,25.20,25.11,25.20,25.11,25.11,24.93,25.02,24.85,25.28,25.37,25.02,24.85,25.20,24.67,25.11,25.11,24.93,25.28,24.85,25.37,25.11,25.28,25.20,25.11,25.11,25.02,24.85,25.20,25.11,24.76,25.11,25.11,25.28,25.02,25.20,24.85,24.93,25.20,24.93,25.11,24.76,25.11,25.28,24.76,24.76,24.93,25.11,25.02,24.76,24.93,24.48,24.93,24.76,25.02,24.85,24.93,25.28,24.48,25.11,24.76,25.37,24.48,24.48,24.48,24.93,25.11,24.67,24.93,25.11,24.85,25.02,25.28,25.02,24.85,24.67,24.57,24.93,24.57,25.02,24.76,25.20,25.28,24.76,25.28,25.02,24.93,24.93,24.93,24.85,24.67,24.57,24.85,24.93,24.93,24.67,24.57,24.57,24.93,25.02,24.76,25.02,24.76,24.76,24.93,24.93,24.48,24.76,24.85,24.39,24.67,25.02,25.02,24.67,24.85,24.93,24.76,24.67,25.11,24.93,24.85,24.76,25.02,24.93,24.93,24.93,24.85,24.93,24.67,24.76,24.85,24.85,24.85,24.39,24.57,24.76,24.85,24.85,24.67,24.76,24.67,24.48,25.02,25.02,24.67,24.85,24.57,24.67,24.67,24.48,25.02,24.85,24.93,24.85,24.67,25.02,24.67,24.67,24.85,25.11,24.93,24.76,24.67,25.02,24.76,24.57,24.67,24.85,24.67,24.76,25.02,24.76,24.57,24.57,25.20,24.85,24.39,24.76,24.93,24.93,24.29,24.57,24.57,24.48,24.93,24.67,24.93,24.76,24.67,24.67,24.85,24.93,24.67,24.76,24.57,24.93,24.67,24.39,24.39,24.57,24.39,24.48,24.93,24.48,25.02,24.76,24.76,24.57,25.02,24.85,24.67
24.85,24.11,24.48,24.48,24.29,24.85,24.67,24.85,24.48,24.67,24.76,24.57,24.76,25.02,24.57,24.57,24.57,24.57,24.93,24.85,24.29,25.02,24.85,25.02,24.48,24.48,24.39,24.48,24.76,24.93,24.76,24.93,24.93,24.57,25.11,24.67,24.48,24.48,24.29,24.67,24.57,24.85,24.57,24.67,25.20,24.67,24.85,24.39,25.11,25.28,24.85,24.85,24.93,24.48,25.02,24.85,24.76,25.02,24.76,24.93,24.93,25.02,24.57,24.76,24.85,25.02,24.93,24.93,24.67,25.28,24.85,24.76,24.67,25.02,24.93,25.20,24.85,24.76,25.37,24.76,25.55,24.76,24.85,24.57,25.02,24.57,24.48,24.76,25.20,25.02,24.76,24.93,25.02,24.93,24.93,24.57,24.93,24.93,24.93,24.85,24.85,25.11,24.93,25.02,24.93,24.57,24.67,24.85,24.76,25.11,25.02,24.76,24.93,25.02,24.67,24.85,24.93,24.67,24.93,25.02,25.20,25.46,25.20,24.85,25.02,24.93,25.02,24.57,24.76,24.57,24.93,24.93,25.02,24.93,24.76,24.67,24.67,24.57,24.93,24.93,24.85,24.76,25.02,24.76,25.11,24.67,24.48,24.76,24.93,24.48,25.02,24.76,24.76,24.76,25.02,24.93,24.93,24.93,24.93,25.02,24.85,25.02,25.02,25.20,24.76,24.93,24.93,24.85,24.67,25.02,25.11,25.20,25.37,25.63,25.37,24.93,25.28,25.20,25.63,25.20,25.46,25.11,25.11,25.46,25.02,24.85,25.11,25.02,24.85,25.11,25.55,25.11,25.20,25.20,25.28,25.20,24.93,25.02,25.28,25.11,25.28,25.28,25.11,24.93,24.93,25.28,25.46,25.28,25.02,25.20,25.11,24.93,24.67,24.85,24.93,25.20,24.93,25.02,24.57,24.85,24.76,25.11,25.02,25.02,25.02,25.11,25.20,25.20,24.76,25.02,24.76,24.93,24.76,24.76,24.76,24.93,24.76,25.11,25.02,24.85,24.85,25.02,24.76,24.67,24.57,24.67,24.67,24.57,25.11,24.57,24.48,24.67,24.67,24.93,25.02,24.76,24.57,24.85,25.11,24.85,24.93,25.02,24.67,24.76,25.11,24.93,24.76,25.02,24.76,24.76,24.85,24.20,24.93,24.76,24.76,24.48,24.11,24.57,24.39,25.20,24.76,24.57,24.76,24.93,24.85,24.67,24.57,25.11,24.67,24.57,24.39,24.93,24.67,24.85,24.76,24.85,24.39,24.39,24.48,24.48,24.57,24.48,24.57,24.67,24.93,25.02,24.57,24.85,25.02,24.85,24.57,25.02,24.76,24.57,25.02,24.76,24.57,24.85,24.57,24.76,24.76,24.93,25.11,25.02,24.20,24.76,25.02,24.48,25.02,25.02,25.02,24.57,24.57,25.20,24.85,24.76,24.85,24.39,24.48,24.48,24.85,25.02,24.67,25.11,24.85,24.85,24.57,24.67,24.85,24.57,25.20,24.93,24.85,24.39,24.76,24.48,24.57,24.39,24.85,25.02,24.76,24.67,24.57,24.93,25.20,24.76,24.93,24.76,24.20,25.02,24.39,24.48,24.48,24.57,24.48,24.76,24.67,24.67,24.85,24.67,24.57,24.76
24.93,24.93,24.48,24.93,24.76,24.48,24.57,24.48,24.93,24.67,24.57,24.39,24.76,24.57,24.85,24.67,24.67,24.76,24.85,24.76,24.57,24.76,25.11,24.67,24.48,24.76,24.57,24.57,24.76,24.76,24.67,24.85,24.76,24.93,24.67,25.02,24.67,24.85,24.76,24.67,24.93,24.85,24.67,25.11,24.76,24.93,24.57,24.48,24.93,25.11,25.02,24.93,24.57,24.57,25.11,24.76,25.02,25.02,24.67,24.93,24.67,24.85,24.76,24.93,25.02,25.11,24.76,24.67,24.93,24.93,25.02,24.57,25.28,25.37,25.11,24.93,24.93,24.85,24.57,24.76,24.67,24.76,24.57,24.76,24.57,24.67,25.11,25.37,24.93,24.85,24.85,24.67,24.76,24.93,24.76,24.85,24.76,24.76,24.93,24.76,24.85,24.76,25.20,24.93,24.85,24.76,25.11,24.57,25.20,24.76,24.85,24.85,24.85,24.76,24.39,24.85,24.93,24.85,24.67,24.93,24.48,24.67,24.67,24.85,25.02,24.85,24.93,24.67,25.11,25.20,24.76,24.76,24.85,24.93,25.02,24.93,25.11,24.93,24.93,24.85,24.85,25.11,25.28,25.02,24.76,24.93,24.67,25.20,24.39,24.57,25.02,24.93,24.85,24.85,24.85,25.20,24.93,25.11,24.57,25.02,24.93,24.93,24.76,24.57,24.85,24.76,24.85,24.76,25.02,25.11,25.37,25.11,25.20,25.02,25.20,25.20,25.02,25.20,24.85,25.20,25.20,25.28,25.11,24.76,25.28,25.20,25.20,25.02,25.11,24.85,25.20,25.20,25.02,25.11,25.02,24.48,25.20,24.57,24.93,24.67,25.11,25.11,24.93,25.11,25.02,24.93,25.02,25.11,24.67,25.46,24.85,25.20,24.85,24.67,25.11,24.93,24.93,25.02,24.76,25.02,24.85,24.76,24.85,24.57,24.93,25.11,25.20,25.11,24.85,24.48,25.11,25.28,25.02,24.29,24.85,24.85,25.02,25.28,24.93,24.76,24.76,24.76,25.11,25.02,25.11,24.93,24.93,24.93,25.11,24.67,24.57,24.93,24.57,24.39,25.11,24.93,24.76,24.57,25.28,24.93,24.93,24.93,24.76,24.76,24.67,24.76,24.29,24.57,24.76,24.85,24.76,25.02,25.02,24.93,25.11,24.85,24.85,24.93,24.85,24.67,25.28,24.57,24.48,24.57,25.02,24.67,24.48,24.85,24.57,24.76,24.85,24.85,25.02,24.39,25.02,24.85,24.67,24.57,24.76,24.57,24.67,25.02,24.76,25.02,24.93,24.76,24.85,24.76,24.29,24.76,25.02,24.76,25.02,24.76,24.67,24.57,24.76,24.57,24.67,24.85,24.57,24.48,24.67,24.76,24.67,24.76,24.76,24.85,24.48,24.57,24.76,24.76,24.57,24.76,24.48,24.93,24.67,24.85,24.48,24.85,24.48,25.28,24.76,24.85,24.57,24.57,24.57,24.48,24.76,24.67,24.57,24.93,25.20,24.85,24.76,24.57,24.85,24.57,24.67,24.57,24.39,25.20,24.85,24.67,24.48,24.57,24.85,24.85,24.85,25.02,24.29,24.57,24.29,24.48,24.93,24.93,24.20,24.48,24.57,24.29,24.48,24.85
24.48,24.39,24.76,24.76,24.57,24.76,24.48,24.85,24.48,24.67,24.39,24.29,25.02,24.39,24.76,24.67,24.93,24.57,24.39,24.93,24.57,24.39,24.57,24.29,25.02,24.93,24.85,24.76,24.48,24.93,24.48,24.67,24.76,24.67,24.67,24.93,24.39,24.67,24.76,24.85,24.76,24.93,24.76,24.67,24.93,24.93,24.48,24.85,24.57,25.11,25.11,24.93,25.11,24.85,25.11,24.85,24.85,25.20,25.28,24.85,24.85,24.67,24.85,24.67,24.76,24.57,24.76,24.48,24.85,24.67,24.85,24.93,24.76,25.11,24.67,24.67,25.02,25.46,24.57,25.02,25.20,24.39,25.02,24.76,25.11,24.85,24.85,24.76,25.28,24.67,24.85,24.39,24.93,24.76,24.93,25.11,24.93,24.76,24.57,24.48,25.02,25.11,24.85,24.67,24.93,24.57,24.67,24.67,24.57,24.48,24.93,24.93,24.85,25.20,24.85,25.11,24.93,24.67,24.76,24.93,24.85,25.02,24.93,24.48,24.67,24.93,25.02,24.57,24.93,24.93,25.11,25.02,25.11,24.57,24.85,25.02,24.67,24.85,24.85,24.76,24.76,25.20,24.67,24.93,25.28,24.85,25.02,24.93,24.57,25.11,25.20,24.93,24.76,24.85,25.11,24.76,24.67,24.85,24.67,25.02,24.85,24.76,25.02,24.85,24.85,24.85,25.28,24.85,24.93,25.02,25.02,25.02,25.20,25.28,25.11,25.11,24.93,25.11,25.02,25.20,25.28,25.28,25.11,25.20,24.93,25.28,24.93,25.11,25.37,24.93,25.46,24.76,25.02,25.02,25.37,24.67,25.02,24.85,25.02,25.28,24.93,24.93,25.11,24.57,25.02,25.02,25.55,25.11,25.11,25.28,25.02,25.11,24.93,25.28,24.93,25.20,25.02,24.93,24.93,24.85,24.67,25.20,24.76,25.28,24.85,24.93,24.85,25.20,24.76,25.20,24.85,25.28,24.93,25.11,24.67,24.93,25.11,24.57,25.11,24.93,24.57,25.11,25.28,24.85,25.02,24.85,24.85,25.20,24.67,25.20,24.48,24.67,24.57,25.02,25.20,25.02,24.67,24.76,25.20,24.57,24.76,24.57,24.76,24.85,24.85,25.02,24.67,24.93,24.67,25.20,24.48,24.67,24.67,24.93,24.85,24.93,24.76,24.93,24.48,25.20,24.67,25.02,24.67,25.02,24.93,24.93,24.85,25.02,24.76,24.76,25.02,25.02,24.48,24.85,24.85,25.02,25.11,24.67,24.67,24.93,24.57,24.85,24.48,24.76,24.85,24.57,24.48,24.29,24.48,24.93,24.57,24.76,25.02,24.57,24.39,24.76,25.02,24.57,24.67,25.11,24.57,25.11,24.85,25.02,24.93,24.85,24.76,25.02,24.67,25.28,24.76,24.76,24.76,24.67,24.39,25.02,24.85,24.67,24.76,24.76,24.85,24.57,24.76,24.67,25.02,24.85,24.76,24.76,24.76,24.67,24.76,24.85,24.85,24.76,25.02,24.67,24.67,24.48,24.76,24.85,24.67,24.57,24.57,24.57,24.67,24.93,25.02,24.85,24.57,24.48,24.85,24.76,25.02,24.76,24.57,24.76,25.11,24.48,25.02,24.67,24.57,24.67
24.57,24.39,24.85,24.48,24.48,24.67,24.76,24.67,24.67,24.76,24.76,24.57,24.67,24.48,24.76,24.76,24.48,24.01,24.76,25.02,24.67,24.29,24.85,25.02,24.57,24.57,24.57,24.57,24.57,24.67,24.48,24.76,24.85,24.76,24.67,24.85,24.48,24.85,25.02,25.11,24.48,24.39,25.02,24.57,25.20,24.76,24.85,25.11,24.76,25.02,25.20,24.67,24.67,24.93,24.85,24.57,25.02,24.93,24.85,24.85,24.39,24.67,24.67,25.28,24.93,24.85,24.57,24.93,24.93,24.76,24.93,24.93,25.02,25.02,24.85,24.76,24.76,24.57,25.20,24.93,24.76,24.48,24.85,24.93,25.11,24.76,24.57,24.76,25.02,24.67,25.11,25.11,24.67,24.93,25.11,25.02,24.67,24.85,25.11,24.85,24.67,24.57,24.85,25.02,24.76,24.67,24.76,25.02,24.76,24.67,24.93,24.85,24.57,24.93,24.57,24.76,24.85,24.93,24.76,24.57,24.67,25.02,24.93,24.93,24.67,24.67,24.76,24.85,24.85,24.93,24.85,24.93,24.93,24.93,25.28,24.93,24.85,24.85,24.67,25.02,24.48,24.85,24.76,24.76,24.93,24.67,25.02,24.93,25.02,25.02,24.76,25.37,24.85,25.02,25.11,24.76,25.37,24.93,25.11,24.57,24.93,24.76,24.93,25.11,24.67,24.76,24.67,24.76,24.76,24.93,24.76,24.93,25.28,25.02,24.93,25.20,24.93,25.46,24.85,24.93,25.11,25.11,25.37,24.93,25.28,25.02,25.02,24.93,24.93,25.11,24.93,25.11,25.02,24.85,24.85,24.93,24.93,24.76,25.11,24.76,24.76,24.93,24.85,24.93,25.02,25.28,24.93,25.02,25.37,25.02,24.85,25.11,25.20,25.02,24.93,25.20,24.93,25.11,24.93,25.28,24.93,24.76,24.93,25.02,24.39,24.76,25.02,25.28,24.85,24.85,24.76,25.11,25.20,25.02,24.57,25.20,25.20,24.67,25.11,25.11,25.20,24.67,25.02,24.67,25.02,24.85,24.85,25.20,24.93,24.29,24.85,24.85,25.20,24.76,25.02,24.85,25.02,24.76,24.85,24.48,24.57,24.85,25.28,24.67,24.67,24.85,24.57,25.11,24.67,24.57,24.93,24.85,25.02,24.93,24.67,24.93,24.85,24.57,25.20,24.57,24.48,24.93,24.76,25.11,24.76,24.57,24.93,25.02,24.39,24.76,24.76,24.29,25.02,24.85,24.48,24.85,24.85,24.57,24.93,25.02,25.11,24.39,24.93,24.93,24.85,25.02,25.02,24.76,24.76,25.02,24.93,24.85,25.11,24.76,24.57,25.28,24.57,24.76,24.67,25.02,25.28,25.02,25.02,25.11,24.67,24.93,24.67,24.57,24.76,24.67,24.67,24.57,24.76,24.85,25.11,24.85,24.85,24.85,25.28,24.67,25.11,24.85,24.39,25.28,24.85,24.76,24.76,24.85,24.39,25.02,25.20,24.93,24.67,24.57,24.76,24.67,24.93,24.93,24.48,24.85,24.57,24.67,24.85,24.67,24.57,24.67,24.85,24.85,24.76,24.85,25.02,24.57,24.57,25.02,24.48,25.02,24.57,24.85,24.76,24.76,24.29,25.11
24.67,25.02,25.02,24.20,24.57,24.67,25.02,24.39,24.76,24.76,24.85,24.76,24.57,24.76,24.48,24.48,24.76,24.57,24.57,24.57,24.76,24.85,24.76,24.85,25.11,24.57,24.76,25.02,24.57,24.48,25.02,24.48,25.63,24.85,24.57,24.76,24.85,25.11,24.39,24.76,25.20,25.20,24.76,24.67,24.57,24.93,25.37,25.28,24.67,24.93,24.76,25.20,24.76,24.57,24.67,24.93,25.20,24.67,25.37,25.11,24.76,24.85,24.85,25.02,24.93,24.93,25.20,24.93,24.85,24.67,24.67,24.93,24.76,24.76,25.20,25.11,24.76,24.57,25.02,24.85,25.02,25.11,24.93,25.02,25.11,24.57,24.57,25.02,25.02,25.02,24.76,24.48,24.85,25.11,24.85,24.67,25.11,25.02,24.93,24.93,24.76,24.76,24.57,24.93,24.76,24.57,25.02,24.67,24.67,24.67,24.85,24.93,24.57,24.85,24.85,25.20,24.93,24.48,24.57,25.11,24.85,24.57,25.11,24.67,24.93,24.93,24.76,24.76,24.93,24.93,24.48,25.02,24.39,24.93,24.85,25.02,24.85,24.85,25.02,24.76,24.93,24.76,24.85,24.76,24.85,24.93,24.85,24.76,24.85,24.67,25.02,25.02,25.02,25.20,25.02,24.85,24.67,25.02,25.02,24.57,24.93,24.67,25.11,24.67,24.85,24.76,24.93,24.76,24.85,24.93,25.11,25.02,25.11,24.93,25.11,25.11,24.93,25.63,25.20,25.11,24.93,25.20,25.02,25.11,25.20,25.20,24.93,25.28,24.76,25.20,25.20,25.02,25.20,25.02,25.37,25.37,25.37,24.67,24.93,24.85,25.37,25.02,25.20,25.02,25.02,24.85,24.67,25.11,25.02,24.93,24.93,25.20,25.02,24.93,25.20,25.11,25.02,24.57,24.85,24.57,24.85,24.93,25.02,25.20,24.85,24.93,25.11,25.02,24.93,24.76,24.85,24.85,25.11,24.85,24.48,24.67,25.20,24.57,25.11,24.85,24.93,25.02,25.02,24.85,24.57,25.20,24.67,24.57,25.20,25.02,25.02,24.76,25.02,25.02,24.48,24.29,25.02,25.20,24.85,24.76,24.57,24.48,25.20,24.93,24.76,24.67,25.11,25.11,24.93,25.11,24.76,24.93,25.11,24.93,24.57,24.48,24.57,24.76,24.57,24.57,24.76,25.11,25.11,24.48,24.67,25.02,25.11,24.39,24.48,25.11,24.93,24.76,24.76,24.85,24.57,24.67,24.93,24.20,25.02,24.76,24.67,24.85,25.11,24.48,24.93,24.67,24.93,25.20,24.57,24.57,24.67,25.11,24.48,24.93,24.29,24.85,25.02,24.67,24.93,24.48,24.67,24.57,24.67,24.85,24.67,24.57,24.67,24.85,24.93,24.67,25.02,24.67,24.57,24.48,24.57,25.11,24.76,25.28,24.93,24.85,24.48,25.11,24.57,25.02,24.93,25.28,24.93,24.67,24.48,24.76,24.85,24.39,24.76,24.57,24.57,24.76,24.57,24.76,24.85,24.67,24.76,24.39,24.67,24.85,24.85,25.11,24.76,24.67,24.93,24.48,24.67,24.93,24.85,24.67,24.39,24.76,24.48,24.85,24.39,24.57,24.93,24.57
24.39,24.48,24.48,24.85,24.67,24.67,24.67,24.57,24.67,24.48,24.67,24.57,24.67,24.93,24.48,24.39,24.48,24.67,24.29,24.57,24.29,24.67,24.57,24.76,24.48,24.67,24.76,24.67,24.85,24.67,24.57,24.57,24.67,24.93,24.85,24.57,24.67,25.11,24.76,24.48,24.57,24.48,24.93,24.93,24.76,24.76,24.93,24.57,24.76,25.11,25.02,24.93,24.76,24.93,24.93,24.85,24.39,24.48,24.57,24.76,24.57,24.76,24.85,25.02,24.48,24.85,24.67,24.85,24.67,24.57,24.93,24.39,24.93,24.67,24.67,24.76,25.02,25.11,24.93,24.29,24.67,24.76,24.67,25.11,24.85,24.93,25.02,24.76,24.93,25.28,24.85,24.39,24.93,24.67,24.85,25.11,24.85,25.11,24.85,24.76,24.48,24.76,24.76,24.48,24.76,24.85,24.93,24.67,24.67,25.02,24.93,25.11,24.93,24.76,24.57,25.02,25.02,24.76,24.93,24.93,24.76,24.85,24.85,25.11,24.76,25.02,25.02,24.85,25.02,24.76,24.67,25.11,25.20,24.76,24.48,24.85,24.85,24.76,25.02,24.93,24.76,25.02,24.85,24.76,24.76,24.67,25.37,24.57,25.02,24.67,24.76,24.85,24.93,25.28,24.93,24.57,24.76,25.28,24.93,24.85,25.20,24.93,24.93,24.93,25.02,24.67,25.02,24.57,25.20,25.55,24.93,24.85,25.20,25.11,25.02,24.85,25.11,25.37,25.11,25.20,24.93,25.02,24.76,25.37,24.85,24.85,25.20,25.02,25.20,25.20,25.20,25.63,25.11,25.28,25.20,25.11,25.20,24.76,25.28,24.85,25.11,24.93,24.93,24.93,25.20,25.02,24.76,25.37,25.02,25.11,24.93,25.11,24.76,24.85,25.02,24.93,25.02,25.02,25.11,25.20,25.02,25.11,24.93,24.93,24.85,25.02,25.11,24.76,24.85,25.02,25.02,25.02,25.02,24.85,25.11,24.93,25.02,24.93,24.57,24.85,25.11,25.11,24.93,25.11,24.93,25.11,24.85,25.02,25.20,25.02,24.67,24.85,24.93,25.20,25.02,24.93,24.67,24.57,24.67,24.76,24.93,24.76,24.93,24.48,24.57,24.85,24.67,24.76,25.11,24.76,24.93,25.11,25.02,24.93,25.46,24.76,24.76,24.57,24.76,24.57,24.39,25.02,24.93,24.76,24.67,24.67,24.39,25.02,24.76,24.93,25.02,24.76,24.76,24.67,24.85,24.76,24.76,24.93,24.39,24.93,24.85,24.93,24.85,24.93,24.85,24.57,24.76,24.76,25.02,24.39,24.93,25.11,24.93,25.11,24.39,24.76,24.93,24.76,24.85,24.76,24.67,24.76,24.85,24.67,25.02,24.85,24.76,24.67,24.67,24.67,24.93,24.85,25.11,24.57,24.76,24.67,25.02,24.57,24.85,24.76,24.76,24.85,24.57,24.85,24.76,24.67,24.48,25.02,25.11,24.67,24.85,24.67,24.76,24.67,24.76,24.85,24.93,24.93,25.28,24.85,24.67,24.39,24.67,24.93,24.76,24.76,24.85,24.85,24.85,24.67,24.57,24.48,24.76,25.02,24.57,25.11,24.93,24.57,25.11,25.11,24.67,25.02
24.93,24.48,24.57,24.85,24.67,24.57,24.57,24.93,24.57,25.11,25.02,24.76,24.57,24.29,24.48,24.67,24.48,24.93,24.85,24.76,25.11,24.76,24.76,24.93,24.85,25.02,24.93,24.85,24.85,24.85,24.76,25.02,24.85,24.76,24.67,24.85,24.85,24.93,24.67,25.02,25.11,24.85,25.28,25.11,24.93,24.76,24.85,25.20,24.48,24.85,24.39,24.85,25.02,24.76,24.67,25.02,24.67,24.76,24.57,24.48,24.85,24.67,25.02,25.02,25.02,24.76,24.85,24.85,24.57,24.67,25.02,24.93,24.67,24.93,24.76,24.93,25.02,24.67,24.67,25.02,25.11,24.93,24.93,24.85,24.85,24.85,25.11,24.76,24.76,24.93,24.67,24.76,25.11,24.85,24.85,25.20,24.93,25.11,24.93,24.67,24.57,24.67,24.85,24.93,24.67,24.85,24.85,25.02,24.85,24.67,24.85,25.02,24.85,24.76,25.11,24.67,25.46,24.93,24.85,24.93,24.85,24.67,24.76,25.11,24.76,25.02,24.76,24.93,24.85,24.76,24.57,24.93,25.02,24.76,25.28,24.93,25.11,25.02,24.76,25.02,24.29,24.93,24.67,24.67,24.67,24.76,24.76,24.85,25.02,24.67,24.85,24.76,24.48,24.93,24.93,25.11,24.57,25.02,24.76,24.85,24.85,24.93,25.11,24.93,25.20,24.57,24.76,24.85,24.93,24.93,24.93,25.20,24.93,25.37,24.93,25.20,25.28,25.02,24.93,24.85,25.11,25.11,25.02,25.11,25.02,25.46,25.02,25.46,25.11,25.20,24.76,25.20,25.02,25.02,25.20,25.11,25.46,25.02,25.11,24.85,24.67,24.85,24.93,24.93,24.93,24.85,25.02,25.11,25.28,25.46,24.93,25.02,24.93,24.93,25.20,24.67,24.85,24.93,24.93,24.76,24.57,25.11,24.76,25.11,25.11,25.20,24.85,25.02,25.11,24.85,24.76,25.02,24.76,25.20,24.76,25.20,25.02,24.57,24.76,24.93,25.28,24.57,24.67,25.11,25.20,24.93,24.76,24.76,24.67,24.93,25.28,24.85,24.93,24.85,24.67,24.39,24.57,24.85,24.57,24.67,24.93,24.93,25.02,24.93,25.11,24.85,24.76,24.67,24.67,24.85,24.76,24.85,24.76,24.57,24.93,24.85,25.20,24.67,24.67,24.57,24.93,24.85,24.85,25.02,24.85,24.93,25.02,25.02,24.93,24.76,24.67,24.85,24.76,25.11,24.67,24.11,24.76,24.76,24.93,24.76,24.85,24.76,24.39,24.93,25.02,24.85,24.85,24.76,24.48,24.48,25.11,24.85,24.93,24.48,24.48,24.76,24.76,25.02,24.93,24.57,24.48,24.57,24.67,25.02,24.76,24.67,24.39,24.76,24.57,24.57,24.57,24.57,24.67,24.57,24.57,24.76,24.67,24.76,24.93,24.67,24.93,24.85,25.20,24.57,24.67,24.29,24.48,24.76,25.11,24.48,24.76,24.29,24.57,24.93,24.76,24.76,24.67,24.85,24.48,24.85,24.57,24.85,24.67,25.02,24.93,24.85,24.57,24.39,24.39,24.67,24.93,25.02,24.85,24.85,25.02,25.11,24.39,24.93,24.57,24.39,25.02,24.39
24.57,24.48,24.93,24.57,24.39,24.57,24.48,24.48,24.57,24.39,24.85,24.29,24.76,24.67,24.67,24.67,24.57,25.11,24.93,24.39,24.76,24.48,24.67,24.76,25.11,25.28,24.57,24.67,24.48,24.85,24.67,24.57,24.93,24.85,24.85,24.76,24.67,24.85,24.67,24.67,25.20,24.48,24.85,25.02,25.02,24.76,24.85,24.76,24.67,25.02,25.02,24.48,25.02,24.85,24.93,24.48,25.02,24.93,24.67,25.02,24.93,24.57,24.57,25.02,24.93,25.28,24.93,24.67,25.02,24.29,25.02,25.20,24.76,24.67,24.76,25.20,24.93,24.76,24.76,24.93,25.02,25.20,24.76,24.67,25.02,24.93,24.93,25.20,24.85,24.93,24.76,24.67,24.76,24.93,24.93,25.11,25.02,24.67,24.85,24.76,24.76,24.67,24.76,25.02,25.02,24.67,24.76,24.67,25.02,24.85,24.57,24.93,25.02,24.67,24.67,24.76,24.85,24.93,24.85,24.85,24.57,24.85,24.85,24.76,24.85,25.02,24.93,25.02,24.57,25.02,24.39,24.39,24.48,25.11,24.76,24.85,24.85,24.85,25.02,24.85,24.85,25.02,24.76,24.85,24.93,25.02,24.57,24.93,24.93,25.20,24.85,25.02,24.85,25.02,24.93,24.93,25.02,24.67,24.57,24.93,24.93,24.85,24.57,24.93,25.11,24.85,25.28,24.76,24.93,24.67,25.28,24.93,24.93,25.46,25.11,25.37,24.93,25.20,25.02,25.02,25.02,25.11,25.28,25.02,25.02,25.28,25.11,25.37,25.02,25.28,25.20,25.28,25.02,25.11,24.57,25.11,24.93,25.02,24.85,25.20,25.02,25.02,25.20,25.20,25.28,25.02,24.85,25.20,25.37,25.02,25.02,25.02,24.76,24.85,25.20,24.57,25.20,25.11,24.93,24.67,24.85,25.02,25.11,25.02,25.02,24.85,24.85,24.76,24.57,24.67,24.85,25.11,24.93,24.57,25.11,24.76,24.57,25.02,25.02,24.76,24.85,25.11,24.76,24.76,24.57,25.02,25.02,24.76,24.93,25.02,25.02,24.57,25.02,24.76,24.85,24.85,25.02,24.67,24.67,24.76,24.76,24.85,24.76,24.76,24.93,24.93,24.85,24.67,24.20,24.48,24.57,24.85,24.67,24.57,25.02,25.11,24.76,24.93,24.67,24.76,25.20,24.67,24.67,24.39,24.76,24.76,24.93,24.93,24.93,24.76,24.67,25.11,24.76,24.67,24.76,24.85,24.85,24.93,24.93,25.02,25.02,24.67,24.93,24.85,24.48,24.93,24.76,24.48,24.67,24.85,24.93,25.20,25.02,24.57,24.48,24.85,25.11,24.76,24.93,24.76,25.11,24.76,25.02,25.02,24.11,24.67,24.29,24.57,24.48,24.76,24.85,25.11,24.48,24.76,24.57,25.02,25.28,24.57,24.85,24.85,24.39,24.76,24.67,24.76,24.93,25.02,24.67,24.57,24.85,24.85,25.11,24.85,25.02,24.57,24.93,25.02,24.76,24.67,24.76,24.76,24.85,24.85,24.76,24.57,24.76,25.28,25.11,25.20,24.29,24.76,24.93,25.11,24.76,24.57,24.85,25.37,24.48,24.85,24.76,24.57,24.76,24.67
24.57,24.48,24.39,24.20,24.67,24.85,24.57,24.48,24.39,24.76,24.67,25.02,25.02,24.39,24.67,24.85,25.02,24.76,24.76,24.57,24.76,24.85,24.85,24.76,24.76,24.48,24.85,24.57,24.57,24.48,24.20,24.11,24.85,25.02,25.11,24.76,24.57,24.57,24.57,24.93,24.67,24.76,24.85,24.93,24.48,24.76,24.57,24.85,24.93,25.28,24.85,24.93,24.93,25.02,24.93,25.02,25.02,24.67,24.67,24.85,24.85,24.85,24.48,24.76,24.76,25.11,24.93,25.02,24.76,25.20,25.20,24.48,24.29,24.57,25.11,25.02,24.85,24.85,24.67,25.02,25.20,24.76,25.02,25.20,25.28,24.67,24.76,24.93,25.11,24.76,24.67,24.93,25.11,24.76,24.76,24.85,24.93,24.67,24.85,24.76,24.76,24.93,24.76,24.85,24.93,24.93,25.20,24.85,24.93,24.67,24.93,24.48,24.93,24.85,24.76,24.76,24.85,25.20,24.85,24.57,24.67,24.48,24.67,24.93,24.76,24.93,25.02,24.93,25.11,24.76,24.85,25.11,24.85,24.67,25.11,25.11,24.93,24.76,24.93,25.02,24.67,24.67,25.11,24.93,24.93,24.39,25.37,25.11,24.85,24.93,24.76,24.93,25.20,25.11,24.85,24.39,24.93,25.11,24.76,24.93,24.85,25.11,24.76,25.02,24.85,24.93,25.02,25.11,25.11,24.85,25.20,24.85,25.37,25.11,25.02,25.28,25.02,25.02,25.02,25.20,25.28,25.28,24.93,25.11,25.11,25.20,25.28,25.11,25.11,25.46,25.11,24.85,25.20,25.11,25.28,25.11,25.20,24.85,25.20,25.11,25.20,25.02,25.02,25.55,25.37,24.85,24.85,24.76,25.20,25.11,25.02,25.11,24.93,25.11,25.11,25.11,24.93,24.93,24.48,24.85,25.02,24.48,24.93,25.11,25.02,25.02,25.02,24.85,24.76,25.28,24.57,25.02,25.02,24.93,24.76,24.67,24.57,24.57,25.02,24.85,24.76,24.93,24.93,24.76,24.76,24.76,24.76,24.67,24.57,25.28,24.85,24.85,25.02,24.76,24.57,24.57,24.48,24.57,24.48,24.85,24.93,24.85,24.85,24.85,25.11,24.67,24.57,24.93,25.20,24.76,25.11,24.67,24.57,24.67,25.02,24.67,24.76,24.67,25.02,25.02,24.76,24.85,24.67,24.67,25.02,24.85,24.67,24.67,24.48,24.67,24.67,24.57,25.11,25.11,24.85,24.76,24.85,24.76,24.48,24.57,24.48,24.76,25.28,24.57,24.76,24.93,24.29,25.02,24.85,24.85,24.57,24.85,24.76,24.85,24.67,24.85,24.48,25.20,24.93,24.93,24.48,24.48,24.48,24.20,24.39,24.93,24.57,24.48,24.48,24.48,24.67,24.93,24.76,25.20,25.02,25.02,24.39,24.93,24.57,24.67,24.39,24.67,24.76,24.76,24.76,25.02,24.67,25.02,25.02,24.39,24.57,24.93,24.93,24.85,24.76,24.67,24.57,24.48,24.76,24.48,24.76,24.85,25.02,24.76,24.93,24.39,24.93,24.93,24.93,24.93,24.85,24.76,24.76,24.85,25.11,24.76,25.02,24.76,24.48,24.48,24.85,24.48
24.85,24.85,24.76,24.39,24.48,24.48,24.76,24.76,24.76,24.67,24.76,24.57,25.02,24.39,24.48,24.85,25.02,24.57,24.93,24.85,24.85,24.76,24.85,24.85,24.93,24.67,24.48,25.02,24.67,24.57,24.67,24.57,24.93,24.85,24.85,25.20,25.20,24.67,24.67,25.11,25.02,24.57,24.85,24.76,24.76,24.76,25.11,24.76,24.93,24.93,24.57,24.48,24.67,24.93,25.02,24.48,24.93,24.85,24.67,24.57,24.67,24.76,24.85,24.76,24.67,24.85,24.76,25.37,24.85,25.28,24.76,24.76,24.67,24.85,24.76,24.76,24.57,24.93,24.76,24.76,24.76,25.11,24.76,24.85,24.93,25.02,24.93,24.67,24.57,24.85,25.11,25.11,24.93,24.85,24.85,24.48,25.11,24.76,25.02,25.02,24.57,24.57,24.67,24.85,24.67,24.48,25.20,24.67,25.28,25.20,25.02,24.76,25.02,24.93,25.11,24.67,24.57,24.85,24.93,24.76,24.48,25.02,25.02,24.57,24.57,24.85,24.85,24.93,25.11,24.93,24.85,25.02,25.02,24.85,24.67,24.93,24.57,24.85,25.11,24.93,24.57,24.85,24.85,24.76,25.02,24.93,24.85,25.20,25.02,25.11,24.85,25.20,24.85,24.39,25.20,24.76,24.57,24.85,24.76,24.93,24.85,24.76,24.57,24.76,24.76,25.02,24.93,25.20,25.11,24.93,25.11,25.46,24.93,24.67,25.20,25.11,24.93,25.28,25.20,24.85,25.28,25.37,25.02,25.02,25.11,24.85,24.76,24.67,25.11,25.28,25.46,25.11,25.37,25.02,25.02,25.28,25.02,25.11,25.02,25.02,25.37,24.93,25.20,25.02,24.76,25.28,25.20,25.11,25.11,25.11,25.37,25.28,24.85,24.76,24.76,24.85,24.93,24.48,24.85,24.93,25.02,24.76,25.11,24.93,24.85,25.02,24.67,25.02,25.11,24.39,24.93,25.28,24.57,24.93,24.48,24.76,24.67,24.85,24.93,24.29,25.46,25.11,24.85,25.02,24.93,25.02,24.57,24.48,24.57,24.85,24.67,24.85,24.67,25.20,24.67,25.20,24.76,24.93,25.11,24.48,24.93,24.85,24.76,24.85,24.57,24.57,25.02,24.76,24.57,24.29,24.93,25.37,25.46,24.48,24.76,24.76,25.02,24.85,24.76,24.57,24.93,24.76,24.67,24.85,24.93,24.76,24.76,24.93,24.76,24.85,24.76,25.11,24.93,25.02,24.67,24.57,24.67,24.85,25.11,24.67,24.85,25.20,24.76,24.85,25.11,24.76,24.57,24.76,24.76,24.85,24.85,24.76,24.48,24.76,24.57,24.57,24.29,24.48,24.57,25.02,24.76,24.85,24.48,24.67,24.48,24.67,24.57,24.67,24.57,24.67,24.67,24.67,24.67,25.02,24.48,24.57,25.28,24.67,24.57,24.85,24.57,24.57,24.93,24.85,24.76,24.57,24.93,24.57,24.85,24.48,24.85,24.57,24.76,24.85,24.48,24.57,24.76,24.67,24.57,24.57,24.93,24.93,24.85,24.67,24.57,24.76,25.11,24.57,24.20,24.48,24.67,24.76,24.57,24.57,24.93,24.48,24.93,24.48,24.48,24.76,24.57,24.48
24.57,24.93,24.48,24.67,24.76,24.57,24.57,24.48,24.39,24.48,25.11,24.67,24.67,24.67,24.39,24.76,24.39,25.11,25.11,24.67,24.57,24.76,24.29,24.85,24.67,24.67,24.76,25.37,24.48,24.48,24.48,24.76,24.76,25.11,25.11,24.57,24.67,25.11,25.02,24.57,25.11,24.93,24.93,24.85,24.85,24.48,24.93,24.93,24.93,24.93,24.85,24.48,24.85,24.93,24.85,24.85,25.02,24.85,25.02,24.76,24.93,25.11,24.57,25.11,24.76,24.76,25.11,24.67,25.11,24.93,24.67,25.11,25.02,24.85,25.11,25.11,24.76,24.57,25.02,25.02,24.85,24.39,25.20,24.48,24.57,25.02,24.93,25.37,24.93,24.67,24.57,24.93,24.85,24.67,25.02,24.67,25.11,25.02,24.85,24.76,25.02,24.85,24.76,24.85,25.02,25.02,25.02,24.85,25.02,25.37,24.57,24.48,25.28,24.48,24.93,24.85,24.57,25.02,24.85,25.02,24.76,24.93,24.67,25.02,24.85,24.93,24.85,25.46,25.02,25.28,24.93,24.93,25.02,24.76,25.02,24.76,25.37,24.93,24.85,24.85,24.67,24.85,24.57,24.48,24.48,25.20,25.11,25.02,24.85,24.85,24.57,24.67,25.28,25.20,24.67,25.02,24.67,25.11,25.02,24.85,24.85,24.76,24.76,24.39,24.93,24.76,24.93,24.67,24.93,25.11,25.11,25.02,25.02,25.46,25.11,25.37,25.11,25.20,25.20,25.28,25.02,24.93,25.28,25.20,25.11,24.93,25.11,25.20,25.20,25.20,24.76,24.93,24.57,25.46,25.11,25.20,24.93,25.02,25.20,25.11,25.20,25.63,25.28,25.11,24.93,24.76,25.11,24.67,24.93,24.76,25.20,25.11,24.57,25.28,24.93,24.93,24.67,24.76,24.93,25.20,25.11,24.85,24.57,24.93,24.85,24.85,25.20,24.93,24.85,24.93,24.85,24.76,25.02,24.93,25.11,25.02,24.76,25.11,25.02,25.11,25.02,25.37,24.76,25.11,25.02,24.93,24.48,24.85,24.85,24.67,24.76,24.48,24.57,24.67,24.67,25.02,25.11,24.85,25.02,24.57,24.76,24.67,24.76,24.85,24.76,24.67,24.76,24.93,25.02,24.93,25.02,24.57,25.20,24.76,24.93,24.85,24.67,24.76,24.93,24.76,24.67,24.93,24.57,24.48,24.67,24.67,24.85,24.57,24.93,24.85,24.67,24.76,24.93,24.76,24.76,24.76,24.93,25.02,25.11,24.85,24.67,25.02,24.85,25.02,24.57,24.67,24.67,25.02,24.57,24.93,25.11,24.85,25.11,24.76,24.85,24.57,24.93,24.67,25.02,25.20,24.57,24.48,24.85,25.02,24.39,24.57,24.67,24.29,24.85,24.93,24.39,24.48,24.48,24.48,24.85,24.57,24.76,24.67,25.11,25.11,24.76,25.20,24.67,24.85,24.48,24.39,24.76,24.85,24.57,24.85,25.11,25.28,24.57,24.93,24.93,24.76,25.02,24.67,25.20,24.93,24.85,25.02,24.57,24.57,24.39,24.76,24.85,24.57,24.29,24.93,24.85,24.93,24.48,24.48,24.85,24.67,24.67,24.93,24.67,24.48,24.67,24.48
24.57,24.93,25.02,24.76,24.57,24.39,24.57,24.76,25.11,24.76,24.93,24.76,24.67,25.02,24.48,24.67,24.57,24.93,24.76,24.93,25.02,24.67,24.76,24.76,25.02,24.76,25.11,24.39,24.67,24.48,24.76,24.67,24.67,24.67,24.57,25.20,24.67,24.76,25.11,25.02,24.76,25.11,24.39,24.85,24.76,24.48,24.93,24.85,24.85,24.93,24.93,24.29,24.93,24.67,24.93,25.02,24.67,24.76,24.85,24.85,25.11,24.93,24.85,25.20,24.67,24.76,24.85,25.20,24.93,25.28,24.93,24.85,24.93,24.85,25.11,24.85,24.67,24.57,24.57,24.48,24.67,24.93,24.57,24.48,24.48,24.39,24.57,24.85,24.76,24.48,25.20,24.76,24.93,24.85,25.02,25.11,24.76,24.93,25.28,24.67,24.57,24.85,25.11,24.76,24.93,24.39,24.93,24.85,24.93,24.93,24.67,24.67,24.93,24.67,24.67,25.46,25.02,25.11,24.93,25.11,24.67,24.85,25.02,25.11,24.85,24.48,24.93,25.11,24.67,25.11,24.85,25.02,24.85,24.76,25.02,24.67,24.85,24.57,24.85,25.02,24.85,25.02,24.57,24.76,24.85,24.93,25.02,24.29,25.02,24.85,24.85,25.11,24.76,24.93,25.02,24.85,25.02,24.67,25.11,25.02,24.93,24.57,25.20,24.93,25.11,24.67,24.93,24.85,25.02,25.02,24.93,25.11,25.11,24.85,24.85,25.11,25.28,25.20,25.20,25.55,25.02,25.02,25.02,25.20,25.02,25.55,25.11,25.20,25.11,24.76,25.28,24.85,25.11,24.85,25.02,25.11,25.11,24.93,25.20,25.02,24.57,24.85,25.02,25.11,25.28,25.11,25.28,25.20,25.37,24.85,25.20,25.11,24.85,24.93,24.85,24.76,24.67,24.85,24.76,25.20,24.85,25.02,24.76,24.93,24.85,24.85,25.11,24.76,25.11,24.93,24.48,24.67,24.76,24.85,24.76,24.76,25.20,24.85,25.02,24.85,24.57,25.11,24.67,24.57,24.48,24.67,25.02,25.20,24.85,24.67,24.76,25.02,24.93,24.93,24.39,24.76,24.57,24.93,25.02,24.76,24.76,24.57,24.76,24.48,24.48,24.93,24.85,24.57,24.67,24.67,24.67,24.57,24.85,24.67,24.85,24.93,24.76,24.76,25.11,24.67,24.67,24.67,24.48,24.76,24.85,24.76,25.11,25.02,24.85,24.39,24.67,24.39,24.76,24.76,24.85,24.57,24.85,24.11,24.67,24.76,24.67,24.85,25.02,24.57,24.48,24.85,24.39,24.76,24.85,24.39,24.39,24.29,24.76,24.85,24.85,24.39,24.85,24.67,24.57,24.67,24.48,24.76,24.93,24.85,24.93,25.11,24.67,24.48,25.11,24.76,24.39,24.67,24.57,24.67,24.76,24.76,24.57,24.67,24.67,24.76,24.48,24.57,24.93,24.76,24.57,24.57,24.93,24.85,25.28,24.48,24.85,24.67,24.93,24.76,24.48,24.85,24.85,24.48,24.85,24.57,24.48,24.93,24.93,24.85,24.20,24.57,24.85,24.57,24.67,24.93,24.67,24.93,24.76,24.76,25.02,24.48,24.93,24.29,24.57,24.67,24.67,24.57
25.02,24.67,24.39,24.76,24.48,24.57,24.29,24.67,24.48,24.20,24.85,25.11,24.39,24.39,24.93,24.57,24.67,24.39,24.39,24.85,24.57,24.67,25.20,24.76,24.76,25.02,25.02,25.20,24.85,24.76,24.29,24.76,24.29,24.57,24.93,25.02,24.57,24.85,24.76,25.11,24.48,24.57,24.85,24.57,24.76,25.11,25.37,24.48,24.67,24.67,24.39,24.85,25.02,24.85,24.85,24.93,25.02,24.67,24.39,25.02,24.67,24.76,24.29,24.67,24.67,24.85,25.02,24.85,25.11,24.93,24.67,24.85,24.76,24.76,24.57,24.57,25.02,24.48,24.85,24.48,24.76,24.48,24.48,24.93,24.76,24.48,24.57,25.02,25.11,25.02,24.76,24.67,24.85,24.67,24.67,24.76,24.93,24.76,24.93,25.02,24.93,24.67,24.76,25.02,24.85,25.02,24.85,24.67,25.02,24.76,24.67,24.93,24.76,24.85,24.57,24.76,24.57,24.93,24.67,25.02,24.76,24.93,24.67,24.67,24.57,24.57,24.85,24.93,24.93,24.93,24.76,24.85,24.67,24.29,25.02,25.11,25.11,24.93,24.48,24.85,24.76,24.48,24.29,24.93,24.93,25.11,24.67,24.93,25.28,24.76,24.85,25.02,24.48,24.76,24.76,24.85,24.85,25.11,24.85,24.85,25.02,24.93,24.93,24.76,24.93,24.85,24.93,25.11,25.02,24.93,25.11,24.85,24.85,25.20,24.85,24.93,25.11,24.93,25.02,25.11,25.46,25.11,24.93,25.11,24.93,24.76,25.46,24.93,24.85,24.85,24.93,24.93,25.20,25.02,25.11,24.85,25.46,25.11,25.02,25.11,25.11,25.11,25.20,25.02,25.28,25.02,25.11,25.28,24.93,25.02,24.57,25.11,24.85,24.93,25.02,24.57,24.93,24.85,24.67,24.67,24.67,25.11,24.85,24.85,24.67,24.85,24.85,25.11,25.02,24.85,24.85,25.11,24.67,24.57,25.11,25.02,25.20,25.11,25.11,25.37,24.93,25.28,24.39,24.93,24.85,24.76,24.67,25.02,24.76,24.57,24.67,24.57,24.85,25.02,24.85,25.20,24.85,24.67,24.93,24.93,24.57,24.93,25.11,24.67,24.57,24.67,25.11,24.57,24.76,25.28,24.67,24.57,24.76,24.76,24.76,24.93,24.85,24.67,24.93,24.57,24.76,24.39,24.85,24.93,25.02,24.76,24.76,24.76,24.93,24.76,24.76,24.76,25.11,24.76,24.57,24.67,24.85,25.11,24.93,24.67,25.11,24.93,24.67,24.48,25.02,24.76,24.57,24.76,24.93,24.76,24.29,25.20,24.93,25.20,24.93,24.93,24.67,24.57,25.11,25.02,24.57,24.57,24.93,24.85,24.67,24.76,25.11,24.76,24.93,24.48,24.85,24.93,25.11,24.67,24.57,24.48,24.67,25.11,25.02,24.76,24.57,24.76,24.76,24.48,24.85,24.93,25.02,24.85,24.85,24.57,24.85,24.93,24.67,24.67,24.48,25.02,24.67,24.76,24.67,24.39,24.67,24.39,24.57,24.57,24.48,24.76,24.85,25.20,24.93,24.39,25.02,24.93,24.76,24.48,24.93,24.93,24.76,24.85,24.67,24.57,24.29,24.57
24.57,24.57,24.57,24.39,24.57,24.67,24.29,24.57,24.29,24.85,24.48,24.93,25.02,24.67,24.93,24.85,24.57,24.48,24.57,24.85,24.67,24.67,25.02,24.57,24.39,24.93,24.29,24.85,24.57,25.02,24.57,24.57,24.76,24.93,24.67,24.39,24.29,24.76,24.76,24.85,25.11,24.67,24.48,25.02,24.85,25.02,25.11,25.02,24.67,25.02,25.02,24.93,25.11,24.93,25.02,24.85,24.57,25.11,24.67,25.20,24.85,24.67,24.93,24.85,25.02,24.85,24.76,24.76,24.67,24.76,25.02,24.57,24.67,25.11,24.67,25.28,24.57,25.20,25.02,24.39,25.28,25.02,24.67,25.11,24.85,25.02,25.20,24.39,25.02,25.02,25.02,25.02,24.93,24.76,25.28,24.93,24.48,24.57,24.57,24.76,24.57,24.76,25.02,25.02,24.67,24.57,24.76,24.85,24.67,24.93,24.67,24.85,24.93,25.02,24.93,24.67,24.39,24.85,24.93,24.67,24.76,24.57,24.93,25.28,25.02,25.28,24.93,25.11,25.28,24.76,25.02,24.93,25.11,25.02,25.11,25.02,24.67,25.02,25.11,25.11,24.57,24.85,24.76,24.85,24.76,24.85,24.93,25.02,25.02,24.85,25.11,24.93,25.11,24.85,25.02,24.93,25.11,24.85,25.02,24.57,24.76,24.93,25.02,25.02,24.85,24.93,24.67,24.85,24.93,24.93,24.93,25.02,24.85,25.28,25.11,25.55,25.11,25.28,25.02,25.20,25.11,25.02,24.93,25.02,24.93,25.63,25.11,25.20,25.20,25.28,25.28,25.20,25.11,25.02,25.02,25.55,24.85,25.28,25.11,25.20,25.11,25.11,25.02,25.02,25.20,25.11,25.11,25.11,24.93,25.37,25.02,24.93,25.11,24.93,24.85,25.11,24.93,25.20,25.20,24.85,24.57,25.20,24.76,25.11,25.02,24.85,25.02,24.48,25.11,24.93,25.02,24.85,25.20,24.93,24.57,24.85,25.11,25.11,24.93,24.67,24.76,25.02,24.93,24.85,25.28,24.67,25.11,24.67,24.39,24.67,24.48,25.02,25.11,25.02,24.57,24.85,25.11,24.67,25.28,24.93,25.20,24.76,24.85,25.02,24.93,24.85,24.85,24.57,24.67,25.02,24.57,24.76,24.57,24.57,25.02,24.85,24.76,24.85,24.85,24.67,24.67,24.76,25.20,24.85,24.57,24.85,24.76,24.93,24.57,25.02,24.76,24.48,24.76,24.85,24.76,24.48,24.67,24.85,24.48,25.02,24.39,24.57,25.02,24.85,24.93,24.48,24.48,24.93,24.76,25.20,24.67,24.48,24.93,25.11,24.93,25.02,24.39,24.39,24.85,24.67,24.48,25.11,24.76,24.76,25.02,24.76,25.02,24.67,24.48,24.39,24.76,24.85,25.02,25.02,24.76,24.76,24.57,24.48,24.85,24.76,24.39,25.02,24.57,25.20,24.57,24.67,24.93,24.67,25.11,24.76,24.48,24.85,24.29,24.85,24.67,25.28,24.76,24.57,25.11,24.67,24.57,24.20,25.11,24.48,24.76,24.85,24.67,25.11,25.11,24.93,24.85,24.76,25.02,24.85,24.85,25.28,24.76,24.85,24.93,24.48,24.67,24.48
24.85,24.67,24.85,24.57,24.67,24.39,24.85,24.57,24.48,24.20,24.11,24.67,24.39,24.67,24.93,24.57,25.02,24.57,25.02,24.57,24.39,24.76,24.93,24.93,24.76,24.57,24.76,25.11,24.93,24.85,25.02,24.76,24.48,24.93,25.02,24.67,24.76,24.57,24.93,24.67,24.85,24.85,24.57,24.67,24.48,24.93,24.57,25.02,25.02,24.67,24.93,25.02,24.57,24.85,24.57,24.93,25.28,25.02,24.67,24.93,24.85,24.67,25.02,24.57,24.57,24.76,24.93,24.57,24.93,24.93,25.20,24.67,24.85,24.85,24.85,24.85,24.67,24.67,24.76,24.76,24.93,24.85,24.39,24.93,24.67,24.93,24.93,24.57,24.67,24.57,24.93,24.76,25.02,24.76,24.76,24.67,24.93,24.85,24.93,24.93,24.93,24.93,25.11,24.76,24.85,25.20,24.67,24.85,24.93,24.93,24.57,25.02,24.85,24.93,24.85,24.93,25.11,25.02,25.02,25.02,25.02,25.11,25.11,24.57,24.76,24.67,24.85,25.11,25.02,25.11,24.76,24.93,25.11,24.85,25.20,25.20,24.85,24.76,25.11,24.93,24.76,24.93,24.67,25.20,25.02,24.93,24.48,24.93,25.02,25.02,25.02,25.02,25.02,25.02,24.85,24.85,24.57,25.11,24.93,24.85,25.11,24.57,24.67,24.76,25.20,24.20,25.11,25.11,25.02,24.93,25.02,25.11,24.93,25.55,25.11,25.28,25.11,24.67,25.11,25.20,24.85,24.85,25.11,24.85,25.02,25.28,24.85,24.85,25.11,24.93,25.20,25.37,24.93,24.93,24.76,25.02,25.20,24.93,24.93,25.28,24.76,25.11,25.11,25.37,24.76,25.02,25.28,24.85,25.02,24.93,25.11,25.20,25.11,25.20,25.02,25.11,24.76,24.85,24.85,25.11,24.93,24.93,24.93,24.67,25.02,24.85,24.57,24.67,24.67,25.02,24.57,25.28,24.85,24.76,24.20,24.85,25.37,24.85,24.39,24.85,24.57,24.93,24.67,24.76,24.85,24.85,25.11,24.76,24.76,24.76,24.67,24.93,24.76,24.57,24.48,24.67,24.76,25.20,24.85,24.85,24.67,24.39,24.29,24.67,25.02,24.85,25.11,24.76,25.11,24.67,24.93,24.93,24.48,24.57,24.76,24.67,24.85,24.57,24.85,24.67,24.39,24.93,24.67,24.20,24.93,24.85,24.85,24.85,24.85,24.39,24.67,24.93,24.67,24.29,25.11,25.11,24.39,25.11,24.57,25.20,24.67,24.93,24.20,24.76,24.29,24.57,25.11,24.76,24.57,24.57,24.93,24.48,24.29,24.76,24.29,24.57,24.76,24.39,25.02,25.02,24.48,24.85,24.39,24.48,24.76,24.67,24.85,24.48,24.85,24.48,24.76,24.57,24.67,25.11,24.48,24.57,24.57,24.76,24.57,24.76,24.67,24.67,24.85,24.39,24.57,24.76,24.67,24.67,24.93,24.67,24.85,24.67,24.57,24.85,24.39,24.57,24.67,24.48,24.67,24.20,24.76,24.57,24.67,24.67,24.85,24.48,24.67,25.02,24.76,24.85,25.28,24.85,24.76,24.76,24.67,24.76,24.67,24.76,24.93,24.57,24.67,24.48
24.01,25.11,24.01,24.29,24.85,24.85,24.48,24.85,24.29,24.85,24.29,24.76,24.57,24.29,24.48,24.76,24.85,24.85,24.85,24.85,25.02,24.67,24.48,24.93,24.93,24.67,24.48,24.76,24.67,24.85,24.85,24.85,25.02,24.85,24.93,24.85,24.76,24.93,24.57,24.93,24.29,24.57,24.76,24.57,24.67,24.39,24.57,24.48,24.48,24.67,25.11,24.39,24.93,25.02,24.39,24.85,24.67,24.48,24.67,25.02,24.57,24.93,24.85,25.02,24.93,24.85,25.02,24.57,25.11,24.57,24.76,24.76,24.57,24.85,24.85,24.76,24.85,24.85,24.20,24.76,24.57,24.76,24.76,25.11,24.67,24.67,24.48,24.57,24.76,24.85,24.57,24.57,25.02,24.76,25.11,24.76,24.93,25.02,24.57,24.67,24.67,24.76,24.76,25.02,24.67,25.02,25.11,25.11,25.28,24.93,25.02,25.02,25.11,24.93,25.02,24.76,24.85,25.11,24.85,24.76,24.85,24.67,24.67,25.20,24.57,25.11,24.67,24.93,24.67,24.67,25.02,24.93,24.67,24.67,24.76,24.93,24.67,25.11,24.76,24.93,24.93,25.20,24.76,24.76,24.93,24.76,25.28,24.85,24.85,24.76,24.93,24.67,25.02,25.11,24.67,24.67,24.67,25.02,24.57,24.76,25.11,24.85,25.02,24.93,25.46,24.93,24.93,25.11,24.85,24.93,24.85,24.93,25.02,25.20,25.28,24.93,25.11,25.11,25.20,25.11,25.20,25.46,24.85,25.11,24.85,25.11,25.20,25.20,25.20,25.02,25.11,25.20,25.11,25.02,25.28,24.93,24.85,25.11,25.11,24.85,25.11,24.67,25.02,25.37,25.02,24.85,25.11,24.85,24.39,25.46,25.11,24.57,25.28,24.93,24.85,25.02,25.11,25.20,25.02,25.20,24.93,25.02,24.67,24.85,24.93,25.02,24.67,25.02,25.02,25.11,24.67,24.76,25.02,25.02,24.85,25.11,25.11,24.76,25.02,24.93,24.67,24.57,24.67,24.67,24.67,24.76,24.76,24.39,25.28,24.48,24.48,24.76,24.39,24.67,24.76,25.20,24.85,24.48,24.85,24.76,24.93,24.76,24.85,24.93,24.67,24.76,24.85,24.39,24.93,24.67,24.67,24.76,24.48,24.57,24.85,24.57,25.20,24.39,24.76,24.76,24.39,24.93,24.67,24.85,24.76,24.76,24.93,24.48,24.85,24.57,25.20,25.20,24.93,24.93,24.57,24.85,24.57,24.39,24.76,24.57,25.02,24.85,24.85,24.48,24.11,24.85,25.11,24.85,25.02,24.67,24.57,24.67,24.76,24.48,24.57,24.57,24.76,24.76,25.11,24.67,24.67,24.57,24.57,25.02,24.85,24.67,24.93,24.76,24.48,24.48,24.85,24.76,24.57,24.57,25.11,24.57,24.57,24.85,24.76,24.48,25.20,24.93,24.57,24.67,24.93,24.76,24.76,24.76,24.76,24.48,24.93,24.57,24.67,24.67,24.76,24.67,24.20,24.57,24.67,24.76,25.02,25.02,24.76,24.67,24.48,24.57,24.57,24.67,24.85,24.93,24.93,24.76,24.85,25.11,24.67,24.57,24.93,24.67,24.20,24.20,24.57,24.93
24.29,24.48,24.67,24.76,24.01,24.76,25.02,24.93,24.76,24.20,24.67,24.67,24.76,24.29,24.48,24.76,24.85,25.28,23.92,24.76,24.48,24.48,24.76,24.57,24.76,24.76,24.85,24.76,24.48,24.67,24.39,24.76,24.48,24.85,24.85,24.85,25.02,24.48,24.76,24.57,24.76,24.67,24.67,24.76,24.76,24.85,24.93,24.39,25.02,24.67,25.02,25.02,24.76,24.76,25.11,24.48,24.93,24.85,24.48,25.20,24.93,24.57,24.67,25.02,24.48,24.85,24.85,24.76,24.85,24.48,24.93,25.11,24.57,24.85,24.93,24.67,24.76,24.48,25.02,24.85,24.93,24.85,24.93,24.76,24.57,24.85,24.76,24.76,24.67,24.57,24.67,24.93,24.57,24.57,25.20,24.48,24.76,24.85,24.48,25.11,24.67,24.93,24.93,25.11,24.39,24.48,24.85,25.11,25.02,24.93,24.85,25.02,24.67,25.11,24.76,24.76,24.48,24.57,25.02,25.28,24.76,25.02,25.11,24.57,25.02,24.93,24.93,24.93,25.11,24.67,25.37,24.48,24.76,24.85,25.02,25.02,24.93,25.02,24.67,25.02,25.02,24.93,24.57,25.11,25.28,25.02,24.67,25.02,24.93,25.02,24.85,24.85,25.02,24.48,24.76,24.57,24.93,25.02,24.85,25.02,25.20,24.93,25.11,25.28,24.93,25.02,24.85,25.28,24.76,25.11,25.28,25.20,25.02,25.28,25.46,24.93,24.76,25.28,25.37,24.93,25.11,25.20,25.28,25.20,25.02,24.93,25.11,25.20,24.85,25.37,25.11,24.85,25.37,25.46,25.20,25.20,25.20,25.11,25.28,25.20,25.46,25.46,24.93,25.37,25.02,25.11,24.93,25.02,25.28,25.55,24.93,24.85,24.93,25.11,25.55,24.67,24.85,25.02,24.67,25.11,25.02,24.93,25.02,25.02,25.02,25.02,24.85,25.02,25.11,25.02,24.93,25.20,25.11,24.67,24.93,24.57,25.02,24.85,24.85,24.93,24.85,24.48,24.76,24.93,25.11,24.67,24.67,24.85,24.76,24.48,24.85,24.93,24.57,24.76,25.02,24.67,24.76,24.85,24.85,24.57,24.85,24.85,24.85,24.85,24.76,25.02,24.85,24.67,24.57,24.57,24.67,24.85,24.85,24.67,24.85,24.85,24.93,24.76,24.48,24.85,24.67,25.11,24.57,24.76,24.85,24.48,24.48,24.67,24.76,24.93,24.57,24.85,25.28,25.20,24.76,24.76,25.02,24.48,24.48,24.85,25.02,24.76,24.85,24.67,25.20,24.85,24.93,25.11,24.57,24.76,24.57,24.67,25.02,24.67,24.29,24.48,24.48,24.67,24.48,24.67,24.57,24.29,24.85,24.76,24.93,24.93,24.76,24.85,24.39,24.85,25.20,24.67,24.67,24.76,24.76,24.57,24.67,24.85,24.39,24.85,24.76,24.76,24.48,24.57,24.67,25.11,24.76,24.67,24.85,24.76,24.67,24.85,24.85,24.29,24.76,24.57,24.57,24.67,24.93,24.76,24.85,24.48,24.76,24.76,24.85,24.76,24.93,24.85,24.85,24.57,24.39,24.57,24.48,24.48,24.48,24.57,24.39,24.57,24.39,24.48,24.67,24.48
24.39,24.76,24.48,24.67,24.48,24.67,24.93,24.48,24.39,24.57,24.48,24.85,24.85,24.76,25.02,24.48,24.57,24.93,24.76,24.85,24.57,24.67,24.57,24.29,24.48,25.11,24.57,24.48,24.85,24.85,24.76,24.48,24.48,24.76,24.57,24.93,24.39,24.48,25.02,24.76,24.57,24.76,24.85,24.93,24.67,24.67,24.48,24.57,24.67,25.11,24.76,24.67,24.67,24.67,24.76,24.67,24.67,24.48,24.76,24.29,24.57,24.93,24.85,24.57,24.85,25.11,24.85,24.85,25.11,24.76,24.85,24.93,24.76,24.57,24.85,24.67,24.67,24.57,24.76,24.85,25.37,24.67,24.57,24.85,24.76,24.85,24.57,24.67,24.67,24.57,24.67,24.93,24.85,24.48,24.76,25.02,25.11,24.76,25.20,24.85,25.20,25.11,25.20,25.11,24.48,24.39,24.76,24.76,24.76,25.20,25.11,24.76,24.57,24.93,24.93,25.11,24.85,24.85,24.48,24.67,24.93,25.02,24.93,25.20,25.02,25.37,24.39,24.48,24.76,24.93,24.93,24.93,24.76,24.67,25.02,24.85,24.76,24.93,24.76,24.67,25.11,25.11,25.11,24.93,25.02,24.85,24.85,24.93,24.57,24.57,24.67,25.11,24.93,24.39,24.93,25.20,24.67,24.85,24.57,24.93,25.11,24.93,24.93,24.93,24.93,25.11,25.02,25.02,24.93,24.93,25.20,25.28,24.76,25.20,24.76,24.93,25.02,25.28,25.20,25.20,25.11,25.28,25.02,25.20,25.20,25.20,24.85,25.02,25.11,25.02,25.11,24.93,25.55,25.02,25.20,25.37,25.28,24.93,25.37,25.28,25.11,25.28,24.67,25.02,25.37,24.93,25.28,25.11,25.11,25.20,25.37,25.20,25.02,24.93,25.20,25.20,24.67,25.02,25.02,25.02,25.02,25.28,25.28,24.67,24.76,24.57,24.85,24.85,24.57,25.11,24.76,24.57,25.11,24.85,24.93,24.48,25.11,24.48,24.39,24.76,24.67,24.76,24.67,24.93,24.57,24.57,24.76,24.85,24.76,24.85,24.67,24.57,24.67,24.57,24.93,24.85,24.48,24.76,24.76,24.85,24.67,25.02,24.57,24.85,24.67,24.93,24.93,24.76,24.76,24.67,25.37,24.48,24.85,24.76,25.02,24.67,25.28,24.67,24.29,24.85,24.57,24.85,24.20,24.76,24.76,24.67,24.29,25.02,24.76,24.85,24.67,25.37,24.76,24.85,24.67,24.39,24.48,24.67,24.29,24.85,24.76,24.48,25.02,24.76,24.39,24.67,24.76,24.57,24.85,24.85,24.57,25.02,24.57,24.67,24.85,24.67,25.20,25.02,24.48,24.48,24.48,24.67,24.39,24.57,24.85,24.67,24.57,24.76,24.76,24.11,24.93,24.67,24.85,24.48,24.85,24.85,25.11,25.37,24.67,25.02,24.67,24.57,25.02,24.85,25.02,24.85,24.67,24.39,24.76,24.48,24.57,24.39,24.85,24.85,24.93,25.02,24.76,24.76,24.93,24.85,24.76,24.93,25.02,24.48,24.93,24.29,24.39,24.29,24.85,24.48,24.67,24.93,24.57,24.67,24.29,24.29,24.57,24.48,24.76,24.20,24.93,24.57
24.39,24.39,24.01,24.39,24.20,24.85,24.48,24.39,24.57,24.20,24.48,24.11,24.29,24.48,24.85,24.39,25.02,24.76,24.67,25.11,25.02,24.11,24.85,24.20,24.57,24.76,24.20,25.11,24.48,25.11,25.11,25.11,24.57,24.20,24.48,24.76,24.76,24.29,25.11,25.11,24.85,25.02,24.85,24.57,24.67,24.48,24.76,24.93,24.67,24.76,25.02,24.57,24.20,24.67,24.85,24.57,24.57,24.85,25.20,24.39,24.67,25.11,24.57,25.20,24.67,24.93,24.48,25.11,25.02,24.67,25.11,24.67,24.67,24.85,25.02,24.76,24.93,25.20,24.93,24.48,24.57,24.57,24.93,24.76,24.93,24.67,24.85,24.57,24.76,25.02,24.67,24.85,24.93,24.57,24.85,24.85,24.85,24.76,24.57,24.67,24.76,24.67,24.85,24.76,24.76,25.11,24.76,24.85,24.67,24.57,24.93,24.57,25.11,25.20,24.57,24.67,24.57,24.67,25.28,25.02,24.67,24.76,25.02,24.85,24.29,25.11,25.20,24.67,24.39,24.85,24.85,24.76,24.57,24.85,24.93,24.57,25.02,24.76,24.76,24.85,24.76,24.76,24.85,24.76,24.93,24.57,24.76,25.11,24.76,24.57,25.02,24.67,25.02,24.67,24.85,24.57,24.48,24.76,25.02,24.85,24.39,24.76,24.76,25.02,24.76,24.85,24.93,24.57,25.37,25.11,24.93,25.20,25.20,25.11,25.11,25.11,25.11,25.46,25.28,25.46,24.85,25.28,25.37,25.46,25.11,25.28,25.37,25.55,25.02,25.28,24.76,24.93,25.20,25.11,25.37,25.20,25.02,25.28,25.02,25.28,25.11,24.85,25.11,25.02,25.28,25.11,25.28,25.02,25.02,25.11,25.02,25.11,25.11,25.55,25.37,24.85,25.11,24.85,25.02,24.39,24.85,24.48,24.67,24.76,24.85,24.85,24.48,24.85,24.67,24.93,24.93,25.02,25.02,25.11,25.28,24.76,24.76,24.76,24.85,24.93,24.67,24.85,24.93,24.67,24.67,24.48,25.02,25.02,24.67,24.85,24.57,24.67,24.85,24.85,24.93,24.67,25.02,24.85,24.85,24.93,24.57,24.67,24.93,24.93,24.67,24.85,25.02,24.93,24.93,24.85,24.85,24.57,24.85,24.93,24.57,24.76,24.85,25.02,24.39,24.85,24.67,24.93,24.67,24.76,24.29,24.76,24.85,24.76,24.76,24.57,25.28,24.39,25.02,24.20,24.48,24.67,24.57,24.76,24.67,24.67,24.76,24.48,24.76,24.57,24.39,24.57,24.76,24.48,24.48,23.92,24.57,24.85,24.20,24.67,24.39,24.11,24.29,24.57,24.67,24.76,24.48,24.29,24.48,24.57,24.85,24.85,24.85,24.85,24.67,24.57,24.85,24.67,24.57,24.57,24.29,24.48,24.48,24.57,24.57,25.20,24.93,24.67,24.85,24.76,24.67,24.76,24.85,24.39,24.85,24.57,24.93,24.39,24.85,24.67,24.85,24.57,24.57,25.11,24.93,25.02,25.02,24.85,24.39,24.67,24.85,24.85,24.57,24.57,24.67,24.48,24.48,24.57,24.39,24.48,24.57,24.39,24.39,24.01,24.48,24.20,24.48,24.76
24.67,24.93,24.39,24.39,24.57,24.48,24.76,24.39,25.02,24.67,24.76,24.11,24.39,24.29,24.67,24.85,24.57,24.48,24.29,24.48,24.76,24.85,24.39,24.48,24.48,24.57,24.93,24.29,24.85,24.57,24.76,24.39,24.67,24.48,24.93,24.76,24.48,24.76,24.57,24.57,24.85,25.20,24.39,24.85,24.67,24.57,24.67,24.76,24.93,24.67,24.48,25.02,24.85,24.76,24.57,24.57,24.67,24.85,24.39,24.67,24.67,24.48,24.39,24.67,24.57,24.67,24.93,24.76,25.11,24.57,24.48,25.20,24.48,24.85,24.76,25.02,24.93,25.02,24.76,24.85,24.67,24.76,24.93,24.93,24.93,24.67,24.85,24.57,24.76,25.02,24.76,24.67,24.57,24.67,24.48,24.57,24.76,24.76,24.76,24.48,24.85,24.67,24.76,24.57,24.85,24.48,24.93,24.85,24.85,25.02,24.85,24.67,24.76,25.02,24.67,24.29,24.48,24.76,24.85,24.67,24.93,24.93,24.85,24.85,25.02,24.48,24.93,24.39,24.93,24.76,24.76,24.76,25.02,24.57,24.76,24.93,24.57,24.76,24.39,24.39,24.67,24.67,24.57,24.48,24.85,24.57,24.85,24.76,24.67,25.11,24.67,25.20,24.93,24.76,24.76,24.48,24.11,24.93,25.02,25.20,24.67,24.85,24.57,24.85,24.76,24.57,24.76,24.39,24.67,25.28,25.11,24.76,25.11,25.37,24.67,25.46,25.02,24.85,25.20,25.46,25.02,25.20,25.11,24.93,24.93,25.28,25.20,25.28,25.02,25.02,25.11,24.93,24.85,25.02,25.11,25.02,24.85,24.57,25.37,24.93,25.11,25.20,25.20,24.93,25.11,25.11,25.11,24.85,24.67,24.85,24.76,24.67,24.85,25.20,24.93,24.93,24.76,24.67,24.93,24.93,24.76,24.48,24.67,25.11,24.76,24.93,24.39,24.57,24.67,24.76,24.76,24.85,24.85,24.93,24.85,24.93,24.76,24.85,25.28,24.67,25.02,24.85,24.29,24.76,25.02,24.76,24.67,24.67,25.11,24.76,24.67,25.11,24.39,25.11,25.02,24.76,24.93,25.20,24.85,24.76,24.93,24.93,24.76,24.48,24.93,24.93,24.57,24.57,24.57,24.85,24.48,24.67,24.39,24.67,24.57,24.48,24.29,24.85,24.85,24.29,24.76,24.57,24.93,24.57,24.48,24.85,24.48,24.48,24.76,24.48,24.57,24.85,24.76,24.57,24.57,24.48,24.85,24.85,23.92,24.57,24.48,24.67,24.57,24.67,24.57,24.67,24.67,24.93,24.48,24.39,24.85,24.39,24.76,24.57,24.85,24.29,24.57,24.11,24.48,24.67,24.29,24.76,24.20,24.57,24.29,24.76,24.93,24.76,24.29,24.76,24.67,24.20,24.57,24.85,24.76,24.76,24.85,24.85,24.93,24.76,24.93,24.93,24.93,24.85,24.39,24.48,24.76,24.57,25.11,24.67,25.28,25.11,24.57,25.02,24.57,24.93,24.48,24.85,24.48,24.67,24.57,24.67,24.57,24.67,24.39,24.76,25.20,24.76,24.48,24.93,24.93,24.57,24.85,25.20,24.85,24.57,24.20,24.48,24.48,24.85,24.48,24.76
24.29,24.93,24.20,24.76,24.29,24.76,24.39,24.67,24.76,24.57,24.29,24.01,24.85,24.67,25.02,24.76,24.39,24.67,24.93,24.76,24.57,24.57,24.93,24.93,24.85,24.20,24.85,24.76,24.57,25.11,24.11,25.02,24.39,24.85,24.57,24.48,24.57,24.67,24.76,25.02,24.93,24.85,25.11,24.57,24.48,24.48,24.76,24.11,25.02,24.93,25.02,24.67,24.48,24.29,24.48,25.02,24.67,24.76,24.93,24.93,24.93,24.67,25.02,24.93,24.67,24.76,24.85,25.11,24.67,24.39,24.39,24.76,25.11,24.67,24.67,24.93,24.67,24.67,24.67,24.85,24.76,24.67,24.57,24.85,24.57,24.67,24.57,24.48,24.85,25.11,24.85,24.93,25.11,25.20,24.85,24.11,24.67,24.76,25.02,25.11,25.02,24.85,24.57,24.85,24.67,24.76,24.67,24.57,24.85,24.57,24.48,24.57,24.39,24.67,24.85,25.11,24.76,24.93,24.67,24.57,24.67,24.85,24.93,24.76,24.39,24.48,25.11,24.76,24.48,24.76,24.76,24.85,25.02,24.67,24.57,24.57,24.57,24.85,24.76,24.67,24.57,24.76,24.93,24.93,24.39,24.76,25.20,24.29,24.67,24.76,24.76,24.85,24.48,24.93,24.93,24.93,24.57,24.76,25.11,24.57,24.57,24.85,24.67,24.57,24.76,24.67,24.85,24.76,25.28,24.93,24.93,25.20,25.02,24.85,25.28,25.46,24.76,24.76,25.20,25.37,25.37,24.93,24.76,25.20,25.46,25.28,25.02,25.02,25.02,24.85,24.93,24.67,24.85,25.20,25.02,25.28,24.76,24.76,24.76,25.02,25.28,25.28,25.55,24.93,25.37,24.85,25.11,24.67,25.02,24.93,24.85,25.37,24.67,25.11,24.93,24.57,24.48,24.93,24.76,24.85,24.39,24.76,24.39,25.28,24.76,25.11,25.02,24.67,24.67,24.39,24.67,24.67,24.29,24.57,24.93,24.76,25.02,24.76,25.02,24.93,24.85,24.48,24.57,25.02,25.02,25.20,24.93,24.57,25.02,24.85,24.93,24.67,24.76,24.67,24.85,24.67,24.48,24.57,25.20,24.57,24.93,24.76,24.76,24.76,24.67,24.76,25.11,24.67,24.67,24.67,24.67,24.85,24.76,24.57,24.76,25.02,24.67,24.67,25.02,24.57,24.48,24.85,24.48,24.67,24.48,24.67,24.57,24.48,24.93,24.67,24.39,24.67,24.93,24.93,24.76,24.67,24.85,24.76,24.93,24.48,24.85,24.67,24.48,24.67,24.57,24.39,24.57,24.48,24.76,24.93,24.93,24.76,24.76,25.20,24.57,24.85,24.67,24.93,24.67,24.93,24.39,24.39,25.02,24.48,24.48,24.48,24.67,24.85,24.76,24.85,25.02,24.76,24.85,24.93,24.29,24.48,24.76,25.02,24.76,24.93,24.76,24.67,24.85,24.93,24.76,25.20,24.39,24.29,24.76,24.48,24.85,24.85,24.76,25.02,24.93,24.85,24.48,24.48,25.02,24.39,25.02,24.76,24.48,24.39,24.39,24.57,24.76,24.76,24.39,24.76,24.76,24.57,24.57,24.67,24.85,24.76,24.29,24.76,24.67,24.85,24.85,24.29
24.20,24.39,24.39,24.39,24.57,24.48,24.20,24.57,24.76,24.48,24.29,24.85,24.76,24.11,24.48,24.76,24.76,24.48,24.76,24.39,24.76,24.48,24.39,24.57,24.39,24.48,24.85,24.57,24.48,24.29,24.76,24.85,24.76,24.93,25.20,24.11,24.67,24.57,24.57,24.48,24.76,24.85,24.93,24.39,24.57,24.57,24.93,24.76,24.29,24.57,24.48,25.02,24.93,24.85,25.20,24.76,24.57,24.67,24.85,24.76,24.93,24.76,24.67,24.85,24.85,24.76,24.76,24.85,24.93,24.93,25.28,24.85,24.93,24.67,24.57,24.67,24.76,24.76,25.20,24.39,24.76,24.85,24.76,24.67,24.67,24.48,24.76,24.67,24.67,24.67,24.48,24.67,24.93,24.57,24.85,24.93,24.67,24.93,25.02,24.93,24.85,24.76,24.67,24.93,24.85,24.85,24.20,24.93,25.11,24.48,24.93,24.85,24.76,24.48,25.02,24.48,24.85,24.76,24.93,24.67,24.85,24.93,24.93,24.85,25.02,24.85,24.76,24.57,24.67,24.85,24.48,24.67,24.93,25.02,24.76,24.85,24.76,24.85,25.02,24.57,24.67,24.67,24.76,24.76,24.57,25.02,24.93,24.57,24.39,24.85,24.85,24.85,24.93,24.76,24.57,24.67,25.02,25.11,24.85,25.02,24.57,24.93,24.76,24.93,24.93,24.93,24.93,24.76,25.02,24.48,24.76,24.93,25.63,25.20,25.28,25.11,24.67,24.93,25.28,24.67,25.20,25.46,25.02,24.93,25.20,25.11,25.02,25.11,24.93,24.85,24.93,24.85,24.93,25.28,25.20,25.20,24.93,25.02,24.76,25.02,24.76,25.37,24.76,24.93,25.20,24.76,24.85,25.02,25.11,25.02,24.76,25.11,24.85,25.11,24.93,24.67,24.93,25.02,24.93,25.28,24.93,24.76,24.93,24.76,24.57,24.67,24.85,24.93,24.93,24.85,24.67,24.67,24.67,25.20,25.11,24.57,24.57,24.85,24.48,24.93,25.02,24.76,24.57,24.76,24.57,24.67,24.67,25.02,25.28,24.85,24.67,24.48,25.28,24.39,24.76,24.48,24.39,24.76,24.48,24.48,24.39,24.67,24.57,24.67,24.57,24.67,24.57,24.57,24.57,24.85,24.39,24.57,24.76,24.67,24.85,24.57,24.85,24.57,24.57,25.20,24.67,24.67,24.57,24.57,24.85,24.48,24.85,24.76,24.67,24.48,24.67,24.76,24.85,24.48,24.93,25.02,24.67,24.85,24.76,24.93,24.57,25.37,24.48,24.48,24.76,24.57,24.48,24.67,24.93,24.39,24.48,24.67,24.48,24.29,24.29,24.48,24.67,24.57,24.39,24.57,24.48,24.57,24.85,24.48,25.02,24.39,24.57,24.48,24.48,24.57,24.39,24.93,24.48,24.67,24.29,24.39,24.76,24.85,24.93,24.57,25.02,24.76,24.93,24.48,24.67,24.93,25.02,25.02,24.57,25.11,24.67,24.76,24.48,24.48,24.76,24.48,24.29,24.48,24.39,24.48,24.39,25.11,24.29,24.67,24.67,24.85,25.02,24.39,24.11,24.39,24.67,24.48,24.85,25.20,24.85,24.76,24.76,24.57,24.39,24.48,24.76,24.57
24.67,24.48,24.67,24.20,24.39,24.93,24.67,24.93,24.85,24.48,24.29,24.48,24.57,24.39,24.48,24.85,24.29,24.76,24.76,24.57,24.20,24.93,24.48,24.48,24.20,24.29,24.39,24.57,25.02,24.29,24.57,24.48,24.93,24.48,24.39,24.67,24.76,24.67,24.67,24.48,24.57,24.76,24.57,24.29,24.67,24.48,24.57,24.76,24.85,24.85,25.20,24.57,24.85,24.93,24.93,24.93,24.67,25.02,25.02,24.76,24.29,24.39,24.67,24.93,24.57,24.93,24.57,24.57,24.57,24.57,24.93,24.76,24.20,24.67,24.76,24.48,24.85,24.76,24.93,24.67,24.67,24.76,24.67,24.67,24.57,24.57,24.67,24.85,24.76,24.57,24.48,24.48,24.76,24.76,25.20,24.48,24.85,25.11,24.57,24.85,24.85,25.02,24.76,25.02,25.02,24.67,24.67,25.02,24.67,24.48,24.93,24.48,24.39,24.93,24.76,24.57,24.48,24.76,24.67,24.93,24.93,24.57,24.57,24.93,24.39,25.02,24.29,24.76,24.76,25.02,24.67,24.39,24.93,24.85,24.76,24.39,24.85,25.11,24.93,24.67,24.48,24.57,24.57,24.57,25.02,24.76,24.67,25.02,25.11,24.67,24.85,24.93,24.85,24.93,24.93,24.39,24.57,25.11,24.85,24.85,24.57,24.85,24.85,24.85,24.67,24.93,24.67,24.85,24.57,24.85,25.02,24.93,24.93,24.76,25.20,25.02,25.28,25.02,25.11,25.37,25.20,25.20,24.76,25.11,24.93,25.28,24.93,25.20,25.02,24.85,25.02,24.93,24.93,24.85,24.93,25.02,25.11,25.20,25.20,24.93,24.85,24.93,24.48,24.67,25.11,24.93,24.76,25.02,24.67,24.76,24.67,25.02,24.93,24.76,24.93,25.02,24.76,24.93,24.20,24.39,24.67,24.67,24.39,24.48,24.57,25.02,24.93,24.48,24.57,24.39,24.85,24.39,24.48,24.57,24.85,24.39,24.48,24.57,24.48,24.29,24.67,24.48,24.57,24.57,24.85,25.28,24.67,24.76,24.67,24.93,24.67,24.57,25.11,24.48,24.85,24.39,24.93,24.76,24.67,24.39,24.11,24.76,25.28,24.76,24.67,24.48,24.57,24.57,25.02,24.85,24.48,24.76,24.85,24.67,24.67,24.20,24.39,24.76,24.67,24.93,24.76,24.76,24.48,24.85,24.20,24.57,24.85,25.02,24.57,24.93,24.93,24.85,24.39,24.57,24.39,24.67,24.67,24.39,24.57,24.57,24.48,24.57,24.48,24.48,24.76,24.48,24.39,24.29,24.57,24.48,24.93,23.92,24.67,24.48,24.39,23.92,24.85,24.48,24.39,24.85,24.67,24.29,24.93,24.67,24.76,24.29,24.93,24.67,24.76,24.48,24.93,24.48,24.48,24.57,24.57,24.57,24.20,24.76,24.76,24.67,24.11,24.67,24.85,24.57,24.93,24.76,24.57,25.11,24.67,24.67,24.67,24.48,24.57,24.67,24.39,24.39,24.48,24.20,24.57,24.39,25.20,24.76,24.76,24.11,24.76,25.37,24.76,24.29,24.67,24.67,24.67,24.85,24.48,24.85,24.57,24.76,24.11,24.67,24.57,24.57,24.67,24.76
24.39,24.57,24.29,24.85,24.48,24.57,24.39,24.85,24.29,24.67,24.57,24.76,24.39,24.48,24.76,24.29,25.11,24.57,24.57,24.29,24.76,25.02,24.29,24.93,24.57,24.67,24.76,24.76,24.93,24.76,24.48,24.57,24.67,24.67,24.93,24.67,24.48,24.57,24.39,24.48,24.93,24.76,24.29,24.57,24.76,24.93,24.76,24.57,24.76,24.29,24.85,25.20,24.67,24.93,24.48,24.67,24.85,24.11,24.29,24.67,24.20,24.67,25.02,24.67,24.76,24.93,24.85,24.57,24.93,24.76,24.48,24.29,24.93,24.85,24.93,25.46,24.85,24.85,25.20,24.48,24.76,24.48,24.48,25.11,24.57,24.67,24.76,24.48,24.76,25.02,24.85,24.67,24.57,25.02,24.76,24.93,24.11,24.76,24.85,24.85,24.57,24.48,25.20,24.48,24.67,24.20,24.67,24.48,24.76,24.39,24.85,24.57,24.57,24.48,24.67,24.76,24.85,24.48,24.57,25.02,24.57,24.57,24.76,24.67,25.02,24.93,24.67,24.57,24.93,24.39,24.39,25.02,24.93,24.67,24.48,24.85,24.93,24.85,24.57,24.85,25.02,24.76,24.76,24.76,24.85,24.93,24.57,24.48,24.11,24.57,25.02,24.39,24.57,24.93,24.67,24.67,25.02,24.67,24.48,24.85,24.48,24.85,24.76,25.02,24.67,24.39,24.93,24.93,24.57,25.02,25.02,24.93,24.93,25.28,25.11,25.02,24.93,24.93,25.20,25.02,25.11,24.76,25.20,25.02,25.02,25.20,24.85,25.46,24.93,25.02,24.85,25.02,25.20,24.93,25.02,25.02,24.85,24.85,24.76,24.76,25.11,24.57,24.48,24.48,24.76,25.02,25.11,24.93,25.02,24.76,25.20,24.39,25.02,24.57,25.20,25.02,24.67,24.93,24.67,24.76,24.67,24.85,25.02,25.02,24.48,24.57,24.76,24.57,25.11,24.93,24.85,24.39,24.57,24.48,24.76,24.67,24.57,25.02,24.76,24.57,24.39,24.48,24.67,24.67,24.57,24.48,24.76,24.85,24.39,24.67,24.48,24.57,24.48,24.93,24.39,24.57,24.57,24.76,24.76,24.67,24.85,24.93,24.76,24.76,24.67,24.57,25.02,24.67,24.85,25.02,24.76,24.93,24.76,24.67,24.57,24.57,24.85,25.02,24.76,25.02,24.93,24.85,24.11,24.85,24.76,24.39,24.85,24.67,24.76,24.85,24.85,24.57,24.48,24.39,24.67,24.67,24.48,24.93,24.48,24.67,24.39,24.48,24.57,24.67,24.48,24.67,24.93,24.67,24.57,24.57,24.39,24.57,24.76,24.39,24.39,24.57,24.57,24.67,24.57,24.57,24.39,24.57,24.76,24.67,24.57,24.57,24.67,24.67,24.39,24.48,24.57,24.48,24.76,25.11,24.57,24.39,24.57,24.67,24.57,25.20,24.20,24.67,24.93,24.76,24.57,24.48,24.57,24.85,24.76,24.57,24.67,24.48,24.48,24.67,24.57,24.76,24.11,24.93,24.67,24.67,24.57,24.67,25.37,24.57,24.93,24.85,24.48,24.85,24.93,24.39,24.76,24.57,24.48,24.57,24.67,24.93,24.57,24.76,24.48,24.39,24.48,24.57
24.01,24.48,24.57,24.57,24.11,24.20,24.76,23.83,24.48,24.20,24.20,24.48,24.48,24.11,24.01,24.67,24.67,24.57,24.48,24.48,24.39,24.85,24.29,24.67,24.85,24.85,24.57,24.85,24.85,24.39,24.57,24.67,24.67,24.93,24.01,24.57,24.29,24.76,24.29,24.20,24.20,24.67,24.57,24.57,24.39,24.76,24.76,24.29,24.48,24.48,24.67,24.67,24.85,24.48,24.48,24.85,24.67,24.85,24.57,24.67,24.67,24.67,24.39,24.93,24.57,25.02,24.67,24.76,24.76,24.76,24.67,24.85,24.29,24.85,24.67,24.67,24.57,24.11,24.67,24.57,24.39,24.57,24.57,24.57,24.48,24.85,24.67,24.29,24.76,24.57,24.57,24.67,24.76,25.11,24.76,24.67,24.57,24.85,24.67,24.39,24.48,24.76,24.76,24.67,24.57,24.85,24.67,25.02,24.11,24.76,24.57,24.85,24.76,25.02,24.85,24.39,24.67,24.48,24.67,25.02,25.20,24.67,24.76,25.02,25.02,24.67,24.48,24.57,24.85,24.39,24.76,24.76,24.57,25.02,25.11,25.02,24.76,24.57,24.93,24.76,24.93,24.48,24.48,24.29,24.57,24.67,24.93,24.85,24.57,24.39,25.11,24.57,25.20,24.57,24.67,24.67,24.48,24.76,24.76,24.67,24.76,24.76,24.85,24.85,24.93,24.57,25.02,24.67,24.76,24.76,24.76,25.11,25.28,24.93,25.20,24.85,24.85,24.85,25.11,25.20,25.28,24.93,24.67,25.20,25.20,24.67,25.11,24.93,25.37,24.67,25.20,24.93,24.85,24.76,24.85,25.02,25.02,24.67,25.11,25.02,24.93,24.57,25.02,25.02,24.76,24.93,24.76,25.11,25.02,24.67,25.11,24.76,24.85,25.20,24.93,25.11,25.37,24.67,24.67,24.29,24.76,24.01,25.20,24.57,24.76,25.11,24.57,25.28,24.67,24.67,24.48,24.76,24.85,24.57,24.93,24.67,24.93,24.85,24.57,24.29,24.76,24.67,24.67,24.85,24.85,24.57,25.20,24.48,24.76,24.93,24.76,24.48,24.39,24.67,24.85,24.93,24.67,24.29,24.93,24.85,24.93,24.85,24.93,24.76,24.39,24.29,24.93,24.48,24.20,24.85,24.76,24.57,24.39,24.57,24.39,24.20,24.57,24.48,24.57,24.93,25.02,25.20,24.29,24.67,24.20,24.85,24.76,24.48,24.20,24.48,24.57,24.57,24.76,24.48,24.76,24.85,24.39,24.67,24.29,24.85,24.39,24.48,24.39,24.39,24.67,24.48,24.39,24.57,24.76,24.57,24.67,24.39,24.48,24.67,24.48,24.29,24.57,24.67,24.11,24.76,24.48,24.67,24.67,24.39,24.76,24.20,24.76,24.39,24.76,24.20,24.57,24.39,24.67,24.39,24.76,24.76,24.93,24.48,24.76,24.39,24.39,24.29,24.93,24.57,24.57,24.85,24.57,24.67,24.48,24.57,24.11,24.76,25.02,24.39,24.76,24.76,24.48,24.29,24.29,24.39,24.67,24.57,24.67,24.67,24.76,24.76,24.67,25.02,24.57,24.76,25.02,25.02,24.67,24.39,24.67,24.57,24.29,24.57,24.11,23.83,24.67,24.57
24.20,24.57,24.29,24.39,24.48,24.57,24.20,24.29,24.57,24.67,24.67,24.29,24.57,24.29,24.67,24.48,24.76,24.11,24.67,24.29,24.67,24.57,24.20,24.39,24.76,24.93,24.48,24.48,24.20,24.29,24.11,24.29,24.93,24.85,24.48,24.76,24.29,24.76,24.67,24.57,24.57,24.57,24.01,24.67,24.57,24.39,24.67,24.01,24.76,24.48,24.67,24.67,24.39,24.48,24.48,24.67,24.67,23.92,24.67,24.20,24.85,24.57,24.11,24.85,24.85,24.01,24.57,24.67,25.02,24.57,24.85,24.48,24.29,24.76,24.39,24.57,24.20,24.29,24.85,24.57,25.11,24.85,24.39,24.85,24.67,24.57,25.02,24.39,24.48,24.57,24.48,24.67,24.85,24.76,24.93,24.57,24.29,24.76,24.48,24.39,24.76,24.39,24.57,24.67,24.85,24.85,24.67,24.76,24.39,24.39,24.76,24.20,24.57,24.76,24.67,24.11,24.76,24.39,24.85,24.20,24.29,25.28,24.01,24.76,24.85,24.57,25.02,24.85,24.67,24.57,24.67,24.76,24.67,24.85,25.20,24.57,24.29,24.57,24.57,24.76,24.76,24.85,24.57,24.48,24.67,24.67,24.29,24.85,24.76,24.39,24.76,24.93,24.48,24.57,24.67,24.57,24.85,24.48,24.67,24.76,24.85,24.20,24.93,24.57,25.02,24.76,24.93,24.39,24.85,24.67,24.85,24.76,24.57,24.85,24.11,24.67,24.39,24.93,25.11,24.85,24.93,25.02,25.02,25.02,24.76,24.93,24.76,25.20,25.11,25.20,25.02,24.76,24.57,25.28,24.76,24.67,25.11,24.93,24.85,24.57,24.93,25.37,24.67,24.76,24.93,25.20,25.02,24.57,25.20,25.11,24.93,25.28,24.57,24.39,24.93,24.85,24.76,24.85,24.85,24.67,25.28,24.57,24.67,25.02,25.20,24.76,24.93,25.02,24.67,24.76,25.02,24.67,24.85,24.85,24.57,24.39,24.67,24.67,25.11,24.76,24.76,25.02,25.02,24.76,24.67,24.67,24.67,24.20,24.85,24.93,24.48,24.93,24.76,24.67,24.85,24.48,24.67,24.29,24.29,25.02,24.57,24.29,24.93,24.93,24.57,24.48,25.02,24.85,24.76,25.02,24.57,24.67,24.29,24.57,24.76,24.67,24.57,24.85,24.57,24.39,24.39,24.85,24.67,24.85,24.85,24.67,24.20,24.39,24.57,24.20,24.76,24.76,24.57,24.67,25.11,24.67,24.85,24.48,24.48,24.93,24.85,24.76,24.67,24.29,24.93,24.93,24.20,24.67,24.93,24.67,24.67,24.29,24.67,24.39,24.29,24.76,24.57,24.67,24.57,24.76,24.76,23.92,24.48,24.11,24.29,24.57,24.29,24.20,24.67,24.39,24.76,24.29,24.39,24.85,24.57,24.39,24.48,24.85,24.67,24.85,24.57,24.76,24.57,24.39,24.48,24.29,24.29,24.67,24.39,24.85,24.85,24.67,24.29,24.93,24.48,24.39,24.48,24.48,24.57,24.39,24.67,24.39,24.29,24.48,24.48,24.20,24.29,24.57,24.48,24.48,24.29,24.29,24.67,24.76,24.57,24.67,23.92,24.67,24.11,24.29,24.29,24.48
24.20,24.76,24.93,24.11,24.39,24.48,24.93,24.29,24.48,24.20,24.48,24.39,24.20,24.57,24.39,24.39,24.39,24.67,24.20,24.76,24.29,24.57,24.01,24.67,24.48,24.48,24.57,24.29,24.39,24.48,24.48,24.39,24.48,24.20,24.67,24.57,24.93,24.29,25.02,24.85,24.29,24.48,24.29,24.29,24.57,24.20,24.57,24.67,24.39,24.67,24.93,24.67,25.11,25.11,24.48,24.76,24.57,24.39,24.29,24.39,24.57,24.76,24.39,24.76,24.85,24.85,24.29,24.76,24.39,24.29,24.67,24.57,24.39,24.48,24.85,24.85,25.02,24.39,24.48,24.48,24.93,24.67,24.85,25.11,24.29,24.57,24.48,24.57,24.48,24.48,24.57,24.76,24.57,24.67,24.85,24.39,24.57,24.85,24.57,24.67,24.39,24.76,24.93,24.57,24.85,25.20,24.85,24.48,24.85,25.11,24.29,24.85,24.76,24.39,24.76,24.76,24.48,24.76,24.85,24.85,25.02,24.57,24.48,25.02,24.76,24.39,24.67,25.02,24.85,24.85,24.85,24.76,24.93,24.57,24.20,24.39,24.67,24.76,24.93,24.67,24.76,24.85,24.29,24.85,24.76,24.93,24.85,24.85,24.39,24.76,24.85,24.85,24.93,24.85,24.57,24.76,24.57,24.67,24.76,24.57,24.76,24.57,24.76,24.57,24.48,24.39,24.67,24.57,24.67,24.57,24.85,24.76,24.85,25.02,24.85,24.85,24.85,24.85,25.20,24.93,24.85,24.76,24.29,24.93,24.93,25.20,25.37,24.76,24.93,24.93,24.20,24.48,25.20,24.85,24.67,24.93,25.02,24.76,24.93,24.67,25.11,24.93,25.20,25.02,24.93,24.76,24.48,24.93,24.85,24.76,24.67,24.67,24.76,25.02,24.93,24.67,24.93,24.85,25.02,24.39,24.76,24.76,24.57,24.85,25.20,24.76,24.76,24.85,24.67,24.29,24.76,24.93,24.85,24.57,24.39,24.57,24.48,24.85,24.76,24.93,24.76,24.57,24.57,24.57,23.92,24.67,24.57,24.57,24.76,24.67,24.67,24.57,24.57,24.57,24.39,24.57,24.57,24.67,24.57,24.85,24.39,24.48,25.02,24.29,24.57,24.48,24.67,25.02,24.57,24.57,24.11,24.67,24.85,24.57,24.67,24.57,24.11,24.57,24.57,24.67,24.67,24.67,24.48,24.29,24.39,24.48,24.67,24.67,24.85,24.57,24.29,24.76,24.76,24.48,24.29,24.57,24.57,24.20,24.57,24.57,24.20,24.20,24.67,24.20,24.20,24.67,24.48,24.57,24.39,24.57,24.85,24.67,24.93,24.67,24.48,24.93,24.29,24.29,24.29,24.48,24.48,24.57,25.02,24.57,24.39,24.39,24.85,24.39,24.67,24.48,24.85,24.57,24.76,24.48,24.67,24.76,25.02,24.85,24.48,24.57,24.76,24.93,24.67,24.39,24.29,24.67,24.29,24.93,24.39,24.76,24.39,24.67,24.57,25.02,24.48,24.48,24.67,24.85,24.48,24.57,24.57,24.57,24.20,24.48,24.67,24.48,24.11,24.57,24.57,24.67,24.29,24.20,24.57,24.67,24.85,23.92,24.85,24.85,23.92,24.67,25.02,24.57
24.67,24.48,24.11,24.48,24.01,24.39,24.29,24.20,24.67,24.48,24.48,24.39,24.39,24.11,24.57,24.48,24.48,24.48,24.11,24.76,24.29,24.39,24.11,24.57,24.29,24.20,24.39,24.67,24.57,24.48,24.29,24.39,24.67,24.67,24.85,24.48,24.57,24.39,24.39,24.39,24.76,24.67,24.85,24.57,24.76,24.67,24.85,24.85,24.48,24.29,24.85,24.48,24.76,24.57,24.93,24.67,24.39,24.20,24.67,24.48,25.02,24.67,24.48,24.48,24.57,24.20,24.67,24.11,25.11,24.93,24.48,24.93,24.67,25.02,24.39,24.20,24.48,24.29,24.11,24.39,24.48,24.67,24.57,25.11,24.57,24.85,24.57,24.76,24.48,24.67,24.20,24.93,24.85,24.39,24.29,24.57,24.85,24.85,24.85,24.01,24.67,24.76,24.67,24.67,24.67,24.67,24.48,24.39,24.76,24.76,24.85,24.93,24.20,24.57,24.48,24.57,24.29,24.67,24.20,24.48,24.76,24.48,24.57,24.93,24.39,24.57,24.39,24.57,24.76,24.57,24.67,24.48,24.85,24.57,24.67,24.57,24.57,25.02,24.57,24.85,24.67,25.11,24.48,24.48,24.48,25.02,24.57,24.85,24.39,24.67,24.93,24.85,24.57,24.48,24.48,25.02,24.85,24.67,24.39,24.85,24.67,24.93,24.76,24.93,24.57,24.57,24.85,25.11,24.67,24.67,24.93,25.11,24.85,24.39,24.85,25.02,24.76,24.29,24.93,24.76,24.85,24.57,24.76,24.85,25.11,25.02,24.57,24.57,25.02,24.76,25.02,24.67,25.02,24.67,24.93,24.93,24.57,24.85,24.93,24.85,24.76,24.93,24.67,25.02,25.11,24.57,24.93,24.93,24.93,24.85,24.57,25.02,25.02,24.57,25.20,24.85,24.67,24.76,24.57,24.67,24.93,24.57,24.48,24.76,24.57,24.93,25.02,24.39,24.39,24.67,24.76,24.57,24.76,24.76,24.76,24.57,24.76,24.76,24.76,24.93,24.11,24.76,24.67,24.67,24.67,24.85,24.76,24.48,24.20,24.48,24.93,24.76,24.76,24.48,24.48,24.67,24.93,24.20,24.85,24.11,24.67,24.57,24.29,24.48,24.67,24.48,24.67,24.67,24.39,24.29,24.93,24.57,24.67,24.48,24.39,24.76,24.48,24.76,25.20,24.85,24.48,24.48,24.48,24.57,24.85,24.57,24.57,24.76,24.57,24.85,24.85,24.29,24.85,24.48,24.39,24.93,24.48,24.39,24.29,24.48,24.29,24.48,24.01,25.02,24.57,24.93,25.02,24.67,24.67,24.29,24.76,24.67,24.76,24.67,25.02,24.93,24.29,24.48,24.57,24.48,24.48,24.39,24.48,24.67,24.76,24.67,24.29,24.48,24.29,24.93,24.57,24.48,24.48,24.76,24.48,24.39,24.48,24.39,24.57,24.57,24.39,24.29,24.20,24.39,24.11,24.57,24.67,24.76,24.85,24.85,24.76,24.67,24.48,24.48,24.85,24.48,24.11,24.29,24.57,24.39,24.11,24.67,24.57,24.48,24.11,24.85,24.11,24.67,24.57,25.11,24.39,24.48,24.29,24.57,24.67,24.39,23.92,24.39,24.85,24.48,24.01,24.39
24.11,24.20,24.67,24.39,24.85,23.64,24.29,24.11,24.29,24.57,24.20,24.57,24.11,24.39,24.11,24.20,24.11,24.20,24.48,24.01,24.01,24.39,24.48,24.48,24.93,24.39,23.73,24.57,24.57,24.39,25.02,24.57,24.48,24.39,24.11,24.39,24.39,24.48,24.67,24.01,24.93,24.39,24.01,24.48,24.48,24.57,24.85,24.67,24.11,25.02,24.48,24.67,24.39,24.48,24.85,24.48,24.67,24.57,24.48,24.57,24.57,24.67,24.48,24.39,24.48,24.76,24.48,25.11,24.39,24.39,24.57,24.39,24.29,24.48,24.20,24.48,24.20,24.57,24.85,24.57,24.48,24.57,24.76,24.57,24.67,24.57,24.29,24.57,24.29,24.67,24.20,24.48,24.48,24.85,24.48,24.76,24.29,24.67,24.29,24.93,24.48,24.67,24.93,24.85,24.85,24.67,24.76,24.85,24.29,24.39,24.57,24.20,24.39,24.76,24.85,24.48,24.48,24.76,24.48,24.76,24.39,24.67,24.20,24.76,24.39,24.67,24.39,24.57,24.57,24.39,24.93,24.48,24.67,24.48,24.29,24.93,24.67,24.67,24.39,24.29,24.57,24.57,25.11,25.11,24.67,24.57,24.57,24.67,24.20,24.76,24.85,24.48,24.48,24.93,24.57,24.20,24.76,24.48,24.39,24.85,24.57,24.67,24.67,24.67,24.85,24.76,24.29,24.48,24.93,24.76,24.85,24.67,24.57,24.85,24.57,24.85,24.48,24.85,25.20,24.67,24.67,24.76,24.76,24.85,24.48,24.76,25.11,25.02,25.02,24.76,25.02,24.93,24.57,24.57,24.93,24.48,24.76,24.67,25.02,24.39,24.67,24.67,24.85,24.57,24.48,24.67,25.11,24.76,25.02,24.48,24.48,25.11,24.85,24.29,24.67,24.76,24.67,24.57,25.11,25.11,24.39,24.57,24.76,24.67,24.20,24.39,24.76,24.48,24.48,24.57,24.57,24.48,24.57,24.48,24.93,24.48,24.48,24.76,24.67,24.57,24.29,24.67,24.67,24.57,24.85,23.92,24.93,24.29,24.76,24.57,24.29,24.39,24.39,24.67,24.57,24.85,24.57,24.39,24.93,24.57,24.39,24.57,24.29,24.85,24.57,24.48,24.85,24.85,24.57,24.57,24.39,24.39,24.39,24.39,24.67,24.48,24.76,24.20,24.39,24.48,24.57,24.57,25.02,24.48,24.20,24.29,24.57,24.20,23.92,24.93,24.85,24.67,24.48,24.39,24.57,24.39,24.57,24.48,23.92,24.57,24.39,24.39,24.48,24.48,24.57,24.76,24.11,24.39,24.20,24.20,24.11,24.48,24.67,24.11,24.67,24.20,24.57,24.57,24.39,24.57,24.67,24.11,24.48,24.48,24.85,24.76,24.39,24.29,24.57,24.67,24.85,24.93,24.39,24.29,24.48,24.29,24.39,24.48,24.57,24.11,24.29,24.29,24.57,24.76,24.29,24.39,24.01,24.39,24.29,24.76,24.76,24.48,24.39,24.76,24.11,24.93,24.48,24.39,24.20,24.67,24.29,24.39,24.57,24.48,24.85,24.85,24.85,24.48,24.93,24.48,24.48,24.48,24.57,24.39,24.48,24.93,24.57,24.39,24.57,24.01,24.48,24.57
24.29,24.57,24.11,24.57,24.48,23.64,24.76,24.20,24.39,24.20,24.57,24.11,24.39,24.57,24.11,24.29,24.29,24.67,24.57,24.48,24.57,24.76,24.48,24.85,24.85,24.39,24.48,24.67,24.11,24.11,24.11,24.39,24.76,24.29,24.57,24.57,24.67,24.39,24.48,24.39,24.39,24.67,24.93,24.67,24.20,24.39,24.76,24.48,24.48,24.76,24.67,24.85,24.93,24.57,24.39,24.67,24.20,24.48,24.57,24.48,24.67,24.20,24.39,24.39,24.29,24.57,24.76,24.57,24.57,24.48,24.11,24.29,24.39,24.67,24.29,24.48,24.39,24.67,24.48,24.57,24.57,24.39,24.39,24.57,24.57,24.39,24.39,24.39,25.20,24.85,24.93,24.67,24.85,24.48,24.39,24.76,25.20,24.39,24.48,24.57,24.93,24.29,24.85,24.39,24.29,24.39,25.11,24.20,24.57,24.39,24.57,24.48,24.57,24.48,24.67,24.39,24.76,24.20,24.57,24.76,24.57,24.67,24.48,24.67,24.57,24.76,24.48,24.48,24.57,24.57,24.11,24.20,24.57,24.39,24.20,24.39,24.48,24.76,24.48,24.76,24.57,24.20,24.76,24.93,24.29,24.39,24.48,24.39,24.39,24.67,24.29,24.67,25.02,24.67,24.48,24.85,24.93,24.20,24.76,24.85,25.02,24.57,24.57,24.39,24.67,24.76,24.57,24.39,24.76,24.67,24.85,24.93,24.93,24.57,24.20,24.57,24.48,24.93,24.57,24.67,24.48,24.67,24.48,24.67,24.76,24.67,24.76,24.76,24.85,24.67,24.48,25.28,25.20,24.67,24.67,24.39,25.11,24.76,25.02,25.02,24.85,24.57,25.11,24.76,24.29,24.85,24.76,24.76,25.20,24.57,25.11,24.93,24.76,24.76,24.85,24.93,25.02,24.93,24.39,24.29,24.48,24.76,24.67,24.57,24.11,24.67,24.57,24.93,24.76,24.67,24.57,24.57,24.29,24.57,24.76,24.57,24.39,24.29,24.85,25.02,24.76,24.67,25.11,24.29,24.93,24.93,24.85,24.57,24.48,25.02,24.76,24.93,24.39,24.29,24.48,24.39,24.48,24.29,24.48,24.57,24.67,24.11,24.57,24.48,24.67,24.57,24.67,24.67,24.67,24.48,24.57,24.57,24.48,24.67,24.48,24.76,24.39,24.20,24.85,24.48,24.48,24.57,24.57,24.67,24.48,24.85,24.57,24.85,24.20,24.57,24.67,24.39,24.29,24.67,24.67,24.29,24.20,24.76,24.20,24.85,24.29,24.20,24.48,24.67,24.48,24.48,24.57,24.29,24.20,24.57,24.48,24.48,24.67,24.29,23.64,24.39,24.29,24.85,24.11,24.29,24.67,24.76,24.76,24.20,24.29,24.29,24.11,24.76,24.57,24.20,24.11,24.57,24.57,24.48,24.76,24.57,24.57,24.39,24.57,24.11,24.57,24.85,24.57,24.85,24.39,25.02,25.02,24.57,24.48,24.01,24.85,24.29,24.76,24.85,24.48,24.29,24.39,24.76,24.57,24.11,24.48,24.57,24.01,24.29,24.39,24.39,24.76,24.39,24.01,24.20,24.39,24.67,24.93,24.48,24.57,24.39,24.29,24.39,24.48,24.67,24.20,24.29
24.20,24.20,24.57,24.29,24.20,24.39,24.11,24.01,24.48,24.20,24.20,24.48,24.48,24.20,24.48,24.57,24.93,24.29,24.48,24.67,24.20,24.57,24.57,24.57,24.57,24.01,24.11,24.39,24.39,24.57,24.11,24.67,24.76,24.39,24.93,24.39,24.20,24.48,24.67,24.76,24.29,24.67,24.67,24.39,24.20,25.11,24.67,24.76,24.67,24.57,24.67,24.48,25.11,24.57,24.57,24.11,24.67,24.57,24.57,24.48,24.01,24.48,24.20,24.20,24.39,24.76,24.29,24.39,24.29,24.57,24.57,24.57,24.57,24.20,24.20,24.29,24.20,24.48,24.57,24.29,24.76,24.85,24.85,24.48,24.57,24.39,24.20,24.29,24.57,24.76,24.67,24.57,24.67,24.85,24.20,24.67,24.48,24.67,24.67,24.67,24.57,24.48,24.76,24.67,24.67,25.02,24.67,24.48,24.39,25.02,24.48,24.39,24.76,24.67,24.85,24.57,24.57,24.67,24.57,24.57,24.85,24.57,24.76,24.29,24.85,24.76,25.02,24.29,24.76,24.48,24.39,24.93,24.85,24.76,24.76,24.48,24.39,24.76,24.39,24.67,24.76,24.29,24.85,24.48,24.20,24.57,24.48,24.85,24.67,24.85,25.02,24.57,24.48,25.02,24.85,24.85,24.29,24.39,24.67,24.39,24.48,24.93,24.67,24.76,24.93,24.85,25.11,24.57,24.93,24.85,25.02,24.93,24.85,24.85,24.76,24.93,24.57,25.11,25.11,24.93,25.02,25.11,25.02,24.85,24.93,24.57,24.76,24.67,24.67,24.85,24.93,24.93,24.85,24.85,24.57,24.57,24.76,24.85,24.48,25.11,24.48,24.93,24.85,24.67,24.85,24.85,25.02,25.11,24.76,24.93,24.76,25.02,24.85,24.76,24.76,24.39,24.57,24.93,24.29,25.02,25.02,24.76,24.48,25.11,24.39,24.76,24.48,24.67,24.93,24.57,24.67,24.39,24.39,24.48,24.48,24.39,24.76,24.48,24.76,24.85,24.67,24.76,24.67,24.48,24.57,25.02,24.67,25.02,24.29,24.67,24.48,24.76,24.85,24.85,24.57,24.39,24.67,24.29,24.48,24.67,24.39,24.48,24.57,24.76,24.48,24.76,24.20,24.29,24.01,24.48,24.67,24.20,24.67,24.48,25.11,23.92,24.29,24.48,24.11,24.76,24.48,24.67,24.67,24.48,24.76,24.20,24.48,23.92,24.76,25.02,24.48,24.39,24.85,24.48,24.93,24.57,24.67,24.93,25.11,24.57,24.57,24.29,24.93,24.67,24.57,24.57,24.39,24.76,25.02,24.48,24.39,24.11,24.48,24.67,24.39,24.39,24.48,25.02,24.48,24.48,24.57,24.76,24.01,24.48,24.39,24.48,24.48,24.11,24.39,24.57,24.39,24.57,24.57,24.29,24.48,24.76,24.85,24.29,24.48,24.67,24.39,24.93,24.20,24.76,24.67,24.57,24.48,24.67,24.67,24.76,24.39,24.20,24.11,24.39,24.29,24.57,24.11,24.48,24.11,24.57,24.57,24.48,24.20,24.20,24.57,24.57,24.93,24.57,24.48,24.11,24.29,24.20,24.20,24.39,24.57,24.20,24.29,24.11,24.20,24.67,24.48,24.29
23.73,24.39,24.01,24.57,24.20,24.20,24.57,24.11,24.11,24.11,24.20,24.01,24.39,24.48,24.39,24.39,24.39,24.57,24.11,24.48,23.92,24.39,24.39,24.01,24.29,24.39,24.29,24.01,24.67,24.20,24.76,24.48,24.76,24.48,24.20,24.48,24.20,24.20,24.01,24.76,24.39,24.39,24.67,24.11,24.39,24.57,24.48,24.29,24.39,24.11,24.01,24.67,24.67,24.48,24.20,24.67,24.20,24.29,24.20,24.67,24.67,24.67,24.39,24.57,24.29,24.93,24.48,24.67,24.29,24.11,24.76,24.57,24.57,24.11,24.39,24.39,24.93,24.57,24.39,24.67,24.39,24.67,24.29,24.20,24.76,24.20,24.20,24.67,24.39,24.85,24.67,24.76,24.57,24.39,24.48,24.57,24.57,24.39,24.29,24.20,24.48,24.29,24.67,24.57,24.57,24.67,24.57,25.11,24.76,24.76,24.48,24.67,24.76,24.57,24.57,24.76,24.67,24.67,24.29,24.93,24.67,24.48,25.11,24.67,24.57,24.57,24.48,24.67,24.85,24.57,24.67,24.11,24.20,24.67,24.48,24.57,24.39,24.93,24.48,24.85,24.57,24.67,24.76,24.39,24.67,24.48,24.39,24.48,24.48,24.67,24.39,24.48,24.67,24.11,24.57,24.39,25.02,24.29,24.76,24.67,24.85,24.29,24.67,24.67,24.39,24.57,25.02,24.93,24.57,24.76,24.93,25.28,24.67,25.11,24.67,25.20,25.02,24.76,25.02,24.85,25.11,24.85,24.67,24.48,25.20,24.57,24.76,24.85,24.48,24.85,24.57,24.29,25.11,24.67,24.93,24.93,25.02,24.85,24.85,24.67,25.11,24.93,24.48,24.93,24.93,24.67,24.39,24.48,24.76,24.57,24.93,24.67,24.67,24.85,24.67,25.20,24.67,25.02,24.67,24.76,24.48,24.39,24.76,24.76,24.57,24.76,24.57,24.01,25.11,24.29,25.02,24.76,24.76,24.39,24.76,24.67,24.11,24.76,24.57,24.39,24.67,24.85,24.29,24.76,24.39,24.48,24.11,24.76,24.57,24.57,24.20,24.29,24.20,24.01,24.57,24.39,24.39,24.20,24.57,24.85,24.20,24.39,24.67,24.39,24.85,24.57,24.29,24.01,24.67,24.20,24.48,24.20,24.39,24.57,24.39,24.76,24.39,24.01,24.67,25.02,24.76,24.76,24.01,24.57,24.48,24.39,24.39,24.85,24.39,24.57,24.48,24.85,24.11,24.48,24.57,24.11,24.57,25.11,24.76,24.39,24.39,24.39,24.85,23.92,24.57,24.57,25.02,24.11,24.29,24.67,24.01,24.39,24.20,24.57,24.57,24.39,24.20,24.11,24.48,24.39,24.39,24.93,24.57,24.48,24.48,24.20,24.93,24.48,24.39,24.67,24.57,24.01,24.48,24.48,24.29,24.29,24.93,24.39,24.48,24.57,24.01,24.39,24.67,24.11,24.48,24.85,24.48,24.11,24.48,24.20,24.76,24.57,24.67,24.57,24.39,24.48,24.20,24.48,24.39,24.20,24.57,24.39,24.39,24.39,24.29,24.20,24.93,23.73,24.20,24.76,24.39,24.48,24.76,24.57,24.57,24.57,24.76,24.39,24.29,24.67,23.83,24.39
24.11,24.11,23.83,24.01,24.11,23.92,24.48,24.11,23.83,24.01,24.29,24.01,24.39,24.29,24.93,24.48,24.29,24.01,24.20,24.48,24.20,24.48,24.20,23.92,24.39,24.29,24.67,24.01,24.48,24.39,24.39,24.57,24.29,24.48,24.57,24.11,24.20,24.11,24.48,24.20,24.01,24.67,24.39,24.57,24.39,24.01,24.57,24.48,24.29,24.29,24.39,24.76,24.29,24.57,24.20,24.39,24.20,24.29,24.29,24.29,24.20,24.29,24.29,24.39,24.20,24.67,24.11,24.67,24.29,24.11,24.76,24.29,24.57,23.83,24.20,24.67,24.67,24.67,24.67,24.67,24.93,24.57,24.29,24.01,24.39,24.57,24.57,24.48,24.29,23.92,24.29,24.48,24.85,24.57,24.93,24.57,24.67,24.11,23.92,24.29,24.57,24.93,24.39,24.29,24.48,24.57,24.39,24.67,24.85,24.29,24.39,24.57,24.85,24.39,24.67,24.29,24.57,24.01,24.76,24.67,24.48,24.57,24.76,24.29,24.48,24.48,25.11,24.57,24.76,25.02,24.48,24.76,24.57,24.57,24.85,24.67,24.76,24.67,24.48,24.57,24.11,24.67,24.57,24.76,24.48,24.20,24.48,24.67,24.76,24.57,24.29,24.57,24.67,24.57,24.57,24.20,24.39,24.57,24.29,25.02,24.76,24.57,24.48,25.02,24.39,24.57,24.76,24.85,24.57,24.85,24.93,24.85,24.76,25.11,24.39,24.67,24.76,24.76,24.57,25.11,24.85,24.39,24.76,24.85,25.20,24.67,24.93,25.02,24.67,24.85,24.93,24.57,24.76,24.57,24.93,25.02,25.20,25.02,25.02,24.20,24.85,24.57,24.76,24.20,24.93,24.76,24.57,24.93,24.67,24.76,24.48,25.02,24.76,24.67,24.29,25.02,24.76,24.76,24.57,24.85,24.76,24.67,24.20,24.20,24.76,24.67,24.85,24.67,24.76,24.29,24.76,24.76,24.57,24.20,24.93,24.76,24.57,24.20,24.39,24.67,24.39,24.39,24.20,24.29,24.11,24.76,24.57,24.57,24.29,24.57,24.93,24.57,24.85,24.39,24.48,24.48,24.29,24.11,24.39,24.48,24.01,24.39,24.29,24.67,24.85,24.39,24.57,24.48,23.83,24.57,24.48,24.39,24.48,24.57,24.48,24.29,24.20,24.48,23.83,24.76,24.76,24.67,24.48,24.11,24.01,24.67,23.64,24.11,24.11,24.67,24.67,24.11,24.11,24.57,24.67,24.57,24.76,24.48,24.67,24.57,24.29,24.39,24.48,24.57,24.20,24.57,24.48,24.57,24.39,24.48,24.57,24.39,24.57,23.83,24.20,24.11,24.01,24.20,24.11,24.57,24.57,24.48,24.20,24.11,24.48,24.20,24.29,24.20,24.29,24.67,24.67,24.39,24.29,24.29,24.20,24.48,24.11,24.85,24.20,24.39,24.48,24.57,24.85,24.76,24.29,24.85,24.29,24.29,24.39,24.85,24.29,24.48,24.11,24.57,24.57,24.39,24.39,24.29,24.39,24.67,24.76,24.20,24.48,24.39,24.39,24.29,24.39,24.48,24.01,24.67,24.01,24.48,24.48,24.39,24.39,24.57,24.39,24.20,24.48,24.20,24.11,24.48
24.39,24.57,24.39,24.29,24.57,24.11,24.39,24.48,24.39,24.85,24.48,23.92,24.20,24.39,25.02,24.57,24.01,24.20,24.29,24.20,24.20,24.67,24.57,23.73,24.57,24.29,24.39,24.20,24.48,24.29,24.20,24.01,24.20,24.39,24.29,24.39,24.29,24.29,24.67,24.67,24.67,24.01,24.67,24.39,24.48,24.20,24.57,24.67,24.57,24.48,24.85,24.48,24.67,24.57,24.20,24.39,24.11,24.20,24.57,24.29,24.39,24.39,24.29,24.39,24.39,24.39,24.67,24.85,24.85,24.39,24.67,24.20,24.20,24.20,24.20,24.67,24.11,24.67,24.67,24.29,24.39,24.29,24.48,24.48,24.48,24.67,24.11,24.57,24.57,24.48,24.39,24.67,24.48,24.57,24.29,24.67,24.20,24.39,24.93,24.29,24.67,24.48,24.11,24.67,24.39,24.48,24.67,24.39,24.39,24.48,24.76,24.11,24.57,25.02,24.85,24.85,24.01,24.76,25.11,24.29,25.11,24.48,24.76,24.93,24.67,24.39,24.85,25.11,24.48,24.39,24.29,24.29,24.67,24.85,24.39,24.85,24.39,24.57,24.29,24.76,24.76,24.67,24.85,24.85,24.29,24.48,24.67,24.57,24.48,24.57,24.57,24.76,25.02,25.02,24.11,24.57,24.93,24.67,24.67,24.85,24.85,24.48,25.02,24.76,24.29,24.67,24.29,24.85,24.29,24.67,25.02,24.85,24.76,24.76,24.85,24.85,24.76,24.76,24.85,24.85,24.76,24.67,24.39,24.57,24.93,24.93,24.67,25.20,25.11,24.67,24.85,24.85,24.85,25.11,24.76,24.29,25.11,24.67,24.76,24.29,24.57,24.85,24.67,24.76,24.48,24.76,24.93,24.57,24.76,25.20,24.76,25.11,24.39,24.93,24.67,24.57,25.02,24.93,24.76,24.39,24.39,24.57,24.48,24.85,24.57,24.48,24.85,24.48,25.02,24.48,24.67,24.57,24.67,24.93,24.67,24.67,24.57,24.29,24.29,24.85,24.67,24.85,24.67,24.39,24.57,24.57,24.93,24.39,24.85,24.67,24.85,24.11,24.67,24.76,24.57,24.48,24.67,24.57,24.39,24.67,25.20,24.48,24.48,24.39,24.57,24.48,24.57,24.48,24.48,24.85,24.57,24.67,24.67,24.57,24.93,24.93,24.67,25.02,24.39,24.29,24.57,24.11,24.39,24.39,24.20,24.67,24.67,24.48,24.57,24.01,24.20,24.76,24.29,24.57,23.92,24.20,24.48,24.76,24.11,24.67,24.11,24.39,24.39,24.85,24.76,24.48,23.83,24.29,24.29,24.11,25.02,24.29,24.29,24.57,24.29,24.11,24.11,24.57,24.57,24.39,24.39,24.20,24.39,24.29,24.29,24.11,24.01,24.48,24.67,24.11,24.85,24.39,24.39,24.57,24.85,24.57,24.57,24.39,24.57,24.29,24.67,24.57,24.67,24.01,24.57,24.39,24.29,24.57,24.48,24.67,24.39,24.48,24.11,24.20,24.20,24.39,24.20,24.57,24.39,24.11,24.20,24.57,24.48,24.20,24.39,24.01,24.76,24.39,24.67,24.67,24.48,24.57,24.57,24.57,24.11,24.39,24.67,24.67,24.01,24.57,24.20,24.39
24.48,24.29,24.01,24.29,23.92,23.92,24.67,24.20,23.92,24.20,24.20,23.83,24.29,24.39,24.48,24.01,24.48,24.57,24.57,24.76,24.39,24.01,23.83,24.57,24.67,24.29,24.67,24.20,24.48,24.01,24.67,24.29,24.76,24.57,24.57,24.57,24.20,24.20,24.29,24.48,24.20,24.39,24.20,24.20,24.39,24.39,24.39,24.48,24.48,24.67,24.48,24.85,24.67,24.11,24.57,24.29,24.11,24.29,23.92,24.76,24.48,24.48,24.29,24.01,24.20,24.11,24.85,24.93,25.02,24.11,24.93,24.11,24.76,24.39,24.57,24.57,24.57,24.57,24.57,24.29,24.85,24.48,24.20,24.76,24.57,24.85,24.39,24.48,24.20,24.29,24.67,24.29,24.29,24.20,24.67,24.20,24.39,24.48,24.67,24.29,24.20,24.29,24.57,25.11,24.76,24.01,24.67,24.57,24.20,25.02,24.01,24.20,24.57,24.57,24.85,24.57,24.39,24.67,24.39,24.29,24.48,24.57,24.76,24.20,24.29,24.57,24.48,24.76,24.67,24.57,24.48,24.57,24.93,24.29,24.01,24.29,24.39,24.67,24.76,24.20,24.57,25.02,24.20,24.67,24.57,24.57,24.67,24.85,24.39,24.48,24.57,24.67,24.67,24.57,24.39,24.20,24.48,24.85,24.39,24.67,24.57,24.57,24.48,24.29,24.29,24.20,24.48,24.67,24.29,24.67,24.85,25.02,24.57,24.85,24.48,25.11,24.29,24.67,24.67,24.93,24.11,24.67,24.76,24.39,24.11,25.02,24.85,24.29,24.29,25.02,24.85,24.85,24.85,24.93,24.76,24.85,24.85,24.57,24.67,24.67,24.85,24.93,24.48,24.85,24.85,24.39,24.39,24.48,24.67,24.93,25.11,24.76,25.20,24.29,24.20,24.93,24.48,24.11,24.67,24.57,24.39,24.48,24.48,24.57,24.57,24.39,24.67,24.57,24.39,24.20,24.48,24.76,24.48,24.48,24.20,24.11,24.29,24.20,24.20,24.29,24.39,24.39,24.20,24.29,24.39,24.20,24.85,24.48,24.57,24.57,24.85,23.92,24.67,24.67,24.20,24.01,24.39,23.92,24.39,24.11,24.85,24.48,24.20,24.39,24.48,24.85,24.76,24.39,24.67,24.29,24.29,24.29,24.29,24.67,24.29,24.67,24.67,24.11,24.67,24.39,24.67,24.39,24.67,24.57,24.57,24.11,24.39,24.93,24.11,24.39,23.92,24.20,24.20,24.11,24.29,24.01,24.48,24.48,24.11,24.20,24.48,24.11,24.67,24.57,24.67,24.39,24.39,24.39,24.48,24.48,24.29,24.57,24.20,24.67,24.48,24.39,24.01,24.29,24.57,24.48,24.48,24.11,24.20,24.11,24.11,24.48,24.20,24.57,24.20,24.57,24.48,24.39,24.29,24.85,24.29,24.29,24.48,24.48,24.20,24.76,24.48,24.20,24.57,24.11,24.29,24.39,24.11,24.57,24.20,24.57,24.29,24.48,24.67,24.29,24.67,24.85,24.39,24.76,24.76,24.67,24.57,24.76,24.29,24.48,24.39,24.20,24.29,24.20,24.67,24.11,24.20,24.57,24.29,24.11,24.01,24.20,24.48,24.39,24.67,24.29,24.20,24.20
23.92,24.20,23.92,24.01,24.11,24.11,24.39,24.11,24.67,24.39,24.11,24.11,24.29,23.83,24.20,23.83,24.67,24.39,24.11,24.48,23.92,23.83,24.11,24.01,24.48,24.67,24.29,24.39,24.20,24.01,23.92,24.76,24.29,24.11,24.11,24.67,24.11,24.11,24.48,24.57,24.76,24.39,24.11,24.39,24.57,24.11,24.57,24.20,24.20,24.48,24.67,24.57,24.67,24.57,24.11,24.48,24.57,23.83,23.73,24.20,24.29,24.67,24.76,24.11,23.83,24.57,24.29,24.85,24.20,24.48,24.20,24.11,24.11,24.48,24.01,25.02,24.20,24.67,24.57,24.48,24.39,24.48,24.29,24.57,24.01,24.85,24.01,24.57,24.67,24.39,24.93,24.20,24.39,24.48,24.29,24.39,24.85,24.67,24.48,24.76,25.11,24.01,24.76,24.85,24.39,24.57,24.85,24.67,24.57,24.67,24.57,24.76,24.29,24.39,24.29,24.29,24.48,24.67,24.48,24.76,24.29,24.29,24.67,24.67,24.67,24.48,24.85,24.76,24.11,24.67,24.76,24.11,24.48,24.29,24.67,24.76,24.29,24.11,24.20,24.48,24.76,24.48,24.76,24.76,24.29,24.20,24.29,24.29,24.29,24.39,24.67,24.76,24.57,24.57,24.85,24.85,24.93,24.76,24.85,24.39,24.48,24.67,24.67,24.76,24.67,24.67,24.48,24.01,24.76,24.67,24.76,25.02,24.85,24.67,24.57,24.85,24.67,24.67,25.02,24.48,24.76,24.76,25.02,25.11,24.48,24.39,24.93,24.39,24.48,25.11,24.67,24.85,24.29,24.76,24.67,24.93,24.57,24.67,24.67,24.57,24.85,24.93,24.67,24.93,24.85,25.02,24.57,24.76,24.85,25.11,24.93,24.76,24.57,24.93,24.48,24.76,24.67,24.57,24.76,25.11,24.29,24.48,24.48,23.92,24.57,24.20,24.67,24.39,24.39,24.29,24.76,24.76,24.85,24.29,24.48,24.20,24.39,24.29,24.76,24.57,24.67,24.39,24.93,24.29,24.39,24.39,24.48,24.85,24.67,23.92,24.39,24.29,24.67,24.11,24.57,24.85,24.39,24.20,24.76,24.57,24.39,24.48,24.57,24.39,24.85,24.29,24.39,24.67,23.83,24.48,24.29,24.57,24.39,24.48,24.93,24.11,24.39,24.39,24.48,24.57,24.39,24.29,24.01,24.57,24.57,24.48,24.20,24.29,24.57,24.39,24.20,24.29,24.11,24.57,24.29,24.48,24.11,24.57,24.11,24.29,23.92,24.29,24.29,24.67,24.29,24.85,24.20,24.01,24.57,23.92,24.29,24.11,24.76,24.01,23.64,24.20,24.01,24.29,24.57,24.29,24.20,24.76,24.85,24.29,24.11,24.29,24.57,24.67,24.01,24.20,24.39,24.57,24.20,24.39,24.11,24.57,24.01,24.57,24.67,24.29,24.29,24.39,24.20,24.39,24.29,24.20,24.48,24.01,24.29,24.01,24.29,24.20,24.20,24.01,24.20,24.29,24.57,24.20,24.67,24.01,24.20,24.20,24.29,24.57,24.29,25.11,24.67,24.76,24.20,24.76,23.73,23.92,24.93,24.01,24.39,24.57,23.92,24.29,24.01,24.20,23.73,24.01
23.92,24.01,23.64,23.83,23.83,24.20,24.20,23.92,24.57,23.92,23.83,23.55,24.29,23.83,24.29,24.29,24.39,24.20,23.55,24.29,24.29,24.57,24.11,24.85,24.11,24.11,24.11,24.39,24.20,24.01,24.39,24.01,24.11,24.11,24.48,24.48,24.39,24.39,24.01,24.39,24.11,24.20,23.92,24.48,24.67,24.67,24.20,24.48,24.67,24.29,24.93,24.39,24.20,24.48,24.57,24.11,24.85,24.20,24.20,24.57,23.73,24.29,24.39,24.39,24.39,24.29,24.48,24.57,24.39,24.67,24.29,24.20,24.29,24.39,23.73,24.20,24.20,24.67,24.20,24.39,24.01,24.48,24.29,24.11,24.39,24.48,24.39,24.57,24.57,24.67,24.39,24.67,24.20,24.48,24.20,24.39,24.57,24.57,24.57,24.20,24.01,24.11,24.67,24.48,24.20,25.02,24.39,23.92,24.93,24.20,24.48,24.11,24.39,24.76,24.11,24.48,24.20,24.67,24.48,23.83,24.11,24.57,24.39,24.20,24.20,24.29,24.57,24.11,23.92,24.76,24.29,24.29,24.76,24.48,24.48,23.92,24.57,24.57,24.11,24.76,24.29,24.29,24.67,24.01,24.39,24.29,24.48,24.11,24.57,24.85,25.20,24.76,24.67,24.67,24.85,24.29,24.39,24.67,24.29,24.39,24.57,24.39,24.48,24.76,24.48,23.92,24.67,24.11,24.29,24.85,24.93,24.85,24.76,24.48,24.93,24.67,24.29,24.76,24.76,24.39,24.85,24.93,24.76,24.76,24.67,24.67,24.76,24.85,24.20,24.29,24.93,24.57,24.67,24.76,24.57,24.76,24.76,24.29,24.67,24.67,24.57,24.76,24.57,24.76,24.76,24.76,24.67,25.28,24.67,24.39,24.39,24.85,24.57,24.67,24.93,24.57,24.39,24.48,24.76,24.67,24.39,24.29,24.11,24.67,24.48,24.29,24.76,24.29,24.39,24.48,24.76,24.29,24.93,24.48,24.20,24.48,24.67,24.48,24.48,24.85,24.48,24.29,24.57,24.48,24.48,24.48,24.11,24.48,24.48,24.39,24.29,24.48,24.39,23.92,24.39,24.39,24.57,24.57,24.01,24.20,24.57,24.57,24.39,24.11,24.20,24.01,24.48,24.48,24.57,24.29,24.48,24.57,24.11,24.48,24.48,24.67,24.39,24.67,24.20,24.57,24.48,24.20,24.20,24.76,24.57,24.57,24.29,24.29,24.20,24.11,23.92,24.20,24.48,24.39,24.11,24.39,24.29,24.48,24.01,24.01,24.11,24.20,24.39,23.83,24.20,24.01,24.01,24.57,24.29,23.73,24.20,24.11,24.29,24.01,24.20,23.55,24.20,24.20,23.45,24.20,24.20,24.57,24.48,23.92,24.20,24.29,24.67,24.57,24.48,24.76,24.57,24.39,24.39,24.11,24.20,24.57,24.48,24.57,24.76,24.48,24.01,24.39,23.92,24.20,24.39,24.85,24.11,24.39,24.01,24.20,24.85,24.57,24.20,24.01,24.20,24.48,24.01,24.48,24.01,23.92,24.57,24.48,24.67,24.48,24.11,24.93,24.11,24.11,24.39,24.11,24.48,24.29,24.11,24.57,24.20,24.20,24.48,24.48,24.11,23.83,24.29,24.01
24.11,24.48,23.83,24.01,24.20,23.83,23.92,24.11,24.01,24.01,24.20,24.39,24.20,24.57,24.29,24.20,24.11,24.57,24.48,24.20,24.11,24.67,23.73,24.11,24.20,24.67,24.11,24.39,24.39,24.48,23.83,24.29,23.64,24.67,24.29,24.20,24.48,24.20,24.93,24.48,23.83,24.11,24.01,24.29,24.20,24.39,24.01,24.01,24.20,24.29,24.29,24.39,24.01,24.76,24.20,23.92,24.11,24.57,23.92,24.76,24.01,24.48,24.39,23.64,24.29,24.67,24.29,24.48,24.39,24.39,24.48,24.57,24.01,23.92,24.39,24.48,24.20,24.48,24.57,24.67,24.01,24.29,23.83,24.57,24.67,24.20,24.39,24.76,24.29,24.11,24.67,24.20,24.20,24.76,24.48,24.39,24.39,24.76,24.67,24.29,24.29,24.11,24.57,24.11,24.48,24.48,24.20,24.67,24.57,24.48,24.20,24.29,24.76,24.57,24.29,24.57,24.48,24.76,24.67,24.67,24.85,24.67,25.02,24.48,24.48,24.48,24.20,24.39,24.57,24.39,24.29,24.67,24.48,24.29,24.76,24.20,24.48,23.73,24.11,24.01,24.48,24.11,25.02,24.48,24.39,24.67,24.11,24.57,24.93,24.48,24.57,24.57,24.39,24.29,24.67,24.48,24.11,24.67,24.20,24.20,24.67,24.48,24.93,24.39,24.48,24.57,24.48,24.39,24.57,24.48,24.67,24.39,24.48,24.93,24.57,24.67,24.57,24.39,24.76,24.76,24.57,24.76,25.02,24.76,24.93,24.67,24.85,25.02,24.93,24.93,24.67,24.85,24.93,24.48,24.11,24.57,24.48,24.85,24.85,24.48,25.37,24.48,24.48,24.48,25.02,24.93,24.48,24.67,24.01,24.57,24.76,24.48,24.57,24.67,24.48,24.48,24.67,24.67,24.48,24.20,24.20,24.29,24.67,24.57,24.57,24.67,24.93,24.11,24.29,24.29,24.11,24.67,24.20,24.76,23.83,24.67,24.57,24.29,24.29,25.02,24.20,23.92,24.39,24.11,24.29,24.39,24.20,24.39,24.39,24.11,24.57,24.29,24.67,24.39,24.57,24.57,24.01,24.67,24.67,24.29,24.29,24.20,24.39,24.29,24.48,24.01,24.67,24.48,24.76,24.39,24.39,24.85,24.29,24.57,24.39,24.29,24.20,24.20,24.48,23.92,24.76,24.39,24.29,24.39,24.01,24.48,24.67,24.67,24.01,24.57,23.92,24.57,24.20,24.67,24.57,24.57,24.11,24.57,24.29,24.48,24.48,24.57,24.39,24.29,24.11,24.57,24.20,24.29,24.57,24.48,24.20,24.11,24.29,24.48,24.01,24.29,24.48,24.20,24.57,24.39,24.39,24.76,24.29,24.48,24.39,24.57,24.39,24.11,24.39,24.11,24.93,24.48,24.29,24.48,24.57,24.85,24.20,24.48,24.39,24.39,24.39,24.67,24.48,24.93,24.39,24.48,24.39,24.67,24.48,24.48,24.29,24.20,24.20,24.11,23.73,24.29,24.29,24.67,24.48,24.20,24.29,24.48,23.92,24.29,24.57,24.48,23.92,24.39,24.57,24.57,24.67,24.29,24.20,24.76,24.39,23.92,24.29,24.20,24.20,24.01,24.01,24.29
24.11,23.83,24.20,24.29,24.01,24.11,23.64,24.01,23.73,24.29,24.01,24.39,23.92,24.39,24.29,24.29,24.57,24.01,24.20,24.01,23.92,23.92,24.01,24.39,24.57,24.48,24.11,24.29,24.11,24.20,24.57,24.11,24.39,24.29,24.11,23.83,24.48,24.57,24.39,23.92,24.01,24.67,24.57,24.29,24.39,24.67,24.48,24.01,24.67,24.01,24.01,24.48,24.48,24.57,24.39,24.29,24.01,24.20,24.01,24.11,23.83,24.29,24.39,23.83,23.64,24.20,23.83,24.20,24.11,24.20,24.11,24.39,24.67,23.92,24.01,24.11,24.29,24.11,24.20,24.39,24.93,24.29,23.92,24.57,24.48,24.11,24.20,24.20,24.39,24.48,24.57,24.48,24.20,24.11,24.85,24.57,24.01,24.20,24.20,24.57,24.48,24.48,24.29,24.29,24.57,24.11,24.20,24.01,24.20,24.76,24.67,24.76,24.67,24.39,24.20,24.85,24.20,24.57,24.67,24.01,24.20,24.01,24.29,23.92,24.67,24.11,24.11,24.76,24.39,24.57,24.48,24.39,24.67,24.76,24.20,24.39,24.20,24.85,24.48,24.48,24.11,24.11,24.11,24.57,24.48,24.11,24.11,24.29,24.01,24.48,24.76,24.93,24.29,24.48,24.20,23.92,24.29,24.48,24.11,24.11,24.39,24.29,24.67,24.67,24.76,24.57,24.67,24.29,24.48,24.67,25.02,24.67,24.85,24.67,24.76,24.57,24.76,24.93,24.67,24.67,24.85,24.67,25.11,24.67,24.39,24.29,24.57,24.85,24.57,24.57,24.67,23.83,24.67,24.93,24.76,24.67,24.67,24.20,24.67,24.67,24.76,24.93,24.29,25.11,24.67,24.29,24.57,24.67,24.67,24.67,24.67,24.57,24.57,24.57,24.29,24.67,24.76,24.85,24.20,24.29,24.48,24.39,24.93,24.48,24.93,24.48,24.39,24.29,24.20,24.67,24.39,24.57,24.76,24.57,24.20,24.11,24.48,24.29,24.48,24.39,24.67,24.57,24.01,24.85,24.29,23.83,24.39,24.39,24.67,24.20,24.39,24.39,24.67,24.01,24.20,24.39,23.73,24.48,24.57,24.67,24.29,24.48,24.48,24.48,24.01,24.29,24.20,24.20,25.02,24.48,24.48,24.48,24.67,24.48,23.92,24.67,24.20,25.02,24.01,24.01,24.39,24.29,24.67,23.92,24.20,24.57,24.48,24.29,24.39,24.48,24.39,24.29,24.01,24.20,24.67,23.83,24.11,24.85,24.29,24.67,23.92,24.29,24.20,24.11,24.20,24.76,24.11,24.39,24.57,23.83,24.29,24.29,24.57,24.57,23.83,23.92,24.20,24.11,23.92,24.29,24.57,24.48,24.93,24.57,24.67,24.01,24.57,24.29,24.48,24.67,24.57,23.92,23.64,24.39,24.29,24.48,23.83,24.39,24.48,24.39,24.20,24.11,24.57,24.29,24.57,24.39,24.67,24.39,24.39,24.20,23.92,24.39,24.39,24.67,24.39,24.57,24.20,24.11,24.57,24.67,24.29,23.92,24.11,24.48,24.57,24.11,23.83,24.01,24.76,24.39,24.57,23.92,24.48,24.39,24.20,24.39,23.83,23.73,24.39,24.39,24.11,24.29
23.64,24.29,24.01,24.11,23.73,23.92,24.01,23.92,24.11,24.01,24.01,24.20,24.29,23.73,24.11,24.11,24.39,24.67,24.11,24.29,24.29,24.01,24.01,23.64,24.11,24.57,24.85,24.20,24.11,24.39,24.20,23.92,23.92,24.67,24.11,24.01,23.73,23.83,23.92,24.48,24.57,24.76,24.01,24.20,24.39,24.20,24.48,24.20,24.29,24.29,24.48,24.29,24.67,24.11,24.29,24.20,24.29,24.20,23.92,24.11,24.20,24.29,24.29,24.20,24.48,24.01,24.57,24.11,24.20,23.92,24.39,24.29,23.92,24.85,24.11,24.01,23.92,24.29,24.39,24.20,24.29,24.39,23.83,24.29,24.67,24.11,24.67,24.20,24.29,24.11,24.48,24.20,24.29,24.01,24.01,24.11,24.01,24.67,24.20,24.48,24.29,24.11,24.20,24.48,24.48,24.11,24.11,24.20,24.48,24.39,24.11,24.20,24.20,24.39,24.20,24.20,24.01,24.67,24.01,24.39,24.39,24.57,24.57,24.11,24.39,24.29,24.48,23.92,24.39,24.48,24.20,24.29,24.48,24.85,24.29,23.83,24.67,24.29,24.67,23.92,24.48,24.39,24.39,24.39,24.20,24.20,24.01,24.67,24.67,24.11,24.85,24.48,24.29,24.57,23.92,24.67,24.01,24.39,24.39,23.73,24.76,24.48,24.29,24.85,24.20,24.39,24.76,24.39,24.67,24.20,24.57,24.76,24.39,25.11,24.57,24.85,24.39,24.67,24.67,24.57,25.11,24.85,24.67,24.20,24.93,24.67,24.85,24.57,24.20,24.20,24.76,24.67,23.92,24.48,24.67,24.67,24.57,24.67,24.11,24.67,24.48,24.76,24.48,24.39,24.29,24.57,24.39,24.85,24.85,24.67,24.67,24.48,24.85,24.29,24.29,24.48,24.85,24.39,24.20,24.11,24.57,24.29,24.29,24.39,24.48,24.20,24.48,24.20,24.76,24.20,24.20,24.20,24.39,24.01,24.20,24.48,24.01,24.48,24.93,24.48,24.48,24.85,24.01,24.20,24.20,24.01,24.29,24.67,24.11,24.01,24.11,24.29,24.57,24.57,24.20,24.11,24.39,24.20,24.29,23.92,24.57,24.39,24.85,24.48,24.29,24.57,24.39,24.20,23.73,24.48,24.57,24.01,24.20,24.39,24.01,24.29,24.11,24.57,23.92,24.48,24.39,24.39,24.29,24.39,24.29,24.48,24.48,24.39,24.20,24.11,24.48,23.92,24.29,24.39,24.48,24.67,24.39,24.29,24.29,24.01,24.39,24.20,24.67,23.83,24.29,24.29,23.92,24.11,24.67,24.01,24.39,23.92,24.29,24.48,24.29,24.20,24.29,23.83,24.01,24.57,24.29,24.76,24.39,24.20,24.20,24.20,24.11,24.11,24.01,24.11,23.92,24.11,24.39,24.39,23.92,24.01,24.39,23.45,23.83,24.01,24.20,24.39,24.01,24.01,23.73,24.29,23.92,24.48,24.48,24.48,24.01,24.48,24.11,24.29,24.11,24.67,23.83,23.92,24.48,24.29,24.01,23.73,24.57,24.20,24.48,23.64,24.39,24.29,23.73,24.67,24.48,24.29,24.48,24.29,24.48,24.01,24.67,23.92,24.01,24.29,24.01,24.20
24.20,24.39,23.83,24.01,23.83,24.01,23.73,24.11,24.01,23.64,24.11,24.20,23.92,24.11,24.01,23.73,24.57,23.92,23.92,23.92,24.20,24.39,23.83,24.11,24.29,23.64,24.01,23.92,24.01,24.01,24.01,24.01,24.39,24.39,24.11,24.39,24.11,24.39,24.48,23.64,23.92,24.20,23.92,24.48,23.73,24.29,24.01,24.11,24.39,24.48,24.67,24.11,24.01,24.20,23.64,24.39,24.29,24.01,24.29,24.76,24.29,24.11,23.55,23.83,23.83,24.29,24.11,24.11,24.20,24.48,24.11,24.57,24.29,24.01,24.39,24.29,23.92,24.01,23.92,24.11,24.29,24.20,23.83,24.11,24.67,24.57,24.20,24.01,24.20,24.11,23.83,24.01,24.57,24.67,24.20,24.48,24.01,24.29,23.83,24.11,24.29,24.20,24.57,24.67,24.39,24.29,24.20,24.29,24.67,24.39,24.76,24.29,24.67,24.20,24.29,24.57,24.11,24.76,24.67,24.57,24.57,23.83,24.67,24.39,24.20,24.48,24.57,24.39,24.48,24.57,24.48,24.11,24.29,24.29,24.20,24.29,24.11,24.67,24.57,24.11,24.11,24.29,24.57,24.11,24.29,24.57,24.20,24.39,24.39,24.67,23.83,24.67,24.57,24.76,24.57,24.57,24.39,24.20,24.57,24.29,24.20,24.57,24.11,24.76,24.76,24.11,24.20,23.92,24.85,24.11,24.29,24.57,24.67,24.48,24.11,24.57,24.57,24.67,24.76,24.57,24.11,24.85,25.02,24.85,24.39,24.67,24.39,24.93,24.67,24.85,24.57,24.39,24.39,24.57,24.93,24.85,24.57,24.11,24.67,24.48,24.39,24.48,24.20,24.11,24.39,24.48,24.57,24.57,24.11,24.48,24.93,24.67,24.57,24.29,24.11,24.67,24.11,24.29,24.48,24.39,24.29,24.39,24.29,24.20,24.39,24.11,24.39,24.11,24.29,23.92,23.83,24.57,24.48,24.67,24.57,24.11,23.83,24.20,24.76,24.11,24.11,24.67,24.57,24.20,24.29,24.01,24.39,24.11,24.29,24.20,24.39,24.48,24.11,24.48,24.67,24.20,24.20,24.39,24.01,24.57,24.01,23.73,24.20,24.39,23.92,24.39,24.39,23.92,24.20,24.48,24.20,24.39,24.29,24.20,23.92,24.29,24.29,24.48,23.92,23.83,24.01,24.11,24.01,23.73,24.39,24.48,24.01,24.20,24.01,24.01,24.39,23.73,24.76,24.39,24.67,24.01,24.39,24.48,24.57,24.20,24.20,24.11,24.57,24.11,24.48,24.20,24.57,24.48,24.39,24.67,24.11,24.11,24.20,24.29,24.67,24.20,24.57,24.20,24.20,24.39,24.20,23.83,24.67,24.20,24.20,24.11,24.29,24.11,24.29,24.11,24.01,24.29,24.11,24.01,24.20,24.01,24.29,24.39,24.20,24.11,24.11,24.20,24.57,24.29,24.48,24.20,24.29,24.20,24.67,23.92,24.39,23.83,24.48,24.39,23.83,24.29,23.92,24.11,24.29,24.29,24.29,24.39,24.11,24.20,24.39,24.11,24.29,23.83,24.29,23.92,24.39,24.20,23.45,24.20,24.20,24.20,24.39,24.39,24.29,24.20,24.29,24.01
23.92,24.29,23.73,23.55,23.73,23.83,23.73,24.48,24.01,24.01,24.01,23.64,24.11,24.39,23.83,24.11,24.29,24.11,24.29,24.57,24.11,24.11,24.39,24.01,23.64,24.20,24.11,23.92,24.39,23.64,24.67,23.73,24.39,24.01,23.92,24.11,24.29,24.39,24.20,23.92,23.92,23.83,24.29,24.20,23.83,23.92,23.55,23.92,23.92,24.57,24.29,24.20,24.57,23.83,24.11,24.11,23.92,24.20,24.01,24.11,24.01,24.20,23.73,24.29,24.29,23.92,24.67,24.85,24.01,23.73,24.20,24.20,24.39,24.39,24.39,24.20,24.39,24.20,24.20,24.01,23.73,24.29,23.83,24.11,24.29,23.92,24.39,24.29,24.29,23.92,23.64,24.39,23.83,24.11,24.29,24.29,23.92,24.11,24.11,24.11,24.11,24.01,24.48,24.20,24.67,24.11,24.01,24.01,24.29,24.29,24.39,24.11,24.57,24.48,24.57,24.01,24.20,24.20,24.39,24.39,24.67,24.39,24.11,24.39,24.29,24.01,24.39,23.92,24.29,24.20,24.01,24.29,23.83,24.29,24.48,24.01,24.67,24.39,24.20,24.67,24.67,24.39,24.76,24.57,24.20,24.39,23.92,24.57,24.29,24.48,24.20,24.20,24.85,24.29,24.67,24.29,24.20,24.67,24.57,24.67,24.01,24.39,24.48,24.01,23.92,24.39,23.92,24.29,24.57,24.20,24.01,24.48,24.39,24.76,24.76,24.39,24.29,24.67,24.20,24.20,24.29,24.29,24.29,24.48,24.67,24.67,24.11,24.67,24.39,24.67,24.39,24.57,24.85,24.29,24.29,24.20,24.48,24.85,24.39,24.85,24.39,24.57,25.02,24.67,24.29,24.39,24.29,23.92,24.57,24.67,24.57,24.39,24.85,24.76,24.48,24.29,24.67,24.57,24.01,24.39,24.39,24.29,24.39,24.39,24.39,24.67,24.48,24.11,24.29,24.01,24.20,24.39,24.29,24.85,24.48,24.57,23.92,24.48,24.48,24.48,24.57,23.92,24.20,24.39,24.39,24.01,24.67,24.39,23.92,24.20,24.48,24.11,24.11,24.11,24.39,24.57,24.20,24.29,24.57,24.11,24.11,24.01,24.01,24.29,24.57,24.20,24.20,24.39,24.01,24.48,24.01,24.48,24.29,24.57,24.11,23.92,23.83,24.67,23.83,24.29,24.11,23.92,24.29,24.01,24.01,24.29,24.29,23.92,23.92,24.01,24.20,24.01,24.20,24.29,24.57,24.11,24.39,24.01,24.01,24.20,24.29,24.29,24.57,24.29,24.48,24.39,24.48,24.20,24.57,24.29,24.29,23.73,24.20,24.57,24.39,24.67,24.01,23.92,23.73,24.20,23.92,24.20,23.83,23.92,24.57,24.29,24.57,24.01,24.29,24.76,24.76,23.92,24.11,24.29,24.20,24.29,24.20,23.83,23.92,24.76,24.01,24.29,24.20,23.92,24.29,23.92,23.92,24.01,24.01,24.20,24.20,24.48,24.48,24.29,23.73,24.01,24.57,24.39,24.29,24.01,24.11,24.29,24.29,24.57,24.20,23.83,24.48,24.48,24.11,24.20,24.85,24.11,24.11,24.01,24.20,24.29,24.57,24.20,24.01,24.20,23.92,23.55
23.83,23.73,24.11,24.29,23.73,24.01,23.92,23.73,24.01,24.11,24.29,24.67,23.55,24.29,24.39,24.01,24.11,24.29,23.73,24.29,24.20,24.01,23.64,23.92,23.92,23.83,24.01,24.01,24.39,24.29,24.29,24.11,24.20,24.11,23.73,24.11,23.64,24.20,24.11,23.45,24.01,24.48,23.83,24.39,24.11,23.92,23.92,23.83,23.64,24.67,24.39,24.39,23.92,23.83,23.73,23.64,24.57,24.29,23.83,24.01,24.20,24.20,24.20,23.83,24.20,24.20,23.73,23.73,24.29,24.57,24.01,24.11,24.39,24.11,24.48,24.67,24.11,24.11,24.01,24.01,23.73,23.92,23.92,24.01,24.39,24.39,24.48,24.76,23.83,24.01,24.01,24.01,24.29,23.92,24.11,23.92,24.29,24.29,24.01,24.29,24.01,24.29,23.83,24.57,24.20,24.57,24.39,24.29,24.20,24.29,24.57,24.39,23.55,24.29,24.20,23.92,23.73,24.67,23.83,24.48,23.83,24.20,24.20,24.57,24.01,24.29,24.76,24.48,24.85,24.85,24.48,24.39,24.20,23.92,24.76,24.11,24.29,23.83,24.39,24.11,24.11,24.39,24.29,23.73,24.11,24.29,24.29,24.67,24.01,24.85,24.57,24.48,24.20,24.48,24.29,24.48,24.20,24.48,24.11,24.67,24.11,24.48,24.67,23.64,24.39,24.20,24.39,24.20,24.57,24.01,24.29,24.48,24.93,24.29,24.29,24.57,24.48,24.57,24.48,24.48,24.29,24.67,24.76,24.67,24.48,24.39,24.67,24.48,24.57,24.76,24.01,24.93,24.85,24.39,24.67,24.48,24.39,24.57,24.20,24.39,24.01,24.67,24.48,24.11,24.39,24.67,24.39,24.85,24.67,24.48,24.48,24.67,24.85,24.67,24.93,24.57,24.11,24.29,24.29,24.67,24.48,24.85,24.01,24.67,24.48,24.67,23.92,24.20,24.39,24.39,24.11,24.20,24.20,24.01,24.20,23.83,24.57,24.29,24.57,24.57,24.76,24.11,23.92,24.57,24.20,24.29,24.20,24.20,23.92,24.01,23.92,24.39,24.39,24.29,24.29,23.83,23.64,24.48,24.20,24.11,23.83,24.29,24.01,23.92,24.29,24.57,24.29,23.83,24.57,24.29,23.92,24.01,23.92,23.83,24.76,24.48,24.39,24.29,24.01,24.39,23.92,24.76,24.48,23.83,24.39,23.73,24.11,24.01,24.01,24.29,24.11,24.20,24.01,24.11,24.20,24.29,24.67,23.83,24.48,24.11,24.39,24.29,23.73,24.48,24.01,23.92,24.29,23.92,24.11,24.11,23.92,24.29,23.45,24.48,23.92,23.55,24.29,23.73,24.29,24.48,24.01,23.92,23.73,23.92,23.92,24.01,24.11,23.92,24.11,24.29,24.11,23.73,24.01,23.92,24.85,24.01,23.92,24.01,24.48,24.11,23.92,24.01,23.92,24.29,24.39,24.67,24.20,23.92,24.01,23.83,23.92,24.11,24.11,23.92,23.92,24.57,24.11,23.92,24.29,24.01,23.92,24.11,24.01,24.11,24.67,24.48,24.29,24.20,24.20,24.11,24.29,24.29,24.29,23.55,24.29,23.83,24.20,24.20,23.92,23.92,24.01,24.01
23.83,24.01,23.55,24.01,23.92,23.64,23.55,23.73,23.83,23.83,23.55,24.11,23.83,24.01,23.92,24.01,23.73,24.29,23.45,24.29,23.83,24.01,23.83,24.20,24.11,24.11,23.64,24.11,24.11,23.64,24.11,23.73,24.11,23.92,23.92,24.11,23.73,24.20,24.39,24.20,23.73,23.73,23.92,24.29,24.01,24.11,24.01,24.20,24.20,23.73,24.11,24.29,24.39,24.29,24.11,23.73,23.55,23.83,24.01,23.83,23.83,24.29,24.29,24.01,23.73,24.20,23.83,23.64,24.20,24.11,23.92,23.83,24.29,24.20,24.29,24.48,23.83,24.01,24.29,23.92,23.83,24.20,23.45,24.20,24.20,23.73,24.11,24.67,23.92,23.92,24.11,24.01,24.01,24.11,24.29,24.29,24.01,24.57,24.01,24.57,24.48,24.01,23.92,24.20,23.64,24.29,24.39,24.29,23.55,24.29,24.76,23.92,24.39,24.29,24.29,24.67,23.92,24.39,24.29,24.20,23.92,24.20,24.39,24.29,24.11,23.92,24.57,23.64,24.39,23.92,24.01,23.64,24.01,24.39,24.57,24.29,24.11,24.20,24.20,23.55,24.20,23.83,24.20,24.39,24.11,24.39,24.39,24.29,24.39,24.85,24.67,24.39,24.76,24.29,24.29,23.92,24.39,24.11,24.11,24.67,24.67,24.39,23.73,24.57,24.67,24.48,24.20,24.20,24.39,23.92,24.57,23.92,24.57,24.93,24.67,24.20,24.29,24.29,24.48,24.11,24.29,24.11,24.76,24.93,24.29,24.76,24.67,24.57,24.67,24.57,24.39,24.29,24.39,24.48,24.11,24.57,24.93,24.57,24.11,24.48,24.67,24.20,24.29,24.48,24.48,24.57,24.39,24.29,24.57,24.01,24.76,24.01,24.20,24.57,24.39,24.20,24.48,24.67,23.83,24.39,24.29,24.39,24.57,24.01,24.39,23.92,24.48,24.57,24.39,24.39,23.83,23.92,24.20,24.01,24.11,24.48,24.29,24.39,23.83,24.48,24.39,24.39,24.39,23.92,24.11,24.01,24.67,23.36,24.29,23.83,24.20,24.29,23.92,24.39,23.92,24.39,24.39,24.29,24.57,24.29,24.76,24.57,24.20,24.29,23.73,24.67,24.57,24.01,23.92,23.92,23.92,23.92,24.01,24.48,24.11,24.29,24.20,24.20,24.20,24.85,23.73,24.01,23.92,23.83,24.29,24.29,24.29,23.92,24.20,24.20,23.92,24.11,24.39,24.01,24.20,23.83,23.73,24.29,24.29,24.01,24.11,23.83,24.20,24.76,23.83,24.01,24.29,24.11,24.48,23.83,24.20,23.73,24.48,23.55,23.83,23.64,24.11,23.92,24.01,24.67,24.11,24.20,24.20,24.11,23.92,24.39,23.83,23.73,23.83,24.57,23.26,23.64,24.29,24.29,24.67,24.11,23.92,23.92,24.29,23.83,24.29,24.29,24.39,23.45,23.64,23.92,23.92,24.20,24.20,24.48,24.01,24.29,24.29,24.39,23.83,24.57,23.36,24.01,24.20,24.11,24.48,23.64,24.01,24.11,24.01,24.20,23.92,24.01,24.39,23.92,23.92,24.11,24.01,24.01,24.01,23.92,24.01,23.83,24.01,24.01,24.01,23.83
23.83,23.92,23.64,23.26,24.48,23.36,23.83,23.55,23.92,24.11,24.39,24.11,23.73,23.92,24.29,23.73,23.73,24.20,24.01,23.64,23.83,23.73,23.83,24.11,24.01,24.01,24.39,24.20,23.92,23.73,23.92,23.73,23.73,24.20,24.11,23.92,23.83,24.20,23.64,24.11,23.92,24.29,24.20,23.73,23.83,24.11,23.83,24.01,23.83,24.01,24.39,23.64,24.01,24.01,24.01,24.01,24.57,23.36,24.11,23.64,23.73,24.29,24.11,24.39,23.92,24.11,23.83,24.20,24.20,24.11,24.29,24.01,24.01,24.11,23.64,24.29,23.64,24.39,24.29,23.73,24.01,23.92,24.57,23.73,23.83,24.29,24.29,23.92,23.64,23.83,24.01,23.92,23.92,24.11,24.20,24.48,24.29,23.92,23.55,24.20,24.11,24.29,23.92,24.01,24.48,24.29,23.92,24.29,24.20,24.48,24.85,24.11,24.29,24.48,24.20,24.20,24.29,24.01,24.29,24.11,24.11,24.11,24.20,24.01,24.57,24.29,24.01,24.85,24.29,24.01,24.11,24.11,24.39,24.11,23.55,24.39,24.11,23.73,24.11,24.29,24.57,24.67,24.39,24.48,24.11,24.20,24.20,24.29,24.48,24.29,24.48,24.11,23.73,24.11,23.83,23.92,23.92,24.48,24.39,23.83,24.48,24.29,24.29,24.57,24.48,24.76,24.76,24.76,24.20,24.01,24.48,24.20,24.48,24.57,24.76,24.57,24.11,23.83,24.39,24.11,24.67,24.39,24.29,24.11,24.39,24.01,24.11,24.29,24.76,24.01,23.92,24.48,24.29,24.57,24.67,24.76,24.39,24.48,24.57,24.39,24.01,24.67,24.57,24.67,23.92,24.29,24.20,24.48,24.48,24.39,24.20,24.57,24.48,24.39,24.29,24.11,24.48,23.92,23.73,24.01,24.20,24.11,23.92,24.48,24.29,24.29,23.92,23.92,24.11,24.11,24.39,24.48,24.29,24.11,24.20,24.57,24.01,24.29,24.20,24.57,24.11,23.92,24.11,24.29,23.73,24.39,23.92,24.20,24.29,24.57,24.11,23.73,23.92,23.73,24.11,24.29,24.29,24.11,24.20,24.20,24.20,23.55,24.29,24.20,24.29,24.48,23.64,23.92,24.01,24.11,24.48,24.01,24.39,24.20,23.45,24.20,24.20,24.48,24.29,23.83,24.29,24.29,23.64,23.83,24.67,24.67,24.11,24.11,24.29,23.83,24.11,24.39,23.64,24.29,23.92,23.92,24.39,23.92,24.29,23.64,24.39,23.92,24.20,24.39,24.01,24.67,24.01,23.73,24.20,24.39,24.11,24.39,24.39,24.01,23.92,24.11,23.92,23.64,24.76,24.01,23.73,23.92,23.73,24.01,24.29,24.39,23.92,23.92,23.92,23.73,24.01,24.20,24.39,23.64,24.20,24.39,24.11,24.01,23.73,24.11,24.20,24.48,24.11,24.11,24.11,24.29,24.48,23.45,24.20,24.29,24.29,24.39,24.39,24.76,24.48,23.73,24.20,24.20,24.11,24.29,23.73,24.11,24.11,24.01,23.92,24.39,23.92,23.73,24.11,23.73,24.29,24.01,24.01,24.29,24.29,23.92,24.67,24.29,23.92,24.11,24.01,23.92
23.17,23.26,24.01,24.11,24.48,24.20,24.11,23.83,24.29,23.55,23.92,24.01,24.20,23.55,23.55,23.55,24.11,23.83,24.11,23.83,23.64,23.45,24.29,23.92,23.92,23.55,23.83,23.83,23.83,24.20,24.39,23.45,24.29,24.48,24.39,23.83,24.11,23.45,23.92,23.83,23.92,23.26,23.83,24.01,24.01,23.83,24.57,23.64,24.29,24.48,24.01,24.01,23.73,24.39,23.73,24.29,24.01,23.83,23.92,24.11,24.01,23.92,24.29,23.73,23.73,24.01,24.20,24.29,24.20,23.92,24.11,23.92,24.11,24.29,24.67,23.73,24.01,23.73,24.48,24.29,24.20,23.83,23.83,23.73,24.48,24.20,23.83,23.92,24.29,24.01,23.64,23.36,23.55,24.39,24.01,24.01,23.92,24.01,23.73,23.92,23.92,23.92,24.39,24.39,23.92,24.29,24.29,24.20,24.48,23.92,24.20,24.29,24.01,24.29,24.20,24.20,24.01,23.73,24.01,24.29,24.29,24.29,23.83,24.39,24.01,24.20,24.39,24.01,24.01,24.11,24.11,24.57,24.20,24.20,23.92,24.29,24.20,24.01,24.11,24.11,23.92,24.11,24.29,24.39,24.48,23.92,23.83,24.20,23.92,24.01,24.29,23.92,24.39,23.64,23.83,24.20,24.48,24.57,24.29,24.29,24.20,24.48,24.20,24.29,24.29,24.48,24.01,23.83,24.67,24.29,24.20,24.76,24.76,24.57,24.39,24.01,24.57,24.20,24.11,24.01,24.29,24.57,24.29,24.48,24.39,24.67,24.11,23.83,24.57,24.20,24.57,24.20,24.48,24.48,24.48,24.11,24.11,24.29,23.92,24.29,24.29,24.11,24.20,24.93,24.29,24.11,24.29,24.01,24.29,24.11,24.29,24.29,24.20,24.11,24.20,24.29,24.39,24.11,24.67,23.64,24.67,23.92,24.29,24.57,24.20,23.83,23.83,24.29,23.92,24.11,24.11,24.20,24.11,24.29,24.39,23.83,24.20,24.67,24.20,24.39,24.20,23.83,24.29,23.64,24.11,24.01,24.20,24.39,24.11,23.73,24.01,24.01,24.39,24.11,24.01,24.01,24.01,24.01,23.73,24.11,24.01,24.01,23.92,23.92,24.01,24.48,24.48,24.20,24.11,24.29,23.64,23.83,24.20,24.29,23.64,24.29,23.73,23.83,23.92,24.39,23.83,24.20,23.64,24.01,24.11,23.73,24.57,24.20,23.64,23.64,23.92,23.73,24.29,23.92,23.45,23.45,23.83,23.45,23.73,24.29,23.64,23.64,23.83,24.01,24.39,23.73,24.29,23.64,24.20,24.01,23.64,24.39,24.01,23.92,24.11,23.73,24.85,23.64,24.01,24.20,23.64,24.01,23.36,23.64,23.45,23.83,23.45,24.01,23.92,24.01,24.11,23.73,23.83,23.64,23.73,24.48,24.01,24.29,24.29,24.57,23.45,24.48,24.01,24.11,24.29,24.20,23.64,23.64,23.45,24.29,24.01,23.92,23.83,23.92,24.11,24.57,23.64,23.83,24.20,24.11,23.64,23.73,24.29,23.92,24.01,24.20,23.64,24.01,23.73,24.01,24.20,23.64,24.20,24.29,24.11,23.83,24.01,23.64,23.45,24.11,24.29,23.45
23.64,24.01,23.92,24.01,23.55,23.64,23.36,23.64,23.83,23.83,24.39,24.01,23.83,23.45,23.83,23.55,24.20,23.73,23.55,23.36,23.83,23.83,23.64,23.92,23.55,23.26,24.01,23.92,23.92,23.73,23.36,24.11,24.01,24.48,23.45,23.92,23.73,23.83,24.11,23.83,23.73,23.45,24.29,23.92,23.83,23.92,23.92,24.11,24.01,24.01,23.83,24.29,23.64,23.45,23.92,24.01,24.11,23.64,23.55,24.20,23.73,23.73,24.20,23.92,23.17,24.20,23.73,24.11,24.11,23.64,23.45,24.20,23.92,24.11,23.83,23.92,24.39,23.73,24.01,23.83,23.73,24.11,23.73,23.92,24.20,23.92,24.01,23.92,24.01,23.64,24.11,23.64,23.83,24.11,24.20,24.01,24.11,24.01,24.01,24.20,23.83,24.39,23.45,24.01,24.48,23.64,23.92,24.11,24.29,24.11,23.83,24.11,24.11,23.92,24.39,23.92,23.64,24.01,24.39,24.48,24.20,23.64,24.39,24.11,24.01,24.20,24.39,24.11,24.11,24.48,24.11,24.01,24.29,24.01,24.67,23.83,24.11,24.67,24.01,24.39,23.83,23.83,23.64,23.73,24.01,24.01,23.92,24.01,24.11,23.73,24.48,24.39,24.57,23.83,24.01,24.01,24.29,24.01,24.48,24.01,24.11,24.48,24.01,24.29,24.29,24.29,24.11,24.11,24.76,24.29,24.39,24.11,24.20,24.11,24.29,24.39,23.92,24.01,24.29,24.48,24.76,24.11,24.76,24.57,24.48,24.29,24.57,23.92,24.67,24.39,24.39,24.20,24.11,24.20,24.39,24.39,24.48,24.11,24.39,24.67,24.29,23.92,24.67,24.39,24.39,24.01,24.57,24.48,24.20,24.67,24.29,23.92,24.85,24.11,24.11,23.92,24.29,24.39,24.20,24.11,23.92,24.01,24.11,23.73,24.39,23.83,23.83,24.01,24.01,23.64,24.01,24.11,24.11,24.01,24.39,23.92,23.83,24.11,24.29,24.11,24.11,23.83,23.55,24.01,24.01,24.01,24.29,24.01,23.64,24.67,23.83,23.83,23.92,24.20,24.01,23.64,24.11,24.11,24.48,24.01,24.39,23.26,23.83,24.01,24.01,24.39,24.11,24.11,24.29,24.20,24.29,24.39,24.01,23.64,24.01,24.01,23.73,24.11,24.29,24.01,24.01,24.29,24.01,24.20,24.20,23.92,23.73,24.01,24.85,24.29,23.92,24.20,24.01,23.55,23.64,24.57,24.01,24.39,23.73,24.11,24.11,23.73,24.20,23.92,23.73,24.11,23.08,24.20,24.39,24.29,23.36,23.26,24.20,23.73,24.01,23.83,23.55,24.39,24.01,23.92,23.64,24.11,24.01,23.92,23.92,23.92,23.92,24.01,23.92,24.01,24.01,24.01,23.64,24.20,23.45,24.11,24.29,24.20,24.29,23.64,24.29,24.11,24.29,23.92,24.39,23.73,24.29,24.29,24.20,24.01,24.29,24.67,24.01,24.11,23.73,23.26,23.64,24.39,24.01,23.73,24.11,23.55,23.64,23.92,23.45,23.83,24.29,24.11,24.39,23.92,24.20,24.01,23.92,23.83,24.29,24.01,24.11,23.73,23.83,23.92,24.29,23.26
23.92,23.83,23.92,23.26,23.26,23.64,23.45,23.64,23.73,23.83,23.83,23.55,23.17,24.39,23.64,23.64,23.83,23.55,23.26,24.01,24.11,23.83,23.45,23.45,24.39,24.11,23.83,23.45,23.55,24.29,24.29,23.73,23.55,23.83,23.45,23.55,23.64,23.92,23.92,24.29,23.73,24.29,24.39,24.20,24.11,23.83,24.20,24.11,24.20,23.73,24.01,24.11,23.73,23.73,24.11,24.01,24.29,24.01,23.92,24.39,24.01,24.01,24.01,23.45,24.20,23.92,24.01,24.01,24.11,24.39,24.57,23.73,23.92,23.73,23.73,23.83,24.01,24.11,23.64,23.55,24.01,24.01,23.83,23.55,24.29,24.01,24.48,24.11,23.73,24.11,23.83,23.83,23.83,23.83,24.20,23.92,24.29,24.01,23.45,24.39,24.67,24.01,24.01,23.45,23.73,24.57,24.29,24.20,24.11,24.01,24.11,23.73,24.01,24.29,23.64,23.64,24.11,24.01,24.01,23.73,24.29,23.92,24.01,24.01,24.20,24.20,24.20,24.01,24.01,24.20,24.01,24.11,24.01,24.29,24.29,23.83,23.36,24.01,24.11,24.20,24.48,24.01,24.11,23.64,24.20,24.20,23.55,24.01,24.01,23.92,24.57,24.29,24.39,24.29,23.92,24.39,24.29,24.48,24.20,25.20,24.01,24.39,24.11,24.01,24.29,24.20,24.20,23.92,24.39,24.29,24.20,24.20,24.01,24.20,24.20,24.29,24.01,24.67,24.48,24.93,24.20,23.92,24.20,24.29,24.48,24.11,23.83,24.39,23.45,23.92,24.11,23.83,24.01,24.48,24.20,24.76,23.83,24.29,24.39,23.92,24.39,23.92,24.20,24.57,24.48,24.20,24.57,24.11,24.01,24.57,24.11,24.29,24.20,24.20,23.92,24.11,24.20,24.67,24.01,24.29,24.11,23.45,23.73,24.39,23.55,23.92,24.01,24.01,23.64,23.64,24.29,23.64,24.20,24.67,24.01,24.11,23.83,24.29,23.92,24.39,24.29,24.01,24.29,24.01,23.92,23.64,23.83,23.83,23.83,24.39,23.73,24.01,24.11,24.01,23.73,24.20,23.36,24.01,24.01,23.73,24.29,24.20,23.92,23.55,23.73,23.73,23.92,24.01,24.11,23.64,24.01,24.01,24.48,23.83,24.01,24.01,23.73,23.83,23.92,24.48,24.39,23.73,23.73,24.11,24.29,24.20,23.55,23.55,23.83,24.11,24.29,24.11,24.48,24.20,24.01,23.83,23.17,23.83,24.01,23.55,23.45,23.64,24.57,24.01,24.11,23.45,24.01,23.73,23.92,24.20,24.01,23.73,23.45,24.11,23.55,23.73,23.92,24.11,23.73,24.48,23.92,23.92,24.67,23.45,23.73,24.11,23.55,24.11,23.83,23.55,24.11,23.83,23.83,23.45,24.11,23.55,23.45,24.01,23.73,24.20,24.20,24.11,23.73,24.20,24.20,23.73,24.01,23.92,23.83,24.01,24.39,24.11,23.83,23.73,24.39,23.36,24.01,24.01,23.64,24.20,23.92,23.73,23.55,23.64,23.83,23.64,23.64,24.57,24.29,23.92,23.73,23.92,23.73,24.01,23.73,24.11,23.26,24.01,24.01,24.29,23.64,23.92
23.55,23.36,23.73,24.39,24.01,23.73,23.17,23.92,23.83,23.17,23.36,23.36,24.01,23.55,24.20,24.11,23.64,23.55,23.36,23.55,23.73,23.73,23.64,24.29,23.73,24.11,24.11,23.64,23.64,24.20,23.08,23.45,24.01,23.83,23.55,23.08,23.64,23.55,24.11,23.55,23.83,23.55,24.39,23.45,24.01,23.83,23.17,24.11,24.01,23.83,24.48,22.96,23.64,24.01,23.92,23.73,23.83,23.55,23.73,23.83,23.92,23.64,23.92,24.20,23.92,23.64,23.73,23.73,23.92,23.83,23.83,23.73,23.92,23.73,23.55,23.64,23.83,23.73,24.29,24.11,24.20,23.83,24.11,24.11,23.92,23.92,24.29,24.11,24.29,23.55,23.73,24.11,23.55,24.01,24.01,24.01,24.39,24.11,24.11,24.39,23.55,23.64,23.92,23.73,24.20,24.20,23.73,24.01,24.20,23.73,24.01,23.36,24.11,23.83,24.11,24.29,24.01,24.29,24.20,24.11,24.20,24.29,24.39,23.73,24.01,24.11,24.29,24.39,23.64,24.01,24.29,24.01,24.11,24.01,24.20,24.39,24.39,23.83,24.29,23.73,24.29,23.83,24.39,24.11,24.48,23.92,23.36,23.55,23.83,24.11,23.73,24.39,24.48,23.92,23.92,23.73,23.64,24.39,24.39,24.01,23.83,23.64,23.92,23.92,24.01,24.39,24.01,24.01,24.67,24.20,24.29,24.20,24.48,24.29,24.11,24.01,24.20,24.29,24.11,24.01,24.01,24.29,24.93,24.29,23.92,24.39,24.29,23.73,24.39,24.29,24.29,24.29,24.01,23.64,24.29,24.48,24.57,23.64,24.11,24.57,24.11,24.67,23.83,23.83,24.01,24.29,23.92,24.39,24.20,24.39,24.01,24.29,24.29,24.01,24.01,24.11,24.01,24.29,23.92,24.29,23.83,23.73,23.83,23.73,23.83,24.01,24.29,24.11,23.64,23.83,24.11,24.20,24.29,24.93,23.73,23.83,23.73,23.36,23.73,24.01,23.83,23.92,23.83,23.45,24.11,24.11,24.29,24.29,24.11,23.83,23.55,24.01,24.48,24.29,23.64,23.45,23.55,24.20,24.20,24.01,23.83,24.11,23.83,23.73,24.39,24.01,23.92,23.92,23.83,23.83,24.29,24.20,24.01,24.39,24.11,23.92,23.26,23.73,23.92,23.92,24.01,24.11,24.01,24.01,23.92,24.29,23.83,23.73,24.01,23.92,23.36,23.36,23.45,23.83,24.39,23.64,23.92,24.29,24.11,24.20,24.29,23.73,24.01,24.01,23.73,24.01,23.83,24.29,23.83,24.29,23.92,23.73,23.45,23.45,23.73,24.20,23.64,24.29,24.01,23.83,24.11,23.55,23.26,24.29,23.83,23.73,23.83,23.73,23.92,23.55,23.64,23.45,24.57,24.20,23.26,23.73,24.20,23.64,23.17,24.29,23.92,23.45,23.92,23.55,24.29,23.73,23.92,24.29,23.92,23.73,23.73,24.01,23.73,24.01,23.83,24.11,23.73,24.11,23.55,24.20,23.83,23.64,23.17,23.83,23.45,24.20,23.64,23.92,23.73,23.73,23.55,24.20,24.01,23.83,24.20,23.73,24.01,23.36,24.20,23.17,24.01,23.73
23.45,23.83,23.73,23.64,23.17,23.64,23.73,23.73,23.55,24.20,23.45,23.73,23.45,23.17,24.11,23.36,23.92,23.17,24.39,23.36,23.92,23.64,23.55,23.55,23.64,23.64,23.92,24.01,23.92,23.92,23.73,23.64,23.45,23.83,23.17,23.83,23.64,23.26,23.64,23.55,23.83,24.01,23.45,23.92,23.64,23.64,24.11,24.57,24.11,23.83,23.55,24.11,23.92,23.45,22.96,23.83,23.64,23.83,23.73,24.11,23.45,23.64,24.01,23.83,23.64,23.45,23.45,23.73,24.11,23.73,24.57,24.11,23.83,24.11,23.45,23.26,23.64,23.36,23.26,23.83,23.92,24.20,24.01,23.64,23.92,23.92,23.55,23.73,24.20,23.45,23.73,24.48,23.36,23.73,23.64,24.29,24.11,23.73,23.73,24.01,23.92,24.01,24.29,24.01,23.64,24.01,24.01,23.92,24.11,24.01,23.45,23.83,23.92,23.45,23.45,23.83,24.29,23.73,23.83,23.73,23.73,24.11,24.29,23.92,23.73,23.92,23.45,23.92,24.11,23.45,24.39,23.92,23.73,24.20,23.83,24.67,24.11,23.92,24.01,24.11,24.20,24.29,24.29,23.73,24.11,24.11,24.20,24.39,23.55,24.01,24.01,24.29,24.11,23.83,23.92,23.73,23.92,24.39,24.20,24.57,23.83,23.83,24.48,23.64,23.73,24.11,23.92,24.01,23.73,24.01,24.39,24.01,23.73,24.01,24.20,23.73,23.73,24.20,23.83,23.83,24.11,23.73,23.92,24.57,24.11,23.55,24.57,24.11,24.20,24.11,24.11,24.29,24.01,23.92,23.73,23.73,24.39,24.20,24.67,24.11,24.11,24.20,24.57,24.11,24.39,24.20,24.11,24.11,24.20,24.11,23.83,24.01,24.20,24.01,24.57,24.20,24.20,24.11,24.11,24.29,24.20,23.83,24.20,23.73,23.83,24.01,24.39,24.48,23.73,23.92,24.01,23.92,24.11,23.92,23.73,23.92,24.29,23.45,23.73,24.01,24.01,24.57,23.64,23.64,23.64,23.92,24.39,23.55,24.39,24.57,23.64,24.01,24.29,23.92,23.55,23.83,24.01,23.92,24.48,24.11,24.29,24.20,23.45,24.01,23.73,24.20,24.01,24.29,24.01,23.45,24.01,23.92,24.01,23.83,23.45,24.57,24.01,24.11,24.20,24.01,24.11,23.83,24.01,24.29,23.64,24.01,24.11,24.39,23.83,24.01,23.83,23.55,23.26,23.55,23.36,23.73,24.11,24.20,23.92,24.29,23.26,23.26,23.55,22.96,23.83,24.11,23.73,23.45,24.11,23.08,23.83,23.73,23.83,23.55,23.83,23.83,23.73,24.48,23.55,24.01,23.83,23.83,23.26,23.83,24.01,23.73,24.11,23.92,23.73,23.83,23.45,24.11,23.92,23.55,23.55,24.11,23.83,23.73,24.11,24.01,24.39,23.92,23.36,23.73,23.83,23.17,24.39,23.92,23.55,24.01,23.64,23.45,23.83,24.11,23.83,23.55,23.73,23.83,23.55,23.92,24.01,23.92,23.83,23.55,23.83,24.11,23.83,24.29,23.45,23.26,24.20,24.11,24.29,24.11,23.73,24.20,23.36,23.64,23.83,23.92,24.11,23.73
23.17,23.45,23.73,23.73,23.36,22.87,23.64,23.64,23.83,23.45,23.92,23.45,23.17,23.83,24.01,22.96,23.73,23.17,23.64,22.87,23.83,23.55,23.92,23.45,23.36,23.73,23.73,23.64,24.01,23.45,23.08,23.55,23.36,23.55,23.83,23.64,23.36,23.36,24.01,23.64,23.36,23.17,23.36,23.45,24.11,23.45,23.64,23.36,23.83,23.64,23.64,23.64,23.92,23.36,23.92,23.83,23.64,23.83,23.64,23.36,23.36,23.73,23.83,24.11,23.36,24.01,23.73,24.11,24.01,23.45,23.83,23.83,23.83,24.11,24.11,23.83,23.64,24.39,23.55,24.11,23.73,23.83,23.73,24.20,23.36,24.11,23.55,24.01,23.73,24.11,23.55,23.45,23.64,24.11,23.73,24.20,23.36,23.92,24.29,24.11,24.39,23.83,23.83,23.45,23.55,23.83,24.20,23.55,24.29,23.83,24.29,24.20,23.83,23.92,23.83,24.11,24.11,23.92,24.29,24.01,23.92,24.01,23.73,24.39,24.01,23.55,23.55,23.92,24.01,24.01,24.48,23.83,23.36,23.45,24.29,24.01,23.92,24.11,24.11,24.39,24.01,23.55,23.55,23.92,23.36,23.73,24.20,23.83,24.57,23.83,24.29,24.67,23.73,24.01,23.92,24.39,24.29,24.11,24.39,24.48,24.11,23.92,23.92,24.76,24.11,24.01,24.01,23.92,24.01,24.01,24.11,24.39,23.45,24.48,24.01,24.11,24.39,23.55,24.29,24.48,23.64,23.92,24.39,23.83,23.83,23.83,24.11,23.45,24.20,24.01,24.29,23.73,24.01,24.01,24.57,24.29,24.20,23.83,23.92,24.20,24.11,24.39,24.01,23.83,24.29,24.01,24.20,24.39,23.92,23.73,24.29,23.92,24.01,23.92,23.64,24.39,24.39,23.83,23.36,24.39,23.83,23.83,23.83,23.64,24.29,23.55,23.55,24.11,23.92,24.01,24.39,23.92,24.39,23.83,23.55,24.11,23.73,23.73,23.83,23.83,24.20,24.29,23.92,23.92,23.64,24.20,24.11,23.92,23.55,23.26,23.26,23.83,23.64,23.83,23.83,23.83,23.92,23.92,24.11,23.64,23.83,23.83,24.48,23.73,24.11,23.83,23.55,23.83,24.20,23.83,24.11,23.83,23.45,23.83,23.83,23.73,23.26,23.55,23.64,23.64,23.92,23.83,23.26,23.64,23.55,23.17,23.55,23.55,23.55,23.83,23.92,23.73,23.83,24.39,24.20,23.55,24.11,23.45,23.64,23.26,23.83,23.83,23.73,23.92,23.64,23.45,24.01,23.73,23.08,24.01,23.55,23.64,23.73,23.55,24.39,23.64,23.55,24.48,23.64,23.64,24.11,23.26,23.17,23.83,24.01,23.55,23.64,23.36,24.11,23.73,23.83,23.36,23.36,23.26,23.83,22.77,23.83,23.64,23.64,23.83,23.92,23.26,23.73,23.73,24.11,23.92,24.11,23.92,23.83,23.83,23.64,24.01,23.64,24.01,23.55,24.01,23.73,23.45,23.45,23.73,24.01,24.29,23.36,23.83,23.92,23.17,23.83,23.83,23.83,23.64,23.83,23.83,23.64,23.73,23.36,23.55,23.55,23.08,23.55,23.45,23.45,23.45
23.36,22.96,23.08,23.83,23.36,23.55,22.96,23.55,23.45,23.55,23.55,22.96,23.55,23.45,23.73,23.45,23.26,23.73,23.26,23.64,23.36,23.92,23.36,23.26,23.17,23.83,23.17,23.92,24.01,23.08,23.73,23.45,23.45,23.64,23.26,22.77,23.45,23.45,23.64,23.55,23.92,23.64,23.45,23.83,23.83,23.36,23.64,23.64,23.83,23.92,24.11,23.83,23.64,23.73,23.73,24.48,23.55,24.39,23.83,24.11,23.26,24.01,23.83,23.64,23.73,23.73,23.26,23.64,23.55,23.73,23.83,23.73,23.83,24.11,23.45,23.92,23.73,23.26,23.92,24.29,23.36,23.83,23.64,23.83,23.92,23.36,23.45,24.20,23.55,23.73,23.26,23.64,23.64,24.11,23.64,24.39,23.36,23.64,24.01,24.20,23.64,24.01,23.17,23.83,23.83,23.73,23.55,23.26,23.73,24.01,24.11,23.83,23.26,24.29,24.20,23.73,24.01,23.92,23.64,23.73,23.45,24.11,24.48,24.48,23.36,23.55,22.87,24.39,23.73,23.64,23.64,23.64,24.11,24.01,24.11,23.92,24.39,24.11,23.83,23.73,24.01,23.92,23.83,23.83,23.45,23.45,24.20,24.57,23.83,24.01,24.11,23.83,23.64,24.39,23.73,24.01,23.73,24.48,23.83,23.92,24.01,24.11,24.67,23.92,23.92,24.01,24.01,23.83,23.83,24.39,23.92,24.20,23.83,23.83,23.83,23.73,24.01,24.20,23.92,23.83,23.55,23.83,23.83,24.29,24.29,24.39,24.20,23.64,24.39,24.39,23.73,24.01,23.83,23.73,24.39,23.83,23.64,24.29,24.01,24.01,23.73,23.55,23.92,24.11,23.73,23.83,24.20,23.92,24.11,23.83,24.11,24.20,24.39,23.26,23.55,23.83,23.83,23.83,24.20,24.11,23.92,23.92,24.11,23.83,24.29,23.92,23.73,24.11,23.55,24.39,23.83,23.83,24.29,23.83,23.36,23.36,23.64,24.29,23.83,24.01,23.26,23.92,24.11,23.83,24.20,23.83,23.55,23.73,24.11,23.64,23.36,24.11,23.92,24.11,24.29,23.36,23.45,24.01,24.01,23.73,24.01,23.64,23.83,24.11,23.73,23.55,24.20,23.55,24.01,23.73,24.01,23.73,23.73,23.83,23.83,23.64,23.45,23.55,23.73,24.48,23.73,23.83,23.55,23.45,23.73,23.26,23.26,24.11,23.36,24.39,23.83,23.73,23.92,24.11,23.55,24.01,24.11,23.73,22.68,23.92,22.96,23.55,23.17,24.01,23.45,23.36,23.73,23.36,23.92,24.01,23.64,24.01,23.83,23.92,23.45,23.36,23.55,23.73,23.17,23.26,23.92,23.73,23.64,24.29,23.55,23.83,23.45,23.55,24.01,24.20,23.36,23.08,23.83,23.83,24.11,23.92,23.83,23.92,23.55,23.83,23.73,23.83,24.11,23.73,23.83,23.64,23.83,23.64,24.11,23.64,24.01,23.92,23.64,23.36,23.92,23.45,24.11,23.92,23.64,23.92,23.92,23.73,24.11,23.64,23.83,23.64,23.83,23.64,23.17,23.64,23.92,23.36,23.83,23.55,23.17,23.45,23.17,23.73,23.92,22.87,23.55,23.55
23.64,23.45,23.64,23.73,23.08,23.26,22.96,23.08,22.47,23.92,23.45,23.08,22.77,23.55,23.26,23.55,23.26,23.17,22.96,23.36,23.55,23.55,23.73,23.17,24.01,23.17,23.36,24.20,23.73,23.55,23.73,23.45,23.55,23.17,24.11,23.17,24.39,23.73,23.26,23.64,23.92,23.36,23.83,23.26,23.26,23.83,23.83,23.36,23.92,23.55,23.64,24.11,23.64,23.36,23.92,24.11,23.92,23.55,23.17,23.55,23.08,23.64,23.55,23.08,24.20,23.08,23.26,23.73,23.55,23.55,23.36,24.20,24.01,24.20,23.55,23.92,23.83,23.55,23.64,24.01,23.73,23.36,24.11,23.55,24.01,23.73,23.26,23.92,24.11,23.83,23.45,23.83,24.11,23.64,23.83,23.36,23.55,23.64,23.36,23.83,23.64,23.45,23.26,23.92,23.73,23.64,23.73,23.83,24.01,23.73,24.01,23.36,23.92,24.20,23.26,23.55,24.20,22.96,24.01,23.83,23.64,24.11,23.73,23.83,24.01,23.55,23.92,23.64,23.83,23.73,23.55,23.73,23.92,23.83,23.55,23.83,23.83,23.55,24.11,23.55,23.64,24.20,23.36,24.11,24.29,23.64,23.92,24.01,23.64,23.55,23.83,24.11,23.83,24.57,24.67,23.92,24.11,23.55,23.17,24.11,24.11,23.73,23.83,23.73,23.83,23.73,23.83,23.17,23.26,23.26,23.83,24.01,24.48,24.20,24.01,23.83,23.73,24.01,23.55,24.11,23.64,24.20,23.83,24.01,24.01,23.55,24.11,24.11,23.55,24.11,23.92,24.11,23.55,24.11,24.01,24.11,24.29,23.92,24.20,24.11,24.01,23.83,23.83,23.83,23.83,23.36,24.39,24.01,23.73,23.83,23.45,23.64,23.45,24.01,24.20,24.39,24.29,24.29,23.92,24.20,23.73,23.55,24.20,23.64,23.26,23.45,23.36,24.48,23.17,23.73,24.01,23.73,23.55,23.55,23.83,23.26,23.92,23.55,23.64,23.64,23.45,24.11,24.11,23.55,24.11,24.11,23.55,24.20,24.01,23.83,23.92,23.26,23.92,23.73,23.92,24.01,23.83,23.83,24.11,23.83,23.92,23.92,23.92,23.92,23.92,23.26,23.92,23.83,23.55,23.45,23.55,24.20,23.36,23.64,24.01,23.17,24.20,23.45,23.73,23.73,23.64,23.36,23.55,23.83,24.57,23.08,23.45,23.64,24.20,23.55,23.83,23.26,23.64,23.64,23.55,23.83,24.01,23.36,23.83,23.92,23.83,23.64,23.83,23.83,23.17,23.36,23.26,23.55,23.83,23.17,24.01,23.36,23.36,23.73,24.01,23.83,23.64,23.83,23.08,23.45,23.64,23.83,23.26,23.64,23.64,24.01,23.64,23.26,23.55,23.64,24.85,23.64,23.83,23.55,22.87,24.20,23.83,23.08,24.48,23.17,22.77,24.29,23.55,23.45,23.36,23.64,23.73,23.73,23.92,23.73,23.17,23.64,23.73,23.92,23.83,23.64,23.36,23.45,23.55,24.11,23.83,23.92,23.83,23.64,23.64,23.64,24.20,24.11,23.55,24.29,23.92,23.64,23.55,23.36,23.73,23.64,23.83,23.17,23.64,23.83,23.64,23.64
22.68,23.08,23.17,23.17,23.26,23.36,23.45,23.17,23.36,23.64,23.08,23.83,23.83,23.83,23.55,23.55,23.26,23.26,23.26,23.17,23.17,23.08,23.55,23.73,23.45,23.64,22.96,23.73,23.45,22.87,22.77,23.73,23.26,24.01,23.45,23.55,23.55,23.73,23.45,24.01,22.96,23.64,23.83,22.87,23.26,23.45,23.73,23.36,23.17,23.55,23.55,23.64,23.45,24.20,23.17,23.64,24.11,23.64,24.01,23.64,23.45,22.68,23.64,23.55,23.55,23.36,24.11,23.36,23.17,23.73,23.64,23.45,23.17,23.08,23.55,24.20,23.64,23.64,23.36,23.36,24.01,23.64,23.36,23.92,23.36,23.36,23.64,23.45,23.73,23.92,23.83,24.11,24.11,23.17,23.73,23.36,23.64,23.36,23.92,23.36,23.83,24.20,23.73,23.36,23.92,24.01,23.36,24.20,23.36,23.64,23.83,23.36,23.64,23.36,23.36,23.36,23.36,24.20,24.11,23.92,24.20,23.36,23.55,23.64,23.45,22.77,23.36,23.73,23.92,23.45,23.36,23.64,23.55,23.73,23.36,23.45,24.29,24.11,24.20,23.45,23.92,23.64,23.17,24.01,23.92,23.45,23.64,23.83,23.83,23.92,23.45,23.64,23.92,24.11,23.64,23.92,23.36,23.55,24.20,24.01,24.20,23.64,23.64,23.64,24.39,23.92,23.83,23.73,23.55,23.55,23.83,23.73,23.64,24.29,23.73,23.92,23.83,23.55,24.39,23.92,24.20,23.73,24.20,23.64,23.83,23.83,24.11,23.92,23.83,23.83,24.48,24.20,23.73,24.29,24.11,24.20,24.11,24.11,24.11,23.08,23.73,23.64,23.45,23.64,23.64,23.92,23.83,24.01,23.55,24.01,24.29,23.73,23.36,23.92,24.11,23.17,23.83,24.29,23.83,23.17,23.36,23.83,23.45,23.45,23.64,24.01,23.92,23.73,24.11,23.26,23.92,23.36,23.83,23.36,23.17,24.11,24.20,23.64,23.83,23.83,23.83,23.55,23.83,23.64,23.92,23.92,23.92,24.01,22.96,23.36,24.29,23.92,23.64,23.73,23.55,23.73,23.17,23.45,23.83,23.64,23.55,23.73,23.83,23.73,23.83,23.92,23.55,23.92,23.26,24.11,23.92,23.17,23.83,23.36,24.01,23.55,23.64,23.08,23.83,23.45,23.55,23.55,23.64,23.73,23.83,23.64,23.17,23.64,23.26,24.11,23.55,23.73,23.73,23.36,23.83,23.26,23.64,23.45,23.08,23.64,23.36,23.83,23.73,23.55,23.64,23.83,23.73,23.92,22.96,23.83,23.92,23.55,24.20,23.17,24.11,23.08,23.45,23.45,24.11,22.96,23.64,23.08,23.64,23.55,23.83,23.73,23.36,23.55,23.55,23.26,23.55,24.11,23.36,24.11,23.64,23.73,23.83,23.92,23.83,23.36,23.92,23.83,24.01,23.64,23.64,23.45,23.26,23.83,23.73,23.64,23.92,23.08,23.45,24.20,23.64,23.64,23.92,23.45,23.64,23.64,23.26,23.92,23.64,23.17,23.83,24.29,23.64,23.73,23.36,23.92,24.01,22.96,23.45,23.73,23.17,23.17,23.83,23.64,23.36,23.45,24.20,23.64
22.96,22.96,23.17,22.96,22.68,22.77,22.87,22.68,22.87,23.17,23.36,23.36,22.87,23.83,23.26,23.08,23.36,23.92,23.17,23.17,24.11,23.55,22.87,23.45,22.87,23.73,23.73,23.26,23.55,23.17,23.26,23.73,23.36,23.26,23.26,23.92,23.92,23.73,23.26,23.64,23.26,23.45,23.26,23.83,23.26,23.64,23.73,23.55,23.55,24.20,23.73,24.29,22.96,23.55,23.26,23.83,23.45,24.01,23.36,22.96,23.26,23.55,23.55,24.48,23.64,23.36,23.45,22.96,23.45,23.64,23.64,24.01,23.26,23.73,23.64,23.64,23.64,24.11,24.11,23.92,23.92,23.64,23.73,23.17,23.73,23.26,23.64,23.64,23.92,22.96,23.83,23.64,23.73,24.01,23.36,23.08,23.36,23.64,23.45,23.36,24.01,22.96,23.45,23.45,23.64,23.92,23.17,23.55,23.55,24.11,23.36,23.36,23.73,23.45,23.64,23.64,23.64,23.64,23.92,23.45,23.83,23.64,23.64,23.64,23.17,23.92,23.92,23.36,23.92,23.36,23.83,23.73,23.83,23.64,24.11,23.55,23.83,24.11,23.92,23.36,23.83,23.64,23.92,23.83,23.55,23.83,24.11,23.36,23.55,23.55,23.64,23.83,24.01,23.64,24.20,23.64,24.11,23.64,22.87,23.64,24.11,23.92,23.64,23.73,23.55,24.20,23.55,23.08,23.83,23.55,24.11,24.39,24.01,24.39,23.92,23.73,24.11,23.73,23.73,24.11,23.08,23.26,23.83,23.73,23.55,23.64,24.29,23.36,24.11,23.73,24.11,24.11,23.83,24.20,23.64,24.11,24.48,23.73,23.92,24.11,24.39,23.73,23.92,24.01,23.55,23.83,24.11,24.11,24.01,24.20,24.01,24.29,24.29,23.83,23.36,23.73,23.83,23.55,23.92,24.01,23.83,24.11,24.20,24.01,23.45,23.73,23.83,23.64,23.73,23.64,23.17,23.17,24.39,23.83,23.26,23.08,23.36,23.83,23.92,23.73,23.64,23.73,23.83,23.73,23.08,24.20,23.36,23.64,23.92,23.64,23.36,23.55,23.36,23.64,23.64,23.64,23.17,23.83,23.45,24.20,24.01,23.55,23.83,23.17,23.26,24.01,23.36,23.64,23.45,23.64,23.64,23.64,23.45,23.17,23.92,24.20,23.64,23.92,23.45,23.17,23.73,23.92,23.17,23.73,23.55,23.73,23.64,23.36,23.64,23.45,23.64,23.55,23.64,23.64,23.83,23.45,23.17,23.92,23.92,23.26,23.73,24.11,24.11,23.64,23.73,23.26,23.17,23.64,23.55,23.83,23.45,23.36,23.36,23.45,22.96,23.64,23.36,23.64,23.55,23.73,23.73,24.01,24.11,23.17,23.45,23.45,23.45,23.08,23.17,23.45,23.17,23.36,23.17,23.36,23.36,23.64,23.55,23.64,23.36,24.20,23.73,23.64,23.83,23.36,23.36,23.26,23.64,23.17,23.45,24.01,23.73,23.55,23.92,23.73,23.17,23.83,23.64,24.20,23.36,24.01,23.83,22.96,23.73,23.26,23.73,23.36,24.29,24.11,23.92,23.36,23.26,23.26,23.45,23.36,23.92,24.01,23.73,24.20,23.45,23.26,23.17,23.64
23.64,23.36,22.87,23.64,22.96,23.17,22.96,23.45,23.36,23.17,23.36,23.36,22.96,22.87,23.36,23.36,22.87,23.36,23.83,23.36,23.36,23.17,23.08,23.55,23.17,23.92,23.17,23.36,23.64,23.45,23.08,24.01,23.26,23.83,23.26,23.26,23.73,23.26,23.55,23.36,22.77,23.36,23.45,23.08,23.08,23.08,23.55,23.45,23.55,23.08,23.26,23.45,23.26,23.83,22.96,23.83,23.36,23.08,23.17,23.83,22.77,23.26,23.08,23.64,23.45,23.17,23.45,23.55,23.17,23.73,23.26,22.96,24.01,23.45,23.45,23.17,23.26,23.17,23.83,23.45,23.64,23.45,22.96,23.45,23.73,23.64,23.55,22.96,23.36,23.92,23.45,23.83,22.87,23.36,23.92,23.73,23.64,23.92,23.45,23.64,23.17,23.92,23.45,23.55,23.45,23.92,23.26,23.83,23.64,24.39,23.45,23.55,23.55,23.73,23.83,23.73,23.17,23.83,23.73,23.64,23.45,23.36,23.17,23.73,23.64,23.45,23.26,23.64,23.64,24.11,23.45,22.96,23.36,23.83,23.08,23.26,23.08,23.26,23.45,24.11,23.36,23.17,23.64,23.64,23.55,23.45,24.39,23.92,23.17,23.36,23.83,23.83,23.36,23.92,23.92,23.17,23.73,23.92,23.64,23.45,23.36,24.01,23.36,24.48,23.55,22.68,22.68,23.36,23.55,23.55,24.20,23.55,23.92,24.20,23.92,23.36,23.83,23.17,24.67,23.45,23.73,23.92,24.01,23.73,23.83,23.45,23.83,24.57,23.83,23.83,23.83,24.20,24.01,23.64,24.20,24.01,24.01,23.64,23.73,23.73,24.48,24.01,23.92,23.92,23.73,23.73,24.20,23.73,23.45,24.48,23.55,24.11,23.36,23.36,23.92,23.92,23.17,24.29,23.92,23.73,23.73,23.73,23.36,23.83,23.64,23.36,24.01,23.64,23.36,23.17,23.92,23.55,23.92,23.55,23.83,23.92,23.64,23.64,23.92,23.92,23.92,23.55,23.64,23.64,22.87,23.36,23.83,23.55,24.20,23.92,22.87,23.55,23.64,24.01,23.64,23.92,23.17,23.45,23.17,24.11,23.45,23.45,23.17,23.64,23.26,23.55,23.17,23.73,23.73,23.64,23.36,23.36,23.17,23.55,23.55,23.64,23.36,22.87,23.92,23.64,24.11,23.92,23.73,23.17,23.73,23.45,22.87,23.36,23.92,23.17,23.17,23.73,23.45,23.45,23.45,23.64,23.45,24.29,23.73,23.73,23.83,23.45,23.55,23.45,23.92,23.64,23.64,23.73,23.45,23.17,23.26,23.36,24.11,23.45,23.36,24.01,23.64,24.11,22.96,23.92,24.20,23.36,23.92,24.01,23.45,23.17,24.11,23.64,23.92,23.55,23.45,23.92,23.26,22.68,23.73,23.26,23.64,23.45,23.64,23.26,23.64,24.01,23.45,23.45,24.01,23.26,23.64,23.17,23.45,23.73,23.17,23.45,23.26,23.73,23.92,23.73,23.45,23.17,23.17,23.83,23.45,23.26,24.01,23.17,23.17,22.96,23.36,23.55,23.92,23.55,23.45,23.73,23.45,23.64,23.17,23.08,23.17,23.36,23.45,23.45,23.92,23.64
22.05,22.77,22.96,23.08,23.17,22.77,22.47,23.36,23.64,22.77,23.17,23.55,23.55,22.47,23.26,22.77,22.68,23.26,23.36,22.77,22.47,22.96,23.36,23.08,23.83,22.96,23.17,23.64,22.87,23.17,22.87,23.36,23.17,23.08,23.55,23.45,23.64,22.87,23.36,23.55,22.87,23.08,23.17,23.26,23.26,24.01,23.55,23.73,23.26,23.55,23.73,23.08,23.26,23.73,23.55,22.87,23.45,23.36,23.36,23.55,23.55,23.83,22.96,23.08,23.73,23.45,23.73,23.45,23.45,23.26,22.77,23.92,23.45,23.73,23.55,23.45,23.45,23.26,23.26,22.77,23.73,23.64,23.55,23.55,23.73,23.17,23.36,23.73,23.26,22.38,23.17,23.45,22.96,24.29,23.36,23.45,23.73,23.64,23.45,23.45,23.45,23.45,22.96,23.92,23.73,23.83,22.87,24.11,23.55,23.73,23.45,23.64,23.73,23.17,23.45,23.55,23.73,23.55,24.11,23.26,23.73,23.36,23.64,22.96,23.73,23.83,23.17,23.73,23.45,24.20,23.17,23.45,23.92,23.17,23.45,23.45,23.73,24.20,23.45,23.64,23.17,23.64,24.01,23.83,23.73,23.83,23.73,23.36,23.45,23.73,23.26,23.83,23.64,23.36,23.45,23.26,24.11,23.92,23.45,24.20,23.92,23.73,23.92,23.92,23.83,23.36,23.45,23.36,23.92,23.45,23.64,23.55,23.73,23.92,24.01,23.92,23.26,24.11,23.64,23.45,23.73,23.55,23.64,23.64,23.73,23.73,23.73,23.92,23.73,23.92,24.20,23.92,24.11,24.01,24.29,23.83,24.48,24.20,24.11,23.92,23.73,24.20,23.92,23.92,24.01,24.20,23.55,23.64,23.92,23.64,23.64,23.45,23.45,23.92,24.11,23.92,23.55,23.64,24.11,23.64,23.73,23.92,23.17,23.92,23.73,23.36,23.64,23.92,23.55,23.92,24.20,23.45,23.17,23.36,22.38,23.45,23.45,24.20,23.36,23.45,23.45,23.73,23.17,23.73,23.64,22.96,23.83,23.64,23.26,23.73,23.36,23.36,24.20,23.73,23.92,23.17,23.64,24.01,24.20,23.55,23.64,24.11,23.64,23.73,23.45,23.92,23.26,24.11,23.36,23.92,23.45,23.83,22.96,23.36,23.83,22.96,23.26,24.01,23.08,24.01,24.11,23.26,24.01,23.55,23.55,23.73,23.36,23.45,23.83,23.83,23.73,23.45,23.36,23.17,22.96,23.17,23.55,23.55,23.36,23.64,24.01,23.73,23.83,24.20,23.45,23.55,23.55,23.73,23.55,23.26,23.64,23.55,22.87,23.17,23.36,23.73,23.64,23.83,23.64,23.26,23.36,23.08,23.45,23.73,23.45,23.45,23.26,23.17,22.96,23.45,23.92,23.55,22.87,23.36,23.92,23.55,23.45,22.96,23.92,23.55,23.26,23.55,23.55,22.77,23.36,23.26,23.55,23.83,23.26,22.87,22.77,23.45,23.55,23.64,23.26,23.26,23.55,23.55,23.36,23.45,22.38,24.11,23.73,22.96,23.26,23.55,23.45,22.96,23.73,23.73,23.45,23.36,23.17,23.36,23.55,23.17,23.92,22.77,22.87,23.17,23.83,23.45
23.08,22.87,22.47,22.96,22.38,22.38,23.17,22.57,22.57,22.77,22.57,22.47,22.77,22.77,23.08,22.77,23.64,22.96,22.68,23.17,23.36,23.45,23.36,22.96,22.77,23.26,23.17,22.47,23.36,23.08,23.17,22.96,23.83,22.17,23.55,23.45,23.26,23.64,23.17,23.17,22.68,23.55,23.55,23.17,23.08,23.36,23.08,23.64,23.36,23.36,23.36,23.64,23.73,23.45,23.26,23.36,22.87,23.36,23.08,22.96,23.08,23.08,23.45,23.26,23.17,23.45,23.17,23.08,22.57,23.45,23.17,22.77,22.57,23.36,23.55,23.36,23.92,23.08,23.26,23.55,23.64,23.08,23.26,23.08,23.17,23.36,23.36,23.73,23.55,23.64,23.26,23.36,23.17,23.26,23.64,23.55,23.26,22.87,22.87,23.73,22.77,23.08,23.45,23.26,23.45,22.87,23.45,23.55,24.01,24.01,23.26,23.92,23.45,23.36,23.45,23.55,24.20,23.73,23.55,23.73,23.64,23.17,23.08,23.92,23.45,23.26,23.64,23.36,23.92,23.08,23.45,23.73,23.45,23.36,23.45,22.96,23.17,23.55,23.73,23.36,23.73,23.64,23.26,23.83,23.45,23.45,23.36,23.73,23.17,23.73,23.55,23.45,23.26,23.73,24.01,23.73,23.55,23.73,23.17,23.73,24.11,23.08,23.92,24.20,23.83,23.73,23.45,24.39,22.77,23.92,23.73,23.92,23.83,23.45,23.36,24.01,22.77,23.08,23.08,23.92,23.73,23.55,24.11,23.36,23.64,24.29,24.01,23.64,23.17,24.20,24.01,23.36,23.73,23.64,23.64,24.67,23.64,23.45,23.73,24.20,23.73,23.45,23.92,24.11,23.55,23.55,24.29,23.26,23.45,24.20,23.64,23.17,24.01,23.73,23.36,23.73,23.73,24.01,23.08,23.83,23.26,23.64,23.55,23.92,23.73,24.01,23.64,23.26,23.64,23.73,23.73,23.83,22.57,23.26,23.26,23.73,23.17,24.01,23.64,23.26,23.45,23.45,23.45,23.17,23.26,23.36,23.92,23.55,24.39,23.17,23.17,23.45,23.45,23.45,23.92,23.26,24.01,23.73,23.45,23.36,23.64,23.36,23.64,23.55,24.01,23.26,23.64,23.92,23.26,22.96,23.08,22.87,23.08,23.45,23.36,22.57,23.26,23.36,23.64,23.55,23.08,22.68,23.36,23.26,23.36,23.36,23.73,23.08,23.55,23.08,23.17,23.26,24.01,23.73,23.73,23.45,23.26,23.17,23.26,22.96,23.08,23.26,24.01,23.64,23.26,24.20,23.64,23.26,23.08,22.96,22.77,23.92,23.17,22.77,23.64,23.26,24.01,23.36,23.55,23.26,23.08,22.96,24.11,22.57,23.45,23.08,23.64,22.96,23.45,23.45,23.36,22.96,23.45,22.68,23.45,23.26,23.45,23.36,23.73,23.26,22.96,23.26,23.17,22.68,23.08,23.55,23.55,23.26,23.55,23.36,23.36,23.36,23.26,23.55,23.64,23.26,22.96,23.36,23.26,23.26,23.73,23.26,23.83,23.55,23.08,23.36,23.26,23.08,23.55,23.36,23.45,23.17,23.73,23.26,22.87,22.77,23.26,23.17,22.77,24.11,23.73,23.92
23.26,23.36,22.68,23.26,22.26,23.08,22.38,22.57,23.08,23.26,22.77,22.26,22.87,22.47,23.08,22.47,22.57,23.64,22.96,22.38,22.77,22.96,22.57,23.26,23.64,22.87,22.77,23.45,23.08,21.84,23.17,23.64,22.57,23.64,22.77,22.87,23.55,23.64,23.08,23.17,22.96,23.17,23.26,23.17,22.57,23.26,22.68,23.55,23.45,23.17,22.68,22.96,23.64,23.26,23.08,23.36,23.17,23.45,23.64,23.36,22.96,23.36,22.96,23.36,22.96,22.87,23.08,23.64,23.36,23.73,23.26,22.87,22.87,22.77,23.08,23.17,23.55,23.36,23.08,23.08,23.45,22.47,22.87,23.45,23.55,23.83,22.96,22.38,22.96,23.08,23.55,23.36,23.45,22.57,23.26,23.73,23.08,23.36,23.08,23.17,23.45,23.08,23.64,23.08,23.45,23.55,23.64,22.87,23.83,23.55,23.45,23.83,23.73,23.26,23.08,23.26,23.36,23.55,23.45,23.36,23.45,24.01,23.26,23.73,23.26,23.36,22.96,23.45,23.73,23.26,23.55,23.08,23.26,23.36,23.45,22.96,23.08,23.26,23.36,23.73,24.01,23.26,23.55,23.36,23.64,23.83,23.64,23.26,22.77,23.55,22.96,23.45,23.73,23.26,23.36,23.64,22.77,23.17,23.55,23.36,23.36,23.55,22.77,23.36,23.73,23.73,23.83,23.45,23.45,23.73,23.64,23.55,24.29,24.01,22.77,23.17,23.73,23.73,23.73,22.96,23.36,23.26,23.45,23.36,23.08,23.55,23.55,23.45,23.26,23.73,23.55,23.83,23.26,23.92,23.08,23.73,22.87,23.26,23.73,22.87,24.01,23.08,23.64,23.55,23.73,24.01,24.01,23.83,23.55,24.20,23.36,23.92,23.26,23.26,23.55,23.92,23.45,23.45,23.55,23.36,23.26,22.77,23.64,23.26,22.96,23.73,23.55,23.45,23.08,24.20,23.83,23.26,23.45,22.96,23.45,23.26,23.64,22.77,23.55,23.45,23.73,22.87,23.08,22.96,23.55,23.55,23.64,23.55,23.08,22.77,23.26,23.45,23.17,23.55,23.45,23.45,23.55,22.77,24.01,23.08,23.26,23.08,23.55,23.55,23.73,23.92,23.36,23.55,23.26,23.17,22.87,24.01,23.45,22.57,23.26,23.08,23.08,23.55,23.08,22.96,23.17,22.68,23.08,23.55,23.55,23.55,23.55,23.83,23.73,23.08,23.36,23.36,23.45,23.73,23.26,23.55,23.73,23.17,23.64,23.83,23.26,22.96,22.87,23.08,23.08,23.26,22.87,23.08,23.55,23.08,23.08,23.08,23.45,23.26,23.26,23.26,23.45,22.77,23.55,23.26,23.36,23.73,22.87,23.36,22.77,23.55,23.36,23.26,22.57,23.08,23.36,22.87,23.26,23.17,23.08,23.08,23.17,22.77,23.55,24.01,23.55,23.17,23.08,24.20,22.68,23.08,22.77,23.36,23.36,22.68,23.55,23.08,23.36,23.73,22.57,22.96,23.26,23.17,23.36,22.87,23.45,22.87,23.55,23.17,23.73,23.55,23.08,22.87,23.08,23.17,23.36,22.87,23.26,23.55,23.64,23.36,23.08,23.55,23.36,23.55,22.96,23.45
