26.64,26.73,26.73,26.73,27.05,26.73,26.40,26.96,26.73,26.89,26.47,26.80,26.80,26.73,26.80,26.64,27.05,26.80,26.80,26.89,26.64,26.80,26.80,26.73,26.73,27.05,26.73,26.73,26.80,26.64,27.05,26.47,26.73,26.89,26.73,26.96,26.96,26.47,26.80,26.47,26.73,26.73,26.73,26.73,26.47,27.13,26.73,27.13,26.80,26.89,26.80,26.64,26.89,26.56,26.64,26.89,26.80,26.89,26.31,26.96,26.80,26.89,26.80,26.56,26.73,26.96,26.80,26.89,27.22,26.96,26.64,26.64,26.89,26.80,26.56,26.80,26.31,26.73,26.23,26.31,26.73,26.80,26.64,26.80,26.96,26.73,26.73,26.96,26.80,26.80,26.80,26.89,26.56,26.80,26.80,26.80,26.56,27.05,26.73,26.73,27.13,26.80,26.64,26.80,26.89,26.73,26.64,26.80,26.96,26.56,26.80,27.22,26.89,26.73,27.13,26.73,27.13,26.89,26.47,26.56,26.64,26.89,27.05,27.29,26.80,26.73,26.80,27.13,26.96,26.73,26.80,26.80,26.56,26.96,26.89,26.64,27.05,27.13,26.73,26.47,26.73,26.73,26.73,26.73,26.73,27.13,27.36,27.36,26.96,27.29,26.73,27.29,27.05,26.89,27.13,26.80,26.89,26.80,27.05,27.05,27.13,26.89,26.73,27.05,27.22,27.22,27.13,26.80,26.73,26.64,26.80,27.13,26.96,27.05,26.96,27.13,27.05,27.53,27.13,27.05,27.22,26.73,26.73,26.56,26.80,26.89,27.13,26.80,27.13,26.89,26.73,26.64,27.05,26.47,26.96,27.13,27.45,27.05,26.89,26.89,26.89,27.05,26.96,26.96,27.85,27.76,27.29,27.13,26.89,26.89,27.29,27.05,26.73,26.64,26.80,26.89,27.13,27.13,27.13,26.73,26.56,26.96,26.96,26.73,27.05,26.73,26.80,26.80,26.89,26.56,26.96,27.22,27.22,26.56,26.89,27.13,26.80,27.29,27.13,26.89,26.96,27.22,26.73,27.05,27.29,27.36,27.22,26.89,26.56,26.64,27.22,26.89,27.13,27.13,27.45,27.22,26.80,27.13,26.73,27.13,26.73,26.96,26.64,26.73,26.80,27.13,26.64,27.05,26.89,26.73,27.45,27.05,26.64,26.80,27.22,26.73,26.96,26.89,27.29,26.96,26.56,26.96,26.96,26.89,26.73,26.64,26.80,26.96,26.47,26.89,26.80,26.64,26.56,26.73,26.89,26.80,26.73,26.73,27.29,26.89,26.89,26.64,26.80,26.47,27.36,26.64,26.73,27.36,26.73,26.73,26.73,26.73,27.36,27.22,26.73,27.36,26.56,26.56,26.96,27.05,26.89,26.40,26.73,26.96,26.80,26.73,26.89,26.73,26.64,27.13,27.13,26.80,27.05,27.05,26.96,26.73,26.64,26.80,27.05,27.05,26.64,26.80,26.89,26.64,26.73,26.80,26.89,26.56,26.64,26.89,26.64,26.73,26.73,26.80,26.80,26.56,26.80,26.80,26.64,26.47,26.89,26.56,26.73,26.80,26.56,26.64,26.47,26.47,26.64,26.96,27.05,26.80,26.56,26.80,26.80,26.31,26.80,26.64,26.64,26.64,26.56,26.80
26.64,26.47,26.80,26.80,26.73,26.73,26.89,26.47,26.73,26.64,26.56,26.73,26.47,26.80,26.64,26.64,26.64,26.56,26.96,26.80,26.89,26.56,26.73,26.64,26.56,26.80,26.73,26.89,26.47,26.96,26.80,26.80,26.56,26.56,26.89,26.80,26.80,26.80,26.80,26.80,26.56,26.80,26.64,26.96,26.64,27.22,26.64,26.64,26.73,26.80,26.64,27.13,26.73,26.80,26.80,26.56,26.89,26.96,26.73,26.80,26.96,26.89,26.64,26.73,26.47,27.29,26.96,26.73,26.89,26.96,26.96,26.96,26.96,26.89,26.47,26.96,26.96,26.56,26.73,26.64,26.56,26.73,26.89,26.89,26.73,26.89,27.22,26.73,27.13,26.89,26.80,27.05,26.73,27.29,26.64,26.89,27.22,26.80,27.13,26.47,26.89,26.80,27.13,26.89,26.89,26.40,26.73,26.80,26.80,27.22,26.96,27.05,26.73,27.05,26.64,26.89,27.05,26.80,26.64,26.96,26.89,26.47,27.13,27.05,27.05,26.80,26.89,26.80,26.80,27.13,27.13,26.73,27.05,26.89,26.96,27.22,26.73,26.96,26.73,26.80,26.73,26.40,26.73,26.73,26.96,26.89,27.13,27.22,27.29,26.80,26.80,26.96,27.13,27.05,26.73,27.13,26.89,26.64,26.80,27.05,26.73,27.05,26.64,26.64,27.13,26.89,26.56,26.64,27.22,26.96,27.13,26.80,26.64,26.89,27.13,26.96,26.96,27.36,27.53,26.96,27.13,27.13,27.22,27.45,27.13,26.96,26.96,26.64,27.22,26.96,26.89,26.96,27.05,27.29,26.64,27.13,26.64,26.47,26.96,27.13,26.56,27.13,27.22,27.22,27.45,27.53,27.05,26.96,26.89,26.89,27.05,26.47,26.56,27.13,27.13,26.96,27.13,26.80,26.80,26.40,26.47,27.05,26.80,26.89,27.05,27.13,26.96,26.89,27.05,26.89,26.80,26.96,27.05,26.64,27.05,27.13,26.73,26.89,27.05,27.05,26.64,27.22,26.96,26.89,26.80,26.56,26.96,27.13,26.56,26.47,26.96,26.40,27.13,27.22,27.05,26.96,26.89,26.96,26.73,26.96,26.47,27.13,26.80,26.80,26.64,27.05,26.89,26.89,26.73,26.64,26.56,26.47,26.96,26.73,26.64,26.56,26.89,27.29,26.64,26.64,27.05,26.47,26.64,26.89,26.64,27.22,26.89,26.89,26.80,26.73,27.05,26.73,26.80,26.56,26.73,26.89,26.73,26.80,26.64,26.80,27.13,27.05,26.47,27.36,26.73,26.56,26.89,26.31,26.56,26.80,26.80,26.96,26.31,26.56,26.56,26.80,26.73,26.47,27.13,26.64,26.64,26.64,26.47,26.96,27.13,26.47,26.56,26.89,26.64,26.73,26.89,26.56,26.64,26.89,26.64,27.05,26.73,26.73,27.13,26.96,26.47,26.73,26.73,27.13,26.64,26.96,26.73,26.56,26.73,26.80,26.89,26.89,26.47,26.89,26.56,26.64,26.73,26.64,27.05,26.73,26.73,27.05,26.73,26.73,27.05,26.56,26.64,26.73,27.05,26.56,26.73,26.73,26.64,26.56,26.56,27.13,26.64,26.80,26.80,26.89,26.47,26.31
26.40,26.89,26.89,26.56,26.89,26.96,26.89,26.80,26.47,26.73,26.89,27.13,26.47,26.73,26.89,26.64,26.80,26.64,27.13,26.73,26.80,26.64,26.73,26.73,26.40,26.56,26.64,26.47,26.80,26.80,26.47,26.73,26.89,26.96,27.13,26.64,26.80,26.80,26.89,26.80,26.73,26.73,26.47,26.64,26.73,26.73,26.80,26.73,26.64,26.89,27.36,27.13,26.80,26.56,26.96,26.56,26.96,26.80,26.23,26.80,26.80,26.31,26.73,26.64,26.80,27.13,26.80,26.80,26.80,26.89,27.22,27.05,26.96,26.96,26.73,26.80,26.73,26.73,26.73,26.80,26.73,26.73,26.80,26.73,26.80,26.80,27.13,26.96,26.47,26.80,26.96,27.36,26.73,26.47,26.96,26.73,26.89,26.96,27.22,26.64,26.89,26.47,26.73,26.73,26.64,26.80,27.13,26.80,27.13,27.05,27.05,26.80,27.13,26.73,27.05,26.80,27.29,27.45,26.89,26.80,26.64,26.89,26.96,27.29,26.64,26.64,26.89,27.45,27.13,26.80,26.64,27.13,26.47,26.89,27.05,26.31,26.47,26.96,26.96,27.13,26.96,27.05,26.73,26.73,26.47,27.13,27.22,27.05,26.96,27.13,26.89,26.56,27.05,27.13,26.89,27.05,27.05,26.64,27.13,27.36,27.05,26.64,26.80,26.56,26.47,27.05,26.89,27.29,27.29,27.22,26.80,27.05,26.89,27.13,26.80,26.73,26.89,27.36,27.45,27.05,27.05,27.29,27.05,27.13,27.22,27.13,26.80,27.22,26.89,27.05,26.89,26.80,26.73,27.05,26.89,26.80,26.96,26.89,27.29,26.89,27.05,27.22,26.89,27.22,27.45,27.45,27.22,27.05,27.05,27.13,26.80,27.05,27.05,27.22,27.05,27.13,26.73,27.13,26.89,27.13,26.96,26.89,27.05,27.05,27.05,26.80,26.96,26.89,27.29,26.96,26.73,27.29,26.96,26.89,26.96,27.13,26.96,27.13,27.05,26.64,26.96,26.64,26.64,26.89,27.05,27.05,27.05,27.13,26.96,26.89,26.96,27.05,27.13,26.96,26.80,26.56,26.96,26.96,26.64,26.89,26.73,27.13,26.40,27.22,26.96,27.05,26.64,26.96,26.89,26.96,26.89,27.05,26.96,26.96,26.73,26.64,26.89,26.73,26.96,26.89,26.64,26.64,26.64,26.89,26.56,26.64,26.73,26.73,26.96,27.13,26.56,26.64,26.73,26.80,26.40,26.56,26.89,27.05,26.89,27.05,26.89,27.22,27.05,26.56,26.73,26.80,26.89,26.73,26.80,26.80,26.73,26.89,26.89,26.89,27.22,27.05,26.64,26.64,26.73,26.64,26.96,26.89,26.89,26.96,26.80,26.89,26.89,26.89,27.13,26.73,26.80,26.73,26.40,26.80,26.56,26.73,26.56,26.80,27.05,26.89,26.73,27.05,26.73,26.64,26.64,26.80,26.80,26.73,26.40,26.56,27.13,26.89,26.64,27.13,26.80,26.89,26.73,27.05,27.13,26.80,26.80,27.22,27.29,26.80,26.80,26.40,26.80,27.22,26.89,27.22,26.80,27.13,26.31,26.89,26.73,26.89,26.64,26.73,26.80,26.89,26.73,26.64
26.89,27.13,26.64,26.56,26.23,26.56,26.73,26.64,26.80,26.89,26.73,26.73,26.96,26.40,26.64,26.96,26.80,26.73,26.23,26.73,27.13,26.80,26.89,26.56,26.73,27.05,26.47,26.96,26.89,26.23,27.13,26.80,26.73,26.47,26.96,26.73,26.56,26.64,26.64,26.64,26.47,26.64,26.73,26.14,26.80,26.56,26.89,26.56,26.96,26.80,27.22,26.56,26.89,26.96,26.64,26.96,26.73,26.89,26.96,26.89,26.64,26.89,26.89,26.80,26.80,26.73,26.73,26.80,26.89,27.05,27.05,27.13,27.22,27.05,26.73,26.56,26.89,27.05,27.22,26.56,26.96,26.73,26.80,27.13,26.80,26.89,26.47,26.56,26.89,26.73,26.89,26.73,26.73,26.96,26.73,26.80,26.89,27.13,26.89,27.13,26.73,26.89,27.05,26.89,27.05,26.89,26.80,26.73,26.73,27.36,26.64,26.64,26.80,26.73,27.22,26.80,26.89,26.96,26.64,27.13,26.89,27.05,27.22,26.73,26.80,27.22,26.96,26.80,26.73,27.22,26.89,26.64,26.64,26.73,27.05,26.40,26.56,26.73,26.73,26.96,26.73,26.89,26.96,26.80,27.22,27.05,27.22,27.13,27.22,27.36,27.13,26.96,27.05,27.22,27.22,27.22,27.29,26.73,26.96,26.89,26.89,26.89,26.89,26.89,26.96,26.80,27.22,26.89,26.96,26.89,26.89,27.13,27.05,26.96,26.96,26.89,26.64,27.29,27.62,27.13,27.45,27.29,26.96,27.05,27.13,26.89,27.13,27.05,26.23,27.13,26.96,26.96,26.80,26.89,27.13,26.56,26.56,26.96,27.05,27.05,26.96,27.05,26.89,27.22,27.45,27.13,27.13,26.89,27.13,27.22,27.29,26.89,26.89,26.47,27.13,27.22,27.05,27.13,26.96,26.56,26.96,27.45,26.56,27.13,26.96,26.96,27.05,27.05,26.89,27.36,26.80,27.05,27.36,26.89,26.96,27.13,27.13,26.80,27.22,27.13,27.13,27.05,26.64,26.64,27.05,27.05,26.80,26.89,26.96,26.80,27.05,26.96,27.22,26.89,27.22,27.13,27.13,27.22,26.47,26.64,26.89,26.96,26.96,26.89,27.05,26.73,26.56,26.56,26.73,26.89,26.80,26.47,26.31,26.64,26.56,26.47,27.13,26.96,26.80,26.64,26.89,26.56,26.73,26.96,27.05,26.80,26.96,26.73,26.56,27.13,26.47,26.80,26.89,26.89,26.73,27.05,26.56,26.64,26.96,26.80,26.64,26.80,26.73,26.80,26.56,27.05,26.80,26.64,26.89,26.96,26.80,26.96,26.80,26.89,26.64,26.96,27.22,26.40,26.56,26.89,26.64,26.89,27.22,26.89,26.64,26.89,26.80,26.40,26.89,26.47,26.64,27.13,26.80,26.64,26.96,26.89,26.89,26.73,26.56,26.73,27.05,26.56,26.56,26.64,26.31,26.47,26.64,26.56,26.56,26.64,26.80,26.31,26.64,26.56,26.73,26.73,26.80,26.64,26.64,26.96,27.05,27.05,26.73,26.64,26.96,26.73,26.73,27.05,26.56,27.22,27.22,26.64,26.96,26.64,26.56,26.64,26.80,26.31,26.47,26.80,26.56,26.40
26.96,26.80,26.96,26.80,26.40,26.40,26.80,26.47,26.40,26.73,26.96,26.64,26.56,26.89,26.73,26.64,26.89,26.40,26.64,26.80,26.73,26.73,26.89,26.56,26.96,26.73,26.89,26.73,26.73,26.56,26.73,27.05,26.89,26.47,26.73,26.73,26.73,27.13,26.80,26.64,26.73,26.73,27.13,26.73,26.80,26.64,27.13,26.96,26.89,26.80,26.80,26.73,26.89,27.13,26.56,26.80,26.40,26.80,26.80,26.89,26.73,26.80,27.13,26.89,27.29,27.29,26.73,26.80,26.80,26.64,27.29,26.80,26.64,27.05,26.89,26.96,26.89,26.80,27.13,26.89,26.80,26.80,26.96,26.73,26.89,26.80,26.96,26.47,26.56,27.22,26.89,27.13,26.96,26.80,26.89,27.13,26.64,27.05,27.13,26.89,26.89,26.47,26.96,26.96,26.80,27.13,26.64,27.29,27.05,26.89,26.56,26.80,26.73,26.80,26.56,26.56,26.73,27.05,26.89,26.89,26.96,26.89,27.05,26.96,27.05,26.73,27.22,26.80,27.05,26.73,26.89,26.73,26.80,27.05,26.64,26.73,26.89,26.89,26.96,26.40,26.56,27.22,26.64,27.05,26.89,26.73,27.13,27.13,27.29,27.22,27.36,26.89,27.05,27.05,27.05,26.96,26.73,26.96,27.05,27.05,26.96,27.05,26.89,26.89,26.89,26.89,27.13,26.73,27.29,27.22,26.96,26.89,26.96,26.64,26.96,26.73,26.96,27.29,27.22,27.29,27.22,26.73,26.89,27.22,27.05,27.29,27.13,26.89,26.89,27.22,26.89,27.29,26.80,26.73,27.05,27.13,27.05,27.13,26.89,26.89,27.13,27.05,26.96,27.29,27.13,27.29,27.22,26.96,27.13,26.80,26.73,26.80,26.89,27.29,27.05,26.89,26.64,26.89,27.29,26.73,26.96,26.80,27.22,26.80,27.13,26.80,26.96,27.29,26.64,27.13,27.05,27.36,26.96,27.05,26.89,26.73,26.56,26.80,26.89,26.96,26.73,27.05,26.56,26.96,26.80,27.13,26.73,26.96,26.73,26.96,27.05,26.56,27.13,27.05,27.22,26.96,26.96,27.13,26.89,27.13,26.47,26.80,27.05,27.36,26.89,26.96,27.22,26.73,27.05,26.89,26.56,26.89,26.47,27.05,26.47,27.22,26.73,26.64,26.47,27.13,27.36,26.73,27.13,26.73,26.73,26.80,26.89,26.89,26.64,26.73,26.73,26.64,26.56,26.56,26.80,26.56,27.13,26.96,26.64,27.13,26.80,27.05,26.96,26.89,26.96,26.56,26.56,26.96,26.96,26.73,26.80,26.89,26.80,27.22,26.73,26.89,26.80,27.05,27.05,26.73,26.89,27.29,26.89,27.36,26.89,27.29,26.80,26.64,27.05,26.56,26.56,27.05,26.89,26.89,26.96,26.89,26.89,26.96,26.96,26.89,26.89,27.29,26.47,27.13,26.80,26.80,26.80,26.80,26.64,26.56,26.89,27.05,27.22,26.56,26.96,26.96,26.89,26.80,26.89,26.73,26.73,26.80,27.05,26.89,26.96,26.64,26.64,26.96,26.96,26.56,26.96,26.56,26.64,27.05,27.05,27.05,27.13,26.73,26.73,26.73,26.64,26.56
26.73,26.73,26.56,26.56,26.96,27.22,26.56,26.64,26.89,26.56,27.05,26.96,26.56,26.31,26.64,26.47,26.73,26.56,26.80,26.96,26.89,26.73,26.47,26.80,26.56,26.56,27.13,26.64,26.64,26.47,27.22,26.73,27.05,26.64,26.14,26.47,26.73,26.80,26.56,26.89,26.64,26.96,26.64,26.96,27.05,27.05,27.13,26.89,26.47,26.80,27.29,26.80,26.89,26.80,26.96,26.96,26.73,26.89,26.56,26.80,27.05,26.89,26.89,26.96,26.73,26.80,26.96,27.22,27.13,26.56,26.89,26.80,26.96,26.89,27.22,26.96,27.29,26.89,26.89,26.56,27.05,27.05,26.47,26.96,26.80,26.73,26.80,27.05,26.80,26.64,26.80,26.80,26.80,26.96,26.56,26.80,26.73,26.64,26.64,26.89,26.80,27.05,26.89,27.22,26.96,26.73,26.96,26.89,26.73,26.80,26.89,26.80,27.05,27.05,27.13,26.73,27.22,27.13,26.64,27.05,27.05,27.22,27.13,26.73,26.96,26.89,27.13,27.13,26.64,26.73,26.96,26.64,26.96,26.80,27.22,27.22,26.40,27.13,26.96,27.13,26.96,27.13,26.64,27.13,26.80,26.96,27.22,26.96,27.22,27.13,26.80,27.13,27.22,27.05,27.36,27.13,27.36,26.96,26.73,27.22,27.05,27.05,27.05,26.89,26.64,26.89,27.13,27.05,27.22,27.13,27.05,26.89,27.13,26.96,26.89,26.96,26.89,27.13,27.13,26.96,27.05,27.13,27.05,27.36,26.96,27.05,26.73,27.05,26.89,27.05,27.05,26.89,26.80,27.22,27.22,27.22,26.89,27.22,26.96,26.89,26.96,26.89,27.22,26.96,27.22,27.45,27.22,27.05,27.05,27.05,27.13,26.96,27.05,26.96,27.05,27.22,27.05,26.80,26.56,26.96,27.13,27.13,26.89,26.80,26.89,27.05,27.22,26.96,27.13,26.89,27.29,27.13,26.96,27.22,27.05,26.96,26.96,26.80,26.56,27.13,26.73,26.89,26.56,26.96,26.89,27.05,26.47,27.05,26.80,26.64,27.05,26.73,27.05,26.56,26.89,26.89,27.05,26.89,26.64,26.64,26.89,26.96,26.89,26.96,26.96,26.89,26.56,26.96,26.73,26.96,26.89,26.64,26.73,26.80,27.05,26.89,27.05,27.05,27.22,26.96,27.13,26.89,26.80,26.96,26.96,26.96,27.22,26.56,26.64,26.64,26.96,27.13,27.05,26.56,26.73,26.89,26.73,26.47,26.96,26.89,26.96,26.96,26.64,26.64,26.40,26.96,26.64,26.89,26.56,27.05,26.89,26.73,26.64,26.73,26.89,26.73,26.73,26.80,27.05,26.64,27.05,27.29,27.45,26.80,27.13,26.89,26.64,26.64,26.80,26.47,26.89,26.89,26.64,26.89,26.64,27.29,26.80,26.40,26.80,26.64,26.64,26.96,26.47,26.80,26.73,26.64,26.96,26.40,26.31,26.73,26.40,26.64,26.80,26.73,26.56,27.13,26.89,26.96,26.73,27.13,26.80,26.40,26.47,26.80,26.56,26.80,26.80,26.80,26.80,26.64,26.40,26.56,27.05,26.80,26.47,26.56,26.56,26.96,26.73,26.40,26.96,27.13
26.73,26.96,26.73,26.80,26.89,26.89,26.89,26.64,26.80,26.89,26.64,26.64,26.80,26.64,26.96,26.96,26.80,26.80,26.73,26.40,26.73,26.89,26.64,26.73,26.80,26.73,27.22,26.31,26.56,26.64,26.64,26.96,27.05,27.05,26.89,26.96,26.56,26.73,26.64,26.80,26.73,26.89,27.22,26.96,26.96,26.80,26.89,26.96,27.29,26.96,26.89,26.96,26.89,26.96,26.73,26.96,26.96,27.22,26.89,26.80,26.73,27.13,26.73,26.73,26.89,26.56,26.64,26.89,26.96,26.73,26.73,26.89,26.89,27.05,26.96,26.73,26.80,26.64,27.45,26.80,26.89,26.80,26.80,27.05,27.05,26.64,26.89,27.22,27.29,27.05,27.13,26.89,26.80,26.89,26.73,26.89,27.13,26.80,26.80,26.80,27.22,27.05,26.64,26.89,26.73,26.89,26.73,26.80,27.22,26.64,26.80,26.80,26.73,27.22,26.40,26.80,26.89,26.56,26.80,26.89,26.89,27.22,27.29,26.80,26.89,27.13,27.22,27.29,27.13,26.64,26.96,26.73,27.05,26.96,26.96,27.13,26.64,26.56,26.89,26.96,26.89,26.96,26.47,26.73,26.47,26.96,27.05,26.96,27.22,26.96,27.22,26.96,26.96,27.36,27.05,26.96,26.80,26.89,26.80,26.96,27.29,27.29,27.05,26.96,26.80,26.80,26.96,26.80,27.13,27.29,26.89,27.05,27.05,27.05,27.22,27.13,27.22,26.89,27.29,26.96,27.29,27.13,26.64,27.29,26.89,27.05,27.05,27.13,26.73,27.29,27.29,27.05,27.13,27.13,27.29,27.05,26.96,27.36,26.96,26.96,27.13,27.05,27.13,27.29,27.05,27.22,26.96,27.13,26.89,26.80,27.05,27.13,26.89,27.05,27.13,27.22,26.96,26.80,26.96,27.05,27.36,27.36,26.64,26.80,27.05,27.05,27.13,26.96,27.05,27.36,27.29,27.13,26.89,26.73,26.64,26.73,26.64,27.13,26.64,26.96,26.89,26.89,26.89,26.96,26.80,26.73,26.96,26.64,27.13,26.64,27.22,27.22,27.29,26.64,27.05,26.64,26.96,27.13,26.56,26.56,26.89,26.80,26.96,26.64,27.05,27.36,26.80,26.80,26.96,26.64,26.73,26.73,26.47,26.73,26.96,26.80,27.13,26.89,26.47,26.96,27.13,26.40,27.05,26.96,27.05,26.64,26.40,26.89,26.73,26.89,27.05,26.56,26.80,26.89,26.80,26.96,26.56,26.64,27.13,27.05,26.73,27.05,26.89,26.89,27.05,26.89,27.29,26.89,26.96,26.96,27.22,27.05,26.73,27.45,27.05,27.13,26.89,27.05,26.89,27.13,27.53,27.05,26.80,26.89,26.80,26.73,26.73,26.64,27.22,26.89,26.64,26.56,26.96,26.89,27.05,26.47,26.73,26.47,26.64,26.96,26.40,26.56,26.56,26.64,26.73,26.89,26.96,26.96,26.64,27.05,27.05,26.96,26.96,26.89,26.64,26.56,26.64,26.96,26.80,27.05,26.64,26.96,27.36,26.64,26.80,26.56,27.05,26.40,27.13,27.05,26.73,26.96,26.96,26.73,26.73,27.05,26.73,26.73,26.73,26.80,26.56,26.73
26.64,26.56,26.73,26.73,26.73,26.64,27.05,27.05,27.05,26.96,26.73,26.80,27.13,26.80,26.80,26.47,26.80,26.56,27.13,26.89,26.73,26.73,26.80,26.47,26.23,26.73,26.64,26.56,26.96,26.56,26.73,26.56,26.73,27.22,26.56,26.89,26.47,26.89,27.22,26.73,26.64,26.89,27.22,27.29,26.80,26.80,27.22,27.36,27.22,27.29,26.80,26.96,26.73,27.05,26.89,26.73,26.80,26.96,26.73,26.80,26.64,26.73,26.64,26.56,26.56,26.56,26.47,27.05,26.64,26.64,26.89,26.64,27.45,26.47,26.80,26.89,27.13,26.80,26.89,26.96,26.89,26.89,27.05,26.40,26.96,26.64,27.05,26.89,27.29,26.73,26.56,26.73,26.89,26.80,26.64,26.64,26.80,27.13,26.89,26.73,27.13,26.73,27.05,27.22,27.13,26.64,27.05,26.80,26.64,26.47,26.89,27.13,26.96,26.96,26.64,26.64,27.05,27.05,27.29,26.89,26.73,27.13,27.22,27.36,27.13,27.22,27.13,27.13,27.05,27.13,26.64,26.89,26.80,27.13,26.89,27.05,26.80,27.22,26.73,26.47,26.89,26.89,27.05,26.96,26.80,27.22,26.64,27.45,26.80,27.13,27.36,26.89,26.96,26.89,27.13,26.96,26.89,26.64,26.64,26.89,26.89,27.22,26.64,26.47,26.80,26.96,27.05,27.22,26.89,27.05,27.05,26.89,26.89,26.80,26.89,26.89,27.13,27.29,27.05,27.13,27.53,27.05,27.05,26.96,27.05,27.05,26.96,26.89,27.45,26.80,26.80,27.05,27.22,27.22,27.22,27.13,27.22,27.29,26.96,27.22,27.22,26.96,27.22,27.45,27.13,27.22,26.80,26.80,26.89,26.89,27.22,27.13,27.22,27.05,26.73,26.89,26.56,27.05,26.96,26.89,26.96,26.96,26.89,26.96,26.89,26.80,27.13,27.05,26.96,27.22,27.22,27.29,26.96,26.47,27.22,26.96,26.89,26.64,26.80,26.96,26.89,26.96,27.13,26.64,26.96,26.89,27.13,26.80,27.13,27.13,26.96,26.96,27.22,27.36,26.96,26.89,26.96,26.89,27.13,26.73,26.96,26.96,26.89,27.13,26.89,27.05,26.73,26.73,27.13,26.96,26.64,26.80,26.96,26.89,27.13,26.80,27.22,26.73,27.05,26.96,27.05,26.80,27.13,27.05,26.64,26.73,26.73,27.13,27.05,26.56,26.96,26.96,26.89,27.22,26.64,27.29,27.05,26.64,26.80,26.89,26.64,26.96,26.96,27.05,26.64,26.89,27.22,26.64,26.64,26.96,26.80,26.89,26.73,26.73,27.05,27.22,26.73,27.22,27.45,27.36,27.22,26.96,27.13,27.05,26.89,26.64,27.05,26.89,26.56,27.05,27.05,26.80,26.64,26.80,26.64,26.64,26.73,26.73,26.56,26.96,26.96,26.73,26.64,26.80,27.29,26.47,26.96,26.64,27.05,26.80,26.80,26.96,27.05,26.80,27.05,27.13,27.13,27.13,26.96,26.80,27.05,26.64,26.96,27.13,26.80,26.80,26.73,26.64,26.40,26.56,26.56,27.05,26.80,26.40,26.73,26.64,26.73,26.64,26.64,26.73,26.73,26.56
26.80,26.73,26.89,26.23,26.73,26.96,26.47,26.89,26.73,26.47,26.89,26.47,26.64,26.80,26.64,26.80,26.64,26.56,26.47,26.31,26.31,26.23,26.89,26.80,26.96,26.80,26.56,26.64,26.56,26.80,26.89,26.96,26.89,26.89,26.64,26.80,26.73,26.80,26.80,26.96,26.56,26.73,26.96,26.89,27.22,27.13,26.80,27.13,26.64,26.80,26.80,26.64,26.64,26.64,26.96,26.80,26.89,26.56,26.96,26.56,26.56,26.56,26.80,26.56,27.22,26.73,26.80,27.13,26.89,26.89,26.89,26.73,26.64,26.80,26.56,26.64,26.80,26.96,26.80,26.96,27.29,26.56,26.73,26.89,26.64,27.22,26.73,26.80,26.80,26.56,26.89,27.29,26.64,27.05,26.80,26.56,26.96,26.64,26.64,27.05,26.80,26.64,26.73,27.22,27.36,26.56,27.05,26.80,26.89,27.05,26.47,26.64,26.89,26.73,27.13,26.64,27.45,27.05,27.05,26.47,26.73,27.05,27.13,27.13,27.05,27.05,26.80,27.29,27.22,27.05,27.13,26.56,27.05,26.73,27.05,26.73,26.56,26.73,26.89,27.05,27.13,26.64,26.47,27.45,26.80,26.96,27.22,26.73,27.29,26.96,27.29,27.29,27.36,26.73,27.13,27.29,27.22,26.89,26.80,27.05,26.64,26.96,26.96,26.96,27.13,26.96,26.47,26.89,27.13,26.89,27.13,26.96,26.89,26.64,26.56,26.96,27.05,27.29,27.13,26.80,26.96,27.45,26.89,26.89,26.89,26.89,27.13,26.89,27.05,26.80,27.22,27.22,26.96,27.05,27.22,26.56,26.89,27.05,26.80,27.05,27.13,26.89,26.89,27.22,27.29,27.69,27.22,27.22,26.89,27.05,26.96,27.22,27.05,27.22,27.22,27.05,26.80,26.89,26.96,27.13,26.96,26.80,27.13,27.05,27.05,27.22,26.80,26.96,26.56,27.22,27.29,26.89,26.80,26.73,27.13,27.13,26.96,26.96,27.22,27.29,27.13,26.89,27.13,26.64,26.89,27.05,27.22,27.13,26.47,26.96,26.80,27.05,27.22,26.96,27.05,26.73,26.96,27.05,26.96,26.89,26.96,26.73,26.73,27.05,26.96,26.73,26.80,26.89,27.29,26.64,27.05,27.05,26.96,26.73,26.73,27.05,26.89,27.05,26.89,26.73,26.64,26.80,27.22,27.13,27.13,26.96,26.89,26.64,26.64,26.96,26.56,27.22,26.73,27.05,26.64,26.80,26.96,26.96,26.73,26.80,27.29,26.73,27.13,26.89,26.47,26.89,27.05,26.80,26.56,27.05,27.13,27.13,26.89,26.64,27.05,27.13,27.29,27.29,27.05,26.73,26.80,26.89,26.89,26.47,26.64,26.64,26.89,26.56,26.89,26.96,26.89,26.64,26.56,26.64,26.73,26.89,27.45,27.13,26.73,26.64,26.64,26.64,26.73,27.13,27.05,26.89,26.64,27.22,26.89,27.22,26.64,27.22,26.89,26.80,26.89,27.13,27.13,26.56,26.89,26.56,27.05,26.96,26.80,26.56,26.96,26.73,26.73,27.13,27.22,26.96,26.89,26.73,26.47,27.13,26.89,26.80,26.47,26.73,27.05,26.64,27.29,26.56
26.80,26.89,26.80,26.73,26.80,26.40,26.96,26.40,26.31,26.64,26.64,26.40,26.80,27.05,26.73,26.64,27.13,26.73,27.05,26.89,27.05,26.64,26.89,26.73,27.13,26.73,27.36,26.80,26.47,26.80,26.73,26.64,27.22,26.96,27.22,27.22,27.05,26.56,26.89,26.64,26.89,27.22,26.80,27.13,27.13,26.80,26.80,26.80,27.05,26.80,26.80,26.96,27.05,26.89,26.73,26.73,27.13,26.80,26.80,26.56,26.73,26.73,26.89,26.89,27.05,26.89,26.89,26.80,26.80,26.80,26.89,26.80,26.96,26.56,26.80,27.36,26.89,27.05,27.05,26.64,27.13,27.22,27.05,26.80,26.96,26.89,26.89,26.89,26.73,26.73,26.89,26.80,26.89,26.89,26.80,27.22,27.13,27.05,26.73,27.05,26.96,27.22,27.13,26.96,26.89,27.22,26.89,26.80,26.64,26.89,26.80,27.13,26.64,26.89,27.13,27.13,27.05,26.80,26.80,27.22,26.96,26.89,27.29,27.22,27.36,27.22,26.89,26.89,26.89,27.05,26.73,26.64,27.22,26.96,26.56,26.96,26.47,27.13,26.73,26.73,27.13,26.73,26.96,27.13,26.96,26.96,26.96,26.96,27.13,27.22,27.13,26.96,27.22,26.96,27.22,27.13,27.29,26.96,27.22,26.64,26.89,26.89,27.05,26.64,26.89,27.05,27.13,26.96,26.96,27.13,27.22,26.96,26.96,27.05,26.64,27.13,27.13,27.05,27.29,27.13,27.22,27.29,27.13,26.89,27.36,27.22,26.96,27.13,26.96,27.29,27.13,26.89,27.13,26.89,26.89,27.29,27.05,27.36,26.80,27.05,27.22,27.29,27.29,27.45,27.53,27.22,27.29,26.96,27.22,27.22,26.96,27.29,27.22,26.89,27.22,26.96,27.05,27.05,27.13,26.89,27.13,26.80,26.96,26.96,26.96,27.13,26.73,26.73,27.29,26.89,27.22,27.22,26.96,27.05,27.13,26.73,26.64,27.29,26.64,26.89,27.05,26.89,27.22,26.64,27.05,27.05,27.45,26.64,27.36,27.05,26.56,26.96,27.36,27.05,26.96,26.56,26.64,27.29,26.89,26.96,26.80,26.96,27.29,27.05,26.80,27.05,27.13,26.96,27.05,27.22,26.96,27.13,26.64,27.13,27.05,27.05,26.89,27.13,27.05,26.96,26.73,26.40,26.73,26.80,26.73,26.64,26.73,26.89,27.13,26.73,26.89,27.13,27.13,26.89,26.73,26.73,26.80,27.13,26.89,27.05,27.22,26.96,26.64,26.64,26.64,26.73,26.80,26.56,27.29,27.22,27.13,26.96,27.13,26.73,27.29,27.45,27.05,27.22,26.56,27.05,26.73,26.96,26.56,26.80,27.22,26.64,26.96,27.13,26.80,26.96,27.45,26.89,26.56,26.56,26.56,27.05,26.73,27.13,26.47,26.40,26.96,26.89,26.73,26.73,26.89,27.05,26.80,26.96,27.29,27.05,26.96,26.64,26.64,27.13,26.80,26.73,27.05,27.05,26.47,26.64,26.40,26.73,27.22,26.96,26.80,26.96,26.80,26.96,26.73,26.64,27.05,27.22,26.80,26.80,26.56,26.56,26.64,26.89,26.73,26.80,26.96,26.64
26.89,26.40,26.96,26.64,26.05,26.80,26.96,26.64,26.96,26.89,27.05,26.80,26.47,26.56,26.96,26.96,26.80,26.96,26.40,26.89,27.29,26.47,26.80,26.96,26.31,26.89,26.47,26.80,26.73,26.64,26.64,26.80,26.73,26.73,26.73,26.73,26.31,26.56,26.89,26.96,26.80,26.47,26.80,26.80,26.64,26.80,26.73,26.73,26.73,26.56,26.56,26.73,26.96,26.73,26.80,26.96,26.80,26.64,26.73,26.89,26.64,26.89,27.05,26.80,26.80,26.89,26.73,26.73,26.73,26.73,26.56,26.80,26.80,26.47,26.73,27.13,26.80,26.64,26.89,26.80,26.73,26.89,27.29,27.29,26.80,26.73,26.89,26.80,26.47,27.13,26.56,26.89,26.96,26.56,26.89,27.05,26.96,27.13,26.89,26.56,27.05,26.73,26.73,27.29,27.22,26.56,26.96,26.80,26.89,27.29,27.13,27.29,27.13,26.80,26.80,27.22,26.73,27.13,27.05,26.64,27.13,26.96,26.80,27.29,27.05,27.45,27.13,27.13,27.05,26.56,27.36,26.89,27.13,27.22,26.80,26.80,27.05,26.80,27.22,26.73,27.13,26.96,26.73,27.36,26.96,27.22,26.96,26.96,27.05,26.73,27.05,26.73,27.05,27.36,27.05,27.22,27.29,27.13,26.96,26.96,26.96,27.05,27.22,27.13,26.96,27.13,26.64,27.05,27.05,26.89,26.96,26.80,27.29,26.64,26.73,27.22,26.80,26.89,27.05,27.29,26.96,27.45,26.96,26.96,27.05,27.22,27.13,26.96,26.96,27.29,26.96,26.96,26.96,27.29,26.89,27.05,26.89,26.64,26.96,26.89,26.56,26.89,27.13,27.36,26.80,27.22,26.64,27.05,27.05,27.13,26.56,27.05,26.96,27.13,27.29,26.80,27.05,26.96,26.96,26.64,27.05,26.64,27.05,26.80,26.64,26.96,27.05,27.05,26.96,27.05,26.80,27.05,27.13,27.05,26.64,27.13,26.73,27.05,27.13,27.13,26.73,27.05,26.89,26.80,26.96,26.96,26.96,27.05,26.80,26.89,27.05,27.05,27.05,26.56,27.05,27.13,26.56,26.73,27.13,26.64,26.56,27.05,26.96,26.96,26.89,27.05,27.36,26.64,26.96,27.29,27.53,27.05,27.13,26.80,26.80,26.73,26.73,27.05,26.73,27.05,26.64,27.13,27.13,27.45,27.05,26.40,26.96,27.13,26.80,27.05,27.05,26.64,26.73,26.64,27.22,26.73,26.89,27.45,26.80,27.05,26.80,27.36,26.56,27.13,26.96,26.96,27.05,26.80,26.73,27.05,27.05,27.22,26.73,27.29,27.29,27.13,26.96,27.22,26.80,26.64,27.13,27.13,26.89,26.64,27.05,26.73,26.73,27.22,26.80,26.89,27.13,26.89,27.05,26.89,26.73,26.73,26.73,26.89,26.80,27.22,26.80,26.96,27.05,26.64,26.64,26.40,26.73,26.80,26.56,26.89,26.89,27.13,26.96,27.05,26.80,27.13,26.80,26.89,27.05,26.31,26.64,26.73,27.22,26.73,26.73,26.80,27.05,26.64,26.96,26.64,26.73,26.56,26.96,27.05,26.64,26.80,26.64,26.64,26.40,26.80,27.05,27.05
26.64,26.89,26.80,26.64,26.47,26.56,26.96,26.89,26.47,26.89,26.64,26.80,26.73,26.73,26.64,26.80,26.80,26.56,26.64,26.96,26.89,26.73,26.56,26.73,26.47,27.05,26.64,26.73,26.96,26.80,26.89,26.64,27.22,26.73,26.80,26.80,27.05,26.89,27.13,27.13,26.64,26.73,26.80,27.22,26.73,26.80,26.73,26.73,26.40,26.80,26.80,26.73,26.80,26.89,26.64,26.73,26.64,26.89,26.89,26.64,27.22,26.73,26.89,26.89,26.56,26.89,27.22,26.80,26.73,26.89,26.80,26.73,26.89,26.89,27.05,26.80,27.13,27.22,26.96,26.96,27.36,27.22,26.89,26.80,26.73,26.89,26.80,26.80,26.80,26.56,26.96,26.96,26.64,27.13,26.64,26.80,27.13,26.89,26.96,26.73,26.64,26.64,26.80,27.13,27.05,27.05,27.29,26.80,26.89,26.89,26.89,27.05,27.05,26.89,26.64,27.13,26.89,27.22,26.73,27.05,26.73,27.29,26.96,27.29,27.05,26.89,27.36,27.05,27.36,26.73,27.13,27.13,26.64,26.89,27.05,26.56,26.73,27.13,26.80,26.80,26.80,26.96,26.73,26.96,26.80,27.05,26.96,26.56,27.13,26.96,27.22,27.13,27.36,27.05,27.05,27.13,26.73,27.36,27.22,26.96,26.73,26.73,27.05,26.80,26.80,26.96,26.89,27.13,26.89,26.80,26.96,27.05,26.96,27.22,27.22,27.22,27.05,27.05,27.13,26.96,26.80,26.96,26.80,27.05,27.29,27.45,26.89,27.05,26.89,26.96,27.13,27.29,27.22,26.89,27.13,27.29,27.22,26.47,26.89,27.05,26.96,27.29,27.13,27.53,27.13,27.13,26.89,26.96,27.13,26.96,26.96,26.89,27.05,27.13,27.22,26.96,27.22,27.13,27.22,26.89,27.45,26.96,26.89,26.56,27.13,27.13,26.96,27.13,27.36,26.89,26.89,27.36,26.96,26.80,26.96,26.80,26.89,26.73,27.13,26.96,26.96,26.96,27.22,26.96,26.64,26.56,27.36,27.05,26.56,26.56,27.13,26.64,26.73,26.89,27.13,27.05,26.80,26.96,27.05,27.05,26.73,26.96,27.13,27.05,26.96,26.89,26.89,26.73,27.05,27.13,26.96,26.96,26.96,27.05,26.80,27.13,26.96,26.73,26.89,27.05,26.73,27.22,26.64,26.96,26.73,26.96,26.80,26.96,26.73,26.73,26.96,26.73,27.13,27.22,26.96,26.56,26.89,27.05,26.96,26.96,26.89,27.22,26.96,26.64,26.96,26.89,27.13,26.56,27.13,26.73,27.22,27.13,27.45,27.45,26.96,27.13,26.96,27.13,27.13,26.96,26.89,26.89,26.89,26.64,26.80,26.80,26.89,26.73,26.73,26.73,26.73,26.96,26.64,26.47,26.40,26.56,26.89,26.80,26.89,26.64,26.80,27.13,26.64,26.96,27.05,26.56,26.80,26.80,27.05,26.80,27.05,27.13,27.05,26.96,27.05,26.47,26.80,26.80,26.64,27.05,26.73,26.96,26.80,27.05,26.64,26.73,26.89,26.80,26.89,26.80,27.22,27.05,26.96,26.73,27.05,26.73,26.64,26.64,26.80,26.73,27.05,26.56
26.64,26.80,27.29,26.56,26.64,26.96,26.56,26.40,26.73,26.56,26.47,26.80,26.64,26.64,26.31,26.47,26.73,26.23,26.73,26.56,26.64,27.05,26.80,26.89,26.73,26.73,26.73,26.73,26.80,26.56,26.89,26.73,26.64,26.31,26.89,26.80,27.13,26.96,26.64,26.73,27.22,26.64,26.47,26.73,26.96,26.89,26.80,26.96,26.56,26.73,26.89,26.89,27.13,26.80,27.29,26.89,26.89,26.89,26.56,26.64,26.96,26.80,26.80,26.64,26.80,26.64,26.89,26.73,26.73,26.96,26.80,26.80,26.64,26.80,26.73,27.13,26.80,26.80,26.64,26.64,26.80,26.80,26.89,26.56,27.13,27.13,26.73,26.64,26.73,26.80,26.73,26.80,26.89,26.89,26.73,26.73,26.96,26.73,26.80,26.64,26.64,27.22,27.22,26.89,27.22,26.73,26.23,26.80,26.89,27.05,27.05,26.89,26.31,26.96,27.13,26.64,26.96,27.05,26.80,27.05,26.89,27.45,27.13,27.13,27.29,26.73,27.22,27.45,27.22,26.89,27.13,27.22,26.80,26.89,27.13,27.05,27.22,26.73,26.89,26.89,26.73,27.05,27.05,26.89,26.89,26.96,26.80,27.22,26.56,26.89,27.13,27.05,27.22,27.22,27.36,27.22,26.64,27.29,27.13,26.80,26.80,27.05,26.80,26.80,26.56,26.80,26.89,27.36,26.64,26.80,27.05,27.05,27.13,26.96,26.64,27.05,27.05,26.73,27.29,26.96,26.96,27.13,27.45,26.96,26.96,27.36,26.89,27.13,26.96,27.05,26.89,26.96,27.36,27.05,26.89,26.89,26.89,27.22,26.89,26.80,27.22,27.22,26.80,27.36,27.29,27.22,27.29,27.05,26.80,27.05,27.36,27.13,27.36,27.05,27.13,26.80,27.22,26.89,27.05,26.96,26.96,26.73,27.29,27.05,27.05,26.64,27.13,26.73,26.89,27.13,26.80,26.64,27.05,26.47,27.05,27.13,26.96,27.05,26.80,27.05,26.80,27.22,27.45,26.89,27.05,27.36,27.13,27.13,26.96,26.96,27.05,26.96,26.73,27.05,26.96,26.64,27.05,26.96,26.64,26.89,26.89,26.64,27.22,27.05,26.40,26.73,27.13,27.05,26.64,26.47,26.64,26.89,26.80,27.29,26.80,26.96,27.13,26.64,27.29,27.05,26.96,27.05,27.13,27.13,27.05,26.80,27.05,27.22,27.36,27.05,27.13,27.22,26.80,26.96,27.13,26.80,26.89,26.89,26.89,26.64,27.22,26.47,26.56,26.96,26.89,27.05,27.05,27.05,26.89,27.13,27.45,27.29,26.89,26.73,26.80,27.05,27.05,26.64,26.80,26.89,26.80,26.31,26.80,26.64,26.89,26.80,26.73,26.80,26.73,26.89,26.56,26.23,26.96,26.56,26.73,26.64,26.73,26.47,26.64,26.73,27.05,26.96,27.22,27.05,26.56,27.22,27.05,26.73,26.64,26.80,26.80,26.73,26.73,26.89,26.80,26.40,26.73,26.80,26.64,27.05,26.64,26.80,27.05,26.73,26.73,26.14,26.73,26.73,26.56,26.40,26.80,26.89,26.80,26.89,27.13,26.96,26.64,26.80,26.73,26.80,26.56,26.80
26.96,26.80,26.73,26.73,26.96,26.96,26.47,26.64,26.89,26.31,26.73,26.73,26.80,26.47,26.96,26.73,26.56,26.89,26.73,26.73,26.80,26.73,26.64,26.47,26.89,26.56,26.89,26.64,26.80,26.80,26.89,27.13,26.73,26.56,26.89,26.89,26.96,27.13,27.22,26.80,26.56,26.80,26.64,26.14,26.64,26.56,26.56,26.89,26.89,27.05,26.80,26.89,27.22,26.64,26.89,26.96,26.89,26.96,26.64,26.64,26.89,26.73,26.31,26.96,26.56,26.80,26.80,26.89,26.56,26.73,26.89,26.89,26.89,26.73,26.73,26.80,26.73,26.80,26.64,27.13,26.89,26.89,26.64,26.89,26.80,26.73,26.89,27.45,26.73,26.73,26.80,27.05,26.64,26.73,26.56,26.96,26.89,26.89,27.22,26.89,26.80,26.80,26.40,26.80,26.80,26.73,26.73,26.96,26.64,26.89,26.89,27.29,26.73,26.80,26.73,26.89,27.13,26.80,27.29,26.89,26.89,26.73,26.73,26.80,27.05,27.13,26.96,26.73,27.22,27.13,26.89,27.22,27.05,26.89,26.80,27.05,27.05,26.89,27.05,26.96,26.64,26.89,27.45,27.13,27.05,27.22,26.47,26.96,27.05,27.05,26.96,27.13,27.05,27.13,27.53,26.96,27.29,27.22,27.13,26.96,27.05,26.96,26.80,26.89,27.22,27.29,27.05,27.05,27.05,27.05,27.22,27.13,27.29,26.96,27.22,27.05,27.05,27.13,27.13,27.29,27.05,27.29,27.05,27.53,27.22,27.22,27.13,26.89,26.89,26.96,26.73,27.13,26.89,27.05,26.64,26.96,26.89,26.89,27.22,27.13,27.22,27.29,27.05,27.22,27.05,27.22,27.29,26.96,27.22,26.89,26.89,27.13,26.89,27.13,27.29,27.22,26.89,27.13,26.89,27.05,27.13,26.89,26.96,27.13,27.13,27.13,26.89,26.96,27.13,27.13,27.13,27.13,27.22,27.05,26.89,27.05,27.22,27.22,27.05,26.80,27.05,27.29,27.13,27.13,27.29,26.96,26.80,27.22,27.29,26.64,27.05,26.89,26.73,26.89,26.96,26.89,26.89,26.89,26.89,26.96,26.96,26.73,26.73,26.89,26.80,27.05,27.05,26.96,27.05,26.96,26.96,26.89,27.22,27.13,26.80,26.64,27.05,27.22,26.73,27.29,27.29,26.56,26.89,26.47,26.89,27.05,26.96,27.05,27.29,26.73,26.64,26.80,27.22,27.22,26.96,27.13,26.96,27.05,26.89,26.73,27.13,26.56,26.73,26.96,27.05,27.29,26.73,26.89,27.53,27.29,27.05,27.13,26.80,27.13,26.89,27.36,27.05,26.80,26.64,26.96,26.73,27.05,26.47,26.89,27.05,27.13,27.22,27.05,27.05,26.80,26.56,26.64,27.13,26.73,27.05,27.05,26.73,26.96,26.96,27.13,26.96,27.05,27.29,26.96,27.29,26.89,26.73,26.80,26.89,26.89,26.64,26.80,27.05,26.73,27.13,27.22,26.47,26.73,27.05,26.80,27.29,26.56,26.80,26.47,26.80,26.80,26.64,26.89,26.56,26.64,27.05,26.73,26.96,26.64,26.73,26.73,26.40,27.05,26.64,26.64,26.89,26.40
26.73,26.56,26.89,26.89,26.40,26.56,26.47,26.73,26.56,26.73,26.73,26.64,26.73,26.80,26.73,26.64,26.47,26.56,27.29,26.73,26.89,26.89,26.64,26.80,26.96,26.56,26.80,26.80,26.56,26.73,26.64,26.89,26.89,26.64,26.80,26.89,27.36,27.05,26.56,27.13,26.64,26.56,26.80,26.80,26.73,26.89,26.73,26.89,27.13,26.73,26.47,26.64,26.80,27.13,26.56,26.64,26.80,26.80,26.56,26.89,26.96,26.73,26.89,26.80,26.64,26.89,26.73,26.89,26.64,26.89,26.89,26.73,26.73,27.36,26.64,26.73,26.80,26.80,26.80,27.13,26.80,26.64,26.73,26.73,26.73,26.80,26.64,26.73,26.89,26.80,26.73,26.64,26.73,26.47,26.80,26.96,26.56,26.64,26.96,27.05,26.80,26.89,27.22,26.80,26.80,26.56,26.80,26.89,27.13,27.22,27.13,26.56,26.96,27.29,27.22,26.96,27.22,26.64,26.80,27.29,26.80,26.73,26.80,27.29,27.36,26.89,26.96,26.47,27.05,27.05,27.13,27.22,26.73,27.13,27.22,26.73,26.89,26.96,26.73,26.73,26.89,27.36,26.96,27.05,26.73,27.05,27.29,26.64,27.22,26.47,27.05,26.96,26.96,26.73,27.13,27.45,26.96,26.80,27.05,26.89,26.64,27.05,26.96,26.89,26.56,26.89,26.56,26.80,27.22,26.56,27.22,26.96,27.05,27.36,27.05,26.96,27.13,26.96,27.22,26.96,27.05,26.96,27.69,26.80,27.22,27.05,26.89,26.89,26.89,27.13,27.29,27.13,26.96,27.13,27.05,26.89,26.80,26.89,26.64,27.53,26.96,27.29,27.22,26.96,27.13,27.29,27.13,27.29,26.96,27.13,27.22,26.89,27.45,27.05,27.05,27.29,26.89,27.22,26.64,26.56,27.05,26.96,27.22,27.05,27.13,26.73,27.13,27.05,26.89,26.89,27.22,26.96,26.96,27.05,26.73,26.96,27.05,26.89,26.96,27.05,26.96,26.89,27.13,26.80,27.05,26.73,26.96,26.89,26.56,26.64,26.64,27.29,26.73,26.96,26.96,26.73,27.13,27.05,27.05,27.22,26.96,26.96,27.22,26.96,26.47,26.80,26.96,26.64,27.05,27.13,26.89,26.73,26.80,26.96,27.13,26.64,26.73,26.89,27.13,26.96,26.96,27.05,27.05,26.73,26.80,27.13,26.89,26.64,26.80,27.05,26.56,26.89,26.73,27.05,26.96,26.89,26.89,27.05,27.36,26.89,27.05,26.89,27.05,26.96,27.13,27.29,26.96,27.22,27.29,26.89,26.64,26.96,26.80,27.13,26.96,26.56,26.64,26.96,26.73,26.64,26.73,26.73,27.13,26.73,27.05,26.80,26.80,27.13,26.89,26.96,26.80,27.05,26.40,26.80,26.96,26.96,26.47,27.13,26.80,26.80,26.80,26.64,26.80,27.05,26.73,27.13,27.05,26.80,26.64,26.64,26.73,26.80,27.13,26.56,27.05,26.73,26.80,26.56,26.56,26.73,26.47,26.56,26.89,26.80,26.80,26.64,26.73,26.56,26.40,26.73,26.64,26.56,26.80,26.96,27.05,26.47,26.64,26.80,26.56,26.73,26.40,27.05
26.73,26.73,26.73,26.73,26.73,26.31,26.31,26.73,26.56,26.80,26.64,26.89,26.40,26.47,26.64,26.64,26.80,26.89,26.56,26.96,26.89,26.56,26.89,26.40,26.73,26.73,26.80,26.47,26.47,26.89,26.73,26.73,26.80,26.47,26.73,26.80,26.96,26.89,26.56,26.73,26.80,26.96,26.64,27.13,26.47,26.80,26.64,26.73,26.80,26.64,26.64,26.73,26.64,26.80,27.05,26.31,26.73,26.56,26.80,26.89,26.96,26.73,26.73,26.80,26.96,26.80,26.73,26.89,26.96,26.73,26.80,26.73,26.47,26.73,26.80,26.73,26.96,26.56,26.73,27.05,26.80,26.47,26.96,26.80,26.47,26.89,26.73,27.22,27.22,26.80,26.89,26.80,26.73,26.56,26.89,26.80,26.73,27.13,26.89,26.73,27.22,26.89,26.80,26.80,26.89,27.22,26.80,26.80,27.29,27.29,27.13,27.13,26.96,26.80,26.73,26.96,26.89,26.56,27.13,27.22,26.56,27.29,26.80,27.29,27.29,27.22,26.56,26.80,27.13,27.13,27.36,26.89,27.13,27.45,26.80,26.96,27.29,26.89,26.89,27.13,26.80,27.13,26.80,26.73,27.36,27.13,27.13,27.05,26.89,26.73,27.22,26.73,26.96,26.89,27.05,27.22,27.36,27.05,26.89,26.73,26.73,26.96,26.80,26.56,26.47,27.13,26.56,26.96,26.73,26.80,26.96,26.96,26.96,27.13,27.22,26.73,27.05,27.05,27.05,26.96,26.89,27.29,27.05,27.05,27.05,26.89,27.22,27.05,27.05,26.96,26.64,26.96,27.36,26.89,27.05,27.13,27.05,26.80,27.05,27.05,27.13,27.36,26.96,27.22,27.36,27.29,27.29,27.13,26.89,27.13,26.96,27.05,27.13,27.22,26.96,27.22,27.45,26.89,26.89,27.13,27.05,26.96,26.96,27.22,27.05,27.22,26.56,27.05,26.89,26.96,27.05,26.73,26.47,27.05,27.05,27.29,26.73,27.05,26.89,27.05,27.05,26.89,26.96,27.22,27.05,27.13,26.89,26.96,27.13,27.13,27.13,26.56,26.73,27.05,26.64,27.05,27.22,27.13,26.47,26.64,26.73,26.64,26.73,27.05,26.80,26.80,27.29,26.89,26.89,26.89,26.80,27.22,26.73,26.64,26.89,26.80,26.89,27.05,27.13,26.80,26.80,26.89,27.13,27.22,26.56,27.05,26.80,26.96,27.22,26.73,27.05,27.05,26.80,27.22,26.96,26.80,26.73,26.80,26.73,27.05,27.29,27.13,27.22,26.89,27.29,27.22,27.29,27.13,26.73,26.73,27.05,27.05,26.89,26.56,26.73,26.80,26.80,26.96,26.80,26.73,26.73,26.56,26.56,27.29,26.96,26.47,26.80,26.40,26.73,26.73,27.13,26.73,26.89,26.96,26.64,26.80,27.29,27.36,26.96,26.64,26.73,27.13,27.13,26.73,26.80,26.73,26.73,26.73,27.13,27.05,26.73,26.73,26.73,26.96,26.47,26.73,26.56,27.13,27.13,26.89,27.22,26.64,26.89,26.80,26.64,26.73,26.80,26.73,26.80,26.80,26.64,26.96,27.05,26.64,26.89,26.73,26.73,27.13,26.64,26.47,26.96,26.64
27.05,26.96,26.73,27.05,26.40,26.80,26.96,26.89,26.64,26.80,26.80,26.80,26.64,26.64,26.96,26.80,26.47,26.56,26.73,26.56,26.64,27.53,26.80,26.73,26.64,26.73,26.80,26.89,26.73,26.56,26.80,26.56,26.56,26.80,26.64,26.31,26.80,26.56,26.73,26.73,26.23,26.56,26.73,26.80,27.05,27.13,26.73,26.64,26.96,26.64,26.56,27.22,26.73,26.64,26.73,26.80,26.80,26.80,26.56,26.64,27.22,26.89,26.73,26.56,26.80,26.96,26.96,26.73,26.64,26.89,27.13,26.80,26.89,26.96,26.73,26.47,26.73,26.64,27.13,26.89,26.73,26.80,26.96,26.80,26.80,26.80,26.73,26.56,26.64,26.96,26.80,26.89,26.73,27.05,27.13,26.80,26.89,27.05,27.22,27.36,26.64,26.80,26.89,26.89,26.89,26.64,26.73,26.56,27.22,26.96,26.80,26.89,27.13,26.96,26.73,26.96,26.73,26.64,27.05,27.22,26.80,27.22,27.36,27.22,27.29,27.13,27.05,26.64,26.64,27.05,27.13,27.29,27.13,26.64,27.22,27.13,27.05,26.64,27.36,27.29,26.89,27.29,26.64,26.80,27.05,27.13,26.47,27.13,26.89,26.96,27.05,26.96,26.64,26.80,26.89,27.22,27.13,27.13,27.05,27.22,26.89,27.13,27.36,26.89,27.05,26.89,27.22,26.96,26.73,27.22,27.05,26.96,27.13,27.29,27.29,27.36,27.22,26.80,27.05,27.05,26.64,26.96,26.96,27.13,26.89,26.73,27.29,26.47,27.22,27.22,27.29,26.96,26.96,27.05,27.13,27.13,27.22,26.96,26.80,27.05,26.96,27.13,27.05,27.53,27.29,27.29,26.56,27.05,27.13,26.89,26.73,27.13,27.13,26.96,26.96,27.13,26.89,27.22,27.13,26.64,26.64,26.56,27.13,27.05,26.89,26.96,26.73,26.96,27.29,26.64,27.13,26.96,26.64,27.29,26.73,27.22,26.89,26.96,26.96,27.22,27.05,26.89,26.73,26.73,27.13,26.96,27.36,26.96,26.56,26.31,26.64,27.29,26.64,26.64,27.22,26.56,27.05,26.96,27.22,26.96,26.64,27.05,26.89,26.89,26.89,26.96,27.13,27.13,26.73,26.80,26.80,26.96,26.96,27.22,26.80,26.89,26.96,26.56,27.36,27.22,26.96,26.64,26.73,26.96,27.13,26.89,27.05,26.89,27.05,27.29,26.89,26.89,27.05,26.73,27.13,26.64,26.96,26.73,26.96,26.89,26.89,27.22,26.47,27.29,27.13,27.13,26.89,26.89,27.13,26.96,27.05,27.05,26.80,27.05,26.73,27.05,26.80,26.80,26.64,26.64,26.80,27.13,26.56,26.80,26.56,26.89,26.80,26.56,26.73,26.64,27.29,26.80,26.73,27.22,26.80,26.89,27.05,27.29,26.89,26.89,27.05,26.64,27.05,27.29,26.73,26.56,27.13,26.73,27.05,26.64,26.89,27.22,26.73,26.80,27.13,26.73,26.64,26.96,26.89,27.22,26.64,26.73,26.47,27.05,27.05,26.64,27.22,26.56,27.13,26.73,26.80,27.22,26.73,26.89,26.73,26.80,26.80,26.73,26.73,26.31,26.96,26.80
26.64,26.80,26.47,26.64,26.73,26.73,26.47,26.89,26.89,27.05,26.47,26.73,26.64,27.22,26.64,26.89,26.64,26.80,26.96,26.64,26.73,26.73,26.73,26.73,26.64,26.64,26.80,26.80,26.80,26.96,26.80,26.73,26.73,26.64,26.73,27.13,26.73,26.80,26.56,26.96,26.64,26.73,26.56,26.64,26.73,26.64,26.64,26.64,26.80,26.73,26.96,27.05,26.89,26.73,26.64,26.80,26.80,26.96,26.73,26.56,27.05,26.64,26.89,27.22,26.73,26.96,27.13,26.96,26.96,26.73,26.80,26.89,26.80,26.80,26.96,26.80,26.56,26.64,26.64,26.64,26.89,26.80,27.05,26.56,26.64,26.80,27.22,26.73,26.96,27.13,26.80,26.89,27.13,26.80,26.47,26.73,26.73,27.36,26.89,26.80,26.64,26.89,27.22,26.96,26.89,26.64,26.56,26.80,26.80,27.22,26.80,27.53,26.56,26.80,26.80,26.89,26.80,27.22,27.05,26.80,27.36,27.13,27.36,27.36,27.36,27.13,27.22,26.89,26.89,26.80,26.64,26.89,27.13,27.05,27.29,26.96,27.13,27.22,26.89,26.89,26.64,27.22,26.56,26.89,27.13,27.13,26.89,26.89,27.13,26.56,27.13,27.36,27.05,26.80,27.29,27.29,26.89,26.96,26.73,26.96,27.22,27.36,27.36,27.05,27.05,26.96,26.96,27.05,26.80,26.96,26.80,27.05,27.45,27.13,27.45,26.64,27.05,27.13,27.22,27.13,27.29,27.22,27.29,27.29,27.13,26.96,27.05,27.05,27.22,27.05,26.96,27.05,26.56,26.80,27.05,26.89,27.29,27.13,27.22,27.13,27.36,27.05,27.05,27.13,27.22,27.36,26.96,26.73,26.64,26.56,26.96,26.96,27.05,27.53,26.96,26.96,26.64,26.89,26.80,26.80,27.29,26.96,27.05,26.96,27.13,26.64,27.13,27.13,27.05,26.96,26.96,27.13,26.96,27.05,26.73,26.56,27.05,27.29,27.29,27.05,27.05,26.96,27.22,26.64,27.05,27.05,27.05,26.47,27.05,26.96,26.40,26.89,27.22,27.13,26.96,27.05,26.89,26.80,27.13,26.96,26.73,27.05,26.89,27.05,27.13,26.47,26.89,27.05,27.13,26.80,26.96,26.73,27.22,27.05,26.96,26.80,26.73,26.96,26.80,26.96,26.89,26.89,26.80,26.96,26.73,27.13,26.89,27.05,26.73,26.73,26.56,27.13,27.05,26.56,26.73,26.73,26.64,27.13,27.05,26.80,27.05,26.96,27.13,27.45,26.89,26.89,26.56,26.80,27.22,26.80,27.13,26.89,26.96,27.45,27.36,27.05,27.13,27.13,26.64,27.05,27.22,26.89,27.05,26.80,26.64,26.73,26.96,27.05,26.80,26.47,27.05,26.56,26.64,26.96,26.96,26.80,26.96,26.73,27.05,27.05,26.56,26.80,26.80,26.96,26.80,26.80,26.73,26.80,26.64,27.13,26.80,26.47,26.80,26.89,26.80,26.64,26.47,26.73,26.64,26.64,26.80,26.80,26.64,26.64,26.73,26.73,26.80,26.80,26.89,26.73,26.40,26.89,26.80,26.96,26.89,26.64,26.80,27.13,26.64,26.80,26.64,26.64
26.73,26.96,26.73,26.56,26.96,26.80,26.80,26.64,26.89,26.89,26.73,26.73,26.80,26.47,26.64,26.56,26.96,27.13,26.96,27.29,26.96,26.89,26.56,26.73,26.80,26.73,26.96,26.89,26.73,26.73,26.56,26.73,26.96,27.22,26.31,27.29,26.64,26.80,26.89,26.96,26.73,26.96,26.80,26.64,26.56,26.80,26.73,26.89,26.40,26.89,26.80,26.96,26.89,27.13,26.96,26.80,26.96,26.64,26.73,26.80,26.89,26.73,26.80,26.73,26.73,26.89,27.13,26.80,26.96,26.89,26.73,27.29,27.22,26.73,26.96,26.56,26.73,27.29,26.73,26.80,27.13,26.64,26.73,26.89,26.64,26.56,26.73,26.96,26.89,26.56,26.96,27.36,27.22,26.89,27.22,27.22,27.05,26.89,26.73,26.96,26.96,26.96,26.89,26.80,26.96,27.13,26.96,26.96,26.96,26.89,26.89,26.89,26.96,26.89,27.05,26.73,26.96,27.05,27.22,27.53,27.22,28.09,27.62,27.53,27.62,27.36,27.36,27.05,26.89,27.13,27.13,27.29,27.29,27.13,27.36,27.05,27.05,27.36,27.36,26.89,27.22,27.13,26.89,26.80,26.80,26.96,27.13,27.05,26.89,26.64,26.80,27.13,26.73,27.05,27.05,27.13,27.29,27.36,27.05,27.29,26.89,27.05,26.96,27.13,27.05,26.73,26.89,26.96,27.22,27.13,26.96,27.36,27.05,26.89,27.05,27.05,27.45,26.96,27.22,27.22,26.96,27.05,27.05,27.13,27.22,27.22,27.05,26.89,27.29,27.22,26.80,27.05,26.73,26.89,27.05,27.13,26.89,27.05,27.13,26.96,26.96,27.13,27.22,27.05,27.29,27.45,27.05,27.13,26.80,26.89,27.05,27.13,27.05,27.22,27.22,27.13,26.73,26.96,26.96,26.96,27.05,27.05,27.13,27.22,27.13,27.22,27.13,27.13,27.22,27.13,27.29,26.73,26.73,26.96,27.13,27.45,27.05,26.96,26.96,26.96,27.13,27.29,27.05,26.96,27.13,27.13,27.05,27.29,26.56,26.64,26.96,27.22,27.13,26.80,26.96,27.36,26.80,27.13,27.22,26.80,26.64,26.96,26.89,27.22,27.29,26.96,26.73,26.80,26.56,26.96,27.05,27.13,27.05,27.13,27.22,26.80,26.80,27.13,27.13,26.56,27.22,27.05,27.13,26.73,27.05,27.13,27.13,26.80,27.13,26.64,26.96,27.29,26.80,27.22,26.73,26.73,26.80,26.89,27.13,27.13,27.05,27.22,27.36,26.73,27.13,27.29,26.73,27.22,26.80,26.80,26.73,26.56,26.96,26.64,27.13,26.80,26.80,26.73,26.73,26.96,27.05,26.89,26.73,26.73,26.96,26.40,27.05,26.80,26.80,26.96,26.73,26.64,26.80,26.89,27.13,26.80,27.36,27.22,26.89,26.89,27.05,27.13,26.73,26.73,26.80,27.05,26.64,26.80,27.05,27.05,26.73,27.05,26.80,26.80,26.64,26.80,27.22,26.56,26.80,26.80,26.80,26.80,26.64,27.05,27.05,27.05,26.56,27.22,26.73,26.96,26.73,26.89,26.64,27.05,27.22,26.96,26.73,27.13,27.13,26.80,26.64,26.89
26.80,26.89,26.96,26.73,26.80,26.80,26.73,26.96,26.73,26.73,27.05,27.13,26.96,26.56,26.56,26.80,26.73,26.23,26.96,27.05,26.64,26.80,26.96,26.80,26.80,26.23,26.31,26.89,26.96,26.89,26.73,27.05,26.64,26.89,26.80,26.73,26.80,26.80,26.73,26.14,26.23,26.64,26.64,26.64,27.22,26.64,26.64,26.56,26.73,26.80,26.56,26.73,26.73,26.80,26.73,26.80,26.73,26.31,26.80,26.64,26.73,26.47,27.13,26.89,26.89,26.64,26.64,26.64,27.22,26.73,26.64,26.89,26.89,26.64,26.56,26.73,27.05,26.80,26.80,26.73,27.29,26.96,26.89,26.56,26.80,26.80,26.73,26.73,26.96,26.73,26.64,26.89,26.89,26.80,26.80,26.89,27.29,26.96,26.89,26.56,26.73,26.80,26.80,27.13,26.89,26.96,26.56,26.73,26.80,26.73,26.96,26.80,27.13,26.73,26.56,26.80,26.80,26.80,27.22,27.13,27.69,27.62,27.85,28.00,27.62,27.29,27.36,27.29,26.96,27.13,27.05,27.13,26.89,26.80,27.36,26.80,27.22,27.13,26.96,26.56,27.05,27.22,27.05,27.22,26.56,27.29,27.05,27.13,27.29,26.23,27.05,26.80,27.05,27.05,26.80,27.29,26.89,26.96,26.96,27.36,26.96,26.89,27.13,26.96,27.22,26.96,26.80,27.29,27.05,27.05,26.64,27.29,27.13,27.13,27.36,27.22,27.29,27.29,26.89,27.05,26.96,27.05,26.96,26.96,26.96,26.96,27.13,26.64,26.80,27.13,26.64,27.05,27.13,26.96,27.22,27.13,27.13,26.64,26.80,26.89,27.29,27.13,27.13,27.45,27.29,27.22,27.22,27.13,26.96,26.73,27.22,26.89,27.05,27.22,26.96,27.13,27.05,26.80,26.73,27.05,26.96,26.96,26.89,26.96,26.96,27.13,26.64,27.13,26.89,27.29,26.96,27.22,26.89,26.80,27.13,27.29,26.47,27.05,26.96,27.13,26.56,27.29,26.89,27.22,27.13,26.73,26.96,27.29,26.73,26.80,26.73,26.64,27.05,26.96,27.13,27.05,26.96,26.80,26.89,27.13,26.80,26.56,27.22,27.05,26.73,27.05,27.13,27.13,26.96,26.96,26.96,27.13,26.80,27.13,26.89,26.64,26.64,27.29,27.13,27.22,26.80,26.73,26.89,27.22,26.89,27.05,26.64,26.80,26.73,27.05,26.64,26.80,26.96,26.80,26.80,27.53,26.96,27.05,27.29,27.13,27.29,26.80,26.89,26.96,26.56,27.13,26.89,27.05,26.73,27.05,26.64,27.13,27.13,26.80,26.64,26.80,27.13,26.80,26.73,26.40,27.05,26.80,27.22,26.47,26.56,26.56,26.73,27.05,26.80,26.64,26.73,26.56,26.80,26.73,27.05,27.05,26.64,26.80,27.13,27.13,27.13,26.80,27.05,26.64,26.56,26.89,26.73,26.80,27.05,26.73,26.56,26.96,26.80,26.73,26.47,26.47,26.96,26.73,26.56,27.22,26.96,26.80,27.13,26.89,26.80,27.05,26.80,26.73,26.47,26.73,26.73,27.05,26.47,26.80,26.73,27.05,26.64,26.73,26.56,26.56,26.64,26.47
26.64,26.96,26.80,26.96,26.64,26.89,26.73,26.80,26.64,26.89,26.80,26.89,26.64,26.56,27.13,26.89,26.73,26.96,26.64,26.47,26.40,26.89,26.80,26.80,26.80,26.96,26.96,26.80,26.89,26.64,27.13,26.56,26.89,26.56,26.73,26.64,26.89,26.56,26.89,26.89,26.64,26.64,26.73,26.47,26.31,27.22,26.73,27.05,26.89,26.47,26.73,26.89,26.80,26.73,27.13,26.64,27.13,26.89,26.96,26.73,26.80,26.89,26.73,27.13,26.96,26.80,26.80,26.80,26.96,26.73,26.89,26.96,26.80,26.89,26.64,26.73,26.80,26.73,26.89,26.96,26.96,26.73,26.73,26.64,26.73,26.64,26.73,26.89,26.80,26.47,26.89,26.80,27.22,26.89,26.73,27.22,27.29,26.89,27.13,26.73,26.80,26.73,27.22,26.96,26.73,26.73,26.73,26.89,26.64,27.36,26.96,26.73,26.56,26.80,26.64,26.64,26.64,27.22,27.05,26.96,26.96,27.69,27.85,27.76,28.23,27.92,27.62,27.22,27.29,27.29,27.22,26.89,26.96,27.13,27.36,27.05,27.13,27.05,27.45,27.29,26.89,26.89,26.89,27.53,26.89,27.05,26.73,27.22,27.29,26.64,26.96,27.13,27.05,27.22,27.13,26.96,26.73,27.05,27.22,27.36,27.22,26.96,27.13,27.13,27.22,27.05,27.36,27.22,26.96,27.22,26.96,26.64,26.64,26.89,26.96,27.13,27.29,27.22,26.96,26.89,27.22,26.64,26.73,27.13,27.36,27.22,27.13,27.22,26.89,26.96,27.22,27.22,27.05,26.89,27.29,27.22,27.13,27.05,27.13,27.05,27.29,26.89,27.29,27.05,27.29,26.89,26.80,26.89,27.05,27.22,27.13,27.22,27.36,26.96,27.13,27.13,27.05,27.29,27.13,27.05,27.29,26.96,26.64,27.05,27.05,27.22,26.89,26.89,27.13,27.13,27.13,27.29,27.05,26.89,27.05,27.29,27.29,27.22,26.96,26.96,27.29,27.05,27.05,27.05,26.80,27.22,27.22,26.56,26.96,26.56,26.64,27.05,27.13,26.89,26.96,26.96,27.13,26.80,27.13,26.96,26.96,26.73,27.05,27.53,26.96,27.29,27.05,26.73,26.80,26.80,27.22,27.13,26.96,26.73,27.13,26.89,26.80,26.80,27.13,26.80,26.56,27.05,26.89,26.73,26.73,27.13,26.73,26.56,26.80,27.22,26.89,27.13,26.73,27.05,26.64,26.89,26.64,26.80,27.62,27.22,27.05,27.29,26.89,27.22,26.96,27.05,27.05,26.73,26.80,26.89,26.80,26.73,26.73,27.36,27.05,26.96,26.96,26.73,26.80,26.56,26.89,27.29,26.80,26.73,26.89,26.89,26.89,26.89,26.80,26.89,26.89,26.47,26.56,27.22,26.96,26.80,26.73,26.80,26.96,26.80,26.73,27.05,27.29,27.05,27.13,26.80,26.56,26.89,26.56,27.29,26.73,26.40,26.64,26.73,26.73,26.89,27.05,27.13,26.80,27.13,26.89,27.13,26.80,26.64,26.56,26.73,26.96,26.80,26.73,26.73,26.89,26.64,26.64,26.56,27.22,26.80,26.64,27.05,26.47,26.80,26.80,26.56
27.05,27.22,26.96,26.64,26.47,26.96,26.89,26.80,26.73,26.80,26.80,26.80,26.80,26.96,26.89,26.96,26.89,26.80,26.80,26.64,26.73,26.73,26.89,26.89,26.89,26.40,26.56,26.80,27.05,26.47,26.56,26.56,26.96,26.64,27.05,26.73,26.89,26.89,26.96,26.96,26.80,26.96,26.80,26.89,26.89,26.80,26.89,26.56,26.80,26.89,26.89,26.89,26.80,26.89,26.80,26.56,26.89,26.89,26.89,26.73,26.73,26.96,26.89,26.73,26.80,26.56,26.64,26.89,26.73,26.89,27.22,26.73,26.89,27.05,26.73,27.13,26.47,26.89,27.22,27.29,26.64,27.13,27.13,27.05,26.73,27.05,26.73,26.89,27.22,26.80,27.22,26.73,26.73,26.73,26.73,27.13,26.80,26.89,27.13,26.96,26.96,27.05,27.05,26.80,26.80,27.13,27.13,26.80,27.22,27.22,26.96,27.13,27.13,26.89,26.96,26.89,26.96,26.56,26.80,26.73,26.96,27.45,27.85,28.09,27.85,27.92,27.53,27.36,27.69,27.36,27.22,26.89,27.22,26.89,27.22,27.29,26.96,27.29,27.36,27.22,26.89,27.05,27.13,26.73,27.13,26.96,26.96,26.73,27.29,27.22,26.80,27.05,27.22,27.22,27.29,27.36,27.13,27.13,27.22,27.22,27.13,27.22,27.13,26.96,26.96,27.13,27.05,27.05,27.29,27.13,26.73,27.13,27.13,27.13,27.29,27.13,26.96,26.96,27.13,26.96,27.05,27.13,27.22,27.22,27.05,27.22,26.89,27.22,27.05,27.36,26.89,27.76,26.89,27.13,27.45,26.96,26.89,26.89,27.05,27.13,27.13,27.13,27.05,27.29,27.05,27.13,26.73,27.05,26.80,27.05,27.22,26.96,26.96,27.13,27.13,27.05,26.96,26.56,26.96,26.89,26.56,26.89,26.96,27.05,27.22,27.05,27.05,26.56,26.89,27.22,26.64,26.64,26.89,26.96,27.45,26.64,27.05,26.80,26.96,27.13,27.22,27.13,27.22,26.96,26.73,27.22,26.96,26.96,27.36,26.96,27.13,27.05,26.96,27.05,26.89,26.89,26.64,27.13,27.22,27.05,27.05,26.73,27.13,27.13,26.73,26.89,26.56,27.13,26.80,26.89,26.96,26.73,27.13,26.89,26.64,26.96,26.96,26.73,27.36,27.13,26.96,26.89,26.80,26.96,26.64,27.13,26.96,26.64,26.80,27.22,26.80,27.13,26.73,26.89,26.80,27.29,27.22,27.13,26.73,26.73,27.29,27.05,27.13,27.22,26.80,26.73,27.05,26.89,26.96,26.89,26.80,26.89,26.73,26.80,27.13,26.80,27.22,26.64,27.22,26.64,26.89,26.73,26.73,26.96,26.80,26.96,26.89,26.80,27.05,26.96,26.64,27.05,26.73,26.64,26.73,26.47,26.89,27.05,26.64,26.64,26.89,26.80,26.64,27.13,27.05,26.89,26.64,26.73,27.36,26.56,26.89,26.64,26.80,26.96,26.64,26.64,26.80,26.73,27.05,26.73,26.80,26.80,26.89,26.89,26.80,27.13,26.64,26.80,26.64,26.64,26.89,26.64,26.80,26.64,26.96,26.56,26.73,26.80,26.96,26.64,26.73,26.64
27.05,26.31,26.80,27.29,26.89,27.05,26.89,27.05,26.80,26.96,26.73,26.64,26.96,27.22,26.89,26.64,26.73,26.56,26.56,26.64,26.73,26.89,26.80,26.56,26.80,26.47,27.13,26.80,26.73,26.56,27.13,26.73,26.80,26.56,26.64,26.14,26.56,26.89,26.73,26.64,26.56,26.96,26.89,26.40,26.73,26.56,26.89,26.80,26.56,26.64,26.73,26.73,26.89,26.73,26.89,26.89,26.96,26.56,26.96,26.89,26.73,27.05,26.56,26.80,26.96,26.89,26.73,26.89,26.64,26.80,26.80,26.89,26.56,26.73,26.56,27.05,26.80,26.73,26.73,26.73,26.73,27.29,26.96,26.96,26.64,27.05,26.80,26.89,26.96,26.73,26.64,26.89,26.64,26.64,26.73,26.73,27.05,26.73,27.05,27.29,26.80,27.22,27.13,27.22,27.13,26.64,26.89,26.73,26.73,27.29,26.96,26.89,26.73,26.89,26.64,26.64,27.22,27.22,26.80,26.56,26.89,27.13,26.89,27.53,27.69,27.76,27.69,27.53,27.53,27.62,27.45,27.13,26.96,27.05,27.36,26.64,26.80,27.05,26.89,27.05,26.96,26.96,26.80,26.64,26.47,26.40,26.89,27.13,27.13,27.29,26.89,26.96,27.36,27.05,26.96,27.13,26.96,27.22,26.73,27.05,27.36,27.13,27.05,26.89,27.13,26.73,27.05,26.96,26.89,27.13,26.96,26.89,27.45,26.96,26.96,27.45,27.13,26.89,26.89,27.22,27.13,27.13,26.96,27.13,27.05,27.22,26.96,27.05,26.96,26.64,26.96,27.05,26.64,27.29,26.96,27.13,27.05,26.89,27.22,26.96,26.96,27.05,27.13,27.13,27.45,27.22,27.22,27.05,27.13,27.05,27.05,27.22,27.29,26.96,27.05,27.05,27.13,27.13,27.05,27.05,27.13,27.05,26.89,27.05,26.89,26.64,27.22,26.64,26.96,27.22,26.89,26.89,27.05,27.05,26.64,27.05,26.96,26.80,26.96,27.22,26.96,26.89,26.64,26.96,26.73,27.05,27.05,27.13,26.47,27.29,26.64,26.80,27.22,26.80,26.80,26.64,26.56,27.13,26.96,26.96,27.22,26.96,26.64,26.73,26.89,26.80,26.64,26.56,26.80,26.89,27.13,26.64,26.73,26.89,26.73,26.89,26.89,26.64,26.80,26.64,27.13,27.13,26.73,27.22,26.73,26.80,26.96,27.13,27.13,27.13,26.89,26.73,26.96,26.89,27.13,27.45,27.13,27.05,26.89,27.13,27.13,26.64,26.96,26.89,26.80,26.89,26.96,26.56,26.73,26.89,26.80,26.80,27.05,26.89,27.05,26.80,26.73,27.05,27.13,26.73,26.73,27.13,26.64,26.64,26.73,26.64,27.45,26.47,26.64,26.73,26.80,26.64,26.56,27.05,26.56,27.05,26.80,27.22,26.89,27.05,27.05,26.73,26.80,26.80,27.05,26.80,26.40,26.96,26.47,26.64,27.05,26.64,26.80,26.89,26.64,27.05,26.89,27.05,26.73,26.80,26.73,26.89,27.05,26.73,26.80,26.73,27.05,27.22,26.73,26.64,27.13,26.96,27.05,26.80,26.64,26.56,27.13,26.64,26.64,26.64,26.64,26.64
26.80,26.47,26.89,27.05,26.56,26.89,27.36,27.05,26.80,26.96,26.89,27.05,26.73,27.13,27.05,26.89,26.73,27.22,26.73,26.96,27.13,26.89,26.80,26.89,26.80,26.31,26.73,27.05,26.96,27.13,26.73,26.56,26.73,26.73,26.89,26.80,26.64,26.47,26.56,26.56,26.89,26.64,26.64,27.22,26.73,26.64,26.89,26.80,26.80,26.64,26.73,26.80,26.89,26.80,26.89,26.64,26.73,27.13,26.73,27.13,26.73,27.22,26.80,26.47,26.40,26.80,26.64,26.80,26.64,27.29,26.80,26.73,26.89,26.89,26.80,26.64,26.31,26.80,26.56,26.89,26.23,26.73,27.22,26.89,26.64,27.05,26.64,27.22,26.80,27.05,26.73,26.96,27.05,27.13,26.80,26.64,26.96,26.56,27.13,26.96,26.96,27.22,26.80,26.89,26.73,26.96,26.89,26.96,26.89,27.29,26.96,26.64,26.80,26.89,26.80,26.80,26.73,26.64,26.89,26.73,27.29,26.56,26.96,27.29,27.22,28.00,27.53,27.85,27.45,27.45,27.62,27.22,27.45,27.13,26.73,26.89,26.73,27.13,27.22,26.89,27.13,26.80,26.80,26.89,27.13,26.80,26.64,27.22,26.96,27.13,26.96,27.13,27.36,27.36,27.29,27.22,27.29,26.96,27.05,26.89,27.05,27.13,26.96,27.05,26.80,27.13,26.96,26.64,26.89,26.96,26.96,27.05,26.89,27.22,26.89,27.22,27.05,26.64,27.13,27.05,27.05,27.36,26.56,26.96,27.53,27.29,26.89,27.05,26.47,27.45,26.96,27.05,27.36,27.05,27.69,27.29,27.05,27.22,27.13,27.13,27.05,27.36,27.22,27.22,27.13,27.13,27.22,26.89,27.05,26.64,26.80,27.45,27.29,27.05,26.89,27.13,27.05,27.13,27.05,27.13,26.89,27.05,26.89,27.22,27.22,26.73,27.13,26.89,27.13,27.22,26.96,26.64,27.13,26.89,26.80,26.96,26.96,27.05,27.22,26.80,26.80,27.13,26.89,27.22,26.96,26.56,27.36,26.89,26.80,26.31,27.05,26.89,26.96,26.89,26.64,27.05,27.13,26.96,27.22,26.56,26.73,26.89,26.80,27.13,26.89,27.05,26.89,26.56,27.05,27.13,26.89,26.56,26.89,26.80,26.73,26.89,26.89,26.89,26.64,26.89,26.89,26.89,27.13,27.22,27.13,26.80,26.47,27.22,26.73,26.80,26.73,26.56,27.29,26.89,27.29,27.05,26.47,26.96,26.89,26.89,27.22,27.13,27.05,26.47,27.13,27.22,26.80,26.89,26.80,26.89,26.80,26.64,26.89,27.22,26.56,27.13,27.22,26.64,26.73,26.89,26.73,27.13,26.89,26.64,26.80,27.22,26.96,26.73,26.96,26.73,26.73,26.80,26.73,27.05,27.13,26.56,26.80,26.73,27.22,26.56,27.13,26.80,26.56,26.73,27.13,27.29,27.05,26.73,26.80,26.73,26.80,26.73,26.89,26.64,26.56,26.89,26.80,26.64,26.73,26.73,26.80,26.89,27.05,27.05,26.73,26.47,26.64,26.73,26.80,26.80,26.40,26.96,26.64,27.05,26.73,26.73,27.05,26.73,26.64,26.80,26.73,26.64
27.22,26.47,26.80,26.31,26.80,26.96,26.89,26.89,26.80,26.89,27.45,26.96,26.89,26.64,26.64,27.36,26.47,27.22,26.73,26.80,26.89,26.73,26.64,26.80,26.80,26.64,26.96,26.73,26.64,26.64,26.73,26.73,27.13,26.73,26.80,26.89,26.89,26.73,26.89,26.64,26.56,26.73,26.64,26.64,26.64,26.64,26.73,26.64,26.73,26.89,26.73,26.96,26.80,26.47,26.89,26.96,26.80,26.96,26.96,26.64,26.89,26.64,26.80,26.56,26.64,26.73,26.89,26.96,26.96,26.73,26.64,26.96,27.29,26.89,26.73,26.56,27.22,26.64,26.80,26.89,26.56,26.73,26.73,26.96,26.80,26.89,26.64,26.40,27.22,26.89,27.13,27.22,27.29,27.13,26.64,26.73,27.13,26.80,26.64,27.13,26.73,26.73,26.64,27.22,26.96,26.80,26.64,27.05,26.73,27.05,26.89,26.47,26.89,26.96,27.36,26.73,27.13,26.89,26.89,26.96,26.64,26.64,27.22,26.89,27.22,26.96,27.85,27.69,27.53,27.29,27.29,27.22,27.13,27.22,26.89,26.64,26.80,26.80,27.22,26.89,27.05,27.05,26.80,26.96,26.80,27.13,26.89,27.05,27.22,26.96,26.89,27.13,27.53,27.76,27.53,27.45,27.45,27.36,27.36,27.13,27.29,27.45,27.05,27.29,27.29,27.36,26.89,26.73,26.64,26.47,27.13,26.96,27.13,26.89,27.05,27.22,27.13,27.45,27.13,26.73,26.80,27.13,27.22,27.05,27.36,27.13,27.05,27.05,26.96,27.13,27.05,27.05,27.29,27.22,27.76,27.85,27.22,27.05,27.13,26.89,27.29,27.13,27.05,27.05,27.22,27.22,27.13,26.89,26.89,27.05,26.96,27.13,27.13,27.13,27.13,26.96,27.05,26.89,26.80,26.56,26.89,26.96,26.96,26.64,27.22,26.89,27.05,26.89,26.89,27.05,27.05,27.53,26.73,26.96,26.80,26.56,26.80,27.22,27.22,26.64,26.73,26.56,27.13,26.89,26.80,26.96,26.56,26.96,26.89,26.89,26.80,26.80,27.05,27.13,26.73,26.64,27.05,26.89,26.96,27.05,26.64,26.89,27.22,26.64,27.05,27.05,27.13,26.80,27.13,26.73,26.96,27.13,26.80,26.89,26.89,26.89,27.22,27.05,27.29,26.80,26.80,26.40,27.13,27.29,26.73,26.80,27.13,26.89,27.22,26.80,26.80,27.13,27.53,26.80,26.73,27.13,27.36,26.80,27.22,26.80,26.56,26.80,26.47,26.89,26.89,26.73,26.80,27.13,26.96,26.64,26.96,26.89,26.89,26.64,26.80,27.13,26.89,27.22,26.73,26.80,26.80,26.73,26.96,27.05,26.80,27.22,27.13,27.05,27.05,26.96,27.22,26.64,27.05,26.73,27.13,27.13,26.64,27.05,26.64,27.05,27.13,26.64,27.05,26.80,26.73,26.64,26.80,26.89,26.73,26.89,26.73,26.47,27.13,26.56,26.89,26.64,26.80,26.47,27.05,26.80,26.80,26.73,26.89,26.73,26.89,27.05,26.64,26.73,27.22,26.73,26.96,26.64,27.13,26.89,26.96,26.64,26.73,26.56,26.80,26.89,26.56,26.89
26.56,26.64,26.56,26.64,26.73,26.80,26.89,26.89,26.56,26.80,27.29,26.96,26.64,27.05,26.73,27.05,26.80,26.89,26.64,26.56,27.05,26.73,26.80,26.89,27.05,26.56,26.80,26.47,26.96,26.80,26.64,27.05,27.13,26.73,26.56,26.80,26.96,26.80,26.80,26.73,26.56,26.47,26.80,26.96,26.23,27.05,26.80,26.89,27.13,26.64,26.80,26.89,26.96,26.73,26.64,26.73,26.73,26.89,26.64,26.64,26.64,27.22,26.73,26.96,26.80,26.64,26.89,26.80,26.56,26.73,26.80,27.13,26.64,26.64,26.89,27.29,26.56,27.05,26.89,27.05,26.89,26.96,26.64,26.73,26.73,26.96,26.80,26.73,26.80,26.47,26.47,26.80,27.36,26.80,26.96,27.13,27.05,26.64,27.22,26.96,26.64,26.73,26.80,27.13,26.89,26.96,27.36,26.96,26.96,27.13,26.73,27.22,27.29,26.73,26.96,26.96,26.96,26.80,26.64,27.22,26.96,27.05,26.73,26.73,27.22,27.13,27.29,27.45,27.22,27.76,27.45,27.69,27.53,27.36,27.29,27.22,27.22,27.05,27.22,27.36,27.13,27.22,27.05,27.22,27.13,26.80,26.73,27.22,27.05,26.73,26.89,27.05,26.89,27.36,27.05,27.45,27.45,27.53,27.62,27.13,27.22,27.45,27.29,27.22,26.64,27.05,27.13,26.73,27.22,27.36,27.13,26.64,27.05,27.05,27.13,26.73,27.22,26.96,26.73,26.96,26.80,26.96,27.05,27.45,27.22,26.89,27.29,27.22,27.29,27.05,26.89,26.89,27.05,27.05,27.29,27.76,27.85,27.13,27.05,27.05,27.05,26.89,27.53,27.62,27.45,27.13,27.05,27.29,26.96,27.13,26.96,27.05,26.64,27.05,26.56,27.13,27.13,27.05,27.13,26.96,27.13,26.73,26.96,26.64,27.05,26.96,26.73,27.13,26.89,27.22,26.96,27.22,26.96,27.13,27.29,26.96,27.05,26.73,27.05,27.05,26.96,26.64,26.96,26.80,26.56,26.80,26.73,26.89,26.96,26.96,27.13,26.96,27.22,26.96,26.96,26.56,26.96,27.05,26.80,27.05,26.80,26.80,26.96,26.96,27.13,26.96,26.89,26.56,27.22,26.73,27.05,26.80,27.05,26.96,26.96,27.29,26.89,27.13,26.73,26.56,26.80,26.73,27.13,26.80,26.64,26.89,27.22,27.29,27.22,26.64,26.89,26.89,27.13,27.13,26.80,27.22,26.73,27.22,27.13,26.56,26.73,27.13,26.56,26.80,27.22,26.80,26.40,26.56,27.36,26.73,26.80,26.73,26.64,27.36,26.80,26.89,26.64,26.89,26.96,27.13,26.80,26.73,26.73,26.96,26.64,27.22,26.96,27.22,27.13,26.64,27.36,27.22,27.29,27.29,27.13,27.13,26.56,26.96,26.96,26.89,26.73,26.89,26.80,26.80,26.56,26.80,26.89,26.80,27.22,26.89,26.89,26.73,26.64,26.64,26.96,26.89,26.80,26.89,26.73,26.64,26.80,27.05,26.96,26.47,26.73,26.73,27.22,26.73,26.47,26.56,26.47,26.47,26.89,26.47,26.80,26.64,26.73,26.80,26.64,26.89,27.13,26.73
26.73,26.80,26.40,27.05,26.96,26.80,26.80,27.13,26.89,26.96,27.29,26.47,26.73,26.56,26.80,27.05,26.89,26.96,26.96,26.96,26.89,26.47,26.96,26.89,26.73,26.89,26.47,27.05,26.80,26.89,27.13,26.89,26.56,27.22,26.64,26.64,26.80,26.64,26.89,26.73,26.89,26.73,26.96,26.80,26.73,26.96,26.89,26.80,26.80,26.80,26.64,26.56,26.73,26.73,26.73,27.22,26.64,26.73,26.80,26.64,26.89,26.73,26.96,26.89,26.64,26.96,27.22,26.96,26.73,26.64,26.80,26.89,27.13,27.29,27.05,26.80,26.64,26.89,27.13,27.13,27.13,26.64,26.64,26.80,26.96,26.80,26.89,26.80,27.05,26.89,26.73,26.80,26.73,26.73,26.80,26.64,26.73,26.80,26.56,26.96,26.73,27.29,26.47,26.89,26.89,27.13,26.89,26.80,26.80,26.89,26.89,26.73,26.96,27.22,26.73,26.80,27.22,26.96,27.45,26.96,27.22,27.13,26.96,27.13,26.40,26.47,26.64,26.73,26.96,27.69,27.53,28.00,27.53,27.62,27.13,27.62,26.80,27.22,26.73,26.73,26.89,27.13,26.64,26.64,26.80,26.73,26.89,27.13,27.22,26.80,26.80,26.73,26.80,26.73,27.05,27.05,27.22,27.36,27.76,27.85,27.05,27.22,27.13,27.22,27.13,27.13,27.22,26.73,27.22,26.89,27.22,27.05,26.64,27.13,26.80,27.05,27.29,26.89,27.13,26.96,26.80,27.05,27.22,27.05,27.13,26.89,27.13,26.89,27.36,27.22,26.96,27.05,27.13,27.29,27.45,28.39,27.13,27.05,27.22,27.22,27.22,26.96,27.36,27.45,27.29,26.96,26.89,27.45,27.22,26.96,27.22,27.13,26.89,27.22,26.56,27.05,27.22,27.22,27.13,26.96,26.96,27.13,26.89,27.13,26.96,27.05,27.29,26.47,27.36,26.64,27.13,27.05,27.22,27.22,26.73,27.36,26.73,27.13,26.96,27.22,27.05,27.29,26.96,26.73,26.96,27.13,27.13,27.13,26.89,26.73,27.13,27.05,26.80,27.05,27.05,27.05,26.89,26.96,26.73,26.80,26.73,26.80,27.05,26.96,27.05,26.89,26.89,26.73,27.36,27.13,26.89,27.22,26.96,27.05,27.13,26.64,26.96,27.13,26.96,27.22,26.80,27.22,27.22,26.89,26.96,26.80,26.73,26.80,27.13,27.13,27.36,26.89,26.64,27.13,26.89,26.89,27.22,27.13,26.80,26.96,26.80,27.22,27.13,27.36,27.13,26.73,26.64,27.05,26.80,27.05,26.80,26.80,27.13,26.89,26.96,26.64,26.73,26.73,26.96,26.80,27.05,27.36,26.64,26.64,27.13,26.47,26.64,26.80,26.80,26.73,26.96,26.96,26.89,26.73,26.89,27.22,26.96,26.64,27.13,27.22,26.47,26.80,26.96,26.73,27.22,26.64,26.89,27.05,26.64,26.73,26.80,26.73,26.80,26.80,26.80,27.22,26.64,26.73,26.56,27.05,26.73,27.05,26.64,26.89,27.05,27.13,26.64,26.89,27.13,26.96,26.56,26.73,26.73,26.47,26.80,26.64,26.80,26.89,27.05,26.80,26.56,26.80
26.31,26.80,26.89,26.89,26.80,26.89,26.80,26.73,26.64,26.96,26.89,26.89,26.96,26.64,26.89,26.40,26.73,27.29,26.80,26.89,27.05,26.73,26.80,26.80,27.29,26.96,27.13,27.13,26.64,26.40,26.80,26.89,26.89,26.89,26.80,26.73,26.89,26.73,26.64,26.56,26.89,26.73,26.80,26.96,26.64,26.80,26.80,26.64,26.73,26.80,26.89,26.89,26.80,26.80,26.80,26.64,26.73,26.89,26.96,26.96,26.96,26.64,26.89,27.22,26.89,26.96,26.96,26.80,26.80,26.73,26.80,26.80,26.56,26.89,26.80,27.13,26.80,27.05,27.22,26.96,26.73,26.80,27.05,27.13,26.89,26.96,27.05,26.47,26.64,26.80,26.56,27.13,26.73,26.73,27.22,26.96,27.29,26.80,27.05,26.73,26.47,27.22,27.05,26.89,26.80,27.22,26.64,27.13,26.89,26.89,26.96,26.89,27.05,27.36,26.89,26.80,26.89,26.80,27.13,27.13,27.05,26.89,26.89,26.40,27.13,26.64,27.22,26.89,26.96,27.05,27.45,27.53,27.85,27.45,27.22,27.53,27.22,27.05,26.96,26.80,26.73,27.36,27.05,26.89,27.13,26.73,26.96,27.13,27.13,27.05,27.05,26.80,26.89,26.89,27.05,26.73,26.89,26.73,27.36,27.92,27.29,27.13,27.45,27.29,27.53,26.96,27.13,27.13,27.36,27.22,27.05,27.45,27.13,26.96,26.96,27.05,27.45,27.22,27.05,26.89,27.36,27.05,26.80,27.05,27.05,27.13,27.05,26.96,27.05,27.36,27.22,26.96,27.13,27.13,27.69,28.54,27.45,27.45,26.89,27.05,26.80,26.89,27.45,27.29,27.22,26.96,27.05,27.29,26.80,27.13,27.13,26.73,27.29,27.13,27.05,27.13,27.05,26.89,26.89,26.96,26.80,27.13,27.13,27.22,27.45,26.96,26.64,27.29,27.05,26.56,26.56,26.96,27.05,26.64,26.96,27.45,27.05,27.13,26.73,27.13,27.13,26.96,27.05,27.22,26.96,26.80,26.96,27.13,26.96,26.96,26.96,26.73,27.13,26.64,27.13,26.56,26.56,26.96,27.05,26.73,26.56,27.22,27.05,26.73,27.05,27.05,27.05,27.05,26.64,26.96,26.73,26.73,27.05,26.80,26.80,27.05,26.89,27.22,26.89,26.64,26.73,27.45,27.05,27.22,27.05,26.73,26.80,26.73,27.22,27.13,27.22,26.89,26.89,27.13,26.40,27.36,26.73,26.96,26.80,27.22,26.47,27.22,26.64,27.13,26.89,27.13,26.73,26.96,27.13,26.73,26.73,27.13,27.05,26.80,26.73,26.80,26.80,26.73,27.05,26.80,26.64,26.89,26.96,26.89,27.05,27.36,27.29,26.73,26.96,26.80,26.73,27.05,27.13,26.64,26.89,26.73,27.13,26.96,26.80,26.80,26.56,26.89,26.64,26.73,26.80,26.89,27.22,26.80,26.89,26.80,26.73,26.96,27.22,26.73,26.89,27.13,26.80,26.89,26.80,26.80,26.64,26.64,26.14,27.13,26.73,27.13,26.64,26.64,26.73,26.73,26.96,26.64,26.89,27.05,26.89,26.56,26.64,26.89,26.89,26.80,26.64,26.73
26.80,27.29,27.22,26.89,26.89,26.89,27.05,26.31,26.96,26.64,26.96,27.13,26.73,26.89,26.80,26.47,26.73,26.73,26.80,27.13,26.89,26.73,27.29,27.05,26.73,26.96,26.80,26.73,27.13,27.13,26.73,26.96,26.73,26.64,26.80,26.96,27.05,26.80,26.73,26.96,26.73,26.64,26.89,27.05,26.64,26.89,26.89,26.96,26.73,26.96,27.13,26.96,26.64,26.80,26.56,26.96,26.56,26.96,26.56,26.80,26.47,26.80,26.73,26.73,26.73,26.80,26.80,26.56,26.89,26.89,26.73,26.89,26.96,27.05,26.80,26.73,26.64,26.80,26.96,26.96,26.23,26.89,26.40,26.31,26.64,26.89,26.80,26.64,26.96,26.56,26.96,27.13,26.73,26.80,26.80,26.96,26.96,26.89,26.96,27.13,26.80,26.64,26.64,26.96,27.05,26.80,26.80,26.89,26.64,27.29,26.96,26.80,26.89,26.80,27.13,26.80,27.13,26.96,26.89,26.64,26.89,26.47,27.05,26.73,26.80,27.13,26.73,27.22,27.13,26.80,26.80,27.29,27.69,27.76,27.62,27.53,27.53,27.05,27.22,27.13,27.36,27.05,27.29,27.36,27.53,27.13,26.89,27.13,26.80,27.22,27.13,27.29,26.89,27.13,26.96,27.05,27.13,26.89,26.96,27.05,27.13,27.22,27.13,27.05,27.13,27.45,27.29,27.62,26.89,27.29,26.96,27.05,27.05,27.36,27.29,26.89,27.13,27.05,26.96,26.73,27.22,27.29,26.96,27.22,27.05,27.22,27.29,26.80,27.05,27.45,27.13,27.05,26.89,26.73,27.45,28.23,27.53,27.13,27.13,27.22,27.29,27.36,27.29,27.29,27.13,27.05,27.53,27.53,26.96,27.22,27.85,27.45,26.89,27.05,27.22,26.96,27.05,27.05,26.80,27.05,26.73,27.05,27.05,27.13,27.05,27.05,27.05,26.89,26.96,26.96,27.36,27.29,27.05,26.64,26.80,26.96,26.73,26.73,26.56,27.13,26.96,26.96,27.05,26.96,27.05,27.36,27.05,27.05,27.36,27.05,27.22,27.22,26.96,26.96,26.89,26.73,26.89,27.13,27.05,27.13,26.73,26.80,27.05,27.05,26.89,26.89,27.13,26.80,27.05,26.64,27.13,26.89,27.29,27.29,26.80,26.96,26.64,26.89,26.56,26.80,26.73,26.73,26.80,27.22,26.80,27.22,27.29,26.80,26.64,27.29,27.22,26.80,27.05,27.05,26.96,27.05,26.89,26.80,26.80,26.96,27.29,26.89,27.05,26.89,26.73,27.13,27.05,26.89,26.89,26.73,27.22,26.80,26.80,26.80,27.05,26.73,26.64,26.80,26.73,26.89,26.64,26.73,26.80,26.80,26.89,27.05,27.29,27.13,27.22,26.89,26.80,26.89,26.89,26.80,27.22,27.53,27.62,26.64,26.73,26.73,27.29,26.64,26.64,26.56,26.96,26.89,26.64,26.96,26.80,26.73,26.96,26.96,26.80,26.64,26.80,26.96,27.05,26.73,26.80,26.89,26.96,26.80,26.73,27.22,26.89,27.22,27.05,26.56,26.80,26.89,26.80,26.80,26.89,26.80,26.64,26.89,27.05,26.64,26.96,27.13,26.64,26.73
26.40,26.73,26.89,26.80,26.96,26.96,26.73,26.64,26.73,26.56,27.13,27.13,26.96,26.73,26.73,26.73,26.64,26.89,26.64,26.73,27.05,27.05,27.05,26.96,26.80,26.80,26.73,26.96,26.80,26.64,27.13,26.96,26.73,26.96,26.47,26.89,26.80,26.80,26.73,26.23,26.73,26.89,26.80,26.73,26.40,26.80,26.73,26.89,27.36,26.89,26.80,26.40,26.96,27.22,26.80,26.80,26.73,26.96,26.80,26.89,26.73,26.96,26.64,27.05,26.73,26.80,27.13,26.96,26.73,26.89,26.80,27.22,26.89,26.96,26.89,26.80,26.56,26.73,26.80,27.22,26.96,26.80,26.80,27.05,27.13,27.13,26.80,26.80,26.89,27.29,26.89,26.96,27.22,27.05,26.80,26.96,26.64,26.80,26.80,26.73,26.89,27.05,26.56,26.80,26.89,26.73,26.96,27.05,26.96,26.89,26.96,27.36,26.56,27.22,27.22,26.89,27.29,26.80,26.80,26.89,26.80,27.13,26.80,26.96,26.73,26.73,26.56,27.05,27.22,26.73,26.73,26.89,27.45,27.36,27.76,27.53,27.85,27.29,27.29,27.45,27.13,27.13,27.22,27.53,27.22,27.13,27.22,26.80,27.22,26.96,26.80,27.22,27.05,27.05,26.80,26.89,27.22,26.80,27.13,27.05,27.05,27.53,27.29,27.13,27.05,27.05,27.13,27.13,27.13,27.13,26.73,27.13,26.80,27.05,27.05,27.05,27.05,27.22,27.05,27.29,26.73,26.64,26.96,27.29,27.13,27.29,27.05,27.13,27.13,27.22,27.13,26.56,27.69,27.05,27.36,28.30,27.22,26.89,27.29,27.13,27.29,26.96,27.13,27.29,27.22,26.80,26.96,27.13,27.05,26.89,27.29,27.13,27.22,27.05,26.64,26.96,27.05,27.13,26.96,26.96,26.73,26.64,27.05,27.22,26.89,26.96,27.05,26.96,27.22,26.96,26.80,27.13,27.05,26.40,26.96,26.89,27.05,26.73,26.96,26.73,26.96,26.80,27.13,27.05,26.96,26.96,27.29,26.56,26.64,27.22,26.64,26.64,27.22,26.56,26.73,26.80,27.05,26.89,26.80,27.05,27.05,26.89,26.56,26.73,26.80,26.73,27.13,26.80,27.05,26.96,27.22,26.64,26.80,26.56,27.05,26.80,26.96,26.96,26.80,26.80,26.80,26.89,26.73,27.22,27.29,27.22,26.80,26.64,26.89,27.13,26.56,26.89,26.96,26.96,26.64,26.89,26.96,27.22,27.05,26.96,26.96,27.05,27.05,26.56,26.80,26.89,27.22,26.56,26.40,27.36,26.80,27.13,26.73,26.73,26.89,26.64,26.73,27.05,26.96,26.47,27.13,26.80,26.80,27.22,26.73,26.89,26.73,26.40,26.80,26.89,26.89,26.96,27.29,27.45,27.36,27.05,27.05,26.80,26.96,27.22,26.80,26.73,26.80,26.89,26.56,27.05,26.40,26.89,26.96,26.96,26.89,26.56,26.80,26.89,26.47,26.89,26.64,26.56,26.47,26.73,26.80,26.80,26.64,26.80,26.73,26.56,26.56,26.73,26.89,26.64,27.13,26.89,26.73,26.73,26.64,26.73,26.80,26.64,26.56,26.64,26.89,26.73
27.13,26.73,26.64,26.64,26.96,26.89,26.89,26.96,26.96,26.56,27.05,26.40,26.64,26.40,27.22,26.73,26.64,26.64,26.64,26.80,26.80,26.89,26.96,26.96,26.73,26.89,26.89,26.89,26.73,26.80,26.89,27.05,27.05,26.89,26.64,26.96,27.05,27.05,26.80,27.05,27.05,26.47,26.96,26.73,26.56,26.96,26.96,26.96,27.13,26.80,26.89,26.96,26.89,26.80,27.05,26.80,26.47,26.56,26.64,26.96,26.96,26.96,26.73,26.80,26.73,26.40,26.73,26.96,26.56,26.64,26.56,26.89,26.89,26.80,26.89,26.89,26.73,26.89,26.96,26.89,26.96,26.73,26.64,27.05,26.64,26.80,26.96,26.73,26.80,26.64,26.96,26.80,26.80,27.13,26.96,27.22,27.22,26.96,26.89,26.73,26.80,26.96,26.89,26.56,26.56,26.73,26.80,26.89,26.73,26.73,27.29,26.89,26.96,27.22,27.05,27.29,27.13,26.96,26.89,26.73,27.29,27.05,26.73,27.22,26.80,27.13,26.80,26.89,26.73,26.80,26.96,27.22,26.96,27.29,27.53,27.45,27.62,27.69,27.29,27.53,27.45,26.89,27.36,27.45,27.22,26.73,26.64,27.36,26.96,26.96,26.73,27.22,26.96,27.05,27.13,27.29,26.80,26.64,26.80,26.56,27.22,27.36,27.45,27.45,27.36,27.36,27.29,27.29,27.22,27.13,26.80,26.96,27.13,27.29,26.73,27.13,27.05,26.96,27.36,27.29,27.53,26.96,27.29,26.89,26.96,27.36,27.45,26.73,27.36,27.29,27.22,27.13,27.22,26.96,27.36,28.39,27.05,27.22,26.96,27.22,26.64,27.29,27.05,27.22,27.29,27.22,27.36,27.29,27.22,27.22,27.22,27.05,26.89,27.36,27.13,27.29,27.13,27.05,27.13,27.13,26.89,26.96,26.64,26.96,27.13,27.05,27.22,27.05,27.13,27.05,27.13,26.96,26.96,27.36,27.13,27.05,27.13,26.64,26.96,26.96,26.47,26.40,26.56,27.05,27.13,26.73,26.89,26.89,26.64,27.13,26.96,27.13,26.56,26.96,26.96,26.96,26.56,26.73,26.89,26.56,26.96,26.73,27.05,27.22,26.96,26.96,27.22,26.96,26.89,26.96,26.96,27.05,27.13,27.05,27.05,26.96,26.73,27.36,26.89,26.89,26.89,26.96,26.96,26.96,27.05,26.64,26.89,26.64,27.22,27.13,27.05,26.80,27.13,27.05,26.89,27.22,26.80,27.22,26.89,27.22,27.05,26.89,26.89,26.96,27.05,27.29,26.73,26.80,27.05,26.64,26.73,26.89,26.80,26.80,26.73,26.89,27.22,26.89,26.89,26.89,26.89,26.80,26.80,26.89,27.05,26.96,27.22,27.05,27.05,27.13,27.22,27.36,27.13,26.80,26.89,26.73,27.05,27.13,27.29,26.56,27.29,27.36,26.89,26.56,27.05,27.05,27.05,26.73,27.05,26.80,27.05,26.89,26.64,26.80,26.73,26.64,26.80,26.73,26.64,26.56,26.56,26.64,26.47,26.96,26.73,27.22,26.64,26.80,26.80,26.64,27.22,26.64,27.05,26.73,26.89,26.47,26.56,26.80,26.64,26.73,26.96,26.73
26.40,26.80,26.40,26.80,26.89,26.80,27.13,26.80,27.05,26.96,26.56,26.64,26.80,27.05,26.73,26.89,26.89,26.89,26.56,26.73,26.80,26.73,26.89,26.73,27.05,26.96,26.47,26.73,26.64,26.73,26.64,26.80,26.89,27.13,26.96,26.89,27.13,26.96,26.96,27.13,27.22,26.73,26.96,26.80,26.89,26.73,26.56,26.64,26.56,26.96,27.22,26.96,26.73,26.73,26.89,27.22,26.73,27.13,27.13,26.89,26.73,26.80,27.13,26.73,26.80,26.73,26.73,26.80,26.89,26.47,26.89,26.96,26.96,26.80,26.64,26.80,26.80,26.89,26.64,26.89,26.80,27.05,26.80,26.89,27.05,26.64,27.05,26.73,26.89,27.05,26.89,26.80,26.89,27.36,26.89,26.89,27.05,26.73,26.73,26.80,26.96,26.64,27.13,26.96,27.22,26.56,26.80,26.80,26.89,26.80,26.96,27.05,27.36,26.89,26.96,26.64,26.96,27.29,26.96,27.45,27.05,26.73,27.22,26.89,26.80,27.22,27.22,27.05,26.89,26.64,27.13,27.13,27.05,26.73,26.64,27.36,27.76,27.76,27.45,27.45,27.22,27.05,26.80,27.36,27.05,27.36,26.80,26.80,26.89,26.89,27.13,26.56,26.64,26.96,26.96,26.73,27.29,26.96,26.89,27.29,26.89,27.13,27.45,27.36,27.29,27.22,27.13,27.36,27.13,27.36,27.22,26.89,27.29,26.89,26.96,26.64,26.73,26.80,26.89,27.05,27.29,26.96,27.05,27.13,27.05,26.89,27.05,27.05,26.89,26.89,27.53,27.22,27.36,26.96,27.45,28.16,27.36,27.53,27.05,27.05,27.29,27.29,27.22,27.76,27.22,27.29,26.89,27.13,27.22,26.56,26.80,26.89,27.13,27.22,27.36,27.13,27.22,27.13,27.29,27.05,26.96,27.36,27.05,27.05,26.80,26.56,27.13,26.80,27.05,27.22,27.05,26.96,26.96,27.22,26.89,26.73,26.64,27.05,26.89,26.96,26.89,27.05,26.96,26.96,26.73,26.96,27.05,27.05,26.47,27.05,26.89,27.22,26.89,27.05,26.89,26.80,26.89,27.29,26.73,27.13,27.29,26.80,27.05,26.73,27.22,27.05,27.36,27.13,27.13,26.64,27.05,27.13,26.73,26.96,27.05,26.73,26.73,26.73,26.89,26.96,26.80,27.22,27.05,26.96,26.89,26.73,26.80,27.29,26.89,27.13,26.80,26.80,26.89,26.73,26.89,26.80,26.89,27.13,26.80,26.96,26.89,26.89,26.96,26.96,27.05,26.80,27.13,26.96,26.96,27.05,26.96,26.80,27.22,26.80,27.13,27.13,26.73,26.89,26.80,26.96,26.64,26.96,26.89,27.22,26.89,26.56,26.89,27.29,27.05,26.89,27.29,27.05,27.05,26.89,26.89,26.73,27.05,26.80,27.36,26.96,27.05,26.80,27.13,26.96,26.80,26.73,26.73,27.22,26.64,26.89,26.89,26.64,26.96,26.73,26.89,26.73,26.73,26.40,27.22,27.05,27.22,26.80,26.80,26.64,26.56,26.80,26.89,26.80,26.73,26.56,26.80,26.73,26.80,26.40,26.73,26.73,26.64,26.80,26.73,26.89,26.89,26.73
26.80,27.13,26.64,27.22,26.64,26.96,26.47,26.89,27.05,26.89,27.05,26.80,26.96,26.80,26.96,26.73,26.64,26.80,26.96,26.80,26.80,26.96,26.40,26.56,26.64,26.89,26.96,27.05,26.89,26.80,27.13,27.05,26.47,26.80,26.64,26.96,26.89,26.96,27.05,26.96,27.05,26.73,26.96,27.22,26.80,26.80,26.89,26.64,26.56,26.56,26.96,26.89,26.89,26.80,26.89,26.89,27.05,26.73,26.80,26.89,26.73,26.64,27.05,26.73,26.89,26.56,26.73,26.89,26.80,26.89,26.64,27.29,26.56,26.96,26.96,26.80,26.73,26.73,26.73,26.73,26.96,27.05,26.73,26.96,26.80,26.80,26.80,26.73,26.73,26.56,26.80,27.05,26.73,26.89,27.05,27.22,26.80,26.80,27.05,27.13,26.73,26.89,26.80,26.73,26.89,26.89,26.73,26.80,26.96,27.13,26.89,27.13,27.13,26.80,27.13,27.13,27.22,26.96,26.89,27.22,27.22,27.05,27.13,27.13,26.73,26.89,27.22,26.73,26.73,26.89,26.89,27.05,27.29,27.05,27.29,27.29,27.53,27.45,27.36,27.13,27.45,27.05,27.05,27.29,27.05,27.45,27.45,27.05,27.29,26.96,27.29,27.05,27.05,27.05,27.13,26.73,26.64,27.13,27.22,27.13,26.89,27.22,27.36,27.05,27.45,27.13,27.13,27.45,27.22,27.13,26.89,27.53,27.36,27.05,26.89,27.05,27.53,27.13,27.29,27.45,26.96,27.22,26.96,27.05,26.73,27.05,27.29,27.05,27.45,26.89,26.80,27.45,27.13,27.13,27.13,28.30,27.45,27.29,27.36,27.22,27.62,27.22,27.22,27.36,27.45,27.05,27.22,27.22,27.29,27.05,27.29,27.13,27.45,27.45,26.96,26.96,27.22,26.80,27.05,26.89,26.96,26.96,26.89,27.22,26.64,27.22,27.22,26.89,27.13,26.80,27.05,27.05,26.96,27.29,27.13,26.96,27.29,26.89,27.05,27.22,27.05,26.89,26.89,27.05,26.96,26.96,26.64,27.05,27.05,26.96,26.80,27.29,26.96,26.56,27.05,26.89,27.36,26.96,26.56,27.22,27.13,26.80,27.05,27.05,26.89,26.96,26.96,26.56,27.22,26.96,26.64,27.36,27.22,26.89,27.29,26.80,26.89,27.13,26.96,26.89,27.45,27.13,27.13,27.36,26.64,26.89,26.80,26.80,26.89,26.80,26.89,27.05,26.96,26.80,27.13,26.56,26.89,26.89,27.22,27.13,27.29,27.13,27.13,27.13,26.89,26.89,27.22,26.89,27.22,26.80,26.89,26.96,27.22,26.80,26.56,26.96,26.89,26.80,26.73,26.89,27.05,26.80,26.80,27.13,26.73,27.22,27.36,27.29,27.13,26.73,26.89,27.13,27.05,26.89,26.89,26.89,26.89,26.89,26.89,26.80,27.22,26.64,26.73,26.96,26.96,26.73,26.73,26.89,27.05,26.73,26.73,26.64,26.73,26.56,26.80,26.80,27.29,27.13,26.80,26.89,26.89,26.73,26.89,26.96,26.96,26.64,26.96,26.96,27.05,26.64,26.64,26.96,27.13,26.80,26.80,26.80,27.05,26.40,26.89,26.89,26.89,27.13
26.64,26.89,26.96,26.40,26.64,26.89,26.80,26.89,26.64,27.05,26.80,26.56,26.64,26.64,27.13,26.40,26.64,26.96,26.80,26.89,27.05,27.05,26.80,26.56,27.13,26.96,26.73,26.80,26.96,26.80,26.89,26.64,26.80,26.80,26.64,26.73,26.56,26.80,26.80,26.89,26.64,26.80,26.64,26.80,26.64,26.64,26.73,26.73,26.80,27.45,27.05,26.80,26.64,26.73,26.80,26.56,26.73,26.73,26.80,26.64,27.22,26.80,26.64,26.31,26.73,26.89,26.89,26.96,26.89,26.64,26.80,26.31,27.13,26.89,26.73,26.56,26.80,26.89,26.56,26.73,26.80,26.73,26.73,26.64,27.13,26.89,26.47,26.73,27.05,26.73,26.80,26.89,27.22,26.80,26.89,26.89,27.29,27.13,26.64,26.89,27.29,27.22,26.80,27.13,27.29,26.89,27.05,27.05,26.56,26.89,26.80,26.80,27.22,26.96,27.22,26.96,26.80,27.13,26.96,26.89,26.96,27.13,27.29,26.73,26.73,27.05,26.80,26.80,27.22,27.05,27.05,26.64,27.22,26.96,26.73,26.89,26.89,27.22,27.92,27.45,27.53,27.69,27.36,27.45,27.29,26.80,27.53,27.36,27.13,26.56,27.13,26.89,27.05,27.13,27.05,26.73,26.96,26.73,26.89,27.22,26.80,27.05,26.96,27.05,27.29,27.29,27.29,27.29,27.05,27.05,27.36,27.13,26.96,26.96,26.96,26.89,27.13,26.89,26.64,27.13,27.36,26.89,26.89,27.05,27.13,27.05,27.05,26.96,27.05,27.05,27.13,27.36,27.13,27.05,27.05,28.54,27.53,27.29,27.45,27.05,27.05,27.36,27.13,27.22,27.29,26.96,27.22,27.05,26.89,27.22,27.05,27.13,27.22,27.13,26.89,26.96,27.13,27.13,27.29,27.05,27.22,26.73,27.29,27.22,26.73,27.13,27.13,27.05,27.13,26.96,27.29,26.89,26.89,26.89,27.05,26.96,27.36,26.89,26.47,27.22,27.05,26.96,26.96,27.22,26.73,26.73,27.13,26.96,26.64,26.47,26.64,27.05,27.05,26.96,27.13,26.96,26.80,26.73,26.80,26.96,27.05,26.56,27.13,26.89,27.13,27.29,26.89,26.73,27.05,27.13,27.22,27.05,26.96,26.64,27.13,27.29,27.13,26.96,26.80,27.13,27.13,26.80,26.80,26.80,26.80,26.96,26.80,26.96,26.89,27.05,26.80,26.89,26.73,26.89,27.13,26.56,26.64,27.13,26.80,26.96,27.05,26.56,27.22,26.89,26.80,27.22,26.64,27.29,27.05,26.96,27.13,26.89,27.22,27.22,26.80,27.05,27.13,26.96,26.73,26.64,27.13,26.73,26.89,27.05,27.29,27.13,26.89,27.36,26.96,26.89,26.80,26.89,26.96,27.05,27.22,26.64,26.56,27.13,26.73,26.80,26.64,26.64,26.89,26.73,26.89,26.96,27.13,26.56,26.89,26.56,26.73,26.89,26.89,26.64,26.80,27.13,26.73,26.31,26.64,26.73,26.89,26.73,26.89,27.36,26.89,26.73,26.89,26.89,26.64,26.56,26.80,27.05,26.64,26.64,26.89,26.64,26.56,26.89,26.73,26.73,26.73,26.73
26.56,26.96,27.05,26.73,26.89,26.73,26.73,26.80,27.13,27.13,26.89,26.56,26.56,27.22,26.47,26.40,26.47,26.73,26.96,26.73,26.73,26.47,26.96,26.73,26.56,26.64,26.89,26.89,26.73,27.29,26.56,26.47,26.96,26.80,26.89,26.80,26.73,26.64,27.22,26.73,26.96,27.29,26.96,26.96,26.73,26.96,26.89,26.80,26.73,26.96,26.89,26.89,26.96,26.56,26.73,26.96,26.73,26.80,26.40,26.73,26.80,27.05,26.47,26.56,26.47,26.96,26.73,26.89,26.80,26.73,27.13,26.89,26.80,26.64,26.96,27.22,26.89,26.96,26.64,26.73,27.05,26.96,26.73,26.80,26.73,26.89,26.47,26.64,27.05,26.80,26.56,26.64,27.13,27.36,26.89,26.89,26.64,26.89,26.89,26.73,26.73,27.05,26.96,26.96,26.73,26.73,26.89,27.05,26.89,27.29,27.29,26.89,27.13,27.22,26.89,26.73,26.73,27.13,27.22,26.89,26.80,26.96,27.13,27.22,26.73,27.05,27.13,26.89,26.80,27.05,26.89,27.05,27.22,27.36,26.89,26.73,27.22,27.22,27.22,27.45,27.36,27.76,27.45,27.22,27.22,27.62,26.80,26.96,27.53,27.22,26.73,26.96,27.29,26.96,27.05,27.22,27.22,27.29,26.96,26.73,26.96,27.05,27.05,27.05,26.96,27.29,26.96,27.05,27.36,27.29,26.96,27.13,27.29,27.13,26.96,27.05,26.96,26.56,26.89,26.96,27.22,27.05,27.13,26.89,27.22,27.05,27.53,26.89,27.22,27.36,27.22,27.36,27.22,26.89,27.29,28.00,27.45,27.13,27.13,27.45,27.36,26.80,27.36,27.13,27.22,27.36,27.13,27.05,26.89,27.22,27.29,26.73,26.96,27.05,27.05,26.89,26.73,27.05,26.56,27.05,26.96,27.22,27.29,27.22,27.13,26.56,26.73,27.36,27.22,26.96,26.64,27.05,27.29,27.13,27.13,27.22,27.13,26.80,27.13,26.96,26.89,27.22,26.64,27.22,26.89,26.73,27.22,27.13,26.73,26.80,26.89,26.89,26.64,27.05,26.89,26.56,26.89,26.89,26.80,26.80,27.13,26.80,27.05,27.05,27.13,27.05,27.22,26.64,26.89,27.13,26.80,26.89,26.89,27.05,27.05,27.29,26.89,27.05,26.89,26.89,26.96,27.05,27.05,27.13,26.80,27.13,26.96,27.22,27.13,26.89,27.29,26.73,27.05,27.22,26.80,26.96,26.89,27.22,26.73,26.80,26.73,26.80,27.05,27.05,27.22,27.22,26.89,26.73,26.96,26.80,26.96,26.89,26.80,26.89,26.96,26.96,26.73,26.73,26.89,27.29,27.36,26.96,26.89,26.89,26.80,26.73,26.96,27.13,26.89,26.64,26.73,27.29,26.96,26.64,26.96,26.73,26.64,26.89,27.13,27.05,26.89,26.73,27.13,26.89,27.13,26.96,27.05,26.96,26.73,26.96,26.64,26.73,26.73,26.80,27.22,27.22,26.73,26.47,26.80,26.89,26.89,26.64,26.64,26.80,26.89,26.96,26.89,26.56,27.22,26.47,26.89,27.05,26.89,26.89,26.73,26.56,26.89,26.80,26.31,26.96,26.89,27.05
26.64,27.22,26.96,26.80,26.89,26.89,26.80,27.05,26.96,26.73,26.47,26.73,26.64,26.73,26.89,26.64,26.64,27.36,26.73,26.96,26.89,26.64,27.13,26.73,26.73,27.22,26.80,26.64,27.22,26.80,26.73,26.96,26.89,26.73,26.73,26.73,26.73,26.96,26.73,26.73,26.80,26.80,26.96,26.80,26.96,26.89,27.05,27.45,26.64,26.73,27.22,26.96,26.80,26.73,26.96,26.96,26.80,26.64,26.80,27.13,26.73,26.47,26.80,26.96,26.56,26.96,26.64,26.80,26.80,26.89,26.64,26.96,27.22,26.73,26.96,26.96,26.96,26.96,27.13,26.96,26.80,26.73,26.89,26.89,26.80,26.80,26.73,26.64,26.89,26.80,26.80,26.89,26.56,26.96,26.96,27.13,26.64,26.80,26.80,26.80,26.96,26.89,26.73,27.22,26.73,26.89,26.80,26.73,26.96,27.53,27.92,27.62,27.22,27.13,26.80,26.80,27.13,26.89,27.05,26.89,26.80,26.96,26.96,27.13,27.29,27.05,27.22,26.89,26.89,26.89,26.73,26.73,27.13,27.05,27.13,27.05,27.13,26.96,27.13,27.05,27.29,27.45,27.53,27.45,27.53,27.29,27.13,26.80,26.64,26.80,26.80,26.80,26.80,26.89,27.13,27.22,26.64,27.05,27.29,27.29,26.96,26.80,26.89,27.05,27.22,27.45,27.22,27.05,27.36,27.36,27.13,27.13,26.96,27.29,27.13,26.80,27.36,27.29,27.05,27.05,27.29,27.05,27.22,27.05,26.73,27.22,27.29,27.05,27.22,27.13,27.53,27.13,27.53,27.13,27.13,28.09,27.92,27.29,27.45,27.13,27.29,27.29,27.69,27.13,27.29,27.22,27.22,26.73,27.05,26.89,27.29,27.22,27.22,27.05,27.13,27.29,26.96,27.05,27.29,26.80,27.36,26.73,27.36,27.05,26.80,26.96,27.13,27.05,27.05,26.80,27.05,27.13,27.05,27.13,27.13,27.13,27.13,27.36,27.36,27.05,26.96,27.05,26.96,27.05,26.89,27.05,26.96,27.05,26.96,27.05,26.89,26.73,27.05,26.73,26.64,26.73,26.96,27.13,27.13,27.13,27.05,27.22,26.73,26.96,26.89,26.80,27.22,27.05,26.96,26.64,27.36,26.80,26.80,27.13,27.13,26.96,27.13,26.80,26.73,26.96,26.89,26.80,27.13,26.47,26.64,26.89,27.29,26.80,26.89,27.22,26.80,26.89,26.89,26.96,26.56,26.80,26.64,26.64,26.96,26.64,27.13,27.13,27.05,26.96,27.22,27.22,26.64,27.05,26.89,27.05,26.96,26.80,26.73,26.80,26.80,26.89,27.29,27.45,27.36,27.36,26.89,27.13,27.13,26.56,26.89,26.73,27.13,26.89,26.73,26.89,26.80,26.47,26.96,26.64,27.29,26.64,26.47,26.56,26.64,26.80,26.96,26.80,26.89,26.96,26.40,26.80,27.22,27.13,26.80,26.89,27.22,26.40,26.96,27.13,26.73,26.73,26.47,26.47,26.89,26.80,26.80,26.89,27.05,26.96,26.64,26.56,26.73,26.56,26.96,26.80,26.47,26.56,26.89,26.80,26.73,26.80,26.73,26.73,26.89,26.23,26.96,26.40
26.64,26.47,26.64,26.80,26.40,26.73,26.73,27.05,26.80,26.64,26.47,27.05,26.80,26.89,26.89,26.73,26.96,26.96,26.89,26.89,26.96,27.05,26.14,27.05,26.96,27.05,26.64,26.96,26.96,26.89,27.05,26.56,26.73,26.73,26.56,26.80,26.80,26.96,26.64,26.89,26.80,27.36,26.31,26.73,26.64,26.80,26.80,27.05,26.80,27.22,27.13,26.96,26.73,26.89,27.29,26.23,26.96,26.40,26.89,26.96,26.64,26.89,27.22,26.96,26.80,27.36,26.96,26.89,26.96,26.96,26.64,26.73,26.96,26.80,26.89,26.80,26.80,26.80,27.05,26.89,26.89,26.89,27.13,26.80,27.29,26.80,26.96,26.80,27.13,26.89,26.80,26.73,26.64,26.47,26.96,26.73,27.13,27.29,26.89,26.96,26.80,27.05,26.96,27.05,26.80,26.80,27.13,26.80,26.89,27.53,28.30,28.91,28.16,27.53,26.89,27.36,27.13,27.36,27.22,26.96,26.73,27.29,27.45,26.89,27.05,26.80,26.96,26.73,26.96,27.29,26.80,27.05,27.05,26.80,27.29,27.13,26.73,27.13,27.29,27.13,27.36,27.53,27.76,28.00,27.62,27.53,27.29,27.22,27.05,27.22,27.13,26.96,26.96,27.22,26.73,27.05,27.13,27.13,26.80,27.05,26.64,26.89,27.05,27.05,27.13,27.13,27.13,27.22,27.36,27.45,27.05,27.53,27.22,27.22,27.62,27.13,27.13,26.96,27.29,27.05,26.64,26.73,27.22,26.96,26.96,27.22,27.22,27.29,27.29,27.45,26.96,26.89,27.13,27.45,27.22,28.00,28.00,27.05,27.13,27.29,27.22,27.29,27.36,27.53,27.22,27.05,26.96,27.13,27.22,26.96,27.36,26.89,27.22,27.22,27.45,27.13,27.05,27.13,27.22,26.96,27.05,27.05,27.22,27.13,27.05,27.05,27.05,27.13,27.05,27.22,26.89,27.36,27.13,27.05,26.96,26.96,27.36,27.22,27.13,27.05,26.89,27.13,26.80,27.05,26.89,26.96,27.05,26.96,27.05,27.05,26.56,26.80,26.89,27.05,26.89,27.36,27.05,26.96,26.96,27.13,27.22,27.05,27.13,26.96,26.89,26.80,26.80,26.64,26.96,26.89,26.73,26.80,26.80,27.29,27.29,26.96,27.36,27.13,26.56,26.40,26.89,27.13,26.89,26.96,27.29,27.05,27.13,26.96,26.96,27.13,26.80,26.80,27.13,26.89,26.64,27.05,26.80,26.64,26.80,26.96,26.89,26.73,26.73,27.22,26.80,27.13,27.05,27.13,26.89,26.96,27.13,27.36,27.22,27.13,26.80,27.29,27.13,26.96,26.89,26.96,26.96,27.13,27.13,27.22,26.96,26.89,27.29,26.56,26.89,26.89,26.96,26.89,26.89,26.80,26.80,26.89,27.29,26.64,26.89,27.22,26.96,27.29,26.73,26.89,26.89,27.13,27.13,26.73,26.64,26.89,26.80,26.73,26.73,27.22,26.80,26.89,26.96,26.64,26.80,26.89,26.64,26.89,26.80,26.80,26.64,26.47,26.96,26.80,26.56,26.73,27.13,26.80,26.73,26.73,26.64,26.89,26.64,26.80,26.73,26.89,26.14,26.56
26.73,26.64,26.47,27.05,26.80,26.40,26.73,26.56,26.73,26.89,26.96,26.64,26.96,26.56,26.73,26.64,26.96,26.80,26.80,26.96,26.47,26.64,27.13,26.56,26.96,26.31,26.64,26.73,26.89,26.56,26.56,26.89,26.96,26.96,26.96,26.80,26.80,26.96,26.96,26.73,27.13,26.64,26.89,26.73,26.89,26.80,26.96,26.64,26.73,26.96,27.13,27.22,26.89,26.96,26.80,26.73,26.80,26.96,26.80,26.80,26.64,26.96,26.64,26.64,26.73,26.56,26.56,26.73,26.73,26.40,26.89,26.80,26.89,26.96,26.96,26.89,26.73,26.73,26.80,26.96,27.05,26.73,27.22,26.80,26.96,26.73,27.05,27.29,26.89,26.80,26.89,27.05,26.96,27.29,26.89,27.13,26.96,26.80,26.89,26.96,27.05,26.64,27.22,26.73,27.22,26.56,26.73,26.96,27.13,27.13,27.29,27.62,28.54,28.70,27.76,27.36,27.22,26.73,27.29,27.13,27.22,26.96,26.80,26.89,27.05,27.22,27.13,26.73,27.22,27.13,26.80,27.13,26.96,27.05,27.29,26.80,26.89,26.73,27.22,26.96,26.89,26.96,26.89,27.69,27.45,27.53,27.45,27.36,27.29,27.22,27.36,27.13,27.36,26.80,27.05,27.05,26.89,26.96,26.80,26.96,26.80,27.05,27.13,26.96,26.73,26.89,27.13,27.13,27.76,27.13,27.13,26.89,27.22,26.73,26.73,27.05,27.05,26.96,27.29,26.89,26.89,27.05,27.05,27.05,27.05,26.73,27.05,27.22,27.36,26.96,27.05,27.45,27.13,27.36,27.36,27.85,28.09,27.29,27.29,27.22,26.96,27.22,27.36,27.69,27.36,27.13,27.13,27.45,27.45,27.22,27.05,27.13,27.13,27.05,27.13,27.36,27.29,27.05,27.05,27.22,26.80,27.13,27.05,26.89,27.29,27.05,27.13,26.96,27.13,27.13,27.22,27.29,26.89,27.13,27.22,26.89,27.29,27.05,27.05,27.05,27.05,27.05,26.89,27.05,26.96,27.36,27.05,27.13,26.89,26.73,27.05,27.22,27.29,27.13,26.96,27.05,26.64,26.64,27.13,26.96,27.05,26.47,27.22,26.96,27.05,27.22,27.13,26.73,26.96,27.05,26.89,27.13,27.13,27.22,27.13,26.89,27.13,26.89,26.73,27.13,26.80,26.89,27.05,26.96,27.13,27.05,26.80,26.80,27.29,27.13,27.05,26.73,26.47,26.73,26.64,26.89,27.13,26.80,26.89,26.73,26.80,26.80,26.73,26.73,26.96,26.80,27.22,27.05,26.96,27.13,27.22,26.89,27.05,27.53,27.22,26.96,26.89,26.89,26.47,26.80,26.73,27.29,26.89,26.80,26.89,26.73,26.89,26.89,26.96,26.64,26.89,26.80,26.47,26.73,26.64,26.47,26.73,26.56,26.73,26.89,26.40,26.89,26.89,26.73,26.73,27.05,27.22,27.05,26.73,27.13,26.64,26.80,26.73,26.80,26.73,26.73,26.73,26.80,26.73,26.64,26.64,26.89,26.56,26.89,26.80,26.73,26.56,26.80,26.64,26.73,26.80,27.13,26.80,27.13,26.80,26.80,26.89,26.73,26.56,26.56,26.73,26.40
26.40,26.96,26.40,26.64,27.05,27.22,26.80,26.96,26.89,26.73,26.80,26.80,26.89,26.47,26.96,26.73,26.96,26.64,26.64,26.89,27.05,27.05,26.80,26.64,26.80,26.64,26.56,26.80,26.80,26.89,26.64,26.73,26.73,26.80,26.73,26.80,26.56,26.64,26.89,26.73,26.80,26.64,26.89,26.80,26.64,26.89,26.89,27.05,26.96,26.73,26.73,26.80,27.05,26.73,26.89,26.64,27.22,26.89,26.96,26.96,26.80,27.05,26.80,26.96,27.29,26.64,27.13,26.80,26.96,26.89,26.56,26.56,26.96,26.47,27.22,26.80,26.56,26.73,26.47,26.64,26.89,27.29,26.73,26.89,26.73,26.89,27.22,26.80,26.73,26.96,27.29,26.89,26.96,26.96,27.13,26.56,26.73,27.13,26.80,26.80,26.96,27.22,26.89,26.96,26.96,26.56,27.05,26.73,26.89,27.05,27.29,27.22,27.45,27.45,28.23,28.23,27.69,27.29,26.80,27.13,27.05,27.29,26.96,26.80,27.05,26.89,26.80,26.89,27.29,27.22,27.13,27.13,27.22,26.80,26.73,27.05,26.73,27.22,26.73,26.80,26.73,27.05,27.13,27.05,27.29,27.53,27.69,27.22,27.62,27.05,27.29,26.89,26.96,26.80,26.80,26.96,27.05,27.13,27.13,27.36,26.80,27.22,26.96,27.05,27.29,26.96,26.96,27.29,27.05,27.69,27.29,27.13,27.22,27.36,27.29,26.89,26.73,27.22,27.29,27.13,27.05,27.13,27.05,26.80,27.13,26.96,26.96,27.22,27.13,27.36,26.80,27.36,27.62,27.36,27.22,27.53,27.92,27.36,27.13,27.36,27.45,27.29,27.05,27.36,26.96,27.29,27.22,27.13,27.05,26.64,27.22,27.22,27.29,27.36,27.22,27.22,27.22,27.05,26.89,26.96,26.89,27.13,26.56,26.89,27.13,26.89,27.22,26.96,27.22,27.13,26.56,27.29,27.13,26.96,27.22,26.89,27.13,27.05,27.05,27.29,27.05,26.89,26.96,26.80,27.45,26.96,26.73,26.64,26.73,26.96,26.89,27.13,27.13,26.73,26.56,26.89,26.73,26.96,27.13,26.80,27.22,26.73,26.73,26.96,26.89,26.64,26.96,26.89,26.89,27.05,27.22,27.22,26.96,27.29,27.13,26.89,26.64,26.96,27.13,26.80,27.13,26.64,26.96,26.47,26.80,26.80,26.80,26.64,26.89,26.47,26.80,26.89,27.13,27.22,27.13,26.47,26.89,27.13,26.89,26.96,27.05,26.64,26.80,26.89,27.22,26.96,26.73,26.89,26.89,27.13,27.29,27.29,27.22,26.89,26.89,26.89,26.89,26.80,26.89,26.73,26.64,27.36,26.89,26.89,26.73,26.73,26.80,26.73,26.96,26.64,26.64,26.89,26.73,26.64,26.56,27.29,26.64,26.73,26.89,26.73,26.73,26.64,26.73,26.80,26.64,27.22,26.64,27.05,26.56,26.80,27.22,26.89,26.96,26.96,26.80,26.89,26.80,27.05,26.73,27.05,26.47,26.73,26.73,26.64,27.13,26.80,26.73,26.89,27.05,26.64,26.89,27.05,26.47,26.64,27.05,27.05,26.47,26.73,26.73,26.80,26.64,26.47
26.80,26.64,26.40,27.05,26.89,26.80,26.96,26.47,26.73,27.05,26.64,26.56,26.73,26.89,27.13,26.31,26.80,26.80,26.73,26.80,26.80,26.31,26.96,26.96,26.64,26.56,26.73,26.96,26.89,26.89,26.73,26.73,27.13,26.89,26.89,26.96,26.47,26.73,27.36,26.73,26.73,27.29,26.96,26.89,26.96,26.80,26.89,26.80,26.73,26.80,26.73,26.56,26.73,26.96,26.73,26.64,26.80,26.73,26.80,26.56,26.96,26.73,26.80,26.80,26.96,27.22,27.05,27.22,26.80,27.22,26.80,26.56,26.80,26.80,26.96,27.29,26.96,26.96,27.05,26.73,27.22,26.73,26.80,26.89,26.80,27.13,26.89,26.64,26.73,26.80,26.64,27.36,27.22,26.64,26.73,26.64,26.56,26.80,27.13,26.96,26.96,26.80,26.89,26.96,26.96,26.96,26.64,26.89,26.73,26.89,26.73,26.73,26.73,27.05,26.89,27.36,28.30,28.23,27.36,27.22,26.73,27.22,26.96,27.13,26.47,26.73,26.89,27.13,26.80,26.80,27.69,26.89,26.96,27.22,27.29,27.36,27.29,26.96,27.22,27.13,26.96,26.96,26.89,26.56,27.22,26.96,27.29,27.62,27.53,27.36,27.29,27.13,27.13,27.36,27.05,27.05,26.89,26.56,27.13,27.13,26.73,26.89,26.73,26.47,27.13,27.05,27.36,27.13,26.96,27.69,27.45,27.13,27.13,27.05,27.13,27.45,27.05,27.22,27.22,27.05,27.05,26.89,26.96,26.89,26.89,27.13,27.05,27.29,27.22,27.13,26.96,27.22,27.29,27.22,27.36,27.29,28.09,27.13,27.53,27.29,27.36,27.22,27.13,27.13,27.13,27.45,27.53,27.13,27.13,27.13,27.13,27.36,27.36,27.22,27.05,26.96,26.89,27.22,27.13,27.05,27.13,26.96,26.73,27.13,26.47,27.22,27.05,26.96,27.36,27.13,27.05,26.89,27.45,26.56,26.64,26.96,27.05,27.36,26.80,27.05,26.96,26.80,26.96,27.05,27.05,27.29,26.73,26.40,27.13,26.80,26.73,26.64,26.73,26.73,27.13,27.05,27.05,27.29,26.80,27.05,27.05,26.89,26.80,27.29,26.73,26.96,27.13,26.96,26.64,26.80,27.29,26.80,27.22,27.13,26.80,26.89,26.64,27.29,26.73,27.13,26.96,26.64,26.89,27.13,26.80,27.22,26.80,26.80,26.56,26.56,26.89,26.64,26.73,26.64,26.64,26.64,26.89,27.05,26.73,27.22,27.05,26.73,26.89,27.13,26.89,27.22,27.29,26.73,27.36,27.13,26.80,27.36,26.96,26.80,26.64,26.64,27.05,26.80,26.80,26.80,26.96,27.22,26.96,26.80,26.40,26.89,26.73,26.56,26.80,27.05,26.73,26.64,26.64,26.89,26.96,26.64,26.56,26.89,27.22,26.73,26.64,26.80,26.31,26.89,26.47,26.80,26.56,27.05,26.73,27.05,27.13,26.56,26.64,26.73,26.80,27.05,26.80,26.64,26.73,26.96,26.56,26.73,26.56,26.73,26.89,27.05,26.80,27.05,26.80,26.64,26.73,27.13,26.73,26.96,26.64,26.89,26.73,26.64,26.47,26.56,27.05,27.13
27.05,26.64,26.31,26.64,27.05,26.96,26.96,26.56,26.73,26.47,26.73,26.80,26.73,27.05,26.73,27.05,26.96,26.73,26.73,27.05,26.80,26.47,26.73,26.56,26.80,26.64,26.89,26.73,27.13,26.89,26.64,26.80,26.73,26.64,26.80,26.31,26.80,26.80,26.73,27.22,26.89,26.89,26.40,27.05,26.73,27.05,26.64,26.89,26.80,26.64,27.29,26.64,26.80,26.73,26.73,26.89,26.80,27.05,26.89,26.89,26.96,26.64,26.89,26.73,26.80,26.89,26.96,26.64,26.89,26.96,26.96,26.64,26.89,26.73,26.73,26.73,26.96,26.80,26.64,26.80,27.13,26.96,26.89,26.80,26.80,26.96,26.80,26.80,26.73,26.80,27.22,26.73,26.80,26.73,26.80,27.13,26.96,27.36,27.13,26.80,26.73,26.80,26.80,26.80,26.89,26.47,26.89,26.89,26.73,27.36,27.22,26.96,26.89,26.80,26.89,27.22,27.05,27.45,28.09,27.62,27.62,27.36,27.05,26.89,27.29,27.13,27.05,27.22,27.05,26.64,27.22,27.13,27.45,26.80,27.13,27.22,26.80,26.47,26.80,26.47,27.05,27.05,26.80,26.89,26.89,26.80,27.22,27.22,27.53,26.96,27.36,27.13,26.80,27.29,26.96,27.13,26.96,26.96,26.73,27.22,26.73,26.96,26.64,27.22,26.96,27.05,26.89,26.96,27.05,27.05,27.53,27.62,27.29,27.05,26.89,27.29,27.22,26.73,27.05,27.13,27.22,26.80,27.22,27.29,27.13,27.13,27.13,27.13,27.22,27.05,26.89,27.13,27.53,27.13,27.45,27.22,28.39,27.29,27.22,27.29,27.29,27.29,27.22,27.45,27.45,26.89,27.13,27.22,27.05,27.45,27.22,27.13,27.29,27.53,26.96,26.96,27.05,27.13,27.22,26.80,27.05,27.29,27.22,27.05,26.96,27.22,26.96,27.45,27.05,27.29,27.13,27.05,26.64,26.89,27.05,27.22,27.29,27.13,27.13,27.05,26.96,26.89,26.96,26.89,26.73,27.05,26.73,27.05,26.80,26.96,26.56,27.22,27.05,27.05,27.22,26.64,26.73,26.96,26.73,27.36,26.64,26.73,27.22,26.73,26.80,27.05,26.96,27.05,27.29,26.96,27.13,27.22,26.96,26.89,26.73,26.96,26.47,26.80,27.05,26.56,26.64,27.13,26.73,26.56,26.80,26.89,27.36,26.89,26.96,26.56,26.89,26.56,26.80,27.05,26.80,26.73,27.13,27.22,26.96,26.89,27.22,26.80,27.29,26.89,27.22,27.05,27.05,26.96,27.13,26.89,26.73,26.73,26.64,26.89,26.80,26.64,26.80,26.89,26.89,26.96,26.89,26.80,26.96,26.73,26.47,27.13,27.13,26.89,26.80,27.05,26.47,26.64,26.73,26.89,26.47,26.80,26.80,26.56,26.73,26.80,26.47,26.64,26.80,26.80,27.05,27.22,26.73,26.96,26.73,26.89,26.56,26.73,26.80,26.89,26.64,26.89,26.56,26.56,26.89,27.05,26.73,26.89,26.80,26.73,26.56,26.40,27.13,27.13,27.05,26.64,26.89,26.89,26.73,26.47,27.13,26.80,26.56,26.73,26.56,26.80,26.89,26.56
27.36,27.05,26.73,26.64,26.64,26.64,26.89,26.73,26.89,26.80,26.89,26.80,26.96,26.64,26.80,26.47,26.96,27.13,26.73,26.64,26.64,26.89,26.56,26.89,27.36,26.64,26.96,26.73,26.73,26.64,26.89,26.80,26.96,26.73,26.31,26.73,26.89,26.80,26.80,26.64,26.73,26.80,26.89,26.56,26.23,26.89,26.64,27.05,26.89,27.13,26.89,26.89,26.96,26.73,26.96,26.64,26.80,26.80,26.73,26.73,26.80,26.80,26.64,26.96,26.89,27.22,26.96,26.96,27.36,26.73,26.96,26.80,26.80,26.47,26.64,26.64,26.73,26.80,26.64,26.73,26.89,26.89,26.73,27.13,27.05,26.80,26.64,26.80,26.64,26.89,26.80,27.22,26.73,26.89,26.80,26.64,27.22,26.80,27.05,26.80,26.23,26.64,27.22,26.89,26.96,26.64,27.13,26.47,26.80,26.56,26.89,26.64,26.73,26.96,26.89,27.22,27.29,26.89,27.13,27.53,27.62,27.62,27.29,27.13,27.05,26.89,27.05,26.80,26.64,26.89,26.89,27.45,27.45,27.22,26.96,26.73,26.80,27.05,27.22,26.89,27.13,26.64,27.13,26.80,27.22,26.80,27.05,27.22,27.22,27.22,27.36,27.62,27.05,27.22,26.73,27.22,26.64,26.56,26.73,27.05,26.56,27.05,26.64,26.73,27.05,26.80,27.29,26.80,27.05,26.73,27.29,27.36,27.29,27.22,27.45,26.89,27.36,26.89,27.13,27.13,27.36,26.64,27.05,27.22,27.29,27.13,27.13,27.29,27.29,26.96,27.76,27.13,27.45,27.05,27.36,27.29,28.23,27.45,27.36,27.22,27.29,27.69,27.45,27.22,27.22,26.96,27.05,27.13,27.45,27.45,26.96,27.13,27.22,27.53,26.96,27.29,27.13,27.13,26.96,26.73,27.05,27.29,26.96,27.29,27.05,27.13,27.13,27.13,27.05,27.22,27.29,27.29,27.13,27.22,27.29,27.69,27.53,27.45,27.13,26.96,27.05,26.73,26.96,26.80,26.89,27.05,27.05,27.05,27.22,27.05,26.89,26.64,26.89,27.05,26.73,27.05,26.56,26.64,26.96,27.13,27.05,26.80,26.89,27.05,26.73,27.13,27.05,26.89,26.96,26.89,27.05,26.80,26.80,27.05,27.13,27.22,27.13,26.80,26.96,27.13,27.05,26.80,26.96,26.80,26.96,27.22,27.22,27.29,27.13,26.96,26.80,26.89,26.96,26.89,26.64,26.73,27.13,27.13,27.22,27.05,26.80,27.05,26.64,27.22,26.96,27.29,26.73,26.80,26.73,27.13,26.73,27.13,26.64,26.80,26.40,26.64,26.80,26.80,27.13,26.73,26.96,26.80,26.64,26.56,26.80,26.80,26.89,26.73,26.89,26.89,26.89,26.56,26.80,26.73,26.56,26.89,26.73,26.89,26.89,26.89,26.89,27.13,26.56,26.96,26.89,26.80,27.05,27.29,26.96,26.89,26.56,26.89,27.05,26.73,26.80,27.36,26.40,26.80,26.80,26.47,26.64,27.05,26.56,26.64,26.64,26.80,26.89,26.89,26.80,26.56,26.80,26.73,26.73,26.89,27.13,26.56,26.80,26.80,26.73,26.73,26.64,26.64
26.80,26.80,27.13,26.73,26.96,26.96,26.96,26.73,26.89,26.64,26.73,26.96,26.64,26.89,26.89,26.64,26.80,26.73,26.96,26.89,26.80,26.89,26.23,26.73,26.73,26.64,26.89,26.73,26.80,26.80,26.80,26.73,27.13,26.80,26.89,26.80,26.89,26.89,26.89,26.73,26.64,26.96,26.96,27.29,26.80,26.73,26.31,26.64,26.64,26.64,26.56,26.47,26.73,26.73,26.89,26.80,26.80,27.29,26.80,26.96,26.80,26.96,26.96,26.89,27.05,26.80,26.89,27.05,26.89,26.89,26.89,26.80,26.64,26.73,26.96,26.80,26.89,27.13,26.96,27.29,26.89,27.13,27.05,27.13,26.73,26.80,26.89,27.13,26.96,26.80,26.80,27.05,27.05,26.73,27.36,27.05,26.89,26.89,27.22,26.80,27.29,26.89,26.89,26.64,26.96,26.96,26.80,26.89,27.36,26.89,26.73,27.22,26.73,26.89,26.80,26.89,26.73,26.73,27.13,26.89,27.13,27.53,27.69,27.62,27.29,26.89,27.05,27.22,27.22,26.89,26.89,27.22,27.13,26.96,27.36,27.13,27.29,26.96,26.80,26.96,26.89,26.80,27.29,26.80,26.80,27.13,26.64,26.89,27.53,27.29,27.69,27.36,27.05,27.36,27.13,26.73,27.36,26.89,26.89,26.73,26.96,26.73,26.73,26.89,27.13,27.13,26.89,26.56,27.13,26.96,27.05,27.29,27.36,27.45,27.29,27.36,27.29,27.05,27.22,27.22,26.80,27.05,27.29,27.29,27.22,27.36,27.36,26.96,27.13,27.36,26.89,27.13,27.05,26.89,27.53,27.53,28.16,27.36,27.29,27.05,27.29,27.22,27.36,27.13,26.96,27.22,27.05,27.29,27.05,27.13,27.05,27.45,27.45,27.22,27.76,27.22,26.89,26.96,26.96,26.73,27.05,27.22,26.73,27.13,27.13,26.96,27.29,26.96,26.73,27.29,26.64,26.80,27.22,27.22,27.05,27.13,27.13,27.69,27.45,26.89,26.80,26.96,27.05,27.29,27.36,26.80,26.80,27.22,26.56,27.22,27.29,26.80,27.05,26.96,26.80,27.13,26.64,26.73,26.73,27.13,27.22,27.29,26.89,26.89,27.13,26.80,27.13,27.29,27.05,26.96,27.13,26.73,26.80,26.96,27.22,27.05,27.29,27.53,26.64,26.64,26.73,27.29,26.80,26.80,26.89,27.05,27.05,27.13,26.89,27.13,26.80,27.22,27.22,26.80,26.64,26.64,27.22,26.89,26.47,26.96,27.05,27.36,27.45,27.05,27.22,27.22,26.89,27.05,26.96,26.89,26.96,27.13,26.80,27.29,27.05,26.96,26.47,27.13,26.89,26.96,26.80,26.80,26.80,26.89,26.96,26.73,26.80,26.89,26.80,26.80,26.80,26.89,26.89,26.89,26.96,26.89,26.73,26.64,26.96,26.89,26.89,27.13,26.73,27.05,26.89,26.73,26.73,26.73,26.73,26.89,26.73,26.80,26.96,26.56,26.96,26.73,27.22,26.80,26.73,27.13,26.73,27.05,26.56,26.96,26.73,26.89,26.56,26.73,26.80,27.22,26.56,26.80,26.47,26.96,27.29,26.89,27.05,26.89,26.89,26.89,26.80,27.22
26.56,26.80,26.64,26.64,26.64,26.89,26.47,26.64,26.56,26.64,27.13,27.29,26.80,26.73,26.80,26.89,26.64,26.56,26.96,26.89,26.73,26.73,26.64,26.64,26.73,26.64,26.64,26.56,26.73,26.96,26.31,26.80,26.64,26.73,26.47,26.80,26.73,26.56,26.80,26.80,26.80,26.73,26.31,26.96,26.96,26.80,26.80,26.73,26.96,26.73,26.80,26.80,26.89,26.64,26.73,26.64,27.05,26.89,26.56,26.56,27.13,26.96,26.56,27.13,26.80,26.56,26.73,26.73,26.80,26.80,26.80,26.73,26.96,26.89,26.96,26.89,26.96,26.80,26.40,26.73,26.80,27.29,26.80,26.64,26.73,27.13,27.29,26.96,26.89,26.80,27.22,26.96,26.80,26.80,26.96,27.05,26.89,27.13,26.96,26.80,26.96,26.80,27.45,26.80,26.64,27.36,26.96,27.22,26.96,26.80,27.22,26.89,26.96,27.22,26.80,26.80,26.96,27.29,26.96,27.13,27.05,26.96,27.36,27.62,27.85,27.53,27.22,27.05,26.89,27.45,27.36,27.22,27.13,26.96,26.73,27.05,27.36,27.13,27.29,27.05,26.31,27.29,27.13,27.05,26.80,27.13,27.29,27.13,27.13,27.05,27.13,27.92,27.53,27.29,27.13,27.22,26.96,26.80,26.89,26.89,27.29,26.96,26.64,27.22,26.64,26.89,26.64,27.05,27.13,26.96,27.29,26.64,27.22,27.22,27.62,27.22,27.36,27.36,26.73,27.29,27.22,27.36,27.13,27.05,27.45,27.05,27.13,27.13,27.13,27.13,27.22,27.29,27.05,27.13,27.29,27.53,28.00,27.36,27.05,27.22,27.22,27.22,27.13,27.45,27.45,27.22,26.89,27.22,27.29,27.36,27.22,27.22,27.62,27.29,26.96,27.05,26.89,27.22,27.05,27.13,27.22,26.89,27.22,27.29,27.22,27.13,27.13,27.45,27.22,27.45,27.29,27.13,26.89,26.73,27.22,26.96,27.05,26.96,27.13,27.45,27.13,26.96,26.73,26.89,27.22,26.89,27.05,26.89,26.80,27.05,27.22,27.22,26.56,27.13,27.29,27.22,26.64,26.80,26.64,26.80,27.13,27.36,27.05,26.89,27.29,27.29,26.80,26.80,27.05,26.89,26.89,26.80,26.89,27.13,27.13,27.13,26.64,27.22,26.89,26.89,26.89,26.80,26.80,26.73,27.22,27.36,26.89,26.89,27.13,26.73,27.22,27.36,26.96,26.80,27.29,26.96,27.05,27.29,26.96,27.29,26.96,26.89,27.22,26.73,26.89,26.89,27.22,27.05,27.22,27.13,26.80,26.89,26.96,26.56,26.89,26.73,27.22,26.40,26.96,26.80,26.73,26.64,26.64,26.80,26.89,26.56,26.89,26.64,27.05,26.89,26.89,26.80,26.56,27.05,26.80,26.73,26.89,26.80,26.96,26.64,26.64,26.73,26.89,26.80,26.96,26.96,26.80,26.73,26.64,26.80,26.89,26.64,27.05,26.80,26.89,26.96,26.56,26.73,26.80,27.05,26.89,26.64,26.47,26.96,26.56,26.89,26.56,26.73,27.13,26.80,27.22,26.47,26.73,27.13,26.80,26.89,26.56,26.73,26.47,26.89,26.31,26.40
26.89,26.56,26.14,26.64,26.40,26.64,26.80,26.80,27.29,26.89,26.89,26.73,26.80,26.89,26.47,27.05,27.05,26.89,26.73,26.56,26.89,26.73,27.05,26.96,26.73,26.56,26.80,27.29,26.56,26.56,26.73,26.31,26.64,26.73,26.80,26.80,26.89,26.40,27.36,27.36,26.80,26.96,26.80,26.23,26.31,26.96,26.73,26.80,26.96,26.47,26.73,26.89,27.29,26.96,26.31,26.89,26.31,26.64,26.96,26.73,26.89,26.80,26.73,26.80,26.64,27.22,27.22,26.89,26.89,26.89,26.80,26.89,27.22,26.89,26.73,26.96,26.89,26.80,27.13,27.29,26.56,26.96,26.89,26.89,26.73,27.22,27.13,27.13,26.73,26.73,26.89,26.80,26.96,26.80,26.73,26.96,27.22,26.73,27.22,26.96,27.05,26.80,26.96,26.96,26.80,27.13,26.96,26.80,26.89,27.05,26.80,26.73,26.73,26.73,27.13,27.22,27.22,27.13,26.96,27.22,26.96,27.05,27.22,26.96,27.36,27.69,27.62,27.45,27.22,26.96,27.29,27.22,27.36,26.80,27.22,27.13,27.13,27.29,27.22,26.64,27.29,26.73,26.96,27.13,26.80,27.13,26.73,26.89,26.80,27.13,26.96,27.29,27.05,27.62,27.13,27.22,27.22,27.05,26.73,26.56,27.22,26.73,26.80,26.96,26.89,26.89,26.80,27.22,27.36,27.22,27.22,27.22,27.05,27.22,27.29,27.22,27.05,27.22,27.36,26.96,27.22,26.96,26.96,27.29,27.29,27.22,27.22,27.29,27.22,27.45,27.36,26.89,27.29,26.64,27.22,27.53,28.16,27.22,27.13,27.13,27.22,27.13,27.85,27.13,27.22,27.85,27.13,27.29,27.62,27.05,27.05,27.36,27.13,26.64,26.96,26.80,27.05,26.96,27.05,27.05,26.96,27.22,27.05,26.56,27.13,27.22,26.96,27.13,27.22,26.89,27.13,26.96,27.13,27.22,26.64,26.96,26.96,27.05,27.22,27.29,27.13,27.22,27.05,27.36,27.13,26.96,26.96,26.80,27.22,26.89,26.80,26.89,27.45,26.89,26.96,27.13,26.89,26.80,26.96,27.29,27.05,26.89,27.36,27.36,27.29,26.80,26.96,26.64,26.96,26.89,27.29,26.96,26.89,26.96,26.89,27.13,26.96,26.64,26.89,27.29,26.96,26.80,27.13,26.73,26.96,26.73,26.89,26.89,26.80,27.13,26.96,26.73,26.80,26.56,27.05,27.22,27.29,26.89,27.13,26.96,26.96,27.13,27.13,26.80,26.56,27.36,26.89,26.89,26.89,26.80,26.89,26.80,27.13,27.29,26.56,27.13,27.05,27.05,26.80,26.80,26.73,26.73,26.80,26.80,26.73,26.96,26.73,26.89,26.64,26.80,26.80,26.89,26.89,26.80,26.64,26.47,26.96,26.89,26.47,26.89,26.96,26.73,26.80,26.89,26.64,26.89,26.89,26.80,26.73,26.73,26.73,26.73,26.73,26.56,26.89,26.80,26.31,26.96,27.05,26.64,26.96,26.73,27.13,26.89,27.05,26.64,26.80,26.89,26.47,26.96,26.89,26.73,26.73,26.89,26.96,26.47,26.56,27.22,26.73,26.89,26.73,26.56
26.64,26.96,26.89,26.56,26.89,26.80,26.96,27.05,26.89,26.73,26.89,26.89,26.64,26.96,26.80,26.73,26.80,26.89,26.73,26.96,27.13,26.56,26.47,26.80,27.22,26.31,27.13,26.56,26.73,26.89,26.64,26.80,26.96,26.80,26.89,26.96,26.64,26.73,26.80,26.73,26.80,26.73,27.05,26.80,26.80,26.80,26.89,26.96,26.56,26.56,26.96,26.73,26.80,26.80,26.80,27.29,26.89,26.64,26.73,26.80,26.89,27.05,26.56,26.89,26.89,26.89,26.64,27.29,26.96,26.64,26.56,26.89,26.96,26.64,26.89,27.13,26.96,26.89,26.96,26.96,27.13,26.89,27.05,26.89,26.96,27.13,27.22,26.80,27.13,26.73,27.22,27.22,26.80,27.22,27.05,26.73,27.29,27.13,26.80,26.47,26.80,27.22,27.22,27.13,26.80,26.89,26.89,27.05,26.89,27.13,26.73,27.22,26.73,26.89,27.13,26.96,26.89,26.89,27.29,26.64,27.13,26.80,27.13,27.05,27.22,27.22,27.36,27.53,27.45,27.29,27.29,27.05,27.13,26.64,27.22,26.80,27.05,26.80,26.96,27.22,26.89,26.89,27.22,26.89,27.13,27.05,27.22,27.05,26.73,26.89,27.05,27.05,27.45,27.45,27.22,27.36,27.22,27.13,27.13,27.22,27.05,26.80,27.05,27.05,27.05,27.05,26.80,26.64,27.13,27.36,27.36,26.96,27.13,27.76,27.45,27.29,27.22,27.29,27.29,27.45,27.22,27.22,27.22,27.36,27.22,27.13,27.53,27.62,27.29,27.22,27.36,27.22,27.13,27.45,27.22,27.76,28.16,27.45,27.69,27.13,26.89,27.53,27.22,27.13,27.29,27.29,27.36,27.22,27.22,27.53,27.45,27.53,27.22,27.13,26.89,27.13,27.05,26.73,27.36,27.22,26.73,27.22,27.05,27.22,27.29,27.22,27.13,27.13,27.29,27.05,26.64,26.80,26.80,27.22,27.05,27.13,27.13,27.22,27.36,26.80,26.64,27.05,26.73,27.22,26.96,27.05,27.13,27.13,27.22,27.05,27.22,26.56,27.05,27.13,27.13,27.29,27.13,26.96,26.96,27.22,27.13,27.22,27.45,27.45,27.13,27.22,26.73,27.05,27.13,27.05,26.89,27.29,27.05,27.13,27.13,27.53,27.05,26.89,27.13,26.56,26.96,27.13,26.64,26.73,26.56,27.13,27.13,27.22,26.64,26.89,26.73,26.96,27.13,27.36,26.80,27.22,26.96,26.96,27.05,26.80,27.22,27.13,26.64,26.96,27.22,27.29,26.89,26.64,26.64,26.73,26.89,26.89,26.73,26.64,27.22,26.73,27.05,26.64,26.89,26.96,26.73,26.80,26.47,26.80,26.80,26.89,26.80,26.64,26.96,26.73,27.53,26.96,26.73,27.22,26.89,26.80,26.80,26.80,26.73,26.89,26.89,26.89,26.89,27.05,26.89,27.22,27.13,26.47,27.13,26.96,26.89,27.36,26.96,27.29,26.64,27.05,26.73,26.64,26.80,26.73,26.89,26.64,26.80,26.73,26.89,26.96,26.80,26.96,27.22,26.73,26.89,26.96,27.36,27.22,26.73,26.47,26.80,26.80,26.89,26.64,26.73,26.96
26.56,26.73,27.29,26.89,26.64,26.64,27.22,26.47,26.64,26.80,26.73,26.47,26.80,26.96,26.80,26.73,27.05,26.64,26.73,26.89,26.56,26.73,26.80,27.22,26.80,26.47,27.13,26.64,26.89,26.40,26.80,26.64,26.56,26.73,26.89,26.89,26.56,26.64,26.73,26.64,26.73,26.73,26.80,26.89,26.96,26.80,26.80,26.64,26.89,26.47,27.13,26.80,26.89,26.89,26.89,26.80,26.89,26.89,26.80,26.96,26.56,26.96,26.89,26.80,26.56,26.80,26.73,26.96,26.73,26.96,26.80,27.29,26.80,26.89,26.96,26.80,27.05,26.80,26.89,26.96,27.22,27.22,27.13,26.80,26.40,26.47,26.64,26.80,26.96,26.89,26.89,27.29,26.73,27.13,26.89,26.80,26.80,26.64,27.05,26.73,26.89,26.80,27.22,27.05,26.80,26.89,27.05,26.80,26.89,27.29,26.89,26.80,26.89,27.13,26.96,27.22,26.89,26.64,26.73,26.56,27.13,27.13,26.89,27.13,27.05,26.96,26.73,27.22,27.29,27.29,27.85,27.45,27.05,26.89,27.22,27.13,26.89,26.89,27.22,26.64,27.22,27.05,27.13,27.05,26.73,26.96,27.13,27.05,26.64,27.13,26.89,26.96,27.22,27.22,27.13,27.36,27.53,27.45,27.05,27.05,27.05,26.96,26.80,26.73,26.73,26.96,26.96,26.96,27.13,26.73,26.96,26.89,27.29,26.96,27.29,27.62,27.22,27.05,27.45,27.13,27.22,26.96,26.80,27.05,27.13,26.96,27.05,26.96,27.22,27.69,27.29,27.22,27.05,27.22,27.36,26.96,28.23,27.85,27.53,27.29,27.05,27.29,27.76,27.45,27.36,27.22,27.29,27.13,27.13,27.22,27.76,27.92,27.29,27.05,26.73,26.96,26.96,27.05,27.22,27.22,27.05,26.96,26.96,27.13,27.13,27.13,27.05,27.13,27.05,26.89,27.13,27.22,26.89,26.56,27.29,26.80,27.22,27.05,26.73,27.13,27.05,26.96,27.22,27.22,26.89,26.89,26.89,26.89,26.89,27.36,26.96,27.36,27.13,27.13,27.05,27.05,26.89,27.13,27.13,27.29,26.96,26.64,27.45,27.05,26.89,26.80,26.73,27.13,26.96,27.36,26.73,26.80,27.13,26.96,27.13,27.36,27.29,26.80,27.29,27.13,27.29,27.13,27.05,26.73,27.13,26.96,26.89,26.89,26.89,27.22,27.29,27.13,26.89,26.64,26.80,27.22,26.56,27.13,26.89,26.56,27.22,27.22,27.45,26.96,27.13,27.29,26.64,26.89,26.47,27.22,26.96,26.80,26.89,26.89,27.13,26.73,26.80,26.96,27.29,26.64,26.73,26.89,26.56,27.22,27.13,26.96,27.22,26.80,26.80,26.80,26.96,26.73,26.56,26.96,26.64,26.80,27.13,26.89,26.96,27.13,26.47,27.22,26.73,26.80,26.89,26.89,26.96,26.73,26.96,26.89,26.80,26.96,26.96,26.96,26.80,26.73,27.13,26.89,27.13,26.64,26.80,26.64,26.40,26.80,26.89,26.73,26.80,27.05,26.56,27.13,26.80,26.64,27.13,26.73,26.80,26.64,26.56,26.89,26.80,26.73,26.89,26.64
26.80,26.64,26.80,26.96,26.64,26.80,26.31,26.96,26.96,26.73,26.40,26.73,26.56,27.13,26.96,26.56,26.56,26.73,27.05,26.47,26.80,26.73,26.73,26.56,26.96,26.89,27.13,26.89,26.89,26.64,26.64,26.73,26.80,26.80,26.89,26.80,26.89,26.56,26.47,26.31,26.40,26.73,26.96,26.89,26.80,26.64,27.05,26.73,26.96,27.05,26.89,27.13,26.96,27.13,26.80,26.64,26.89,26.80,27.22,26.64,26.80,27.05,27.36,26.89,26.47,27.05,26.56,26.89,26.96,26.73,26.56,27.22,26.80,26.89,26.89,26.64,27.13,26.89,27.13,26.89,26.73,26.73,26.89,26.80,26.96,27.29,26.96,26.96,27.29,26.80,26.89,26.89,27.05,26.73,27.13,26.80,26.80,26.80,26.96,26.89,27.22,26.89,27.13,27.13,26.96,27.22,26.89,26.89,26.96,26.80,26.64,27.22,26.80,26.80,27.13,26.80,26.89,27.05,26.89,26.64,26.96,26.96,26.80,26.96,26.80,27.05,27.29,26.96,26.96,26.96,27.29,27.29,27.22,27.22,27.13,27.13,27.22,26.80,26.89,26.73,26.73,26.96,27.29,27.05,26.89,26.96,27.22,26.96,27.29,26.89,26.96,26.96,26.64,27.05,27.13,26.56,27.69,27.45,27.05,26.89,26.89,27.36,26.73,27.05,26.89,26.73,26.73,27.22,27.05,27.05,27.13,26.80,26.96,27.29,27.22,27.29,27.29,26.96,27.53,27.45,27.05,27.45,27.36,27.13,27.13,27.13,27.13,27.22,27.22,27.05,27.22,27.85,27.13,27.69,27.36,27.22,28.09,27.53,27.36,27.13,27.62,27.53,27.29,27.29,27.45,27.45,27.53,27.45,27.05,27.29,27.36,27.45,27.29,27.13,26.96,27.53,27.13,27.45,26.96,27.13,27.22,27.36,26.96,27.22,26.80,26.96,26.96,27.22,27.05,27.05,27.22,26.73,27.05,27.05,27.05,27.05,27.13,26.96,26.64,26.96,26.96,26.80,26.89,27.29,27.36,27.13,27.05,26.80,26.80,27.22,27.13,27.13,27.36,26.96,26.96,26.73,26.73,26.89,27.22,27.22,27.29,26.89,27.05,26.96,27.22,27.05,27.36,27.36,27.13,26.89,26.89,26.64,26.89,26.89,26.89,27.45,26.96,27.05,27.13,26.80,26.89,27.36,26.96,26.64,27.05,27.22,26.64,27.22,27.22,26.80,27.22,27.36,26.89,26.73,26.89,27.13,27.22,27.13,26.96,26.96,26.47,26.73,27.05,26.89,26.73,27.22,27.05,26.89,26.73,26.89,27.22,26.96,26.80,26.96,26.89,26.89,27.13,26.73,26.89,27.05,26.80,26.89,26.64,26.64,26.80,26.80,26.73,26.73,27.13,26.73,26.64,26.89,26.73,26.80,26.64,26.96,26.73,26.80,26.56,27.29,26.73,26.89,26.73,26.80,27.22,26.64,26.80,26.73,26.56,26.56,26.89,26.80,26.80,26.96,26.80,26.64,27.13,26.89,26.80,26.73,26.89,26.47,27.13,26.64,26.56,26.73,26.96,27.13,26.73,26.73,27.05,26.73,26.73,27.13,26.80,26.64,26.56,26.80,26.64,26.89,26.56,26.80
26.56,26.80,26.56,26.40,26.96,26.73,26.73,26.89,26.89,26.96,26.47,27.05,26.64,26.96,26.73,26.73,26.56,26.89,26.80,26.89,26.73,26.56,26.96,26.89,26.96,26.73,26.64,27.05,26.56,27.05,26.56,26.64,26.80,26.80,26.73,26.96,26.64,26.89,26.80,26.80,26.89,26.80,26.89,26.89,26.96,26.80,26.96,26.96,26.89,26.56,26.80,26.23,26.96,26.56,26.89,26.73,26.80,26.96,26.64,26.89,27.22,27.22,26.56,27.05,26.89,27.13,26.89,26.80,26.89,26.96,26.80,26.64,26.73,26.56,25.98,26.73,26.89,26.73,26.56,27.22,27.22,27.29,26.73,26.96,27.29,26.64,26.89,27.36,26.96,27.05,26.96,26.96,26.64,27.05,26.96,26.80,26.89,27.29,26.64,26.73,27.22,26.96,26.89,26.89,27.05,27.13,26.89,26.89,27.22,27.36,26.89,27.13,26.89,27.22,27.05,27.05,26.89,27.22,27.29,26.73,26.89,26.96,26.80,27.13,27.05,26.89,26.73,26.80,27.05,26.64,26.73,27.36,27.13,27.45,27.13,27.22,26.89,27.05,26.96,27.13,27.05,27.05,27.29,27.05,27.05,26.80,27.05,27.22,27.13,27.13,27.05,27.29,26.89,27.13,27.05,27.13,27.05,27.45,27.36,27.45,26.89,27.13,27.05,27.13,26.96,26.96,26.64,26.89,27.13,27.05,27.29,27.05,26.96,26.64,26.96,26.96,27.85,27.45,27.45,27.29,27.36,27.13,27.13,27.22,26.89,27.22,27.36,27.29,27.29,27.45,27.13,27.29,27.29,27.13,27.53,27.36,27.85,28.00,27.05,27.36,27.76,27.62,27.45,27.13,27.76,27.36,27.22,27.22,27.36,27.36,27.36,27.45,26.80,27.05,27.05,27.22,27.22,27.13,26.89,26.73,27.05,27.29,27.45,27.29,27.13,27.22,27.05,26.96,26.80,27.36,27.13,27.22,27.05,26.73,27.13,27.29,26.89,26.80,27.05,27.22,26.96,27.29,26.80,27.13,27.13,26.96,26.96,27.05,26.89,27.05,27.13,27.13,27.05,26.89,26.89,27.29,26.80,27.22,27.22,26.47,27.22,26.89,27.36,26.89,27.13,27.22,27.22,26.96,26.89,27.22,26.73,26.40,26.80,26.96,26.73,26.80,26.64,26.64,27.13,26.80,26.73,26.96,26.96,26.80,27.13,26.80,26.96,27.13,26.89,26.89,26.96,26.89,26.96,26.40,26.89,26.64,27.22,26.64,26.73,26.80,26.89,26.64,26.89,26.89,27.22,26.64,27.05,26.89,26.64,26.89,26.96,27.13,26.80,26.89,26.56,26.89,26.96,26.56,26.73,26.80,26.89,26.89,27.22,26.89,26.80,26.56,26.64,26.73,26.64,26.56,26.96,26.96,26.73,27.22,26.73,26.73,27.22,27.22,26.73,26.56,26.64,26.96,26.80,27.13,26.89,26.80,27.13,26.64,26.64,27.05,27.05,27.13,26.73,27.05,26.96,26.73,26.80,26.89,26.80,27.22,26.73,26.56,26.56,26.73,26.80,27.13,26.47,26.96,26.56,26.89,26.80,26.73,26.96,26.56,26.64,26.80,26.73,26.73,26.64,26.80,26.47,26.47
26.89,27.05,27.22,27.05,26.80,26.96,26.64,26.23,26.89,26.80,26.80,26.47,27.13,26.80,26.80,26.64,26.96,26.80,26.31,26.80,26.80,26.64,26.80,26.56,26.73,26.64,26.73,26.89,26.80,26.80,27.05,26.80,26.64,26.64,26.96,26.89,26.40,26.64,26.89,26.80,27.13,26.73,26.64,26.80,26.47,26.73,26.64,27.05,26.96,26.64,26.89,26.89,27.22,26.80,27.05,26.80,26.73,26.73,26.56,27.05,26.96,26.89,27.13,26.80,26.56,26.89,26.96,27.29,26.80,26.96,27.22,26.73,27.05,26.89,26.64,26.89,26.47,26.96,27.22,26.80,26.96,26.89,26.89,27.22,26.96,27.13,26.89,26.80,27.22,26.96,27.13,26.80,27.05,26.80,26.56,26.73,26.80,26.73,26.80,26.73,27.05,26.80,26.96,27.05,27.13,27.13,26.80,26.89,27.13,27.13,26.73,27.13,27.13,26.80,27.05,26.80,27.22,26.64,26.89,26.73,26.89,26.96,26.89,27.05,26.89,27.29,26.80,26.96,26.89,27.13,26.73,27.05,27.05,26.96,27.45,27.22,26.96,27.13,27.29,27.05,26.96,26.80,26.64,26.73,26.64,26.96,27.13,27.22,26.73,26.73,26.73,27.05,26.73,26.96,27.05,27.22,27.22,27.45,27.36,27.53,27.22,26.96,27.05,27.13,26.73,26.96,27.13,27.05,27.05,27.13,26.89,26.96,26.96,27.13,26.96,27.29,27.29,27.76,26.89,27.45,27.05,26.96,27.29,26.96,26.73,27.13,27.29,27.29,27.05,27.22,27.13,27.22,27.13,27.13,27.05,27.45,27.92,27.92,27.62,27.29,27.45,27.62,27.45,27.36,27.62,27.22,26.96,27.22,27.22,27.29,27.22,27.22,27.22,26.89,26.96,27.05,27.05,27.22,26.73,26.64,27.22,26.73,26.80,27.29,27.29,27.05,26.64,26.96,27.22,26.96,27.05,26.64,26.96,26.96,27.22,26.89,26.80,26.80,27.13,26.80,27.13,26.89,27.05,26.80,26.96,26.96,27.05,26.80,26.96,27.05,26.80,26.89,27.13,26.73,27.05,26.89,26.96,27.22,26.64,27.22,27.22,26.89,27.29,26.96,27.22,27.05,26.89,26.89,27.13,26.80,27.29,27.22,26.89,26.80,26.89,26.73,26.89,26.73,26.73,26.89,26.80,27.53,27.22,26.80,27.29,26.73,26.73,27.13,26.89,26.73,26.96,27.22,26.73,27.22,26.73,26.73,26.89,27.05,26.96,26.96,26.96,26.96,26.73,27.05,26.89,26.64,26.80,26.80,26.89,27.13,27.13,27.05,26.73,26.80,26.89,26.64,26.64,27.13,26.89,26.96,26.80,26.89,27.13,26.80,26.56,26.80,26.56,26.73,26.64,26.80,26.89,26.73,27.22,26.73,26.80,26.73,27.13,26.47,26.73,26.56,26.80,26.89,26.47,26.89,26.64,27.22,26.73,26.80,26.80,26.80,26.64,26.80,26.89,26.64,27.05,26.96,26.89,26.64,26.56,26.73,27.05,26.80,26.73,26.56,26.89,26.40,26.96,26.89,26.80,26.56,27.05,27.36,26.96,27.05,26.73,26.80,26.56,26.64,26.89,26.64,26.80,26.64
26.64,27.22,26.64,26.89,26.47,26.96,26.80,27.22,26.31,26.47,26.89,26.56,26.73,26.73,26.73,26.47,26.80,26.64,26.56,26.47,26.80,26.73,26.80,26.96,26.64,26.56,26.80,26.64,26.64,26.56,26.73,27.05,26.56,26.73,26.64,26.31,26.64,26.80,26.73,26.64,26.64,26.64,26.80,26.80,26.73,26.64,26.89,26.73,26.56,26.56,26.80,26.64,26.64,27.05,26.64,26.73,26.80,26.56,26.64,26.80,26.80,26.96,26.80,26.80,26.56,26.89,26.73,26.80,26.89,26.80,26.73,26.96,27.29,26.80,27.05,26.73,26.73,26.89,26.64,27.29,26.89,26.89,26.89,26.96,26.89,26.73,26.64,26.80,26.64,26.73,26.89,27.05,26.80,27.05,26.80,26.89,26.96,26.80,26.73,26.89,27.36,26.56,26.47,26.73,26.80,26.73,26.89,27.29,26.80,26.96,26.96,27.29,26.64,26.80,26.89,26.89,26.89,26.64,26.89,27.36,26.80,26.73,26.73,26.80,26.89,27.13,26.89,26.89,27.05,27.22,26.89,26.80,27.13,27.22,26.96,27.29,27.05,27.05,27.13,27.22,26.64,26.96,26.64,27.13,26.80,26.96,26.73,26.96,27.05,26.80,27.13,26.96,26.89,26.80,26.73,27.13,27.05,26.64,27.13,27.45,27.45,27.22,26.89,26.73,27.22,27.22,27.36,27.13,27.22,27.22,27.13,27.29,27.29,27.22,27.29,27.36,27.22,27.13,27.76,26.64,27.22,27.53,27.22,27.05,27.22,27.53,27.29,27.36,27.13,27.29,27.45,27.45,27.29,27.53,27.22,27.45,28.00,27.85,27.45,27.69,27.53,27.62,27.62,27.36,27.29,27.22,27.05,27.45,27.92,27.29,27.29,27.36,27.05,27.36,26.96,27.05,27.62,26.89,27.13,26.96,26.96,27.05,27.05,26.96,27.13,26.96,27.05,26.64,27.13,27.05,26.64,26.80,26.80,26.64,27.13,26.89,27.13,26.64,26.64,26.80,26.96,27.22,26.89,26.89,26.56,26.73,27.29,27.05,26.96,26.96,27.22,27.05,26.96,26.96,27.22,26.89,26.96,26.64,26.80,27.13,26.96,26.80,27.13,27.29,27.13,26.89,27.05,26.96,27.29,27.05,27.22,27.29,27.05,27.53,27.13,26.80,26.89,26.89,27.05,27.22,26.89,26.96,27.22,26.80,26.89,26.73,27.36,26.89,27.13,27.13,26.89,26.73,26.73,26.89,26.64,27.13,27.13,27.13,27.05,27.05,26.89,26.80,27.22,27.05,27.13,26.80,27.29,27.05,26.96,27.13,26.73,26.80,26.64,26.73,26.89,26.96,27.13,26.80,27.22,26.80,27.13,26.80,26.96,26.80,26.96,27.29,26.73,26.73,27.13,26.56,26.89,26.89,26.56,26.89,26.89,26.89,26.80,27.22,27.13,26.96,26.73,27.13,27.22,27.13,27.05,27.05,27.05,26.64,26.89,26.73,27.05,27.22,26.56,26.73,26.64,26.64,26.56,26.64,27.13,26.80,26.80,26.64,26.89,26.89,26.73,27.05,26.80,26.56,26.73,26.73,26.40,26.47,26.64,26.64,27.05,26.73,26.80,26.47,26.73,26.89,26.56,26.73
26.40,26.64,26.80,26.73,26.89,26.96,26.80,26.73,26.56,26.73,26.96,26.47,26.89,26.64,26.56,26.40,26.80,26.47,26.89,26.89,27.05,26.73,26.80,26.73,27.29,26.80,26.80,26.80,26.64,27.05,26.56,26.23,26.89,27.13,26.23,26.96,26.56,26.80,26.89,26.96,26.89,26.47,26.64,26.31,26.80,26.73,26.80,26.64,26.47,26.73,26.80,26.64,26.73,26.80,26.80,26.89,26.40,26.56,27.13,26.89,26.80,26.80,26.89,26.80,26.80,26.89,26.80,26.64,26.73,26.73,26.96,26.80,26.96,27.05,26.56,26.80,27.13,26.56,27.05,26.89,26.80,26.47,26.64,26.89,26.73,26.89,26.56,26.64,26.47,27.13,26.56,26.80,27.05,27.13,26.96,27.13,27.22,26.80,26.64,26.89,26.80,27.13,27.22,26.89,27.05,26.89,27.05,26.80,27.22,26.89,27.45,26.96,27.05,27.13,26.73,26.80,26.89,26.89,26.89,26.89,27.13,26.64,26.73,26.89,27.13,27.05,27.05,27.29,26.64,26.64,26.47,26.96,27.13,26.80,26.96,26.96,26.96,27.13,27.22,26.56,26.96,26.89,27.22,27.13,27.13,27.13,26.73,27.05,26.96,26.96,26.89,26.80,27.05,26.56,26.96,26.96,27.29,27.05,27.05,27.13,27.13,27.36,27.62,26.96,26.80,27.05,27.22,26.96,27.22,27.22,26.73,26.56,27.13,26.89,26.80,26.96,27.22,27.45,27.53,27.36,27.05,27.36,26.96,26.89,27.13,27.05,27.22,27.05,27.36,27.22,27.36,27.53,27.76,27.53,27.69,27.92,27.62,28.23,27.62,27.62,27.53,27.45,27.29,27.53,27.76,27.22,27.29,27.29,26.96,27.62,27.29,27.62,27.36,27.45,27.45,26.80,27.22,26.96,27.29,27.29,26.96,27.13,27.05,26.96,27.05,26.56,27.22,27.22,27.29,27.13,26.73,27.29,26.96,26.80,27.22,26.73,26.89,27.22,27.05,26.96,26.96,27.05,26.80,27.22,26.96,26.96,26.89,26.80,26.64,27.29,26.64,27.13,27.22,26.73,26.73,26.96,27.05,26.73,26.89,27.22,27.13,26.89,27.13,27.36,27.13,26.96,27.05,26.73,27.13,27.29,26.64,26.89,26.64,27.13,26.89,26.73,26.89,27.13,26.89,27.13,26.89,26.96,26.80,26.64,26.80,26.73,27.29,27.29,26.89,27.22,26.80,27.13,26.89,27.13,27.13,26.89,26.89,27.13,26.89,26.73,26.96,27.29,26.73,27.29,26.64,27.29,26.96,26.64,26.80,26.80,26.96,26.89,26.64,27.36,27.36,26.80,26.64,26.96,26.80,27.05,27.22,26.80,26.89,27.13,26.64,27.05,26.89,26.96,26.56,26.64,26.64,26.73,26.47,26.64,26.80,26.80,26.56,26.80,27.29,26.47,26.89,26.80,26.73,26.89,26.73,26.80,26.73,26.80,26.80,26.89,26.73,26.89,27.05,27.53,26.73,27.05,26.89,26.73,26.89,27.22,26.89,26.89,26.64,27.22,27.05,26.40,27.22,26.73,26.80,26.89,26.64,26.80,26.47,26.80,27.13,26.73,26.56,27.13,26.89,26.73,26.80,26.89
26.56,26.73,26.89,26.73,26.89,26.73,26.89,26.73,26.40,26.47,26.47,26.80,26.73,26.80,26.56,26.73,26.89,26.64,26.64,26.96,27.13,26.73,26.56,26.73,26.56,26.73,26.73,26.80,26.64,26.56,26.89,26.73,26.73,26.89,26.56,26.73,26.56,26.80,26.73,26.64,26.56,26.80,27.13,26.96,27.22,26.80,26.56,27.05,26.96,27.13,26.73,26.56,26.89,26.80,26.80,26.80,26.73,26.73,27.05,26.64,26.80,26.80,26.64,27.13,26.64,26.96,26.73,27.29,26.64,26.80,27.05,26.89,26.96,26.64,26.56,26.89,27.13,26.73,26.80,27.13,26.89,27.22,26.64,26.80,26.80,26.80,26.73,26.56,26.96,26.64,26.64,26.73,26.73,26.96,26.56,26.64,26.80,27.05,26.96,26.89,26.80,27.22,27.36,27.13,26.89,27.05,26.73,27.22,26.64,26.73,27.22,26.96,26.96,26.56,26.80,26.80,26.80,26.96,26.80,26.89,26.73,26.80,26.89,26.96,26.80,26.73,26.80,26.96,26.80,26.56,26.96,27.13,26.80,26.80,27.13,26.89,26.96,26.89,27.05,27.22,27.36,27.13,27.29,27.22,26.89,26.96,26.80,27.29,26.89,26.96,26.73,27.22,27.05,27.05,26.96,27.13,27.22,27.29,27.22,26.96,27.22,27.29,27.36,27.36,27.22,27.05,27.13,27.29,26.96,26.64,27.13,27.36,27.13,26.73,27.29,27.29,27.45,27.22,27.53,27.53,26.96,27.05,27.13,27.53,27.29,27.05,27.22,27.29,27.22,27.45,27.53,27.36,27.45,27.85,27.76,27.76,27.76,28.30,27.36,27.53,27.62,27.76,27.36,27.36,27.05,26.89,27.62,27.13,27.36,27.36,27.22,27.45,27.45,27.36,27.29,27.29,27.36,26.96,27.29,27.36,26.89,26.56,27.13,26.96,27.22,27.05,27.13,27.05,27.05,27.05,26.73,27.29,27.13,26.96,27.05,26.96,27.13,27.05,27.05,27.05,26.73,27.05,26.80,27.29,27.05,27.05,26.73,26.89,27.29,26.89,27.05,27.29,26.89,26.64,26.64,26.73,27.13,27.22,26.89,27.36,27.29,27.22,26.89,27.05,26.80,27.29,26.80,26.96,27.05,26.80,26.89,26.73,27.13,26.89,27.05,27.22,27.62,26.89,26.89,27.13,27.05,26.80,26.80,26.89,27.13,26.73,27.13,26.73,26.80,26.96,26.64,27.29,26.96,27.29,26.73,26.96,27.05,27.05,27.45,26.96,27.29,26.89,27.05,27.13,26.80,26.73,26.96,26.80,26.80,26.64,27.05,26.80,26.80,26.96,27.22,26.89,26.73,26.89,27.29,26.80,27.29,26.64,26.64,26.89,26.47,26.73,26.96,26.73,26.89,27.05,26.89,27.13,26.73,26.64,26.73,26.80,26.96,27.05,26.96,26.73,26.73,26.80,26.47,27.13,27.13,26.80,26.96,26.64,26.56,26.89,26.73,26.80,26.80,26.73,26.80,26.73,27.22,26.80,26.73,26.56,26.80,26.73,26.64,27.22,26.73,26.64,26.80,26.89,26.64,26.73,27.05,26.64,26.89,26.73,26.89,26.80,26.64,26.80,26.64,26.89,26.73,26.96
26.80,26.96,26.73,26.31,26.80,26.56,26.64,26.80,26.73,26.73,26.89,27.22,26.40,26.80,26.96,26.73,26.64,26.89,26.56,26.80,26.73,26.80,26.89,26.89,26.80,26.89,26.56,26.64,26.56,26.80,26.56,26.80,26.73,27.05,26.73,26.73,26.56,26.73,26.89,26.56,26.64,26.89,26.73,26.89,26.89,26.96,26.80,26.80,26.73,26.80,26.64,26.64,26.56,26.96,26.80,26.73,26.64,26.89,26.89,27.05,26.73,26.56,27.13,26.73,26.80,26.80,26.96,26.56,26.80,26.80,26.47,26.73,26.80,26.89,26.56,27.05,27.13,26.73,26.96,26.96,26.64,26.80,26.89,26.64,26.73,27.22,26.96,26.89,26.80,26.73,27.22,27.05,26.96,26.47,27.22,26.89,27.22,26.73,27.05,26.64,26.96,27.29,26.96,27.29,27.13,27.05,26.80,26.56,26.89,27.22,27.13,26.80,26.89,27.45,27.13,27.05,27.05,26.89,27.13,26.80,26.73,27.05,27.13,26.89,27.22,27.22,27.13,26.80,26.80,27.05,26.73,26.56,26.73,26.80,26.73,26.73,26.96,27.05,27.22,26.89,27.22,27.36,27.22,27.29,27.13,26.80,26.80,27.05,27.13,26.96,27.05,27.13,26.89,27.13,26.73,27.22,26.89,27.05,26.64,26.80,27.05,27.29,27.13,27.22,27.22,26.80,26.80,26.89,27.05,27.13,27.29,26.96,27.22,26.89,27.05,27.05,27.36,27.13,27.36,27.22,27.36,27.22,27.29,27.36,27.05,27.45,27.29,26.80,27.53,27.45,27.29,26.96,27.22,27.62,27.62,27.85,27.45,28.23,27.76,27.76,27.69,27.45,27.36,27.69,27.69,27.22,27.13,27.36,27.29,27.45,27.13,27.45,27.22,27.29,26.96,27.22,26.64,26.56,27.22,27.36,27.13,27.22,27.05,27.05,27.13,26.96,26.80,26.89,27.05,26.96,27.05,27.22,26.96,26.80,27.05,27.13,26.73,27.13,26.96,26.64,26.96,26.73,27.22,26.73,26.73,26.96,27.05,26.96,26.96,26.80,27.13,26.80,27.13,27.05,26.56,26.96,27.13,27.05,27.05,27.13,27.22,27.05,27.13,27.29,26.80,26.80,26.64,27.36,27.22,27.13,27.22,27.22,26.80,27.13,27.13,26.96,26.73,27.13,27.22,27.22,26.80,27.22,27.22,26.73,26.89,26.73,26.96,26.89,27.22,27.13,26.89,26.89,27.05,26.89,27.22,27.29,26.80,26.64,26.89,26.89,27.29,26.89,26.89,26.89,26.89,26.96,26.73,26.96,26.73,26.73,26.96,26.73,26.89,26.89,26.96,26.64,26.56,27.22,26.80,27.05,26.96,27.05,26.80,26.80,26.80,26.64,26.89,27.22,26.64,26.56,26.80,26.96,26.64,26.89,26.80,26.89,27.22,26.73,26.73,26.40,26.89,26.89,26.56,26.73,26.73,26.56,27.13,26.73,26.89,26.73,26.47,26.80,26.47,26.56,26.73,26.89,26.73,26.64,26.31,26.80,27.22,26.80,26.89,26.40,26.80,26.64,26.89,26.96,26.73,26.64,27.13,26.64,27.05,26.73,26.56,26.40,26.80,26.56,26.47,26.64,26.80,26.64
26.89,26.96,26.89,26.80,26.64,26.89,26.73,26.40,26.56,26.89,26.73,26.64,27.13,26.73,26.96,26.96,26.96,26.80,27.29,26.56,26.47,26.89,26.96,27.05,26.73,26.89,26.73,26.31,26.80,26.47,26.96,26.73,26.56,26.64,26.73,27.05,26.89,26.89,26.89,26.89,26.64,26.64,26.96,26.89,26.80,27.22,26.47,26.96,26.64,27.05,27.05,26.64,26.73,26.80,26.80,26.73,26.73,26.64,27.05,26.89,26.56,26.80,26.96,26.73,26.96,26.80,26.56,26.64,26.80,26.89,27.13,27.29,27.13,26.89,26.89,27.29,26.89,26.73,26.73,26.73,26.89,26.80,26.80,26.73,26.80,27.13,26.89,26.64,26.89,26.96,27.22,27.13,26.80,26.64,26.96,26.96,26.73,27.13,26.96,27.13,26.89,27.13,27.22,26.47,27.45,27.05,27.22,27.22,27.22,26.89,27.29,26.73,26.80,26.96,26.89,26.80,26.96,26.96,26.80,26.80,27.13,26.73,27.05,27.05,27.05,27.05,26.73,26.89,26.73,27.05,27.05,26.80,26.96,26.73,26.96,27.05,26.96,26.73,27.13,26.64,26.96,26.96,27.92,27.45,26.96,26.64,26.96,26.89,27.05,26.73,26.96,26.80,26.89,26.73,27.13,26.73,26.64,26.89,26.89,26.96,27.13,26.73,26.96,27.13,27.45,27.22,27.29,27.13,27.13,27.29,27.29,27.05,27.13,26.73,27.22,27.29,27.05,27.29,27.29,27.05,27.22,27.13,27.36,27.36,27.53,27.22,27.13,27.29,27.13,27.29,27.45,27.53,27.53,27.53,27.36,27.53,27.36,28.16,27.76,27.62,27.36,27.45,27.53,27.92,27.53,27.29,27.05,27.36,27.85,27.62,27.53,27.13,27.29,27.05,27.22,27.13,27.05,27.22,27.22,27.36,27.05,27.22,26.73,27.13,26.80,27.05,27.05,26.96,26.73,27.05,27.05,27.22,26.73,27.05,27.13,27.05,27.22,27.29,27.13,26.96,26.80,26.80,27.13,26.89,26.96,27.22,26.96,26.80,26.73,26.73,27.05,26.80,26.80,27.22,27.05,27.22,26.89,26.73,27.13,27.22,27.05,26.80,27.29,26.96,26.96,26.89,26.80,26.73,27.13,26.96,27.29,26.80,26.89,26.80,27.05,26.73,27.13,27.13,26.89,27.36,26.64,26.89,26.89,26.89,27.13,27.22,27.22,27.13,27.29,27.22,26.80,27.45,27.36,27.29,26.80,27.29,27.05,26.89,26.73,27.13,26.73,26.80,27.13,26.64,27.13,26.80,27.22,26.96,26.89,27.29,26.89,27.36,26.89,26.89,26.96,26.80,26.89,27.05,26.56,26.96,26.73,26.73,26.89,27.13,26.89,26.89,26.80,27.29,26.80,26.96,26.64,26.64,26.80,26.80,26.64,26.96,26.89,26.80,26.56,26.80,26.80,27.13,26.73,26.89,26.73,26.96,26.64,26.80,26.64,26.47,26.80,26.80,26.80,26.89,26.89,26.89,26.73,26.80,26.96,26.56,26.73,26.80,26.73,27.05,26.89,26.80,26.73,26.64,27.13,26.64,26.80,26.73,26.73,26.64,27.05,27.13,26.73,26.73,26.89,26.73,26.73,26.64
26.89,26.89,26.73,26.80,26.73,26.64,26.56,26.56,26.80,27.05,26.47,26.73,26.73,26.64,26.89,26.89,26.80,26.64,26.89,26.64,26.64,26.89,26.47,26.89,26.56,27.05,26.56,27.13,26.73,26.80,26.73,26.64,26.64,26.64,26.56,26.89,27.13,26.96,26.31,26.64,26.80,27.05,26.64,26.96,26.64,26.64,26.73,26.96,26.56,27.22,27.05,26.64,26.96,26.64,26.96,26.89,26.89,26.96,26.56,26.96,26.89,26.80,26.64,26.73,26.96,26.96,26.56,27.29,26.80,26.64,26.89,26.80,26.64,26.96,26.80,26.80,27.13,26.64,26.96,26.96,27.22,27.13,26.73,26.89,26.73,26.73,27.22,27.13,27.13,26.89,26.96,26.89,26.80,26.96,27.22,26.73,26.89,27.13,27.29,26.73,27.36,27.13,27.13,27.05,26.73,27.22,27.22,26.80,27.13,26.96,27.05,26.89,26.80,26.80,26.89,26.64,26.89,26.47,26.96,27.05,26.80,27.05,27.29,27.29,26.80,27.22,27.05,27.05,26.89,26.40,27.05,26.80,26.80,26.89,26.96,26.89,27.13,26.80,26.89,26.89,27.05,26.80,27.05,27.05,27.13,27.45,26.96,26.80,26.73,26.56,26.47,26.96,26.96,26.73,27.22,27.13,27.05,27.29,27.05,26.96,26.96,27.05,27.22,26.96,27.13,27.36,27.29,27.05,26.80,26.96,27.13,26.89,26.96,27.13,27.13,26.80,27.05,26.96,27.29,27.22,27.36,27.36,27.29,27.22,27.22,27.45,27.05,27.22,27.05,27.53,27.36,27.29,27.45,27.36,27.36,27.36,27.45,28.23,27.53,27.85,27.76,27.76,27.69,27.53,27.45,27.53,27.45,27.69,27.76,27.62,27.22,27.29,27.22,27.22,26.73,27.22,27.13,27.13,27.22,27.22,27.05,26.96,27.22,27.22,27.22,26.73,27.13,26.80,26.96,26.96,26.96,27.22,26.96,27.22,27.05,27.13,27.05,27.22,27.05,26.80,27.05,26.96,26.89,26.80,27.13,27.13,27.22,26.73,26.64,27.13,26.80,26.89,26.96,27.29,27.22,27.45,26.89,26.80,27.05,27.29,27.22,27.29,26.89,27.22,27.13,26.89,27.13,26.89,26.89,26.64,27.05,27.22,26.80,26.96,26.89,27.05,27.05,27.36,27.13,26.89,26.73,26.89,26.80,27.13,26.80,27.29,26.56,27.45,27.62,26.96,26.73,26.96,26.89,27.29,27.13,26.89,27.22,26.96,27.13,26.89,27.22,26.80,27.13,27.22,26.73,26.89,27.22,26.80,26.89,26.96,26.64,27.13,26.80,27.29,26.73,26.73,26.96,26.56,26.89,26.64,26.89,26.80,26.89,26.73,26.89,26.96,26.64,26.80,26.80,26.64,26.80,26.89,26.80,26.96,26.56,26.80,26.96,27.05,27.13,27.22,26.73,26.73,27.13,26.80,26.89,27.13,26.89,27.05,26.73,27.22,26.96,26.89,27.13,27.05,26.96,27.05,26.73,26.89,26.73,26.80,26.73,26.64,27.13,26.73,26.64,26.80,26.96,27.05,27.05,26.31,26.96,26.56,27.13,26.73,26.40,26.56,26.64,26.73,26.47,26.80,26.56,26.73
27.05,26.89,26.64,26.80,26.80,26.73,26.73,27.05,26.73,27.22,26.80,26.40,26.64,26.73,26.96,26.80,26.80,26.80,26.56,26.64,26.64,26.80,26.89,26.96,26.89,26.73,26.47,26.73,27.22,26.80,26.89,27.13,26.96,26.96,26.40,26.89,26.64,26.89,26.80,26.89,26.80,26.64,26.73,26.80,26.89,27.13,26.96,26.64,27.05,26.64,26.64,26.64,26.73,27.22,26.96,26.96,26.96,26.73,26.80,26.80,26.80,27.22,26.96,26.89,26.89,26.96,26.89,26.89,27.36,26.80,27.22,26.89,26.80,27.13,26.96,26.73,26.64,26.73,26.73,26.73,26.64,26.80,26.89,26.64,26.80,26.73,26.96,26.89,26.73,27.13,26.96,26.56,26.89,26.80,26.89,26.89,27.05,27.13,27.22,26.89,27.05,27.22,26.96,26.64,26.89,26.96,26.89,27.29,26.96,26.73,27.13,26.96,27.29,27.22,26.89,27.05,26.89,27.22,27.13,27.05,26.89,27.22,26.89,26.89,26.64,26.96,26.64,26.89,26.80,26.80,27.05,27.05,26.96,26.89,26.73,26.96,27.05,26.73,26.89,26.73,27.05,27.22,27.13,26.73,27.05,26.89,26.80,26.96,26.96,27.05,26.80,26.80,26.96,26.89,27.13,27.05,27.13,26.89,26.80,26.89,27.13,27.13,27.05,26.96,27.13,27.05,27.22,27.36,27.13,26.96,27.29,27.13,27.05,26.96,26.73,27.22,27.13,27.05,27.13,27.29,27.53,27.29,27.36,27.45,27.22,27.22,27.22,26.96,27.29,27.29,27.22,27.45,27.53,27.45,27.36,27.53,27.69,28.16,27.45,27.45,27.62,27.22,28.00,27.76,27.85,27.05,27.53,27.36,27.53,27.29,27.45,27.76,26.96,27.22,27.13,27.22,27.13,27.29,26.96,27.05,27.13,27.13,26.96,27.05,27.22,26.73,26.96,27.22,27.13,27.13,27.13,27.13,26.64,26.80,27.13,26.89,26.96,27.05,27.05,27.05,26.89,26.89,27.13,26.64,27.05,26.73,27.22,26.80,26.96,26.96,27.22,27.13,27.29,26.96,27.05,27.05,26.89,27.13,27.05,27.05,26.64,26.73,27.05,26.80,26.80,27.36,27.13,26.80,27.13,27.05,26.89,26.56,27.36,27.13,26.89,26.89,26.96,26.89,26.73,26.89,26.96,27.13,27.36,26.56,26.73,27.45,27.13,26.73,27.29,27.22,26.89,26.89,26.73,26.80,26.73,27.22,26.96,26.96,27.13,27.22,27.22,26.89,26.96,27.22,26.96,26.73,26.80,27.05,26.89,26.96,27.22,27.22,26.56,27.22,27.36,26.89,26.80,26.80,26.80,27.29,26.89,26.80,26.89,27.13,27.13,26.96,26.89,26.89,27.22,26.73,27.13,26.80,27.29,26.89,26.56,26.96,26.89,26.64,26.89,26.80,27.13,26.96,26.89,26.89,26.80,26.96,26.47,27.29,26.96,26.80,27.36,26.80,26.80,26.80,26.96,26.96,26.64,26.73,26.64,26.80,26.80,26.80,27.22,26.89,26.73,27.13,26.89,26.96,26.56,26.96,26.96,26.96,26.64,26.73,26.73,26.73,26.73,26.73,26.96,26.80,26.80,26.47
26.56,26.89,26.73,26.64,26.80,27.05,26.64,26.89,26.73,26.89,26.47,26.96,26.96,26.64,27.05,26.89,26.64,26.73,26.64,26.56,26.80,26.64,26.80,26.96,26.73,26.80,26.80,26.89,27.13,26.89,26.64,26.47,26.64,26.80,26.64,26.80,26.64,26.64,26.64,26.73,26.47,26.89,26.73,26.73,26.73,26.73,26.80,26.73,26.73,26.73,27.05,26.64,26.64,26.96,27.22,26.96,26.80,26.73,26.80,27.05,26.64,26.40,26.64,26.56,26.96,26.89,26.80,26.96,26.80,27.29,26.96,26.96,26.96,26.89,27.22,26.80,26.73,27.05,26.80,26.80,26.96,26.80,26.89,26.89,26.56,26.80,26.89,27.05,27.22,27.13,26.64,26.89,26.89,26.96,27.13,27.13,27.13,26.80,27.05,27.22,26.80,26.89,27.29,27.29,26.96,27.13,26.96,26.89,27.05,26.64,27.22,26.89,26.73,27.13,27.22,26.89,27.29,26.89,26.89,27.29,27.29,27.29,26.80,26.73,26.96,26.64,26.80,26.96,27.22,26.73,26.80,27.29,26.64,27.22,26.89,27.05,26.73,27.05,26.89,26.96,27.05,27.05,26.73,26.80,27.13,26.96,26.56,27.22,27.13,26.73,27.13,26.56,26.96,27.29,27.05,26.96,27.05,26.64,27.05,26.73,27.22,26.73,26.73,27.22,27.22,27.05,27.29,27.36,27.36,27.45,27.05,27.36,27.36,27.36,27.69,27.22,27.13,27.29,27.13,27.29,27.05,27.45,27.53,27.85,27.22,27.36,27.45,27.29,27.05,27.45,26.96,27.53,27.36,27.62,27.53,27.62,27.53,28.16,27.76,27.76,27.92,27.76,27.53,27.92,27.76,27.45,27.36,27.36,27.76,27.69,27.45,27.45,27.22,27.29,27.13,27.13,27.62,27.22,26.96,26.89,27.36,27.05,27.05,27.13,26.80,26.96,27.05,27.05,27.22,26.89,27.22,26.96,26.96,26.73,26.96,27.13,27.05,27.05,26.89,27.22,26.73,26.80,27.13,27.05,27.29,26.80,26.80,26.64,26.73,26.96,27.13,27.22,26.73,27.05,27.13,26.47,26.89,26.96,26.96,27.13,26.80,26.89,27.13,26.80,26.64,26.89,27.13,27.13,27.13,27.13,26.89,27.13,26.80,26.96,26.96,27.22,27.22,27.13,26.80,27.13,26.96,27.29,27.13,27.62,26.96,26.80,27.29,27.22,26.73,27.13,27.45,26.80,26.89,26.96,26.73,27.22,26.73,26.64,26.96,27.05,26.89,26.80,26.80,26.96,27.29,27.13,26.89,26.89,26.89,27.29,26.89,27.05,27.22,26.96,27.05,26.73,27.13,26.96,27.36,26.89,26.89,27.13,26.96,27.05,26.64,26.89,26.80,26.64,27.22,27.29,26.89,26.73,26.56,27.13,26.89,26.89,26.73,26.64,26.56,26.96,26.64,26.89,27.13,27.53,26.73,26.80,26.64,27.22,26.89,26.89,26.56,26.56,26.89,26.80,26.64,26.89,26.96,26.64,26.73,27.13,26.80,26.73,26.89,26.64,26.56,26.47,26.80,26.89,26.73,26.73,26.73,26.96,26.64,27.05,27.05,26.73,26.64,26.89,26.47,26.80,26.40,26.89
26.80,26.89,26.80,26.73,26.47,26.64,26.80,26.64,26.73,26.89,26.47,26.89,26.56,26.56,26.14,26.73,26.89,26.96,26.73,26.47,26.64,26.64,26.64,26.56,26.56,26.56,26.73,26.89,26.64,26.64,26.96,26.56,26.80,26.80,26.64,27.13,26.73,26.73,26.80,26.64,26.80,26.80,26.80,26.31,26.89,26.73,26.73,26.64,26.80,27.22,26.80,26.96,26.73,26.56,26.96,26.73,26.80,26.73,26.73,26.89,26.80,26.96,27.13,26.47,26.96,26.80,26.80,26.89,26.80,26.89,27.22,26.80,27.36,27.22,27.13,26.56,26.89,26.73,26.80,26.64,26.96,26.56,27.13,26.80,26.80,26.80,26.80,26.80,26.73,26.73,27.13,26.80,26.73,26.64,26.89,26.96,26.73,26.96,27.13,26.80,26.80,26.80,26.89,26.73,26.96,26.96,26.73,26.96,27.22,26.73,26.89,27.22,26.73,26.73,26.73,26.89,26.80,27.29,26.64,27.22,26.64,27.13,26.89,26.96,26.96,26.80,26.80,26.80,27.13,26.96,26.96,27.29,26.89,26.96,27.13,26.73,26.96,26.96,27.13,27.13,26.73,27.13,27.22,26.73,26.96,26.96,27.13,27.13,26.73,26.73,27.22,27.29,26.96,26.64,27.13,27.05,27.05,26.73,27.05,27.22,26.96,26.96,27.22,26.73,27.22,27.13,27.29,27.13,27.36,27.45,27.53,26.96,27.36,27.13,27.76,27.05,27.13,27.22,27.29,27.45,27.22,27.05,27.36,27.76,27.45,27.22,27.22,27.53,27.29,27.22,27.36,27.45,27.29,27.62,27.53,27.53,27.53,28.23,27.62,27.85,27.62,27.85,27.76,27.76,27.53,27.62,27.53,27.92,27.29,27.45,27.05,27.36,27.29,27.45,27.29,27.22,27.29,26.96,26.96,27.36,26.96,26.96,26.96,27.13,26.89,26.96,26.96,27.05,26.73,26.96,26.73,26.96,27.05,27.22,27.22,26.73,26.89,26.96,27.13,26.73,26.80,26.73,27.05,26.89,27.13,26.80,27.45,27.05,26.73,26.89,26.96,26.96,27.13,27.13,27.13,26.89,26.64,26.80,27.22,27.13,26.89,27.13,26.80,27.05,27.22,26.96,27.13,27.13,27.13,27.22,26.80,27.13,27.13,27.36,27.05,26.89,27.05,27.29,27.29,26.89,26.96,26.64,27.22,27.22,27.36,27.13,27.22,26.80,26.89,27.29,26.73,26.73,26.89,26.73,27.13,26.56,27.22,26.96,26.96,26.89,27.13,26.80,26.73,26.80,26.89,26.73,26.89,26.89,26.80,26.80,26.89,26.80,26.96,27.05,27.22,26.89,26.89,26.80,27.29,27.29,26.64,27.13,26.73,26.64,26.80,26.56,26.80,26.73,26.80,26.47,27.13,26.89,26.73,26.80,26.73,26.64,26.64,26.80,27.22,27.22,26.89,26.73,27.22,26.64,26.89,26.96,26.89,26.47,26.80,26.64,26.96,27.22,26.80,26.47,26.89,26.80,26.64,26.40,26.40,26.96,26.89,26.56,26.96,26.73,26.96,27.13,26.64,26.80,26.96,27.13,26.64,26.96,27.05,26.56,27.13,26.89,27.29,26.73,26.56,26.73,26.89,26.89
26.64,26.73,26.56,27.22,26.89,26.89,26.80,26.56,26.96,26.89,26.89,26.47,27.13,26.23,26.56,26.47,26.89,26.80,26.64,26.64,26.80,26.73,26.73,26.80,26.64,26.89,26.89,26.89,26.47,26.64,26.89,26.80,26.64,26.80,26.89,27.05,26.96,26.56,26.64,26.73,26.89,26.56,26.89,26.96,26.96,26.89,26.73,26.96,26.96,27.13,26.96,26.64,26.64,26.96,26.80,26.64,26.96,26.56,26.96,26.80,26.89,26.64,26.73,26.80,26.96,27.13,27.36,26.89,27.36,26.89,26.89,27.13,26.80,26.80,26.80,26.80,26.64,26.64,26.80,26.73,26.80,26.80,26.89,26.64,26.56,26.89,26.96,26.80,26.89,26.73,26.64,26.73,26.80,26.89,27.05,26.80,27.05,26.56,26.80,27.13,27.13,27.05,26.80,26.89,26.89,26.96,27.22,27.05,26.80,27.29,26.89,26.64,26.89,26.80,26.80,27.13,26.96,26.64,27.22,26.89,27.13,27.29,27.13,27.36,27.13,26.73,27.05,27.22,26.89,26.73,27.05,26.64,27.29,27.13,27.13,27.05,26.73,26.96,27.36,26.80,26.56,26.89,27.05,27.05,26.73,26.73,26.64,26.96,26.80,27.05,26.89,27.45,27.05,26.96,26.89,27.05,26.73,26.96,26.96,27.05,27.05,27.05,27.05,26.96,27.13,27.05,27.13,27.22,27.05,27.29,27.36,27.29,27.22,27.36,27.36,26.96,27.29,27.36,27.45,27.62,27.29,27.22,27.45,27.53,27.76,27.76,27.69,27.45,27.29,27.05,27.13,27.22,27.29,27.45,27.45,27.45,27.85,28.16,28.09,28.16,28.00,27.92,27.62,27.85,27.85,27.45,27.85,27.62,27.22,27.76,27.36,27.45,27.45,27.36,26.96,27.45,27.05,26.80,27.05,27.22,27.05,27.05,27.22,27.05,27.62,26.96,27.05,26.64,27.13,27.29,27.05,27.22,26.56,27.05,27.05,27.22,26.73,27.22,27.22,27.13,27.22,27.29,26.80,27.05,26.96,26.96,27.29,26.80,26.80,27.05,26.80,27.13,26.96,27.05,27.22,27.22,27.29,27.05,27.13,26.80,27.29,27.22,26.80,26.96,26.96,26.96,27.22,26.96,27.05,27.13,26.80,26.89,26.89,27.29,27.13,27.29,27.13,27.22,27.36,27.22,27.29,26.96,27.29,27.13,26.64,26.80,27.13,26.89,26.80,27.05,27.13,26.89,27.13,26.47,26.80,27.22,26.89,26.73,26.89,26.96,26.89,26.80,27.22,27.22,26.89,26.73,27.05,26.80,26.96,27.05,26.96,26.89,26.56,27.22,26.47,26.89,27.29,26.80,26.89,26.80,26.73,27.05,26.73,26.96,26.80,26.96,27.13,27.13,26.73,27.13,26.56,26.80,26.96,26.80,26.80,26.64,26.89,26.64,26.89,26.96,26.40,26.89,26.89,26.56,26.80,27.05,27.05,26.56,26.80,26.23,26.64,26.89,26.89,26.73,26.73,27.29,26.73,27.13,26.73,26.73,26.96,26.96,26.96,26.73,26.56,26.73,26.40,26.89,27.13,26.56,26.64,26.96,26.89,26.89,26.80,26.73,27.13,26.56,26.64,26.64,26.47,26.89
26.80,26.64,26.80,26.80,27.05,26.89,26.73,26.23,26.56,26.56,26.96,26.47,26.23,26.47,27.29,26.89,26.80,26.64,26.64,26.56,26.96,26.56,26.73,26.89,26.80,26.73,27.05,26.89,27.22,26.47,26.80,26.31,26.73,27.05,27.22,26.80,26.89,26.89,26.96,26.73,26.64,26.96,26.96,27.13,27.22,26.96,26.40,27.05,26.73,26.89,27.29,26.89,26.89,26.96,26.89,26.64,26.80,27.29,26.96,27.05,26.96,26.80,26.56,26.64,26.64,26.73,26.96,26.80,26.89,26.73,26.96,26.89,26.89,27.29,27.22,26.80,27.13,26.89,26.80,27.05,26.89,26.64,26.89,26.64,26.80,27.05,26.89,26.89,26.89,26.96,27.22,26.73,27.13,26.73,27.05,26.64,26.89,27.13,26.80,26.80,26.96,26.80,26.64,27.29,26.96,27.05,26.73,26.96,26.96,27.22,26.64,27.05,26.73,27.13,26.80,27.13,27.05,27.13,26.96,26.73,27.13,27.05,26.89,27.29,26.96,27.22,26.96,26.96,26.89,27.05,27.05,27.22,26.73,27.05,27.05,26.47,26.73,27.13,26.80,27.13,26.73,27.13,27.13,27.13,27.22,27.05,26.64,26.56,26.73,26.80,26.96,26.64,26.80,26.56,26.96,26.73,26.96,27.05,27.05,26.89,27.05,27.05,26.73,27.13,27.13,27.13,27.22,27.05,26.89,27.13,27.05,27.45,27.29,27.36,27.45,27.13,27.29,27.13,27.36,27.45,27.29,27.22,27.22,27.36,27.53,27.45,27.22,27.22,27.29,27.22,27.29,27.45,27.76,27.36,27.22,27.53,27.92,28.09,28.00,28.23,27.92,27.85,27.62,27.53,28.00,27.53,28.09,27.92,27.76,27.85,27.62,27.62,27.45,27.53,27.22,26.96,26.96,27.13,27.22,26.89,27.05,26.89,27.22,26.73,26.89,26.73,26.89,26.96,26.96,27.13,26.96,26.96,27.13,26.96,27.13,26.96,27.29,26.96,27.05,26.89,27.45,27.13,27.22,27.05,27.05,27.29,27.22,27.22,27.45,27.13,27.13,27.05,26.96,26.64,27.13,26.80,26.89,27.22,27.22,27.05,27.05,27.22,26.80,26.80,26.56,26.80,26.80,26.96,27.29,26.73,26.96,26.96,27.22,27.22,27.22,26.89,26.96,27.29,27.13,27.22,27.36,27.29,27.22,26.64,26.64,27.05,26.89,26.89,26.80,27.29,27.13,26.73,26.56,26.89,27.22,26.89,26.73,27.05,26.80,26.96,26.80,26.73,26.89,27.05,26.56,26.80,26.89,27.13,26.96,26.64,27.05,26.96,26.96,26.89,26.80,27.45,26.73,26.96,26.64,26.80,26.96,27.05,26.56,26.73,27.22,26.80,27.05,26.64,26.96,26.73,26.89,27.13,26.40,26.80,26.89,27.29,26.80,26.96,26.96,26.80,26.73,26.73,26.89,26.89,26.89,27.22,26.80,26.80,26.80,27.13,26.80,26.80,26.89,26.64,26.73,26.80,26.40,26.56,26.89,26.80,26.73,26.73,26.40,26.96,26.56,26.73,26.89,26.96,26.89,26.73,26.96,26.80,26.64,26.80,26.64,27.05,26.64,26.73,26.64,26.73,26.89,26.73
26.80,26.96,26.96,26.64,26.80,26.96,26.47,26.64,26.80,26.64,27.05,26.96,26.89,26.64,26.73,26.89,26.73,26.80,26.64,26.31,26.40,26.47,26.89,26.64,26.80,26.56,27.22,26.80,27.05,26.64,26.89,26.80,26.80,26.80,26.31,26.80,26.96,26.64,26.73,26.73,26.80,27.13,26.80,27.22,26.80,26.89,26.73,26.73,26.89,26.96,26.80,26.89,26.89,26.64,26.64,27.36,26.80,26.89,27.05,26.96,26.96,26.89,27.05,26.96,26.89,26.80,27.22,27.29,26.80,26.73,26.89,27.22,27.29,27.13,27.22,26.89,27.05,27.22,27.36,26.89,27.13,26.80,26.96,26.96,26.80,26.96,26.73,27.13,26.64,26.64,26.96,27.22,26.96,26.73,26.64,26.80,26.64,27.13,26.64,26.64,26.64,26.80,26.89,26.73,27.22,26.96,26.80,27.05,26.80,26.96,27.22,26.80,26.73,26.80,26.89,26.89,27.05,26.96,26.89,27.05,27.13,27.13,26.89,26.80,26.64,26.73,26.73,26.89,26.64,26.47,27.22,27.22,26.64,26.73,27.22,26.96,26.56,27.13,27.22,26.80,27.05,26.89,27.13,26.73,27.22,27.13,27.22,26.96,27.05,26.96,26.73,26.89,26.80,26.89,27.22,27.13,27.05,26.96,26.96,26.64,27.05,26.56,26.89,27.22,27.13,27.05,26.73,27.13,27.29,27.13,27.13,27.13,27.62,27.13,27.29,27.05,27.29,27.53,27.45,27.36,27.22,26.96,27.22,27.36,27.36,27.62,27.22,27.13,27.22,27.29,26.96,27.45,27.36,27.36,27.85,27.45,27.62,28.23,28.16,28.23,28.09,28.09,27.76,27.53,27.92,27.69,27.36,27.62,27.13,27.13,27.36,27.92,27.45,27.13,27.29,27.13,27.13,27.13,27.13,27.05,26.89,27.22,27.22,26.80,27.13,27.13,26.80,26.96,27.29,26.96,26.89,27.13,27.22,27.13,27.13,27.22,27.13,27.05,26.73,27.45,27.13,27.05,26.80,26.96,27.22,27.22,27.22,26.96,27.13,26.96,26.80,26.89,27.05,27.22,27.13,27.22,27.22,27.05,26.73,26.96,27.13,27.05,27.29,27.13,27.22,26.80,27.36,26.80,27.29,27.36,26.89,27.36,27.45,27.13,26.64,26.96,26.96,26.80,27.22,27.22,27.13,26.89,26.56,26.89,27.05,27.13,27.13,26.73,27.29,27.05,26.89,26.96,27.36,27.13,26.73,26.80,26.89,27.05,26.80,27.13,27.29,26.80,26.73,27.05,27.13,26.73,26.80,26.96,26.80,26.89,26.80,27.13,26.89,27.29,27.05,26.73,27.29,26.64,26.80,27.13,26.89,27.13,26.80,26.56,26.73,27.13,26.64,26.89,26.89,27.05,26.80,26.64,26.80,27.22,26.96,27.22,26.64,26.96,26.89,27.22,26.89,26.73,26.80,26.89,26.64,26.47,26.96,26.73,26.73,26.64,26.64,26.73,26.56,26.80,27.29,26.73,26.96,26.40,26.64,26.89,26.47,26.56,26.80,26.80,26.64,26.47,26.64,26.80,26.56,27.05,26.80,26.89,26.47,26.80,26.89,26.47,26.80,26.56,26.64,27.22,26.89,27.05
26.80,26.89,26.64,26.96,26.80,26.80,26.73,26.73,26.96,26.73,26.80,27.05,26.73,26.89,26.64,26.89,26.73,26.73,27.13,26.64,26.73,26.73,26.73,26.96,26.89,26.96,26.89,26.96,26.64,26.40,27.13,26.96,26.56,26.89,26.56,26.89,26.89,27.22,26.73,26.73,26.56,26.80,26.73,26.80,26.73,26.73,26.40,26.80,26.56,27.05,26.73,26.64,26.73,26.73,26.73,26.89,26.96,26.80,26.73,27.53,27.45,27.53,27.45,27.36,27.22,27.45,27.53,27.29,27.05,26.89,27.29,26.96,27.22,27.29,27.29,26.89,27.13,26.89,27.53,27.13,27.13,27.13,26.89,27.13,26.80,27.13,27.36,27.22,27.22,27.22,27.13,27.13,27.13,26.80,26.89,26.80,26.96,27.22,27.05,26.80,27.29,26.73,27.13,27.45,26.73,27.36,27.29,27.13,27.29,27.13,27.05,27.22,26.89,26.56,26.80,26.73,26.89,26.89,26.89,26.89,26.64,26.56,27.22,27.05,27.05,27.13,26.96,27.29,27.36,27.13,26.89,27.05,27.05,27.22,26.89,26.80,26.96,27.13,27.05,27.05,27.22,27.29,26.56,27.05,26.73,26.47,27.29,27.22,26.89,26.96,26.64,27.13,26.96,27.05,27.45,27.05,26.96,27.13,26.96,27.36,27.13,27.22,27.13,26.96,27.22,27.05,27.22,26.89,27.05,27.05,26.89,27.13,27.53,27.85,27.53,27.45,27.45,27.85,27.53,27.22,27.69,27.45,27.45,27.62,27.45,28.09,27.36,27.36,27.36,27.45,27.53,27.29,27.45,27.45,27.85,27.85,27.76,28.09,28.30,28.54,28.16,28.09,28.23,27.92,28.00,28.00,28.16,27.62,27.76,27.36,27.36,27.45,27.62,27.29,27.13,27.36,27.13,26.96,27.13,26.89,27.36,27.22,27.45,26.80,27.13,27.05,26.73,27.29,27.36,27.22,26.96,27.29,26.64,27.05,27.22,27.05,27.22,26.89,27.13,27.05,27.22,27.05,27.05,27.29,27.13,27.05,27.13,27.13,27.05,27.05,26.96,26.96,27.05,26.89,27.36,27.22,27.29,27.22,26.89,27.13,26.89,26.89,27.05,27.29,27.13,26.80,27.22,26.80,26.89,27.29,27.29,26.64,26.96,26.80,26.73,27.29,27.13,26.80,26.80,27.13,27.05,26.80,27.05,27.13,27.05,27.22,27.29,27.05,27.13,27.05,26.80,26.80,27.13,26.73,27.05,27.05,26.80,26.80,26.73,26.89,26.96,26.89,26.89,26.96,26.89,26.89,27.05,26.80,26.73,26.96,26.96,26.96,27.13,27.22,26.96,26.73,26.80,26.89,26.89,26.73,26.80,26.89,26.64,26.73,26.96,26.73,26.56,26.89,26.80,27.05,27.05,26.73,26.64,26.64,26.89,26.96,26.64,26.80,26.80,26.64,26.64,26.80,26.73,26.73,26.64,26.64,26.80,26.56,26.89,26.64,26.73,26.96,26.89,26.89,26.40,26.80,26.89,26.47,26.73,26.96,26.31,26.56,26.64,27.05,26.89,26.80,26.89,26.14,26.73,26.47,26.73,26.56,26.73,26.73,27.05,26.80,26.56,27.22,26.47,26.64,26.80,26.40
26.96,26.96,26.80,26.73,26.96,27.13,26.64,26.96,26.96,26.73,26.96,26.73,26.64,26.64,26.89,26.80,26.89,26.47,26.80,26.89,26.89,26.96,26.73,26.89,26.73,26.89,26.96,26.80,26.80,26.89,26.80,26.64,26.73,26.80,27.22,26.96,26.64,26.80,26.89,26.80,26.96,26.73,26.89,26.73,26.73,26.80,26.73,26.89,26.89,26.89,27.22,26.96,26.80,26.89,26.40,26.56,27.05,26.89,27.13,27.29,27.53,27.29,27.53,27.29,27.22,27.62,27.29,27.45,27.53,27.53,27.69,27.53,27.53,27.45,28.00,28.00,27.92,28.09,27.76,27.62,27.36,26.96,27.13,27.13,26.89,27.13,27.05,27.05,27.05,27.05,26.89,27.13,27.05,26.73,26.96,27.13,26.96,26.89,27.22,27.36,27.13,26.80,27.22,27.22,27.13,27.13,26.96,26.80,26.80,27.29,26.89,27.22,26.96,27.22,26.56,26.89,26.96,27.22,26.80,26.96,26.73,27.29,27.22,27.05,27.13,27.05,27.05,27.05,26.96,27.13,26.96,26.89,27.29,27.53,27.22,26.73,27.05,27.13,26.96,26.96,26.89,26.96,26.80,26.96,26.80,26.73,26.56,27.05,26.73,27.05,26.96,27.36,27.05,27.36,26.96,27.22,27.13,26.96,26.96,27.05,27.29,27.05,27.05,27.22,27.29,27.05,27.36,27.05,26.89,27.05,27.13,27.45,27.13,27.36,27.69,27.36,27.69,27.13,27.45,27.13,27.36,27.45,27.36,27.22,27.45,27.62,27.53,27.69,27.05,27.85,27.92,27.53,27.22,27.45,27.36,27.53,28.00,27.92,28.23,27.85,28.39,28.00,27.53,28.00,27.76,27.69,27.92,27.53,27.36,27.53,27.53,27.62,27.69,27.45,27.62,27.45,26.80,27.29,26.96,27.22,27.22,27.13,26.73,27.05,26.96,27.05,27.05,27.05,26.96,27.05,26.73,27.05,26.64,26.56,27.45,27.05,27.05,26.96,26.89,27.13,26.96,27.05,27.13,26.96,27.05,27.22,27.13,26.89,26.73,26.56,27.13,27.05,26.80,27.22,27.22,26.89,27.05,27.22,26.96,27.22,27.13,27.13,27.22,27.13,27.05,26.80,26.89,26.64,26.80,27.13,26.96,26.89,26.80,26.89,27.05,27.13,26.96,27.29,27.13,26.56,27.29,27.29,26.89,27.29,26.89,26.89,27.05,26.89,27.13,26.73,27.05,26.89,26.80,26.89,27.13,27.22,26.96,27.05,27.22,27.05,26.89,26.73,27.05,26.89,26.89,26.96,26.80,26.89,27.05,27.22,26.96,26.80,26.80,26.64,26.89,26.89,26.80,27.05,26.56,26.89,26.89,27.22,26.89,26.64,26.80,26.89,26.96,26.64,26.89,27.13,26.96,26.89,26.73,26.73,26.89,26.80,26.80,27.05,27.13,26.89,26.80,26.96,26.80,26.73,26.73,26.73,26.89,26.64,26.80,27.05,26.80,26.64,27.29,27.05,27.29,27.13,26.80,26.89,26.64,26.89,27.05,26.89,26.40,26.96,26.80,26.73,27.22,26.64,27.22,26.64,26.89,27.13,26.89,26.80,26.73,26.64,26.80,27.05,26.89,26.80,26.89,26.89
26.96,27.05,26.89,27.05,26.64,27.05,26.96,26.47,26.47,26.64,26.89,26.47,26.80,26.56,27.22,26.80,26.73,26.73,26.64,26.96,26.96,26.80,26.89,26.80,26.56,26.89,26.89,26.96,26.64,26.96,27.05,26.80,26.96,26.96,26.64,26.56,26.80,26.73,26.96,26.96,26.89,26.96,26.56,26.73,26.89,26.64,26.89,26.89,27.45,26.89,26.89,27.13,27.05,26.73,26.89,26.80,26.56,26.96,26.89,27.29,26.96,26.73,26.89,26.56,26.64,26.64,26.73,26.89,27.22,26.96,26.89,27.45,27.13,27.29,27.29,27.13,27.45,27.85,27.76,28.16,28.16,28.16,27.92,27.62,27.36,27.05,26.89,27.45,27.05,27.13,26.73,26.56,26.89,26.89,26.73,26.56,26.96,26.89,26.96,26.56,26.96,26.89,27.13,27.13,26.89,26.64,26.89,26.64,26.89,27.29,27.05,27.13,27.13,27.13,26.80,27.05,26.96,27.22,26.96,26.80,27.13,26.73,26.96,27.29,26.96,27.13,26.80,27.13,26.64,27.05,27.05,26.80,27.05,27.22,26.73,26.80,26.56,26.73,27.13,26.73,26.89,26.56,26.73,27.13,26.96,27.29,26.73,26.89,26.96,27.22,27.05,27.05,27.05,27.13,27.22,27.13,26.96,26.89,26.80,27.22,27.29,27.05,27.29,26.80,26.96,27.22,27.36,27.22,27.05,27.22,27.05,27.05,27.13,27.62,27.45,28.00,27.76,27.62,27.45,27.22,27.53,27.22,27.53,27.53,27.22,27.36,27.53,27.45,27.36,27.45,27.53,27.53,27.76,27.92,27.62,27.92,27.92,28.16,28.70,28.09,28.16,28.09,28.00,28.54,27.69,28.00,27.92,27.45,27.76,27.53,27.92,28.00,27.85,27.29,26.96,27.36,26.96,27.29,27.29,26.73,26.96,27.22,26.96,27.13,27.13,27.29,27.13,27.13,26.89,26.96,26.96,26.89,27.05,26.64,27.22,27.13,27.36,27.36,27.29,27.13,27.45,26.96,27.05,27.22,27.22,26.96,27.13,27.05,26.89,26.89,26.73,27.13,26.80,26.80,26.73,27.05,26.73,27.36,27.05,26.64,27.05,26.89,27.13,26.73,26.89,27.13,27.13,26.73,27.29,26.96,27.05,26.96,26.89,27.22,26.64,26.80,26.89,26.89,26.89,27.22,26.56,26.96,26.56,26.89,26.89,26.80,27.13,26.47,26.89,26.96,26.80,27.05,27.22,26.80,26.89,26.96,27.36,26.96,26.80,26.96,26.56,26.64,26.96,26.56,26.89,27.13,26.89,27.29,26.80,27.13,26.80,27.29,27.22,26.64,26.73,26.64,27.05,26.89,26.73,26.80,26.56,26.89,26.80,27.22,26.96,26.96,26.96,27.13,27.05,27.13,26.80,27.13,26.64,26.89,26.47,26.73,26.64,26.96,26.89,26.80,26.64,26.80,26.80,26.80,26.64,26.89,26.80,26.80,26.80,26.73,26.96,26.73,26.64,27.05,27.13,26.73,26.40,27.13,26.47,26.96,26.89,26.56,26.80,26.40,26.64,26.56,26.80,26.80,26.64,26.64,26.40,26.73,27.05,27.05,26.80,26.80,26.80,26.80,26.80,26.89,26.73,26.56
26.80,26.73,26.64,26.64,26.73,26.89,26.31,26.80,26.47,27.22,26.89,26.73,26.80,26.73,26.96,26.73,27.13,26.73,26.89,26.80,26.89,27.05,26.80,26.89,27.29,26.64,26.80,26.80,26.89,26.73,26.96,26.80,26.80,26.80,26.73,27.13,26.80,26.56,26.73,26.89,26.56,26.80,26.96,26.89,26.89,26.73,27.05,26.89,26.73,26.64,27.29,26.89,26.64,26.80,26.80,26.80,26.64,26.73,26.80,26.89,26.89,26.80,26.80,26.80,26.56,26.96,26.64,26.73,26.80,26.89,26.96,26.80,26.80,26.73,26.96,27.22,27.13,26.89,27.05,26.96,27.05,27.13,27.62,27.45,27.53,27.85,28.00,28.00,27.85,27.85,27.53,27.29,26.80,27.13,26.80,26.89,27.05,26.73,26.80,26.89,27.36,27.05,27.36,26.56,26.89,27.22,26.89,26.73,27.29,27.36,27.05,27.22,27.22,26.73,26.96,27.05,27.13,26.80,26.96,27.13,27.29,27.22,27.13,27.05,26.64,27.22,26.73,26.96,26.80,27.05,27.05,26.64,26.64,27.05,27.13,27.05,26.64,27.05,27.36,27.45,26.64,27.13,26.89,26.89,27.13,27.05,27.05,26.89,27.29,26.73,26.80,26.64,27.05,27.05,27.13,27.13,26.96,26.96,26.96,27.22,27.13,27.22,26.96,27.05,26.80,27.05,27.05,27.13,27.13,26.89,27.13,27.29,27.29,27.29,27.29,27.22,27.45,27.76,27.62,27.62,27.22,27.45,27.13,27.22,27.22,27.76,27.53,27.69,27.76,27.22,27.85,27.76,27.22,27.53,27.76,28.00,28.16,28.16,28.84,27.92,28.23,28.16,28.09,27.76,28.09,28.16,28.00,27.53,27.45,27.76,27.69,28.00,28.00,27.85,27.69,27.29,27.29,27.53,27.05,27.13,27.05,26.89,27.29,27.22,26.96,27.13,26.64,27.22,26.89,26.96,27.36,27.29,26.96,26.96,26.96,27.29,26.64,27.29,26.96,27.22,26.96,27.36,26.64,26.73,27.05,27.05,27.05,26.80,26.64,26.80,27.05,27.05,27.05,27.13,26.80,26.73,27.22,27.05,27.13,26.89,26.64,26.73,27.13,26.96,27.22,27.22,27.05,27.13,26.96,26.96,26.80,27.13,26.89,27.22,27.36,27.13,27.22,26.89,26.89,27.13,26.89,26.96,26.64,26.73,27.29,26.80,27.13,27.05,26.89,27.22,26.89,27.05,26.80,27.36,26.80,27.36,26.89,26.80,26.56,27.05,27.13,26.96,26.89,26.80,26.89,27.29,26.73,26.89,27.05,26.80,26.80,27.29,26.73,26.89,26.96,27.22,26.89,26.73,26.56,26.89,27.29,26.96,26.89,26.80,26.64,26.96,26.73,26.96,26.73,27.13,26.73,26.80,26.96,27.45,26.96,27.13,26.73,26.64,26.64,26.96,26.56,26.73,26.89,26.73,26.64,26.80,26.89,26.80,27.05,26.80,27.13,27.13,27.13,27.05,26.80,26.80,26.64,26.80,26.89,26.89,26.73,26.64,26.96,27.05,26.73,26.80,26.89,27.13,26.73,26.40,27.05,26.80,26.89,26.80,26.80,27.05,27.29,26.80,27.05,26.64,26.80,26.73
26.80,26.64,26.89,26.80,26.80,27.05,26.96,27.05,27.22,26.47,26.89,26.96,26.89,26.89,26.64,27.05,26.89,26.64,26.96,26.64,26.80,26.96,26.80,26.56,26.64,26.56,26.64,26.73,26.89,26.73,26.64,26.80,26.80,26.80,26.80,26.64,26.96,26.64,26.96,26.80,27.13,27.05,26.80,26.89,26.80,26.64,26.47,26.89,26.80,26.73,26.80,26.73,26.73,27.13,26.73,26.80,26.89,27.05,26.56,27.22,26.80,26.80,26.89,26.73,26.47,26.89,26.80,26.89,26.56,27.05,26.89,26.96,26.80,26.89,26.96,27.05,27.29,26.64,27.29,27.13,27.13,26.89,27.05,27.22,27.36,26.80,26.56,27.13,27.22,27.36,27.53,27.29,27.22,27.29,27.29,27.45,27.05,27.05,26.96,26.89,27.05,27.29,27.13,26.73,27.22,26.96,27.13,27.29,27.05,27.13,26.96,26.73,27.13,26.73,26.73,26.96,27.22,27.13,27.13,27.05,26.80,26.80,26.96,27.05,27.13,26.96,26.73,26.89,26.96,27.29,26.96,27.05,26.80,26.96,27.22,27.05,26.96,27.05,27.53,27.22,27.05,27.13,26.96,27.36,26.89,27.13,26.80,26.73,27.13,26.73,26.56,27.29,26.73,26.96,27.13,26.80,27.29,27.13,27.29,27.22,26.89,27.13,27.36,26.89,27.05,26.96,27.22,26.80,27.05,27.29,27.05,27.45,26.96,27.13,27.29,27.05,27.22,27.76,27.92,27.53,27.36,27.29,27.45,27.45,27.13,27.05,27.45,27.29,28.00,27.29,27.45,27.85,27.45,27.76,27.53,27.92,28.16,28.39,28.61,28.16,28.23,28.23,28.16,28.39,28.23,27.85,27.92,27.92,27.85,27.76,27.85,27.85,28.00,28.09,27.85,27.45,27.53,27.13,27.29,26.96,27.22,27.05,27.13,26.73,27.05,26.96,27.22,26.89,27.05,27.05,26.73,27.13,27.13,27.13,27.53,27.13,27.05,27.05,26.96,27.05,26.80,27.13,26.89,27.36,27.05,27.13,26.89,27.13,26.73,26.80,27.13,27.13,26.80,26.96,26.73,27.05,26.96,26.73,26.80,27.05,27.13,27.05,27.05,26.73,27.13,27.29,27.29,27.05,26.73,26.80,27.45,26.64,26.96,27.05,27.13,27.22,27.36,27.13,26.64,26.40,26.89,26.73,27.13,26.64,27.29,27.13,27.36,27.36,27.36,26.73,27.29,26.73,26.73,26.96,26.96,26.96,26.73,26.73,27.13,26.89,27.05,26.96,27.05,26.89,27.53,26.80,26.89,27.05,27.22,27.13,26.64,26.73,26.89,26.73,26.89,26.89,26.80,27.29,26.89,26.80,27.05,27.13,27.05,26.64,26.64,26.89,26.56,26.73,26.89,26.89,26.96,26.47,26.80,26.96,26.89,26.73,26.47,26.89,26.64,26.64,26.47,26.64,26.73,26.80,26.80,26.80,26.80,26.56,26.80,26.80,26.96,26.89,27.13,26.73,26.89,27.13,26.73,27.13,26.73,26.73,27.22,26.89,26.89,26.73,26.80,26.80,26.96,26.64,26.64,26.73,26.73,26.80,26.40,26.80,27.05,26.56,26.73,26.56,26.56,26.56,26.73,26.64
26.96,27.13,26.40,26.64,26.96,26.96,26.64,27.05,26.56,26.89,26.64,26.64,26.64,26.80,26.96,26.89,26.80,26.89,26.73,26.80,26.47,26.56,26.80,26.47,26.89,26.73,27.05,26.89,26.64,26.80,26.40,26.80,26.89,26.89,26.64,26.64,26.56,26.73,26.80,26.96,26.89,26.80,26.80,26.73,26.56,26.80,26.80,26.89,26.40,26.64,26.73,26.89,26.96,26.73,26.89,26.40,26.96,26.73,26.80,27.13,26.64,26.89,26.47,26.73,26.64,26.80,26.73,26.96,27.22,26.89,26.73,26.96,26.80,26.96,26.80,27.13,26.64,26.89,27.13,27.22,26.73,26.96,26.64,27.05,26.64,27.29,26.80,27.13,27.05,27.22,26.73,27.13,26.80,27.13,26.47,26.89,27.13,26.80,26.96,26.80,27.22,27.05,27.22,26.80,26.73,27.05,27.05,27.13,27.13,26.80,26.89,26.96,26.89,27.05,26.89,26.80,26.64,27.05,26.96,26.64,26.96,26.96,26.56,27.22,27.13,27.36,26.89,26.56,27.05,26.89,26.96,27.05,27.05,27.05,26.73,26.56,26.64,26.80,27.13,27.13,26.89,27.29,26.96,26.73,26.89,26.96,26.80,26.96,27.22,27.29,27.05,26.89,26.89,27.13,27.13,27.05,27.05,27.22,27.13,27.05,26.73,27.05,27.22,27.22,26.96,27.13,26.73,27.36,26.80,26.73,27.62,27.13,27.13,26.64,27.36,26.96,27.29,27.29,27.29,27.45,27.45,27.29,27.29,27.29,27.62,27.45,27.53,27.45,27.62,27.45,27.85,27.76,27.92,27.62,27.92,28.30,28.16,28.30,29.22,28.39,28.46,28.54,28.23,28.16,27.92,27.92,28.00,27.76,27.85,27.85,27.53,27.53,27.53,27.62,28.16,28.00,27.92,27.29,27.22,27.29,27.29,27.29,26.96,27.13,27.45,26.96,26.80,26.96,27.29,27.22,27.13,27.36,27.13,27.05,26.96,27.36,27.22,27.05,27.22,26.64,27.13,27.13,27.05,27.05,27.05,26.80,27.13,26.73,27.13,26.96,27.05,27.05,27.29,27.13,26.96,27.13,26.73,26.73,27.22,27.05,27.22,27.05,27.13,27.22,26.96,27.13,27.22,26.89,27.22,26.80,26.56,26.89,27.13,26.73,26.89,26.89,27.05,26.73,27.13,26.80,26.64,26.96,26.89,26.64,27.05,27.29,26.96,26.80,26.73,27.05,27.13,27.53,27.13,27.13,26.89,26.80,26.96,26.73,26.96,27.29,26.56,27.13,26.96,26.80,27.05,26.89,26.80,26.64,26.64,26.80,26.96,26.96,27.36,26.96,26.89,26.89,27.05,26.89,26.80,27.13,26.80,26.96,26.56,26.80,26.80,26.73,27.05,26.80,26.80,27.13,26.89,26.80,26.89,26.96,26.96,26.64,26.96,26.56,26.80,26.96,26.80,27.05,26.73,26.80,26.89,26.89,26.80,26.96,26.73,26.73,26.56,26.89,26.73,27.13,26.56,26.80,26.80,26.80,26.73,26.89,26.89,26.73,27.13,26.96,26.56,26.23,26.80,26.80,26.64,26.56,26.73,26.80,26.80,26.96,26.89,26.80,26.89,26.73,26.80,26.73,26.89,26.80
26.80,26.89,26.80,26.73,26.89,26.64,27.05,26.89,26.56,26.80,26.96,26.73,26.80,26.73,26.73,26.73,26.80,26.73,26.56,27.05,27.22,26.47,26.73,26.80,26.56,26.64,26.64,26.56,26.73,26.80,26.73,26.89,26.80,26.64,26.80,27.05,26.56,26.64,26.89,26.56,26.96,27.29,26.80,26.31,26.96,27.22,26.73,27.36,26.56,26.73,27.22,27.13,26.73,26.89,26.89,26.80,26.80,26.80,26.73,26.96,27.22,27.13,26.89,26.64,26.80,26.96,27.22,26.96,27.29,26.89,26.96,26.89,27.05,27.22,27.05,26.80,26.73,26.89,26.47,26.89,26.80,27.22,26.73,26.96,26.89,27.29,26.80,26.96,27.29,26.80,26.73,26.89,26.80,27.05,27.22,26.89,27.29,26.64,26.89,27.13,26.80,27.22,27.29,26.64,27.05,26.96,27.13,26.80,26.80,26.96,27.13,26.73,27.05,26.73,26.73,26.64,26.73,26.80,27.22,27.13,26.73,27.22,26.96,27.05,27.13,27.05,26.73,27.13,26.56,27.05,26.96,27.05,27.05,26.73,26.80,27.13,27.13,26.80,26.96,27.05,27.29,26.89,27.29,26.73,27.22,27.13,27.29,27.05,26.80,26.80,26.96,27.05,26.89,27.13,27.13,26.96,27.22,27.13,27.05,27.13,26.56,27.05,27.22,26.80,27.05,27.22,27.05,27.85,27.13,27.29,27.36,27.36,27.29,27.13,27.05,27.36,27.53,27.05,26.96,27.45,27.62,27.13,27.22,27.22,27.36,27.36,27.53,27.22,27.69,27.85,27.76,27.92,27.53,27.53,28.00,28.00,28.30,28.23,28.70,28.39,28.39,28.30,28.30,27.92,27.92,27.62,27.92,27.92,28.00,28.00,27.92,27.36,27.36,27.36,27.92,27.85,27.85,27.53,27.76,27.36,27.29,27.22,27.05,27.13,27.13,27.22,27.36,27.05,26.96,27.29,27.36,27.22,27.05,26.64,27.13,26.89,27.13,26.96,26.89,27.05,27.22,27.22,26.64,26.96,26.96,26.80,26.64,26.96,26.73,27.13,26.73,27.05,27.05,27.05,26.64,26.96,26.89,27.36,26.56,27.22,27.13,27.05,26.96,27.05,26.80,27.22,26.96,27.05,27.22,26.73,27.13,26.96,27.05,27.13,26.96,26.47,27.13,27.36,27.29,26.80,26.80,27.05,26.89,26.73,26.80,26.89,26.73,27.05,26.80,26.89,26.56,27.13,27.13,27.29,27.05,27.22,26.89,27.22,26.89,27.22,26.80,27.13,26.73,26.80,26.89,26.89,26.80,27.13,26.64,27.05,26.96,27.05,26.89,26.73,26.89,27.05,26.80,26.89,27.22,26.73,26.73,26.89,26.56,26.80,26.96,26.80,26.80,26.80,26.64,26.73,26.80,27.29,26.80,26.80,27.29,27.45,26.64,26.80,26.56,26.56,26.80,26.89,26.96,27.05,27.13,26.80,26.89,26.89,27.13,26.56,26.96,26.89,26.96,26.64,26.73,26.73,26.73,26.73,26.47,26.80,27.13,27.13,26.89,26.73,26.56,26.80,27.05,26.80,26.80,27.36,27.05,26.64,26.89,26.73,27.22,26.80,26.73,26.89,26.64,26.73,26.64,26.80
26.89,26.80,26.73,26.73,26.80,26.64,26.73,26.73,26.89,26.80,26.96,26.80,26.80,26.73,26.56,26.96,26.89,26.56,26.89,26.80,26.96,26.89,26.89,27.13,26.64,27.13,26.31,26.73,27.22,26.80,26.96,26.80,26.73,27.13,26.80,26.56,26.96,26.64,27.05,26.73,27.22,26.80,26.80,26.80,26.89,26.80,26.89,26.89,26.80,26.89,27.13,26.73,27.22,26.80,26.80,26.89,26.89,26.89,26.89,27.05,26.64,27.22,26.89,26.56,27.13,26.73,26.73,26.96,26.56,27.05,26.56,26.80,26.56,27.05,26.80,26.80,26.80,26.80,26.96,26.96,26.89,26.64,27.13,26.64,26.89,26.73,27.22,26.73,26.89,27.13,27.13,26.89,27.05,26.40,26.89,27.05,27.13,26.96,27.13,26.73,26.80,27.13,26.64,26.73,27.29,27.13,26.73,27.22,27.22,27.05,26.80,27.29,26.64,26.64,26.73,26.73,26.96,26.73,27.05,26.40,27.13,26.96,27.22,27.05,26.73,26.96,26.73,27.05,26.64,26.73,27.05,27.05,27.13,27.05,27.05,26.89,26.89,27.22,26.64,27.05,26.89,27.36,26.64,26.73,26.89,27.22,26.64,27.22,27.22,27.05,26.73,26.56,27.13,27.13,27.05,26.96,26.96,27.05,27.36,27.22,27.29,27.22,27.05,27.29,27.22,27.29,27.45,27.29,27.29,27.22,27.22,27.22,27.22,27.29,27.29,27.13,27.29,27.45,26.96,27.22,27.22,27.76,27.53,27.13,27.45,27.29,27.29,27.53,27.53,27.92,27.76,27.53,27.85,27.76,27.85,28.09,28.23,28.54,28.91,28.91,28.30,28.70,28.54,28.23,27.76,27.92,27.92,28.09,28.00,27.62,27.85,27.76,27.76,27.22,27.22,27.76,28.00,27.69,27.45,27.76,27.85,27.36,27.76,27.29,26.80,26.96,27.05,27.05,27.05,27.22,27.05,26.96,26.96,27.22,27.05,27.05,27.13,27.13,26.96,26.73,26.96,26.64,27.05,26.73,26.80,26.64,27.22,27.13,26.96,26.96,26.96,26.96,27.05,26.64,27.29,27.05,26.89,27.05,26.73,27.05,26.47,26.56,27.05,26.96,27.13,27.22,27.29,27.29,27.22,26.89,27.05,26.73,26.47,26.96,27.22,26.89,27.13,26.73,27.13,26.96,27.13,26.64,27.05,26.96,27.05,26.80,26.31,26.96,26.80,26.64,27.13,27.53,26.96,26.96,27.13,26.89,26.80,26.64,26.73,26.73,26.80,27.05,26.80,26.80,26.80,27.05,26.73,27.05,26.56,26.80,27.13,26.47,26.64,26.89,26.89,26.73,26.96,26.89,26.56,26.64,26.64,27.13,26.89,26.96,27.13,26.80,26.73,26.96,26.96,27.22,26.80,26.80,26.80,26.80,26.64,26.80,26.64,26.80,26.73,26.96,27.05,26.89,26.80,26.96,26.89,26.80,26.73,27.05,27.29,26.89,26.89,26.80,26.89,26.73,26.96,26.80,26.80,26.64,26.73,26.89,26.89,27.13,26.89,27.13,26.56,26.80,27.13,26.64,27.13,27.05,26.89,27.05,26.89,26.64,27.22,26.73,26.64,26.73,26.89,26.96,26.56,26.89
26.73,26.89,26.64,26.47,26.96,26.89,27.22,26.96,26.89,27.05,27.05,26.64,27.13,27.05,26.56,26.64,26.56,26.73,26.56,26.73,26.56,26.56,26.80,26.64,26.73,26.64,26.96,27.05,26.64,27.05,26.73,26.64,26.96,26.73,26.96,26.80,26.73,26.80,26.73,26.56,26.89,26.80,26.89,26.73,26.64,26.56,26.56,26.80,26.96,26.64,26.56,27.29,26.89,27.13,26.73,27.13,26.89,26.73,26.89,26.47,26.73,26.96,27.13,26.80,26.73,26.89,26.73,27.22,27.22,26.89,27.36,26.89,26.73,26.80,26.89,26.80,26.80,26.64,26.56,26.89,26.80,26.73,26.73,26.64,26.89,26.64,26.80,27.13,27.13,26.80,26.64,26.96,26.73,27.13,27.29,26.96,27.13,26.80,26.80,26.73,26.89,27.22,26.40,26.96,27.13,26.64,26.64,27.05,26.80,27.13,26.80,26.96,27.05,27.13,27.13,26.80,26.96,27.05,27.05,26.96,27.05,26.96,27.05,27.05,27.05,27.05,27.13,26.56,27.29,27.05,27.22,26.73,26.73,26.80,27.05,27.13,27.36,26.96,26.89,26.89,26.73,27.22,26.89,26.73,26.56,26.89,27.05,27.05,26.96,27.05,27.53,27.13,27.13,26.73,26.96,27.05,27.22,26.89,27.22,27.13,27.05,27.36,27.22,27.22,26.96,27.36,27.76,27.69,27.13,27.22,27.45,27.29,27.29,27.22,27.05,27.29,27.05,27.36,26.96,27.13,27.53,27.62,27.45,27.05,27.53,27.53,27.53,27.62,27.85,27.13,27.53,27.62,27.85,27.76,27.92,28.30,28.30,28.46,29.15,28.84,28.39,28.61,28.23,28.23,28.23,28.23,27.85,27.76,27.76,27.45,27.92,27.85,27.36,27.45,27.53,27.45,27.76,27.45,28.09,28.16,27.62,28.16,27.45,27.29,26.96,27.05,27.13,27.29,27.45,26.73,26.80,26.96,27.13,27.05,27.22,27.05,26.96,27.22,26.80,26.96,27.13,26.89,26.73,26.96,26.96,26.96,27.29,26.73,26.80,26.56,26.80,27.13,26.96,26.80,26.56,27.29,27.22,26.80,26.89,26.80,26.89,26.96,26.96,26.96,26.89,26.89,27.13,26.73,27.36,27.05,26.89,27.45,26.64,26.80,27.22,27.05,26.73,27.05,27.29,27.13,26.89,26.56,26.73,26.80,26.73,26.64,27.45,27.13,26.89,26.73,26.73,26.80,27.13,26.96,27.13,26.96,26.96,27.29,26.89,26.89,27.13,27.29,27.13,26.56,27.05,27.22,26.64,26.96,26.89,27.13,27.13,26.73,27.13,26.96,27.13,26.80,27.36,26.80,26.47,26.89,26.64,26.80,26.80,26.80,26.89,27.05,26.80,26.73,27.13,26.89,26.89,27.13,26.80,26.89,26.64,26.56,26.80,26.73,27.05,26.96,26.73,27.05,26.56,26.89,26.73,26.89,26.80,26.56,26.89,26.96,26.64,26.80,26.89,26.73,26.89,27.05,26.89,26.80,26.80,26.47,26.89,26.80,26.73,26.89,26.80,26.64,27.13,27.13,26.56,26.73,26.89,27.13,27.22,26.89,26.89,26.89,26.73,26.73,26.64,26.89,26.73,26.73
26.73,26.89,26.73,26.64,26.80,26.73,26.40,26.73,26.64,26.73,26.80,26.56,26.64,26.89,26.89,27.05,26.89,26.64,26.73,26.89,26.80,26.73,26.96,26.64,26.73,26.64,27.05,26.89,26.80,26.56,26.96,26.64,26.64,26.73,27.29,26.89,26.89,26.80,26.89,26.80,26.80,27.29,26.80,26.96,26.89,26.80,26.80,26.64,27.29,26.89,26.96,26.64,26.80,26.89,26.56,26.73,27.13,26.89,27.22,26.96,26.96,26.96,27.22,27.13,27.13,26.47,26.73,27.22,26.73,27.13,26.89,26.80,26.64,26.56,26.96,27.29,26.80,26.89,26.73,26.80,26.73,26.73,27.22,26.96,26.64,27.13,27.22,27.22,27.05,26.96,26.80,26.56,26.80,27.45,26.80,26.80,26.80,26.80,27.22,26.80,26.89,26.73,26.80,27.22,26.73,26.80,26.40,27.13,26.80,26.96,26.96,26.80,27.22,26.89,26.80,26.96,27.05,26.73,27.22,26.73,26.73,26.80,26.89,27.05,26.89,26.89,26.80,27.05,27.13,27.13,27.13,27.22,26.89,27.05,26.73,26.89,27.05,26.80,27.05,26.96,26.64,26.73,26.96,26.96,26.96,26.89,26.47,27.13,27.29,27.05,26.96,26.96,27.13,26.73,26.89,27.05,26.96,26.89,26.96,27.13,27.05,27.13,27.13,27.22,27.76,28.09,27.92,28.00,27.76,27.45,27.29,27.22,27.69,27.29,27.13,27.22,27.29,27.29,27.45,27.29,27.29,27.05,27.53,27.53,27.29,27.13,27.62,27.22,27.53,27.22,27.62,27.92,28.23,27.62,27.62,28.46,28.54,28.61,29.22,28.77,28.84,28.30,28.84,28.00,28.16,28.00,27.92,27.92,27.53,27.45,27.53,27.45,27.36,26.96,27.29,27.05,27.22,27.29,27.53,27.13,27.62,27.76,27.85,27.62,27.05,26.89,26.64,27.13,27.45,27.29,26.80,27.22,26.89,27.05,27.22,27.05,26.73,26.80,26.96,27.05,27.13,27.05,26.80,26.73,26.96,26.73,26.80,26.64,26.96,26.96,27.13,27.05,26.89,26.89,26.80,26.96,26.73,26.73,26.96,26.80,26.73,27.22,27.13,27.13,26.80,26.89,27.13,26.96,26.64,26.80,26.73,26.89,27.13,27.29,26.73,26.80,26.80,26.73,27.22,27.29,27.45,26.80,27.29,26.73,26.96,26.80,27.22,26.89,27.13,26.96,26.73,26.89,26.96,27.36,26.73,27.05,27.22,26.56,27.13,27.13,26.80,26.73,27.13,26.89,27.05,26.80,27.05,26.73,26.56,26.89,26.96,26.64,27.22,26.96,27.22,27.05,26.89,26.80,27.05,26.96,26.80,26.73,26.64,26.73,26.64,27.13,26.80,26.64,26.96,27.22,27.45,26.96,26.47,27.13,27.05,26.73,26.64,26.64,27.05,26.64,26.89,26.89,26.96,26.56,26.89,27.05,27.29,27.13,26.64,26.89,27.05,26.80,26.40,26.73,26.89,26.73,27.05,26.89,26.47,26.96,27.05,27.22,26.96,27.22,26.89,26.80,26.89,26.47,27.22,26.56,26.89,26.80,26.47,26.73,26.73,26.80,26.56,26.64,26.89,26.73,26.56,26.64
26.64,26.80,26.56,26.73,26.80,26.80,26.56,26.47,26.47,26.80,26.31,26.89,26.64,26.96,26.56,26.64,26.80,26.89,26.73,26.56,26.56,26.47,26.96,26.64,26.31,26.96,26.31,26.89,26.64,26.56,26.80,26.64,26.23,26.64,26.73,26.56,26.96,26.64,26.89,27.29,26.80,27.29,26.73,26.56,27.13,26.64,26.73,26.96,26.80,26.64,26.64,26.56,26.80,27.13,26.96,26.96,26.89,26.56,26.89,26.89,27.13,27.13,27.05,26.64,26.80,27.13,26.73,27.13,27.05,26.73,26.96,26.89,26.89,26.64,26.80,27.05,27.05,27.13,27.05,27.22,26.73,26.56,26.80,27.05,27.13,26.73,27.13,27.22,27.05,27.05,26.89,27.22,27.05,27.05,26.47,27.22,27.22,27.29,27.05,26.40,27.05,27.05,27.13,26.89,27.05,26.89,26.89,26.96,26.73,26.64,26.64,27.22,27.22,26.89,27.05,26.80,27.45,27.05,26.73,26.96,27.13,26.73,26.96,27.05,26.73,26.80,27.13,27.13,26.96,26.96,27.05,27.22,27.29,26.89,27.05,27.13,27.13,26.96,27.05,27.22,26.89,27.05,26.96,27.05,26.80,26.89,27.36,26.96,27.13,26.56,27.13,27.13,26.73,27.22,26.89,27.22,26.96,26.89,27.05,26.96,26.80,27.05,27.05,27.85,28.70,27.69,27.22,27.36,27.22,27.36,27.29,27.45,27.36,27.53,27.45,27.62,27.45,27.45,27.22,27.22,26.96,27.13,27.53,27.29,27.62,27.76,27.53,27.53,27.76,27.53,27.76,28.00,28.00,27.85,28.16,28.61,28.61,28.70,29.66,29.15,28.84,28.70,28.23,27.92,28.23,28.00,28.00,27.62,27.36,27.22,27.69,27.45,27.22,27.05,27.05,27.29,27.22,27.13,27.13,27.22,27.05,27.36,27.45,27.36,26.96,27.05,27.22,27.05,27.05,27.29,26.96,27.05,26.80,26.96,26.47,27.05,27.05,26.96,26.96,26.96,27.13,27.05,27.05,26.56,26.73,26.89,27.22,27.13,27.13,26.89,26.73,27.05,26.96,26.73,26.64,26.80,26.89,26.80,27.13,27.13,27.05,27.22,26.80,27.13,26.96,27.13,26.89,27.05,27.13,26.96,26.96,27.13,27.05,26.96,26.89,26.89,26.89,26.80,27.05,27.05,26.96,27.13,26.89,26.64,26.89,26.89,27.22,26.80,26.96,26.64,26.64,26.80,26.80,27.13,27.05,26.80,26.80,27.45,26.80,26.96,26.89,26.64,26.64,26.89,26.89,27.05,26.80,27.05,27.22,26.80,26.80,26.80,27.13,26.96,26.89,26.89,27.05,26.80,26.64,26.80,26.73,27.05,26.96,26.73,26.80,26.73,26.80,26.89,26.80,26.64,26.89,26.64,26.96,26.96,26.80,26.89,26.64,27.13,26.96,27.13,27.05,26.89,26.80,26.89,26.96,27.22,27.13,27.05,26.89,26.80,26.89,27.13,26.73,26.96,26.80,26.73,26.89,26.80,26.64,26.80,26.89,26.89,26.96,26.80,26.73,26.80,27.05,26.89,26.64,26.80,26.73,27.13,26.56,26.80,27.05,26.80,27.22,26.73,26.73,26.73,26.96,26.73
26.56,26.89,26.64,26.96,26.80,26.73,26.64,26.89,26.64,26.73,26.64,26.73,26.73,26.56,26.80,26.47,26.64,26.80,26.96,26.64,26.89,26.73,26.64,26.80,26.73,26.64,26.73,26.73,26.64,26.80,26.89,26.73,26.89,26.89,26.89,26.73,26.73,26.73,26.56,26.89,27.05,26.56,26.64,27.13,26.89,26.73,26.96,26.73,26.89,26.80,26.80,26.96,26.89,27.13,27.22,26.80,26.73,26.73,26.80,26.80,26.89,26.73,26.80,26.89,26.64,27.13,26.96,26.80,26.80,26.80,26.89,26.64,26.80,26.80,26.80,26.89,27.13,27.05,26.80,27.13,26.73,26.80,26.56,27.05,26.80,26.80,27.05,27.22,26.89,26.73,26.73,26.73,26.73,26.80,27.13,26.80,26.96,27.05,26.96,27.13,26.56,26.64,26.96,27.29,27.22,26.80,26.73,26.73,26.73,26.73,27.05,26.73,26.96,26.64,27.05,27.05,27.05,27.22,27.29,27.22,27.05,26.73,26.96,26.96,26.64,26.64,26.80,27.22,26.80,27.05,27.13,27.05,26.96,27.22,26.96,26.96,26.89,26.89,26.96,27.13,27.05,26.96,27.13,26.73,27.13,26.89,27.13,26.96,26.64,26.89,27.13,27.05,27.05,26.96,26.80,26.73,27.05,26.89,26.89,26.96,27.13,27.22,27.92,29.00,27.36,27.13,26.96,27.13,27.22,27.22,27.45,27.85,27.36,27.22,27.45,27.36,27.13,27.45,27.13,27.36,27.29,27.62,27.53,27.29,27.36,27.76,27.76,27.62,27.76,27.62,27.45,27.62,28.09,27.85,28.09,28.77,29.15,29.22,29.36,29.36,28.91,29.00,28.70,28.70,28.77,28.23,27.92,27.92,27.62,27.76,27.36,27.45,27.29,27.13,27.13,26.96,26.96,27.29,26.89,27.29,27.29,27.45,27.92,27.53,26.73,27.05,27.22,27.13,27.13,27.05,26.89,26.96,26.89,27.13,27.29,26.89,27.22,27.05,27.22,27.05,26.80,26.89,27.22,27.05,26.73,27.05,26.89,27.05,26.96,27.22,27.22,27.22,26.64,26.96,27.13,27.13,26.96,27.05,27.13,26.73,26.73,27.05,26.89,27.13,26.89,27.22,27.13,26.80,27.29,26.96,26.96,26.64,27.13,26.96,27.22,26.73,26.73,27.13,27.13,27.13,27.13,27.22,26.89,26.80,26.73,26.89,26.80,27.05,26.89,26.73,26.89,27.13,26.89,26.64,26.73,26.89,26.64,26.73,26.89,26.80,27.13,26.56,27.22,26.96,27.22,26.96,26.80,26.96,26.73,26.96,26.89,26.64,26.80,26.73,26.89,26.89,27.22,26.64,26.56,26.80,26.96,27.05,26.64,26.56,27.22,26.89,26.73,26.73,26.89,26.80,26.80,27.05,26.89,26.80,26.64,26.64,26.64,26.23,26.73,26.96,27.36,26.96,26.89,26.89,26.64,26.64,27.13,26.89,26.89,26.73,26.56,27.05,26.40,26.73,26.56,27.13,26.89,26.47,26.56,26.73,26.80,26.73,26.96,26.73,26.80,26.80,26.80,26.73,26.96,26.56,26.56,26.96,26.89,26.89,26.64,27.05,26.80,27.22,26.64,26.89,26.80,26.47
26.96,26.73,26.40,26.96,26.73,26.73,26.64,26.73,26.73,26.80,26.73,26.73,26.64,26.73,26.64,26.80,26.80,26.64,26.64,26.73,26.73,26.80,26.73,26.80,26.31,26.80,26.73,26.89,26.73,26.80,26.80,26.56,26.64,26.40,26.89,27.05,26.89,26.64,26.89,26.80,26.80,26.80,26.89,26.80,26.56,26.73,27.13,26.73,26.73,26.80,27.29,26.56,27.05,26.56,27.13,26.89,27.22,26.73,27.05,26.80,26.96,26.73,26.89,26.96,26.96,27.22,27.13,26.96,26.89,26.64,26.64,26.56,26.80,26.80,27.13,27.13,26.73,26.80,26.47,26.80,27.13,26.56,26.47,26.73,26.80,27.05,26.89,26.96,26.89,26.56,26.80,26.73,26.73,27.22,26.64,26.80,27.13,27.13,27.05,26.64,26.73,27.29,26.64,26.80,26.64,26.80,26.89,27.13,26.96,27.22,26.64,26.80,27.22,26.64,27.13,26.89,27.05,27.05,26.96,27.05,26.96,27.22,26.96,26.96,26.73,27.05,26.96,27.05,26.89,27.05,27.05,27.05,27.05,27.13,26.96,27.05,27.05,26.89,26.89,26.96,26.96,27.05,26.96,27.13,26.96,26.96,26.89,26.96,27.13,26.96,27.29,26.96,26.89,27.05,27.22,27.36,27.13,27.13,27.13,27.05,26.89,27.36,29.45,27.85,27.29,27.22,27.05,27.36,27.05,27.05,27.29,27.22,27.22,27.29,27.36,27.45,27.53,27.36,27.53,27.69,27.13,27.29,27.29,27.53,26.96,27.29,27.92,27.45,27.69,27.29,27.76,27.92,28.09,28.23,28.23,28.70,28.84,29.36,30.18,29.87,29.59,29.36,29.15,28.77,28.77,28.09,28.16,27.62,27.53,27.53,27.62,27.13,27.53,27.22,27.05,27.22,27.05,27.05,26.89,26.96,27.36,27.53,27.53,27.36,26.73,27.05,26.73,26.80,26.73,26.73,27.22,27.13,27.13,27.29,27.22,26.96,27.13,27.22,27.05,26.73,26.89,26.80,27.22,27.45,27.05,26.96,27.13,26.89,27.13,27.13,27.13,26.80,26.56,27.13,27.05,26.89,26.96,27.22,26.96,26.64,26.96,26.80,26.96,26.73,26.64,26.96,26.80,27.13,26.96,26.73,27.13,26.64,26.96,26.73,26.56,26.96,27.45,26.64,26.73,26.23,26.80,27.29,26.89,26.40,27.13,27.13,27.05,27.05,26.64,27.05,26.89,26.80,26.80,26.96,26.80,26.73,27.22,26.96,26.64,27.13,26.73,26.47,26.80,26.80,26.73,27.22,26.89,26.96,26.96,27.13,27.29,27.13,26.80,26.64,26.80,26.80,27.29,27.05,26.96,26.56,27.05,27.05,26.80,26.64,26.80,26.47,26.80,26.56,26.80,26.56,27.13,26.96,26.89,27.22,26.89,27.36,26.64,27.13,26.89,27.05,26.80,27.22,26.64,26.80,26.80,26.47,27.05,26.56,26.89,26.80,26.89,27.05,26.73,27.22,26.73,26.56,26.64,26.96,26.80,26.80,26.89,26.73,27.29,26.64,26.73,27.22,26.96,26.56,26.80,26.89,26.80,26.64,26.47,26.80,26.96,26.96,26.64,26.80,26.73,26.89,26.23,26.56
26.89,26.64,26.96,26.80,26.89,26.73,27.05,26.96,26.64,26.73,26.89,26.80,26.96,26.89,26.56,26.56,26.80,26.80,26.89,26.89,26.73,26.89,26.73,26.73,26.89,26.96,27.22,26.73,26.89,26.96,26.80,26.64,27.05,27.22,26.73,26.96,26.96,26.73,26.64,26.73,26.89,27.13,26.89,26.89,26.80,26.64,26.89,26.80,26.80,26.64,27.22,27.29,26.80,26.56,26.64,27.05,26.64,27.05,26.80,26.47,26.89,27.45,26.96,26.96,26.73,26.89,27.22,27.13,26.73,26.80,26.80,26.80,26.89,26.80,26.89,26.56,26.64,26.89,26.73,27.22,27.29,26.96,26.56,26.96,26.80,26.73,27.05,26.64,26.73,26.73,27.05,27.13,27.13,27.13,26.80,26.73,26.96,26.96,26.64,26.80,26.80,27.13,26.80,26.40,26.96,27.05,26.96,26.96,26.96,26.89,26.64,26.73,26.96,26.89,27.22,26.73,27.13,26.73,26.89,27.13,26.96,27.05,26.89,26.96,26.73,26.73,27.13,27.13,27.13,26.96,27.13,26.96,26.96,26.73,27.05,26.89,27.05,26.73,27.13,27.13,27.05,27.29,27.05,26.96,26.89,27.05,26.89,26.64,26.96,26.89,27.22,27.05,26.89,27.13,26.89,27.22,27.13,26.96,27.05,27.13,26.89,27.53,27.85,27.13,27.05,26.96,26.96,27.13,26.96,27.29,27.36,27.22,27.45,27.53,27.45,27.92,27.85,27.45,27.45,27.22,27.22,27.29,27.36,27.36,27.53,27.76,27.36,27.62,27.92,27.76,27.62,27.92,27.92,28.30,28.61,28.70,29.07,29.45,29.95,30.02,29.87,29.73,29.07,29.15,28.61,28.54,28.30,28.39,27.85,27.36,27.53,27.53,27.36,27.36,27.29,27.22,26.96,27.22,27.13,27.29,27.36,27.53,27.22,27.05,27.22,26.89,27.05,27.05,26.96,26.80,26.89,26.96,27.05,27.29,27.22,26.56,26.89,27.22,27.13,27.13,27.05,27.13,26.80,27.13,26.56,26.80,26.73,27.13,27.22,26.73,26.89,26.80,26.96,27.22,26.80,26.64,26.89,26.73,27.22,26.96,26.96,26.96,26.96,26.96,26.89,27.05,26.96,26.96,27.22,27.29,26.80,27.13,27.29,26.80,26.96,26.96,27.13,27.05,27.13,27.29,27.29,27.22,26.89,26.89,26.73,26.64,26.89,26.80,26.73,26.80,27.13,27.13,26.96,27.22,26.73,26.80,27.13,27.22,26.80,26.80,26.80,27.05,26.64,27.05,26.80,26.47,27.13,27.22,26.64,26.80,26.47,26.89,27.13,26.89,27.13,26.96,26.96,27.29,26.73,26.89,26.96,26.96,27.22,26.89,26.80,27.13,27.22,26.96,26.96,26.80,27.05,27.13,26.80,27.22,26.80,26.96,27.05,26.64,26.56,26.80,26.73,26.80,26.80,26.80,26.80,26.73,27.13,26.73,26.73,27.05,27.29,27.13,26.80,26.64,26.80,27.05,26.47,26.73,27.05,26.89,27.29,26.73,26.89,26.64,26.64,26.47,26.73,26.56,26.89,26.89,26.64,27.05,26.56,26.47,26.56,26.73,27.22,26.80,26.80,26.40,27.13,26.56
26.64,26.89,27.29,26.96,26.89,26.80,26.89,26.89,27.22,26.80,26.73,27.05,27.05,26.56,26.80,27.05,26.80,26.31,26.31,26.64,26.73,26.64,26.80,26.80,26.64,26.47,26.73,26.64,26.73,26.96,26.89,27.22,26.64,26.89,26.80,26.73,26.80,26.80,26.80,26.89,26.64,26.96,26.64,26.80,26.73,27.05,26.80,26.73,26.80,26.96,27.05,27.05,26.96,26.80,27.22,26.89,26.56,26.64,26.89,27.22,26.89,27.22,26.73,26.89,26.73,26.64,27.05,27.13,27.13,27.22,26.96,26.80,26.64,27.29,26.80,26.47,26.89,26.56,26.73,26.89,26.73,26.96,26.40,26.96,26.64,26.80,26.80,26.56,26.89,27.05,26.96,26.89,26.73,26.80,26.89,26.64,26.80,26.40,27.22,26.96,26.80,26.73,26.73,26.96,27.05,26.64,26.89,26.96,27.13,26.64,26.64,27.13,27.22,26.64,26.73,26.96,27.22,26.40,27.05,27.05,26.96,26.96,26.89,27.13,27.13,27.05,27.05,27.13,26.80,27.13,27.05,26.89,26.64,26.96,26.89,26.89,26.96,26.73,27.05,26.96,26.89,26.56,26.96,27.13,27.05,27.05,27.13,26.89,26.89,27.22,26.96,26.64,26.80,26.96,26.89,26.73,26.96,26.80,27.22,26.96,27.13,26.96,26.89,27.62,27.22,26.73,26.96,27.45,27.29,27.13,27.45,27.13,27.29,27.76,27.85,28.16,28.16,27.92,27.29,27.62,27.36,27.36,27.36,27.13,27.29,27.29,27.45,27.53,27.36,27.22,27.53,27.76,27.62,28.23,28.16,28.91,29.07,29.80,30.39,30.39,30.67,30.18,29.87,29.07,29.15,28.70,28.09,27.92,27.92,28.00,27.85,27.36,27.92,27.13,27.22,27.13,27.29,26.96,27.45,27.13,27.45,27.62,27.05,27.45,27.29,26.96,27.13,26.96,27.13,27.13,27.13,27.29,27.53,26.96,26.96,27.29,27.22,26.89,27.29,26.96,26.73,26.80,27.05,26.96,26.64,26.96,26.80,27.13,27.36,26.56,27.05,27.05,26.80,26.96,27.05,26.80,27.05,26.80,27.36,27.13,26.73,26.56,26.89,27.05,26.89,27.05,26.80,26.64,26.73,26.96,27.13,26.80,26.96,27.05,26.96,26.96,27.05,27.05,26.96,27.05,26.73,26.96,26.73,27.13,26.96,27.22,27.05,27.22,26.96,26.96,26.80,27.13,26.73,26.56,26.89,27.05,27.05,26.64,26.73,27.22,26.64,26.73,26.73,26.89,26.96,27.05,26.64,26.56,27.13,27.13,26.64,27.22,26.80,26.80,27.36,26.80,26.64,26.40,27.13,26.89,27.36,27.05,27.13,26.73,26.89,27.13,26.89,26.89,27.29,26.96,26.89,26.80,26.89,26.73,26.96,26.80,26.89,26.96,26.56,26.80,27.13,26.73,26.64,27.05,26.80,26.80,26.64,26.89,26.89,27.36,26.89,27.13,27.05,26.73,26.64,26.64,26.56,26.40,27.22,27.13,26.64,26.64,26.96,26.47,26.80,26.56,26.64,27.05,26.47,26.89,26.89,27.29,26.73,26.40,26.64,26.80,26.89,26.47,26.89,26.31,26.80,26.64
26.96,26.73,27.05,26.73,26.89,27.05,26.56,26.80,26.80,27.05,26.64,26.96,26.96,26.64,26.80,26.56,26.64,26.73,26.89,26.89,26.64,26.96,26.96,26.64,27.22,26.96,26.73,26.73,26.96,26.89,26.96,26.47,26.73,26.47,26.80,26.80,27.13,26.73,26.73,26.80,26.73,26.56,26.56,26.73,26.56,26.73,26.89,27.29,26.73,26.80,26.73,27.22,26.56,26.73,26.89,26.89,26.56,26.89,26.80,27.13,27.05,27.29,26.89,27.13,26.73,26.73,27.13,26.73,27.13,26.80,26.64,26.96,26.89,26.73,26.80,26.47,26.80,26.80,27.13,26.80,27.05,26.23,26.47,26.96,27.13,26.89,27.05,26.80,26.56,26.96,27.22,26.96,27.05,27.13,26.31,26.47,26.96,27.13,26.64,26.64,26.96,26.80,26.80,26.96,26.80,27.05,27.05,26.73,27.13,27.13,26.73,26.80,27.36,26.73,27.13,26.96,27.05,26.89,26.73,26.80,27.13,26.80,27.22,26.73,26.56,26.96,26.56,26.96,26.73,27.05,26.31,27.13,27.05,26.96,26.89,26.80,27.05,27.45,26.56,26.73,26.64,27.29,26.73,27.29,26.96,27.05,26.89,26.96,27.22,27.22,26.96,27.22,27.05,26.89,26.96,27.13,27.05,26.96,26.73,26.89,27.05,27.05,26.80,26.64,26.73,26.64,26.89,27.05,27.22,27.22,27.29,27.05,27.76,27.85,29.59,33.94,28.39,28.16,27.69,27.45,27.29,28.00,27.53,27.29,27.13,27.29,27.45,27.36,27.53,27.85,28.00,27.69,28.00,28.61,28.70,29.00,29.73,30.53,31.29,32.11,31.36,31.22,30.67,30.02,29.45,28.70,28.77,28.30,28.09,27.92,27.36,27.53,27.29,27.05,27.36,27.69,27.05,26.89,27.45,27.53,27.45,27.29,26.80,26.96,27.22,27.22,27.05,26.89,27.36,26.89,27.05,27.45,27.22,27.13,27.13,27.22,27.05,27.22,26.73,27.05,27.13,26.80,26.89,27.05,26.73,27.05,26.80,26.96,26.31,26.80,27.05,27.05,26.80,26.47,26.80,26.96,26.73,26.56,26.89,27.13,26.80,27.13,26.96,26.73,27.05,27.22,27.22,27.05,26.89,27.13,26.80,26.96,26.89,26.89,26.96,26.80,26.80,26.96,26.96,26.73,26.73,26.96,26.73,26.80,27.13,26.73,27.05,26.80,26.80,27.13,26.64,27.22,26.89,26.96,27.05,27.29,27.13,26.73,26.89,27.05,26.89,26.73,27.05,26.80,26.73,27.22,26.73,26.89,26.73,26.56,27.29,26.96,26.80,26.80,27.13,26.89,27.05,26.64,27.22,26.89,26.89,26.47,27.05,26.89,26.89,26.89,26.56,26.89,26.64,26.89,27.29,27.36,27.13,26.80,26.56,27.13,26.73,27.05,26.64,26.80,26.64,26.80,26.80,27.13,26.89,26.89,26.56,26.96,26.89,26.89,26.64,27.05,26.80,26.56,26.64,27.05,26.80,26.80,26.40,26.64,26.89,26.80,26.89,26.80,26.80,26.73,26.73,26.89,26.56,26.73,26.73,26.73,26.64,27.05,26.96,26.40,26.80,26.80,26.64,26.96,26.47,26.96
27.05,26.73,26.64,26.89,26.73,26.89,26.96,26.89,26.80,26.64,26.89,26.64,26.73,26.89,26.73,26.73,26.80,26.56,26.64,26.73,26.80,27.13,26.80,26.73,26.89,26.96,26.64,26.89,26.89,26.89,26.47,26.80,26.80,26.96,26.89,26.64,26.80,26.89,26.96,27.13,26.80,26.80,26.64,26.89,26.47,26.80,26.80,26.89,26.80,26.96,26.73,26.73,27.29,26.89,27.13,26.73,26.80,26.64,27.22,26.64,26.89,26.73,26.80,26.89,26.73,26.80,26.73,26.89,26.80,26.80,26.80,26.80,26.64,26.89,26.73,26.80,27.22,26.89,26.73,26.89,27.13,26.80,26.96,26.56,26.96,26.89,26.40,26.96,26.80,26.80,27.05,27.05,26.73,26.56,26.80,26.56,26.89,26.89,26.80,27.05,26.89,26.89,26.89,27.05,26.96,26.73,27.13,27.13,27.05,27.29,26.73,26.96,26.89,26.96,27.29,26.96,26.89,26.89,26.64,27.05,26.73,26.64,26.73,27.13,27.05,26.96,26.89,26.64,26.96,26.96,26.56,26.96,26.96,26.73,26.89,26.73,26.73,26.89,27.22,26.56,27.13,26.64,26.96,27.05,27.13,27.22,26.89,27.05,27.05,26.96,27.22,26.96,27.05,27.22,27.13,27.05,27.13,27.22,26.89,27.13,26.73,26.89,27.13,27.13,26.89,27.05,26.89,26.80,27.29,27.53,27.36,27.53,27.36,27.76,30.02,34.64,29.59,28.30,27.53,27.53,27.45,27.13,27.36,27.45,27.45,27.22,27.76,27.92,27.45,27.69,27.62,28.23,28.16,28.16,28.84,29.66,30.74,31.57,32.72,33.42,33.30,32.91,31.85,30.60,29.87,29.15,28.77,28.46,28.09,27.92,28.00,27.36,27.29,27.53,27.29,26.89,26.96,27.29,26.96,27.45,27.29,27.13,27.22,27.29,27.22,27.05,27.05,26.89,27.05,27.05,27.22,26.89,27.22,26.80,26.96,27.05,26.96,27.22,27.05,26.73,27.05,27.05,27.29,27.05,26.73,27.13,26.96,27.13,26.96,27.13,26.64,26.89,27.05,27.29,26.96,26.96,27.05,26.96,27.13,26.96,27.29,27.22,26.80,26.80,27.05,26.56,27.13,26.80,26.73,26.96,26.96,26.64,27.05,26.80,26.89,26.96,26.80,26.96,26.80,26.73,26.73,27.13,27.13,26.73,26.96,26.80,26.80,26.40,26.73,26.96,26.80,27.13,27.22,26.73,27.13,26.73,26.64,26.73,26.64,27.05,26.73,26.96,26.56,26.96,26.80,26.73,26.96,26.96,26.80,26.96,26.96,26.73,26.64,26.73,27.13,27.36,26.56,26.64,26.80,26.96,27.13,27.05,26.89,26.96,26.73,26.64,26.89,26.64,27.22,26.80,26.80,26.89,26.73,26.73,26.80,26.89,26.73,26.80,26.64,27.05,26.80,26.73,26.80,27.05,26.80,26.89,26.96,27.05,26.80,26.64,27.05,26.56,26.80,26.96,26.89,26.89,26.89,26.64,26.80,27.05,26.73,26.47,27.13,26.64,26.80,26.56,26.64,27.05,26.31,27.05,26.73,26.89,26.64,26.64,26.80,26.47,26.80,26.96,27.13,26.64,26.73,26.80
26.40,26.47,26.96,26.80,26.31,26.89,26.56,27.05,26.56,26.96,26.80,26.80,26.64,26.89,26.96,26.89,26.73,26.64,26.73,26.64,26.73,26.80,26.96,26.73,26.47,26.73,26.73,26.96,26.73,26.56,26.47,26.56,26.64,26.80,26.89,26.96,26.96,26.89,26.89,26.80,26.89,26.56,26.73,26.89,26.73,26.80,27.22,26.89,26.96,26.80,26.96,26.80,26.96,26.73,27.13,27.13,27.29,26.64,26.96,26.96,26.73,26.56,26.56,26.96,26.73,26.64,26.47,26.80,26.80,26.80,26.56,26.73,27.29,27.13,26.89,26.89,27.13,27.05,26.80,26.64,26.80,26.73,26.56,27.13,26.47,26.80,27.05,26.80,27.13,26.64,26.64,27.05,26.89,26.73,26.64,26.64,27.13,27.05,27.22,27.13,27.05,26.89,27.22,26.96,26.56,26.56,26.80,26.73,26.73,27.13,26.80,26.73,27.13,26.96,26.80,27.13,27.36,26.64,26.96,26.47,26.73,26.73,27.05,26.80,27.13,26.89,27.13,27.13,26.73,26.80,26.96,27.13,26.64,26.96,27.22,26.64,26.89,26.89,27.05,27.13,26.89,26.89,26.80,27.29,26.96,26.96,26.96,26.73,27.05,26.89,26.56,27.13,26.89,26.89,27.13,26.96,27.13,26.73,26.89,27.13,26.80,26.96,27.22,27.29,26.96,27.29,27.22,26.80,27.29,27.29,27.29,27.13,27.76,27.62,28.00,28.23,27.76,28.30,28.09,27.92,27.92,27.53,27.36,27.53,27.36,27.45,27.22,27.29,27.29,27.45,27.53,28.00,28.00,28.54,28.91,29.95,31.15,33.23,35.19,36.52,36.28,35.07,33.75,31.92,30.81,29.87,29.07,28.70,28.09,28.09,27.69,27.62,27.36,27.45,27.62,27.29,27.53,27.13,27.36,27.53,27.29,27.05,27.22,27.05,27.05,27.29,26.89,27.05,27.36,26.96,26.96,26.96,26.89,27.05,27.05,26.96,27.22,26.96,27.22,27.05,26.96,26.80,26.56,27.13,27.05,26.96,26.56,27.13,27.05,27.13,27.13,27.05,26.80,27.22,26.73,26.73,26.96,27.13,26.73,27.22,26.89,26.64,27.05,26.89,26.96,26.64,26.73,26.80,27.22,27.13,26.80,26.80,27.29,26.73,26.64,26.96,27.13,27.05,27.13,26.64,27.22,27.05,26.73,27.05,26.89,27.05,27.22,27.22,27.13,27.05,26.96,26.80,26.89,27.13,27.05,26.73,27.13,27.22,26.73,27.05,26.56,26.40,27.13,26.80,26.73,26.80,26.80,26.80,26.89,26.73,26.47,26.80,26.64,26.40,26.47,26.80,26.56,27.05,26.89,26.96,27.29,26.47,26.56,27.13,26.80,26.56,26.89,27.13,26.80,26.73,27.05,26.80,26.89,26.56,26.80,26.73,26.89,26.80,26.64,26.80,26.96,26.89,26.96,27.29,26.96,26.89,26.64,26.73,26.89,27.13,26.64,26.80,26.96,26.56,26.64,26.31,26.80,26.89,27.29,26.40,26.80,26.73,26.96,26.64,26.64,26.64,26.64,26.89,26.96,26.80,27.13,26.56,27.13,27.22,26.89,26.80,26.56,27.05,26.47,26.89,26.80,26.96
26.56,27.05,26.80,26.96,26.89,27.05,26.56,26.96,26.96,26.56,26.80,26.89,26.89,26.96,26.64,26.96,26.73,26.96,27.05,26.96,26.64,26.89,26.64,26.80,26.96,27.29,26.80,27.13,26.80,26.89,27.22,26.80,26.73,27.05,26.73,26.64,26.73,26.73,26.80,26.80,27.22,26.73,26.73,26.47,27.13,26.64,26.89,26.80,27.13,26.40,27.13,26.96,26.64,26.80,26.80,27.13,26.89,26.80,27.22,27.13,26.96,26.80,27.29,27.13,27.13,26.73,26.73,27.13,26.64,27.13,26.73,27.13,26.80,27.05,26.64,27.05,27.05,27.13,26.73,26.73,26.64,26.73,27.13,26.73,26.64,26.73,27.22,26.96,27.05,26.96,27.36,27.13,26.73,26.73,26.64,27.05,27.05,26.96,27.05,27.05,26.73,27.22,27.22,27.36,26.89,27.13,27.22,26.96,27.22,26.80,27.13,27.13,26.73,26.96,27.22,26.89,27.05,27.05,26.96,27.05,26.96,27.22,27.05,27.22,26.96,27.29,26.89,26.73,26.80,26.80,27.13,27.13,26.80,26.89,26.96,26.96,27.05,27.05,26.96,27.13,26.64,26.56,27.22,27.22,26.96,26.89,26.89,26.89,27.13,26.96,27.05,26.89,27.05,26.96,26.96,26.89,26.73,27.05,27.13,26.89,27.05,27.22,27.13,27.05,26.73,26.89,27.22,27.22,27.29,27.36,27.53,27.45,27.22,27.53,27.36,27.13,27.53,27.29,27.36,27.29,27.29,27.85,28.00,27.76,27.53,27.85,27.45,27.29,27.69,27.76,27.76,28.16,28.23,28.91,29.29,30.32,32.65,36.03,97.36,125.30,120.76,91.96,36.52,33.94,31.78,30.25,29.66,28.91,28.30,27.92,27.92,27.85,27.85,27.36,27.29,27.36,27.29,27.45,27.62,27.29,27.29,27.13,26.89,27.29,27.22,26.89,27.29,27.05,26.80,26.73,27.05,27.22,27.05,26.80,26.56,26.89,27.05,27.13,26.80,26.80,26.96,26.89,27.22,26.64,27.05,26.64,26.80,26.73,26.96,26.80,26.80,26.96,26.96,26.80,26.96,27.13,27.13,26.64,26.96,26.64,26.89,26.89,26.56,27.22,27.05,27.22,27.22,26.96,26.47,27.13,27.05,27.05,26.73,26.73,26.73,26.47,26.73,27.13,26.96,26.80,27.05,26.89,26.73,27.05,27.05,26.96,27.13,26.89,27.05,27.05,26.64,26.96,26.64,26.73,26.64,26.80,26.80,27.13,27.05,27.05,26.80,26.56,27.22,26.73,26.80,26.80,27.13,26.73,27.22,27.22,26.96,26.96,26.80,26.47,26.56,26.64,26.47,27.05,27.05,26.96,26.96,26.89,27.13,26.80,26.89,26.80,26.56,27.05,26.80,26.56,26.80,27.05,26.80,27.05,27.05,26.80,26.80,27.05,26.73,26.96,26.73,27.36,26.56,26.89,26.96,27.13,27.13,26.96,26.80,27.29,26.80,26.96,26.80,27.05,27.22,27.05,27.13,26.96,27.22,26.89,26.64,26.80,26.73,26.73,26.80,26.56,26.73,27.13,26.89,27.29,26.80,27.13,26.89,26.64,26.64,26.89,27.22,27.13,26.47,26.96,26.56,26.47
26.96,27.05,26.73,26.64,26.73,26.73,26.64,26.89,26.31,26.73,26.64,26.64,27.13,26.96,26.23,26.80,26.96,26.56,26.47,26.96,26.73,26.80,26.64,26.80,26.89,26.80,26.56,26.80,26.80,27.05,26.80,26.56,26.64,26.64,26.80,27.05,26.89,27.13,26.64,26.73,27.36,26.89,26.64,26.96,27.22,26.64,26.89,26.89,26.56,26.73,26.73,27.22,26.73,26.73,26.80,26.80,27.22,26.89,27.05,26.80,26.73,26.80,26.73,26.96,26.89,26.64,26.73,26.80,26.80,26.80,27.13,27.22,26.73,26.64,27.22,26.89,26.80,26.40,26.96,27.22,26.47,27.05,26.73,26.64,26.73,26.96,26.56,27.05,26.64,27.13,26.40,27.05,26.73,26.73,27.22,27.05,27.05,27.13,27.05,26.96,27.13,26.73,27.05,27.22,26.89,26.80,27.22,26.89,26.80,26.96,27.13,26.96,26.96,26.96,26.89,27.22,26.89,26.96,27.22,26.96,26.56,26.73,26.73,26.73,26.96,27.05,26.80,26.80,26.89,26.89,26.64,27.05,27.05,27.29,26.96,26.96,26.96,26.96,26.64,27.13,26.96,26.96,26.56,26.96,27.05,26.89,26.80,26.89,27.13,27.05,26.80,27.36,26.89,26.89,27.22,26.89,27.22,26.89,26.73,27.05,27.13,26.64,27.13,27.13,26.96,27.36,27.05,27.13,26.96,27.36,27.45,27.05,27.36,27.29,27.62,27.36,27.22,27.22,27.22,27.45,27.36,27.29,27.29,27.45,27.29,27.76,27.36,27.85,27.76,28.09,27.85,28.16,28.23,28.77,29.45,31.22,33.87,117.05,297.38,265.24,209.62,169.90,113.97,42.07,33.42,31.09,29.59,28.91,28.00,27.92,28.00,27.62,27.62,27.29,27.53,27.22,27.36,27.22,27.05,26.96,26.96,27.29,27.22,27.29,27.13,27.22,26.89,26.64,26.73,26.96,26.73,27.05,27.05,27.05,27.13,27.05,26.96,27.05,26.56,27.05,26.96,26.96,27.22,27.22,27.05,27.13,27.13,26.96,26.96,26.96,26.89,26.64,26.73,26.80,27.05,26.96,27.29,26.96,27.05,27.13,26.96,26.80,26.80,27.13,26.80,26.64,26.56,26.89,27.05,27.22,26.56,27.45,26.80,26.96,26.80,27.13,26.89,26.56,26.80,27.05,27.22,26.47,26.96,26.73,26.89,26.73,27.05,27.05,26.80,27.22,27.29,26.96,26.73,26.73,26.96,27.13,26.56,26.80,26.64,27.13,26.56,26.89,26.89,26.96,26.56,27.05,26.56,27.13,27.05,26.73,26.73,26.89,26.80,26.73,27.22,26.89,26.47,26.89,26.80,26.89,27.29,26.56,26.73,26.89,27.05,26.64,27.13,26.40,27.13,26.89,26.96,26.64,26.73,26.96,27.29,26.64,26.80,27.13,26.80,26.89,26.64,26.56,26.96,26.89,27.05,27.13,26.64,26.80,26.73,26.56,26.73,26.80,26.73,26.89,27.05,26.73,26.40,26.64,26.64,27.05,26.56,26.89,27.13,26.80,27.29,26.73,26.64,26.56,26.89,26.80,26.64,26.73,26.80,26.80,26.80,27.22,27.05,27.13,26.73,26.56,26.80,26.73
26.40,26.64,26.80,26.89,26.64,26.80,26.89,26.64,26.80,26.89,26.89,26.47,26.80,26.89,26.56,26.47,26.80,26.56,26.96,26.64,26.96,26.80,26.96,26.89,26.89,26.89,27.22,26.56,26.80,26.56,26.89,26.64,27.29,26.89,27.05,26.80,26.89,27.22,26.80,26.89,26.96,26.89,26.73,26.80,26.73,26.89,26.73,26.73,26.64,27.22,27.13,26.80,26.89,26.89,26.89,26.64,27.13,26.89,26.80,26.73,26.80,26.89,27.22,27.22,26.80,26.73,26.96,26.80,27.05,26.73,26.73,27.22,27.13,26.96,26.73,26.80,26.80,26.64,26.80,26.73,27.29,27.05,26.73,27.22,27.05,26.80,27.36,26.73,26.73,26.80,26.96,27.13,26.73,26.80,27.05,26.96,26.96,26.73,27.45,26.73,27.29,27.05,27.13,26.96,26.73,27.36,26.96,27.22,26.89,27.13,26.96,27.22,27.22,27.22,26.89,27.05,26.89,27.05,27.22,26.73,26.96,27.05,26.73,26.80,27.22,26.89,26.96,26.89,27.22,27.13,27.13,26.96,27.05,26.96,26.80,26.80,26.89,27.05,27.13,26.73,27.05,27.05,26.89,27.13,26.96,27.05,26.96,27.13,26.89,27.05,26.89,26.96,26.96,26.80,27.22,26.73,27.05,26.80,27.13,27.13,27.05,26.96,27.22,27.13,27.13,26.96,27.29,26.89,27.45,27.36,27.05,27.13,27.22,27.13,27.53,27.22,27.29,27.36,27.22,27.22,27.36,27.36,27.53,27.36,27.36,27.36,27.29,27.53,27.53,27.92,27.92,28.00,28.39,28.77,29.73,31.43,34.76,140.99,398.80,472.93,355.19,253.18,180.18,101.81,35.74,32.46,30.46,29.29,28.77,28.23,27.92,27.36,27.45,27.29,27.22,27.45,27.22,27.13,27.22,26.96,26.64,27.05,26.80,27.29,26.80,27.05,27.13,27.22,26.89,26.73,26.89,27.05,27.05,26.64,27.29,27.05,27.22,26.89,26.80,26.96,26.64,26.96,26.80,26.80,27.05,27.05,26.89,26.96,26.89,26.89,26.96,26.64,27.05,27.05,27.05,26.89,26.56,27.22,27.05,26.80,26.73,26.80,26.73,27.22,26.73,26.96,26.96,26.89,27.05,27.05,26.89,27.05,26.89,26.73,26.89,27.05,27.29,26.89,26.73,26.80,26.47,26.89,26.96,26.80,26.56,26.89,27.22,27.05,26.89,26.80,26.89,26.89,26.80,26.56,27.22,27.29,26.89,26.73,26.89,27.05,26.96,26.80,26.56,26.64,27.05,26.64,26.73,26.80,27.05,26.96,27.22,27.22,26.80,27.29,26.89,26.89,26.96,26.80,26.96,27.05,26.73,26.89,27.22,26.96,26.80,26.89,26.73,27.13,26.96,26.73,26.96,27.36,27.29,26.80,26.89,26.89,27.29,26.96,26.73,26.73,26.89,26.89,27.05,26.80,26.73,26.89,27.13,26.73,27.13,26.89,26.64,26.80,26.80,26.80,26.80,27.29,27.05,27.22,26.64,26.80,26.80,26.56,27.05,26.64,26.73,27.05,26.56,26.64,26.64,26.80,26.80,26.64,26.80,26.73,26.80,26.40,26.64,27.22,27.22,27.05,27.22,26.73
26.64,26.89,26.73,26.73,26.96,26.80,26.89,26.73,27.29,26.73,26.64,26.80,27.29,26.89,26.96,26.96,26.96,26.64,26.96,26.64,26.56,26.47,26.73,26.56,26.47,27.22,26.89,26.73,26.73,26.80,26.31,26.80,26.80,27.36,26.64,26.96,26.96,26.47,26.89,26.80,26.89,26.89,26.80,26.73,26.96,26.89,26.80,26.89,26.96,26.96,27.22,26.64,26.64,26.73,26.89,26.80,27.36,26.89,26.73,26.64,26.80,26.80,26.80,26.96,27.22,26.56,26.73,26.64,27.13,26.80,26.96,26.89,26.73,27.05,26.89,26.47,26.56,26.73,26.31,27.05,27.05,26.64,26.73,27.13,26.80,27.36,26.73,26.56,26.56,26.56,26.80,26.56,27.05,26.64,27.05,26.89,26.96,26.80,26.73,26.73,27.29,27.45,27.36,27.29,27.29,27.76,27.22,26.89,26.96,27.36,27.29,27.45,27.36,27.22,27.22,27.05,27.13,27.13,27.36,27.45,27.13,27.29,27.13,27.13,27.05,27.05,26.89,27.13,27.22,26.73,27.05,26.89,27.22,27.13,27.13,27.05,26.64,27.13,27.13,26.89,26.56,26.96,26.89,27.22,27.05,26.64,26.80,27.13,27.05,27.22,27.22,26.89,26.96,27.22,27.05,26.89,26.96,26.80,27.05,26.64,26.96,26.96,27.13,27.13,26.80,27.05,27.22,27.29,27.13,27.22,27.29,26.89,27.36,26.89,27.36,26.96,27.53,27.29,27.76,27.45,27.05,27.76,27.45,27.69,26.89,27.45,27.36,27.13,27.85,28.00,27.92,27.92,28.16,29.45,30.09,31.92,34.69,132.98,320.55,562.33,540.00,358.53,239.45,154.18,57.94,33.30,30.81,29.36,28.70,28.30,27.92,27.53,27.53,27.45,27.76,27.22,27.22,27.05,26.89,27.29,27.13,27.29,27.29,26.73,27.05,27.13,27.13,27.22,26.73,26.96,26.80,26.89,27.29,26.56,26.64,26.56,27.29,27.05,27.05,26.64,26.64,26.73,26.73,26.96,26.96,27.05,27.13,26.96,27.05,26.96,26.96,26.56,27.29,27.29,27.13,26.64,26.73,27.05,27.05,26.73,26.80,26.56,27.05,26.89,26.73,27.13,26.80,27.05,26.96,27.05,26.89,26.80,26.73,26.96,26.96,27.13,26.80,27.05,27.13,27.13,27.13,26.89,26.73,27.22,26.56,26.73,27.05,26.73,26.96,27.05,26.47,26.73,26.64,26.64,27.05,26.80,27.05,26.96,27.05,26.73,26.73,26.47,27.29,26.64,26.64,27.22,27.22,26.89,27.13,26.80,26.73,26.56,26.56,26.73,26.96,26.56,26.96,26.80,26.64,26.73,27.22,26.64,26.73,26.56,27.13,26.73,27.05,27.13,26.89,26.73,26.89,27.22,26.89,26.80,26.73,26.96,27.05,26.47,26.80,26.96,26.80,26.89,26.56,26.64,26.47,26.73,26.64,26.56,26.96,26.56,26.64,26.80,26.64,26.73,27.05,26.89,26.47,26.89,26.96,26.64,26.89,26.80,26.73,26.64,26.89,27.22,26.47,26.80,26.73,26.73,26.80,26.89,26.80,26.56,26.73,26.73,26.80,26.56,26.64,26.96,26.73,26.73
26.73,26.40,26.73,26.80,26.89,26.40,26.56,26.73,26.64,26.64,26.47,26.73,26.96,26.47,27.05,26.80,26.89,26.64,26.56,26.89,26.64,26.80,26.80,26.80,26.80,26.73,26.64,26.89,26.89,26.89,26.23,27.13,26.64,26.73,26.64,26.89,26.80,26.73,26.89,26.89,26.56,26.80,26.96,26.96,26.80,27.22,26.73,26.89,27.13,26.73,27.13,26.80,26.80,26.73,26.80,26.89,27.05,26.80,27.05,27.05,26.96,27.22,26.64,26.73,27.22,26.89,26.89,26.89,26.56,26.96,27.05,27.13,27.13,27.05,26.89,26.89,26.80,26.96,27.13,27.22,27.05,26.80,26.80,26.73,26.80,26.73,27.05,27.05,26.89,26.96,27.05,26.96,26.89,26.89,26.73,27.13,27.13,26.96,27.05,26.64,27.05,27.22,27.22,27.13,26.96,27.36,27.05,27.05,27.05,27.13,27.36,27.13,27.22,27.13,27.05,27.05,27.05,26.96,26.89,27.22,27.05,26.89,26.89,27.22,27.36,26.96,27.05,26.96,27.05,27.22,27.36,27.13,27.45,27.13,27.05,27.29,27.29,27.13,27.22,27.13,27.29,27.22,27.36,27.29,27.05,26.96,26.89,26.89,27.29,26.80,27.05,27.36,27.05,26.96,27.36,26.80,26.89,26.96,26.96,26.96,27.13,26.89,27.05,26.96,27.05,27.22,26.89,27.45,27.45,27.22,27.36,27.36,27.05,27.36,27.22,27.36,27.45,27.29,27.29,27.22,27.22,27.45,27.36,27.29,27.69,27.36,27.05,27.45,27.76,27.69,27.76,28.23,28.61,29.15,30.39,31.97,35.00,116.34,263.77,547.56,658.07,511.14,293.39,193.06,90.02,34.32,31.43,29.66,28.91,28.30,27.62,27.85,27.69,27.69,27.53,27.29,26.96,27.05,27.13,26.89,26.96,26.96,27.13,27.05,27.13,26.73,27.13,27.13,26.64,27.22,27.13,26.96,27.36,26.64,27.13,26.96,26.64,27.13,26.73,26.96,26.89,27.13,27.05,27.05,26.73,26.96,27.36,27.05,26.89,26.89,27.05,27.13,26.47,26.64,27.13,26.56,26.96,27.22,27.05,26.80,27.13,26.96,26.96,26.96,26.96,26.80,26.73,26.73,26.73,27.05,26.89,26.89,26.73,27.29,26.40,26.73,26.80,26.96,26.80,27.22,27.05,26.64,26.80,26.73,26.96,26.64,27.22,27.29,26.73,26.80,26.89,26.64,27.05,26.73,26.80,26.96,27.22,26.96,27.05,26.96,26.73,26.96,26.64,26.64,26.80,26.80,26.96,26.80,26.73,26.96,26.73,26.80,26.64,26.89,26.64,26.96,27.13,27.05,26.89,26.64,26.73,26.80,26.96,26.89,26.47,26.96,26.80,26.89,26.47,26.80,26.89,27.13,26.80,26.64,26.96,26.80,27.22,26.56,26.73,26.96,26.73,27.13,26.56,26.64,26.89,26.73,26.64,26.64,26.73,26.89,26.96,26.80,27.13,26.73,26.89,26.96,26.56,26.80,26.64,26.80,26.47,26.73,27.05,26.89,27.05,26.89,26.73,26.80,26.73,26.80,26.80,26.96,27.13,26.73,26.96,27.13,26.73,27.05,26.73,26.96,26.89,26.40
26.64,27.05,26.73,26.89,26.80,26.89,26.47,26.89,26.89,26.89,26.64,26.96,26.56,26.89,26.89,26.64,26.64,26.96,26.73,26.73,26.56,26.64,26.56,26.80,26.89,27.22,26.56,26.73,26.96,26.80,26.64,27.13,26.80,27.45,26.89,26.80,26.80,26.80,26.73,26.89,26.89,26.89,26.96,26.47,26.73,26.89,26.80,26.96,27.13,27.05,26.89,26.89,26.80,26.73,26.89,26.96,26.56,26.80,26.73,27.13,27.13,27.13,26.73,26.73,26.80,26.96,26.73,26.73,26.64,26.89,27.05,26.80,26.89,27.05,26.64,26.80,26.89,26.89,26.89,26.73,27.22,26.56,26.73,27.22,26.73,26.73,27.05,27.13,27.22,27.13,26.96,26.64,26.89,26.89,26.96,26.73,27.29,26.73,26.73,26.73,27.05,26.73,27.13,27.05,27.13,27.13,26.56,27.05,26.56,27.22,27.13,26.80,27.13,27.13,26.96,27.05,27.22,26.96,26.96,26.96,27.36,27.13,27.29,27.05,26.80,27.13,26.73,26.56,26.56,27.05,26.89,26.89,26.96,27.22,26.96,26.80,26.96,27.13,26.96,26.64,27.05,26.96,27.13,27.05,27.05,27.13,27.22,27.13,26.64,26.89,27.05,27.22,27.22,26.56,27.13,27.22,26.80,27.13,26.96,27.13,27.13,26.96,27.05,26.56,27.05,26.96,27.05,26.89,27.22,27.22,27.36,27.13,26.96,27.36,27.45,27.36,27.29,27.85,27.29,27.76,27.53,27.36,27.45,27.36,27.36,27.29,27.29,27.45,27.53,28.09,27.85,28.61,29.00,29.15,30.53,32.25,34.88,99.99,220.37,461.47,665.21,617.35,354.07,211.49,105.12,34.57,31.71,29.87,28.91,28.00,28.23,28.00,27.36,27.29,27.22,27.45,27.29,26.96,27.05,27.13,27.13,27.05,26.89,27.36,27.13,27.05,26.64,27.36,26.96,26.64,27.22,26.64,27.05,27.13,27.05,27.05,26.89,26.56,26.96,27.13,27.05,26.96,27.13,26.96,26.80,26.96,26.73,27.13,27.05,26.64,27.05,26.80,26.89,27.13,26.96,27.13,26.56,26.96,26.73,26.73,26.80,27.05,26.56,26.73,26.64,27.13,26.73,26.89,26.64,26.64,27.22,26.96,27.22,26.89,26.80,26.96,26.64,27.05,26.64,27.05,27.05,27.13,26.64,26.96,26.64,27.29,27.29,26.96,26.96,26.96,26.73,26.56,27.36,27.22,26.89,27.05,26.56,26.89,26.96,26.96,26.80,26.80,27.22,27.05,26.73,27.05,26.80,26.80,27.45,26.96,27.22,26.73,26.96,26.64,27.05,27.05,26.80,27.13,26.47,27.05,26.80,26.80,26.89,26.80,26.89,26.80,26.47,26.89,27.13,26.64,26.96,26.73,26.96,27.13,26.80,27.13,27.13,26.73,26.96,26.96,26.80,26.73,26.73,26.80,26.89,26.56,26.47,26.64,27.22,26.80,26.96,26.64,27.36,26.56,26.96,26.89,26.96,26.64,26.73,27.13,26.80,26.73,26.73,26.80,26.80,26.40,26.96,26.64,26.89,26.73,26.73,26.64,26.73,26.64,26.96,26.80,26.80,26.64,26.64,26.64,26.80,26.73
27.29,26.73,26.73,26.47,26.96,26.73,26.96,27.36,26.31,26.89,26.80,26.73,26.80,26.47,26.64,26.96,26.64,27.22,26.80,26.73,26.80,26.80,26.80,26.96,26.89,26.96,27.22,26.73,26.80,26.80,26.89,26.89,26.80,26.80,27.22,26.73,26.56,26.96,27.13,26.89,26.96,26.64,26.80,26.73,26.73,26.64,26.73,27.22,26.80,26.80,27.22,26.89,26.73,26.64,26.89,26.80,26.73,26.96,26.56,26.89,27.05,26.47,26.40,26.89,26.56,27.13,26.73,26.96,26.64,27.13,27.29,26.96,26.73,26.96,27.13,26.56,26.96,26.96,27.13,27.05,27.05,26.89,26.89,26.96,27.05,26.64,27.29,26.89,26.96,26.89,26.89,27.05,26.96,27.22,26.56,27.22,27.13,26.96,26.73,26.89,27.22,26.80,27.22,27.05,27.29,27.05,27.05,26.56,26.96,27.05,27.13,26.96,27.13,27.29,26.89,26.56,26.80,27.13,26.89,26.96,27.22,26.89,26.96,26.96,26.89,26.89,27.05,27.36,26.96,27.13,27.05,26.89,27.13,27.05,27.29,27.05,26.56,27.05,27.05,27.05,27.29,26.89,26.89,27.05,27.13,27.05,26.89,26.80,26.96,27.29,26.96,26.89,26.96,27.13,27.05,26.89,26.96,26.96,26.56,27.36,26.80,26.96,26.56,27.05,27.05,27.05,27.62,27.22,26.89,27.13,27.29,27.29,27.22,27.36,27.13,27.36,27.69,27.53,27.53,27.36,27.13,27.53,27.36,26.96,27.53,27.85,27.36,27.76,27.36,27.53,27.45,28.23,28.54,29.15,30.32,31.97,34.69,55.76,168.82,342.77,614.57,588.90,389.71,211.02,94.68,34.69,31.50,29.73,29.00,28.61,28.00,27.69,27.76,27.53,27.29,27.05,27.45,26.56,27.29,27.29,26.96,27.05,26.80,26.89,27.22,26.96,26.73,26.73,26.96,26.73,27.05,26.96,26.89,27.29,27.29,26.73,26.96,27.22,26.64,26.80,26.80,26.89,26.64,26.80,26.96,27.29,27.05,27.22,27.13,26.96,27.05,27.05,27.13,26.40,27.29,27.13,27.13,27.29,27.22,27.22,27.05,27.13,27.13,27.05,26.89,26.96,26.96,26.89,26.80,26.73,26.89,26.96,26.73,26.89,27.22,26.80,26.89,27.13,26.96,26.89,27.13,26.73,27.22,26.80,27.13,26.96,26.64,26.64,26.96,26.56,26.64,27.05,26.73,26.89,26.89,26.64,27.22,26.73,26.96,27.29,27.05,26.80,27.13,27.05,26.80,26.80,26.96,26.89,27.29,26.56,26.73,26.96,26.80,27.05,26.89,27.05,26.96,26.89,26.80,27.05,27.22,26.80,27.22,27.22,27.13,26.73,26.64,26.80,26.73,26.73,26.80,26.73,27.13,26.80,26.89,26.96,27.13,26.96,26.89,26.80,27.05,26.96,26.64,26.89,27.05,26.73,26.73,26.80,26.89,27.13,26.89,26.73,26.80,26.89,26.80,27.13,26.73,26.73,26.56,26.80,26.73,27.05,26.89,26.80,26.89,26.89,26.73,26.73,27.05,26.96,26.73,26.80,26.89,27.05,26.73,26.64,26.64,26.47,26.80,26.96,26.64,26.73
26.80,26.80,26.73,26.89,26.56,26.73,26.47,26.64,26.89,26.80,26.73,26.73,26.80,27.05,26.47,26.56,27.13,26.64,26.64,26.89,26.89,26.64,27.13,27.05,26.89,26.64,26.73,26.73,26.56,26.89,26.64,26.80,26.56,26.80,26.80,26.73,26.64,26.89,27.13,26.80,26.73,27.13,26.80,26.89,26.89,26.73,26.73,26.73,26.73,26.89,26.96,26.96,26.47,26.89,26.96,26.73,27.22,26.89,26.89,27.22,26.89,27.13,27.05,26.73,26.73,26.73,26.80,27.13,26.80,26.80,27.22,27.13,26.96,26.56,26.80,26.96,26.80,27.05,26.96,27.05,26.89,26.56,26.89,26.96,26.96,26.80,26.73,27.05,27.13,26.56,26.96,26.96,26.56,26.73,27.22,26.73,26.64,26.89,26.96,27.29,26.56,26.96,26.96,26.73,26.89,26.64,26.89,26.56,26.64,27.13,27.29,27.13,26.96,26.80,26.89,26.96,27.36,26.73,27.13,26.89,27.05,27.36,26.89,27.36,27.22,27.13,26.96,26.96,26.73,26.73,26.73,26.96,27.05,26.96,26.96,26.96,27.05,26.89,27.22,26.96,26.64,27.29,26.96,26.89,27.22,26.80,26.80,27.13,27.13,27.05,26.80,27.05,26.96,27.13,27.05,26.96,26.96,26.96,27.29,27.13,26.80,26.80,27.13,26.64,26.96,27.05,26.96,27.29,26.96,27.22,27.22,27.36,26.96,27.29,27.69,27.36,27.36,27.62,27.45,27.53,28.00,27.45,27.76,27.36,27.13,27.36,27.36,27.13,27.45,27.53,27.85,27.85,28.70,29.07,30.39,31.50,32.65,35.19,112.28,237.30,497.55,538.33,352.84,179.14,67.60,33.49,31.02,29.45,28.77,28.09,27.85,27.76,27.53,27.53,27.13,27.05,27.22,27.22,27.22,27.22,27.22,26.64,26.80,27.22,27.05,26.89,27.05,26.89,26.64,26.96,27.22,27.13,26.89,27.05,26.64,26.96,27.13,26.73,26.96,26.89,27.05,26.89,26.89,26.80,27.05,27.45,26.89,27.22,26.96,26.96,26.80,27.05,26.64,26.80,27.05,26.89,26.89,26.96,26.96,27.05,27.05,26.96,26.73,26.89,26.96,26.96,26.80,26.64,27.13,26.47,26.89,27.13,26.89,27.05,26.96,26.56,26.80,26.89,26.96,27.22,26.89,26.64,27.22,26.56,26.96,26.80,26.80,26.64,26.64,26.73,26.73,26.64,26.80,26.47,26.80,26.80,26.64,27.05,26.80,26.96,27.05,26.73,26.96,26.80,27.22,26.56,27.05,26.73,26.96,27.05,26.89,27.05,26.73,26.73,27.05,26.56,26.89,26.80,26.73,26.64,26.56,26.89,26.64,27.29,26.89,26.96,26.96,26.80,27.13,26.73,26.96,27.05,26.56,26.80,26.80,26.80,27.13,27.05,26.89,27.05,27.13,26.64,26.89,26.89,26.80,26.80,26.80,26.73,26.89,26.73,26.73,27.13,26.56,26.64,26.96,26.64,26.89,26.96,26.80,26.73,26.80,26.73,26.73,26.73,27.05,26.40,27.05,27.22,26.89,26.73,27.13,27.13,26.64,26.56,26.73,26.64,26.80,26.73,27.05,26.89,26.73,26.47
27.13,26.73,26.47,26.64,26.40,26.89,26.89,26.64,26.80,26.73,26.31,26.56,26.47,26.64,26.64,26.56,26.73,26.80,26.80,27.05,26.73,26.56,26.80,26.47,26.64,26.64,26.73,26.89,26.96,26.80,26.56,26.80,26.64,26.73,26.96,26.80,26.89,26.56,27.22,26.64,26.73,26.56,26.89,26.80,26.56,27.22,26.96,26.31,26.64,26.96,26.64,26.89,26.73,26.89,26.80,26.89,26.89,26.96,26.80,27.13,27.53,26.96,26.73,27.13,26.96,26.64,26.89,26.80,26.96,27.13,26.89,26.80,27.13,27.13,27.05,26.73,26.73,26.40,26.96,26.80,26.89,26.96,26.47,26.56,26.64,26.80,26.96,26.40,26.96,27.13,26.89,27.05,26.96,26.96,27.13,26.96,27.29,27.05,27.05,27.05,27.05,26.96,26.64,26.64,26.96,26.73,27.05,26.96,27.22,26.96,27.05,26.73,26.89,26.96,26.73,26.89,26.64,27.29,26.56,27.05,26.56,26.96,27.05,27.13,27.22,26.80,26.96,27.13,26.73,26.96,26.96,27.05,27.13,26.96,26.89,27.22,26.89,27.05,26.89,27.05,27.13,26.89,27.05,26.80,26.73,27.22,27.13,27.05,26.96,27.36,27.13,27.05,26.96,26.89,27.13,27.29,26.64,26.73,27.05,26.96,27.05,26.64,27.13,27.13,27.13,26.96,26.89,26.80,27.29,27.29,26.89,27.22,27.13,27.76,27.92,27.53,27.76,28.23,27.85,27.92,28.00,27.53,27.36,27.45,27.05,27.45,27.22,26.96,27.29,27.92,27.69,28.00,28.46,29.15,29.87,30.53,31.71,33.56,37.80,137.66,293.39,374.46,233.69,111.56,35.44,32.11,30.46,29.07,28.30,28.09,28.09,27.76,27.36,27.13,27.22,26.96,27.13,27.22,27.05,26.96,26.96,27.05,27.05,27.22,26.96,27.22,27.05,27.13,27.13,26.80,26.80,26.80,27.05,26.80,26.96,26.64,27.13,26.64,27.36,27.05,26.96,27.13,26.96,27.13,27.13,26.96,27.29,26.56,26.56,26.80,26.89,27.13,26.89,26.96,27.05,26.89,26.64,26.96,26.73,26.80,26.80,26.56,26.89,26.96,27.05,27.05,26.80,26.80,27.29,26.80,26.73,27.13,27.29,26.89,26.56,27.22,26.40,27.05,27.05,27.13,27.05,26.80,26.96,26.73,26.64,26.96,26.73,27.05,26.40,26.64,26.64,26.73,26.56,26.64,27.45,26.80,27.05,26.80,26.64,27.05,27.05,26.80,26.56,26.73,26.80,26.73,26.96,26.64,26.73,26.80,26.73,26.96,26.89,26.80,26.64,26.96,27.05,26.64,26.64,26.73,26.64,26.89,27.05,27.13,26.64,26.73,26.80,26.73,26.73,27.05,26.80,26.73,26.64,26.31,26.96,26.73,26.89,26.89,26.96,27.05,27.05,26.64,27.13,26.89,27.05,26.56,26.89,26.80,26.56,26.40,26.89,26.80,26.80,26.80,26.64,26.89,26.80,26.96,26.64,27.05,27.13,26.89,26.56,26.80,26.89,26.64,26.40,26.56,26.64,26.56,26.80,26.73,26.56,27.05,26.56,26.40,26.47,26.89,26.23,26.80,26.80,27.13
26.80,26.89,26.64,26.96,26.47,27.05,26.64,26.47,26.64,26.89,26.89,26.56,26.56,26.73,26.64,26.89,26.73,26.80,26.96,26.73,26.64,26.64,26.64,26.89,26.47,26.64,26.73,26.89,26.73,26.80,27.13,27.05,26.73,26.96,26.80,26.80,26.80,26.73,26.80,26.80,26.64,26.96,26.73,26.80,26.89,26.64,26.89,27.05,26.89,26.96,26.73,26.89,26.80,26.73,26.64,26.80,26.73,26.80,26.73,26.40,26.89,26.73,27.22,26.89,26.73,26.64,26.73,26.96,26.80,26.64,26.80,27.22,26.96,26.47,26.89,26.56,26.80,26.89,26.64,26.56,27.05,26.73,26.64,26.96,27.05,26.73,26.80,26.96,26.96,27.13,26.80,26.64,26.80,26.56,26.73,26.89,26.80,26.89,27.13,26.89,26.64,27.13,26.96,26.64,27.22,27.05,27.13,26.89,26.89,27.13,27.05,26.64,27.22,26.89,27.05,27.22,26.80,26.89,26.89,26.64,26.73,27.13,26.96,27.13,26.56,27.05,26.96,27.13,26.96,27.05,27.05,27.05,27.05,26.96,26.80,26.64,27.29,27.13,27.05,26.80,26.96,26.80,26.96,26.96,26.96,26.64,26.89,26.96,27.29,26.89,27.13,27.05,26.96,27.05,27.45,26.96,27.22,26.73,26.56,26.80,26.96,26.96,26.80,26.80,27.05,27.13,26.96,26.80,27.22,26.96,27.22,26.96,27.36,27.29,28.09,27.85,27.92,28.09,27.69,27.22,27.22,27.13,27.29,27.36,27.05,27.45,27.45,27.29,28.00,27.29,27.53,28.00,28.30,28.54,29.29,29.87,30.88,31.97,33.56,36.40,96.56,140.99,91.96,35.68,33.11,31.15,29.59,29.00,28.30,27.53,27.85,27.76,27.22,27.36,27.29,27.29,27.05,27.05,27.53,26.96,26.80,27.05,26.80,26.96,27.13,26.56,26.89,26.64,26.89,27.22,26.80,26.73,26.96,27.29,27.05,27.29,26.73,26.89,26.96,26.96,26.56,27.29,26.96,26.96,26.89,26.80,27.22,26.96,26.96,26.89,27.13,26.64,27.53,26.96,27.45,26.96,26.96,26.73,27.13,26.80,26.89,26.56,26.64,27.05,26.80,27.13,27.05,27.05,26.73,27.05,26.73,26.80,26.89,26.96,26.73,26.89,26.73,27.05,27.05,26.73,26.47,26.80,27.13,26.64,26.64,27.05,26.73,27.13,26.89,26.80,27.13,27.13,26.80,26.80,26.89,27.05,26.56,26.64,27.13,26.80,26.96,27.05,26.73,26.80,26.80,26.73,26.64,26.56,26.64,26.31,26.96,26.64,26.80,26.80,26.89,26.89,27.05,26.73,26.96,26.96,26.89,27.22,26.80,26.80,26.73,26.80,26.80,26.73,27.05,26.56,26.89,27.13,26.73,26.47,26.73,27.13,26.80,26.80,26.80,26.89,26.56,26.64,26.96,26.89,26.89,26.73,26.96,26.73,26.89,26.56,26.73,26.64,27.05,26.56,26.80,26.89,26.73,26.80,26.89,26.89,27.22,26.64,26.64,26.80,27.05,26.64,26.64,26.40,26.73,26.80,26.80,26.80,26.64,26.89,26.56,26.96,26.89,26.89,26.40,26.73,26.47,26.80
27.13,26.73,26.64,26.89,26.47,26.96,26.64,26.64,26.80,26.89,26.96,26.64,26.40,26.64,26.64,26.73,26.73,26.89,26.73,26.64,26.80,26.73,26.80,26.96,26.05,26.89,26.73,26.73,26.89,26.47,27.22,26.40,26.73,26.56,26.64,26.73,26.96,26.73,26.73,26.64,26.80,26.80,26.47,26.96,26.73,26.73,26.73,27.29,26.73,26.96,27.05,27.22,27.05,26.64,26.89,26.80,26.80,27.05,26.56,26.56,27.05,26.89,26.89,26.73,27.22,26.80,26.80,27.13,26.80,26.64,26.56,26.64,26.80,26.80,26.31,27.05,27.05,26.64,26.40,27.13,26.64,26.96,26.89,26.96,27.53,27.05,27.05,26.89,27.05,26.56,26.89,27.05,26.47,26.47,26.64,26.56,26.96,26.89,26.80,26.89,27.05,26.89,26.89,26.89,26.96,26.96,26.96,27.05,26.64,26.47,26.64,27.05,26.64,26.40,26.96,26.47,27.22,26.89,26.47,26.89,27.05,26.96,26.89,27.05,27.05,27.13,27.13,26.80,26.96,27.13,26.56,26.64,26.96,26.73,26.80,26.96,27.13,26.96,26.96,26.96,27.22,26.96,26.89,26.96,27.05,27.05,27.13,26.96,26.80,26.80,27.36,27.29,26.89,26.96,26.96,26.96,26.96,27.05,26.96,26.56,27.05,27.36,27.22,26.89,26.73,27.22,27.29,26.89,27.62,27.05,27.36,27.22,27.36,27.76,27.53,29.36,29.15,27.76,27.62,27.29,27.22,27.45,27.45,27.53,27.29,27.45,27.53,27.53,28.00,27.53,27.76,28.16,28.00,28.84,29.15,29.59,30.09,30.74,31.92,32.72,34.13,34.50,33.68,32.58,31.15,29.87,28.84,28.84,27.92,28.00,27.92,27.29,27.69,27.76,27.05,27.29,26.80,26.96,26.80,26.96,27.53,27.22,26.96,26.80,26.96,27.05,27.13,27.05,27.05,26.96,27.05,27.05,26.96,26.96,27.05,27.13,26.96,27.13,27.13,27.05,26.64,26.96,26.73,27.05,26.89,27.22,27.29,26.73,27.05,26.96,26.80,27.29,27.13,26.73,27.13,26.89,26.73,27.05,26.96,27.13,26.80,26.80,26.96,27.22,26.96,27.13,26.89,26.80,26.80,26.89,26.96,26.73,27.13,26.96,26.73,26.89,26.80,26.80,26.96,26.96,27.13,27.22,27.05,26.96,26.56,26.73,26.96,27.13,26.80,26.73,26.64,26.96,26.73,27.13,26.73,26.96,27.05,26.80,27.05,26.73,26.73,26.96,26.89,26.73,27.13,26.73,27.05,26.73,26.80,26.64,26.64,26.80,26.73,27.05,26.89,26.80,26.64,26.47,26.73,26.56,26.80,26.47,26.89,26.80,26.89,26.89,27.13,26.80,27.05,26.89,26.64,26.80,26.73,26.64,26.64,26.64,26.73,26.73,26.56,26.96,26.96,26.56,26.64,26.64,26.73,27.13,27.13,26.96,26.89,26.89,26.89,26.73,26.64,27.05,26.80,27.13,26.80,26.73,26.80,26.80,27.13,26.64,26.47,26.89,26.73,26.96,26.73,26.80,26.64,26.40,27.05,26.96,26.73,26.89,26.73,26.64,26.56,26.64,26.56,26.73,26.56,27.13
26.80,26.96,26.89,26.96,26.80,26.73,26.80,26.73,27.13,26.73,26.64,26.89,26.73,26.80,26.64,26.96,26.80,26.96,26.96,26.96,26.40,26.73,27.05,26.89,26.96,26.56,27.05,26.73,26.73,26.80,26.80,26.80,26.56,26.64,26.73,27.13,26.73,26.80,27.22,26.64,26.80,26.80,26.73,26.80,26.96,26.80,26.89,27.13,26.73,26.89,26.80,26.89,26.64,27.22,27.05,27.29,27.13,27.29,26.47,26.89,26.80,26.73,26.73,26.73,27.05,27.13,26.89,27.05,26.96,26.89,26.73,26.47,27.05,27.13,26.80,26.96,26.89,27.05,27.13,26.89,26.56,26.64,26.96,26.96,26.56,26.56,26.56,27.05,26.64,26.89,27.22,27.05,27.05,26.89,27.05,27.05,26.96,26.80,26.96,26.47,26.47,27.05,26.89,26.96,26.80,27.13,27.05,27.05,26.89,26.96,26.64,26.56,26.89,27.05,26.96,26.64,26.73,26.89,26.89,27.13,26.96,26.89,27.05,27.45,26.96,27.05,26.89,27.22,26.89,27.05,27.05,26.80,26.96,27.05,26.80,26.96,27.13,27.36,27.05,26.40,27.05,27.13,27.13,26.80,26.96,27.05,27.05,27.13,26.73,26.89,26.96,26.80,26.89,27.13,26.89,26.96,27.36,26.89,27.29,26.96,27.05,26.80,27.29,27.13,27.45,26.96,27.05,26.89,27.22,26.89,27.22,27.36,27.29,27.45,27.45,28.91,29.07,27.85,27.36,27.13,26.96,27.05,27.36,27.22,27.36,27.36,27.13,27.45,27.22,27.92,28.09,28.00,27.92,28.39,28.84,28.70,29.59,30.18,30.81,31.29,31.64,31.85,31.09,30.81,29.95,29.22,28.61,28.16,28.00,27.85,27.69,27.45,27.45,27.45,27.05,27.05,27.22,27.05,27.22,27.29,26.89,26.96,26.96,27.13,26.89,26.73,26.64,27.22,27.29,27.13,26.56,26.89,27.22,26.56,26.96,26.64,26.80,26.73,26.96,26.89,27.05,26.89,26.96,27.05,26.64,26.73,26.96,26.73,26.96,27.05,26.96,27.13,27.13,26.89,26.89,26.47,26.64,27.05,26.64,26.96,26.89,27.05,27.13,27.05,26.80,27.05,26.56,26.96,27.05,27.05,26.73,26.89,27.05,26.96,26.73,26.96,26.80,26.80,26.89,26.73,27.13,26.80,26.64,27.13,26.64,27.05,27.05,26.73,26.89,26.80,26.80,26.96,26.96,26.96,26.96,26.40,26.96,26.73,26.64,26.64,26.96,26.96,27.13,26.64,26.73,26.80,27.05,27.05,26.89,27.05,26.64,26.89,26.40,27.05,26.96,26.73,26.96,26.73,26.96,26.96,26.89,26.64,26.80,26.80,26.96,26.80,27.29,26.64,26.89,26.80,27.05,26.89,26.56,27.05,26.89,26.80,26.80,26.80,26.96,26.64,26.80,26.56,26.89,27.05,26.80,27.13,26.80,26.80,26.89,27.05,26.89,27.05,27.13,27.05,26.14,26.89,26.56,26.89,27.05,26.80,27.05,26.89,26.64,26.73,26.89,26.89,26.64,26.73,26.31,26.89,26.89,26.56,26.64,26.80,26.56,26.80,26.89,26.73,26.80,26.56,26.64,26.40
26.89,26.64,26.80,26.89,26.40,26.73,26.80,26.64,26.47,26.80,26.80,26.64,26.64,26.80,26.56,26.73,26.89,26.89,26.64,26.96,26.64,26.64,26.89,26.73,26.96,26.73,26.80,26.80,26.73,26.80,26.47,26.73,26.89,26.80,27.13,26.80,26.96,26.64,26.96,26.80,26.89,27.13,26.64,26.80,26.73,26.23,26.89,26.73,26.80,26.96,26.89,27.05,26.56,27.05,26.40,26.89,26.80,27.22,27.05,26.64,26.96,26.80,27.36,27.36,27.29,26.73,26.96,27.05,26.89,26.64,26.47,26.96,26.73,26.73,26.64,26.96,26.96,27.05,26.73,26.56,26.64,27.29,26.89,27.05,27.29,26.89,26.73,26.73,26.96,26.64,27.22,26.96,27.13,27.13,27.05,26.64,27.05,27.05,26.64,27.13,26.89,27.13,26.56,26.80,26.64,26.89,26.56,27.05,26.89,26.89,26.64,27.13,26.89,26.89,26.96,26.89,27.05,26.80,26.73,27.05,26.89,27.05,26.80,26.56,26.96,27.05,26.64,27.13,26.47,26.96,27.13,26.89,26.89,26.96,26.89,26.64,26.80,26.96,27.13,27.05,27.13,26.89,27.22,27.05,27.13,27.13,26.89,26.73,26.80,27.45,27.13,26.96,27.36,26.89,26.96,26.80,27.05,27.22,27.22,27.36,26.89,26.96,27.13,26.89,27.22,26.80,27.13,27.13,27.22,27.13,26.96,27.45,27.13,27.13,27.36,27.85,28.54,27.53,27.53,27.53,27.45,27.13,27.13,27.13,27.45,27.62,27.62,27.22,27.62,27.45,27.62,27.85,27.92,27.92,28.39,28.77,29.00,29.45,30.02,30.25,30.60,30.46,30.02,29.73,29.45,29.07,28.39,28.16,27.29,27.53,27.36,27.62,27.36,26.96,27.05,27.36,27.13,27.05,27.22,27.36,27.13,27.29,26.96,27.13,26.96,26.89,26.96,27.29,27.13,27.05,27.13,27.22,26.96,26.73,27.05,27.13,27.05,27.29,26.96,26.73,26.73,26.64,26.96,27.22,26.96,26.73,26.80,26.73,26.80,26.73,26.47,27.29,26.96,26.80,26.96,26.73,26.47,26.89,27.05,26.96,26.80,26.80,26.89,26.73,27.13,27.05,26.73,26.73,27.05,26.64,27.05,27.05,26.56,26.89,26.96,26.96,26.80,27.13,26.80,26.89,26.56,26.89,27.05,26.64,26.47,27.22,26.96,26.96,26.80,26.96,26.89,27.13,26.80,26.73,26.73,27.13,27.13,26.80,27.05,27.05,27.13,26.73,26.80,26.73,26.89,26.89,26.96,27.36,26.64,27.13,26.64,26.96,26.80,26.73,26.80,27.29,26.64,27.22,27.22,27.13,26.64,26.73,27.05,26.80,26.64,26.64,26.40,26.80,26.80,26.96,26.89,26.96,26.89,27.13,27.22,26.89,26.89,26.47,26.47,26.80,27.13,27.05,26.73,26.73,26.56,26.64,27.22,27.22,26.56,26.89,27.05,26.73,26.73,26.64,26.80,26.89,26.47,26.56,27.05,26.64,26.56,26.96,26.73,26.80,27.05,26.73,27.29,27.05,26.80,26.80,26.73,26.64,26.96,26.47,26.64,26.73,26.89,27.13,26.80,26.73,26.73,26.80
26.89,26.89,26.73,26.64,26.96,26.73,26.89,26.56,26.89,26.89,26.89,26.64,26.80,26.80,26.64,26.80,26.80,26.96,26.40,26.80,26.64,26.89,26.80,26.56,26.73,26.56,27.05,26.73,27.05,27.13,26.96,26.73,27.05,26.96,27.29,26.73,26.89,26.80,26.96,26.80,26.80,26.89,26.89,26.89,26.80,26.64,26.89,27.13,26.89,27.13,26.80,27.05,26.80,26.89,26.96,26.56,26.96,26.80,26.80,27.13,26.96,26.73,26.80,26.40,26.89,26.64,27.13,26.64,26.64,27.13,27.22,26.89,26.47,26.96,26.89,27.29,27.05,27.13,26.64,26.96,27.13,26.96,26.64,26.89,26.73,26.96,27.05,26.96,27.05,26.56,26.96,26.96,26.56,26.47,26.80,26.96,26.64,27.13,27.22,27.05,26.80,26.89,26.64,26.96,26.96,26.96,26.80,27.05,26.89,26.80,27.05,27.05,26.64,26.80,27.13,26.64,26.96,26.64,26.80,26.96,26.73,27.22,27.13,26.80,27.05,26.47,27.05,26.80,26.47,26.96,26.89,27.13,26.96,27.05,27.29,27.05,27.05,26.89,26.89,26.96,26.80,26.80,27.13,26.89,27.05,27.05,27.05,27.05,26.73,27.05,26.96,27.13,26.89,26.89,27.29,27.22,27.29,27.05,27.13,27.13,27.13,27.05,26.56,27.05,27.29,26.80,26.89,26.96,27.05,27.22,27.29,27.22,27.36,27.36,27.76,27.85,27.29,27.13,27.45,27.36,27.53,27.45,27.13,27.29,27.13,27.13,27.22,27.36,27.22,27.22,27.45,27.76,28.16,27.69,28.00,28.77,29.00,29.29,29.59,29.66,29.59,29.66,29.45,29.15,29.07,28.61,28.09,27.85,27.29,27.76,26.89,27.29,27.22,26.96,26.89,27.36,26.89,26.89,26.80,27.05,27.13,27.13,26.80,27.29,27.29,26.89,27.22,27.05,26.64,26.89,27.13,27.05,27.13,27.05,27.13,27.22,26.64,27.36,27.05,27.05,27.13,27.13,27.05,27.13,27.22,27.05,27.13,26.64,26.96,26.89,26.73,26.73,27.05,26.64,26.64,26.89,26.73,27.13,26.96,27.05,27.13,26.96,26.96,26.56,27.05,26.89,27.05,27.05,26.56,26.96,26.80,27.13,26.96,27.36,27.29,26.73,26.64,26.96,26.73,26.64,27.13,27.05,26.89,26.80,27.05,26.73,26.96,26.80,26.73,27.13,26.64,26.80,26.73,26.56,26.80,26.73,27.05,26.96,26.47,27.05,26.89,26.89,27.05,27.22,27.22,26.89,27.05,27.05,26.64,26.96,27.05,27.05,27.22,27.22,26.96,26.80,26.73,27.05,26.73,26.89,27.13,26.96,26.80,26.73,26.40,26.89,26.80,26.80,26.89,26.40,26.96,27.13,27.05,26.89,26.73,26.89,26.56,27.05,26.89,26.73,27.05,26.80,26.64,26.89,26.89,27.45,26.64,26.96,26.56,26.80,26.89,26.80,26.73,26.56,26.96,26.73,26.64,26.64,26.56,26.73,26.64,26.80,26.40,26.64,27.05,26.89,26.56,26.89,26.47,26.64,26.56,26.73,26.73,26.89,26.89,26.80,26.56,26.89,26.73,26.73,27.13,26.73
26.80,26.89,27.05,26.73,27.29,26.47,26.73,26.89,26.73,26.56,26.96,26.73,26.89,26.89,27.13,26.64,26.96,26.96,27.22,26.89,26.73,26.89,26.89,26.89,26.80,26.64,26.89,27.13,26.64,26.64,26.89,26.73,26.80,26.89,26.80,26.89,26.96,26.64,26.89,26.73,26.80,26.80,26.47,26.96,26.56,27.22,26.64,26.96,27.13,27.13,26.73,26.89,26.64,26.73,27.05,26.80,26.73,26.96,26.47,26.96,27.22,26.96,27.05,26.73,27.22,26.56,26.96,26.89,26.64,26.89,27.05,27.13,26.73,27.29,26.64,27.13,26.96,27.13,26.64,27.13,26.89,26.96,27.13,26.64,26.56,26.80,26.89,26.73,27.13,26.80,26.96,27.22,26.80,27.22,27.13,26.96,27.05,26.80,26.89,27.05,27.05,27.29,27.13,26.47,26.89,26.73,26.64,26.89,27.13,26.89,26.80,26.96,26.96,26.89,27.05,27.05,27.05,26.96,26.73,27.05,27.13,26.73,26.96,26.64,26.96,27.22,26.96,27.05,27.36,26.80,27.36,27.05,26.96,27.05,27.05,27.13,27.05,27.05,27.36,27.29,26.80,26.89,26.89,26.80,26.89,26.64,27.22,27.13,27.05,27.29,27.13,27.36,27.53,27.13,27.22,26.89,26.80,26.89,27.05,26.96,27.05,26.80,27.13,27.29,27.05,27.22,27.13,27.22,27.36,27.45,26.89,27.45,27.29,27.29,27.53,27.29,27.45,27.22,27.69,27.36,27.13,27.22,27.36,27.36,27.05,27.53,27.22,27.53,27.05,27.45,27.69,27.53,27.92,28.16,28.00,28.23,28.84,28.54,28.84,29.22,29.66,29.15,28.84,28.84,28.61,28.70,27.85,27.92,27.62,27.69,27.53,27.69,27.36,26.96,27.22,27.62,26.96,27.22,27.29,27.13,26.89,27.36,27.29,27.29,27.05,27.13,27.05,26.73,26.89,26.80,27.13,27.05,27.05,27.05,26.96,26.80,26.64,26.96,27.05,27.05,26.89,26.64,26.96,26.73,26.96,27.05,27.22,26.96,27.29,27.05,27.29,26.73,26.96,26.96,27.13,26.89,26.96,27.13,26.89,26.96,27.13,27.22,26.56,26.56,27.05,26.96,27.13,26.96,27.05,26.89,27.05,27.29,26.96,26.89,27.22,26.73,26.73,26.96,26.73,27.22,26.89,27.05,26.96,26.80,26.89,27.29,26.96,26.73,26.96,26.96,27.13,27.05,26.89,26.96,26.64,26.64,26.80,27.22,26.89,27.13,26.56,26.80,26.73,27.05,27.13,26.89,26.73,26.73,26.96,27.13,27.22,26.73,26.64,26.80,26.89,26.73,26.96,27.05,26.56,26.96,26.96,26.96,26.73,26.73,26.96,26.96,26.96,26.80,26.80,27.05,26.80,26.47,26.73,26.80,26.89,26.64,26.73,27.13,27.22,26.89,26.80,26.89,26.89,26.80,27.05,26.96,26.56,26.73,27.05,27.22,26.80,27.22,26.56,26.73,26.73,27.05,26.64,26.80,26.73,26.73,26.56,26.64,26.80,26.89,26.64,26.73,26.80,26.47,26.96,26.47,26.80,26.80,26.89,26.56,26.47,26.73,26.64,27.22,26.64,26.56,26.56,26.56
26.47,26.80,27.05,26.80,26.80,26.73,26.73,26.47,26.47,26.40,26.89,26.64,26.56,26.40,26.96,26.64,26.96,26.73,26.56,26.56,26.96,26.64,26.73,26.80,26.56,26.64,27.22,26.56,26.56,26.47,26.80,26.56,26.89,26.96,26.64,26.64,26.47,26.89,26.89,26.89,26.89,27.22,26.89,26.89,27.13,26.56,26.73,26.80,27.22,27.05,27.05,26.56,26.73,27.13,27.13,26.96,26.89,27.05,26.47,27.13,26.56,26.56,27.05,26.96,27.29,26.73,26.89,26.96,26.80,26.80,26.89,27.05,26.89,26.96,27.13,26.64,27.22,26.89,26.89,27.13,26.80,26.89,27.13,26.96,26.89,27.13,26.64,26.89,27.13,27.05,26.56,27.22,27.29,26.56,27.13,26.89,26.96,27.13,26.96,27.29,26.96,26.73,27.13,26.96,27.05,26.47,26.64,26.96,26.64,26.64,26.96,26.73,27.05,26.64,26.89,26.80,27.05,26.56,26.96,26.96,27.05,27.05,26.89,26.80,27.13,27.36,26.73,27.05,26.96,27.36,26.96,27.13,26.96,27.13,27.13,26.89,26.80,26.56,27.05,26.96,27.05,27.13,26.89,26.80,27.05,26.89,27.05,27.22,27.53,27.29,26.96,26.80,26.89,26.96,27.22,26.96,27.22,26.89,27.29,26.96,26.96,27.22,27.13,27.29,26.80,26.89,26.73,26.96,27.13,27.36,27.05,27.36,27.13,27.45,27.69,27.36,27.22,26.89,27.22,27.53,27.22,27.69,27.53,27.13,27.53,27.36,27.36,27.36,27.53,27.45,27.53,27.92,27.85,27.85,28.16,28.16,28.16,28.61,28.61,28.77,29.07,28.54,28.77,28.39,28.23,28.23,27.69,27.92,27.62,27.45,27.53,27.22,27.36,27.05,27.13,27.22,27.29,27.05,26.89,27.13,27.22,27.29,27.22,27.29,27.22,27.29,27.13,27.05,27.13,26.96,26.89,27.13,26.96,26.96,26.89,27.13,26.96,26.89,26.96,27.22,26.96,26.80,27.22,27.22,26.96,27.05,27.29,26.40,26.89,27.13,26.64,26.73,26.89,26.96,27.05,26.80,26.89,26.89,27.13,27.13,27.13,26.64,27.05,26.96,26.64,26.89,26.64,26.73,26.96,27.05,27.05,26.56,27.13,26.64,27.05,27.13,26.73,27.05,26.73,26.96,26.56,26.56,26.64,26.89,26.64,27.05,26.89,26.96,26.96,26.89,26.56,26.73,26.64,26.80,26.73,27.05,26.47,26.64,27.13,26.56,26.64,26.96,26.80,26.80,26.96,26.96,27.05,26.80,26.96,26.64,26.96,26.89,26.80,26.64,26.56,26.73,26.96,26.80,26.73,27.05,26.89,26.89,26.89,27.05,27.05,27.05,26.96,26.96,26.96,27.05,26.80,27.05,27.22,27.05,26.64,27.05,26.80,26.96,26.73,26.64,26.80,26.80,26.64,26.89,26.73,26.80,27.22,26.73,26.89,27.29,26.89,26.80,26.80,26.73,26.64,27.22,26.73,26.89,26.73,26.96,27.22,26.64,26.80,26.40,27.29,26.80,26.73,26.64,26.47,26.64,26.80,26.80,26.73,26.47,26.96,26.73,26.73,26.80,26.56,26.80,26.89,26.80
26.96,26.73,26.47,26.73,26.89,26.80,26.96,26.96,26.64,26.80,26.96,26.64,26.73,26.96,26.89,26.73,26.96,26.73,26.96,26.64,26.56,26.64,26.73,26.64,26.96,26.64,26.80,26.96,26.89,26.80,26.73,26.89,26.80,27.13,26.47,26.89,26.56,26.80,27.13,27.29,27.05,27.22,26.89,26.96,27.05,26.80,26.73,26.96,26.89,27.22,26.80,27.36,26.47,27.13,26.80,27.05,27.05,26.64,26.64,27.13,27.22,27.05,26.73,26.80,27.13,26.96,26.89,27.05,26.89,26.96,26.47,26.64,26.89,26.64,26.64,26.89,26.64,26.80,26.73,26.96,26.56,26.56,26.80,27.05,26.89,26.96,26.73,27.05,26.89,26.80,26.96,26.80,26.80,27.05,26.56,26.96,26.80,27.05,27.05,26.56,27.13,26.96,27.05,26.96,26.96,27.13,26.73,26.89,26.89,26.96,26.96,26.89,27.13,27.05,26.89,26.96,26.89,27.05,26.96,26.56,27.13,27.05,27.22,26.64,27.05,27.13,27.22,26.89,26.96,26.89,27.05,26.80,27.29,27.05,26.89,27.05,26.89,27.13,27.05,26.96,26.96,27.05,27.36,27.45,27.29,27.36,27.53,26.89,26.80,26.89,26.56,27.22,27.22,26.73,26.96,26.80,27.36,27.05,26.73,27.05,26.47,27.29,26.96,26.80,27.05,27.13,27.29,26.96,26.96,26.96,27.13,27.13,27.29,27.53,27.76,27.53,27.13,27.22,27.45,27.22,27.29,27.45,27.29,27.36,27.13,27.53,27.29,27.69,27.45,27.53,27.45,27.45,27.29,27.92,28.23,28.30,28.39,28.46,28.70,28.91,28.30,28.54,28.39,28.46,28.00,28.09,27.69,27.53,27.53,27.45,27.36,27.36,27.22,27.13,27.36,27.22,27.05,27.13,27.45,27.22,26.89,26.96,27.05,26.96,27.05,27.13,26.96,27.13,27.29,27.29,26.96,27.22,27.45,27.05,27.05,27.05,27.13,26.64,27.05,27.22,26.96,27.13,26.73,26.89,26.73,26.73,26.96,27.22,26.89,26.89,26.64,27.05,26.80,27.05,27.05,26.89,27.22,26.89,26.89,27.13,27.13,26.96,26.64,27.13,26.64,26.89,27.45,27.05,27.05,26.89,26.96,26.96,27.36,26.89,26.73,27.05,27.05,26.96,27.05,26.73,26.96,27.13,27.22,26.64,26.96,26.80,26.64,26.80,27.05,26.64,27.13,26.96,26.96,26.73,26.73,26.89,26.80,26.73,26.89,26.47,26.89,26.47,26.80,27.13,26.73,26.64,27.22,26.56,27.22,26.96,27.05,26.40,26.89,27.05,26.64,26.64,26.96,26.73,26.96,26.47,26.56,26.73,26.73,26.64,26.64,26.73,27.05,26.80,26.73,26.96,26.89,26.80,27.13,26.89,26.80,26.80,26.80,26.73,26.73,26.89,26.73,26.80,27.22,26.89,26.80,26.80,26.56,26.73,26.80,27.13,26.56,26.73,26.80,26.89,26.89,26.73,26.80,26.80,27.05,26.56,26.64,26.80,27.13,26.80,26.89,26.96,26.73,26.89,26.73,26.64,26.64,26.80,26.40,26.80,26.80,26.64,26.64,26.56,26.40,26.64,26.96,26.64
26.89,26.96,27.05,26.40,26.96,26.80,26.96,26.89,26.80,26.56,26.89,26.73,26.56,27.05,26.73,26.80,26.80,26.89,26.64,26.56,26.89,26.89,26.64,26.80,26.89,26.56,26.47,26.80,27.13,26.89,26.64,26.89,26.64,26.89,26.89,26.80,26.73,27.22,27.13,26.73,26.96,26.80,26.64,26.73,26.80,26.89,27.22,27.05,27.05,27.13,26.73,27.22,26.56,26.89,26.80,26.89,26.73,26.73,26.73,26.73,27.05,27.13,26.47,26.96,26.96,26.64,27.05,27.05,27.05,26.96,26.64,26.96,26.96,27.05,26.56,26.89,26.89,26.96,27.13,26.47,26.80,26.80,26.56,26.47,26.64,26.89,26.89,27.05,26.96,26.96,26.80,27.05,26.64,26.64,26.96,26.73,26.80,26.80,26.89,27.05,27.05,27.13,27.05,26.80,26.89,26.80,27.05,26.89,26.80,26.80,26.96,26.96,27.05,26.96,27.22,26.96,27.29,27.05,26.96,27.13,27.05,27.05,26.96,27.36,27.13,26.89,26.47,26.89,27.05,26.80,26.96,26.96,27.22,27.22,26.89,27.05,27.36,27.36,27.29,27.36,27.29,27.76,27.29,27.13,27.05,27.05,26.80,27.13,26.89,27.22,27.05,27.05,26.96,26.96,27.05,27.22,26.80,27.05,27.36,27.05,27.05,27.13,26.96,27.05,26.80,27.05,27.05,27.13,26.96,27.05,26.96,27.36,26.96,27.36,27.76,27.53,27.36,27.05,27.36,27.45,27.36,27.29,27.05,27.22,27.29,27.22,27.36,27.36,27.45,27.36,27.36,27.76,27.45,27.69,27.85,28.09,28.30,27.92,28.46,28.39,28.39,28.16,27.92,27.92,27.62,27.85,27.76,27.85,27.76,27.85,27.69,27.45,27.13,27.22,27.05,27.36,27.05,27.22,27.05,26.96,26.80,27.05,27.13,27.36,26.96,26.64,26.73,27.13,27.22,26.89,27.05,27.22,27.22,26.96,26.73,27.05,26.96,26.96,26.56,26.96,27.05,27.05,26.96,27.05,27.13,27.22,27.05,27.05,27.13,26.96,26.89,26.64,27.29,27.45,26.89,27.05,27.13,27.13,26.73,27.05,26.96,26.89,26.96,27.22,27.13,26.96,26.73,27.13,26.96,26.96,26.80,26.96,26.96,26.89,26.89,26.89,27.05,27.22,26.96,27.05,26.73,27.05,26.73,26.80,26.89,27.22,26.73,27.05,26.89,26.89,26.96,27.13,26.89,26.56,26.64,26.56,27.05,26.96,26.73,27.13,26.64,26.56,26.56,26.47,26.64,26.80,27.05,26.56,26.64,26.56,26.56,27.05,26.64,26.89,26.64,26.96,26.73,26.56,27.13,26.89,27.05,27.05,26.64,26.89,26.89,27.13,26.64,26.56,26.40,26.56,26.80,27.05,26.73,26.73,26.73,26.56,26.73,26.89,26.56,26.56,26.80,26.47,26.96,26.73,26.73,26.56,26.73,26.47,26.64,26.64,27.13,26.80,26.96,26.73,26.89,26.73,26.64,27.05,27.13,26.89,26.64,26.96,27.13,26.73,27.13,26.73,26.80,26.89,26.64,26.96,26.40,26.89,27.22,26.73,26.89,26.80,26.64,26.80,26.56,26.96,26.89,26.73
26.40,26.89,26.89,26.64,26.64,26.80,26.80,27.22,26.80,26.96,26.73,26.64,26.14,26.73,26.64,26.56,26.47,26.73,26.47,26.64,26.64,26.89,26.64,26.73,26.73,26.73,26.80,26.64,26.64,27.13,26.89,26.73,27.05,26.80,27.13,27.13,26.80,26.96,27.22,26.64,26.56,26.80,26.89,26.64,26.89,26.64,26.89,26.89,26.80,27.13,26.96,26.80,27.13,26.80,27.29,27.22,26.89,26.56,26.64,27.05,26.73,27.22,27.05,26.56,27.05,26.56,26.80,26.73,26.96,26.47,26.56,26.56,27.05,26.89,27.05,26.64,26.73,27.05,26.80,26.56,26.89,26.96,26.80,26.56,26.73,26.96,26.96,26.89,27.05,26.89,27.13,27.22,26.96,27.13,26.56,26.80,26.89,26.47,27.05,26.96,27.22,26.96,26.89,26.96,26.80,27.13,27.05,26.73,27.05,26.89,27.05,27.13,27.22,27.05,26.89,26.96,27.13,27.22,26.64,27.05,26.96,27.05,26.80,26.89,27.22,26.73,26.96,26.80,26.73,26.80,27.13,27.22,27.22,27.36,27.29,27.62,27.62,26.96,27.05,26.80,27.22,27.13,27.29,27.05,27.05,26.89,27.05,27.29,26.56,26.96,26.96,27.22,26.96,26.80,27.05,26.89,26.56,26.80,26.80,26.89,26.56,27.22,26.96,26.96,26.80,26.89,26.73,26.89,27.13,27.05,27.13,27.29,27.29,27.45,27.36,27.36,27.22,27.13,26.96,27.53,27.53,27.53,27.36,27.36,27.36,27.53,27.45,27.36,27.45,27.69,27.29,27.69,27.36,27.69,27.92,27.85,28.00,28.16,28.16,28.54,28.09,28.09,28.00,28.00,27.76,27.76,27.76,27.85,27.76,27.45,27.36,27.22,26.96,27.05,27.13,26.96,26.80,27.05,26.80,26.89,27.05,26.96,27.05,27.22,27.36,27.05,27.05,26.80,26.80,26.96,27.13,27.22,27.13,27.22,26.96,27.36,27.29,26.96,27.13,27.22,26.80,27.13,26.56,27.22,26.96,26.80,26.73,26.80,27.05,27.13,27.05,27.05,26.89,27.05,26.96,26.96,27.13,27.05,27.29,27.53,26.73,26.73,27.13,27.05,26.89,26.96,27.22,26.64,26.96,26.96,26.64,26.96,26.73,26.89,26.73,26.96,26.89,26.96,27.13,27.13,27.29,27.05,27.13,26.96,26.73,26.80,26.73,27.05,26.47,26.47,26.73,26.96,27.05,26.73,27.13,26.89,26.73,26.56,26.73,26.73,26.73,26.56,27.13,26.96,26.89,26.89,27.13,27.22,26.73,26.89,27.13,26.56,26.56,26.64,26.73,26.73,27.05,26.56,26.73,26.64,27.05,26.80,27.13,26.73,26.73,26.80,27.13,26.89,27.45,26.64,26.64,26.96,26.64,26.73,26.73,26.40,26.96,26.73,27.13,26.80,27.22,26.64,26.89,26.96,26.89,27.13,26.89,26.89,26.89,26.73,26.89,27.05,26.73,27.05,26.64,26.73,26.96,26.89,26.64,27.13,27.13,26.80,27.22,26.89,26.80,26.64,26.64,27.05,26.89,26.89,26.89,26.73,26.80,27.05,26.73,26.73,26.80,26.64,26.64,26.64,26.73,26.64
27.05,26.89,26.64,27.05,26.89,26.73,26.64,26.80,26.73,26.89,26.80,26.96,26.96,26.89,26.80,26.80,27.05,26.47,26.56,26.80,26.47,26.56,26.47,26.89,27.05,26.73,26.80,26.96,26.73,26.73,26.56,26.56,26.40,26.73,26.64,26.64,26.89,27.13,26.56,26.80,26.89,27.05,26.80,26.31,26.96,27.13,26.56,27.36,26.96,26.73,27.05,26.73,26.64,26.40,26.80,26.56,26.47,27.13,26.73,26.47,27.05,27.13,26.64,26.56,26.96,26.73,26.89,26.80,26.96,27.05,26.96,26.56,26.64,27.05,27.13,27.05,26.40,27.05,27.05,26.89,26.47,27.05,27.13,26.73,26.89,26.80,27.13,27.05,26.89,26.96,27.13,26.96,26.96,27.22,26.80,27.13,27.05,26.56,26.47,27.05,26.89,26.96,27.05,26.80,27.05,27.29,27.22,26.80,26.73,26.56,26.80,26.73,26.89,27.05,26.96,26.80,27.05,26.89,26.89,27.05,27.05,27.22,26.89,27.13,26.89,26.96,26.89,26.96,26.96,26.56,26.89,27.13,26.96,27.05,27.05,26.89,26.96,26.96,27.05,26.56,27.05,26.73,26.96,27.29,27.22,27.13,26.73,27.05,27.05,26.96,27.13,26.80,26.96,27.05,27.05,26.64,27.13,26.96,27.13,26.96,27.05,26.96,26.96,26.89,27.22,26.73,27.13,27.05,26.96,27.05,27.29,27.22,27.45,27.29,27.45,27.29,26.96,27.05,26.80,27.36,27.29,26.96,27.13,27.05,27.13,27.22,27.29,27.36,27.69,27.62,27.76,27.36,27.76,27.53,28.00,28.00,28.00,28.16,28.09,28.39,28.23,28.00,28.23,28.09,27.76,27.69,27.76,27.45,27.69,27.36,27.76,27.45,27.22,27.36,26.96,26.47,26.96,27.05,26.80,27.05,27.05,27.05,26.96,27.05,27.05,26.73,27.05,26.89,26.64,26.80,26.80,27.13,26.96,26.89,27.45,27.22,26.96,26.96,27.05,26.96,26.89,27.13,27.05,27.13,27.13,27.05,26.56,27.22,26.96,26.89,26.96,27.29,26.96,26.89,27.05,26.89,26.96,26.89,26.89,27.13,26.96,26.73,26.64,27.05,26.56,26.64,26.96,26.56,26.80,26.89,27.13,26.64,26.73,26.89,27.13,27.05,26.56,26.89,26.73,26.96,26.80,27.05,27.05,26.73,26.73,26.96,26.96,26.96,27.05,26.96,26.80,26.96,26.73,26.40,26.80,26.80,26.64,26.96,26.73,26.80,26.73,27.05,26.56,26.96,26.80,26.80,26.89,26.56,26.64,26.73,27.13,26.73,26.80,26.80,26.56,26.89,26.80,26.40,26.80,26.56,26.89,26.89,26.96,26.47,26.56,26.80,26.56,26.89,26.80,27.13,27.05,26.96,26.89,26.96,26.80,26.89,26.47,26.64,26.73,26.64,26.73,26.73,27.22,26.73,26.89,26.56,26.96,26.64,26.47,26.56,26.64,27.05,26.73,27.13,26.56,26.64,26.64,26.64,26.80,26.64,26.89,26.73,26.89,26.80,27.13,26.89,27.05,26.73,26.96,26.80,26.56,26.64,26.80,26.89,26.80,26.89,26.96,26.56,26.80,26.56,26.89,26.47
26.73,27.05,26.73,26.73,26.80,26.96,26.64,26.64,26.89,26.73,26.56,26.56,26.96,26.56,27.05,26.80,26.89,26.64,26.73,26.47,26.64,27.13,26.96,27.13,26.73,27.22,26.96,26.80,26.64,26.89,26.64,26.47,26.56,27.22,26.96,26.47,26.64,26.73,26.89,26.73,27.13,26.73,27.22,26.64,26.80,26.96,27.13,27.29,26.89,26.64,27.29,27.29,26.89,26.73,27.13,27.05,26.89,26.56,26.80,26.96,26.64,26.73,26.80,27.22,26.56,26.96,26.96,26.89,26.73,26.73,27.22,27.05,26.89,26.89,26.80,26.56,26.73,26.89,26.89,26.80,27.13,26.96,27.05,26.80,26.89,26.96,26.47,26.56,26.80,26.80,26.96,26.40,26.89,27.05,26.64,26.96,26.89,26.80,27.05,26.73,26.56,26.56,26.96,26.89,27.05,27.05,26.96,26.73,27.05,26.80,26.89,26.89,26.96,26.89,26.80,27.05,27.13,27.05,26.96,26.96,26.96,27.29,26.73,27.05,26.89,27.05,26.96,26.64,27.29,26.96,26.96,26.89,27.13,27.13,26.47,27.13,26.96,27.05,27.13,26.80,26.80,27.05,27.05,27.22,26.64,26.89,26.96,26.96,27.05,26.89,26.89,26.89,26.80,27.13,27.05,27.05,27.13,26.64,27.22,26.80,26.96,26.89,26.73,26.73,26.89,27.22,27.29,27.13,27.45,26.96,27.29,27.13,27.36,27.13,27.13,26.89,26.96,27.29,27.29,26.89,27.36,27.22,27.45,27.45,27.36,27.29,27.45,27.53,27.45,27.22,27.85,27.69,27.53,27.69,27.76,27.62,28.39,27.92,28.00,28.09,28.09,27.85,27.92,27.62,27.53,28.00,27.29,27.45,27.22,27.36,27.22,27.13,27.29,27.29,26.96,27.36,27.05,27.22,27.22,26.89,26.89,26.96,26.96,27.05,27.13,27.13,27.29,27.05,26.96,26.73,27.22,27.05,27.05,27.05,27.22,27.22,27.22,27.36,26.89,27.29,26.96,26.73,27.13,26.89,26.47,27.13,27.05,27.05,26.64,26.56,26.96,26.89,26.96,27.13,27.22,27.05,26.64,27.22,26.89,27.29,26.89,26.64,26.80,26.80,26.89,26.64,27.29,27.05,27.22,26.89,27.05,27.05,26.96,27.13,26.96,26.96,27.22,26.89,26.73,26.73,27.05,26.80,26.96,27.05,26.96,26.96,27.13,26.64,26.56,26.80,27.36,26.73,26.96,26.89,26.64,27.05,26.47,26.96,26.96,26.80,27.05,26.56,26.47,26.56,26.96,27.05,26.73,27.13,26.56,26.47,26.73,26.47,26.89,26.73,26.80,26.96,26.80,27.05,26.73,26.40,27.05,26.56,26.96,26.89,26.31,27.13,26.96,26.80,26.47,26.80,26.89,26.73,26.73,26.64,26.96,26.89,26.96,27.05,26.96,26.89,26.64,26.73,26.96,27.22,26.80,26.96,26.73,26.80,26.73,26.64,26.96,26.80,26.80,27.05,27.05,26.56,26.40,26.96,27.22,26.89,26.64,26.56,26.56,27.05,26.89,26.73,26.89,26.64,26.80,26.96,26.73,26.80,26.73,26.73,26.73,26.73,26.89,26.80,26.56,26.73,26.73,26.64
26.80,26.40,26.64,26.64,26.73,26.73,26.73,26.73,26.89,26.80,26.73,26.56,26.73,26.80,26.80,26.64,26.64,26.80,26.56,27.22,26.47,27.05,26.56,26.89,26.73,26.56,26.56,26.47,26.64,26.80,26.64,26.56,26.73,26.80,26.56,26.47,26.80,26.73,26.80,26.89,26.64,27.13,26.80,26.80,26.80,26.56,26.89,26.64,26.64,26.73,26.80,26.47,26.73,26.89,26.73,26.64,27.29,26.89,27.05,26.56,26.64,26.64,27.05,27.05,26.96,27.13,26.96,26.64,26.89,26.89,26.89,26.64,26.64,27.05,26.73,26.64,26.80,27.13,26.96,27.05,26.96,26.96,26.96,26.89,27.05,26.96,27.05,27.05,26.89,26.89,26.64,26.80,26.96,26.73,26.89,26.47,27.13,26.96,26.80,26.89,26.89,27.29,26.56,26.96,27.05,26.64,26.96,27.13,26.89,27.22,26.96,26.80,27.22,26.80,27.36,26.96,26.89,27.36,26.56,26.89,26.89,26.73,26.96,27.22,27.13,27.13,26.47,26.96,26.56,27.13,27.13,26.89,26.80,26.80,27.13,27.22,26.96,26.73,27.29,27.05,26.80,27.05,26.80,27.05,27.13,27.05,27.13,26.89,26.89,27.05,27.05,26.80,26.96,27.05,27.29,27.05,27.05,27.05,26.80,27.13,27.13,26.96,26.96,26.56,27.36,27.13,26.73,27.29,26.96,26.73,27.36,26.96,27.45,27.13,27.36,26.96,27.29,27.29,27.76,27.62,27.05,27.13,27.29,27.29,27.36,27.36,27.29,27.36,27.36,27.36,27.45,27.85,27.69,27.76,27.85,27.85,28.09,27.92,28.16,27.85,27.76,27.76,27.85,27.85,27.53,27.53,27.62,27.13,27.29,27.22,27.69,27.22,27.13,27.36,27.22,27.22,27.22,27.13,27.45,26.96,26.96,26.73,26.89,26.96,27.36,27.22,26.96,26.89,27.29,26.73,27.22,26.96,26.64,27.13,27.05,27.05,27.13,26.80,27.29,27.13,27.05,26.89,26.89,27.13,27.29,26.96,26.96,27.22,26.96,27.22,27.05,26.96,26.73,27.13,27.05,26.64,26.56,27.05,26.73,26.89,26.64,26.64,26.56,27.13,26.89,27.05,26.96,26.96,27.29,26.96,27.05,27.13,27.05,27.05,27.22,26.73,26.96,26.64,26.89,27.13,26.80,26.80,27.05,26.80,27.05,26.56,27.13,26.64,26.64,27.05,26.96,26.64,26.80,26.80,26.96,26.64,27.22,26.96,27.13,26.96,27.05,26.89,26.64,26.73,27.05,26.56,26.56,27.13,27.05,26.73,26.89,26.31,26.96,27.05,26.64,26.80,27.13,26.96,27.05,26.96,26.96,26.73,26.64,26.73,26.89,26.73,26.89,27.13,26.73,26.64,26.80,27.22,26.96,27.13,26.73,27.13,27.29,26.96,26.89,26.64,26.73,26.89,26.64,26.89,26.89,26.56,26.73,27.13,26.56,26.89,26.80,26.56,26.96,26.73,26.73,27.22,26.80,26.80,26.96,27.22,26.80,26.73,26.80,27.13,26.80,26.73,26.47,26.80,26.89,26.80,26.80,27.13,26.80,27.13,26.40,26.73,26.73,26.56,26.64,26.73,26.56,26.89
26.89,26.80,26.05,26.40,26.64,26.40,26.73,26.96,26.64,26.47,26.73,26.47,26.73,27.13,27.13,26.89,27.36,27.29,26.96,26.80,26.89,26.80,27.05,26.73,26.80,26.89,26.89,26.80,26.80,26.89,26.73,26.64,27.05,26.73,26.96,27.05,27.22,26.47,26.80,26.80,26.80,26.73,26.80,26.73,26.89,26.73,26.73,26.89,26.80,26.73,26.96,27.05,26.89,27.05,26.73,27.22,26.80,26.80,27.22,26.89,26.73,26.96,26.47,26.40,26.64,27.05,26.56,27.36,26.56,26.73,26.80,26.73,27.05,26.96,27.13,26.64,26.89,26.89,26.96,26.73,26.96,26.64,26.89,27.05,26.89,26.56,26.80,26.56,26.96,26.80,26.96,26.96,27.22,26.73,27.13,26.47,26.96,26.64,27.05,27.05,27.05,26.89,26.96,26.64,27.22,26.89,26.96,27.22,26.89,26.80,27.22,26.80,27.29,26.80,26.80,27.22,26.73,27.05,26.89,27.22,27.13,26.80,27.05,27.05,27.05,26.96,26.89,26.73,26.89,26.89,27.05,27.13,26.89,26.89,27.05,26.73,26.73,27.05,26.80,27.05,27.13,27.22,26.96,26.89,27.13,26.80,27.36,26.73,27.13,26.73,26.96,26.89,26.80,26.89,27.13,26.89,26.96,26.89,27.13,26.73,27.13,26.73,27.05,26.73,26.96,27.22,27.22,27.13,26.96,27.29,27.45,27.36,26.96,27.22,27.22,27.29,27.22,27.36,27.22,27.36,27.22,27.45,27.29,27.36,27.13,27.76,27.22,27.45,27.45,27.76,27.29,27.36,27.36,27.92,27.85,27.76,28.09,28.00,27.92,28.23,27.76,28.00,27.92,27.62,27.76,27.85,27.29,27.22,27.36,27.85,27.36,27.76,27.69,27.36,27.13,27.22,27.13,27.29,26.96,26.96,26.96,27.29,27.13,27.05,26.96,26.73,27.22,27.05,27.13,26.96,27.13,26.64,27.13,26.89,26.89,27.36,27.13,27.05,26.96,26.64,26.89,27.22,27.36,26.89,26.80,27.05,26.96,27.13,27.05,26.89,26.96,26.73,27.13,26.89,27.05,26.96,26.96,27.13,26.89,26.80,26.96,27.13,26.64,26.96,27.22,26.89,27.05,26.89,26.80,27.13,26.96,26.96,27.22,26.56,27.05,26.96,27.05,27.22,26.96,26.96,26.89,26.56,26.73,27.22,26.89,26.96,26.96,27.05,27.05,27.05,26.64,26.80,27.05,27.13,26.64,27.22,27.13,27.13,26.89,26.89,26.80,26.89,26.89,26.73,27.13,27.05,27.05,26.56,27.05,26.73,26.80,26.64,26.73,26.89,26.96,26.64,26.89,26.96,26.73,26.89,26.96,26.56,27.36,26.80,26.96,26.89,26.80,26.89,26.89,26.56,26.80,26.89,26.73,27.13,27.05,26.80,26.80,26.89,27.05,27.05,26.31,26.89,26.56,27.13,26.73,27.22,26.80,26.80,26.56,26.56,27.05,27.13,27.05,26.73,26.73,26.89,26.73,26.80,26.89,26.96,27.05,26.64,26.47,27.05,26.64,26.47,26.64,27.05,26.64,26.80,26.89,26.96,26.31,26.73,26.80,26.73,26.80,26.64,26.23,26.80,26.73,26.96
27.05,26.96,26.73,26.89,26.96,27.05,27.29,26.89,26.64,26.56,26.96,27.36,26.64,26.73,27.22,26.89,26.80,26.89,26.64,26.96,26.64,26.73,26.73,26.56,26.80,26.64,26.56,26.89,26.89,26.96,27.13,26.64,26.96,26.96,26.80,26.96,26.64,26.64,26.89,26.73,27.05,26.89,26.80,27.05,26.56,27.05,26.96,26.73,27.29,26.80,26.89,27.05,26.96,27.13,26.64,26.64,27.22,27.05,26.89,26.56,26.89,26.96,26.96,27.05,26.73,26.64,26.96,27.13,26.80,26.89,26.89,26.64,26.89,26.80,26.96,26.64,26.89,26.89,26.47,27.05,27.13,26.89,26.80,27.05,26.89,26.89,26.56,27.13,26.89,26.64,26.80,26.80,26.80,26.89,26.80,27.13,26.89,26.96,26.80,27.22,26.47,26.80,26.89,27.36,27.13,27.22,26.96,27.22,27.13,27.13,27.29,27.13,26.89,26.80,26.96,26.89,27.13,27.36,26.73,26.96,26.80,27.13,26.89,26.96,27.05,27.29,26.96,26.80,27.22,27.36,27.05,26.56,26.96,27.05,26.89,26.96,27.22,26.89,27.13,26.89,27.05,27.13,27.05,27.13,27.53,27.13,27.13,27.13,26.96,26.96,26.80,26.89,27.05,26.96,26.89,26.96,27.13,26.80,26.73,26.89,27.22,26.96,27.13,27.05,27.13,27.13,27.22,26.96,27.13,26.96,27.13,26.96,27.36,27.22,27.29,27.53,27.29,27.53,27.22,27.22,27.36,27.29,27.22,27.45,27.62,27.36,27.22,27.29,27.22,27.36,27.85,27.36,27.45,27.45,28.16,28.54,27.76,27.53,28.46,28.61,27.92,27.85,27.85,27.62,27.85,27.69,27.53,27.36,27.53,27.53,27.13,27.22,27.22,27.05,27.29,26.80,27.29,27.05,27.05,26.96,27.05,27.22,27.05,26.89,26.96,27.29,27.13,27.05,27.13,27.05,26.96,26.96,26.80,26.64,26.89,26.96,26.96,26.96,26.89,26.96,26.56,26.56,26.80,27.53,27.22,27.22,27.13,26.96,27.22,27.05,27.05,26.89,27.05,26.89,26.96,26.96,26.89,27.29,26.73,27.22,27.05,26.89,27.36,26.96,27.22,27.29,26.56,26.73,26.96,26.89,27.29,27.13,26.73,27.05,26.96,27.13,26.89,26.89,26.73,26.56,27.05,26.64,27.13,26.80,26.89,26.73,26.73,26.73,27.05,26.73,27.05,26.56,26.80,26.96,27.13,26.64,26.56,26.64,26.96,26.89,26.64,26.80,26.73,26.96,26.96,26.80,26.56,26.31,26.80,26.80,26.73,26.96,27.22,26.73,26.73,26.96,27.05,27.05,26.89,27.13,26.56,26.73,26.80,26.64,26.80,26.89,26.96,26.64,26.96,27.13,27.22,27.36,26.64,27.05,27.05,26.89,26.89,27.13,26.89,26.73,26.89,26.73,26.80,26.89,26.73,26.73,26.73,26.64,26.73,26.80,26.80,27.13,27.05,26.73,26.73,26.73,26.47,26.89,26.89,26.80,26.89,27.05,26.64,26.80,26.64,27.29,26.89,26.80,26.40,26.56,26.89,26.96,26.80,26.89,26.80,26.47,27.13,26.47,26.47,26.80,26.73,27.05
26.56,26.89,26.89,26.73,26.64,26.64,26.80,26.89,26.23,26.89,26.89,26.56,27.05,26.73,26.80,26.73,26.73,26.80,26.73,26.56,26.80,26.73,26.96,26.40,26.73,26.89,26.89,26.89,26.96,26.96,26.73,26.73,26.56,26.89,26.80,26.64,26.56,26.56,26.80,26.64,26.73,26.56,26.64,26.89,27.05,26.80,26.64,27.22,26.96,26.80,26.23,27.13,27.22,27.22,27.13,26.73,26.56,26.89,26.73,27.05,26.64,27.05,27.22,26.89,26.47,26.80,27.05,26.56,26.96,26.73,26.80,26.96,26.73,26.89,26.73,26.64,26.89,27.13,27.29,26.73,27.05,26.64,27.05,26.64,26.96,26.89,26.73,26.80,26.47,26.47,26.73,26.56,26.89,26.80,26.73,26.47,26.64,26.89,26.96,26.40,26.56,26.80,26.96,26.47,26.96,27.13,26.80,26.73,26.96,26.73,26.96,27.22,26.80,27.05,26.89,27.05,26.40,26.89,27.05,26.80,26.56,26.96,27.05,27.05,26.89,27.05,26.89,26.80,27.05,26.96,26.80,26.47,27.13,27.05,26.96,26.96,26.89,26.89,26.89,26.47,27.22,26.89,26.96,26.80,26.80,27.05,27.22,27.05,27.13,26.64,26.73,26.96,26.80,26.47,27.13,27.29,26.96,27.05,26.89,26.89,26.89,27.05,26.80,26.96,27.05,26.96,26.89,27.29,27.22,27.22,27.22,27.45,26.89,27.45,27.36,27.29,27.36,26.96,27.22,27.29,27.22,27.69,27.13,27.22,27.05,27.53,27.22,27.36,27.53,27.13,27.22,27.45,27.22,27.36,27.53,27.69,27.76,28.09,28.00,29.22,27.92,27.76,27.69,27.13,27.36,27.36,27.22,27.85,27.36,27.69,27.22,27.45,27.29,27.13,26.96,26.96,26.96,27.13,27.05,27.22,27.29,27.05,27.05,26.64,26.96,26.89,26.64,27.05,26.96,27.29,27.22,26.73,27.29,27.05,27.05,27.22,26.96,26.89,26.96,26.80,26.96,27.22,27.05,26.73,26.96,26.89,27.36,27.29,27.05,26.89,26.96,27.05,26.89,26.96,27.13,26.64,27.13,27.13,26.73,26.73,26.96,27.22,27.22,26.89,27.05,27.36,27.22,27.13,27.22,26.64,27.05,26.80,27.05,27.29,26.96,26.89,26.89,26.89,27.22,26.96,27.13,26.96,26.73,26.96,26.56,26.64,26.73,26.89,27.13,26.73,26.89,26.73,26.96,26.73,27.05,26.64,26.73,26.64,27.05,26.64,26.96,26.96,27.22,26.64,27.05,26.80,26.64,26.73,26.96,26.73,26.47,26.64,26.80,27.05,26.64,26.56,26.80,27.13,27.13,26.89,27.05,26.73,26.40,26.80,27.05,26.40,26.89,27.29,27.05,26.40,26.89,26.47,26.89,26.64,26.40,26.47,26.64,26.64,26.80,26.89,26.80,26.80,26.73,26.80,26.89,26.73,26.80,27.36,26.96,26.73,26.73,26.73,26.80,26.73,26.64,26.89,26.80,26.64,26.89,26.80,26.73,26.56,26.56,26.73,26.56,26.80,26.40,26.73,26.56,26.73,26.89,26.80,26.89,26.89,26.73,26.64,26.73,27.05,26.56,26.73,26.64,26.64
26.96,26.80,26.73,26.73,26.47,26.80,26.73,26.64,26.96,26.64,26.96,26.64,26.56,26.73,26.89,26.89,26.73,26.64,26.64,26.73,27.05,26.80,26.96,26.80,26.80,27.29,26.73,27.13,26.56,26.73,27.13,26.56,26.80,26.89,26.89,26.80,27.22,27.05,26.89,26.80,26.64,26.56,27.36,27.13,26.56,27.05,27.13,27.22,26.89,26.64,26.56,26.73,26.80,26.64,26.80,26.80,27.13,26.80,26.73,26.80,26.64,26.80,26.73,27.13,26.96,26.96,26.73,27.05,26.89,26.96,26.80,26.64,26.96,26.96,26.89,26.96,26.96,26.96,26.73,26.96,26.89,27.13,27.05,27.05,26.80,27.13,26.96,26.80,26.96,27.05,26.80,26.89,27.13,26.96,26.96,26.96,26.56,26.56,26.80,26.89,26.89,26.96,26.80,26.73,26.96,26.89,26.96,27.05,26.96,26.73,26.96,27.05,26.96,26.89,26.56,26.96,27.22,27.05,27.22,27.29,27.05,26.96,27.05,26.73,27.13,26.96,26.89,26.96,26.80,26.96,27.05,27.13,27.36,27.13,27.05,26.89,26.89,26.96,27.13,26.40,26.89,26.96,26.80,26.96,27.22,26.89,27.05,26.96,26.73,26.73,26.96,27.05,26.80,26.89,27.22,26.89,26.80,26.96,26.96,27.29,26.73,27.05,27.13,27.22,27.22,27.22,27.13,26.89,27.13,27.13,27.45,27.22,27.45,27.05,27.22,27.36,27.22,27.13,27.13,27.29,26.96,27.05,27.36,27.13,27.62,27.53,27.22,27.45,27.36,27.62,27.45,27.13,27.76,27.53,27.85,27.92,28.00,28.00,28.46,29.22,28.09,27.45,27.45,27.69,27.53,27.36,27.45,27.22,27.29,27.36,27.13,27.53,27.45,27.22,27.05,27.13,26.96,26.73,27.13,26.73,27.29,27.29,27.45,27.29,26.96,27.05,26.96,27.22,27.13,27.22,26.96,27.13,26.96,27.22,27.05,27.05,26.56,27.05,26.80,26.64,26.64,27.29,26.96,27.45,26.96,27.13,27.13,26.89,27.13,27.13,27.29,26.89,26.96,27.13,26.96,27.36,26.73,27.05,27.05,27.22,27.13,26.96,26.89,26.80,26.96,26.96,27.36,27.05,26.96,27.13,26.89,26.96,26.96,27.05,27.05,26.89,26.96,27.05,26.89,26.89,26.73,26.96,26.64,26.96,26.96,27.22,26.89,27.05,26.96,26.96,26.96,26.64,26.89,26.64,26.80,26.73,26.56,26.89,26.64,27.22,26.96,26.89,27.05,27.05,26.96,26.73,26.73,26.73,26.89,26.47,26.73,27.05,27.05,26.89,27.05,27.22,27.05,27.13,26.80,26.64,26.96,26.73,26.64,27.13,26.80,26.64,26.64,26.80,26.64,26.64,27.05,26.64,26.89,26.73,26.73,26.47,26.64,26.96,26.89,26.73,26.96,26.96,26.80,26.89,26.96,27.36,26.80,27.22,26.89,26.80,27.13,26.80,26.80,26.80,26.56,26.73,26.64,26.73,26.89,26.73,26.56,27.05,26.64,26.47,26.89,26.80,26.80,26.73,26.73,26.73,26.64,26.96,26.73,26.80,26.80,26.89,26.80,26.56,26.80,26.80,26.80,27.13
27.29,26.96,26.96,26.47,26.80,26.73,26.73,26.96,26.80,26.80,26.89,26.96,26.96,26.89,26.80,26.89,26.73,26.89,27.05,26.89,26.73,26.73,27.13,26.89,26.80,26.96,26.56,26.89,26.80,26.73,26.73,26.80,26.64,27.13,27.13,26.80,26.64,27.05,27.13,27.22,26.80,26.89,26.64,26.89,27.05,26.73,26.89,27.22,26.96,27.05,26.73,26.23,26.80,26.96,26.80,26.73,26.73,26.80,27.05,27.29,27.22,26.64,26.47,27.29,26.73,27.13,26.64,26.89,26.80,26.80,27.05,26.40,26.89,26.89,26.96,26.89,26.73,26.64,26.96,26.89,26.96,26.80,27.22,27.05,26.80,26.80,26.89,26.89,26.56,27.22,26.89,26.56,27.22,27.05,27.22,26.56,26.89,26.80,26.96,26.80,26.56,27.05,26.64,26.89,26.89,27.13,26.96,26.73,26.96,26.89,27.05,27.05,26.73,26.89,26.89,27.05,26.73,26.64,27.05,26.80,26.96,26.89,26.80,27.53,26.96,26.80,27.29,26.64,27.05,26.96,26.96,27.13,27.45,26.73,27.36,27.05,27.22,27.05,27.05,27.05,26.89,27.05,26.89,27.13,27.05,27.05,26.80,27.45,26.96,27.05,27.13,27.05,26.89,26.96,26.73,26.96,26.73,26.89,26.89,27.13,26.80,27.13,27.13,26.96,26.96,26.89,27.29,27.05,27.22,27.29,27.22,27.29,27.13,26.80,27.13,27.13,26.96,27.22,27.29,27.05,27.13,27.29,27.36,27.29,27.45,27.13,27.45,27.13,27.22,27.36,27.69,27.13,27.76,27.92,27.69,27.76,28.00,28.00,28.16,29.52,27.69,28.00,26.96,27.36,27.45,27.62,27.36,27.36,27.36,26.96,27.29,27.53,27.29,27.69,27.05,27.13,27.22,27.05,26.96,27.13,27.13,27.22,27.36,27.36,26.96,27.05,27.05,27.05,27.29,27.22,27.05,26.96,26.89,26.89,27.22,27.22,27.05,27.13,26.96,27.22,26.96,26.89,26.89,26.89,27.22,26.89,27.05,26.80,27.05,26.80,27.13,27.05,27.29,26.89,27.29,26.73,26.47,27.22,26.96,26.96,27.22,27.22,26.47,26.64,26.64,26.96,26.89,26.89,26.96,26.96,27.05,27.05,26.96,27.36,26.89,27.05,27.05,26.96,27.13,26.89,26.96,27.13,26.80,26.96,27.22,26.89,27.05,26.96,26.47,27.05,26.73,26.73,26.89,27.29,26.56,26.40,26.64,26.89,26.80,26.47,26.64,26.96,26.96,26.96,26.73,26.73,27.36,27.22,26.96,27.13,27.05,27.05,27.22,26.96,26.89,26.56,26.96,26.56,26.64,26.80,27.13,26.47,26.40,26.96,26.80,26.96,26.89,27.13,26.80,26.73,26.96,26.56,26.73,26.73,26.89,27.13,27.13,26.89,26.80,27.22,26.89,27.05,26.73,26.80,26.89,27.13,26.56,26.31,26.89,26.73,26.89,26.80,26.89,26.80,26.80,26.96,26.56,26.96,27.13,26.56,26.96,27.13,26.89,26.73,26.47,27.05,26.80,26.80,26.56,26.64,26.80,26.89,26.64,26.56,26.64,26.73,26.80,26.89,26.80,26.96,26.64,26.80
27.13,26.89,26.47,26.80,26.89,26.80,26.47,26.80,26.96,26.80,26.96,27.13,26.73,26.96,26.73,26.89,26.96,26.73,26.73,26.73,26.56,26.96,26.64,26.80,26.56,27.13,27.45,26.80,26.89,26.89,26.40,26.80,26.64,26.89,26.73,26.89,26.73,27.05,27.05,27.13,26.80,26.64,27.36,27.13,27.22,27.05,26.80,26.80,26.73,26.64,26.73,27.13,26.80,26.96,26.96,26.96,27.22,26.96,27.05,26.89,27.13,26.73,26.96,27.05,26.89,27.05,26.96,27.05,26.89,26.64,26.73,26.96,26.89,27.05,26.64,26.89,26.47,26.89,26.96,26.73,27.05,27.45,26.47,26.89,27.05,26.80,26.96,26.89,27.22,26.89,27.22,27.22,26.96,27.22,26.96,26.64,26.96,26.80,26.80,26.89,26.89,26.89,27.05,27.05,26.96,26.80,26.80,26.96,26.64,26.47,26.96,26.73,26.73,26.89,26.89,26.80,27.05,27.13,27.05,26.96,27.22,27.05,27.05,26.89,26.73,26.64,26.96,27.13,26.80,26.80,27.36,27.22,26.96,26.80,26.96,27.05,26.96,26.96,26.89,26.96,26.96,26.80,26.96,27.36,26.89,27.05,27.05,26.96,26.89,26.80,26.73,26.73,26.80,27.22,27.13,27.05,26.80,26.96,26.80,27.05,27.13,27.13,26.80,26.96,26.89,26.56,26.96,27.13,27.36,27.22,27.36,26.96,27.36,27.13,27.22,26.96,26.80,27.29,27.13,26.96,27.29,27.45,26.89,27.13,27.36,27.22,27.22,27.45,27.36,27.22,27.45,27.53,27.62,27.29,27.62,27.92,27.62,28.16,28.91,29.95,28.16,27.69,27.76,27.36,27.29,27.22,27.62,27.05,27.36,27.05,27.29,27.36,27.22,27.45,27.22,27.05,26.80,27.22,27.29,26.96,26.89,27.29,27.13,27.62,26.96,26.96,27.05,26.80,27.05,26.80,26.96,26.96,27.05,26.89,27.05,27.13,26.96,26.89,27.22,27.13,27.36,27.13,27.05,26.96,26.64,26.96,26.96,26.96,26.80,27.22,26.89,27.29,26.96,27.45,27.13,26.73,27.05,27.13,26.80,26.96,26.96,26.64,26.89,27.22,26.96,27.05,26.96,27.13,26.73,26.96,26.56,27.05,27.22,27.22,27.13,27.22,26.80,27.05,27.36,26.89,27.05,26.89,27.05,26.96,26.56,27.13,26.80,27.45,26.73,26.80,27.05,26.96,26.96,26.73,27.13,26.96,26.96,27.05,27.22,27.05,26.96,26.96,26.73,27.22,26.96,26.96,27.36,27.05,26.80,27.22,26.73,27.05,26.56,27.05,26.89,26.80,27.36,27.05,26.64,27.05,27.05,26.96,26.47,26.80,26.96,27.05,26.80,26.73,27.13,26.64,27.05,26.96,27.22,26.80,26.89,27.13,27.05,26.89,26.89,27.29,26.73,27.36,26.96,26.56,26.89,26.64,26.89,26.64,27.22,26.89,26.47,27.13,26.89,26.73,27.22,26.89,27.13,26.64,27.29,26.89,26.80,26.89,27.05,26.56,26.47,26.73,26.73,26.89,26.64,26.96,26.73,26.80,26.73,26.80,27.13,26.73,27.22,26.73,26.64,27.22,26.64,27.13
26.80,26.80,26.64,27.13,26.73,26.56,26.56,26.73,26.80,26.89,26.73,27.13,26.89,26.89,26.96,26.89,26.80,26.80,26.73,26.89,27.05,26.89,27.05,26.73,26.73,26.64,26.73,26.80,26.89,26.80,26.80,26.80,26.80,26.80,26.80,27.13,27.05,26.56,26.56,26.89,26.89,26.80,27.13,26.96,26.73,26.80,26.89,26.73,26.96,27.22,27.13,26.73,26.80,26.73,27.05,26.73,26.96,27.05,26.89,26.96,26.73,26.64,26.73,26.89,26.64,27.05,26.73,26.64,26.89,27.05,26.80,26.96,26.64,26.89,27.05,26.96,26.96,26.96,26.64,26.89,26.64,27.13,26.80,27.05,26.56,27.29,26.64,26.56,26.56,27.05,27.22,27.13,27.22,26.96,26.89,26.96,26.96,27.13,26.89,27.05,26.89,26.64,27.05,26.96,26.80,26.73,27.05,26.96,26.64,26.89,26.89,27.05,27.05,26.89,27.05,27.22,26.89,26.64,26.89,27.22,27.13,26.80,26.96,27.13,26.73,26.89,27.13,27.05,26.89,26.73,27.05,26.89,26.89,27.05,27.13,26.80,27.29,26.80,26.96,26.96,27.05,27.05,26.89,26.89,27.13,26.56,26.80,26.89,26.96,27.05,27.13,27.05,27.05,27.29,26.80,27.05,27.05,26.96,26.89,26.73,26.96,26.80,26.80,26.96,26.64,26.73,27.13,27.36,27.13,27.22,27.53,27.69,27.69,27.36,27.13,27.29,27.45,27.45,27.29,27.05,27.13,27.29,26.96,27.22,27.22,27.53,27.36,27.29,27.69,27.45,27.29,27.05,27.13,27.36,27.76,27.69,28.09,28.61,29.59,30.46,27.92,27.69,27.62,27.29,27.36,27.13,27.29,27.29,27.29,27.13,27.22,27.22,27.36,27.29,27.29,27.29,27.29,26.96,27.05,27.05,27.22,27.29,27.36,27.22,27.13,27.29,27.05,26.89,27.22,27.05,26.96,26.89,27.05,26.89,27.05,26.73,27.05,27.13,27.22,27.22,26.96,26.96,26.96,27.29,26.96,27.05,27.05,27.05,27.13,27.05,26.89,26.96,26.96,27.05,27.29,27.05,27.22,27.22,26.89,26.96,27.13,27.29,27.05,27.05,27.29,26.64,26.96,27.13,27.13,26.96,27.22,26.64,27.13,26.89,27.22,26.96,26.80,27.22,27.05,26.96,26.89,26.80,26.89,26.73,27.13,26.89,26.89,26.96,26.64,26.73,26.64,26.89,26.64,26.73,27.05,27.13,26.73,27.13,26.40,27.05,27.22,26.80,26.73,26.96,27.05,26.73,27.29,27.05,26.80,26.47,27.13,26.64,27.13,26.31,26.73,26.80,27.13,26.73,27.05,26.73,26.80,26.47,26.73,26.64,27.13,26.89,26.96,27.05,27.05,27.13,26.73,27.05,26.80,26.73,27.05,26.73,26.89,26.47,26.80,26.96,26.80,26.80,26.89,26.73,26.64,26.73,26.73,26.96,26.73,27.22,27.05,26.73,26.89,26.73,26.80,27.05,26.80,26.80,26.89,26.80,27.05,26.64,26.89,26.80,26.96,26.73,26.80,26.80,26.89,27.13,26.89,26.64,26.47,26.89,26.89,26.73,26.40,26.47,26.47,26.64,27.05,26.47
26.40,26.64,26.47,26.80,26.96,26.80,26.89,26.89,26.47,26.64,26.96,26.64,26.73,26.64,26.73,26.73,26.80,26.73,27.29,27.29,26.73,26.73,26.89,26.73,26.89,26.56,27.22,26.56,26.64,27.13,26.80,26.73,26.96,26.89,26.56,26.56,26.73,26.96,27.13,26.89,27.13,26.64,26.73,26.56,26.80,26.89,26.64,27.29,26.96,26.89,26.80,26.89,26.89,27.05,27.22,26.73,26.80,26.56,27.13,26.89,26.96,26.96,27.22,26.96,27.05,26.96,26.96,26.96,26.56,27.05,26.89,27.13,26.89,27.36,27.13,27.13,26.64,26.89,26.80,27.13,26.64,26.80,27.13,26.89,26.89,27.13,26.80,26.96,26.56,26.96,27.22,27.13,27.05,26.80,27.05,26.80,26.89,27.05,27.05,27.05,27.13,26.96,26.89,26.96,27.13,26.96,27.05,26.80,26.96,26.89,26.96,27.05,27.45,26.80,26.89,26.80,27.05,26.89,27.22,27.13,26.80,27.05,26.96,26.89,27.05,27.22,26.89,27.05,27.13,26.80,27.05,26.89,27.05,26.96,26.89,27.05,27.22,27.05,27.29,27.05,26.89,26.96,27.05,27.13,27.22,26.96,26.96,27.05,26.89,27.29,27.05,27.22,26.89,27.05,26.80,26.96,26.89,26.89,27.13,26.89,27.05,26.56,26.96,27.05,26.96,27.22,27.22,27.22,27.36,27.13,27.22,27.22,27.36,27.05,27.22,27.22,27.13,27.13,27.53,27.45,27.36,26.89,27.62,27.29,27.22,27.45,26.96,27.36,27.45,27.13,27.22,27.13,27.36,27.62,27.53,28.09,28.46,29.15,28.61,29.36,27.92,27.53,27.53,27.29,27.36,27.45,27.36,27.13,27.29,27.13,27.22,27.13,27.13,27.13,27.36,26.96,26.56,26.96,27.29,26.89,26.89,27.22,27.22,27.29,27.36,27.36,27.05,27.13,26.73,26.96,26.96,26.80,27.13,26.96,26.96,26.96,26.96,27.05,27.05,26.89,27.05,27.22,26.96,27.22,27.22,26.96,27.05,26.47,26.64,27.13,27.13,27.05,26.80,26.56,26.96,27.13,26.89,26.89,27.13,27.29,27.05,27.13,27.22,27.29,26.56,27.13,26.96,26.96,27.05,26.96,26.96,26.96,26.64,27.13,26.80,27.29,27.05,27.13,27.13,27.13,27.29,27.05,27.05,26.96,27.05,27.05,26.64,26.23,26.64,27.05,26.73,26.80,26.96,27.13,27.22,26.96,26.80,26.96,27.13,27.13,26.89,26.64,26.89,26.80,27.05,26.96,26.89,26.73,26.73,26.89,27.13,26.73,26.73,26.73,26.73,26.80,26.73,26.80,26.64,26.89,26.31,26.80,27.05,27.05,26.64,26.73,27.05,26.64,26.80,27.13,27.22,26.96,26.64,26.80,26.73,26.89,27.22,26.80,26.89,27.05,27.05,26.56,26.64,26.56,26.89,26.73,27.13,27.36,26.89,27.13,27.05,26.80,26.64,26.89,26.80,27.05,26.80,26.73,26.73,26.80,26.89,26.89,26.64,26.80,27.13,26.73,26.96,26.96,27.13,27.22,26.89,26.80,26.56,27.13,26.89,26.73,26.64,26.80,26.64,26.73,26.80,26.56
26.64,26.47,26.96,26.47,26.64,26.47,26.64,26.73,26.47,26.64,26.47,26.73,26.73,26.56,27.05,26.64,26.64,26.80,26.80,26.73,26.80,26.64,26.64,26.47,26.80,26.89,26.80,26.64,27.13,26.80,27.05,26.73,26.56,27.13,26.73,26.80,27.22,26.73,26.73,26.89,27.22,26.80,26.80,26.73,27.05,26.89,27.22,26.89,26.89,27.29,27.13,26.64,26.73,26.64,27.05,27.05,26.80,27.05,27.05,27.05,26.73,26.89,26.80,26.56,27.13,26.56,26.89,27.13,26.64,26.64,26.89,26.96,26.89,26.73,26.96,26.89,27.05,26.56,26.80,27.05,27.05,26.80,27.22,27.22,26.89,26.73,26.89,26.96,27.05,27.05,26.80,27.05,26.96,27.22,26.96,26.96,26.89,26.96,26.89,27.13,26.73,26.96,26.89,26.80,26.96,27.13,26.89,26.89,26.56,26.89,26.80,26.73,27.05,27.05,26.89,27.05,26.89,27.13,26.96,26.80,27.13,26.96,26.80,26.80,26.96,27.05,26.96,27.05,26.89,27.22,26.73,26.80,26.96,27.13,27.29,27.05,26.80,26.89,26.89,26.89,27.13,26.96,27.13,27.05,26.96,26.89,27.05,27.05,27.05,26.96,27.36,27.13,27.29,26.96,26.89,27.22,26.89,26.96,27.29,27.13,26.96,27.05,27.22,27.29,27.29,27.29,27.05,26.96,27.36,27.22,26.96,27.29,27.36,27.29,27.36,27.13,27.22,27.13,27.29,27.13,27.36,26.89,27.22,27.36,27.29,27.29,26.80,27.13,27.13,26.96,27.29,27.29,27.36,27.85,28.16,28.46,29.45,29.15,28.54,29.73,27.76,27.29,27.76,27.22,27.53,27.22,27.45,27.05,27.29,27.36,27.36,27.36,27.22,27.36,27.36,27.36,27.05,26.80,26.56,26.89,27.05,26.96,27.13,27.29,26.89,27.05,27.22,27.13,27.22,26.56,27.05,26.89,26.80,26.73,26.56,27.05,27.22,27.22,27.13,26.89,27.13,27.13,27.05,27.13,26.96,26.89,26.89,26.64,26.89,27.22,27.36,27.05,26.80,26.64,26.80,27.13,26.80,26.80,27.05,26.96,27.05,27.22,26.96,27.05,26.96,27.13,26.64,26.89,27.05,26.89,27.29,27.05,27.22,26.73,26.96,26.96,26.89,26.56,26.80,26.73,26.73,27.05,27.22,26.64,26.96,26.89,26.73,26.64,26.80,27.05,26.73,26.64,26.64,26.64,27.05,27.22,26.64,26.40,26.64,26.64,27.05,27.29,26.47,26.96,26.96,26.73,26.96,26.64,26.64,26.64,27.05,27.13,27.13,26.89,26.56,26.73,26.80,26.73,26.80,26.73,26.89,26.89,27.22,26.80,26.64,26.96,26.56,26.47,26.56,26.73,26.80,26.56,26.80,26.89,26.89,26.96,26.80,27.13,26.96,26.96,27.22,26.80,26.80,26.80,26.80,26.40,26.73,26.80,26.80,26.80,26.47,26.89,26.80,26.96,26.56,27.22,26.96,26.73,26.56,26.14,27.22,26.73,26.73,26.89,26.80,26.89,26.64,26.89,26.73,26.56,27.22,26.96,26.96,26.64,26.89,26.56,26.73,26.64,26.23,26.56,26.56,26.89
26.73,26.89,26.80,26.47,26.47,26.80,26.56,26.89,26.73,27.13,26.47,26.96,26.73,27.13,26.64,26.56,26.64,26.64,26.64,26.96,27.29,26.56,26.96,26.64,26.96,26.89,26.96,26.89,26.96,26.96,27.13,26.80,26.64,26.80,26.80,26.64,26.80,26.80,26.40,26.96,26.47,26.89,27.05,27.05,27.13,26.89,27.36,27.13,26.47,26.73,26.47,26.73,26.89,27.13,26.73,26.73,26.96,26.47,26.80,26.56,26.56,26.96,26.73,26.64,26.96,26.64,27.13,26.80,26.89,26.96,26.89,26.96,26.96,27.13,26.89,27.22,27.29,26.96,26.80,26.89,27.22,27.13,26.89,26.73,27.22,26.73,26.89,26.96,27.05,26.80,26.80,27.05,27.13,27.29,27.13,26.73,27.13,27.05,26.89,26.80,27.05,27.13,26.89,27.05,27.29,27.05,26.89,26.80,26.96,27.22,26.89,26.96,27.05,27.29,27.13,27.13,26.96,27.05,26.89,26.73,26.89,26.80,27.36,27.05,26.73,26.89,26.96,26.89,26.96,26.89,26.89,27.05,26.96,26.89,26.80,27.05,27.05,27.29,26.80,27.29,26.80,26.89,27.05,27.13,27.05,27.05,27.29,27.05,27.45,27.13,27.13,27.13,26.89,26.89,26.73,26.96,26.73,26.89,27.05,26.80,26.89,26.80,26.80,26.96,26.96,26.80,26.40,27.22,27.13,27.22,27.36,26.96,26.96,26.73,27.05,27.05,27.22,27.29,27.29,27.13,27.29,27.05,27.05,26.89,27.36,27.45,27.05,27.05,27.13,27.45,27.36,27.29,27.53,27.85,28.39,29.00,29.22,28.30,28.00,28.16,27.45,27.29,27.45,27.22,27.29,27.53,27.22,27.05,26.96,27.22,27.69,27.22,27.22,27.13,27.05,27.29,27.22,26.89,26.89,26.80,26.96,26.80,27.13,26.96,26.96,27.22,27.22,26.73,26.89,27.13,26.96,26.89,27.13,27.29,27.05,27.05,26.80,26.96,26.96,26.73,27.13,27.29,27.05,27.13,26.80,27.13,27.13,27.05,27.29,26.96,26.89,27.13,27.13,26.80,26.96,27.05,26.64,27.05,26.73,27.05,27.53,26.89,27.05,27.29,27.13,27.05,26.89,27.05,26.73,26.96,26.96,27.13,26.64,26.73,26.96,26.96,26.96,27.13,26.89,27.13,27.05,26.96,27.22,26.89,27.22,27.13,26.80,26.56,27.05,26.64,26.89,27.22,26.73,27.05,26.64,26.96,27.13,27.05,27.13,27.13,26.89,26.80,26.64,26.89,26.89,26.73,27.13,26.96,26.80,26.89,26.80,26.96,26.73,27.13,26.89,26.73,26.89,26.56,26.89,27.05,27.05,27.05,26.80,26.96,26.73,26.89,26.96,27.05,26.89,26.73,26.47,26.73,26.89,27.05,26.80,27.05,27.13,26.64,26.89,27.05,26.80,26.73,26.47,26.96,26.89,27.22,26.73,26.80,26.73,26.73,27.29,26.73,26.89,26.56,26.89,27.05,26.56,26.73,27.13,26.96,26.64,26.73,26.64,26.80,26.89,26.80,26.89,26.73,26.89,26.73,26.64,26.73,26.80,26.73,27.13,27.05,26.56,26.56,26.64,26.96,26.73,26.64
26.73,26.73,26.80,26.89,26.89,26.56,26.40,26.80,26.56,26.80,26.73,26.31,27.22,26.80,26.64,26.89,26.73,26.56,26.73,26.89,26.64,26.80,26.64,26.64,26.96,26.73,26.80,26.80,26.89,26.73,26.56,26.73,27.05,26.89,26.89,26.64,26.80,26.64,26.73,26.89,26.80,27.22,26.89,27.13,26.89,26.73,27.05,27.36,26.80,26.80,26.73,27.05,27.29,26.23,26.80,26.89,26.64,26.73,26.89,26.96,27.13,27.29,26.47,26.64,26.56,26.96,26.64,26.47,26.96,27.13,27.13,26.96,27.05,26.56,26.40,26.80,26.80,27.05,27.13,26.64,27.05,26.89,26.73,26.89,26.80,27.05,26.56,27.05,26.96,26.89,27.13,26.89,27.22,27.05,26.80,26.96,26.96,27.22,26.89,26.89,26.96,27.22,26.73,26.73,26.96,26.73,26.96,26.73,27.29,26.96,26.89,26.89,26.96,26.89,27.13,26.96,27.36,27.05,26.89,26.73,27.53,27.29,27.13,27.05,27.05,27.05,27.05,26.89,26.80,26.96,26.80,26.96,27.05,27.05,27.05,26.73,26.89,26.89,27.22,26.89,26.80,27.05,26.80,27.05,27.29,27.13,27.05,27.13,27.22,27.05,27.13,26.96,26.96,27.13,26.80,27.05,27.13,27.13,26.89,27.22,27.29,27.05,27.22,27.13,27.05,26.96,26.96,27.05,27.13,27.29,27.36,27.05,27.13,27.45,27.36,27.05,27.22,27.45,27.13,27.05,27.13,27.29,27.29,27.05,27.29,27.36,27.13,27.22,27.13,27.36,27.22,26.96,27.53,27.85,28.39,28.84,28.70,28.09,27.69,27.53,27.92,27.69,27.29,27.29,27.05,27.13,27.22,27.22,27.36,27.05,27.05,27.45,26.89,27.22,27.45,27.13,26.89,27.13,26.89,26.73,27.13,27.29,26.80,27.05,27.05,26.73,26.80,27.13,27.13,26.80,26.96,27.29,26.96,26.89,27.05,26.89,26.96,27.22,26.56,27.05,27.29,27.22,26.89,26.89,26.47,27.36,27.05,27.13,26.80,26.80,26.89,27.13,27.05,27.36,26.96,26.96,27.05,26.89,27.13,26.96,27.05,26.96,27.05,27.36,26.96,27.05,26.96,27.22,27.05,26.89,26.89,26.89,26.96,26.56,26.64,26.89,26.80,26.89,26.80,26.89,26.96,26.73,26.89,27.13,26.89,26.89,27.13,26.96,27.05,26.64,26.80,27.05,27.22,26.96,26.89,26.64,26.96,26.64,27.22,26.47,26.80,26.47,26.64,26.80,26.89,26.73,26.80,26.64,26.96,26.96,26.64,26.89,26.73,27.13,26.89,26.96,27.13,26.73,26.31,26.89,26.73,26.64,26.96,26.80,26.64,26.64,27.05,27.13,26.96,26.56,26.80,26.73,26.56,26.80,26.80,26.89,27.13,26.96,26.80,26.73,26.73,26.56,26.40,26.80,26.56,26.73,27.05,26.64,26.89,26.80,26.96,27.05,26.73,27.05,26.73,26.96,26.73,26.56,26.73,26.80,27.05,26.80,27.05,26.73,26.80,26.64,26.56,26.96,26.80,26.73,26.80,26.80,26.56,26.56,26.64,26.80,26.73,26.96,26.80,26.89,26.73,26.73
26.73,27.05,26.89,26.73,26.80,26.56,26.64,26.80,26.73,26.73,26.89,26.56,26.40,26.80,26.40,26.64,26.73,26.96,26.64,26.80,26.73,26.64,26.73,26.56,26.73,26.89,26.96,27.05,26.89,26.80,26.73,26.64,27.22,26.80,26.64,26.73,26.80,26.89,27.29,26.64,26.89,26.80,27.05,26.96,26.89,26.40,26.80,27.05,27.05,26.96,26.80,26.73,27.29,27.05,26.80,26.96,26.96,26.96,26.47,27.22,26.96,27.13,26.80,26.89,26.47,26.80,26.56,27.05,26.56,26.96,26.73,27.05,26.80,27.05,26.89,27.13,26.73,26.89,26.64,27.13,27.22,27.13,26.73,27.05,27.05,26.89,26.89,26.96,26.96,26.89,27.05,26.89,26.89,26.96,26.89,26.80,27.05,27.13,27.45,26.89,26.89,27.13,27.05,26.80,27.05,27.05,26.80,26.89,27.05,26.96,26.64,26.56,26.56,26.89,26.80,26.89,26.96,26.73,27.22,26.89,26.96,27.13,26.96,26.89,26.73,26.56,26.96,26.96,26.80,27.13,26.73,26.89,26.89,26.96,26.80,26.56,27.05,27.05,26.89,27.05,26.96,26.73,26.96,27.05,27.29,27.13,26.80,27.29,27.13,26.64,27.05,27.05,27.13,26.89,27.22,26.73,27.29,27.22,27.29,27.05,27.29,26.96,26.80,27.05,27.22,26.89,27.05,26.96,26.89,27.36,27.29,27.05,27.13,27.13,27.13,27.45,27.22,27.29,27.05,27.36,27.05,27.22,27.05,27.13,27.13,27.36,27.22,27.45,27.22,27.53,27.36,27.62,28.00,27.53,28.16,28.00,28.00,27.62,27.53,27.13,27.69,27.69,27.62,27.22,27.22,27.36,27.29,26.96,27.22,27.22,27.29,27.22,27.45,27.29,27.13,27.05,27.13,27.22,27.13,27.13,26.80,27.05,26.96,26.89,27.05,26.96,26.89,27.22,27.22,27.36,26.73,26.80,27.13,27.36,27.05,27.13,27.05,26.80,27.13,26.80,26.64,27.05,27.05,26.96,27.05,26.89,26.96,27.13,26.64,26.40,27.05,27.13,26.96,26.89,26.96,27.05,26.73,27.13,27.05,27.05,27.05,26.89,26.89,27.29,26.96,26.96,27.36,27.13,26.96,27.29,26.89,26.89,26.73,26.96,27.29,27.13,27.05,27.05,26.80,26.89,26.73,27.22,26.89,26.89,27.29,27.05,26.89,27.05,26.89,27.05,27.05,27.13,27.22,26.73,26.96,26.73,26.73,26.96,26.64,26.64,27.05,26.47,26.96,26.89,26.73,26.89,26.89,26.73,27.22,26.96,27.05,27.05,26.73,26.89,26.80,27.05,26.73,26.96,26.56,26.56,27.13,26.73,26.64,26.64,26.64,26.64,26.64,26.73,26.73,26.64,27.36,26.56,26.80,26.89,26.96,27.05,26.73,26.80,26.80,27.13,26.64,26.56,26.73,26.14,27.05,27.05,26.47,26.80,26.73,27.13,27.36,26.89,26.80,26.56,26.73,26.96,27.13,26.73,26.56,26.80,26.64,26.80,26.56,27.22,27.05,27.05,26.96,26.56,26.56,26.64,26.64,26.73,26.80,26.89,27.13,26.56,27.22,26.80,26.64,26.73,26.73,26.73
26.89,26.89,27.13,26.89,26.73,26.80,26.73,26.73,27.22,26.73,26.80,26.47,26.89,26.80,26.89,26.64,26.80,26.73,26.47,26.73,26.96,26.89,26.56,26.73,26.89,26.73,26.64,26.64,26.80,26.56,26.89,27.13,26.64,26.80,27.05,26.80,27.22,26.56,27.13,26.80,26.89,27.22,26.80,26.64,26.80,26.64,26.47,27.13,26.73,27.13,26.64,26.47,27.13,26.64,26.64,27.13,26.73,27.05,26.73,27.22,26.96,26.73,27.13,26.73,27.13,26.80,26.96,26.96,26.64,27.13,27.36,26.89,26.73,27.05,26.89,26.73,27.22,26.47,26.96,26.96,27.13,26.89,26.47,26.89,26.80,26.89,27.13,26.80,26.89,27.22,26.73,26.96,26.96,27.13,26.80,26.80,26.73,26.96,27.05,27.05,26.80,27.22,26.96,26.96,26.73,26.89,26.73,27.13,27.05,26.96,27.05,26.80,26.73,26.96,26.96,26.89,26.73,26.96,26.96,27.05,26.96,26.80,26.96,26.96,26.64,26.80,27.13,26.96,27.05,26.73,27.22,26.80,26.80,27.13,26.89,26.89,26.96,26.96,27.22,26.80,27.29,27.05,26.80,27.13,26.89,27.05,27.22,26.96,27.29,26.89,26.96,26.89,26.96,26.80,27.13,26.40,26.96,26.96,27.29,27.22,26.73,27.22,27.13,27.13,26.96,27.13,27.29,26.80,27.05,26.96,27.45,27.36,27.22,27.22,27.36,27.22,27.29,27.45,26.80,26.96,27.29,27.22,27.36,26.89,26.96,27.29,27.05,26.89,27.22,27.29,27.05,27.22,27.92,27.62,27.45,27.69,27.36,27.45,27.29,27.45,27.05,27.22,27.29,27.36,27.36,27.29,27.29,27.22,27.36,27.29,27.22,27.22,27.13,27.13,26.89,27.13,26.96,27.22,26.96,27.22,27.13,26.89,27.45,26.80,27.05,26.89,26.89,26.89,27.22,26.96,26.96,27.13,26.89,27.13,26.96,27.36,26.80,27.05,26.80,27.05,27.05,26.89,26.56,26.96,26.64,27.22,26.89,27.05,27.22,27.22,27.45,27.22,27.13,27.05,26.96,27.05,27.13,26.89,26.89,26.80,27.22,26.89,27.13,26.80,27.13,26.96,26.73,27.29,27.22,27.22,27.45,27.29,27.22,26.96,27.13,27.13,27.05,27.22,27.13,26.96,26.80,27.22,27.13,27.13,26.96,26.64,26.89,26.96,27.05,26.64,26.89,26.89,26.89,26.73,26.40,27.05,27.13,26.64,26.89,26.96,27.05,27.13,27.13,27.05,26.89,26.56,26.73,27.05,26.96,26.73,27.13,27.05,26.89,27.05,26.96,26.80,26.64,26.73,27.05,26.80,26.80,26.96,26.56,26.56,26.64,26.96,26.73,27.05,26.73,26.80,26.80,27.13,26.73,26.96,27.13,26.89,26.64,26.89,26.80,26.96,26.47,26.73,26.80,26.89,26.73,26.89,26.80,26.73,26.47,26.80,26.89,26.80,26.80,27.05,26.80,27.05,26.73,26.73,26.73,26.89,27.05,26.73,26.47,26.80,26.64,26.73,26.89,26.96,26.73,27.13,26.64,26.89,26.96,26.73,26.73,26.64,26.80,26.73,27.05,26.80,26.64,26.64
26.47,26.64,26.73,26.47,26.64,26.23,26.40,26.80,26.47,26.64,26.80,26.89,26.64,26.56,26.80,26.96,26.73,26.89,26.47,26.31,26.80,26.73,26.73,27.05,26.73,26.73,26.89,26.73,26.89,26.64,26.40,26.80,26.73,26.89,26.64,26.64,27.05,27.13,27.13,26.96,26.96,27.05,27.29,26.40,27.05,26.89,26.73,26.64,26.89,26.96,26.89,26.56,26.56,26.73,26.64,27.05,26.89,26.96,26.80,26.80,27.05,26.80,26.89,26.64,26.89,26.40,26.56,26.96,27.05,26.96,26.96,27.22,26.96,26.89,26.96,26.64,27.13,26.64,26.89,26.56,27.05,26.80,27.05,27.13,27.13,27.05,26.89,27.05,27.05,26.80,26.56,26.89,26.80,26.80,27.05,26.80,26.96,26.96,26.96,26.56,26.80,26.96,27.29,27.05,27.05,26.96,26.96,27.13,26.96,26.73,27.29,27.05,26.89,26.89,27.13,26.96,27.13,26.96,26.96,26.96,27.22,26.80,26.96,26.80,26.89,27.22,26.80,26.89,26.96,26.64,26.96,27.05,27.22,26.89,27.05,27.05,26.80,26.80,27.22,26.96,27.05,26.89,27.13,27.29,27.29,26.96,27.22,27.13,27.13,26.80,27.29,26.89,26.73,26.96,26.80,27.22,26.80,26.96,27.22,27.13,26.89,26.96,27.29,26.89,26.89,26.80,26.96,26.96,26.89,26.96,27.36,26.89,27.45,27.22,27.13,27.13,26.96,26.96,27.36,27.05,27.36,27.29,27.29,27.22,27.22,27.53,26.89,26.96,27.29,26.73,27.13,27.22,27.36,27.53,27.45,27.62,27.13,27.76,27.29,27.62,27.36,27.13,27.62,27.53,27.45,27.13,27.69,27.13,26.80,27.45,27.22,27.29,27.13,27.45,26.64,27.05,26.89,27.45,26.73,27.13,26.47,26.64,27.29,27.05,26.80,26.80,27.13,27.13,26.96,27.05,26.89,26.96,27.22,26.80,26.56,27.05,26.89,27.13,27.13,26.89,27.13,27.13,27.13,26.89,27.36,26.56,27.05,26.96,26.96,26.89,27.22,27.13,27.05,26.96,27.22,26.96,26.56,26.89,27.13,26.64,26.56,26.80,26.56,27.05,26.89,26.96,26.96,26.96,26.80,27.05,27.05,27.13,27.13,27.53,26.73,27.05,27.22,26.80,27.05,27.13,26.96,27.13,26.96,27.22,26.80,27.22,27.22,27.05,26.96,27.13,26.96,26.64,26.89,26.96,26.96,27.13,26.73,26.96,26.96,26.80,27.29,26.56,26.73,27.05,27.05,27.05,26.89,26.80,26.73,26.80,26.73,26.96,27.05,26.40,26.40,26.64,27.13,26.47,27.22,26.64,26.96,26.47,26.64,26.73,26.64,26.56,27.05,26.73,26.47,26.80,27.05,27.36,26.64,26.89,26.56,26.73,26.89,27.05,26.80,26.89,27.13,26.80,26.96,26.56,26.40,26.73,26.47,26.96,26.73,27.22,26.89,27.05,26.73,27.13,27.13,26.96,26.89,26.64,26.96,26.80,26.73,27.05,26.73,26.89,26.56,26.96,26.89,26.73,26.89,26.73,26.47,26.96,26.89,26.56,26.73,27.05,26.73,26.56,26.56,26.47,26.96,26.73
26.73,26.73,26.89,26.56,26.31,26.64,26.73,26.73,26.64,26.73,26.56,27.05,26.80,26.89,26.73,26.73,26.64,27.05,26.64,26.96,26.40,27.13,26.80,26.80,26.40,26.89,26.80,26.89,27.13,26.64,27.05,26.80,26.89,26.89,26.89,26.80,27.22,26.73,26.73,26.80,27.13,27.13,26.89,26.73,26.73,26.56,26.89,27.29,27.13,26.73,27.05,26.73,27.05,26.47,26.96,26.89,27.05,26.96,26.73,26.64,26.80,26.96,26.73,27.13,26.96,26.96,27.05,26.73,26.73,26.80,26.89,27.05,27.13,26.80,26.89,26.73,26.80,26.80,27.05,26.80,26.89,27.22,26.89,26.47,26.73,26.80,27.05,26.89,26.89,26.73,26.96,27.05,26.96,27.22,26.96,27.05,26.89,26.89,26.96,26.96,26.89,26.89,26.89,26.96,27.13,26.80,26.89,27.36,26.89,26.96,26.89,27.13,26.89,26.73,26.80,26.96,26.89,26.96,26.96,27.22,26.73,26.80,27.13,26.80,27.05,26.96,26.96,26.89,27.05,26.40,26.56,26.80,26.73,27.22,26.96,27.13,26.96,26.73,26.73,26.96,27.13,27.29,26.96,26.96,26.80,26.89,26.89,26.73,27.05,27.05,26.96,26.89,26.96,26.89,26.80,26.73,26.80,26.73,26.80,26.89,26.89,26.80,26.73,27.05,27.13,27.13,26.96,26.96,27.22,27.13,27.22,27.53,27.22,27.22,27.29,27.13,26.96,27.22,27.13,26.96,27.22,27.29,27.45,27.29,27.36,27.13,27.22,27.29,27.22,27.29,27.05,27.76,27.29,27.36,27.13,27.13,27.29,27.45,27.45,27.45,27.29,27.22,27.36,27.13,27.45,27.29,27.13,26.89,27.69,27.13,27.05,27.13,27.22,27.45,27.05,27.29,27.05,26.96,27.13,27.13,27.05,26.89,27.29,27.05,27.13,26.89,26.96,26.73,26.89,26.89,27.22,26.96,26.89,27.13,27.13,27.53,27.13,26.64,26.64,26.80,27.05,27.05,27.13,26.80,26.89,27.05,26.89,26.96,26.64,26.89,26.64,26.89,27.05,26.96,26.89,27.13,26.56,27.22,26.96,27.13,27.05,26.47,26.96,26.80,26.89,26.96,27.05,26.56,26.73,26.89,27.22,27.05,26.96,26.96,27.13,27.22,27.22,27.13,27.05,27.05,27.29,27.05,26.47,27.05,26.64,27.13,26.64,27.05,26.73,26.89,26.80,26.73,26.96,26.47,26.96,26.89,27.22,26.64,26.73,27.13,27.22,26.64,27.05,26.89,26.96,26.80,26.96,26.47,26.73,26.73,26.80,26.64,26.89,26.96,27.05,26.96,26.96,27.13,27.05,26.96,26.89,27.36,26.80,26.73,26.73,26.73,26.64,26.64,26.31,26.73,27.05,26.56,26.73,27.13,26.89,26.96,26.80,26.56,26.89,26.89,27.13,26.80,26.64,27.22,27.05,26.64,26.40,27.13,27.13,26.89,26.80,26.64,26.89,27.13,27.05,26.73,27.13,26.73,27.05,27.22,26.80,26.56,26.47,26.47,26.80,26.89,26.56,26.89,26.96,26.56,26.40,26.47,27.13,27.05,26.73,26.89,26.89,26.47,26.80,26.47,26.96,26.73
26.23,26.64,26.89,26.73,26.89,26.73,26.96,26.80,26.64,26.40,26.64,26.89,26.96,26.73,26.80,26.56,26.73,26.56,26.96,26.64,26.23,26.73,26.89,26.56,26.80,26.56,26.64,26.89,26.64,27.05,26.64,26.89,26.80,27.13,26.73,27.13,26.73,27.13,26.73,26.89,26.40,27.13,26.80,26.80,26.73,27.22,26.89,27.05,26.73,26.96,26.64,26.89,27.13,26.96,26.64,26.96,26.73,26.96,26.89,26.80,26.80,26.56,26.64,26.80,26.89,26.96,27.05,26.96,27.05,26.64,27.05,26.89,27.05,26.96,26.89,26.31,26.73,26.80,27.13,26.80,26.96,27.29,26.64,26.89,26.73,27.29,27.05,26.56,26.89,26.89,26.73,27.05,26.80,26.96,26.89,26.64,27.05,26.64,26.89,26.96,26.89,27.13,26.80,26.64,26.80,26.96,27.05,26.80,26.64,26.96,26.96,26.96,27.13,26.64,26.47,27.05,27.13,26.96,26.64,26.96,27.05,27.05,27.13,27.13,27.05,26.80,26.80,26.80,26.96,26.23,26.73,26.89,26.96,27.05,26.96,26.96,26.80,26.96,26.89,26.73,26.80,27.05,26.96,26.80,26.80,26.80,26.80,27.05,26.56,26.89,26.96,26.89,27.22,26.73,26.89,26.89,26.89,26.89,26.96,27.05,26.80,27.05,26.80,26.89,26.89,27.13,26.96,27.22,27.22,27.05,26.96,27.36,26.96,27.13,27.29,27.22,27.13,27.13,27.05,27.13,27.05,27.13,27.22,27.22,27.13,27.05,27.53,27.69,27.05,26.89,27.05,27.45,27.29,27.76,27.69,27.29,27.05,26.96,27.36,27.62,27.22,26.89,27.13,27.29,27.22,26.96,27.29,27.45,27.29,27.05,27.22,27.29,26.96,26.80,27.13,26.64,27.05,27.22,26.96,26.80,26.73,26.89,26.80,26.73,26.89,26.89,27.05,26.89,27.13,26.80,26.80,27.05,26.47,26.89,26.96,26.47,26.96,26.73,27.05,26.73,26.64,27.13,26.80,26.73,27.13,26.73,26.56,27.13,26.96,26.64,27.22,26.89,26.80,26.89,27.05,26.56,26.96,26.80,26.56,26.89,26.40,26.96,26.80,26.89,27.13,27.05,27.05,26.96,26.96,26.89,27.22,27.13,26.80,27.13,27.13,27.05,27.13,26.96,27.05,26.80,27.53,26.64,27.22,26.73,26.64,26.89,27.45,27.05,26.80,26.64,26.96,26.96,27.36,26.64,26.96,27.05,26.96,27.36,27.13,26.89,27.05,27.05,26.73,26.89,26.80,26.96,27.13,26.80,26.73,26.73,26.73,26.64,26.89,26.96,27.05,27.05,26.56,26.80,26.40,26.73,27.05,26.96,26.31,26.73,26.89,26.73,26.89,26.47,26.73,26.73,26.73,26.64,26.47,26.96,26.80,26.80,27.22,26.80,26.96,26.47,26.80,26.80,27.05,26.73,26.89,26.64,26.96,26.80,26.64,26.80,27.36,26.80,26.73,26.64,26.96,26.73,26.73,26.56,26.89,26.89,26.80,26.89,26.73,26.64,27.22,27.05,27.13,26.73,26.73,26.89,27.05,26.64,26.73,26.96,26.47,26.89,26.64,26.80,26.64,26.80,26.64,27.22
26.73,26.56,26.56,26.47,26.56,27.05,26.73,26.89,26.64,26.31,26.56,26.96,26.64,26.56,26.56,26.64,26.73,26.31,26.64,26.80,26.80,26.80,26.73,26.80,26.96,26.80,26.56,26.80,26.31,26.80,26.64,26.73,26.56,26.73,27.05,26.89,26.80,26.56,26.73,26.73,27.05,26.64,26.64,26.73,26.64,26.73,26.64,26.47,26.56,26.64,26.56,26.56,26.73,26.64,26.80,27.05,26.89,26.64,26.89,26.47,26.96,26.64,27.13,26.47,26.56,26.89,27.13,26.73,27.13,26.64,26.96,26.96,26.64,26.89,26.40,26.96,26.56,26.64,26.96,26.80,26.80,26.80,26.89,26.89,26.80,26.96,26.89,26.73,26.80,26.96,26.96,27.05,27.13,27.22,27.13,27.22,26.96,26.96,27.22,27.13,27.05,26.89,26.89,26.96,26.96,27.36,27.22,26.73,27.22,27.36,26.73,27.36,26.80,27.05,26.96,26.96,26.96,26.96,26.73,27.13,26.64,27.05,27.05,26.96,27.05,27.13,26.89,26.89,27.13,26.73,26.80,26.73,26.89,26.73,26.96,27.22,27.05,27.53,27.05,26.89,26.96,26.96,26.73,26.89,26.89,26.96,27.05,26.56,26.89,26.96,26.96,26.80,27.05,26.80,26.96,26.64,26.96,27.05,26.89,26.89,26.96,26.80,26.89,26.80,26.80,26.89,26.89,27.13,26.89,27.05,27.22,27.05,27.36,26.96,27.29,27.13,27.22,26.89,27.13,26.96,27.36,26.96,27.22,27.05,27.05,26.89,26.89,27.53,27.05,26.89,27.36,27.53,27.45,27.29,27.36,27.36,27.05,27.05,27.62,27.53,26.89,27.05,27.13,27.13,27.45,27.22,27.13,27.05,27.69,27.36,27.45,27.29,26.96,27.22,27.22,26.80,26.80,26.96,27.05,26.80,27.13,27.22,26.96,26.96,27.29,26.96,27.05,26.96,26.89,27.13,27.05,26.89,27.05,27.22,27.05,27.05,26.96,26.64,27.05,27.05,27.36,26.80,26.80,26.73,27.13,26.80,26.80,26.96,26.80,27.13,27.13,26.47,26.96,26.56,27.22,26.80,26.64,26.64,26.80,26.80,26.89,27.05,27.05,26.96,26.64,26.80,26.73,26.80,27.29,27.05,26.96,27.13,27.22,26.80,27.13,26.89,27.05,27.29,27.13,27.29,27.53,26.56,26.73,26.96,26.80,27.13,26.47,27.05,26.89,26.89,26.96,27.22,26.64,26.89,26.96,26.56,26.47,26.56,26.89,27.05,26.64,26.80,26.80,26.96,26.73,27.22,26.89,26.80,27.05,27.05,26.80,26.64,26.96,26.47,26.64,27.05,26.89,26.73,26.73,26.47,27.13,27.05,26.89,26.64,26.56,27.13,26.96,26.80,26.80,26.73,26.80,26.64,26.96,26.73,26.80,26.73,27.13,26.89,27.05,26.89,27.22,26.64,27.13,26.80,26.96,26.73,26.64,26.80,26.47,26.64,27.13,27.13,26.96,26.96,27.13,27.29,26.89,26.64,26.73,26.73,26.89,26.96,26.73,26.64,26.96,27.05,26.89,26.73,26.64,26.80,27.13,26.73,27.29,26.56,26.64,26.56,26.73,26.73,26.64,26.56,26.80,26.96
26.73,26.96,26.64,26.56,26.89,26.80,26.89,26.64,26.89,26.73,26.64,26.89,26.47,26.80,26.80,26.80,26.73,26.56,26.89,26.64,26.47,26.89,26.64,26.73,26.40,26.80,26.73,27.13,26.96,26.64,26.80,26.73,26.96,27.22,27.22,26.96,26.96,26.73,26.89,27.22,27.05,26.80,26.89,26.73,26.23,26.64,26.64,26.80,26.64,26.56,27.13,27.05,27.13,26.80,27.05,26.64,26.40,26.64,27.13,26.73,27.05,26.64,26.73,27.05,27.13,26.64,26.89,26.64,26.89,26.96,26.89,26.89,26.56,26.96,26.96,26.47,26.96,26.96,26.47,27.13,26.96,26.96,26.80,26.96,26.96,26.89,26.96,26.89,27.05,26.64,26.73,26.89,26.73,26.73,26.56,26.80,27.13,26.64,26.73,26.96,26.89,26.96,26.89,26.96,26.89,26.96,27.05,26.80,26.80,26.96,26.96,27.29,26.89,26.89,27.13,27.22,26.89,26.89,27.05,26.89,26.89,26.80,26.96,26.64,26.96,26.80,26.89,26.80,26.73,26.73,26.73,26.96,26.89,26.89,27.36,26.64,26.96,27.13,26.96,26.80,26.80,26.64,27.13,26.96,26.73,27.05,26.80,26.80,27.13,26.47,26.96,26.89,26.80,26.89,27.05,26.64,26.96,26.56,26.56,27.05,27.05,26.89,27.05,26.96,27.05,26.80,27.05,27.05,27.05,27.13,26.89,27.05,27.22,26.89,26.96,27.13,26.89,27.13,27.05,27.13,27.29,27.29,27.05,27.22,26.96,27.22,27.22,27.22,26.80,27.22,27.36,27.36,27.29,26.96,27.62,27.62,27.45,27.13,27.62,27.36,27.62,27.29,27.29,27.05,27.53,27.05,27.29,27.13,27.05,27.22,27.29,27.22,27.13,27.76,26.96,26.80,26.64,27.13,27.29,26.96,27.05,27.29,26.96,26.73,27.29,26.80,26.96,26.80,26.96,26.80,26.89,27.05,26.96,26.80,26.96,26.80,26.96,26.96,26.96,27.05,26.56,27.29,26.73,27.22,26.80,27.22,26.89,27.22,26.96,27.22,26.96,26.73,26.96,26.96,26.89,27.05,27.13,26.73,26.96,26.73,26.96,26.40,26.64,26.89,26.89,27.13,26.56,26.47,27.22,26.80,26.73,27.05,26.64,26.47,26.64,26.89,26.64,26.89,27.05,26.89,27.13,27.45,27.05,26.96,27.05,26.73,26.89,26.96,26.96,27.05,26.96,26.89,26.96,27.22,27.05,26.96,27.22,26.89,26.73,27.13,26.96,26.56,26.64,26.89,26.64,27.13,27.13,27.22,26.80,26.96,26.96,26.96,26.96,27.05,26.73,26.64,26.73,26.73,26.80,26.56,26.56,27.05,26.96,26.40,27.13,26.89,26.40,26.96,27.05,26.89,26.96,26.47,26.31,26.64,27.13,26.73,26.64,26.73,26.73,26.47,26.64,26.40,26.89,27.13,26.80,27.05,26.80,26.80,26.56,26.40,26.89,26.73,26.89,26.40,26.89,27.13,26.89,26.64,26.96,26.80,26.73,26.96,26.40,26.73,26.40,26.73,26.47,26.80,26.64,26.64,26.80,27.13,26.73,26.89,26.56,26.40,26.80,27.05,26.56,26.64,26.64,26.64
26.80,26.64,26.89,26.96,27.05,26.73,26.56,26.56,26.73,26.73,26.64,26.56,26.89,26.73,26.96,26.56,26.73,26.80,26.64,26.64,26.89,26.89,26.56,26.80,26.64,26.96,26.64,26.80,26.56,26.73,26.73,26.73,26.89,26.47,26.56,26.80,26.80,26.40,26.80,26.64,26.31,26.80,26.56,26.96,27.13,27.05,26.64,26.73,26.96,26.96,26.73,26.96,26.64,26.73,26.89,26.96,27.05,26.89,26.89,27.29,27.05,27.13,26.89,26.96,26.64,26.73,26.96,26.89,27.13,26.64,27.22,26.96,26.96,27.05,27.13,27.13,26.73,26.96,26.40,27.22,26.96,26.73,26.73,26.80,26.89,27.22,26.96,26.80,26.96,26.89,27.05,27.05,26.96,26.96,26.89,26.73,26.80,26.96,27.13,27.05,26.73,27.13,26.96,27.13,27.13,26.89,26.96,26.89,27.05,26.80,26.80,26.80,26.64,26.89,26.73,26.89,26.80,26.64,26.47,27.05,26.73,26.89,26.89,27.05,26.89,27.05,27.05,26.96,26.64,27.05,26.73,26.89,27.13,26.96,27.13,27.05,27.22,27.13,27.05,26.80,26.89,27.05,26.96,27.05,27.05,26.80,26.73,26.89,27.22,26.96,26.96,26.80,27.05,26.80,26.64,27.13,26.89,26.89,26.80,26.64,26.96,27.05,27.13,27.13,26.89,26.89,26.89,26.64,27.29,27.36,27.22,27.05,27.22,27.13,27.62,27.13,27.05,27.36,27.29,27.22,27.13,27.22,27.29,26.80,26.96,26.96,26.96,27.22,26.96,26.89,27.22,27.45,27.13,27.36,27.22,27.53,27.29,27.22,27.05,27.29,27.36,27.45,27.13,27.13,27.36,27.22,27.22,27.22,27.22,27.05,27.22,27.29,27.22,27.13,27.13,26.89,27.13,26.96,26.89,26.80,27.13,26.96,26.89,27.22,26.89,27.22,26.56,26.80,27.05,27.05,27.13,26.96,26.89,26.96,26.96,26.96,26.80,26.96,26.96,26.96,26.89,27.22,27.05,27.22,26.73,27.05,26.64,27.05,26.96,27.05,26.73,27.13,26.89,27.05,26.80,26.80,26.80,27.29,27.13,26.96,27.13,27.13,26.47,27.13,27.05,26.73,26.96,27.05,26.73,26.56,27.05,27.22,27.13,26.80,26.89,27.13,26.73,27.05,27.13,27.22,26.89,27.13,27.05,27.13,26.96,27.05,27.13,27.05,27.22,26.89,27.13,26.80,27.05,26.96,26.89,26.73,26.96,26.64,27.13,27.22,26.89,26.96,26.73,26.56,27.22,26.89,26.64,26.64,26.56,26.89,26.64,26.96,26.80,26.96,26.89,26.89,26.47,26.73,27.13,26.73,26.89,26.64,26.73,26.73,26.64,26.96,26.80,26.40,26.96,27.36,26.80,26.89,26.89,26.96,26.89,26.73,26.80,26.80,26.96,26.64,26.80,26.96,26.64,26.89,26.47,26.56,26.80,26.73,26.64,26.89,27.13,26.96,26.89,26.80,26.64,26.89,27.05,26.89,26.73,26.89,27.05,26.64,26.96,26.56,26.73,26.64,26.80,26.73,26.64,27.13,26.64,26.96,26.80,26.80,26.89,26.47,26.64,26.47,26.89,26.80,26.47,26.89
26.80,26.96,26.80,26.56,27.05,26.89,26.73,26.47,26.89,26.56,26.80,26.56,26.56,27.22,26.73,26.31,26.89,26.80,26.23,26.73,26.89,26.80,26.80,26.80,26.73,26.89,26.56,26.80,26.80,26.73,26.80,27.05,27.13,26.80,27.13,26.80,26.56,26.80,26.73,26.80,26.23,26.73,26.40,26.73,26.73,26.56,26.80,26.73,26.89,26.47,26.64,27.05,26.64,27.05,26.64,26.80,26.64,27.05,26.73,26.40,26.47,26.64,26.96,26.96,26.89,27.05,26.89,26.96,26.80,26.64,26.80,26.73,26.89,26.80,27.13,26.56,26.73,26.64,27.13,26.80,27.29,26.89,27.22,27.13,26.73,26.96,26.80,26.89,26.73,26.89,26.80,26.89,26.89,26.96,27.22,26.89,26.96,26.80,26.96,27.05,26.64,27.22,27.22,26.89,26.89,27.05,27.13,26.89,26.64,26.89,26.89,27.29,26.89,26.73,26.64,27.05,27.13,26.89,26.89,26.96,26.56,26.80,26.96,26.96,26.64,26.96,27.05,27.13,27.29,26.73,27.13,26.96,27.05,26.96,27.22,27.13,26.89,27.13,26.96,26.96,27.13,27.13,26.89,26.89,27.13,26.89,27.13,26.64,26.96,26.80,27.05,26.96,27.05,26.89,27.13,26.73,27.13,26.96,26.96,26.89,26.80,26.96,26.80,26.96,27.13,26.47,27.13,26.96,26.96,27.13,27.22,27.22,27.22,27.05,26.96,27.29,27.29,26.80,26.96,26.96,26.89,27.05,26.96,26.80,27.22,27.22,27.22,26.89,27.53,27.36,28.09,27.29,27.36,27.45,27.29,27.69,27.22,27.29,27.13,27.45,27.36,27.22,27.36,26.96,27.22,27.05,27.22,27.29,26.96,27.29,27.05,27.05,27.05,27.13,26.96,27.22,27.05,27.13,27.13,26.89,26.96,26.64,27.45,27.22,27.22,26.89,27.22,26.96,26.80,26.64,26.73,27.22,26.80,27.13,27.05,26.96,26.80,26.96,26.89,27.13,26.96,26.89,26.80,27.13,27.05,27.22,26.89,26.80,26.96,27.13,27.05,27.05,26.96,27.05,27.13,26.89,26.64,26.80,26.96,27.05,26.89,26.96,26.89,26.89,26.96,26.80,26.56,26.89,26.89,26.89,26.64,26.56,27.05,26.96,27.29,27.13,26.64,26.89,27.05,26.96,26.96,26.96,27.13,26.89,27.05,27.29,27.36,27.22,27.13,27.22,26.96,27.05,27.05,26.56,26.80,26.73,27.29,26.73,26.96,26.96,27.22,26.80,26.96,26.89,26.89,26.64,26.56,26.80,26.73,26.64,26.89,26.73,26.89,26.64,26.96,26.64,27.05,27.29,26.64,27.13,26.73,27.13,26.73,26.89,27.13,26.73,26.96,26.73,26.96,26.96,26.80,26.56,26.64,27.13,26.89,26.73,26.80,26.73,26.73,26.73,26.73,26.64,26.73,26.96,26.80,26.80,26.73,26.73,26.56,26.89,26.64,26.89,26.80,26.47,26.89,27.05,26.89,26.47,26.64,26.89,26.80,26.73,26.80,26.80,26.64,26.73,26.80,26.64,27.22,26.80,26.89,26.73,26.64,26.80,26.89,26.73,26.80,26.47,26.56,26.47,26.73,26.80
26.80,26.73,26.64,26.89,26.64,26.96,26.56,26.96,26.96,26.89,26.89,26.80,26.73,26.96,27.22,26.89,27.05,26.96,26.56,26.40,26.64,26.96,26.89,26.80,26.89,27.05,26.73,26.96,27.13,26.64,26.89,27.13,27.05,26.73,26.73,27.13,27.05,27.22,26.80,26.96,26.73,26.89,26.89,26.56,26.56,26.73,27.13,27.05,26.89,26.47,27.22,27.05,26.96,26.23,26.64,26.73,26.96,26.73,26.96,27.05,26.89,26.47,26.64,27.05,26.73,26.89,26.80,26.89,26.89,26.64,26.89,26.96,26.80,26.89,27.13,26.89,27.29,26.96,27.13,27.22,27.05,27.13,26.89,26.80,27.22,26.89,26.80,26.89,26.80,26.89,27.13,26.96,26.89,26.80,26.96,27.05,26.96,26.73,26.80,27.13,27.05,27.05,27.22,26.64,26.80,26.80,26.64,26.64,27.22,26.64,26.89,26.89,26.73,26.96,26.73,27.05,26.89,26.56,26.89,26.96,26.96,27.13,26.96,26.64,27.05,27.05,27.05,26.80,26.64,27.13,27.05,27.05,26.80,27.05,27.05,27.13,27.13,26.89,27.05,26.80,26.89,26.96,26.89,27.05,26.89,26.89,27.13,26.96,26.89,27.13,27.05,26.89,26.89,26.73,26.80,26.56,26.89,26.89,26.96,26.96,26.96,26.96,27.05,26.96,26.96,26.89,26.96,26.47,27.13,27.05,27.22,27.13,27.29,27.29,26.96,26.96,26.96,26.96,27.22,27.29,27.22,27.36,27.29,26.89,27.22,27.13,27.13,27.22,26.96,27.36,27.85,27.53,27.29,27.22,27.69,27.13,27.36,27.45,27.29,27.53,27.36,27.53,27.13,27.29,27.45,26.96,27.22,27.05,27.29,27.13,26.40,26.96,27.29,26.96,27.13,26.64,26.89,26.89,26.56,27.13,26.96,27.05,26.56,27.05,26.96,27.22,26.96,27.05,27.36,27.05,27.05,26.89,26.89,26.96,26.96,27.05,27.05,27.13,27.05,26.96,27.22,26.56,26.89,26.73,26.89,27.05,26.96,27.36,27.05,26.96,26.96,26.64,27.13,26.73,27.05,26.96,26.96,26.96,26.89,26.80,27.13,26.89,26.80,27.13,26.89,26.64,26.80,26.56,26.89,27.13,26.64,27.13,26.64,26.96,26.40,26.96,26.73,27.13,27.05,26.73,26.80,27.05,26.96,27.36,26.89,27.13,26.96,27.45,27.22,27.13,27.22,27.13,26.96,26.89,26.64,27.22,26.89,27.05,27.13,26.47,26.56,27.05,26.89,26.47,26.89,26.89,26.96,26.96,26.80,26.96,26.89,26.31,27.22,26.80,26.64,26.80,26.40,26.89,26.96,26.89,26.56,26.80,26.73,27.05,27.05,27.22,26.96,26.96,26.64,27.05,26.73,26.96,26.73,27.05,26.47,27.05,26.64,26.73,27.13,26.80,26.89,27.05,26.64,26.80,26.73,26.80,26.80,26.89,27.05,26.40,26.80,27.22,27.22,26.89,26.89,26.64,26.80,26.89,27.13,27.05,27.05,27.13,26.80,26.73,26.64,26.47,26.89,26.89,26.80,26.64,27.05,26.89,26.80,26.73,26.89,27.13,27.22,26.56,26.73,26.89,26.80,26.89
26.73,26.64,26.80,26.64,27.13,26.64,26.56,26.73,26.80,26.56,26.56,26.80,26.73,26.89,26.56,26.80,26.73,26.56,26.80,26.47,26.64,26.80,27.22,26.64,26.89,26.80,26.96,26.47,27.29,26.96,26.96,27.22,26.73,26.89,26.96,26.73,27.13,26.80,26.80,27.05,26.64,26.80,26.89,27.13,27.05,26.80,26.96,26.73,26.64,27.29,26.89,26.80,26.80,27.05,26.73,27.13,27.05,26.73,27.22,27.22,26.96,26.73,27.05,26.80,26.73,27.05,26.64,26.64,27.05,26.80,26.96,26.80,26.96,26.89,26.64,26.96,27.13,26.89,26.89,26.80,26.73,26.89,26.89,27.05,27.05,27.05,26.73,26.80,26.96,26.89,26.96,26.89,26.80,26.89,26.56,27.13,27.36,26.89,26.64,26.73,27.22,27.05,26.80,26.56,26.80,26.73,26.96,26.56,26.80,26.64,27.05,26.73,27.05,26.80,26.96,26.80,27.22,27.05,27.05,27.05,26.89,27.22,26.89,26.56,26.89,26.89,26.96,26.64,26.73,26.89,26.64,26.73,27.05,27.05,26.89,26.89,26.89,26.89,26.73,26.96,26.89,26.73,27.13,26.96,27.13,26.73,26.64,26.96,26.89,26.73,26.73,27.13,26.80,26.80,26.89,26.73,27.05,26.96,26.89,26.64,26.89,27.13,26.96,26.96,27.13,26.89,27.05,27.29,26.89,26.80,27.13,27.13,27.05,27.13,27.05,26.89,27.05,27.29,27.13,26.89,27.13,27.22,27.36,27.13,27.29,27.13,27.13,27.13,27.29,27.69,27.76,27.29,27.22,27.13,27.62,27.62,27.29,27.22,27.53,27.29,27.69,27.69,27.22,27.13,27.22,26.96,27.05,27.05,26.96,27.22,27.29,27.13,26.96,27.45,27.36,26.89,26.89,26.56,27.13,27.22,26.96,26.80,26.80,27.22,27.22,26.96,27.13,27.13,26.96,26.89,27.13,27.13,26.96,26.73,26.80,27.05,26.96,26.96,26.96,27.29,26.89,27.05,26.96,26.96,27.13,26.89,26.56,27.05,27.05,26.56,26.89,26.96,26.80,27.05,26.89,26.80,26.96,26.96,27.05,26.96,26.64,26.89,26.89,26.89,26.96,26.56,26.96,26.64,26.89,27.13,26.89,26.64,26.96,27.05,26.73,27.22,26.89,26.80,27.29,27.05,26.80,27.05,26.56,26.89,27.22,27.05,26.64,27.05,27.13,27.36,27.45,27.45,27.13,27.29,26.89,27.22,26.80,27.13,26.73,27.05,26.64,27.29,27.13,27.13,27.22,27.05,26.47,26.80,26.89,26.80,27.05,27.05,26.56,26.96,26.80,27.05,26.89,26.89,27.05,26.80,26.73,26.89,26.73,26.64,27.05,26.89,27.05,26.56,27.13,26.64,26.96,26.56,26.64,26.64,26.73,26.56,26.64,26.73,27.05,26.80,26.89,27.05,26.80,26.56,26.56,26.89,26.96,26.80,27.05,26.64,26.73,26.73,26.64,27.13,27.36,26.80,26.64,27.05,27.13,27.05,26.64,26.80,27.36,27.13,26.64,26.64,26.89,27.29,26.73,26.40,26.47,26.80,26.73,26.89,26.64,26.80,26.80,26.80,26.80,26.56,26.89,26.56
26.80,27.05,26.80,26.89,26.64,26.80,26.89,26.40,26.31,26.73,26.89,26.96,27.22,26.80,26.56,26.73,26.47,26.73,26.96,26.89,26.64,26.64,26.47,26.80,26.73,26.80,26.89,26.73,26.56,26.64,26.73,26.64,26.80,26.64,27.22,26.89,26.56,26.64,26.64,26.73,27.05,27.05,26.64,26.89,26.64,26.80,26.89,26.64,26.47,26.56,26.73,26.64,26.96,26.96,26.96,26.56,26.96,26.73,26.73,27.05,27.13,26.89,27.05,26.56,26.64,26.64,26.96,26.73,26.96,26.89,26.73,26.89,27.05,27.13,27.05,26.80,26.89,26.96,26.89,26.96,26.89,27.05,26.89,27.05,27.22,26.80,26.64,27.05,26.96,26.89,26.89,26.73,27.05,26.96,26.89,27.05,27.22,26.89,27.05,26.80,26.73,27.05,26.80,26.64,26.89,27.13,27.05,26.89,26.89,26.96,27.13,26.80,27.05,27.13,26.96,26.56,26.80,26.80,27.13,26.73,27.05,27.05,26.89,26.73,26.89,26.56,27.05,27.29,27.13,26.80,27.05,27.05,27.13,26.80,27.13,26.89,26.89,26.89,27.05,26.89,26.89,26.73,27.29,27.05,27.05,26.80,26.89,26.73,27.13,27.13,26.96,27.22,26.96,26.96,27.05,26.89,26.73,26.96,26.89,26.80,26.73,27.13,27.05,26.96,27.36,27.05,27.05,27.05,26.80,26.96,27.22,27.13,26.89,27.22,27.22,27.29,27.22,26.89,26.96,27.22,26.96,26.89,27.13,26.96,27.22,27.13,26.89,27.36,27.36,27.76,27.69,27.62,27.22,27.36,26.96,27.22,27.13,26.96,27.22,27.92,27.53,27.22,27.36,26.96,27.05,27.13,26.80,27.29,27.13,27.13,27.05,27.05,26.64,27.36,26.96,26.64,26.80,27.05,27.05,26.96,26.89,26.47,26.80,27.13,26.89,26.64,26.96,26.89,27.13,26.96,27.13,26.73,26.73,26.89,27.13,26.89,26.89,26.89,27.22,27.29,27.29,26.96,26.96,27.05,26.89,26.96,27.13,27.05,26.80,26.96,26.96,26.89,26.96,27.29,26.89,26.56,27.13,26.96,27.05,26.89,26.96,26.80,27.29,27.05,26.96,27.05,26.89,26.96,26.89,26.89,26.89,27.29,26.96,26.96,27.05,26.73,26.89,27.05,26.80,26.96,27.22,26.56,27.13,26.64,26.89,27.29,27.29,27.36,27.29,26.56,26.80,27.36,27.45,27.13,26.96,26.73,26.96,26.80,27.13,27.05,27.13,26.64,26.96,26.96,27.13,26.64,26.80,26.89,26.96,26.96,26.56,26.73,26.96,26.73,26.96,26.64,26.96,26.56,26.47,26.96,26.64,26.40,26.89,26.89,26.80,26.80,26.47,27.05,27.05,26.89,27.05,27.05,26.73,26.73,26.96,26.56,26.73,26.96,27.05,26.96,27.05,26.89,26.56,26.96,26.56,26.56,26.64,27.05,26.56,26.73,26.73,26.80,26.64,26.96,26.80,26.64,26.73,26.73,27.22,27.05,26.80,26.96,26.80,26.80,26.89,27.13,26.64,26.73,27.13,26.64,26.73,26.40,26.89,26.80,26.80,27.22,26.80,26.64,27.13,26.64,26.64,26.73
26.80,26.80,26.96,26.89,26.64,26.80,26.47,26.89,26.64,26.73,26.89,26.56,26.73,26.80,26.73,26.89,26.64,26.73,26.80,26.80,26.73,26.73,26.56,26.80,26.64,26.56,26.64,26.96,26.64,27.05,26.89,26.80,26.80,26.80,26.56,26.89,27.13,27.29,27.13,26.80,26.89,26.64,26.80,26.47,27.13,27.05,26.64,26.73,26.96,26.96,26.73,26.40,26.89,26.96,26.96,26.80,27.05,26.56,26.96,26.64,26.89,26.80,26.47,26.96,26.89,26.96,26.96,26.73,27.05,26.47,26.89,26.89,26.89,27.05,26.89,27.13,26.96,26.89,26.89,26.80,26.47,26.89,26.64,26.89,26.89,26.89,27.05,26.89,26.73,26.96,26.89,27.13,26.80,26.40,26.80,26.96,26.96,26.73,26.80,26.89,27.13,26.80,26.80,26.73,26.96,26.96,26.89,27.05,27.22,27.05,26.64,26.96,26.80,26.96,26.80,26.89,26.80,27.05,26.64,27.13,26.89,27.05,27.05,26.89,26.80,26.89,27.05,26.73,26.89,26.89,26.80,26.73,26.96,26.89,27.05,27.05,26.96,27.05,26.89,26.73,26.96,26.89,27.29,26.80,27.05,26.80,26.73,27.13,26.73,26.64,26.80,27.05,26.89,26.80,27.05,26.89,26.64,27.05,26.96,26.89,26.89,26.89,27.29,27.22,26.89,26.96,26.64,26.96,26.80,27.22,26.96,27.13,27.05,27.53,26.89,26.96,27.22,27.05,27.13,27.13,27.22,26.96,27.36,26.96,27.05,27.22,27.05,26.80,27.13,28.09,27.53,27.45,27.36,27.05,26.80,27.69,27.22,27.22,27.62,27.22,27.36,27.69,27.62,27.29,26.96,27.29,27.22,27.29,27.62,27.05,27.29,27.22,27.13,27.22,27.13,26.80,27.05,26.96,27.13,27.05,26.89,26.73,27.13,27.05,27.13,27.05,26.73,26.96,26.96,26.40,27.05,26.89,27.05,27.05,27.05,27.13,27.45,27.05,27.13,26.80,27.05,27.05,27.53,27.13,26.80,27.22,27.05,26.96,27.22,27.05,27.13,26.89,27.13,26.89,27.13,26.96,26.64,27.29,26.96,27.05,26.73,27.13,27.36,27.05,27.05,26.80,26.96,27.13,27.05,26.73,26.96,26.80,27.13,26.80,26.96,27.05,26.64,27.13,27.22,27.05,26.96,26.40,27.05,27.22,27.29,26.96,26.96,27.05,26.89,26.96,26.89,26.96,26.96,27.13,27.36,27.29,27.22,27.22,26.89,26.64,26.89,27.05,26.73,26.73,27.13,27.05,26.56,26.96,26.64,27.05,26.80,26.96,26.89,26.96,26.96,26.56,27.05,27.05,27.13,26.89,26.73,27.13,26.47,26.64,27.05,26.73,26.64,26.56,26.89,26.64,26.89,26.64,26.73,26.96,26.64,26.80,26.80,26.73,26.80,27.05,26.64,26.64,26.89,26.89,26.89,26.73,26.89,26.96,26.56,26.80,27.05,26.80,26.96,27.05,26.80,26.73,26.64,26.96,26.64,26.73,26.89,26.89,27.13,26.80,26.96,26.89,26.64,26.64,27.13,26.73,26.80,26.64,26.80,26.56,26.64,26.80,26.56,27.13,26.31,26.23,26.73,26.73
26.80,26.73,26.80,26.64,26.40,26.56,26.73,26.73,26.80,26.73,26.64,26.80,26.80,26.80,26.73,26.96,26.96,26.56,26.56,26.64,26.47,26.56,26.64,26.73,26.73,27.05,27.13,26.73,26.80,26.96,26.96,26.64,26.73,26.80,26.73,27.05,26.89,26.73,26.89,26.80,26.64,26.64,26.80,26.64,26.80,26.73,27.05,27.05,26.89,26.89,26.40,26.80,26.96,26.73,26.73,26.96,26.89,26.96,27.05,26.47,26.96,26.96,26.89,26.73,26.89,26.80,26.80,26.64,27.22,26.80,26.96,26.73,27.05,27.05,27.13,26.96,27.05,27.13,27.05,26.89,26.89,26.80,26.96,26.96,26.64,26.96,27.13,26.73,27.05,26.47,26.64,26.80,26.73,26.96,26.96,27.05,27.05,26.73,26.89,26.96,27.13,27.05,27.05,27.05,26.31,26.89,26.96,26.89,26.73,27.29,26.64,26.80,26.80,26.96,26.56,27.05,26.96,26.89,26.64,26.89,26.80,26.89,26.64,26.89,27.22,27.05,26.89,26.80,26.80,26.89,26.96,26.80,26.89,26.89,26.96,27.05,27.13,27.22,26.96,26.96,26.80,26.73,26.89,27.05,27.13,26.96,26.80,26.80,26.89,26.80,27.13,27.13,26.96,26.89,26.89,27.22,26.73,26.89,26.89,26.96,26.64,26.73,26.73,27.13,27.05,26.89,26.80,27.05,26.96,26.89,27.05,27.13,27.05,26.89,26.96,27.05,27.29,26.80,27.13,26.96,27.22,26.96,27.13,27.13,27.13,26.80,27.22,27.05,27.05,27.62,27.53,26.89,27.05,26.89,27.13,27.45,27.53,27.62,27.22,27.36,27.53,27.22,27.29,27.22,27.45,27.29,27.13,26.89,27.13,27.13,27.36,26.73,26.73,26.96,27.22,27.05,26.80,26.89,26.96,26.80,26.80,27.05,26.96,26.64,26.96,26.96,27.13,26.89,27.22,26.89,27.05,26.64,26.89,26.80,27.05,26.80,26.47,26.89,27.13,27.22,26.89,26.96,26.96,26.96,26.80,26.89,26.96,26.96,27.13,27.05,26.96,26.89,27.13,27.05,26.89,26.80,26.96,27.05,27.05,26.89,26.64,26.89,27.05,26.80,26.80,27.13,27.13,26.89,27.22,26.96,26.64,26.80,26.64,26.96,27.13,26.89,26.73,27.05,26.89,27.22,26.56,27.22,27.13,26.64,26.89,26.96,26.80,26.80,26.80,27.13,26.96,26.96,26.96,26.73,27.29,27.22,27.22,27.13,27.13,26.96,26.89,26.56,27.05,26.96,26.96,26.64,26.89,27.13,26.89,26.89,26.89,26.80,26.47,26.73,26.80,26.96,26.89,26.73,26.80,26.47,27.05,26.47,26.80,26.40,26.73,27.05,27.13,26.64,26.96,26.96,27.05,26.56,26.64,26.73,27.05,27.05,26.56,26.64,26.89,26.47,26.56,26.80,26.96,26.40,27.05,26.56,27.13,26.96,26.89,27.29,26.73,27.13,26.96,26.80,26.47,26.73,26.80,26.73,27.13,27.05,26.80,26.80,26.73,26.56,27.13,26.56,26.96,26.73,26.73,26.64,26.89,26.73,26.73,26.73,26.73,26.64,26.73,26.73,26.73,26.80,26.89,26.23
26.89,27.05,26.80,26.96,26.80,26.73,26.89,26.80,26.80,26.64,26.80,26.64,27.05,26.80,26.73,26.73,26.56,26.89,26.89,27.13,26.73,26.73,26.80,27.13,27.05,26.64,26.96,26.73,26.40,26.89,26.47,26.56,26.40,26.64,26.89,26.73,26.80,26.80,26.80,26.73,26.80,27.05,26.80,27.22,26.56,26.96,27.22,26.80,26.64,26.96,26.89,27.05,26.96,27.05,26.96,26.80,26.56,27.05,26.80,26.73,26.64,26.96,26.64,26.89,26.64,27.05,26.89,27.05,27.22,27.13,26.80,27.05,26.96,26.96,26.80,26.73,26.64,26.80,27.13,27.05,26.96,27.13,26.73,27.05,27.13,26.96,26.96,26.96,26.96,26.80,26.47,26.89,27.22,27.05,27.13,26.96,27.13,26.73,26.96,26.80,27.05,26.96,26.80,26.89,26.73,26.96,26.96,26.89,26.73,27.22,26.89,26.73,26.89,26.73,26.89,26.73,26.89,26.73,26.96,26.89,26.73,26.96,27.05,27.05,26.96,26.80,27.05,26.64,26.89,26.96,26.64,26.73,26.80,26.89,26.89,26.89,26.80,26.89,26.80,26.96,26.89,27.13,27.13,26.56,26.80,26.80,27.13,27.05,27.22,27.13,26.96,26.64,27.05,27.05,26.73,26.40,27.05,26.89,26.89,27.05,26.73,26.96,26.80,26.80,26.80,27.22,27.13,27.05,26.80,26.80,27.22,26.80,27.05,26.96,27.13,27.05,27.29,27.22,27.29,27.05,27.62,27.13,26.80,27.29,27.29,27.13,27.29,27.05,27.69,27.76,27.92,27.36,27.76,27.36,27.45,27.36,27.36,27.29,27.36,27.29,27.13,27.69,27.05,27.36,27.29,27.05,26.89,27.29,26.96,27.13,27.22,27.05,26.96,26.96,27.22,26.80,26.89,26.64,27.05,26.73,26.89,26.80,27.13,27.13,26.89,26.89,27.13,26.96,27.05,27.13,26.89,26.96,27.22,26.80,27.22,27.22,27.13,26.80,27.13,27.05,27.45,27.22,27.13,26.96,26.80,27.22,27.05,27.13,26.56,26.96,26.89,27.13,27.05,27.05,27.13,26.96,26.96,26.89,26.96,26.89,26.80,27.29,27.22,26.96,26.89,26.73,27.22,26.96,27.05,26.73,26.89,26.96,27.05,27.13,26.96,26.89,26.64,26.73,27.22,26.96,27.29,26.96,27.05,26.56,27.05,27.05,26.64,27.36,26.89,26.89,26.56,27.05,26.96,27.05,26.96,27.22,26.96,27.62,27.36,27.36,27.45,27.13,27.29,27.05,27.22,26.89,26.89,26.89,26.56,26.89,26.64,26.96,26.96,26.96,26.96,26.80,26.89,26.89,26.96,26.64,26.64,27.05,27.05,27.05,27.13,27.05,27.13,27.05,27.05,26.89,26.80,26.96,26.64,26.96,26.56,27.05,27.13,27.05,27.22,26.47,26.73,26.80,26.89,26.56,26.64,26.89,26.56,26.80,27.05,27.13,26.73,26.89,26.80,27.22,26.80,26.64,26.56,26.80,26.73,27.05,26.96,26.56,26.89,26.64,26.89,26.96,26.80,26.80,26.89,27.05,26.47,27.05,26.56,26.89,27.05,26.80,26.80,26.64,26.96,26.56,27.05,27.13
26.73,27.05,26.56,26.73,26.73,26.31,27.13,26.31,26.47,26.73,26.73,27.13,26.80,26.80,26.80,26.89,26.80,26.89,26.73,26.89,26.80,26.89,26.64,26.80,27.05,27.05,27.13,27.13,26.89,26.56,26.73,26.80,27.29,26.89,26.64,26.64,26.56,26.89,26.89,27.13,27.05,26.56,26.80,27.05,26.64,27.05,27.05,26.73,26.80,27.05,26.73,26.31,27.22,26.80,26.47,26.40,26.73,26.89,26.56,26.64,26.96,26.73,27.05,26.80,26.89,27.13,26.89,26.89,26.89,26.89,27.13,26.96,26.96,27.13,27.13,27.05,26.96,26.80,26.89,26.80,26.80,26.89,26.80,26.80,27.22,27.05,26.80,26.80,26.64,26.73,26.56,26.96,26.73,26.80,26.96,26.73,27.13,26.96,26.80,26.89,26.80,26.96,26.89,27.22,26.73,26.89,26.64,27.13,26.89,26.80,26.96,26.80,27.05,26.89,27.13,26.89,26.96,26.73,26.64,27.36,27.36,26.96,26.73,26.89,26.96,26.73,26.96,26.96,26.96,27.22,27.13,27.05,26.73,26.80,27.05,26.89,27.05,27.13,26.89,26.96,26.64,27.05,27.05,27.29,26.80,26.96,26.89,26.80,27.05,27.05,26.96,27.22,27.13,26.89,27.05,26.89,26.73,26.73,26.96,27.05,27.13,27.05,26.89,26.64,27.05,26.96,27.05,27.05,26.96,27.29,26.96,26.89,27.13,26.89,27.29,27.05,27.05,27.13,26.89,27.05,27.29,26.89,26.73,27.29,27.05,27.05,27.29,27.29,28.09,27.29,27.53,27.45,27.05,27.36,27.69,27.13,27.62,27.22,27.62,27.13,27.29,27.36,27.53,27.05,27.45,27.45,27.29,26.89,27.29,27.29,27.29,27.22,27.05,27.13,27.05,27.13,27.13,26.73,27.05,26.56,26.80,26.96,27.05,26.96,27.05,26.73,27.05,26.89,27.13,26.96,26.96,27.05,26.96,26.89,27.13,26.73,27.05,26.89,27.05,27.05,26.96,26.89,26.96,26.96,26.96,27.29,27.05,26.96,26.73,27.05,26.89,26.64,26.64,27.29,26.80,27.36,27.13,26.96,26.96,27.22,27.13,26.64,27.22,26.47,27.13,27.05,26.89,26.89,27.05,26.56,26.89,26.89,26.89,26.80,26.89,26.89,27.13,26.89,26.64,26.96,26.73,26.89,27.22,27.36,27.13,27.13,26.96,27.13,27.13,27.13,26.89,27.22,26.80,27.29,26.96,26.80,27.13,26.96,27.22,27.36,27.53,27.45,27.29,26.96,27.05,27.13,27.22,27.05,27.22,26.64,26.56,26.89,26.80,26.64,27.05,26.96,26.89,26.96,27.05,27.13,26.89,26.56,27.05,26.64,26.96,26.96,26.73,26.96,26.89,26.47,27.13,26.96,27.05,26.56,26.64,27.13,27.29,26.56,26.80,26.96,26.80,26.73,26.80,26.64,26.64,26.89,26.89,26.80,26.80,27.05,26.89,26.56,26.56,26.89,26.96,26.89,26.47,26.73,26.64,26.80,27.13,26.73,27.13,27.05,27.13,26.73,26.73,26.89,26.80,27.05,27.05,27.05,26.73,26.96,27.13,26.64,26.96,26.80,26.64,27.22,26.73,26.56
26.80,26.40,26.80,26.14,26.89,26.80,26.89,26.80,26.56,26.89,26.80,26.31,26.73,27.13,26.96,26.73,27.22,26.64,26.80,26.56,26.73,26.89,27.05,26.80,26.80,26.64,26.64,26.89,26.89,26.89,27.13,26.56,26.56,27.29,26.80,26.64,26.56,27.13,27.13,26.80,26.80,26.64,27.13,26.89,26.73,26.89,26.64,26.80,26.80,26.89,26.89,27.05,26.64,26.96,26.40,26.89,27.05,27.05,26.73,26.96,26.64,26.96,26.89,26.89,27.05,26.96,27.29,26.31,26.56,26.89,27.13,26.80,26.96,27.05,26.89,26.73,26.73,27.05,26.73,26.96,26.96,26.89,26.64,26.80,26.64,27.22,27.05,26.80,26.80,26.89,26.80,27.05,26.80,26.89,26.64,26.89,26.96,27.05,26.96,26.56,26.89,26.64,26.73,26.80,27.13,26.80,27.05,27.13,26.73,26.96,27.05,26.89,26.96,26.73,27.05,26.89,26.64,26.64,26.89,26.96,26.96,26.89,27.45,26.96,27.05,26.73,27.05,26.89,27.29,27.13,27.13,26.96,27.13,26.64,26.96,26.64,26.64,27.22,27.05,27.13,26.89,27.05,26.80,27.22,27.13,26.40,27.13,27.13,27.05,27.22,27.05,27.05,26.89,26.73,27.05,26.89,27.05,27.13,26.96,26.96,26.80,26.64,26.89,26.96,26.89,26.89,27.05,26.89,27.05,26.89,26.73,27.13,27.05,27.29,27.13,26.89,26.96,26.96,27.13,27.13,27.05,27.05,27.13,27.05,27.13,27.22,26.96,27.36,28.23,27.85,27.69,27.45,27.53,27.22,27.62,27.53,27.29,27.62,27.13,27.85,27.53,27.05,27.22,27.13,27.36,27.53,27.22,27.13,27.13,27.29,26.96,27.05,27.13,26.80,27.13,27.13,26.80,27.22,27.05,26.96,26.96,26.64,26.89,26.80,26.73,27.22,27.05,27.13,27.13,26.80,26.73,27.13,26.89,26.73,26.64,26.56,27.29,27.22,27.05,26.96,27.05,26.80,26.64,26.73,27.13,26.80,27.22,27.05,26.96,27.29,27.13,27.05,26.96,27.45,26.56,26.96,26.80,26.89,26.96,27.13,27.05,27.13,27.13,27.05,26.96,26.80,26.80,26.80,27.05,26.56,26.64,26.89,26.73,26.80,26.96,26.89,27.13,26.80,26.64,27.05,27.05,27.53,27.22,26.80,26.80,26.89,26.96,26.89,26.96,26.89,26.89,26.73,26.96,26.80,26.96,26.89,26.80,26.89,26.64,27.05,26.89,26.73,27.53,27.53,27.36,27.22,26.89,26.56,26.64,26.73,26.47,26.80,26.96,26.89,26.64,26.73,26.96,26.73,26.96,27.29,26.80,26.47,26.47,26.56,26.73,27.22,26.89,27.05,26.73,26.96,26.56,26.56,26.64,27.22,26.89,26.40,26.73,26.73,27.22,26.96,26.73,26.56,27.22,26.73,26.73,26.89,26.64,27.05,27.13,27.05,27.13,26.80,26.80,27.13,26.64,26.96,26.80,27.05,26.73,26.89,27.05,26.80,26.80,26.64,26.73,26.64,26.56,26.47,26.89,26.64,26.89,26.47,26.89,26.89,26.73,26.56,26.47,26.96,26.80,26.89,26.73,26.47
26.31,26.96,26.89,26.64,26.64,26.80,26.56,26.64,26.47,26.64,26.40,26.80,26.73,26.64,27.29,26.40,26.73,26.73,26.56,26.89,26.73,27.29,26.80,26.73,26.64,26.80,26.40,26.89,26.56,26.56,26.56,26.64,26.89,27.05,26.73,26.80,26.73,27.05,26.73,27.05,26.96,27.22,27.05,27.05,26.80,26.89,26.89,26.80,26.64,27.05,26.73,26.73,26.96,27.13,26.96,26.96,26.64,26.73,27.13,27.36,26.89,26.80,26.96,26.96,27.13,26.89,26.56,26.64,26.80,26.80,26.89,26.96,26.80,26.89,27.36,27.05,26.89,26.89,26.80,26.73,27.05,26.73,26.89,27.13,26.80,27.05,27.13,27.05,26.89,27.13,26.56,27.05,26.96,26.89,26.73,26.89,27.13,26.73,26.96,26.80,26.89,26.89,26.64,26.80,27.05,26.56,26.73,26.89,26.89,27.13,26.89,26.96,26.89,26.64,26.96,26.89,26.96,27.13,26.80,27.05,26.73,26.89,26.80,26.73,26.96,26.80,26.96,27.13,26.89,26.96,26.96,26.89,26.73,27.05,26.89,27.22,26.96,27.13,26.73,27.05,26.89,27.13,26.80,27.36,26.47,27.05,26.73,26.96,26.80,26.96,27.22,26.96,26.89,26.96,27.05,26.89,27.29,26.56,27.05,26.89,27.05,26.89,27.13,26.73,27.05,27.29,26.89,27.13,27.29,27.05,27.36,27.05,26.64,27.22,26.96,27.13,26.73,26.96,27.22,26.96,27.13,26.73,27.22,27.13,27.05,26.80,27.45,27.53,28.09,27.69,27.36,27.36,27.13,27.45,27.05,27.29,26.96,27.62,27.69,27.22,26.96,27.13,27.36,27.36,27.13,27.29,27.29,26.64,27.05,26.96,27.22,27.22,27.29,27.05,27.13,26.96,26.64,26.96,26.89,27.13,27.22,26.73,27.13,27.13,26.73,26.64,26.80,27.22,26.80,26.31,26.80,26.89,27.05,26.89,26.96,26.89,26.89,26.56,27.05,26.89,26.80,26.96,26.64,26.96,26.89,27.05,27.22,26.96,26.80,26.80,27.05,27.22,26.89,26.73,26.96,26.89,26.96,27.13,26.73,27.22,26.89,27.36,26.96,27.29,26.89,26.89,26.89,26.47,26.96,26.80,26.80,26.89,26.89,26.96,26.96,26.56,27.13,26.89,27.05,26.47,27.13,26.96,26.96,26.89,26.89,26.80,27.05,26.96,27.13,27.05,26.73,26.89,26.89,27.13,27.45,27.22,26.89,27.13,27.13,26.80,26.64,26.89,26.89,26.56,27.05,27.29,27.29,27.29,27.05,27.29,27.05,26.89,26.73,27.05,26.89,27.05,26.96,26.89,26.80,26.80,26.64,26.73,26.73,26.64,26.89,26.96,26.73,26.64,26.80,26.56,26.89,26.56,26.56,26.96,26.80,26.96,27.05,26.80,27.13,26.64,27.29,26.64,26.96,26.89,26.56,26.64,26.73,26.96,26.96,26.56,26.56,26.89,26.89,26.96,27.13,26.89,26.64,26.47,26.47,27.29,26.96,26.64,26.64,26.64,26.96,26.89,26.64,26.96,27.05,26.89,27.05,27.13,27.13,26.64,26.80,26.80,26.64,26.64,26.64,26.64,26.64,26.64
26.89,26.80,26.23,26.89,26.73,26.73,26.89,26.64,26.40,26.64,26.64,26.64,26.73,26.73,26.80,26.89,26.96,26.89,26.64,27.05,26.31,26.56,26.89,26.80,26.73,26.73,26.73,26.40,27.13,26.73,26.73,26.89,26.80,26.80,27.22,27.13,26.96,26.96,27.05,27.13,26.80,26.80,26.73,26.80,27.05,26.73,26.80,27.22,26.73,26.96,27.13,26.64,26.96,26.47,26.56,27.13,26.47,26.73,26.89,26.73,26.80,26.96,27.22,26.56,26.56,27.29,26.47,27.05,26.89,27.05,26.80,26.96,26.96,26.96,26.64,27.13,26.96,26.47,26.96,26.56,26.89,26.64,26.89,26.96,26.73,27.13,26.73,26.73,26.73,26.64,26.96,26.80,26.64,26.64,26.96,26.96,26.89,26.64,26.89,26.47,26.89,26.56,26.73,26.80,26.96,26.89,26.73,26.80,26.89,26.89,26.96,26.89,26.56,26.80,26.31,26.89,27.05,27.05,26.89,26.56,27.05,26.80,26.73,27.22,26.89,26.80,27.13,26.89,26.89,26.89,26.73,26.80,27.13,27.22,26.80,26.73,26.56,26.80,26.56,27.29,26.80,26.89,27.13,26.89,26.89,27.13,26.80,27.05,27.05,27.13,27.13,27.13,26.64,27.05,26.96,27.05,26.96,26.96,26.73,27.13,26.89,26.89,26.80,26.80,27.05,26.89,26.89,27.29,27.22,26.96,26.73,27.22,27.22,26.89,27.22,26.96,26.96,27.22,27.36,27.22,27.13,27.05,26.96,27.13,26.80,27.62,26.89,27.53,27.69,27.69,27.22,27.45,27.29,27.53,27.29,27.22,27.53,27.29,27.29,27.05,27.45,27.05,27.29,27.53,27.22,27.05,27.13,27.13,26.89,27.13,27.22,27.13,27.36,26.96,26.96,27.05,26.80,26.89,26.89,26.89,27.05,26.80,26.89,27.22,26.89,27.05,26.89,26.96,27.05,27.05,26.96,27.13,26.96,26.80,27.13,27.05,26.73,26.64,27.05,26.80,27.05,27.13,26.80,27.22,27.29,26.73,26.80,26.96,27.05,27.29,26.80,26.73,26.96,26.89,26.96,26.89,27.05,26.89,27.05,27.05,26.80,26.73,26.64,26.80,26.96,27.13,27.13,26.64,26.89,27.13,26.96,26.89,26.96,26.89,27.22,26.64,26.96,26.80,26.96,27.22,26.80,26.89,26.96,26.64,27.22,27.22,26.96,26.96,26.80,27.05,27.05,26.73,26.80,26.64,26.89,26.64,26.89,26.89,27.22,27.22,26.96,26.96,27.05,26.80,26.96,26.96,27.29,27.22,27.29,26.96,26.73,26.89,27.13,27.29,26.96,27.05,26.40,27.22,26.56,27.05,26.64,26.89,26.96,26.80,27.05,26.73,26.64,26.64,26.89,26.80,26.96,26.89,26.89,26.89,26.64,26.80,27.13,26.96,26.73,27.13,26.73,26.73,27.13,26.96,26.31,26.73,26.80,27.29,26.73,26.80,26.89,27.29,26.96,26.64,27.05,26.73,26.89,26.47,26.64,26.80,26.64,26.80,26.64,26.56,26.80,26.89,27.05,26.73,26.73,27.05,26.80,26.96,26.89,26.73,26.80,26.56,26.47,26.73,26.89,26.64,26.56,26.89
26.73,26.73,26.73,26.80,26.80,26.89,26.80,26.64,26.89,26.56,26.96,26.80,26.96,26.89,26.73,26.89,26.96,26.73,26.80,26.56,26.64,26.89,26.31,26.73,26.80,27.13,26.64,26.96,26.73,26.96,26.80,26.96,27.13,26.89,26.73,26.47,26.96,26.80,27.05,27.05,26.64,26.64,26.96,26.89,26.73,27.05,26.96,27.22,26.96,26.64,26.96,27.22,26.73,26.40,26.73,26.96,26.73,26.73,27.13,26.89,26.56,26.80,26.56,27.05,27.05,27.22,27.29,26.89,26.89,26.80,27.05,26.56,26.96,27.05,26.96,26.89,27.13,27.05,27.22,26.96,26.96,27.22,26.73,26.64,27.05,26.96,27.13,27.22,26.89,26.80,26.80,26.64,26.73,26.89,27.13,26.96,26.96,27.05,27.05,26.80,26.96,27.05,27.05,26.80,26.73,27.05,26.96,27.22,26.96,27.05,26.73,26.89,26.96,27.13,26.96,26.89,26.89,26.89,27.22,26.89,26.89,26.80,27.05,26.89,26.73,26.64,26.89,27.13,26.73,26.89,27.13,27.22,26.80,27.22,26.80,26.80,27.13,26.89,26.80,26.64,26.89,27.13,26.73,27.53,26.56,26.73,27.13,27.05,26.96,26.96,26.89,26.89,26.89,27.05,27.22,27.13,26.96,27.22,27.29,26.56,26.73,27.05,26.73,27.22,26.56,26.96,27.05,27.05,27.29,27.05,27.29,27.22,27.13,27.13,27.05,27.22,27.13,27.05,27.22,27.22,27.13,27.22,27.13,27.13,26.89,26.89,27.36,28.23,27.53,27.92,27.53,27.29,27.29,27.29,27.22,27.13,27.13,27.05,27.36,27.62,27.53,27.05,27.13,27.36,27.36,26.96,27.22,27.05,27.62,27.05,27.22,27.22,27.22,27.13,27.29,26.64,26.89,27.05,27.29,26.80,26.96,26.96,27.05,27.13,27.13,27.13,26.96,27.05,27.22,26.96,26.96,27.22,26.96,26.89,26.96,26.73,26.96,27.05,27.05,27.36,26.89,27.05,27.05,26.96,26.89,27.05,27.13,27.05,27.45,26.80,27.13,26.96,27.05,26.89,27.05,26.96,26.73,26.96,26.80,26.89,26.89,26.89,26.96,27.13,27.13,27.05,26.56,27.29,27.13,27.13,27.05,26.80,26.80,26.56,26.96,26.89,26.80,27.29,26.96,27.13,26.80,27.29,27.22,26.96,26.96,26.80,26.96,26.80,26.89,27.13,27.05,27.29,26.96,27.05,26.96,27.13,26.64,26.47,26.64,27.05,26.89,26.64,26.89,26.89,26.64,27.05,27.05,27.13,27.13,27.22,27.36,27.29,27.22,26.89,27.22,27.05,27.13,26.89,27.05,26.80,26.89,26.64,26.64,27.05,26.89,27.22,27.13,26.64,26.80,27.22,26.40,27.13,26.80,26.56,26.89,26.96,26.80,26.31,26.56,26.47,26.64,26.96,26.73,27.22,26.89,26.73,26.96,27.22,26.80,27.05,27.05,27.29,26.80,26.56,26.73,26.89,26.89,27.05,27.05,27.05,26.89,26.73,26.80,26.96,26.47,26.89,27.05,26.80,26.64,26.64,27.05,26.96,26.80,26.89,26.96,26.96,26.80,26.89,26.64,26.89,26.96,26.56
26.40,26.89,26.80,26.64,26.89,26.89,27.13,26.96,27.29,26.73,26.89,26.73,26.89,26.96,26.89,26.96,26.80,26.64,26.89,26.80,26.89,27.05,27.05,26.73,26.73,27.22,26.80,26.89,26.64,27.29,27.13,26.64,26.73,27.13,26.64,27.29,27.22,26.80,26.73,27.22,26.89,26.56,26.73,27.05,26.96,26.96,26.64,26.96,26.89,27.05,26.96,27.05,26.73,26.89,26.96,27.22,27.13,26.96,26.80,26.96,26.89,26.80,26.80,26.80,26.89,26.89,27.05,26.73,27.05,26.80,26.96,27.05,26.73,26.96,27.13,27.13,26.64,26.64,26.96,26.96,26.96,26.96,26.73,26.89,26.89,26.96,27.22,26.96,26.89,26.89,26.96,27.22,26.56,26.73,27.05,26.96,26.89,26.64,26.73,26.96,26.89,26.64,26.89,26.96,27.13,26.80,26.96,26.89,26.89,26.96,26.56,27.05,27.05,26.96,27.05,26.89,26.96,27.05,26.80,27.05,26.89,26.73,27.29,27.05,26.80,26.80,26.56,26.89,26.64,27.05,26.89,27.29,26.73,27.13,27.05,26.80,27.05,27.13,26.89,27.05,26.64,26.73,27.05,26.89,27.22,26.73,26.47,26.73,26.96,26.96,27.05,26.89,27.05,27.05,27.13,26.96,26.80,27.36,27.13,27.13,26.64,26.80,26.89,27.05,26.96,26.96,27.05,26.73,27.13,27.13,27.22,27.05,27.05,26.96,26.73,27.13,27.29,26.89,27.13,27.29,26.89,26.80,27.22,27.45,27.29,27.36,27.29,28.30,27.62,27.76,27.53,27.45,27.29,27.53,27.22,27.13,26.80,27.13,27.22,27.13,27.69,27.13,27.05,26.96,27.29,27.53,27.29,27.22,27.22,27.13,27.05,27.29,27.36,27.13,27.22,26.89,27.13,27.13,27.22,26.89,26.80,26.56,26.80,27.22,27.13,26.80,26.96,27.05,26.56,26.80,26.89,27.13,27.22,27.13,27.13,26.64,26.89,26.96,26.96,26.96,27.22,26.89,26.89,26.73,27.05,26.89,26.96,27.22,26.96,26.89,27.05,27.22,26.73,26.56,26.73,26.89,26.96,27.13,27.36,26.73,27.13,26.64,26.89,26.73,26.96,26.96,27.29,26.89,27.13,26.96,27.05,26.56,27.05,27.22,26.89,26.64,27.05,26.64,27.13,26.89,26.47,26.80,26.96,26.89,26.31,27.05,26.89,26.64,26.64,27.53,27.22,27.29,26.89,26.89,26.80,26.64,26.64,27.13,26.89,26.80,26.89,26.96,26.47,26.89,26.80,26.73,26.89,26.96,26.96,26.96,27.22,27.45,27.22,27.29,26.89,26.89,26.89,26.96,27.05,27.13,26.89,26.89,26.73,26.73,26.96,26.96,26.89,26.89,26.73,26.89,26.73,26.73,26.47,26.96,26.64,26.80,26.80,26.64,26.73,26.73,26.80,26.96,26.80,26.56,27.05,26.64,26.47,26.47,26.80,26.73,26.47,26.80,26.31,26.96,26.80,26.80,27.22,26.40,26.31,26.64,26.80,26.89,26.80,26.64,27.29,26.40,27.22,26.89,26.80,26.89,27.05,27.05,27.05,26.73,26.73,26.73,26.96,26.80,26.64,26.80,26.80,27.22
26.73,26.89,26.31,26.80,26.89,26.56,26.47,26.73,26.64,26.73,26.64,26.56,26.56,26.89,26.89,26.80,26.64,26.96,26.80,26.73,26.47,26.89,26.89,26.73,26.73,26.64,26.64,26.56,26.64,26.73,27.13,26.73,26.80,26.64,26.73,26.80,27.05,26.73,26.64,27.05,26.89,26.56,27.13,26.89,26.96,26.56,26.89,26.89,27.05,27.05,26.64,26.96,26.96,27.22,26.96,27.22,27.13,27.05,26.80,27.22,27.13,26.96,26.73,27.05,26.40,26.89,26.96,26.56,26.80,26.89,26.89,26.89,26.96,26.89,27.05,27.13,26.56,26.96,26.80,27.05,26.89,26.73,26.80,26.80,26.96,26.89,26.89,26.89,26.56,26.73,26.80,26.96,26.73,26.80,27.05,26.89,27.05,26.89,26.96,26.73,27.05,27.29,26.96,26.89,26.89,26.73,26.89,26.64,26.96,27.13,27.05,26.56,26.80,26.80,26.89,26.89,26.64,26.96,26.73,26.96,27.05,26.89,26.89,26.89,26.80,26.73,26.89,26.64,27.05,26.80,27.05,27.05,26.96,26.80,26.89,26.96,26.73,26.89,27.13,26.73,26.96,26.96,26.96,26.96,27.22,26.73,26.96,26.80,26.80,26.80,27.05,26.89,27.13,26.73,26.73,26.96,26.89,26.80,26.47,26.73,27.13,26.80,27.05,27.13,27.05,26.89,26.96,27.22,27.69,26.96,26.96,27.22,27.45,27.13,26.96,26.96,26.96,27.29,27.22,26.96,27.29,27.22,27.22,27.13,27.22,27.45,27.76,28.09,27.76,27.36,27.62,27.13,27.36,27.05,27.05,27.29,27.05,27.62,26.96,27.45,27.62,27.29,27.45,27.13,27.29,27.76,27.36,27.29,27.69,27.36,27.36,27.29,27.13,27.13,26.89,26.89,26.73,27.13,26.89,26.80,26.96,26.89,26.96,26.89,26.89,26.80,26.80,26.96,27.22,26.80,26.96,27.05,27.05,26.89,27.05,26.89,26.89,26.64,26.89,26.89,26.80,26.64,27.05,27.22,26.73,27.22,27.05,26.96,27.05,26.96,27.13,26.80,27.05,26.89,26.96,27.13,26.80,27.13,26.96,27.05,26.80,27.22,27.13,26.96,26.73,26.89,27.05,27.05,27.05,26.73,26.80,26.73,26.96,26.89,26.96,27.13,26.56,26.96,26.73,26.89,26.96,26.80,27.22,26.73,26.89,26.96,27.05,26.96,27.29,27.05,27.22,26.80,27.29,26.56,27.45,26.89,27.05,26.80,26.89,26.47,26.96,27.05,26.80,26.89,26.80,26.80,26.56,26.64,26.80,26.96,27.13,27.05,27.29,27.85,27.76,27.45,26.89,27.13,27.05,26.73,26.64,27.05,26.80,26.89,26.96,27.05,27.13,26.89,26.73,26.96,26.89,26.89,26.64,27.05,26.64,26.56,26.89,26.73,26.47,26.64,27.13,26.47,26.73,27.05,27.05,26.96,26.96,27.22,26.56,27.05,26.47,26.64,27.29,26.73,26.89,26.96,26.64,27.13,26.64,26.56,27.13,26.73,26.89,26.64,27.13,26.80,26.47,26.64,26.80,26.96,26.64,26.73,27.05,27.13,26.64,26.80,26.64,26.47,26.56,26.89,26.73,26.40
26.96,27.05,27.05,26.96,26.89,26.80,27.05,26.73,26.64,26.73,26.89,26.80,26.64,26.80,26.73,26.64,26.80,26.89,26.80,26.56,26.47,26.73,27.05,26.73,26.64,26.73,27.05,26.89,26.47,27.13,26.64,27.13,26.96,26.89,26.89,26.96,26.96,26.73,26.89,26.80,26.73,27.05,27.13,26.73,26.64,26.73,27.22,27.05,26.73,26.64,26.80,26.89,27.05,26.73,27.22,26.73,26.89,26.89,27.05,26.89,26.73,26.96,26.89,26.89,27.13,26.56,26.80,26.73,26.96,27.22,26.96,26.80,27.22,26.80,27.05,26.64,26.47,27.13,26.96,26.96,26.73,26.80,26.56,26.64,26.89,26.64,26.89,26.96,27.05,26.64,26.89,26.89,26.73,26.89,26.89,26.96,26.96,26.96,26.73,26.64,27.05,27.05,27.05,26.96,26.64,26.73,26.64,26.96,27.13,26.89,27.05,26.73,27.05,26.96,26.80,27.13,27.05,27.05,26.89,26.73,26.96,26.80,26.89,26.89,27.13,26.73,26.73,26.80,26.80,26.89,27.13,26.89,26.73,26.80,26.64,27.05,27.22,27.05,26.73,26.80,27.05,26.96,26.56,26.96,26.96,27.05,26.56,26.80,27.05,26.80,26.73,26.96,26.64,27.13,26.96,27.22,27.13,26.89,26.96,27.13,26.96,26.89,26.80,26.89,26.89,26.80,26.80,26.96,26.96,27.22,26.89,27.29,27.62,27.22,27.05,27.05,26.96,26.89,27.53,26.96,26.89,27.05,27.05,27.05,26.96,27.29,28.39,27.76,28.09,27.22,27.62,27.62,27.22,27.22,27.29,27.36,27.62,27.29,27.13,27.36,27.53,27.05,27.29,27.22,27.29,27.13,27.62,26.96,27.53,27.13,27.62,27.36,27.13,27.13,26.96,27.22,26.73,27.05,26.80,26.73,26.96,26.89,26.89,27.22,26.89,27.13,26.80,27.05,26.56,26.80,26.89,26.96,26.73,27.05,26.89,27.22,26.73,27.05,26.96,26.73,27.22,26.96,27.13,26.89,26.80,26.96,26.96,26.73,27.45,26.89,27.13,26.89,26.64,26.96,27.13,27.13,26.89,26.89,27.13,27.29,26.89,27.13,26.96,26.89,26.80,26.73,26.80,26.80,27.05,26.96,26.73,27.22,26.56,26.96,26.80,26.73,26.73,26.89,26.80,26.89,26.89,26.96,27.05,26.89,27.13,27.22,26.56,26.89,26.89,26.96,27.05,26.96,26.64,26.80,27.05,26.89,26.89,26.89,26.64,26.89,26.96,27.05,27.13,26.64,26.64,27.13,26.47,27.05,27.29,26.96,26.89,27.29,27.13,27.05,27.29,27.13,27.22,27.36,27.22,27.05,26.56,26.89,26.56,27.13,26.89,26.80,26.80,26.89,26.64,26.96,26.96,26.73,27.05,27.05,26.64,26.96,26.96,27.13,27.05,26.56,26.64,26.64,27.22,26.56,26.73,26.73,27.05,26.80,26.56,26.89,27.05,26.80,26.73,26.73,26.73,27.29,26.73,27.05,26.56,26.73,26.89,27.36,26.56,26.56,26.73,26.80,26.56,26.96,26.80,26.80,27.22,26.73,27.13,27.13,26.89,26.89,26.47,26.73,26.56,26.89,26.64,26.89
26.89,26.73,26.73,26.64,26.96,26.73,26.80,26.73,26.80,26.64,26.64,26.64,26.64,26.96,26.56,26.64,27.05,26.80,26.80,27.05,26.64,26.64,26.89,26.64,26.89,26.47,27.05,26.96,26.96,26.80,26.64,26.73,27.05,26.89,26.80,26.96,26.80,26.96,26.96,26.89,26.73,26.73,26.80,26.56,26.56,26.89,26.96,26.89,26.89,26.73,26.96,26.89,26.96,27.05,26.96,26.80,26.89,26.73,26.80,26.56,26.64,26.89,26.47,26.96,27.13,26.96,26.96,27.22,27.22,27.22,26.96,26.80,26.40,26.96,26.89,26.96,26.80,26.96,26.96,26.64,26.96,26.80,26.89,26.73,26.73,26.64,26.80,26.96,26.64,26.96,26.89,26.47,26.96,26.96,26.89,26.64,27.29,26.96,26.89,26.96,26.73,27.22,26.64,26.96,27.05,26.73,26.80,27.13,26.80,26.96,26.64,26.89,26.40,26.89,26.80,26.96,26.64,26.96,27.05,26.73,26.56,26.73,26.89,26.89,26.96,26.96,26.89,27.05,27.29,26.56,27.13,26.96,26.73,27.05,26.96,27.05,26.89,27.53,26.80,26.73,26.80,26.96,26.96,26.89,26.89,27.29,26.73,26.89,27.05,26.96,27.13,26.89,26.64,26.80,26.89,27.22,26.89,26.96,26.96,26.80,26.73,26.89,26.89,26.80,26.96,27.13,26.64,26.96,27.22,26.80,27.22,27.05,27.22,26.96,26.96,27.13,27.13,26.89,26.89,27.13,27.13,26.96,27.22,26.96,27.45,27.13,28.54,27.92,27.53,26.89,27.22,27.13,27.36,27.22,27.53,27.05,27.22,27.13,27.36,27.22,26.96,27.22,27.36,27.53,27.29,27.22,27.29,27.36,27.29,26.73,27.22,27.05,27.13,27.22,27.22,27.05,27.05,26.80,26.73,26.96,26.80,27.13,26.89,26.73,27.13,27.29,27.29,27.05,26.56,26.64,26.80,26.96,26.96,26.96,26.96,26.80,26.64,26.64,26.64,27.05,26.89,26.89,27.13,26.73,27.29,27.05,26.89,26.89,26.89,26.80,26.89,27.13,26.80,27.22,27.05,26.89,26.96,26.96,26.89,26.73,27.05,26.80,27.22,27.05,26.89,26.80,26.80,27.13,26.73,26.89,26.89,27.05,27.05,27.05,26.96,26.80,27.13,26.96,27.22,26.80,26.73,27.05,26.73,26.73,26.89,26.96,26.89,26.89,27.13,27.13,26.89,26.96,27.13,27.45,27.22,26.80,26.89,27.05,26.73,27.22,26.64,26.80,26.73,26.96,26.89,26.73,26.80,26.89,26.96,26.80,26.89,26.89,26.80,26.96,26.73,26.73,26.96,27.13,27.36,27.29,27.29,26.64,27.13,26.64,26.96,26.73,26.96,26.73,26.73,27.13,26.56,26.96,26.47,26.56,26.80,26.56,27.22,27.05,26.73,26.73,27.29,26.73,26.96,26.89,27.22,27.13,27.13,26.73,26.64,26.73,26.89,26.80,26.96,26.96,27.05,26.56,26.89,26.96,26.56,26.80,26.64,26.73,27.29,26.73,27.13,26.40,26.73,26.64,26.96,26.47,27.13,26.56,27.13,27.29,27.13,26.89,26.80,26.73,26.73,26.64,26.56,26.80
26.56,27.13,26.23,26.73,26.47,26.31,26.56,26.73,26.80,26.73,26.96,26.89,26.96,27.13,26.64,26.80,26.64,26.80,26.80,26.96,26.89,26.80,27.13,26.73,26.73,26.96,26.73,27.13,26.73,26.80,26.73,27.05,26.73,27.13,27.13,26.73,26.73,27.05,26.89,26.73,26.73,26.80,26.56,26.96,26.73,26.64,26.89,26.47,26.47,26.64,27.05,27.13,27.13,26.80,26.47,26.80,26.96,26.96,27.05,27.22,26.96,27.13,26.80,26.64,26.73,26.80,26.64,26.89,26.40,26.80,26.89,26.96,26.73,26.89,26.96,26.73,27.05,26.89,26.80,26.89,26.89,27.05,26.73,27.05,26.73,26.80,27.13,26.80,26.89,26.64,26.64,26.73,26.80,26.73,27.22,26.80,26.73,26.73,26.80,26.96,26.47,26.56,26.89,26.96,26.80,26.89,26.47,26.73,26.73,27.22,26.80,26.80,26.73,26.64,26.80,26.73,26.96,27.13,26.47,26.96,26.89,27.05,26.89,26.80,26.80,26.80,26.73,26.96,26.64,26.96,26.80,26.96,27.05,26.56,27.13,26.80,27.22,26.80,26.89,26.89,26.96,26.73,27.13,26.80,26.73,26.96,26.96,26.89,26.80,26.80,26.47,27.13,26.89,27.05,27.13,27.22,26.73,27.29,26.96,27.05,26.96,26.80,26.80,26.64,27.05,26.80,26.89,27.05,26.96,26.80,27.05,27.05,27.05,26.80,27.05,27.13,27.13,26.80,26.96,26.89,26.73,27.13,26.96,27.13,27.29,27.76,28.54,27.69,27.85,27.45,26.89,27.36,27.45,27.22,27.05,27.29,26.96,27.36,27.36,27.53,27.29,27.22,26.89,27.29,27.05,27.62,27.22,27.22,27.29,27.29,27.05,26.89,26.96,27.13,27.05,27.13,26.96,26.96,26.80,26.73,26.73,26.96,26.73,26.89,26.96,26.89,27.05,27.05,27.05,27.05,26.89,27.45,26.89,26.89,27.13,27.05,26.80,26.96,27.05,26.89,26.73,26.89,26.73,27.05,26.89,26.89,26.80,26.73,26.80,26.64,26.89,26.73,26.96,27.22,26.64,26.89,26.96,27.29,26.80,27.05,27.13,27.05,26.96,27.13,27.13,26.89,26.80,26.89,26.64,26.96,26.96,27.05,27.05,27.05,26.96,27.05,26.89,26.96,26.96,27.13,26.64,27.13,26.80,27.13,26.73,27.13,26.89,27.29,27.13,27.13,26.47,26.40,26.73,26.47,27.13,27.29,26.89,26.96,26.80,26.56,26.89,27.05,26.96,27.36,27.13,27.22,27.13,27.05,26.80,26.96,26.56,27.13,26.89,26.96,26.89,26.64,26.89,26.64,26.89,26.96,27.36,27.53,27.22,27.05,26.89,26.96,26.73,27.05,26.56,27.05,26.64,26.89,27.05,26.96,26.96,27.05,26.96,26.73,26.47,27.22,26.80,26.96,27.13,27.22,27.05,26.73,26.89,26.96,26.47,26.40,26.96,26.80,26.96,26.80,26.47,26.64,26.56,26.73,27.05,26.64,27.05,26.73,26.80,26.56,26.56,26.47,26.80,26.64,26.56,27.13,26.80,26.89,26.80,26.89,26.80,26.96,26.80,26.40,26.80,26.73,26.89,26.47
26.89,26.80,26.40,26.80,26.89,26.47,27.05,26.80,26.80,27.05,26.89,26.80,26.89,26.40,26.64,26.80,26.64,26.73,26.96,27.05,26.96,27.13,26.56,26.80,27.22,26.73,26.73,26.47,26.56,26.73,26.73,27.13,26.80,26.64,26.47,26.56,27.05,26.80,26.56,26.56,26.96,26.47,27.22,26.47,26.40,26.96,26.64,26.56,26.73,26.80,27.13,26.96,26.89,26.96,27.05,26.73,26.96,26.96,26.73,26.64,27.05,27.13,26.80,26.73,26.80,27.05,26.89,26.80,26.80,26.73,27.05,26.89,26.80,26.89,27.05,26.89,26.89,26.89,26.80,26.89,26.64,26.64,26.80,26.89,26.80,26.73,26.80,26.80,26.80,26.73,27.36,27.29,27.05,26.80,26.96,26.96,26.73,26.80,26.96,27.05,26.96,26.89,26.64,26.89,26.96,26.64,26.89,27.05,27.05,26.96,26.80,26.80,26.89,27.05,26.96,27.13,27.05,26.80,26.96,26.64,27.22,26.89,26.73,26.89,26.73,27.05,27.05,27.05,26.73,26.64,27.13,26.64,26.89,26.96,27.05,26.80,26.96,26.64,26.89,27.05,26.96,26.89,26.80,26.96,26.80,26.96,26.89,26.80,27.29,27.05,26.96,27.13,26.96,27.13,27.05,26.96,26.96,27.05,27.05,26.96,27.22,26.80,26.73,27.05,26.89,26.80,27.05,26.96,26.80,27.22,27.29,27.29,27.22,26.89,26.64,26.96,27.13,26.89,26.80,27.22,26.80,27.13,26.96,27.45,27.05,27.76,28.16,28.09,27.53,27.13,26.89,27.69,27.22,27.29,27.13,27.36,27.29,27.62,27.62,27.53,27.29,27.53,27.22,27.29,27.62,27.29,27.36,27.29,27.13,26.96,27.22,27.13,27.13,27.29,27.29,27.13,26.89,27.13,27.22,26.73,27.05,26.96,27.22,27.05,26.80,26.89,26.96,26.89,26.89,26.80,27.13,26.89,26.80,26.96,26.80,26.96,26.96,26.89,27.05,27.05,27.29,26.96,26.73,26.56,27.05,26.96,27.36,26.80,27.13,26.80,27.05,27.13,26.73,26.73,27.22,26.64,26.89,26.80,26.56,26.80,27.13,26.73,26.80,27.05,26.64,27.36,26.96,27.05,27.13,26.96,26.89,26.56,27.05,26.80,26.89,27.22,27.05,26.89,26.89,26.80,26.80,27.05,27.13,26.96,26.80,26.89,26.56,26.96,26.96,26.89,26.64,27.05,26.96,27.13,26.96,26.89,27.05,26.89,26.64,26.96,26.80,26.89,26.80,26.40,26.89,26.96,26.80,27.05,26.89,27.29,26.80,26.96,26.96,26.89,27.29,26.89,27.13,26.89,27.05,27.05,27.13,27.36,27.45,27.62,27.05,26.96,27.22,27.05,26.96,27.05,27.05,27.05,27.05,26.73,27.05,26.89,26.96,26.96,26.96,26.64,27.13,27.05,26.89,26.73,27.29,26.96,26.73,27.05,27.05,26.47,26.96,27.13,26.73,26.89,26.96,27.22,26.73,26.96,27.22,26.73,27.22,26.64,26.80,27.05,26.80,26.80,26.89,26.89,26.73,26.73,26.89,26.96,26.73,26.89,26.73,26.47,26.89,26.89,26.64,26.64,27.13,26.80
26.73,26.47,26.73,26.80,26.56,26.64,26.56,26.73,26.80,26.56,26.80,26.80,27.05,26.64,26.80,26.80,26.80,26.56,26.73,26.64,27.22,26.80,26.73,26.73,26.89,26.89,26.73,26.89,26.73,27.13,26.96,27.05,26.47,26.73,26.89,26.89,26.73,26.89,26.96,26.56,26.64,26.47,26.96,26.64,26.89,26.73,26.96,26.73,27.22,27.13,26.73,26.80,26.47,26.64,27.13,27.05,26.89,26.64,27.13,27.29,26.89,26.73,26.80,26.96,27.05,26.89,26.80,26.73,27.36,27.36,26.96,27.05,26.89,26.89,26.89,27.05,26.80,26.73,27.05,26.96,26.96,26.96,26.96,26.96,26.80,26.64,27.13,26.89,27.13,27.05,27.05,27.05,26.80,26.96,26.89,27.05,26.73,27.05,26.80,26.80,27.05,26.89,26.89,26.80,27.22,27.13,26.89,27.05,26.64,27.22,26.73,27.05,26.96,26.96,27.13,26.80,27.05,26.80,27.13,26.89,26.96,26.89,26.80,26.64,26.73,26.89,27.13,26.80,26.73,26.80,26.64,26.64,26.89,27.05,27.13,26.96,27.05,27.05,26.73,26.80,26.89,26.96,26.80,26.80,26.96,26.80,26.96,26.89,26.89,26.89,27.22,26.89,26.73,27.22,26.80,26.96,27.05,27.05,27.13,27.22,26.96,26.56,27.13,26.89,26.96,26.96,26.80,26.96,27.05,27.29,27.22,26.96,27.45,27.13,26.73,26.80,27.45,27.29,27.13,26.89,27.05,27.05,26.96,27.05,27.29,28.70,27.76,27.76,27.29,27.13,27.45,27.22,27.05,27.22,27.13,27.13,27.13,27.13,27.29,27.22,27.22,27.45,27.22,27.62,26.89,27.29,27.22,26.89,26.96,26.89,27.29,27.29,26.96,27.13,27.13,27.05,26.80,26.64,26.96,26.47,27.29,26.89,26.80,26.80,26.80,27.13,26.96,26.89,26.73,27.22,26.96,27.22,26.80,26.56,26.89,26.96,26.73,26.96,27.13,27.05,26.89,26.47,26.96,26.89,26.56,27.13,26.73,27.05,27.05,27.13,26.96,26.80,26.96,26.80,26.64,26.80,26.96,26.96,27.29,27.05,27.29,26.80,27.05,27.13,26.89,26.80,26.96,27.13,27.13,26.89,27.13,26.89,27.05,26.89,27.22,26.73,26.47,26.89,26.56,26.47,27.05,27.13,26.80,26.96,26.89,27.13,26.96,27.13,26.80,26.96,26.96,27.05,27.22,26.96,26.96,26.56,26.89,26.96,26.73,26.64,26.64,26.47,26.64,27.05,27.13,26.64,27.13,27.13,26.64,26.89,26.96,27.05,26.89,26.89,27.05,26.64,27.05,26.73,27.13,26.73,27.22,26.96,26.89,27.13,27.29,27.53,27.22,27.13,27.22,26.96,26.73,27.05,26.73,26.56,26.73,27.22,26.96,27.13,26.73,26.80,26.96,26.96,26.56,26.64,26.96,26.64,26.64,26.89,26.80,26.73,26.96,27.13,26.89,26.56,26.73,26.73,26.80,26.73,26.73,26.96,27.13,26.80,26.31,26.64,26.89,26.73,26.56,26.73,26.64,26.89,26.96,26.56,26.56,26.80,26.89,26.80,26.73,26.89,26.89,26.80,26.73,26.47
26.73,26.80,26.23,27.22,26.80,26.73,26.64,26.64,26.89,26.96,27.05,26.89,26.56,26.89,26.56,26.89,26.73,26.89,27.13,26.73,26.80,26.56,26.64,26.56,26.73,27.05,26.96,26.80,26.73,26.64,26.73,26.56,26.73,26.80,27.05,26.47,26.96,27.13,26.56,26.73,26.64,26.89,27.05,27.13,26.56,26.56,26.64,27.22,26.89,26.64,26.73,26.89,26.64,26.89,26.23,26.56,26.89,26.89,26.96,26.89,26.80,26.96,26.80,26.73,26.96,26.89,26.80,26.89,26.89,27.05,27.22,26.89,26.96,26.96,27.05,26.89,27.22,26.96,27.05,26.89,26.80,26.89,26.80,27.05,26.89,26.64,27.05,26.47,27.13,26.64,26.80,26.73,27.05,26.96,27.22,26.80,26.89,27.45,27.05,26.89,26.56,26.23,26.96,27.05,26.73,26.73,26.96,27.13,26.31,27.13,26.89,26.73,27.05,26.89,26.47,26.56,26.96,26.96,27.22,27.05,27.22,26.73,26.47,26.73,26.47,26.96,27.13,27.05,26.89,26.96,27.05,26.64,26.73,26.89,26.80,27.13,27.13,26.80,27.22,26.96,27.13,27.05,26.73,26.64,26.80,26.89,26.89,27.05,27.05,26.64,26.89,26.64,27.05,26.80,27.05,26.96,26.96,27.13,26.96,26.80,26.80,27.05,26.96,26.64,27.05,26.80,26.89,27.05,27.05,26.64,26.96,27.29,27.53,27.22,27.29,27.22,27.05,26.89,26.96,27.05,26.89,27.05,27.22,26.96,27.76,28.91,27.85,27.85,27.45,27.45,27.22,27.22,27.22,27.62,27.05,27.29,27.22,27.36,27.76,27.05,27.45,27.29,26.89,27.05,27.29,26.96,27.36,27.05,27.05,27.22,27.05,26.89,26.73,27.05,27.29,26.96,26.89,26.96,26.80,26.96,26.73,26.80,27.13,26.89,26.80,26.89,26.96,26.73,27.05,26.80,27.05,26.96,27.05,26.96,27.22,27.13,27.13,26.89,26.73,26.89,26.96,26.89,26.89,26.73,26.89,27.05,26.96,26.89,26.73,27.22,27.05,26.96,26.89,26.80,27.29,26.80,26.89,26.96,26.89,27.22,26.96,27.05,27.05,26.80,26.89,27.05,27.05,26.96,26.96,27.05,27.05,26.96,27.05,27.05,26.80,27.22,27.29,26.96,27.22,26.89,27.05,27.29,27.13,26.96,27.29,26.80,26.89,26.96,27.05,26.89,27.05,27.05,27.05,26.80,27.13,26.89,26.73,27.05,26.89,26.73,27.05,26.73,26.96,26.89,26.56,26.89,26.96,27.22,26.96,26.56,27.36,26.96,26.56,26.80,26.96,27.05,27.05,26.80,26.80,26.96,26.96,27.29,26.73,27.22,27.22,27.05,27.29,27.76,27.45,26.89,26.96,27.05,27.13,26.96,26.56,27.05,26.89,27.05,26.96,27.29,27.22,26.64,26.64,26.96,26.96,26.80,26.80,26.80,26.64,26.64,26.56,26.64,26.96,26.96,26.56,26.89,27.22,27.05,26.56,26.89,27.13,26.80,26.80,26.89,26.89,26.89,27.05,26.80,26.96,26.73,26.80,26.73,26.56,27.05,26.96,26.56,26.89,26.89,27.13,26.56,26.73,26.56
26.73,26.80,26.73,26.64,26.80,26.89,26.89,26.89,26.89,26.89,26.64,26.73,26.73,26.56,26.80,26.80,27.13,26.64,26.89,26.73,26.80,26.96,26.89,26.64,26.96,26.73,26.64,27.13,26.64,26.73,26.64,26.80,26.89,26.73,26.80,26.89,26.64,26.96,26.89,26.73,26.56,26.80,26.64,26.73,27.13,26.47,27.05,27.29,26.64,27.13,27.22,27.13,27.22,26.56,26.89,26.96,26.89,27.36,26.80,26.89,26.80,26.89,26.73,27.22,27.13,27.05,27.05,26.56,26.73,27.05,26.89,26.89,27.05,27.05,26.80,26.56,26.89,26.64,26.73,27.05,26.96,26.80,26.89,26.80,26.96,26.96,26.80,26.80,27.05,26.96,27.13,26.73,26.73,26.73,26.73,26.80,26.47,26.56,27.05,26.80,27.05,27.05,26.73,26.73,26.89,26.96,26.73,27.05,26.96,26.80,26.64,26.89,26.96,26.96,27.22,27.13,26.73,26.89,26.96,26.73,26.89,27.13,27.05,26.80,26.89,26.80,27.13,27.05,26.96,26.96,26.96,27.22,26.80,26.73,26.96,27.05,26.89,26.80,26.80,26.73,26.31,27.13,27.13,26.96,27.05,26.89,26.89,27.29,27.13,26.89,27.13,27.13,26.89,26.89,26.96,26.96,26.56,26.80,26.64,26.64,26.96,26.80,26.96,26.56,26.80,26.96,26.96,27.05,27.05,26.96,26.89,27.45,27.36,27.13,27.36,27.13,26.64,26.89,27.22,27.13,26.96,27.45,27.13,27.29,27.45,28.91,27.92,28.00,27.13,27.22,27.05,27.29,26.96,27.62,27.76,27.29,26.89,26.96,27.69,27.29,27.29,26.96,27.13,27.05,27.22,27.45,27.13,27.05,27.13,27.13,27.05,27.13,26.96,27.05,26.89,26.80,27.05,26.96,26.96,26.96,26.96,26.80,26.80,26.73,26.80,27.13,26.89,26.96,27.13,26.89,27.22,26.47,26.64,26.89,26.80,27.22,26.80,27.13,26.80,26.96,26.80,26.80,27.05,26.89,26.80,26.56,26.96,26.89,27.05,26.89,27.13,26.80,27.05,26.89,26.96,27.05,26.89,27.13,26.80,27.13,26.89,27.13,26.89,27.13,26.96,26.80,27.22,26.96,26.96,26.96,27.05,27.29,26.96,27.13,26.89,27.22,27.22,27.29,27.22,26.73,27.29,27.29,27.05,27.05,26.80,27.05,26.89,26.96,26.80,26.96,27.13,27.29,26.80,27.13,27.13,26.89,26.40,26.89,26.96,27.13,26.80,26.89,26.80,26.89,26.80,26.73,27.13,27.13,26.56,26.96,26.89,27.05,26.64,26.96,27.29,26.73,26.96,27.05,26.89,27.13,27.22,27.05,26.96,26.89,27.05,27.29,27.05,27.05,27.13,27.53,27.62,27.05,26.89,27.22,27.13,27.05,26.96,26.96,26.56,26.64,27.13,26.73,26.64,26.73,26.73,27.05,26.73,26.64,26.89,26.96,26.64,27.13,26.64,26.73,27.13,26.96,27.05,26.73,26.96,26.89,26.56,26.96,26.89,26.56,26.73,26.56,26.31,26.89,27.29,26.73,27.05,26.73,27.05,27.05,26.80,26.96,26.96,26.89,26.64,26.56,26.80,26.56
26.89,26.56,26.96,26.64,26.64,26.56,26.64,26.96,26.89,26.96,26.56,26.80,26.80,27.22,26.80,26.80,26.80,26.73,26.89,26.89,27.36,26.56,26.89,26.80,27.13,26.80,27.13,26.47,26.73,27.22,26.56,26.73,26.56,26.64,26.64,26.56,26.73,26.73,27.05,27.22,26.73,26.64,27.22,26.56,26.73,26.64,27.05,26.96,26.96,26.89,26.89,27.13,26.64,27.22,27.36,26.89,26.96,26.80,27.13,26.80,27.05,26.64,26.96,26.89,26.96,27.05,27.05,27.05,26.96,26.80,27.05,26.80,27.13,27.13,27.13,26.64,26.89,26.73,26.73,27.13,26.47,26.56,26.80,26.56,26.89,26.31,26.96,26.80,26.80,26.89,26.80,27.05,26.96,27.05,26.89,27.22,26.73,27.05,26.73,26.64,26.80,26.73,26.80,26.64,26.64,27.05,26.80,27.22,26.73,27.05,26.96,26.89,26.89,26.89,26.89,26.80,27.05,26.89,26.73,26.96,27.22,26.80,27.13,26.89,26.80,26.89,26.64,26.89,27.05,27.05,27.05,27.13,27.22,27.13,26.80,26.80,27.05,26.80,27.05,27.05,26.89,27.13,26.89,26.89,27.22,27.13,27.45,27.22,26.56,27.13,26.73,26.96,26.73,26.96,26.80,27.13,27.05,26.89,26.96,27.05,26.96,26.96,26.96,26.80,26.89,26.73,26.89,27.13,27.13,27.05,26.89,26.80,26.80,27.13,26.96,27.36,27.05,27.29,27.13,26.96,27.13,27.05,26.96,27.13,27.13,27.62,27.92,27.29,27.13,27.22,27.13,27.05,27.29,27.53,27.22,27.22,27.22,27.62,27.29,27.62,27.05,27.53,27.05,26.89,27.05,27.13,27.22,26.80,26.89,27.22,27.13,27.13,27.05,27.05,26.73,27.22,26.56,26.96,26.96,26.89,27.05,27.13,27.05,26.96,26.80,27.29,26.89,26.73,26.96,26.96,26.96,26.64,26.80,27.13,26.89,26.80,26.73,26.31,27.22,27.13,27.05,27.05,26.80,26.96,26.96,27.05,26.89,26.80,27.05,26.80,26.80,27.29,27.22,27.45,27.13,27.13,26.80,26.89,26.73,26.89,26.80,27.13,27.29,26.96,26.96,26.96,27.29,26.96,27.05,27.29,26.80,27.22,26.73,27.29,26.96,26.73,26.96,27.22,27.13,26.96,26.96,27.05,26.96,27.05,26.89,27.05,27.36,27.13,27.05,26.89,26.96,26.89,26.64,26.80,26.96,26.89,26.89,26.89,26.89,26.89,27.22,26.80,26.64,27.05,26.80,26.96,26.96,26.96,26.96,26.64,27.13,26.80,26.73,26.73,26.80,26.73,27.13,26.96,26.80,26.89,26.89,26.89,27.05,26.73,26.89,26.73,26.80,27.05,27.36,27.29,27.29,27.62,27.29,27.22,27.05,27.05,26.96,26.89,26.96,27.22,26.56,27.05,26.89,26.96,27.05,26.64,26.96,27.05,26.89,26.80,26.64,26.73,26.80,26.89,26.73,26.89,26.96,26.89,27.05,26.80,26.73,26.73,26.64,26.64,26.64,26.96,26.64,26.96,26.89,27.05,27.13,26.80,27.05,26.64,26.96,26.47,27.22,26.89,26.56,26.73,26.64,26.89
26.73,26.73,26.73,26.89,26.89,26.89,27.36,26.80,26.73,27.05,26.89,26.96,27.05,26.64,26.73,26.96,26.89,26.56,26.80,26.80,26.80,26.40,26.64,26.64,27.05,26.80,27.36,26.80,26.73,26.40,26.56,26.73,26.96,26.64,26.64,26.56,26.80,26.96,26.96,26.96,26.64,26.80,26.40,26.96,26.96,26.40,26.96,26.73,26.64,26.64,26.96,26.64,27.36,26.64,26.89,26.96,26.89,26.80,26.96,26.73,26.89,27.05,26.89,27.22,26.31,26.73,26.89,26.89,26.73,27.22,26.73,26.80,26.56,26.96,26.96,26.80,26.96,26.89,26.64,26.73,26.89,26.56,26.80,27.05,26.73,26.73,26.80,26.89,26.73,26.96,26.89,26.56,27.05,26.80,26.73,26.96,26.89,27.05,27.05,26.96,26.96,26.80,26.89,26.80,27.05,26.96,27.05,27.05,26.89,27.45,26.89,26.47,26.47,26.96,26.89,26.80,26.96,26.96,26.96,26.96,27.05,27.05,26.96,27.22,26.96,26.96,27.13,27.05,27.29,27.22,26.96,26.96,26.96,26.80,26.80,26.89,27.05,26.96,27.13,26.96,27.05,27.22,26.89,26.89,27.05,26.80,26.73,26.96,26.96,27.13,27.13,27.05,27.05,26.80,26.80,26.96,26.89,27.22,26.96,26.73,26.80,27.22,26.80,26.80,26.56,27.13,26.89,27.13,26.89,26.96,26.80,27.05,27.45,27.13,27.22,27.36,27.13,26.89,27.05,27.05,26.96,26.96,26.73,27.05,27.62,27.22,28.09,27.62,27.29,27.05,27.29,26.96,27.22,27.05,27.13,27.22,27.29,27.22,27.29,26.80,27.13,27.29,27.05,27.36,27.13,27.36,27.29,27.29,27.05,27.05,26.96,26.96,27.36,27.22,26.80,27.13,26.96,26.80,26.73,26.89,27.13,26.89,26.80,26.64,27.22,27.05,27.13,26.89,26.80,26.80,27.05,26.80,26.80,26.80,26.73,26.96,26.96,26.96,26.89,27.22,27.29,26.89,26.80,27.05,27.13,27.13,26.56,26.80,26.40,26.96,27.05,26.80,26.80,26.96,26.73,26.73,26.96,27.13,27.22,26.64,27.22,26.89,27.13,26.73,27.05,26.89,27.05,26.56,26.56,26.89,26.96,26.89,27.05,26.80,26.89,27.05,27.05,27.13,27.05,26.96,26.80,26.96,26.73,27.05,26.96,27.36,26.96,27.05,26.96,26.96,27.05,26.80,26.89,26.56,26.96,26.89,27.05,26.56,26.56,27.05,26.80,27.22,27.05,26.89,27.05,26.80,27.13,26.80,27.22,26.96,27.05,27.05,26.89,27.13,26.80,26.96,26.96,27.05,26.96,26.89,26.73,26.89,27.13,26.89,27.05,26.89,26.73,26.73,27.05,27.05,26.80,27.29,27.22,28.00,27.36,27.62,27.05,27.22,27.13,27.29,27.05,26.96,26.96,27.22,26.64,26.64,26.96,26.89,26.73,26.89,26.96,27.29,27.05,27.05,26.47,26.96,27.05,26.64,27.05,26.73,27.13,26.89,26.89,26.64,26.80,26.56,27.13,27.05,26.89,27.13,26.80,26.89,27.29,26.40,27.13,27.05,27.22,26.80,26.96,26.89,26.89,26.73
26.96,27.05,26.56,26.96,26.96,26.47,26.80,26.56,26.89,26.80,26.64,26.89,27.05,26.64,26.80,27.05,26.64,26.64,27.13,26.73,26.89,26.56,26.89,26.47,26.73,26.73,26.80,26.89,26.73,26.89,26.80,26.73,26.73,26.64,26.96,26.89,26.73,26.96,26.64,26.89,26.89,26.89,27.05,26.64,26.73,27.05,27.13,26.47,26.89,27.05,26.89,27.13,27.13,26.64,26.96,26.96,27.13,27.29,27.05,27.05,26.73,27.22,26.80,26.96,26.80,27.05,26.96,26.80,26.80,27.22,26.96,27.05,26.73,26.80,26.96,26.96,26.56,27.13,27.22,27.05,26.89,26.80,26.80,27.05,26.73,26.89,26.89,26.89,26.56,26.73,27.22,27.13,26.64,26.96,26.80,27.05,26.89,27.05,27.13,26.96,26.96,27.05,26.89,26.89,27.13,26.96,26.40,26.73,26.89,27.05,26.64,26.89,26.80,26.96,26.96,26.80,27.05,27.05,27.05,26.64,26.56,26.80,26.89,27.05,27.05,26.96,26.89,27.05,27.05,27.05,26.96,26.96,26.89,26.89,26.56,26.96,27.13,27.13,26.64,27.05,27.05,27.13,27.05,27.22,26.89,27.05,27.22,27.22,27.05,26.80,27.13,26.56,26.96,26.89,27.13,27.22,26.80,26.73,27.05,27.36,27.05,26.89,26.73,26.89,26.80,27.13,26.96,26.96,27.05,26.89,26.96,27.29,26.96,27.22,27.05,27.22,27.05,26.96,27.13,27.05,27.05,26.89,26.80,27.05,27.13,27.53,27.76,27.53,27.13,27.22,27.13,26.89,27.36,27.62,27.45,27.22,26.89,27.53,26.96,27.22,26.96,26.96,27.22,26.96,26.96,26.80,27.13,26.89,27.13,26.64,26.80,27.05,27.22,27.05,26.96,26.89,26.89,26.56,27.22,26.73,27.29,26.89,27.22,26.89,27.05,26.80,26.89,26.80,26.96,26.73,26.89,27.05,26.96,26.73,27.13,26.80,26.96,26.96,26.96,27.05,26.73,26.73,27.13,27.05,26.80,27.22,26.96,26.89,26.80,26.89,26.96,26.96,26.80,26.73,26.89,27.05,26.73,27.36,26.96,27.05,27.05,27.13,26.96,26.80,26.96,27.36,27.13,26.80,27.22,26.80,26.89,26.96,27.05,27.13,27.36,27.22,27.29,27.29,27.05,26.89,26.89,26.89,26.96,26.80,26.96,26.73,27.22,27.05,26.96,26.96,27.22,27.13,26.89,27.05,26.80,27.05,26.96,26.96,26.40,26.80,26.96,27.22,26.96,26.56,26.96,27.22,27.05,27.29,26.64,26.73,26.96,26.73,27.13,26.96,27.05,27.05,26.96,27.13,27.36,26.96,26.96,27.22,26.56,26.96,26.89,27.13,26.96,26.73,26.64,27.05,26.73,27.05,27.13,27.05,27.76,27.76,27.76,27.29,26.89,26.80,27.05,27.13,27.13,26.89,26.96,26.73,27.22,26.64,26.96,26.96,26.80,26.80,26.56,26.96,26.80,26.40,26.64,26.73,27.22,26.96,26.80,26.64,26.80,26.73,26.64,27.05,26.80,27.05,26.73,26.64,27.29,26.56,27.05,26.89,26.73,26.73,26.64,26.56,26.64,26.80,26.89,26.47
26.89,26.96,26.64,26.80,26.80,26.73,26.89,26.96,26.73,26.56,26.80,26.73,26.64,26.80,26.96,26.73,26.47,26.73,26.89,26.64,26.89,26.64,26.89,26.89,26.73,27.13,26.40,26.96,26.56,27.13,27.05,26.80,26.64,26.56,26.80,26.80,26.96,27.13,26.80,26.96,26.96,27.05,27.13,26.40,26.89,26.89,26.47,26.89,27.22,27.05,26.47,27.05,27.13,26.80,27.13,26.80,26.89,26.89,26.89,26.64,26.64,27.22,26.96,26.96,26.96,26.96,26.96,26.89,27.13,27.05,26.80,26.96,27.05,26.96,26.64,26.89,26.89,26.80,26.80,26.64,26.73,27.22,26.80,26.89,26.73,26.80,26.80,26.73,26.80,26.89,27.05,26.64,26.80,26.64,26.73,26.80,26.96,26.89,27.13,26.89,26.96,26.73,26.89,26.96,27.13,26.96,26.80,26.64,26.89,26.89,26.64,26.89,26.80,26.89,26.96,26.64,26.73,26.96,26.89,26.89,27.22,26.96,26.64,26.89,27.05,26.80,26.89,27.05,26.89,26.80,26.80,27.22,26.96,26.96,27.05,26.73,26.96,26.80,27.05,27.05,27.22,26.73,27.05,26.96,27.13,27.13,26.96,26.96,26.89,26.96,27.13,26.80,26.64,26.96,27.22,26.89,26.73,26.96,27.05,26.96,26.96,27.13,27.13,26.80,26.73,27.05,26.73,26.89,27.13,27.05,27.22,27.22,26.96,26.73,27.13,27.05,27.29,27.22,27.62,27.22,27.13,27.22,27.22,27.13,27.13,28.09,27.62,27.13,27.45,27.05,26.80,27.29,27.13,27.05,26.96,27.05,27.53,27.53,27.13,26.89,27.13,27.05,27.53,27.29,26.64,27.13,26.96,26.96,26.73,26.96,26.89,27.05,26.96,26.80,27.05,26.96,27.13,26.96,26.89,27.05,27.05,26.73,27.05,26.89,26.96,26.64,27.22,26.80,26.89,26.96,26.73,26.64,26.80,26.89,26.73,27.22,26.64,26.73,27.05,26.80,27.05,27.05,26.80,26.96,27.05,26.96,27.05,27.36,26.56,26.96,26.64,27.05,26.89,26.80,27.05,26.80,27.05,26.80,26.96,26.89,27.22,27.22,26.96,26.73,27.05,26.89,26.89,26.96,27.05,27.13,27.29,27.05,27.13,26.96,27.05,26.96,26.40,26.47,26.89,26.56,26.89,26.80,26.89,26.96,26.89,27.05,27.05,26.96,26.96,27.05,26.89,26.96,26.80,26.47,26.47,26.96,27.05,27.22,26.89,26.47,26.80,26.64,26.80,26.89,26.89,26.80,26.96,26.96,27.05,27.05,26.96,27.13,26.73,26.96,26.80,26.73,26.80,26.56,26.73,26.73,27.05,26.96,26.64,27.13,27.05,26.80,26.56,26.89,26.80,26.96,26.80,26.64,27.05,27.22,27.13,27.36,27.36,27.62,27.76,27.22,27.05,26.96,26.64,27.13,26.56,26.56,27.13,26.73,26.73,26.73,26.56,27.13,26.89,26.73,26.96,27.05,27.05,26.64,27.05,26.73,26.96,26.73,26.73,27.13,26.73,27.05,26.73,27.13,26.73,26.96,27.13,26.64,26.89,26.56,26.56,26.73,26.56,26.96,26.56,26.89,27.13,26.80
27.05,26.73,26.31,26.56,26.80,26.80,26.64,26.64,26.80,26.47,26.80,26.73,26.64,26.73,26.96,26.96,26.80,27.05,27.05,27.05,27.13,26.80,26.96,26.73,26.80,26.64,26.80,27.05,26.89,26.73,27.05,26.80,26.73,26.64,27.05,26.64,26.80,26.89,26.80,26.96,26.80,26.96,27.13,27.13,26.56,26.56,27.13,26.96,27.05,26.89,26.80,26.80,26.96,26.89,26.80,27.22,27.13,26.64,27.22,27.05,26.80,26.80,26.73,27.36,26.96,26.89,26.80,26.96,26.96,26.89,27.13,27.22,26.96,26.89,26.73,26.73,26.80,26.73,26.89,26.73,26.80,26.89,26.64,26.96,26.89,27.13,26.73,26.56,26.89,26.80,26.73,26.89,26.96,26.64,26.80,26.80,26.64,27.13,26.80,26.89,26.80,27.13,26.89,27.13,26.80,26.96,26.56,26.80,26.96,26.56,27.29,26.80,26.96,27.22,27.22,26.89,26.89,26.73,27.05,26.89,26.96,27.05,26.96,26.96,27.13,26.96,26.80,27.13,26.89,26.96,27.13,26.96,26.96,26.80,26.96,26.80,27.36,26.80,27.13,26.80,26.89,26.80,26.89,26.89,27.22,26.80,26.73,26.56,26.96,26.64,26.89,27.05,27.05,27.05,27.13,26.89,26.47,26.80,26.64,26.96,26.89,27.29,26.80,27.13,27.13,26.80,26.96,26.56,26.96,27.05,27.29,26.96,26.96,26.73,26.96,27.22,27.13,26.89,27.05,26.89,27.22,26.89,27.13,27.13,27.62,28.23,27.62,27.69,27.62,27.45,27.45,27.62,27.22,27.29,27.69,27.29,27.29,27.13,27.13,27.13,27.13,26.89,26.96,27.13,26.80,27.22,27.22,27.22,27.45,27.29,27.13,27.13,27.05,27.05,27.13,26.96,27.13,26.89,26.80,26.80,27.22,27.13,27.22,27.22,26.96,27.05,27.05,26.73,26.96,26.96,26.96,27.13,26.64,26.89,26.80,26.73,26.64,27.05,26.56,26.73,26.80,27.05,26.89,26.89,26.89,27.13,26.89,26.73,26.96,27.05,26.89,26.89,26.64,26.89,26.89,26.80,27.05,26.80,26.96,26.96,26.96,26.73,26.96,26.89,27.05,26.96,27.13,27.22,26.96,26.73,26.96,27.05,26.96,27.13,26.96,26.80,26.80,26.73,27.05,26.96,27.05,27.22,27.13,26.96,26.89,26.89,26.73,27.05,26.96,26.89,26.80,26.89,27.05,26.80,26.64,26.47,26.89,26.96,26.96,27.05,26.31,26.40,26.80,26.80,27.05,26.96,26.96,26.73,26.56,26.80,26.80,26.89,26.64,26.80,26.89,27.13,26.56,26.64,26.89,27.05,27.05,26.64,27.05,26.64,26.73,27.05,26.89,26.96,26.64,26.80,26.96,27.05,26.64,26.89,26.80,26.64,26.89,27.36,27.29,27.85,27.85,27.45,26.80,27.13,27.05,27.22,26.96,26.89,27.13,26.73,26.89,26.89,26.64,27.13,26.47,26.64,26.47,26.96,26.73,26.96,26.80,27.05,26.64,27.05,26.56,26.64,26.80,26.64,26.80,26.47,27.13,26.64,26.80,27.13,26.56,27.05,26.89,27.05,26.80,26.73,26.73,26.73
27.05,26.73,27.05,26.80,26.56,26.64,26.80,27.05,26.64,26.73,26.64,26.73,26.96,26.64,26.73,26.80,26.56,26.89,26.89,26.96,26.73,26.80,27.13,26.64,27.22,26.56,27.13,26.64,26.89,26.80,26.47,26.89,26.96,26.56,26.73,26.56,26.96,26.56,26.73,26.96,26.56,26.80,26.80,26.89,26.96,27.22,26.96,26.80,27.13,26.80,26.64,27.05,26.80,27.05,26.80,26.89,26.40,27.13,26.96,27.13,27.22,27.22,27.05,26.89,27.22,27.05,26.89,26.96,26.96,26.73,27.13,26.80,26.96,27.05,26.89,26.80,26.73,26.96,26.89,27.05,27.05,26.80,26.80,27.13,26.96,26.96,27.05,27.22,26.73,26.80,26.80,26.73,26.80,26.80,26.89,27.22,27.22,26.56,26.89,26.64,26.96,26.73,26.73,26.73,26.96,27.13,27.22,26.64,27.05,26.80,26.89,26.73,26.96,27.13,26.96,27.05,27.05,27.13,27.05,27.05,27.05,27.13,26.73,27.05,26.73,26.96,27.05,27.05,27.13,26.96,26.89,26.80,27.22,27.13,27.13,27.29,26.80,27.05,26.73,26.96,26.96,27.05,26.89,26.96,26.96,27.13,26.96,26.89,27.05,27.13,27.05,26.96,27.05,26.73,27.13,27.05,26.96,26.89,27.05,26.64,26.96,27.13,27.05,27.13,27.13,26.80,26.96,26.89,26.96,27.13,26.96,27.53,26.96,27.13,26.89,26.96,26.80,27.13,27.05,27.45,27.45,27.05,27.53,27.13,27.69,28.61,27.69,27.22,27.05,27.45,27.22,27.22,27.22,27.76,27.53,27.53,27.53,27.69,27.05,27.05,27.22,27.13,27.29,27.05,27.29,27.36,27.22,27.05,26.89,27.13,27.62,26.89,27.29,27.22,26.89,27.22,27.13,26.89,27.22,27.22,26.89,27.36,26.96,26.89,26.96,26.80,27.05,27.13,27.13,26.73,26.89,26.89,26.80,27.05,26.80,26.96,26.96,27.22,27.22,26.80,26.89,27.05,27.29,26.89,26.96,26.64,27.05,26.89,26.80,26.89,26.89,26.80,27.13,26.96,26.96,27.05,26.80,27.05,27.13,26.96,26.89,26.89,26.64,27.13,27.05,26.96,26.96,26.80,26.96,27.05,27.36,27.13,26.96,26.89,26.96,27.05,26.80,26.96,27.05,26.96,27.22,27.22,27.05,26.96,26.73,26.80,26.73,27.13,26.80,26.96,27.13,27.13,26.73,26.64,26.73,26.80,26.80,26.47,27.05,27.05,27.05,26.89,26.89,26.56,26.73,26.80,27.05,26.64,26.96,27.29,27.05,27.05,27.13,27.13,27.22,26.73,26.80,26.89,26.96,26.89,26.73,26.96,26.80,27.05,27.05,27.05,27.36,26.73,26.89,27.05,27.13,26.89,27.05,27.13,26.89,26.96,27.13,27.22,27.05,26.89,27.22,28.00,27.53,27.29,26.89,26.89,26.80,26.73,26.96,26.64,27.13,26.80,26.89,26.89,26.89,26.56,27.05,26.80,26.80,26.73,27.05,27.13,27.05,26.56,27.05,26.56,27.05,26.89,27.13,26.80,26.96,26.89,26.89,26.89,27.22,26.80,27.05,26.64,27.22,26.89,26.96,27.29
27.05,26.64,26.96,26.64,26.47,26.80,27.13,26.80,26.89,26.80,26.96,26.89,26.73,26.89,26.47,26.80,26.96,26.89,26.96,27.13,26.73,26.80,26.89,26.89,26.80,27.13,27.05,26.80,26.64,26.89,26.56,26.73,26.89,26.47,26.64,26.73,27.05,27.05,27.05,26.56,26.73,26.64,26.80,26.89,27.05,26.40,26.47,27.22,27.05,26.89,26.64,27.05,27.05,26.64,27.05,26.80,26.96,26.47,26.47,27.13,26.89,26.80,27.22,26.89,27.05,26.73,26.80,27.13,26.80,27.22,26.73,27.05,26.73,26.80,26.96,26.64,26.96,26.73,26.89,27.13,26.64,26.64,26.89,26.96,26.80,26.64,26.73,26.56,26.64,26.80,27.05,26.96,27.05,26.80,26.73,26.89,26.96,27.13,26.80,26.80,26.80,27.22,26.73,26.73,27.05,26.96,26.80,26.96,26.89,26.73,26.96,26.80,27.13,26.80,26.89,27.05,27.05,26.96,26.56,27.13,26.96,26.96,26.40,27.05,26.80,26.80,26.80,27.13,27.05,27.36,26.73,26.89,26.96,26.80,27.29,26.96,27.05,26.96,27.13,26.89,27.05,26.56,26.64,27.05,27.05,26.96,26.96,26.89,26.96,26.96,27.05,27.22,26.96,26.96,27.05,27.13,27.13,26.73,26.64,27.05,27.29,27.05,27.05,26.89,26.89,27.45,26.96,26.89,26.89,27.05,26.96,26.96,26.89,27.13,27.05,27.22,26.73,26.89,27.05,27.05,27.22,27.05,27.05,27.13,27.69,28.39,27.53,27.13,27.05,27.22,27.13,27.13,27.22,27.22,27.29,27.45,26.96,27.36,27.29,27.13,27.13,27.13,26.96,27.22,27.05,26.96,27.13,27.05,26.80,27.29,27.13,27.13,27.05,27.22,27.13,27.05,27.05,26.80,27.05,27.13,27.13,27.13,26.96,26.80,26.73,27.05,26.96,26.73,27.13,27.13,26.89,27.22,26.80,26.96,27.13,27.05,27.13,27.13,26.73,26.64,27.22,26.89,26.64,27.22,27.29,26.96,26.73,26.96,27.13,26.89,26.73,26.89,27.05,26.96,26.96,26.89,26.47,26.96,27.13,27.22,27.13,27.22,27.05,26.80,26.73,27.05,26.80,26.96,27.13,26.96,26.89,27.22,26.89,26.96,27.13,26.96,26.73,26.56,26.80,27.13,27.22,27.13,27.22,26.80,26.73,27.13,26.73,26.80,27.05,26.89,27.22,27.22,26.80,27.05,26.96,27.05,26.96,26.80,26.80,26.96,26.96,26.96,26.96,26.96,26.80,26.96,26.96,26.80,26.64,26.80,27.29,26.80,26.96,26.80,26.47,26.56,26.89,26.73,26.89,27.13,27.05,27.05,26.64,26.89,26.80,26.73,27.29,27.13,27.05,26.64,26.73,27.13,27.13,26.64,27.36,27.05,26.96,27.13,27.13,27.05,27.05,26.96,27.29,27.76,27.36,27.22,26.73,26.80,26.80,27.13,27.05,26.89,26.96,27.05,27.13,26.96,26.96,26.89,27.13,26.80,27.13,26.47,27.13,26.56,26.80,26.89,26.89,26.47,26.73,27.36,26.73,26.80,26.80,26.64,26.47,26.89,26.64,26.96,26.73,26.73,26.80,26.80
26.89,26.73,27.05,26.31,26.80,26.73,26.73,26.80,27.13,26.89,27.05,26.96,26.56,26.73,27.05,26.73,26.96,26.64,26.73,26.73,26.80,26.64,26.80,26.64,26.73,26.80,26.80,26.96,27.36,26.56,26.80,26.96,26.89,26.96,26.89,26.80,26.56,26.40,26.64,27.05,26.73,27.05,26.96,26.96,26.73,26.80,27.05,27.05,26.89,26.96,27.05,26.89,26.64,26.89,26.80,26.96,27.05,26.80,26.96,26.89,26.56,26.89,27.05,26.89,27.13,26.73,26.73,26.89,26.56,27.29,27.29,27.29,26.96,26.96,26.73,26.89,26.80,26.64,26.80,26.80,26.96,26.64,26.73,26.89,26.96,27.05,26.73,27.13,26.89,26.47,26.56,26.64,26.89,26.89,26.89,26.89,26.89,26.89,26.89,26.80,26.89,26.96,26.89,26.64,26.64,26.80,26.64,26.73,26.96,26.96,26.80,26.80,26.73,27.05,27.05,27.05,26.89,27.22,26.73,27.05,27.29,26.96,27.22,26.89,27.05,27.05,27.22,26.96,26.89,26.96,26.80,26.64,27.05,26.89,27.22,27.05,26.56,26.73,27.05,26.73,26.56,26.73,26.64,27.05,26.89,26.80,27.13,27.05,27.05,26.96,26.73,27.13,27.22,27.05,27.05,26.89,26.80,26.73,27.22,26.89,26.89,26.73,26.89,26.80,26.73,26.89,26.89,26.80,27.22,27.05,27.13,27.29,26.89,26.96,26.73,27.05,27.22,27.13,27.22,27.29,27.05,26.89,27.13,27.36,27.53,27.69,27.13,27.13,27.13,27.22,27.22,27.05,27.45,27.36,27.29,27.45,27.29,27.05,27.45,27.05,27.05,26.96,26.73,27.05,27.22,26.96,26.89,27.05,26.96,26.89,26.96,27.05,27.13,27.13,26.80,26.80,26.96,26.89,27.29,26.89,27.29,26.80,27.36,26.96,26.96,26.47,26.80,26.89,26.56,27.05,26.80,26.96,27.05,27.29,27.05,26.73,26.73,26.89,26.89,26.80,26.96,26.64,26.80,26.89,27.05,26.80,26.89,27.13,26.96,26.73,26.96,26.73,26.80,27.05,26.89,26.47,26.89,26.96,26.73,27.22,26.96,26.73,26.89,26.73,27.05,26.96,27.05,26.89,27.13,27.13,27.05,26.96,26.89,27.05,26.89,26.89,26.73,26.80,27.05,27.13,26.96,27.13,27.13,26.73,26.89,27.05,26.80,26.73,26.47,26.73,26.80,26.89,26.56,26.89,26.89,27.13,26.73,27.13,26.96,27.05,26.80,27.05,26.80,26.96,26.96,26.56,26.96,26.56,27.13,26.89,27.05,26.80,26.96,26.64,27.05,26.73,26.96,26.73,27.05,26.64,26.56,27.05,26.96,26.80,26.47,27.05,26.80,27.22,26.89,27.22,26.64,26.56,26.80,27.05,26.80,26.89,27.05,26.73,26.89,27.05,26.73,27.05,26.96,26.73,26.96,26.56,26.80,27.05,26.73,26.73,27.13,26.73,27.22,26.64,26.73,26.64,26.64,26.47,26.89,26.96,26.64,26.64,26.64,26.73,26.73,26.96,26.73,26.73,26.73,26.80,26.47,26.89,26.89,26.80,26.73,26.56,26.64,26.73,26.56,26.73,26.80,26.80
26.89,26.14,26.80,26.73,26.56,26.73,26.73,26.64,26.56,26.73,27.13,26.96,26.56,26.64,26.89,26.80,27.22,26.64,26.56,27.13,26.80,26.96,26.89,26.14,26.64,26.80,26.73,26.96,26.80,26.56,27.05,26.73,26.80,26.64,26.73,26.96,26.64,26.56,26.56,27.05,26.64,26.64,26.47,26.40,26.56,26.73,26.89,26.96,26.73,26.80,26.96,26.80,26.80,26.56,26.96,26.89,27.29,27.13,26.73,26.56,26.96,26.96,26.89,26.80,26.73,27.05,27.13,26.96,26.80,26.80,27.13,26.96,26.89,26.96,26.73,26.89,26.96,26.80,27.05,26.80,26.96,26.89,27.22,26.89,26.89,26.89,26.89,27.05,26.96,26.47,26.89,26.89,26.96,26.73,26.80,27.05,27.13,26.80,26.80,26.47,26.47,26.89,26.96,26.73,26.80,26.80,27.22,26.96,26.96,26.96,26.96,26.89,27.05,26.89,26.80,26.89,26.80,27.05,26.89,26.80,27.13,27.05,27.05,26.56,26.47,26.89,27.05,26.96,26.96,27.13,26.80,27.05,26.89,26.80,26.89,27.05,26.96,26.89,26.96,27.05,26.80,26.89,26.80,27.05,26.96,26.80,26.80,26.80,27.22,27.22,26.89,26.96,26.96,26.96,27.29,27.05,26.89,27.05,27.05,26.96,26.56,26.96,26.89,27.22,27.05,26.89,26.96,26.80,26.73,26.96,27.13,27.13,27.22,27.22,26.96,27.05,26.89,27.13,27.05,27.13,27.22,27.22,27.05,26.73,27.13,27.13,27.22,27.13,26.96,27.13,27.22,27.13,26.96,27.22,27.53,27.22,27.29,27.13,27.05,27.22,27.05,26.80,27.13,27.05,26.96,26.96,27.05,26.96,26.73,27.05,26.80,27.05,27.36,26.96,27.13,26.73,26.96,26.80,26.96,26.80,26.96,26.96,26.73,26.96,26.96,26.89,26.96,26.89,26.96,27.13,27.05,27.29,26.80,26.96,27.22,27.29,27.05,26.89,27.05,26.89,27.29,26.96,27.22,26.80,26.96,26.96,27.13,27.05,26.89,26.64,26.73,27.13,26.89,27.05,26.89,26.64,26.56,27.05,26.80,26.56,26.80,26.89,26.56,26.64,27.13,27.05,27.29,26.73,26.96,26.80,27.45,26.56,26.96,26.73,26.80,26.96,26.89,27.22,27.29,26.73,27.22,27.22,26.64,27.05,27.05,26.80,27.13,26.80,26.73,27.29,27.13,26.89,26.96,26.89,26.80,26.31,26.80,26.89,26.89,27.22,27.05,26.96,26.96,26.89,26.89,26.96,26.96,27.05,26.89,27.13,27.13,26.80,27.05,27.05,26.89,27.05,26.80,26.64,26.47,27.05,27.22,26.89,26.96,26.47,26.64,26.96,26.73,27.05,26.96,26.73,26.56,27.22,26.73,26.64,26.80,27.22,27.29,26.96,26.96,27.05,27.05,27.13,26.80,26.64,26.89,26.89,26.56,26.96,26.64,26.80,26.89,27.29,26.64,27.13,26.80,26.80,27.05,26.64,26.89,26.73,26.89,26.80,26.73,26.96,26.89,26.73,26.47,26.73,26.73,26.73,27.13,26.80,26.47,26.73,26.64,26.80,26.40,26.89,26.89,26.64,26.73,26.80
27.13,26.80,26.64,26.73,26.80,26.56,26.73,26.64,27.13,26.56,26.80,26.73,26.80,26.73,26.73,26.80,26.89,26.89,26.73,27.05,26.89,26.80,26.80,26.89,27.13,26.64,26.47,26.80,26.89,27.13,27.29,26.80,27.13,26.80,26.56,26.73,27.05,26.89,26.96,26.80,26.89,27.05,26.73,27.05,26.56,26.80,26.89,27.13,27.13,26.96,27.13,26.89,26.96,27.05,26.89,27.05,26.96,26.96,27.05,26.73,27.05,26.89,26.80,26.96,27.05,26.80,27.13,26.73,26.80,26.89,26.96,26.96,26.89,26.73,26.64,26.89,26.89,26.96,26.96,26.89,26.64,26.89,26.73,26.96,26.89,26.89,26.96,26.96,27.05,26.80,27.05,26.80,26.64,26.96,27.13,27.22,26.80,26.64,27.22,26.89,27.05,26.64,26.80,27.13,26.73,27.29,27.05,26.73,26.80,26.89,26.56,27.22,26.80,26.89,27.05,26.96,27.05,26.64,26.96,26.89,26.96,27.22,26.96,27.13,27.05,26.89,26.56,27.05,27.05,26.96,26.64,26.89,26.96,26.80,27.05,26.96,26.64,27.13,26.73,27.13,27.22,26.96,27.22,26.89,26.89,26.96,27.05,27.05,26.96,27.05,27.45,26.89,26.89,26.96,26.96,27.05,27.05,26.89,27.05,26.56,26.96,26.89,27.05,26.96,26.96,26.80,26.64,26.64,26.73,27.13,26.89,27.45,27.05,26.96,26.80,26.73,26.96,26.89,27.05,26.80,27.13,26.96,27.22,27.22,26.96,27.36,27.53,26.96,27.22,27.05,27.53,27.22,27.29,27.45,27.53,27.62,27.22,27.36,27.13,27.29,26.89,26.96,27.05,27.22,27.29,27.22,26.96,27.53,26.89,27.05,26.73,26.96,27.22,27.22,27.05,26.96,26.80,26.89,27.05,26.96,26.80,27.05,26.80,26.89,26.96,26.73,26.89,27.05,26.96,26.89,26.96,26.80,27.05,26.89,27.13,27.22,26.96,27.05,26.64,26.96,27.22,26.73,26.89,27.29,26.80,27.05,27.13,26.73,26.73,26.73,26.80,26.73,27.05,26.89,26.80,26.73,26.73,27.05,27.05,27.05,27.22,26.89,27.22,27.45,27.22,26.96,27.05,26.96,26.56,27.05,26.73,26.80,26.80,27.05,26.96,26.96,27.05,26.89,26.96,27.13,26.73,26.89,26.96,26.96,26.47,26.96,26.73,26.89,27.29,27.05,26.64,26.80,26.64,27.13,26.96,27.13,27.05,26.89,26.80,26.47,27.22,26.80,26.96,27.05,27.29,27.13,27.05,26.80,26.89,27.05,26.89,26.80,26.73,26.89,26.80,26.73,26.56,26.64,26.96,27.22,26.40,27.13,26.89,26.56,26.89,26.96,26.73,26.89,26.96,26.64,27.13,26.96,26.73,26.96,26.56,27.22,26.96,26.96,26.96,26.80,26.56,26.73,26.64,26.89,26.89,27.36,27.05,26.73,26.73,26.89,26.64,26.80,26.31,26.80,26.89,26.80,26.80,26.89,27.22,26.64,26.73,26.56,26.64,26.96,27.13,26.96,26.80,26.73,26.73,26.80,27.36,26.89,26.64,26.80,26.73,26.64,26.64,26.80,27.05,26.56,26.47,26.89
26.89,26.89,26.80,26.56,26.56,27.29,26.89,26.47,26.96,26.89,26.80,26.89,26.80,26.56,26.73,26.56,27.53,26.89,26.89,26.64,26.80,26.80,26.80,26.96,26.89,26.73,26.89,27.05,26.96,27.05,26.64,26.89,27.36,26.96,26.73,27.05,26.89,26.96,26.96,26.89,26.96,26.96,27.13,26.96,26.56,27.05,27.05,26.96,27.13,26.64,26.80,26.96,26.80,27.22,26.96,26.96,26.89,26.89,27.05,26.89,27.29,26.80,26.89,27.22,26.73,27.22,26.96,27.29,26.80,26.73,27.05,26.96,26.56,26.96,27.13,26.80,26.73,26.80,26.73,26.64,27.05,26.80,27.05,26.73,26.96,26.89,26.96,27.05,26.80,26.73,26.73,26.56,26.89,26.40,27.05,26.73,26.89,26.56,26.73,26.64,26.89,26.73,26.80,26.96,26.89,26.80,26.73,26.96,26.96,26.96,26.56,26.80,26.80,26.96,27.13,26.56,27.05,26.56,27.05,27.22,26.80,26.89,27.05,26.96,26.89,26.80,27.05,26.96,26.89,26.89,27.22,26.80,26.80,26.89,26.89,26.80,26.96,26.89,26.89,26.96,26.64,27.36,27.29,26.96,26.89,26.89,26.80,26.80,26.73,26.89,27.05,27.13,27.13,26.96,27.05,26.96,26.96,26.89,26.80,26.80,26.80,26.89,26.73,27.36,26.47,27.05,27.13,26.96,26.96,27.36,27.29,26.89,27.13,27.05,26.89,26.73,27.05,27.22,27.05,27.13,27.36,27.05,27.62,27.05,27.29,26.96,27.62,27.13,26.96,27.05,26.96,27.13,27.36,26.96,27.13,27.45,27.45,27.05,27.05,27.13,26.89,26.96,26.96,27.05,26.89,26.80,27.05,27.29,27.05,27.22,26.96,27.13,27.22,27.22,27.22,26.96,26.73,26.96,26.96,27.05,27.22,26.73,26.96,27.13,26.80,26.96,27.05,27.05,26.89,26.56,26.89,26.80,27.13,27.05,26.89,27.22,26.89,26.96,27.29,26.89,26.56,26.89,26.80,26.64,26.64,26.80,26.80,27.05,26.96,26.89,26.96,27.05,27.22,27.13,26.89,26.73,26.56,27.53,26.80,26.96,26.73,26.64,26.96,26.73,26.89,26.96,26.89,26.96,27.05,26.56,26.73,26.89,26.89,26.96,26.73,26.73,27.05,26.73,26.89,26.80,26.96,27.05,26.89,27.05,26.73,27.22,26.80,26.56,26.56,27.36,27.05,26.73,26.96,26.80,26.89,27.05,27.13,27.29,27.22,26.96,26.56,27.05,26.80,26.73,27.05,26.96,26.80,26.96,26.96,26.89,26.96,26.96,27.05,26.40,26.96,26.89,27.05,26.96,27.13,27.05,26.56,26.89,26.89,26.64,27.05,27.05,26.73,26.73,26.64,26.73,26.96,26.89,26.64,26.80,26.96,27.13,27.13,26.80,27.13,27.29,26.80,27.05,26.40,26.80,26.96,26.89,27.05,26.80,26.64,26.80,26.89,26.80,26.64,26.56,27.05,26.56,26.73,26.96,26.64,26.73,27.05,26.89,26.89,26.80,26.96,26.96,26.80,27.29,26.89,26.56,26.89,26.73,26.56,26.56,27.13,26.40,26.96,26.73,26.96,26.64,26.64,26.89
26.73,26.40,26.73,26.96,26.96,26.80,26.89,26.89,26.64,26.14,26.73,26.64,26.56,26.96,26.56,26.73,26.80,26.56,26.89,26.89,26.89,27.22,26.73,26.47,26.80,27.05,26.47,26.47,27.13,26.89,26.73,27.13,26.89,27.05,26.96,27.13,26.89,26.73,26.80,26.89,26.64,26.89,27.22,26.64,26.96,26.40,27.05,26.89,26.64,26.80,26.89,26.89,27.22,26.80,27.13,26.73,26.80,27.22,26.73,27.22,26.64,27.05,26.73,26.80,26.80,26.40,27.05,26.73,26.80,26.80,27.05,26.96,26.73,26.73,26.89,26.96,26.96,27.05,26.73,27.13,26.80,26.80,26.80,26.80,26.73,26.80,26.73,26.64,27.13,26.80,26.64,26.89,26.73,26.80,26.73,26.73,26.96,26.96,26.89,26.64,26.96,26.80,27.45,26.96,26.96,26.73,27.05,26.80,26.47,27.13,26.56,26.96,26.80,26.96,26.73,26.80,27.22,26.96,26.56,27.22,26.89,26.89,27.05,27.05,26.73,27.13,26.96,26.96,27.05,26.64,26.64,27.05,26.96,26.64,26.73,26.96,26.96,27.13,26.64,26.89,27.05,26.96,26.80,26.89,26.80,26.80,27.36,26.96,26.80,26.96,27.13,27.29,26.73,26.73,26.80,27.05,26.89,26.96,27.05,26.96,26.80,26.73,27.05,26.56,26.80,27.05,26.80,26.96,26.96,26.80,27.22,27.13,27.05,27.05,27.22,26.89,26.89,26.96,27.05,26.89,27.22,27.13,26.89,27.22,27.05,27.13,26.96,26.96,26.96,27.22,27.29,27.13,27.05,27.29,27.69,27.53,26.80,27.29,27.29,27.13,26.73,26.96,26.89,27.13,26.73,26.89,26.89,26.56,26.89,27.05,27.05,27.05,27.13,27.53,27.05,26.96,26.73,26.96,27.05,26.64,26.89,26.64,27.05,26.80,27.05,26.89,26.64,26.96,26.96,26.96,27.05,26.64,26.89,27.05,26.96,26.89,26.73,26.64,26.80,26.96,26.89,26.96,26.80,26.89,26.96,26.96,26.89,26.73,26.31,27.13,27.22,26.64,27.05,26.89,27.05,26.80,26.64,26.96,27.05,26.73,26.96,27.05,26.73,26.73,27.05,26.56,26.80,26.73,26.80,26.73,26.96,26.47,26.80,27.22,26.80,26.80,26.73,26.80,27.29,26.89,26.96,26.80,26.64,27.05,26.80,26.89,26.96,27.13,27.22,26.73,26.89,26.89,26.73,26.96,26.96,26.89,26.80,26.73,26.96,26.89,26.89,26.80,26.89,26.80,27.05,26.56,26.89,26.96,26.73,26.80,26.40,26.89,26.64,26.89,26.89,27.05,26.89,26.89,26.40,27.13,26.89,26.89,26.80,26.56,26.64,27.05,26.89,27.05,26.73,26.80,26.96,26.89,26.73,26.64,26.64,27.22,26.73,27.05,26.96,26.89,26.73,26.64,27.05,26.80,26.64,26.73,27.05,26.64,26.73,26.73,27.13,27.22,26.64,26.64,26.73,26.89,26.64,27.05,26.73,26.80,27.13,26.80,26.96,26.56,26.73,26.73,26.56,26.80,26.56,26.73,26.47,26.73,26.89,26.80,26.64,26.80,26.47,26.80,26.89,26.73,26.64,26.64
26.56,26.40,26.89,26.80,26.64,26.89,26.80,26.80,26.89,26.89,26.89,27.13,26.89,26.96,26.73,26.64,26.64,26.80,26.47,26.73,27.13,27.13,27.13,26.89,26.73,27.05,26.89,26.89,26.89,26.56,26.96,26.64,27.13,26.80,26.56,27.05,26.80,26.73,26.56,26.64,26.89,26.73,27.13,26.64,26.96,26.89,26.96,27.45,27.13,27.05,26.89,26.73,26.96,26.89,26.96,26.89,26.89,26.89,26.64,26.96,26.89,27.29,26.73,26.96,27.05,26.64,26.80,26.96,26.89,27.05,26.96,26.73,26.64,27.13,26.80,26.73,26.64,26.80,26.73,26.56,26.80,26.96,26.89,26.80,26.40,26.64,26.56,26.96,26.80,26.80,26.80,27.13,27.13,26.96,26.73,26.64,26.73,26.89,26.89,26.73,26.73,26.47,27.05,26.96,27.13,26.89,26.80,26.89,26.80,27.13,27.05,26.89,26.96,26.89,26.96,26.56,27.05,26.73,26.47,27.22,27.22,26.96,26.80,26.96,27.22,26.96,26.96,26.96,27.05,26.89,26.80,26.89,27.05,27.13,26.80,27.13,26.73,26.96,26.80,27.29,27.05,27.29,26.96,26.80,26.89,26.73,26.80,26.89,26.96,26.89,26.96,26.96,27.13,26.96,26.89,27.05,26.80,26.64,26.89,26.56,26.96,27.36,27.05,26.56,26.96,26.80,26.80,27.13,26.64,26.96,26.89,26.96,26.96,27.05,26.89,27.22,26.89,27.13,26.96,27.36,26.96,27.62,27.29,27.13,26.96,27.13,27.13,26.89,27.13,27.29,27.13,27.13,27.69,27.53,27.36,27.45,27.13,27.22,27.45,26.89,27.45,27.05,26.89,27.22,26.96,27.05,27.13,26.80,27.13,26.96,27.29,27.13,26.80,27.29,27.05,26.56,27.13,27.05,26.56,26.56,27.05,26.96,26.96,26.96,26.96,26.89,27.05,27.13,26.56,26.80,26.96,26.73,27.13,26.96,27.05,27.05,27.13,27.05,26.89,26.80,26.47,26.73,27.13,26.89,26.80,27.05,27.05,27.13,26.89,26.73,27.05,26.80,26.64,26.89,26.89,26.73,26.80,26.96,27.05,26.89,27.05,27.05,26.89,26.89,26.96,26.96,27.05,26.64,26.89,27.13,27.05,26.80,26.80,27.05,26.73,26.80,27.13,26.96,27.29,26.73,26.89,26.89,26.96,27.13,26.89,26.64,27.05,27.05,26.80,26.96,26.73,26.47,26.96,26.96,26.96,26.96,26.47,27.05,26.89,27.05,26.96,26.73,26.89,27.05,26.89,27.13,26.80,26.96,26.96,26.89,26.96,27.05,26.80,26.89,26.96,26.89,26.89,26.80,26.47,26.73,27.05,26.89,26.89,27.05,26.96,27.13,26.89,27.05,27.05,26.96,26.89,26.56,26.89,27.13,26.64,26.80,26.47,27.13,26.89,26.73,27.13,26.96,26.80,26.64,26.96,26.80,27.05,26.73,26.64,26.64,26.64,26.64,26.73,26.89,26.56,26.64,26.89,26.96,26.89,27.05,26.64,26.96,26.56,26.89,26.73,26.73,26.56,26.64,27.13,26.56,26.96,27.13,26.64,27.13,26.56,27.05,26.40,26.89,26.89,26.80,26.40,26.31
26.73,27.13,26.40,26.80,26.64,26.89,26.96,26.64,26.80,26.56,26.73,26.80,26.80,26.73,26.89,26.64,27.13,26.80,26.89,26.80,26.64,26.73,26.96,26.80,26.56,26.80,27.05,26.96,26.56,27.05,26.96,26.80,26.89,26.89,27.13,26.73,27.05,26.64,26.64,26.96,26.96,26.40,26.73,26.64,27.29,26.73,26.96,26.96,26.96,26.89,27.29,27.13,26.56,26.80,27.22,26.96,26.96,26.89,26.80,26.56,26.89,27.05,26.89,26.64,26.96,26.96,27.13,27.05,26.64,26.89,26.64,26.89,26.80,26.89,26.96,26.73,26.80,26.89,26.89,27.05,27.22,26.96,26.73,26.56,26.73,26.96,26.80,26.89,26.96,26.96,26.80,26.80,26.89,26.96,26.89,26.96,26.80,26.80,26.80,26.73,26.64,27.05,27.05,27.05,26.80,26.89,26.80,26.73,26.96,26.73,27.29,26.56,26.96,26.89,26.73,26.40,26.80,26.96,27.05,26.80,27.05,26.96,26.89,26.89,26.73,26.96,26.96,26.89,26.89,26.89,26.89,27.05,26.89,26.96,27.05,26.64,26.89,26.89,26.73,27.05,26.64,26.56,26.89,27.13,26.96,26.89,27.05,27.05,27.13,26.73,27.05,27.05,27.13,27.05,27.22,26.73,26.96,27.05,26.80,26.89,27.13,26.96,26.80,26.89,27.05,27.05,27.13,27.13,27.05,27.13,27.22,27.05,27.05,27.13,26.80,27.22,26.80,26.96,27.22,26.96,26.80,26.96,27.05,26.89,26.96,27.13,27.13,27.05,27.29,27.13,26.96,27.29,26.89,27.05,27.36,27.29,27.05,27.22,27.05,27.22,26.73,27.05,26.96,26.73,26.80,26.89,27.13,27.13,27.29,26.80,26.89,26.96,26.89,26.89,27.05,26.96,26.96,26.96,26.73,26.56,26.73,27.05,26.89,27.05,26.80,26.80,26.73,26.89,26.96,26.89,26.73,26.56,26.89,26.64,27.05,26.96,26.89,26.96,26.96,26.89,26.47,26.96,26.89,27.13,27.05,26.96,26.89,26.80,26.96,26.96,26.89,26.96,27.13,26.73,26.47,26.89,26.80,27.05,26.89,26.80,27.13,26.96,26.73,26.80,26.64,26.80,27.29,26.89,26.89,26.89,26.96,26.73,26.73,26.89,26.96,26.73,26.73,26.89,26.73,26.73,26.89,26.96,26.96,26.73,26.80,26.80,27.05,26.96,26.89,26.89,27.05,26.89,27.05,26.89,26.96,26.96,26.80,26.89,26.96,26.89,26.96,26.56,26.80,26.47,26.96,27.13,26.80,27.13,26.96,26.56,27.22,26.96,27.13,26.96,26.64,26.73,27.05,26.89,27.22,27.22,26.56,26.47,26.47,26.80,26.47,26.64,26.56,26.56,26.96,26.80,26.64,26.96,26.96,27.22,26.64,26.89,26.73,26.96,26.89,27.13,26.80,27.05,26.73,26.89,26.96,26.80,26.89,26.64,26.73,27.05,26.73,26.64,26.64,27.05,26.96,26.56,27.13,26.96,27.05,26.80,26.73,27.05,26.47,26.80,27.13,26.89,26.73,26.89,26.73,26.73,26.80,26.80,26.73,26.89,26.73,26.40,26.73,26.56,26.96,26.64,26.73,26.80
26.73,26.80,26.80,27.05,27.29,27.05,26.73,26.80,26.73,26.80,26.89,26.47,26.64,26.80,26.80,26.89,26.80,26.96,27.29,26.89,27.13,26.96,26.64,27.05,26.80,26.73,26.73,26.80,26.73,26.56,27.05,26.73,26.40,27.05,26.73,26.89,27.13,26.73,26.96,27.05,26.56,27.22,26.64,26.80,26.64,27.05,26.96,26.96,26.89,26.80,27.13,26.89,26.47,27.05,27.13,26.96,27.05,27.05,26.80,26.89,26.31,26.96,26.64,26.73,27.05,26.96,27.22,27.05,26.96,26.89,26.64,27.05,26.80,26.96,26.89,26.56,26.64,26.80,26.73,27.05,26.89,26.64,26.89,26.96,26.56,26.96,26.96,26.80,26.96,26.73,26.64,26.96,26.89,26.73,26.96,26.80,27.13,26.80,26.64,26.73,26.80,26.80,26.96,26.80,27.13,26.96,26.89,26.73,26.73,27.05,27.13,26.89,26.64,26.89,27.05,26.80,27.05,27.05,26.64,26.96,26.73,26.96,26.89,26.80,26.89,26.96,26.80,26.73,27.05,26.89,26.96,26.73,26.80,27.22,26.80,26.64,26.96,26.73,27.05,26.89,26.89,26.89,26.47,26.96,27.05,26.89,27.13,27.22,26.96,26.96,26.80,27.13,26.80,27.05,26.89,27.13,26.96,27.05,27.05,27.05,26.64,27.05,26.80,26.64,26.56,27.05,26.89,27.62,26.89,27.13,26.80,27.22,27.05,27.13,26.96,26.96,27.05,27.05,27.13,27.13,27.05,27.13,26.89,27.05,27.05,27.13,27.05,27.05,27.53,26.96,27.05,27.05,27.05,26.96,27.62,27.36,27.05,26.96,27.22,27.53,26.96,26.80,26.96,27.29,27.05,26.89,26.89,27.13,26.96,27.05,26.96,26.89,26.80,26.89,27.76,26.89,27.22,27.13,26.80,26.89,26.96,26.96,26.96,26.89,26.96,26.96,26.80,27.05,26.89,26.73,26.80,26.80,26.80,26.73,26.89,26.96,26.80,27.05,27.13,27.29,27.05,26.89,26.73,26.96,26.96,26.64,26.80,27.05,27.05,26.89,26.89,26.80,26.64,26.80,26.80,27.05,26.96,26.73,26.73,26.73,26.96,27.22,26.73,27.29,26.96,26.73,27.13,26.80,26.89,26.80,26.96,26.89,26.96,26.96,27.05,26.89,26.96,27.05,26.73,26.73,26.89,26.89,26.80,26.96,26.80,26.96,26.96,27.13,27.05,26.89,26.89,26.89,26.96,26.96,26.47,27.29,27.05,26.64,27.36,26.96,26.96,26.73,26.89,26.96,26.89,27.05,27.13,27.13,26.96,26.96,26.56,27.05,26.96,26.96,27.22,27.13,27.22,27.05,26.96,26.96,26.96,26.47,26.96,27.05,26.80,26.96,27.13,27.05,26.64,27.29,26.73,26.80,26.89,27.05,26.64,27.13,26.80,26.96,27.13,26.96,27.13,26.64,26.64,26.89,26.73,26.80,26.96,26.89,26.80,27.05,26.96,26.56,26.56,26.96,27.05,26.89,26.56,26.96,27.29,26.96,26.73,26.47,26.73,27.05,27.13,26.96,26.73,26.89,26.64,27.05,27.22,26.80,26.64,26.80,26.80,27.13,26.89,27.05,26.89,26.73,26.64,26.64
26.64,26.80,26.73,26.73,26.96,26.56,26.73,27.05,26.73,26.80,26.89,26.73,26.64,26.73,26.80,26.64,26.80,26.80,26.73,26.56,27.13,26.89,26.64,26.96,26.64,27.29,26.73,26.64,26.96,26.64,26.56,26.73,26.73,26.96,26.64,26.89,26.73,27.13,27.13,27.22,26.89,26.96,27.13,26.73,26.89,27.13,26.96,26.96,26.80,26.89,26.40,26.80,26.96,26.56,27.22,27.05,26.96,27.29,26.47,26.80,26.80,26.96,26.96,26.96,26.96,26.80,27.05,26.89,26.96,26.80,26.73,27.05,27.13,26.80,27.05,26.80,26.73,26.80,26.80,27.05,27.05,26.96,26.73,26.89,27.13,26.96,26.96,26.73,27.05,26.80,27.22,26.73,26.64,26.89,26.89,26.80,26.96,27.05,26.96,27.05,26.80,27.45,26.73,27.05,26.80,26.73,27.05,26.89,26.80,26.96,26.89,27.05,26.96,26.80,26.56,26.96,26.89,26.73,26.80,26.89,26.96,26.89,26.89,27.45,26.89,26.80,26.80,27.13,27.22,26.96,27.29,27.05,26.64,26.96,27.22,26.96,26.96,26.80,26.96,26.80,27.05,27.05,26.56,27.13,27.45,26.96,26.96,26.96,27.36,27.36,27.05,26.96,26.80,26.56,26.89,26.73,26.96,27.05,26.96,27.22,27.05,26.89,26.80,26.80,26.89,26.64,27.05,26.80,27.13,27.13,26.89,26.89,27.13,26.89,26.89,26.80,27.13,26.89,27.29,26.96,27.05,27.29,26.80,26.96,27.22,27.13,27.36,26.96,26.80,27.36,27.05,26.96,27.29,27.13,27.62,27.29,27.36,26.96,27.05,27.05,27.22,26.89,27.05,26.80,26.89,27.22,27.29,27.13,26.96,26.80,27.05,26.80,27.45,26.73,26.96,27.22,26.96,27.05,26.89,26.89,27.29,27.13,27.05,27.13,27.05,26.80,26.96,26.80,26.96,27.22,26.96,26.89,26.80,26.80,27.05,26.96,26.73,26.96,26.56,27.29,26.64,26.96,26.89,26.64,26.96,26.56,27.13,27.22,26.56,27.05,26.80,26.89,26.73,26.73,26.96,26.89,26.96,26.89,27.22,26.96,26.89,26.73,26.80,26.56,26.89,26.89,27.13,26.73,26.96,26.96,26.89,27.05,26.96,26.80,26.73,26.80,27.29,26.80,27.05,27.13,26.80,26.89,27.05,26.89,26.47,26.73,27.22,26.80,27.22,26.80,26.80,26.64,26.96,27.36,27.22,26.96,26.64,26.64,26.89,27.13,26.96,26.73,26.96,26.89,26.73,27.13,27.05,27.13,26.80,26.73,26.47,27.22,26.64,27.05,27.05,26.96,27.05,27.13,26.73,26.80,26.73,27.13,26.89,26.96,26.96,26.80,26.89,27.05,27.13,27.05,27.05,27.13,26.89,26.73,26.89,26.73,27.05,26.89,26.80,26.80,26.89,26.96,26.73,26.89,26.64,26.96,27.13,27.13,26.56,26.56,27.22,27.13,26.96,26.89,26.89,26.89,27.05,26.96,26.80,27.05,26.89,26.64,26.73,26.80,26.96,26.64,26.89,26.56,26.89,26.64,26.80,26.89,27.13,26.73,26.64,26.96,26.56,26.64,26.64,26.89,26.73,26.56
26.80,26.64,26.89,26.89,26.73,26.89,26.73,26.73,26.96,26.73,27.13,26.96,26.64,27.13,26.96,26.73,27.05,26.56,26.56,26.73,27.22,26.64,26.89,26.80,26.89,26.80,26.96,26.89,27.29,26.56,26.73,27.05,26.73,26.56,26.96,26.80,26.89,27.05,26.80,26.56,27.29,26.89,26.96,26.96,26.96,26.89,26.80,26.96,26.56,27.36,26.96,27.05,26.80,27.13,26.80,26.56,26.73,27.29,26.89,26.89,26.89,26.80,27.05,27.05,26.89,26.89,26.96,26.80,26.89,27.29,26.47,27.05,27.05,27.13,26.96,27.05,26.80,26.89,27.13,26.89,26.56,26.89,26.80,26.73,26.73,26.73,26.89,26.73,26.73,26.80,27.05,26.96,26.89,26.73,27.05,26.96,26.96,27.13,26.73,26.89,27.05,26.73,26.96,26.96,27.13,26.73,27.05,26.80,26.73,26.96,26.89,26.96,27.13,27.53,26.73,26.89,26.89,27.05,26.80,27.05,27.05,27.13,26.56,27.13,26.73,26.80,27.13,26.80,26.96,26.89,26.96,26.73,26.89,26.80,27.05,26.73,26.80,27.13,26.73,26.80,26.56,27.13,26.56,27.22,26.80,26.96,26.96,26.80,27.05,27.22,26.73,27.22,26.89,27.22,26.96,26.89,26.96,27.05,26.47,26.73,27.36,26.73,26.80,27.05,27.05,26.96,27.05,26.80,27.13,27.13,26.96,27.05,26.96,27.05,27.45,27.22,27.05,26.96,27.13,26.89,26.80,26.89,26.96,27.05,27.05,27.22,26.89,27.22,26.89,27.36,26.96,26.96,27.13,27.45,27.29,27.36,27.13,27.13,27.05,27.22,26.80,26.80,26.73,27.13,26.96,27.13,26.73,27.05,27.05,26.96,26.96,26.89,26.89,27.29,26.89,26.89,26.73,27.22,27.22,27.05,27.22,27.22,26.96,27.05,26.64,27.05,26.73,26.89,26.96,26.80,27.05,26.96,26.96,26.96,26.80,27.05,27.05,27.05,26.56,26.89,26.96,26.80,26.73,26.80,26.96,26.73,26.89,26.73,26.96,26.96,26.80,26.96,26.89,26.80,26.96,26.56,26.64,27.13,26.89,27.13,26.89,26.80,26.64,26.80,26.96,26.56,27.22,26.80,26.89,26.89,27.05,27.05,26.96,26.80,26.73,26.73,26.89,26.89,27.13,26.89,27.13,27.05,27.13,27.05,26.73,27.13,27.22,26.64,26.31,26.73,26.80,26.89,26.96,27.13,26.96,26.96,26.73,27.05,26.96,26.96,26.80,27.13,26.96,26.89,27.05,26.89,26.80,26.80,26.80,27.29,27.13,26.80,27.13,27.05,26.89,26.80,26.96,26.80,26.96,26.80,26.80,26.73,27.05,26.96,26.56,27.13,27.22,26.47,27.22,26.89,26.80,26.73,27.13,26.56,26.96,27.05,26.64,27.05,26.80,26.80,26.73,26.47,26.96,26.80,26.56,26.80,26.89,26.73,26.47,26.56,26.89,26.89,26.73,26.80,26.96,26.80,27.05,26.73,26.73,26.89,26.64,27.22,26.96,26.89,27.05,26.73,27.13,26.73,26.80,27.05,26.73,26.73,26.80,26.89,27.22,27.05,26.73,26.64,26.80,26.89,26.73,26.73
26.73,26.64,27.13,26.31,26.73,26.73,26.89,27.29,26.96,27.05,26.73,26.56,26.73,26.64,27.22,26.80,26.73,26.64,26.89,26.56,27.13,26.80,26.56,26.73,26.89,26.89,26.64,26.80,26.73,26.80,26.80,26.64,26.56,26.56,27.05,26.96,26.56,26.96,26.96,26.73,27.05,26.96,27.05,26.80,26.73,27.05,26.89,27.13,27.13,26.96,27.05,27.22,27.05,26.89,27.05,27.13,27.05,26.96,27.05,26.96,27.05,26.73,26.89,26.89,26.80,27.05,26.64,27.22,26.73,26.80,27.05,26.64,26.56,26.64,26.73,26.73,26.73,27.29,26.47,26.73,27.05,26.89,26.73,27.05,26.64,27.13,26.56,26.64,26.73,26.56,26.96,26.80,26.56,26.89,27.05,26.96,27.13,26.89,27.05,26.96,26.80,26.64,26.89,26.96,26.96,26.73,26.89,27.05,27.13,27.36,27.13,26.80,26.89,26.80,27.05,27.05,26.96,26.96,27.05,26.96,26.80,26.80,26.96,26.80,26.80,26.89,27.22,26.80,26.73,26.80,27.13,27.05,26.73,26.96,26.96,27.13,26.73,26.89,26.96,26.73,26.96,26.64,26.64,26.89,26.80,27.05,27.22,26.80,27.05,27.13,27.36,26.96,27.05,27.05,27.05,27.05,27.05,26.89,26.89,26.47,27.13,26.96,27.36,27.05,26.96,26.89,26.73,26.89,26.96,27.13,26.80,27.13,27.05,26.96,26.89,27.36,27.05,26.96,26.80,26.96,27.05,27.53,27.05,27.13,27.05,27.05,27.22,27.22,27.05,27.05,27.05,26.80,27.13,27.45,26.89,27.45,27.22,26.73,27.53,26.89,26.89,26.73,26.73,26.80,26.89,27.22,27.22,27.05,26.96,27.05,26.89,26.89,27.13,27.22,26.89,27.05,27.05,26.89,27.05,26.73,27.13,26.89,27.05,27.05,26.96,26.96,26.89,27.13,26.89,26.89,26.96,27.05,27.05,26.96,26.89,26.56,26.73,27.05,26.89,27.05,26.89,26.89,26.73,26.80,26.96,26.89,26.96,26.89,26.96,26.73,27.05,27.05,26.73,26.80,26.89,26.96,26.89,27.05,26.89,26.80,26.73,26.73,26.89,26.89,26.89,26.56,26.89,27.05,27.22,26.96,26.89,26.73,26.89,27.22,26.40,26.73,26.89,26.64,26.89,26.96,26.89,27.05,27.13,27.05,26.80,26.96,26.96,26.96,26.96,26.96,26.89,27.13,26.73,26.96,27.22,26.89,26.89,26.73,26.89,26.89,26.89,26.31,26.96,26.64,26.80,27.36,26.80,26.73,26.96,26.56,26.96,27.05,26.80,27.13,26.73,27.05,26.73,26.80,26.80,26.73,26.73,26.96,27.05,27.22,26.80,26.64,26.73,26.56,27.13,26.89,27.13,26.80,26.96,26.89,27.05,27.05,26.96,26.73,26.89,27.13,26.89,27.05,26.96,26.56,26.47,26.64,26.64,26.89,26.96,26.80,27.05,26.56,26.80,26.96,26.56,26.80,26.64,26.89,26.89,26.64,26.47,26.56,26.73,27.13,26.73,26.80,26.73,26.56,26.64,26.73,26.73,26.80,26.89,27.13,26.64,26.80,26.64,27.05,26.80,26.89,26.89,26.56
26.73,26.80,26.56,26.56,26.96,26.96,26.64,26.64,26.64,26.73,26.47,26.73,26.80,26.80,26.64,26.80,27.13,26.80,26.73,26.80,26.80,26.80,26.80,26.73,26.56,26.73,26.73,26.73,26.96,27.13,26.73,26.89,26.89,27.13,26.73,26.96,26.89,27.05,26.73,26.73,27.13,26.64,26.31,26.80,26.64,26.80,26.96,26.80,26.89,27.13,27.05,26.47,26.96,26.89,26.73,26.47,26.80,27.05,26.64,26.80,26.73,26.73,26.40,26.64,26.80,26.64,26.73,26.73,26.80,26.47,26.64,26.89,26.73,26.89,26.56,26.89,26.89,26.56,26.73,26.64,26.73,26.64,26.96,26.47,26.89,26.89,26.64,26.96,26.89,26.96,27.13,26.73,27.13,26.56,26.73,27.22,27.13,26.89,26.89,26.80,26.73,26.89,27.05,26.80,26.89,26.80,26.96,26.89,26.80,26.80,26.96,26.80,27.13,26.73,26.89,26.89,27.13,27.05,27.13,26.96,26.89,26.89,26.80,27.13,26.80,26.89,26.64,26.89,26.89,26.73,26.73,26.64,26.89,26.73,27.05,27.13,26.89,27.05,27.05,26.73,26.73,26.96,26.64,27.13,27.29,26.80,26.89,26.56,27.13,27.13,26.89,27.05,26.89,27.05,26.80,26.96,27.05,26.96,27.05,26.64,26.89,26.96,26.96,27.05,27.13,26.80,27.22,26.96,26.73,27.05,27.13,26.96,27.13,26.80,27.05,27.05,27.13,26.96,26.96,26.96,27.05,27.05,27.22,26.89,26.96,27.05,26.96,26.89,27.05,26.89,27.05,26.64,27.53,27.85,26.96,27.22,26.89,27.22,27.05,26.96,27.29,26.96,26.96,26.73,27.22,27.22,27.13,27.05,26.96,26.73,27.13,26.96,26.89,27.13,26.89,26.89,27.53,26.56,26.47,27.13,26.96,26.56,27.05,26.80,26.73,26.89,26.89,26.89,26.89,26.73,26.96,27.22,26.80,26.96,27.22,26.89,26.80,26.73,26.96,26.89,26.89,27.13,26.80,26.73,26.73,26.73,26.96,27.13,26.80,27.13,26.89,26.96,26.89,27.13,26.80,26.80,26.89,26.96,26.80,26.64,26.73,26.89,26.89,26.80,26.89,27.05,27.13,26.73,26.73,26.56,26.89,26.80,26.56,26.96,27.05,26.89,26.80,27.13,26.89,26.89,26.80,27.29,26.64,27.13,26.96,26.64,26.80,27.22,27.13,26.56,26.89,26.80,27.29,27.05,26.96,26.80,27.05,26.73,26.80,27.05,26.89,26.73,26.73,26.96,26.73,27.13,26.89,26.64,27.22,27.13,26.96,26.47,26.89,26.80,26.47,26.96,26.89,27.22,26.89,26.80,26.64,26.56,26.80,26.89,26.47,26.96,26.80,26.73,27.05,27.22,26.96,27.05,26.89,27.05,27.13,26.80,26.96,26.89,26.64,26.80,26.96,27.05,26.73,26.40,26.96,26.89,26.89,26.89,27.05,26.73,27.13,26.56,26.73,26.89,26.73,26.56,26.73,26.89,27.05,26.56,26.73,26.64,26.40,26.96,27.29,26.47,26.73,27.13,26.73,26.64,26.64,26.73,26.96,26.73,26.56,26.73,27.13,26.56,26.73,26.80,26.89,26.56
26.64,26.47,26.31,26.64,26.80,26.73,26.73,26.73,27.22,26.96,26.89,26.64,26.89,26.73,27.13,26.64,26.64,26.73,27.29,26.64,26.80,26.64,26.89,26.73,26.73,26.64,26.80,26.47,26.56,26.56,27.13,26.73,26.80,26.73,27.05,26.47,26.89,26.80,26.89,27.05,26.89,27.13,26.56,26.80,26.89,26.80,26.96,26.89,26.80,26.96,26.80,26.80,26.73,27.05,26.89,27.13,27.05,26.73,26.56,26.96,27.13,26.89,26.96,26.73,26.96,26.73,26.73,26.64,26.64,26.89,26.73,27.05,26.89,26.56,26.89,26.73,26.64,26.89,26.89,26.80,26.96,26.73,26.89,26.64,26.89,26.89,26.73,26.96,27.05,26.73,26.64,26.89,26.56,26.73,26.73,26.64,26.73,26.47,26.96,26.80,26.56,26.80,26.73,26.89,26.89,26.80,27.05,26.80,26.89,26.89,26.64,27.22,27.05,26.80,26.80,26.80,26.73,26.89,26.73,26.96,26.80,26.73,26.73,27.05,26.80,26.80,26.96,26.96,26.73,27.05,26.80,26.89,26.80,26.47,26.89,26.96,27.05,26.56,26.73,26.89,26.73,26.80,26.80,27.22,27.45,26.89,26.80,26.96,27.05,27.05,27.05,27.13,26.89,26.89,26.80,26.73,26.80,26.73,26.89,26.96,27.05,27.22,26.80,26.96,26.73,26.96,26.64,27.13,26.96,26.96,26.96,26.89,27.05,27.22,27.13,27.22,26.89,27.29,27.05,27.13,27.13,26.96,27.05,27.13,26.96,27.05,27.05,26.96,27.13,26.96,27.13,27.36,27.45,27.36,27.22,27.05,26.64,27.22,27.05,27.22,26.96,27.13,27.05,26.96,27.13,26.96,26.80,27.05,26.96,26.89,26.96,27.13,26.73,27.13,27.36,26.96,26.96,27.13,26.89,27.13,26.89,26.56,26.80,26.73,27.29,26.89,27.05,26.89,27.22,26.96,27.05,26.73,26.80,26.89,26.96,27.05,27.05,26.73,27.05,26.96,27.22,26.80,26.96,26.80,26.73,26.64,26.96,26.80,26.73,26.80,26.96,26.80,26.96,26.73,26.96,26.96,26.96,26.96,27.05,27.05,26.73,26.89,26.64,26.89,26.96,26.31,26.96,26.89,27.13,26.47,26.96,26.80,27.05,26.80,26.89,26.80,27.05,26.80,26.80,26.73,26.64,27.05,26.89,27.29,27.05,26.80,26.89,26.96,26.89,26.96,27.13,26.73,27.05,27.05,26.96,26.80,26.56,26.89,26.89,26.96,27.22,27.05,26.89,26.80,27.05,26.96,27.05,26.80,26.73,26.89,26.96,26.31,26.73,26.80,26.96,26.64,26.64,26.64,26.96,26.73,26.89,26.96,26.73,26.89,26.73,26.96,27.13,26.96,26.73,26.80,27.05,26.96,26.96,27.05,26.89,26.89,26.73,26.96,26.73,26.56,26.64,26.56,27.05,26.89,26.47,26.89,26.96,27.13,26.47,26.80,26.89,26.64,26.64,26.64,26.96,26.96,27.05,26.64,26.64,26.89,26.64,26.47,26.56,26.73,26.56,26.64,26.73,26.56,26.73,26.40,26.89,26.96,26.89,26.96,26.89,26.64,26.80,26.56,26.80,26.31,26.89,26.73
26.89,26.96,26.96,26.64,26.89,26.73,26.56,26.89,26.64,26.80,26.73,27.05,26.64,26.64,26.47,26.73,26.64,26.56,26.64,26.56,26.89,27.29,26.89,26.96,26.89,26.73,26.96,26.89,26.64,26.56,26.96,26.96,26.73,27.05,26.89,26.73,26.64,27.05,26.96,26.73,26.89,27.22,26.73,26.80,26.64,26.80,26.96,26.89,26.96,26.56,27.29,26.96,27.22,26.56,26.96,26.80,26.73,26.73,26.80,26.96,26.73,26.89,26.89,26.73,27.22,26.56,26.80,26.80,26.89,27.13,26.73,26.96,26.73,26.96,26.73,26.89,26.80,26.56,26.80,27.13,26.89,26.80,26.64,26.89,27.45,26.96,26.80,26.89,26.73,26.73,26.96,26.89,26.73,27.22,26.96,27.05,26.80,27.22,26.80,26.80,26.89,26.89,26.89,27.13,26.80,26.80,27.22,27.05,27.22,26.96,26.73,26.89,26.56,26.96,26.64,26.64,27.05,26.89,26.89,26.80,26.89,26.96,27.13,27.22,26.80,26.64,27.05,27.05,27.22,26.80,26.89,27.05,26.96,26.80,27.05,27.05,27.05,26.73,27.22,27.05,26.56,27.05,27.05,26.89,27.05,27.13,27.13,27.36,27.05,26.89,27.45,26.73,27.05,26.96,26.64,26.96,27.05,26.96,26.73,27.13,26.64,26.80,26.73,27.05,27.22,27.13,26.73,26.96,26.96,26.73,26.80,27.13,27.05,27.13,27.29,26.96,26.96,26.96,26.89,26.80,27.22,27.22,26.89,26.80,26.80,27.05,26.96,27.22,27.13,26.89,26.96,26.96,27.53,26.96,27.13,27.36,27.05,27.45,26.96,27.29,26.96,27.13,26.89,27.13,27.13,26.89,27.13,27.22,27.22,26.96,27.22,26.64,27.13,26.80,27.05,26.89,27.13,26.80,26.73,26.80,26.89,26.89,26.64,26.73,26.64,26.64,26.73,26.56,26.96,26.80,26.56,26.89,27.05,27.05,27.13,27.22,27.05,27.05,26.80,26.80,27.13,26.96,26.80,26.80,26.73,26.96,26.89,26.73,26.80,26.89,26.64,26.96,26.89,26.73,26.89,26.80,27.05,26.96,27.13,26.89,26.73,26.80,26.96,27.05,26.73,26.96,26.73,26.89,26.80,26.64,26.89,26.89,26.80,26.89,27.05,26.96,26.80,26.73,26.96,26.96,27.13,26.89,27.05,26.73,27.05,27.13,26.47,26.89,26.96,27.05,26.80,26.73,26.89,27.05,26.80,27.05,26.89,27.05,26.89,26.80,26.96,26.89,26.40,26.64,26.89,26.80,26.89,26.80,26.56,26.89,26.96,27.13,27.13,26.80,26.56,26.80,27.22,27.05,27.05,26.89,26.64,26.14,27.05,26.64,26.89,26.89,26.96,26.96,27.05,27.05,26.89,26.56,27.13,26.80,26.64,26.73,26.80,26.64,27.05,26.73,26.80,26.73,26.80,26.96,26.80,26.89,27.05,26.89,26.89,26.96,26.73,27.22,26.96,27.05,26.96,26.64,26.96,26.89,26.73,27.05,26.89,26.80,26.47,27.13,26.73,26.40,26.73,26.64,26.89,26.73,27.05,26.64,26.56,26.64,26.73,26.64,26.96,26.47,26.80,26.56,26.64,26.40
26.73,26.64,26.96,26.73,26.56,26.40,26.89,26.80,26.64,26.64,26.89,26.56,26.73,26.73,27.05,26.47,26.64,26.80,27.05,26.96,26.80,27.45,26.89,26.56,26.96,27.05,26.73,27.05,26.89,26.80,27.13,27.22,26.73,26.96,27.05,26.73,26.80,26.96,26.56,27.29,26.64,26.47,26.89,27.13,27.13,27.05,27.05,27.05,26.80,26.64,26.89,26.73,26.64,26.47,27.22,27.05,26.89,26.96,27.05,27.29,26.96,26.80,26.47,27.22,26.80,26.73,26.64,26.80,26.80,27.05,26.80,26.64,26.89,26.80,27.05,26.89,26.80,27.22,26.89,26.64,26.96,26.96,26.73,26.89,27.05,26.89,26.64,27.05,27.05,26.64,26.73,27.05,27.05,26.89,27.13,26.80,26.89,26.96,27.05,27.13,26.89,26.80,27.05,26.89,26.89,26.96,26.96,26.89,27.29,26.89,27.29,26.96,26.73,26.96,27.13,26.89,27.13,27.05,26.96,27.05,26.89,27.13,27.05,26.89,26.96,26.96,27.05,26.80,26.89,26.96,26.80,26.96,27.05,26.80,27.13,26.96,26.96,26.96,26.73,26.96,27.05,26.89,27.05,27.22,27.05,26.80,27.05,27.36,26.96,26.96,26.80,27.05,27.22,27.22,26.73,26.80,26.89,26.89,27.05,26.89,27.05,27.05,27.13,27.22,27.13,26.89,26.89,26.80,26.89,27.05,26.96,26.80,27.13,27.22,27.13,26.80,27.45,26.80,27.05,26.80,27.13,27.05,26.96,27.05,27.22,27.29,26.80,27.22,27.22,27.36,27.22,26.89,27.29,26.96,27.05,27.22,26.96,27.29,26.80,26.96,27.05,27.05,27.05,26.80,27.13,26.89,26.89,27.05,27.05,27.13,26.96,27.13,26.96,27.13,27.05,26.89,27.05,26.89,27.13,26.89,27.05,27.05,26.96,27.22,26.80,26.73,26.64,26.73,27.05,26.80,26.89,26.89,26.80,26.73,27.05,26.80,26.80,26.80,26.80,27.05,27.13,26.89,27.22,27.22,26.64,27.22,26.80,26.73,26.80,27.05,27.13,27.13,27.13,27.13,26.96,27.13,26.73,26.96,27.29,26.96,26.73,26.96,26.73,27.22,26.89,26.89,27.13,27.13,27.05,26.89,26.89,26.89,26.89,26.89,26.64,27.05,26.96,27.13,26.89,26.89,26.89,26.96,27.13,26.56,26.80,27.45,27.05,27.13,26.73,26.89,27.29,26.73,26.56,26.89,27.22,27.05,26.73,26.80,26.80,27.45,26.89,27.13,26.73,27.05,26.47,26.96,27.05,26.73,26.40,26.89,26.56,27.22,26.96,26.73,26.89,26.96,26.80,26.47,26.96,27.13,26.56,26.89,26.96,26.80,26.80,26.89,26.56,26.40,26.96,26.89,26.89,26.64,26.89,26.96,26.47,26.89,27.22,26.96,26.64,26.64,26.80,26.89,26.96,26.96,26.89,26.96,26.73,26.80,26.80,27.05,26.64,26.96,26.73,26.96,26.80,27.05,26.64,27.05,26.96,26.96,27.05,26.40,26.96,26.64,26.89,26.96,27.22,26.73,26.89,26.89,26.80,26.40,27.05,26.64,26.64,26.73,26.40,27.22,26.80,26.80,26.73,27.13
26.80,26.47,26.64,26.64,26.80,26.89,26.73,27.13,26.80,26.73,26.64,26.56,26.89,26.73,26.89,26.47,27.22,26.47,26.73,26.89,27.05,26.89,26.89,26.89,26.73,26.64,26.73,26.73,26.80,26.56,27.13,27.13,26.96,26.64,26.56,26.89,26.96,26.56,26.73,27.05,26.96,26.96,26.73,27.13,27.13,26.80,26.96,26.89,26.56,26.96,27.05,26.96,26.73,26.73,26.56,26.96,26.96,26.80,26.64,27.22,26.47,26.96,26.96,26.64,26.96,26.64,26.73,27.05,26.56,26.73,26.64,26.96,26.80,26.89,26.73,26.89,26.64,26.96,26.89,26.80,26.80,26.96,26.96,27.05,26.89,26.96,26.89,26.89,27.05,26.96,26.80,26.89,26.96,27.13,26.47,27.13,26.80,26.96,26.96,26.89,26.73,26.89,26.89,26.89,27.13,27.13,27.53,26.96,26.96,27.05,27.05,27.29,27.22,27.13,26.73,26.89,27.05,27.29,26.89,27.22,26.80,27.13,27.05,27.22,27.13,26.80,27.05,26.56,26.96,26.89,26.89,26.80,27.05,26.89,26.89,27.05,27.05,26.89,26.89,26.73,26.89,27.05,26.96,26.56,26.80,26.89,26.96,26.96,26.80,26.96,26.96,26.80,27.29,27.13,26.73,27.22,26.96,26.73,26.89,27.13,26.96,27.13,26.73,26.64,26.96,26.89,26.96,27.22,27.05,26.96,27.05,27.22,27.13,26.89,27.05,27.05,27.05,27.13,27.45,26.80,26.89,27.05,27.22,27.36,26.96,27.13,26.73,27.05,27.05,26.89,26.96,27.13,27.05,26.89,27.22,27.05,26.96,26.89,27.13,27.29,26.89,26.89,26.80,27.22,27.29,27.05,27.29,27.13,27.05,26.89,27.13,27.05,27.29,26.96,27.05,27.05,26.96,26.96,26.64,26.96,26.89,27.05,26.89,26.96,27.05,26.64,26.96,26.96,26.96,26.80,26.96,26.89,26.89,26.89,27.05,26.96,26.89,26.96,26.73,26.80,26.96,26.80,27.13,26.89,26.73,26.96,26.89,27.13,26.96,26.89,27.05,26.73,26.96,26.96,26.89,26.96,26.80,26.96,26.89,26.80,26.64,26.73,26.73,27.05,26.80,27.13,26.64,26.80,26.96,27.05,26.96,26.96,26.96,26.89,27.05,26.96,26.89,27.22,26.89,26.80,26.64,27.05,27.05,26.80,26.89,26.89,26.96,26.89,27.05,26.96,26.73,27.13,27.05,26.89,26.96,27.05,26.96,27.05,27.05,27.22,26.89,26.80,26.89,26.47,26.96,26.80,26.89,26.73,27.05,26.80,27.05,27.05,26.96,26.89,27.05,26.89,26.89,26.89,26.47,27.05,27.05,26.73,26.96,26.89,26.73,26.96,27.05,26.89,26.80,26.73,27.22,27.29,26.73,27.22,26.64,27.13,26.80,26.47,26.64,26.96,26.96,27.05,26.96,26.80,26.64,26.80,27.13,26.96,26.89,26.96,26.96,26.80,26.89,26.80,27.05,26.64,26.47,26.47,26.89,26.73,26.73,26.89,27.05,26.89,26.89,27.05,27.22,27.22,26.64,26.96,26.56,26.73,26.89,26.64,27.13,26.64,26.64,26.89,26.80,26.23,27.05,26.73
26.73,26.96,26.64,26.47,26.64,26.89,26.47,26.73,26.40,26.89,26.73,26.73,26.89,26.64,26.80,26.80,26.73,26.96,26.73,26.80,27.13,27.29,27.22,26.96,26.80,26.56,26.80,26.73,26.73,26.64,26.96,27.29,26.96,26.73,26.80,26.56,26.96,26.89,26.96,26.80,26.89,26.47,27.05,26.80,27.22,27.05,26.80,26.73,26.96,26.89,27.05,26.96,27.05,26.89,26.56,26.96,27.13,26.89,26.89,26.73,26.80,26.73,26.96,27.05,27.13,26.64,26.73,26.96,27.13,26.80,26.89,26.56,26.89,27.22,26.89,27.05,26.96,27.22,26.73,26.89,26.80,26.64,26.64,26.96,26.89,26.80,26.80,26.89,27.22,26.56,27.13,26.96,26.73,27.13,27.05,26.80,26.80,26.96,26.89,27.05,26.89,26.64,26.73,26.96,27.13,26.96,27.05,26.73,26.80,26.64,27.22,26.80,26.89,26.89,27.13,26.73,26.73,27.05,27.05,26.73,27.05,26.96,26.96,27.45,26.89,26.89,27.05,26.96,26.89,27.05,26.80,26.96,26.96,27.22,26.89,26.73,26.89,26.73,26.96,26.73,26.80,27.13,27.13,26.64,26.89,26.89,26.96,27.36,26.89,26.73,26.89,26.89,27.05,26.96,27.05,26.89,27.05,26.80,26.73,26.73,26.96,26.56,26.96,26.89,26.73,26.73,26.64,26.96,26.89,26.80,27.22,27.13,26.73,27.13,26.73,27.05,26.73,26.89,27.29,27.36,27.36,27.22,27.22,26.96,26.80,26.96,26.96,26.96,26.96,27.36,26.96,26.80,27.13,27.22,27.05,26.80,26.80,26.96,27.05,26.96,26.89,26.73,26.89,27.05,26.96,27.36,26.96,26.73,27.22,26.73,26.80,27.36,27.05,26.96,27.13,26.89,26.96,27.05,27.13,26.73,26.96,26.64,26.56,26.64,26.73,26.73,26.64,26.96,26.80,26.89,27.13,26.64,26.96,26.96,26.96,26.96,26.80,26.89,26.73,27.22,26.73,26.89,26.80,26.47,26.96,26.96,27.05,26.89,26.89,27.05,26.96,26.89,26.80,26.89,26.80,26.96,26.80,26.89,26.96,27.13,26.96,26.73,26.96,26.80,26.96,26.64,26.89,26.80,26.80,26.31,26.73,26.89,26.56,26.64,26.56,26.80,26.64,26.89,26.80,26.89,26.89,26.73,26.64,26.64,27.22,26.96,26.80,27.05,27.22,26.89,26.80,26.89,26.89,26.89,26.56,26.80,26.64,27.05,26.89,26.80,26.80,26.89,26.80,26.47,27.05,27.05,27.22,26.89,26.89,26.56,27.22,26.64,26.96,27.22,26.64,26.89,26.89,27.22,26.80,26.96,26.80,26.89,26.64,27.22,26.56,26.89,26.73,27.05,27.13,27.22,26.89,26.73,26.96,27.29,26.96,27.13,27.22,26.64,26.80,27.13,26.73,27.05,27.13,27.05,26.89,26.89,26.80,26.47,26.80,26.56,26.47,26.89,26.73,26.89,26.64,26.47,26.64,26.89,26.73,27.13,26.73,26.96,26.73,26.80,26.64,27.05,26.96,26.56,26.64,26.80,26.73,27.13,26.89,26.64,26.96,26.80,26.64,26.47,27.22,26.64,26.80,26.64
26.56,26.47,26.89,27.05,26.56,26.89,26.89,26.89,26.73,26.73,26.96,26.73,26.80,26.73,26.96,27.05,27.13,26.64,26.89,26.80,26.89,27.05,26.40,26.80,27.22,26.73,26.73,26.64,27.05,26.73,26.73,27.05,26.96,26.56,26.73,26.89,26.56,26.56,27.13,26.64,26.89,26.56,26.64,26.96,26.64,26.64,26.96,26.96,27.05,27.05,26.64,26.89,26.96,26.89,26.89,26.96,26.96,26.80,26.80,26.64,26.89,26.73,26.80,26.89,26.73,27.05,27.22,26.47,26.80,26.73,26.56,26.31,26.64,26.64,26.64,27.13,26.89,26.89,26.40,26.96,26.89,26.73,26.56,26.64,27.13,26.73,26.96,27.13,26.96,26.89,26.89,26.64,26.56,27.13,27.05,26.80,27.05,26.89,26.96,26.64,26.80,26.96,26.31,26.80,26.96,26.89,26.47,26.73,26.73,27.05,26.96,26.56,26.64,26.89,26.89,26.89,26.80,26.89,26.64,26.89,26.80,27.05,27.13,27.22,26.89,26.73,27.13,26.89,26.73,26.89,26.73,26.89,26.89,26.73,27.13,27.13,26.96,26.73,27.05,27.05,27.05,27.05,27.05,27.05,27.29,26.64,27.05,26.73,26.73,26.73,27.05,26.96,26.96,26.96,27.05,26.96,26.73,27.05,26.96,27.05,26.96,26.96,26.73,26.89,26.73,26.89,26.56,27.13,27.36,26.96,27.05,27.05,26.80,27.45,26.96,27.05,27.22,27.36,27.29,27.13,26.89,27.05,27.13,27.53,27.13,27.45,26.73,27.05,27.22,27.45,26.89,27.13,26.89,26.96,27.22,27.22,27.36,26.96,27.13,27.36,26.80,26.89,26.89,26.96,26.89,26.89,27.05,26.80,26.89,26.89,27.05,26.89,26.80,26.73,27.53,27.05,26.73,26.80,26.73,26.89,26.64,26.96,27.13,27.22,27.13,26.80,27.13,26.73,26.89,27.05,27.05,27.05,26.89,26.73,27.22,26.80,26.96,26.96,27.22,26.96,26.73,26.89,26.80,26.89,26.80,26.80,26.96,26.89,26.89,26.73,26.89,26.64,26.89,26.96,26.80,26.64,27.22,27.05,27.05,26.96,26.47,26.89,26.73,26.80,26.80,26.73,27.13,26.80,26.96,26.80,26.89,26.96,26.73,26.64,26.96,26.80,26.73,26.64,26.64,26.80,26.73,27.13,26.40,26.89,26.64,26.80,27.05,26.73,26.80,27.05,26.96,26.64,26.89,26.73,26.96,26.56,26.56,26.73,26.73,26.80,26.96,26.80,26.96,27.05,26.73,27.29,26.80,26.64,27.05,26.89,26.96,26.80,26.40,26.73,26.73,26.96,26.56,26.64,26.89,26.80,27.05,26.96,26.73,27.05,26.89,27.05,27.05,26.40,26.80,27.05,26.73,26.64,26.89,26.64,26.47,27.13,27.13,26.56,26.56,26.89,26.96,26.96,26.89,26.64,26.80,26.64,26.96,26.73,26.47,26.56,27.13,26.96,26.56,27.13,26.64,26.56,26.64,26.47,26.56,26.56,26.89,27.22,26.56,27.13,26.64,26.64,26.56,26.73,26.73,26.64,27.05,26.56,27.13,26.80,26.80,26.73,26.89,27.05,26.89,26.73,26.80,26.73
26.80,26.89,26.96,26.64,26.73,26.73,26.80,26.73,26.56,26.56,26.80,26.47,26.80,27.13,26.80,26.96,27.22,26.64,26.73,26.47,26.47,26.56,26.80,26.73,26.64,26.73,26.47,27.13,26.96,26.89,26.64,26.73,26.64,26.56,26.31,26.56,26.89,26.56,27.13,26.89,26.56,26.47,26.73,26.89,26.73,26.89,26.89,26.89,26.73,27.29,26.89,27.29,26.96,26.89,26.89,27.13,26.96,27.05,26.80,26.89,26.80,27.05,26.80,26.73,26.96,26.80,26.73,26.56,26.89,26.96,27.05,26.47,26.89,26.80,27.13,26.80,26.89,27.13,26.73,26.80,26.89,26.80,26.73,26.89,26.89,26.73,26.64,26.80,27.05,26.89,26.64,26.89,27.05,26.73,26.89,26.73,27.13,26.96,26.73,26.96,27.05,26.89,26.73,26.96,26.96,27.05,26.73,27.05,26.80,26.89,26.96,26.96,26.96,26.73,26.47,26.89,27.05,27.05,26.73,26.73,27.05,27.05,26.96,26.73,26.89,26.96,26.96,26.89,26.80,26.96,26.89,26.89,27.13,26.64,26.96,26.89,26.89,26.89,26.96,26.64,26.89,26.89,27.13,26.80,26.89,27.05,26.73,26.73,27.05,26.80,27.05,27.05,26.89,26.80,26.80,26.96,26.73,26.73,26.80,26.80,26.80,27.05,26.96,26.80,26.89,26.80,26.89,26.80,26.89,26.80,27.13,27.29,26.89,26.96,27.13,26.89,26.73,26.89,26.73,27.36,26.73,26.96,26.96,26.96,27.13,26.89,27.45,26.80,27.13,27.22,26.96,27.13,26.89,27.05,27.13,26.73,26.96,26.73,27.05,26.73,26.96,27.29,26.89,27.05,27.05,27.05,27.13,26.89,27.22,26.96,26.73,27.05,26.80,27.13,26.80,26.80,27.13,26.96,26.89,27.05,27.13,27.13,26.89,27.29,26.96,26.96,26.64,26.73,26.73,26.89,26.80,27.05,26.56,26.96,26.73,26.80,26.80,27.05,27.13,26.73,26.89,26.96,26.96,26.96,26.89,26.80,27.05,26.89,26.80,26.89,27.05,26.96,26.89,26.89,27.05,26.56,26.64,26.89,26.89,27.29,26.80,26.89,26.96,26.73,26.96,26.89,26.96,26.96,26.96,26.56,27.29,26.89,26.73,26.73,26.73,26.89,26.96,26.73,26.64,26.80,27.05,27.05,26.80,26.80,26.96,26.56,27.13,26.73,26.80,26.89,27.05,26.80,27.13,27.05,26.89,26.56,26.89,26.80,26.96,26.89,26.96,26.89,26.64,26.47,26.80,27.29,26.80,27.05,26.73,26.89,26.56,26.96,27.13,26.89,26.80,26.47,27.05,26.96,26.31,26.89,26.80,27.22,26.40,26.96,27.05,26.80,26.47,27.13,26.73,26.31,26.96,27.05,26.96,26.96,26.47,26.64,26.89,26.47,26.89,27.05,26.56,27.13,27.05,26.64,26.64,26.80,26.64,26.89,26.73,26.73,26.80,26.56,27.05,26.73,27.05,26.64,26.89,26.56,26.64,26.73,26.89,26.73,26.89,26.80,26.80,26.96,26.89,26.73,26.73,26.80,26.89,26.73,26.80,26.56,26.64,26.80,26.64,26.96,26.64,26.89,26.80,26.80
26.64,26.73,26.73,26.64,26.73,26.96,27.29,26.73,26.40,26.47,26.64,26.73,26.89,26.56,26.89,26.73,26.73,26.80,26.73,26.56,26.47,27.05,26.40,26.64,26.73,26.73,26.96,26.89,26.56,26.56,27.29,27.05,26.73,26.80,26.96,26.40,26.73,26.73,26.96,26.96,27.05,26.80,26.56,26.80,26.64,27.13,26.56,26.64,26.80,26.80,26.96,26.73,26.96,26.64,27.13,26.89,26.80,26.56,27.05,26.89,26.80,26.73,26.96,27.22,26.80,26.89,26.89,26.31,26.64,26.96,26.89,26.89,26.80,26.80,26.80,26.96,27.05,26.73,27.05,26.73,26.80,26.80,26.73,26.80,26.73,26.80,26.89,27.05,26.80,26.80,26.56,26.89,27.05,27.29,26.80,26.80,26.80,26.73,26.80,27.13,26.73,27.05,26.96,26.80,26.96,27.22,26.96,26.80,26.89,26.80,27.22,26.80,27.05,26.96,26.80,26.89,26.89,26.96,27.22,27.22,26.89,27.22,26.64,26.64,26.89,27.05,26.80,27.13,26.89,27.36,26.96,26.80,26.89,26.73,26.73,27.05,26.89,26.80,26.47,26.64,26.96,26.40,26.80,26.96,26.64,26.89,26.89,26.96,26.73,26.80,26.80,26.80,27.05,26.96,27.22,26.64,26.64,27.05,26.73,27.13,26.89,26.64,26.73,26.56,26.80,27.22,26.73,26.80,26.73,26.89,26.96,27.13,26.89,27.05,27.13,27.13,26.96,27.05,27.22,27.05,26.73,27.29,27.22,26.89,26.89,26.96,26.96,27.13,27.29,27.13,27.13,27.36,27.05,27.13,26.89,27.13,27.05,26.89,26.96,26.89,27.05,27.36,26.80,27.13,27.05,26.80,26.73,26.96,27.13,26.89,26.96,27.13,26.80,27.22,26.89,26.89,26.80,27.13,27.05,26.80,26.96,27.13,27.13,26.80,26.96,26.96,27.13,26.96,26.64,27.13,26.89,27.29,26.64,26.80,26.96,27.05,26.89,27.05,26.89,27.05,26.80,26.96,26.89,26.80,27.05,27.05,26.89,26.96,26.56,26.80,26.80,26.96,26.96,27.22,26.96,26.80,27.13,27.05,26.73,26.80,26.80,26.89,26.96,26.89,26.96,26.80,26.89,26.56,26.56,26.89,26.80,27.05,26.89,26.80,27.13,26.89,26.80,26.73,26.73,26.40,26.96,26.89,26.64,27.05,26.80,26.80,27.05,26.96,27.05,26.56,26.96,27.13,27.05,26.89,26.64,26.89,26.96,27.05,27.05,27.13,26.73,26.64,26.89,27.05,26.80,26.73,27.22,26.47,26.80,26.80,26.64,27.05,27.05,26.89,26.89,26.73,26.96,26.56,26.80,26.47,26.89,26.80,26.73,26.89,26.89,27.05,26.56,26.80,26.89,26.56,26.96,26.47,26.89,26.80,27.13,27.05,26.80,26.64,27.13,27.05,26.96,26.73,26.73,26.64,26.47,26.73,26.80,27.05,27.22,26.89,27.05,26.47,26.64,26.96,26.64,26.64,26.80,26.96,26.47,26.89,26.64,26.47,27.05,26.96,27.05,26.73,26.73,26.64,26.64,26.96,26.89,26.73,26.64,26.64,26.89,26.89,26.80,26.47,26.80,26.80,26.56,26.64
26.80,26.64,26.56,26.89,26.64,26.73,26.64,26.96,26.73,26.80,26.96,26.64,26.96,26.80,26.64,26.73,26.80,27.13,27.05,26.47,26.64,26.64,26.47,26.40,26.73,26.89,26.73,26.80,27.05,26.64,27.13,26.73,27.05,27.05,26.64,26.89,26.96,27.13,26.73,26.64,26.96,26.64,27.13,26.89,26.47,26.89,26.80,26.56,26.89,26.56,27.36,26.96,26.80,26.89,26.80,26.80,27.05,26.47,26.80,26.89,27.29,26.96,26.64,26.80,26.96,26.80,26.73,26.89,26.80,26.64,26.56,26.80,26.80,26.73,26.80,26.89,26.89,26.73,26.73,26.64,26.64,26.80,26.80,26.56,26.64,26.23,26.96,27.05,26.73,26.73,26.80,26.73,26.96,27.13,26.64,26.96,26.96,27.29,26.89,26.80,26.80,26.96,27.13,27.13,26.80,26.80,26.56,27.05,26.73,26.96,26.96,26.73,26.80,26.80,26.89,26.89,26.80,26.80,26.96,26.89,26.80,26.96,26.96,26.96,27.05,26.80,26.80,26.96,26.96,26.89,26.96,26.89,26.73,26.89,26.96,26.56,26.64,26.80,26.80,26.96,26.89,26.89,26.96,27.05,26.80,26.73,26.73,26.73,26.96,26.89,26.64,26.89,26.73,26.64,26.96,26.80,26.80,26.96,26.89,27.05,26.64,26.80,26.56,26.89,26.56,26.73,26.64,27.05,27.13,26.89,27.45,27.13,26.96,27.13,27.13,26.96,26.89,27.29,27.53,27.13,26.96,26.89,27.13,27.05,26.80,26.89,27.05,27.29,27.05,27.13,26.96,26.96,27.22,26.96,26.96,26.80,26.73,27.36,26.96,27.13,27.29,27.22,26.96,26.80,26.89,26.96,26.64,26.73,26.80,26.73,27.36,27.13,26.89,27.29,27.05,27.22,27.45,26.73,26.80,26.73,27.05,26.64,26.80,26.96,27.05,27.05,27.13,27.13,26.64,26.80,26.89,27.22,27.13,26.96,26.96,26.80,26.73,26.64,27.05,27.05,26.73,26.89,27.29,26.80,27.05,26.89,26.96,26.73,26.80,26.89,27.13,26.89,27.05,26.56,26.56,26.73,26.96,26.96,26.96,26.96,26.73,26.96,26.89,26.96,26.96,26.89,26.89,26.73,27.13,26.89,26.80,26.89,26.96,27.13,27.05,26.80,26.96,26.80,27.05,26.89,27.13,27.29,26.96,26.73,26.64,26.73,26.89,27.05,27.22,27.05,26.89,27.05,26.80,27.13,26.89,26.73,26.80,26.73,26.89,27.05,26.96,27.05,26.80,26.89,26.73,27.05,26.80,26.96,26.80,27.05,26.89,26.80,26.80,26.40,26.89,27.05,26.56,27.05,26.89,26.89,26.64,26.80,26.96,27.22,26.73,27.05,26.80,26.64,27.05,26.47,27.13,26.73,26.80,27.05,26.89,26.89,26.47,26.64,26.80,26.96,26.96,26.80,27.29,27.05,26.80,26.73,26.96,26.73,26.80,26.89,26.56,27.05,26.96,26.89,26.89,26.89,26.47,26.89,26.73,26.47,27.05,26.73,26.56,26.96,26.64,26.56,26.56,26.80,26.96,27.05,26.89,26.96,26.96,26.96,26.64,27.13,26.56,26.89,26.64,26.73,26.64,26.64
26.73,26.56,27.05,26.64,26.56,26.56,27.22,26.64,26.89,26.64,26.73,26.89,26.89,26.80,26.56,26.89,26.80,26.96,27.05,26.47,26.47,26.80,26.64,26.89,26.89,26.80,26.56,26.89,26.89,26.73,26.73,26.73,26.89,26.96,26.89,26.64,27.05,26.73,26.89,26.64,26.96,26.89,26.80,26.89,26.73,26.96,27.13,26.96,26.56,26.96,27.05,27.13,27.05,26.73,27.13,26.96,26.89,27.22,26.89,26.89,26.64,26.96,26.96,26.73,26.89,26.64,26.89,26.73,27.29,26.73,26.89,26.96,27.13,26.89,26.56,26.73,26.73,26.89,26.73,26.80,26.89,26.80,26.80,27.05,26.73,26.73,26.80,26.73,26.89,26.80,26.64,26.80,26.64,26.89,26.73,26.80,27.05,27.13,27.13,26.64,27.13,26.96,26.56,27.29,26.96,26.89,26.73,26.96,26.96,26.89,26.96,26.80,26.80,26.80,26.64,26.64,26.96,27.05,27.22,26.96,26.96,26.73,26.89,26.73,26.89,27.13,27.05,26.96,26.89,26.73,26.73,26.89,26.80,26.96,26.80,26.73,27.13,27.13,26.89,26.80,27.45,26.96,27.13,26.89,26.89,26.73,26.89,27.13,26.73,27.05,27.05,26.80,26.80,27.05,26.80,27.36,26.96,26.89,26.89,26.80,26.96,26.80,26.89,27.05,26.64,26.64,27.36,27.13,27.05,26.80,26.80,26.80,27.22,27.05,26.96,26.73,27.05,26.89,26.96,26.89,27.22,27.13,26.73,27.13,26.89,26.89,27.05,26.89,27.05,27.29,26.96,27.36,26.96,27.13,26.80,27.05,26.89,27.13,27.13,26.96,26.80,26.89,26.96,27.05,26.96,26.89,27.36,26.96,27.22,27.05,26.96,27.05,27.36,27.45,27.29,26.64,27.13,26.89,27.13,26.89,26.80,27.13,27.13,27.05,26.96,26.89,27.22,27.13,26.96,26.64,26.73,26.80,26.96,26.96,27.05,26.73,26.96,26.56,26.96,26.89,26.64,26.64,26.73,26.73,26.89,27.13,26.96,27.05,26.64,27.05,26.64,26.73,26.96,26.73,26.89,26.64,26.96,27.05,26.96,26.96,27.05,26.96,26.89,27.05,26.96,26.56,26.89,26.73,26.96,26.56,26.73,27.05,26.56,26.80,26.96,26.64,26.80,26.89,26.73,26.96,27.13,27.13,26.73,26.73,26.96,26.64,26.96,26.80,26.96,26.73,26.80,26.96,26.80,26.96,26.56,26.80,26.96,26.96,26.47,26.64,27.22,26.73,26.73,26.80,26.73,26.80,27.22,26.80,26.96,26.56,26.96,27.05,27.13,26.80,26.80,26.64,26.80,26.80,27.05,26.80,26.80,27.05,26.73,26.80,27.13,26.80,26.89,26.73,26.89,26.89,26.56,26.89,26.56,26.96,26.80,27.22,26.73,27.05,26.64,26.96,26.96,26.96,26.96,27.13,26.80,27.05,27.13,26.73,27.05,26.89,26.73,26.96,26.73,27.05,26.89,26.89,27.05,26.64,26.64,26.40,26.96,26.64,26.73,27.22,26.56,26.89,26.73,26.80,26.89,26.64,27.13,26.80,26.96,26.64,26.64,26.96,26.64,27.13,26.73,26.64,27.13,26.89
27.13,26.80,26.47,26.64,26.73,26.73,26.73,26.80,26.73,26.80,26.89,26.47,26.56,27.36,27.36,27.13,27.36,26.89,26.73,26.73,26.96,26.64,26.89,26.47,27.13,26.64,26.56,26.64,26.64,27.13,27.05,26.80,26.89,26.64,26.64,26.64,27.05,26.73,27.22,26.73,26.96,26.80,27.13,27.05,26.89,27.05,26.73,27.29,26.80,26.96,26.80,27.05,26.96,26.80,27.13,26.89,27.05,26.80,26.64,27.05,27.13,26.80,26.73,27.22,26.73,26.96,26.64,27.05,26.64,27.05,27.05,26.96,26.80,26.80,26.73,26.89,26.73,26.80,26.96,26.96,26.80,27.05,26.56,27.05,26.96,26.96,27.22,26.80,26.96,27.05,27.05,26.73,27.22,26.73,27.05,26.73,26.64,26.80,26.80,26.96,27.05,27.13,26.64,27.13,26.73,26.64,26.73,26.80,27.13,26.89,26.89,27.13,26.89,27.13,26.96,26.89,26.80,26.80,26.80,26.73,26.80,26.96,26.89,26.80,27.22,26.96,26.47,26.96,27.05,26.89,26.96,26.96,27.05,26.89,26.80,27.05,26.80,27.22,26.80,26.89,26.64,26.56,26.96,26.80,26.89,26.31,26.89,26.64,27.13,27.05,27.13,26.64,27.05,27.13,27.13,27.05,26.64,26.73,26.80,26.73,26.89,27.13,26.73,27.05,26.89,26.89,27.13,27.05,27.05,27.05,26.96,27.45,26.80,26.80,27.22,27.36,26.80,27.05,26.96,27.05,26.80,27.05,27.05,26.96,26.96,27.36,27.13,27.05,27.36,27.13,27.36,26.96,27.05,26.80,27.13,27.05,27.13,27.05,27.13,26.96,26.89,26.80,27.13,27.05,26.73,27.13,27.13,27.05,27.13,26.96,26.89,26.89,27.22,26.80,26.80,26.80,26.89,26.73,26.89,26.96,27.22,27.22,26.73,26.89,27.05,26.73,26.89,26.73,27.22,27.13,27.13,26.64,27.05,26.80,26.73,27.05,26.80,26.89,26.73,26.80,27.13,27.22,27.13,26.89,26.47,26.56,26.80,26.80,27.29,26.96,26.89,26.89,26.80,26.89,27.05,26.73,27.05,26.96,27.13,26.96,27.05,26.96,26.89,26.80,27.05,26.73,26.89,26.96,26.80,26.80,26.89,26.89,26.80,26.89,26.96,26.64,26.89,27.05,26.96,26.89,27.13,27.05,26.80,26.89,26.64,26.89,26.89,26.73,27.05,26.80,26.56,26.80,26.80,26.73,26.96,26.89,27.05,26.89,27.05,26.73,26.89,26.89,26.73,26.80,26.96,26.80,26.80,26.80,27.05,26.80,26.80,27.13,26.96,26.56,26.73,26.89,27.13,27.05,27.05,26.96,26.47,26.96,26.96,27.05,26.80,26.64,26.80,26.73,27.05,26.80,27.13,26.56,26.56,27.05,27.05,27.22,26.80,26.80,26.96,27.29,27.13,27.13,26.64,26.80,27.05,26.47,26.80,26.73,26.80,26.80,26.64,26.56,26.40,26.56,26.47,26.80,26.64,26.56,26.73,26.96,26.40,26.56,26.64,27.05,26.40,26.89,27.22,26.80,26.47,27.22,26.96,26.73,26.73,26.56,26.89,26.64,26.80,26.73,26.96,26.73,26.64,26.89
26.80,26.80,27.13,26.56,26.89,26.96,27.13,26.64,26.23,27.05,26.96,26.80,26.73,26.64,26.64,26.89,26.73,27.22,26.80,26.73,26.73,26.80,26.73,26.64,26.73,26.73,26.80,26.96,26.73,26.64,26.64,26.96,27.13,26.96,27.05,26.80,26.96,27.29,26.96,26.64,26.96,26.73,26.80,26.73,27.45,26.73,26.96,26.56,26.89,26.89,26.80,27.13,27.13,26.89,26.80,26.89,26.96,26.89,26.64,26.80,26.89,26.89,26.89,26.89,26.89,26.96,26.73,26.80,27.13,27.05,26.89,26.73,26.64,26.96,26.64,26.80,26.80,27.29,27.22,26.80,26.64,26.80,26.89,26.80,26.89,27.13,26.73,27.13,26.96,26.80,26.73,27.05,26.89,26.80,26.89,26.89,27.05,26.64,26.80,26.73,26.96,27.13,26.73,26.89,26.89,27.05,26.96,26.47,26.96,26.56,26.96,26.96,27.05,26.73,26.89,26.89,27.13,26.89,26.73,26.96,26.56,27.05,26.96,26.64,27.05,26.89,26.96,27.13,26.96,26.89,26.96,26.89,27.05,26.89,27.05,26.96,27.13,26.96,26.64,26.80,26.80,26.89,26.89,26.89,27.05,27.05,27.05,27.05,26.96,26.89,26.89,27.22,27.13,27.36,26.80,26.80,26.96,26.89,26.89,26.89,26.96,26.96,27.13,26.89,27.13,27.13,26.89,27.53,26.96,27.05,27.22,26.96,27.13,26.73,26.89,27.05,26.89,27.13,26.73,27.13,27.05,26.96,27.13,27.22,27.13,27.13,26.96,27.22,27.36,27.45,27.13,26.96,27.05,27.13,27.05,27.36,27.13,26.73,27.05,27.29,26.96,27.53,27.13,27.05,26.96,27.36,27.05,27.05,27.22,26.89,26.80,27.05,26.80,27.05,27.22,26.89,27.13,26.96,27.05,26.80,26.96,26.96,26.89,26.73,26.89,27.13,27.05,26.89,26.89,26.80,26.80,26.89,26.47,26.80,27.13,26.80,27.05,26.80,27.05,26.89,26.96,26.96,26.89,26.96,26.89,26.64,26.89,26.89,26.96,27.13,27.22,27.05,27.05,26.89,26.64,26.73,26.96,26.89,26.80,26.96,26.89,26.64,26.89,26.80,26.73,27.13,26.96,26.89,26.73,26.73,26.73,26.73,26.80,26.89,27.22,26.80,26.89,27.05,27.13,26.64,27.05,26.80,27.13,26.80,26.96,26.73,26.80,26.89,26.96,26.96,26.56,26.96,26.89,26.80,26.96,27.05,27.13,26.56,26.96,26.89,26.80,26.89,26.96,26.80,27.29,26.89,26.89,27.13,26.64,26.73,27.05,26.89,27.13,26.89,26.80,26.56,26.80,27.05,26.89,26.89,27.13,27.13,27.05,26.80,27.36,26.80,26.96,27.13,27.13,26.47,26.96,26.89,27.13,26.96,26.96,26.80,27.13,26.89,26.80,26.80,26.96,26.89,27.05,27.05,26.56,27.05,26.73,26.56,26.80,26.89,26.89,26.89,26.40,27.05,26.64,26.89,26.73,27.13,26.89,27.13,26.96,26.73,26.73,27.05,26.56,26.96,26.89,26.40,26.64,26.89,26.80,26.64,27.13,27.13,26.80,26.73,26.80,26.80,27.22,26.89,27.13,26.89
26.80,26.40,26.40,26.47,26.80,26.31,26.56,26.73,26.64,26.64,26.47,26.80,26.73,26.64,26.96,26.89,27.22,26.96,26.73,26.64,26.73,26.73,27.22,26.96,26.80,26.73,26.56,26.40,26.89,26.73,26.89,26.64,26.89,26.64,26.64,26.64,26.96,26.96,26.80,26.56,27.22,26.89,26.96,26.80,26.80,26.89,27.13,26.89,27.22,26.64,26.89,26.80,26.96,26.96,26.89,27.22,27.22,26.96,26.73,26.80,27.05,26.64,26.89,26.80,26.89,26.56,26.96,26.89,26.73,27.13,26.80,26.73,26.64,27.05,26.80,26.73,26.47,26.80,26.89,26.64,26.89,26.73,27.05,26.89,26.89,26.64,26.56,26.73,26.56,26.73,27.05,26.73,26.89,26.73,26.96,27.05,26.96,26.89,26.89,27.05,26.73,26.96,26.89,26.80,27.13,26.73,26.80,26.89,27.05,27.05,26.89,26.89,26.96,26.89,26.96,26.73,26.96,27.13,27.13,26.89,26.64,27.05,26.89,26.89,26.89,26.96,27.13,26.73,27.05,26.80,27.22,27.36,26.80,26.96,26.96,26.80,26.80,27.13,26.96,26.80,26.80,26.56,27.29,26.96,27.36,26.73,26.89,26.73,27.22,26.96,27.05,27.05,26.96,26.89,26.89,26.89,27.13,26.64,27.05,26.96,26.80,27.05,26.73,26.89,26.80,26.64,26.80,26.89,27.13,26.73,27.13,27.13,27.05,26.89,26.73,27.22,26.96,27.05,27.05,26.96,27.05,26.89,26.73,27.05,26.64,26.89,27.53,27.29,27.22,26.64,26.73,27.36,27.05,27.36,26.96,27.13,26.89,27.05,26.96,26.89,27.13,27.05,26.96,26.89,27.05,26.73,26.96,26.80,27.53,26.89,27.05,26.80,27.22,26.80,27.05,27.22,26.73,27.05,26.64,26.96,26.89,26.89,26.73,26.47,27.13,26.73,27.05,26.89,26.96,27.05,26.80,26.89,27.13,26.80,26.89,26.89,27.05,27.22,26.80,26.96,26.73,26.80,26.89,26.64,26.96,26.80,26.96,26.89,26.89,26.89,26.96,26.89,26.96,26.73,26.80,26.89,26.73,26.64,26.96,26.80,26.73,26.89,26.96,26.56,27.05,26.89,26.73,27.05,26.80,26.73,26.73,26.96,27.05,26.89,26.96,26.80,26.80,26.96,27.05,26.73,27.22,26.89,26.89,26.89,27.05,26.80,26.73,26.89,27.22,26.96,26.40,26.89,27.13,27.05,26.80,27.05,26.73,26.89,27.13,26.80,27.05,26.80,26.80,26.80,26.56,26.73,26.80,27.05,27.13,26.31,26.89,26.89,26.31,26.47,26.73,26.89,26.73,26.80,27.13,26.56,26.96,26.47,26.80,26.56,27.13,26.96,26.89,26.80,26.80,26.89,26.64,26.89,26.89,27.05,26.89,27.05,26.56,26.96,26.89,26.96,26.64,26.96,26.64,26.96,26.73,26.73,26.80,26.89,26.96,26.80,26.56,26.64,27.13,26.96,27.05,27.22,27.05,26.73,26.64,26.89,26.96,26.73,26.80,26.96,26.64,26.80,27.13,27.13,27.05,27.13,27.13,26.56,26.47,26.64,27.13,26.89,27.05,26.96,26.64,26.73,26.73,26.73
27.05,26.80,26.64,26.47,26.89,26.73,26.73,26.56,26.56,26.64,26.80,26.64,27.05,26.64,26.89,26.73,26.64,26.73,26.73,26.80,26.31,26.89,26.89,26.96,26.80,26.80,26.96,26.56,26.73,26.89,26.96,26.80,26.73,26.64,26.47,26.73,26.56,27.05,26.96,26.64,27.05,26.80,26.89,26.89,26.80,26.73,26.96,26.89,27.45,27.13,27.22,27.13,26.80,26.96,27.22,26.80,26.80,26.47,26.64,26.96,27.05,26.96,26.89,26.73,26.80,26.73,26.47,27.05,26.96,26.80,26.73,26.56,26.56,26.96,26.73,26.96,26.73,27.13,26.47,26.96,26.89,26.89,26.89,26.89,26.73,26.56,26.96,26.73,26.80,26.89,26.56,26.64,27.05,27.05,26.89,27.22,27.05,26.96,27.05,26.73,27.13,26.89,26.73,27.05,27.13,26.89,26.40,26.89,27.13,27.22,26.96,27.22,26.96,26.89,26.96,26.64,26.80,27.13,27.05,27.13,26.96,27.13,27.05,26.89,26.96,26.73,27.13,26.56,26.64,26.80,27.05,27.22,26.80,26.96,26.96,26.80,26.89,26.80,27.22,26.80,26.96,27.13,27.45,26.80,27.05,27.22,26.80,26.89,26.89,26.96,26.89,26.80,26.89,27.05,27.13,26.89,26.89,26.80,26.73,27.05,26.80,26.89,26.89,26.80,26.73,26.73,26.96,26.96,26.89,27.22,26.96,27.05,27.13,27.13,27.05,26.89,26.89,26.96,27.05,27.45,27.22,27.05,26.73,26.96,27.36,27.13,26.96,27.13,27.36,26.80,26.96,26.96,26.96,27.29,27.13,27.05,27.13,26.96,26.96,27.13,26.96,27.05,27.13,27.22,27.05,26.73,26.96,26.96,27.13,26.73,26.73,27.29,27.22,26.64,26.89,27.05,26.96,27.05,26.89,26.73,26.96,26.89,27.22,27.22,26.73,26.89,26.89,26.73,26.89,26.80,26.96,27.05,26.80,27.05,27.05,26.96,26.96,26.89,26.89,26.80,26.89,26.80,27.05,26.89,26.96,26.96,27.22,26.64,27.22,26.89,26.89,26.80,26.80,26.96,26.73,26.73,26.64,27.22,26.89,27.05,26.96,27.13,26.73,26.73,26.89,26.96,26.96,27.13,27.05,26.73,26.96,26.56,26.80,26.64,26.73,26.56,26.56,26.80,26.96,26.80,26.80,26.64,26.73,27.05,26.96,27.13,26.96,26.89,26.73,26.56,26.80,26.96,27.22,27.05,26.47,26.89,26.47,27.05,26.73,27.13,26.89,27.05,27.22,26.80,26.89,26.73,26.96,26.80,26.96,27.13,27.05,27.22,26.47,27.05,26.96,26.73,26.80,27.05,26.73,27.13,26.73,27.05,26.64,26.56,26.73,26.80,26.96,26.96,26.96,26.96,26.80,26.73,27.05,27.13,26.89,26.96,27.05,26.96,27.05,26.80,27.05,26.89,26.47,26.89,26.96,26.89,27.05,26.47,26.80,26.89,26.80,26.64,26.56,26.56,26.73,27.29,26.64,26.89,27.05,26.73,26.64,26.40,27.13,26.96,27.05,27.13,26.64,26.80,26.56,27.05,26.64,26.56,27.29,26.47,27.22,26.73,26.80,26.96,26.56,26.64,26.89,26.56
26.96,26.80,26.80,26.64,26.64,26.89,26.96,26.64,26.73,26.96,26.73,26.56,26.64,26.56,27.13,26.64,26.89,26.73,26.47,27.13,26.89,26.64,26.89,26.73,26.64,27.05,26.73,27.13,26.56,26.56,26.73,26.73,27.13,26.96,26.80,26.56,26.89,26.89,26.64,26.64,26.73,26.73,26.64,26.80,26.89,26.89,26.96,26.80,26.73,26.64,26.80,27.05,26.80,26.96,26.96,26.89,26.73,27.05,26.64,26.96,26.89,26.64,26.96,27.05,26.73,26.73,26.73,27.05,26.47,26.89,26.89,26.80,26.89,26.96,26.80,26.56,26.96,27.05,26.73,26.47,26.73,26.89,26.64,26.96,26.96,26.73,26.89,26.73,26.96,27.13,26.56,26.89,26.96,26.89,26.64,26.89,26.89,26.89,26.96,26.56,26.80,27.22,26.89,26.73,26.89,26.80,27.13,27.05,26.47,26.89,26.80,27.13,27.05,26.73,26.96,26.73,26.96,26.80,26.80,26.80,26.56,26.73,26.89,27.13,27.05,26.89,26.56,26.96,26.89,26.73,26.56,26.89,26.64,27.05,26.64,26.89,27.05,27.05,27.05,26.80,26.64,26.96,26.96,26.96,27.05,26.80,26.89,26.64,26.89,27.13,26.73,26.80,26.80,27.05,26.96,26.96,26.73,26.73,27.05,26.89,26.96,26.80,26.96,26.89,26.96,27.45,26.80,26.80,26.80,27.05,27.13,26.80,26.73,26.89,27.22,27.22,26.89,26.64,27.13,26.96,26.96,27.36,27.05,27.13,27.22,27.13,26.96,27.05,27.05,26.96,27.05,26.96,26.89,27.05,26.96,26.89,26.96,27.13,26.96,27.13,27.13,26.89,26.96,27.53,26.89,27.69,26.89,26.89,27.22,26.89,27.29,26.96,26.73,27.36,26.89,26.64,26.80,26.96,27.22,26.96,26.80,26.89,27.05,27.13,27.05,26.64,26.80,26.96,26.73,26.89,26.73,26.73,27.05,26.80,26.89,27.13,26.64,26.64,27.05,26.73,26.89,27.13,26.96,27.29,26.96,27.05,26.96,26.96,27.05,26.80,27.05,26.80,26.96,26.89,26.73,26.80,26.96,26.89,26.80,27.05,26.73,26.80,26.56,26.80,26.80,26.64,26.96,26.89,26.64,26.96,26.73,27.22,26.89,26.89,26.73,26.89,26.80,26.89,26.64,26.47,26.80,27.13,27.05,26.96,26.73,26.56,26.80,27.05,26.64,26.80,27.05,26.80,26.73,27.13,26.73,27.05,26.80,26.80,26.80,27.05,26.89,26.89,26.64,26.80,26.89,27.13,26.89,26.89,26.56,26.80,26.80,26.31,27.13,26.96,26.80,26.89,26.73,27.05,27.13,26.89,27.05,26.80,26.80,26.31,26.47,26.80,26.64,27.05,26.96,26.80,27.05,26.96,26.64,26.80,27.05,26.96,27.05,26.89,26.56,26.89,26.89,26.80,27.13,26.96,26.80,26.96,27.13,26.89,26.47,26.47,26.96,26.96,26.73,26.96,26.96,26.80,26.96,26.96,26.96,26.64,27.13,26.64,27.13,27.13,26.64,26.64,26.73,27.22,27.29,26.56,26.47,26.73,27.05,27.13,26.40,26.80,26.56,26.96,26.64,26.73,26.80,26.80
26.80,26.64,26.40,26.80,26.73,26.89,26.73,26.56,26.64,26.89,26.96,26.47,26.80,26.80,26.73,26.89,27.36,26.64,26.80,26.73,26.73,27.05,26.73,26.56,27.29,26.56,27.05,26.73,26.80,26.73,27.13,27.05,26.96,26.96,26.56,27.22,26.73,26.89,26.89,26.47,27.36,26.89,26.56,26.96,27.13,26.96,26.89,26.89,26.89,26.96,27.29,26.56,26.80,26.40,26.89,26.64,26.89,26.96,26.56,27.05,27.22,26.73,27.05,27.05,26.89,26.80,26.80,26.73,26.80,26.96,26.96,26.73,26.89,26.89,26.73,26.80,27.13,26.73,26.73,26.96,26.56,26.89,26.56,26.89,26.80,26.73,27.05,26.73,26.80,26.73,26.89,27.13,26.80,26.89,26.96,27.05,27.05,26.96,26.80,26.89,26.64,27.05,26.64,26.80,26.80,26.80,26.56,26.73,27.05,26.89,27.29,26.96,26.96,27.05,27.13,26.96,26.80,26.56,27.13,26.80,26.80,27.13,27.13,26.96,27.05,26.89,26.80,26.64,26.64,26.96,26.64,27.13,26.89,26.96,27.13,26.80,26.73,26.89,27.05,26.73,26.64,26.73,27.05,27.05,26.89,26.96,26.80,27.13,26.96,26.64,27.22,26.89,26.80,26.96,27.05,26.89,26.80,26.73,26.89,26.80,27.05,26.89,27.05,26.64,26.96,27.05,27.05,26.80,26.96,26.80,26.89,27.13,27.13,27.22,27.05,26.80,26.96,27.05,27.05,27.05,27.45,27.22,27.13,27.22,27.22,27.05,27.05,27.05,27.13,27.05,27.05,26.73,27.05,27.05,26.64,27.05,27.45,26.56,27.05,27.05,27.22,26.96,27.22,27.05,27.22,26.96,26.80,27.05,26.96,26.73,27.13,26.80,26.89,27.45,27.22,27.05,27.05,27.05,27.22,27.05,27.05,26.96,26.89,26.89,26.96,27.05,26.89,26.89,26.96,26.80,26.96,26.96,26.80,26.96,27.05,26.64,27.13,26.80,27.13,26.73,27.05,26.89,26.89,27.13,26.64,27.05,26.73,26.47,26.89,26.96,26.89,27.13,27.05,27.13,26.73,26.73,26.96,26.96,27.29,26.96,26.96,26.80,26.80,26.89,26.89,26.40,27.22,26.47,26.73,26.96,27.05,26.64,26.89,26.64,26.89,26.96,27.05,27.05,26.96,26.96,27.22,26.80,27.22,26.96,26.64,26.80,26.89,26.73,27.13,26.96,26.96,26.80,26.89,26.80,26.64,27.29,26.64,26.89,26.73,26.64,26.56,26.56,26.64,26.80,27.05,26.96,26.89,26.80,26.80,26.96,27.05,26.89,26.89,26.47,26.80,27.29,26.89,26.89,26.80,26.80,26.73,26.73,26.64,26.80,26.89,26.89,26.96,26.47,26.96,26.80,26.56,27.05,26.89,27.22,26.73,26.96,26.96,26.80,26.73,26.96,26.73,26.89,26.64,27.22,26.96,26.89,27.22,26.64,26.96,27.22,26.96,26.96,26.73,26.80,26.64,27.22,26.89,27.13,26.89,26.96,26.96,26.96,26.80,26.73,27.13,26.56,26.47,27.13,27.13,27.13,27.05,27.22,26.80,26.56,26.89,27.22,26.89,26.89,26.56,26.64,26.73,26.64
26.73,26.40,26.80,26.73,26.73,26.64,26.80,26.73,26.80,26.80,26.73,27.13,26.56,26.64,26.73,26.89,27.22,26.80,26.80,26.47,26.73,27.05,26.64,26.80,27.29,26.80,27.13,26.96,26.64,26.64,26.73,26.80,26.56,26.80,26.96,26.96,26.89,26.96,27.05,26.47,26.89,26.64,26.80,26.40,26.89,27.13,27.05,27.05,26.64,26.89,26.64,26.80,27.22,26.96,26.96,26.80,26.89,26.96,26.73,26.89,26.73,26.73,26.73,26.47,26.89,26.47,26.80,26.73,26.73,26.80,26.89,26.96,27.22,27.05,26.80,26.80,26.80,26.80,26.73,27.13,26.80,26.80,26.89,26.73,26.64,26.73,26.96,26.80,26.64,27.22,26.64,26.80,26.96,27.05,26.89,26.73,26.73,27.13,26.73,26.73,26.80,26.89,26.80,26.64,26.80,26.89,26.80,26.89,27.13,26.73,27.05,26.64,26.73,26.80,27.05,26.89,27.05,26.73,27.05,26.64,27.13,27.29,27.05,26.80,26.96,26.89,26.64,27.05,26.80,26.89,26.47,27.13,26.89,26.89,26.73,26.89,26.89,26.96,26.96,26.96,26.64,26.89,26.96,26.96,26.96,26.89,26.89,26.56,26.73,26.89,26.73,26.64,26.89,26.89,27.05,26.96,27.05,26.89,26.89,26.80,26.73,26.80,26.73,26.80,26.73,26.73,26.96,26.80,26.96,26.80,27.53,26.89,27.13,27.13,26.96,26.89,27.29,27.29,26.73,26.89,26.96,26.96,27.13,26.80,27.29,27.45,26.96,26.89,27.13,27.13,27.05,26.89,27.22,26.80,26.96,27.53,26.73,27.05,27.05,26.96,26.96,27.22,26.96,27.05,27.22,26.80,27.05,27.13,26.80,26.89,26.96,27.13,26.73,26.96,27.05,26.73,26.89,27.05,26.89,26.96,26.80,27.22,26.89,26.80,26.80,26.89,26.56,26.73,26.96,26.47,26.64,26.89,26.89,26.89,26.96,27.13,26.80,27.05,26.89,27.05,26.96,26.89,26.80,26.73,26.80,26.89,26.73,26.73,26.96,26.89,26.56,26.80,27.05,26.73,26.80,26.80,26.80,26.73,26.96,26.89,26.56,26.89,26.96,26.80,27.13,26.64,26.64,26.96,26.96,27.22,26.80,26.96,26.80,26.80,27.05,26.80,26.89,26.96,27.05,26.96,27.13,26.64,26.64,26.56,26.56,27.05,26.96,26.96,26.64,26.80,26.80,26.47,26.64,26.96,26.80,26.80,26.56,27.13,27.05,27.13,26.89,27.05,26.80,26.64,26.80,26.96,26.80,26.80,26.96,26.64,26.89,26.80,26.96,27.22,26.96,26.80,26.89,26.56,26.73,26.80,26.56,27.05,26.64,26.64,26.80,26.96,27.05,26.96,27.13,26.89,26.80,26.96,27.05,26.56,26.80,27.22,26.89,26.56,26.89,26.64,26.47,26.89,27.29,27.05,26.64,27.05,26.96,26.96,26.56,26.96,27.05,27.13,27.22,26.80,26.96,26.89,26.40,27.22,26.64,26.47,26.73,27.05,26.80,26.89,26.80,27.05,26.40,26.96,26.73,26.80,26.73,27.13,27.05,26.89,26.73,26.73,26.73,26.64,27.13,26.56,26.89,26.64
26.73,26.47,26.80,26.89,26.56,26.64,26.73,26.56,26.96,26.73,26.64,26.73,26.80,26.80,26.89,26.64,27.05,26.73,26.89,26.73,27.22,26.80,26.73,26.80,27.05,26.73,26.64,27.05,26.96,26.89,26.80,26.89,27.05,26.80,27.13,26.64,26.96,26.96,26.64,26.96,26.96,26.89,26.96,27.05,26.80,26.96,26.64,26.89,26.80,27.13,27.29,26.73,26.80,26.96,26.96,27.05,27.22,26.89,26.73,26.96,27.13,26.89,26.73,26.73,26.73,27.05,27.05,26.56,26.96,26.80,26.80,27.05,26.89,26.73,27.05,27.29,26.89,26.73,26.96,27.22,26.96,27.13,26.80,26.64,26.47,27.13,26.89,26.89,26.56,26.89,26.96,26.89,27.05,26.89,26.89,27.36,27.05,27.36,27.05,26.89,26.96,26.47,26.80,26.80,26.96,26.80,27.13,26.73,26.80,27.29,27.22,27.13,26.96,26.89,26.96,27.05,27.22,26.64,27.13,26.73,26.96,27.13,26.89,27.05,26.64,27.05,26.89,26.80,26.73,26.96,26.73,26.80,26.80,26.80,26.96,27.05,26.73,26.56,27.13,26.73,26.80,26.89,26.96,26.80,27.13,27.36,26.89,27.13,26.56,26.89,27.13,26.80,26.96,27.13,26.96,27.36,27.29,26.64,26.64,26.80,26.56,26.89,26.89,26.80,27.13,26.89,27.05,26.89,26.96,27.13,27.05,27.13,27.36,26.96,26.96,26.89,26.89,27.13,27.05,26.80,27.05,26.96,27.53,27.05,27.62,27.05,27.29,26.96,27.36,27.36,26.73,26.89,27.13,26.96,27.53,26.80,26.89,26.96,27.36,26.73,27.13,27.22,26.89,27.13,27.13,27.13,26.80,26.80,26.96,26.80,26.89,27.05,26.89,26.89,27.13,27.05,26.96,27.05,26.73,26.80,26.56,27.05,27.05,26.80,26.89,27.13,26.89,26.89,27.05,26.89,26.80,27.13,26.96,26.80,26.96,27.13,26.89,27.13,27.13,26.73,26.80,26.96,26.73,26.89,27.13,26.96,26.96,26.89,26.80,26.96,27.13,26.89,26.80,27.05,26.80,27.13,26.96,26.89,26.96,26.73,26.96,27.22,26.73,26.89,26.89,27.05,26.89,26.96,26.89,26.96,26.89,26.89,26.64,26.73,26.96,27.05,26.89,26.80,27.36,27.22,27.29,26.80,26.96,27.05,27.22,27.05,26.73,26.96,26.96,26.96,26.56,26.73,26.80,27.13,26.96,27.13,26.89,26.96,26.47,26.96,26.80,26.56,26.89,27.05,26.56,26.96,26.64,26.96,26.89,26.47,26.80,27.22,27.13,27.05,26.73,26.56,26.89,26.80,26.56,26.80,26.96,26.47,26.89,27.05,27.13,26.80,26.80,26.89,26.89,26.89,27.05,26.80,27.05,27.05,26.96,26.96,26.89,26.56,26.96,27.05,27.29,26.96,26.89,26.89,26.80,27.13,26.80,26.89,26.96,26.89,26.47,26.64,27.22,26.47,27.05,26.73,26.96,27.29,27.05,26.89,27.13,26.31,26.89,26.56,26.96,26.89,27.45,26.73,26.73,26.73,26.64,27.13,27.22,26.80,26.80,26.64,27.05,26.73,27.05,26.64,26.56,26.73
26.89,26.47,26.64,26.80,27.05,26.56,26.89,26.89,26.73,26.56,26.56,26.64,26.96,26.96,26.80,26.64,26.89,26.89,26.89,26.73,26.80,26.96,27.13,26.80,26.56,26.89,26.80,27.13,26.96,26.73,27.05,26.89,26.80,26.96,26.80,26.89,26.80,26.73,26.64,26.73,27.13,26.89,27.22,26.73,27.13,26.89,26.89,27.13,26.56,26.89,27.13,27.22,27.29,26.96,27.05,27.22,26.80,26.96,27.05,26.96,26.80,27.05,26.89,27.05,26.64,26.96,27.05,26.80,26.80,26.89,27.05,26.80,26.80,27.29,26.73,26.73,26.89,26.80,26.64,26.80,26.73,26.73,26.96,26.80,26.80,27.22,26.80,26.73,26.64,26.96,26.89,27.05,27.05,26.80,27.05,27.05,27.05,27.05,26.80,26.73,27.05,27.13,26.96,26.73,26.89,27.22,26.89,27.13,26.80,27.29,27.13,26.89,27.13,26.89,26.89,26.89,26.89,27.13,27.13,26.64,27.13,26.73,26.89,27.36,26.73,27.05,27.05,27.13,26.64,26.73,27.05,26.64,26.80,26.89,26.89,26.89,26.73,27.36,26.96,26.73,26.89,27.29,26.89,27.13,26.89,27.29,26.96,26.80,26.89,26.89,26.89,26.89,26.89,26.73,26.96,26.64,27.05,26.89,27.13,27.05,27.05,26.89,26.89,27.05,27.05,26.89,26.89,27.05,27.05,27.13,26.80,27.13,26.80,26.89,27.05,27.05,26.96,27.13,27.22,26.96,26.89,27.22,26.96,27.22,26.96,26.89,26.96,27.22,27.05,26.96,26.89,27.29,27.05,27.13,26.96,27.22,27.45,27.05,27.05,27.13,27.22,26.56,27.36,26.96,27.05,26.89,27.05,26.73,26.96,27.05,26.80,26.80,26.96,26.80,27.13,26.89,26.96,27.05,26.89,27.13,26.89,26.96,27.05,27.13,26.96,27.05,26.96,27.22,26.73,27.05,26.96,26.80,26.40,27.05,26.89,26.64,26.80,26.89,27.13,27.13,26.89,26.80,27.05,26.96,26.64,26.96,26.80,26.89,26.96,26.96,27.05,26.73,26.96,26.80,26.89,27.05,26.73,27.29,27.05,26.31,26.96,26.47,27.05,26.96,26.47,27.05,26.80,26.73,26.89,26.56,26.73,26.89,26.80,26.96,26.89,26.56,26.96,26.64,26.96,26.64,26.89,26.89,26.56,26.96,26.80,26.89,26.64,26.73,26.80,26.80,26.80,26.89,27.05,26.73,26.56,27.05,26.56,26.96,27.05,26.80,27.22,26.96,26.89,26.47,26.80,26.89,26.89,26.80,27.13,26.89,26.64,26.73,26.80,26.96,26.64,26.64,26.80,26.89,26.89,26.89,26.80,26.89,26.73,26.96,26.89,26.80,26.47,26.56,26.89,26.47,27.05,26.64,26.47,27.22,26.89,26.73,27.13,26.64,26.89,26.73,27.05,26.96,26.96,26.47,26.89,27.36,26.96,26.96,27.05,26.73,26.89,26.56,26.96,26.89,26.89,26.80,26.64,26.96,26.73,26.89,27.05,26.80,26.73,27.05,26.96,26.64,26.56,26.64,26.80,26.80,26.89,26.89,26.73,26.64,26.89,26.80,26.89,26.89,26.89,26.73,26.89,27.13
27.13,26.40,26.56,26.64,26.56,26.89,26.80,26.80,26.89,26.64,26.64,26.47,26.89,27.29,26.96,26.80,26.80,26.89,27.05,26.80,26.89,27.13,26.56,27.13,26.64,27.05,26.80,26.73,26.64,26.73,26.73,27.13,26.80,26.64,26.73,26.64,26.64,26.64,26.80,26.96,27.13,26.56,26.89,27.13,26.80,26.89,27.22,26.96,26.80,26.96,27.13,26.89,26.89,26.89,27.05,27.13,27.05,27.22,26.80,26.89,27.05,26.89,27.05,26.89,26.89,27.22,27.05,26.73,26.64,26.73,27.22,26.64,26.80,26.80,26.96,26.89,26.73,26.64,27.05,26.89,26.89,26.80,26.96,26.64,26.80,26.96,26.64,26.89,26.89,26.73,26.96,26.80,26.80,26.89,26.64,26.73,26.73,26.96,27.05,26.40,26.80,27.05,26.80,26.96,26.73,26.96,26.31,26.56,26.56,26.80,27.05,27.36,27.29,26.89,27.05,26.80,26.73,26.64,26.73,26.80,26.73,27.05,26.56,27.05,27.13,26.96,26.80,26.73,26.96,26.96,27.13,26.73,26.73,27.05,27.05,27.05,26.89,26.64,27.45,26.89,26.64,26.96,27.05,26.96,26.73,26.80,26.96,26.80,26.73,26.64,26.80,27.05,26.89,26.96,27.36,26.96,26.80,26.96,26.73,26.73,27.05,26.73,26.80,26.80,26.89,26.64,27.05,26.80,26.80,27.13,27.29,27.22,26.89,27.05,27.53,27.45,27.05,27.05,27.05,26.96,26.96,27.45,27.05,27.22,27.36,27.13,27.05,26.80,26.89,27.05,26.80,26.89,26.89,26.80,26.96,26.89,27.29,26.96,27.13,26.80,26.96,26.96,27.05,26.96,26.96,27.05,27.36,27.05,27.05,27.13,26.89,27.13,26.73,27.05,27.13,26.89,26.96,26.96,26.89,26.80,26.80,27.05,26.73,26.89,26.73,26.96,26.96,27.13,26.96,26.64,27.22,26.96,26.80,26.96,26.96,27.13,26.96,26.64,26.96,27.13,26.96,26.96,26.96,26.64,26.73,26.96,27.05,26.64,27.13,26.80,26.73,26.80,26.96,27.05,27.05,26.73,27.05,27.22,27.13,26.80,27.22,26.96,26.89,26.96,26.80,26.89,26.80,27.05,26.89,26.96,26.89,26.96,26.89,26.89,26.80,27.05,26.89,26.80,26.80,26.80,27.05,26.89,27.05,26.96,26.73,26.96,26.89,26.96,26.64,26.96,26.80,26.89,27.05,26.89,26.89,27.05,26.73,26.96,26.80,26.89,27.13,26.89,27.13,27.05,26.96,26.89,27.05,26.96,27.13,27.05,27.05,26.80,26.96,27.22,26.73,27.22,26.96,26.80,26.80,27.22,26.96,26.89,26.80,26.96,27.05,26.80,26.80,26.89,27.29,26.89,26.89,26.80,27.05,27.13,27.22,26.89,27.29,26.80,26.64,27.05,26.96,26.80,26.64,27.05,27.29,26.89,27.05,26.96,26.64,27.05,26.64,27.05,27.13,27.05,26.96,26.96,27.13,26.73,26.64,27.13,26.96,26.64,26.89,26.80,26.73,27.13,26.64,26.47,27.05,26.89,26.96,26.56,27.36,26.64,27.05,26.89,26.56,26.80,26.64,26.47,26.80,26.47
26.80,26.96,26.56,26.64,26.96,26.64,26.73,26.73,26.47,26.80,26.64,26.80,26.89,27.05,26.80,26.73,26.80,26.73,26.89,26.73,26.89,26.73,26.64,27.05,26.73,26.64,27.13,26.96,27.13,26.89,26.89,26.73,26.89,26.73,27.13,26.56,27.05,27.05,26.96,26.40,26.80,26.80,26.89,26.73,26.96,26.56,26.96,26.80,27.05,27.13,26.80,26.96,26.80,26.73,26.73,26.64,26.89,27.29,26.73,26.96,26.73,27.05,26.56,27.13,26.96,26.80,26.96,27.13,26.80,26.80,26.89,26.89,26.96,26.64,26.89,26.80,27.05,26.89,26.56,26.73,26.89,26.96,26.89,26.89,26.89,26.80,26.73,26.73,26.73,27.05,26.64,26.96,26.89,26.96,26.40,26.73,26.80,26.89,27.13,26.96,26.73,26.96,26.96,26.89,26.89,27.13,26.96,26.96,26.80,26.64,26.80,26.89,27.13,27.05,27.05,26.89,27.13,26.89,26.89,26.73,27.05,26.89,26.80,27.05,26.89,27.29,26.80,26.89,27.05,26.89,26.96,26.47,26.89,26.89,26.80,26.80,26.73,27.05,27.29,26.89,26.96,26.64,26.89,27.05,26.73,26.73,26.89,26.80,26.96,26.80,26.96,26.73,26.64,26.73,26.40,26.80,26.96,26.89,26.80,27.13,26.89,26.73,26.96,26.89,27.05,26.89,26.80,26.89,26.96,26.89,26.89,26.96,27.36,27.45,27.29,27.29,26.96,27.05,27.45,27.13,26.96,27.13,27.22,27.29,26.89,26.80,27.05,27.05,27.05,26.96,27.05,27.22,27.13,26.89,27.05,26.96,27.29,27.22,27.36,26.80,26.80,27.22,26.89,27.13,27.05,26.89,27.22,26.96,26.80,26.96,27.05,26.80,27.13,27.13,27.13,26.73,27.05,26.89,26.89,26.80,26.89,27.05,26.80,27.05,26.80,26.89,26.73,27.13,26.80,26.64,26.89,26.47,27.22,27.13,26.73,26.73,27.22,27.05,26.89,26.80,26.80,26.89,26.96,27.13,26.89,26.64,26.96,26.73,26.96,27.13,26.96,26.89,26.80,26.89,26.89,26.89,26.96,26.73,27.22,26.56,26.73,26.80,26.64,26.80,26.64,26.80,26.80,27.05,26.64,26.64,27.22,27.05,26.96,26.96,26.80,26.89,26.47,26.89,26.73,26.64,26.96,26.80,26.64,26.73,26.56,26.73,26.80,26.73,27.22,26.73,26.56,27.13,26.89,26.56,26.73,26.80,26.64,26.80,26.89,27.22,27.13,27.05,26.47,26.56,26.80,26.89,26.64,26.89,26.56,26.73,27.13,26.80,26.73,26.96,26.47,26.47,27.05,26.56,26.73,27.13,26.89,26.73,26.96,26.89,26.96,26.73,26.80,26.89,26.80,27.05,27.05,26.80,27.13,27.05,27.22,26.80,26.96,26.89,27.13,26.96,26.96,27.13,26.64,26.56,26.80,26.64,26.47,26.80,26.96,27.05,26.96,26.96,26.56,26.96,26.56,26.73,26.96,27.05,27.13,26.56,26.80,26.80,26.89,26.96,27.05,26.64,26.56,26.47,26.73,26.64,27.05,26.89,27.13,26.73,26.73,26.89,26.89,27.05,26.80,26.56,27.22,26.56
26.64,26.40,26.73,26.89,26.73,26.80,26.64,26.96,26.64,27.22,26.89,26.64,26.73,26.73,26.80,27.13,27.13,26.89,26.89,26.56,26.80,26.64,26.56,26.73,26.89,27.05,27.05,26.73,26.73,26.96,26.73,27.13,27.22,26.73,26.56,26.96,27.05,26.89,26.80,27.05,26.89,27.29,26.64,27.13,27.13,27.05,27.05,26.73,26.89,26.89,26.96,26.80,26.89,27.22,26.96,26.89,26.80,26.73,27.13,26.56,26.73,27.05,26.80,26.89,27.13,26.73,27.05,27.13,26.80,27.05,26.64,27.13,27.05,27.13,27.05,27.05,26.89,26.96,26.89,26.96,27.05,26.96,27.05,26.56,26.96,26.64,26.56,26.64,26.80,27.05,26.64,27.22,27.05,26.80,26.89,26.89,27.05,27.05,26.89,26.96,26.89,27.13,26.80,27.05,26.89,26.80,27.22,27.13,26.73,26.89,26.73,26.96,27.29,26.80,26.80,26.96,26.96,26.89,26.96,26.80,26.73,26.64,27.45,26.89,26.73,26.56,26.73,26.89,26.80,27.05,26.64,26.89,27.13,26.80,27.53,26.56,27.05,27.05,26.96,27.36,26.73,27.13,26.89,26.64,26.73,26.96,26.64,26.64,26.80,27.05,26.73,26.96,27.36,26.56,26.96,26.73,26.73,26.89,26.73,26.96,27.13,27.13,27.13,27.29,27.22,26.96,26.96,27.05,27.13,27.13,27.22,26.96,26.80,27.29,27.22,27.36,27.36,27.05,26.80,27.22,27.05,26.96,27.13,27.13,26.89,26.96,27.13,27.22,26.96,27.36,27.05,27.05,26.89,26.89,27.22,27.13,26.89,27.22,27.13,27.05,26.89,27.13,26.96,26.64,27.05,27.29,27.13,27.13,27.13,26.89,26.96,26.96,27.45,26.96,26.80,27.13,27.05,27.05,26.73,26.64,26.64,27.22,27.22,26.89,27.05,26.80,26.89,26.96,26.80,26.73,26.96,26.64,26.89,26.56,27.05,26.89,26.96,26.73,26.64,26.96,26.64,26.73,27.13,26.96,26.47,26.47,26.47,26.64,26.89,27.05,26.96,26.80,26.96,27.13,26.64,27.22,26.56,26.89,27.05,27.13,26.80,26.56,26.89,26.73,26.80,26.89,27.05,26.96,26.96,26.64,26.96,27.13,27.05,26.64,26.73,26.80,26.89,26.73,26.89,26.89,26.80,26.89,26.73,26.56,26.96,27.13,26.89,26.89,26.89,26.80,26.80,27.13,26.80,27.05,26.89,26.96,26.96,26.80,27.05,26.23,26.89,26.89,26.73,27.05,27.05,26.73,26.89,26.96,26.96,26.89,26.64,26.80,26.96,27.05,26.96,27.22,27.13,26.89,26.96,26.80,26.80,26.80,26.56,26.89,27.13,26.73,26.89,26.96,27.13,26.73,26.96,26.64,26.96,26.64,26.89,26.64,26.80,26.89,27.22,26.96,26.73,26.96,26.73,27.05,26.47,27.05,26.56,26.96,26.80,26.96,27.13,27.05,27.13,26.64,26.64,27.05,26.96,26.47,26.40,26.80,26.96,27.13,27.29,26.96,26.73,26.64,26.96,27.05,26.73,27.05,26.64,26.56,27.13,27.29,26.96,26.89,26.23,26.89,26.89,26.89,26.89,26.73
26.80,26.56,26.64,26.64,26.73,26.73,26.80,26.64,26.89,26.89,26.96,26.89,26.73,26.80,26.64,26.80,26.96,26.73,26.96,26.89,26.96,26.64,27.05,26.64,26.89,26.47,26.73,26.73,26.96,26.47,27.05,26.64,26.89,26.64,26.96,27.05,27.05,26.64,26.64,26.96,26.96,27.05,26.96,26.56,26.80,26.40,27.22,26.64,26.73,27.05,26.80,26.96,26.89,26.80,27.13,27.05,26.64,26.89,26.80,26.89,26.80,26.64,26.73,26.64,26.40,26.89,26.80,27.13,27.22,26.96,26.80,26.89,27.05,26.31,26.73,26.80,26.80,26.89,27.22,26.80,26.73,26.89,26.56,26.89,26.56,26.80,26.89,26.80,26.73,26.73,26.96,26.80,26.89,26.80,27.13,27.22,26.73,26.73,26.73,27.13,26.64,26.56,26.89,26.80,26.89,26.64,26.64,26.80,26.80,27.05,27.22,26.56,27.13,26.96,26.64,26.80,26.89,27.05,26.56,26.80,26.80,26.73,26.89,26.96,27.05,26.80,27.13,26.73,26.80,26.80,26.89,26.89,26.89,26.89,27.05,26.96,27.22,26.73,27.05,26.89,26.96,27.13,26.89,27.13,26.80,27.05,27.05,26.80,26.64,26.89,27.13,26.64,26.80,27.05,27.05,26.80,26.80,26.89,26.73,27.13,26.96,27.22,26.96,26.73,26.80,26.89,27.05,27.22,27.05,27.29,27.22,27.13,27.13,27.05,26.96,27.29,27.13,27.13,26.96,26.96,27.13,27.29,27.36,27.13,27.22,26.80,27.29,27.22,26.96,26.96,27.36,27.05,27.05,26.80,27.13,27.05,27.05,26.64,27.29,26.96,27.05,26.89,27.13,27.13,27.36,26.96,26.80,27.53,26.73,27.13,26.96,27.29,26.96,27.05,27.22,27.05,26.47,26.89,26.80,26.64,27.13,27.29,26.96,26.73,26.96,26.96,27.05,26.64,27.13,27.13,26.80,27.05,26.89,26.56,26.89,26.96,27.22,26.96,26.89,27.05,26.73,27.13,27.05,27.29,27.13,27.22,26.96,27.05,26.64,26.89,26.89,26.80,27.05,26.64,26.56,26.89,26.96,26.89,26.73,26.96,26.64,26.96,26.80,26.89,26.89,27.13,26.80,27.05,26.96,27.13,27.05,27.22,26.73,26.56,26.80,26.80,26.64,26.96,26.73,26.64,27.45,27.05,26.80,26.80,26.73,27.29,26.64,26.73,26.89,26.56,26.80,26.56,27.05,26.80,26.80,27.13,26.96,26.80,27.13,27.22,26.80,26.89,27.05,26.89,26.73,26.80,26.64,26.73,26.73,27.22,27.05,26.89,27.05,27.13,26.89,26.80,27.13,27.05,26.89,26.64,27.29,27.22,26.96,26.56,26.47,26.89,26.64,26.89,26.89,26.89,26.80,26.89,27.05,26.73,26.64,26.64,26.96,26.80,26.89,27.05,26.89,27.05,26.96,27.05,26.73,26.64,27.05,26.73,26.80,26.73,26.89,27.22,26.89,26.96,26.96,26.73,26.73,26.96,26.96,26.56,26.89,26.64,27.13,26.64,26.96,26.96,26.89,26.64,26.64,26.47,27.13,26.64,26.80,27.13,27.05,26.73,26.56,26.80,26.89,27.22,26.80,26.96
26.80,26.89,26.64,26.56,26.64,26.56,26.64,27.05,26.80,26.47,26.80,26.73,26.80,26.73,26.89,26.80,27.05,26.64,27.22,26.96,27.05,26.73,26.89,26.96,26.89,26.64,26.56,26.64,26.73,26.96,26.64,27.05,27.22,26.56,26.80,26.80,27.05,26.64,27.05,26.89,26.64,26.80,27.05,26.80,26.89,26.89,27.05,27.29,26.73,27.05,26.64,26.80,26.73,26.80,26.47,27.05,26.80,26.23,26.80,26.73,26.64,26.64,27.05,26.80,26.89,27.05,26.89,26.80,26.89,27.13,26.89,26.96,26.64,27.13,26.89,27.29,27.05,26.89,26.73,26.47,26.73,27.05,27.05,26.80,26.80,26.89,26.80,26.96,26.73,26.96,26.80,26.96,26.73,26.73,26.89,26.73,26.80,26.80,26.80,26.80,27.05,26.73,27.22,26.89,26.73,26.56,26.73,26.89,26.89,26.96,26.64,27.13,26.56,26.80,26.47,27.13,26.89,26.64,26.40,26.73,26.73,26.89,27.05,27.05,26.73,26.56,26.89,26.73,27.05,27.05,27.29,26.73,26.96,26.73,26.96,27.05,26.64,26.73,26.96,27.05,26.96,26.89,26.96,26.80,26.73,26.73,26.80,26.80,26.80,26.73,26.96,26.80,27.13,26.96,26.96,27.05,26.73,27.22,27.13,27.22,26.89,27.22,27.45,26.80,26.73,26.80,27.05,27.13,26.96,27.13,26.96,27.45,26.96,26.89,26.96,27.05,26.80,27.62,26.96,27.05,27.13,26.80,27.29,26.80,26.96,27.05,26.89,27.13,27.13,26.89,26.89,26.89,27.22,27.22,26.89,26.96,26.96,26.96,27.22,26.96,27.05,27.22,27.13,26.89,26.73,27.13,26.73,26.89,27.05,26.96,27.22,27.05,27.05,26.73,26.89,27.05,26.89,27.13,26.96,26.89,26.64,26.96,26.96,26.96,26.96,27.13,27.05,26.80,27.13,26.96,27.36,27.05,26.73,26.96,26.89,26.73,26.96,26.80,27.05,26.89,27.05,26.89,26.73,27.05,27.05,26.96,26.89,26.96,27.13,26.89,26.73,27.05,26.80,26.80,26.96,26.89,26.56,26.73,26.89,26.73,26.96,26.96,26.89,27.13,26.89,27.05,26.96,26.31,26.80,26.64,27.05,27.05,26.80,26.80,26.64,26.89,26.80,26.89,26.64,26.80,27.05,26.80,26.89,26.96,27.13,26.73,27.13,26.80,26.73,27.13,26.96,26.80,26.73,27.05,26.73,26.73,26.80,26.96,27.13,26.96,26.89,26.80,27.05,26.96,26.80,27.13,27.05,27.05,26.73,26.80,26.89,26.80,26.89,26.64,26.80,26.56,26.64,26.47,27.22,26.89,26.73,27.05,26.80,26.80,26.96,26.96,27.05,27.29,26.56,27.05,26.73,26.89,26.80,26.96,27.22,27.05,27.36,26.80,26.80,27.13,27.36,26.89,26.96,26.73,26.89,26.89,27.13,27.05,26.96,26.96,26.89,26.89,27.05,27.05,26.96,27.22,26.73,26.80,26.89,26.64,26.80,27.05,26.89,26.89,26.64,27.05,26.56,27.13,26.73,27.13,26.80,26.56,26.89,26.89,26.73,26.96,26.80,26.56,27.05,27.05,26.40,27.13
26.96,27.05,26.64,26.56,26.80,26.80,26.73,27.29,26.73,26.40,26.89,26.89,26.64,26.64,26.64,26.64,26.80,26.89,26.73,26.80,26.73,27.22,27.13,26.89,26.89,26.96,26.96,27.13,26.64,26.73,26.89,27.22,27.05,27.22,26.89,27.05,26.89,26.89,26.89,26.89,26.73,26.47,26.64,26.89,26.80,27.13,27.05,26.40,26.96,27.29,26.89,26.64,26.96,27.22,26.96,26.80,26.73,27.13,26.80,26.73,26.80,26.96,26.89,26.89,27.13,27.13,26.96,26.89,26.96,26.89,26.89,27.05,26.47,26.89,26.89,26.80,26.80,26.80,26.96,26.56,26.96,26.64,26.56,26.64,26.89,26.80,27.05,26.89,27.05,26.96,26.89,27.13,26.64,27.05,26.96,26.96,27.05,26.96,26.96,27.05,26.89,27.22,26.89,26.89,26.64,27.05,26.89,27.13,26.89,26.73,27.05,26.56,26.64,26.89,27.05,26.64,27.13,26.89,26.80,26.80,26.96,26.96,26.96,27.36,26.73,27.05,26.96,26.56,26.96,26.73,26.89,26.80,27.05,27.13,27.22,26.89,26.80,27.05,27.13,27.05,26.80,27.13,27.13,26.89,26.80,27.13,26.64,26.89,26.89,26.80,27.05,26.80,27.05,27.05,27.13,26.89,26.96,26.64,26.73,27.05,26.80,26.64,26.80,27.13,26.64,27.13,26.80,26.96,26.73,26.89,27.05,27.13,26.64,27.05,26.80,27.13,27.45,26.96,26.96,27.05,26.96,27.05,27.05,27.05,26.96,27.05,27.22,26.96,27.22,27.13,27.05,27.36,26.80,27.05,26.96,27.22,27.22,26.80,26.89,27.22,26.96,27.22,26.73,26.73,27.13,27.05,26.89,26.73,26.89,26.96,26.96,26.80,27.13,26.89,26.73,27.13,26.96,26.73,26.80,26.73,27.05,26.64,26.89,26.80,26.89,26.89,27.29,26.89,26.96,27.13,27.05,27.22,26.80,26.64,26.64,26.56,26.96,26.80,26.96,26.80,26.89,26.73,26.80,26.89,26.73,26.80,26.80,26.80,26.80,26.73,26.96,27.13,26.89,26.73,26.96,26.73,27.05,27.05,26.89,26.80,26.80,26.89,26.47,26.73,27.29,26.96,27.05,26.47,26.96,26.96,26.96,26.80,26.80,26.96,26.56,26.56,26.89,26.80,27.13,27.13,26.89,26.80,26.89,26.96,26.47,26.64,26.80,27.05,26.96,26.80,26.64,26.64,26.89,26.89,26.56,26.64,27.05,26.89,26.73,26.89,26.89,27.05,26.80,26.80,27.05,26.89,26.89,26.89,26.96,26.80,26.96,26.56,26.96,26.89,26.73,26.80,27.05,26.89,26.56,26.96,26.73,26.89,27.05,26.73,26.73,26.96,26.56,26.47,26.80,26.89,27.05,26.96,27.13,26.89,26.89,26.73,26.96,26.89,27.13,27.22,26.73,26.64,26.89,26.80,26.73,26.89,27.13,27.05,26.89,27.13,26.96,26.89,26.89,26.96,26.89,27.13,26.64,26.47,26.56,26.73,26.89,26.89,26.64,26.64,26.47,26.73,26.47,26.73,26.96,26.64,26.80,26.64,26.80,26.89,26.73,26.47,26.64,27.22,26.40,26.64,26.56,26.80
26.96,26.96,26.96,26.31,26.96,26.56,27.05,26.56,26.47,26.56,26.89,26.96,26.80,26.73,26.47,26.64,26.73,26.64,26.73,26.56,26.73,26.73,26.96,26.64,27.22,26.47,26.89,27.22,26.64,26.56,27.13,26.73,26.89,26.64,26.64,26.64,26.73,26.89,26.89,26.96,26.80,27.13,27.13,26.80,26.96,26.47,26.89,27.29,26.96,26.96,26.80,26.80,26.47,26.80,27.05,27.13,27.05,26.89,26.89,26.89,26.96,26.73,26.89,27.05,26.89,26.64,26.80,26.96,26.64,26.80,26.73,26.96,26.96,26.89,26.96,26.64,26.89,27.13,26.73,26.96,26.96,26.56,26.73,26.89,26.73,27.05,26.89,27.13,27.13,26.73,26.80,26.73,26.96,26.80,26.80,26.89,27.13,26.73,26.80,26.96,27.05,26.64,26.80,26.31,26.96,27.13,26.80,26.89,26.89,27.13,26.89,26.96,26.56,27.22,26.80,26.89,27.05,26.96,27.13,26.64,26.56,26.80,26.89,26.64,26.80,26.80,26.73,27.05,26.64,26.73,26.96,26.80,26.89,27.13,26.89,26.96,26.89,26.64,26.96,26.89,27.05,26.89,27.36,26.80,26.80,26.89,27.13,26.89,26.89,26.89,26.96,26.47,26.80,26.80,26.89,27.13,26.80,26.64,26.89,26.80,26.73,26.80,26.73,27.13,26.89,26.64,27.13,26.73,27.29,26.96,27.22,26.73,26.89,27.05,26.80,27.05,26.96,27.05,26.96,26.64,26.73,27.05,26.96,26.80,27.05,26.96,26.89,27.05,26.96,27.13,27.36,26.89,27.05,26.96,26.96,26.96,27.22,26.89,27.13,27.13,27.13,27.22,26.96,27.22,27.05,26.96,26.64,26.89,26.89,27.05,26.80,27.45,27.22,27.05,27.05,26.56,27.13,27.22,26.89,26.96,27.13,26.40,27.05,27.13,26.80,27.05,26.96,26.80,26.80,27.05,26.80,26.89,26.80,26.56,26.56,27.13,27.05,26.80,27.22,26.96,27.05,26.80,26.80,26.89,27.05,26.64,26.89,27.13,26.80,26.64,27.13,27.05,27.29,27.05,27.13,26.96,26.89,26.96,26.89,26.73,26.80,26.64,26.73,27.05,26.80,27.22,26.80,26.96,26.73,26.89,26.89,26.89,26.96,26.96,27.05,26.56,26.80,26.96,27.05,27.05,26.73,27.05,26.80,26.80,26.89,26.80,26.89,26.80,26.80,26.89,26.80,26.96,26.80,26.80,26.73,26.89,26.96,27.13,26.96,26.31,26.80,26.73,26.40,27.05,26.73,26.89,26.64,26.80,26.89,26.47,26.89,26.89,27.05,26.96,27.05,26.89,26.89,26.80,26.89,26.96,26.89,26.89,27.05,26.89,26.80,26.89,27.05,26.64,26.96,26.64,26.64,27.13,26.47,26.56,26.96,26.89,26.40,26.96,26.80,26.96,26.96,26.64,26.89,26.56,26.89,27.22,27.29,26.80,26.64,27.05,26.89,26.64,26.96,26.73,27.22,26.47,27.05,26.89,27.05,27.05,26.89,26.56,26.64,26.96,26.96,27.05,26.73,27.05,27.05,26.73,26.47,26.73,26.89,26.89,26.80,26.64,26.64,26.89,26.80,26.80,26.73,26.73
27.29,26.64,27.05,26.73,26.89,26.80,26.80,26.64,26.73,26.56,26.64,26.80,26.80,26.80,26.64,26.89,26.80,26.73,26.80,26.64,26.80,26.80,27.13,26.89,26.80,27.22,26.73,26.89,26.73,26.64,27.13,26.96,26.80,26.80,26.64,26.47,26.96,26.73,26.89,26.64,26.73,26.47,27.05,26.89,26.89,26.96,27.05,26.64,26.64,26.89,26.89,26.64,26.80,27.05,26.89,26.89,26.96,26.89,27.05,26.80,26.47,27.05,26.96,26.56,26.96,26.73,26.80,26.96,26.89,26.80,26.89,27.05,26.96,26.96,26.80,26.89,26.64,27.05,26.80,26.80,26.89,26.73,26.73,26.89,27.22,26.80,26.56,26.80,26.47,26.73,26.89,27.05,26.73,27.05,26.80,27.05,26.96,27.13,26.56,26.89,27.05,26.47,26.73,26.96,27.13,26.80,26.64,26.96,26.80,26.80,26.96,26.89,27.22,26.96,27.13,26.80,26.96,26.73,26.89,26.64,26.96,26.73,26.73,27.05,26.96,26.80,26.80,26.96,26.73,27.05,26.96,27.05,26.89,27.05,26.96,27.05,27.29,26.40,26.80,26.96,26.80,26.89,26.96,27.13,26.89,27.05,26.80,27.29,27.05,26.73,26.89,27.05,27.05,26.64,26.96,26.89,27.29,26.96,26.80,26.96,26.64,26.80,26.64,26.80,26.89,26.89,26.89,26.89,27.22,27.22,26.89,27.36,26.73,27.45,27.29,26.89,27.13,27.13,27.22,26.89,26.89,26.80,26.96,26.96,26.89,27.05,27.13,26.89,26.80,26.89,27.22,27.13,26.89,26.80,27.13,26.73,27.13,26.80,27.22,27.05,27.05,27.36,27.22,26.89,27.05,27.05,27.53,26.80,27.13,26.80,26.96,27.05,26.96,27.05,26.80,26.73,27.05,26.96,26.73,26.89,26.64,26.89,27.13,27.05,27.22,26.89,27.13,26.89,27.29,27.05,26.96,26.89,26.89,26.89,26.89,26.96,27.22,26.73,26.89,26.80,26.80,26.89,27.05,26.80,26.89,26.96,26.96,26.96,27.13,26.89,26.80,26.96,26.89,26.80,26.80,26.89,26.89,26.96,26.73,26.73,26.80,26.73,27.13,26.80,26.64,27.22,26.73,26.96,26.64,26.80,26.89,26.64,26.47,27.13,26.96,26.89,26.64,27.13,26.89,26.64,27.05,26.80,26.80,26.96,26.96,26.80,26.73,26.64,26.80,26.80,27.05,26.89,26.80,26.80,26.89,26.80,26.80,26.47,26.73,26.89,26.89,26.96,26.64,26.73,26.89,27.13,26.73,27.05,26.80,27.05,27.05,26.73,27.13,26.96,27.13,26.89,27.05,26.89,27.05,26.96,26.64,27.29,26.56,26.89,26.73,27.05,26.89,26.89,26.96,26.96,26.80,26.80,26.73,26.80,26.89,27.05,27.13,27.05,27.05,26.96,27.05,26.80,26.47,27.13,26.96,26.73,27.05,27.05,26.80,26.89,26.89,26.96,26.96,26.89,26.73,26.73,27.13,26.89,26.47,27.29,26.96,26.56,26.40,27.05,27.05,26.73,26.56,26.47,26.89,26.73,26.80,26.96,26.89,26.73,26.56,26.89,27.13,26.73,26.80,26.73,26.96,26.64
26.80,26.96,26.56,26.80,26.89,26.96,26.73,26.96,26.80,26.73,26.73,26.89,26.80,27.13,26.73,26.80,27.13,26.80,26.73,26.89,26.89,26.96,26.64,26.80,26.73,26.89,26.96,27.05,26.89,26.31,26.89,26.56,26.73,27.05,26.96,26.80,27.13,26.96,27.05,26.96,27.13,27.13,27.05,26.96,27.05,26.89,26.56,26.80,26.56,26.80,27.05,26.96,27.13,27.05,27.05,26.96,26.96,27.05,26.89,26.96,26.80,26.56,27.13,26.80,27.29,26.80,26.89,26.96,27.13,27.05,26.89,27.22,26.89,26.80,26.96,27.45,26.96,26.89,26.80,26.64,27.22,26.64,26.47,27.13,26.80,26.96,27.05,26.73,26.80,27.13,26.89,27.05,27.13,26.96,26.80,26.89,26.80,26.89,26.73,26.64,26.80,27.05,27.22,27.05,26.89,26.64,27.13,26.96,27.13,27.05,26.80,26.80,26.89,26.80,26.96,26.80,27.05,27.05,27.05,26.96,26.80,26.96,26.89,26.96,26.96,27.05,26.89,27.05,26.64,26.89,26.64,26.89,26.96,26.64,26.96,26.73,26.80,26.96,26.64,26.96,26.89,26.89,27.05,26.56,26.89,26.80,26.96,26.96,27.05,26.73,26.73,26.96,26.64,26.80,27.13,26.96,26.96,26.89,26.96,26.96,26.80,26.80,27.05,26.96,27.22,26.73,26.73,26.96,26.96,26.96,26.89,27.13,27.45,26.73,27.45,26.96,27.29,26.96,27.22,27.05,26.96,27.13,27.13,26.80,26.89,26.96,27.29,27.36,26.96,26.89,27.05,27.13,27.05,26.89,27.05,27.05,27.05,26.96,26.89,27.45,27.13,27.13,27.05,27.05,26.96,27.22,26.80,26.96,27.22,27.13,27.29,26.96,27.05,26.89,27.05,26.89,27.13,27.22,26.96,27.22,26.80,26.64,26.89,26.96,26.73,26.80,27.13,26.80,26.73,26.80,26.89,26.73,27.22,26.89,27.05,27.05,26.80,26.64,26.73,26.80,26.73,26.73,26.96,26.80,27.13,26.73,27.22,27.05,26.96,26.56,26.56,26.80,26.64,26.73,27.05,26.40,26.80,26.73,26.56,26.47,26.73,26.73,26.56,26.96,26.73,26.96,26.96,26.73,26.80,27.05,26.80,26.80,27.13,26.96,26.73,27.29,26.73,26.56,26.89,26.96,26.80,26.96,26.64,26.80,26.80,26.64,27.05,26.80,26.80,26.80,26.64,26.73,26.56,26.64,27.22,26.80,27.05,26.73,26.96,26.73,26.96,27.05,27.05,26.89,26.89,27.05,26.64,26.64,26.80,26.80,26.64,27.05,27.05,26.80,26.80,26.73,26.89,26.80,26.89,26.89,26.80,26.80,26.64,27.13,26.96,27.05,26.96,26.73,26.89,26.73,26.80,27.05,26.89,26.89,26.80,26.56,26.64,26.80,26.96,26.89,26.89,26.96,26.96,26.73,26.80,26.96,26.96,26.89,26.64,27.13,26.80,27.05,26.64,26.96,26.73,26.89,26.89,27.05,26.47,26.96,26.31,26.64,26.73,26.56,26.73,27.05,26.56,27.13,27.13,26.64,26.96,26.31,26.80,26.73,27.05,27.05,27.13,27.13,26.96,26.64,26.73,26.47
26.64,26.73,26.73,26.56,26.56,26.47,26.64,26.64,26.89,26.73,26.73,27.22,26.96,26.80,26.64,26.47,27.13,27.05,26.80,27.13,27.05,26.89,26.73,26.96,26.73,26.80,26.96,26.56,26.89,26.64,26.96,26.56,26.89,26.96,27.36,26.89,26.96,26.89,26.89,26.64,26.96,26.89,27.05,27.05,26.89,26.80,27.29,27.05,26.80,26.56,26.64,27.13,26.89,27.05,26.89,27.05,26.73,26.73,26.89,26.31,26.96,26.89,26.80,26.64,26.64,26.73,26.80,27.05,26.89,26.64,26.89,27.13,26.73,26.64,26.73,26.64,26.73,27.22,27.29,26.96,26.89,26.96,26.89,26.89,26.89,26.89,26.80,26.89,26.96,26.64,26.96,26.80,26.96,26.73,27.29,27.05,26.96,26.80,26.80,26.64,27.13,27.13,26.73,26.80,26.96,27.05,26.96,27.13,26.96,27.22,26.56,27.13,27.05,26.80,27.22,26.96,26.96,26.96,26.56,26.80,26.47,26.64,26.80,27.05,26.89,26.80,27.05,26.96,26.80,26.80,26.96,26.64,27.22,26.80,27.36,26.64,26.64,27.05,26.96,26.80,26.96,26.64,26.96,27.05,26.96,26.73,26.80,27.22,26.96,26.80,26.89,26.96,27.05,26.56,27.29,26.89,26.64,26.89,27.13,26.96,26.96,26.80,26.96,26.96,26.89,26.73,27.29,26.80,27.36,26.89,26.56,27.45,27.22,27.45,27.13,26.89,26.80,26.96,26.80,27.13,26.96,26.89,27.36,26.96,27.22,26.80,26.89,26.96,26.96,26.96,27.45,27.36,26.80,27.05,26.89,27.22,27.05,26.73,26.89,27.13,26.89,27.13,26.96,27.22,26.89,26.80,26.96,27.22,26.80,26.96,26.89,26.89,27.13,26.96,26.80,26.73,27.05,26.96,26.73,26.89,26.89,27.05,26.89,26.89,26.73,26.96,26.73,26.89,26.73,26.64,27.22,27.13,26.96,27.13,26.80,26.89,26.64,26.73,27.05,26.73,27.13,27.05,26.80,26.96,26.64,27.13,26.89,27.05,27.22,26.89,26.73,26.64,26.96,26.80,26.89,26.89,26.73,26.89,26.89,26.89,26.73,26.96,26.64,26.89,26.73,26.89,26.64,26.89,26.73,26.89,26.73,26.56,26.89,26.56,26.96,26.96,26.96,26.89,26.73,26.80,27.13,27.22,26.89,26.73,26.96,26.89,26.73,26.80,26.89,26.73,26.89,26.96,26.73,26.73,26.73,26.40,26.64,26.80,26.89,26.80,26.96,27.05,26.73,26.89,26.64,26.96,26.80,26.96,26.96,26.64,26.47,26.80,26.73,26.89,26.96,27.05,26.96,26.89,26.80,26.89,26.89,26.89,26.96,26.80,26.80,27.05,26.80,26.80,27.13,26.64,27.29,27.13,26.73,26.89,27.05,26.96,26.64,26.96,27.05,27.05,26.89,27.05,26.56,26.80,26.96,26.80,26.80,27.36,27.13,26.64,26.64,26.96,26.56,26.89,26.96,26.80,26.89,26.56,27.22,26.64,26.73,26.56,26.64,26.73,26.73,27.05,26.56,26.80,27.13,26.64,26.96,26.47,26.96,27.13,26.89,26.73,26.80,26.80,26.47,26.56,26.73,26.40
26.47,26.64,26.80,26.80,26.73,26.64,26.96,27.13,26.96,26.73,26.64,26.89,26.89,26.80,26.64,26.64,27.13,26.80,26.96,26.64,26.89,26.56,26.96,26.80,26.80,26.89,26.56,26.80,27.22,26.64,26.89,26.89,26.96,26.80,26.80,26.73,26.47,27.05,26.64,26.89,26.89,27.29,27.05,26.64,26.89,26.73,26.73,27.05,26.64,26.56,26.56,26.80,27.05,27.36,26.80,26.89,26.89,26.56,26.47,26.80,26.80,26.80,26.64,26.73,26.64,26.73,26.73,26.89,26.96,27.13,26.96,26.64,27.13,26.64,26.89,26.56,26.80,26.73,27.05,26.89,26.96,26.96,26.40,26.31,26.96,27.05,26.56,26.64,26.64,26.47,26.80,26.64,26.89,26.96,26.56,26.89,26.96,26.89,26.96,26.64,27.05,27.05,26.89,26.80,27.13,26.89,26.64,26.80,26.89,26.73,26.64,26.80,27.13,26.80,26.80,26.96,26.96,26.96,26.96,27.05,27.36,26.89,26.89,26.23,27.36,27.29,26.80,27.05,26.73,26.80,26.73,27.05,27.22,26.80,27.22,27.13,26.80,26.96,27.13,27.13,26.64,26.96,26.96,26.64,26.56,26.89,27.05,26.89,26.80,26.73,27.05,26.96,26.96,26.73,26.96,26.96,26.80,26.89,27.05,27.05,26.96,26.73,27.13,26.80,26.89,26.89,27.05,26.96,26.96,26.73,26.96,27.05,26.96,26.96,26.89,26.96,27.05,26.73,27.05,26.80,27.29,26.96,27.45,27.29,26.56,26.80,27.36,27.13,27.05,26.80,27.05,26.80,27.22,26.80,26.89,26.89,27.36,27.29,26.96,26.96,27.29,26.89,26.80,26.96,26.96,26.64,26.96,26.89,27.05,26.89,27.22,27.05,26.64,27.05,27.05,26.96,26.73,26.89,27.13,26.56,26.96,26.89,26.96,26.80,26.96,26.80,27.05,26.96,26.96,26.80,27.05,26.73,26.96,26.89,26.89,26.89,26.89,26.80,26.80,26.56,27.05,26.96,27.05,27.13,26.89,26.80,26.89,26.89,26.73,26.96,27.05,26.96,27.05,26.89,26.56,26.89,27.05,26.73,27.05,26.80,26.89,26.80,26.80,26.96,26.89,26.96,26.80,26.89,27.05,27.22,26.96,26.96,26.96,26.64,26.89,26.80,26.80,26.64,26.64,26.96,27.05,27.13,26.89,26.89,26.89,26.89,26.89,27.29,26.89,26.64,27.29,27.05,26.80,26.80,26.47,26.89,26.73,27.05,26.73,27.29,26.89,27.05,26.96,26.73,27.29,26.96,26.64,26.73,26.80,26.89,26.96,26.89,26.80,26.80,26.73,26.89,26.80,26.89,27.13,26.96,26.80,27.13,26.89,26.64,26.80,26.56,26.89,26.56,26.89,26.96,26.89,26.80,27.13,26.96,26.96,26.56,26.96,26.89,26.64,26.64,26.89,26.89,26.96,26.96,26.89,26.73,26.64,26.64,26.80,26.96,27.22,26.89,26.89,26.80,26.56,26.73,26.80,26.56,27.22,26.80,26.56,26.64,27.05,26.80,26.56,27.53,26.56,26.89,26.73,27.05,26.47,26.80,26.73,26.73,26.56,26.73,26.80,26.89,26.80,26.64,26.64,26.96
26.96,27.13,26.89,26.80,26.80,26.73,26.80,27.45,26.89,26.80,26.89,26.89,26.96,26.89,26.89,27.22,26.89,27.13,26.64,26.89,26.64,26.89,26.56,26.80,26.73,27.13,27.05,26.73,27.22,26.80,26.96,26.64,26.96,26.89,26.96,26.64,26.96,26.80,26.89,27.05,26.96,27.05,26.73,27.13,26.80,26.89,26.89,26.89,27.29,26.80,27.05,27.22,27.29,26.96,26.80,26.89,26.80,26.73,26.89,27.05,26.56,26.89,26.64,26.96,26.89,27.05,27.05,27.13,27.05,26.96,26.96,26.64,26.89,26.96,26.73,26.73,26.96,27.13,26.89,26.96,26.96,26.96,26.80,26.73,26.80,26.89,27.13,26.96,26.96,26.64,26.56,27.22,26.80,26.80,26.80,26.56,26.89,27.13,26.89,26.80,27.05,27.13,26.96,27.05,26.73,27.13,26.89,27.05,26.89,27.22,27.13,26.89,26.73,26.89,26.89,26.96,26.96,26.73,27.05,26.73,26.96,26.80,26.64,26.96,26.80,26.73,27.13,26.80,27.22,26.89,26.56,26.89,26.80,27.05,26.96,26.64,27.05,26.80,27.05,26.96,26.73,27.36,26.80,26.64,27.05,26.80,26.80,27.22,27.05,26.64,26.96,26.89,26.64,27.05,27.13,26.64,27.22,26.96,26.96,26.80,27.05,27.13,27.05,26.80,27.05,26.96,27.05,27.05,27.22,26.89,27.22,27.13,26.89,26.89,27.36,27.13,27.05,27.29,27.13,27.45,26.89,26.89,26.96,27.22,26.89,27.22,27.05,26.89,26.56,26.89,26.80,26.73,26.89,26.96,26.96,26.89,26.96,26.96,27.29,27.36,27.05,26.96,27.22,26.80,27.22,27.05,27.22,27.22,26.89,27.13,27.36,27.29,27.05,27.29,27.22,27.05,26.96,27.45,26.96,26.89,27.13,26.73,27.05,26.80,26.80,26.80,26.89,27.05,26.80,27.22,26.96,27.13,26.89,27.22,26.96,26.80,27.05,26.89,26.89,26.73,26.89,26.73,26.89,26.64,26.89,27.13,26.56,27.05,26.89,27.29,26.80,26.80,26.80,26.73,27.13,26.89,26.80,26.89,27.05,26.64,26.89,26.47,26.56,27.05,27.13,27.05,27.05,27.05,27.13,26.80,27.36,26.89,26.47,26.89,27.05,26.80,26.64,26.73,27.05,27.22,26.73,26.96,27.29,26.89,27.13,27.13,26.73,26.89,26.80,27.05,27.13,26.89,27.05,26.56,27.22,26.96,26.31,26.56,26.80,26.64,26.89,26.89,26.73,27.13,26.96,26.96,26.80,26.73,26.56,27.13,27.22,26.96,27.05,26.56,26.73,27.22,26.89,26.96,26.89,26.73,27.22,26.96,27.05,26.64,26.80,26.80,27.13,26.73,27.05,27.13,27.13,27.13,27.13,26.80,26.96,26.89,26.80,26.96,27.36,26.96,27.36,26.80,26.80,27.05,26.80,26.47,26.89,26.96,26.73,26.96,26.80,26.80,26.64,27.05,27.22,26.56,27.13,27.05,26.56,26.64,26.64,26.56,26.64,26.89,26.73,26.64,26.80,27.05,26.40,26.56,26.64,26.64,26.89,27.05,26.80,26.73,26.80,26.80,26.80,27.13,26.64,27.13
27.05,26.96,26.89,26.96,26.40,27.13,26.73,26.64,26.73,26.80,26.56,26.80,27.22,26.56,26.73,26.80,27.13,27.13,26.56,26.89,27.13,26.73,27.05,26.73,26.80,27.22,26.89,26.56,26.96,26.89,26.56,26.73,26.89,27.05,26.80,26.89,26.56,26.80,27.13,26.96,26.47,26.96,26.73,26.64,26.56,26.80,26.80,26.96,26.89,27.13,26.80,26.80,26.80,26.96,26.47,26.56,26.96,27.13,26.80,26.47,26.96,26.64,26.89,26.89,26.96,26.89,26.80,26.96,26.89,26.73,26.96,27.05,26.56,26.73,26.89,26.73,27.05,26.96,26.96,27.05,26.89,26.80,27.05,26.64,26.89,26.64,26.73,26.89,26.89,26.96,26.73,27.22,26.89,26.64,26.56,26.89,26.73,26.56,26.89,26.80,26.73,26.73,26.73,26.96,26.47,27.05,26.64,26.73,26.80,27.05,26.56,26.89,26.89,26.89,26.80,26.96,26.96,26.89,27.36,26.80,26.80,27.05,27.05,26.89,26.96,26.96,26.64,27.05,26.73,26.80,26.89,26.73,26.80,26.89,26.89,26.73,26.80,27.22,26.89,26.80,27.05,26.64,26.89,26.80,26.47,26.96,26.80,26.89,27.13,26.73,27.22,26.89,26.56,26.96,27.13,26.73,26.89,26.64,27.05,26.73,26.73,26.80,26.89,27.13,26.96,27.22,26.89,27.05,27.05,27.05,26.96,26.80,26.64,27.13,26.96,26.80,26.80,27.13,27.05,27.13,27.05,26.96,26.96,27.05,27.22,26.96,27.29,26.96,27.05,27.05,27.22,26.80,26.96,26.80,26.80,27.05,26.73,27.29,27.22,26.80,27.05,26.80,27.36,26.96,26.56,26.89,26.89,27.36,26.96,27.13,27.13,26.89,26.96,26.96,27.22,27.05,26.89,26.80,26.73,26.96,27.13,27.05,26.96,26.96,26.64,26.73,26.89,26.73,26.80,27.13,27.13,26.89,26.96,26.80,27.29,26.89,26.89,26.73,26.96,26.89,26.80,26.80,27.13,26.80,27.05,27.13,26.56,26.40,26.64,26.73,26.80,26.73,26.80,27.29,26.80,26.80,26.96,27.22,26.73,26.73,27.05,26.96,26.73,26.89,26.80,27.05,26.73,26.80,26.73,26.80,26.64,26.96,26.64,26.96,26.89,26.80,26.73,26.64,26.89,27.05,27.22,26.80,26.89,26.73,27.13,26.56,26.80,27.05,26.96,26.23,26.80,26.89,26.73,26.96,26.73,26.73,26.89,26.89,26.89,26.80,26.89,26.89,26.96,26.89,26.89,26.89,26.96,26.80,27.05,26.56,26.47,26.73,26.73,27.05,26.89,26.96,26.96,26.89,26.80,26.89,26.64,27.05,26.80,26.96,27.05,26.96,26.80,26.96,26.80,26.64,26.96,26.73,26.80,27.13,26.56,26.89,26.96,26.96,27.22,26.80,27.05,27.13,27.13,26.89,27.13,26.47,27.13,26.73,27.22,26.89,27.05,26.64,27.29,26.80,26.47,27.13,26.80,26.56,26.89,27.13,26.64,27.05,26.64,26.73,26.73,26.80,26.96,26.80,26.73,26.73,26.73,26.89,27.13,27.22,26.80,27.05,26.80,26.56,26.56,26.73,26.89,26.80
26.96,26.80,26.96,26.64,26.73,26.80,26.96,26.64,26.96,26.80,26.73,26.89,26.96,26.89,26.96,27.13,27.13,26.89,26.89,26.73,27.13,26.64,27.05,26.89,26.80,26.73,26.31,26.80,26.47,26.47,26.73,26.73,27.22,26.40,27.05,26.89,27.13,26.64,26.89,26.73,26.96,26.96,26.47,26.89,26.96,27.05,27.05,26.80,26.96,26.96,26.80,27.13,26.96,26.96,26.89,27.13,26.80,27.13,27.05,27.05,26.89,26.80,27.13,27.05,26.80,26.56,26.89,27.05,26.96,26.64,26.89,26.64,26.73,27.05,26.80,26.96,26.89,26.89,27.22,27.05,27.05,27.05,27.13,27.05,26.73,26.96,26.96,26.96,26.89,26.56,26.73,26.89,27.05,26.89,27.13,27.22,26.80,26.89,26.31,26.80,26.96,26.80,26.80,27.13,26.96,26.96,27.05,26.80,26.80,27.13,26.96,27.05,26.89,27.36,26.96,26.89,27.05,26.96,27.22,26.96,26.96,26.96,27.13,26.80,26.73,27.05,26.96,26.56,26.64,26.89,26.40,27.13,26.80,26.96,26.64,26.96,26.64,26.80,27.13,27.05,27.05,27.05,27.05,26.80,27.13,26.96,27.36,27.05,26.89,27.13,26.96,26.96,26.89,26.96,26.64,26.80,26.96,26.80,26.89,26.96,26.89,27.29,26.80,27.05,27.36,26.96,26.96,26.96,27.13,26.73,26.89,27.36,27.13,27.29,26.73,27.05,27.29,27.13,27.22,27.13,27.22,26.96,26.96,26.89,26.80,27.13,27.05,27.13,26.64,27.13,26.80,26.96,27.36,26.89,26.80,26.89,27.36,27.13,27.13,27.13,26.73,26.56,26.89,27.13,27.05,26.96,27.13,26.89,26.73,26.89,27.13,27.05,27.22,27.45,27.36,26.89,26.96,26.89,26.96,26.89,27.05,27.05,27.13,26.96,26.96,26.96,26.96,27.13,27.05,26.89,26.89,26.80,26.80,26.96,26.89,26.89,26.80,26.89,26.80,27.22,26.96,26.80,26.80,27.22,26.96,26.89,27.13,26.96,26.89,27.05,26.96,26.56,27.29,26.89,27.05,26.73,27.05,26.80,26.80,26.80,26.80,26.64,26.89,26.96,26.96,27.22,26.80,26.73,26.73,27.05,27.05,26.96,26.64,27.05,26.96,26.80,26.31,27.13,26.64,27.05,27.22,26.73,26.73,26.47,26.96,26.80,26.89,26.80,26.80,26.80,26.80,26.80,26.80,27.05,27.36,27.05,27.05,26.80,26.80,26.73,26.96,26.73,26.89,26.80,26.96,26.73,27.13,26.96,26.80,26.96,27.05,26.64,26.89,27.22,26.64,26.89,26.80,26.96,26.96,26.80,26.80,26.73,26.96,27.05,26.73,26.47,26.89,27.13,26.96,26.80,26.64,27.05,26.80,26.89,27.13,27.13,27.22,26.96,26.56,26.89,27.13,27.05,26.64,26.40,27.22,26.96,27.22,26.89,26.89,26.64,26.96,26.96,26.80,26.89,26.64,26.64,26.89,26.96,26.47,26.80,26.64,26.80,26.64,27.13,26.80,26.56,26.56,26.73,26.56,26.96,26.89,26.89,27.13,26.73,26.80,26.47,27.29,26.89,26.64,27.13,26.73,26.89
26.73,26.89,26.64,26.47,26.64,26.73,26.64,26.64,26.80,27.13,26.89,26.73,26.89,26.80,26.80,26.80,26.64,26.89,26.80,26.73,26.73,27.13,26.80,26.73,26.80,26.96,26.80,27.05,26.96,26.80,26.89,27.22,26.64,26.89,26.73,26.96,27.05,26.64,27.22,26.80,27.22,27.05,27.05,26.80,26.89,27.05,26.89,26.80,26.96,27.05,26.64,26.47,27.13,26.96,27.05,26.80,26.89,26.89,26.89,27.13,27.05,27.05,27.05,26.73,26.96,27.13,26.96,26.89,27.13,26.80,27.05,26.89,26.89,26.80,27.13,26.80,26.47,26.89,27.13,26.96,26.80,26.89,26.73,26.73,26.56,26.89,26.73,26.89,27.05,27.05,26.73,26.96,26.89,26.56,26.89,26.64,26.80,27.29,26.96,26.80,26.89,26.73,26.89,27.22,26.89,26.96,26.96,26.80,26.89,27.05,27.05,26.89,26.64,27.13,26.73,26.64,27.13,27.29,26.96,26.96,26.89,27.05,26.96,26.89,26.56,26.96,26.96,27.05,27.05,26.73,27.05,26.80,26.80,27.13,26.64,26.73,26.73,26.73,26.96,26.89,26.89,27.22,26.64,26.96,27.22,26.56,26.64,27.13,26.80,27.05,26.96,26.80,27.36,27.22,26.96,26.73,26.89,26.80,26.73,27.22,27.22,26.80,26.80,26.80,27.13,27.22,26.89,26.89,27.22,26.96,27.13,27.13,27.05,26.89,27.36,27.05,27.36,27.13,27.29,26.96,27.22,26.96,26.96,27.13,27.05,27.22,26.56,27.22,27.22,27.05,27.05,27.13,26.96,26.89,26.89,26.89,26.96,27.22,27.29,26.89,26.80,26.96,26.80,27.36,27.05,26.96,27.05,26.80,27.36,26.80,27.05,26.89,26.73,27.05,26.96,27.05,27.13,27.13,26.73,27.22,27.05,26.73,26.96,26.56,26.73,26.73,26.96,26.64,27.13,27.13,26.96,26.96,26.96,27.22,26.73,27.13,26.73,26.47,27.05,27.22,27.05,26.80,26.80,26.80,26.80,26.64,26.89,26.56,26.96,26.73,26.96,26.96,26.64,27.13,27.22,26.73,27.13,26.73,26.89,26.56,26.89,27.05,26.64,26.64,27.05,27.36,26.96,26.56,27.13,27.05,26.89,27.05,26.96,27.05,26.73,26.73,26.96,27.05,26.73,26.89,26.73,26.80,27.13,26.96,26.89,26.96,26.80,26.64,27.22,26.73,26.96,26.96,26.80,27.05,26.73,26.89,26.89,26.73,26.73,27.13,27.05,26.80,26.40,26.96,26.89,27.05,26.80,27.13,26.89,26.80,26.80,27.05,26.89,26.96,27.13,27.05,26.89,26.80,26.89,26.47,27.05,26.89,27.05,26.89,27.22,26.56,27.22,26.73,27.13,26.56,27.22,26.96,26.64,26.80,26.89,27.05,27.22,27.05,26.89,27.22,26.89,27.13,26.89,26.64,26.73,27.05,26.80,26.64,26.96,26.89,26.89,26.56,26.73,26.56,26.80,26.89,26.64,26.73,27.05,26.80,27.22,26.73,27.05,26.40,26.96,26.80,26.80,26.73,26.89,27.22,26.96,26.73,26.80,26.56,27.22,26.80,26.96,27.05,26.80,26.56,26.73,26.64
26.64,27.29,26.73,26.80,26.80,26.64,26.47,26.80,26.80,27.05,27.36,26.56,26.56,26.80,26.64,26.73,27.13,26.73,26.73,26.89,27.22,26.73,27.22,26.73,26.73,26.73,27.05,27.13,26.64,26.73,26.73,26.96,27.05,26.89,27.05,26.89,26.73,27.05,26.80,26.56,26.89,26.56,26.89,27.22,27.13,26.80,27.05,27.05,27.13,26.89,27.05,26.89,27.22,26.80,26.73,27.13,27.05,26.73,26.73,26.80,26.64,26.89,26.89,26.73,26.89,26.96,26.89,26.96,26.96,26.64,26.56,26.80,27.22,26.73,26.80,27.45,26.96,26.64,27.13,26.73,26.96,26.80,26.73,27.05,26.89,27.05,26.80,27.22,26.64,26.73,26.73,26.73,26.73,27.05,26.89,26.73,26.80,26.80,26.47,26.80,26.73,27.05,26.80,27.22,26.96,26.89,27.05,27.05,26.64,26.56,26.80,27.05,26.89,27.36,26.56,26.56,26.80,26.80,26.64,26.47,26.73,26.64,27.05,26.96,26.89,26.73,27.13,26.89,26.73,26.89,26.80,26.56,26.96,26.40,26.89,26.64,26.80,26.89,26.80,26.73,26.80,26.73,27.05,26.73,26.96,26.89,26.80,26.73,27.29,26.73,26.73,26.96,27.36,26.89,26.89,26.96,26.80,26.73,26.80,26.96,26.89,26.89,27.05,26.89,26.96,26.89,27.05,26.89,26.80,27.05,26.89,27.22,26.89,26.80,26.89,27.13,27.45,27.36,26.73,26.89,27.05,27.05,26.96,26.80,26.96,27.22,26.80,27.13,26.80,27.29,27.13,27.05,27.22,27.05,27.22,27.05,27.05,26.89,27.13,26.89,27.29,26.96,26.96,27.05,27.05,26.80,26.80,26.96,27.13,27.22,27.29,26.89,26.80,26.80,26.96,27.29,27.13,27.05,26.64,26.89,27.05,27.05,27.05,26.80,26.64,27.05,27.22,26.96,26.80,27.05,26.73,26.64,26.96,26.64,26.89,26.73,26.73,26.80,26.80,26.73,27.13,26.80,26.56,26.89,27.05,26.47,26.64,26.80,26.89,26.96,26.96,27.05,26.64,27.05,26.89,27.05,26.64,26.89,26.73,27.13,26.89,27.13,26.89,26.89,26.80,26.89,27.13,26.56,27.05,26.73,26.96,26.96,26.80,26.89,26.73,26.73,27.05,26.96,26.64,26.64,26.73,26.73,26.56,27.13,26.56,26.47,26.96,27.05,26.47,26.80,26.89,26.96,27.05,26.73,27.05,26.80,26.89,26.80,27.05,27.22,26.96,26.73,26.64,27.05,26.96,26.89,27.13,26.80,26.80,27.13,26.56,26.31,26.96,26.73,26.96,27.22,26.80,26.56,26.96,26.96,26.47,26.89,26.89,27.05,26.73,26.40,26.96,27.05,26.73,27.13,26.89,27.05,26.89,26.89,27.05,27.13,26.89,27.13,26.80,27.22,27.05,27.29,26.96,27.22,27.05,26.96,26.89,27.13,27.13,26.89,26.73,26.64,26.89,27.45,27.05,27.13,26.89,26.73,26.80,26.80,26.89,26.73,26.73,26.64,26.96,26.80,26.56,26.80,27.13,26.89,26.73,26.64,26.89,27.05,26.56,26.73,26.73,26.47,26.73,26.64,26.73,26.80
26.56,26.73,26.89,26.47,26.89,27.13,26.64,26.73,26.47,26.80,26.96,26.40,26.64,26.80,26.40,26.73,26.64,26.73,26.80,26.96,26.56,26.80,26.73,26.47,26.64,27.05,26.80,26.64,26.89,27.05,27.13,26.64,27.13,26.64,27.05,26.80,26.73,26.73,27.05,27.13,26.80,26.56,26.96,27.05,26.96,26.73,27.29,26.80,26.96,26.89,26.96,27.22,27.05,26.80,27.05,26.80,26.73,27.05,26.96,26.89,26.89,26.96,26.73,26.80,26.96,26.89,26.89,27.13,26.96,26.96,27.05,27.05,26.96,27.05,26.73,26.80,26.80,26.96,26.80,26.73,26.64,26.80,26.96,27.13,26.80,26.96,27.29,26.96,26.89,26.80,27.05,26.96,27.05,26.89,26.96,26.96,27.22,26.89,26.73,26.73,26.80,26.64,27.22,26.80,26.80,26.73,26.73,26.80,26.80,26.89,26.80,27.13,26.96,26.96,26.96,27.13,27.13,27.22,27.05,26.73,26.89,27.13,26.73,26.80,26.80,26.80,26.96,26.96,27.05,26.89,26.89,26.80,26.96,26.89,27.05,27.13,27.22,26.80,27.13,26.96,26.80,27.29,26.80,27.13,27.13,26.73,26.80,26.96,27.05,26.80,26.80,26.80,27.13,26.89,26.89,26.96,26.73,26.80,27.36,26.96,26.96,27.13,26.96,26.73,26.64,26.64,26.96,26.96,26.96,26.96,27.22,27.22,27.05,27.22,26.96,27.13,27.45,27.22,27.22,26.89,27.13,26.73,27.36,26.73,27.05,27.13,27.22,26.89,27.13,27.05,27.13,26.96,26.89,27.36,27.05,26.96,27.62,27.13,27.22,26.89,27.36,26.56,27.13,26.80,27.13,26.96,26.73,27.22,27.36,27.53,26.73,27.29,27.05,27.13,26.96,26.73,26.89,26.96,27.05,27.13,26.89,26.96,26.96,26.96,26.96,27.22,26.89,26.96,27.22,26.96,26.89,26.64,26.73,27.05,26.64,26.73,26.80,26.89,27.05,26.89,26.80,26.64,26.64,26.64,27.05,26.73,26.96,26.64,26.96,26.80,26.80,26.80,26.96,26.73,27.05,26.80,26.47,27.05,26.89,26.89,26.96,26.89,27.13,26.96,27.13,26.73,27.13,26.80,27.05,26.73,26.89,26.80,27.13,27.05,26.64,26.80,26.73,27.05,26.80,26.89,26.96,27.22,26.89,26.73,26.80,26.40,26.73,27.05,26.64,26.89,26.73,26.96,26.64,26.73,26.80,26.56,27.05,26.64,27.05,27.13,26.73,26.89,26.80,26.89,26.80,26.89,27.13,26.96,27.05,27.05,26.96,26.73,27.05,26.73,26.96,26.89,26.73,26.80,26.89,26.96,26.96,26.89,27.36,26.80,26.64,26.64,27.13,26.80,26.73,27.05,26.96,26.73,26.64,26.73,26.96,27.05,26.56,27.22,26.89,26.89,26.73,26.80,26.89,26.64,26.96,27.13,26.73,27.22,26.80,26.80,26.96,26.73,26.56,26.64,26.56,26.89,26.89,26.73,27.05,26.64,26.96,26.89,26.80,26.89,26.64,26.89,26.64,26.73,26.80,26.96,27.13,26.89,26.80,26.47,26.73,26.89,26.89,26.80,26.73,26.80,27.13,26.73
26.73,26.64,26.56,26.47,26.47,26.89,26.80,26.64,26.64,26.73,27.13,26.73,26.56,26.89,27.29,26.73,26.89,26.89,26.80,26.89,27.13,26.89,26.80,27.05,27.05,26.80,26.64,27.29,26.80,27.13,26.64,26.89,26.80,26.73,27.05,26.96,26.80,26.73,26.64,26.56,26.96,27.05,26.73,27.05,27.13,27.05,26.89,26.89,26.96,26.89,27.36,26.80,26.89,26.40,27.13,26.80,26.80,27.05,26.96,26.96,27.22,26.89,26.89,27.05,26.47,27.22,27.05,26.80,26.73,26.64,26.64,26.73,26.96,26.80,27.13,27.13,26.73,27.05,27.05,26.80,27.13,26.64,27.45,26.89,26.80,27.13,26.73,27.36,26.73,26.80,26.89,26.56,26.73,26.73,26.80,27.05,27.05,26.96,26.80,27.05,27.13,26.89,27.05,26.89,27.05,26.80,27.29,26.56,26.64,26.89,27.36,26.64,26.96,26.89,26.96,26.96,26.89,26.89,26.80,27.45,26.73,26.73,26.64,27.05,27.05,27.29,27.05,26.96,26.96,27.29,26.89,26.80,26.80,26.73,27.22,27.05,27.05,26.80,26.96,26.89,26.80,27.22,26.89,26.89,27.13,26.96,27.05,26.89,26.89,26.96,26.73,26.89,26.96,27.22,26.96,26.80,26.73,27.05,26.89,26.96,27.05,26.89,26.89,27.36,27.13,26.80,27.22,27.05,26.73,27.05,27.13,27.29,27.13,27.05,27.05,27.05,27.36,27.29,27.36,27.45,26.64,26.80,27.13,27.36,27.13,27.36,27.22,27.05,27.13,26.80,27.05,27.36,27.13,27.22,26.96,26.89,26.89,27.13,27.22,27.13,26.96,27.13,26.80,27.05,27.05,27.22,26.89,26.89,26.96,27.45,26.80,26.80,26.89,26.89,27.05,27.05,26.64,26.73,26.73,26.80,27.22,27.05,26.89,27.13,27.05,26.73,26.96,27.05,26.96,27.22,27.13,26.64,27.05,26.89,26.80,27.22,26.96,26.96,26.96,27.05,26.96,26.73,26.96,26.89,27.05,26.89,26.80,26.64,26.89,27.05,26.73,26.80,26.80,27.13,26.96,26.80,26.73,26.89,26.80,26.73,26.96,26.96,26.80,26.73,26.80,26.73,27.05,26.73,27.13,26.64,26.96,26.80,26.56,27.29,26.89,26.80,26.80,26.73,26.73,26.80,27.13,26.96,27.05,26.96,26.89,27.05,26.80,26.96,27.05,26.89,26.89,27.05,27.05,27.22,26.89,26.89,26.89,26.89,26.80,26.89,26.96,26.96,26.64,26.89,26.96,26.80,27.05,26.56,26.80,26.80,26.73,26.73,26.96,26.89,26.96,26.56,26.80,26.73,26.96,26.56,26.89,27.13,26.89,26.96,27.05,26.89,27.22,26.89,26.80,26.73,27.13,27.22,26.89,27.13,26.96,27.22,27.22,26.89,26.80,27.13,27.22,27.05,27.13,27.22,27.05,26.89,27.05,26.89,26.96,26.47,27.05,26.96,26.73,26.89,26.80,27.13,27.22,27.05,26.64,27.05,26.73,27.05,26.40,26.73,26.47,27.05,27.05,26.89,26.73,27.13,26.89,27.22,26.56,27.05,26.80,26.89,26.89,27.05,26.80,26.80,26.89,26.89
26.96,26.89,26.80,26.73,26.64,26.73,26.73,26.64,27.22,26.73,26.89,26.89,26.73,26.89,26.80,26.73,26.64,26.56,26.80,26.73,27.05,26.80,26.73,26.89,26.73,26.89,26.73,26.56,26.73,26.96,26.89,26.96,26.96,26.56,27.05,26.80,27.05,26.89,26.73,26.96,26.96,26.96,26.89,26.96,27.29,26.80,26.80,27.36,26.89,26.96,27.13,26.47,27.05,26.80,27.05,27.22,26.89,26.64,26.89,26.96,26.73,26.96,26.56,26.80,26.73,27.22,26.96,26.89,26.89,26.80,26.80,27.22,27.13,26.96,26.96,27.22,26.89,26.73,26.64,26.96,26.64,26.96,26.73,26.73,26.80,26.80,27.05,26.80,27.05,26.89,26.96,26.96,26.89,26.96,27.13,26.56,27.05,26.80,27.05,26.96,26.89,27.36,26.96,27.13,26.80,27.05,26.80,27.05,27.13,26.96,26.73,26.96,27.36,26.80,26.80,26.80,27.13,26.96,26.64,26.89,26.64,26.80,27.29,26.96,27.29,26.73,27.22,27.05,26.89,26.89,26.80,26.64,26.89,26.96,26.73,27.22,26.73,26.80,26.80,26.96,27.29,26.96,26.80,26.80,26.89,27.13,26.96,26.73,26.73,26.73,26.89,27.13,26.96,26.89,26.89,27.29,26.64,26.89,26.89,26.89,26.80,26.80,26.64,27.05,27.29,26.96,26.89,27.36,26.80,27.13,27.29,27.29,27.05,26.89,26.96,27.05,27.13,27.13,27.22,27.05,27.45,26.80,27.05,27.05,27.22,26.96,27.05,27.36,27.05,26.80,27.05,26.64,27.22,26.89,27.36,27.13,27.13,26.80,26.80,26.80,27.05,26.89,26.89,26.96,27.45,26.80,26.96,26.89,26.56,27.36,27.29,27.05,26.80,27.13,26.96,27.29,26.89,27.22,27.29,26.80,26.80,26.96,26.96,27.05,26.96,26.64,26.73,26.73,26.73,27.29,26.96,26.89,26.89,26.64,27.29,26.96,26.80,26.96,26.96,26.80,27.13,26.96,26.56,26.96,26.89,26.89,27.22,26.73,26.73,26.73,27.29,26.89,26.89,27.22,26.89,26.80,26.80,27.22,27.29,26.64,27.13,26.96,26.73,27.13,26.96,26.89,26.31,26.89,26.80,27.05,26.56,27.05,26.96,27.05,26.96,26.89,26.73,26.96,26.80,26.80,26.80,27.05,26.73,26.89,26.80,26.89,26.96,26.73,26.47,26.96,26.80,26.89,27.05,26.73,26.89,26.89,26.96,26.80,27.29,27.05,26.64,26.73,26.64,27.22,26.73,27.13,26.89,26.80,27.05,26.96,26.96,27.05,26.89,26.80,26.80,26.89,26.73,27.13,26.96,26.96,26.96,26.80,26.96,26.64,26.96,27.05,26.56,26.89,27.36,26.64,26.96,26.96,26.89,27.05,26.96,26.64,26.96,27.13,26.89,26.56,27.13,26.80,27.05,27.05,26.89,26.56,27.05,27.13,26.96,26.80,27.05,27.05,27.05,26.73,26.89,27.05,27.29,27.13,26.96,26.89,27.05,26.89,26.73,27.13,26.89,27.05,26.89,27.13,26.64,26.96,26.64,27.05,26.80,27.05,27.05,27.05,26.80,26.96,26.56,26.80,27.05,26.89
26.64,26.96,26.80,26.64,26.80,27.05,27.22,27.05,27.13,27.22,26.96,26.47,26.64,27.22,26.80,26.80,26.80,26.73,26.73,26.80,26.89,26.64,27.22,26.40,27.29,26.89,26.80,26.96,26.73,26.56,26.56,26.96,27.29,26.89,26.96,26.96,26.73,27.13,27.22,26.89,26.96,26.96,26.96,26.80,26.56,27.05,27.05,26.56,27.22,27.13,27.13,27.29,27.05,26.80,26.96,26.80,27.13,26.96,27.13,26.89,26.64,26.80,26.96,26.96,27.13,26.73,26.80,27.05,27.13,26.96,27.13,27.05,26.96,27.13,26.89,26.96,26.89,26.96,26.96,26.80,26.47,26.96,26.80,27.05,27.05,27.05,26.80,26.40,27.45,26.89,26.89,26.89,27.22,27.05,26.89,26.89,26.80,26.89,27.05,26.89,26.96,26.96,26.80,26.96,26.64,26.64,26.96,27.36,26.56,27.05,26.96,26.89,27.13,26.80,26.80,26.89,26.96,26.96,26.73,26.89,27.13,26.89,26.96,26.96,27.29,26.96,27.05,27.05,26.89,26.73,26.56,27.22,26.80,27.13,27.29,26.96,26.73,26.96,26.89,26.73,26.80,26.80,27.05,26.89,27.13,27.13,26.56,26.89,26.80,27.05,26.89,26.80,26.73,26.96,26.80,26.73,26.80,26.73,26.80,27.13,26.96,26.96,26.96,26.80,27.05,27.22,26.96,26.80,27.05,26.96,27.05,26.96,27.13,26.64,27.13,27.05,26.96,27.29,26.89,27.05,27.45,27.05,26.96,27.05,27.36,27.22,26.96,27.05,27.13,26.96,26.96,26.89,27.05,27.36,26.89,27.13,26.73,26.96,27.13,26.80,26.96,27.05,26.96,27.36,27.22,27.05,27.05,26.89,26.73,27.05,27.13,26.96,26.73,26.80,27.13,27.36,26.89,26.64,27.05,27.05,26.73,26.96,27.22,26.73,27.13,26.80,27.29,27.05,26.89,26.96,26.80,27.13,26.80,27.13,27.22,26.80,27.05,26.89,26.96,27.13,26.73,26.96,26.96,26.89,26.73,27.22,26.89,27.13,27.05,27.05,26.64,26.96,26.80,26.73,26.96,26.96,26.80,26.80,26.96,26.73,27.22,26.80,27.22,26.64,26.89,26.80,26.96,26.73,26.96,26.89,26.96,26.89,26.89,26.56,26.64,26.64,26.80,26.89,26.96,27.05,26.96,27.22,26.96,27.05,26.80,27.13,26.56,26.80,26.80,26.89,26.73,26.64,27.29,27.13,26.96,26.80,26.89,27.05,27.05,26.89,26.89,27.05,26.89,27.05,26.64,26.89,27.13,26.96,27.05,27.29,26.89,26.73,27.05,26.89,26.96,26.64,26.96,27.05,27.05,26.80,27.13,26.56,26.89,26.56,26.73,27.22,26.73,26.89,26.96,27.05,27.05,27.05,26.89,26.96,26.89,26.96,26.80,27.13,27.05,26.96,27.05,26.64,27.05,26.96,26.80,26.89,26.96,26.64,26.64,26.96,26.73,26.96,26.96,26.73,26.96,26.80,26.96,27.22,26.89,26.89,26.64,26.73,26.96,27.13,26.89,26.96,26.73,27.05,26.80,26.80,27.05,27.05,26.89,26.64,26.89,26.64,26.89,26.64,26.56,26.89,26.64,26.56
26.96,26.96,27.29,26.89,26.40,26.64,26.89,26.73,26.56,26.89,26.89,26.89,26.80,26.73,26.56,26.89,27.05,26.80,27.13,27.22,26.89,27.13,26.73,26.64,26.73,26.89,26.80,26.89,26.64,26.73,26.80,26.73,26.80,26.80,26.64,26.73,26.73,26.96,26.64,26.96,26.96,26.96,26.96,26.56,26.96,26.73,27.13,26.89,27.05,26.80,26.96,26.96,26.80,26.96,27.05,27.05,26.96,26.96,26.89,27.05,27.05,27.05,26.96,26.96,26.80,26.64,26.96,26.64,26.96,26.89,26.96,26.96,26.56,26.96,26.96,26.96,27.05,26.80,26.73,26.89,27.05,26.73,26.56,26.89,26.80,26.56,27.22,26.56,26.96,27.05,27.05,26.64,26.96,26.89,26.96,26.89,27.05,26.73,26.96,26.56,26.64,26.73,26.80,26.40,27.05,26.89,26.73,26.80,27.29,27.05,26.73,27.29,26.73,26.80,27.05,26.89,27.05,27.05,26.73,26.73,26.56,26.80,26.64,27.05,26.89,27.13,26.89,27.05,27.05,26.89,26.89,27.05,26.80,26.80,27.13,26.56,26.80,27.05,27.36,26.96,26.80,26.64,27.13,27.05,26.96,26.80,26.96,26.96,26.73,26.80,26.80,26.89,26.89,27.05,26.73,27.05,26.73,26.89,26.89,26.96,26.89,26.89,26.89,26.64,26.89,26.96,26.96,26.89,27.13,26.89,26.73,27.13,26.80,26.64,27.05,27.13,26.89,26.73,26.80,27.36,27.45,27.36,27.13,26.96,26.96,26.80,27.29,26.80,26.96,26.80,27.05,27.13,26.64,27.13,27.05,26.96,26.96,27.13,27.05,26.96,27.13,26.89,27.13,27.36,26.89,26.80,27.05,27.13,26.96,26.89,27.13,27.05,27.29,26.80,27.22,27.29,26.73,26.73,26.89,27.05,26.80,27.22,26.89,27.05,27.05,27.13,27.13,27.05,26.89,26.89,26.89,26.73,26.80,26.73,26.89,26.80,26.96,26.80,26.96,26.89,27.05,26.73,27.22,26.96,26.73,26.89,26.96,26.64,26.96,26.96,27.13,27.05,26.96,26.89,26.89,26.96,26.73,26.80,26.96,26.89,26.96,26.96,26.64,26.80,26.73,26.89,26.89,26.96,26.89,26.23,26.80,26.73,27.22,26.96,26.73,26.96,26.96,26.80,27.05,26.64,26.89,26.80,26.96,26.89,27.05,26.73,26.96,26.56,26.80,26.73,26.64,26.96,26.80,26.89,26.89,26.89,26.89,27.05,26.80,26.96,26.80,26.80,26.73,27.05,26.80,26.96,26.73,26.89,27.13,26.96,26.64,26.96,26.96,26.89,26.80,26.80,26.80,27.22,26.80,26.73,26.56,27.05,26.96,27.05,27.05,26.96,26.47,26.47,26.96,27.13,26.89,26.89,27.05,26.89,26.89,26.73,27.22,26.96,26.96,27.13,26.89,26.89,27.13,26.80,26.96,26.89,26.96,27.05,26.56,26.89,27.05,26.96,26.80,27.22,26.96,27.05,26.73,27.22,26.73,26.80,26.89,26.89,26.73,26.73,26.73,26.73,26.89,26.89,27.22,26.73,26.47,26.96,26.89,26.80,26.89,26.89,26.56,26.73,26.47,26.73,26.56,26.73
26.64,27.45,26.80,26.80,26.56,26.73,26.96,26.73,26.64,27.05,26.89,26.73,26.64,26.73,26.73,26.80,26.73,26.89,26.73,26.73,26.47,26.89,27.36,26.96,26.56,27.29,26.96,26.89,27.13,26.73,26.73,27.13,27.05,27.13,27.05,26.96,26.64,26.80,26.80,26.89,26.64,27.13,26.64,26.40,26.96,26.73,27.05,26.96,26.89,26.73,26.80,26.89,26.89,26.80,26.96,27.05,26.96,26.96,26.96,26.96,26.89,27.05,26.80,26.64,26.73,26.89,26.89,26.80,26.96,27.13,26.80,26.80,26.89,26.80,26.89,26.89,26.73,26.96,26.56,26.80,27.36,27.13,26.89,26.73,26.96,26.89,26.89,26.80,26.96,26.96,26.73,26.80,26.96,26.64,27.13,26.96,26.80,26.96,26.80,26.96,26.73,26.89,26.80,26.73,27.36,27.05,27.13,26.96,26.64,26.89,26.73,26.80,26.64,26.96,27.13,27.05,27.05,26.73,26.89,26.56,27.13,26.64,27.05,27.05,27.22,27.13,27.05,27.29,26.73,26.47,27.29,26.73,26.80,26.80,26.89,26.89,26.80,26.73,26.96,27.05,27.13,26.73,27.13,27.05,26.64,26.80,27.05,27.05,26.89,26.64,27.13,26.96,26.73,26.96,26.80,27.13,27.13,26.80,27.13,27.22,27.13,26.89,26.89,26.89,26.56,27.13,26.73,27.36,27.05,27.13,27.05,27.05,27.29,26.89,26.80,27.05,26.89,27.36,26.96,27.05,27.22,27.05,27.13,26.89,27.13,26.96,27.22,26.80,26.73,27.13,26.80,26.96,27.05,26.89,26.89,27.13,26.89,26.96,26.80,27.05,27.13,26.96,26.73,26.80,27.13,27.36,26.96,26.80,26.89,26.96,27.22,27.36,27.22,27.36,26.96,27.13,27.13,26.89,26.64,26.80,27.36,27.05,27.22,27.13,26.89,26.80,27.05,26.96,26.64,26.96,27.13,27.29,26.73,27.05,26.89,27.36,26.96,27.36,26.96,26.80,27.05,26.64,26.73,26.96,26.96,26.73,26.96,26.64,26.96,26.64,26.80,26.80,26.89,26.89,26.80,27.22,26.56,27.13,26.89,26.73,27.29,26.64,26.80,26.89,26.64,26.89,26.56,26.80,26.96,26.73,26.89,26.73,26.64,27.05,27.13,26.56,26.96,27.13,27.13,26.73,26.73,27.05,26.80,27.13,27.22,27.05,26.96,26.64,26.80,26.80,26.96,26.73,27.22,26.80,27.13,26.73,27.22,27.05,27.13,26.96,27.05,26.89,26.80,26.89,26.96,27.13,27.22,26.96,26.80,27.05,26.64,26.89,26.96,26.56,27.22,27.29,27.05,27.05,26.89,26.89,26.96,26.89,27.05,27.05,27.05,27.05,26.96,27.05,26.96,26.80,26.80,26.89,27.13,27.13,26.96,26.73,27.05,26.89,27.05,27.13,26.73,26.80,27.36,27.13,26.96,27.29,26.96,26.96,26.96,26.80,27.05,27.22,26.47,26.96,26.64,27.05,26.64,27.05,26.96,27.05,26.56,26.73,26.64,26.96,27.29,26.96,26.89,26.47,26.64,26.47,26.64,27.22,27.05,27.22,26.80,26.64,27.13,27.05,26.80,26.89,27.13,27.13
26.47,26.73,26.89,26.73,26.89,26.96,26.89,26.73,26.89,26.56,26.80,26.64,26.64,26.80,26.89,26.73,26.89,26.80,26.80,26.89,26.80,27.05,27.13,27.05,27.13,27.13,26.89,27.05,26.56,26.56,26.96,26.73,26.96,27.22,26.89,27.05,26.56,27.05,26.56,27.22,26.89,26.89,26.56,26.89,26.56,26.96,26.96,26.96,26.96,26.73,26.89,27.13,26.73,26.80,27.05,26.64,26.96,26.96,26.64,26.73,26.23,26.73,27.05,26.96,27.05,26.80,26.80,26.89,26.40,27.13,26.73,26.73,27.05,27.22,26.73,26.96,26.96,26.80,26.80,27.05,26.96,26.80,26.96,26.80,26.96,26.73,26.73,26.89,26.73,26.89,26.64,26.64,26.89,27.05,26.31,26.56,26.89,26.73,27.13,26.80,26.73,26.80,27.05,27.05,27.05,26.80,27.22,26.96,27.13,26.96,27.05,26.73,26.89,26.96,26.89,26.73,27.36,27.05,26.47,26.96,26.89,27.05,27.22,27.05,26.96,26.64,27.29,26.56,26.89,26.80,26.64,26.64,26.96,26.73,27.05,26.47,26.96,26.56,26.64,26.89,27.29,26.96,27.45,27.05,26.96,26.56,27.05,27.36,26.89,26.89,26.89,26.96,26.89,26.96,26.89,26.80,26.64,26.89,27.05,26.80,26.64,26.80,26.64,26.89,26.89,26.89,26.80,26.64,27.05,27.22,26.89,27.05,27.05,26.80,27.13,26.89,27.36,27.22,26.73,26.96,26.80,26.89,26.89,26.89,26.47,27.05,27.29,27.05,27.22,26.96,27.13,27.29,27.36,26.96,26.73,27.13,27.29,26.73,26.96,27.05,26.96,26.89,26.80,27.22,27.36,26.96,27.22,26.80,27.22,27.05,27.05,26.89,27.36,27.29,27.05,27.05,27.05,27.45,26.73,26.96,26.80,26.89,26.73,26.73,27.13,26.89,26.73,27.05,26.73,27.05,27.22,26.96,26.80,26.96,26.73,26.73,27.13,26.80,26.89,27.05,26.73,26.89,27.22,27.05,26.96,26.64,26.80,26.89,26.56,26.80,27.05,27.13,26.89,26.80,26.73,26.89,26.96,27.13,27.05,27.22,26.80,26.89,27.22,26.89,26.96,26.89,26.96,26.73,26.96,26.64,27.05,26.89,26.96,27.13,26.56,27.05,26.64,26.89,26.96,26.23,26.80,27.05,26.73,26.80,27.05,27.05,26.96,26.80,27.13,26.80,26.73,26.80,26.73,26.96,26.73,26.89,26.80,27.29,27.05,26.89,27.05,26.89,26.80,27.05,27.22,26.64,27.29,26.73,26.73,26.80,27.13,26.89,26.64,26.96,26.89,26.80,26.89,26.96,26.80,26.96,27.22,26.96,26.89,26.56,26.96,26.64,26.89,26.96,26.56,26.89,27.05,27.05,26.73,26.96,27.05,26.89,26.64,26.89,27.05,27.13,26.89,27.05,27.22,26.89,26.80,26.64,27.22,26.73,26.89,26.80,27.13,26.96,27.05,27.13,26.64,26.89,26.56,26.89,27.05,26.73,27.13,26.80,27.05,26.80,26.89,27.05,26.80,27.05,27.45,27.13,26.47,27.05,26.89,26.80,26.73,26.89,26.40,26.89,26.96,27.13,26.96,26.73
26.80,26.96,26.64,26.73,26.73,26.89,26.56,26.96,26.89,26.89,26.96,26.64,27.13,26.56,26.56,26.56,26.89,27.22,26.73,26.89,26.80,26.96,26.96,26.64,26.73,27.13,26.96,27.13,26.73,26.96,27.13,27.13,27.13,26.64,26.47,27.13,26.96,26.96,27.13,27.05,26.40,26.80,27.05,26.73,26.89,26.96,26.96,27.05,26.73,27.13,27.13,26.89,26.80,27.13,27.22,27.13,26.96,26.96,26.89,27.13,27.13,26.73,26.96,27.05,26.89,27.05,26.56,27.22,26.89,26.80,26.89,26.73,26.80,27.05,26.89,27.05,26.80,27.05,27.05,26.96,26.96,26.73,26.89,26.64,26.80,27.05,26.73,26.80,27.13,27.13,26.89,27.22,26.80,26.73,26.89,26.73,27.36,26.96,26.89,26.80,26.80,27.05,27.05,26.80,26.89,27.05,27.05,26.56,26.89,26.96,27.05,27.05,26.73,26.80,26.80,27.05,26.96,26.80,26.73,26.96,26.64,26.73,26.73,26.64,26.80,26.96,26.64,26.96,26.73,26.89,27.13,27.29,26.89,27.36,26.64,26.89,26.96,27.13,26.96,27.29,26.56,26.89,27.05,26.96,26.80,26.73,26.89,26.96,26.47,26.80,26.73,27.22,26.89,26.64,26.73,26.73,26.73,26.80,26.96,27.05,27.29,26.56,26.89,27.05,26.89,26.56,26.96,26.80,27.13,26.96,27.45,26.96,27.29,27.13,27.29,26.89,26.89,26.89,26.80,26.73,27.36,26.80,27.05,27.13,26.80,27.13,27.05,26.96,26.73,27.36,26.96,26.89,26.80,27.36,27.22,26.80,27.05,26.96,26.73,27.22,26.96,27.22,26.89,26.96,26.89,27.13,26.89,26.89,26.89,26.96,27.05,26.73,27.22,27.29,26.56,26.80,26.89,27.22,26.89,27.05,26.96,26.89,26.96,26.89,27.29,26.89,26.89,27.22,27.05,26.80,27.05,26.73,27.22,26.80,26.89,27.29,27.05,26.64,26.80,27.13,26.89,26.89,26.73,27.05,26.89,26.96,26.80,26.89,26.96,26.64,27.29,26.80,26.96,26.80,26.89,26.56,26.56,26.73,27.13,26.64,27.05,26.73,26.80,26.96,26.96,27.05,26.73,26.89,26.56,26.80,27.22,27.05,26.73,26.56,26.96,27.05,26.73,26.73,26.73,26.64,26.73,26.96,26.80,27.05,27.36,27.13,26.73,26.89,27.05,26.73,27.05,26.73,26.96,26.56,26.73,27.22,27.22,27.05,26.89,26.73,27.22,26.89,27.05,26.89,26.96,26.64,26.89,27.13,26.73,26.73,26.80,26.80,26.96,26.80,27.05,26.89,27.05,27.05,26.64,26.73,26.80,27.29,26.89,26.89,26.80,27.13,27.05,26.89,26.89,26.80,26.96,26.40,27.13,26.96,26.80,26.89,26.73,26.56,27.05,26.64,26.80,26.96,27.05,26.80,26.73,26.96,27.22,26.64,26.89,26.96,26.73,26.96,27.05,27.05,26.89,26.80,26.80,26.96,26.89,27.22,26.73,26.89,26.73,27.05,26.89,26.64,26.96,26.80,26.64,27.13,27.13,26.56,26.73,26.56,27.13,27.05,26.73,26.73,26.73,26.73,27.05,26.89
26.89,27.36,26.64,26.80,26.73,26.80,26.73,26.80,26.64,26.96,26.64,27.29,26.89,27.36,26.56,26.96,26.64,26.64,26.64,26.80,26.80,26.96,26.73,26.96,26.89,26.47,26.73,26.80,26.73,27.05,26.73,26.96,26.73,26.73,26.73,27.05,26.64,26.89,26.73,26.56,27.05,26.96,27.13,26.73,26.80,26.96,26.89,26.64,27.13,27.22,27.29,27.05,26.96,26.73,26.80,26.96,26.80,26.80,26.80,26.73,27.05,27.13,27.05,27.13,26.73,27.05,26.73,27.05,27.22,26.89,26.96,26.96,26.89,26.96,26.56,26.73,26.64,26.96,27.13,26.89,26.64,26.56,26.73,26.80,26.73,27.05,26.73,26.89,27.05,27.45,26.73,26.64,26.89,26.89,27.13,27.05,26.80,26.73,26.89,26.73,27.05,27.05,26.64,27.22,26.89,26.73,26.73,26.89,26.96,26.89,26.96,26.80,26.80,27.36,27.13,26.89,26.96,27.05,26.89,26.89,26.96,26.89,26.89,26.56,27.05,26.80,27.05,27.05,26.89,27.05,26.96,27.13,26.47,26.89,26.89,26.96,26.64,27.13,26.96,26.96,26.96,26.96,26.80,27.05,26.73,26.73,26.73,26.96,27.13,26.80,26.80,27.05,26.89,27.05,26.96,26.40,26.96,26.89,26.73,26.80,26.80,27.05,26.96,27.13,26.80,26.96,26.64,26.73,26.89,27.05,27.22,26.80,26.96,26.96,27.05,27.13,26.89,26.89,27.05,26.73,27.05,27.29,26.56,26.96,27.29,26.96,27.05,27.05,27.13,27.22,26.89,27.05,26.96,26.80,26.96,27.22,27.29,26.96,27.05,26.89,26.96,26.96,26.40,26.96,27.05,27.22,27.22,27.36,26.89,27.13,26.96,27.36,27.13,27.45,27.22,26.64,26.80,26.89,26.80,26.89,26.96,26.80,26.96,27.13,27.29,27.22,26.73,27.13,26.89,26.64,27.36,26.96,27.13,26.89,27.05,27.22,26.80,26.89,27.13,26.96,26.73,26.96,26.73,26.89,26.96,27.05,27.13,27.13,26.96,26.73,26.89,26.80,27.13,26.56,26.89,26.96,26.89,26.80,27.13,26.96,27.22,26.89,26.96,26.80,27.13,27.05,26.80,26.64,27.13,27.05,26.80,26.80,27.22,27.05,26.80,26.80,26.64,26.96,26.96,26.89,26.80,26.89,26.89,27.05,26.64,26.64,26.73,27.13,26.73,26.73,26.73,26.96,27.13,26.89,26.89,26.96,27.22,26.89,26.73,26.89,26.89,26.80,26.80,27.13,26.96,26.73,27.29,26.73,26.89,27.05,26.73,26.96,26.96,26.80,26.89,26.96,26.56,26.89,26.89,26.40,26.73,27.13,26.56,26.80,26.80,26.80,26.80,26.89,26.31,26.96,26.47,26.56,27.05,27.36,26.96,26.96,26.96,26.64,26.96,27.22,26.73,26.96,27.29,27.13,26.96,27.13,26.80,27.05,27.05,27.05,26.80,26.73,26.56,27.05,26.40,27.05,26.73,27.05,26.96,26.64,27.05,26.89,27.05,26.64,26.73,27.13,26.40,26.47,26.73,26.96,27.22,26.31,26.96,27.05,26.80,26.96,26.89,26.96,26.89,26.64,26.80,26.80
26.47,26.80,26.73,26.80,26.73,27.05,26.47,26.80,26.89,26.64,26.80,26.89,26.96,26.56,26.64,26.80,26.56,26.89,27.22,26.80,26.73,27.29,26.80,27.13,26.80,27.05,26.40,27.13,27.13,26.64,26.80,27.05,27.22,26.89,26.89,26.56,26.96,26.56,26.96,26.96,26.96,26.73,26.89,26.80,26.80,27.05,26.80,27.22,26.80,26.89,27.13,27.22,27.36,26.89,27.13,27.45,26.96,27.05,27.22,27.05,27.29,26.80,27.13,27.13,26.89,27.13,26.80,27.05,26.64,26.89,26.80,26.64,27.05,26.73,26.89,26.80,26.89,26.96,26.80,26.96,27.05,26.80,26.64,26.73,26.80,26.80,26.73,27.13,27.05,27.05,26.96,26.80,26.89,26.89,26.96,26.80,26.96,26.80,27.05,27.05,27.13,27.05,26.80,27.22,26.96,26.73,27.13,26.89,27.05,26.56,26.89,26.80,27.05,26.96,27.05,26.73,26.80,27.36,26.89,27.05,26.96,26.89,26.96,27.13,27.05,27.13,26.96,26.80,26.89,27.13,27.05,26.73,26.96,26.89,26.56,27.29,27.36,26.96,27.05,26.80,26.80,26.89,26.96,26.96,26.80,26.96,26.80,26.73,27.05,26.89,26.96,27.13,26.80,26.89,26.89,26.96,26.73,26.89,26.64,26.89,27.13,27.22,27.29,26.64,27.05,27.22,26.64,26.96,26.80,26.89,27.05,26.96,27.22,26.89,27.36,26.80,26.96,27.05,27.13,26.89,27.13,26.96,27.22,27.22,26.47,26.73,27.05,27.05,27.36,26.73,26.89,27.36,27.05,26.96,27.29,27.29,27.05,27.13,27.29,26.73,26.56,27.05,26.80,26.96,27.13,27.22,26.80,27.13,26.96,26.96,26.73,26.89,27.22,26.80,27.13,27.22,26.80,26.89,27.05,27.13,27.05,27.05,26.96,27.05,27.13,26.64,26.96,26.73,27.22,26.73,27.05,27.22,26.89,27.22,27.13,26.89,27.13,26.73,26.80,26.73,27.13,27.13,26.96,27.05,26.80,26.80,26.80,26.73,26.64,26.64,26.89,26.73,27.53,26.64,27.29,27.05,27.05,26.89,26.96,26.80,27.13,26.89,26.73,26.80,26.64,26.80,26.80,26.96,26.80,26.80,26.96,26.89,27.29,26.80,26.96,26.73,26.64,27.13,27.05,26.73,26.80,26.89,27.05,26.73,26.96,27.05,27.05,26.96,26.80,26.64,26.64,26.96,26.89,26.89,26.56,26.80,26.89,27.05,26.80,26.80,27.13,26.80,26.80,27.13,27.13,26.73,27.13,26.80,26.80,26.89,26.64,26.89,26.80,26.80,26.96,26.96,26.96,26.80,26.96,27.13,26.47,26.89,26.96,26.80,26.56,26.80,27.22,27.13,26.89,27.05,26.96,26.80,26.96,26.89,26.64,27.05,27.13,27.05,27.05,27.05,26.89,27.45,26.73,27.22,26.73,27.22,26.64,26.96,26.96,26.73,27.05,26.96,26.96,26.96,26.56,26.96,27.13,26.47,27.13,26.96,27.05,26.89,27.22,26.80,27.05,26.73,26.96,27.05,26.96,26.73,27.22,27.05,26.89,26.96,26.96,26.73,26.89,26.96,26.64,26.89,27.22,26.89
26.80,27.05,26.73,26.80,26.96,26.80,26.56,26.96,26.64,27.29,26.73,26.73,27.05,27.13,26.64,26.80,26.73,27.13,26.80,26.47,26.73,27.22,26.89,26.89,27.29,26.80,27.13,26.73,26.73,26.56,26.47,26.73,26.96,27.05,26.73,27.05,26.73,26.96,26.89,26.80,26.96,26.96,26.89,27.22,27.22,26.96,26.80,26.96,27.05,27.05,27.29,26.89,27.05,26.89,27.29,27.05,26.89,27.22,27.13,27.05,27.05,26.89,26.73,26.56,26.96,27.29,27.45,27.29,26.89,27.13,26.80,26.80,26.73,26.80,26.80,27.05,26.80,26.89,26.89,26.80,27.13,26.64,26.80,26.96,26.73,27.05,26.80,26.80,26.80,26.80,26.96,26.96,27.05,26.64,26.73,26.80,27.05,26.89,27.05,27.13,26.96,26.89,26.80,26.73,27.05,27.05,26.56,26.89,26.96,26.73,27.05,27.05,26.64,27.13,26.89,26.73,26.96,27.13,26.80,27.05,26.73,26.73,27.05,27.13,26.80,26.80,27.05,27.05,26.73,26.73,26.47,27.05,26.96,26.89,26.89,26.89,27.29,27.29,26.89,26.96,26.64,27.05,27.29,27.05,26.80,26.73,26.73,26.89,27.29,27.22,26.80,26.96,26.80,26.80,26.89,26.56,26.73,26.80,26.56,26.89,26.80,26.89,26.64,27.22,26.89,27.29,26.64,27.05,26.96,27.22,27.05,26.89,26.80,26.89,26.96,26.80,26.73,27.13,26.80,26.96,27.05,27.22,26.96,27.22,26.96,27.36,26.73,26.89,26.89,26.80,27.05,27.22,26.89,26.89,26.89,26.80,26.96,26.89,27.22,26.89,27.05,26.64,26.80,26.80,27.45,27.05,27.22,26.73,26.80,27.05,26.89,27.05,26.80,27.45,27.05,26.96,26.96,26.96,26.96,26.96,26.73,27.13,26.96,26.80,27.29,26.73,26.80,26.73,26.96,26.47,26.89,26.89,27.22,26.96,26.89,26.80,26.80,27.13,27.05,26.96,26.80,26.96,26.73,26.96,26.96,27.05,26.96,26.89,27.13,27.05,27.29,27.13,27.22,27.22,26.64,26.89,26.89,26.89,26.96,26.89,26.96,26.73,26.73,26.96,26.73,26.80,26.89,26.73,26.80,27.05,26.89,26.73,26.73,26.80,26.73,26.96,26.96,26.89,26.73,26.96,26.96,26.96,27.05,26.96,26.80,26.89,27.13,26.89,26.89,26.89,27.29,26.80,26.73,26.56,27.05,26.47,27.13,26.64,27.13,26.64,26.80,26.96,26.96,26.96,26.96,26.89,26.89,26.80,26.96,26.73,27.05,26.89,26.96,26.64,26.89,26.56,26.73,27.29,26.89,27.05,26.73,26.96,26.40,26.89,27.13,26.73,27.13,26.64,26.80,27.13,26.56,27.29,26.80,26.96,26.73,26.96,27.05,26.56,27.05,26.89,26.96,26.96,26.96,26.96,27.13,27.05,26.64,26.56,26.64,26.96,26.80,26.96,27.13,26.80,26.64,27.05,26.64,26.89,26.73,26.47,26.56,26.73,26.96,26.96,27.13,26.47,26.89,26.80,26.73,26.89,27.05,26.56,26.80,26.89,26.96,26.73,26.80,26.64,26.80,26.80,26.73,26.56
26.89,26.80,27.05,26.96,27.05,26.47,26.80,26.47,26.73,26.89,26.56,26.89,26.89,26.96,26.73,26.89,26.64,26.73,26.89,26.73,26.89,26.47,27.05,26.73,26.64,27.05,26.73,26.80,26.64,27.05,26.96,26.73,26.64,26.64,26.89,26.89,26.96,26.96,27.05,26.89,26.73,27.13,27.29,26.89,26.89,26.89,26.64,27.36,27.22,26.96,27.13,26.96,27.05,27.13,27.05,27.13,26.80,27.22,26.73,26.80,27.05,26.73,27.22,27.13,26.80,26.89,26.73,27.05,26.73,26.96,26.89,26.96,27.05,27.05,26.96,26.96,26.96,26.96,26.96,26.64,26.89,26.89,27.13,27.13,26.56,27.05,26.96,26.56,26.89,26.64,27.13,26.80,27.05,26.56,26.73,26.73,27.13,26.96,26.64,27.05,26.73,27.22,26.89,26.73,26.80,27.29,27.13,26.80,26.80,26.89,26.96,26.89,26.89,27.29,26.80,26.80,27.05,26.64,26.80,26.73,26.73,26.80,26.96,27.05,26.80,26.64,27.05,27.05,26.89,27.05,26.80,26.64,26.89,26.89,26.80,26.73,27.22,26.80,26.89,26.89,26.89,27.13,26.96,26.96,26.80,26.73,26.89,26.89,26.96,26.89,27.05,26.89,26.89,27.22,26.64,26.73,27.13,27.13,26.80,26.96,26.80,26.89,26.64,26.89,26.80,27.29,26.89,27.13,26.89,26.80,26.80,27.05,27.53,27.36,26.96,26.73,26.96,27.29,26.89,27.22,27.29,27.53,27.13,26.89,27.05,27.22,27.29,27.13,27.45,26.56,27.05,26.80,27.13,27.36,26.73,26.89,27.05,26.89,26.96,27.22,27.29,26.73,27.05,26.80,27.36,26.96,26.89,27.13,26.64,26.96,26.80,27.05,27.53,27.36,26.96,26.96,27.45,27.36,26.89,27.05,27.13,27.05,26.96,27.05,26.89,26.89,26.73,26.73,27.05,26.73,27.05,26.89,27.13,27.05,27.05,26.80,26.80,26.89,26.80,26.73,26.89,27.05,26.96,26.64,26.73,26.89,26.96,26.96,27.13,26.89,26.96,26.80,26.96,26.80,26.96,26.89,27.05,26.89,26.73,27.22,26.73,26.96,26.64,26.73,26.80,27.13,26.73,27.05,26.73,26.80,26.89,26.73,26.89,27.05,27.05,26.64,26.96,26.64,27.13,27.13,27.13,27.22,26.89,27.05,26.80,26.89,26.96,26.73,26.40,26.56,26.96,26.96,26.56,26.80,26.73,26.47,26.80,26.80,27.05,26.73,26.89,26.80,26.89,26.56,26.56,27.22,26.73,26.80,26.56,26.73,26.89,26.56,26.73,27.22,26.89,26.89,26.96,26.56,26.96,26.96,26.80,26.40,27.13,26.47,26.80,26.89,27.05,26.89,26.89,27.05,26.96,27.05,26.73,27.22,27.29,26.96,27.05,26.89,27.22,26.80,26.56,27.05,26.96,26.96,26.89,26.96,26.89,26.89,27.05,27.05,26.96,27.13,26.56,26.80,26.64,26.56,26.89,26.73,27.05,26.89,27.13,26.73,26.56,26.80,26.80,26.64,27.22,26.73,27.13,27.05,27.29,26.56,26.89,26.89,26.64,27.36,26.80,26.73,26.96,26.80,26.64,26.64
26.89,26.89,26.89,26.80,26.47,26.89,26.89,26.64,26.89,26.64,26.73,26.56,26.56,26.47,27.29,26.89,26.73,26.80,26.73,26.89,26.80,26.64,27.22,26.64,26.89,26.96,26.64,27.13,26.96,26.73,26.73,27.13,26.96,26.56,27.22,26.56,26.89,26.89,26.47,27.13,27.22,27.05,27.05,26.80,27.05,27.05,26.89,27.13,26.89,26.80,27.22,27.13,26.80,26.89,27.05,26.80,27.13,27.29,26.96,27.22,26.89,27.05,27.05,26.73,26.96,27.05,27.05,27.05,26.96,26.64,26.96,26.80,26.73,26.80,26.96,26.96,26.80,26.73,27.13,26.64,26.80,26.89,26.56,26.47,26.80,27.05,26.73,26.89,26.73,26.73,26.80,26.96,27.22,27.05,27.05,26.96,26.96,26.73,26.47,26.47,26.64,27.05,26.89,27.45,26.96,26.73,27.05,26.96,27.13,26.73,27.13,26.80,26.96,27.05,27.05,27.13,26.96,27.29,26.73,26.64,26.96,27.22,27.13,27.05,26.73,26.89,27.05,27.05,26.89,26.96,26.64,26.96,26.89,26.89,27.29,26.96,27.13,26.64,26.64,26.73,26.89,26.56,26.96,27.05,26.73,26.64,27.22,26.89,26.73,26.96,27.05,27.05,26.47,26.89,26.73,26.96,27.05,26.73,26.89,26.56,26.96,26.80,27.13,26.96,26.96,26.80,26.96,26.73,26.96,27.13,26.96,26.89,27.05,26.80,26.89,26.89,26.96,27.22,26.80,26.80,27.22,26.73,26.96,27.13,27.13,26.89,27.22,27.13,26.89,27.22,27.29,26.89,27.05,26.96,27.22,26.89,26.96,26.96,26.96,27.13,27.05,26.73,26.73,26.96,26.96,27.29,26.89,27.22,27.45,27.05,27.29,27.13,26.80,27.29,27.29,27.13,26.64,26.89,26.80,27.29,26.89,26.73,26.96,27.22,27.05,26.80,26.89,26.96,26.96,26.73,26.89,26.64,26.73,27.05,26.96,26.80,26.89,27.13,27.22,26.96,27.29,26.64,26.73,26.64,26.96,26.80,26.56,26.96,26.80,26.73,27.05,26.96,26.64,26.96,27.29,26.89,27.13,26.96,26.96,27.13,27.05,27.13,26.96,27.13,27.05,26.80,26.96,26.96,26.80,27.13,27.13,26.89,26.73,27.05,26.73,26.80,26.80,27.05,27.05,26.89,26.56,26.73,26.73,26.80,27.05,26.56,27.05,27.13,26.80,27.05,26.96,27.29,27.22,26.89,26.80,26.89,26.64,26.89,26.96,26.96,27.13,26.96,26.96,26.64,26.47,26.96,26.89,26.80,26.96,26.96,26.89,26.80,26.80,26.89,26.73,26.89,26.80,26.80,27.13,26.89,27.05,26.64,27.05,26.80,26.80,27.05,26.80,26.73,26.96,26.89,26.80,26.56,27.05,27.05,27.22,26.96,27.05,26.80,27.05,27.05,26.96,27.45,26.96,26.96,27.05,26.96,26.80,27.22,26.89,26.89,26.96,26.89,27.13,27.05,26.89,26.96,27.13,26.96,26.96,26.89,27.13,27.05,26.80,26.96,27.13,27.05,26.96,26.64,26.40,26.89,27.29,26.89,26.89,26.80,26.73,27.05,26.80,26.96,26.80,26.80,27.13,26.89
26.73,26.73,26.73,26.80,26.73,26.89,27.29,26.64,26.80,26.89,27.05,26.64,27.05,26.80,26.73,26.89,27.36,26.89,26.80,26.96,26.56,27.05,26.96,27.05,26.96,27.05,27.05,26.73,26.73,26.47,27.22,26.73,26.73,27.13,27.05,27.13,26.47,26.89,26.96,26.89,26.64,26.80,26.80,27.22,26.64,27.13,26.96,26.96,26.89,26.96,26.73,26.89,27.22,27.22,27.29,26.73,26.89,27.13,26.96,26.89,26.64,27.05,26.89,26.80,27.13,26.96,26.73,26.73,27.13,26.89,26.96,26.80,26.73,26.80,26.96,26.80,26.64,27.13,26.80,26.64,26.80,27.13,26.89,26.96,26.89,26.89,27.22,26.80,26.96,26.80,26.96,26.64,27.22,27.13,26.47,27.29,27.05,26.80,26.73,27.29,27.13,26.96,26.56,27.13,27.05,26.89,26.64,26.89,26.64,26.73,27.13,26.89,26.80,26.80,26.96,26.96,26.73,27.05,26.73,26.96,26.80,26.80,27.05,26.89,27.13,26.89,26.80,27.29,26.96,26.64,26.80,27.22,26.89,26.89,27.22,27.05,27.13,26.64,26.89,26.64,26.64,26.73,26.73,26.89,26.80,26.89,26.80,26.73,26.64,26.64,27.22,26.80,26.96,26.96,27.22,26.96,26.56,26.14,27.05,27.22,26.80,26.80,26.80,27.29,27.05,27.13,26.40,26.89,27.22,27.05,26.89,27.13,26.96,26.89,27.29,26.96,26.89,27.36,26.73,27.13,27.45,26.80,27.13,27.36,27.13,27.22,26.96,27.45,26.96,27.45,27.13,26.47,26.80,27.22,27.05,26.96,27.22,27.22,27.13,27.29,26.96,27.22,27.13,27.45,27.22,27.29,26.64,27.05,26.73,26.89,27.29,26.96,26.96,27.05,26.89,27.13,26.96,26.96,26.96,26.80,26.96,27.22,26.73,27.05,26.96,26.80,26.64,26.89,26.64,26.89,27.13,26.89,26.96,26.73,26.73,26.96,26.96,26.80,27.22,26.89,26.89,27.13,26.56,26.89,26.96,26.96,26.80,26.80,26.73,26.96,26.80,26.96,27.29,26.89,27.05,26.64,26.89,26.89,27.05,26.80,26.89,26.80,26.73,26.80,27.22,26.96,27.05,27.13,26.96,26.73,26.96,26.89,26.96,26.96,26.89,26.80,26.80,26.96,26.96,26.80,26.96,27.05,26.89,26.96,26.73,26.56,26.73,26.89,26.80,26.89,26.89,26.73,26.96,26.96,27.05,26.64,27.05,26.73,26.80,26.47,27.22,26.56,27.22,27.13,26.73,26.73,26.89,27.45,26.96,27.05,26.64,26.96,27.13,26.89,26.96,26.56,26.89,26.73,26.89,26.89,27.22,26.73,26.89,26.89,26.73,26.56,26.80,26.64,26.96,26.31,26.89,27.05,26.96,26.80,26.80,27.13,27.22,26.96,27.22,26.89,26.56,27.36,26.96,27.13,27.13,27.29,26.64,27.13,26.89,27.22,26.96,26.56,26.89,26.80,27.22,27.29,27.13,26.89,26.89,27.05,26.73,26.73,27.29,26.96,26.64,27.13,26.89,27.05,26.89,27.13,27.05,27.13,26.89,27.05,26.64,26.73,26.80,27.36,26.64,26.64,26.64,26.64
26.56,26.89,26.80,26.89,26.89,26.73,26.80,26.96,26.56,26.89,27.05,26.47,27.05,27.13,26.80,26.73,26.73,26.73,26.89,26.96,26.96,26.47,27.05,26.64,26.80,27.13,26.56,27.13,26.80,27.05,27.05,26.73,26.73,26.64,26.89,26.80,27.22,26.64,27.29,26.96,27.05,27.05,26.56,27.05,27.05,26.96,27.05,26.96,27.05,26.89,27.05,26.96,27.05,27.29,26.96,27.05,27.05,26.89,27.22,27.05,26.96,26.73,26.96,26.73,26.96,26.89,26.96,26.89,26.64,26.73,26.96,26.64,27.05,26.73,27.05,27.13,26.73,27.13,26.96,26.96,26.80,27.05,26.80,26.47,27.05,26.89,26.64,26.64,26.80,26.64,27.22,27.29,27.05,26.73,26.73,26.89,27.05,27.22,26.89,26.89,26.96,26.56,26.96,26.96,26.80,26.89,26.89,26.73,27.05,26.96,27.05,27.05,27.13,26.89,26.80,27.05,27.05,26.56,26.56,26.96,27.05,26.89,27.05,26.80,26.89,26.73,26.56,26.73,27.05,26.96,27.05,26.73,26.64,26.56,26.89,26.56,27.22,26.64,27.13,26.80,26.73,27.05,26.80,26.80,27.13,26.89,26.73,27.13,26.89,26.73,26.80,27.13,27.05,26.56,26.64,27.05,27.13,26.89,26.80,27.29,26.80,26.64,26.80,26.80,26.96,26.96,26.89,27.13,27.29,26.89,26.96,26.89,26.89,26.80,26.64,27.05,27.22,27.22,26.89,26.96,26.56,27.36,27.05,27.13,26.56,27.22,27.45,27.05,26.89,27.05,27.13,26.64,27.36,27.13,26.89,27.05,27.05,26.89,27.29,26.96,26.64,27.05,26.96,26.89,26.80,26.89,27.13,27.22,27.22,26.80,27.05,27.22,26.73,27.05,27.13,27.05,27.13,26.64,26.96,26.80,26.96,26.89,26.96,27.29,26.89,26.96,26.73,27.13,27.29,27.36,27.45,27.13,26.89,27.13,27.36,27.22,26.89,26.96,26.73,27.05,26.96,26.80,26.89,26.80,26.89,26.80,27.05,26.80,26.89,26.89,27.05,27.05,26.80,26.56,26.14,26.96,26.89,27.05,26.80,26.80,26.96,27.05,26.73,26.89,26.96,27.05,26.80,26.80,26.89,26.96,26.73,26.80,26.31,26.89,27.36,26.96,26.96,26.96,26.31,26.89,26.96,26.96,27.29,27.13,26.89,26.73,27.13,27.05,26.80,26.64,27.05,27.13,26.80,27.05,26.80,26.80,27.05,26.80,26.80,26.96,26.73,26.96,27.29,26.96,26.89,26.80,26.96,27.05,26.89,26.80,26.80,26.89,26.89,27.13,27.22,26.89,26.73,26.80,26.80,26.73,27.05,27.05,27.05,26.80,27.05,26.96,26.89,27.13,26.80,27.13,26.80,26.89,26.96,27.13,27.05,27.22,27.36,27.13,26.56,27.29,26.96,26.89,26.96,26.80,26.80,26.96,26.89,26.96,26.89,26.96,26.89,26.80,26.64,27.22,26.80,26.80,27.29,26.73,26.47,26.47,26.89,26.80,27.22,26.89,27.13,27.05,26.89,26.64,26.89,26.89,27.29,27.05,27.05,27.13,26.89,26.73,26.89,27.05,26.80,26.73,26.80,27.22
26.96,26.73,26.73,26.80,26.56,26.80,26.80,26.96,26.80,26.96,26.80,26.80,26.89,27.13,27.13,26.89,27.13,27.13,26.80,26.89,26.89,26.47,26.64,27.05,26.73,26.80,26.64,27.13,26.96,26.73,26.56,26.96,27.22,27.22,26.64,26.64,26.96,26.80,26.80,26.80,27.13,26.64,26.89,26.96,26.80,26.80,26.96,26.96,26.80,26.56,26.89,26.64,27.13,26.64,26.80,26.96,26.64,26.89,26.56,27.22,26.64,26.89,26.80,27.05,27.05,26.89,26.80,26.64,27.13,26.96,26.64,26.96,26.73,27.05,26.89,26.96,26.80,26.89,27.22,27.05,26.80,26.80,26.96,26.89,26.89,26.89,26.89,26.89,26.80,26.96,26.80,26.89,27.05,27.13,26.80,26.96,26.89,26.96,26.56,27.29,26.89,26.64,26.96,26.89,27.05,27.05,26.96,26.56,26.80,26.89,26.89,27.05,26.56,26.96,26.89,26.89,26.96,26.89,26.64,26.73,26.64,26.64,27.36,26.96,26.80,27.13,26.47,26.80,26.80,26.80,26.89,26.80,26.73,26.56,27.13,26.96,26.73,27.22,27.22,27.13,26.73,27.05,26.73,27.29,26.64,26.80,26.89,27.13,26.89,27.13,26.73,26.80,26.80,26.89,26.89,27.13,27.05,26.64,26.47,27.29,26.96,27.13,26.40,26.47,26.80,27.22,26.80,26.89,26.56,27.05,26.80,27.29,26.73,26.80,26.64,27.05,27.13,26.80,26.96,26.64,26.80,26.80,27.45,26.96,27.22,26.89,26.73,26.89,27.13,27.13,27.05,26.89,27.13,27.05,27.36,27.36,26.80,26.89,26.89,26.89,27.45,27.05,26.89,26.96,26.96,27.05,26.64,26.96,26.89,27.13,27.22,27.05,27.05,27.05,26.80,26.89,27.05,26.96,26.96,26.64,26.96,26.96,26.89,27.13,26.73,26.96,26.56,26.89,26.96,26.73,26.56,26.64,26.89,26.80,26.89,26.80,26.80,26.89,26.96,26.96,26.89,26.89,26.80,26.89,26.89,26.96,26.89,26.80,26.73,26.80,27.05,26.80,26.96,26.80,26.73,26.89,26.96,27.13,26.89,27.13,27.05,26.73,27.05,27.36,26.96,26.73,27.13,26.80,26.96,26.73,26.80,27.22,26.73,26.80,26.64,26.80,26.80,27.05,26.89,26.80,26.89,26.96,26.31,26.89,26.64,26.73,26.96,26.96,27.13,26.96,26.73,26.96,26.89,26.96,27.29,26.73,26.23,26.89,26.96,27.13,26.89,27.05,27.05,26.73,27.05,26.80,27.22,26.56,27.05,27.13,26.80,26.73,26.89,26.96,26.96,26.89,27.22,26.80,26.89,27.05,26.96,27.13,26.89,26.80,26.89,27.05,26.89,26.96,26.80,27.13,26.73,26.89,26.89,26.96,27.05,27.13,26.96,26.89,26.56,27.22,27.05,26.96,26.89,26.64,27.22,26.89,26.56,26.96,26.64,26.64,26.89,26.56,26.64,26.96,26.73,26.89,27.29,26.89,26.73,27.05,26.73,27.05,27.13,26.96,26.96,26.73,26.96,26.89,26.96,27.13,27.36,26.96,26.80,27.29,27.22,26.80,26.64,27.05,27.13,27.22,26.73,27.05
27.45,26.89,26.80,26.80,26.73,26.64,26.56,26.80,27.05,26.96,26.64,26.96,27.29,26.96,26.89,26.73,26.80,26.89,26.73,27.13,26.89,26.64,27.29,26.73,26.96,27.13,26.89,27.05,26.96,27.05,26.47,27.22,27.05,27.13,27.22,27.22,27.13,26.80,26.96,26.89,26.96,27.05,27.22,26.96,27.05,27.13,27.13,26.89,27.13,27.13,27.05,26.73,27.13,26.73,26.96,26.96,26.89,26.73,26.73,26.96,26.96,26.56,27.05,27.13,26.64,27.05,26.89,26.96,26.80,26.96,27.05,27.05,26.89,26.89,27.13,27.13,26.96,27.22,26.64,26.64,26.73,26.64,27.05,26.89,27.05,26.89,26.96,26.96,26.73,26.89,26.64,26.47,26.89,26.73,26.56,26.56,26.80,27.36,27.13,26.80,26.64,27.05,27.05,26.89,26.64,26.96,27.05,26.56,26.96,26.80,26.80,26.89,27.22,26.96,26.96,26.47,26.80,26.89,27.13,27.05,26.89,26.64,27.29,27.22,26.80,26.80,26.73,26.89,26.96,27.05,26.89,26.64,26.96,27.05,26.73,26.73,26.80,26.80,27.05,27.13,26.73,27.05,26.89,26.96,26.80,27.22,26.80,26.73,26.80,27.13,27.05,26.96,26.89,27.05,26.89,26.80,27.22,26.80,26.56,26.80,26.73,26.73,27.13,27.05,26.64,27.13,26.80,26.89,27.22,26.80,27.13,27.29,26.96,26.89,27.22,26.96,27.22,27.05,27.13,27.05,26.80,26.96,27.29,27.05,26.80,27.13,26.89,26.56,27.05,27.29,27.05,27.13,27.13,27.13,26.89,26.96,27.13,27.13,27.13,27.53,26.96,26.89,27.29,26.73,27.36,26.80,26.89,27.05,27.22,27.22,26.96,26.96,27.29,27.13,26.96,27.05,26.89,26.96,27.29,26.96,26.80,27.13,26.89,26.96,26.89,26.80,26.73,26.89,26.73,26.73,27.13,26.96,26.96,26.89,27.45,26.89,27.05,26.96,26.89,27.29,26.96,26.80,26.73,26.64,26.73,26.73,27.22,26.73,26.96,26.64,26.96,26.96,26.80,26.96,26.80,26.96,27.05,27.29,27.22,27.05,26.96,26.56,26.96,26.64,26.89,27.05,26.89,26.73,26.89,26.89,26.89,26.96,27.22,26.80,26.56,26.89,27.13,27.29,26.89,26.80,26.96,26.89,26.89,27.13,26.89,26.56,26.73,26.96,27.05,26.89,26.80,26.89,26.80,26.80,26.96,26.64,26.89,26.96,26.96,26.96,26.56,26.64,27.05,26.96,26.89,26.64,26.89,26.80,26.96,26.80,27.13,26.47,26.89,26.47,26.47,26.80,26.96,27.05,26.80,26.73,26.80,26.64,26.80,26.40,26.73,26.89,27.05,26.96,26.89,27.05,27.05,26.89,27.13,27.22,27.13,26.56,27.05,26.96,27.22,26.80,26.56,26.64,26.56,27.13,26.96,27.05,26.89,26.89,26.96,26.96,26.64,27.13,26.96,26.47,26.89,26.89,26.96,26.64,27.13,27.05,26.89,26.89,26.89,26.89,27.05,26.89,26.89,26.64,26.56,27.13,26.96,26.80,26.89,26.73,26.80,26.64,26.56,26.64,26.56,26.56,27.05,27.29
26.96,26.80,27.05,27.05,26.73,26.73,26.96,26.89,27.13,26.80,26.96,26.89,26.80,27.22,26.80,26.96,26.89,26.31,26.80,26.64,26.89,26.80,27.05,26.47,27.29,26.89,26.73,27.13,26.47,27.05,26.89,26.56,27.05,26.80,26.64,27.05,27.13,27.29,27.13,26.73,26.96,26.80,26.96,26.73,27.13,26.96,26.89,26.80,26.89,27.22,27.13,27.05,26.73,27.29,27.29,26.80,27.05,27.29,26.96,26.56,27.22,27.13,26.96,26.89,26.89,27.36,26.89,26.73,26.64,26.96,26.89,27.22,27.13,26.96,26.64,26.73,26.64,27.05,26.89,26.56,26.89,26.80,26.96,26.96,26.96,26.64,26.96,27.05,26.96,26.96,27.13,26.80,26.80,26.96,26.89,26.80,26.89,27.13,26.89,26.96,26.96,26.96,26.96,26.80,27.13,26.80,26.96,26.73,26.96,27.05,27.05,27.45,26.89,26.80,26.96,27.22,27.36,26.96,27.05,26.73,26.96,27.05,27.13,26.96,26.96,26.89,26.89,26.80,26.56,26.64,26.96,26.89,27.22,26.96,26.96,26.64,27.05,26.64,26.89,26.89,26.64,26.96,26.73,26.96,26.73,27.05,27.13,26.80,26.96,26.89,27.22,27.22,27.13,26.89,27.13,26.89,26.80,26.73,26.89,26.89,26.73,26.96,26.89,27.05,26.73,26.89,26.73,26.89,27.13,26.96,26.96,27.05,27.45,27.62,27.36,27.22,26.89,26.96,27.05,27.05,26.64,26.89,27.36,27.13,27.36,27.36,27.36,27.05,27.45,27.22,27.05,27.22,26.96,26.96,26.96,26.96,26.96,27.36,27.36,27.29,27.13,26.96,26.96,26.96,27.45,26.89,27.36,27.13,26.56,26.96,26.89,27.05,27.29,26.73,27.45,27.13,27.05,26.89,26.96,27.13,26.64,26.73,27.05,26.89,26.89,26.89,26.96,26.80,27.13,27.13,26.73,26.80,27.29,27.13,27.13,27.13,26.96,27.13,26.80,26.96,26.89,26.96,26.89,27.05,26.80,26.96,27.13,26.96,27.05,27.05,26.96,27.05,26.73,26.64,26.89,26.73,26.80,26.80,26.89,26.73,27.13,26.96,27.13,26.73,26.80,26.96,26.96,26.89,26.80,26.96,26.56,26.80,26.96,26.73,26.80,27.13,26.96,26.96,26.64,26.96,26.64,26.80,26.89,26.80,26.80,26.64,26.64,27.05,26.89,26.73,27.22,26.96,26.64,26.64,26.89,27.22,27.36,27.05,26.80,26.89,26.89,26.96,26.89,27.05,26.89,26.73,27.13,26.96,26.73,26.96,27.05,26.73,27.05,27.22,27.05,27.45,27.05,27.05,27.05,26.80,26.73,27.05,26.64,26.89,26.96,26.96,26.80,27.13,27.13,26.80,26.80,26.73,27.05,26.80,27.13,26.89,26.96,27.05,27.29,27.13,26.96,27.05,27.05,26.89,27.29,27.13,27.13,26.73,27.05,26.96,27.13,27.05,26.96,26.89,27.05,26.89,26.89,26.96,26.89,26.80,26.96,26.47,26.89,26.89,27.05,26.89,27.05,26.89,26.73,26.89,26.73,26.89,26.89,27.22,27.13,26.89,26.64,26.80,26.89,26.73,26.89,26.56
26.96,26.96,26.89,26.47,26.96,26.73,26.96,26.89,26.73,26.89,26.89,26.89,27.13,26.73,27.29,26.80,26.89,26.89,26.89,26.64,27.22,26.89,26.80,26.80,26.89,27.13,27.13,26.89,26.56,26.73,26.73,26.47,26.64,26.73,26.89,27.13,26.89,26.64,26.96,26.89,27.05,27.29,26.89,26.96,27.13,26.96,26.89,27.05,26.96,27.22,26.96,27.05,26.96,26.96,27.22,26.89,27.22,27.05,27.05,27.13,27.13,26.80,27.05,27.29,27.13,27.05,26.96,26.89,26.56,27.13,26.89,26.89,27.13,27.29,26.96,26.96,26.73,26.89,26.89,26.96,26.80,26.96,26.73,26.96,27.05,27.13,26.64,26.89,26.96,26.64,26.89,26.96,27.13,26.96,26.73,26.64,26.73,26.80,26.96,26.80,27.13,26.80,26.80,26.73,26.89,26.89,26.80,26.64,26.80,27.22,27.53,26.73,27.29,27.13,27.05,26.96,27.05,26.89,26.80,26.89,26.80,26.96,26.89,26.89,26.64,27.22,26.64,26.73,26.64,26.89,27.05,26.89,26.56,26.96,26.89,26.96,27.13,26.96,26.73,26.96,27.05,26.89,27.05,26.89,26.64,27.29,27.22,26.73,26.96,26.89,27.13,26.80,27.22,26.80,27.22,26.40,26.96,26.80,27.36,26.73,26.64,26.96,26.73,27.13,26.89,26.80,26.64,27.05,27.13,26.89,27.05,26.73,27.05,26.96,27.29,26.89,27.29,26.80,27.05,26.80,26.96,27.22,27.36,27.36,27.13,27.22,27.05,26.96,27.05,27.13,27.05,26.96,27.29,26.80,27.13,27.22,27.13,27.29,26.96,26.96,26.89,26.89,26.80,26.80,27.13,27.29,27.22,26.89,27.05,27.05,27.36,27.13,27.22,27.22,27.13,27.22,26.96,26.89,26.80,26.89,26.89,26.89,26.80,27.45,26.96,26.89,26.89,26.96,27.22,26.96,27.13,26.96,26.64,27.36,26.89,26.80,26.89,26.80,26.96,27.05,26.96,26.96,26.96,26.96,26.89,26.89,27.05,26.73,27.05,26.89,26.64,26.64,26.96,26.89,26.96,26.64,26.80,26.80,26.89,26.80,27.05,26.89,26.96,26.89,26.96,27.13,26.89,27.13,26.89,26.80,26.89,26.96,26.80,26.96,26.64,27.05,26.96,27.13,26.96,26.96,26.73,26.96,26.64,26.89,26.96,26.89,27.22,26.89,27.05,27.22,26.96,26.64,27.13,26.56,26.89,26.96,26.56,26.64,26.80,26.89,27.22,27.13,26.73,26.47,27.05,26.80,26.96,27.05,26.89,26.89,26.80,26.47,26.96,27.05,26.89,27.05,26.80,26.64,26.73,26.96,27.13,26.96,26.80,26.56,26.96,26.96,27.13,27.05,26.80,26.89,26.80,26.89,27.29,27.05,26.96,27.05,27.13,27.13,26.96,27.13,26.89,26.96,27.13,26.96,26.96,26.89,27.13,27.05,27.13,26.47,27.05,26.73,27.13,26.47,26.96,26.64,27.13,26.56,27.05,26.73,26.73,26.64,26.89,26.89,26.64,26.80,26.64,26.73,26.80,26.80,26.89,26.73,27.29,26.89,26.89,26.73,26.56,26.80,26.64,26.80,26.73,26.96
26.96,27.13,26.80,26.89,26.89,26.73,27.13,26.89,26.73,26.89,26.89,26.73,27.22,27.13,26.89,27.22,26.96,26.80,27.13,26.73,26.40,26.89,27.22,26.73,27.05,26.80,27.22,26.96,26.56,26.64,27.22,26.96,26.96,26.80,26.80,27.05,26.73,26.96,26.96,27.13,27.22,26.89,27.05,27.13,26.96,26.80,27.13,27.05,26.80,26.96,26.89,27.05,26.80,26.89,26.96,27.13,26.73,26.89,26.89,26.96,26.80,26.64,26.73,27.13,26.56,26.96,26.64,27.05,27.36,26.56,26.56,26.80,27.22,26.96,26.64,27.05,26.64,26.89,27.22,26.89,26.80,26.64,26.64,26.64,27.22,26.96,26.64,26.89,26.89,26.64,27.53,27.22,26.96,26.80,27.36,26.89,26.73,27.29,27.05,26.64,26.89,26.89,26.80,26.96,27.53,27.13,27.05,27.05,27.05,26.64,27.22,26.73,27.29,27.05,27.22,26.80,26.80,27.05,26.89,26.96,26.56,26.80,27.05,26.73,27.05,26.80,26.64,26.47,26.89,27.13,26.89,26.80,26.96,26.80,26.96,26.80,26.80,26.89,27.29,27.13,27.29,26.89,27.13,26.96,27.13,26.80,27.13,26.89,26.80,27.05,26.80,27.13,26.73,26.73,26.64,26.56,26.80,26.73,26.80,26.80,27.05,26.89,27.05,26.89,26.96,26.73,27.05,26.96,26.89,26.80,27.13,26.73,26.89,27.13,27.05,26.89,27.05,27.29,26.80,27.05,27.05,26.89,26.96,26.96,27.13,26.80,26.89,26.96,26.89,26.96,27.13,26.89,26.73,26.89,27.05,27.22,26.73,26.73,27.22,26.89,27.36,26.96,26.96,26.73,26.80,27.29,27.13,27.29,27.22,26.96,26.96,27.05,27.29,26.89,27.13,27.36,27.05,26.73,26.64,27.22,26.96,27.13,27.22,27.05,26.89,27.05,26.80,26.80,26.89,27.05,26.89,26.73,26.96,27.13,26.96,26.96,26.80,26.89,26.96,27.22,26.96,26.89,26.80,27.45,27.22,27.13,26.89,26.96,27.22,26.80,26.96,27.05,27.13,26.96,27.05,26.89,27.05,26.73,26.80,26.89,27.13,26.80,26.96,26.73,26.64,26.73,26.89,26.56,27.22,26.64,26.96,26.89,26.96,26.96,26.89,26.73,26.89,26.96,27.22,27.13,26.96,26.80,26.89,26.73,26.80,26.80,26.80,26.89,27.13,27.05,26.80,27.13,27.13,27.13,27.05,26.96,26.56,26.56,27.13,26.80,26.89,27.29,26.89,26.80,26.96,27.22,26.80,26.89,26.89,26.80,26.64,26.73,27.22,26.64,26.56,26.96,26.73,26.89,27.05,26.96,26.80,27.05,26.96,26.31,26.80,26.80,26.89,26.56,26.80,27.22,27.22,27.29,26.80,27.05,26.56,26.96,26.89,26.96,27.13,27.45,26.80,26.80,26.96,26.80,27.13,26.56,26.73,27.05,26.47,26.47,27.05,26.96,26.56,26.96,26.89,26.73,26.56,26.89,27.29,27.22,26.56,26.89,26.89,26.56,26.73,26.89,27.13,27.13,26.73,26.96,26.64,26.80,26.89,27.13,27.05,26.80,26.64,26.80,27.05,26.89,26.80,26.89
26.80,26.80,26.73,26.80,26.89,26.96,26.64,26.80,27.29,26.80,27.22,26.80,26.56,26.47,26.96,27.13,26.96,26.80,26.47,26.96,26.89,26.89,26.64,27.13,26.96,26.80,26.80,27.05,26.96,26.73,26.80,26.73,27.05,26.96,26.56,26.96,26.89,26.80,26.80,26.73,26.89,26.96,26.96,26.96,26.80,26.96,26.96,26.96,26.80,27.22,27.13,26.80,26.96,26.89,26.89,26.80,27.29,27.05,26.89,26.89,26.73,26.80,27.22,26.73,26.80,26.80,26.73,26.64,26.89,26.73,26.64,27.05,26.89,27.05,26.56,26.80,26.89,26.73,26.73,26.56,26.96,26.89,26.89,27.05,26.80,26.96,26.73,26.64,26.73,26.73,26.56,26.80,26.73,26.73,26.89,26.96,26.89,27.36,26.80,27.29,26.96,26.96,26.80,26.96,26.89,26.89,26.96,26.73,26.56,26.80,26.89,26.56,26.89,26.64,26.73,26.47,26.73,27.05,26.73,26.64,27.13,27.05,27.22,26.73,27.13,26.64,27.13,26.80,26.64,26.80,26.73,26.64,27.13,26.56,26.73,26.80,26.73,26.80,26.56,27.05,26.73,26.80,27.13,26.80,27.13,27.13,26.80,26.80,26.64,26.80,26.47,26.80,26.80,27.05,26.89,26.40,26.64,26.89,26.56,26.73,26.56,26.96,26.73,26.80,27.29,26.73,26.89,26.47,26.89,27.45,26.64,27.13,26.89,26.89,27.05,27.22,27.29,26.89,27.22,26.64,26.80,26.80,26.89,26.80,27.22,27.22,27.05,26.96,26.89,26.96,26.96,26.80,26.64,26.96,26.96,26.80,27.13,26.89,26.96,26.73,26.73,27.13,27.22,26.89,27.13,26.80,27.13,26.73,27.22,27.05,26.80,27.05,27.22,26.73,27.13,27.29,26.89,26.80,26.89,26.64,27.05,26.80,26.80,26.89,26.56,26.89,26.89,26.89,26.64,27.13,26.73,27.05,26.80,26.89,26.89,26.96,26.89,26.73,27.22,26.73,27.13,26.73,26.80,26.96,26.89,26.96,27.36,26.96,26.64,26.89,26.64,26.80,26.80,26.89,26.96,26.80,26.80,27.05,26.73,26.73,26.64,27.13,26.80,26.96,26.89,26.64,26.89,26.96,27.05,26.96,26.80,27.05,26.80,27.05,26.96,26.89,27.05,26.80,27.05,26.80,27.05,26.73,26.80,26.80,26.56,26.73,27.05,26.80,26.96,26.64,27.13,26.80,26.73,26.80,26.64,26.89,26.89,26.89,26.64,26.47,26.96,26.96,27.22,27.05,26.73,26.80,26.80,26.80,26.96,27.13,26.64,27.05,27.05,26.96,26.96,27.13,26.89,26.96,27.13,26.56,26.89,26.96,26.89,27.05,26.96,26.80,26.96,26.80,26.89,26.80,26.80,27.05,26.56,27.36,26.89,26.89,27.22,27.05,26.73,27.05,27.22,27.05,27.05,27.13,26.64,26.96,26.89,26.56,27.05,27.36,26.96,26.96,26.64,26.96,26.96,26.96,26.73,26.64,26.89,27.05,26.73,26.89,26.89,26.96,26.89,26.64,26.89,26.80,27.13,27.05,26.73,26.89,26.73,27.22,26.80,27.22,27.05,27.13,26.80,26.96,26.73,26.89
26.64,26.73,26.96,26.96,26.80,26.89,26.64,26.89,26.89,26.89,26.89,26.64,26.89,26.73,27.22,26.96,26.96,26.96,27.05,26.56,26.73,26.73,27.05,27.22,26.40,26.80,26.96,26.64,26.89,26.73,26.80,27.05,26.56,26.64,26.64,27.13,26.96,26.80,26.96,26.64,27.05,26.89,27.22,26.89,26.56,27.05,26.73,26.80,26.89,27.13,26.73,27.05,26.96,26.96,26.89,26.80,27.13,26.96,26.73,26.89,26.64,26.80,27.13,26.96,26.64,26.73,26.80,27.05,26.89,26.73,26.96,26.64,26.73,27.13,26.89,26.73,27.13,27.22,26.73,26.56,26.80,26.89,27.05,26.73,26.89,26.64,26.89,27.05,26.73,26.96,26.64,26.80,26.96,26.80,26.89,27.05,27.29,26.89,26.80,26.73,26.89,27.05,26.96,27.05,26.64,27.22,27.36,26.80,26.96,26.89,26.40,27.05,26.89,27.22,26.96,26.80,26.96,27.13,26.89,26.80,26.80,26.64,26.73,26.89,26.89,26.96,26.89,27.05,26.96,27.13,26.80,26.96,27.05,26.73,27.05,26.96,27.13,27.13,27.22,27.22,26.73,27.22,27.22,26.96,27.05,26.73,26.80,26.73,26.64,26.64,26.80,27.05,26.89,26.96,26.80,26.89,27.13,27.13,26.89,27.05,26.80,26.80,26.80,26.89,27.13,26.64,27.13,26.64,26.80,26.73,27.05,27.05,27.13,27.22,27.13,27.05,27.05,27.22,27.22,26.80,27.22,27.22,27.05,27.29,27.13,27.13,26.89,26.64,27.29,26.73,27.13,27.05,26.89,26.89,27.05,27.13,26.96,26.64,27.22,27.05,26.73,27.22,26.89,27.05,27.29,27.29,27.22,27.29,26.96,27.13,27.22,26.89,26.96,27.29,27.05,26.80,26.89,26.89,26.96,26.89,26.80,26.89,26.89,27.29,26.96,27.45,26.96,26.96,26.89,27.05,27.13,26.96,26.64,26.96,26.80,26.73,26.89,26.80,27.05,27.13,27.22,26.96,26.89,27.13,26.89,26.89,27.22,27.22,26.73,26.64,27.22,26.96,27.13,26.64,26.89,26.96,26.80,26.73,26.73,27.05,26.96,27.13,27.29,27.13,26.80,26.89,27.13,26.89,26.89,27.05,26.89,26.89,27.05,26.96,26.96,26.80,26.64,26.96,26.73,26.96,26.89,26.89,26.89,26.80,27.13,26.89,27.22,27.05,27.36,26.73,26.89,27.05,26.80,27.22,26.96,26.96,26.96,26.80,26.80,26.96,27.05,26.64,26.89,26.96,26.40,26.64,27.22,26.64,26.96,26.73,26.89,27.13,26.80,26.47,26.47,26.89,27.05,27.05,26.96,27.05,26.80,27.05,26.56,27.22,26.47,26.89,26.64,26.80,26.80,26.89,26.89,26.89,26.73,26.96,26.96,26.80,26.96,26.96,26.73,27.05,27.22,26.96,27.22,26.47,26.89,26.56,26.89,26.89,27.13,26.80,26.96,26.80,26.96,26.96,26.56,27.22,26.47,26.23,26.56,27.05,26.64,26.40,27.13,26.89,26.96,26.56,27.29,26.73,27.45,27.05,26.89,27.05,26.96,27.05,27.05,26.56,26.89,26.80,27.05,26.80,26.56,27.05
26.80,26.96,26.40,26.64,26.80,26.64,26.89,26.73,27.29,26.73,26.64,26.89,27.05,26.89,26.64,26.80,26.89,26.64,26.73,26.64,26.89,27.36,26.89,26.80,26.80,26.89,26.73,26.56,26.96,27.13,27.05,27.36,26.96,26.73,26.89,26.89,27.13,26.89,27.13,27.13,26.96,26.89,27.05,26.80,27.13,26.89,27.13,26.89,26.89,26.73,26.64,26.89,26.89,27.13,26.73,26.64,26.73,27.13,26.80,26.80,27.05,27.13,26.89,26.96,27.13,26.80,26.80,26.64,26.96,27.05,26.80,26.80,26.80,26.80,27.13,26.96,26.73,27.05,26.96,27.29,26.80,26.89,26.80,26.80,26.73,26.80,26.56,26.80,26.80,26.64,26.96,26.73,26.96,26.73,26.89,26.80,27.13,26.89,26.89,26.89,27.05,27.05,27.05,26.89,26.96,26.73,26.64,26.64,26.96,26.96,26.80,27.05,26.80,26.89,26.96,26.73,26.89,26.80,26.64,26.80,26.80,26.73,26.96,26.80,26.89,26.96,27.22,26.73,26.80,26.73,26.89,26.89,27.29,26.56,26.64,26.80,27.13,27.22,26.64,27.05,27.13,26.73,27.05,26.96,27.05,26.80,26.96,27.13,26.96,27.13,26.80,27.22,26.73,26.89,27.13,26.96,26.89,26.64,27.22,26.96,26.96,26.80,26.89,26.47,27.13,26.89,26.89,26.96,27.05,26.80,27.22,27.22,26.73,26.64,27.05,26.80,27.22,27.05,26.73,27.22,26.73,26.89,27.22,26.56,26.64,26.80,26.73,26.89,27.36,26.96,27.05,27.05,26.80,26.80,27.22,27.53,27.22,27.29,26.80,26.89,27.05,27.13,26.73,27.36,27.22,26.89,27.13,26.73,27.05,26.80,27.36,26.80,27.05,27.29,27.13,26.80,27.05,26.89,26.89,27.36,26.80,26.47,26.89,27.13,27.29,26.96,26.47,27.22,27.13,27.22,26.89,26.96,27.29,27.05,27.13,26.56,26.80,26.89,26.80,26.89,27.05,27.05,26.64,26.80,27.22,26.80,26.96,27.05,26.64,26.96,26.96,26.80,26.96,27.05,27.05,26.96,26.89,26.80,26.96,26.80,27.05,26.89,27.05,26.80,27.22,27.29,26.73,26.73,26.89,27.13,26.96,26.96,26.73,26.73,27.05,26.64,26.56,26.96,26.89,26.73,26.89,26.73,27.13,26.80,26.96,27.29,26.64,26.80,27.22,26.89,26.73,26.89,26.64,26.89,26.96,27.05,26.56,27.22,26.80,27.13,26.73,26.73,27.22,26.89,27.36,26.96,26.89,26.56,26.80,27.05,26.47,27.22,27.05,26.96,26.40,26.96,26.89,26.96,26.96,26.47,26.80,26.80,27.05,26.89,26.80,26.73,26.80,26.89,26.96,27.05,26.73,26.96,26.89,26.96,27.13,26.96,27.05,27.13,26.89,27.22,26.89,26.47,26.96,26.96,27.22,26.89,27.13,27.13,27.13,26.73,26.96,26.96,26.89,26.80,26.80,26.80,26.96,26.64,27.05,27.05,26.96,26.40,26.96,26.96,27.13,26.64,26.80,26.89,27.22,27.05,26.80,26.64,27.05,26.89,26.80,27.05,26.73,26.80,26.96,26.89,27.22,26.89
26.64,26.47,26.64,26.73,26.89,27.13,26.73,27.22,26.56,26.89,26.56,26.73,27.29,26.64,26.80,26.96,26.89,26.96,26.64,26.80,26.80,26.89,26.96,26.73,27.22,26.80,27.22,26.73,27.13,26.89,26.64,26.73,26.64,26.73,26.80,27.13,26.64,26.73,26.56,26.80,26.80,26.64,27.13,27.13,27.29,27.05,27.13,27.05,27.13,27.05,26.89,27.05,26.64,26.89,26.73,26.56,26.89,26.80,26.80,27.05,26.89,26.80,26.80,27.05,26.80,27.05,26.64,26.89,26.80,27.13,26.89,26.96,26.73,26.96,26.96,26.89,27.05,26.89,26.73,26.80,27.05,26.89,27.05,26.64,26.80,27.36,26.89,26.73,26.40,26.96,26.96,26.64,26.56,26.80,26.89,26.96,26.96,27.05,26.64,26.80,26.73,26.96,26.80,26.73,26.64,26.56,27.05,26.96,27.05,26.96,26.73,26.64,27.13,26.64,26.80,26.80,26.80,27.22,26.80,26.96,26.80,26.89,26.80,26.80,27.29,26.80,26.89,26.80,27.05,26.73,26.56,26.89,26.80,26.73,27.13,26.80,27.05,27.05,27.13,26.64,26.56,26.89,27.22,26.80,26.89,27.29,26.96,26.47,26.89,26.47,26.89,26.73,26.56,27.05,26.96,26.73,26.80,26.89,26.80,26.80,26.80,26.80,26.89,27.05,26.96,27.05,26.73,27.13,27.05,27.29,27.13,27.13,26.96,26.80,27.22,27.22,27.05,26.96,26.96,26.89,26.89,26.96,26.96,26.80,26.96,27.22,26.73,26.80,27.13,26.89,26.89,26.89,27.22,26.89,27.22,26.73,27.13,27.22,27.13,27.13,26.96,26.96,26.73,27.29,26.80,26.73,26.73,26.89,26.56,26.89,26.89,26.89,26.89,27.22,27.22,26.80,26.96,27.22,26.64,26.80,26.89,26.73,26.96,26.89,26.89,27.13,26.96,27.05,26.96,27.05,27.05,26.89,27.05,27.05,26.56,27.05,26.96,26.89,26.89,26.64,27.13,27.05,26.73,26.80,26.89,27.13,26.80,26.73,26.80,26.89,26.96,27.05,26.96,26.96,26.96,26.80,26.89,27.22,26.89,27.05,26.73,26.96,26.73,26.96,26.80,26.73,26.80,26.89,26.96,26.80,26.89,26.73,26.89,26.89,26.64,26.96,26.89,26.96,26.96,27.05,26.96,27.05,26.64,26.96,26.73,26.96,26.80,26.96,26.96,26.89,26.96,27.05,27.05,26.89,26.40,26.96,26.80,26.96,27.05,26.89,26.73,26.47,27.05,26.96,26.96,26.96,26.96,27.05,26.89,26.80,26.56,26.80,26.73,26.89,26.47,26.89,26.80,27.22,26.80,26.89,26.73,26.89,26.80,26.80,27.05,26.89,27.05,26.73,26.96,26.89,26.73,26.73,27.05,26.89,27.05,26.89,26.80,27.05,27.22,26.80,26.80,26.96,27.05,26.96,26.89,26.96,27.05,27.05,27.05,26.96,27.05,27.22,26.64,27.05,26.96,27.05,26.89,26.96,26.64,26.96,27.05,27.05,26.96,26.64,27.22,26.64,26.89,27.13,26.89,27.22,26.80,26.73,27.13,26.96,26.73,27.13,26.89,26.89,26.89,27.13,26.56,26.64
27.05,27.05,26.80,26.96,26.64,26.64,26.89,26.64,26.64,26.73,26.73,26.73,27.05,26.73,27.13,26.73,26.89,26.73,26.64,26.80,26.80,26.73,27.22,26.80,27.05,26.80,27.05,26.56,26.73,26.89,26.56,26.73,26.56,27.05,26.73,27.05,27.13,27.22,27.05,26.96,26.64,27.13,27.05,26.96,27.05,27.05,27.05,27.13,27.22,26.47,27.13,26.89,26.96,27.13,26.89,26.89,26.96,26.89,26.73,26.80,26.73,26.73,27.05,26.73,26.89,26.80,26.73,27.13,26.96,26.80,27.05,26.96,27.05,26.96,27.22,26.96,26.64,26.89,26.64,26.80,26.73,26.73,26.73,27.13,26.73,26.73,26.80,27.36,26.96,26.89,26.89,26.96,26.89,27.05,26.56,27.29,26.80,26.89,26.96,26.89,26.89,26.89,27.22,26.80,26.80,26.73,26.96,27.22,26.89,26.89,26.96,26.89,27.05,26.96,26.89,27.13,27.29,26.73,26.89,26.64,27.05,26.96,26.96,26.80,27.29,26.96,27.05,26.73,26.80,26.64,26.56,26.73,27.13,27.13,27.05,26.80,27.13,27.13,26.89,26.80,26.73,27.22,26.64,26.89,27.05,26.89,27.05,26.73,27.22,27.05,26.80,26.64,26.89,26.89,26.80,26.56,26.80,27.05,27.29,26.89,26.89,26.80,26.89,26.80,27.22,26.80,27.36,26.80,27.05,26.64,27.29,27.22,27.05,26.96,27.22,26.80,27.05,26.96,26.96,26.80,27.13,26.89,27.29,27.05,26.80,27.22,26.89,26.89,26.80,27.05,26.89,27.13,27.29,27.05,27.29,26.73,27.36,26.89,26.96,26.96,26.96,27.29,27.13,27.05,26.47,27.13,26.73,26.64,26.96,27.05,26.73,26.96,26.96,26.80,27.05,26.89,27.05,26.96,26.80,26.89,26.96,26.80,26.80,27.05,26.47,27.13,26.80,27.05,27.36,26.89,26.80,27.05,26.96,26.89,26.96,26.96,27.05,26.80,26.56,26.96,26.89,26.64,26.89,27.13,26.96,26.73,26.96,26.89,26.89,26.89,26.96,27.05,26.80,26.89,27.22,27.05,26.89,26.89,26.96,26.96,27.05,26.96,26.89,26.80,26.64,27.05,26.64,27.22,26.89,26.80,26.73,27.13,26.89,26.80,26.96,26.73,26.96,26.73,26.96,26.80,26.89,26.64,26.96,26.89,26.96,26.64,26.80,26.56,26.96,27.05,26.73,27.05,26.89,26.96,26.73,26.73,26.96,26.80,26.80,26.73,27.13,26.47,26.73,26.56,26.80,26.80,27.05,26.64,26.96,26.96,26.89,27.05,27.13,26.47,26.56,26.47,26.80,27.13,26.96,26.80,26.89,27.05,27.05,26.73,26.56,26.80,26.80,26.89,26.73,26.80,26.89,26.73,27.22,26.80,27.29,27.05,27.05,26.89,26.80,26.80,27.05,26.64,26.89,27.13,27.13,26.89,26.73,26.89,27.05,27.05,26.80,26.80,26.64,26.89,26.56,26.56,26.73,26.73,26.56,26.56,26.73,26.56,26.89,26.64,27.22,26.89,27.13,27.05,27.05,27.05,27.22,26.73,27.22,26.56,26.56,27.22,26.47,26.47,27.13,26.73,26.73,27.22
27.13,26.80,26.89,26.73,26.96,26.64,26.47,26.64,26.80,26.73,27.13,26.80,26.73,27.22,27.22,26.80,27.36,26.64,26.89,26.96,26.73,27.05,27.13,26.89,27.05,26.64,26.73,26.96,26.96,26.96,26.96,27.29,26.96,26.89,26.89,26.89,26.96,27.13,27.13,26.96,26.96,26.64,26.73,26.96,26.80,27.05,26.96,26.80,26.96,27.05,27.05,26.80,26.73,26.96,27.05,27.05,27.05,26.89,26.89,27.05,27.13,26.96,26.96,26.96,26.96,26.73,27.05,26.89,26.89,26.80,26.89,27.53,26.96,27.22,26.80,27.05,27.13,27.05,26.73,27.05,26.80,26.80,26.64,27.05,26.96,26.89,26.89,26.89,27.05,26.96,26.80,27.05,26.64,26.96,26.73,26.89,26.96,26.96,26.80,26.64,26.80,27.05,26.73,26.80,26.73,26.89,26.80,26.73,27.45,26.89,26.89,27.29,27.13,26.89,27.13,26.64,26.80,26.56,26.80,26.64,26.64,26.73,26.73,26.73,26.80,26.56,26.73,26.64,26.56,26.89,26.56,26.89,26.96,26.64,26.64,26.89,27.13,26.96,27.13,27.13,26.80,27.13,26.80,26.73,26.96,27.05,26.73,27.05,26.89,26.89,27.05,26.80,26.73,26.80,26.80,26.96,27.29,26.80,26.64,26.89,27.13,26.56,27.13,26.73,26.96,26.80,26.89,26.73,26.96,27.29,27.36,26.73,27.29,27.05,26.96,27.13,26.47,27.29,26.96,27.05,27.13,27.13,26.80,26.96,26.73,27.13,27.22,26.73,26.80,26.89,27.36,26.80,26.89,26.89,26.96,27.13,27.22,27.22,27.05,26.89,26.80,26.96,26.73,27.05,27.05,26.89,27.13,27.05,27.13,27.29,27.05,27.05,27.05,27.05,26.96,27.13,26.96,26.89,27.29,26.73,27.22,26.64,27.22,26.89,27.29,27.29,27.05,27.05,26.64,27.05,27.22,26.73,26.89,26.64,26.96,26.80,26.80,26.89,26.96,26.64,26.89,26.89,27.05,26.80,26.89,27.13,27.22,27.05,26.64,27.22,27.22,26.89,26.80,27.05,26.96,26.64,26.80,26.80,26.73,27.13,26.89,26.80,27.29,26.64,27.13,27.05,26.89,26.73,26.80,26.89,27.22,27.13,26.96,27.69,27.13,27.05,26.96,26.96,26.96,27.13,27.13,26.89,26.89,26.89,26.89,26.80,27.13,26.64,26.96,26.80,27.13,26.89,26.96,27.13,26.80,26.96,26.80,26.64,26.73,27.05,26.89,26.73,26.89,26.73,26.89,27.13,26.73,26.80,26.64,26.73,26.56,26.73,26.96,26.73,27.05,27.05,26.47,26.80,26.96,26.64,26.89,27.22,26.96,26.89,26.40,26.80,26.73,26.96,26.89,26.89,26.80,27.22,27.05,26.96,27.22,27.05,26.89,26.80,27.29,27.13,26.64,27.05,27.22,26.89,27.13,26.73,26.89,26.89,26.89,26.89,26.96,26.96,26.96,26.80,26.80,26.96,26.64,26.80,27.05,27.13,27.05,26.73,26.89,26.96,27.05,26.47,26.56,27.05,26.73,27.22,26.96,26.64,26.80,26.73,27.13,26.73,26.64,26.80,26.73,26.80,26.47,26.89
26.64,27.13,27.13,26.80,26.89,26.64,26.89,26.80,26.47,26.73,26.47,26.89,26.56,26.73,26.56,26.80,26.96,26.64,26.64,26.64,26.80,26.73,26.64,26.64,26.80,26.89,27.22,26.64,26.47,26.80,26.56,27.05,27.05,26.89,26.64,26.89,26.89,27.22,26.89,27.05,26.89,27.05,27.05,26.80,26.73,27.05,27.05,26.56,26.80,26.89,26.96,26.96,26.73,26.80,26.89,27.05,26.89,26.64,26.64,27.05,27.13,26.89,26.56,26.96,26.96,26.89,26.96,26.89,26.96,26.73,26.80,26.64,26.96,26.89,26.56,26.89,26.73,26.47,27.05,26.64,26.80,26.73,27.05,26.96,26.96,26.80,27.05,26.73,26.96,26.89,26.96,26.89,26.96,26.89,26.96,26.96,27.45,26.47,27.05,26.73,26.80,27.13,26.80,27.05,27.13,26.96,26.73,26.89,26.96,26.89,26.89,26.80,26.96,26.96,26.64,26.73,26.89,27.45,26.73,26.73,26.80,27.22,27.22,27.05,27.05,26.73,26.96,26.64,26.80,26.40,26.80,27.05,26.73,26.64,26.80,26.73,26.89,26.80,26.96,26.73,26.64,26.89,26.80,26.96,26.56,26.89,27.22,27.05,26.80,26.96,26.89,26.80,26.73,26.89,26.73,26.89,26.96,27.05,26.89,27.22,26.89,27.22,27.05,26.64,26.89,26.89,26.96,26.73,27.22,26.64,26.47,27.22,27.13,26.89,27.36,26.96,27.22,27.22,26.73,27.45,27.29,26.80,26.89,27.29,27.45,26.89,27.05,27.36,26.73,26.80,26.89,27.22,27.53,26.73,27.45,26.64,27.13,27.22,27.22,26.80,26.96,26.73,26.80,26.96,27.29,26.89,27.22,27.05,26.73,26.96,27.05,26.96,26.64,26.64,27.29,26.96,26.80,27.22,27.05,26.89,27.05,27.05,26.96,27.05,26.80,26.80,26.80,27.05,26.73,26.73,26.80,26.73,26.80,27.05,26.80,27.05,26.56,26.96,26.96,26.96,26.96,27.05,26.80,26.96,26.73,26.89,26.96,26.89,26.80,26.89,26.47,26.80,26.96,27.13,27.13,27.05,26.89,27.13,26.96,27.05,26.89,26.73,26.64,26.80,26.73,26.73,26.80,26.80,27.05,26.80,26.73,26.89,26.80,26.96,26.64,26.89,26.89,26.89,26.64,26.47,27.13,26.80,26.80,26.80,26.80,26.80,26.89,27.13,26.89,26.64,26.73,27.05,26.73,27.05,26.96,26.89,26.73,26.73,27.05,26.80,26.89,26.89,26.89,27.29,27.05,26.73,26.89,26.96,27.05,26.80,27.05,26.23,26.96,26.73,26.73,26.47,26.73,26.73,27.13,26.73,26.56,26.47,26.47,26.73,26.96,26.96,26.80,26.64,26.80,27.13,27.05,27.05,27.13,26.80,26.96,26.89,26.80,27.13,26.73,27.05,26.80,26.89,27.22,26.96,26.96,27.45,26.96,27.22,26.80,26.89,27.13,26.64,27.22,26.64,26.96,26.96,26.96,27.05,26.47,26.56,26.80,27.13,26.64,26.73,27.22,26.73,26.64,26.89,26.96,27.13,27.22,27.29,26.80,26.96,26.89,26.73,27.22,26.80,26.56,26.80,27.13,26.96
27.05,26.80,26.64,26.56,27.13,26.73,26.64,26.64,26.89,27.22,26.89,26.80,26.73,26.80,26.64,26.64,26.73,26.80,26.64,26.80,26.89,27.29,26.89,27.13,27.22,26.80,26.64,27.05,26.73,27.13,27.13,26.73,26.64,27.05,26.47,26.96,26.80,26.96,26.89,26.73,26.47,26.89,26.96,26.47,26.73,26.80,27.05,26.80,26.80,27.05,26.80,26.73,26.73,26.96,26.89,26.96,27.05,26.89,26.96,27.22,26.89,26.80,26.89,26.56,27.05,26.64,27.13,26.96,27.13,26.80,26.96,26.80,26.47,26.89,26.96,26.96,26.89,26.96,26.56,26.56,26.89,26.80,27.29,26.80,26.73,26.80,26.80,26.73,26.89,26.73,26.73,26.56,27.05,26.56,27.05,26.89,26.96,26.89,26.64,26.56,27.22,26.89,26.80,26.47,26.64,26.89,26.56,26.96,26.56,27.22,26.96,26.96,26.89,26.80,26.64,26.89,26.80,26.80,26.73,27.13,26.80,26.80,26.89,26.64,27.13,26.73,27.13,26.89,26.96,27.05,27.05,26.89,26.80,27.05,27.29,26.73,26.80,26.56,26.64,26.47,27.13,26.96,26.73,26.96,26.80,26.64,27.13,26.80,26.73,26.96,26.64,26.80,26.31,26.89,26.73,26.89,26.73,26.47,26.80,27.05,26.80,26.89,26.80,26.89,26.73,27.22,26.80,27.22,27.05,27.05,26.64,27.29,26.80,27.13,26.80,26.96,26.73,27.53,26.73,26.73,26.89,27.13,27.22,27.05,27.05,27.13,26.80,26.89,27.05,26.89,27.13,26.73,26.89,27.05,26.80,27.22,27.13,27.13,26.80,27.22,26.64,26.96,27.22,27.22,27.05,26.64,26.89,26.80,26.89,27.05,26.89,26.80,26.96,26.80,27.29,26.80,26.89,26.56,26.80,26.96,27.05,26.56,26.96,26.47,26.80,27.22,26.80,27.13,26.80,27.05,26.80,26.96,26.89,26.80,26.96,26.96,26.80,26.89,26.96,26.80,26.89,26.96,27.05,26.80,27.05,26.80,26.96,26.56,27.05,26.89,27.05,26.89,26.80,26.73,26.73,26.73,26.96,26.89,26.73,27.22,26.89,27.13,26.89,26.89,26.96,26.73,26.73,26.96,26.96,26.80,26.80,26.89,26.73,26.80,26.73,27.13,26.47,26.89,26.73,26.80,26.73,26.96,26.96,26.80,26.96,26.89,26.80,26.80,26.73,26.73,26.80,26.73,26.31,26.96,26.73,26.89,26.80,26.80,27.13,26.89,27.05,27.13,26.80,27.13,27.29,26.80,26.80,26.73,26.64,27.05,26.89,26.47,26.47,26.96,27.22,26.89,26.96,26.73,26.47,27.05,26.64,26.47,26.89,26.80,26.73,26.89,27.05,26.89,26.40,26.40,26.80,26.89,26.80,26.80,27.22,27.13,26.47,27.22,26.96,26.73,27.05,27.13,27.13,26.80,27.13,26.89,27.13,27.05,26.64,26.73,26.96,26.56,26.56,26.89,27.13,27.13,26.96,26.80,26.73,27.13,26.64,26.89,26.56,26.96,27.05,26.56,26.80,27.05,26.80,26.73,26.89,27.13,26.96,27.05,27.13,26.73,27.13,26.64,26.56,26.96,26.89,26.73
26.73,26.47,26.89,26.73,26.73,27.05,26.64,26.80,26.80,26.64,26.56,26.56,26.56,26.89,26.80,26.80,27.13,26.56,26.89,26.89,26.56,26.80,27.13,26.73,27.05,26.47,26.47,26.64,26.80,26.80,26.80,26.47,26.73,26.73,26.73,26.64,26.80,27.22,26.56,27.05,26.64,27.13,26.89,27.22,26.96,26.73,26.96,27.05,26.80,26.89,26.96,26.96,26.96,26.80,27.13,26.64,26.89,26.96,26.73,26.73,26.80,27.05,26.80,27.05,26.73,26.89,26.64,26.89,26.80,26.64,26.64,26.96,26.89,26.80,27.13,26.96,26.64,26.64,26.73,26.96,26.96,26.47,26.89,26.80,26.89,26.96,26.89,27.05,26.80,26.96,26.89,26.73,26.73,26.73,26.89,26.64,26.64,27.13,27.05,26.64,27.29,26.96,27.13,26.80,26.89,26.73,26.80,26.96,26.89,27.05,26.80,26.47,26.80,27.29,26.64,26.80,27.13,26.80,26.47,26.89,26.73,27.05,26.80,26.73,26.47,26.73,26.64,26.64,26.80,26.80,26.64,26.80,26.89,26.96,27.05,26.89,26.56,26.89,26.64,26.89,26.40,26.56,26.73,27.13,27.36,26.73,27.13,26.73,26.64,26.73,27.22,27.05,27.13,27.05,26.89,26.80,26.96,26.89,26.64,26.64,26.73,26.96,27.05,26.96,26.96,26.96,26.89,26.89,26.73,26.64,26.96,26.96,27.13,27.29,27.22,26.80,26.64,27.22,26.96,26.73,26.80,27.05,26.89,26.89,26.80,27.05,26.80,27.05,27.13,26.80,26.89,27.22,26.96,27.05,26.89,27.22,26.64,27.13,27.29,27.29,26.73,26.89,27.22,26.80,27.13,26.89,26.96,27.22,26.96,26.89,26.89,26.96,27.13,26.96,27.13,26.80,26.96,26.89,26.47,27.13,26.89,26.73,26.80,26.89,27.05,26.96,26.96,27.22,26.96,26.96,26.96,26.80,26.73,27.13,27.13,26.56,26.73,26.73,26.96,26.73,27.05,26.64,26.73,27.13,27.05,26.96,27.13,26.89,26.80,27.05,26.80,26.73,26.64,26.64,26.96,26.89,26.80,27.13,27.05,26.89,27.13,26.96,26.96,26.80,27.05,27.13,26.89,26.89,26.89,26.89,27.05,26.80,26.89,26.80,26.73,27.05,26.73,26.89,26.73,26.96,26.80,26.73,26.80,26.73,26.47,26.64,26.89,26.89,26.80,26.96,26.96,26.73,26.89,27.05,26.96,26.89,26.64,26.96,26.47,26.80,26.96,26.64,26.89,27.05,27.13,26.96,26.96,27.13,27.05,26.96,26.89,26.89,26.80,26.80,26.89,26.73,26.89,27.05,26.89,26.47,27.05,26.56,26.89,26.80,26.80,27.05,26.56,27.13,26.40,26.40,26.56,27.05,26.80,27.05,26.80,27.13,27.05,26.64,26.89,26.64,26.73,26.80,26.73,26.73,26.89,26.47,26.89,26.73,27.05,26.56,27.05,26.56,26.73,26.80,26.64,27.22,26.80,26.89,27.13,26.80,26.80,26.96,26.47,26.64,26.89,26.47,26.73,27.13,26.64,27.13,26.80,26.73,27.13,27.13,27.13,26.73,27.13,26.64,26.89,27.05,26.64,26.80
26.89,26.89,26.64,26.64,26.80,26.96,27.13,26.56,26.73,26.89,26.56,26.80,26.80,27.13,26.47,27.13,27.36,26.56,26.73,26.47,26.89,27.05,27.13,26.80,27.05,27.22,26.56,26.73,26.89,26.80,26.56,26.80,26.89,27.05,27.36,26.96,26.96,26.80,26.89,27.05,26.80,26.96,26.89,27.05,26.80,27.36,27.13,26.96,26.89,26.64,26.89,26.96,26.56,27.13,26.89,27.22,26.96,26.80,27.05,26.73,26.89,26.80,26.96,27.13,26.56,26.80,27.22,27.13,27.05,26.80,26.89,27.29,26.64,26.96,26.96,27.13,26.64,27.22,27.05,26.73,26.96,26.64,26.64,26.80,26.73,27.13,26.80,26.89,27.05,26.89,26.96,27.05,27.05,26.96,26.89,27.13,26.56,26.80,26.56,26.23,26.96,26.96,27.13,26.96,26.47,26.64,26.73,26.80,26.80,26.89,27.13,26.96,26.80,27.13,26.64,26.96,26.80,26.56,27.05,26.73,26.89,26.80,26.64,26.80,26.47,26.47,26.56,26.89,26.96,27.05,26.73,27.13,26.64,26.80,27.05,27.22,27.22,26.89,26.96,27.22,26.89,26.73,26.73,26.64,26.89,26.73,26.96,26.73,26.64,26.47,26.80,27.05,26.56,26.73,26.80,26.80,26.96,26.96,26.89,26.47,26.64,27.13,26.64,26.56,27.13,26.40,26.64,26.80,26.73,27.05,27.05,27.05,26.80,27.13,26.80,26.89,27.13,26.64,26.89,27.05,27.05,26.80,27.36,27.22,26.89,26.73,27.22,26.89,26.96,26.96,26.80,26.56,27.05,27.13,27.45,26.64,27.29,26.96,27.05,26.89,26.89,26.56,26.73,27.13,26.64,27.13,27.13,27.05,26.73,27.05,26.80,26.56,27.29,27.05,27.36,26.89,26.89,26.73,26.89,27.05,26.89,27.29,26.80,26.89,26.89,26.89,26.96,26.96,26.96,26.96,26.80,26.80,27.13,26.96,26.89,26.80,27.22,27.05,26.47,26.96,27.29,26.80,26.73,26.89,26.80,26.96,26.89,27.29,26.64,26.96,27.05,26.96,27.05,26.73,26.64,26.80,27.05,27.05,26.64,27.22,26.89,26.89,26.80,26.64,26.80,27.22,26.73,26.56,26.64,26.96,27.22,27.05,26.73,26.80,26.89,26.80,26.96,26.89,27.05,27.05,26.47,27.22,27.13,26.80,27.05,26.89,27.05,26.56,27.13,26.73,26.64,26.89,26.80,26.96,26.56,26.96,26.80,26.96,26.96,26.89,26.80,26.80,26.80,26.89,27.05,26.80,26.89,26.89,27.05,27.13,27.05,26.96,27.13,27.22,26.96,26.89,27.05,26.89,26.73,26.56,26.89,26.80,26.80,26.56,26.56,26.96,26.80,27.05,26.56,27.05,26.80,26.89,27.05,26.89,26.80,26.96,26.96,27.05,26.73,26.96,26.96,27.05,27.13,26.89,26.56,27.05,26.89,27.05,27.22,27.05,26.64,27.13,27.05,26.47,27.13,27.05,26.89,26.47,27.05,27.05,26.56,26.56,27.22,26.80,26.96,26.47,26.73,26.47,26.80,27.05,26.96,27.29,26.89,27.29,27.05,27.05,26.56,26.89,26.73,26.56,26.73,27.13
26.80,26.89,26.96,26.64,26.96,26.80,26.73,26.89,26.89,26.64,26.89,26.89,26.64,26.80,26.96,27.13,26.80,26.89,26.73,26.64,27.13,26.80,26.80,26.96,26.64,26.80,26.47,26.73,26.64,27.05,26.31,26.64,26.89,26.96,26.56,27.13,27.13,26.89,26.56,26.64,26.73,27.22,26.96,26.89,26.96,26.80,27.13,26.56,27.22,26.80,26.73,27.05,26.89,26.80,26.89,26.80,26.89,26.73,26.89,27.13,27.22,26.64,26.73,26.47,26.89,26.73,27.05,26.96,26.96,26.89,26.73,26.56,26.80,27.13,26.80,26.96,26.96,26.64,26.64,26.56,26.64,26.89,26.64,26.80,26.89,26.89,26.64,26.64,26.73,26.64,26.64,26.73,26.73,26.80,26.89,26.73,26.96,26.80,27.05,26.73,27.05,26.89,27.05,26.96,26.89,26.73,26.89,26.96,26.96,26.96,27.13,26.73,27.13,27.22,26.40,26.64,27.05,26.80,26.56,26.89,27.13,27.29,26.89,27.13,26.80,26.73,26.73,26.64,26.64,27.13,26.80,26.89,26.80,26.89,26.89,26.96,26.89,26.73,26.31,26.73,26.80,27.05,26.64,26.73,27.13,26.96,27.05,27.05,26.80,27.13,27.05,27.13,26.40,26.80,27.05,27.05,26.56,26.89,26.96,26.96,26.73,26.80,26.89,26.56,26.80,27.13,27.29,26.80,26.73,27.13,26.80,27.13,27.36,26.73,26.80,26.64,27.13,26.89,27.05,26.80,26.96,26.73,27.29,27.13,26.89,26.89,27.22,26.96,27.13,26.89,26.64,27.05,26.73,26.73,27.05,27.22,27.05,27.36,27.36,26.96,27.13,26.73,26.64,27.13,26.89,26.64,26.73,26.89,27.22,26.64,27.05,26.96,26.96,27.05,26.96,26.96,26.96,27.13,26.89,26.64,27.05,27.36,27.29,27.05,26.89,27.13,26.89,27.05,27.45,26.73,26.89,26.73,26.96,26.64,27.13,27.05,26.89,26.80,27.05,26.80,26.80,26.64,26.96,26.73,27.05,26.96,26.89,26.64,26.96,26.96,26.64,26.96,26.96,26.96,26.73,26.96,26.96,26.89,27.22,26.80,26.64,26.96,26.89,27.13,26.64,26.89,26.96,26.73,26.96,26.64,27.13,26.80,26.73,26.96,26.96,26.89,26.80,26.96,26.73,26.96,27.05,26.96,26.96,26.73,26.89,26.96,26.56,26.73,26.89,26.96,26.64,26.47,26.64,27.05,26.40,26.89,26.64,27.22,26.89,26.89,26.47,26.56,26.80,26.80,27.05,26.89,26.96,26.96,26.80,26.96,26.64,27.05,26.80,26.89,26.96,26.89,26.96,26.73,26.96,27.05,26.89,26.89,26.56,27.13,26.89,27.29,26.96,26.73,26.89,26.89,26.64,26.80,26.89,27.05,26.89,26.47,26.89,26.89,26.64,26.89,26.96,26.89,26.64,26.80,26.96,27.13,27.22,26.64,26.80,26.73,27.13,26.80,26.80,27.05,27.13,26.64,26.89,26.56,26.96,26.89,26.56,26.73,26.96,26.40,27.05,26.40,27.13,26.96,26.56,27.22,27.22,26.89,26.80,27.13,27.13,27.22,26.80,26.64,26.80,26.56,26.80,26.73
26.31,26.73,26.73,26.89,26.73,26.56,26.89,26.89,26.89,26.64,26.47,27.05,26.80,26.73,26.89,26.80,26.80,26.89,26.80,26.47,27.13,27.13,27.05,26.73,27.05,26.96,26.56,26.56,26.89,27.13,26.56,26.64,27.05,26.47,26.73,26.73,27.13,26.89,26.80,26.89,26.96,26.64,26.80,26.64,27.13,26.96,27.05,26.89,26.96,26.96,27.29,26.89,26.73,27.13,26.64,26.73,26.73,26.89,26.64,26.89,27.22,27.05,26.96,26.89,26.47,26.73,26.73,26.73,26.89,26.96,27.13,26.89,26.64,26.64,27.13,26.80,26.73,26.80,27.05,26.47,26.89,26.96,26.96,27.13,27.05,26.56,26.80,26.89,26.89,26.73,27.05,27.13,26.96,27.05,26.96,26.73,26.80,27.05,26.96,26.73,27.05,26.56,26.64,26.80,26.80,27.13,27.29,26.64,26.89,27.05,27.05,26.80,26.80,26.89,27.05,26.56,26.80,26.73,26.89,26.64,26.80,26.89,26.73,27.05,26.96,26.96,26.80,26.89,26.96,26.96,26.73,27.22,26.64,26.89,26.96,26.73,26.96,26.80,26.73,26.56,27.05,26.64,26.89,26.64,27.05,27.22,26.80,26.89,26.73,26.80,26.89,27.05,27.05,27.13,27.13,26.96,27.13,27.05,26.73,26.73,26.73,27.05,26.96,27.05,27.13,26.73,27.05,26.73,27.05,26.47,26.73,26.80,27.13,26.73,26.80,26.80,27.13,26.89,26.80,26.80,26.80,26.89,26.80,26.89,26.73,27.05,26.96,26.73,26.73,26.89,27.13,26.96,26.73,27.05,27.22,26.96,26.89,26.89,26.73,26.96,26.73,26.80,26.73,26.80,26.89,26.89,27.29,27.29,26.96,26.80,26.80,27.05,26.89,26.64,26.89,26.96,26.89,26.96,26.89,26.96,26.89,26.80,26.96,26.80,26.96,26.80,26.96,26.80,27.36,26.73,26.80,26.64,26.80,27.13,26.64,26.80,26.96,26.80,26.96,26.96,26.96,26.89,26.96,26.80,26.73,26.80,26.56,27.05,26.89,26.89,26.89,26.89,26.89,26.96,26.89,26.96,26.73,26.40,26.89,26.89,26.80,26.80,26.64,26.56,26.64,27.22,26.73,26.56,26.89,26.89,26.73,26.73,26.80,26.96,26.80,27.05,26.89,27.05,26.89,26.96,26.89,26.89,26.64,27.05,26.73,26.89,26.80,26.89,27.13,26.73,27.05,26.96,26.89,26.80,26.89,26.96,26.89,26.64,26.96,26.80,27.13,26.73,26.47,26.64,27.05,26.73,26.73,26.89,26.89,26.40,27.05,26.80,27.05,26.80,27.05,26.89,26.73,27.13,26.73,27.05,26.80,26.73,26.80,26.96,26.64,26.89,26.89,26.89,26.89,26.47,26.73,27.05,27.05,26.89,26.96,26.96,26.89,27.13,27.05,27.05,26.89,26.89,26.96,26.96,27.05,26.80,26.96,27.05,26.73,26.96,27.13,26.56,26.96,26.80,27.05,26.96,26.89,26.96,26.89,27.05,27.05,26.64,27.22,26.96,26.89,26.89,27.13,26.47,26.80,26.80,26.73,26.96,26.73,27.13,26.80,27.05,26.80,26.89,27.13,27.13,26.80,26.96
26.89,27.13,26.80,26.89,26.96,26.73,26.80,26.96,26.73,26.56,26.73,26.89,26.89,26.64,27.13,26.73,26.89,26.73,26.80,27.05,27.13,26.89,26.56,26.80,26.80,26.80,26.73,26.96,27.05,27.05,26.96,26.64,27.05,26.80,27.13,26.73,27.22,27.05,26.80,26.80,27.13,26.80,27.22,26.89,26.89,27.05,26.96,27.13,26.73,27.05,26.89,26.96,26.96,26.96,26.80,26.73,26.89,27.05,27.13,26.96,26.73,27.45,26.96,26.56,26.96,26.47,26.89,27.05,27.22,27.05,26.64,26.89,26.56,26.96,26.73,27.05,26.80,27.36,27.05,26.89,26.56,26.80,26.96,26.80,26.96,27.29,27.05,27.22,26.89,26.73,27.13,26.89,27.05,27.13,26.80,26.96,27.05,26.96,26.89,26.89,27.29,26.80,27.05,26.89,26.89,26.80,26.80,26.96,26.89,26.96,26.64,26.89,26.56,26.80,26.73,27.05,26.96,26.89,26.80,27.05,26.73,26.96,26.80,26.64,26.56,26.89,27.05,26.89,27.13,27.05,26.64,26.96,26.96,26.56,26.96,26.96,26.96,26.64,27.13,26.96,26.89,26.56,26.80,26.64,26.80,26.80,27.13,26.56,26.64,27.13,26.96,27.05,26.89,26.73,26.80,26.89,26.64,26.89,26.56,26.80,26.80,26.89,27.05,26.64,27.29,27.05,26.73,27.29,27.29,27.05,26.80,26.80,27.36,26.89,26.80,26.73,26.89,26.96,26.96,26.73,27.05,27.13,26.96,26.80,26.89,27.29,26.96,27.45,26.96,26.89,27.13,27.05,26.96,27.13,27.13,27.13,27.29,27.36,27.13,26.64,26.73,26.64,26.80,26.80,26.96,27.05,27.22,26.80,27.13,27.13,27.22,27.13,26.96,27.05,27.13,26.64,26.89,27.29,27.36,26.96,27.22,26.89,26.89,26.96,27.05,27.22,26.96,26.64,27.05,27.13,26.80,26.96,26.89,27.05,26.80,26.80,26.80,26.89,26.96,26.80,27.13,26.73,26.80,26.89,27.29,26.96,27.22,26.80,26.64,26.96,27.05,26.73,27.05,26.64,26.73,26.96,26.80,27.05,27.05,26.96,27.13,26.64,26.80,26.96,26.89,26.64,26.56,26.73,26.80,26.73,26.96,26.73,26.89,26.89,26.80,27.05,26.56,26.89,26.89,27.05,26.80,27.13,26.80,26.64,27.22,26.73,26.80,26.64,26.73,27.13,26.89,26.96,26.80,26.89,26.80,27.29,27.13,27.05,27.05,26.89,27.05,26.23,26.96,26.96,26.89,27.22,26.96,26.96,26.96,26.73,26.64,26.89,26.96,26.89,26.96,27.05,26.64,26.96,26.89,27.05,26.89,27.05,26.89,26.47,27.13,26.89,26.96,26.96,26.89,26.80,26.89,26.96,27.05,27.05,27.13,26.80,27.22,27.05,26.96,27.22,27.29,27.22,27.05,26.89,26.56,26.64,26.56,27.05,27.13,27.13,27.05,26.89,27.05,26.89,26.47,26.89,26.47,26.80,26.64,26.96,26.96,26.80,26.64,27.05,26.73,26.73,27.13,26.80,27.22,27.05,26.96,26.80,26.56,26.64,26.80,26.80,26.73,26.73,26.96,26.73,26.96,26.73
26.56,26.73,26.89,26.89,26.89,26.64,27.13,26.56,26.56,26.73,26.73,26.64,27.13,26.80,26.89,26.73,27.05,26.56,27.13,27.13,26.89,26.73,27.45,26.64,26.80,26.80,26.80,26.73,26.64,26.89,26.96,27.05,26.89,26.80,26.40,26.89,26.89,26.96,27.13,26.80,26.89,26.89,26.96,26.89,26.80,26.73,27.22,26.96,26.96,27.05,26.89,26.96,27.05,26.56,26.64,26.80,26.73,26.80,27.45,26.96,26.89,26.89,26.89,26.89,27.13,26.64,26.89,27.05,26.80,26.96,26.96,26.89,27.13,26.80,26.89,26.96,27.05,26.64,27.05,26.73,27.29,26.89,26.73,26.89,26.47,26.56,26.73,27.05,26.89,26.89,27.22,26.80,27.29,26.80,26.89,26.73,27.05,26.89,26.96,27.22,27.13,26.89,26.73,27.13,26.40,26.64,26.73,26.96,27.13,26.80,26.73,26.73,26.80,26.73,26.80,27.22,27.36,26.73,26.89,27.05,26.73,27.13,26.80,26.64,26.96,26.73,26.80,26.73,27.22,26.96,26.89,26.96,27.13,27.22,27.13,26.73,26.89,26.96,26.96,26.96,27.22,27.13,27.13,27.13,26.73,27.05,27.13,26.73,26.80,26.89,26.73,26.96,26.80,26.89,26.64,26.73,26.47,26.73,26.80,26.89,26.47,26.80,26.64,27.05,27.05,26.80,27.05,26.96,26.73,26.80,26.89,26.64,26.80,26.80,27.22,27.05,26.80,26.80,27.05,26.80,26.80,27.13,26.80,26.80,27.36,27.05,26.96,27.13,26.64,26.96,26.73,27.13,26.89,27.13,26.89,26.89,27.22,26.89,27.05,27.13,27.05,27.05,26.73,26.64,26.96,27.13,26.64,26.73,26.64,27.05,26.64,26.96,26.80,26.80,27.05,27.13,26.47,26.80,26.73,26.89,26.64,26.96,26.96,26.73,26.89,27.05,26.96,26.80,26.89,26.89,26.47,26.96,26.89,27.36,26.96,26.73,26.89,26.89,26.96,26.89,26.96,26.96,26.73,26.89,27.05,26.80,26.89,26.64,26.64,26.80,26.64,26.89,26.73,26.80,26.96,27.05,26.96,26.73,27.13,26.80,26.89,26.73,27.05,27.05,26.89,26.80,26.89,26.96,26.96,26.73,26.73,26.89,26.89,26.64,26.73,26.64,26.89,26.96,26.56,26.47,26.73,26.73,26.89,26.56,26.73,26.89,26.73,26.47,27.13,26.64,26.56,26.80,27.13,26.96,26.80,26.73,27.05,27.05,26.80,26.89,26.56,26.89,26.89,26.73,26.89,27.13,27.29,26.73,27.29,26.80,27.13,26.31,27.05,26.73,26.31,26.96,26.89,26.80,26.56,26.56,26.56,26.80,26.96,26.80,26.47,27.05,26.80,26.40,26.80,26.96,27.05,26.96,26.73,27.05,26.56,26.80,26.64,27.05,27.22,27.05,26.80,27.29,27.05,26.96,26.73,27.05,27.22,26.96,26.89,26.64,27.13,26.80,27.05,27.05,26.73,26.73,27.05,26.89,26.64,26.80,26.40,26.64,26.96,26.73,26.80,26.80,26.56,26.96,27.29,26.96,27.29,27.05,26.73,26.89,27.13,26.80,26.89,26.56,26.80,27.22,26.64,27.36
26.80,26.80,26.96,26.96,26.73,26.73,26.89,26.64,27.05,26.73,26.89,27.22,26.80,26.89,26.64,26.80,26.80,26.64,26.64,26.64,26.64,27.13,26.80,26.73,26.64,26.80,26.64,26.73,26.56,26.73,26.96,27.13,26.96,26.64,26.56,27.05,26.89,26.96,27.13,27.13,27.05,26.89,26.80,26.89,26.80,26.89,26.89,27.05,26.56,26.56,26.89,27.13,26.89,26.96,27.05,26.89,26.89,26.96,26.64,26.80,26.89,26.80,27.05,27.05,27.05,26.73,26.89,26.89,26.80,26.80,26.73,26.80,26.80,27.29,26.89,27.05,26.96,26.80,26.96,27.05,27.13,27.22,26.89,26.80,27.05,27.05,26.96,26.80,26.64,27.05,27.22,26.80,27.29,26.89,26.47,26.80,27.05,27.05,26.89,27.05,27.36,26.80,26.56,26.80,26.89,26.73,26.80,26.64,26.89,26.89,26.73,26.80,26.80,26.96,27.05,27.05,26.73,27.13,26.80,26.89,26.73,26.64,27.13,26.80,26.73,26.73,26.80,26.89,26.64,26.73,26.73,27.05,26.80,27.29,27.05,26.73,26.80,27.13,26.56,26.73,27.22,27.05,26.96,27.05,26.96,26.73,26.96,26.64,26.96,26.73,27.22,27.22,26.89,26.56,27.22,26.96,26.64,26.80,26.80,26.80,26.73,26.96,27.13,26.80,26.47,26.73,26.56,27.05,26.96,26.96,27.05,26.80,26.96,27.05,26.80,27.05,26.89,27.29,26.89,27.29,27.05,27.36,26.64,26.80,27.05,27.05,26.96,26.64,26.96,26.80,27.22,26.89,27.13,27.05,27.05,27.22,27.13,26.96,27.29,26.80,27.13,26.73,27.13,26.89,26.73,26.89,27.13,26.80,26.89,26.96,27.22,27.13,26.89,27.05,26.80,27.13,27.05,26.89,26.89,26.80,26.96,26.96,26.80,26.73,26.96,26.96,27.05,26.64,26.80,27.05,26.96,26.89,26.73,27.29,26.89,27.13,26.80,26.80,27.22,26.47,26.96,26.73,26.73,26.89,26.96,26.73,26.89,26.96,26.96,27.05,27.05,27.05,26.73,26.96,26.80,26.89,26.73,26.89,26.80,27.05,26.56,26.89,26.96,26.96,26.96,26.80,26.47,26.64,26.73,26.89,26.96,26.80,26.56,26.73,26.64,26.96,26.89,27.13,26.89,26.80,27.05,26.73,26.80,26.56,26.73,27.05,27.22,26.96,26.89,26.89,27.13,27.13,26.80,27.05,26.80,26.80,26.64,26.80,26.89,26.40,26.96,27.05,26.80,27.05,26.80,27.22,26.96,26.96,26.89,26.56,26.73,27.05,27.05,26.89,27.22,26.56,27.05,26.96,27.05,26.80,27.05,26.80,26.96,26.96,26.96,27.05,27.05,27.05,26.73,26.96,26.96,27.05,27.29,26.80,26.96,27.13,27.13,26.96,27.13,27.45,26.80,27.05,26.89,27.13,27.05,27.05,27.05,26.80,26.56,26.80,27.05,26.89,27.29,27.22,26.47,26.80,26.89,26.89,27.13,27.22,26.89,27.05,27.05,27.05,26.80,26.96,26.47,26.80,26.96,26.80,26.96,27.05,27.29,26.64,27.13,26.64,26.80,26.80,26.40,26.56,27.13,26.47
26.64,26.80,27.05,26.89,26.31,26.73,26.47,26.80,26.64,26.73,26.96,26.89,26.80,26.73,27.13,26.80,26.80,26.80,26.89,26.73,27.22,27.22,26.80,26.96,26.64,27.05,26.64,26.64,27.22,26.73,27.05,26.47,26.89,27.13,26.73,26.96,27.22,26.96,27.05,26.73,26.47,26.96,27.29,26.96,26.89,26.73,26.89,26.96,27.05,26.89,27.13,27.05,26.89,26.73,26.89,26.47,26.80,26.64,26.80,27.13,26.89,27.13,26.89,26.80,26.89,26.80,27.13,26.96,26.89,26.89,27.05,26.64,26.89,26.80,26.64,26.96,26.89,27.13,26.89,26.73,27.13,26.40,26.96,26.96,26.96,26.89,26.89,27.05,27.05,26.89,26.89,26.89,26.73,26.96,26.89,26.73,26.80,27.05,26.96,26.80,26.80,26.89,27.22,26.73,26.80,26.73,26.80,26.47,26.80,26.64,26.56,26.80,26.64,27.29,27.05,26.73,27.22,26.89,26.56,26.56,26.80,27.05,26.89,27.05,26.56,27.05,26.73,26.64,27.22,26.89,27.05,26.73,26.73,26.64,27.29,27.22,26.96,27.13,26.89,26.89,26.73,27.13,27.05,27.05,26.73,26.80,26.64,26.89,26.96,26.73,26.89,26.96,26.96,27.22,26.89,26.56,26.89,26.96,27.05,26.56,26.73,26.89,26.80,26.56,26.80,26.89,26.89,26.64,26.73,26.80,26.73,27.22,26.64,27.13,26.89,27.22,27.05,26.73,27.13,26.89,27.36,26.73,27.22,27.05,26.64,26.73,26.89,26.80,26.73,26.80,26.73,26.73,27.13,27.05,26.73,26.73,26.96,27.05,26.80,26.73,27.13,26.73,27.05,26.80,27.36,26.80,27.22,26.73,26.96,26.89,26.96,27.13,27.13,26.80,27.05,26.96,27.13,26.89,26.73,26.80,26.80,27.22,26.64,26.96,27.22,26.89,26.96,27.05,26.47,26.96,26.80,26.96,26.89,26.73,26.73,26.89,26.96,26.80,26.89,27.05,27.13,26.56,26.80,26.80,27.13,26.89,26.96,26.80,26.89,26.80,26.89,26.80,26.73,26.89,26.89,26.89,26.89,26.89,26.56,26.56,26.80,26.96,26.96,26.89,26.80,26.96,26.89,26.73,26.80,26.64,26.89,26.73,26.73,26.96,26.89,26.73,26.80,26.96,26.31,26.73,26.73,26.47,26.89,26.80,26.89,26.89,26.89,26.64,27.36,26.89,26.96,26.73,26.96,26.89,26.73,26.56,26.73,26.73,26.89,26.80,27.05,26.80,26.73,26.80,26.80,26.73,26.47,27.05,27.13,27.22,26.31,27.13,26.89,27.05,26.96,26.80,26.73,26.89,26.89,27.22,26.64,26.80,26.80,26.89,26.73,26.89,27.05,26.56,26.56,26.73,26.89,27.05,26.80,27.29,26.80,27.13,26.80,27.13,26.56,27.22,26.89,26.56,26.80,26.80,27.13,26.89,26.56,26.89,26.89,26.96,26.89,26.89,26.47,26.89,26.73,26.96,26.89,26.73,26.56,26.73,26.56,26.96,26.56,27.13,27.05,26.89,27.13,26.80,26.80,27.13,26.96,26.80,26.89,26.47,26.64,27.05,27.22,27.05,26.89,26.73,26.89,26.64
26.89,26.73,26.64,26.80,26.80,26.96,26.47,26.80,26.73,26.96,26.73,26.73,26.80,26.73,26.89,26.56,26.80,26.80,26.73,26.96,26.56,26.56,26.80,27.05,27.22,26.56,26.96,26.80,26.73,26.80,26.80,26.64,26.80,26.96,27.13,26.73,26.56,26.80,26.89,27.22,26.80,26.80,26.64,26.31,26.96,26.96,27.22,26.80,26.80,26.89,26.96,26.73,27.05,26.80,27.22,26.96,26.73,26.80,27.22,26.80,26.96,26.73,27.05,26.89,26.89,27.05,26.73,26.73,26.64,26.96,27.36,26.73,27.22,26.64,26.96,26.80,26.80,27.05,26.89,26.96,26.56,26.64,26.73,26.89,26.73,26.89,26.73,26.80,26.89,26.96,26.80,26.96,27.22,26.89,27.29,27.05,27.05,27.05,27.22,26.80,26.80,26.96,27.13,27.05,26.56,26.56,27.05,27.22,27.05,27.05,26.73,27.05,26.89,26.89,26.73,26.73,27.36,26.89,26.80,27.05,26.73,26.56,26.96,26.80,26.47,26.96,26.73,26.73,26.80,26.56,26.73,26.56,26.96,26.80,26.89,26.96,27.22,26.64,27.05,27.22,27.05,27.13,26.73,26.89,26.89,26.80,27.13,26.64,26.80,26.73,26.64,26.89,27.13,27.05,26.73,26.73,26.73,26.64,26.89,26.80,26.80,27.05,26.73,27.05,26.73,26.56,26.89,26.40,26.80,26.80,27.13,27.05,27.13,26.96,26.64,26.80,27.05,26.80,26.89,26.89,26.64,26.80,26.64,27.13,27.05,27.13,26.96,26.56,27.29,26.96,27.13,27.13,26.80,26.96,26.73,27.22,26.80,26.80,27.22,26.73,26.73,27.29,27.13,26.80,26.73,26.96,26.96,26.89,26.80,26.89,26.73,27.13,27.05,26.96,26.96,27.05,27.22,27.22,26.80,26.96,27.22,27.22,26.80,26.96,26.89,26.80,26.89,26.73,26.80,26.89,26.64,26.96,27.29,26.64,27.05,26.64,27.22,26.73,27.05,26.80,27.05,26.89,27.05,26.64,26.64,27.13,26.96,26.73,26.89,26.89,27.05,26.89,27.05,26.64,26.64,26.89,26.80,26.96,27.05,26.89,26.89,27.05,27.13,26.64,26.73,26.56,26.89,26.73,26.73,26.73,26.89,26.96,26.56,26.80,27.05,26.80,26.64,26.73,26.80,26.96,26.80,27.13,26.73,26.80,26.96,26.64,27.05,26.89,26.40,27.05,27.22,26.80,26.96,26.80,26.89,26.89,26.73,26.73,27.05,26.96,26.64,26.96,26.96,26.96,26.56,26.89,26.96,27.22,26.80,26.96,26.56,26.64,27.05,26.73,26.40,26.89,26.64,26.56,27.13,26.80,26.96,26.96,26.89,26.80,26.80,26.80,26.56,26.56,26.73,26.56,26.80,27.05,26.47,26.89,27.13,27.05,27.22,26.96,27.22,26.96,26.64,27.05,26.89,26.96,27.13,27.22,26.80,26.80,26.73,27.13,27.05,27.22,27.13,26.64,26.80,27.05,27.05,27.05,26.56,27.22,26.56,26.96,26.89,26.64,27.13,26.96,26.73,27.22,26.96,26.73,26.96,27.13,26.96,27.05,26.73,26.64,26.56,26.64,27.29,27.22,26.80,27.13
26.31,26.89,26.96,26.56,26.31,26.96,26.73,26.73,26.56,26.80,26.56,26.56,26.64,26.64,26.73,26.56,27.13,26.64,26.73,26.64,27.29,26.56,26.56,27.05,26.80,26.47,26.47,26.80,26.73,26.47,26.96,26.96,26.96,26.89,26.89,26.80,26.80,26.89,26.64,26.40,26.96,26.80,27.13,26.96,26.80,27.05,26.31,26.80,26.89,26.56,26.96,26.80,26.96,26.89,26.96,26.80,27.05,26.47,26.73,26.89,26.89,26.73,26.89,26.56,26.80,26.89,26.73,26.80,26.80,26.89,26.73,26.56,26.73,26.73,26.80,26.96,26.89,26.80,26.80,26.89,26.56,26.89,26.73,26.64,26.80,26.73,26.96,26.96,26.73,26.56,26.80,26.56,26.96,26.47,26.89,26.64,27.13,26.96,26.89,26.80,26.80,26.80,26.64,27.13,26.80,27.13,26.80,26.73,26.73,26.64,26.96,26.89,26.80,27.05,26.80,26.80,26.96,26.47,26.47,26.64,26.80,26.73,26.56,26.73,27.13,27.36,26.96,27.05,26.80,27.05,27.05,26.96,26.40,26.56,26.64,27.05,26.73,26.64,26.80,26.73,26.73,26.47,27.05,27.22,26.47,26.56,26.56,26.64,26.64,26.89,26.64,26.73,26.56,26.40,26.80,26.73,26.56,26.64,27.05,26.73,26.89,27.13,26.96,26.47,26.73,26.73,26.89,27.22,26.96,27.05,27.05,27.05,26.96,26.64,26.80,26.56,26.96,27.29,26.96,27.13,27.22,27.22,27.36,26.73,27.22,26.80,26.56,27.05,26.96,26.80,26.80,26.80,26.96,26.89,26.73,26.96,27.22,26.64,27.05,26.96,26.73,26.73,26.80,26.64,27.29,27.05,27.22,26.73,27.05,26.73,27.13,27.05,26.80,26.80,27.29,26.96,26.80,26.47,27.29,26.47,26.64,26.96,27.05,26.89,26.80,27.22,27.13,26.89,26.80,26.80,26.80,26.96,26.64,27.05,26.64,26.80,26.64,26.96,26.89,26.73,27.05,26.80,26.89,26.80,26.80,26.64,26.89,26.56,26.89,26.89,26.80,26.73,26.96,26.80,26.80,26.89,26.89,26.64,26.80,26.96,27.13,26.96,26.73,26.56,26.40,26.56,26.73,26.64,26.89,26.96,26.64,26.64,26.89,26.73,26.89,26.80,26.80,26.64,26.80,26.96,26.64,27.13,26.64,26.96,26.89,26.73,26.96,26.96,26.64,26.96,26.80,26.80,26.80,26.80,26.73,26.64,26.64,26.80,26.73,27.05,26.89,26.47,26.73,26.89,26.47,26.56,27.13,26.89,26.73,26.96,26.89,26.56,26.89,26.89,26.56,26.64,26.80,26.73,26.47,26.47,26.80,26.47,26.73,26.80,27.05,26.64,26.64,26.56,26.47,26.89,26.47,26.89,26.80,26.73,26.80,27.05,27.13,26.96,26.89,27.22,26.89,26.64,26.89,26.96,26.96,27.05,27.22,26.89,26.56,27.05,26.80,26.47,26.89,26.96,26.96,26.56,26.56,27.05,26.89,26.80,26.89,26.56,27.22,26.56,26.80,27.05,26.56,27.13,26.80,26.96,27.13,26.80,26.80,26.73,26.73,26.64,27.13,26.89,26.40,27.13,27.05,26.56
26.73,26.89,26.80,26.80,26.96,26.64,26.73,26.96,26.80,26.80,26.80,26.73,27.05,26.64,26.64,26.73,26.73,26.64,26.56,27.13,27.13,27.29,26.80,26.47,26.80,26.89,26.96,26.89,26.64,26.64,26.89,26.96,27.13,26.80,26.23,26.73,26.89,26.73,26.96,26.47,26.73,27.13,26.89,26.80,26.80,27.13,27.13,26.73,26.80,26.73,26.96,26.89,27.13,26.89,26.64,26.89,27.13,26.89,26.56,26.80,26.73,26.96,26.80,26.89,27.05,26.89,26.96,27.62,26.73,26.96,26.96,26.73,27.13,27.13,26.96,26.80,26.73,26.89,26.40,26.89,27.13,26.80,26.56,27.05,26.96,26.80,26.89,26.89,26.80,26.73,26.56,26.96,27.13,26.80,26.89,26.89,26.80,26.80,27.05,26.89,27.22,26.64,26.89,26.64,27.05,26.56,26.80,26.73,26.80,26.89,26.64,26.56,26.96,26.96,26.47,26.80,26.96,27.22,26.47,26.73,26.80,26.80,26.80,27.13,26.89,26.89,26.73,26.80,26.56,26.47,26.56,26.73,26.96,26.96,26.80,26.89,26.64,26.80,26.80,26.73,26.96,26.80,26.73,26.89,26.73,26.80,27.05,26.89,27.05,26.73,26.89,26.56,26.73,26.80,26.47,26.64,26.89,26.64,26.64,26.89,26.96,26.73,26.73,26.96,26.89,26.73,26.89,26.40,27.13,26.96,27.13,26.64,27.05,27.22,26.80,26.73,26.89,27.22,26.96,26.64,27.13,26.96,26.64,26.80,27.22,26.89,26.73,26.64,27.22,27.05,27.05,26.73,27.05,26.96,26.89,26.73,27.22,27.45,27.29,26.96,26.80,26.31,27.13,26.73,26.80,27.22,26.64,26.73,26.89,26.96,26.64,27.05,27.22,26.73,26.80,26.89,26.89,27.13,26.80,26.80,26.80,26.64,26.73,26.80,26.80,26.47,27.13,26.80,26.80,26.89,26.73,26.96,26.96,26.80,27.05,26.80,26.80,26.89,27.05,26.96,26.64,26.64,26.73,27.13,26.56,26.89,26.96,27.05,26.80,26.80,26.89,26.80,26.96,26.80,26.89,26.64,26.89,26.89,26.80,26.80,26.73,26.64,26.89,26.80,27.13,26.56,27.05,26.64,26.73,26.96,26.23,26.89,27.13,26.64,26.64,26.56,26.89,26.64,27.05,27.05,26.47,26.73,26.56,26.64,26.80,26.80,26.64,26.23,26.73,27.22,26.96,27.05,26.89,27.13,26.73,26.80,26.89,26.96,26.64,26.80,26.80,26.89,26.73,26.96,26.80,26.96,26.73,26.89,26.89,26.96,26.47,26.80,26.89,26.73,26.64,26.64,26.89,27.05,26.40,27.05,26.80,26.56,27.13,26.89,26.73,26.80,26.56,26.73,26.64,26.40,26.89,27.05,26.80,26.56,26.89,26.96,26.89,26.89,27.36,27.05,27.13,27.05,26.80,27.13,26.89,26.80,26.89,26.64,26.73,26.80,26.89,26.80,27.05,26.96,26.96,27.13,26.64,26.64,26.47,27.29,27.13,26.64,27.13,26.47,26.89,27.05,26.64,27.13,26.64,27.05,26.56,26.56,26.96,26.96,27.22,26.96,27.13,27.13,27.22,26.80,27.13,26.89
26.80,26.73,27.05,26.80,26.47,26.80,26.64,26.96,27.05,26.31,26.73,26.56,26.56,26.64,27.29,26.80,26.80,26.73,26.73,27.13,27.05,26.80,26.80,26.96,26.96,26.56,27.13,26.80,26.73,26.89,26.96,26.80,27.05,26.56,26.56,26.80,26.89,26.47,26.56,26.96,26.96,26.40,27.05,26.80,26.56,26.56,27.05,27.22,26.80,26.89,26.96,26.73,26.89,26.96,26.73,26.64,26.96,26.80,26.47,26.73,26.89,26.64,26.96,27.05,26.89,26.89,26.89,26.64,26.96,26.89,26.73,26.80,27.22,26.73,26.56,26.89,26.73,26.73,26.80,26.80,26.56,26.73,26.56,26.73,26.73,26.89,26.64,26.73,26.89,26.80,26.89,26.89,26.89,26.64,26.73,26.73,26.80,27.05,27.13,26.80,26.96,26.80,26.56,26.56,26.80,26.73,26.80,26.96,27.13,26.96,26.89,27.22,27.05,26.56,26.47,26.96,26.80,26.96,26.96,27.13,26.64,26.56,26.89,26.96,26.73,26.80,26.56,26.96,26.73,26.89,26.89,26.64,27.05,27.05,26.96,26.64,26.64,26.64,26.80,26.73,26.80,26.73,26.96,26.89,26.80,27.13,26.89,26.80,26.89,26.64,26.96,26.89,27.05,26.56,26.47,26.56,26.56,26.89,26.73,26.80,26.73,26.64,27.05,26.96,27.05,26.64,26.73,27.13,26.64,26.89,27.05,27.29,26.73,26.89,26.80,26.89,26.73,26.80,27.13,26.64,27.13,26.89,26.73,26.64,26.64,27.22,27.13,26.89,27.36,27.05,27.05,26.80,27.29,26.96,27.36,27.22,27.22,26.89,27.05,27.22,27.36,26.64,26.80,26.73,26.73,26.96,27.13,27.13,27.05,26.89,27.13,27.22,26.96,26.96,26.89,26.73,27.22,27.29,26.64,27.13,26.80,26.89,26.73,26.73,26.96,26.23,27.29,26.80,26.96,27.29,26.73,27.22,26.96,27.05,27.05,27.22,27.05,26.73,27.22,26.64,26.80,26.73,27.13,26.96,26.80,26.96,26.80,27.05,26.64,26.89,26.96,26.89,26.89,26.96,26.80,26.96,26.89,26.80,26.73,27.05,27.05,26.80,26.40,26.89,26.80,27.22,26.89,26.80,26.64,26.89,26.47,26.64,26.80,27.05,26.80,26.89,26.56,26.73,26.96,26.73,26.89,26.73,26.96,26.73,26.73,27.05,26.56,26.96,26.89,26.96,27.22,26.96,26.80,27.05,26.73,26.64,26.89,26.64,26.64,26.89,27.13,26.96,26.89,26.64,26.89,26.96,26.96,27.22,26.80,26.80,26.47,26.80,27.05,26.96,26.89,26.89,26.73,27.22,26.89,26.73,26.40,27.05,26.89,26.40,26.73,26.96,26.96,26.80,26.56,26.80,26.89,26.80,27.05,26.89,26.64,26.96,27.05,26.89,26.80,26.96,26.64,26.89,26.96,27.13,26.64,26.47,26.96,26.89,26.96,27.05,26.89,26.73,27.22,26.47,27.22,27.05,26.89,26.47,26.47,26.80,27.13,26.89,27.05,26.89,26.80,27.13,26.89,27.29,26.96,26.89,27.22,26.89,27.05,26.73,26.73,26.89,27.29,27.05,27.22,26.73,26.89,26.64
26.80,26.80,26.40,26.47,26.89,26.73,26.80,26.73,26.64,26.80,26.80,26.89,26.80,27.05,26.80,26.73,27.13,27.13,26.64,26.73,26.73,27.05,26.80,26.64,26.89,26.73,27.05,26.89,26.89,27.22,26.80,26.47,26.80,26.96,26.89,27.22,26.80,26.73,26.64,27.13,26.64,26.89,26.89,26.80,26.89,26.80,26.96,26.89,26.80,26.96,26.96,26.73,26.89,26.89,26.64,26.64,27.05,26.80,26.80,26.96,26.73,26.96,26.73,26.89,27.05,26.89,27.05,26.64,27.05,27.36,26.80,26.64,27.05,26.80,26.96,26.89,26.96,26.56,27.13,26.80,26.96,26.96,26.96,26.73,26.73,27.29,26.89,26.80,27.05,26.73,26.64,26.73,26.89,27.13,26.56,26.89,26.96,26.89,26.64,26.80,26.73,27.05,26.64,26.73,26.80,26.96,26.56,26.89,27.13,26.89,26.47,26.56,26.73,26.56,26.96,26.89,26.73,26.96,26.89,27.05,27.05,27.05,27.05,27.13,26.89,27.13,27.13,27.13,26.96,27.05,26.56,26.73,26.73,26.96,27.13,26.89,26.73,27.13,26.64,26.40,26.89,26.80,26.73,26.80,26.89,26.64,26.89,26.73,27.05,26.89,26.80,26.96,26.96,26.89,26.64,26.96,26.80,26.64,26.73,26.64,27.22,26.80,26.89,27.05,27.05,26.96,26.80,26.73,27.13,27.22,26.89,26.73,27.29,26.73,26.96,27.13,26.80,27.05,27.05,27.05,26.89,26.80,27.13,26.96,27.29,26.80,26.73,27.29,26.96,27.22,26.89,26.64,26.89,27.36,26.73,26.96,26.96,27.13,27.13,26.89,26.96,26.56,26.96,27.13,26.64,27.13,26.73,26.80,27.13,26.96,27.22,27.22,26.80,27.05,27.05,26.73,27.22,26.80,26.89,26.80,26.89,26.96,26.80,26.64,27.29,26.89,26.89,26.80,26.56,26.64,26.73,26.47,26.89,26.73,26.89,26.89,26.96,26.96,26.96,26.73,26.64,27.05,26.89,26.64,26.73,26.56,26.89,27.05,26.89,26.96,26.80,27.22,26.73,26.96,27.05,27.45,26.64,26.64,27.05,26.96,26.56,26.89,26.73,26.89,26.56,26.73,26.89,26.73,27.05,26.73,26.64,26.56,26.73,26.89,26.96,26.80,26.64,26.73,27.29,27.13,26.47,26.47,27.05,26.89,26.73,26.96,26.89,26.89,26.80,26.80,26.56,26.80,26.64,26.96,26.80,26.47,26.73,27.13,27.05,26.96,26.89,26.64,26.31,26.89,27.05,26.73,26.89,26.64,26.73,26.89,26.96,26.80,26.96,26.80,26.73,26.73,26.89,27.05,26.73,26.96,27.05,26.89,26.96,26.89,26.89,26.89,26.56,26.56,26.47,27.05,26.80,27.13,26.96,26.89,27.05,26.73,26.89,26.56,26.96,27.13,27.05,27.05,27.05,26.96,26.80,26.80,26.80,26.56,26.47,27.22,26.73,26.80,27.05,26.80,27.13,26.96,26.73,26.89,26.96,26.89,26.96,26.64,26.96,27.05,27.13,26.56,26.80,27.05,26.64,26.64,26.64,26.80,27.05,26.89,26.47,27.13,26.96,26.73,26.64,26.80,27.22,26.73
26.80,26.80,26.96,26.47,26.80,26.64,26.64,26.80,26.56,26.64,26.73,27.13,26.80,26.73,26.80,26.31,26.73,26.73,26.89,26.73,27.13,27.05,26.80,26.64,27.05,26.80,26.47,27.22,26.89,26.96,26.56,26.96,26.64,26.80,26.96,26.73,26.80,26.56,26.89,26.80,27.05,27.05,26.73,26.89,27.05,26.80,27.05,27.05,26.89,26.89,26.96,26.89,26.96,26.89,26.80,26.89,26.89,27.22,26.64,26.89,26.64,26.80,26.73,26.73,27.05,26.64,27.22,26.64,26.73,26.80,26.89,26.89,27.13,26.89,26.64,26.64,27.05,26.80,26.73,27.05,26.96,26.56,27.13,26.73,26.80,26.89,27.13,26.56,26.96,26.73,26.73,26.89,26.56,27.22,26.47,26.73,27.22,26.73,27.22,27.22,26.73,26.80,26.73,26.64,26.73,26.73,26.47,26.89,26.89,26.73,26.73,26.80,27.05,27.05,26.40,26.40,26.89,26.56,26.80,26.64,26.80,26.56,26.56,26.89,26.56,27.13,26.73,26.96,26.64,26.73,26.73,26.64,26.96,26.47,26.96,26.89,26.89,26.64,26.40,26.89,26.47,26.64,27.05,26.80,26.80,26.89,27.13,26.80,26.80,26.80,27.22,26.73,26.96,26.96,27.13,27.05,26.73,26.80,26.89,26.96,26.64,26.73,26.96,27.05,26.73,27.05,26.73,27.05,26.64,27.22,26.89,26.89,26.89,27.22,26.73,26.89,27.05,27.22,26.96,26.89,27.05,27.05,26.80,26.80,26.89,26.47,26.89,27.05,26.89,26.96,27.05,26.96,27.05,27.22,27.22,27.05,27.05,26.64,27.13,27.13,26.80,27.13,26.73,27.22,26.73,27.22,27.13,27.22,27.22,26.80,26.89,26.80,26.80,27.13,27.29,26.80,27.29,26.73,26.73,26.89,26.80,26.80,27.13,27.36,26.73,26.73,27.05,26.80,26.89,26.73,26.56,26.89,26.64,26.89,27.22,26.89,26.89,26.56,27.29,26.96,26.80,26.96,26.64,26.89,26.96,26.89,27.13,27.05,26.80,26.73,27.29,26.89,26.64,26.73,26.47,27.05,26.73,27.13,26.96,26.89,26.80,26.96,26.64,26.96,26.89,26.89,26.80,26.73,27.05,26.64,26.96,26.96,26.89,26.89,26.73,26.47,26.89,27.05,26.80,27.22,26.89,26.89,26.89,26.89,26.80,26.96,26.96,26.64,26.47,26.89,26.89,26.89,26.56,26.89,26.73,26.80,26.89,26.89,26.73,26.89,26.89,26.80,26.96,26.96,26.96,26.80,26.80,26.64,26.80,26.73,26.80,26.96,27.13,27.22,26.80,27.05,27.13,26.89,26.56,27.05,26.89,26.73,26.80,26.96,26.40,26.73,26.80,27.13,26.89,26.47,26.80,26.89,26.80,26.89,26.80,26.31,27.13,26.96,26.56,26.96,27.13,26.56,26.64,27.13,26.64,26.73,26.80,27.13,27.05,26.73,26.89,26.96,26.56,26.89,26.73,27.13,26.96,26.89,26.73,27.05,26.96,26.73,26.89,26.89,26.73,27.05,27.05,26.89,26.64,26.80,27.13,26.80,26.96,26.80,26.64,27.29,26.80,26.80,26.73,26.80,26.80,26.73
26.96,26.96,26.64,26.80,26.89,26.73,26.80,27.22,27.05,26.96,26.73,26.73,27.22,27.05,26.80,26.64,27.13,27.05,26.80,26.73,26.64,26.47,26.80,26.56,26.89,26.47,26.64,26.64,26.80,26.73,26.64,26.40,26.80,27.05,26.96,27.05,26.73,26.64,26.73,26.96,26.80,26.47,26.96,26.89,27.05,27.05,26.80,26.89,27.22,27.13,26.96,26.73,26.96,26.89,26.73,26.73,26.89,26.47,26.89,26.96,26.96,26.96,27.05,26.96,26.80,26.89,26.89,26.96,26.56,26.96,27.13,27.22,26.80,27.05,26.73,26.64,26.89,26.89,26.96,26.89,26.96,26.73,26.64,26.96,26.80,26.89,26.96,26.56,26.73,26.64,26.96,26.64,26.96,26.73,26.89,26.96,26.64,26.64,26.73,26.96,27.05,26.96,26.80,27.05,26.89,26.64,26.89,26.64,26.80,26.89,27.05,27.05,26.47,26.80,27.13,27.13,27.05,26.96,26.64,26.96,27.13,26.89,26.73,26.89,26.64,26.73,26.96,26.73,26.80,26.96,27.05,27.29,26.80,26.56,26.47,27.13,27.13,26.89,27.05,26.89,26.89,26.64,26.89,27.05,27.13,26.73,27.13,27.05,26.64,27.29,26.47,26.80,26.89,26.80,26.80,26.96,27.05,26.96,27.13,26.80,26.89,26.89,26.64,26.64,27.13,27.05,26.89,26.80,27.05,26.89,26.89,27.05,26.80,26.64,26.89,27.05,27.22,26.96,27.22,26.73,26.80,26.64,27.13,26.96,26.73,26.80,26.80,26.80,26.56,27.05,26.73,26.56,26.89,26.64,26.89,26.80,26.64,26.89,26.64,26.89,26.96,26.80,27.22,27.13,26.89,27.13,26.73,26.89,26.89,27.22,26.56,26.96,27.22,26.80,27.29,27.05,26.73,26.40,26.80,27.05,26.73,26.80,26.96,26.80,26.73,26.89,26.64,26.80,26.89,27.05,26.47,26.96,27.13,26.80,26.80,26.80,26.56,27.22,27.05,26.64,26.80,26.80,26.96,26.96,26.80,27.05,26.89,26.96,27.05,27.13,26.73,26.64,26.80,26.96,26.96,26.96,26.89,27.05,26.89,26.96,26.73,26.73,26.80,26.80,27.05,26.64,26.47,26.80,27.13,26.89,26.73,26.80,27.13,26.89,26.64,26.96,27.05,27.13,26.80,26.96,26.96,26.80,26.73,26.73,26.64,26.89,27.05,26.56,27.05,26.96,26.80,26.64,26.73,27.22,26.89,26.89,26.73,26.96,26.89,26.96,26.96,26.56,26.80,26.64,27.05,26.96,26.96,26.89,26.80,27.05,27.05,26.73,26.73,26.73,26.73,26.40,26.64,26.64,26.96,26.64,26.96,27.05,27.29,26.73,26.73,26.73,26.89,26.40,27.05,26.96,26.89,26.47,26.96,26.80,26.96,27.13,26.89,26.64,26.73,26.96,26.89,26.96,26.47,26.56,26.96,26.96,26.89,26.89,26.89,26.80,26.89,26.56,26.89,26.80,26.73,26.89,26.64,26.80,26.64,26.96,26.64,26.47,26.56,26.80,26.73,26.89,26.73,26.80,26.56,26.73,27.13,26.89,26.80,26.89,26.80,26.96,26.96,26.73,26.80,27.13,27.22,26.89
26.64,26.80,26.89,26.64,26.64,27.13,26.80,27.05,26.89,26.73,26.80,26.56,27.05,27.22,26.64,26.64,27.29,27.05,26.96,26.56,26.64,26.89,27.13,26.64,26.64,27.13,26.64,27.13,26.96,26.80,27.22,26.89,27.05,27.05,26.89,26.80,27.05,26.80,26.73,26.73,26.96,26.80,26.89,27.05,26.80,26.64,27.29,26.96,26.89,26.89,27.13,26.80,26.96,27.29,26.80,26.89,26.80,26.73,26.73,26.64,26.64,26.96,27.13,26.96,26.96,26.96,26.73,26.80,26.96,27.05,26.80,26.73,26.89,26.96,26.73,26.80,26.96,26.64,27.13,26.56,26.80,26.47,27.05,27.13,26.80,26.73,26.47,26.64,26.96,26.89,26.73,26.96,26.96,26.64,27.13,26.96,26.80,27.36,27.29,27.05,26.80,26.80,26.80,27.05,26.80,26.56,26.73,26.56,26.73,26.96,26.89,26.47,27.22,26.73,27.13,26.64,26.96,26.96,26.89,26.73,26.73,26.64,26.96,27.05,26.80,27.05,26.47,26.80,26.73,26.56,26.96,26.47,26.96,27.22,27.05,26.80,26.89,27.13,26.80,27.05,26.73,26.64,27.13,26.96,26.64,26.80,26.89,26.56,26.73,26.80,27.13,26.80,26.64,26.96,26.80,26.89,26.89,27.29,27.13,26.96,27.13,26.64,26.23,27.13,26.80,27.05,26.73,27.13,26.96,27.22,27.05,26.96,26.96,27.29,26.73,27.05,26.64,27.13,27.05,26.89,27.36,26.89,27.05,26.89,26.80,26.96,26.89,27.05,27.05,26.96,26.96,27.22,26.80,26.96,27.29,26.73,26.89,26.73,27.29,27.05,26.96,27.36,26.89,26.73,27.05,26.73,26.73,26.80,26.64,26.73,26.64,27.29,27.13,27.13,26.96,27.05,27.13,27.22,26.96,27.22,26.73,26.47,26.73,27.13,26.89,26.73,26.56,26.64,27.13,26.80,26.73,26.73,26.89,26.64,26.96,26.89,26.89,26.64,26.80,27.05,26.96,27.05,26.73,27.22,26.80,26.56,26.64,26.80,26.64,26.73,26.89,26.89,26.89,26.96,27.05,26.56,26.47,26.80,27.05,26.64,26.80,26.73,26.89,26.40,26.89,26.56,26.96,26.73,26.96,26.96,26.47,26.73,26.89,26.96,26.80,26.80,27.05,26.73,27.05,26.73,26.80,26.56,27.05,26.80,26.89,26.96,27.05,26.56,26.64,26.80,26.89,26.80,26.64,26.89,26.89,26.47,26.80,26.89,26.96,26.73,26.73,27.05,26.47,27.22,26.80,26.56,26.89,26.96,26.47,26.73,27.13,26.80,27.13,26.89,26.64,26.40,26.96,26.96,27.22,26.73,26.47,26.96,26.80,27.05,26.64,26.56,26.80,26.73,26.96,26.89,26.89,26.73,26.96,26.64,26.56,27.13,26.96,26.96,26.96,26.73,26.89,27.13,27.05,27.05,26.80,26.80,27.05,26.64,26.89,26.96,26.89,26.64,27.22,27.22,26.89,26.89,26.64,26.64,26.80,26.96,27.05,27.13,26.96,26.73,26.96,26.89,26.89,27.05,27.05,27.05,26.73,26.80,26.96,26.80,26.89,27.13,27.22,27.13,26.89,27.22,26.23,26.96
26.80,26.89,26.73,26.89,26.64,26.96,26.47,26.80,26.73,26.64,26.80,26.89,26.89,26.89,26.64,26.47,27.29,26.80,26.80,26.80,26.80,26.64,26.64,27.29,26.73,26.80,26.64,26.73,26.56,26.89,26.80,26.96,26.96,26.56,26.80,27.05,27.29,27.13,26.89,26.73,27.13,26.56,27.05,27.05,26.80,26.96,26.80,26.80,27.13,26.73,26.80,26.89,26.89,26.96,26.47,26.73,26.73,26.89,26.56,26.80,26.96,27.22,26.96,27.05,26.73,26.73,26.96,27.29,26.64,26.96,26.73,26.73,27.05,26.56,26.89,27.05,26.64,26.80,26.56,26.80,27.05,26.73,26.80,26.96,26.73,26.96,26.64,27.05,26.80,26.89,26.80,26.73,26.73,26.89,26.80,26.96,27.05,27.05,26.96,26.80,26.56,26.89,26.96,26.89,26.80,26.89,26.73,26.89,26.73,26.96,26.80,26.73,26.80,26.47,26.89,27.13,26.73,26.80,26.89,26.96,26.96,26.56,26.73,27.13,27.13,26.73,26.73,27.05,26.73,26.96,26.96,26.96,26.73,27.13,26.89,27.13,26.96,26.56,26.73,26.73,26.64,27.29,27.22,26.73,27.05,27.05,26.89,27.13,27.13,27.05,26.73,27.13,26.73,26.89,26.73,26.73,26.73,26.96,26.73,26.64,26.56,26.89,26.64,26.73,26.89,26.96,26.64,26.96,26.56,26.80,26.80,27.13,26.89,26.73,26.89,27.29,26.73,26.89,26.96,26.89,26.80,27.45,26.96,26.89,27.36,27.22,27.22,27.05,26.89,26.89,27.29,26.89,26.64,27.05,26.96,27.05,26.96,27.13,27.05,26.96,27.05,26.73,27.05,27.13,27.13,26.96,26.80,26.80,27.22,26.80,26.80,27.22,27.05,26.64,26.89,26.64,26.96,27.13,26.89,27.22,26.56,26.96,27.05,26.80,27.22,26.64,27.05,27.05,26.89,27.22,26.80,27.22,26.96,27.22,27.05,26.96,26.64,26.73,26.80,26.89,26.73,26.80,27.05,26.64,27.13,26.73,27.13,26.80,26.80,26.56,26.89,27.13,26.47,27.05,26.96,27.05,26.64,27.29,26.96,26.47,26.89,26.47,27.13,26.73,26.80,26.80,26.64,26.73,26.89,26.89,26.80,26.73,26.80,27.05,26.73,26.96,26.73,26.64,26.64,26.80,26.80,26.80,26.89,26.73,26.73,26.73,27.05,26.73,26.89,26.64,26.73,26.89,26.73,26.80,26.96,26.64,27.05,26.89,27.05,26.89,26.73,26.89,26.96,26.89,26.64,26.89,26.80,26.64,27.05,26.56,26.89,26.73,26.47,26.89,27.05,26.89,26.73,26.89,27.13,26.80,26.89,27.13,26.80,26.96,27.22,27.22,26.47,26.96,26.64,26.64,27.05,26.89,26.80,26.96,26.80,26.89,26.96,26.89,26.73,26.89,26.96,26.80,26.96,26.80,26.96,26.96,27.22,27.05,26.89,26.56,27.05,26.80,27.29,26.89,26.73,26.96,26.96,27.05,27.29,26.96,26.96,26.96,26.89,27.13,26.64,27.13,26.96,26.96,26.73,26.80,26.96,26.73,26.80,26.80,26.80,26.64,26.64,26.80,26.64,27.05,27.13,26.89
26.89,27.05,26.73,26.73,27.22,26.96,26.80,26.80,26.96,26.64,26.80,26.73,26.73,26.56,26.96,26.73,26.89,26.56,27.05,27.22,27.05,26.89,26.73,27.22,26.80,27.13,27.22,27.29,27.05,27.13,26.80,27.22,27.05,27.22,27.05,26.96,27.22,26.89,26.73,26.89,26.96,27.13,26.80,27.22,26.64,26.89,26.89,26.73,26.47,26.80,26.96,26.89,26.89,26.96,26.56,26.96,26.96,26.96,26.73,26.73,26.96,26.80,26.73,27.13,26.56,27.05,26.89,26.80,27.22,26.96,26.80,26.89,26.96,27.29,27.13,27.05,27.29,26.73,27.22,26.96,26.64,26.89,26.73,26.96,26.89,26.73,26.96,26.73,26.89,26.56,26.96,26.64,26.80,26.56,26.64,27.45,26.64,26.80,27.22,26.89,26.89,26.80,26.64,26.80,27.22,27.05,27.05,26.64,27.22,26.73,27.05,26.96,26.40,26.64,26.64,26.96,26.80,26.80,26.56,26.56,26.73,26.64,26.56,26.89,26.73,26.80,26.64,26.47,26.96,26.73,26.96,26.96,26.80,26.80,27.05,26.56,26.89,26.89,26.96,27.05,26.47,26.89,26.96,26.64,26.64,26.73,27.05,27.05,27.22,27.05,26.73,26.96,26.73,27.05,26.89,26.73,27.13,26.80,26.80,26.96,26.80,26.96,26.96,26.47,27.13,26.89,26.80,26.80,26.96,26.73,26.80,26.96,27.05,27.36,26.96,26.89,27.13,26.56,27.13,26.80,26.73,27.22,26.64,27.05,26.89,27.36,27.13,26.64,26.73,26.96,26.96,26.89,26.56,27.05,27.05,27.13,27.45,27.05,27.22,26.96,27.05,27.05,27.22,27.13,27.05,27.05,26.96,27.05,27.05,27.22,26.89,26.89,26.96,27.05,26.96,27.22,26.80,26.64,26.73,26.89,27.13,26.80,26.89,27.05,26.96,26.80,27.05,26.96,26.96,26.96,26.80,26.89,27.45,26.89,26.47,27.05,26.89,26.89,26.96,26.89,26.89,27.05,26.80,26.64,27.05,26.89,26.56,26.56,27.05,27.05,26.89,26.73,27.05,26.47,26.89,26.96,26.56,26.96,26.73,27.29,27.05,26.80,26.80,26.80,26.89,27.05,26.89,26.73,26.89,26.80,26.80,26.80,26.73,26.80,26.73,26.80,26.96,27.13,26.73,26.80,26.80,26.89,26.80,26.96,27.13,27.05,26.89,26.89,26.89,27.05,26.89,27.13,26.47,26.96,26.89,26.80,27.05,26.89,26.96,27.05,26.96,26.73,26.89,26.96,27.05,26.89,26.80,26.64,26.89,26.73,27.13,26.73,26.73,26.80,26.89,26.96,26.80,26.47,26.73,27.22,26.73,27.05,26.96,26.47,26.56,26.64,27.05,26.47,26.96,26.80,26.89,26.96,26.80,27.05,26.80,27.13,26.89,27.05,27.36,27.05,27.05,26.96,26.96,27.05,26.47,26.96,26.89,26.89,26.96,26.89,27.05,26.80,26.80,26.64,26.80,26.89,26.89,27.05,26.73,26.64,26.89,26.56,26.56,26.89,26.56,26.89,27.13,27.05,27.36,26.56,27.13,26.80,26.80,26.89,26.80,26.80,26.80,26.64,26.89,26.64,26.80,26.56
26.73,26.73,26.73,26.64,26.64,26.80,26.73,26.89,27.13,26.96,26.47,26.89,26.96,26.73,26.73,26.89,26.47,26.73,26.31,26.89,26.96,27.05,27.05,27.22,26.80,26.73,26.64,27.05,26.73,27.22,26.47,26.80,27.22,26.64,26.89,26.47,27.05,26.56,26.56,26.96,27.05,26.80,26.56,26.80,27.22,26.73,26.80,26.96,26.80,26.80,26.89,27.13,27.13,26.96,26.64,26.73,26.96,26.80,26.73,26.89,27.13,26.96,26.56,26.73,26.96,26.96,27.22,26.80,26.96,26.89,26.64,26.80,27.05,26.80,26.80,26.89,27.05,26.73,26.73,26.80,26.56,26.56,26.96,26.80,26.89,26.96,26.73,26.80,26.96,26.89,26.64,26.73,27.05,26.56,26.80,26.96,26.73,26.80,27.05,26.73,26.73,26.80,26.80,27.13,27.05,26.64,26.96,26.80,26.89,26.89,26.80,26.73,26.64,27.05,26.80,27.13,26.89,27.13,26.96,27.05,27.05,26.47,27.05,27.22,26.47,26.80,26.64,26.80,26.89,26.80,26.64,27.05,27.05,27.22,26.47,27.29,26.73,26.73,26.89,26.96,26.89,27.05,26.64,26.40,26.64,26.47,27.05,26.64,26.73,27.22,27.29,26.89,26.73,26.64,27.13,26.80,27.22,26.73,26.73,27.05,26.64,26.64,26.73,27.13,26.80,27.13,26.64,27.13,26.89,26.73,26.96,26.73,27.36,26.96,26.96,27.22,27.13,26.80,26.96,26.80,27.22,27.36,26.73,26.80,26.56,27.13,27.05,27.05,27.22,27.29,27.22,26.80,27.13,26.96,26.73,27.05,26.80,27.29,26.56,26.89,27.05,26.96,26.80,26.80,26.89,27.13,27.05,27.05,27.13,27.05,26.80,27.05,26.89,26.89,26.89,26.96,27.29,26.96,26.80,26.64,26.80,26.89,27.05,26.89,26.89,26.64,26.47,26.73,26.73,26.96,26.64,26.73,26.80,26.80,27.29,26.64,27.05,26.73,26.56,26.80,26.64,26.64,26.89,26.89,27.05,26.80,26.89,26.73,26.80,26.80,26.73,26.89,26.64,26.80,26.80,26.89,27.05,26.80,26.64,26.73,26.80,26.56,26.96,26.89,26.64,26.80,26.80,26.73,26.73,26.96,27.05,26.96,27.13,26.47,26.89,26.64,26.89,26.89,26.80,26.64,26.73,26.80,26.73,27.13,27.36,26.96,26.80,26.96,26.89,26.47,26.96,26.56,26.64,27.05,27.05,26.64,26.64,26.89,26.80,26.89,26.14,26.64,26.80,26.89,26.64,26.73,26.89,26.64,26.89,26.89,26.89,26.73,27.22,26.73,26.80,26.47,26.56,26.80,26.56,26.96,26.89,27.05,26.80,26.73,26.56,26.80,26.96,26.89,27.13,26.80,26.80,26.47,26.73,27.05,26.96,26.80,27.22,27.13,26.73,26.96,26.73,26.89,27.05,26.89,27.29,26.89,26.56,27.13,26.64,27.13,26.64,27.05,26.89,26.89,26.64,26.80,26.89,27.05,26.47,26.73,26.64,26.89,26.96,26.40,26.73,26.89,27.13,26.96,26.64,26.56,26.96,27.13,26.80,27.22,26.64,27.05,27.05,26.64,27.05,26.64,26.80,26.47
26.47,26.89,27.05,26.80,26.80,26.80,27.22,26.96,26.89,26.47,26.47,26.64,26.56,26.80,26.73,27.05,26.96,26.89,27.05,26.56,26.80,26.73,26.80,26.64,26.96,26.40,26.96,27.22,26.64,26.89,26.73,27.22,26.47,26.96,27.29,26.64,26.89,26.89,26.89,26.96,26.89,26.96,26.89,26.80,26.47,26.73,26.80,26.89,26.96,26.96,26.89,26.96,26.73,26.64,26.96,26.96,26.73,26.89,26.80,26.89,26.89,27.05,26.73,26.89,26.64,26.89,26.89,27.36,26.80,26.80,26.89,27.13,26.64,27.13,26.96,26.89,26.80,26.96,26.56,26.80,26.73,26.80,26.80,26.96,26.80,26.47,26.96,26.64,26.80,26.56,26.89,26.64,26.64,26.47,26.80,26.73,26.80,26.73,27.05,26.80,26.80,26.73,26.80,26.47,26.89,26.89,26.56,26.80,26.96,26.80,26.56,26.73,27.05,26.96,26.89,26.73,26.89,26.73,26.64,26.80,26.56,26.80,26.89,27.13,26.80,26.73,26.80,26.89,26.73,26.64,26.40,26.73,26.80,26.89,26.56,26.56,26.47,26.89,27.13,27.05,26.40,26.64,26.96,26.73,26.89,27.29,27.13,26.73,26.80,26.89,27.29,26.64,26.73,26.56,26.96,26.73,26.73,27.05,26.80,26.80,26.64,27.05,26.89,26.64,26.96,27.05,26.80,27.13,26.96,26.73,26.89,26.89,26.89,27.22,27.22,26.73,27.13,26.89,26.89,26.73,27.13,27.22,26.96,26.80,27.05,26.96,26.80,26.80,27.05,27.29,26.96,26.80,27.05,27.29,26.89,27.05,27.22,26.89,27.13,27.22,27.22,26.80,26.89,26.96,26.89,27.29,26.73,26.73,26.80,27.29,26.96,27.13,27.05,26.96,27.22,26.96,26.89,27.13,26.73,26.96,26.96,26.96,26.56,27.05,27.29,26.89,26.96,26.80,26.89,27.29,26.64,26.89,27.05,26.89,26.89,26.73,26.80,26.64,27.05,26.89,26.89,27.13,26.73,26.80,26.56,26.80,26.89,26.56,26.73,26.73,26.96,26.96,26.80,26.96,27.05,27.22,26.47,26.80,26.56,26.73,26.73,26.64,26.96,26.96,26.96,27.05,26.56,26.80,26.96,27.13,26.96,27.13,27.22,26.89,26.96,26.89,27.22,26.89,26.89,26.64,26.96,27.13,26.80,26.96,26.73,26.73,26.96,27.05,26.96,26.89,26.40,26.80,26.89,26.96,26.89,26.89,27.13,26.89,26.96,27.22,26.73,26.96,26.96,26.73,26.80,27.22,26.89,26.47,27.05,27.05,26.73,26.47,26.96,26.80,26.73,27.05,26.80,26.80,26.89,26.80,26.96,26.89,27.05,26.64,26.64,26.89,27.22,27.22,26.89,27.13,26.56,26.89,26.56,26.96,26.56,26.96,26.80,26.96,26.80,27.05,26.96,26.80,27.22,27.05,26.96,26.40,26.96,26.80,27.13,26.56,26.80,26.73,26.80,26.56,26.89,27.13,26.89,26.64,26.96,26.80,26.89,26.56,26.73,26.96,26.64,26.40,26.89,26.56,26.80,26.73,26.80,27.22,26.73,27.05,27.05,26.73,27.22,27.05,26.80,26.47,26.56,26.73
26.47,26.89,26.73,26.80,27.05,27.05,26.80,26.89,26.73,26.96,26.89,26.73,26.80,26.80,26.89,26.40,26.80,27.13,26.80,27.13,27.05,26.80,26.80,26.80,26.56,26.89,26.73,26.73,26.73,26.56,26.96,26.80,27.13,26.56,26.80,26.80,26.73,26.89,26.96,26.73,26.64,26.96,26.80,26.89,26.80,26.89,26.73,26.89,26.96,26.89,26.96,26.31,26.96,26.64,26.64,26.96,26.89,26.80,26.96,26.96,26.73,26.64,26.73,26.89,26.56,26.89,26.56,27.05,26.96,26.80,26.96,27.05,27.05,26.96,27.05,26.73,26.89,26.89,26.96,26.73,26.64,26.64,26.56,26.96,26.89,26.89,26.73,26.89,26.64,26.56,26.89,26.96,26.80,26.80,27.05,26.80,26.73,26.73,26.80,26.64,26.64,26.80,26.73,26.73,26.80,26.96,26.89,26.80,26.40,26.56,27.13,27.22,26.80,26.73,27.05,26.80,26.96,27.29,26.73,26.80,26.64,27.05,26.47,26.89,26.73,26.89,26.80,26.96,26.73,26.56,26.73,27.22,26.64,26.73,27.22,26.64,26.96,26.64,26.64,27.13,26.73,26.89,26.64,27.05,27.05,27.29,26.96,26.73,26.80,27.36,26.96,27.22,26.96,26.56,26.80,26.80,26.73,26.40,26.80,26.80,26.89,26.73,26.89,26.73,27.05,26.73,26.89,26.64,26.96,26.89,26.80,27.13,27.05,27.05,26.96,27.05,26.96,27.13,26.73,26.64,26.80,27.05,27.22,26.80,26.40,27.13,26.80,27.36,27.13,26.56,26.80,26.96,27.05,26.96,27.53,27.22,27.05,27.22,26.96,26.64,26.80,26.96,26.73,27.05,26.96,26.96,26.96,27.05,27.22,26.96,27.22,27.22,26.73,26.96,27.05,26.80,27.05,26.89,26.89,27.13,26.80,27.36,27.05,26.56,26.96,26.96,26.73,26.96,26.56,26.73,26.80,26.80,27.29,26.89,26.73,26.64,26.80,26.96,26.80,26.89,26.73,26.96,27.05,26.73,26.89,26.47,26.80,26.96,27.13,27.05,26.80,26.80,26.73,27.05,26.64,26.89,26.80,26.64,26.96,26.89,26.47,26.80,27.05,26.89,26.89,26.89,26.73,26.73,26.89,27.05,26.73,26.73,26.40,26.89,26.73,26.80,27.22,26.64,26.64,26.80,26.89,26.80,26.89,27.13,26.89,26.73,26.73,26.96,26.64,27.05,26.96,26.73,26.96,27.05,26.89,26.80,26.73,27.05,26.73,26.96,26.73,26.96,26.64,26.96,27.22,26.89,26.89,27.29,26.47,26.96,26.73,26.73,26.56,26.96,26.89,26.56,26.47,26.47,26.96,26.80,26.96,26.73,26.89,26.96,27.05,27.13,26.96,26.89,26.80,26.96,26.96,26.96,26.89,26.96,27.05,26.96,26.89,27.13,26.73,26.80,26.31,26.96,26.89,26.73,27.22,26.80,26.89,26.96,26.89,26.80,27.05,26.89,26.96,26.96,26.80,26.96,26.89,26.96,26.56,26.56,27.05,26.80,26.64,27.29,26.80,26.64,26.64,27.22,27.13,26.89,26.96,26.64,27.05,27.22,26.73,27.05,26.56,26.96,26.80,26.73,27.13,26.80
26.56,26.80,26.73,26.80,26.47,26.73,26.73,26.73,26.80,26.89,27.05,26.64,26.89,26.80,26.89,27.13,26.73,26.56,26.73,26.96,26.80,27.22,26.89,27.05,26.47,26.73,26.56,26.64,26.80,27.05,26.80,26.96,26.89,27.22,26.96,26.96,27.29,27.13,27.05,26.73,26.73,27.05,26.80,26.80,27.22,27.29,26.64,26.96,26.89,26.89,27.05,26.89,26.80,27.13,26.80,26.64,26.96,26.96,26.80,26.96,26.96,27.13,26.80,26.47,26.40,26.80,26.96,26.96,26.80,26.40,26.96,26.73,26.47,26.80,26.56,26.80,26.96,26.64,26.80,26.47,26.56,26.56,26.96,26.73,26.89,27.22,26.96,26.64,27.05,26.80,26.96,26.89,26.73,26.40,26.89,27.22,27.36,26.73,27.05,26.64,26.56,26.56,27.05,26.73,26.80,26.89,26.73,26.96,26.80,26.96,26.96,27.05,26.73,27.13,26.64,26.73,26.47,26.89,27.22,26.80,26.73,26.64,26.89,27.05,26.73,26.96,26.73,26.73,27.05,26.96,26.47,26.73,26.73,26.80,26.73,27.22,27.22,26.80,27.22,26.80,26.23,26.89,26.56,26.64,26.80,26.56,26.89,26.80,27.22,26.96,26.89,26.80,26.73,26.80,27.05,26.89,26.80,26.80,26.96,26.89,26.89,26.89,26.80,26.89,26.80,26.89,26.96,26.89,27.13,26.89,26.73,27.36,26.89,26.73,26.80,26.64,26.73,27.45,27.29,27.05,26.89,27.36,27.36,27.22,27.13,26.64,27.22,26.96,26.80,27.13,27.29,27.22,27.05,26.73,27.13,26.80,26.89,27.05,26.89,27.05,26.80,26.89,27.29,26.80,27.13,27.36,26.96,26.64,27.05,26.96,26.80,27.22,26.47,26.96,27.22,26.64,27.05,26.89,26.89,26.64,26.89,27.36,26.80,26.80,26.73,26.96,26.89,26.64,26.80,26.64,26.80,26.89,27.13,27.05,26.89,27.13,26.89,26.40,27.05,26.89,26.80,26.89,26.80,27.05,26.89,27.05,26.64,26.80,26.96,26.73,26.80,26.89,26.96,26.73,26.56,26.56,26.64,26.64,26.73,27.05,26.80,26.73,26.89,26.80,26.73,27.05,26.96,26.80,26.89,26.96,26.89,27.13,26.80,26.96,26.73,27.05,26.80,26.64,26.89,26.89,26.80,26.96,26.73,26.56,27.05,26.80,27.05,26.96,26.73,26.96,26.80,26.89,27.05,26.89,26.73,26.31,26.80,26.89,26.89,26.47,26.73,26.64,26.80,27.13,26.73,26.89,26.73,26.89,26.96,26.80,27.05,26.80,26.89,26.80,26.80,26.80,26.80,26.73,26.96,26.73,26.89,26.96,26.89,26.89,26.73,26.64,26.73,27.05,26.89,26.64,26.89,26.89,26.80,26.96,26.80,26.89,26.96,26.73,26.47,26.80,26.64,26.47,26.80,26.89,26.73,26.64,27.29,26.89,26.80,26.64,26.80,26.64,26.47,27.22,27.13,26.96,26.89,26.80,27.05,27.13,27.22,26.80,27.29,26.73,27.05,26.64,26.56,26.64,27.05,26.73,26.73,26.80,26.80,27.05,26.56,26.89,26.89,26.80,26.56,26.64,26.73,26.40
26.47,26.80,26.89,26.64,27.05,27.05,26.31,26.73,26.47,26.96,26.96,26.89,26.80,26.80,27.05,26.89,26.73,26.89,27.22,26.89,26.89,26.80,26.40,26.80,26.64,26.80,26.89,26.73,26.64,26.64,26.64,27.05,27.05,26.80,26.96,26.31,26.64,26.40,26.96,26.96,26.89,26.89,26.96,26.64,26.56,26.40,26.80,27.29,26.80,26.80,26.73,26.89,26.80,26.80,26.89,26.40,27.13,26.80,26.64,26.80,26.96,26.89,26.80,26.56,26.73,27.05,26.89,26.80,26.80,27.05,26.89,26.73,26.89,26.80,26.80,26.73,26.89,26.96,26.73,26.73,26.73,26.73,26.47,26.89,26.47,26.31,26.73,26.96,26.80,26.47,27.05,26.96,26.80,26.73,27.05,26.31,26.80,26.40,26.56,26.73,26.80,26.89,27.13,26.80,27.45,26.40,26.56,27.05,26.89,26.96,26.73,26.89,26.73,27.22,26.64,27.22,26.80,26.47,26.73,26.40,26.80,26.96,27.05,26.96,26.80,27.05,26.56,26.47,26.89,26.64,26.89,27.22,26.89,26.56,26.89,26.80,26.80,26.80,27.05,26.96,26.89,26.96,26.80,26.47,27.29,26.64,26.89,26.89,26.64,27.05,26.89,26.64,26.89,26.56,26.96,26.56,26.80,26.89,26.73,26.96,26.96,27.13,26.47,26.56,27.22,26.80,27.29,27.05,27.22,26.40,26.89,27.05,26.96,27.22,26.80,27.05,27.05,27.05,26.96,27.45,26.89,26.89,26.64,27.22,27.05,26.96,27.13,26.89,27.22,27.05,26.80,27.05,26.73,27.22,27.05,26.80,27.29,26.89,26.80,26.96,26.80,27.13,26.96,26.96,27.36,26.73,26.89,26.80,27.13,26.96,27.05,26.96,26.73,27.05,26.96,26.73,27.13,26.80,26.47,26.73,26.89,26.80,26.64,26.89,26.73,26.80,26.89,26.64,26.89,26.80,26.73,27.13,26.89,26.64,26.89,26.73,26.80,26.47,26.64,27.05,27.05,26.89,26.73,26.47,26.96,26.64,26.96,26.96,26.80,26.89,26.96,26.56,26.73,26.47,27.05,26.89,26.64,26.96,26.73,26.64,26.40,26.89,26.64,26.96,26.96,26.80,26.40,26.89,26.64,26.64,26.80,27.29,26.73,26.64,26.73,26.56,26.56,26.73,26.73,26.73,27.13,26.80,26.73,26.80,26.96,26.73,27.05,26.80,26.96,26.73,26.89,26.96,26.96,26.89,26.47,26.80,26.80,26.89,26.47,26.73,26.64,26.56,26.89,26.80,26.73,27.05,26.89,26.47,26.64,26.80,27.05,26.64,26.80,26.56,27.22,26.47,26.47,26.89,27.13,26.56,26.80,26.56,26.80,26.80,26.80,26.96,26.73,26.73,26.96,26.56,26.73,26.96,26.73,26.80,26.89,26.56,27.22,26.96,27.05,27.05,26.89,26.40,26.96,26.73,26.96,27.05,26.89,26.80,26.56,26.73,26.89,26.96,26.80,26.40,26.80,26.89,27.05,26.80,26.64,27.13,27.05,27.05,27.22,26.89,27.13,27.05,27.29,26.96,26.80,26.96,26.89,26.96,26.80,27.05,27.13,27.22,26.96,26.96,26.73,26.80,26.80,26.64
26.73,26.80,26.47,26.31,26.96,26.89,26.80,26.96,26.89,26.64,26.96,26.96,26.47,26.80,26.64,26.80,26.96,27.13,27.13,26.73,26.73,26.89,27.05,26.73,26.80,26.96,26.73,26.73,26.64,26.89,26.73,27.13,26.73,26.80,26.80,27.05,26.80,26.80,26.73,27.05,27.22,26.89,26.96,26.73,26.96,26.80,27.22,26.73,26.80,26.47,27.13,26.80,26.47,26.56,26.96,26.73,26.73,26.80,26.89,26.96,26.89,27.22,26.96,26.89,26.89,26.89,27.05,26.89,26.96,26.80,26.96,26.80,26.40,26.89,26.96,27.22,26.96,27.05,26.47,26.89,27.05,26.56,26.64,26.80,26.80,26.40,27.05,26.80,26.64,26.64,26.47,26.64,26.96,26.56,26.80,26.89,26.56,26.73,26.80,26.64,26.80,26.89,26.64,27.13,26.96,26.73,26.47,26.80,27.05,26.80,26.73,26.80,27.05,26.96,26.96,26.89,26.73,26.56,27.13,26.96,26.80,26.73,26.96,26.96,26.96,26.89,26.80,26.73,26.89,26.80,27.05,26.89,26.80,26.89,26.73,27.13,26.89,27.13,26.80,26.64,26.80,26.89,26.96,26.89,26.64,26.89,27.05,26.73,26.96,26.89,26.64,26.89,26.80,26.56,26.64,26.56,27.05,26.73,26.47,26.64,26.73,26.73,26.80,26.96,26.80,26.64,26.96,26.80,26.89,26.64,26.89,27.36,26.80,27.13,26.73,26.64,27.29,26.73,27.05,26.89,26.89,27.13,26.73,26.80,27.05,26.80,26.64,27.13,26.80,26.80,26.80,26.96,27.05,27.13,26.89,27.05,26.73,26.80,26.80,26.56,27.05,27.05,26.80,26.89,27.05,26.96,27.05,26.64,26.89,26.80,26.64,26.73,27.13,27.22,27.13,26.80,26.64,26.73,26.73,27.05,27.13,26.89,26.47,27.05,27.05,26.89,27.05,26.89,26.89,27.22,26.89,26.96,26.89,26.47,26.73,26.73,26.80,26.80,26.80,27.13,26.80,27.13,26.80,26.80,26.96,26.80,26.80,26.73,26.80,27.13,26.73,26.89,26.80,27.05,27.13,26.64,26.80,26.96,26.89,26.89,27.13,26.56,27.05,27.05,27.05,26.89,27.22,26.73,26.96,27.13,27.05,26.96,26.73,26.73,27.13,26.73,27.22,27.13,26.80,26.80,26.47,26.96,26.80,26.89,27.05,26.89,27.05,27.05,26.89,26.89,27.13,26.47,26.80,27.13,26.47,26.96,26.80,26.80,27.13,26.64,26.80,26.64,26.56,26.80,26.89,27.29,26.80,26.80,26.96,26.89,26.64,26.96,26.89,26.56,27.05,27.05,27.22,26.64,26.80,27.13,26.89,26.73,26.96,26.56,26.89,26.80,26.96,26.73,26.73,27.05,26.64,26.56,26.56,26.64,27.05,26.80,27.05,27.05,26.96,26.64,26.89,26.64,26.89,26.56,26.96,27.13,26.73,27.05,26.80,27.13,26.73,26.73,26.96,26.56,26.64,27.36,27.13,26.96,26.89,27.29,27.36,27.05,27.05,26.80,26.73,26.73,26.89,26.56,26.89,26.47,26.47,26.89,27.05,26.73,27.13,26.73,26.64,26.89,26.89,26.96,26.73,26.64
26.80,26.96,26.80,26.56,26.89,26.73,26.47,26.80,26.80,26.73,26.56,26.64,26.64,26.80,26.89,27.05,26.96,26.89,26.80,27.05,26.96,26.80,26.80,26.73,26.89,26.80,26.80,26.64,26.73,26.80,26.47,26.56,26.89,26.96,26.73,27.05,26.89,26.89,26.64,26.64,27.22,27.05,26.73,26.56,26.96,27.05,26.47,26.96,26.80,26.64,26.89,26.96,27.05,26.47,26.64,26.96,26.40,26.89,26.89,26.47,26.80,26.89,26.89,26.56,26.96,26.96,27.05,26.80,26.89,26.73,27.22,26.89,27.05,26.89,26.80,26.96,26.89,26.89,27.13,26.96,27.22,26.80,26.73,26.80,26.73,26.96,26.64,26.80,26.96,26.89,26.80,26.96,27.13,26.89,26.80,26.89,26.89,26.80,26.64,26.96,26.73,26.80,26.56,26.96,26.73,26.89,26.64,26.56,26.80,26.96,27.05,26.89,26.64,26.80,26.89,26.80,26.64,26.64,26.80,27.05,26.80,27.05,26.89,27.22,26.73,26.80,26.80,26.73,26.73,27.29,26.80,26.96,27.45,26.89,26.80,26.89,26.56,26.96,26.73,26.73,27.05,26.73,26.80,26.73,26.96,26.96,26.64,26.89,26.73,26.89,26.96,26.73,27.05,26.47,26.96,26.80,26.80,26.96,26.80,26.73,26.89,27.22,26.89,26.56,27.13,26.89,26.89,27.13,26.64,26.56,27.05,26.89,27.36,27.13,26.80,26.64,26.73,26.80,27.36,26.80,26.96,26.96,26.96,26.89,27.13,27.36,27.22,26.80,26.89,26.80,27.05,26.56,27.05,26.89,26.89,26.96,26.89,27.36,26.80,26.89,27.13,26.89,26.96,26.89,26.89,27.29,26.96,26.96,26.96,26.73,26.96,26.73,26.96,26.96,26.89,26.96,27.22,26.96,26.89,26.89,26.64,26.73,26.73,26.89,26.89,26.89,26.80,26.73,26.80,27.05,27.22,26.80,26.80,26.80,26.89,26.80,26.80,26.64,27.36,26.80,26.56,26.96,27.13,26.64,27.05,26.89,26.89,26.96,27.13,27.13,27.29,26.96,26.96,27.05,27.13,26.89,26.89,26.96,27.22,26.80,26.64,26.56,27.05,26.96,26.96,27.05,26.89,26.96,26.73,26.73,26.80,26.47,27.22,26.47,26.89,26.89,26.47,26.80,26.47,26.89,27.05,26.89,27.05,26.80,26.89,26.96,26.89,27.13,26.64,26.96,27.22,26.80,26.80,26.56,26.96,26.64,26.89,26.89,26.47,26.96,26.89,26.56,26.23,26.56,26.64,27.05,26.56,27.05,26.73,26.80,26.56,26.40,26.96,26.89,26.56,26.96,26.80,26.64,26.31,26.64,27.13,27.05,26.89,26.47,26.47,26.73,26.40,27.05,26.56,26.89,26.96,27.13,26.73,27.13,26.73,26.56,26.47,27.13,26.96,27.05,26.73,27.13,26.73,26.73,27.05,26.96,26.96,26.96,26.80,26.73,26.96,26.64,26.96,26.56,26.80,26.80,26.89,26.89,26.47,26.89,27.13,26.73,26.64,26.64,27.05,26.73,26.96,26.64,27.05,26.56,26.80,26.80,26.89,26.89,26.73,26.73,26.47,27.05,26.56,26.73,26.31,27.05
26.47,26.96,26.64,27.05,26.64,26.64,27.05,26.73,26.96,26.47,27.05,26.80,26.96,26.96,26.40,26.96,26.56,26.73,26.96,26.80,26.96,26.73,27.13,27.05,26.64,26.64,26.73,26.56,26.96,26.89,26.73,27.05,26.40,27.13,26.73,26.96,26.73,27.22,26.96,27.13,26.80,26.96,26.89,26.96,26.73,27.13,26.96,26.47,26.96,27.05,26.89,26.80,26.80,26.73,27.36,26.96,26.56,27.13,26.96,27.05,27.05,26.96,26.64,27.22,26.96,26.80,26.40,26.89,26.80,26.56,27.05,26.80,27.22,26.96,26.64,26.96,26.73,26.64,26.56,26.89,27.05,26.31,26.96,27.13,26.47,27.05,27.22,27.13,26.96,26.47,26.80,26.73,26.89,26.73,27.05,26.73,27.13,26.56,26.89,26.80,26.80,26.56,26.64,26.89,26.64,26.80,26.64,27.05,26.89,26.80,26.64,26.96,26.96,26.89,26.96,26.89,26.80,26.89,26.80,26.96,26.73,26.80,26.47,26.96,26.89,26.47,26.64,26.80,26.56,26.64,26.47,26.89,26.80,26.73,26.73,26.64,26.73,26.73,26.89,26.89,26.73,26.80,26.73,26.89,26.96,26.89,26.80,26.80,26.56,26.73,26.80,26.96,26.96,26.80,26.80,26.96,26.73,26.56,26.80,26.89,26.64,26.96,26.64,27.05,26.73,26.40,26.73,26.80,26.96,26.73,26.89,26.89,26.96,26.89,27.05,26.89,26.89,26.89,27.05,26.96,27.45,26.80,26.89,27.13,26.80,26.89,26.96,26.64,26.73,27.36,27.05,26.56,26.64,26.89,27.05,26.73,26.89,26.89,26.89,26.89,26.89,26.80,26.73,27.13,27.13,26.96,27.05,26.64,27.05,26.80,26.96,27.05,26.64,26.80,26.56,26.96,26.96,26.73,27.22,26.40,26.80,26.73,26.64,27.13,27.05,27.05,26.31,26.40,26.80,26.89,27.05,26.47,26.64,26.80,26.96,26.64,26.96,26.80,27.05,26.73,27.05,26.89,26.96,26.89,26.89,27.13,26.96,26.96,26.80,27.05,26.80,26.64,26.96,27.29,27.05,26.64,27.05,26.73,27.05,26.56,26.96,26.73,27.05,27.22,26.80,26.73,27.13,27.22,26.89,26.89,27.05,26.80,26.73,27.05,26.89,26.80,26.64,26.96,26.96,26.89,26.64,26.64,26.89,26.96,26.73,26.40,26.80,26.80,26.80,27.05,26.40,26.64,26.56,26.73,26.64,26.64,26.73,26.89,27.22,26.56,26.96,27.05,26.64,26.73,26.96,26.80,26.89,26.56,26.96,26.73,27.22,27.05,27.05,26.80,26.56,27.22,26.64,26.80,26.56,26.56,26.73,26.64,26.89,26.73,26.64,27.13,26.64,26.56,27.05,26.31,27.05,26.56,26.73,26.96,26.73,26.56,26.96,26.96,27.05,26.64,26.80,26.73,26.89,26.96,26.64,27.13,26.56,26.89,26.96,27.22,26.73,26.73,27.13,26.80,26.73,26.80,27.13,26.80,26.80,26.64,26.89,26.56,26.73,26.73,26.40,27.05,26.64,26.80,26.89,26.80,26.89,26.89,26.80,26.89,26.96,26.89,26.80,26.73,27.22,27.22,27.05,26.80
26.40,26.56,26.73,26.47,27.05,26.80,26.89,27.29,26.96,26.89,26.73,26.40,26.96,26.80,26.47,27.05,26.96,26.64,26.47,26.89,26.80,27.05,26.73,27.05,26.89,26.80,26.89,26.64,26.89,26.64,26.96,26.89,26.80,26.89,26.89,26.89,26.64,26.80,26.64,26.56,26.80,26.96,26.96,26.73,26.73,26.89,26.64,26.89,27.13,27.05,27.13,26.73,27.05,27.05,26.73,27.05,27.22,27.13,26.73,27.05,26.73,26.80,27.05,26.89,26.80,26.89,26.89,26.89,27.13,27.05,26.89,26.56,26.64,26.80,27.05,27.05,27.13,26.89,26.89,26.96,27.13,27.05,26.89,26.96,26.80,26.89,26.80,26.64,26.89,26.47,26.73,26.89,26.89,26.80,27.05,27.13,26.89,26.89,26.96,26.80,26.89,26.96,27.29,26.64,27.22,26.80,26.89,27.29,26.89,27.22,26.89,26.80,26.89,26.56,27.05,26.64,26.64,26.56,26.80,26.80,26.80,26.89,27.22,26.80,26.80,26.80,26.89,26.56,27.05,26.80,26.56,26.96,27.05,26.80,27.05,26.56,26.96,26.47,26.89,26.96,26.89,26.89,27.05,26.96,26.96,26.89,26.73,26.64,26.89,26.96,26.73,26.96,26.89,26.64,26.64,26.96,26.89,26.47,26.96,26.64,26.96,26.80,26.80,26.40,26.89,27.05,26.73,27.29,26.64,26.80,26.80,26.64,26.89,26.89,26.89,27.22,26.80,26.80,27.13,26.73,26.73,26.96,27.29,26.80,26.80,26.80,27.22,27.05,26.73,26.80,27.05,26.73,27.22,27.13,26.89,26.96,26.96,26.73,27.05,26.80,26.64,26.73,26.89,26.89,26.80,26.96,27.13,26.73,26.80,26.73,26.89,26.80,26.89,26.96,27.13,27.05,26.96,26.80,26.96,26.96,26.80,26.73,27.05,27.05,26.96,26.64,26.96,27.05,27.22,26.89,26.89,26.80,26.56,27.05,26.80,26.56,26.73,27.05,26.80,26.40,26.80,26.80,27.05,26.73,26.89,26.96,26.80,26.64,26.96,26.89,26.73,26.96,26.89,26.96,26.23,26.89,26.56,26.89,26.80,26.56,26.56,26.73,26.56,27.05,27.05,26.56,26.40,26.80,26.64,26.89,26.64,26.80,26.47,26.56,26.89,26.64,26.56,26.64,26.89,26.40,26.89,26.80,26.73,27.05,26.80,26.73,26.89,26.64,26.56,27.05,26.89,26.73,26.56,26.96,26.56,26.56,27.13,26.40,26.80,26.73,26.64,26.64,26.64,26.64,26.73,26.89,26.96,26.73,26.80,26.73,27.13,26.64,26.96,26.56,26.64,26.80,26.80,26.47,26.73,26.89,26.89,26.56,26.73,26.73,26.64,26.80,26.89,26.89,26.80,26.73,26.80,26.89,26.64,26.73,27.13,27.05,27.22,26.96,27.13,26.73,26.47,26.80,27.13,26.80,27.22,26.73,26.96,27.22,27.22,27.29,26.89,26.80,26.40,27.05,26.73,26.64,26.80,26.89,26.80,26.64,26.64,26.80,26.56,26.80,26.96,26.80,26.40,26.64,26.80,27.05,26.64,26.80,26.96,26.89,26.56,27.05,26.73,26.47,26.73,27.05,26.73,26.96
27.13,26.64,26.80,26.73,26.64,26.96,27.05,26.80,26.96,26.80,26.23,26.56,26.73,26.89,27.05,26.73,27.05,26.89,26.80,26.56,26.80,26.05,26.80,26.96,26.80,26.80,26.23,26.73,26.89,26.56,26.96,26.56,26.96,26.73,26.80,26.96,26.96,26.73,26.80,26.73,27.13,26.56,26.80,26.89,26.73,26.89,26.96,26.80,26.80,26.73,26.96,26.89,26.64,27.05,27.05,26.89,26.89,26.73,26.73,26.89,27.13,26.89,26.73,27.22,26.96,26.56,27.05,26.47,26.80,26.80,27.13,27.22,26.89,26.96,27.05,26.31,26.80,26.64,27.13,26.47,26.96,26.80,26.40,26.80,26.31,27.05,26.56,26.47,26.96,26.64,26.80,26.80,26.64,26.80,26.89,27.22,26.89,26.73,26.96,26.80,26.96,26.96,26.80,26.80,26.80,27.13,26.64,26.73,27.13,26.64,26.73,26.56,26.56,26.89,27.13,26.80,26.96,27.05,26.89,26.73,26.73,26.73,26.80,26.89,26.56,26.89,26.47,26.89,26.80,27.05,27.05,26.89,26.56,26.96,26.96,27.29,26.56,27.29,26.96,26.80,26.80,27.05,26.64,26.89,26.96,26.89,26.96,26.40,26.96,26.96,26.73,26.56,26.96,26.96,26.73,27.13,26.56,26.89,26.89,26.89,27.05,26.89,26.80,26.73,26.89,27.13,27.29,27.13,26.89,26.80,26.73,27.05,26.89,27.22,27.22,27.05,27.62,26.80,27.05,27.05,26.89,27.05,27.05,26.64,27.05,27.05,27.13,27.29,26.89,26.89,26.96,26.89,26.89,26.80,27.13,27.05,26.89,26.89,26.80,26.80,26.89,27.05,27.05,26.89,26.73,26.80,27.05,26.80,27.13,27.05,27.29,27.05,26.73,27.05,26.96,26.96,27.13,26.89,26.96,27.05,27.22,26.73,26.64,26.80,26.96,26.89,26.73,26.47,27.13,26.96,26.73,26.89,26.80,26.80,26.96,26.96,26.80,27.22,27.05,26.80,26.80,26.80,26.96,27.05,26.80,27.05,26.47,26.89,26.80,26.80,26.47,26.96,26.73,26.56,27.22,26.96,27.22,26.96,26.89,26.80,26.64,26.96,26.89,26.96,26.89,26.89,27.05,26.64,27.05,27.13,26.89,26.56,26.80,27.05,26.56,27.05,26.89,26.47,26.56,27.13,26.89,26.56,26.40,26.80,26.56,26.56,27.05,27.05,26.73,26.80,27.05,26.73,26.64,26.56,26.64,26.96,27.05,26.80,26.73,26.73,26.64,26.64,27.13,26.73,26.96,26.64,26.80,26.89,26.96,26.73,26.89,26.73,26.73,26.40,26.73,27.13,26.80,26.64,26.56,26.89,26.64,26.73,26.64,26.80,26.89,26.80,26.64,26.73,26.73,26.47,27.05,26.64,26.73,27.13,26.80,26.80,26.89,27.29,26.73,26.89,26.89,26.64,26.96,26.56,26.64,26.47,26.73,26.80,27.05,26.64,26.80,27.22,26.89,26.96,27.22,26.89,26.73,26.89,27.29,26.89,26.73,26.47,26.89,26.96,26.80,26.64,26.73,26.89,26.89,26.80,26.56,26.73,26.73,26.89,26.89,26.96,26.89,27.05,26.96,26.73,26.96,26.96
27.05,26.89,26.73,27.05,26.56,26.56,26.73,26.64,26.89,26.56,26.73,26.31,26.73,26.73,26.47,26.47,26.96,27.05,26.89,26.56,26.73,26.80,26.96,26.89,26.56,27.13,26.73,26.56,26.80,26.89,26.96,26.89,26.89,27.13,26.73,26.89,26.80,26.47,27.05,27.05,27.45,26.96,26.96,26.80,26.73,26.96,26.73,26.89,26.89,26.56,26.80,26.73,26.64,26.73,27.13,26.80,26.64,26.73,26.56,26.80,26.80,26.80,26.64,27.13,26.73,27.13,26.64,26.73,27.13,26.64,26.64,26.56,27.22,26.47,26.80,27.13,26.73,27.05,26.73,26.96,26.73,26.56,26.89,26.89,26.80,26.89,26.73,27.29,26.47,26.64,27.05,26.56,27.13,26.96,26.89,26.80,27.05,26.89,26.56,26.73,26.56,27.22,26.80,26.64,26.96,26.80,26.73,26.80,27.05,26.64,26.80,26.47,26.89,26.89,26.73,26.80,26.89,26.80,26.73,26.80,26.73,26.73,26.96,26.40,26.80,26.89,26.89,26.96,26.89,26.89,26.80,26.73,27.05,26.89,26.89,26.64,26.80,26.47,26.73,27.05,27.05,26.80,26.96,27.05,26.73,26.80,26.73,26.80,27.05,26.96,26.96,27.05,26.73,26.80,26.80,26.89,26.89,26.80,26.96,26.89,26.73,27.29,26.89,26.96,27.45,26.89,26.80,26.73,27.05,27.29,26.80,27.29,26.96,26.96,27.22,27.45,27.13,27.05,27.13,27.05,27.13,26.96,26.80,26.89,27.13,26.80,26.80,26.80,27.22,26.89,26.96,26.96,27.13,27.22,27.05,27.05,26.89,26.89,27.13,26.73,26.89,26.89,27.05,26.73,26.96,26.80,27.29,26.96,26.96,26.73,26.96,26.80,27.22,26.80,26.80,27.05,26.96,27.22,26.73,27.13,26.80,27.13,26.96,26.80,26.40,26.47,26.73,26.89,26.56,27.22,26.80,27.05,26.80,27.22,26.80,27.05,26.73,26.80,27.13,26.89,26.64,26.89,26.64,26.80,26.89,26.89,27.05,26.73,26.89,26.89,26.47,26.89,26.96,26.73,27.05,26.89,27.05,26.96,26.64,26.89,26.56,26.80,27.13,26.96,26.64,26.96,26.80,26.56,27.36,26.96,26.56,27.05,26.80,26.73,26.80,26.56,26.80,26.64,27.13,26.80,26.80,26.80,26.73,26.80,26.56,26.73,27.05,27.13,26.73,26.80,26.80,26.96,26.80,27.22,26.47,26.73,26.64,27.29,26.47,26.80,26.80,26.80,26.96,26.89,26.73,26.96,26.73,26.80,26.64,26.80,26.96,26.47,27.13,26.73,26.73,26.73,26.56,26.80,27.05,26.73,26.64,26.80,26.73,26.64,26.80,26.80,26.80,26.80,26.47,27.13,26.73,26.56,26.47,27.22,26.89,27.05,27.13,26.47,26.80,26.96,26.80,27.05,26.64,26.89,26.47,26.80,26.56,27.22,26.96,26.96,26.80,26.47,26.64,27.05,26.73,26.80,26.96,26.96,26.80,26.47,26.73,26.73,27.05,26.89,26.73,27.13,26.96,26.89,26.89,26.96,26.96,26.80,26.89,27.29,27.05,26.96,26.89,27.22,27.29,27.05,26.73,26.31
26.89,26.89,26.47,26.40,26.80,26.80,26.80,27.05,26.64,26.73,26.47,26.80,26.56,26.96,26.80,26.56,26.64,26.56,26.64,26.64,26.56,26.80,26.73,26.64,26.64,26.64,26.96,26.80,26.80,26.64,26.80,26.89,27.22,26.31,26.96,26.73,26.56,27.13,26.73,26.80,26.64,26.96,26.47,26.73,26.89,26.80,27.05,26.73,26.96,27.29,26.73,26.96,27.29,26.64,26.80,26.89,26.96,26.73,26.89,26.80,26.73,26.80,26.96,27.05,27.13,26.64,27.13,26.96,26.56,26.64,26.56,26.73,26.73,27.13,26.56,26.80,26.89,26.56,26.40,26.73,26.73,26.64,26.89,26.73,26.80,27.13,26.73,26.47,26.80,26.56,26.73,26.80,26.80,26.40,26.89,26.73,27.13,26.96,26.89,26.80,26.89,26.64,26.64,26.89,26.73,26.89,26.80,26.80,26.80,26.47,26.47,26.80,26.56,26.64,26.80,26.89,26.80,27.13,26.64,26.96,27.13,26.89,26.80,27.13,26.47,26.80,27.05,26.96,26.96,26.47,26.73,26.56,26.47,26.56,26.40,26.73,26.73,26.80,26.56,26.96,26.64,26.96,26.80,26.56,26.80,26.89,27.05,26.89,26.89,26.80,26.80,26.80,26.89,26.56,26.80,26.96,27.05,26.80,27.13,26.80,26.96,26.89,26.80,26.80,26.47,26.89,26.80,27.05,26.80,26.80,26.96,26.89,27.22,26.56,26.47,26.47,26.80,26.80,26.89,26.89,26.64,26.96,26.89,27.13,26.73,26.89,27.05,27.22,26.89,26.80,26.80,26.96,26.73,26.96,26.80,27.13,26.89,26.73,27.13,26.80,27.13,26.47,27.05,26.80,26.56,26.89,27.13,27.29,26.73,26.96,27.05,26.80,27.13,27.13,26.64,26.96,26.56,26.89,26.80,26.47,26.89,26.89,26.64,26.89,26.89,27.13,26.64,26.23,26.96,26.73,26.64,26.89,26.80,26.56,26.80,26.80,26.96,26.96,26.47,26.89,26.80,26.64,26.96,26.64,26.47,26.73,26.73,26.80,26.64,26.73,27.05,26.89,26.64,26.73,27.05,27.22,26.96,26.73,26.64,26.64,26.56,27.22,27.13,26.73,26.73,26.80,26.73,26.73,26.89,26.96,26.73,26.80,27.13,27.22,26.89,26.89,26.80,26.80,26.64,27.13,27.29,26.96,26.73,26.80,27.13,26.80,27.22,26.64,26.56,26.89,26.73,26.89,26.89,26.80,27.13,26.96,26.56,26.96,27.13,26.73,26.40,26.73,26.56,26.47,27.13,27.13,26.73,26.80,27.29,26.64,26.31,26.89,26.40,26.89,27.13,26.56,26.73,26.73,26.80,26.96,26.89,26.64,26.56,26.64,26.96,26.96,26.47,26.64,26.31,26.96,26.89,26.80,26.80,26.56,26.96,27.13,27.13,26.96,26.80,26.64,26.89,27.22,26.96,26.73,26.96,26.80,26.31,26.80,27.22,26.73,26.80,27.22,26.96,26.89,26.96,26.80,26.89,26.89,26.73,26.96,26.89,26.80,26.73,26.96,26.73,26.73,26.96,26.96,26.64,26.73,26.89,27.13,26.80,26.80,26.80,26.31,26.96,26.89,26.47,26.89,26.96,27.05
26.73,26.73,26.64,26.64,26.80,26.47,26.40,26.64,26.96,26.64,26.73,26.80,26.47,26.80,26.73,26.80,26.64,26.80,26.73,26.89,26.73,26.73,26.80,26.96,26.64,26.96,26.89,26.64,26.64,26.56,27.05,26.89,26.73,26.80,26.47,27.13,26.64,26.56,26.96,26.80,27.29,26.56,26.73,26.40,26.89,26.80,26.96,26.47,26.96,26.80,26.80,26.80,27.05,26.80,27.29,26.80,26.64,26.89,26.73,26.31,26.96,26.89,26.80,26.89,26.80,26.47,26.80,27.13,26.64,26.64,26.89,26.80,27.13,26.73,26.89,26.64,26.89,26.80,27.13,26.73,26.80,27.13,27.05,27.13,26.89,26.64,26.56,26.80,26.80,26.80,26.89,27.13,26.73,27.05,27.05,26.40,26.73,26.80,27.22,26.73,26.89,26.96,26.56,26.73,26.96,26.80,27.13,26.89,26.89,26.64,26.96,26.73,26.96,26.64,26.64,27.05,26.96,27.05,26.73,26.80,26.96,26.80,27.13,26.56,26.96,26.89,26.56,26.73,26.64,26.80,26.96,26.64,26.96,26.73,26.89,26.89,26.80,26.64,27.05,26.64,26.80,27.13,26.73,26.73,26.73,26.47,26.47,26.96,26.73,26.89,27.13,26.64,27.13,27.13,27.05,26.96,26.56,26.73,26.96,26.56,26.96,26.40,26.73,26.96,26.47,26.73,26.96,26.80,27.05,26.40,27.13,26.96,26.89,27.22,27.05,26.64,26.89,27.22,27.13,26.96,26.96,26.73,26.96,27.29,27.13,27.22,27.05,26.89,27.13,27.13,27.05,26.89,26.96,27.22,26.64,27.13,26.96,26.89,26.80,26.96,26.89,26.89,27.29,27.13,26.64,27.05,26.73,26.64,27.13,26.96,27.05,27.13,26.89,26.89,27.22,26.89,26.80,26.64,26.56,26.73,26.73,26.80,26.96,27.05,27.13,26.96,26.96,26.64,26.89,26.80,26.73,26.96,26.96,26.56,26.73,26.80,26.96,26.80,26.64,27.13,26.73,26.73,27.05,26.89,26.64,27.05,26.56,26.80,26.73,26.80,26.73,26.56,26.73,26.73,26.89,26.73,26.89,27.13,27.13,26.73,26.73,26.56,27.22,26.89,26.89,26.89,26.80,26.96,26.56,26.73,27.13,26.80,26.80,26.64,26.73,26.89,26.64,26.80,26.89,26.89,26.64,26.64,26.64,26.80,26.80,26.56,26.64,27.13,26.89,26.56,26.89,26.56,26.64,26.47,26.73,26.80,26.80,26.89,26.64,27.22,26.64,26.80,26.40,26.40,26.64,26.40,26.89,26.80,26.96,26.73,27.05,26.89,26.89,27.05,26.80,26.96,26.89,26.80,26.56,26.89,26.47,26.73,26.47,26.64,26.64,26.73,26.64,26.64,26.73,26.73,26.96,26.47,26.89,26.80,26.96,26.73,26.73,26.73,26.80,26.89,26.89,26.96,27.05,26.89,26.80,26.89,26.64,26.96,26.96,26.96,26.73,26.73,27.05,27.22,26.56,26.73,26.89,26.47,26.96,26.47,27.05,26.47,26.47,26.89,26.64,26.47,26.89,26.47,26.80,26.80,26.64,26.40,26.96,26.89,26.89,26.56,26.73,26.73,26.56,26.96,26.64,26.47
26.96,26.96,26.73,26.56,26.73,26.89,26.89,26.73,26.80,27.22,27.05,26.80,26.47,27.22,26.89,26.89,26.40,26.56,27.05,26.96,26.73,26.80,26.96,26.73,26.73,27.13,26.80,26.47,26.73,26.23,26.89,26.56,26.80,26.80,26.80,26.73,27.22,27.13,26.56,26.96,26.64,26.96,26.80,26.64,27.36,26.73,26.89,26.96,27.05,26.80,26.80,26.96,27.29,26.89,26.73,26.80,26.73,26.47,26.73,26.89,26.89,26.64,26.73,26.73,26.64,26.73,26.64,26.73,26.47,26.56,27.69,26.73,26.47,26.89,26.80,26.64,26.40,26.73,27.22,26.47,26.73,26.73,27.22,27.29,26.80,26.89,26.64,26.47,26.73,26.64,26.89,26.89,26.73,26.56,26.56,26.80,26.96,26.31,26.73,26.96,26.64,26.64,26.89,26.80,26.64,26.80,26.64,26.64,26.73,27.13,27.13,26.80,26.89,26.64,26.80,26.47,26.89,26.73,26.64,26.47,26.80,26.47,27.05,26.96,26.89,26.80,26.80,26.80,26.73,26.64,26.80,26.80,27.22,26.80,26.56,26.47,26.64,27.05,26.89,26.96,26.73,26.56,26.73,27.05,27.05,26.47,26.96,26.80,26.47,26.56,26.64,26.89,26.80,26.80,26.73,26.89,26.56,26.47,26.80,26.56,27.13,26.56,26.73,26.64,26.64,26.80,26.80,26.96,27.05,26.64,26.73,26.73,27.29,26.64,26.96,26.56,26.64,27.13,27.13,26.73,26.89,26.73,26.73,26.80,26.56,26.73,26.89,26.73,26.56,26.96,26.89,26.96,27.13,27.05,26.80,27.13,26.89,26.56,26.89,26.80,26.56,27.22,27.05,27.13,26.73,26.96,26.89,26.80,26.96,26.73,27.05,26.56,26.89,27.05,27.05,26.96,27.05,26.73,27.13,27.05,26.64,26.96,26.89,26.80,27.05,26.73,26.56,26.80,26.73,27.13,27.05,26.89,27.05,26.73,26.80,26.89,26.73,26.96,26.96,26.89,26.80,26.89,26.73,26.80,26.80,26.73,26.96,26.80,26.89,26.80,26.40,26.64,26.80,26.73,26.47,27.22,26.96,26.89,26.89,26.56,26.96,26.80,26.80,26.56,26.73,27.13,26.89,26.80,27.05,26.96,26.73,26.80,26.56,26.73,26.80,26.80,26.80,26.73,27.29,26.73,26.89,26.73,27.05,26.73,26.64,26.80,26.56,26.73,26.73,26.80,27.05,26.73,26.80,26.73,26.96,26.80,26.73,26.80,26.80,26.64,26.96,26.80,26.96,26.14,26.80,26.89,27.05,26.73,26.47,26.31,26.89,26.80,26.40,26.89,26.64,26.64,27.13,26.73,26.89,26.80,26.73,26.96,26.64,27.05,26.64,26.73,26.73,26.89,26.96,26.64,26.80,26.64,26.64,26.73,26.73,26.64,26.80,26.89,26.73,26.96,27.13,26.96,26.80,26.64,26.89,26.73,26.47,26.73,26.80,26.89,26.73,26.96,27.45,26.89,27.05,26.40,26.89,26.64,26.89,26.47,26.73,26.89,26.89,27.29,26.89,26.80,26.89,26.96,27.05,26.89,26.80,26.73,27.05,26.96,26.96,26.80,26.56,26.73,26.73,26.80,26.56,26.64
26.80,27.05,26.89,27.13,26.89,26.64,26.73,26.40,26.89,26.73,27.05,26.47,26.56,26.73,26.89,26.80,26.89,26.96,26.64,26.89,26.80,26.64,26.96,26.73,26.89,26.64,26.47,26.73,26.89,27.05,27.05,26.73,26.80,26.96,27.22,26.96,26.56,26.31,26.89,26.89,26.64,26.89,26.64,26.64,27.13,26.96,26.80,26.96,26.56,26.64,26.80,26.96,26.89,26.80,26.47,26.89,26.96,26.64,26.73,26.73,26.64,26.80,26.96,26.40,26.96,26.80,26.89,26.80,26.64,26.73,26.89,27.05,26.64,26.89,26.80,26.89,26.73,26.80,26.73,27.13,26.56,26.64,26.73,26.40,26.80,27.22,26.96,26.96,26.80,26.80,26.80,26.73,26.89,26.64,26.89,26.80,26.73,26.73,26.89,27.05,26.80,26.64,27.13,26.89,26.89,26.73,26.89,26.64,26.80,26.96,26.73,26.80,26.73,26.96,26.89,26.89,26.80,26.80,27.13,26.47,26.80,26.56,26.89,26.47,27.13,26.56,26.73,26.96,26.73,27.13,26.80,26.73,26.64,27.13,27.45,26.80,26.73,26.73,26.56,26.56,26.64,26.56,26.56,27.05,26.89,26.80,26.80,26.80,26.80,27.22,26.73,26.40,26.96,26.80,26.80,27.05,27.13,26.80,26.96,26.89,26.89,27.13,26.80,26.73,26.73,26.64,26.73,26.80,27.29,26.73,27.22,26.64,27.13,27.13,27.13,26.56,26.64,26.89,26.96,26.80,26.80,27.13,26.80,26.73,27.22,26.80,27.13,27.05,26.73,27.22,26.96,27.29,27.22,26.89,26.89,27.13,27.13,27.05,27.53,26.80,26.73,27.22,26.73,27.36,27.36,27.29,26.96,27.05,27.05,27.05,27.13,27.05,26.89,27.13,26.73,26.89,26.89,27.05,26.73,26.89,26.96,27.13,27.05,26.56,26.64,27.29,26.80,26.73,26.73,26.64,27.22,26.64,26.89,26.89,26.89,26.80,26.80,26.80,26.89,26.64,27.13,26.73,26.89,27.05,26.73,26.96,26.89,27.13,26.89,26.96,26.73,26.89,26.89,26.73,27.05,26.47,26.56,26.89,26.89,26.31,26.96,26.73,26.64,26.89,26.80,26.64,26.89,26.64,26.80,26.80,27.29,26.89,26.96,27.05,26.96,26.89,26.64,26.80,26.89,26.73,26.89,26.56,26.80,26.96,26.80,26.73,26.96,26.89,26.80,27.29,27.13,26.73,26.80,26.56,26.73,26.47,26.96,26.89,26.89,27.36,26.64,26.64,26.89,26.47,26.89,26.40,26.89,26.89,26.73,26.80,26.89,26.89,26.80,26.80,26.56,26.89,26.80,26.40,26.73,26.73,26.23,27.05,26.89,26.89,26.56,26.96,26.89,26.73,26.47,26.96,26.89,26.31,26.47,26.89,26.89,26.80,26.80,26.96,26.64,26.64,26.96,26.56,26.73,26.80,26.89,26.47,27.13,26.80,26.80,26.89,26.80,26.89,26.80,26.80,26.96,26.47,26.89,26.73,26.64,26.89,26.80,26.89,26.80,27.05,26.89,26.31,26.96,26.89,26.96,26.64,26.56,26.80,26.40,26.96,26.64,26.96,26.80,26.96,26.80,27.13,27.05,26.96
26.89,26.64,26.80,26.14,26.64,26.80,26.89,26.96,26.80,26.73,26.47,26.56,26.80,26.80,26.96,27.05,26.80,26.56,26.80,26.89,26.80,26.96,26.89,26.80,26.96,26.96,26.80,27.05,26.64,27.13,26.80,26.96,26.47,26.56,26.73,26.73,26.64,26.73,26.73,26.80,26.56,26.89,26.73,26.73,26.73,27.22,26.80,27.05,26.64,27.05,26.73,26.89,26.89,26.80,26.96,26.96,26.64,26.80,26.96,26.56,27.05,26.96,26.80,26.40,26.80,26.80,26.96,26.80,26.64,26.56,27.13,26.80,26.96,26.73,26.96,26.73,26.73,26.89,27.05,26.56,26.64,26.80,26.73,26.80,26.89,26.80,26.73,26.56,26.80,26.80,26.89,26.47,26.64,26.64,26.56,26.80,26.73,26.73,26.73,26.40,26.96,26.80,26.56,26.89,26.80,26.80,26.89,27.22,27.05,26.64,26.56,26.89,27.05,26.89,26.96,26.56,26.47,27.22,26.73,27.29,26.40,26.64,26.89,26.56,26.64,26.73,26.56,26.73,27.13,27.05,26.56,26.80,26.89,26.73,26.89,26.80,26.96,26.73,26.64,26.80,26.89,26.89,26.56,27.29,26.96,27.05,26.73,27.05,26.64,26.96,26.89,26.56,27.13,26.47,26.64,26.73,26.89,27.05,26.89,26.56,26.64,26.56,26.56,26.56,26.73,26.73,27.29,26.73,26.89,26.73,27.13,27.05,26.73,26.64,26.64,26.89,27.05,26.89,26.73,26.89,26.89,27.13,26.96,27.13,26.80,26.89,27.05,26.80,26.89,27.13,26.89,27.22,26.89,27.29,26.73,26.56,26.80,27.05,27.05,26.80,26.89,26.89,26.89,27.05,27.29,26.80,26.96,26.89,26.89,26.47,26.89,27.13,26.96,27.22,27.05,26.80,26.96,27.29,26.47,26.31,26.80,26.96,26.56,26.64,27.22,27.05,26.73,26.80,27.13,26.64,26.80,26.89,26.64,26.96,26.89,26.89,26.73,26.89,26.64,26.56,26.31,26.80,26.80,26.56,26.89,26.89,26.96,26.89,27.36,26.73,26.64,26.80,26.89,26.64,26.31,26.96,26.89,26.73,26.96,26.89,27.05,27.05,26.96,26.89,27.05,27.05,27.13,27.05,26.80,26.89,26.96,26.80,26.89,26.64,26.96,26.56,27.13,26.89,27.05,26.56,26.80,26.80,26.96,26.47,26.56,26.80,26.64,26.80,26.73,27.13,26.64,27.13,26.56,26.89,26.96,26.80,26.73,26.80,26.89,27.13,26.89,26.89,26.96,26.96,26.96,26.56,26.89,26.73,26.89,26.96,26.56,26.96,26.80,27.13,26.80,26.73,26.73,26.64,26.73,26.40,26.73,26.89,26.64,26.96,26.89,26.80,26.80,26.89,27.05,26.56,26.40,26.80,26.96,26.89,27.05,26.89,26.89,26.56,26.96,26.80,26.64,26.89,26.80,26.73,26.64,26.80,26.73,26.96,26.47,26.80,26.80,27.05,27.05,26.56,26.64,26.80,27.29,26.64,26.96,26.80,27.05,27.05,27.22,26.73,26.89,26.73,26.56,27.13,26.96,26.96,26.47,27.05,27.13,27.05,26.80,26.64,27.05,26.96,26.73,27.13,26.80,26.64
26.80,26.73,27.22,26.80,26.89,26.73,26.73,26.64,26.73,26.64,26.96,26.47,26.96,26.64,26.80,26.89,26.89,26.89,26.56,26.96,26.89,26.89,27.29,26.89,26.80,26.96,27.22,26.40,27.05,26.40,26.96,26.73,26.47,27.22,26.56,26.89,26.64,26.64,26.89,27.13,26.73,26.64,27.13,27.05,26.96,26.80,27.13,26.96,27.05,27.13,26.73,26.64,27.13,26.73,26.64,26.64,26.56,27.05,26.73,26.73,26.80,26.96,26.56,26.64,26.73,26.56,26.47,26.89,26.80,26.05,26.31,26.56,26.56,26.89,26.73,26.47,26.73,26.73,26.73,26.96,26.73,26.47,26.80,27.05,27.05,26.80,26.47,26.73,26.73,26.56,26.47,26.64,26.80,26.80,26.80,26.47,26.73,26.80,26.73,26.80,26.80,26.80,26.73,26.89,26.56,26.80,26.89,26.89,26.96,26.80,26.80,26.80,26.80,26.47,27.05,26.89,26.47,26.80,27.13,26.80,26.64,26.56,26.64,26.80,26.64,26.73,26.56,26.14,26.96,26.64,26.73,26.89,26.80,26.89,26.64,26.64,26.73,26.89,26.56,26.80,26.73,27.13,26.96,26.89,26.73,26.89,26.80,26.73,26.56,26.80,26.80,26.73,26.96,26.64,26.73,26.89,26.73,27.13,26.96,26.89,26.73,26.89,26.89,26.73,26.89,26.80,26.80,26.64,26.89,26.89,27.13,26.80,26.89,26.96,26.64,26.73,26.89,26.96,26.64,26.73,26.89,27.22,26.73,27.22,26.73,26.96,26.96,26.73,27.36,26.80,27.05,26.89,26.73,27.29,26.73,26.73,26.89,26.89,27.13,26.56,26.80,26.80,26.80,26.89,26.96,26.80,27.22,27.22,26.80,26.80,26.73,26.96,26.47,26.56,26.64,26.73,26.89,27.22,26.80,26.56,26.80,26.73,26.40,26.80,26.96,26.80,26.73,26.73,27.05,26.80,26.73,26.80,26.64,26.64,26.89,27.22,26.80,26.64,27.13,26.73,27.05,26.80,26.64,26.89,26.80,26.73,26.80,26.47,27.05,27.05,26.80,26.64,26.64,26.73,26.73,26.96,26.73,27.05,27.05,26.47,26.47,26.64,26.96,26.89,26.89,26.80,26.80,26.64,27.05,26.80,26.40,26.23,26.89,26.47,26.80,26.96,26.56,26.47,26.89,27.22,26.73,26.96,26.64,27.05,26.96,26.56,26.56,26.73,26.80,26.73,26.73,26.89,26.64,26.96,26.56,26.80,26.80,26.89,27.05,26.80,26.80,27.05,26.56,26.64,26.56,26.56,26.96,26.56,26.89,26.96,27.13,26.47,26.64,26.80,26.96,26.73,26.89,26.64,26.89,26.56,26.56,26.64,26.96,26.89,26.40,26.89,26.47,26.47,27.13,26.47,26.64,26.89,26.40,26.47,26.64,26.80,26.64,27.05,26.89,26.56,26.64,26.73,26.96,26.80,26.73,26.96,27.29,27.05,26.73,26.73,26.64,27.13,27.22,26.40,26.89,27.13,26.73,26.80,27.05,26.80,26.89,26.96,26.64,26.73,26.64,26.73,26.56,26.89,26.64,26.64,26.89,26.89,26.96,26.64,27.05,26.73,26.47,26.56,26.73,26.64,27.05,26.64
26.64,27.05,26.73,27.05,26.73,26.73,27.22,26.96,27.05,26.73,26.47,26.89,26.73,26.89,26.56,26.73,27.05,26.73,26.64,26.89,26.73,26.80,26.56,26.96,26.56,26.47,26.64,26.80,27.13,27.29,26.89,26.64,26.89,26.89,26.89,26.73,26.56,26.73,26.64,26.80,26.89,26.73,26.80,27.13,26.73,26.56,26.64,26.73,26.80,26.80,26.80,26.47,26.80,26.73,27.05,26.56,27.05,26.80,26.80,27.05,26.56,26.96,26.73,26.96,26.96,26.80,26.96,27.05,26.96,26.89,26.56,26.73,26.64,26.96,26.64,26.56,26.47,26.96,26.89,26.80,26.73,26.64,26.47,26.64,26.80,26.56,26.89,26.89,26.56,26.64,26.56,26.80,26.96,26.80,26.47,26.47,26.89,26.47,26.40,26.89,26.40,26.56,27.36,26.80,26.96,26.96,27.05,26.89,26.56,26.96,26.80,26.64,27.05,26.56,26.89,26.56,26.96,26.64,26.80,26.80,26.73,26.56,26.73,26.80,26.40,26.80,26.80,26.89,27.05,26.73,26.96,27.13,26.89,26.73,27.13,26.80,26.89,26.73,26.89,26.64,26.80,26.89,26.56,26.80,26.73,26.47,26.40,27.05,26.80,26.73,27.05,26.96,26.89,26.89,26.73,26.47,26.56,26.89,26.73,26.89,26.64,27.13,26.80,26.64,26.73,26.64,27.05,26.40,26.56,27.22,26.96,27.05,26.40,26.73,27.05,27.05,26.73,26.96,26.96,26.64,26.96,27.13,27.13,26.89,26.80,26.56,26.89,26.80,26.73,26.96,26.73,26.89,26.96,26.96,26.73,27.29,26.89,27.29,26.80,26.96,26.89,26.80,26.96,27.05,27.13,27.22,26.73,27.05,26.73,26.89,27.22,26.80,27.53,27.13,27.13,26.96,26.56,26.96,27.05,26.64,26.96,26.80,26.80,26.73,26.80,26.64,26.56,26.89,26.80,26.40,26.96,26.80,26.56,26.73,26.64,26.89,26.89,27.13,26.96,26.64,27.13,26.96,26.40,27.05,26.64,26.73,26.56,26.89,26.80,26.64,26.96,26.56,27.22,26.80,26.80,27.05,26.89,26.89,26.96,26.56,26.56,26.89,26.64,26.73,26.80,26.64,26.89,26.56,26.56,26.56,26.96,26.40,26.96,26.64,26.40,26.47,26.80,26.64,26.64,26.89,26.89,26.40,26.40,26.56,26.89,26.64,26.80,26.47,26.73,26.56,27.05,26.47,26.64,27.05,26.73,26.89,26.80,26.64,26.64,26.89,26.96,26.56,27.05,27.05,26.64,26.80,26.56,26.56,26.73,27.05,26.64,26.73,27.36,27.05,26.96,26.73,26.96,26.64,26.96,26.56,26.89,26.80,26.96,26.73,26.23,26.80,26.64,26.40,27.05,27.05,26.73,27.05,26.80,26.80,26.56,26.80,26.80,26.96,26.96,26.64,26.64,26.89,27.05,26.47,26.56,27.13,26.64,27.13,27.05,26.73,27.22,26.80,26.73,26.64,26.89,27.13,27.13,26.80,27.13,26.80,26.80,26.96,26.73,27.05,26.64,26.89,26.96,26.80,26.89,26.80,26.64,27.22,26.80,26.80,26.73,26.80,26.56,27.05,26.64,26.73,26.73,26.64
26.89,26.80,26.56,26.96,26.40,26.73,26.73,26.73,27.05,26.23,26.80,26.89,27.13,26.89,26.64,26.96,26.56,26.73,26.56,26.89,26.73,26.96,26.73,26.80,26.56,26.56,27.13,26.56,27.05,26.47,27.22,26.56,26.56,26.80,27.05,26.96,27.22,26.96,26.64,26.89,27.22,26.64,26.96,26.56,26.40,26.64,26.64,27.05,26.80,26.73,26.56,27.13,26.73,26.56,26.73,26.64,26.64,26.64,26.96,26.73,26.73,26.47,26.80,26.56,26.73,27.22,26.56,26.73,26.56,26.73,26.80,27.13,26.96,26.73,26.73,26.73,26.56,26.80,26.73,26.64,27.13,26.96,27.13,26.31,26.64,26.40,26.80,26.56,26.80,26.56,26.89,26.96,26.96,26.40,26.47,26.64,26.56,26.47,26.80,26.64,26.64,26.89,26.96,26.96,26.80,27.13,27.05,26.89,27.13,26.80,27.22,26.89,26.73,26.80,26.64,26.80,26.89,26.89,26.80,26.89,26.80,26.73,26.96,26.96,26.89,26.89,26.73,27.05,26.64,26.89,26.80,26.96,26.64,26.64,26.47,26.96,26.47,26.73,26.56,27.13,27.13,26.56,26.89,26.64,26.56,26.96,26.73,26.89,26.80,26.80,26.80,26.80,26.80,27.05,26.47,26.96,26.96,26.89,26.80,26.47,26.40,26.73,26.96,26.96,27.13,26.96,26.96,26.89,26.73,26.80,26.47,27.22,27.05,27.29,27.05,26.80,26.56,27.13,26.96,26.89,26.96,26.96,26.80,27.05,27.13,26.89,26.96,27.36,26.89,27.13,26.73,26.96,27.13,27.13,26.64,27.05,27.05,26.80,26.89,26.80,26.56,26.89,26.73,26.80,26.56,27.22,27.05,27.05,27.05,26.89,26.96,27.22,26.89,26.96,27.22,27.05,26.80,27.05,26.73,26.47,27.05,26.96,27.05,26.64,26.89,27.05,26.64,26.80,27.05,26.80,26.64,26.80,26.56,26.56,26.89,26.64,26.89,27.05,26.96,26.73,26.89,26.47,26.96,26.64,26.56,26.89,26.64,26.47,26.80,26.73,26.89,26.89,26.64,26.73,26.73,26.73,26.56,26.64,26.56,26.89,26.64,26.56,26.47,26.73,26.56,27.13,26.73,26.40,26.64,26.89,26.80,26.73,26.80,26.80,26.64,27.05,26.64,26.73,26.73,26.64,26.80,27.05,26.96,26.96,26.73,26.56,26.64,26.96,27.13,26.73,26.64,26.73,26.47,26.80,26.73,26.89,26.64,27.05,27.22,26.56,26.64,26.47,26.80,27.05,26.56,26.73,27.13,26.73,26.56,26.80,26.31,26.96,26.80,26.89,26.80,26.89,26.73,26.47,26.80,26.73,26.89,27.05,26.80,26.64,27.05,26.73,26.73,26.47,26.73,26.89,26.73,26.73,26.31,27.05,26.64,26.89,27.05,26.80,26.80,26.56,26.80,26.96,26.96,27.05,27.13,26.80,26.80,26.89,27.05,26.56,26.56,26.56,26.80,27.05,27.05,26.80,26.80,27.22,27.22,26.64,27.05,26.89,27.05,26.89,26.40,26.73,27.05,26.80,26.89,27.13,26.80,26.73,26.89,26.80,26.64,26.96,26.89,26.96,27.13,27.22,26.73,27.13
26.40,27.22,26.89,26.56,26.73,26.73,26.96,27.13,26.96,26.89,26.96,26.80,27.45,26.73,26.96,26.56,26.73,26.56,26.89,26.96,26.80,27.05,26.73,26.80,26.89,26.73,26.56,26.40,26.64,26.80,26.56,26.56,26.96,26.89,26.80,26.73,27.29,26.56,26.73,26.96,26.56,26.89,26.96,26.80,26.56,26.31,26.89,27.05,26.64,26.47,26.89,26.96,26.73,26.80,26.64,26.73,26.56,26.40,26.80,26.56,26.73,27.05,26.56,26.96,27.05,26.64,26.73,26.89,26.64,26.73,26.96,26.73,27.05,26.80,27.05,26.80,27.53,26.80,26.96,26.89,27.22,27.13,27.13,27.05,27.05,26.56,27.22,26.40,26.96,26.80,26.56,26.89,26.80,26.31,26.80,26.80,26.73,26.80,26.96,26.80,26.73,26.56,26.89,27.05,26.64,26.89,26.64,26.05,26.64,26.96,26.73,26.80,26.64,26.64,26.47,26.80,26.47,27.05,26.56,26.73,26.64,26.80,26.56,27.05,26.64,26.64,26.80,26.05,26.64,26.80,26.89,26.96,26.96,26.64,27.05,27.13,26.80,27.13,26.64,26.64,26.96,27.13,26.73,26.64,26.89,26.73,26.96,27.05,26.80,26.89,26.64,27.13,26.96,26.96,27.05,26.56,26.89,26.80,26.89,26.96,26.56,26.80,26.31,26.96,26.96,27.05,26.96,26.56,26.73,27.05,27.05,27.05,27.13,27.22,26.96,26.96,26.96,26.96,27.13,27.13,27.05,26.96,26.80,27.05,26.64,27.05,26.96,26.96,26.96,26.96,26.96,27.05,26.64,26.64,26.96,26.40,26.96,27.53,26.40,27.05,26.89,26.73,26.96,26.73,26.96,26.56,27.22,27.05,27.05,26.89,27.05,26.64,26.96,26.89,26.89,26.80,26.40,26.64,26.89,26.96,26.96,27.13,26.89,26.89,26.47,26.31,26.80,26.80,26.89,26.96,26.64,27.05,26.56,26.96,26.73,27.22,26.56,26.56,26.73,26.89,26.89,27.05,26.56,26.73,26.64,26.47,27.13,26.64,26.47,26.40,26.96,26.96,27.05,26.80,26.64,26.56,26.64,26.56,26.47,27.13,26.96,27.13,26.73,26.73,26.56,26.73,26.80,26.64,26.89,26.73,26.47,26.80,27.05,27.22,26.56,26.64,26.56,26.73,27.05,26.64,26.80,26.64,26.80,26.73,26.56,26.80,26.64,27.13,27.13,26.89,26.96,26.64,26.73,26.80,26.80,26.89,26.73,27.05,26.64,26.89,26.96,26.64,26.14,26.40,26.73,26.96,26.80,26.64,26.89,26.89,26.80,27.22,26.80,26.73,26.96,26.40,26.96,26.80,26.80,26.64,26.89,26.73,26.80,26.73,26.73,27.13,26.73,27.05,26.47,26.80,26.73,27.05,26.31,26.73,26.89,26.47,26.89,26.56,27.13,26.73,26.80,26.64,26.89,26.73,27.05,27.22,26.80,26.80,26.80,27.13,26.40,26.80,27.22,26.80,26.73,26.64,26.80,26.47,26.96,26.89,26.96,26.73,26.96,26.56,27.13,26.64,26.64,26.89,26.73,27.22,27.13,26.56,26.73,26.73,26.89,26.56,26.89,26.89,26.73,26.96,26.80,26.89
26.14,26.73,26.89,26.73,26.89,26.96,27.36,26.73,26.80,26.89,26.73,26.56,26.56,26.96,26.96,26.96,26.80,26.80,26.64,26.56,26.73,26.89,26.96,27.05,27.13,26.64,26.73,26.64,26.96,26.96,26.64,27.05,26.80,26.64,26.64,26.89,26.80,26.64,26.40,27.05,26.80,26.47,26.89,26.89,26.80,26.89,26.89,26.89,26.80,26.56,26.73,26.96,27.05,26.56,26.96,26.47,26.47,27.05,26.96,26.89,26.73,27.05,26.40,26.64,26.47,26.80,27.05,26.96,26.80,26.89,26.64,26.89,26.89,26.64,26.73,26.31,26.89,26.31,26.96,26.56,26.64,26.89,26.80,26.73,26.80,26.96,27.05,27.29,26.56,26.31,26.56,27.13,26.80,26.56,26.80,26.80,27.05,26.80,26.89,26.80,26.89,26.96,27.05,26.73,26.80,26.73,27.13,26.47,27.05,26.73,26.64,26.80,26.80,27.13,26.73,27.22,27.13,26.56,26.80,26.80,26.73,27.13,27.22,26.80,26.64,26.64,26.64,26.73,26.64,26.56,26.89,27.05,27.05,26.80,26.73,26.89,26.23,26.64,26.80,26.73,26.80,26.64,27.05,26.64,26.73,26.96,26.89,27.05,27.05,26.56,26.23,26.96,26.64,27.05,26.96,27.05,27.05,26.56,26.64,26.96,26.73,27.13,26.89,26.89,26.89,26.89,27.22,27.05,26.96,26.56,27.13,27.05,26.89,26.64,26.64,26.89,27.13,27.05,27.13,26.56,26.56,27.05,27.22,27.05,26.89,26.96,26.89,26.73,26.64,27.05,26.89,27.05,27.05,26.96,26.80,26.96,27.22,26.96,27.22,27.05,26.89,26.80,26.89,27.22,27.22,26.89,26.80,26.96,27.05,26.80,26.56,26.89,26.64,26.96,27.22,26.96,27.05,26.64,26.56,26.80,26.80,26.80,26.73,26.89,26.64,27.05,26.80,26.96,27.13,27.05,26.80,27.13,26.80,26.73,27.22,26.96,26.56,26.73,26.47,26.96,26.80,27.05,26.73,26.47,26.64,27.05,26.89,27.13,27.36,26.89,26.80,26.73,26.89,27.05,27.05,27.13,26.80,26.64,26.73,26.80,26.89,26.73,26.89,26.73,26.73,26.73,26.56,26.64,26.89,26.80,26.89,26.64,26.73,26.80,26.64,26.80,26.89,26.80,26.31,26.73,26.96,26.47,26.73,26.89,26.80,26.40,26.89,26.80,27.05,26.56,26.89,26.73,26.64,26.80,26.31,26.73,26.80,26.73,26.64,26.73,26.47,26.96,27.13,26.96,27.05,26.80,26.73,26.40,26.47,26.56,26.80,26.64,26.73,26.56,26.80,26.96,26.89,26.31,26.80,26.80,26.80,26.40,26.73,26.80,26.23,26.73,26.56,26.73,26.47,26.73,26.80,26.64,26.80,26.73,27.05,26.80,26.96,26.80,26.89,26.47,26.80,26.73,26.96,26.80,26.80,27.22,26.47,26.80,26.40,26.89,26.80,27.05,26.73,26.80,27.13,26.64,26.96,26.56,26.80,27.29,26.80,26.56,27.29,27.13,26.96,26.89,26.80,26.73,26.56,26.80,26.80,26.64,26.80,26.89,26.56,26.80,26.40,26.64,26.80,26.89,26.56,26.73
26.80,26.89,26.80,26.56,26.47,26.40,26.73,26.56,26.56,27.05,26.89,26.47,26.73,26.56,27.13,26.56,26.89,26.56,26.56,26.80,26.80,26.40,26.64,26.31,26.80,26.40,26.73,26.64,26.80,26.80,27.05,26.56,27.05,27.13,27.05,26.73,26.89,26.64,26.89,26.56,26.40,26.80,27.05,26.80,26.89,26.80,26.47,27.13,26.73,26.80,26.89,26.80,26.64,26.80,26.64,26.73,26.47,26.64,26.40,26.64,26.56,27.22,26.73,26.73,26.40,26.73,26.96,26.47,26.80,26.96,27.05,26.89,26.80,26.96,26.73,26.80,26.73,27.29,27.13,26.64,26.80,26.64,26.89,26.64,26.64,26.80,26.89,26.64,26.80,27.05,27.05,26.56,26.23,26.73,26.64,26.80,26.89,26.64,26.64,26.73,26.89,26.73,26.80,26.73,26.73,27.05,27.05,26.40,26.73,26.80,26.80,27.05,26.64,26.80,26.56,26.64,26.64,26.73,26.40,26.73,26.56,26.73,26.80,26.89,26.73,26.64,26.96,26.89,26.96,26.64,27.05,26.80,27.05,26.80,27.13,26.96,26.47,26.80,26.56,26.80,26.56,26.64,26.73,26.47,26.80,26.89,26.96,26.96,26.73,26.73,26.89,26.96,26.80,26.56,26.73,27.05,26.89,27.13,26.89,26.89,26.89,27.29,27.05,26.73,27.05,26.80,26.64,27.13,26.56,27.05,26.73,26.80,26.96,27.36,26.96,26.89,27.13,27.05,26.89,27.13,26.96,27.29,26.73,27.13,26.96,26.47,27.22,26.73,26.96,26.64,26.47,27.05,26.96,26.80,26.89,27.13,27.13,26.96,26.73,26.96,26.80,27.22,26.73,27.13,26.96,27.22,26.73,26.96,26.80,26.64,26.89,26.89,27.22,26.73,27.13,26.80,27.05,26.80,26.73,26.89,26.96,26.64,26.40,26.89,27.13,26.64,27.05,26.47,26.23,27.22,27.05,26.56,27.13,26.40,26.80,26.56,26.56,26.89,26.64,26.73,26.64,26.73,26.31,26.80,26.64,27.22,26.80,26.80,26.80,26.96,26.73,26.73,26.56,26.80,26.80,26.80,26.31,26.56,26.80,26.73,26.80,26.64,26.89,26.80,26.40,26.73,26.23,26.64,26.64,26.64,26.64,26.56,26.73,26.89,26.89,26.89,26.56,26.80,26.80,26.56,26.96,26.80,26.80,27.05,26.40,26.56,26.40,27.05,26.47,26.96,26.73,26.47,26.80,27.05,26.96,26.64,27.22,27.22,26.64,26.56,26.96,26.47,26.89,26.56,26.56,26.96,27.05,27.05,26.56,26.89,26.96,27.05,27.05,26.80,26.89,26.64,27.05,26.96,26.80,26.89,26.73,26.56,26.47,26.80,26.47,26.73,26.96,27.22,26.64,27.22,26.96,26.73,26.56,26.96,27.13,26.96,27.05,26.40,26.89,27.22,26.56,26.56,26.80,26.40,26.96,26.73,26.73,26.96,27.29,26.80,26.80,26.96,26.80,26.73,26.96,26.73,26.96,26.96,26.89,26.64,27.05,26.31,27.29,26.80,26.47,27.22,26.89,26.96,26.56,26.80,26.40,26.23,26.47,26.73,26.56,26.80,26.89,26.96,26.64,26.73,26.89,26.73
26.89,26.64,26.64,26.47,26.47,26.96,26.56,26.47,26.56,26.80,26.64,26.47,26.73,26.96,26.80,26.89,26.56,26.80,26.56,26.23,27.13,26.56,26.96,26.73,26.64,26.64,26.80,27.05,26.73,26.80,26.80,27.13,26.73,26.64,26.80,26.96,26.89,26.80,26.96,26.47,26.14,27.05,26.96,27.05,26.89,26.64,26.96,26.96,26.80,26.56,26.80,26.56,27.05,26.96,26.73,26.14,26.56,27.13,26.96,26.56,26.73,26.56,26.56,26.64,26.96,26.96,26.56,26.56,26.47,26.56,26.80,26.80,26.89,25.81,26.80,26.47,26.89,26.64,27.13,26.73,27.22,26.64,26.23,26.89,26.40,26.89,26.47,26.73,26.40,26.64,27.13,26.31,26.56,26.64,26.56,26.64,26.73,26.56,26.64,26.31,26.73,26.47,26.64,26.73,26.89,26.73,26.89,27.13,26.73,26.73,26.73,26.47,26.80,26.40,27.13,26.73,26.47,26.80,26.56,26.73,26.73,26.31,27.22,26.89,26.56,26.56,26.73,26.80,26.73,27.13,26.73,26.47,26.73,26.73,26.73,26.96,26.96,26.80,26.80,26.80,26.89,27.13,26.89,26.64,26.64,26.80,26.56,26.96,26.80,26.89,26.73,26.89,26.73,26.56,26.96,26.80,26.56,26.96,26.80,26.80,26.80,26.89,26.56,26.73,27.05,26.80,26.56,26.73,27.05,26.64,27.05,26.89,26.89,27.05,26.64,26.96,26.89,27.13,27.05,26.80,26.89,26.96,26.64,27.05,26.89,26.73,27.05,26.96,26.73,26.89,26.73,26.56,27.13,26.47,27.13,27.05,26.80,26.80,26.89,26.96,27.05,26.73,26.64,26.56,26.73,26.89,26.80,27.13,26.56,26.40,26.73,26.80,27.05,27.05,26.56,26.96,26.73,26.73,26.64,26.73,26.80,26.96,26.96,26.73,26.64,26.80,26.73,26.73,27.05,26.80,27.13,26.47,26.64,26.40,26.80,26.80,26.96,26.89,26.40,26.89,26.31,26.40,26.80,26.47,26.73,26.96,26.64,26.80,26.73,26.96,26.56,26.89,26.89,26.56,26.96,26.96,26.73,26.31,26.47,26.73,26.73,26.73,26.56,26.80,26.80,26.64,26.47,26.80,26.56,26.89,26.56,26.56,26.80,27.05,27.29,26.96,26.80,26.56,26.73,26.40,26.80,26.64,26.80,26.89,26.89,26.73,26.80,26.23,26.56,26.89,26.80,26.56,26.23,26.89,26.80,26.47,26.31,26.56,26.96,26.80,26.96,26.80,26.80,26.56,26.80,26.47,26.56,26.73,26.56,26.80,26.89,26.89,26.89,26.56,26.73,26.47,27.22,26.47,26.80,26.89,26.56,26.96,26.80,26.47,26.89,26.73,26.56,26.64,26.64,26.96,26.47,26.96,26.47,26.40,26.73,26.89,26.80,26.73,27.13,26.89,26.80,27.29,26.40,26.64,26.96,26.89,27.05,26.96,26.47,27.05,26.80,26.64,27.22,26.96,26.64,26.96,26.73,26.47,27.05,27.36,26.56,26.80,27.05,26.56,26.40,26.47,26.56,26.73,26.73,26.40,26.89,26.47,26.73,26.96,26.89,26.56,26.89,26.56,26.89,26.73,26.96,27.05
26.89,26.73,26.80,26.64,26.64,26.73,26.96,27.05,26.23,27.05,26.47,26.73,27.13,26.47,26.96,27.13,26.56,26.73,26.47,26.89,26.64,26.80,26.89,26.80,26.89,26.89,26.80,27.13,26.73,26.56,26.89,26.96,26.73,26.89,26.89,27.05,26.31,26.73,26.80,26.64,27.05,26.96,26.40,26.96,27.13,27.05,27.05,26.80,26.64,26.80,26.73,26.89,27.22,26.64,26.96,27.05,26.80,26.64,26.64,26.96,26.56,26.89,26.80,26.80,27.36,26.40,26.64,26.64,26.80,26.80,26.56,27.36,26.47,27.22,26.47,26.89,26.64,26.80,26.73,27.05,26.80,26.56,26.96,26.40,26.73,26.96,26.64,26.80,26.56,26.31,26.80,26.96,26.47,26.80,26.80,26.89,26.31,26.80,26.80,26.56,26.73,26.89,26.89,26.80,26.73,26.56,26.89,26.96,26.80,26.80,26.96,26.80,26.89,26.89,26.96,27.13,26.80,26.89,26.96,26.73,26.40,27.29,26.80,26.31,26.89,27.13,27.22,26.96,26.64,26.56,27.05,26.73,26.80,26.40,26.80,27.05,26.64,26.64,27.22,27.05,26.64,27.05,26.73,26.96,26.80,26.80,26.73,26.89,26.89,26.80,27.13,27.13,26.64,26.31,27.05,26.56,26.73,26.64,26.89,26.96,26.89,26.64,26.89,26.80,26.47,26.64,26.89,26.89,26.73,27.05,26.80,26.96,26.96,26.89,26.89,26.80,26.80,26.73,26.64,27.36,26.80,26.89,26.64,27.05,26.96,27.05,27.22,26.64,27.13,26.96,26.89,26.73,26.89,26.73,26.64,26.64,26.40,26.80,26.89,26.89,26.89,26.56,26.73,26.64,26.80,27.13,26.80,27.29,27.22,26.64,26.80,26.73,26.96,26.73,27.29,26.89,26.96,26.73,26.96,26.64,26.73,26.80,26.73,27.22,27.29,26.64,27.05,26.96,26.56,26.89,27.22,26.89,26.80,26.89,26.80,27.05,26.89,26.56,26.80,26.73,26.80,26.47,26.80,26.64,27.13,26.89,26.73,26.89,26.47,26.80,26.80,27.13,26.89,26.89,26.89,26.56,27.05,27.22,26.73,26.80,26.89,26.80,26.47,26.80,27.13,27.05,26.64,26.73,26.80,27.22,26.89,27.13,26.89,26.80,26.40,26.89,27.05,27.05,26.80,27.05,26.73,27.05,26.23,26.96,26.56,26.64,26.89,26.56,26.89,26.96,26.80,26.96,27.36,26.96,26.47,26.47,26.64,26.96,26.89,26.89,26.47,26.89,26.89,26.56,26.47,26.73,26.73,26.47,26.47,26.89,26.80,26.47,26.73,26.89,26.80,26.80,26.40,26.80,26.64,26.47,27.05,27.05,26.96,26.80,26.56,26.89,26.64,26.89,26.80,26.80,26.89,26.56,26.64,27.05,26.73,26.89,26.89,26.73,26.80,26.89,26.96,27.22,26.40,26.80,26.80,27.13,26.73,26.73,26.40,26.56,26.96,27.22,27.05,26.47,27.13,26.64,26.96,26.73,26.56,26.64,26.96,26.96,26.96,26.96,27.13,26.80,26.47,27.05,26.89,26.96,26.96,26.64,26.96,26.64,26.56,27.22,26.64,26.80,26.73,26.64,26.73,26.80
27.05,26.73,26.64,26.73,26.64,26.80,26.64,26.64,26.89,26.64,26.89,26.73,26.73,26.56,27.05,26.89,26.56,26.73,26.89,26.89,26.73,26.80,26.64,26.80,26.80,26.73,26.89,26.80,26.40,26.80,27.05,26.89,26.80,27.13,26.31,27.13,26.64,26.47,26.89,26.73,27.45,26.64,26.64,26.40,26.96,26.73,26.40,26.89,26.73,26.73,26.56,26.31,26.80,26.80,26.47,26.56,26.96,26.56,26.47,27.05,26.40,26.80,26.56,26.73,26.56,26.73,26.64,26.80,26.56,27.05,27.05,26.80,26.56,27.05,26.73,26.96,26.31,26.56,26.96,26.80,27.22,26.23,26.64,26.47,26.89,26.80,26.64,26.80,26.73,26.23,26.73,26.89,26.56,26.64,26.64,26.89,26.80,26.89,26.56,26.73,26.47,26.89,26.80,26.47,26.56,26.73,26.73,26.96,26.80,26.96,26.40,26.89,26.47,27.29,26.89,25.98,26.89,26.64,26.89,26.96,26.89,26.89,26.31,26.56,26.96,26.96,26.89,26.64,26.80,26.96,26.96,26.96,26.96,27.29,26.80,26.56,26.89,27.05,26.89,26.80,26.80,26.64,26.80,26.64,26.73,27.05,26.73,26.56,26.96,26.56,26.96,26.89,26.96,26.89,26.89,26.80,26.40,26.64,26.47,26.56,26.80,26.56,26.40,26.89,26.56,26.80,26.73,26.80,26.73,26.73,26.80,26.96,26.47,26.89,27.05,26.80,26.89,27.05,26.73,27.22,26.47,26.96,26.80,26.96,26.80,26.80,27.05,26.64,27.05,26.96,27.05,26.89,27.36,27.22,26.96,26.96,26.89,26.80,26.73,27.05,27.05,26.89,26.73,26.47,27.05,26.64,27.05,26.96,27.22,26.80,26.73,26.80,27.05,26.56,27.05,26.64,26.96,27.29,27.22,27.22,26.80,26.80,26.73,27.05,26.31,26.80,26.89,26.64,26.80,26.89,26.47,26.56,26.64,26.47,26.47,26.96,26.80,26.96,26.56,27.05,26.80,26.80,26.96,26.89,26.96,26.96,26.96,26.96,26.96,26.89,26.80,27.05,26.64,26.89,26.56,26.73,26.89,26.80,26.89,26.56,26.89,26.23,26.47,26.80,26.96,26.89,26.96,26.89,26.89,27.22,26.80,26.80,26.73,26.80,26.73,27.13,26.80,26.23,26.64,26.64,26.73,26.80,26.64,26.56,26.56,26.73,26.64,26.73,26.56,26.89,26.73,26.56,26.96,26.73,26.64,26.96,26.64,26.73,26.73,26.40,26.73,26.64,26.64,26.73,26.40,26.80,26.80,26.89,26.80,26.80,27.13,26.73,26.64,26.96,26.73,26.73,26.96,26.73,26.73,27.05,26.96,26.80,26.40,27.05,26.64,26.96,26.56,26.56,26.73,26.96,27.36,27.05,27.05,26.80,26.80,26.56,26.73,27.05,27.13,26.64,26.73,26.73,26.64,26.96,27.13,26.96,26.56,26.64,26.89,27.13,26.64,26.73,26.73,26.73,27.13,26.73,26.96,26.56,26.56,26.73,26.73,26.64,27.13,26.80,26.96,26.64,26.96,27.05,26.64,27.05,27.13,26.47,26.89,26.80,26.80,26.64,26.89,26.80,26.64,27.13,26.73,26.56
26.31,26.47,26.89,26.96,26.96,26.64,26.73,26.40,26.96,26.64,26.73,26.89,26.56,26.96,26.73,26.31,26.64,26.31,26.40,26.73,26.40,26.96,26.89,26.40,26.56,26.64,26.47,27.13,26.31,26.14,26.47,26.73,26.47,26.89,26.89,26.80,26.89,26.89,26.56,26.80,26.89,26.89,26.96,27.22,26.89,26.89,26.80,26.56,26.96,26.56,26.96,26.80,26.80,26.56,26.56,26.47,26.80,26.73,26.64,26.80,26.47,26.47,27.05,27.05,26.96,26.64,26.80,26.80,26.80,26.73,26.31,26.64,26.64,26.73,26.31,26.73,26.80,26.64,26.80,26.40,26.80,26.96,26.47,26.73,26.23,26.80,26.64,26.80,26.80,27.05,26.23,26.64,26.56,26.56,26.80,26.56,26.89,26.64,26.40,26.73,26.73,26.64,26.80,26.89,26.96,26.64,26.96,26.80,26.23,27.05,26.73,26.05,26.89,26.56,26.96,26.47,26.64,26.80,26.73,26.80,26.89,27.13,26.89,26.96,26.80,26.80,26.89,26.89,26.40,26.47,26.40,26.89,26.64,26.64,26.89,26.96,27.13,26.47,26.40,26.47,26.40,26.89,26.56,26.56,26.40,27.05,26.56,26.40,26.96,26.64,26.73,26.73,26.47,26.56,26.56,26.64,26.56,26.96,26.56,26.80,26.56,27.05,26.56,26.64,26.89,26.47,26.80,26.73,26.96,26.64,26.23,26.89,26.89,26.96,26.89,26.73,26.80,26.96,27.05,26.80,27.05,27.05,26.89,26.64,27.05,26.89,26.89,27.05,26.96,27.13,26.96,26.96,27.05,27.05,27.05,26.64,27.13,26.89,26.89,26.96,27.05,26.56,26.96,27.05,26.47,26.96,27.05,27.22,27.13,26.47,26.56,26.96,26.96,26.80,26.73,27.22,26.89,26.89,26.73,26.56,26.96,26.96,26.96,26.96,26.56,26.89,27.05,26.89,26.64,26.40,26.73,26.80,26.96,26.56,27.05,26.73,26.73,27.13,26.80,27.05,26.96,27.13,26.47,26.47,26.64,26.89,26.80,26.64,26.56,27.05,26.47,27.13,26.64,26.40,26.80,26.80,27.05,26.73,27.05,26.80,26.64,27.22,26.64,26.64,26.64,26.89,27.22,26.73,26.80,27.05,26.31,26.64,26.64,27.05,26.47,26.56,26.64,27.05,27.13,26.64,26.96,26.56,26.64,26.73,26.64,27.05,26.73,26.56,26.64,26.64,26.23,26.96,26.73,26.96,26.80,27.05,27.05,27.13,27.05,27.13,26.80,26.80,26.73,26.96,26.40,27.05,26.40,26.64,26.96,26.73,27.05,27.05,27.13,27.05,26.56,26.64,26.73,26.73,26.64,26.64,26.73,26.96,26.64,26.64,26.31,26.64,26.47,26.96,26.73,26.73,26.96,26.73,26.80,26.96,26.80,26.64,27.13,27.05,26.96,26.73,26.47,26.96,26.73,26.89,26.73,26.80,26.80,26.64,26.80,26.73,27.29,26.47,26.96,26.47,26.64,26.56,26.40,26.80,27.05,27.29,27.13,26.56,26.47,26.96,26.80,26.96,27.13,27.22,26.56,27.22,26.89,26.23,26.64,26.47,26.73,27.05,26.31,27.29,27.05,26.47,26.73,26.80
26.56,26.80,26.96,27.13,26.73,26.96,27.13,26.73,26.14,27.45,26.56,27.13,26.96,26.80,26.73,26.80,26.80,26.89,26.80,26.64,26.47,26.31,26.56,27.05,26.73,26.73,26.73,26.56,26.56,26.80,26.73,26.89,27.05,26.73,26.47,26.64,26.96,27.05,26.64,26.64,26.89,26.64,26.96,26.73,26.80,27.05,26.80,26.73,26.89,26.47,27.13,26.80,26.56,26.47,26.80,26.73,26.96,26.80,26.64,26.80,26.89,26.73,26.64,26.89,26.64,26.96,26.64,26.64,26.73,26.47,26.73,26.40,26.64,27.05,26.14,26.80,26.73,26.80,26.73,26.73,26.89,26.56,27.29,26.80,26.47,26.31,26.40,26.40,26.73,26.31,27.13,26.96,27.13,26.56,26.23,26.96,26.23,26.56,26.56,26.73,26.40,26.47,26.89,26.40,26.64,27.05,26.73,26.96,26.73,26.73,26.64,26.64,26.64,26.64,27.05,26.64,26.80,27.13,26.31,26.96,26.64,26.96,26.89,26.64,27.13,26.89,26.64,26.64,26.96,26.64,26.96,26.40,26.73,26.64,26.73,26.40,26.80,26.80,26.96,26.64,26.73,26.96,26.64,26.56,26.89,27.05,26.96,26.96,26.64,26.64,27.13,26.89,26.89,26.96,26.64,26.80,26.89,26.64,26.31,26.80,26.64,26.96,26.47,26.64,26.64,26.56,26.64,27.05,26.47,26.80,26.56,26.64,26.64,27.13,26.80,26.80,26.56,26.80,26.80,26.80,26.89,27.36,26.80,26.89,26.47,26.64,26.89,27.05,27.13,26.64,26.56,26.96,26.56,26.80,26.96,27.13,26.96,26.96,26.40,26.64,27.36,26.64,26.80,26.80,27.05,26.80,26.96,26.80,26.89,27.05,27.13,26.96,26.73,27.13,27.45,26.64,26.73,27.05,26.56,26.80,27.05,26.73,26.73,26.56,26.80,26.80,26.64,26.96,26.73,26.80,26.73,26.56,26.64,26.40,26.80,27.13,26.73,27.13,26.73,26.64,26.56,26.56,26.73,26.40,26.96,26.96,26.80,26.80,26.23,26.64,26.40,26.73,26.80,26.47,26.73,26.80,26.47,26.64,26.80,27.13,27.22,27.05,27.13,26.40,26.64,26.80,26.89,26.73,27.05,26.80,26.64,26.64,26.73,26.73,26.40,26.56,26.64,26.80,26.73,26.89,27.13,26.80,27.22,26.64,26.47,26.47,26.64,26.64,26.80,26.80,26.89,26.31,26.80,27.45,26.89,26.96,26.73,26.73,26.96,26.89,26.96,26.73,26.73,26.47,26.89,26.89,26.73,26.31,26.96,26.31,26.64,26.56,26.56,26.89,26.40,26.64,26.40,26.96,26.96,26.73,26.64,26.73,26.40,26.73,26.56,26.80,26.40,26.80,26.73,26.73,26.56,26.96,26.40,26.96,26.96,26.96,26.96,27.29,26.96,26.56,26.96,27.05,27.22,26.73,26.56,26.80,26.73,26.89,26.89,26.64,26.73,26.47,26.80,26.47,27.13,27.22,26.89,26.73,26.80,26.40,26.56,26.73,26.89,26.64,27.13,27.29,26.64,27.22,26.89,26.40,27.05,26.80,26.89,26.47,27.05,26.40,26.47,26.47,26.89,26.64,26.96,26.73
26.31,26.80,26.56,26.80,26.80,26.56,26.73,26.47,26.89,26.47,26.23,26.56,26.73,27.13,27.05,26.56,26.89,27.05,26.40,26.73,26.80,26.96,26.89,26.64,27.29,26.40,26.73,26.89,26.56,26.40,26.73,26.89,27.13,26.73,26.64,26.80,26.73,26.96,26.80,26.96,26.73,26.47,27.05,26.96,26.23,26.89,26.31,26.47,26.64,27.05,26.56,26.64,26.47,26.80,26.31,26.80,26.80,26.56,26.73,26.56,26.56,26.23,26.80,26.64,26.89,26.47,26.47,26.80,27.05,26.47,26.64,26.89,27.29,26.40,26.47,26.73,26.64,26.73,26.73,26.80,27.22,27.05,26.64,27.05,26.96,26.80,26.89,26.40,26.73,26.73,26.56,26.40,26.31,26.73,26.31,26.80,26.80,27.05,26.96,26.80,26.64,27.05,26.80,27.05,27.05,26.64,26.96,26.73,26.89,26.73,26.64,26.89,26.64,27.05,26.96,26.47,26.31,26.96,26.64,26.80,26.73,26.73,26.64,26.89,27.05,27.13,26.80,26.73,26.80,26.96,26.80,27.05,26.89,26.64,27.05,26.96,26.31,27.05,26.73,26.56,27.05,27.05,26.73,26.64,26.47,27.05,26.80,26.64,27.05,27.13,26.73,27.22,26.80,26.73,27.05,27.13,26.96,26.80,27.29,26.31,26.40,26.56,26.31,26.73,26.64,26.80,26.73,26.64,26.80,26.80,26.96,26.56,27.13,26.80,26.80,26.80,26.96,26.56,27.29,26.96,27.36,26.96,26.80,27.05,26.64,26.80,27.05,26.96,27.36,26.80,26.96,26.64,27.05,26.73,26.80,27.13,26.73,26.73,27.45,27.36,27.22,27.22,27.13,27.05,26.64,27.45,27.05,27.05,27.05,27.05,26.73,26.80,27.05,27.22,26.96,26.80,27.05,26.40,26.40,26.47,26.40,26.47,26.73,27.05,27.05,26.31,26.47,26.47,26.64,27.13,27.05,26.40,27.05,26.89,26.89,26.31,26.56,27.05,27.13,26.73,26.56,26.73,26.80,26.31,26.89,26.73,27.05,26.40,26.64,27.05,26.89,26.89,26.73,26.73,26.40,26.64,26.56,26.64,27.36,26.80,26.56,26.96,26.64,26.73,26.73,27.05,26.80,26.73,26.56,26.73,26.89,26.89,26.64,26.80,26.80,27.13,26.40,27.05,26.80,26.64,26.14,26.80,26.47,26.80,26.73,26.80,26.56,26.96,26.14,26.73,26.89,26.80,26.56,26.89,26.47,27.22,26.80,26.80,26.73,26.89,26.47,26.96,26.89,26.96,26.89,26.47,26.96,26.96,27.05,27.36,26.96,26.40,27.22,26.73,26.73,26.80,26.56,26.89,26.96,26.47,26.64,26.40,27.05,26.47,26.96,26.80,26.64,26.64,26.80,26.80,26.47,26.80,26.73,26.47,26.47,26.47,26.80,26.89,26.73,26.96,26.56,26.89,26.96,27.13,27.22,26.56,26.89,26.40,26.96,27.22,26.64,27.13,26.56,26.89,26.96,27.13,26.73,26.56,26.56,26.89,26.56,26.64,26.64,26.56,26.64,26.64,26.47,26.64,26.64,27.13,26.73,26.80,26.73,26.80,26.80,26.89,26.40,26.40,26.40,26.89,26.73,26.80
26.47,26.73,26.56,27.29,26.56,26.73,26.64,25.98,26.56,26.56,26.89,27.13,26.80,26.73,26.80,26.73,26.80,26.64,26.80,26.56,27.13,26.89,26.64,26.73,26.56,26.80,27.05,26.89,26.47,26.73,26.14,26.89,26.73,26.73,26.64,26.47,26.89,26.96,26.73,26.64,26.56,26.73,26.73,26.31,26.73,26.80,26.64,26.80,27.05,26.64,27.05,26.73,27.29,26.89,26.89,26.64,26.80,26.40,26.31,26.23,26.80,26.40,26.31,26.64,26.47,26.64,26.80,26.73,26.31,26.56,26.64,26.73,26.96,26.80,26.64,26.56,26.56,26.64,26.89,26.80,26.89,26.64,26.80,26.05,26.47,26.80,26.80,26.89,27.22,26.73,26.96,27.22,26.96,26.73,27.22,26.80,26.89,26.80,26.89,26.80,26.56,26.47,26.89,26.89,27.05,26.56,26.73,26.80,26.47,26.47,26.96,26.80,26.47,26.64,26.80,26.73,27.13,26.64,26.73,26.80,26.80,26.80,26.47,26.73,26.80,26.40,27.45,26.80,27.05,26.89,27.29,26.23,26.31,26.64,26.31,26.40,27.05,26.73,26.96,26.40,26.73,26.73,26.73,26.80,26.89,26.56,26.73,26.73,26.73,26.47,26.73,26.47,26.47,27.22,26.64,26.64,26.80,26.64,26.80,27.05,26.47,27.05,26.56,26.89,26.64,26.89,27.13,26.64,26.64,26.73,26.73,26.80,26.73,26.89,26.73,26.96,26.73,26.80,27.05,26.64,26.73,26.80,26.73,26.73,26.64,26.96,26.64,26.40,26.47,26.56,26.73,26.64,26.56,27.13,27.13,27.13,27.05,26.73,27.05,26.89,27.13,26.64,26.64,26.64,26.80,27.05,26.80,27.36,26.96,27.05,27.05,26.73,26.89,26.73,26.80,26.64,26.56,26.89,26.47,26.73,26.80,27.13,26.80,26.31,26.73,26.96,26.96,26.47,26.96,26.40,26.47,26.73,27.13,26.64,26.80,27.36,26.40,26.47,26.64,26.47,26.96,26.47,26.96,26.47,26.56,26.80,26.56,26.64,26.64,26.64,26.96,27.05,27.13,26.56,26.56,26.64,26.80,26.73,27.05,26.89,26.56,26.89,26.56,26.56,26.80,26.80,26.80,26.47,26.40,26.89,26.47,26.40,26.64,26.89,26.96,26.89,26.47,26.73,26.64,27.22,27.13,26.47,26.64,27.13,26.56,26.64,26.80,26.89,26.47,26.64,26.89,26.89,26.89,26.89,26.56,26.14,26.31,26.80,27.29,26.31,26.56,26.80,26.80,26.80,26.73,26.89,26.73,26.64,27.22,26.89,26.47,27.05,26.89,26.64,26.89,26.47,26.56,26.89,26.73,26.64,26.64,26.56,27.05,26.89,26.56,26.64,27.29,26.31,26.89,26.64,26.56,27.13,26.89,26.80,26.47,26.96,26.64,26.80,27.05,26.64,26.80,26.56,26.56,26.56,26.89,26.40,26.89,26.64,26.64,26.80,27.13,26.64,26.64,26.80,26.96,26.56,26.80,27.22,26.89,26.31,26.89,26.64,26.56,26.64,27.22,26.80,26.89,26.56,26.89,26.96,26.89,27.22,26.89,26.96,26.73,26.56,27.22,26.64,26.73,26.96,26.23,26.64
26.89,26.73,27.05,26.80,26.73,26.73,27.05,26.89,26.73,26.80,26.64,26.96,26.73,27.13,26.96,26.73,26.47,26.47,26.47,26.89,26.89,26.47,26.31,26.73,26.73,26.40,26.64,26.56,26.64,26.56,26.40,26.80,26.56,26.80,26.73,26.73,26.73,27.13,26.64,26.47,26.47,26.73,26.96,26.40,26.89,26.64,26.73,26.80,27.29,26.05,26.89,26.40,26.96,26.56,26.80,26.73,26.40,26.40,26.64,26.73,26.73,26.64,26.56,26.73,26.47,26.80,26.31,26.73,26.47,26.80,26.47,26.73,26.89,26.89,26.56,27.05,25.98,26.80,26.80,26.31,26.96,26.56,26.56,26.40,26.89,26.89,26.73,26.56,26.80,26.80,26.31,26.89,26.89,26.80,26.56,26.56,26.56,26.56,26.89,26.40,26.96,26.47,26.64,26.80,26.89,26.73,26.89,26.96,26.64,26.64,26.64,26.23,26.64,26.73,26.96,26.73,26.80,26.96,26.89,26.73,27.05,26.89,26.56,26.89,26.80,26.89,26.80,26.80,26.73,26.96,26.73,26.73,26.80,26.80,26.96,26.56,26.89,26.96,26.89,26.89,26.47,26.89,26.64,26.80,26.89,26.80,26.64,26.80,26.47,27.13,26.89,26.80,26.73,26.80,27.22,26.89,26.64,26.89,26.89,27.13,26.73,26.80,26.56,26.96,26.73,27.13,26.40,26.47,26.89,26.56,26.89,26.73,26.89,26.89,26.40,27.22,26.64,26.96,26.47,26.89,26.64,26.89,26.96,26.89,26.96,26.80,27.05,26.64,27.36,26.80,26.64,26.89,26.89,26.89,27.13,26.89,27.29,27.13,26.80,27.13,26.73,26.47,26.64,26.89,26.73,26.96,26.73,26.80,27.13,26.73,27.29,26.80,26.96,27.05,26.80,26.96,26.80,26.64,26.73,26.89,26.64,26.89,26.80,26.56,26.56,26.64,26.64,26.80,26.80,26.80,26.80,26.89,26.47,26.56,26.73,26.80,26.64,26.40,26.64,26.73,26.80,26.96,26.96,26.89,26.89,26.73,26.40,27.29,26.47,26.47,26.96,26.96,26.56,26.31,26.64,27.13,26.56,26.47,26.89,26.64,26.89,26.89,26.96,26.64,26.80,26.64,26.73,26.64,26.80,26.96,26.80,26.64,26.56,26.80,27.13,27.05,26.96,26.80,26.56,26.80,26.56,26.73,26.89,26.40,26.47,26.80,26.89,26.89,26.56,26.89,26.56,27.05,26.23,26.64,26.47,26.80,26.80,26.73,26.73,26.64,26.56,26.40,26.47,26.80,26.80,26.40,26.80,26.56,26.47,26.56,26.73,26.64,26.56,26.47,26.64,26.31,26.96,26.47,26.89,26.89,26.80,27.13,26.64,26.80,26.89,26.47,26.47,26.56,26.64,26.89,26.64,26.80,26.96,26.47,27.36,26.64,26.56,26.47,27.36,26.80,26.64,26.80,26.56,26.56,27.13,26.80,26.96,26.47,26.96,27.05,27.05,27.05,26.73,26.73,26.64,26.89,26.73,26.23,26.23,26.73,26.73,26.89,26.73,27.22,27.36,26.64,26.73,26.89,26.56,26.80,26.96,26.56,26.47,26.64,26.73,26.96,26.47,26.40,26.56,26.73,26.80,26.64
26.40,26.47,26.47,26.56,26.64,26.40,26.23,26.96,26.73,26.89,26.40,26.64,27.29,26.40,26.64,26.89,26.96,26.64,26.47,26.73,26.80,26.96,26.80,26.80,26.64,26.47,26.40,26.89,26.56,26.56,26.56,26.56,26.64,26.47,26.80,26.56,26.96,26.40,26.89,26.80,26.89,26.80,26.89,26.73,27.22,26.73,26.89,26.73,26.80,26.96,26.73,26.96,26.64,27.05,26.64,26.73,27.05,26.40,26.80,26.80,26.96,26.96,26.89,27.22,26.73,26.73,26.89,27.13,26.80,26.73,26.96,26.64,26.96,26.56,26.64,26.47,26.31,26.64,27.05,26.96,26.73,26.64,27.36,26.73,26.73,26.56,26.73,26.47,26.89,26.47,26.64,26.31,26.47,26.80,26.40,26.56,26.89,26.40,26.89,26.89,26.64,26.89,26.64,26.73,27.05,26.89,26.64,26.47,26.89,27.05,27.22,26.89,26.64,26.96,26.64,26.89,26.73,26.80,26.96,27.13,26.56,26.47,26.80,26.56,26.40,26.96,27.13,26.80,26.89,27.13,26.64,26.80,26.89,27.22,26.56,26.80,26.23,26.96,26.64,27.13,26.80,26.73,26.80,26.56,26.47,26.56,26.64,26.89,26.64,26.47,26.64,26.56,26.56,26.73,26.80,26.89,26.64,26.47,26.89,26.80,26.80,27.05,26.73,26.64,26.40,26.56,26.56,26.89,26.56,26.80,26.80,26.96,26.96,27.22,26.96,26.96,26.56,26.89,26.23,27.13,26.80,26.47,26.96,26.64,26.80,27.22,27.22,26.80,27.13,26.64,26.80,26.80,26.89,26.89,27.22,26.89,26.89,27.13,27.13,26.73,26.96,26.96,26.64,26.80,26.64,26.89,26.73,27.13,26.96,26.64,26.64,27.22,26.80,26.89,26.96,26.80,27.05,26.64,26.23,26.56,26.31,26.56,26.56,26.96,26.56,26.80,26.56,26.96,26.47,26.56,26.56,26.64,26.73,26.31,26.47,26.40,26.64,27.22,26.96,27.05,26.89,26.64,26.89,26.23,26.89,27.05,26.80,26.80,26.89,26.64,26.89,26.96,26.89,26.47,26.64,27.05,26.89,26.47,26.96,26.56,26.89,26.96,26.80,26.31,26.80,26.31,26.73,26.14,26.80,26.64,26.56,26.64,26.80,26.73,26.64,26.96,26.56,27.05,26.73,26.73,26.56,26.89,26.73,26.80,27.05,26.64,26.96,26.96,26.64,26.80,26.47,26.05,27.13,26.96,26.56,26.73,26.64,26.64,26.56,27.13,26.80,26.96,27.05,27.05,26.40,26.47,26.96,26.73,26.64,26.47,26.96,26.23,26.80,27.29,26.96,26.64,26.96,27.13,26.31,26.80,26.31,26.80,26.40,26.64,26.31,26.73,26.80,26.73,26.64,26.89,26.96,26.56,26.56,26.80,27.05,26.40,26.73,26.73,26.64,26.56,26.96,26.73,27.05,27.05,26.80,26.40,26.73,26.56,27.05,27.13,26.64,26.40,26.96,26.73,26.80,26.96,26.47,26.64,26.64,26.56,27.05,26.89,26.73,26.64,26.89,26.56,26.73,26.31,26.73,26.31,26.56,26.73,27.22,26.31,27.05,26.64,26.89,27.05,26.89,26.56,26.64,26.64
25.88,26.89,26.64,26.73,26.64,26.89,26.80,26.96,26.73,26.73,26.96,26.73,26.64,27.13,26.73,26.73,26.96,26.96,26.64,26.14,26.14,26.40,26.47,26.47,26.47,26.23,26.73,27.22,26.73,26.73,26.64,26.73,26.56,26.47,26.80,26.64,26.31,26.64,26.56,26.47,26.89,26.56,26.89,26.64,27.36,27.05,26.73,26.96,26.40,27.05,26.56,26.40,26.31,26.64,26.64,26.73,26.56,26.96,26.31,26.56,26.64,26.73,26.73,26.80,26.64,26.96,26.96,26.89,26.23,26.96,26.64,26.64,26.64,26.64,26.47,27.13,26.47,26.31,26.96,26.40,26.40,26.31,26.64,26.80,26.96,26.73,26.96,26.64,26.64,26.64,26.64,26.64,26.73,26.56,26.40,26.73,26.73,26.64,26.80,26.80,26.64,26.40,26.31,26.80,26.89,26.73,26.96,26.73,26.89,26.56,26.56,26.89,26.80,26.31,27.05,26.80,26.96,26.64,26.64,26.80,26.73,26.64,27.29,26.31,27.05,26.96,26.80,27.13,26.73,26.56,27.05,26.64,26.96,26.64,26.56,26.56,26.56,26.56,26.80,26.56,26.47,27.05,26.64,27.05,26.96,26.56,26.96,26.64,26.40,26.80,26.64,26.89,27.29,26.73,27.05,26.80,26.96,26.64,26.64,26.80,26.89,26.89,27.22,26.80,26.73,26.23,26.40,26.56,26.89,26.64,26.73,26.89,26.73,26.56,26.89,26.73,27.22,26.80,26.64,27.05,26.47,26.47,26.47,26.56,26.56,27.22,26.89,26.89,26.64,26.47,26.89,26.89,26.47,26.80,26.64,27.36,26.80,26.64,27.13,26.64,27.13,27.29,26.80,26.56,26.56,26.89,26.89,26.64,27.05,26.56,26.80,27.36,26.64,26.73,26.47,26.80,26.96,26.56,26.47,26.80,26.47,26.47,26.64,26.23,26.47,26.96,26.89,26.40,26.80,26.80,26.89,26.80,26.40,26.47,26.56,26.73,26.80,27.13,26.80,26.14,26.31,26.73,26.23,26.96,26.56,26.80,26.64,26.64,26.73,26.89,26.89,26.56,26.73,27.29,26.73,26.96,26.80,26.56,26.64,27.36,27.13,26.47,26.73,26.64,26.64,26.80,26.80,26.96,26.80,26.64,26.73,26.64,26.73,27.05,26.64,26.80,26.56,26.56,26.80,26.64,26.96,27.05,26.73,27.05,27.13,26.80,26.47,26.40,26.64,26.80,26.73,27.05,27.05,26.73,26.89,26.64,26.47,26.31,27.13,26.96,26.80,26.96,26.31,26.96,26.80,27.29,26.96,26.80,26.73,26.73,26.80,26.64,26.23,26.73,26.14,27.13,26.73,26.40,26.80,26.89,26.64,26.80,26.80,26.80,27.05,27.29,27.05,26.14,26.80,26.80,26.80,26.73,26.31,26.96,26.73,26.56,26.56,26.64,26.73,26.80,26.96,26.40,27.13,26.40,26.96,26.64,26.96,26.64,26.73,27.05,26.64,26.73,26.89,26.31,27.22,26.64,27.13,27.05,26.80,26.96,26.40,26.73,26.80,26.73,27.05,26.56,26.73,27.05,26.64,26.96,26.47,26.73,26.47,26.80,26.47,26.31,26.47,26.73,27.05,26.89,26.23,26.47
26.64,26.80,26.56,26.73,26.89,26.47,26.96,26.80,26.96,26.89,26.80,26.47,25.88,26.73,26.23,26.47,26.64,26.47,26.40,26.47,26.73,26.56,26.40,26.56,26.73,26.47,26.64,26.64,26.80,26.64,26.47,26.73,26.64,26.80,26.89,26.56,26.47,26.47,26.89,26.47,26.56,26.56,26.31,26.31,26.80,26.47,26.40,26.96,26.80,26.23,26.80,26.64,26.56,26.47,26.56,26.80,26.40,26.56,26.89,26.64,26.89,26.64,26.47,25.98,26.96,26.80,26.23,27.05,26.31,26.89,26.56,26.56,26.47,27.13,26.89,26.40,26.89,26.64,26.89,26.47,26.56,26.56,26.40,26.47,26.80,26.89,27.05,26.64,27.29,26.96,27.22,26.64,26.64,26.14,26.56,26.73,26.64,26.73,26.47,26.80,26.73,26.40,27.36,26.47,26.80,26.47,26.64,26.47,26.73,26.64,26.56,27.05,26.73,26.96,26.64,26.96,26.64,26.47,26.73,26.40,26.80,26.80,26.80,26.73,26.64,26.73,26.40,26.80,26.73,26.56,26.40,26.73,26.73,26.64,26.80,26.80,26.40,26.80,26.56,26.56,26.64,27.05,26.89,26.80,26.73,26.40,26.64,26.89,26.56,27.05,26.47,26.47,26.73,26.80,26.80,27.05,26.40,26.64,26.96,26.96,26.40,26.89,27.22,26.64,26.47,26.56,26.80,27.05,26.89,27.05,26.80,26.89,26.80,26.80,27.05,26.64,27.05,26.56,26.64,26.96,26.80,26.73,26.96,26.80,26.73,27.29,26.31,26.73,27.29,27.29,26.96,26.89,27.05,26.56,26.96,27.05,26.47,26.96,26.64,27.36,26.96,26.56,26.96,27.36,27.22,26.64,26.73,27.29,27.29,26.47,26.96,26.80,26.73,26.96,26.73,27.05,26.73,26.56,26.80,26.47,26.23,27.05,27.05,26.47,26.64,26.64,26.31,26.64,26.80,26.96,26.64,26.47,27.05,26.73,26.89,26.64,26.73,26.56,27.13,26.80,27.05,26.40,26.31,26.47,26.80,26.64,26.96,26.73,26.40,26.47,26.89,26.64,26.56,26.89,26.73,26.64,26.40,26.73,26.64,27.22,26.64,27.13,26.64,26.40,26.80,26.73,26.96,26.80,26.64,26.80,26.96,26.23,26.80,27.13,26.89,26.89,26.40,26.64,26.89,26.47,26.47,26.96,26.89,26.47,26.73,26.80,27.13,26.89,26.80,26.80,26.47,26.73,26.31,26.47,26.73,26.40,26.56,26.80,26.80,26.64,26.89,26.73,27.13,27.13,26.89,26.96,26.64,26.64,26.89,27.13,26.64,26.23,26.89,26.64,26.80,26.89,26.64,27.13,26.80,26.47,26.80,26.73,26.73,26.64,27.13,26.56,26.64,26.73,26.56,26.56,26.56,26.73,26.73,26.64,26.64,26.89,26.96,26.56,26.80,26.73,26.73,26.73,26.89,27.13,26.89,26.56,26.89,26.73,26.56,26.80,26.56,26.64,26.56,26.80,26.80,27.36,26.89,26.56,27.13,26.56,26.96,26.80,26.80,26.56,26.89,26.89,26.64,26.80,26.80,26.73,26.80,26.80,27.22,26.80,27.05,27.05,26.73,26.56,27.13,27.05,26.64,26.73
26.80,26.73,26.80,26.64,26.64,26.31,27.05,26.73,26.47,27.05,26.64,27.05,26.73,27.05,27.05,26.80,26.56,26.73,26.73,26.23,27.13,26.56,26.31,26.40,26.73,26.64,26.56,26.64,26.64,26.47,27.05,26.80,26.64,26.47,26.47,26.40,26.56,26.73,26.31,26.96,26.64,27.29,26.89,26.64,26.73,27.29,26.64,26.56,26.73,26.47,27.05,26.73,27.29,26.47,26.80,26.64,26.64,26.96,26.56,27.05,26.89,26.80,26.64,26.89,27.05,26.80,26.89,26.89,26.80,26.31,26.56,26.73,26.64,26.89,26.56,26.56,26.80,26.64,26.80,26.96,26.64,26.89,26.80,26.64,26.31,26.73,26.64,26.56,27.13,26.56,26.89,27.13,26.23,26.80,27.05,26.40,26.47,26.47,26.80,26.89,26.64,26.47,26.47,26.40,26.56,26.64,27.05,26.73,26.96,26.64,26.40,26.31,26.73,26.64,26.96,26.80,26.73,26.47,26.73,26.73,26.56,26.80,26.64,26.40,26.96,27.22,26.47,27.05,26.73,26.73,26.80,26.80,26.80,26.73,26.64,26.73,26.89,26.73,26.56,26.96,26.47,26.96,27.13,26.47,26.73,26.89,26.40,26.96,26.80,26.73,26.96,26.80,26.64,26.73,26.47,26.73,26.64,26.73,26.47,26.64,26.64,26.96,26.64,26.96,26.96,26.73,26.96,26.96,26.89,27.05,26.80,26.64,26.80,27.05,26.80,26.96,26.64,26.96,26.80,26.64,26.73,26.96,26.80,26.64,27.05,26.73,26.47,26.73,26.64,27.36,27.05,26.96,27.05,26.96,27.05,26.73,26.80,26.96,26.73,26.80,26.73,27.13,26.80,26.64,26.80,27.05,26.64,27.13,26.89,26.47,26.80,26.89,26.73,26.80,26.73,26.47,26.40,26.73,26.89,26.64,26.80,26.73,26.40,26.73,26.80,26.80,26.96,27.13,27.05,26.80,27.05,26.64,26.47,26.47,26.73,26.73,27.36,26.80,27.13,26.40,26.80,26.73,26.47,26.47,26.40,26.56,27.22,26.96,26.73,26.96,27.05,27.22,26.64,26.47,26.89,26.96,26.47,27.13,26.80,26.89,26.89,26.40,26.31,27.22,26.80,26.47,26.56,26.40,26.56,26.80,27.13,26.56,26.89,26.80,26.56,26.80,26.96,26.40,26.89,27.29,27.13,27.13,26.47,26.31,26.56,26.73,26.64,26.47,26.64,27.05,26.80,26.40,26.31,26.64,26.89,26.56,26.96,26.64,26.56,26.73,26.80,26.47,26.56,26.80,27.05,26.64,26.64,27.05,26.89,26.56,26.89,26.56,27.22,26.64,26.89,26.89,26.64,26.89,26.64,26.80,26.47,26.89,26.64,26.47,26.89,26.56,26.64,26.89,26.56,26.64,26.31,27.22,26.89,27.05,26.89,26.23,26.56,26.40,26.73,26.80,27.13,26.31,26.56,26.56,26.64,26.64,26.80,26.56,26.73,26.47,26.56,26.89,26.80,26.73,26.89,26.89,26.31,26.89,26.31,26.56,26.80,26.80,26.56,26.64,26.47,26.89,26.64,27.13,26.64,26.96,26.56,26.89,26.89,26.56,26.89,27.13,26.64,26.80,26.80,26.23,27.05,26.80
26.89,26.64,27.36,26.64,26.23,26.89,27.05,26.64,26.80,26.89,26.40,26.96,26.40,27.22,26.80,26.89,26.47,26.56,26.96,26.89,26.23,26.64,26.80,26.80,26.80,26.73,26.56,27.05,26.40,26.56,27.05,27.05,26.05,26.89,27.05,26.64,26.64,26.40,26.89,26.64,26.73,26.80,26.80,27.22,26.73,26.64,26.80,26.23,26.80,26.73,26.73,26.80,26.47,26.73,26.96,26.89,26.73,26.40,26.14,26.73,26.40,26.40,26.47,26.56,27.05,26.31,26.31,27.05,26.64,26.80,26.96,26.64,26.73,26.47,26.56,26.80,26.31,26.47,26.73,26.64,26.89,26.73,26.89,26.64,26.73,26.73,26.80,26.89,26.96,26.80,26.31,26.96,26.56,26.96,26.64,27.13,26.89,26.47,26.80,26.80,26.64,27.13,26.64,26.56,26.80,26.64,26.64,26.56,26.64,26.96,26.47,26.89,26.47,26.64,26.23,26.47,26.73,26.89,26.80,26.64,26.80,26.56,26.56,26.89,26.80,26.89,26.56,26.64,26.56,27.13,26.64,26.80,26.31,26.64,26.56,26.73,26.40,26.80,26.89,26.73,26.31,26.64,26.89,26.89,26.80,26.56,26.89,26.56,26.47,26.89,26.80,26.40,26.73,26.89,26.89,26.80,26.80,26.64,26.40,26.89,26.56,26.64,26.47,26.89,26.31,26.80,26.96,26.56,26.96,27.22,26.89,27.22,26.40,26.96,26.80,26.89,26.73,26.89,26.73,26.64,27.13,27.13,26.80,27.13,26.96,26.80,26.23,27.22,27.13,26.89,26.96,26.80,26.40,26.89,26.64,26.47,26.80,26.89,26.40,27.05,27.29,26.64,27.22,26.89,26.89,27.05,26.80,26.31,26.64,26.89,27.05,26.96,26.96,26.89,27.29,26.47,26.96,27.45,27.22,27.13,26.96,26.80,26.64,27.13,26.47,26.89,26.80,26.80,26.80,26.89,26.89,26.80,26.80,26.96,26.96,27.05,26.73,26.80,26.64,26.80,26.80,26.89,26.64,26.40,26.89,27.05,26.47,26.56,26.64,26.31,26.80,26.96,26.31,26.64,26.96,26.80,26.80,26.73,26.56,27.13,26.47,26.64,26.80,26.56,26.80,26.64,26.80,26.31,26.64,26.73,26.47,26.56,26.40,26.56,26.73,27.13,27.13,26.64,26.56,27.13,26.56,26.40,26.96,26.56,26.64,26.73,26.56,26.96,26.80,26.31,27.05,26.80,26.89,26.31,26.80,26.64,26.47,26.56,26.80,26.96,26.23,26.56,26.56,26.47,26.05,26.80,26.89,26.64,26.73,26.73,26.23,27.22,26.56,26.64,26.64,26.64,26.73,26.64,27.22,26.80,26.89,26.31,26.80,26.05,26.96,26.96,26.47,26.80,26.80,26.80,26.89,26.47,26.23,26.23,26.64,26.31,27.22,26.96,26.64,26.89,27.29,26.64,27.05,26.47,26.73,26.80,26.73,26.56,26.80,26.64,26.31,26.64,26.89,26.89,26.96,26.73,27.29,26.96,26.56,26.96,27.05,26.64,26.73,26.73,26.73,26.05,26.31,26.64,26.73,26.89,26.47,26.73,26.73,26.89,26.64,26.64,26.31,26.31,27.22,26.47,26.40,26.73
26.64,26.64,26.31,26.80,26.89,27.13,26.89,26.80,26.89,26.73,26.89,26.73,26.96,26.23,26.23,26.89,26.40,26.73,27.05,26.64,26.89,27.22,26.89,26.89,26.73,26.47,26.47,26.73,26.89,26.47,26.96,27.05,26.47,26.31,26.56,27.05,26.40,26.96,26.73,26.64,26.89,27.05,26.64,26.80,26.23,26.73,26.56,26.89,26.56,26.64,26.64,26.64,26.47,26.89,26.73,26.40,26.56,26.40,26.64,26.73,26.96,26.47,26.47,26.64,26.47,26.31,26.64,26.73,26.31,26.96,26.80,26.40,26.56,26.73,26.56,26.64,26.64,26.89,26.23,26.23,26.96,26.31,26.96,26.73,26.31,26.73,26.47,26.80,26.64,26.64,26.23,26.40,26.56,26.40,26.56,27.29,26.73,26.47,26.56,26.89,26.64,26.56,26.31,27.22,26.56,26.56,26.56,26.56,26.23,26.73,26.64,26.89,26.80,27.13,26.96,27.36,26.80,26.80,26.96,26.56,26.56,26.64,26.89,26.64,26.89,26.31,26.47,26.96,26.64,26.56,26.89,26.96,26.80,26.56,26.89,26.64,26.73,26.96,26.31,26.23,26.89,26.56,26.64,26.31,26.64,26.56,27.13,26.80,26.89,26.05,26.64,26.56,26.96,26.73,26.96,26.56,26.64,26.47,26.73,26.80,26.96,26.47,26.80,26.96,26.89,26.73,26.80,26.89,26.89,26.89,27.13,26.80,26.73,26.64,26.56,26.64,26.80,26.73,26.96,26.56,26.89,26.96,26.56,26.89,26.89,26.64,26.56,27.22,26.80,26.64,26.14,26.73,26.80,26.80,27.13,26.64,26.80,27.22,26.89,26.40,26.96,26.96,26.96,26.89,26.64,26.89,26.80,26.64,26.23,26.73,27.05,26.56,27.22,26.64,27.05,26.73,27.13,26.73,26.80,26.80,26.47,26.96,26.56,26.64,26.23,26.56,27.36,26.40,26.31,26.64,26.31,26.89,26.56,26.40,26.56,26.64,26.89,26.40,26.96,26.80,26.89,27.05,26.31,26.23,26.40,26.89,27.13,26.80,26.80,26.64,26.80,27.05,26.73,26.96,26.96,27.13,26.47,26.64,27.13,27.05,26.31,26.64,26.56,26.96,26.64,26.73,26.96,26.64,26.89,26.56,26.96,26.64,27.13,26.80,26.31,26.64,26.89,26.96,26.96,26.40,26.64,26.73,26.96,26.80,26.80,26.96,27.05,27.05,26.47,26.80,26.64,26.96,26.56,26.96,27.29,26.64,26.40,26.56,26.73,26.89,26.96,26.96,26.47,26.80,26.89,26.47,26.47,26.80,26.96,27.29,26.89,26.80,26.96,26.31,26.73,26.73,27.22,26.47,26.64,26.64,26.47,26.89,26.89,26.89,26.56,26.73,26.40,26.73,27.22,26.40,26.89,26.23,26.40,26.64,26.47,26.14,26.73,26.89,26.31,26.89,26.73,26.73,26.73,26.56,26.47,27.05,26.64,26.73,26.40,26.47,26.40,26.64,26.47,26.73,26.64,26.73,25.88,26.73,26.80,26.40,26.64,26.96,26.40,26.80,26.64,26.56,26.73,26.56,26.64,26.64,26.89,26.47,26.73,26.73,26.73,26.96,26.40,26.89,26.47,26.56,26.64,26.80
26.64,26.96,26.23,26.40,26.80,26.40,26.89,26.73,26.89,26.47,26.73,26.40,26.73,26.56,26.96,26.73,26.73,26.80,26.64,27.13,27.13,26.73,26.89,26.40,26.64,26.73,26.40,26.05,26.56,26.80,26.80,26.56,26.64,27.05,26.64,26.40,26.64,26.40,26.31,26.96,26.96,26.96,26.64,26.89,26.40,26.89,26.56,26.40,27.29,26.56,25.88,26.80,26.89,27.13,26.40,26.89,26.73,26.64,26.56,26.56,26.80,26.73,27.22,26.23,26.47,26.96,26.64,26.56,26.80,26.64,26.89,26.31,26.47,26.47,26.80,26.47,26.80,26.73,26.23,26.80,26.96,26.80,26.40,26.40,26.73,26.73,26.80,26.47,26.73,26.80,26.40,26.47,26.47,26.31,26.64,26.73,26.05,26.40,26.47,27.13,26.73,26.64,26.47,26.73,26.73,26.80,26.89,26.73,26.80,26.80,26.96,27.05,26.89,26.64,27.05,26.56,27.22,26.73,26.40,26.47,26.80,27.05,26.47,26.73,26.31,26.64,26.31,26.40,26.56,26.14,26.73,26.96,26.47,26.40,26.14,26.47,26.56,26.96,26.47,26.80,27.05,26.73,26.80,26.47,26.47,26.47,26.47,26.73,26.64,26.64,26.89,26.73,27.05,26.31,26.64,26.80,26.64,26.80,26.80,27.05,26.47,26.64,26.80,26.96,26.56,26.89,26.73,26.56,26.56,26.56,26.73,26.56,26.80,26.80,26.80,26.64,26.89,26.64,26.80,26.89,26.89,26.31,26.40,26.47,26.89,26.96,26.80,26.73,26.96,26.56,27.13,27.13,26.56,26.56,26.89,26.96,26.89,26.89,26.96,27.22,26.89,27.13,27.05,27.13,27.13,26.89,26.56,26.96,26.64,26.80,26.80,27.13,26.80,26.96,26.47,26.64,26.56,26.56,26.64,26.73,26.64,26.80,26.47,26.73,27.13,26.73,26.47,26.47,26.64,26.64,26.96,26.64,26.47,26.05,26.96,26.31,26.80,26.31,26.89,26.80,26.64,26.47,26.73,26.73,26.80,27.22,26.47,26.73,27.29,26.47,26.73,26.47,26.47,26.73,26.89,26.47,26.23,27.05,26.80,27.05,27.05,26.56,26.56,26.47,26.80,26.40,26.14,26.80,26.47,26.80,26.56,26.73,26.96,26.96,26.73,26.23,26.56,26.40,26.47,26.73,26.73,26.64,26.23,26.80,26.64,26.40,27.05,26.40,26.64,26.40,26.64,26.64,26.47,26.31,26.89,26.96,26.96,26.56,26.73,26.89,27.05,26.96,26.40,26.73,26.47,26.56,26.64,26.64,26.47,26.73,26.23,26.89,27.22,26.14,26.80,26.73,26.73,26.40,26.56,26.96,27.22,26.80,26.40,26.40,26.96,26.23,26.80,26.73,26.64,26.73,26.56,27.05,26.89,26.73,26.40,26.96,26.73,26.47,26.64,26.64,26.47,26.80,26.56,26.47,26.73,26.40,27.22,26.73,26.47,26.40,26.96,26.64,26.80,27.05,26.40,26.89,26.56,26.89,26.96,26.40,26.89,26.23,26.89,27.05,26.47,26.47,26.80,26.89,26.64,26.80,26.40,26.40,26.47,26.56,26.56,26.40,26.47,26.40,26.89,26.64,26.64,26.56
26.96,27.13,26.47,26.47,26.47,26.14,26.80,26.73,26.89,27.13,26.64,26.23,26.80,26.80,26.64,26.89,26.89,26.31,26.64,26.80,26.80,26.56,27.05,26.56,26.96,26.23,26.56,26.31,26.40,27.13,27.13,26.64,26.47,26.73,26.96,27.05,26.64,26.89,26.47,26.40,27.13,26.56,27.13,26.80,26.31,26.56,26.73,26.40,26.96,26.56,26.31,26.64,27.13,26.80,27.13,26.73,26.56,26.40,26.80,26.89,26.56,26.40,26.56,26.89,26.40,26.40,27.05,26.64,25.98,26.80,26.89,26.56,26.96,26.56,26.73,26.56,26.23,26.64,26.47,26.40,26.56,26.56,26.56,26.64,26.47,26.96,26.47,26.31,26.64,26.73,26.89,26.89,26.56,26.47,26.40,26.73,26.31,26.40,26.40,26.47,26.89,26.73,26.96,26.73,26.96,26.47,26.56,26.89,26.64,26.64,26.96,26.47,26.80,27.05,27.05,26.96,26.73,26.73,26.96,26.64,26.96,26.89,26.64,26.56,26.96,26.47,26.96,26.89,26.73,26.64,26.47,26.89,26.14,26.64,26.89,26.64,26.89,26.73,26.80,26.73,26.40,26.73,26.80,26.73,26.40,26.56,26.56,26.89,26.56,26.96,26.89,26.56,27.29,26.80,26.96,27.05,26.73,26.89,26.73,26.80,26.96,27.22,27.05,26.73,27.05,26.40,26.80,27.05,26.56,26.73,26.56,26.47,26.47,26.40,26.73,26.96,26.80,26.56,27.05,26.47,27.05,26.47,26.96,26.64,27.05,26.73,26.96,27.05,26.80,26.73,26.73,26.31,27.22,27.05,26.73,26.73,26.96,27.53,26.64,26.89,26.80,27.05,26.47,26.47,27.29,27.29,26.80,26.96,27.05,26.80,26.47,27.22,26.73,27.22,26.64,26.89,26.64,26.73,26.40,26.80,26.56,26.47,26.80,26.73,26.89,26.73,26.64,26.80,26.73,26.47,26.89,26.89,26.64,26.47,27.05,26.80,26.64,26.64,26.89,26.40,26.56,26.23,26.89,26.47,26.80,26.73,26.56,26.73,26.47,26.73,26.73,26.23,26.96,26.64,26.80,26.80,26.56,26.89,27.36,27.05,26.23,26.64,26.80,26.80,26.40,27.05,26.47,26.40,26.73,26.40,27.13,26.56,26.56,26.73,26.96,27.13,26.64,26.96,26.47,26.80,26.73,27.29,26.80,26.73,26.73,26.73,26.96,26.73,26.96,26.31,26.64,26.64,27.05,27.05,27.13,26.80,26.80,26.89,26.47,26.14,26.80,26.80,27.13,26.89,26.89,26.56,26.80,26.47,26.73,26.89,26.89,26.23,26.40,27.05,27.13,26.64,27.05,26.73,26.47,26.73,26.56,26.47,26.89,26.40,27.22,26.64,26.64,26.64,26.96,26.56,26.64,26.64,26.40,26.40,26.40,26.14,26.73,26.64,26.89,26.14,26.73,26.56,26.64,26.64,27.22,27.05,26.89,26.47,27.13,27.05,26.80,26.64,27.22,26.31,26.89,27.05,26.64,26.80,26.47,26.89,26.56,26.31,26.89,26.64,26.56,26.31,26.80,26.80,26.56,26.73,26.80,26.64,26.89,26.56,26.64,26.56,26.80,26.64,26.40,26.73,26.31,26.47
26.56,27.13,26.96,26.96,26.31,26.23,26.31,26.40,26.80,26.40,26.73,26.23,26.23,26.80,26.64,26.89,27.05,26.56,26.40,26.14,26.56,27.22,26.40,26.31,26.64,26.89,26.80,26.89,26.96,26.40,26.64,26.73,26.64,26.40,26.89,26.40,26.47,26.73,26.64,27.22,26.89,26.56,26.96,26.05,26.96,26.73,26.64,26.80,26.96,26.14,25.98,26.89,26.64,27.05,26.47,26.56,26.64,26.56,26.31,26.56,26.31,26.73,26.31,26.89,26.31,26.64,26.64,26.64,26.47,26.89,26.56,26.73,26.31,26.64,26.80,26.80,26.31,27.05,27.05,27.05,26.40,26.89,26.40,27.13,26.89,26.64,27.13,26.40,26.31,26.80,26.64,26.89,26.40,26.80,26.89,27.13,26.96,26.47,26.47,26.89,26.31,26.56,26.73,26.80,26.64,26.89,26.73,26.64,26.80,26.80,27.05,26.40,27.13,26.89,26.73,27.05,27.05,27.13,26.47,27.22,27.13,27.29,26.73,26.47,25.98,26.80,26.96,26.89,26.80,26.47,27.05,27.05,26.73,26.80,26.96,27.05,26.89,26.73,26.23,26.73,26.73,26.56,26.31,26.80,26.40,26.64,26.31,27.13,26.80,26.47,27.29,26.96,27.05,26.89,26.47,26.73,26.73,27.22,27.22,27.05,26.73,25.98,26.89,26.80,26.80,26.89,26.96,27.05,26.73,26.73,26.56,26.47,27.13,26.40,26.73,26.64,26.73,26.47,26.47,26.96,26.96,26.64,26.96,26.64,26.64,26.73,26.14,26.80,27.13,26.89,26.80,26.73,26.64,26.80,27.13,26.73,26.56,26.73,26.40,26.64,26.80,26.64,26.56,26.80,27.13,26.80,26.89,26.96,26.73,27.13,26.80,27.13,26.80,26.96,26.73,26.56,26.56,26.73,26.96,26.73,26.73,26.80,26.47,26.47,26.89,26.80,27.22,26.64,26.40,26.56,26.96,26.89,26.89,26.56,26.73,26.56,26.40,27.05,26.96,27.05,26.73,26.64,26.96,26.56,26.73,26.89,26.89,26.89,26.56,26.47,26.64,26.80,27.13,26.64,26.80,26.40,26.56,26.31,27.05,27.45,27.05,27.22,26.89,26.96,26.89,26.64,27.22,26.40,26.80,27.13,26.56,26.56,26.56,26.64,26.23,27.13,27.13,26.40,26.64,26.89,26.40,26.73,26.80,26.64,26.73,26.56,26.40,27.13,26.89,26.40,26.96,26.80,26.89,26.80,26.89,26.89,26.47,26.80,26.56,26.73,26.96,26.56,26.56,26.64,26.89,26.80,26.64,26.47,26.64,26.80,26.14,26.64,26.40,26.73,26.89,26.89,26.64,26.47,26.80,26.64,26.40,27.05,26.64,26.56,26.56,26.64,26.56,26.31,26.47,26.56,26.40,26.23,26.64,27.13,27.13,27.05,26.56,26.56,26.80,26.56,26.73,26.64,26.89,27.05,26.80,27.13,26.64,26.56,27.05,26.89,26.47,26.64,26.40,26.80,26.73,26.73,26.80,26.64,27.05,26.64,27.29,26.89,26.56,26.73,26.96,26.96,26.64,26.40,26.56,26.56,26.80,26.31,26.23,26.73,26.64,26.64,27.29,26.80,26.40,26.89,26.89,26.47
26.73,27.05,26.80,26.47,26.89,26.96,26.89,26.64,26.80,26.64,26.64,26.56,26.96,26.80,27.13,26.40,26.89,26.96,26.73,26.47,26.64,27.29,26.80,26.64,26.64,26.56,26.96,26.40,26.80,26.89,27.05,26.80,26.89,27.13,26.73,26.64,26.96,27.13,26.96,26.73,26.73,26.64,26.56,26.56,26.56,27.36,26.47,26.23,26.80,26.73,26.47,26.23,26.73,26.73,26.47,26.31,26.47,26.64,26.23,26.73,26.96,26.47,26.47,26.47,26.73,26.47,26.40,26.73,26.73,26.64,26.80,26.96,27.05,27.05,26.80,26.31,26.80,26.56,26.31,26.89,26.64,26.89,26.56,26.96,26.73,26.89,26.64,27.05,26.96,26.47,26.64,27.22,27.05,27.05,26.64,26.40,26.80,26.89,26.80,26.56,26.73,26.64,26.56,26.89,26.64,26.89,26.80,26.47,26.96,26.47,26.56,26.89,26.89,26.96,26.47,26.64,26.96,26.64,26.73,27.22,26.64,26.73,26.23,27.22,26.56,26.89,26.96,26.89,26.31,26.80,26.64,26.89,26.96,26.31,26.73,26.56,26.96,26.73,26.89,26.23,26.73,27.22,26.64,26.64,27.13,26.64,26.40,26.89,26.73,26.73,26.73,26.89,26.64,26.73,26.64,26.80,26.73,26.73,26.89,26.89,26.64,26.80,26.96,27.05,26.89,26.80,26.80,26.96,26.47,26.64,26.96,26.64,26.56,26.89,26.89,26.73,27.05,26.89,26.80,26.73,26.56,26.73,26.56,26.89,27.22,26.64,27.13,27.22,26.73,26.40,27.05,26.64,26.47,27.05,27.13,27.13,27.13,26.89,26.73,26.80,26.64,27.13,26.40,26.40,26.47,26.73,26.89,26.80,27.05,26.40,26.64,26.73,27.05,27.05,26.89,27.13,27.13,27.05,26.56,26.64,27.45,26.80,26.64,26.64,26.40,26.89,26.89,26.40,26.80,26.64,26.23,26.40,26.73,26.23,26.73,26.56,26.64,26.64,26.73,26.64,26.80,26.47,26.23,26.31,27.13,26.64,26.80,26.73,26.80,26.40,26.96,26.31,26.73,27.05,26.73,27.05,26.96,26.80,26.73,26.73,27.13,26.40,26.96,26.56,26.64,26.31,26.31,26.64,26.31,26.89,26.40,26.47,26.64,27.05,26.64,26.14,26.56,26.73,26.23,26.89,26.89,26.40,26.56,26.31,26.96,26.40,26.56,26.40,26.73,26.40,26.47,26.56,26.56,26.80,26.47,26.73,26.64,26.89,26.47,27.05,26.40,26.56,26.80,27.05,26.80,26.80,26.89,26.14,26.80,26.80,26.47,26.80,27.05,26.89,26.56,26.64,26.80,26.56,26.64,26.89,26.14,26.31,27.29,26.89,26.56,26.64,26.40,26.80,26.73,26.14,26.47,26.64,26.56,26.73,27.29,26.73,26.73,26.56,26.56,26.89,26.56,26.73,26.56,27.22,26.64,26.80,26.80,26.56,26.05,26.89,26.64,26.89,26.56,26.64,26.47,26.40,26.40,26.80,26.64,26.80,26.96,27.22,26.89,26.31,27.13,26.31,26.73,26.73,26.96,26.47,26.89,26.80,26.73,27.22,26.96,26.80,26.73,26.56,27.05,26.64,26.47,26.64
26.56,26.64,26.73,26.64,26.31,26.14,26.80,26.73,26.47,27.13,26.73,26.56,26.47,27.13,26.96,26.05,26.73,26.73,26.31,27.05,26.64,26.40,26.80,26.80,26.96,26.73,26.31,26.56,26.56,25.98,27.05,26.89,26.89,26.64,26.23,26.56,26.73,26.89,26.40,26.64,27.29,26.64,26.73,26.64,26.23,26.64,27.05,26.40,26.64,26.64,26.47,26.80,26.73,26.23,26.89,26.56,26.80,26.64,26.96,26.23,26.40,26.31,27.13,26.56,26.80,26.73,26.89,26.47,26.56,26.73,26.31,27.05,26.80,26.31,26.64,26.40,26.47,26.47,26.47,26.96,26.40,26.89,26.64,27.05,26.47,26.56,26.23,26.56,26.05,26.56,26.40,26.64,26.80,26.56,26.64,26.80,27.22,26.80,26.56,26.47,26.31,26.64,26.80,26.31,27.13,26.47,26.64,26.40,26.31,26.56,26.56,26.56,26.89,26.89,26.64,26.80,26.80,26.56,26.96,26.56,27.05,26.56,26.40,26.31,26.56,26.64,26.56,26.96,26.56,26.80,26.80,26.31,26.96,26.40,26.89,26.89,26.80,26.80,26.73,26.56,26.73,26.47,26.64,26.73,26.73,26.64,26.73,26.96,27.29,26.89,26.31,26.56,26.96,26.96,26.89,26.31,26.80,26.80,26.05,26.56,26.64,26.31,26.64,26.64,26.56,26.89,26.47,26.23,26.40,26.89,26.64,26.96,26.89,26.64,26.89,26.05,26.73,26.89,26.80,26.64,27.13,26.89,27.13,26.64,27.13,27.05,26.89,27.13,26.73,26.89,26.89,27.13,26.73,26.64,26.64,26.89,27.05,26.64,26.64,27.05,26.80,27.36,26.73,26.73,26.80,26.64,27.05,26.96,26.64,26.96,26.64,26.96,27.05,26.64,26.80,26.73,26.96,26.73,26.96,26.40,26.56,26.31,26.80,26.80,26.73,26.96,26.80,26.73,26.47,26.80,26.31,26.64,26.40,26.40,26.56,26.56,26.80,26.31,26.80,26.56,26.31,26.56,26.80,27.22,26.73,26.96,26.73,26.64,26.80,26.31,26.96,27.05,26.14,26.56,26.47,26.56,26.80,26.56,26.80,26.89,26.31,26.96,26.73,26.73,26.80,26.56,26.80,26.80,26.80,26.47,26.89,26.73,26.05,26.56,26.64,26.80,26.80,26.56,26.31,26.64,26.80,26.96,26.64,26.40,26.56,26.56,26.47,26.47,26.31,26.96,26.96,26.80,26.73,26.89,26.31,26.14,26.80,26.47,26.47,26.31,26.64,27.22,26.31,26.73,26.23,26.89,27.05,26.47,26.47,26.73,26.73,26.47,26.47,26.14,26.56,26.56,26.56,26.40,26.56,26.73,26.47,26.56,26.89,26.96,26.89,26.56,26.31,26.14,26.23,26.64,26.40,26.40,25.98,26.47,26.31,26.31,26.47,26.47,26.56,26.73,26.56,26.89,26.40,26.73,26.73,26.73,26.64,26.23,26.73,27.05,26.73,26.80,26.47,26.80,26.89,26.64,26.40,26.96,26.64,26.47,26.89,26.80,26.47,26.73,26.89,26.64,26.56,26.73,26.23,27.13,26.56,26.96,26.47,26.96,26.47,26.89,26.64,26.47,26.47,26.47,26.73,26.47
25.88,26.64,26.96,26.47,27.05,26.14,26.14,26.31,26.05,26.89,26.73,26.64,26.47,26.47,26.64,26.73,26.73,26.47,27.13,26.73,26.47,26.31,26.31,26.56,26.14,26.47,26.89,26.47,26.73,26.96,26.56,26.64,26.73,25.98,26.56,26.56,27.13,26.56,26.64,25.88,26.64,26.47,26.40,26.89,26.64,26.80,26.64,26.40,26.64,26.23,26.40,26.89,26.80,26.73,26.40,26.64,26.56,26.73,26.80,26.23,26.64,26.31,26.80,26.23,26.31,26.40,26.47,26.14,26.14,26.89,26.64,26.89,26.47,26.47,26.40,26.23,26.64,26.40,26.23,27.45,26.64,26.47,26.80,26.40,26.23,26.47,26.73,26.23,26.96,26.80,26.64,26.31,26.31,26.47,26.56,26.05,26.05,26.31,26.56,26.56,26.80,27.29,26.47,26.56,26.89,26.96,26.05,26.64,26.80,26.47,26.47,26.64,26.96,26.56,27.05,26.96,26.73,26.47,26.80,26.47,26.73,26.96,26.47,26.96,26.80,26.47,26.40,26.56,26.96,27.29,26.80,27.05,26.40,26.73,26.80,26.73,26.23,26.31,26.56,26.73,26.73,26.96,26.56,26.73,26.47,26.96,26.73,26.80,26.47,26.96,26.23,27.22,26.73,26.47,27.29,26.31,26.47,26.64,26.80,26.47,26.31,26.73,26.73,27.13,26.96,26.31,26.47,26.80,26.47,27.05,26.47,26.56,26.89,26.56,26.56,26.80,26.96,26.80,26.96,26.31,26.73,26.56,26.80,27.05,27.05,26.64,27.13,26.73,26.96,27.05,26.80,26.96,26.31,26.73,26.96,26.73,26.56,27.22,26.64,26.80,27.13,26.47,26.73,26.47,26.89,26.96,26.73,26.73,26.96,26.96,26.56,27.05,26.56,26.80,26.47,26.40,26.56,26.96,26.56,26.89,26.56,26.47,25.88,25.88,26.73,26.23,26.31,26.31,27.05,26.80,26.14,26.47,26.56,26.73,26.47,26.47,26.73,26.56,26.56,26.47,26.56,26.47,26.56,26.80,26.64,26.80,26.47,27.05,26.73,26.47,26.73,26.31,26.47,26.73,26.56,27.22,27.05,25.81,26.73,26.47,26.73,26.89,27.13,26.56,26.73,27.05,26.40,26.64,26.96,27.36,26.80,26.73,26.56,26.73,26.80,26.56,26.31,26.56,26.23,26.47,27.05,26.73,26.05,26.40,26.40,26.56,26.80,26.56,26.56,27.13,26.80,27.29,27.13,26.64,26.47,26.96,27.13,26.47,26.47,26.47,26.96,26.64,26.64,26.56,26.56,26.47,26.64,26.23,26.64,27.13,26.23,26.64,26.23,26.56,26.56,26.73,26.31,26.23,26.47,26.80,26.56,26.31,26.64,26.23,26.73,26.73,26.73,26.23,26.73,26.73,26.73,26.89,26.23,26.23,26.89,26.73,26.73,26.40,26.73,26.64,26.73,26.80,26.56,26.56,26.96,26.40,26.96,26.56,26.96,26.56,26.80,26.64,26.56,26.96,26.80,26.89,26.80,26.89,27.13,26.64,26.89,27.36,26.80,26.96,26.80,26.80,26.23,26.80,26.89,26.80,27.22,25.98,26.73,26.40,26.80,26.64,26.31,26.56,26.23,26.47,26.56,26.64
26.56,26.56,26.56,26.73,26.80,26.23,26.31,26.96,25.88,26.40,26.40,26.80,25.88,26.80,26.89,26.64,26.47,26.89,26.47,26.89,26.80,26.47,26.64,26.47,26.40,26.47,26.96,26.14,27.13,26.40,26.56,26.73,26.96,26.96,26.47,26.47,26.05,26.73,26.40,27.05,26.56,26.56,26.64,26.80,26.96,26.96,26.56,26.31,26.56,26.56,27.13,27.13,26.73,26.14,26.40,26.47,27.05,26.80,25.88,26.80,27.22,26.40,26.56,26.56,26.80,26.80,26.80,26.64,26.56,26.73,26.89,26.64,26.23,27.05,26.64,26.23,25.98,26.89,26.40,26.73,26.40,25.98,26.64,26.40,26.40,26.56,26.73,26.14,26.80,26.64,26.56,26.47,26.80,26.64,26.23,26.73,26.89,26.80,26.89,26.56,26.47,26.56,26.56,26.56,26.56,26.73,26.56,26.80,26.64,26.89,26.56,26.73,26.40,26.64,26.96,26.31,26.23,26.23,26.56,26.31,26.47,26.31,26.73,26.23,25.98,26.73,26.56,26.47,26.47,26.40,26.56,26.64,26.23,26.64,26.64,26.64,26.73,26.56,26.73,26.40,26.47,26.80,27.13,26.56,26.47,26.47,26.73,26.64,26.56,26.73,26.96,26.47,26.47,26.31,26.96,26.73,26.96,26.31,26.96,26.80,26.89,26.56,26.73,26.56,26.47,26.56,26.73,26.47,26.73,26.96,26.56,26.47,26.47,26.96,26.96,26.40,26.64,26.56,26.56,26.96,26.23,26.47,26.80,26.80,26.23,26.47,26.73,27.22,26.47,26.40,26.64,26.89,26.40,26.73,26.73,26.73,26.40,26.64,27.05,26.80,26.47,26.73,26.64,27.22,26.56,27.22,26.80,26.56,26.47,26.31,26.31,26.89,26.73,26.14,26.31,27.05,26.56,26.73,26.96,26.73,26.47,26.56,27.29,26.40,26.64,26.56,26.47,26.40,26.05,26.23,26.73,26.47,26.96,26.89,26.14,26.40,26.56,26.56,26.73,26.73,27.13,26.64,26.47,26.47,26.56,26.05,26.89,27.13,26.64,26.47,26.73,27.13,26.73,26.23,26.47,26.96,26.73,27.13,27.13,26.64,26.80,26.73,26.80,26.40,26.73,26.31,26.56,26.47,26.96,26.47,26.64,26.64,26.96,26.64,26.73,26.47,26.80,26.96,26.73,26.64,26.56,27.22,27.13,27.13,26.96,26.89,26.23,26.64,27.05,27.13,26.89,26.80,26.80,26.80,26.64,26.47,27.13,26.73,26.64,26.56,26.31,26.47,26.56,26.40,26.40,26.47,25.88,26.47,26.64,26.89,26.40,26.56,26.14,26.40,26.80,26.47,26.47,26.40,26.14,26.89,26.64,25.98,27.05,26.31,26.23,26.23,26.64,27.05,26.80,26.47,27.13,26.64,26.96,25.88,25.98,26.64,26.64,26.31,26.73,26.73,26.64,26.80,26.80,26.64,26.73,26.80,26.96,26.80,27.22,26.64,26.64,27.05,26.89,26.40,26.56,26.64,26.23,27.22,26.56,26.40,26.80,26.80,26.80,27.22,26.89,26.89,26.80,26.89,26.23,27.22,26.40,26.89,26.64,26.47,26.73,26.56,26.40,26.56,26.31,26.14,27.22,26.56
26.40,25.98,26.14,26.80,26.73,26.80,26.80,26.56,26.40,26.14,26.73,26.23,26.14,26.89,26.40,26.47,26.40,26.40,26.80,26.64,26.05,26.47,26.80,26.64,26.64,27.05,25.88,26.47,26.89,26.05,27.22,26.89,26.64,26.47,26.64,27.05,26.73,27.13,26.73,26.05,26.56,26.23,26.73,27.13,26.73,26.56,26.73,26.31,26.73,27.05,26.96,26.31,26.47,26.56,26.31,26.64,26.05,26.40,26.14,26.56,26.56,26.80,26.05,26.80,26.40,26.73,26.73,26.80,26.56,26.64,26.96,26.56,26.56,26.73,25.72,26.31,26.73,26.64,26.56,26.73,27.29,26.23,26.47,26.80,26.64,26.56,26.89,25.98,26.73,26.64,26.73,26.64,26.89,26.56,26.89,26.64,26.64,26.64,26.80,26.96,26.73,25.98,27.05,26.80,26.73,26.64,26.14,27.05,26.73,26.89,26.40,26.89,26.73,26.73,26.89,26.47,26.64,26.40,26.80,26.47,26.23,26.64,26.47,26.47,26.40,27.13,26.47,26.14,27.13,27.29,26.64,27.05,26.47,26.05,26.64,26.80,26.14,26.96,26.89,27.13,26.56,26.80,26.96,26.73,26.64,26.56,26.40,26.96,26.96,26.40,27.05,27.13,26.64,26.64,26.47,26.64,26.89,26.89,26.64,26.80,26.80,27.22,26.64,26.89,26.89,26.64,26.64,26.56,27.13,26.73,26.64,26.47,26.73,27.13,26.73,27.36,26.56,26.64,26.96,26.73,26.80,26.80,26.64,26.96,27.13,26.96,26.73,27.05,26.56,26.23,26.56,27.29,26.56,26.73,27.22,26.96,26.73,26.56,26.47,26.40,26.73,26.31,26.40,26.64,26.89,27.13,26.31,26.64,26.80,27.13,27.13,26.47,27.22,27.05,26.89,26.96,26.56,26.64,26.89,26.89,26.96,26.64,26.73,26.89,26.73,27.05,26.47,26.64,26.73,26.64,27.05,26.40,26.64,26.23,26.40,26.14,26.96,26.64,26.80,26.64,26.40,26.47,26.64,26.47,26.40,27.13,26.96,26.23,27.13,25.98,26.64,26.40,27.13,26.96,26.80,27.13,27.05,26.89,26.40,26.47,27.13,26.56,26.89,26.47,26.80,27.05,26.73,26.56,26.31,26.40,26.64,26.64,26.47,26.64,26.56,26.80,26.64,26.73,26.23,26.47,26.40,26.23,27.05,27.05,26.05,26.73,26.31,26.14,26.89,26.40,26.89,26.56,26.40,26.23,26.80,26.56,26.89,26.64,26.96,26.40,26.40,26.31,26.64,27.29,26.56,26.31,26.73,26.96,25.98,26.64,27.36,26.73,26.40,26.23,26.64,26.80,26.64,26.73,27.05,26.14,26.47,26.89,26.73,26.80,27.05,26.80,26.56,26.23,26.89,25.98,26.56,26.80,26.73,26.31,26.80,26.56,26.56,26.56,26.96,26.64,26.14,26.14,26.47,26.40,26.47,26.40,26.56,26.64,26.56,26.47,26.56,26.96,26.89,26.40,26.64,26.96,27.05,26.14,26.64,26.96,26.40,26.96,26.96,26.56,26.73,26.80,26.47,26.80,26.56,26.80,26.96,26.64,26.96,26.14,26.80,26.80,26.73,26.56,26.64,26.64,26.80,26.05
26.14,26.56,26.56,26.05,26.89,26.31,27.05,26.31,26.47,25.98,26.56,26.31,26.47,26.56,26.56,26.23,26.96,26.73,26.56,27.29,26.96,26.23,26.56,26.47,26.80,26.47,26.40,26.56,26.40,26.89,26.64,26.80,27.05,26.96,26.64,26.73,26.56,26.89,26.31,26.89,26.73,26.80,26.64,26.23,26.80,26.47,26.05,26.73,26.47,26.89,26.47,26.47,26.40,26.14,26.23,26.56,26.80,26.89,27.13,26.40,26.96,26.47,26.31,26.73,26.47,26.89,26.80,26.23,26.31,26.73,26.14,26.47,26.47,26.73,26.14,26.64,26.64,27.22,26.73,26.80,26.96,26.73,26.47,26.73,26.64,26.56,25.98,26.56,26.73,26.47,26.14,26.56,26.56,26.80,26.47,26.23,26.31,26.47,26.73,26.73,26.14,26.96,26.73,26.14,26.47,26.73,26.96,26.14,26.40,26.56,25.81,26.31,26.40,26.64,26.23,26.89,27.22,26.56,26.23,26.56,27.05,26.80,26.80,26.64,26.56,26.40,26.05,26.73,26.40,26.23,26.73,26.89,26.89,26.47,26.56,26.64,27.22,26.56,26.96,26.56,26.56,26.31,27.05,26.64,26.64,26.56,26.64,26.64,26.96,26.40,26.40,26.80,26.73,26.31,26.89,26.80,26.47,26.89,26.89,26.64,26.73,26.89,26.47,26.89,26.23,26.64,26.64,26.80,26.89,27.13,26.56,26.47,27.05,27.05,26.80,26.89,27.05,26.73,26.96,26.73,26.31,26.73,26.14,26.56,26.47,26.47,26.64,26.64,26.47,26.40,26.80,26.80,26.64,26.64,27.05,26.89,27.05,27.13,26.73,27.05,26.80,26.31,27.22,26.89,26.89,26.47,26.89,26.89,25.98,26.64,26.64,26.80,26.64,27.13,27.13,26.96,26.96,26.40,26.96,26.47,26.64,26.56,26.89,26.80,26.64,26.31,26.56,26.73,26.73,27.13,26.89,26.05,26.96,26.64,26.64,26.47,26.80,26.47,26.80,26.89,26.40,26.23,26.80,26.40,27.13,26.56,26.80,26.47,26.73,26.40,26.56,26.56,26.47,26.40,26.89,26.64,26.47,26.80,27.05,26.73,26.56,26.23,26.56,26.40,27.05,26.56,26.56,26.96,26.47,26.80,26.47,26.80,27.05,26.64,26.89,26.47,27.13,26.14,26.73,26.56,26.64,26.96,26.40,26.14,26.40,26.47,27.05,26.23,26.80,26.64,27.13,26.64,26.64,26.73,26.80,26.73,26.89,26.73,26.80,26.31,26.56,26.80,26.64,26.89,26.73,26.73,26.80,26.56,25.88,26.73,26.14,26.80,26.80,26.56,26.73,26.80,27.13,26.56,26.40,26.64,26.56,25.98,26.89,26.31,26.73,26.64,26.47,26.96,26.96,26.31,26.40,26.80,26.96,26.73,26.56,26.80,26.73,26.64,26.64,26.80,26.47,26.80,26.23,26.56,26.64,26.56,26.80,26.73,26.73,26.56,26.23,26.64,26.73,26.73,26.73,26.64,26.64,26.56,26.73,26.64,26.14,26.64,26.73,26.47,26.31,26.80,26.73,26.31,26.89,27.05,26.47,25.98,26.31,26.56,26.31,26.56,26.56,26.31,26.80,26.47,26.47,26.47
26.47,25.98,26.31,26.31,26.73,26.47,27.22,26.89,26.80,26.80,26.80,26.14,26.73,26.14,26.40,26.56,27.22,26.47,26.73,26.56,25.98,26.31,26.47,26.64,26.40,26.80,26.80,26.80,26.56,26.14,26.73,27.13,26.80,26.89,26.40,26.40,26.40,26.80,26.89,27.13,26.89,26.56,26.47,26.40,26.23,26.23,26.40,26.96,26.47,26.56,26.80,26.89,26.64,26.47,26.23,26.31,26.64,26.73,26.73,26.80,26.47,26.64,26.23,26.47,26.05,26.64,26.47,26.47,26.73,27.05,26.40,26.47,26.89,26.64,26.80,26.89,26.47,26.47,26.89,26.64,26.73,26.96,26.31,26.47,26.40,26.64,26.73,26.40,26.73,26.05,27.05,26.56,26.73,26.89,26.64,26.89,26.89,26.64,26.47,26.56,26.31,26.47,26.80,26.23,27.22,26.64,26.96,27.36,26.56,26.56,26.73,26.73,26.89,26.40,26.73,26.89,27.22,26.73,26.73,26.73,26.73,26.56,27.13,27.13,26.80,26.56,27.22,27.13,26.73,26.73,26.73,26.56,26.56,26.56,26.80,27.13,26.40,26.56,27.22,26.73,26.40,26.73,26.96,26.73,26.80,26.96,26.89,27.45,26.40,26.31,26.80,26.40,26.40,26.56,26.40,26.80,26.31,26.80,26.73,27.05,26.64,27.22,26.56,26.23,26.80,26.73,26.56,26.47,26.73,26.96,26.64,26.96,27.45,26.64,26.64,26.96,26.96,27.05,26.14,26.56,26.40,26.14,26.40,26.23,27.22,26.40,27.22,26.56,27.29,26.40,26.96,26.47,26.47,26.96,26.89,26.96,26.80,26.73,26.64,26.73,26.96,26.64,26.73,26.89,25.98,27.13,26.56,26.64,26.80,26.80,26.80,26.96,27.05,26.56,26.56,26.73,27.13,26.73,26.96,26.56,26.47,26.40,26.64,26.56,26.05,26.56,26.40,26.73,26.89,27.05,27.22,27.22,26.73,26.56,26.40,26.73,26.80,26.73,26.31,26.40,26.56,26.89,26.80,26.56,26.56,26.80,26.80,26.80,27.22,26.31,26.31,26.56,26.31,26.96,26.73,26.40,26.31,26.80,26.47,26.56,26.96,26.47,27.22,26.40,26.31,26.73,26.73,26.56,26.56,26.47,26.80,26.40,26.47,27.05,26.47,26.40,26.47,26.23,26.80,26.05,26.96,26.14,26.31,27.05,26.89,26.31,27.05,26.56,26.89,26.73,26.96,26.89,26.40,26.89,26.56,26.05,26.31,26.80,26.31,26.80,26.73,26.73,26.89,26.64,26.64,26.89,26.64,26.56,27.05,26.64,26.73,26.56,26.73,27.05,26.89,26.73,26.40,26.73,26.31,26.89,26.56,26.73,26.14,26.31,26.73,26.47,26.31,27.45,27.13,26.14,26.31,26.73,26.56,26.80,26.56,26.64,26.89,26.23,26.96,26.89,26.47,26.56,26.47,27.05,26.14,26.14,27.05,26.47,26.47,26.96,26.89,26.56,26.47,26.73,26.73,26.05,26.23,26.80,26.31,26.80,26.73,26.73,26.80,26.80,26.64,26.64,26.47,26.64,26.47,26.31,26.40,26.64,26.64,26.73,26.31,26.31,26.73,26.23,26.23,27.13,26.31,27.22
