24.11,24.39,24.11,24.20,24.39,24.01,24.01,24.29,23.73,23.92,23.64,24.76,24.11,24.20,24.20,23.73,24.11,23.83,23.92,24.11,23.83,24.01,24.20,24.20,24.11,24.11,23.92,23.73,23.73,24.20,23.55,24.20,24.29,24.01,24.01,23.55,23.92,24.01,24.20,24.01,24.11,23.73,23.73,24.11,24.20,24.39,24.29,24.20,24.48,23.92,24.11,24.11,24.11,24.20,24.20,24.01,24.11,24.20,24.20,24.57,23.83,23.92,24.11,24.01,24.29,24.20,24.29,24.01,23.83,24.20,24.11,24.11,23.92,24.20,24.39,24.11,24.20,23.92,24.11,24.29,24.11,24.20,24.01,24.48,24.48,24.01,24.39,24.01,23.64,24.20,24.57,23.92,24.29,24.48,23.92,24.48,24.20,24.20,23.92,23.92,24.29,24.01,24.29,24.29,24.29,23.92,24.20,23.92,24.39,24.57,24.29,24.67,24.20,24.67,24.20,24.11,24.29,24.85,24.67,24.48,24.39,24.39,23.83,24.29,24.76,24.11,24.57,24.57,24.67,24.01,24.29,24.67,24.11,24.48,24.67,24.39,24.29,24.48,24.93,24.01,24.20,24.57,24.48,24.01,24.39,24.48,24.67,24.39,24.29,24.67,24.20,24.57,24.76,24.39,24.67,24.57,24.48,24.39,24.76,24.76,24.76,24.57,24.85,24.85,24.39,24.20,24.39,24.57,24.29,24.93,24.76,24.67,24.39,24.57,24.48,24.67,24.67,24.76,24.57,24.67,24.29,24.57,24.57,24.67,24.39,24.29,24.39,25.11,24.48,24.76,24.67,24.67,24.57,24.48,24.48,24.57,24.57,24.57,24.67,24.48,24.48,24.20,24.29,24.48,24.57,24.57,24.67,24.20,24.29,24.01,24.67,24.67,24.48,23.92,24.39,24.20,24.48,24.20,24.67,24.11,24.20,24.76,24.57,24.48,24.11,24.11,24.39,24.20,24.11,24.48,24.29,24.39,24.48,24.11,24.11,24.20,23.92,24.57,24.57,24.67,24.20,24.76,24.57,24.39,24.20,24.67,24.20,24.29,24.11,24.01,24.29,24.39,24.20,24.20,24.29,24.67,24.20,24.57,24.29,24.20,23.83,24.20,24.76,24.29,24.39,24.29,24.48,24.29,24.20,24.29,24.20,24.39,24.57,24.20,24.39,24.29,24.48,24.29,24.20,24.01,24.01,24.57,24.01,24.29,24.57,24.48,24.39,24.11,24.01,24.20,24.11,24.01,24.39,24.20,24.48,24.11,24.48,24.48,24.01,24.39,24.39,24.01,24.29,24.39,24.01,24.48,24.11,24.20,24.11,24.11,24.20,24.01,24.57,24.01,24.11,24.29,24.39,24.48,24.01,24.29,24.29,24.39,24.48,23.83,24.11,24.11,24.11,24.20,24.20,23.92,24.20,24.29,24.39,24.39,24.11,24.01,24.01,24.29,24.11,23.92,24.20,24.01,24.29,23.73,23.92,24.20,24.39,24.20,24.57,24.29,24.01,23.83,24.01,24.11,24.11,24.01,24.01,24.39,24.11,24.29,24.20,24.20,24.20,24.01,23.83,24.11,24.39,24.11,24.29,24.20,24.20,24.01,24.20,23.73,23.55,24.11,23.64,24.01,24.29,23.64,24.11,24.01
23.64,24.11,23.92,24.20,24.11,23.83,23.83,23.92,23.83,23.92,24.01,24.01,24.01,23.92,24.39,24.01,23.92,23.92,24.48,24.67,23.92,24.11,23.92,24.01,24.11,23.92,24.11,23.92,24.29,24.11,24.39,23.92,23.73,24.39,24.39,24.11,24.01,23.83,23.73,24.11,23.92,24.29,24.01,24.01,24.11,24.39,23.64,24.01,24.01,24.01,24.11,23.92,23.83,24.29,24.48,24.39,24.29,24.20,23.92,23.55,24.01,24.48,24.29,23.92,24.29,23.92,24.39,24.11,23.64,24.01,24.20,24.20,24.29,23.64,24.11,24.29,24.29,23.92,24.11,24.29,24.39,24.29,24.29,24.39,24.29,24.01,24.01,24.20,24.29,23.92,24.85,24.11,24.29,24.29,24.01,23.92,24.39,24.39,24.39,24.39,24.39,24.48,24.29,24.39,24.57,24.29,24.11,24.39,24.29,24.29,24.01,24.39,24.20,24.11,24.76,24.48,24.01,24.11,24.29,24.11,24.57,24.20,24.29,24.01,24.93,24.57,24.39,24.39,24.29,24.57,24.39,24.48,24.29,24.39,24.01,24.48,24.11,24.67,24.57,24.39,24.48,24.29,24.57,24.01,24.76,23.92,24.57,24.11,24.67,24.85,24.85,24.20,24.76,24.20,24.57,24.39,24.20,24.39,24.67,24.57,24.57,24.57,24.39,24.39,24.67,24.39,24.57,24.67,24.57,24.57,24.85,24.57,24.29,24.57,24.85,24.39,24.67,24.93,24.85,25.11,24.67,24.48,24.93,24.67,24.48,24.67,24.85,24.85,25.02,24.57,24.76,24.93,24.67,24.29,24.57,25.02,24.67,25.02,24.29,24.93,24.29,24.76,24.67,24.29,24.57,24.67,24.39,24.76,24.39,24.48,24.48,24.48,24.29,24.11,24.39,25.02,24.39,24.48,24.39,24.39,24.29,24.39,24.39,24.29,24.57,24.39,24.57,24.48,24.39,24.48,24.39,24.20,23.92,24.39,24.48,24.67,24.57,24.39,24.39,24.39,24.57,24.11,24.57,24.29,24.29,24.57,24.39,24.57,24.39,24.29,24.20,24.11,24.48,24.48,24.20,24.48,24.57,24.57,24.29,24.39,24.01,23.83,24.29,24.29,24.20,24.67,24.01,24.29,24.67,24.29,24.67,24.11,24.20,24.29,24.20,24.29,24.39,24.20,24.29,24.20,24.20,23.83,24.48,24.39,24.11,24.85,24.57,24.39,24.29,24.01,24.11,24.11,24.76,23.92,24.39,24.48,23.92,24.11,24.20,24.29,24.20,24.67,24.39,24.85,24.20,24.01,24.11,24.01,24.39,24.01,24.39,24.29,24.01,24.39,24.29,24.48,24.29,24.01,23.92,24.01,24.29,24.01,23.73,24.29,24.01,24.39,23.92,24.20,24.57,24.11,24.29,23.92,24.20,23.83,24.11,24.29,24.39,24.39,24.39,24.11,24.11,24.67,24.20,23.83,24.11,24.48,24.20,24.01,24.11,24.11,24.48,24.29,23.92,24.11,24.48,24.29,23.83,24.01,24.01,23.92,24.57,24.20,24.39,24.11,24.11,24.11,24.01,24.29,24.01,24.11,24.39,23.92,23.92,23.64,24.11,23.92,24.01,24.20,24.11,24.20,24.11,24.29
24.01,24.29,24.20,23.73,23.92,24.01,23.73,23.92,23.73,24.20,24.29,24.29,23.92,23.83,23.64,23.92,24.20,23.92,23.73,24.39,23.73,23.92,23.83,24.11,24.01,23.64,24.11,24.20,23.55,23.73,24.01,23.83,24.20,23.83,23.92,23.73,24.29,24.48,24.29,24.39,23.92,23.73,23.73,23.92,24.20,24.20,23.64,23.83,23.55,23.73,24.01,24.01,24.01,24.29,24.11,23.55,24.29,23.83,24.29,24.29,23.92,24.29,23.92,24.20,23.55,24.29,24.29,24.48,24.11,23.83,24.11,23.92,24.20,24.29,24.01,24.48,24.20,23.73,24.48,24.01,24.20,24.39,24.29,23.83,23.83,23.83,24.20,24.20,24.48,24.01,24.29,24.29,24.39,24.57,24.48,24.39,24.01,24.39,24.20,24.20,24.39,24.20,24.29,24.11,24.67,24.48,24.29,24.48,24.20,24.29,24.39,24.20,24.67,24.48,24.67,24.11,24.67,24.20,24.48,24.57,24.20,24.76,24.85,24.29,24.48,24.57,24.57,24.39,24.57,24.76,24.11,24.29,24.39,24.29,24.39,23.92,23.83,24.67,24.57,24.57,24.48,24.48,24.29,24.39,24.39,24.67,24.39,24.48,24.01,24.67,24.29,24.20,24.48,24.85,24.48,24.39,24.67,24.39,24.57,24.29,24.48,24.67,24.57,24.67,24.85,24.57,24.48,24.39,24.76,24.85,24.67,24.39,24.48,24.76,24.57,24.48,24.85,24.39,25.11,25.02,24.76,24.93,24.67,24.67,24.67,24.29,24.85,24.57,24.57,24.67,24.76,24.93,24.39,24.93,24.76,24.85,24.76,24.93,24.85,24.57,24.20,24.76,24.93,24.57,25.02,24.76,24.29,24.48,24.39,24.39,24.67,24.76,24.20,24.48,24.76,24.11,24.67,24.48,24.39,24.01,24.29,24.11,24.29,24.57,24.57,24.01,24.39,24.11,24.29,24.11,24.20,24.39,23.92,24.29,24.48,24.67,24.20,24.29,24.48,24.57,24.29,24.39,24.29,24.29,24.29,24.20,24.39,24.48,24.01,24.11,24.20,24.48,24.39,24.67,23.83,24.11,24.20,24.39,24.29,24.11,24.39,24.57,24.20,24.20,24.39,24.29,24.57,24.01,23.92,24.29,23.83,24.11,24.48,24.11,24.39,24.39,24.29,24.01,24.48,24.11,24.48,24.20,24.29,24.11,24.29,24.01,24.29,24.48,24.39,24.20,24.01,24.01,24.01,24.29,23.92,24.01,24.29,24.76,24.11,24.01,23.83,24.11,24.20,24.57,24.48,23.92,24.20,23.92,24.48,24.01,24.29,24.20,23.73,24.01,23.83,24.29,23.92,23.92,24.01,24.48,24.29,24.29,23.92,24.01,23.92,24.48,24.11,24.29,24.11,23.83,24.29,23.92,23.64,24.11,24.11,23.92,23.83,24.20,24.20,24.29,23.92,24.11,24.11,24.20,24.01,23.92,24.29,24.11,24.48,23.92,24.20,24.20,24.29,24.01,24.48,24.48,24.01,23.92,24.29,24.67,24.01,23.83,23.92,24.11,24.01,23.92,23.83,23.64,24.01,24.48,24.01,23.92,24.01,24.20,24.11,23.92,24.01,23.73,23.64,23.73,24.01,23.73
23.92,24.29,23.92,23.64,24.48,23.83,24.11,24.48,24.11,24.20,24.29,23.92,24.01,23.83,23.92,24.11,23.83,23.92,24.20,24.11,23.92,24.29,24.39,24.11,24.11,23.92,24.48,24.11,24.29,23.73,23.92,24.01,24.29,23.83,24.01,24.20,24.29,23.83,23.83,24.11,24.20,23.83,24.01,24.20,24.39,24.01,24.29,23.83,23.73,24.11,23.92,24.11,24.39,23.83,23.73,24.39,24.48,24.20,23.83,24.29,24.29,23.73,23.83,23.64,24.20,24.39,24.20,24.48,24.20,24.01,24.11,24.11,24.29,23.92,24.20,24.29,24.20,24.01,23.92,24.11,24.39,24.76,24.39,24.11,24.20,24.39,24.20,24.01,24.48,24.48,24.11,24.57,24.39,24.29,24.20,24.48,24.01,24.11,24.29,24.67,23.92,24.01,24.57,23.92,24.67,24.01,24.29,24.57,23.92,24.29,24.39,24.39,24.76,24.11,24.48,24.29,24.67,24.39,24.39,24.20,24.67,24.20,23.92,24.29,24.48,24.76,24.48,24.57,24.57,24.57,24.57,24.48,24.57,24.20,24.57,24.48,24.29,24.01,24.67,24.67,24.01,24.67,24.39,24.39,24.29,24.39,24.57,24.67,24.29,24.01,24.67,24.57,24.29,24.48,24.57,24.48,24.67,24.48,24.20,24.39,24.76,24.93,24.57,24.85,24.11,24.39,24.67,24.76,24.85,24.20,24.76,24.85,24.57,24.67,24.67,24.67,24.57,24.57,24.48,24.48,24.67,25.02,24.67,24.93,24.85,24.85,24.85,24.39,24.93,24.85,24.85,24.76,25.02,25.11,24.57,25.02,24.48,24.29,24.76,24.67,24.76,24.85,24.20,24.76,24.48,24.48,24.48,24.48,25.02,24.76,24.48,24.76,24.48,24.39,24.57,24.29,24.48,24.57,24.57,24.29,24.29,24.48,24.39,24.57,24.93,24.29,24.93,24.29,24.01,24.39,24.67,24.48,24.57,23.92,24.48,24.20,24.11,24.29,24.20,24.39,24.20,24.29,24.11,24.39,24.48,24.57,24.29,24.20,24.39,24.01,24.11,24.57,24.39,24.48,24.29,24.29,24.76,24.48,24.48,24.29,24.29,24.20,24.67,24.57,24.39,24.11,24.11,24.39,24.39,24.48,24.39,24.57,24.48,24.20,24.39,24.01,24.57,24.48,24.11,24.20,24.29,24.39,24.39,24.29,24.11,24.57,24.48,24.29,24.11,24.39,23.92,24.48,24.57,24.39,24.76,24.11,23.92,24.57,24.20,24.39,24.01,24.20,23.92,23.73,24.29,23.83,24.29,23.64,24.01,24.01,24.29,24.29,24.11,23.73,24.39,24.20,24.39,24.20,24.29,23.92,24.67,24.20,24.29,23.64,23.73,24.48,24.11,24.39,24.48,24.20,24.67,24.48,24.48,24.29,24.20,24.29,24.01,24.01,24.29,24.01,24.39,24.29,24.20,24.29,24.01,24.29,23.92,24.20,24.20,24.01,24.29,23.83,24.20,24.39,23.83,24.20,24.11,23.92,23.92,24.39,24.01,24.39,23.83,24.29,24.29,24.11,23.83,24.01,24.20,24.39,24.01,24.11,24.01,24.20,24.01,24.20,24.20,24.39,24.11,24.01,23.92,24.48
23.55,23.92,23.92,24.01,24.11,23.92,24.11,23.83,23.92,23.92,24.20,24.01,24.29,24.39,24.01,24.01,24.11,23.92,24.29,24.29,23.92,23.83,24.39,24.11,23.92,23.73,23.92,24.01,24.20,23.83,24.48,24.11,24.29,23.83,24.39,23.92,23.92,23.92,24.29,23.83,24.11,23.83,24.29,24.39,24.20,24.01,24.11,24.11,24.01,24.20,23.92,24.01,24.29,23.92,24.01,23.92,24.29,24.39,24.29,24.11,23.92,24.29,24.11,24.11,24.29,24.11,24.20,23.83,23.83,24.11,24.29,24.11,24.20,24.20,23.83,24.57,24.29,24.01,24.20,24.20,24.29,24.11,24.11,24.11,24.20,24.57,24.48,24.20,24.57,24.39,24.20,24.48,24.39,24.20,24.48,24.48,24.20,24.20,24.39,24.39,24.20,24.20,24.20,24.39,24.29,24.57,24.48,24.39,24.11,24.48,24.29,24.39,24.29,24.67,24.29,24.76,24.29,24.11,24.29,24.39,24.39,24.39,24.67,24.48,24.29,24.48,24.85,24.48,24.29,24.20,24.29,24.29,24.39,24.57,24.39,24.01,24.67,24.76,24.57,24.29,24.67,24.67,24.48,24.11,24.57,24.48,24.01,24.48,24.29,24.76,24.39,24.29,24.48,24.67,24.67,24.29,24.67,24.76,24.57,24.39,24.67,24.57,24.76,24.93,24.76,24.93,24.29,24.57,24.85,24.93,24.76,24.57,24.76,24.39,24.67,25.20,24.48,24.93,25.02,24.93,24.76,24.48,24.39,24.85,24.93,24.57,24.48,24.48,25.11,24.29,24.93,24.93,24.39,24.48,24.39,24.39,24.93,24.67,24.76,24.85,24.48,24.29,24.39,24.57,24.29,24.39,24.76,24.48,24.76,24.39,24.67,24.57,24.29,24.20,24.29,24.39,24.48,24.48,24.20,24.29,24.11,24.76,24.39,25.02,24.48,24.39,24.29,24.39,24.76,24.57,24.39,24.39,24.20,24.48,24.48,24.39,24.57,24.48,24.57,24.20,23.92,24.01,23.73,24.57,24.57,24.39,24.29,24.29,24.29,24.57,24.39,24.29,24.39,24.39,24.48,24.57,24.39,24.29,24.57,24.20,24.76,24.57,24.39,24.39,23.83,24.39,24.57,24.57,24.39,24.39,24.29,24.48,24.29,24.29,23.92,24.39,23.83,23.92,24.11,24.39,24.67,24.01,24.48,23.92,24.57,23.73,24.11,24.29,23.92,24.29,24.29,24.29,24.01,24.01,24.39,24.11,24.39,24.39,24.11,24.39,24.11,24.57,24.01,24.11,24.01,23.73,24.48,23.83,24.20,23.73,24.20,24.39,24.48,24.48,24.39,24.67,24.39,24.39,24.20,24.39,24.11,23.92,24.11,24.48,23.83,24.67,24.39,24.11,24.29,24.29,24.01,24.20,24.48,24.29,24.01,23.73,23.92,24.01,23.73,24.39,24.01,24.11,24.20,24.48,24.39,24.11,24.29,24.11,24.01,24.11,24.39,24.20,24.29,24.01,24.20,24.11,23.92,24.20,23.73,24.29,24.11,24.01,24.01,23.92,24.01,24.20,23.64,24.20,23.83,24.29,24.11,23.83,24.29,24.11,23.92,24.11,24.20,23.55,24.11,23.92,23.92,24.11
23.92,23.45,24.01,23.92,23.83,23.92,23.83,24.29,24.11,24.20,24.20,23.83,24.11,23.73,24.48,24.11,24.29,24.29,24.20,24.39,23.73,24.29,24.01,24.20,23.64,24.29,24.29,23.83,24.29,23.92,24.20,24.39,23.92,23.92,24.29,24.39,23.83,24.48,23.64,24.48,24.20,24.01,24.39,24.29,24.20,24.39,23.73,24.57,24.20,23.55,23.83,23.92,23.92,24.01,24.48,24.29,24.11,24.76,24.20,24.29,24.11,24.01,24.39,24.48,24.11,24.11,24.11,24.39,24.67,24.01,24.11,24.11,24.39,23.73,23.64,24.29,23.92,24.01,24.29,24.29,24.11,24.11,24.29,24.29,24.11,24.20,24.29,24.01,24.48,24.48,24.29,23.92,24.76,24.11,24.48,24.20,24.48,24.11,24.48,24.76,24.48,24.48,24.57,24.39,24.48,24.39,24.11,24.57,24.11,24.39,24.48,24.85,24.11,24.20,24.48,24.39,24.57,24.57,24.57,24.29,24.67,24.67,24.76,24.20,24.57,24.48,24.85,24.48,24.76,24.29,24.39,24.57,24.57,24.20,24.48,24.48,23.92,24.67,24.48,24.29,24.29,24.57,24.48,24.67,24.57,24.20,24.48,24.76,24.67,24.67,24.85,24.67,24.67,24.57,24.57,24.57,24.39,24.76,24.67,24.76,24.39,24.76,24.67,24.93,24.76,24.93,24.48,24.57,25.02,24.57,24.76,25.20,24.57,24.57,24.93,24.48,24.76,24.29,24.93,24.85,25.02,24.57,25.02,24.76,25.28,24.93,24.76,24.93,24.85,24.57,24.76,24.67,24.57,24.85,24.85,24.76,25.11,24.93,24.76,24.48,24.67,24.85,24.85,24.29,24.48,24.85,24.93,24.48,24.39,24.29,24.85,24.39,24.39,24.85,24.48,24.76,24.67,24.67,24.48,24.29,24.48,24.67,24.48,24.29,24.48,24.48,24.29,24.11,24.39,24.67,24.39,24.57,24.93,24.48,24.29,24.48,24.85,24.48,24.20,24.57,24.29,24.57,24.39,24.20,24.29,24.76,24.39,24.48,24.11,24.11,24.39,24.29,24.48,24.48,24.57,24.48,24.57,24.39,24.48,24.48,24.20,24.39,24.57,24.57,24.29,24.39,24.39,24.48,24.01,24.11,24.01,24.39,24.39,24.48,24.11,24.29,24.57,24.39,24.57,24.29,24.01,24.48,24.01,24.67,24.01,23.92,24.39,24.57,24.39,23.92,24.67,24.11,24.01,24.57,24.39,24.20,24.39,24.48,24.29,24.01,23.83,24.48,24.57,24.48,24.48,24.57,23.92,24.11,24.39,24.01,23.92,24.48,23.83,24.20,24.01,24.01,24.39,23.83,23.92,24.39,24.01,24.20,24.29,24.11,24.01,24.11,23.92,24.11,24.39,24.48,23.83,24.01,24.11,24.48,23.92,24.01,24.20,24.39,24.01,24.29,24.29,23.92,23.83,24.29,24.57,24.29,24.11,23.73,24.01,23.73,23.73,24.11,24.01,24.20,24.29,24.01,24.20,23.92,23.73,24.20,23.92,24.01,23.83,24.20,24.20,23.92,23.92,23.83,24.29,24.20,23.83,24.01,24.11,24.20,24.20,23.92,24.20,24.29,24.01,23.92,23.92,24.01
24.01,24.29,24.11,24.39,24.11,24.01,24.20,24.01,24.01,24.29,24.20,23.92,24.20,23.83,24.20,23.83,24.11,24.39,23.92,24.39,24.39,24.39,24.01,24.11,24.67,23.83,23.83,23.92,24.57,24.29,24.01,24.57,24.01,23.92,24.01,24.01,24.39,23.73,24.39,24.01,24.39,24.39,24.20,24.48,24.48,24.39,24.29,24.20,24.11,24.01,24.48,23.73,24.20,24.20,24.01,24.39,24.39,24.11,24.11,24.20,24.01,24.11,24.48,24.39,24.11,24.29,24.20,23.83,24.20,24.39,24.20,24.01,24.20,24.48,24.85,24.48,24.20,24.48,24.76,24.48,24.93,24.39,24.20,24.39,24.39,24.57,24.29,24.67,24.20,24.48,24.11,24.67,24.20,24.39,24.39,24.57,24.93,24.39,24.11,24.85,24.29,24.39,24.67,24.29,24.29,24.20,24.01,24.67,24.48,24.67,23.83,24.29,24.20,24.67,24.01,24.01,24.11,24.29,24.11,24.57,24.39,24.48,24.11,24.29,24.67,24.57,24.39,24.11,24.39,24.57,24.39,24.76,24.39,24.29,24.57,24.39,24.29,24.39,24.39,24.48,24.29,24.39,24.48,24.29,24.57,24.67,24.57,24.48,24.11,24.48,24.01,24.11,24.29,24.67,24.57,24.48,24.57,24.48,24.57,24.57,24.85,24.76,24.48,24.11,24.39,24.76,24.39,24.39,24.57,25.11,24.76,24.67,25.20,24.76,24.39,25.02,24.67,24.67,25.02,24.85,24.67,24.67,24.39,24.93,24.57,25.11,24.93,25.11,24.67,24.85,24.76,24.76,25.28,25.20,24.48,24.93,24.67,24.39,24.48,24.76,25.11,24.76,24.93,24.39,24.76,24.48,24.76,24.57,24.48,25.11,24.76,24.48,24.57,24.93,24.85,24.29,24.93,24.29,24.76,24.29,24.57,24.48,24.57,24.76,24.67,24.57,24.48,24.20,24.39,24.48,24.39,24.20,24.48,24.29,24.57,24.48,24.39,24.57,24.39,24.29,24.29,24.57,24.11,24.01,24.29,24.48,24.48,24.48,24.29,24.48,24.67,24.39,24.11,24.39,24.20,24.48,24.57,24.48,24.11,24.39,24.11,24.57,24.20,24.20,24.39,24.57,24.48,24.39,24.01,24.29,24.39,24.20,24.11,24.01,24.11,23.92,24.29,24.29,24.57,24.29,24.01,24.20,24.29,24.20,24.29,24.29,24.11,24.39,24.11,24.39,24.76,24.57,24.48,24.39,24.01,24.29,24.93,24.29,24.01,24.20,24.01,23.83,24.29,24.11,24.29,24.85,24.29,24.29,24.01,24.57,24.57,24.39,24.11,24.01,24.11,24.20,24.48,24.11,24.01,24.20,24.11,24.48,23.92,24.11,24.29,24.20,23.83,23.83,24.39,24.48,23.92,23.92,24.48,23.83,24.20,24.11,24.20,24.11,24.01,23.83,24.01,24.48,24.11,24.29,24.29,24.48,24.29,24.01,24.01,23.92,24.20,24.11,24.11,23.83,23.55,24.57,24.11,24.01,23.92,24.11,24.11,24.11,23.73,24.29,24.48,24.29,24.11,23.73,23.73,24.29,23.92,24.29,24.48,24.01,24.39,24.11,24.11,24.01,24.20,24.11,24.29,24.11
23.92,24.20,24.20,24.39,24.01,23.73,24.39,24.57,24.01,23.55,24.01,24.01,24.29,24.01,24.11,24.39,24.01,24.01,24.20,24.29,24.11,24.01,23.73,24.29,24.20,23.55,23.83,23.92,24.57,23.73,24.20,23.92,24.20,23.73,23.83,24.11,24.39,24.39,23.55,24.11,24.01,23.92,24.01,24.01,23.92,24.20,23.83,24.11,24.01,24.48,23.64,24.20,24.20,24.29,23.92,23.92,24.20,24.39,24.29,24.57,23.64,23.92,24.29,24.01,24.20,23.92,23.73,24.29,24.29,24.29,24.29,23.73,23.92,24.20,24.39,24.01,23.73,23.83,24.11,24.48,24.39,24.20,24.20,24.29,24.57,24.48,24.01,24.11,24.48,24.20,24.11,24.48,24.11,24.57,24.29,24.29,24.20,24.29,24.20,24.48,24.11,24.11,24.93,24.48,24.20,24.29,24.29,24.48,24.39,24.20,24.29,24.48,24.29,24.48,24.57,24.20,24.11,24.76,24.76,24.29,24.20,24.20,24.11,24.20,24.11,24.20,24.11,24.29,24.29,24.11,24.29,24.29,24.39,24.57,24.57,24.76,24.39,25.02,24.39,24.01,24.57,24.57,24.29,24.11,24.57,24.57,24.48,24.76,24.01,24.48,24.11,24.29,24.29,24.48,24.48,24.57,24.01,24.48,24.39,24.67,24.39,24.48,24.85,24.20,24.48,24.29,24.67,25.02,24.67,24.57,24.48,25.11,24.76,24.48,24.76,24.39,24.57,24.57,24.67,24.93,24.93,24.57,25.20,25.20,24.57,24.67,24.93,24.85,25.02,24.85,25.11,24.48,24.85,24.85,24.93,24.57,24.76,24.76,24.67,24.39,24.20,24.48,24.57,24.48,24.93,24.57,24.39,24.29,24.76,24.48,25.02,24.67,24.39,25.02,24.29,24.85,24.20,24.39,24.39,24.93,24.39,24.01,24.48,24.67,24.48,24.57,24.29,24.67,24.39,24.39,24.39,24.39,24.39,24.48,24.29,24.39,24.57,24.01,24.57,23.73,24.20,24.39,24.39,24.57,24.93,24.39,24.20,24.29,24.29,24.11,24.39,24.20,24.67,24.01,24.48,24.48,24.29,24.39,24.20,24.48,24.29,24.11,24.39,24.11,24.11,24.48,24.39,24.29,23.92,24.39,24.39,24.48,24.39,24.39,24.48,24.57,24.76,24.48,24.39,24.01,24.11,24.48,23.92,24.29,24.11,24.57,24.01,24.57,24.57,24.20,23.92,24.48,24.39,24.01,24.48,24.48,24.29,24.29,24.29,24.67,23.92,24.29,24.01,24.11,24.11,24.01,24.11,24.01,23.92,24.29,23.73,24.01,23.64,24.29,23.73,24.01,23.55,24.20,24.11,24.57,23.73,23.92,24.39,24.01,23.92,24.11,23.64,24.48,24.01,24.01,24.67,23.83,24.48,24.48,24.01,23.83,23.73,24.01,23.92,24.48,24.39,24.29,24.48,24.01,24.76,24.20,24.48,24.11,24.67,24.20,24.20,24.39,24.29,24.20,24.29,24.57,23.92,23.73,24.11,23.92,24.48,24.57,24.48,24.39,24.29,24.29,24.11,23.92,24.57,24.57,24.01,24.20,24.39,24.29,24.48,24.11,24.20,24.76,24.20,23.83,23.73,23.64
23.92,24.11,24.20,23.83,24.20,23.92,24.39,24.48,24.11,23.73,24.11,24.39,24.48,24.29,24.11,24.39,24.01,24.29,23.92,24.48,24.29,24.29,24.48,24.48,24.48,24.20,24.29,24.20,24.20,24.29,23.92,24.20,24.11,24.29,24.01,24.57,24.20,24.29,24.39,24.20,23.92,24.48,24.11,24.39,24.39,24.48,24.29,24.11,24.39,23.92,23.92,24.29,23.83,24.20,24.29,24.11,24.67,24.48,23.92,23.83,24.57,24.29,24.20,24.76,24.39,24.29,24.29,23.92,24.29,24.39,24.29,24.39,24.48,24.39,24.11,24.29,24.11,24.20,24.48,24.67,24.11,24.29,24.29,24.39,24.20,24.48,24.11,24.29,24.39,24.29,24.48,24.67,24.57,23.92,24.29,24.29,24.11,24.48,24.48,24.57,24.57,24.29,24.39,24.48,24.57,24.76,24.67,24.29,24.67,24.29,24.67,24.39,24.48,24.39,24.39,24.76,24.48,24.48,24.48,24.39,24.20,24.57,24.67,24.48,24.57,24.76,24.29,24.29,24.39,24.39,24.67,24.57,24.85,24.57,24.39,24.57,24.48,24.11,24.29,24.11,24.57,24.11,24.39,24.29,24.39,24.01,24.48,24.20,24.48,24.20,24.39,24.76,24.39,24.76,24.48,24.29,24.29,24.48,24.11,24.48,24.01,24.57,24.57,24.57,24.57,24.67,24.67,24.39,24.57,24.93,24.57,24.39,24.57,24.76,24.48,24.85,25.11,25.20,24.93,24.85,24.93,24.85,24.57,24.67,24.85,24.57,24.67,24.76,24.76,25.20,24.67,25.02,24.93,25.02,24.85,24.67,25.11,24.93,25.02,24.76,24.57,24.11,24.67,24.67,24.48,24.93,24.11,24.67,24.57,24.57,24.39,24.93,24.76,24.93,24.93,24.93,24.20,24.39,24.48,24.20,24.01,24.39,24.39,24.48,24.29,24.20,24.11,24.29,24.57,24.57,24.48,24.39,24.29,24.39,24.20,24.85,24.20,24.93,24.29,24.11,24.48,24.48,24.39,24.48,24.39,24.67,24.20,24.48,24.39,24.29,24.67,24.67,24.48,24.48,24.39,24.48,24.67,24.20,24.29,23.92,24.48,24.20,24.20,24.39,24.29,24.01,24.48,24.76,24.29,24.57,24.29,24.57,24.39,24.39,24.20,24.48,24.29,24.57,24.39,24.01,24.48,24.67,24.01,23.83,24.01,24.29,24.01,24.39,24.20,24.57,24.39,24.39,24.29,24.29,24.48,24.39,24.39,24.11,24.01,23.83,24.48,24.39,24.20,24.67,24.11,24.48,24.39,24.29,24.29,24.76,23.83,24.48,23.83,24.01,24.29,24.01,24.20,24.29,24.57,24.39,24.76,23.83,24.20,24.29,24.57,24.01,23.92,24.11,24.48,24.01,24.39,24.39,23.92,24.39,24.11,24.48,24.29,24.01,24.01,24.39,24.01,23.73,23.92,24.20,23.83,24.39,23.83,24.20,23.92,24.29,24.01,24.29,24.39,24.01,24.20,24.48,24.85,23.92,24.29,24.01,24.29,24.01,23.73,23.64,23.64,23.92,24.01,24.29,24.29,24.20,23.92,24.11,23.92,23.92,24.20,23.73,23.83,24.11,24.29,24.01,23.92,24.11
24.01,24.39,23.92,24.11,23.92,24.39,23.92,24.01,23.83,24.01,23.92,24.11,24.48,23.92,24.11,24.20,24.11,23.92,24.01,23.73,23.92,24.01,24.39,24.11,24.11,24.11,24.29,24.39,24.39,24.20,24.01,24.39,24.48,23.83,24.39,24.39,24.20,24.11,24.67,24.29,24.20,24.11,23.92,24.20,24.39,24.29,24.11,24.39,24.20,24.01,24.39,23.92,24.48,24.11,23.92,24.29,24.11,23.92,24.29,24.20,24.39,24.01,24.48,24.29,24.29,24.39,24.39,24.29,24.29,24.76,24.39,24.29,24.01,24.11,24.39,24.20,24.39,24.39,24.01,24.48,23.92,24.39,24.39,24.29,24.01,24.20,24.48,24.29,24.93,24.11,24.39,24.20,24.20,24.20,24.48,24.01,24.20,24.20,24.29,24.76,24.48,24.57,24.67,25.20,24.67,24.39,24.48,24.48,24.57,24.48,24.48,23.92,24.76,24.67,24.57,24.48,24.39,24.20,24.76,24.57,24.48,24.67,24.39,24.93,24.39,24.39,24.39,24.39,24.76,24.76,24.39,24.20,24.39,24.76,24.48,24.01,24.57,24.76,23.92,24.57,24.57,24.67,24.57,24.76,24.29,24.39,24.57,24.76,24.76,24.67,24.48,24.48,24.67,25.11,24.57,24.67,24.67,24.39,24.67,24.93,24.57,24.93,24.67,24.67,24.93,24.93,24.67,24.85,24.67,24.76,24.93,24.57,24.85,24.93,24.39,24.76,24.85,24.67,24.93,25.20,24.85,24.76,24.57,24.93,24.48,24.85,24.48,25.02,24.85,25.11,24.76,24.76,24.67,24.57,24.76,24.39,25.11,25.02,24.57,25.11,24.67,24.57,24.67,24.67,24.85,24.48,24.85,24.67,25.02,25.11,24.67,24.57,24.93,24.85,24.57,24.57,24.93,24.20,24.48,24.39,24.39,24.67,24.76,24.20,24.57,24.76,24.57,24.48,24.20,24.11,24.57,24.39,24.39,24.11,24.48,24.01,24.29,24.48,24.67,24.48,23.73,24.11,24.39,24.20,24.20,24.76,24.20,24.39,24.48,24.57,24.39,24.48,24.67,24.85,24.57,24.11,24.20,24.48,24.11,24.29,24.11,24.39,24.57,24.76,24.48,24.11,24.20,24.48,23.73,24.67,24.48,24.67,24.39,24.48,24.67,24.76,24.76,24.20,24.57,24.01,24.39,24.57,24.48,24.39,24.39,24.39,24.39,24.39,24.57,24.57,24.39,24.48,24.01,24.01,24.20,24.48,24.39,24.57,24.11,24.29,24.67,23.92,24.39,24.29,23.92,24.57,24.29,24.20,24.57,24.01,24.01,24.29,24.01,24.85,24.57,24.20,23.64,23.73,24.39,24.39,24.48,24.01,23.92,23.92,24.11,24.29,24.11,24.20,24.29,24.20,24.57,24.11,23.92,24.20,24.48,24.57,23.92,24.11,24.11,24.48,23.92,24.11,24.20,24.01,24.20,24.57,24.20,24.39,24.20,24.39,23.92,24.67,24.11,24.20,24.11,24.20,23.83,24.39,24.01,24.20,24.20,24.20,24.29,23.92,24.20,24.48,24.11,24.29,24.11,24.20,24.48,24.48,23.92,24.11,24.57,24.11,24.48,24.11,24.29,24.29,24.29,23.73
23.73,23.92,24.01,24.01,24.39,24.29,24.11,24.01,23.92,24.11,24.29,24.48,23.83,24.29,24.57,24.20,23.92,24.57,24.48,24.20,23.64,24.01,24.11,24.01,23.92,24.01,23.83,24.20,23.64,24.20,23.73,23.83,23.83,23.83,24.01,24.29,24.29,24.11,23.92,24.11,23.92,24.29,23.83,24.29,23.83,24.20,24.39,24.01,24.29,24.76,24.48,24.39,24.11,24.11,24.01,23.92,24.29,24.20,24.01,24.01,24.20,24.57,24.29,24.39,24.29,24.39,24.11,24.20,24.29,24.01,23.73,24.29,23.73,24.29,24.93,24.11,24.20,24.29,24.20,24.11,24.39,24.20,24.39,24.48,23.73,24.39,24.29,24.20,24.29,24.20,24.20,24.29,24.29,24.01,24.11,24.57,24.48,24.01,24.39,24.20,23.92,24.29,24.67,24.39,24.76,24.48,24.57,24.29,24.20,24.29,24.01,24.39,24.93,24.67,24.39,24.20,24.01,24.48,24.57,24.67,24.48,24.57,24.29,24.48,24.39,24.57,24.39,24.57,24.39,24.11,24.29,24.29,24.48,24.93,24.57,24.57,24.57,24.11,24.48,24.57,24.39,24.48,24.29,24.48,24.67,24.39,24.48,24.39,24.85,24.48,24.39,24.57,24.67,24.57,24.29,24.57,24.57,24.39,24.93,24.57,24.76,24.67,24.57,24.93,24.67,24.39,24.76,24.48,24.48,24.39,24.48,24.57,24.76,24.67,25.02,24.85,25.02,24.57,24.67,24.85,24.67,25.20,25.02,24.67,24.57,24.85,25.28,25.02,24.48,24.85,24.76,24.76,24.67,24.76,24.39,24.85,24.93,24.57,24.67,24.76,24.29,24.85,24.57,24.48,24.29,24.48,24.67,24.67,24.57,24.57,24.85,24.67,24.57,24.67,24.93,24.48,24.39,24.39,24.57,24.39,24.29,24.29,24.48,24.29,24.11,24.11,24.20,24.01,24.39,24.29,24.29,24.76,24.20,24.29,24.67,23.83,24.20,24.39,24.29,24.67,24.39,24.48,24.57,23.83,24.76,24.57,24.01,24.20,24.39,24.48,24.11,24.29,24.67,24.48,24.67,24.11,24.39,24.29,24.57,24.48,24.39,24.48,24.29,24.11,24.57,24.85,24.39,24.39,24.01,24.39,24.01,24.67,24.48,24.11,24.29,24.48,24.11,24.39,24.39,24.48,23.83,23.92,24.39,24.57,24.29,23.92,24.48,24.57,23.83,24.29,24.48,24.01,24.20,24.29,24.11,24.11,24.29,24.01,24.29,24.20,24.11,24.01,24.29,24.48,24.48,24.11,24.11,24.20,24.29,24.20,23.92,23.83,24.11,24.48,24.29,24.29,24.01,24.48,23.92,23.92,24.39,24.48,24.11,24.11,23.92,24.01,23.92,24.20,24.11,24.29,24.11,24.29,24.29,24.11,24.67,24.39,24.39,24.57,23.92,24.01,24.01,24.11,24.01,24.48,24.11,24.01,24.20,24.11,23.92,24.20,24.57,24.29,24.39,24.11,24.01,23.92,24.48,24.20,24.57,24.11,24.11,23.92,24.11,24.20,23.83,24.11,24.01,24.20,23.92,24.48,24.29,24.11,23.92,24.01,24.20,24.48,24.20,24.01,23.92,23.83,24.11,24.29
23.73,24.01,24.11,23.36,23.92,23.73,23.83,23.92,24.11,24.01,24.20,24.20,24.20,24.20,24.11,24.01,24.01,24.29,24.11,23.92,24.01,23.83,24.01,24.29,24.20,23.92,23.92,23.73,23.83,24.01,24.20,24.48,23.83,24.39,24.01,24.29,23.92,24.11,24.29,24.01,24.48,23.83,24.39,23.73,23.92,24.48,23.64,24.29,23.83,24.29,24.20,24.01,23.92,23.73,23.83,23.83,24.39,24.29,23.83,23.92,23.64,23.83,24.39,23.83,24.29,24.67,23.92,24.11,24.11,24.01,24.29,24.01,23.73,24.01,23.73,24.11,24.01,24.29,24.20,24.01,24.29,23.83,23.73,24.01,24.57,24.20,24.11,23.73,24.11,24.39,24.11,24.20,24.39,23.83,24.11,24.39,24.29,24.48,24.20,24.29,24.11,24.20,24.48,23.73,24.39,24.39,24.29,24.20,24.29,24.85,24.11,24.29,24.48,24.20,24.39,24.85,24.48,24.39,24.20,24.39,24.48,24.20,24.76,24.76,24.01,24.39,24.01,24.85,24.48,24.67,24.39,24.20,24.29,24.67,24.11,24.11,24.76,24.67,24.29,24.29,25.02,24.67,24.39,24.57,24.48,24.48,24.48,23.92,23.83,24.57,24.39,24.57,24.39,24.39,24.48,24.93,24.76,24.48,24.93,24.48,24.76,24.76,24.67,24.48,24.39,24.39,24.67,24.67,24.67,24.67,24.76,24.57,24.67,24.76,25.11,24.93,24.85,25.28,24.76,25.02,24.57,25.02,25.02,24.85,24.76,24.93,24.67,24.67,25.02,25.11,24.76,24.76,24.57,24.76,25.02,24.67,24.57,24.85,24.48,24.29,24.67,24.48,24.67,25.02,24.57,25.02,25.02,24.39,24.39,24.57,24.57,25.02,24.39,24.85,24.76,24.93,24.39,24.20,24.67,24.29,24.29,24.29,24.20,24.29,24.39,24.48,24.20,24.39,24.29,23.83,24.20,24.48,24.48,24.11,24.39,24.39,24.57,24.48,24.29,24.39,24.67,24.57,24.39,24.29,24.20,24.39,24.29,24.48,24.48,24.67,24.57,24.57,24.39,24.29,24.48,24.39,24.11,23.83,24.11,24.11,24.20,24.01,24.76,24.67,24.20,24.39,24.48,24.29,24.39,24.01,24.67,24.20,24.20,24.39,24.29,23.83,24.20,24.29,24.01,24.48,24.20,24.57,24.11,24.11,24.48,24.20,24.11,24.11,24.29,24.29,23.92,24.20,23.92,24.11,24.39,24.57,24.01,24.48,24.11,24.29,24.20,24.20,24.11,24.11,24.01,24.29,23.83,24.29,24.20,24.57,24.01,24.39,23.83,24.20,24.29,24.39,24.11,24.29,24.29,23.92,24.48,24.01,24.20,24.29,24.11,24.48,24.11,24.20,24.11,24.11,24.29,24.67,24.01,24.29,24.29,24.11,24.48,24.20,23.92,23.73,24.39,24.11,23.73,24.20,24.01,23.64,24.11,24.11,24.48,24.11,24.11,23.92,24.11,24.01,24.29,23.83,23.83,24.20,23.92,24.11,24.29,24.11,23.83,24.11,24.11,23.92,24.20,24.01,24.20,24.29,24.01,23.92,23.73,24.01,24.20,24.39,24.20,24.01,24.20,23.73,24.20,23.92
24.01,23.64,23.92,24.20,24.11,24.11,23.73,23.83,23.64,24.01,23.83,23.64,23.92,23.73,24.57,24.29,24.39,24.11,23.92,23.55,23.92,24.01,24.11,24.11,23.83,24.11,24.29,24.20,23.83,24.20,24.01,24.01,24.11,24.01,24.57,23.92,23.55,24.11,23.92,23.64,24.20,24.11,24.01,24.57,24.01,24.29,23.73,24.20,24.48,24.11,24.01,24.39,24.01,23.92,24.11,23.92,24.29,23.83,24.67,23.73,24.67,24.39,24.29,24.48,24.39,24.20,23.73,24.39,23.83,24.29,23.92,23.92,24.20,24.01,24.01,24.11,24.20,24.29,24.29,24.29,24.48,24.39,24.57,24.29,24.67,24.11,24.20,23.83,24.01,24.39,24.20,24.57,23.83,24.20,24.11,24.20,24.11,24.48,24.85,24.57,23.83,24.48,24.57,24.57,24.20,24.20,24.11,24.11,24.57,24.48,24.67,24.20,23.64,24.39,24.57,24.48,24.39,24.57,24.01,24.29,24.39,24.48,24.48,24.48,24.67,24.29,24.85,24.85,24.20,24.39,24.48,24.39,24.29,24.39,24.67,24.76,24.29,24.67,24.29,24.29,24.29,24.67,24.29,24.67,24.20,24.67,24.48,24.48,24.57,24.39,24.39,24.67,24.67,24.93,24.11,24.67,24.20,24.39,24.93,24.57,24.39,24.67,24.39,24.48,24.48,24.85,24.48,24.48,25.02,24.67,24.85,25.02,24.48,24.93,24.29,24.85,24.39,25.11,25.02,24.93,24.85,24.93,24.93,25.02,24.85,25.20,24.85,24.39,24.67,24.93,24.67,24.20,24.76,24.76,24.57,24.76,24.57,24.85,24.39,24.57,24.93,24.67,24.39,24.93,24.76,24.48,24.48,24.67,24.93,24.67,25.11,24.29,24.48,24.67,24.67,24.48,24.76,24.29,24.20,24.39,24.48,24.48,24.85,24.48,24.48,24.67,24.20,24.20,24.57,24.67,24.20,24.67,24.11,24.39,24.20,24.67,24.01,24.57,24.57,24.39,24.29,24.29,24.48,24.29,24.48,24.29,23.83,24.67,24.20,24.11,24.67,24.48,24.48,24.20,24.57,24.48,24.48,24.67,24.57,24.39,24.39,24.29,24.67,24.57,24.20,24.48,24.76,24.20,24.39,24.20,24.39,23.83,24.20,24.01,24.48,24.39,24.01,24.48,24.57,24.29,24.39,24.57,24.67,24.57,24.48,24.39,24.39,24.29,24.29,24.20,24.29,24.11,24.11,24.29,24.57,24.20,24.20,24.20,24.57,24.29,24.11,24.39,24.29,24.67,24.29,24.85,24.39,24.20,24.29,24.01,23.92,24.20,24.48,24.29,24.11,24.57,24.67,24.20,24.48,24.57,24.67,24.11,24.01,24.20,24.29,24.57,24.48,24.20,23.92,24.20,24.01,24.01,23.83,24.57,24.01,24.20,24.20,23.92,24.57,24.01,24.29,24.11,24.11,24.20,23.73,24.20,24.01,24.11,23.92,24.29,24.01,24.11,23.83,24.11,23.83,24.29,24.29,24.67,24.39,24.11,24.29,24.11,23.92,24.20,24.29,23.92,24.01,24.20,24.11,24.11,24.29,23.83,23.64,23.92,24.11,23.73,24.39,24.01,23.64,23.73,23.83,23.64
24.01,24.11,24.01,24.11,23.83,24.29,23.92,23.64,23.83,24.01,24.11,24.01,23.83,23.64,24.11,23.92,24.01,23.92,23.83,24.01,24.11,24.11,24.01,23.92,24.01,24.11,24.11,23.73,24.11,23.64,24.01,24.29,24.11,24.29,23.64,24.29,24.11,23.83,24.11,23.92,23.73,24.01,24.01,24.01,23.92,23.92,24.01,24.11,24.20,24.01,24.20,24.11,23.73,24.11,23.92,23.92,24.39,24.39,24.48,24.11,24.39,24.29,24.01,24.20,24.01,24.39,24.01,23.92,24.01,24.39,23.83,24.48,24.29,24.29,24.20,24.01,23.64,23.92,23.73,23.92,24.29,23.83,24.01,24.11,24.11,24.48,24.20,24.29,24.39,24.29,24.48,23.92,24.48,24.20,24.11,24.20,24.20,24.48,24.67,24.48,24.20,24.29,24.20,24.29,24.39,24.11,24.20,24.85,24.20,24.20,24.29,24.48,24.39,24.76,24.20,24.20,24.39,24.29,24.11,24.39,24.01,24.39,24.76,24.29,24.67,24.20,24.20,24.29,24.20,24.48,24.57,24.20,24.29,24.76,24.29,24.39,24.29,24.76,24.76,24.39,24.39,24.67,24.57,24.76,24.57,24.67,24.67,24.57,24.67,24.39,24.48,24.85,24.48,24.67,24.57,24.48,24.57,24.85,24.85,24.11,24.93,24.57,24.67,24.48,24.93,24.57,25.28,25.02,24.67,24.57,24.85,24.39,24.93,24.48,24.85,24.67,25.02,24.67,25.11,25.11,25.02,24.67,25.02,25.02,25.11,25.11,25.02,24.76,25.02,25.02,24.76,24.67,24.85,24.67,24.85,24.39,24.85,24.93,25.28,24.48,24.76,24.57,24.93,24.48,24.67,24.67,24.93,24.67,24.76,24.57,24.20,24.67,24.76,24.76,24.39,24.39,24.67,24.48,24.39,24.48,24.57,24.48,24.48,24.29,24.29,24.20,24.39,24.39,24.20,24.57,24.39,24.57,24.39,24.29,24.29,24.39,24.48,24.67,24.57,24.20,24.57,24.57,24.20,24.76,24.29,24.67,24.29,24.29,24.67,24.39,24.29,24.85,24.20,24.48,24.76,24.48,24.20,24.39,24.20,24.48,24.48,24.29,23.83,24.67,23.92,24.29,24.76,24.29,24.57,24.39,24.67,24.01,24.01,24.67,24.01,23.73,24.48,24.39,24.48,24.48,24.39,24.11,24.01,24.57,24.01,24.48,24.39,23.83,24.67,23.83,24.20,24.85,24.85,24.01,24.11,24.39,24.29,24.29,24.76,24.48,24.20,23.92,24.39,24.29,24.29,24.11,24.29,23.83,24.01,23.83,24.11,24.48,24.20,24.11,24.57,24.11,24.11,24.11,24.29,24.48,24.39,24.39,24.01,24.76,24.20,24.29,24.57,23.83,24.39,24.01,24.29,24.48,24.57,24.20,24.48,24.29,24.67,24.57,24.11,24.20,24.39,24.48,24.11,24.20,24.29,24.29,24.11,23.83,24.29,24.29,23.73,23.83,24.20,24.01,23.92,24.48,24.11,24.20,24.11,23.92,24.11,23.83,23.83,24.29,24.20,24.01,24.11,24.01,24.11,24.01,24.29,23.92,24.29,24.20,23.83,24.20,23.92,23.92,23.73,23.83,24.11,24.20
24.11,23.26,24.20,23.83,24.20,24.01,24.20,23.92,24.01,24.11,24.57,24.01,23.92,24.39,24.20,23.83,24.01,23.83,24.39,23.64,24.20,23.92,24.01,24.39,24.01,23.92,23.83,24.20,24.39,24.01,23.73,24.29,23.73,24.29,24.29,23.92,23.83,23.92,24.01,24.20,24.11,24.11,23.83,24.01,24.20,24.01,24.39,24.01,23.92,24.11,24.48,23.83,23.73,24.48,23.83,24.20,24.57,24.11,24.20,24.01,24.01,24.48,23.92,23.83,24.39,24.20,24.11,24.11,24.48,24.39,24.01,24.01,24.01,24.48,24.20,24.11,24.01,23.92,23.92,24.11,24.29,24.01,24.48,24.20,24.11,24.11,24.67,24.29,24.11,24.39,24.20,24.29,24.01,24.20,24.48,24.57,24.76,23.73,24.48,24.29,24.85,24.11,24.48,24.39,24.48,24.57,24.20,24.67,24.20,24.11,24.39,24.29,24.39,24.48,24.29,24.48,24.57,24.29,24.48,24.29,24.48,24.48,24.48,24.67,24.39,24.39,24.48,24.57,24.48,24.57,24.39,24.76,24.29,24.11,24.39,24.39,24.11,24.29,24.48,24.20,24.01,24.67,24.48,24.57,24.76,24.76,24.48,23.92,24.20,24.48,24.39,24.29,24.01,24.76,24.93,24.85,24.76,24.76,24.57,24.57,24.67,24.67,24.48,24.67,24.57,24.39,24.57,24.67,24.67,24.29,25.11,24.67,24.57,24.76,24.57,25.20,24.48,24.67,25.28,25.02,24.93,25.11,24.93,24.67,24.57,24.67,25.02,24.67,24.48,24.67,24.76,24.39,24.76,24.67,24.67,24.76,24.85,24.57,24.48,24.57,24.85,24.57,24.29,24.39,24.67,24.67,24.39,24.67,24.48,24.67,24.39,24.57,24.29,25.02,24.39,24.39,24.57,24.29,24.39,24.48,24.57,24.48,24.11,24.57,24.48,24.29,24.39,24.48,24.29,24.29,24.29,24.39,24.48,24.57,24.11,24.57,24.39,24.11,24.29,24.39,24.29,24.48,24.11,24.39,24.48,24.57,24.29,24.20,24.29,24.39,23.83,24.29,24.20,24.48,24.20,24.11,24.76,24.39,23.92,24.39,24.67,24.39,24.39,24.39,24.20,24.39,24.48,24.11,24.01,24.29,24.67,24.39,24.67,24.20,24.76,24.11,24.29,23.92,24.29,24.48,24.67,24.29,24.01,24.29,24.39,24.39,24.11,24.01,24.39,23.92,24.20,24.57,23.92,24.20,23.92,24.20,24.01,24.20,24.01,23.73,24.11,24.01,24.20,24.67,24.11,24.76,24.20,24.11,24.20,24.01,24.48,24.01,24.01,24.48,24.57,24.29,24.20,24.20,23.45,24.29,24.01,24.11,24.29,24.01,23.64,24.11,24.29,24.39,24.11,24.29,23.92,24.11,24.01,24.29,24.11,24.01,24.01,24.39,24.48,24.29,24.11,23.92,24.29,23.83,24.39,23.92,24.29,24.20,24.11,24.20,24.29,24.29,24.20,24.11,24.29,24.11,24.01,24.01,24.01,24.20,24.29,24.11,24.48,24.01,24.11,23.92,23.92,24.57,24.11,24.11,24.01,24.39,24.01,23.83,24.29,24.11,23.92,23.73,24.29,24.01,23.73,23.83
23.83,24.20,23.92,24.01,24.29,24.11,24.01,23.92,24.39,24.20,24.01,23.73,23.64,24.29,23.92,23.64,24.01,24.39,23.83,24.29,23.92,24.11,24.20,24.11,24.11,23.73,24.11,24.01,23.92,24.20,24.67,23.92,24.01,24.39,24.11,24.29,24.01,24.48,24.01,24.01,23.92,24.11,24.48,24.01,24.29,24.29,23.73,24.57,24.11,23.83,24.11,24.29,24.11,23.83,24.67,23.73,23.73,24.48,24.01,24.20,23.83,24.01,24.11,24.29,24.20,24.48,24.11,24.01,24.29,24.20,24.57,24.39,23.92,24.11,23.83,24.01,23.92,24.20,24.57,23.92,24.39,24.20,24.29,24.39,24.01,23.92,24.29,23.92,24.11,24.01,23.83,24.48,24.29,24.20,24.29,24.20,24.39,24.48,24.48,24.01,24.01,24.39,24.11,24.20,24.01,24.57,24.20,24.29,24.67,24.57,24.20,24.29,24.39,24.67,24.11,24.48,24.39,24.57,24.39,24.67,24.29,24.39,24.20,24.76,24.39,24.76,24.11,24.39,24.29,24.48,24.29,24.76,24.20,24.76,24.29,24.67,24.39,24.29,24.29,24.11,24.67,24.67,24.67,24.11,24.76,24.67,24.57,24.39,24.39,24.39,24.57,24.57,24.57,24.20,24.57,24.39,24.48,24.76,24.39,24.48,24.48,24.85,24.93,24.57,24.67,24.57,24.76,24.29,24.85,24.39,24.76,24.76,24.57,24.11,24.57,24.85,25.02,24.93,24.93,24.57,24.76,24.93,24.57,25.02,25.02,24.76,24.85,24.76,24.85,24.67,24.76,25.02,24.76,24.67,24.48,24.85,24.57,24.85,24.67,25.02,24.57,24.48,24.57,24.57,24.29,24.29,24.67,24.57,24.67,24.67,24.57,24.67,24.67,24.57,24.57,24.48,24.39,24.20,24.48,24.39,24.29,24.57,24.48,24.39,24.48,24.39,24.57,24.20,24.11,24.48,24.39,24.20,24.67,24.48,24.48,24.48,24.39,24.48,24.20,24.57,24.20,24.29,24.67,24.57,24.29,24.39,24.39,24.11,24.48,24.01,24.48,24.01,24.48,24.20,24.39,24.29,24.57,24.93,24.39,24.20,24.29,24.67,24.57,24.39,24.29,24.01,24.11,24.67,24.57,24.01,23.92,24.57,24.29,24.29,24.01,24.48,24.39,24.20,24.01,24.11,24.39,24.11,24.39,24.67,24.48,24.39,24.39,23.92,24.11,24.01,24.11,24.85,24.48,24.11,24.11,24.01,24.20,24.20,24.20,24.39,24.01,24.29,24.29,24.39,24.11,24.20,24.39,24.11,23.92,24.01,24.11,24.39,24.11,24.29,24.20,24.20,24.01,24.01,24.39,24.39,24.01,24.39,24.29,24.20,24.48,24.01,24.29,24.11,24.11,24.11,24.20,24.11,24.11,24.29,24.01,23.83,24.20,23.83,24.01,24.48,24.20,24.29,24.20,23.92,23.92,24.01,24.11,24.01,24.11,24.01,24.20,24.39,24.57,24.01,24.39,24.57,24.29,23.83,24.29,24.29,24.29,24.39,24.29,24.29,24.01,23.73,24.20,24.20,23.64,24.20,23.92,24.20,24.20,24.20,23.92,24.01,24.11,24.48,24.11,24.29,23.55,24.11
23.55,23.92,23.64,23.92,23.92,24.01,24.29,23.73,24.01,24.01,24.67,23.83,23.92,23.83,24.20,23.92,23.83,24.20,24.01,24.29,23.92,24.57,23.55,23.92,24.01,24.20,24.01,23.92,24.39,23.73,24.01,24.20,24.29,24.20,24.11,24.48,24.01,23.73,23.83,23.92,24.39,23.83,23.73,24.20,24.29,24.29,24.48,24.29,24.01,24.29,23.92,24.01,24.29,24.29,24.01,24.11,23.92,24.20,24.01,24.11,24.01,24.39,24.01,23.73,24.11,24.57,23.92,23.92,24.01,24.01,24.48,24.11,24.11,23.64,24.39,24.01,24.01,24.20,23.83,24.39,24.48,24.29,24.11,23.73,24.20,24.29,24.29,24.48,23.83,24.11,24.48,24.01,24.20,24.01,24.01,24.39,23.92,24.39,24.11,24.57,24.48,24.48,24.39,24.20,24.48,24.11,24.76,24.29,24.76,24.29,24.48,24.01,24.20,24.01,24.76,24.57,24.57,24.39,24.29,24.57,24.48,24.57,24.57,24.39,24.48,24.76,24.57,24.11,24.57,24.01,24.48,24.76,24.39,24.29,24.85,24.48,24.57,24.20,24.48,24.20,24.93,24.11,24.93,24.11,24.85,24.57,24.48,24.29,24.76,24.48,24.48,24.20,24.48,24.76,24.39,24.85,24.67,24.48,24.11,24.57,24.93,24.48,24.67,24.93,24.39,25.11,24.67,24.20,24.76,24.85,24.57,24.76,24.85,24.85,24.76,25.28,24.76,24.93,25.02,24.48,24.76,25.11,24.85,24.76,24.76,24.76,24.93,24.29,24.93,25.20,24.67,24.67,24.57,24.93,24.57,24.85,24.57,24.76,24.48,24.67,24.67,24.76,24.57,24.39,24.57,24.48,24.29,24.76,24.67,24.48,24.29,24.93,24.57,24.57,24.76,24.67,24.29,24.76,24.48,24.29,24.20,24.57,24.48,24.29,24.67,24.01,24.29,24.57,24.29,24.01,24.57,24.20,24.57,24.57,24.67,24.48,24.29,24.57,24.57,24.48,24.39,24.20,24.29,24.76,24.20,24.67,24.48,24.76,24.67,24.29,24.48,24.39,24.57,24.48,24.01,24.20,24.76,24.20,24.48,24.20,24.29,24.39,24.48,24.39,24.01,23.92,24.48,24.20,24.01,24.39,24.57,24.20,24.67,24.29,24.48,24.48,24.29,24.01,24.29,24.76,24.57,24.29,24.01,24.39,24.29,24.11,24.20,24.20,24.57,24.29,24.29,24.29,23.92,24.20,24.57,24.20,24.20,24.11,24.20,24.01,24.67,24.48,24.39,23.73,24.01,24.76,24.20,24.11,24.11,24.48,24.20,24.39,24.20,23.73,24.67,24.29,24.11,24.29,24.01,24.48,24.29,24.20,23.83,24.48,24.11,24.01,23.92,24.11,24.29,24.29,23.83,23.92,24.20,24.57,24.20,24.20,24.29,23.83,24.20,23.92,24.57,23.92,23.92,24.29,24.29,24.20,24.20,24.11,24.11,24.29,23.55,24.29,24.11,23.92,24.11,24.48,23.92,24.11,23.83,24.57,24.39,24.20,24.20,24.20,24.57,23.73,24.48,24.29,24.20,24.11,23.92,24.20,24.11,24.20,24.11,24.39,24.39,24.29,23.92,23.83,24.20,23.64
23.73,24.11,23.92,24.01,24.11,24.01,24.01,24.11,24.01,24.20,24.01,24.01,24.01,24.01,23.92,24.11,24.11,24.11,23.92,24.11,23.92,24.01,23.92,24.20,23.92,24.01,24.39,23.92,24.48,23.92,24.11,24.01,24.39,23.83,24.48,24.01,23.73,24.11,24.76,24.39,23.92,24.01,23.92,24.01,24.20,24.11,24.20,24.67,24.57,24.20,24.67,24.20,23.92,23.92,23.92,23.73,24.39,24.48,23.73,24.01,24.39,24.57,23.64,23.83,24.29,24.29,24.01,24.39,24.39,24.11,24.39,24.48,24.20,24.48,24.20,24.29,23.92,24.39,23.83,24.29,24.20,23.73,24.39,24.01,24.29,24.39,23.92,24.39,24.01,23.83,24.20,23.83,24.01,24.20,24.29,24.48,24.20,24.39,24.39,24.48,24.20,24.57,24.39,24.29,24.48,24.20,23.73,24.57,24.39,24.20,24.11,24.48,24.29,24.48,24.39,24.93,24.29,24.20,24.29,24.20,24.85,24.11,24.29,24.39,24.67,24.76,24.48,24.48,24.39,24.20,24.76,24.20,23.92,24.11,24.57,24.39,24.67,24.85,24.39,24.48,24.48,25.02,24.11,24.48,24.29,25.02,24.11,24.48,24.20,24.57,24.76,24.39,24.01,24.76,24.67,24.76,24.57,24.39,24.29,24.48,24.57,24.76,24.57,24.57,25.02,24.57,24.39,24.67,24.93,24.67,24.57,24.57,24.76,25.11,24.20,24.76,24.67,24.67,25.02,24.76,24.67,25.11,25.11,24.57,24.85,24.85,25.02,24.67,24.93,24.48,25.11,24.67,24.76,24.85,24.67,24.67,24.93,24.76,24.67,24.93,24.29,24.85,24.67,24.85,24.67,24.48,24.39,24.93,24.48,24.39,24.48,24.85,24.39,24.67,24.57,24.48,24.67,24.57,24.29,24.48,24.76,24.48,24.48,24.67,24.39,24.48,24.39,24.39,24.76,24.39,24.29,24.48,24.57,24.29,24.11,24.29,24.29,24.29,24.20,24.20,24.39,24.29,24.20,24.20,24.39,24.11,24.39,24.48,24.11,24.29,24.57,24.48,24.76,24.39,24.39,24.67,24.29,24.48,24.48,23.92,24.39,24.39,24.48,24.39,24.11,24.01,24.29,24.57,24.48,24.01,24.29,24.11,24.48,24.29,24.76,24.48,24.11,24.20,24.57,24.57,24.11,24.76,24.76,24.57,24.01,24.20,24.01,24.20,24.11,24.01,24.01,23.92,24.67,24.20,24.57,24.11,24.29,24.20,23.92,23.92,24.01,24.48,24.20,24.29,24.01,23.73,24.20,23.83,24.11,24.29,24.20,24.29,24.29,24.39,24.29,24.39,24.48,23.83,24.20,24.01,24.48,24.48,24.11,24.29,24.11,24.85,24.11,24.29,24.01,24.39,24.11,23.92,24.11,24.01,24.29,24.01,24.20,24.01,24.20,24.11,23.73,23.73,24.48,24.48,24.29,24.20,24.11,24.11,24.29,24.39,24.48,24.11,24.01,24.11,24.57,23.92,24.29,24.20,24.01,24.39,23.92,24.39,24.39,24.29,24.67,24.20,23.83,24.67,24.11,24.20,23.92,24.39,24.29,24.39,24.39,24.20,24.20,24.29,23.92,23.83,23.64,24.20
23.83,23.83,24.67,24.11,23.83,24.01,23.83,24.01,24.11,23.92,24.20,23.92,24.29,24.01,24.11,24.29,24.29,23.83,24.01,24.11,24.57,24.01,24.20,24.01,24.11,24.01,23.73,23.92,24.29,24.20,24.20,23.64,24.11,24.01,24.11,23.92,24.11,24.29,23.83,23.83,23.92,23.92,24.11,23.92,23.92,24.29,24.01,23.64,23.83,24.39,24.29,23.83,23.92,24.11,23.92,24.39,23.92,24.39,24.01,23.92,24.20,24.11,24.01,24.48,24.01,24.29,24.01,24.29,23.92,24.48,24.29,24.20,24.20,24.20,24.29,24.29,23.92,24.29,24.20,24.39,24.29,24.11,24.11,24.29,24.01,23.73,23.92,24.57,24.57,24.20,24.48,24.20,24.29,24.11,24.20,24.57,24.57,24.48,24.67,24.39,24.29,24.39,24.57,24.57,24.29,24.29,24.57,24.20,24.39,24.57,24.29,24.57,24.48,24.11,24.57,24.29,24.20,24.57,24.76,24.39,24.57,24.39,24.85,24.76,24.39,24.29,24.76,24.39,24.48,24.29,24.29,24.48,24.29,24.39,24.67,24.20,24.39,24.85,24.76,24.48,24.67,24.93,24.93,24.39,24.57,24.57,24.48,24.76,24.39,24.29,24.85,24.39,24.76,24.85,24.85,24.57,24.93,24.48,24.85,24.29,24.76,24.93,24.85,24.85,24.48,24.76,24.57,24.48,24.85,24.76,24.76,24.48,24.93,25.02,25.11,24.85,24.76,24.85,25.20,24.85,24.67,24.48,25.11,24.93,25.02,24.85,24.76,24.76,25.11,25.20,24.67,24.48,24.93,25.20,25.02,24.76,24.57,24.48,25.11,24.93,24.67,24.85,24.01,24.57,24.39,24.93,25.11,24.57,24.48,24.67,24.48,25.02,24.39,24.85,24.39,24.29,24.29,24.57,24.76,24.57,24.20,24.48,24.20,24.29,24.67,24.57,24.67,24.39,24.29,24.48,24.57,24.67,24.67,24.29,24.57,24.29,24.48,24.29,24.57,24.29,24.01,24.48,24.20,24.29,24.48,24.39,24.76,24.57,24.29,23.92,24.67,24.39,24.29,24.29,24.20,24.48,24.57,24.01,24.48,24.48,24.01,24.01,24.85,23.92,24.29,24.48,24.11,24.39,24.48,24.11,24.20,24.48,24.29,24.57,24.57,24.11,24.57,24.29,24.29,24.11,24.20,24.57,24.57,24.29,24.20,24.20,24.29,24.48,24.29,24.20,24.29,24.29,24.29,24.76,24.11,24.20,24.29,24.29,24.20,24.20,24.29,24.39,24.20,23.83,24.20,24.39,24.20,24.39,24.20,24.11,24.29,24.29,24.39,24.11,24.01,24.39,24.57,24.67,24.39,24.67,24.20,23.92,24.11,24.20,24.48,24.20,24.29,24.39,24.39,23.92,23.92,24.01,24.20,23.73,24.11,23.92,24.29,24.29,24.11,23.64,24.39,24.11,24.11,24.01,24.20,24.20,23.83,24.29,23.83,24.29,23.92,24.11,24.20,24.01,24.20,24.01,24.11,24.29,24.29,24.20,24.20,24.11,24.01,24.29,23.92,23.92,24.01,24.01,24.11,24.20,24.20,24.20,23.92,23.73,24.29,24.11,24.20,24.29,24.01,23.73,24.20,24.48
24.01,24.20,24.01,23.73,24.11,24.01,24.01,23.92,23.92,24.29,24.20,24.39,24.20,24.01,23.64,24.11,24.29,23.83,23.92,24.48,24.48,24.01,24.01,24.01,23.83,23.83,23.73,24.20,24.11,24.01,23.92,24.20,23.73,24.57,24.39,24.01,24.01,24.11,24.11,24.39,23.92,23.92,24.11,23.92,24.11,23.83,23.92,24.01,23.92,24.29,24.01,24.11,23.83,24.29,24.67,24.29,24.39,23.92,23.83,24.67,23.55,24.57,24.39,24.39,24.39,24.39,24.01,24.57,23.92,24.11,23.92,24.20,24.39,24.11,23.83,24.29,24.11,24.39,24.57,23.83,24.48,23.64,24.01,23.92,23.92,23.92,23.92,24.29,24.39,24.20,23.83,23.64,24.48,24.57,24.39,24.39,23.92,24.29,24.20,24.39,24.48,24.29,24.48,24.48,24.67,24.39,24.29,24.39,24.01,24.57,25.02,24.48,24.20,24.11,24.11,24.48,24.20,24.01,24.57,24.29,24.39,24.76,24.39,24.39,24.57,24.57,23.92,24.57,24.57,24.76,24.29,24.39,23.92,24.48,24.20,24.39,24.48,24.29,24.67,24.57,24.85,23.92,24.48,24.93,24.76,24.67,24.39,24.67,24.39,24.11,24.57,24.39,24.39,24.57,24.29,24.57,24.76,24.48,25.11,24.85,24.67,24.48,24.76,24.76,24.67,24.39,24.85,24.39,24.93,24.85,24.67,24.85,24.57,25.28,24.57,24.67,25.20,25.02,25.28,24.85,25.28,25.02,25.11,25.02,25.02,24.67,24.93,24.85,24.57,24.39,24.76,24.67,24.93,24.29,25.20,24.76,24.67,24.57,25.02,24.67,24.76,24.93,24.57,24.93,24.39,25.02,24.93,24.67,24.76,24.85,24.48,24.48,24.76,24.39,24.67,24.67,24.29,24.57,24.39,24.57,24.48,24.57,24.20,24.20,24.48,24.48,24.29,24.76,24.48,24.67,24.48,24.29,24.57,24.39,24.48,24.57,23.92,24.11,24.67,24.39,24.67,23.92,24.20,24.39,24.67,24.39,24.48,24.48,24.01,24.29,24.29,24.57,24.20,24.20,24.48,24.39,24.11,24.67,24.57,24.57,24.29,24.01,25.02,24.39,24.29,24.48,24.76,24.29,24.39,24.48,24.48,24.29,24.39,24.20,24.39,24.20,24.29,24.11,24.48,24.29,24.67,24.01,24.29,24.39,24.20,24.20,24.11,24.85,24.29,24.48,24.67,24.67,24.29,24.20,24.48,24.57,24.39,24.67,24.39,24.01,24.39,24.29,24.39,24.20,24.11,24.85,24.67,24.11,23.73,24.29,24.29,24.29,24.11,24.29,24.01,24.39,24.01,24.20,24.11,24.01,24.01,23.92,24.01,24.11,24.01,24.48,24.29,24.01,24.20,24.20,23.92,24.20,24.20,23.92,24.11,24.11,24.20,24.20,24.11,24.01,24.20,23.73,23.92,23.92,23.83,24.29,24.20,24.11,23.92,24.20,23.92,23.92,23.92,23.92,24.39,24.76,24.29,24.11,24.01,24.11,24.11,24.11,24.01,24.01,23.64,24.29,23.92,24.11,24.11,24.20,23.92,24.39,24.01,24.20,24.11,24.20,23.83,24.39,24.01,24.01,24.01,24.29
24.01,24.01,23.92,24.11,24.01,24.20,23.45,24.20,23.73,24.20,24.01,23.83,24.01,23.83,24.39,24.01,24.11,24.20,23.83,23.92,24.57,23.92,24.29,24.11,24.29,24.01,24.11,24.20,24.20,23.73,24.11,24.39,24.01,23.92,24.01,24.01,24.11,23.64,24.11,24.57,24.01,24.11,24.11,24.20,23.73,23.73,24.11,23.92,23.92,24.20,24.39,24.11,24.39,24.29,23.92,24.29,24.01,24.20,23.73,24.11,24.11,24.11,24.29,23.92,24.57,24.01,23.92,24.48,23.92,24.11,24.11,24.01,24.01,24.29,24.39,24.11,24.48,24.29,23.92,24.01,24.29,24.29,23.83,24.39,24.20,24.67,23.83,24.20,24.20,24.01,24.20,24.11,24.11,24.20,24.20,24.29,24.20,24.67,24.29,24.67,24.29,24.39,24.01,24.20,24.57,24.39,24.57,24.01,24.39,24.20,24.20,24.01,24.67,23.83,24.20,24.11,24.57,24.39,24.85,24.39,24.67,24.39,24.39,24.29,24.39,24.20,24.67,24.20,24.57,24.39,24.39,24.29,24.48,24.76,24.29,24.29,24.29,24.67,24.57,24.20,24.67,24.93,24.76,24.85,24.85,24.29,24.20,24.57,24.67,24.48,24.48,24.48,24.48,24.67,24.39,24.39,24.29,24.67,24.39,24.85,24.76,24.57,24.67,24.57,24.85,24.48,24.76,24.85,24.57,24.76,24.85,25.20,24.76,25.28,25.20,25.20,25.11,25.11,24.67,25.28,24.76,24.76,25.02,25.28,24.57,24.57,25.11,24.57,24.39,24.67,24.85,25.11,24.85,24.93,24.76,24.85,25.20,24.67,24.57,24.76,24.93,24.57,24.85,24.85,24.57,24.57,24.67,24.57,24.76,24.76,24.48,24.57,24.67,24.57,24.57,24.76,24.48,24.76,24.57,24.67,24.39,24.67,24.48,24.48,24.48,24.48,24.39,24.29,24.76,24.67,24.48,24.29,24.29,24.57,24.48,24.85,24.48,24.11,24.39,24.29,24.01,24.76,24.29,24.57,24.67,24.48,24.57,24.29,24.01,24.29,24.67,24.57,24.48,24.57,24.29,24.29,24.48,24.29,24.39,24.39,24.57,24.48,24.01,24.48,23.73,24.29,24.39,24.39,24.48,24.20,24.20,24.67,24.11,24.57,24.01,24.20,24.29,24.39,24.57,24.20,24.11,24.29,23.92,24.29,24.20,24.39,24.48,24.20,23.92,24.11,23.92,24.67,24.29,24.01,24.29,24.11,24.01,24.57,24.29,24.39,24.20,24.39,23.83,23.92,24.20,23.92,24.39,23.92,24.11,24.39,24.20,24.29,24.29,24.20,24.01,24.11,24.67,24.39,24.20,23.92,24.11,24.11,24.39,24.39,24.01,24.20,24.11,24.48,24.48,24.01,23.92,24.39,24.20,24.29,24.20,24.11,24.29,24.01,24.29,23.92,24.11,24.20,24.48,24.01,24.20,24.57,24.11,24.76,24.01,24.29,23.83,24.01,24.20,24.01,24.11,24.20,24.39,24.20,24.01,24.01,23.92,24.11,24.29,24.39,24.11,24.01,24.29,24.20,23.92,23.83,24.29,24.29,24.29,24.11,24.11,24.20,24.11,24.39,24.48,24.20,24.11,23.92
24.29,24.20,24.20,24.20,24.01,24.39,24.11,24.11,23.92,24.01,24.11,23.92,23.45,24.01,24.11,24.29,24.11,23.83,24.11,24.20,23.45,24.39,24.29,24.48,24.20,24.01,23.73,23.64,23.83,23.83,23.92,23.92,24.11,24.39,23.83,24.39,24.29,24.01,23.92,24.01,24.11,24.29,24.01,24.20,24.01,24.20,24.01,24.01,24.11,24.39,24.01,24.11,23.92,24.01,23.83,24.29,24.01,24.29,24.01,24.11,24.01,24.01,24.20,24.20,24.29,23.92,24.29,24.01,24.01,24.11,24.11,24.01,24.29,24.29,24.39,24.20,24.57,24.01,24.01,24.48,24.11,24.39,24.39,24.01,24.67,24.01,24.11,24.20,24.67,24.39,24.29,23.83,24.39,23.83,24.20,24.39,24.20,24.39,24.48,24.29,24.29,24.29,24.29,24.11,24.20,24.39,24.20,24.39,24.29,24.39,24.57,24.48,24.57,24.29,24.29,24.29,24.39,24.39,24.48,24.39,24.20,24.39,24.76,24.57,24.39,24.57,24.29,24.29,24.67,24.29,24.39,24.29,24.29,24.76,24.48,24.67,24.11,24.11,24.48,24.57,24.39,24.20,24.29,24.57,24.67,24.85,24.48,24.01,24.57,24.93,24.85,24.39,24.48,24.57,24.76,24.67,24.93,24.57,24.48,24.85,24.76,24.20,24.67,24.85,24.39,24.93,24.93,24.85,24.85,25.02,24.76,24.85,24.67,25.02,25.02,24.76,24.67,24.85,25.11,25.02,24.85,25.02,25.02,25.02,24.76,25.11,24.57,24.57,25.02,25.02,24.76,24.57,24.85,24.76,24.76,24.57,25.20,24.85,24.67,24.67,24.39,24.39,24.57,24.48,24.48,24.67,24.57,24.85,24.39,25.02,24.85,25.11,24.67,24.48,24.57,24.57,24.11,24.48,24.29,24.39,24.39,24.48,24.57,24.29,24.76,24.39,24.20,24.48,24.29,24.48,24.57,24.39,24.29,24.67,24.67,24.67,24.48,24.29,24.39,24.76,24.48,24.48,24.76,24.48,24.85,24.48,24.67,24.20,24.11,24.48,24.20,24.48,24.57,24.57,24.48,24.67,24.57,23.92,24.57,24.67,24.01,24.48,24.48,24.20,24.48,24.57,24.29,24.39,24.20,24.48,24.11,24.48,24.01,24.01,24.48,24.11,24.67,24.11,24.11,24.39,24.20,23.92,23.73,24.48,24.48,24.11,24.20,24.11,24.20,24.39,24.20,24.29,24.48,24.76,23.92,24.29,24.48,24.48,24.11,24.39,24.01,24.57,24.29,23.92,24.76,24.48,24.01,24.11,24.01,24.20,24.11,24.20,24.01,23.92,24.29,24.01,24.29,24.39,24.39,24.11,24.76,24.57,24.39,24.01,24.20,24.48,24.01,24.20,23.92,24.01,24.01,24.11,24.11,24.11,24.20,24.48,24.20,24.01,23.92,24.11,24.48,24.29,24.20,24.39,24.29,24.20,24.01,23.64,24.01,24.29,24.20,23.92,24.39,24.20,23.92,24.29,24.01,23.83,23.83,24.11,24.20,24.01,24.29,23.92,24.20,24.29,24.29,24.48,23.92,24.20,24.20,24.01,24.29,23.64,24.20,24.48,24.20,23.92,23.92,24.11,24.11,23.73
24.29,23.45,24.01,23.92,23.36,24.29,23.64,24.11,23.92,24.29,23.92,24.01,24.01,24.01,23.92,24.29,24.01,23.73,24.11,24.29,24.11,23.73,24.11,24.39,24.20,24.11,24.01,24.39,24.29,24.48,23.92,23.92,24.01,24.11,24.20,23.92,23.83,23.92,24.39,24.11,23.73,24.20,24.11,24.01,24.11,24.01,23.83,24.01,24.01,24.11,23.92,24.11,23.92,24.01,24.01,23.92,24.11,24.39,24.48,24.11,24.01,24.01,24.11,24.20,24.20,24.01,23.83,24.29,24.39,24.01,24.11,24.20,24.29,24.20,24.20,24.01,24.11,23.92,23.92,23.92,24.48,24.11,24.67,23.92,24.57,24.11,23.92,24.20,24.11,24.20,24.20,23.92,24.29,24.20,24.29,24.20,24.29,24.39,24.48,24.39,24.48,24.11,24.29,24.29,24.76,24.20,24.20,24.11,24.39,24.48,24.57,24.20,24.39,24.48,24.29,24.48,24.39,24.39,24.39,24.67,24.39,24.76,24.48,24.48,24.39,24.20,24.48,24.48,24.48,24.39,24.39,24.29,24.39,24.39,24.39,24.11,24.29,24.29,24.39,24.57,24.48,24.57,24.76,24.39,24.57,24.39,24.67,24.93,24.01,24.48,24.57,24.85,24.67,24.01,24.29,24.85,24.76,24.67,24.11,24.76,24.48,24.67,25.02,24.48,24.85,24.67,24.76,24.85,24.85,24.76,24.93,24.76,25.02,25.28,25.20,24.85,25.11,25.11,24.93,25.28,24.85,24.76,25.02,24.76,25.02,24.85,24.85,25.02,25.02,24.76,24.76,24.93,24.67,24.76,24.76,24.85,25.02,24.76,25.02,25.11,24.39,24.67,24.67,24.85,24.67,25.02,24.76,24.48,24.48,24.76,24.39,24.57,24.67,24.29,24.57,24.76,24.67,24.85,24.57,24.29,24.48,24.48,24.67,24.48,24.39,24.39,24.39,24.48,24.29,24.76,24.39,24.57,24.20,24.57,24.29,24.48,24.39,24.48,24.67,24.29,24.57,24.20,24.67,24.57,24.20,24.67,24.67,24.57,24.20,24.76,24.20,24.76,24.57,24.39,24.39,24.67,24.01,24.48,24.67,24.29,24.57,24.11,24.57,24.67,24.20,24.67,24.20,24.67,24.20,23.92,24.57,24.29,24.29,24.39,24.48,24.57,24.67,24.48,24.20,24.39,24.20,24.39,24.29,24.20,24.11,24.20,24.20,24.67,24.39,24.11,23.64,24.29,24.57,24.29,24.48,23.92,24.11,24.01,24.20,24.57,24.11,23.92,24.48,24.48,24.29,24.20,24.48,24.29,24.11,24.67,24.11,24.39,24.20,24.11,24.01,24.67,24.29,24.11,24.29,24.01,24.20,24.48,24.20,24.29,24.20,24.11,24.11,24.29,24.29,23.92,23.83,24.20,24.11,24.29,24.20,24.11,24.20,24.20,24.01,23.83,24.01,24.11,23.64,24.01,24.11,24.11,24.01,24.39,24.48,24.20,24.20,24.01,23.92,24.29,23.92,24.11,24.39,24.11,24.11,23.92,24.01,24.39,24.29,24.39,24.20,24.20,23.92,24.48,24.01,23.92,24.20,23.83,24.48,23.73,24.57,24.29,23.45,24.29,23.83,24.11,24.29,24.29
24.20,23.83,24.20,24.20,24.11,24.11,24.29,24.11,24.57,24.01,23.83,24.57,24.39,24.29,24.20,24.01,23.83,24.11,24.29,24.20,24.20,23.92,24.20,24.11,24.01,24.11,23.92,24.57,24.39,23.83,24.39,24.29,24.11,24.39,23.92,23.92,23.55,24.01,23.92,24.11,24.48,23.92,24.20,24.39,24.01,24.29,24.11,23.92,24.29,24.01,24.39,24.48,24.57,24.29,24.20,24.39,24.39,23.92,23.73,24.29,24.29,24.29,24.20,24.20,24.48,24.39,24.01,24.39,24.39,23.92,24.29,24.01,24.01,24.01,23.83,24.29,24.39,24.29,23.83,24.20,23.83,24.01,24.48,24.29,24.39,24.48,24.57,24.48,24.20,24.20,24.20,24.29,24.57,24.57,23.83,24.20,24.20,24.39,24.29,24.39,24.48,24.01,24.20,24.67,24.29,24.48,24.57,24.39,24.39,24.11,24.48,24.39,24.85,24.67,24.57,24.20,24.48,24.39,24.01,24.01,24.48,24.76,24.29,24.67,24.57,24.76,24.39,24.11,24.57,24.48,24.20,24.85,25.02,24.76,24.29,24.48,24.39,24.29,24.67,24.67,24.48,24.48,24.85,24.76,24.39,24.76,24.48,24.76,24.85,24.01,24.20,24.67,24.93,24.57,24.11,24.76,24.57,24.48,24.57,24.85,24.85,24.11,25.02,24.48,24.57,24.67,24.67,24.39,24.67,24.76,25.02,24.76,24.93,24.85,24.76,25.20,25.55,25.28,24.93,24.57,25.02,24.76,25.20,24.48,25.02,25.02,24.93,24.76,24.85,24.67,25.02,24.57,24.76,24.85,24.85,24.76,24.39,25.11,24.57,24.85,25.02,24.57,24.20,24.57,24.57,24.93,24.85,24.93,24.20,24.57,24.39,24.39,24.57,24.67,24.20,24.57,24.76,24.39,24.39,24.85,24.48,24.29,24.39,24.11,23.92,24.57,24.48,24.20,24.48,24.67,24.67,24.57,24.29,24.85,24.11,24.48,24.39,24.39,24.48,24.29,24.01,24.57,24.29,24.29,24.39,24.57,24.39,24.29,24.01,24.29,24.67,24.57,24.67,24.20,24.48,24.57,24.48,24.11,24.67,24.29,24.20,24.48,24.76,23.83,24.20,24.39,24.29,24.29,24.29,24.57,24.29,23.92,24.29,24.57,24.39,24.76,24.01,24.29,24.29,24.29,24.67,24.67,24.48,24.48,24.29,24.57,24.11,24.29,24.11,24.48,24.39,24.39,24.39,24.29,24.29,24.39,23.92,24.20,24.01,24.39,24.29,24.85,24.48,23.73,24.20,24.57,24.20,24.39,24.57,24.11,23.73,24.39,24.39,24.01,23.92,24.29,23.92,24.11,24.29,23.92,24.20,24.01,24.20,24.39,24.57,24.29,23.83,24.20,24.11,23.83,24.11,23.92,24.20,23.83,24.01,24.11,24.11,24.01,24.39,23.92,24.39,24.48,23.92,24.01,24.29,24.29,24.29,24.29,24.29,24.20,24.39,23.83,23.64,24.29,24.11,24.29,24.20,24.39,24.20,24.57,24.01,24.48,24.48,24.01,23.83,23.92,24.29,24.39,24.11,24.01,24.11,23.92,24.20,24.11,24.01,24.20,24.39,24.39,24.01,24.11,24.29,24.11
24.20,23.73,24.20,23.83,24.01,24.11,24.11,24.01,24.11,24.11,24.01,24.20,24.01,23.83,24.01,24.39,23.73,24.48,23.92,23.83,24.11,24.11,23.83,24.11,24.39,24.11,24.29,24.11,24.01,24.11,24.57,24.29,23.83,24.20,24.01,23.92,24.11,24.01,24.11,24.20,23.92,24.67,23.92,24.29,23.64,24.39,24.29,24.29,23.83,24.01,24.29,24.39,24.20,24.29,24.20,24.20,24.11,24.48,24.20,24.01,24.11,24.57,24.29,24.29,23.92,24.76,23.83,24.11,24.11,24.29,23.92,24.29,24.29,24.11,24.20,23.92,23.73,24.20,24.20,23.83,24.20,24.48,24.20,24.20,24.48,24.01,24.29,24.11,24.29,24.29,24.29,24.57,24.01,24.20,24.57,24.29,24.29,24.48,24.01,24.20,24.29,24.01,24.11,24.39,24.39,24.57,24.48,24.20,24.57,24.20,24.39,24.11,24.11,24.39,24.29,24.11,24.39,24.20,24.29,24.76,24.29,24.57,24.85,24.20,24.57,24.57,24.48,24.39,24.29,24.20,24.29,24.39,24.48,24.67,24.57,24.20,24.39,24.11,24.67,24.76,24.29,24.11,24.20,24.20,24.11,24.48,24.57,24.67,24.67,24.67,24.85,24.67,24.39,24.67,24.48,24.48,24.57,24.85,24.48,24.57,24.85,24.76,24.39,24.85,24.76,24.93,24.48,24.85,24.93,24.85,25.02,25.11,24.93,24.76,25.02,24.76,25.11,25.28,25.55,25.11,24.76,24.67,25.20,24.93,25.28,25.11,24.39,24.76,25.02,25.28,24.76,24.67,25.02,24.76,24.85,24.76,24.93,24.57,24.29,24.29,24.57,24.76,24.57,24.76,24.67,24.67,24.85,24.57,24.57,24.29,24.85,24.57,24.57,24.57,24.85,24.39,24.39,24.67,24.67,24.11,24.29,24.67,24.67,24.57,24.29,24.29,24.67,24.11,24.39,24.11,24.29,24.76,24.67,24.29,24.29,24.57,24.48,24.29,24.48,24.67,24.39,24.57,24.39,24.01,24.29,24.67,23.92,24.39,24.57,23.92,24.11,24.67,24.20,24.39,24.29,24.57,24.39,24.39,24.11,24.29,24.57,24.57,24.57,24.20,24.20,24.39,24.20,24.29,24.57,24.11,24.11,24.57,24.57,24.11,24.20,24.29,23.92,24.57,24.29,24.48,24.01,24.01,24.39,24.29,24.11,24.29,24.01,24.11,24.11,24.39,24.11,24.11,24.39,24.29,24.11,24.20,24.11,23.92,24.48,24.39,24.01,24.29,24.48,23.92,24.39,24.76,24.20,24.39,24.01,24.01,24.57,24.01,24.29,24.39,24.29,23.73,24.39,24.01,24.20,24.67,24.29,24.67,24.11,24.11,23.92,24.48,23.92,24.01,24.57,24.29,23.83,24.39,24.20,24.85,24.20,24.11,24.11,23.73,24.39,24.39,24.57,24.01,23.55,24.11,24.01,24.11,24.29,24.20,24.01,23.92,24.01,24.11,24.01,24.20,24.39,24.29,24.57,23.92,24.20,24.39,24.20,24.29,24.29,24.29,24.20,23.92,24.11,24.29,24.01,24.11,23.83,23.83,24.20,24.20,24.11,24.01,24.01,23.92,24.20,23.73,23.92,23.73
23.73,23.83,24.29,24.01,23.73,23.73,23.64,24.20,24.20,24.29,24.01,24.11,24.67,23.92,24.01,24.67,24.01,24.57,24.11,24.20,24.11,24.67,23.73,24.67,23.92,23.83,24.39,23.83,24.11,24.01,24.01,24.57,24.29,24.29,24.11,24.11,23.45,24.20,24.20,24.20,24.11,24.11,24.39,23.73,24.39,24.20,24.01,24.20,24.01,24.39,24.39,24.48,24.20,24.29,23.73,24.20,24.29,24.48,24.20,23.92,23.73,24.67,24.01,23.92,24.11,24.29,24.29,24.11,23.92,24.29,24.29,23.92,23.92,24.20,24.29,24.11,24.29,24.01,24.29,23.92,24.39,24.20,24.39,24.48,24.29,23.83,24.48,24.11,24.29,23.73,24.39,24.39,24.48,24.48,24.57,24.48,24.48,24.48,24.39,24.48,24.39,24.20,24.29,24.20,24.39,24.29,24.20,24.48,24.29,24.01,24.20,24.29,24.76,24.20,24.01,24.48,24.29,24.85,24.57,24.29,24.20,24.39,24.57,24.29,24.20,24.29,24.20,24.39,24.11,24.67,24.57,24.85,24.67,24.39,24.01,24.39,24.57,24.29,24.76,24.85,24.20,24.20,24.48,24.48,24.39,24.20,24.57,24.20,24.76,24.39,24.67,24.67,24.29,24.76,24.11,24.57,24.67,24.76,24.76,24.39,24.57,24.67,24.39,24.48,24.67,24.67,24.85,25.11,24.85,25.02,24.85,24.85,25.20,25.28,24.93,25.37,25.37,25.11,25.63,25.02,24.76,25.28,24.93,25.28,25.37,25.02,24.93,25.11,24.93,24.85,25.02,24.85,24.67,25.02,24.67,24.57,25.02,24.85,24.57,24.76,24.57,24.57,24.57,24.48,24.76,24.93,24.67,24.67,24.67,24.67,24.20,24.67,24.39,24.29,24.48,24.76,24.57,24.67,24.20,24.93,24.76,24.57,24.48,24.57,24.76,24.29,24.48,24.39,24.20,24.67,24.39,24.48,24.39,24.67,24.57,24.48,24.76,23.83,24.29,24.20,24.57,24.39,24.85,24.39,24.57,24.11,24.11,24.67,24.29,24.48,24.39,24.20,24.57,24.76,24.29,24.48,24.48,24.48,24.57,24.29,24.39,24.67,24.39,24.01,24.48,24.39,24.85,24.39,24.85,23.92,24.57,24.67,24.39,24.76,24.48,24.29,24.29,24.48,24.01,23.92,24.20,24.67,24.20,24.67,23.92,24.20,24.39,24.29,24.67,24.01,24.39,24.39,24.20,24.76,23.92,24.29,24.01,24.20,24.20,24.48,24.48,24.29,24.39,24.29,24.01,24.20,24.20,24.57,24.20,24.39,24.20,24.29,24.29,23.92,24.39,24.20,24.29,24.01,24.48,24.20,23.55,24.48,24.01,24.11,24.20,24.11,24.48,24.29,23.92,24.29,24.20,24.29,24.20,24.57,24.01,24.01,24.11,23.92,24.11,24.20,24.39,24.29,24.01,24.20,24.39,23.83,24.11,24.11,24.11,24.29,24.01,24.20,24.11,23.83,24.20,23.64,24.29,23.92,24.01,24.29,23.92,24.29,24.11,24.01,24.20,23.83,24.48,23.73,24.20,23.92,24.01,24.29,23.83,23.73,23.92,24.01,24.11,24.20,24.11,23.92,23.64,24.29
23.73,24.39,24.11,24.11,24.29,24.48,23.92,24.29,24.20,24.20,24.20,23.92,24.11,23.73,24.39,23.64,24.20,23.92,24.01,24.11,24.57,24.11,24.01,23.92,23.83,24.01,24.48,24.67,23.45,24.11,24.01,24.11,24.01,24.20,24.01,24.11,23.73,24.20,24.20,23.92,24.39,24.01,24.01,23.83,24.01,23.92,24.20,24.57,24.11,24.20,24.01,23.92,24.01,23.73,24.39,24.29,24.01,24.29,24.48,23.83,24.11,24.11,24.67,24.39,24.57,24.39,24.01,24.39,23.83,24.01,24.57,24.29,24.29,24.39,24.01,24.39,24.29,24.29,24.20,24.29,24.11,24.20,24.20,24.29,23.92,24.57,24.01,24.29,24.39,24.20,24.48,24.11,24.29,24.11,24.01,24.29,24.39,24.20,24.67,24.29,24.11,24.29,24.48,24.11,24.39,24.48,24.20,24.39,24.48,24.29,24.48,24.39,24.85,24.39,24.48,24.39,24.48,24.57,24.48,24.48,24.48,24.76,24.39,24.76,24.48,24.39,24.29,24.39,24.85,24.67,24.93,24.20,24.48,24.48,24.93,24.67,24.39,24.67,24.48,24.39,24.29,24.39,24.39,24.57,24.67,24.39,24.57,24.57,24.67,24.48,24.48,24.57,24.48,24.57,24.85,24.76,24.39,24.57,24.67,24.67,24.76,24.57,24.67,24.57,24.48,24.93,24.76,24.85,24.76,24.85,25.46,25.72,25.20,24.93,25.28,24.85,25.28,25.11,25.11,24.93,24.76,25.55,25.02,25.02,24.76,24.93,25.37,24.57,24.93,24.93,24.48,24.67,24.39,25.11,25.20,24.57,24.93,24.76,24.57,24.57,24.93,24.67,24.76,24.93,24.48,24.57,24.48,24.85,25.02,24.76,24.67,24.57,24.76,24.57,24.39,24.67,24.39,24.67,24.76,24.93,24.48,24.48,24.29,24.48,24.20,24.67,23.92,24.76,24.57,24.85,24.29,24.48,24.20,24.39,24.57,24.39,24.29,24.39,24.67,24.57,24.48,24.48,24.67,24.93,24.11,24.76,24.76,24.67,24.01,24.39,24.20,24.67,24.48,24.57,24.29,24.57,24.76,24.48,24.57,24.48,24.76,24.29,24.39,24.57,24.48,24.29,24.20,24.01,24.48,24.57,24.01,24.20,24.11,24.57,24.20,24.20,24.39,24.57,24.29,24.39,24.20,24.29,24.01,24.29,24.39,24.01,24.01,24.67,24.01,24.20,24.39,24.57,24.76,24.48,23.92,24.48,24.11,24.29,24.11,24.67,24.01,24.39,24.20,24.11,24.39,24.39,24.11,24.11,24.39,24.67,23.92,24.39,24.39,24.29,24.39,24.48,23.92,24.57,24.39,24.11,24.11,24.29,24.48,24.29,24.29,24.01,24.29,24.29,24.39,24.11,24.20,24.48,24.11,24.11,24.01,23.73,24.01,24.20,24.11,23.73,24.11,24.01,24.11,24.29,24.48,23.83,24.11,24.39,24.20,24.11,24.11,24.29,24.11,23.92,24.29,24.29,24.20,24.20,24.20,24.29,24.11,24.39,24.20,23.83,23.92,24.11,24.29,24.39,24.20,24.29,24.11,24.11,24.20,24.39,24.57,23.92,24.29,23.83,24.20,24.01,23.83,24.20
24.01,24.20,24.39,23.83,24.20,23.92,23.92,24.01,24.01,24.29,24.29,24.01,24.11,23.83,24.29,23.73,24.11,23.83,24.01,24.20,23.92,24.01,23.83,24.01,24.11,23.92,24.01,23.92,24.20,24.29,24.20,24.01,24.39,23.92,23.92,24.29,23.92,23.92,23.92,23.83,23.92,23.73,24.11,24.11,23.92,24.29,23.83,23.92,23.92,24.01,24.39,24.11,24.20,24.39,24.20,24.29,24.39,24.01,24.20,24.20,24.11,24.39,24.20,24.29,24.29,23.83,24.01,23.83,24.20,24.11,24.39,23.92,24.39,23.92,24.29,23.92,24.20,23.92,24.29,24.01,24.20,24.29,24.11,24.11,24.39,24.20,24.29,23.92,23.83,24.29,24.01,24.29,24.29,24.11,24.20,23.92,24.11,24.01,24.01,24.57,24.20,24.11,24.67,24.20,24.48,24.48,24.29,24.48,24.39,23.83,23.83,23.92,24.67,24.20,24.29,24.48,24.57,24.57,24.01,24.48,24.29,24.20,24.48,24.29,23.83,24.48,24.29,24.29,24.39,24.57,24.39,24.39,24.39,24.67,24.11,24.67,24.11,24.57,24.67,24.76,24.29,24.29,24.93,24.93,24.67,24.20,24.01,24.57,24.29,24.67,24.57,24.20,24.76,24.67,24.01,24.85,24.67,24.48,24.67,24.57,24.57,24.67,24.67,24.57,24.85,24.93,24.85,25.02,24.93,25.55,25.37,25.02,25.20,25.28,25.11,25.28,24.85,25.02,25.20,25.28,24.85,25.20,25.20,24.85,24.67,24.76,24.67,25.20,24.85,25.20,25.02,25.02,24.57,24.67,24.48,24.67,24.29,24.57,24.57,24.67,24.39,24.57,24.29,24.57,24.67,24.76,24.39,24.48,24.57,24.67,24.39,24.48,24.11,25.02,24.48,24.20,24.39,24.29,24.57,24.20,24.57,24.67,24.39,24.48,24.29,24.11,24.67,24.29,24.48,24.76,24.39,24.39,24.57,24.39,24.48,24.39,24.48,24.20,24.48,24.01,24.57,24.29,24.48,24.39,24.57,24.39,24.29,24.57,24.39,24.48,24.01,24.57,24.48,24.29,24.48,24.48,24.01,24.39,24.20,24.11,24.11,24.57,24.67,23.92,24.48,24.20,24.11,24.48,24.39,24.11,24.20,24.11,24.20,23.92,24.11,24.01,24.11,24.29,24.57,24.20,23.92,24.11,24.39,24.20,24.29,24.67,24.01,24.11,24.29,24.85,24.29,24.20,24.39,24.11,24.39,24.67,24.29,24.20,24.11,24.39,24.01,24.67,23.92,24.29,23.92,24.20,24.29,24.48,24.48,24.39,24.01,24.48,24.01,24.01,24.48,23.92,24.01,24.20,23.92,24.20,24.01,24.11,24.29,24.29,24.67,23.73,24.57,24.01,23.92,24.11,24.20,24.01,24.39,24.20,24.39,24.48,24.39,23.92,24.20,24.11,24.20,24.20,23.83,23.92,23.92,24.01,23.55,24.57,24.29,24.11,23.83,24.11,24.01,24.39,23.92,24.20,23.73,24.20,24.20,24.01,24.01,23.17,24.67,24.29,24.29,24.01,24.20,24.11,24.11,24.11,23.83,23.55,24.01,24.20,24.11,24.20,24.11,24.01,24.39,23.73,24.11,23.83
24.01,24.20,24.20,24.01,24.20,24.20,23.92,24.01,24.20,24.11,24.11,24.01,24.57,24.01,23.45,24.20,24.01,23.92,24.11,24.11,24.01,24.11,24.57,24.11,23.83,24.39,24.01,24.48,24.01,24.29,24.11,24.20,24.11,24.39,24.29,23.92,24.01,24.01,24.39,24.48,24.01,23.92,24.39,24.48,24.11,23.92,24.48,24.29,24.48,24.11,24.11,23.83,24.48,24.29,24.01,23.92,23.92,24.20,24.01,23.92,24.29,24.01,24.67,24.29,24.48,24.11,24.11,24.01,24.01,24.20,23.64,24.57,24.29,24.48,24.20,24.67,24.20,24.20,23.92,24.01,24.01,24.29,23.83,24.48,24.11,23.92,24.29,24.20,23.83,24.01,24.20,24.57,24.48,23.83,24.20,24.39,24.20,24.01,24.67,24.39,24.48,24.20,24.01,24.29,24.29,24.76,24.39,24.67,24.20,24.39,24.57,24.01,24.85,24.39,24.39,24.48,24.29,24.20,24.01,24.01,24.20,24.39,24.67,24.20,24.29,24.48,24.20,24.29,24.39,24.67,24.67,24.48,24.93,24.39,24.48,24.76,24.67,24.11,24.67,24.85,24.85,24.20,24.93,24.48,24.39,24.67,24.39,24.57,24.67,24.48,24.67,24.48,24.93,24.48,24.57,24.39,24.67,24.85,24.76,24.67,24.57,24.85,25.02,24.67,24.85,24.85,24.93,24.76,25.28,25.55,25.28,25.20,25.20,25.37,25.37,24.93,25.46,25.46,25.11,25.11,25.20,25.28,25.28,25.11,25.37,24.76,25.20,24.67,25.02,25.20,24.76,25.20,25.20,24.85,24.85,24.93,24.85,24.76,24.39,24.57,24.48,25.02,24.67,24.39,24.67,24.85,24.67,24.48,24.39,24.48,24.57,24.93,24.48,24.57,24.48,24.85,24.39,24.67,24.57,24.39,24.67,24.20,24.67,24.76,24.01,24.29,24.48,24.39,24.01,24.11,24.76,24.57,24.20,24.39,24.48,24.76,24.29,24.48,24.39,24.39,24.67,24.29,24.39,24.48,24.11,24.48,24.29,24.20,24.48,24.39,24.67,24.29,24.11,24.57,24.57,24.01,24.20,24.48,24.11,24.20,23.92,24.20,24.20,24.39,23.83,24.01,24.67,23.92,24.20,24.11,24.48,24.39,24.39,24.67,24.20,24.48,24.57,24.29,24.11,23.92,24.29,24.29,24.11,24.11,24.29,24.67,24.29,24.39,24.29,24.01,24.11,24.57,24.20,24.29,24.20,24.11,24.67,24.39,24.01,24.20,24.48,24.29,24.29,24.29,23.83,24.29,24.48,24.11,24.29,24.11,24.11,24.11,24.20,23.92,24.39,24.20,24.20,24.39,24.29,24.20,24.39,24.29,24.20,24.20,23.73,24.20,24.11,24.39,24.20,24.29,24.01,23.73,24.29,24.01,24.11,24.29,24.39,24.01,24.11,23.64,24.48,24.11,24.11,24.11,24.20,24.01,24.11,24.39,24.11,23.73,24.29,24.20,24.11,24.39,23.73,24.20,23.92,24.01,23.92,23.73,23.92,24.85,23.92,24.29,24.48,23.83,24.20,23.92,24.20,24.11,23.83,24.48,24.29,23.92,24.01,23.73,24.39,24.11,24.11,24.11,23.92,24.11
23.73,23.64,23.64,23.45,23.83,24.20,24.11,24.01,23.83,24.57,24.39,24.11,24.20,24.11,24.11,23.73,24.39,24.20,24.48,23.83,24.29,24.39,24.29,24.11,23.83,23.92,24.11,23.83,24.11,23.83,24.01,23.83,24.20,24.11,24.11,24.39,24.11,24.01,24.11,24.20,24.20,24.11,24.29,24.11,24.11,24.29,24.29,23.92,24.29,23.83,24.11,24.01,24.11,23.92,23.83,24.29,24.29,23.92,24.39,23.92,23.83,24.11,24.01,24.20,24.76,24.20,24.20,24.11,24.20,24.57,24.20,24.29,24.29,24.57,24.67,24.29,23.83,24.39,23.92,24.01,24.11,23.64,24.20,24.29,24.39,24.57,23.73,24.11,24.39,24.39,24.57,24.20,24.57,23.83,24.11,24.01,24.20,24.48,24.39,24.29,23.92,24.39,24.39,24.29,24.67,24.20,24.48,24.39,24.20,24.20,24.01,24.29,24.39,24.93,24.57,24.11,24.48,24.48,23.83,24.76,24.48,24.20,24.48,24.39,24.48,24.57,24.29,24.39,24.39,24.20,24.39,24.39,24.48,24.67,24.76,24.57,24.67,24.48,24.48,24.39,24.29,24.67,24.48,24.85,24.48,24.76,23.73,24.85,24.76,24.48,24.76,24.48,24.67,24.76,24.48,24.67,24.67,24.85,24.85,24.67,24.93,24.93,24.57,24.57,24.76,24.76,24.93,24.57,24.76,24.93,25.02,24.93,25.28,25.11,24.85,25.02,25.46,25.20,25.28,25.28,25.02,25.11,25.11,25.20,25.37,25.28,25.11,24.93,25.11,24.76,24.67,24.57,24.39,24.85,24.85,24.76,25.02,24.67,24.57,24.85,24.67,24.20,24.57,24.76,24.48,24.67,24.20,24.48,24.57,24.29,24.67,24.76,24.39,24.48,24.39,24.39,24.85,24.39,24.93,24.48,24.57,24.39,24.48,24.48,24.48,24.57,24.48,24.29,24.48,24.67,24.48,24.29,24.57,24.29,24.57,24.67,24.39,24.29,24.11,24.29,24.39,24.39,24.57,23.92,24.57,24.48,24.57,24.39,24.57,24.20,24.29,24.48,24.57,24.20,24.01,24.11,24.39,24.67,24.29,24.48,24.11,24.29,24.11,24.11,24.01,24.29,23.92,24.20,24.85,23.92,24.39,24.20,24.20,24.11,24.29,24.29,24.11,24.01,24.11,24.20,24.29,23.83,24.29,24.57,23.83,24.57,24.11,24.29,24.01,24.29,24.20,24.39,24.11,24.39,24.29,24.67,24.20,24.76,24.76,24.20,24.11,24.76,24.29,24.20,24.67,23.83,24.48,24.01,23.83,24.29,24.57,24.48,24.20,24.20,24.11,24.57,24.20,24.01,24.76,24.20,24.11,24.01,24.01,24.11,24.29,24.48,24.01,24.29,24.48,24.20,23.83,24.01,24.48,24.11,24.20,24.39,24.11,23.92,24.48,24.11,24.39,24.11,24.20,24.39,23.83,24.20,24.11,23.92,24.11,24.01,24.01,24.67,24.20,24.01,24.01,24.39,24.20,24.29,24.11,24.20,24.20,24.39,23.92,24.48,23.55,24.01,24.01,24.01,24.11,24.01,24.48,24.20,24.29,24.20,24.20,24.11,24.01,24.20,23.73,23.83,24.29,24.20
23.83,24.20,24.20,24.29,23.92,23.73,24.11,24.11,24.20,24.20,24.29,24.20,24.01,23.92,24.29,24.01,24.20,24.20,24.11,24.20,24.39,23.92,24.11,23.73,24.01,24.48,24.39,24.20,23.92,24.01,24.11,24.48,24.11,23.83,24.39,23.73,24.29,24.20,24.01,24.20,24.29,23.92,24.48,24.11,24.39,24.20,24.11,24.01,23.92,24.48,24.48,24.11,24.01,23.64,24.11,24.39,24.29,24.20,23.92,24.11,24.20,23.92,24.01,24.20,24.01,24.11,23.92,24.01,24.29,24.29,24.29,24.11,24.39,24.39,24.39,24.20,24.39,24.20,24.48,24.29,24.01,24.29,24.39,24.29,24.01,24.11,24.39,24.20,24.20,23.83,24.57,24.20,24.29,23.73,24.20,23.83,24.29,24.01,24.48,24.29,23.92,24.29,24.76,24.01,24.20,24.39,24.57,24.20,24.39,24.29,24.39,24.48,24.39,23.83,24.39,24.57,24.29,24.48,24.20,24.39,24.01,24.20,24.20,24.29,24.48,24.29,24.85,24.85,24.29,24.85,24.29,24.67,23.92,24.20,24.29,24.29,24.57,24.85,24.67,24.20,24.57,24.39,24.57,24.76,24.39,24.57,24.76,24.93,24.85,24.57,24.67,24.85,24.85,24.85,24.76,24.93,24.39,24.67,24.29,25.37,24.57,24.76,24.85,24.85,25.28,24.93,24.67,24.85,25.28,24.93,24.93,25.37,25.20,25.37,25.20,25.20,25.20,25.28,25.11,25.28,25.20,25.37,24.93,25.28,25.28,24.93,24.93,24.67,25.37,24.85,25.11,25.11,24.76,24.76,24.57,24.67,25.20,25.20,24.76,24.57,25.11,24.93,24.67,24.67,24.48,24.48,25.02,25.11,24.67,24.76,24.67,24.85,25.02,24.67,24.76,24.93,24.57,24.67,24.39,24.76,24.20,24.76,24.29,24.39,24.57,24.67,24.11,24.11,24.48,24.48,24.48,24.48,24.29,24.48,24.57,24.76,24.48,24.39,24.48,24.48,24.29,24.39,24.48,24.29,24.39,24.20,24.48,24.39,24.29,24.48,24.48,25.02,24.29,24.57,24.39,24.39,24.67,24.29,24.76,24.29,24.39,24.67,24.11,24.39,24.20,24.85,24.11,24.11,24.20,24.39,24.01,24.57,24.67,24.67,24.11,24.39,24.67,24.67,24.11,24.29,24.48,24.39,24.57,24.39,24.11,24.11,24.67,24.01,24.20,24.67,24.29,24.20,24.20,24.11,24.01,24.39,24.29,24.39,24.29,24.39,24.67,24.20,24.29,24.39,24.57,24.29,23.92,24.11,24.29,24.20,24.11,24.01,24.01,24.29,24.01,24.39,24.20,24.01,24.29,24.29,24.11,24.11,24.39,24.11,24.29,24.39,24.20,24.20,24.01,24.20,24.11,24.11,24.29,24.39,24.29,23.64,24.48,24.01,24.29,23.92,24.76,24.29,24.20,24.39,24.29,23.92,24.20,24.20,24.39,24.11,23.83,24.01,24.01,24.11,24.11,23.83,24.01,24.20,23.83,24.48,23.92,24.01,23.83,24.39,24.01,23.92,24.11,24.39,24.11,24.39,24.20,24.39,24.20,23.55,24.20,23.92,24.39,24.39,23.83,23.83,24.01,23.83
24.20,24.29,23.92,23.92,24.29,24.39,24.39,24.39,24.29,24.20,24.48,24.11,24.57,24.01,24.20,24.20,24.01,24.20,24.11,24.20,24.20,24.20,23.73,24.01,24.39,23.92,23.92,24.39,24.57,24.11,24.20,24.57,23.83,23.73,24.29,24.11,24.29,24.01,24.01,24.01,24.29,24.01,24.29,24.01,23.83,24.39,23.92,24.01,24.48,24.01,24.11,24.20,23.92,24.57,24.29,23.92,24.29,24.01,24.01,24.11,24.01,24.11,24.29,24.01,24.11,24.01,23.83,23.92,24.20,24.29,24.20,24.01,24.01,24.20,24.57,24.29,24.48,23.92,23.92,24.11,24.67,24.57,24.20,24.11,24.01,24.39,24.48,23.83,24.29,24.01,24.20,23.83,24.20,24.20,24.20,24.39,24.20,23.92,24.39,24.48,24.67,23.83,24.57,24.48,24.11,24.48,24.29,24.57,24.57,24.39,24.57,24.39,24.11,24.39,24.67,24.76,24.01,24.93,24.48,24.39,24.20,24.29,24.85,24.85,24.67,24.57,24.29,24.57,24.20,24.67,24.85,24.39,24.48,24.48,24.20,24.85,24.39,24.57,24.29,24.57,24.67,24.85,24.85,24.67,25.02,24.93,24.39,24.85,24.67,24.57,24.85,25.11,24.67,24.48,24.67,24.93,24.76,24.48,24.93,25.28,24.76,24.48,24.48,24.85,25.28,24.93,24.85,24.67,24.93,25.20,24.85,25.28,25.28,25.46,25.02,25.11,25.28,25.11,25.20,25.11,25.37,25.11,24.93,25.02,25.37,25.28,25.02,24.67,25.02,24.85,25.37,25.11,24.93,24.67,24.85,24.67,24.20,25.11,24.85,24.67,24.67,24.85,24.39,24.85,24.57,24.57,24.67,24.39,24.57,24.39,24.57,24.67,24.67,24.57,24.29,24.67,24.67,24.29,24.48,24.76,24.67,24.48,24.57,24.39,24.48,24.39,24.20,24.48,24.39,24.29,24.48,24.39,24.85,24.67,24.01,24.57,24.11,24.57,24.20,24.39,24.29,24.76,24.48,24.48,24.29,24.20,24.01,24.39,24.39,24.57,24.29,24.67,24.39,24.48,24.01,24.48,24.11,24.39,24.48,24.57,24.39,24.48,24.29,23.92,23.92,24.01,24.39,24.48,24.11,24.20,24.48,24.57,24.57,24.20,24.39,24.29,24.39,24.01,24.39,24.39,24.11,24.01,24.39,24.20,24.76,24.39,24.20,24.29,23.92,24.20,24.39,24.57,24.57,24.11,24.48,24.20,24.48,24.20,24.20,24.48,24.57,24.48,24.29,23.64,24.29,24.39,24.29,24.20,24.29,24.57,24.11,24.20,24.11,24.11,24.29,24.11,24.20,24.01,24.11,24.48,24.29,24.29,24.11,24.29,24.57,24.29,23.92,24.01,23.92,24.11,24.29,24.39,24.76,24.48,24.48,24.20,24.20,24.01,24.29,24.11,24.48,24.39,24.11,24.01,24.11,24.11,24.29,24.29,24.39,24.39,24.11,24.20,24.29,24.20,24.29,23.64,24.11,23.83,23.92,24.48,24.11,24.11,24.01,23.92,23.92,24.57,24.01,24.11,24.11,24.11,23.83,24.11,24.39,23.64,24.11,23.92,24.29,23.55,24.01,24.39,23.92,23.83
24.11,24.11,24.01,24.01,24.11,24.11,24.01,24.20,24.11,24.20,24.39,23.92,24.11,23.36,24.01,24.76,24.11,24.67,24.20,24.20,24.01,24.48,24.01,24.11,23.92,24.29,23.92,24.20,23.92,23.92,23.92,24.01,24.01,24.48,24.01,24.48,24.11,24.67,24.01,24.01,24.20,23.92,24.01,24.39,24.11,24.11,24.11,23.92,24.29,24.29,23.83,23.92,24.11,24.48,23.92,24.20,24.29,24.11,24.57,24.29,24.39,23.83,24.39,24.01,24.48,23.92,24.01,24.39,23.92,24.20,23.92,24.57,24.48,24.39,24.48,24.29,24.11,24.67,23.55,24.39,24.01,24.48,23.73,24.39,24.01,24.11,24.29,24.29,24.39,24.11,24.01,24.01,24.48,24.20,24.20,23.92,24.11,24.39,24.29,24.29,24.20,24.39,23.83,24.20,24.11,24.57,24.39,23.92,24.39,24.76,24.76,24.20,24.48,24.93,24.39,24.01,24.29,24.39,24.39,24.48,24.20,24.39,24.39,24.29,24.01,24.48,24.39,24.29,24.39,24.29,24.85,24.67,24.76,24.48,24.39,24.20,24.29,24.48,24.85,24.48,24.20,24.48,24.67,24.67,24.85,24.57,24.29,24.29,24.67,24.57,24.76,24.67,24.93,24.85,24.67,24.57,24.48,24.57,24.93,24.76,24.76,24.76,24.76,24.76,24.85,24.57,24.93,24.93,24.93,25.37,25.02,24.93,25.28,25.28,25.28,25.37,25.55,25.46,24.93,25.28,24.93,25.28,24.85,25.20,24.85,24.85,25.37,25.37,24.93,25.11,25.11,25.02,25.02,24.93,24.67,24.93,24.85,24.76,24.57,24.76,24.29,24.48,24.67,24.85,24.67,24.57,24.48,24.57,24.76,24.48,24.76,24.67,24.39,24.85,24.39,24.39,24.20,24.48,24.57,24.67,24.67,24.57,24.48,24.76,24.39,24.48,24.39,24.20,24.48,24.48,24.57,24.67,24.29,24.20,24.29,24.57,24.20,24.20,24.57,24.57,24.39,24.39,24.48,24.39,24.29,24.57,24.39,24.67,23.92,24.48,24.48,24.39,24.76,24.39,24.48,24.57,24.11,24.48,24.48,24.39,24.29,24.29,24.01,24.48,24.67,24.76,24.29,24.48,24.20,24.01,24.48,24.29,24.57,24.57,24.39,23.92,24.20,24.01,24.39,24.29,24.39,24.01,24.39,24.29,24.39,24.57,24.20,24.01,24.11,24.20,23.64,24.11,24.11,23.92,24.20,24.39,24.39,24.11,24.20,24.11,24.48,24.48,24.39,24.29,24.20,24.29,24.48,24.01,24.20,24.11,24.29,24.39,24.39,24.48,24.29,24.01,24.29,24.11,24.39,24.29,24.48,24.57,24.29,24.11,24.85,24.01,24.11,24.39,23.92,24.01,23.64,24.20,23.92,24.48,24.20,24.11,24.11,24.39,24.39,24.39,24.20,23.92,24.48,24.01,24.11,24.11,24.29,24.20,24.01,23.92,24.01,24.01,23.83,24.11,24.01,24.39,24.29,24.20,24.20,24.11,24.85,23.92,24.01,24.01,23.83,24.20,24.01,23.64,24.11,24.29,23.92,24.11,24.11,24.39,24.11,24.01,24.48,23.92,24.20,23.64,24.20,24.29
24.11,24.20,24.01,23.92,23.64,24.39,24.01,24.01,24.01,24.20,24.01,23.83,24.20,23.92,24.11,24.20,24.29,23.92,24.11,24.11,24.01,23.83,24.01,24.01,23.83,24.11,24.01,24.20,24.11,23.92,23.92,24.39,24.01,24.29,23.64,24.29,24.01,24.11,24.48,23.92,24.29,24.11,24.11,24.01,24.29,24.39,24.20,24.39,24.11,24.01,24.01,24.11,24.01,24.29,23.92,23.92,24.57,24.39,23.92,24.20,24.20,24.48,24.20,24.01,24.11,24.39,24.39,24.01,24.39,24.39,24.48,24.48,24.11,24.39,24.48,23.64,24.48,24.57,24.39,24.29,24.20,24.67,24.39,24.76,24.29,24.29,24.11,24.57,24.29,24.20,24.29,23.92,24.29,24.39,24.29,24.29,24.29,24.29,24.29,24.39,24.48,24.29,23.92,24.20,24.57,24.29,24.48,24.20,24.11,23.92,24.29,24.39,24.20,24.29,24.20,24.39,23.64,24.39,24.01,24.20,24.11,24.76,24.48,24.67,24.39,24.48,24.01,24.29,24.76,24.67,24.48,24.67,24.57,24.29,24.76,24.67,23.83,24.11,24.57,24.39,24.29,24.20,24.39,24.48,24.57,24.48,24.39,24.93,24.76,24.39,24.57,24.67,24.76,24.85,24.67,24.39,24.76,24.11,24.39,24.85,24.67,24.67,24.67,24.85,24.85,24.93,25.11,24.67,25.02,24.85,25.46,25.28,24.67,25.02,24.93,25.37,25.28,25.37,25.11,25.11,25.20,25.37,25.28,25.20,25.37,25.20,25.28,25.28,25.02,24.93,24.76,25.02,25.02,24.85,25.11,24.76,24.48,24.67,24.48,24.93,24.67,24.76,24.85,24.48,24.67,24.48,24.48,24.29,24.85,24.48,24.67,24.76,24.57,24.48,24.48,24.76,24.39,25.02,24.39,24.20,24.76,24.57,24.39,24.39,24.48,24.11,24.76,24.57,24.67,24.29,24.48,24.48,24.85,24.57,24.39,24.48,24.57,24.39,23.92,24.29,24.48,24.67,24.57,24.29,24.20,24.29,24.57,24.29,24.39,24.67,24.11,24.48,24.57,24.67,24.57,24.39,24.11,24.11,24.20,24.11,24.29,24.29,24.39,24.11,24.11,24.20,24.29,23.92,24.01,24.20,24.01,24.20,24.39,24.39,24.39,24.11,24.39,24.39,24.29,24.57,24.11,24.29,24.48,24.01,24.20,24.76,24.29,24.29,24.39,24.11,24.67,24.01,24.20,24.20,24.29,24.29,24.48,24.48,24.20,24.29,24.11,24.67,24.48,24.29,24.57,24.57,24.57,24.20,24.20,24.29,24.20,23.83,24.20,24.39,24.39,24.48,24.29,23.45,24.39,24.29,24.11,24.29,24.11,24.11,24.11,24.01,23.92,24.39,24.39,23.92,24.11,24.11,24.11,23.92,24.11,24.20,23.92,24.85,24.11,24.20,24.20,23.73,24.39,23.92,24.01,24.01,23.92,23.55,24.01,23.92,24.29,24.20,24.11,24.01,24.20,24.20,23.83,24.01,24.29,24.57,24.29,24.11,23.92,23.92,24.01,24.29,24.29,24.29,24.11,23.92,24.11,24.39,24.39,23.92,24.20,24.11,24.11,24.01,23.83,24.20,23.83,23.83
23.92,24.76,23.73,23.92,24.11,24.29,24.20,23.92,24.20,24.11,24.29,24.01,23.92,24.11,24.11,24.11,24.20,24.20,24.11,24.01,23.92,23.92,24.48,24.01,24.01,23.83,24.20,24.20,23.83,24.01,24.01,23.73,24.11,24.11,23.83,24.11,23.73,24.29,24.11,24.20,23.92,24.01,24.57,23.92,24.29,24.01,24.39,24.11,24.01,24.20,24.39,24.11,24.20,24.01,24.39,24.29,24.39,24.11,24.20,24.20,23.73,24.57,24.39,24.39,23.83,24.39,24.01,24.76,24.39,24.57,24.29,24.11,24.29,24.20,23.73,24.20,24.20,24.01,24.48,23.92,24.39,24.20,24.11,24.39,24.11,24.57,24.01,24.48,23.92,24.20,24.48,24.57,24.48,24.39,24.29,24.11,24.93,24.20,24.29,24.11,24.39,24.57,24.11,24.20,24.57,24.48,24.20,24.39,24.29,24.48,24.57,24.01,24.01,24.57,24.29,24.11,24.20,24.01,24.29,24.01,24.67,24.29,24.67,24.39,24.57,24.48,24.29,24.39,24.57,24.20,24.48,24.57,24.76,24.67,24.93,24.29,24.67,24.48,24.67,24.93,24.57,24.57,24.76,24.76,24.67,24.76,24.76,24.39,24.57,24.67,24.11,24.76,24.48,24.76,24.76,24.76,24.76,24.67,24.67,25.11,24.85,24.67,24.93,25.37,25.02,24.93,24.48,24.85,25.11,24.85,25.28,25.37,25.20,25.20,25.37,25.55,25.46,25.37,25.11,25.02,25.55,24.85,25.55,25.11,25.28,25.28,25.28,24.85,25.11,24.93,25.20,24.85,25.20,24.93,24.93,24.67,24.48,24.76,24.93,24.39,24.57,24.93,25.02,24.57,24.76,24.57,24.39,25.02,24.67,24.57,24.67,24.67,24.57,24.48,24.29,24.57,24.29,24.67,24.39,24.76,24.20,24.57,24.67,24.39,24.48,24.29,24.76,24.11,24.67,24.57,24.29,24.39,24.20,24.39,24.01,24.20,24.39,24.39,24.29,24.93,24.67,24.93,24.57,24.01,24.67,24.93,24.20,24.39,23.92,24.67,24.01,24.39,24.57,24.39,24.48,24.29,24.01,24.39,24.29,24.20,24.48,24.48,24.20,24.39,24.39,24.67,24.39,24.01,24.39,24.20,24.20,24.11,24.11,24.11,24.48,24.01,24.29,24.29,24.20,24.11,24.11,24.20,24.48,24.48,24.20,24.11,24.20,24.48,24.01,24.29,24.29,24.57,24.01,24.11,23.92,24.29,24.29,24.29,23.92,24.20,24.20,24.67,24.29,24.20,24.01,24.20,24.11,24.11,23.64,24.48,24.11,24.01,24.39,24.01,24.11,24.11,24.29,24.20,24.48,24.29,24.48,24.20,24.39,23.92,24.11,24.20,24.29,23.73,24.20,24.57,24.29,23.83,24.01,24.29,24.11,24.01,23.92,24.01,24.01,24.11,24.29,24.01,24.11,23.92,24.11,24.39,23.64,24.48,24.11,24.11,24.39,24.29,24.01,23.92,23.83,24.29,24.01,23.92,24.20,24.01,24.01,24.11,24.01,24.01,23.83,23.73,23.92,24.11,24.01,24.01,23.64,24.20,24.11,23.92,24.29,24.11,23.92,24.01,24.01,24.20,23.83,24.29
24.11,24.01,24.85,24.29,24.11,24.01,23.55,23.64,24.01,23.36,24.20,24.11,23.83,23.45,24.20,24.01,23.92,24.11,24.01,24.48,24.48,24.29,24.01,23.55,24.67,24.20,24.48,24.01,23.83,24.01,23.92,23.83,24.39,24.11,24.11,24.39,24.01,24.11,24.48,23.92,24.01,24.11,24.20,24.39,24.39,24.48,24.01,24.01,24.39,23.36,24.48,24.57,24.20,24.11,23.83,24.11,24.39,24.20,23.92,24.11,24.01,24.48,23.83,24.48,23.64,24.20,24.29,24.29,23.83,24.20,24.20,24.01,24.29,24.48,24.20,24.67,24.20,24.39,23.73,24.29,24.11,24.48,24.48,24.29,24.57,24.11,24.39,24.48,24.67,24.48,24.11,24.39,24.39,24.11,24.29,24.57,24.29,24.11,24.39,24.20,23.83,24.20,24.85,24.29,24.11,24.67,24.29,24.11,24.57,24.39,24.57,24.01,24.76,24.29,24.29,24.39,24.20,24.20,24.39,24.48,24.48,24.20,24.39,24.57,24.11,24.29,24.20,24.39,24.39,24.39,24.20,24.48,23.92,24.67,24.57,24.76,24.29,24.20,24.76,24.29,24.39,24.67,24.39,24.67,24.57,24.48,24.11,24.85,24.29,24.85,24.48,24.76,24.93,24.57,24.76,24.48,24.93,24.85,24.85,25.11,24.48,24.67,24.67,24.67,24.76,24.85,25.11,25.20,24.93,25.20,25.37,24.93,24.93,25.37,25.81,25.63,25.20,25.37,25.63,25.20,24.93,25.20,25.55,25.20,25.55,25.28,25.28,25.20,24.85,25.11,25.20,24.67,24.57,24.76,24.85,25.02,24.76,24.76,24.85,24.85,24.39,24.57,24.76,24.67,24.76,24.67,24.57,24.67,24.57,24.39,24.57,24.57,24.39,24.29,24.48,24.57,24.57,24.20,24.76,24.48,24.93,24.57,24.48,24.48,24.01,24.11,24.48,24.57,24.39,24.48,24.39,24.39,24.57,24.29,24.57,24.48,24.01,24.67,24.48,24.76,23.92,24.57,24.11,24.29,24.85,24.57,24.11,24.39,24.11,24.57,24.20,24.20,24.39,24.29,24.11,24.11,24.11,24.20,24.48,24.48,24.01,24.39,24.48,24.39,24.01,24.57,24.67,24.39,24.20,24.20,24.20,24.85,24.29,24.39,24.48,24.85,24.11,24.11,24.48,24.20,24.20,24.67,24.39,24.39,24.39,24.76,24.01,24.20,24.20,24.57,24.20,24.01,24.11,24.01,24.11,24.20,24.11,24.20,24.29,24.67,24.48,24.39,24.11,24.11,24.11,24.29,24.11,24.29,24.01,24.39,24.01,23.92,24.29,23.83,24.20,24.29,24.11,24.01,24.39,24.20,24.39,24.29,24.11,24.01,24.39,24.01,24.20,24.20,24.20,24.11,24.01,23.92,24.39,24.48,24.48,24.11,24.20,24.48,24.29,24.20,24.39,24.57,23.92,24.11,24.29,24.29,23.92,24.20,23.73,24.11,24.11,24.11,24.57,24.01,23.83,24.11,24.48,24.11,24.20,24.20,24.48,24.39,24.01,24.20,23.73,24.20,24.57,24.20,24.01,24.29,24.39,24.01,24.20,24.20,24.39,24.01,24.11,24.20,24.29,24.11,23.92,24.11
23.73,24.20,24.11,24.39,24.11,24.39,23.83,24.67,24.11,24.29,24.11,23.55,24.20,23.83,24.01,24.57,23.73,24.11,24.11,23.64,24.67,24.57,24.39,24.20,24.11,24.29,23.64,24.11,24.01,24.48,24.11,23.92,24.11,24.01,24.11,23.92,23.73,24.01,23.83,24.48,24.01,23.73,23.83,24.39,24.29,24.20,24.11,24.29,23.92,24.29,24.29,23.83,23.83,23.83,24.39,24.29,24.01,23.83,23.92,24.39,24.20,24.20,23.83,24.01,23.83,24.01,24.39,24.39,23.92,24.48,24.29,24.20,24.29,24.29,24.39,24.39,24.20,24.01,24.01,23.64,24.20,24.57,24.20,24.39,24.39,24.11,24.29,24.39,24.48,23.83,24.29,24.29,23.83,24.11,24.39,24.39,24.20,24.29,24.67,24.57,24.11,24.39,24.20,24.67,24.48,24.57,24.20,24.20,24.20,24.39,23.73,24.67,24.39,24.11,24.11,24.39,24.57,24.48,24.20,24.29,24.48,24.29,24.48,24.20,24.39,24.39,24.11,24.01,24.39,24.29,24.48,24.29,24.67,24.67,24.29,24.57,24.01,24.67,24.29,24.57,24.48,24.57,24.67,24.76,24.67,24.67,24.29,24.67,24.67,24.67,24.67,24.48,24.93,24.01,24.67,24.48,24.39,24.48,24.76,24.57,24.85,24.93,25.20,24.93,24.57,24.57,24.67,25.02,25.11,24.93,25.37,25.28,25.37,25.28,25.63,25.55,25.63,25.37,25.20,25.28,24.85,25.37,25.28,25.28,25.37,25.46,25.37,25.28,25.37,25.20,24.76,25.37,24.85,24.76,25.11,24.57,24.85,24.67,24.39,24.57,24.67,24.29,24.39,24.67,24.57,24.67,24.57,24.48,24.48,24.48,24.85,24.67,24.48,24.39,24.76,24.48,24.29,24.39,24.20,24.57,24.57,24.39,24.01,24.20,24.39,24.48,24.39,24.48,24.39,24.67,24.29,24.39,24.39,24.20,24.39,24.57,24.67,24.20,24.76,24.39,24.39,24.48,24.57,24.20,24.57,24.85,24.48,23.92,24.29,23.92,24.29,24.39,24.57,24.57,24.39,24.29,24.57,24.20,24.39,24.48,24.29,24.76,24.76,24.11,24.39,24.57,24.39,24.20,24.39,24.20,24.57,24.11,24.67,24.39,24.85,24.67,24.39,24.39,24.39,24.29,24.29,24.20,24.29,24.20,24.39,24.76,23.92,24.48,24.57,24.57,24.48,24.20,24.48,24.20,24.57,24.20,24.11,24.48,24.20,24.39,24.39,24.48,24.11,24.20,24.39,24.39,24.20,24.20,24.01,24.39,24.29,24.01,24.29,24.20,23.55,24.20,24.48,24.11,24.20,24.11,24.39,24.11,24.01,24.29,24.57,24.67,24.29,24.11,24.20,24.20,24.20,24.11,24.11,24.20,24.29,23.92,24.20,24.39,24.20,24.67,24.29,24.29,24.01,24.39,24.01,24.48,24.48,24.20,23.92,23.55,24.01,24.29,24.29,24.01,24.48,23.92,24.29,24.29,24.20,24.20,24.01,24.29,23.92,24.39,24.11,23.92,23.45,24.29,24.01,24.39,24.29,24.11,23.92,24.20,24.01,23.92,23.64,23.92,23.73,23.73,24.20,24.01
23.64,24.20,24.01,24.11,23.73,24.11,23.92,23.92,23.83,24.11,23.92,24.01,23.92,24.01,24.29,24.01,24.11,23.92,23.92,23.92,24.11,24.20,24.01,24.20,24.20,24.01,23.83,24.11,24.11,23.83,24.20,24.11,24.20,24.48,24.11,24.57,23.92,23.83,24.01,23.92,24.11,24.01,24.01,24.01,24.11,24.11,23.92,24.48,24.29,23.73,24.29,24.29,24.29,24.29,24.11,24.01,23.64,24.29,23.83,24.29,24.29,24.20,24.11,24.11,24.01,23.92,24.01,23.92,24.20,24.20,24.29,24.20,24.29,24.48,24.11,23.73,24.29,24.11,23.64,23.92,24.29,23.83,23.83,24.11,24.11,24.20,24.29,24.39,24.11,24.29,24.39,23.92,24.57,24.29,24.01,24.29,24.29,24.29,24.48,24.29,24.48,24.39,24.11,24.20,24.39,24.11,24.29,24.11,23.83,24.11,24.20,24.01,24.29,24.48,24.29,24.29,24.29,24.29,24.39,24.20,24.67,24.85,24.20,24.01,24.01,24.39,24.20,24.39,24.29,24.48,24.76,24.39,24.29,24.67,24.20,24.48,24.57,24.20,24.39,24.48,24.48,23.92,24.29,24.67,24.57,24.48,24.93,24.48,25.02,24.76,24.67,24.67,24.93,24.57,24.85,24.11,24.57,24.93,24.93,24.85,24.48,25.11,25.11,25.37,24.57,24.39,24.76,25.46,25.20,25.28,25.28,25.55,25.63,25.20,25.20,25.02,25.11,25.63,25.81,25.28,25.46,25.11,25.20,25.11,25.28,25.46,25.28,24.85,25.11,25.20,24.85,25.20,24.93,25.02,24.93,24.67,25.28,24.85,24.48,24.57,24.39,24.67,24.57,24.48,24.48,24.67,24.39,24.67,24.76,24.11,24.48,24.85,24.29,24.48,24.85,24.57,24.39,24.11,24.29,24.29,24.39,24.39,24.76,24.39,24.39,24.39,24.67,24.39,24.67,24.11,24.57,24.93,24.57,24.48,24.57,24.39,24.20,24.39,24.29,24.39,24.48,24.39,24.39,23.83,23.83,24.39,24.39,24.48,23.55,23.92,24.29,24.48,24.29,24.39,23.83,24.57,24.29,24.39,24.20,24.01,24.76,24.29,24.57,24.11,24.48,24.29,24.29,24.48,24.29,24.11,24.39,24.11,24.57,24.01,24.29,24.39,24.11,24.20,24.29,24.29,24.20,24.57,24.39,24.11,24.29,24.67,24.39,24.29,24.48,24.39,24.11,24.48,24.39,24.48,24.01,24.20,24.20,24.67,24.01,24.20,24.29,24.20,24.11,24.48,24.11,24.20,24.11,24.01,24.29,24.01,24.57,23.92,24.39,24.11,24.11,24.20,24.20,24.11,24.76,24.01,23.73,24.39,24.48,24.01,24.11,24.20,24.11,24.01,24.39,24.11,23.83,24.29,24.39,24.39,24.01,24.01,24.01,23.92,24.11,23.83,23.92,24.57,24.29,24.11,24.29,24.20,24.20,24.20,24.20,24.20,24.39,24.01,23.92,24.57,24.01,24.01,24.11,24.01,24.01,24.11,24.29,23.73,24.11,23.83,24.11,24.11,23.92,24.20,24.01,24.01,23.55,24.11,24.11,24.11,24.11,24.11,24.11,24.11,23.83,24.11,23.92,24.20
24.11,24.11,24.01,24.29,24.01,24.01,24.20,24.01,24.20,24.01,24.01,24.11,24.29,24.01,24.29,24.11,24.20,23.92,23.83,23.92,23.73,24.20,24.29,24.29,24.11,23.83,23.83,24.20,24.39,23.73,24.39,24.39,24.11,23.83,24.01,24.39,23.92,24.01,24.01,24.01,23.92,23.64,24.57,24.29,24.20,24.39,23.73,24.01,24.11,23.83,24.01,23.73,24.20,23.64,24.20,23.92,24.48,24.48,24.29,24.01,24.20,24.57,24.39,24.48,24.57,23.83,23.92,24.29,24.57,24.01,24.39,24.29,24.01,24.39,24.39,24.01,24.01,24.29,24.39,23.92,24.39,24.29,24.20,24.29,24.29,23.92,24.67,24.11,24.11,24.39,24.20,24.39,24.29,23.92,24.29,23.83,24.57,24.20,24.39,24.29,24.39,24.29,24.20,24.11,24.11,23.83,24.29,24.11,23.92,24.29,24.29,24.11,24.01,24.20,25.02,24.20,24.29,24.57,23.73,24.29,24.11,24.48,24.20,24.29,24.57,24.48,24.39,24.48,24.39,24.29,24.39,24.39,24.29,24.29,24.29,24.85,24.29,24.67,24.85,24.57,24.67,24.39,24.39,24.20,24.29,24.39,24.48,24.29,24.39,24.48,24.48,24.76,24.76,24.67,24.76,24.67,24.85,25.02,24.76,24.29,24.57,24.57,24.76,24.93,24.93,24.85,24.85,24.67,24.76,25.11,25.02,25.46,25.37,25.55,25.46,25.20,25.72,25.20,25.37,25.20,25.02,24.93,25.37,25.37,25.28,25.72,25.20,24.76,25.11,25.37,24.85,25.02,24.57,24.76,24.76,24.67,24.67,24.48,24.39,24.76,24.57,24.57,24.76,25.11,24.67,24.67,24.67,24.48,24.29,24.67,24.57,24.93,24.76,24.57,24.76,24.57,24.67,24.48,23.83,24.76,24.85,24.39,24.67,24.67,24.48,24.57,24.48,24.39,24.39,24.57,24.29,24.48,24.29,24.48,24.20,24.39,24.48,24.39,24.48,24.48,24.29,24.48,24.57,24.67,24.39,24.39,24.29,24.48,24.11,24.48,24.39,24.39,24.29,24.39,24.29,24.39,24.29,24.01,24.20,23.64,24.11,24.29,24.48,24.67,24.29,24.29,24.67,24.76,24.39,24.01,23.92,24.11,24.29,24.76,24.11,24.57,24.39,24.57,24.48,24.11,23.83,24.48,24.29,24.11,24.20,24.57,24.20,24.01,24.01,24.57,24.76,24.39,24.39,24.29,24.20,24.01,24.48,24.29,24.39,23.92,24.11,23.92,24.67,24.11,24.29,24.29,24.11,24.11,23.83,24.11,24.29,24.29,24.20,24.39,24.48,24.20,24.11,24.57,24.39,24.20,24.20,24.20,24.39,23.92,24.11,24.01,24.20,24.11,24.01,24.01,23.73,24.11,23.83,24.93,24.11,24.39,24.11,24.11,24.39,24.39,24.11,23.64,24.20,23.92,24.29,24.20,23.83,23.92,24.01,24.20,24.29,24.01,24.29,23.83,23.92,24.39,24.29,24.11,24.01,24.29,23.92,24.39,23.83,23.92,24.01,23.83,24.11,24.20,24.01,24.11,24.20,24.29,24.29,23.83,24.11,24.20,23.92,23.73,24.11,24.20,23.64,23.92
24.01,23.64,24.01,24.57,24.11,23.64,23.73,24.01,23.64,24.11,24.20,24.01,24.20,24.01,24.11,24.11,24.11,24.20,23.83,23.83,23.55,23.92,24.01,24.20,23.73,24.57,24.11,24.01,23.83,23.83,24.11,24.29,23.83,24.39,24.11,23.92,23.92,24.01,24.39,24.29,24.20,24.11,24.20,23.92,23.83,24.29,24.11,24.29,24.01,24.20,23.92,23.92,24.20,23.73,23.73,24.11,24.39,24.11,24.01,24.20,24.29,24.20,24.29,24.39,24.20,24.11,23.83,24.20,23.55,24.48,24.11,24.01,24.48,23.92,24.01,24.29,24.29,24.39,23.92,24.01,24.29,23.92,24.11,24.29,24.29,23.92,24.20,24.29,24.11,24.29,24.48,24.39,24.20,24.11,24.11,24.29,24.48,24.76,24.20,24.85,23.92,24.39,24.29,24.20,24.48,24.39,24.11,24.01,24.29,24.11,24.11,24.29,24.39,24.11,24.20,24.11,24.48,24.39,24.29,24.29,24.48,24.29,24.39,24.11,24.20,24.01,24.29,24.29,24.39,24.20,24.85,24.39,24.76,24.57,24.29,24.57,24.57,24.85,24.39,25.11,24.57,24.20,24.76,24.29,24.29,24.11,24.48,24.20,25.02,24.39,24.57,24.67,24.39,24.76,24.48,24.57,24.67,25.37,24.48,24.93,24.57,24.76,24.67,25.11,24.76,24.67,25.02,25.46,25.11,24.85,25.46,25.02,25.37,25.63,25.63,25.88,25.63,25.37,25.28,25.37,25.28,25.11,24.93,25.37,25.28,25.37,25.37,25.46,25.02,25.20,24.85,24.85,25.02,24.85,24.93,24.57,25.20,24.29,24.39,24.76,24.48,24.57,24.57,24.76,24.67,24.93,24.57,24.39,24.93,24.76,24.29,24.48,24.48,24.29,24.29,24.20,24.29,24.11,24.48,24.29,24.85,24.57,24.48,24.67,24.29,24.29,24.39,24.48,24.57,24.48,24.29,24.20,24.67,24.39,24.39,24.29,24.48,24.57,24.57,24.01,24.11,24.11,24.48,23.92,24.20,24.20,24.39,24.11,23.92,24.39,24.48,24.48,24.01,24.57,24.48,24.29,24.57,24.29,24.39,24.11,24.67,24.39,24.11,24.11,23.92,24.39,24.20,24.20,24.29,24.11,24.01,24.39,24.20,24.11,24.20,24.29,24.48,24.20,24.67,24.11,24.20,24.20,24.85,24.48,24.48,24.20,24.01,24.29,24.01,24.11,24.11,24.01,24.67,25.02,24.39,24.20,24.48,23.92,24.11,24.11,24.20,24.39,24.29,24.39,24.48,24.29,24.48,24.20,24.39,24.29,24.29,24.29,24.29,24.39,24.11,24.11,24.01,24.20,24.39,24.20,23.92,24.20,24.48,24.57,24.48,24.39,24.11,23.64,23.73,24.39,24.20,23.92,24.01,23.92,24.01,24.20,24.20,24.29,24.01,23.92,24.11,24.11,24.20,24.29,24.29,23.73,24.20,24.11,24.11,24.29,23.83,24.29,24.01,23.83,24.57,23.92,24.29,24.11,24.11,24.11,23.92,24.11,24.11,24.20,24.20,23.92,23.45,24.01,24.20,24.29,24.01,23.64,23.83,24.11,23.92,24.01,24.11,23.92,23.92,23.92,24.01,24.29
23.73,23.92,24.20,23.92,23.73,24.01,24.01,23.92,24.39,24.01,24.11,24.01,24.01,23.73,24.67,24.01,24.20,24.11,24.11,24.01,23.73,24.39,24.11,24.01,24.20,23.73,23.92,23.83,24.39,24.11,24.20,24.11,24.48,24.11,24.11,24.11,23.92,24.11,23.92,23.83,24.01,24.48,24.01,24.01,24.39,24.67,24.01,24.11,24.01,24.11,24.29,24.20,24.01,24.39,23.83,24.11,24.29,24.11,24.29,24.39,24.01,24.29,23.83,24.01,24.29,23.92,23.83,23.83,24.11,24.39,24.39,24.39,24.67,24.20,24.01,24.29,24.39,24.20,24.29,23.73,24.48,24.39,24.11,24.20,23.92,23.83,24.48,24.39,24.29,24.29,24.39,24.29,24.29,24.11,24.29,24.20,24.20,24.48,24.39,24.29,23.83,24.39,24.20,24.01,24.57,24.29,24.20,24.20,24.48,24.39,23.92,24.01,24.39,24.01,24.39,24.39,24.48,24.48,24.48,24.20,23.83,24.39,24.48,24.39,24.29,24.67,24.20,24.57,24.57,24.57,24.29,24.57,24.11,24.57,23.92,24.29,24.76,24.11,24.48,24.29,24.67,24.11,24.67,24.85,24.57,24.57,24.67,24.48,24.85,24.48,24.57,24.57,24.85,24.76,24.57,24.67,25.11,24.67,24.85,24.76,24.11,25.28,24.85,24.76,24.76,25.28,24.93,25.02,24.85,25.37,25.55,25.28,24.85,25.55,25.72,25.37,25.46,25.81,25.46,25.63,25.37,25.37,25.28,25.55,25.11,25.46,25.55,25.02,24.93,25.37,24.76,24.76,24.67,24.57,25.37,24.57,24.67,24.85,24.76,24.39,24.57,24.67,24.48,24.76,24.48,24.48,25.11,24.76,24.76,24.76,24.85,24.93,24.57,24.48,24.57,24.39,24.48,24.11,24.29,24.39,24.11,24.57,24.39,24.48,24.29,23.92,24.76,24.57,24.48,24.57,24.39,24.85,24.48,24.67,24.39,24.48,24.20,24.39,24.48,24.48,24.48,24.57,24.01,24.57,24.39,24.48,24.39,24.39,23.92,24.48,24.01,24.76,24.67,23.92,24.57,24.29,24.11,24.11,24.29,24.29,23.83,24.29,24.57,24.01,24.39,24.01,24.20,24.39,24.11,23.83,24.67,24.29,24.20,25.02,24.29,24.11,24.39,24.11,24.20,24.39,24.20,24.29,24.01,24.29,24.29,24.29,24.39,24.29,24.11,24.39,24.48,24.29,24.57,24.29,24.48,24.48,24.20,24.01,24.39,24.67,24.01,24.20,24.39,24.39,24.11,24.20,24.11,24.39,24.48,24.20,24.29,24.20,24.11,24.39,24.11,24.11,23.55,24.20,24.01,24.67,23.83,24.29,24.57,24.11,24.01,24.01,24.20,23.83,24.20,24.11,23.92,24.39,24.29,24.20,24.01,23.73,24.01,24.01,24.11,24.01,24.01,24.01,23.92,24.29,23.83,24.39,24.11,24.11,24.01,24.29,24.20,24.39,24.20,24.39,24.29,24.01,24.11,24.01,24.01,24.20,24.20,24.01,24.20,24.11,24.29,24.29,24.39,24.01,24.11,24.39,23.92,23.73,24.11,24.11,24.29,24.11,24.01,23.64,23.83,24.29,24.20,23.73
24.11,24.11,24.39,24.20,24.11,24.20,24.20,24.01,24.11,24.20,24.11,24.11,23.83,24.11,24.11,24.20,23.83,24.48,23.64,24.20,23.92,24.29,23.73,23.92,24.11,23.92,23.83,24.01,23.92,24.39,24.29,23.92,23.83,23.83,24.11,23.92,23.83,24.39,24.01,24.20,23.73,24.01,24.20,23.83,23.92,24.20,23.92,24.48,24.01,23.73,24.20,24.20,23.92,24.11,24.01,24.29,24.11,24.57,24.48,23.92,24.29,24.57,24.20,24.01,23.92,24.01,24.48,24.20,24.29,24.01,24.39,24.20,24.20,24.29,23.83,24.39,24.39,24.11,23.92,24.20,24.11,24.29,24.29,24.39,24.39,23.92,24.67,23.83,24.48,24.48,23.83,24.39,24.67,24.11,24.29,24.20,24.39,24.01,24.01,24.29,24.48,24.20,24.20,24.20,24.29,24.39,24.48,24.48,24.11,24.20,24.57,24.11,24.29,24.39,24.39,24.39,24.20,24.39,24.29,23.92,24.39,24.29,24.20,24.39,24.29,24.11,24.29,24.29,24.20,24.29,24.29,24.57,24.29,24.11,24.85,24.20,24.57,24.85,24.67,24.67,24.76,24.67,24.76,24.85,24.29,24.67,24.29,24.48,23.92,24.39,24.76,24.57,24.67,24.76,24.57,24.57,24.67,24.76,24.57,24.67,24.85,25.20,25.28,24.76,25.11,24.85,24.85,25.11,24.93,25.37,25.46,25.63,24.85,25.63,25.55,25.72,25.55,25.63,25.37,25.37,25.55,25.28,25.28,25.28,25.28,25.37,25.46,25.46,25.20,24.76,24.67,25.02,24.93,24.57,24.57,24.93,24.93,24.67,24.29,24.76,24.20,24.39,24.67,24.57,24.67,25.02,24.11,24.48,24.76,24.39,24.57,24.39,24.48,24.39,24.29,24.57,24.20,24.67,24.48,24.11,24.29,24.29,24.39,24.67,24.20,24.85,24.57,24.39,24.29,24.29,24.20,24.39,24.57,24.20,24.48,24.39,23.92,24.39,23.92,24.48,24.57,24.29,24.29,24.29,24.01,24.67,24.01,24.48,23.92,24.20,24.11,23.92,24.29,24.29,24.57,24.39,24.11,24.39,24.57,24.01,24.57,24.29,24.20,24.48,24.01,24.57,24.11,24.11,24.39,24.11,24.67,24.11,24.11,24.57,24.39,24.67,24.20,24.29,24.39,24.67,24.39,24.39,24.20,24.20,24.39,24.76,24.11,24.57,23.92,24.20,24.39,24.39,24.67,24.11,24.11,24.48,24.29,24.20,24.39,24.39,24.20,24.29,24.20,24.20,24.48,24.57,24.20,24.01,24.20,24.20,24.01,24.01,24.01,24.76,24.11,24.11,23.92,24.39,24.01,24.39,24.11,23.83,24.29,24.11,24.29,24.39,24.20,24.39,23.83,23.73,24.29,23.92,24.20,23.73,24.11,24.01,23.73,24.20,24.01,24.29,24.11,24.11,23.92,24.11,24.20,23.55,23.73,23.73,24.20,24.39,23.73,24.11,23.83,24.48,23.83,24.39,24.20,23.64,23.92,24.11,23.92,24.11,23.64,24.11,24.01,24.39,24.01,23.83,24.20,23.83,24.01,24.11,24.20,23.64,24.20,24.01,24.01,23.64,23.92,23.83,24.29,24.01
24.11,23.73,24.11,24.01,24.39,23.73,23.92,24.29,24.11,24.01,24.01,24.11,23.64,24.01,23.92,24.11,23.83,24.20,24.20,23.83,23.92,23.92,23.92,24.01,23.92,23.83,23.83,24.11,24.11,23.83,24.57,24.11,23.83,24.01,24.11,23.83,23.92,24.01,23.83,23.73,23.73,23.83,24.01,24.01,24.20,24.01,24.01,24.11,24.01,23.83,23.92,24.01,24.20,24.39,24.39,24.48,24.48,24.11,23.92,24.11,24.20,24.01,24.39,24.11,24.39,23.83,24.01,24.01,23.73,24.29,23.73,24.20,24.20,24.29,24.48,24.20,24.67,24.48,24.67,24.11,24.01,24.39,24.29,24.48,24.20,24.11,24.39,24.20,24.39,24.39,24.11,24.01,24.01,24.01,24.11,24.85,24.11,24.20,24.20,24.29,24.48,24.39,24.39,24.48,24.20,24.20,24.39,24.39,24.48,24.20,24.39,24.01,24.20,24.11,24.29,24.39,24.01,23.92,24.29,24.29,24.01,24.01,24.48,24.29,24.48,24.11,24.29,24.29,24.29,24.48,24.29,23.83,24.57,24.48,24.57,24.39,24.39,24.48,24.39,24.29,24.67,24.39,24.20,24.11,24.57,24.29,24.48,24.48,24.67,24.20,24.57,24.67,24.67,24.76,24.29,24.85,24.48,24.93,24.76,24.67,24.57,24.85,24.67,24.93,24.93,25.02,24.93,25.28,24.85,25.28,25.28,25.46,25.81,25.81,25.72,25.63,25.63,25.55,25.46,25.63,25.28,25.28,25.02,25.20,25.28,25.72,25.55,25.20,25.02,25.11,24.85,24.57,25.02,24.67,24.48,24.76,24.67,24.48,24.76,24.67,24.57,24.39,24.57,24.67,24.85,24.29,24.29,24.39,25.11,24.48,24.57,24.29,24.76,24.29,24.11,24.39,24.48,24.57,24.39,24.29,24.39,24.39,24.57,24.67,24.48,24.11,24.39,24.29,24.85,24.57,24.29,24.48,24.48,24.48,24.29,24.48,24.39,24.29,24.29,24.67,24.39,24.48,24.67,24.48,24.39,24.48,24.48,24.76,24.01,24.57,24.39,24.85,24.39,24.39,23.83,24.01,24.20,24.57,24.20,24.67,24.57,24.85,24.20,24.93,24.29,24.67,24.20,24.48,24.39,24.20,24.11,24.20,24.20,24.57,24.48,24.39,24.20,24.57,24.11,24.11,24.57,24.29,24.39,24.39,24.39,24.39,24.48,24.39,24.48,24.48,24.01,24.29,24.57,24.20,24.29,24.11,24.29,24.20,24.11,24.39,24.48,24.11,23.92,24.48,24.20,24.20,24.29,24.01,24.67,24.48,24.11,24.29,24.20,23.73,24.29,24.11,24.01,24.29,24.57,24.20,23.83,24.29,23.92,24.29,24.39,23.92,23.83,24.29,24.29,24.11,24.20,24.20,24.29,24.20,24.39,23.92,23.73,24.11,24.20,24.29,24.01,24.11,23.83,23.83,24.01,24.11,23.64,23.92,24.20,24.48,23.83,23.73,23.73,23.73,23.73,24.01,24.29,24.11,24.11,23.64,23.83,24.01,23.64,24.11,24.11,24.01,24.01,23.83,24.29,24.29,23.55,24.29,24.39,23.92,24.11,24.20,24.11,23.73,24.39,23.92,23.92,24.29
24.01,24.01,23.64,24.20,23.64,24.29,24.29,23.64,23.92,23.64,23.73,23.73,24.11,24.39,24.01,24.20,24.01,23.92,24.39,24.20,24.01,23.83,24.57,23.83,24.39,23.83,24.01,23.92,23.92,24.11,24.48,24.48,23.83,24.11,24.01,24.20,23.83,24.01,23.92,24.11,24.01,24.11,24.20,24.11,24.39,23.64,23.64,23.64,24.11,23.64,23.92,24.39,24.11,24.01,24.20,24.57,24.01,24.29,24.67,24.57,24.20,24.01,24.01,24.01,24.11,24.01,24.01,24.39,23.92,24.57,24.29,24.39,23.92,24.20,24.39,24.20,24.29,24.29,24.48,24.29,23.92,23.73,24.48,24.29,24.29,24.57,24.39,24.39,24.67,24.20,24.01,24.29,24.39,24.29,24.29,24.29,24.48,24.29,24.20,23.73,24.29,24.20,24.29,24.11,24.67,24.20,24.29,24.39,24.20,24.76,24.29,24.57,24.39,24.20,24.01,24.01,24.39,24.39,24.48,24.29,24.01,24.85,24.29,24.48,24.57,23.83,24.20,23.92,24.39,24.20,24.39,24.57,24.57,24.39,24.67,24.20,24.67,24.39,24.48,24.57,24.57,24.48,24.57,24.48,24.57,24.20,24.67,24.76,24.57,24.57,24.29,24.67,24.48,24.67,24.57,24.67,24.76,24.85,24.85,24.57,24.85,24.93,24.67,24.85,25.20,24.48,24.85,24.76,24.93,25.46,25.46,25.37,24.93,25.81,25.46,25.81,25.88,25.46,25.46,25.37,25.46,25.63,25.88,25.72,25.28,24.93,25.20,25.11,25.11,25.11,25.20,25.02,24.76,24.76,24.85,24.48,24.76,24.48,24.48,24.85,24.67,24.57,24.85,24.67,24.67,24.48,25.02,24.76,24.48,24.76,24.39,24.57,24.67,24.48,24.39,24.57,24.67,24.39,24.67,24.48,24.48,24.48,24.39,24.01,24.76,24.39,24.67,24.39,24.29,24.01,24.39,24.11,24.48,24.29,24.11,24.29,24.39,24.48,24.29,24.57,24.57,24.39,24.67,24.39,24.39,24.29,24.20,24.39,24.29,24.57,24.39,24.85,24.39,24.01,24.11,24.39,24.39,24.48,24.39,24.39,24.67,24.67,24.57,24.39,24.11,24.48,24.76,24.20,24.39,24.48,24.48,24.39,24.39,24.39,24.39,24.39,24.11,24.57,24.39,24.39,24.39,24.48,23.92,24.11,24.57,24.20,24.39,24.11,24.29,24.76,24.01,24.39,24.85,24.39,24.11,24.57,24.29,24.11,24.29,24.01,24.48,24.20,24.20,24.29,24.48,24.20,24.39,24.11,24.11,24.11,24.01,24.39,24.01,24.39,24.29,24.20,24.01,24.48,24.20,23.83,24.57,23.83,24.67,24.39,24.20,24.11,24.20,24.29,24.11,24.01,24.11,24.20,24.01,23.83,23.83,24.11,24.11,23.83,24.29,23.73,24.29,24.39,24.20,24.29,24.20,24.29,24.01,24.48,23.73,24.01,24.20,24.20,23.73,24.29,24.01,24.20,24.29,24.39,24.20,24.11,23.83,23.83,24.11,24.01,24.11,23.92,23.92,24.11,23.92,23.92,23.64,24.20,24.01,23.83,24.29,23.73,24.20,24.20,23.55,23.83,24.11,23.92
23.64,24.01,23.92,24.20,23.73,24.01,23.83,24.20,23.83,24.01,24.29,24.11,23.92,24.39,24.29,24.11,24.29,24.20,23.83,24.11,23.83,24.11,24.20,24.39,23.92,23.64,24.20,24.29,24.39,24.20,23.83,24.57,24.48,24.29,24.01,24.39,24.11,24.01,23.83,24.57,24.29,23.83,24.01,24.29,24.11,23.83,23.92,24.39,24.57,24.48,23.92,24.11,23.92,24.39,24.11,23.83,24.39,24.11,24.01,23.92,24.01,24.39,24.57,24.39,24.01,24.01,24.39,24.20,24.29,24.39,23.92,23.92,24.39,24.29,24.39,24.57,23.64,24.20,24.29,24.01,24.57,24.11,24.20,24.20,24.11,23.73,23.92,24.48,24.29,24.01,24.29,24.11,24.29,24.29,24.01,24.57,24.39,24.20,24.11,24.39,24.39,24.29,24.11,24.20,24.85,24.48,24.20,24.11,24.48,24.39,24.48,24.11,24.39,24.39,24.29,24.67,24.01,23.92,24.39,24.57,24.11,24.01,24.20,24.01,24.57,24.20,24.11,24.67,24.48,24.67,24.67,23.83,24.11,24.20,24.39,24.67,24.48,24.11,24.48,24.76,24.76,24.39,24.20,24.57,24.67,24.67,24.39,24.01,24.29,24.48,24.48,24.76,24.57,24.67,24.48,24.85,24.57,24.39,24.76,24.93,24.67,24.93,24.57,24.57,24.93,24.93,25.37,24.93,24.85,25.20,24.93,25.37,26.14,25.46,25.37,25.37,26.05,25.63,25.81,25.63,25.20,25.55,25.37,25.37,25.20,25.46,25.46,25.02,25.11,25.02,24.93,25.02,24.85,24.67,25.11,24.57,24.57,24.76,24.57,24.85,24.39,24.48,24.29,24.39,24.67,24.29,24.48,24.39,25.20,24.57,24.85,24.48,24.48,24.29,24.39,24.67,23.83,24.39,24.67,24.48,24.57,24.57,24.48,24.48,24.76,24.39,24.48,24.57,24.48,24.39,24.48,24.48,24.48,24.29,24.76,24.39,24.39,24.39,24.39,24.93,24.48,24.57,24.39,24.39,24.76,24.29,24.01,23.83,24.39,24.76,24.11,24.67,24.11,24.67,24.76,24.57,24.29,23.92,24.11,24.85,24.20,24.20,24.29,24.48,24.29,24.20,24.76,24.29,24.01,24.11,24.29,24.48,24.39,24.67,24.39,24.01,24.48,24.11,24.20,24.85,24.29,24.11,24.11,24.20,24.20,24.48,24.48,24.29,24.48,24.29,24.11,24.57,24.39,24.20,24.11,24.29,24.20,24.29,24.11,24.48,24.20,24.11,24.39,24.11,24.48,24.20,24.48,24.11,24.20,23.92,24.48,24.39,24.11,24.20,24.57,24.29,24.29,24.67,24.20,24.11,24.01,23.83,24.11,24.39,24.48,23.83,24.20,24.11,24.01,24.11,24.57,23.73,23.73,24.20,24.29,23.73,24.39,24.20,24.01,24.11,24.11,24.20,24.01,24.29,23.73,24.29,24.29,24.48,24.01,24.39,24.11,23.64,23.83,24.11,23.92,24.39,23.73,24.20,24.11,23.92,24.11,23.64,23.64,23.92,23.92,24.20,23.92,24.20,24.01,23.92,24.11,23.73,24.39,23.45,24.11,24.29,23.55,23.83,24.11,23.92,24.20,24.01
23.64,23.92,23.73,24.11,24.29,24.29,24.11,24.20,23.83,24.39,24.01,24.20,24.39,24.11,23.73,24.01,24.01,23.92,24.11,23.64,23.83,23.92,23.92,23.92,24.29,23.64,24.01,23.92,23.92,24.01,24.20,23.64,24.20,24.01,24.01,23.92,24.20,24.48,24.20,24.57,24.39,24.39,24.39,24.11,24.01,23.92,24.29,23.92,24.29,23.92,24.11,24.48,24.29,24.39,24.01,24.39,24.57,24.48,24.01,23.92,24.01,24.39,24.57,24.20,24.29,24.20,24.01,24.39,24.39,24.29,23.92,24.39,24.29,24.20,24.39,24.39,24.48,24.39,24.48,24.48,24.29,23.92,24.57,24.01,24.48,24.29,24.01,24.48,24.11,24.20,24.67,24.39,24.39,24.01,24.11,24.67,24.39,24.20,24.39,24.20,24.29,24.29,24.29,24.39,24.01,24.48,24.57,24.48,24.11,24.01,24.39,24.48,24.48,24.20,24.20,24.29,24.57,24.11,24.11,24.20,24.20,24.29,24.57,24.48,24.76,24.01,24.29,24.76,24.67,24.67,24.76,24.39,24.67,24.48,24.76,24.29,24.11,24.20,24.67,24.20,24.67,24.39,24.67,24.11,24.48,24.29,24.57,24.39,24.57,24.29,24.39,24.67,24.67,24.39,24.67,24.67,24.85,24.20,24.67,24.57,24.85,25.02,24.67,24.85,24.67,25.37,24.85,25.02,25.37,25.11,25.46,25.81,25.02,25.63,25.28,25.55,25.63,25.72,25.37,25.55,25.46,25.63,25.28,25.72,25.72,25.37,25.28,25.02,25.20,25.11,24.93,24.76,24.85,24.85,24.85,24.85,24.76,24.85,24.48,24.48,24.57,24.67,24.20,24.67,24.57,24.48,24.39,24.39,24.39,24.57,24.67,24.48,24.20,24.20,24.01,24.48,24.76,24.39,23.92,24.20,24.20,24.48,24.67,24.39,25.11,24.20,24.29,24.48,24.29,24.11,24.39,24.67,24.11,24.76,24.67,24.76,24.01,24.85,24.20,24.01,24.11,24.48,24.01,24.48,24.39,24.57,24.93,24.01,24.20,24.57,23.92,24.11,23.92,24.39,24.29,24.57,24.29,24.39,23.83,24.57,24.20,24.39,24.48,24.39,24.48,24.48,24.48,24.85,24.48,24.20,24.76,24.20,24.29,24.85,24.20,24.39,24.29,24.57,24.20,24.29,24.48,24.57,24.11,24.29,24.11,24.20,24.48,24.20,24.11,24.57,24.29,24.39,24.48,24.48,24.76,24.29,24.76,24.39,24.20,24.57,24.48,24.29,24.39,24.57,24.11,24.29,24.48,24.01,24.20,24.48,24.20,24.11,23.73,24.20,24.39,24.20,24.29,24.11,24.20,24.20,23.73,24.01,24.11,24.01,24.01,23.92,24.20,24.39,24.39,24.20,24.29,24.20,24.01,24.29,24.20,24.29,24.11,24.20,23.83,23.73,24.11,24.11,23.64,23.83,24.29,23.64,24.48,24.39,24.29,24.20,24.01,24.20,23.73,23.83,24.01,24.01,23.92,23.64,24.11,24.29,24.01,23.73,23.73,23.45,23.64,24.39,23.92,24.01,23.92,24.20,24.20,24.01,24.11,24.29,24.57,23.92,23.73,23.73,24.11,24.20,23.83,24.29
24.11,24.01,24.11,23.73,23.83,24.39,24.01,24.01,24.20,24.29,23.92,24.11,24.01,23.92,23.83,24.11,23.64,23.92,23.92,23.92,23.73,24.11,24.39,24.39,23.83,24.20,24.29,24.39,24.20,24.01,24.29,24.29,24.29,24.57,23.92,24.57,24.11,23.83,24.39,24.39,24.29,24.01,24.01,24.39,24.11,24.01,24.01,24.20,24.29,24.01,24.39,24.01,23.92,23.92,24.11,24.20,24.39,24.20,24.11,24.11,24.20,24.01,24.01,24.20,23.92,24.57,24.29,24.29,24.57,24.48,24.85,24.39,24.48,24.39,24.01,24.48,24.29,23.83,24.11,24.39,24.85,24.29,24.39,24.11,24.20,24.11,24.57,24.20,24.29,24.20,24.57,24.20,24.20,24.29,24.48,24.20,24.48,24.29,24.48,24.29,24.48,24.85,24.39,23.92,24.11,24.29,24.11,24.01,24.20,24.11,24.20,23.92,24.39,24.01,24.76,24.20,24.39,24.01,24.39,24.11,24.39,24.39,24.29,24.57,24.20,24.76,24.11,24.57,24.48,24.57,24.67,24.76,24.39,24.20,24.20,24.48,24.57,24.76,24.01,24.48,24.76,24.85,24.29,24.57,24.57,24.57,24.57,24.76,24.93,24.48,24.57,24.76,24.67,24.39,24.67,24.48,24.76,24.39,24.85,24.93,24.76,24.39,24.67,24.48,24.93,24.85,25.28,25.20,25.37,25.37,25.46,25.28,25.46,25.46,25.72,26.05,25.55,26.23,25.63,25.55,25.63,25.63,25.72,25.02,24.76,25.20,25.28,24.93,24.93,25.20,25.20,24.93,24.67,24.67,24.67,24.67,24.76,24.57,24.48,24.67,24.67,24.57,24.67,24.85,25.02,24.76,24.48,24.57,24.39,24.39,24.67,24.67,24.57,24.67,24.57,24.39,24.11,24.39,24.39,24.57,24.48,24.48,24.48,24.29,24.29,24.29,24.48,24.39,24.20,24.48,24.39,24.67,24.29,24.48,24.57,24.57,24.48,24.29,24.29,24.48,23.92,24.20,24.48,24.57,24.57,24.67,24.20,24.01,24.29,24.48,24.01,24.67,24.67,24.11,24.57,24.57,24.20,24.29,24.57,24.39,24.85,24.39,24.57,24.57,24.39,24.48,24.57,24.85,24.48,24.20,24.57,24.20,24.57,24.29,24.29,24.57,24.67,24.29,24.39,24.29,24.29,24.57,24.11,24.39,24.01,24.48,24.39,24.39,24.48,24.67,24.39,24.01,24.76,24.48,23.92,24.48,24.39,24.85,23.83,24.48,24.39,24.48,24.93,24.39,24.20,24.39,24.67,24.29,24.20,24.29,24.39,23.83,24.01,24.29,24.11,24.20,23.83,24.48,23.92,24.39,24.20,24.11,24.11,24.29,24.48,24.29,24.11,24.29,23.83,23.92,24.48,24.20,24.01,24.29,23.92,23.92,24.20,24.39,24.48,24.11,23.83,24.11,23.92,24.01,24.20,24.20,24.48,24.29,24.39,24.20,24.39,24.11,24.20,24.57,24.39,24.29,24.29,24.48,24.11,24.01,23.73,24.01,24.20,24.01,24.29,23.73,24.29,24.20,23.73,24.29,24.20,24.39,23.55,24.01,24.20,24.11,24.20,24.29,24.11,23.83,24.29,24.11
24.20,24.20,24.11,24.01,24.11,24.11,23.73,24.29,23.83,24.11,24.20,23.92,24.11,23.73,24.29,24.48,23.92,24.01,24.39,24.11,23.83,23.92,24.01,24.48,24.20,24.11,23.73,24.29,24.39,23.83,23.64,24.01,24.01,23.64,24.01,23.83,24.39,24.11,24.29,24.11,23.83,24.01,24.01,24.39,23.83,24.11,23.73,24.39,24.48,24.29,24.20,24.29,24.01,24.01,23.92,23.92,23.83,24.39,24.01,24.39,24.48,24.39,24.20,24.20,24.48,24.20,24.29,24.48,24.20,24.20,24.20,24.29,24.11,24.29,24.57,23.83,24.01,24.29,24.11,24.57,24.39,24.29,24.20,24.20,24.57,24.39,24.11,24.57,24.20,24.76,24.29,24.48,24.48,24.39,24.48,24.57,24.11,24.29,24.57,24.48,24.39,24.39,24.39,24.29,24.29,24.57,24.85,24.48,24.39,24.20,24.20,24.48,24.39,24.29,24.39,24.48,24.48,24.20,24.67,24.39,24.20,24.39,24.20,24.57,24.57,24.39,24.93,24.39,24.29,24.29,24.57,24.29,24.20,24.39,24.01,24.57,24.48,24.57,24.48,24.11,24.67,24.29,24.67,25.02,24.48,24.39,24.29,24.76,24.29,24.57,24.67,24.67,24.67,24.48,24.67,24.39,24.76,24.67,24.85,24.76,24.76,24.93,25.02,24.85,24.76,25.11,24.76,25.37,25.02,25.28,25.63,25.88,25.72,25.72,25.88,25.81,25.46,25.81,25.55,25.88,25.72,25.46,25.37,25.63,25.46,25.28,25.11,25.20,25.02,24.76,24.93,24.85,24.76,24.57,24.48,24.85,24.85,24.67,24.93,24.67,24.57,24.67,25.02,24.67,24.57,24.93,24.76,24.67,24.48,24.76,24.57,24.57,24.11,24.93,24.48,24.48,24.39,24.67,24.48,24.20,24.76,24.01,24.67,24.20,24.39,24.48,24.48,24.48,24.57,24.67,24.57,24.57,24.39,24.57,24.29,24.57,24.57,24.01,24.48,24.67,24.20,24.20,24.29,24.57,24.76,24.29,24.11,24.39,24.29,24.11,23.92,24.85,24.57,24.29,24.39,24.67,24.48,24.29,24.20,24.39,24.57,24.11,24.20,24.39,24.29,24.39,24.29,24.48,24.48,24.20,24.20,24.67,24.11,24.20,24.11,24.11,24.20,24.39,24.29,24.01,24.39,24.29,24.29,24.29,24.29,24.29,24.11,24.01,24.29,24.20,24.20,24.29,24.20,24.29,24.11,24.48,24.39,24.01,24.57,24.11,24.29,24.20,24.29,24.39,24.01,24.48,24.57,24.29,24.20,24.48,24.57,24.29,24.11,24.48,24.01,24.29,23.64,24.48,24.39,24.20,24.01,24.20,24.11,24.11,24.11,24.29,23.83,24.29,24.11,24.01,24.20,24.29,24.39,24.29,23.92,24.67,24.29,23.92,24.20,24.57,24.39,24.39,24.29,24.39,24.11,24.01,23.83,24.20,24.20,24.39,24.20,24.01,24.48,23.64,24.29,23.92,24.01,24.57,24.29,24.76,24.29,23.83,23.92,24.01,24.29,24.01,24.20,23.55,24.01,24.11,24.01,24.57,24.20,24.20,24.20,24.20,23.92,23.92,23.92,24.29,23.83,24.01
24.20,24.11,24.01,23.92,23.26,24.01,24.01,24.01,24.39,24.01,24.01,23.73,23.45,24.11,24.11,23.73,24.01,23.73,23.55,24.01,23.83,24.01,24.20,23.83,24.01,23.83,24.01,24.20,24.01,24.29,23.92,24.01,24.67,23.92,23.45,23.83,23.83,24.01,24.20,23.92,24.11,24.39,24.11,24.29,23.64,24.29,24.11,24.20,23.83,23.92,24.11,23.83,23.92,23.92,23.83,24.01,23.92,24.39,24.39,23.73,24.39,24.48,24.01,24.20,24.20,24.29,24.29,23.92,24.11,24.11,24.29,24.39,24.20,24.39,24.29,24.39,24.29,24.29,24.48,24.29,24.57,24.76,24.20,24.01,24.76,24.20,24.29,24.29,24.57,24.29,24.29,24.67,24.11,24.20,24.20,24.11,24.29,24.48,24.39,24.29,24.39,24.39,24.76,24.11,24.11,24.29,24.11,24.29,24.11,24.11,24.29,24.20,24.29,24.39,24.39,24.11,24.20,24.20,24.20,24.20,24.39,24.11,24.48,24.20,24.57,24.11,24.29,24.01,24.57,24.01,24.67,24.29,24.39,24.39,24.20,24.29,24.48,24.85,24.48,24.20,24.76,24.76,24.20,24.57,24.57,24.11,24.85,24.39,24.76,24.29,24.11,24.67,24.39,24.57,24.48,24.48,24.85,24.76,24.85,24.67,24.85,24.76,24.85,25.20,25.02,24.76,25.20,25.20,25.20,25.37,25.28,25.55,25.72,25.63,25.72,25.46,25.81,25.63,26.31,25.72,26.05,25.72,25.81,25.88,25.55,25.37,24.93,25.28,24.93,25.28,24.93,25.37,24.67,25.02,24.76,24.76,24.48,25.20,24.85,24.57,25.11,24.57,24.48,24.76,24.57,24.48,24.29,24.48,24.29,24.76,24.85,24.93,24.76,24.48,24.67,24.67,24.67,24.39,24.48,24.39,24.29,24.48,24.48,24.29,24.29,24.39,24.57,24.39,24.48,24.48,24.48,24.57,24.39,24.39,24.57,24.48,24.20,24.76,24.29,23.92,23.92,24.39,24.57,24.39,23.83,24.57,24.29,24.29,24.01,24.57,24.39,24.39,24.48,24.67,24.48,24.57,24.29,24.57,24.76,23.83,24.48,24.20,24.48,24.67,24.29,24.39,24.39,24.67,24.76,24.29,24.57,24.29,24.20,24.67,24.39,24.01,24.11,24.29,24.20,24.85,24.20,24.57,24.48,24.29,24.76,24.39,24.48,24.76,24.85,24.67,24.39,24.39,24.57,24.85,24.11,24.20,24.29,23.92,24.20,24.39,24.29,24.39,24.20,24.20,24.48,24.20,24.20,24.29,24.39,24.39,24.01,24.20,23.92,24.11,24.20,24.01,24.20,24.29,24.01,24.20,24.39,23.92,24.48,24.29,24.39,23.83,24.01,24.20,24.20,24.11,23.92,24.01,24.29,24.20,24.29,24.01,24.39,24.39,24.20,24.29,23.92,24.39,23.64,24.20,24.01,24.01,24.20,24.20,23.73,24.11,24.11,23.83,24.29,24.01,24.11,23.92,24.11,24.20,24.29,24.57,23.92,24.11,24.20,23.92,24.01,24.01,24.20,24.11,24.29,24.01,24.01,23.64,24.11,23.73,24.11,24.29,24.11,24.20,24.57,24.11,24.01,23.92
23.92,24.20,24.11,23.64,24.20,23.92,23.45,23.92,24.29,24.11,24.11,24.39,24.29,23.92,24.48,24.20,23.83,23.36,24.57,24.01,23.92,23.83,24.01,23.83,24.01,24.11,24.39,23.64,24.20,24.39,23.83,23.83,23.92,24.57,24.20,23.83,24.11,24.01,24.29,24.39,24.29,24.57,24.11,24.20,23.92,24.39,24.01,24.01,24.01,24.11,23.73,24.29,24.11,24.11,24.48,24.57,23.92,24.48,23.92,24.11,24.39,24.48,24.48,23.92,24.20,24.20,24.48,24.20,24.20,24.29,24.29,23.92,24.01,23.92,24.11,23.92,23.92,24.57,24.29,24.39,24.29,24.48,24.01,24.48,24.76,24.20,24.39,24.20,24.39,24.48,24.11,24.29,24.76,24.20,24.29,23.92,24.39,24.11,24.29,24.76,24.39,24.39,24.29,24.11,24.11,24.11,24.20,24.20,24.48,23.92,24.39,24.48,24.01,24.29,24.39,24.29,24.39,24.01,24.01,24.76,24.67,24.57,24.85,24.39,24.48,24.85,24.29,24.85,24.67,24.57,24.20,24.67,24.67,24.76,24.48,24.29,24.57,24.57,24.29,24.57,24.67,24.39,24.39,24.57,24.39,24.57,24.01,24.57,24.48,24.39,24.29,24.39,24.39,24.67,24.48,24.57,24.85,24.57,25.02,24.76,24.85,24.76,24.85,25.02,25.02,25.02,25.11,24.76,25.37,25.37,25.55,25.63,26.05,25.88,25.72,25.81,26.31,25.55,25.88,25.88,25.55,25.72,25.72,25.63,25.55,25.20,25.20,25.20,24.85,24.76,25.11,24.76,24.85,25.20,25.20,24.57,24.76,24.57,24.76,24.67,24.48,24.67,24.67,24.76,24.76,24.39,24.39,24.48,24.48,24.76,24.48,24.67,24.39,24.48,24.29,24.29,24.29,24.48,24.48,24.39,24.39,23.83,24.48,24.01,24.39,23.83,24.20,24.39,24.39,24.67,24.39,24.01,24.11,24.57,24.48,24.29,24.29,24.39,24.20,24.39,24.39,24.39,23.92,24.01,24.20,24.20,24.01,24.01,24.11,24.57,24.20,24.57,24.29,24.48,24.39,24.20,24.39,23.92,24.67,24.20,24.29,24.29,24.29,24.67,24.39,24.20,24.29,24.20,24.48,24.39,24.39,24.20,24.48,24.48,24.48,24.85,24.29,24.29,24.39,24.67,24.29,24.85,24.57,24.11,24.29,24.11,24.01,24.39,23.92,24.11,24.39,24.20,24.29,23.73,24.29,24.39,24.29,24.29,24.01,24.29,24.29,24.39,24.20,24.20,24.20,24.39,24.39,24.01,24.20,23.64,24.20,24.29,24.76,24.20,24.29,24.39,23.83,24.29,23.64,24.20,24.39,23.83,24.39,24.01,23.64,23.92,24.01,24.29,24.11,23.83,24.29,24.20,24.67,24.48,24.20,24.01,24.11,24.11,23.73,23.92,24.29,24.11,24.11,24.01,24.20,24.20,24.11,24.39,24.29,23.73,24.20,24.01,24.11,23.64,23.73,24.11,24.11,24.29,23.83,24.20,24.11,24.01,24.11,24.11,24.57,24.01,24.29,24.29,24.20,24.11,24.01,24.01,24.29,24.29,23.64,23.73,24.11,23.73,24.48,23.92,23.92,23.83
24.20,24.20,24.39,23.92,24.20,24.48,23.92,24.01,24.01,24.11,24.01,24.01,23.83,23.83,23.83,24.11,24.01,23.92,24.20,24.11,23.73,23.92,23.83,24.11,23.92,24.01,24.29,23.92,23.92,24.01,23.92,24.57,23.73,24.11,23.83,23.92,23.92,24.11,24.20,24.39,24.39,24.11,24.20,24.39,24.01,24.29,23.73,23.92,24.01,24.20,24.20,24.11,24.20,23.83,24.57,24.01,24.01,24.48,24.48,24.29,24.20,23.83,24.48,24.29,24.11,24.01,23.73,24.20,23.83,24.48,24.20,24.48,23.92,24.48,24.20,23.83,24.11,24.11,24.11,24.11,24.11,24.48,24.57,24.39,24.48,24.67,24.39,24.39,24.39,24.29,24.39,24.76,24.29,24.39,24.29,24.29,24.29,24.11,24.76,24.48,24.39,24.20,24.11,24.76,24.48,24.20,24.29,24.67,24.20,24.29,24.39,24.48,24.01,24.85,24.01,24.20,24.20,24.29,24.20,24.48,24.57,24.11,24.39,24.76,24.01,24.11,24.39,24.29,24.57,24.48,24.39,24.48,24.39,24.76,24.39,24.85,24.48,24.48,24.39,24.48,24.11,24.48,24.48,24.29,24.76,24.57,24.67,24.29,23.92,24.29,24.48,24.48,24.57,24.39,24.67,24.48,24.57,24.20,24.76,24.85,25.28,24.93,24.67,24.85,24.93,25.37,25.02,25.37,25.20,25.37,26.23,25.63,25.63,25.88,25.72,25.63,26.31,26.14,26.05,26.40,25.63,25.81,25.72,25.63,25.72,25.81,25.02,25.46,25.02,24.67,24.76,25.11,24.85,24.67,24.39,25.20,25.37,24.57,25.11,24.57,24.67,24.57,24.57,24.85,24.29,24.57,24.20,24.39,24.76,24.67,24.48,24.67,24.67,25.02,23.92,24.48,24.67,24.20,24.57,24.29,24.57,24.48,24.67,24.29,24.39,24.57,24.48,24.39,24.20,24.57,24.67,24.39,24.48,24.48,24.57,24.57,24.39,24.57,24.48,24.57,24.39,24.11,25.11,24.48,24.11,24.11,24.11,24.29,24.57,24.48,24.20,24.67,24.57,24.20,24.57,23.92,24.67,24.29,24.57,24.67,24.48,24.67,24.39,24.93,24.85,24.20,24.57,24.67,24.57,24.29,24.67,24.20,24.67,24.29,24.76,24.39,24.85,24.67,24.48,24.39,24.20,24.29,24.67,24.29,24.48,24.11,24.20,24.20,24.48,24.11,24.39,24.76,24.39,24.67,24.11,24.20,24.39,24.67,24.29,24.29,24.29,24.29,24.20,24.39,24.29,24.48,24.20,24.29,23.92,24.11,24.39,24.67,24.20,24.48,24.11,24.11,23.92,24.67,23.92,24.20,24.11,24.01,24.29,24.20,24.11,24.20,24.11,24.20,24.11,24.01,24.39,24.01,23.92,24.29,24.20,24.29,24.29,24.11,23.92,24.29,24.11,24.01,24.57,23.83,24.48,24.11,24.01,24.20,24.29,24.11,23.64,24.20,23.83,24.29,23.64,24.01,24.20,23.92,23.92,24.11,23.83,24.11,23.73,24.39,24.01,23.73,23.92,24.01,24.01,24.39,24.29,24.11,23.73,23.73,24.11,24.01,24.29,24.01,24.20,23.83,24.01,24.20
23.64,24.01,23.92,24.11,24.11,23.73,24.11,23.92,23.92,24.20,24.48,24.11,24.39,23.83,24.39,24.39,23.64,24.01,24.29,23.92,24.01,24.20,24.11,24.48,24.01,24.39,24.20,24.29,24.01,24.20,24.11,24.11,23.83,24.29,24.48,24.01,23.83,24.20,24.01,24.01,23.92,23.64,23.83,23.92,24.11,23.83,23.92,24.11,23.83,23.83,24.39,24.39,24.20,24.48,24.29,23.92,24.29,24.39,23.92,24.11,24.01,24.11,24.57,24.01,24.29,24.01,24.39,24.39,24.48,23.83,24.39,24.01,24.57,24.29,24.39,24.85,24.76,24.29,24.39,24.29,24.20,24.20,24.67,24.29,24.48,24.48,24.39,24.39,24.76,24.57,24.29,24.29,24.11,24.39,24.39,24.39,24.76,24.11,24.67,24.48,24.39,24.29,24.20,24.39,24.20,24.01,24.39,24.76,24.20,24.39,24.48,23.92,24.29,24.48,24.20,24.29,24.48,24.67,24.85,24.29,24.67,24.20,24.20,24.57,24.39,24.67,24.67,24.39,24.67,24.67,24.67,24.57,24.57,24.39,24.39,24.67,24.67,24.57,24.67,24.39,24.48,24.67,24.67,24.67,24.85,24.48,24.67,24.57,24.48,24.39,24.20,24.48,24.85,24.39,24.93,24.48,24.48,24.57,24.85,25.02,25.20,24.93,25.37,25.20,25.28,25.28,25.37,25.20,25.46,25.37,25.63,25.81,25.63,25.88,25.88,26.40,26.40,26.23,26.23,25.72,25.81,25.81,25.81,25.37,25.88,25.20,25.28,25.11,25.20,25.20,24.93,25.20,24.76,25.11,24.67,24.93,24.85,24.85,24.76,24.76,25.11,24.85,24.85,24.57,24.93,24.57,24.48,24.29,24.29,24.67,24.67,24.39,24.48,24.29,24.39,24.39,24.48,24.20,24.48,24.76,24.29,24.29,24.39,24.20,24.48,24.11,24.48,23.83,24.57,24.67,23.92,24.48,24.29,24.39,24.48,24.67,24.29,24.48,24.39,24.76,24.48,24.57,24.11,24.76,24.20,24.39,24.39,24.57,24.20,24.57,24.11,24.67,24.20,24.29,24.67,24.29,23.92,24.39,24.29,23.92,24.57,24.57,24.76,24.39,24.57,24.29,24.11,24.29,24.57,24.76,24.39,24.39,24.67,23.83,24.39,24.11,24.48,24.67,24.39,24.11,24.67,24.93,24.85,24.67,24.76,24.67,24.29,24.39,24.39,24.39,24.57,24.48,24.57,24.76,24.48,24.48,24.20,24.48,24.20,24.01,24.57,24.29,24.48,24.20,24.20,24.11,24.29,24.29,23.92,24.11,24.48,24.29,24.20,24.57,24.48,24.29,24.01,24.01,24.20,24.20,24.29,24.01,23.83,24.57,24.11,24.39,24.20,24.01,23.64,24.11,24.48,23.92,24.20,24.11,24.01,23.83,23.73,23.92,24.11,23.83,24.20,24.20,23.83,24.67,24.39,24.39,24.20,24.11,24.29,23.73,23.55,23.73,24.01,24.29,23.83,24.20,24.01,23.73,24.11,24.01,24.20,24.01,23.92,24.29,23.64,24.20,24.39,23.83,23.55,23.73,23.92,24.01,23.83,24.01,24.48,24.11,23.55,23.83,23.83,23.92,24.11,24.48
24.01,24.20,24.11,23.83,24.11,23.92,23.64,23.45,24.11,24.11,23.55,23.45,24.01,24.29,24.11,24.01,24.39,24.11,24.11,24.11,24.01,24.01,23.92,24.39,24.48,23.92,24.01,23.83,23.83,23.83,23.92,23.92,23.83,24.01,23.83,24.20,24.20,24.01,23.92,24.48,24.11,24.01,24.01,24.01,24.01,24.29,23.73,24.57,24.39,23.92,24.20,24.29,24.20,24.29,24.01,24.39,23.92,23.73,23.83,24.11,24.20,24.01,23.64,24.57,24.39,24.39,24.29,24.20,24.39,24.57,24.29,23.92,24.20,24.11,23.83,24.20,24.29,24.29,24.48,24.01,23.73,24.57,24.39,24.39,24.11,24.01,24.57,24.48,24.39,24.20,24.39,24.20,24.20,24.48,24.20,24.39,23.83,24.76,24.57,24.39,24.29,24.39,24.39,24.11,24.48,24.67,23.92,24.20,24.48,24.11,24.39,24.39,24.76,24.01,24.85,24.11,24.11,24.76,24.76,24.11,24.48,24.57,24.39,24.48,24.76,24.67,24.29,24.57,24.20,24.48,24.67,24.48,24.11,24.20,24.39,24.57,24.39,24.11,24.39,24.20,24.20,24.48,24.57,24.76,24.29,24.01,24.48,24.29,24.57,24.85,24.29,24.57,24.76,24.57,24.67,24.67,24.76,25.11,24.85,24.85,24.85,24.93,24.57,25.02,25.02,24.85,24.85,25.28,25.46,25.81,25.63,25.72,25.88,26.14,25.81,26.05,25.81,25.88,26.14,25.98,26.05,25.63,25.81,25.72,25.63,25.20,25.11,25.37,25.37,25.11,24.93,25.20,24.93,24.85,24.67,24.57,24.57,25.37,24.57,24.29,24.57,24.67,24.76,24.67,24.93,24.57,24.29,24.76,24.48,24.57,24.48,24.20,24.76,24.67,24.29,24.11,24.67,24.39,24.76,24.48,24.39,23.92,24.39,24.39,24.20,23.92,24.20,24.11,24.67,24.57,24.20,24.76,24.48,24.01,24.57,24.48,24.76,24.67,24.76,24.29,24.39,24.57,23.83,24.57,24.20,23.92,24.11,24.48,24.57,24.39,24.20,24.29,24.48,23.83,24.11,24.39,24.39,24.76,24.29,24.39,24.76,24.57,24.20,24.01,24.39,24.85,24.57,24.48,24.67,24.39,24.76,24.29,24.67,24.57,24.29,24.20,24.48,24.39,24.11,24.29,24.20,24.01,24.20,24.39,24.29,24.67,24.29,24.01,24.48,24.20,24.20,24.57,24.39,24.11,24.39,24.20,23.83,24.29,24.39,24.48,24.48,23.92,24.20,24.01,24.01,24.39,24.01,24.29,24.29,24.57,24.11,24.01,24.20,24.20,24.01,24.29,24.20,24.11,23.92,24.29,24.29,24.39,24.11,24.39,23.64,24.20,24.29,24.11,24.20,24.67,23.55,24.20,24.01,24.29,24.48,24.29,24.20,24.11,24.20,24.11,24.29,23.73,24.01,24.11,24.11,24.39,24.01,24.01,24.11,24.29,23.73,24.29,23.92,24.20,24.20,24.01,23.92,24.20,24.20,24.11,24.01,24.11,24.01,24.20,23.73,23.92,23.92,24.39,24.20,24.20,23.73,24.01,24.39,24.39,24.11,24.29,23.73,24.01,24.11,23.73,23.73,24.11
23.92,23.92,23.83,23.83,24.01,24.20,24.11,24.11,24.11,24.39,24.20,24.01,24.39,23.83,23.83,24.01,24.29,23.92,24.11,24.29,24.11,23.83,24.20,24.29,24.11,23.83,23.92,24.29,24.57,23.73,23.73,24.39,23.92,24.48,24.01,24.11,23.83,24.01,24.57,24.11,24.29,24.11,24.11,23.83,24.57,24.20,24.48,24.29,24.01,24.01,24.48,24.01,24.01,24.29,24.39,23.92,23.92,24.29,23.73,24.01,24.39,24.39,24.85,24.39,23.83,24.39,24.29,24.29,24.29,24.39,24.11,24.11,24.29,24.57,24.29,24.39,24.20,24.11,24.48,24.29,24.39,24.39,24.01,24.29,24.29,24.20,24.11,24.57,24.11,24.20,24.20,24.29,24.39,24.20,24.29,24.11,24.48,24.20,24.01,24.20,24.48,24.29,24.39,24.20,24.57,24.39,24.29,24.39,24.39,24.39,24.85,24.29,24.57,24.48,24.20,24.57,24.20,24.48,24.29,24.29,24.11,24.01,24.76,24.76,24.20,24.20,24.67,24.48,24.20,24.57,24.57,24.57,24.39,24.85,24.48,24.39,24.48,24.48,24.67,24.39,24.39,24.29,24.76,24.67,24.93,24.48,24.39,24.20,24.39,24.57,24.29,24.85,24.67,24.57,24.93,24.48,24.39,24.76,24.76,24.67,24.76,24.76,25.11,24.85,25.20,24.85,25.37,24.85,24.93,25.28,25.98,26.14,25.63,25.98,25.72,26.31,26.47,26.31,25.98,26.40,26.23,25.98,25.88,25.55,25.46,25.72,25.46,25.28,25.11,24.93,24.93,25.02,24.67,24.57,24.76,25.20,24.67,25.11,24.76,24.76,24.57,24.76,24.67,24.67,24.29,24.57,24.39,24.57,24.48,24.57,24.85,24.48,24.48,24.85,24.39,24.67,24.29,24.29,24.39,24.39,24.57,24.57,24.48,24.48,24.29,24.57,24.48,24.57,24.11,24.57,24.57,24.76,24.48,24.01,24.39,24.20,24.67,24.48,24.39,24.48,24.39,24.11,24.39,24.48,24.57,24.39,24.11,24.39,24.11,23.92,24.20,24.29,24.20,24.57,24.20,24.39,24.57,24.76,24.76,24.11,24.76,24.29,24.57,24.57,24.57,24.11,24.67,24.29,24.01,24.76,24.76,24.57,24.20,24.67,24.29,24.48,24.57,24.85,24.57,24.48,24.29,24.11,24.20,24.39,24.57,24.39,23.92,24.57,24.01,24.76,24.39,24.57,24.29,23.92,23.92,24.48,24.20,24.39,24.48,24.39,24.48,24.01,24.20,24.20,24.29,24.20,24.39,24.20,24.11,24.20,24.20,24.29,24.11,24.39,24.29,24.20,24.29,24.20,24.20,24.29,24.48,24.20,23.92,24.20,23.73,23.92,24.29,24.39,23.73,24.29,24.01,24.20,24.11,23.92,24.11,24.11,24.29,24.20,24.11,24.20,23.83,24.01,24.11,24.11,24.20,24.20,24.39,23.73,24.20,24.01,23.83,24.29,24.11,24.20,23.73,24.01,24.11,23.92,23.92,23.92,24.20,24.11,24.11,24.39,24.01,23.83,23.64,24.39,24.20,23.73,24.01,23.92,24.01,23.92,23.83,24.20,23.83,23.64,23.83,24.20,24.39,23.83
23.64,24.01,23.92,24.20,23.92,23.55,23.92,24.11,23.73,24.20,24.29,24.20,24.11,24.11,24.67,24.20,23.92,23.64,24.39,23.92,24.01,23.92,24.01,24.11,23.83,24.20,24.67,24.20,24.20,23.83,24.01,24.11,23.73,24.57,24.20,24.01,24.20,23.92,24.57,24.39,24.01,24.39,24.20,23.73,24.20,24.39,24.01,24.01,24.20,24.01,24.48,24.39,23.73,24.29,24.48,24.11,24.29,24.01,24.01,24.11,24.01,24.48,24.48,24.29,24.01,24.39,24.29,24.29,24.39,24.67,24.11,23.92,24.20,24.57,24.39,24.39,24.48,24.48,24.01,24.57,24.39,24.20,24.20,24.39,24.48,24.39,24.20,24.39,24.11,24.48,24.01,24.57,24.29,24.29,24.57,24.48,24.57,24.67,24.57,24.76,24.29,23.92,24.39,24.29,24.57,24.48,24.67,24.48,24.11,24.57,24.39,24.20,24.11,24.29,24.29,24.29,24.48,24.48,24.29,24.48,24.48,24.57,24.57,24.20,24.20,24.57,24.57,24.29,24.57,24.39,24.48,24.48,24.20,24.39,24.57,24.11,24.39,24.76,24.67,24.29,24.57,24.39,24.39,24.67,24.39,24.39,24.67,24.76,24.48,24.48,24.11,24.39,24.57,24.93,24.85,24.76,24.57,24.76,24.85,24.85,25.02,24.85,24.85,24.76,24.93,25.11,25.46,25.20,25.63,25.63,25.88,25.72,25.81,26.05,26.31,26.56,26.31,26.40,26.40,26.14,25.81,26.23,25.72,25.37,25.81,25.37,25.63,25.02,25.46,24.76,25.37,25.11,24.85,25.02,25.11,24.76,24.93,24.93,24.20,24.93,24.29,24.76,24.67,24.93,24.29,24.29,24.39,24.29,24.85,24.85,24.67,24.57,24.20,24.67,24.29,24.39,24.48,24.29,24.57,24.48,24.85,24.11,24.20,24.01,24.11,24.48,24.20,23.92,24.67,24.48,24.29,24.67,24.48,24.57,24.67,24.11,24.48,24.29,24.01,24.57,24.57,24.57,24.39,24.29,24.76,24.39,25.11,24.85,24.67,24.11,24.29,24.29,24.39,24.29,24.39,24.20,24.85,24.20,24.48,24.20,24.39,24.48,24.48,24.20,24.20,24.85,24.57,24.76,24.67,24.67,24.67,24.48,24.29,24.93,24.39,24.39,24.39,24.85,24.48,24.29,24.57,24.01,24.48,24.57,24.20,24.11,24.39,24.20,24.39,24.11,24.20,24.29,24.48,24.29,24.48,24.20,24.11,24.29,24.20,24.48,24.39,24.85,24.20,24.11,24.11,23.92,24.39,24.11,24.20,24.29,24.29,24.20,24.29,24.11,24.20,24.48,24.57,24.39,24.48,23.83,23.73,24.20,24.57,24.20,24.20,24.01,24.39,24.29,23.83,24.11,24.20,23.92,24.11,24.20,24.29,24.20,24.48,23.92,24.20,24.01,24.20,23.83,24.01,24.01,24.39,24.29,24.11,24.11,23.73,24.01,23.73,24.01,24.11,23.92,24.39,23.92,23.73,24.29,24.11,23.92,23.92,24.39,23.83,23.92,24.01,24.11,23.73,24.11,24.20,24.11,24.11,24.01,24.20,23.64,24.01,24.20,24.29,24.29,24.01,23.83,23.73,23.83
23.73,23.64,24.01,24.11,23.92,24.01,24.01,24.11,23.64,24.29,24.01,23.83,23.92,23.92,24.20,24.29,24.11,23.83,24.57,24.20,24.20,24.11,24.01,23.83,23.92,24.11,23.83,23.83,23.92,24.20,23.73,24.11,24.48,24.11,23.73,24.01,24.29,23.92,23.73,23.92,23.55,24.57,24.01,23.83,24.20,23.92,23.64,24.39,24.20,24.39,23.83,23.73,24.39,24.39,23.92,24.29,23.92,24.39,23.92,24.29,24.11,24.39,24.48,24.39,24.29,24.85,24.29,24.48,24.20,24.01,24.67,24.11,24.29,24.01,24.01,24.29,24.29,24.01,24.93,24.48,24.29,24.29,24.11,24.20,24.20,24.11,23.83,24.48,24.48,24.76,24.29,24.85,24.48,24.39,24.20,24.11,24.48,24.85,24.29,23.92,24.29,24.76,24.85,24.39,24.39,23.83,24.39,24.29,24.67,24.67,24.48,24.57,24.57,24.20,24.39,24.01,24.76,24.57,24.39,24.29,24.57,24.11,24.39,24.39,24.11,24.67,24.20,24.48,24.29,24.67,24.67,24.11,24.39,24.48,24.76,24.29,24.67,24.29,24.29,24.57,24.48,24.48,24.57,24.76,24.57,24.01,24.39,24.48,24.85,24.48,24.20,24.29,24.48,24.48,24.85,24.67,24.67,24.67,24.67,24.67,24.76,25.28,24.57,24.67,25.11,24.85,25.11,25.11,25.46,25.46,26.14,25.72,25.98,26.31,26.05,26.47,26.23,26.40,26.14,26.05,26.14,25.98,25.81,25.98,25.55,25.46,25.55,25.46,25.28,24.93,25.11,25.11,24.48,25.20,24.67,24.76,25.02,24.67,24.93,24.39,24.85,24.57,24.48,24.48,24.29,24.76,24.48,24.85,24.67,24.67,24.48,24.48,24.48,24.67,24.48,24.85,24.39,24.76,24.57,24.48,24.67,24.48,24.48,24.57,24.29,24.20,24.29,24.85,24.48,24.67,24.39,24.67,24.39,24.20,24.01,24.20,24.39,24.48,24.57,24.01,24.48,24.01,24.76,24.76,24.57,24.76,24.57,24.57,24.67,24.01,24.57,24.67,23.83,24.57,23.92,24.67,24.67,24.57,24.20,24.11,24.29,24.76,24.39,24.57,24.11,24.29,24.48,24.11,24.67,24.57,24.57,24.48,24.01,24.01,24.29,24.39,24.20,24.29,24.20,23.92,24.11,24.93,24.29,24.48,24.29,24.39,24.29,24.48,24.48,24.20,24.39,24.29,24.39,24.29,24.48,24.20,24.57,24.20,24.01,24.11,24.11,24.29,24.01,24.11,24.11,23.92,24.39,24.20,24.11,24.39,24.11,24.11,23.64,24.76,24.39,24.29,24.57,24.48,24.11,24.39,24.29,24.57,24.20,24.29,24.20,24.11,23.92,24.48,24.20,24.39,24.20,24.20,23.73,23.64,24.39,24.29,24.01,24.29,24.29,23.92,24.29,23.92,24.39,24.39,24.20,24.01,23.55,24.20,24.29,24.39,23.83,24.01,24.01,23.92,24.01,23.83,24.11,24.01,24.29,24.29,24.01,23.73,23.92,24.11,24.01,24.20,24.20,23.92,23.83,24.11,24.01,24.20,23.92,23.83,24.01,23.92,23.73,23.73,24.01,24.20,23.55,24.01
24.29,23.92,24.01,24.11,24.11,24.20,23.92,24.01,23.73,24.20,24.39,23.92,24.01,23.83,24.29,24.11,24.48,24.01,23.92,24.11,23.73,24.11,23.83,24.20,24.39,24.01,24.01,24.01,24.11,24.48,24.48,24.01,24.48,24.01,24.11,24.01,24.11,23.92,24.11,24.39,24.39,24.01,24.01,23.64,24.39,23.64,24.11,24.01,24.29,23.73,23.92,24.39,24.48,23.83,23.73,23.92,24.11,24.01,24.29,24.39,24.11,24.39,24.11,24.29,24.29,24.11,24.01,23.83,23.83,23.83,24.01,24.20,24.20,24.20,24.29,24.11,24.57,24.29,23.92,24.29,24.29,24.29,24.29,24.76,24.29,24.11,24.39,24.29,24.20,24.29,24.85,24.20,24.29,23.55,24.48,23.92,24.39,24.76,24.01,24.48,25.02,23.92,24.39,24.57,24.67,24.20,24.01,24.11,24.29,24.29,24.67,24.48,24.57,24.01,24.57,24.76,24.39,24.11,24.57,24.67,24.29,24.85,24.85,24.57,24.11,24.39,24.20,24.67,24.76,24.29,24.48,24.39,24.39,24.20,24.39,24.39,24.29,24.57,24.57,24.11,24.76,24.67,24.67,24.57,24.57,24.39,24.57,24.67,24.39,24.85,24.85,24.11,24.57,24.67,24.57,24.57,24.39,24.67,24.67,24.48,24.76,24.85,25.02,25.02,24.67,24.67,25.28,25.11,25.28,25.46,25.28,25.72,25.88,26.23,26.14,26.05,26.56,26.14,26.47,26.64,26.31,26.31,25.72,26.05,25.81,25.63,25.63,25.28,25.28,25.11,25.20,25.20,24.85,24.76,24.93,24.76,24.93,24.39,24.93,24.67,24.67,24.67,24.85,24.20,24.48,24.39,24.20,24.57,24.57,24.29,24.48,24.39,24.85,24.29,24.57,24.29,24.39,24.57,24.57,24.67,24.29,24.20,24.48,24.48,24.48,24.48,24.39,24.57,24.29,24.39,24.39,24.57,24.39,24.48,24.48,24.29,24.48,24.48,24.57,24.29,24.29,24.48,24.01,24.29,24.76,24.39,24.39,23.92,24.57,24.39,24.01,24.57,24.29,24.39,24.39,24.39,24.48,24.11,24.57,24.20,24.67,24.67,24.11,24.67,24.67,24.57,24.29,24.57,24.29,24.57,24.48,24.48,24.85,24.48,24.39,24.39,24.57,24.29,24.20,24.48,24.39,24.39,24.39,24.67,24.67,24.39,24.39,24.39,24.39,24.20,24.57,24.29,24.20,24.29,24.20,24.01,24.57,24.29,24.39,24.20,24.01,24.20,24.29,24.39,24.48,24.20,24.01,24.11,24.20,24.39,24.29,24.39,24.39,24.11,24.11,24.20,24.48,24.29,24.11,24.39,24.01,23.83,24.01,24.57,24.29,24.39,24.39,24.48,24.11,24.48,24.29,24.11,24.20,24.01,23.83,24.20,24.20,24.20,24.20,23.92,24.39,24.39,23.83,24.01,24.11,24.29,24.20,24.11,24.20,23.92,24.39,24.20,24.11,24.29,24.29,24.39,24.29,24.11,24.11,24.01,24.20,24.39,24.39,24.11,24.20,24.01,24.29,23.83,23.64,24.39,24.39,24.20,24.39,24.01,23.92,24.48,24.20,24.11,24.20,24.20,24.29,24.11
23.92,24.01,24.11,23.83,24.67,24.11,24.11,24.11,24.20,23.83,24.39,23.73,24.11,23.92,24.29,23.73,24.20,23.92,24.48,24.11,23.83,24.01,23.73,24.29,24.01,24.11,24.01,24.01,23.83,23.64,24.20,24.48,23.92,24.01,23.73,24.48,24.01,24.48,24.29,23.92,24.11,24.11,23.92,24.29,24.11,24.39,24.29,24.01,23.92,23.83,24.39,24.11,24.29,23.92,24.39,23.64,24.29,24.20,24.20,24.57,24.20,24.39,24.20,24.01,24.29,24.20,24.48,24.11,24.20,24.57,24.29,24.29,24.20,24.20,24.48,24.76,24.29,23.92,24.29,24.39,24.76,24.20,24.20,24.85,24.29,24.39,24.48,24.76,24.48,24.29,24.67,24.39,24.29,24.20,24.39,24.20,24.48,24.01,24.20,24.29,24.48,24.20,24.39,24.48,24.29,24.20,24.29,24.67,24.76,24.48,24.76,24.11,24.20,24.57,24.29,24.93,24.39,24.57,24.48,24.20,24.11,24.57,24.67,24.39,24.29,24.29,24.11,24.39,24.67,24.48,24.29,24.57,24.48,23.92,24.20,24.29,24.48,24.39,24.48,24.39,24.48,24.48,24.57,24.76,24.48,24.48,24.48,24.39,24.29,24.29,24.48,24.20,24.48,24.67,24.48,24.57,24.76,24.76,24.67,24.67,24.76,24.67,24.76,24.67,24.76,24.85,24.93,24.57,25.37,25.55,25.72,26.05,26.23,26.23,26.47,26.14,26.31,26.40,26.64,26.47,26.31,26.23,25.98,26.14,25.28,25.98,25.37,25.37,24.85,24.85,24.85,25.11,24.76,24.76,24.67,24.85,24.29,24.39,24.67,24.67,24.85,24.29,24.57,24.85,24.76,24.57,24.76,24.48,24.57,24.76,24.57,24.67,24.76,24.48,24.48,24.29,24.57,24.57,24.39,24.29,24.29,24.29,24.29,24.57,24.48,24.20,24.48,24.20,24.57,24.29,24.20,24.67,24.48,24.48,24.11,23.92,24.67,24.48,24.76,24.20,24.29,24.48,24.57,24.57,24.48,24.01,24.20,24.67,24.20,24.01,24.67,24.67,24.11,24.48,24.67,24.11,24.39,24.48,24.67,24.11,24.57,24.11,24.48,24.57,23.83,24.39,24.29,24.48,24.01,24.76,24.48,24.48,24.76,24.67,24.48,24.39,24.39,24.39,24.57,24.29,24.48,24.29,24.29,24.20,24.39,24.29,24.48,24.39,23.92,24.48,24.39,24.11,24.48,24.20,24.57,24.20,24.20,24.48,24.20,24.11,24.01,24.48,24.20,23.83,24.48,24.29,24.29,24.29,24.01,24.39,24.01,24.29,24.11,24.11,24.57,24.11,23.92,24.11,24.39,24.01,24.76,23.92,24.29,24.29,24.01,24.48,23.83,24.01,24.11,24.29,24.01,24.29,24.57,24.11,24.76,24.20,24.01,24.29,24.11,24.01,24.01,24.20,24.01,24.01,23.64,24.39,24.01,24.11,24.11,24.29,24.01,24.01,24.01,24.11,23.73,24.01,24.01,24.20,24.11,24.20,23.92,23.73,24.20,24.39,24.11,24.11,24.11,24.20,24.20,24.01,24.29,24.01,24.11,24.20,24.29,24.11,23.64,24.20,24.11,23.55,24.20,24.20
24.11,24.01,23.64,24.11,23.55,24.20,24.67,24.11,23.83,23.92,23.92,24.11,24.01,23.92,23.73,23.55,24.11,24.11,24.11,24.11,24.20,23.92,24.57,24.39,24.01,24.57,23.73,24.48,24.01,23.92,24.20,23.92,24.57,24.48,24.29,23.92,24.20,24.11,24.39,24.29,24.39,24.01,24.39,24.39,23.64,24.20,24.29,24.39,24.39,24.29,23.92,24.01,24.20,24.29,24.48,24.20,24.48,24.01,24.57,24.01,24.20,23.83,24.20,23.92,24.39,24.11,24.48,24.11,24.11,24.01,24.57,24.20,24.01,24.01,24.85,24.29,24.29,24.20,24.20,23.64,24.11,24.29,24.20,24.01,24.39,24.39,24.76,24.48,24.29,24.20,24.67,24.20,24.01,24.29,24.67,24.76,24.20,24.20,24.39,24.76,24.29,24.39,24.39,24.29,24.48,24.29,24.20,24.29,24.67,24.76,24.57,24.67,24.67,24.48,24.11,24.20,24.93,24.76,24.85,24.39,24.39,24.39,24.48,24.11,24.48,24.57,24.93,24.48,24.39,24.39,24.48,24.20,24.01,24.48,24.57,24.01,24.48,24.48,24.67,24.29,24.48,24.76,24.57,24.85,24.48,24.48,24.11,24.39,24.67,25.11,24.11,24.29,24.20,24.29,24.67,24.39,24.76,24.29,24.85,24.67,24.67,24.67,24.67,24.76,24.85,24.85,25.20,25.28,25.63,25.37,25.63,26.31,26.31,26.40,26.64,26.23,26.47,26.40,26.64,26.23,26.14,26.47,26.14,25.88,26.14,26.05,25.37,25.37,25.28,25.20,25.20,24.85,25.28,24.85,24.85,24.85,24.67,24.48,24.39,24.57,24.57,24.39,24.20,24.67,24.48,24.76,24.67,24.39,24.39,24.48,24.67,24.57,24.76,24.57,24.39,24.20,24.39,24.39,24.48,24.39,24.20,24.29,24.67,24.57,24.20,23.73,24.39,24.67,24.11,24.48,24.20,24.39,24.20,24.48,24.39,24.39,24.39,24.76,24.39,24.01,24.39,24.57,24.11,24.48,24.11,24.57,24.67,24.85,24.57,24.48,24.11,24.76,24.20,24.48,24.57,24.39,24.76,24.39,24.57,24.20,24.11,24.67,24.29,24.67,24.29,24.48,24.48,24.57,24.57,24.29,24.20,24.01,24.39,24.20,24.20,24.39,24.48,24.29,24.48,24.11,24.11,24.76,24.29,24.20,24.11,24.29,24.11,24.39,24.29,24.85,24.11,24.29,24.57,24.39,24.11,24.01,24.67,24.20,24.29,24.39,24.29,24.57,24.20,24.39,23.64,24.29,24.20,24.57,24.11,24.01,24.48,24.29,24.39,24.48,24.48,24.29,23.83,24.20,23.92,24.20,24.11,23.83,24.20,24.11,23.92,24.20,24.01,24.20,24.48,24.29,24.48,24.01,24.11,24.20,24.48,23.73,23.64,23.92,24.11,24.29,23.92,24.01,23.73,24.39,24.20,24.11,23.83,24.20,24.39,23.92,24.01,24.20,24.01,23.92,24.11,23.64,24.29,24.01,24.11,23.92,23.73,23.73,24.01,24.39,24.29,23.92,24.76,24.48,24.11,24.11,23.92,24.01,24.20,23.64,23.92,23.83,23.83,24.11,23.83,23.83,24.20,23.73
24.39,23.64,24.29,24.29,24.01,24.11,24.11,24.11,24.01,23.73,24.76,23.83,24.01,23.73,24.11,24.20,24.39,23.83,24.29,24.39,24.01,23.36,23.92,24.01,24.01,24.20,23.73,24.48,23.92,23.83,24.29,24.11,24.01,23.92,23.83,24.48,24.20,24.29,23.83,24.01,23.83,23.92,23.83,24.57,24.11,24.48,24.11,24.29,24.29,23.92,24.29,23.92,24.11,24.01,24.29,24.01,24.39,24.20,24.57,24.57,24.20,24.39,24.11,24.20,24.48,24.48,24.29,24.48,24.11,24.57,24.20,24.20,24.39,24.29,24.20,24.67,24.01,24.11,24.48,24.48,24.29,24.48,24.39,24.01,24.20,24.29,24.39,24.29,24.76,24.29,24.29,24.20,24.39,24.39,24.39,24.01,24.20,24.57,24.11,24.11,24.48,24.29,24.11,24.39,24.57,25.11,24.39,24.11,24.48,24.01,24.29,24.29,24.57,24.39,24.29,24.29,24.11,24.29,24.57,24.01,24.20,24.20,24.39,24.57,24.57,24.01,24.20,24.39,24.29,24.76,24.57,24.39,24.48,24.57,24.76,24.48,24.29,24.29,24.39,24.39,24.01,24.29,24.67,24.39,24.57,24.57,24.93,24.11,24.57,24.67,24.29,24.67,24.67,24.39,24.57,24.29,24.11,24.48,24.93,24.76,24.85,24.57,25.20,24.67,24.76,25.37,25.37,25.37,25.72,25.72,25.98,26.14,26.23,26.47,26.56,26.56,26.73,26.56,26.47,26.47,26.73,26.14,26.14,25.72,26.14,25.72,26.14,25.28,25.28,24.85,24.85,24.76,24.57,24.67,24.93,25.11,24.67,25.20,24.57,24.57,24.85,24.39,24.67,25.11,24.29,24.11,24.39,24.67,24.57,24.67,24.48,24.76,24.48,24.39,24.76,24.29,24.57,24.76,24.29,24.48,24.48,24.39,24.01,24.67,24.57,24.20,24.57,24.57,24.29,24.29,24.29,24.39,24.20,24.01,24.67,24.39,24.39,24.48,24.39,24.57,24.29,24.20,24.29,24.39,24.48,24.57,24.67,23.92,24.11,24.20,24.11,24.29,24.20,24.76,24.76,24.20,24.20,24.01,24.48,24.39,24.76,24.20,24.01,24.11,23.83,24.76,24.39,24.11,24.57,23.92,24.57,24.20,24.57,24.57,24.39,23.92,24.11,24.39,24.57,24.76,24.11,24.48,24.11,24.20,24.39,24.39,24.85,24.20,24.20,24.11,24.39,24.85,24.39,24.11,23.92,24.11,24.67,24.67,23.92,24.29,24.01,24.48,24.57,24.48,23.92,24.48,24.20,24.29,24.11,24.11,24.01,24.29,24.39,24.01,24.39,24.20,24.11,24.11,24.20,24.20,24.11,24.20,24.11,24.29,24.48,24.20,24.20,24.48,24.39,24.76,24.20,24.01,24.11,24.01,24.11,23.73,24.39,24.20,24.29,24.39,24.01,24.29,24.29,23.64,24.29,23.92,24.39,24.20,23.92,24.11,24.67,24.20,24.01,24.20,24.39,24.39,24.11,24.20,24.20,23.73,24.11,24.39,24.01,24.11,24.01,24.01,24.11,24.20,24.01,24.20,24.20,24.57,23.83,23.73,23.55,23.64,23.92,24.11,24.01,23.55,23.73,23.92
24.01,23.64,24.01,23.92,24.20,23.64,23.45,23.83,24.01,24.01,23.83,23.92,24.01,24.01,24.01,24.39,24.39,24.39,24.01,24.01,24.20,24.39,23.73,23.83,23.83,24.11,23.83,23.83,24.29,24.11,24.48,24.11,24.20,23.92,24.39,23.92,24.20,24.11,24.01,24.01,23.73,24.29,24.11,24.20,24.20,23.73,23.92,24.20,24.29,23.83,24.01,24.20,24.11,23.73,24.01,24.29,23.92,24.67,24.20,23.92,24.11,24.39,24.39,24.39,24.11,23.92,24.29,24.29,24.11,24.11,23.83,24.11,24.48,24.20,24.29,24.29,24.48,24.39,24.29,24.11,24.29,24.11,24.01,24.20,24.29,24.20,24.01,24.11,24.20,24.39,24.20,24.39,24.76,24.11,24.01,24.29,24.01,24.39,24.67,24.29,24.48,24.48,24.39,24.93,24.67,24.11,24.29,24.67,24.48,24.57,24.48,24.67,24.57,24.76,24.76,24.20,24.29,24.48,24.29,24.48,24.76,24.39,24.29,24.93,24.01,24.20,24.39,24.20,24.29,24.39,24.29,24.39,24.48,24.39,24.39,24.29,24.85,24.57,24.20,24.20,24.29,24.39,24.67,24.85,24.48,24.57,24.57,24.48,24.48,24.67,24.57,24.29,24.39,24.39,24.67,24.39,24.57,24.48,24.01,25.20,24.85,25.11,24.76,24.57,25.02,25.02,25.37,25.63,25.37,25.55,26.05,26.31,26.31,26.89,26.73,26.23,26.64,26.64,26.64,26.64,26.64,26.31,26.64,26.23,26.23,25.63,25.72,25.46,25.28,25.46,25.11,24.85,25.02,24.76,24.85,24.57,24.67,24.85,24.76,24.57,24.67,24.85,24.85,24.67,24.76,25.02,24.76,24.57,24.67,24.85,24.57,24.57,24.48,24.39,24.85,24.48,24.20,24.76,24.39,24.48,23.92,24.39,24.20,24.57,24.39,24.48,24.57,24.39,24.57,24.48,24.48,24.76,24.48,24.29,24.29,24.39,24.48,24.39,24.57,24.20,24.57,24.57,24.20,24.57,24.29,24.57,24.39,24.48,24.39,24.01,24.29,24.67,24.48,24.01,24.29,24.11,24.29,24.11,24.20,24.11,24.57,24.57,24.39,24.39,24.48,24.57,24.57,24.48,24.48,24.01,24.39,24.39,24.29,24.76,24.20,24.76,24.29,24.48,23.64,24.11,24.20,24.39,24.48,24.20,24.39,24.39,24.39,24.48,24.20,24.67,24.29,24.67,24.11,24.20,24.48,24.29,24.48,23.83,24.20,24.48,24.20,24.29,24.01,24.11,24.29,23.92,24.01,24.01,24.48,24.01,24.29,24.01,24.57,24.20,24.20,24.48,24.29,24.01,23.73,24.39,24.39,24.29,23.92,24.39,24.20,24.20,24.29,24.85,24.11,24.01,24.01,24.11,24.11,24.20,24.29,24.11,24.11,24.20,24.48,24.48,24.01,23.83,24.29,24.29,24.39,24.29,24.01,24.29,24.11,23.83,24.20,24.01,23.73,24.01,24.48,23.64,24.29,23.83,24.01,24.20,24.11,24.01,24.20,23.83,24.01,24.01,23.92,24.11,23.64,23.92,23.92,24.11,24.01,24.01,23.92,24.20,24.11,23.92,23.83,24.39,23.83,24.39
24.20,24.20,23.92,24.01,23.83,23.73,23.73,23.92,23.45,23.83,24.20,24.11,23.45,23.92,24.11,23.83,24.11,24.29,24.29,23.92,24.01,24.29,23.64,24.29,24.01,23.92,24.48,24.11,24.57,24.39,23.83,24.29,24.01,24.39,23.83,23.92,23.92,24.39,24.39,23.92,23.92,23.83,24.48,24.29,23.83,24.20,24.39,24.39,23.92,24.57,24.39,24.29,24.48,24.29,23.73,24.29,24.11,24.39,24.20,24.67,24.29,24.20,24.01,24.20,24.39,24.29,24.39,24.57,24.20,24.48,24.57,24.39,24.01,24.11,24.20,24.39,24.20,24.11,24.20,24.29,24.29,24.20,24.11,24.11,24.85,24.67,24.01,24.29,24.29,24.76,24.39,24.67,24.85,24.20,24.29,24.29,24.11,24.76,24.20,24.20,24.39,24.11,24.11,24.20,24.39,24.67,24.20,24.11,24.11,24.48,24.29,24.48,24.11,24.57,24.93,24.67,24.29,24.48,24.57,24.01,24.76,24.11,24.67,24.57,24.57,24.01,24.11,24.57,24.11,24.01,24.67,24.67,24.29,24.57,24.93,24.48,24.11,24.48,24.11,24.29,24.01,24.57,24.67,24.67,24.48,24.11,24.20,24.39,24.48,24.48,24.29,24.39,24.67,24.11,24.57,24.67,24.48,24.39,24.48,24.85,24.57,24.67,24.85,24.93,25.28,24.85,25.20,25.20,25.63,25.81,26.05,26.40,26.23,26.40,26.47,26.73,26.80,26.73,27.05,26.56,26.47,26.47,26.14,25.63,26.05,25.88,25.72,25.63,25.11,25.28,25.02,25.02,24.67,24.93,25.11,24.57,24.85,24.76,24.85,24.39,24.76,24.93,24.67,24.76,24.67,24.76,24.67,24.76,24.48,24.57,24.48,24.57,24.29,24.76,24.57,24.57,24.20,24.85,24.57,24.67,24.57,24.57,24.39,24.29,24.29,24.20,24.39,24.39,24.20,24.39,24.20,24.57,24.39,24.39,24.48,24.57,24.29,24.67,24.39,24.39,24.48,24.67,24.85,24.39,24.39,24.93,24.39,24.20,24.11,24.57,24.57,24.29,24.57,24.29,24.11,24.20,24.29,24.29,24.48,24.39,24.20,24.20,24.93,24.01,24.57,24.11,24.39,24.85,24.76,24.57,24.20,24.85,24.57,24.48,24.20,24.67,24.11,24.57,24.29,24.29,24.39,24.20,23.92,24.20,24.39,24.85,24.20,24.39,24.20,23.92,24.11,23.83,24.39,24.29,24.39,24.57,24.39,23.83,24.11,24.48,23.92,24.20,24.01,24.39,24.20,24.29,24.20,24.29,24.29,24.20,24.20,24.39,24.20,24.29,24.29,24.48,24.39,24.29,24.01,24.39,23.92,24.48,23.83,24.11,24.01,24.39,24.11,24.01,23.73,24.20,24.20,24.11,23.73,24.01,24.29,24.48,24.29,24.29,23.92,24.29,24.67,24.29,24.29,24.39,23.92,24.11,24.01,23.73,23.73,24.67,24.11,24.11,24.20,23.92,24.57,24.29,23.83,24.01,24.29,24.01,24.01,24.20,24.11,23.83,24.11,24.01,24.20,23.92,23.73,24.11,23.92,24.11,24.11,23.92,24.39,24.11,24.20,24.01,23.73,24.29,23.92,23.55
24.20,24.29,23.64,24.11,24.11,24.20,23.64,23.92,24.11,24.39,24.20,23.92,23.83,24.67,23.83,24.11,24.39,24.11,23.92,23.83,23.92,24.29,23.92,23.92,24.20,24.01,23.92,23.83,24.01,24.20,24.39,23.92,24.11,24.11,24.29,24.29,24.29,23.92,24.20,24.11,24.20,24.01,24.39,24.29,24.20,24.39,23.92,24.11,24.29,24.11,24.48,24.39,24.01,24.67,24.48,24.48,24.39,24.39,24.11,24.39,24.29,24.39,23.92,24.29,23.83,24.48,24.01,24.57,24.11,24.67,23.92,24.85,24.48,24.29,24.39,24.48,24.20,24.11,24.48,24.48,24.01,24.39,24.29,24.11,24.29,24.20,24.20,24.11,24.76,24.76,24.29,24.67,24.29,24.20,24.85,24.20,24.48,24.29,24.20,24.67,24.48,24.67,24.39,25.02,24.29,23.92,24.20,24.57,24.29,24.48,24.85,24.39,24.20,24.93,24.48,24.48,24.57,24.20,24.39,24.01,24.11,24.85,24.93,24.29,24.29,24.20,24.48,24.39,24.76,24.57,24.29,24.39,24.67,24.48,24.11,24.57,24.57,24.76,24.11,24.39,24.29,23.83,23.92,24.39,24.67,24.67,24.57,24.29,24.20,24.57,24.29,24.48,24.67,24.39,24.93,24.67,24.57,25.02,24.48,24.57,24.85,24.57,24.76,24.67,24.85,25.20,25.46,25.20,25.55,25.72,26.31,26.05,26.23,26.56,27.05,26.96,26.96,26.96,27.05,27.13,26.40,26.40,26.23,26.64,26.14,26.14,25.55,25.37,25.63,24.93,25.46,25.11,24.93,25.02,24.85,24.85,24.67,24.76,24.67,24.76,24.67,24.67,24.57,24.85,24.48,24.76,24.39,24.57,24.67,24.76,24.57,24.76,24.85,24.29,24.48,24.57,24.39,24.39,24.57,24.57,24.57,24.29,24.76,24.48,24.29,24.57,24.29,24.57,24.48,24.57,24.48,24.48,24.20,24.29,24.67,24.76,24.20,24.29,24.29,24.20,24.57,24.67,24.39,24.67,24.39,24.67,24.48,24.67,24.39,24.20,24.48,24.39,24.57,24.57,24.76,24.39,24.20,24.48,24.01,24.57,24.39,24.11,24.39,24.39,23.92,24.57,24.67,24.20,24.76,24.11,24.85,24.48,24.76,23.83,24.39,24.48,24.29,24.39,24.29,24.29,24.20,24.20,24.67,24.11,24.48,24.29,24.39,24.11,24.29,24.20,24.39,24.20,24.48,24.39,24.20,24.20,24.01,24.20,24.39,24.20,24.11,24.20,24.20,24.48,24.39,23.92,23.92,24.20,24.11,24.39,23.55,24.48,24.29,24.20,24.29,24.39,23.83,23.73,23.92,23.83,24.29,24.01,24.20,24.39,24.39,24.39,24.01,24.48,24.11,24.39,24.48,24.29,24.39,24.39,24.39,24.11,23.83,23.64,23.73,24.39,24.20,24.20,24.11,24.11,24.01,24.29,23.83,23.83,24.39,24.29,24.29,24.01,24.29,24.29,23.92,24.11,24.11,24.11,24.11,24.11,23.92,24.01,23.92,23.92,24.01,24.39,23.73,24.01,23.45,24.39,23.55,23.73,23.73,23.64,23.64,24.39,24.11,24.20,23.92,23.64,24.11,24.11
24.20,24.39,24.01,24.20,24.01,24.20,24.39,24.20,23.92,24.20,24.20,23.92,24.67,24.39,23.92,24.39,23.83,23.92,24.11,24.11,24.01,24.11,24.01,23.92,24.20,24.39,24.29,24.76,24.01,24.11,23.92,24.20,24.11,24.11,24.48,24.20,24.29,24.57,23.73,24.20,24.39,24.67,24.48,24.48,24.29,24.20,23.73,24.39,24.29,24.29,24.01,24.11,23.83,24.39,24.39,24.20,24.48,24.29,24.48,23.64,24.39,24.39,24.20,23.73,23.83,24.29,24.29,24.11,24.29,24.29,24.39,24.48,24.76,24.29,24.39,24.57,24.76,24.29,24.20,24.01,24.20,24.20,24.67,24.01,24.01,24.39,24.11,24.76,24.29,24.20,24.39,24.85,24.57,24.20,24.39,24.48,24.29,24.29,24.29,24.20,24.57,24.48,24.20,24.20,24.57,24.93,24.29,24.01,24.29,24.11,24.20,24.57,24.48,24.39,23.92,24.29,24.57,24.48,24.20,24.39,24.67,24.39,24.57,24.57,24.20,24.76,24.57,24.93,24.67,24.20,24.57,24.48,24.57,24.76,24.48,24.39,24.20,24.57,24.67,24.67,24.29,24.57,24.76,24.20,24.39,24.11,24.48,24.20,24.76,24.29,24.29,24.39,24.20,24.67,24.76,24.85,24.57,24.39,24.48,24.76,24.93,25.02,25.11,24.57,24.67,24.85,25.28,25.55,25.72,25.55,26.56,26.56,26.73,26.96,26.96,27.13,27.13,26.89,27.22,26.56,26.56,26.64,26.73,25.98,26.05,25.72,25.46,25.55,25.37,25.46,25.28,24.57,24.76,25.28,25.02,24.57,24.67,24.57,24.93,24.93,24.67,24.85,24.48,24.76,24.57,24.67,24.39,24.20,24.57,24.57,24.20,25.02,24.57,24.67,24.57,24.57,24.39,24.48,24.57,24.39,24.20,24.48,24.93,24.48,24.48,24.48,24.39,24.93,24.20,24.57,24.39,24.39,24.29,24.39,24.11,24.48,24.11,24.39,24.76,24.20,24.57,24.57,24.48,24.76,24.67,24.39,24.20,24.39,24.39,24.57,24.20,24.67,24.01,24.01,24.39,24.48,24.48,24.57,24.39,24.20,24.20,24.85,24.67,24.48,24.11,24.39,23.92,24.20,24.11,24.67,24.48,24.20,24.57,24.11,24.57,24.76,24.48,24.29,23.92,24.39,24.29,24.20,24.39,24.11,24.29,24.39,23.92,24.20,24.01,24.48,24.39,24.20,24.20,24.48,24.39,24.20,24.20,24.39,24.20,24.11,24.29,24.39,24.57,23.83,24.20,24.48,24.67,24.01,24.48,23.92,24.20,24.20,24.39,24.01,24.39,24.29,24.20,24.01,24.29,24.20,24.39,24.29,24.20,24.20,24.20,24.20,24.29,24.29,24.11,24.01,23.83,23.92,24.01,24.39,23.92,24.11,24.29,24.11,24.11,24.20,24.29,24.11,24.20,24.39,24.39,23.92,24.01,24.01,24.39,24.29,23.92,24.29,24.01,24.29,23.73,23.73,24.20,23.92,24.39,24.11,23.73,23.92,24.01,24.01,24.01,24.29,23.73,24.01,24.20,23.83,24.01,23.92,24.20,23.64,23.83,23.92,24.01,23.36,24.11,23.83,24.11,24.20
23.92,24.48,24.20,23.55,24.11,24.11,23.83,24.11,23.92,23.45,24.67,24.20,24.11,23.83,24.20,24.11,24.01,24.11,24.01,24.11,23.83,24.57,24.20,24.20,24.11,24.39,24.11,24.11,23.64,24.01,24.29,23.83,24.11,23.92,24.11,23.92,24.29,24.01,24.20,23.83,24.20,24.01,23.83,23.64,24.29,23.64,24.11,23.92,24.29,23.92,24.11,23.83,23.92,24.11,24.01,24.20,24.39,24.20,24.29,24.39,24.20,24.48,24.57,24.01,24.48,24.11,24.48,24.11,24.39,24.20,24.29,24.20,24.29,24.39,24.39,24.29,24.76,24.11,24.01,24.39,24.39,24.39,24.29,24.29,24.67,24.29,24.67,24.11,24.39,24.39,24.01,24.67,24.01,24.01,24.01,24.29,24.39,24.20,24.39,24.48,24.76,25.20,23.92,24.11,24.48,24.39,24.48,24.01,24.01,24.57,24.67,24.67,24.57,24.48,24.67,24.67,24.01,24.29,24.76,24.11,24.85,24.29,24.67,24.48,24.57,24.67,24.11,24.39,24.11,24.39,23.83,24.11,24.29,24.01,24.57,24.67,24.39,25.11,24.29,24.48,24.57,24.76,24.76,24.48,24.39,24.20,24.67,24.57,24.20,24.39,24.85,24.57,24.67,24.85,24.67,24.39,24.67,24.29,24.67,24.85,24.67,24.57,24.76,24.76,24.57,24.67,25.63,25.37,25.88,25.81,25.81,26.56,26.89,26.96,27.29,27.05,27.13,27.13,27.36,26.96,26.96,26.56,26.47,26.23,26.14,25.63,25.63,25.55,25.63,25.28,25.37,25.11,25.20,25.02,25.20,24.85,24.67,24.76,25.20,24.39,24.48,24.67,24.76,24.39,24.57,24.39,24.76,24.57,24.11,24.76,24.57,24.85,24.85,24.57,24.39,24.39,24.85,24.29,24.48,24.48,24.48,24.57,24.48,24.20,24.57,24.29,24.57,24.39,24.29,24.67,24.39,24.29,24.29,24.39,24.57,24.29,23.92,24.57,24.48,24.29,24.29,24.57,24.20,24.39,24.29,24.01,24.48,24.20,24.48,24.48,23.92,24.67,24.39,24.93,24.01,24.57,24.39,24.11,24.20,24.39,24.39,24.29,24.93,24.39,24.29,24.39,24.85,24.39,24.48,24.11,24.48,24.11,24.39,24.48,24.29,24.29,24.39,24.57,24.20,24.76,24.67,24.67,24.11,24.85,24.67,24.29,24.01,24.29,24.39,24.29,24.11,24.57,24.57,24.39,24.29,24.29,24.29,24.01,24.67,24.39,24.29,23.83,24.11,23.83,24.39,24.29,23.92,24.20,24.57,24.39,24.57,24.20,24.29,24.76,24.29,24.29,24.20,24.20,24.29,24.39,24.01,24.39,24.48,24.29,24.20,24.20,24.20,24.39,24.48,24.20,24.29,24.11,24.11,23.83,24.20,23.83,24.48,24.48,24.29,24.11,24.39,24.39,23.92,24.11,23.92,24.20,24.48,24.67,23.64,24.01,23.83,24.39,24.29,24.29,23.92,24.29,23.73,24.39,23.92,24.29,24.29,24.20,24.39,23.92,24.29,23.83,23.92,24.29,24.01,24.01,24.29,24.20,24.01,24.11,24.11,23.73,24.11,24.20,24.01,24.11,24.39,24.01
24.29,24.48,24.11,23.45,24.20,24.39,24.01,24.01,24.01,24.57,24.11,23.92,23.83,24.39,24.20,23.83,24.57,24.11,24.11,24.20,24.11,24.39,23.55,24.01,23.83,24.29,24.01,24.20,24.11,23.92,24.39,23.92,24.57,24.57,24.01,24.20,24.67,23.83,24.20,24.01,23.83,24.11,24.29,23.92,24.11,23.92,24.20,24.29,24.39,24.39,24.20,24.01,23.73,24.20,24.39,24.20,24.39,24.29,24.20,24.20,24.39,24.57,23.92,24.67,24.48,24.39,24.01,24.39,24.01,24.20,24.39,24.39,24.29,24.76,24.39,24.48,24.57,24.20,24.76,24.48,24.01,24.29,24.01,24.57,24.48,24.20,24.29,24.20,24.48,24.20,24.20,24.67,24.57,24.57,24.29,23.83,24.39,24.39,24.48,24.20,24.39,24.01,24.29,24.11,24.76,24.11,24.39,24.11,24.39,24.11,24.57,24.85,24.39,24.39,24.20,24.01,24.67,24.39,24.57,24.48,24.48,24.93,24.29,24.39,24.57,24.20,24.20,24.67,24.67,24.20,24.85,24.48,24.48,24.57,24.39,24.39,24.29,24.48,24.67,24.76,24.57,24.20,24.57,24.39,24.39,24.39,24.48,24.48,24.48,24.29,24.67,24.39,24.67,24.76,24.85,24.76,24.29,24.57,24.67,25.11,24.67,24.76,24.76,25.20,24.93,24.93,25.28,25.28,25.63,25.72,26.40,26.47,26.40,27.22,27.22,27.76,27.69,27.36,27.36,27.22,26.96,26.73,26.56,26.47,25.98,26.14,25.37,25.55,25.55,25.20,25.46,25.46,25.11,25.02,25.20,25.11,24.76,24.85,25.11,25.20,24.76,24.85,24.57,24.85,24.67,24.67,24.76,24.39,24.48,24.57,24.76,24.76,24.48,24.48,24.29,24.67,24.76,24.57,24.29,24.48,24.76,24.57,24.29,24.48,24.67,24.57,24.11,24.39,24.48,24.11,24.48,24.39,24.39,24.48,24.57,24.29,24.29,24.39,24.29,24.48,24.39,24.67,24.57,24.57,24.48,24.76,24.01,24.11,24.01,24.48,24.39,24.67,24.48,24.48,24.39,24.57,24.67,24.48,24.39,24.01,24.11,24.48,24.85,24.76,24.76,24.57,24.11,24.01,24.11,24.48,24.11,24.57,24.39,24.29,24.48,24.11,24.29,24.39,24.29,24.85,24.29,24.20,24.76,24.20,24.76,24.76,24.67,24.76,24.48,24.57,24.20,24.57,24.48,24.39,24.76,24.29,24.11,24.29,24.76,24.48,24.39,24.48,24.01,24.39,24.76,24.20,24.76,24.11,24.39,24.29,24.20,24.67,24.67,23.92,24.20,24.48,24.20,24.11,24.48,24.48,24.67,24.20,24.29,24.48,24.29,24.57,24.39,24.20,24.29,24.01,24.01,24.20,24.48,24.20,24.20,24.48,24.29,24.20,24.11,24.39,24.29,24.01,24.39,23.92,23.92,23.92,24.20,24.39,24.20,24.39,24.48,24.01,24.29,24.11,24.20,24.48,24.01,24.20,24.29,24.48,23.92,24.11,24.29,24.20,23.73,24.67,24.01,24.20,24.11,24.20,24.20,24.67,23.92,23.92,24.01,24.01,24.20,24.20,24.39,23.83,24.01,23.92
24.01,24.11,24.11,23.64,24.11,23.73,24.11,23.83,23.36,23.92,24.29,24.11,23.92,24.20,23.83,23.92,24.67,24.20,24.11,24.20,24.20,24.39,24.01,23.92,23.73,24.20,24.11,24.11,24.20,24.01,23.92,24.29,24.11,24.20,23.92,24.20,24.39,24.48,24.01,23.92,24.20,24.39,24.20,24.20,24.48,24.20,24.01,23.92,24.20,24.29,24.39,23.73,23.83,24.39,24.20,24.48,24.39,24.29,24.29,24.57,24.11,24.39,24.39,24.39,24.20,24.01,24.20,24.01,24.11,24.39,24.01,24.20,24.29,24.01,24.20,24.11,24.01,24.01,24.39,24.29,24.48,24.39,24.11,24.48,24.67,24.11,24.29,24.01,24.20,24.48,24.20,24.20,24.29,24.01,24.39,24.67,24.39,24.01,24.39,24.76,24.85,24.20,24.39,24.11,24.29,24.39,24.76,24.01,24.11,24.76,24.57,24.57,24.01,24.57,24.01,24.67,24.76,24.48,24.57,24.85,24.29,24.85,24.48,24.20,24.29,24.48,24.29,24.29,24.20,24.39,24.20,24.48,24.48,24.11,24.48,24.76,24.39,24.39,24.57,24.39,24.29,24.76,24.48,24.39,24.39,24.39,24.76,24.48,24.48,24.48,24.67,24.57,24.57,24.76,24.57,24.67,24.85,24.57,24.85,24.39,24.76,25.11,24.85,24.67,24.85,24.39,25.46,25.46,25.63,26.05,26.31,26.89,26.80,27.13,27.53,27.85,27.45,27.85,27.76,26.89,26.96,27.13,26.64,26.73,26.05,26.05,25.63,25.98,25.81,25.63,25.46,25.28,25.20,24.85,25.11,25.20,25.02,25.28,24.85,25.11,24.57,24.76,24.67,24.67,25.20,24.93,24.57,24.48,24.48,24.93,24.39,24.76,25.11,24.39,24.67,24.48,24.67,24.39,24.29,24.29,24.57,24.48,24.20,24.39,24.57,24.48,24.01,24.67,24.39,24.57,24.39,24.39,24.67,24.67,24.67,25.02,24.76,24.57,24.48,24.39,24.29,24.67,24.48,24.48,24.11,24.39,24.39,24.01,24.48,24.67,24.57,24.57,24.39,23.83,24.67,24.48,24.39,24.57,24.48,24.11,24.39,24.39,24.01,24.01,24.11,24.39,24.29,24.20,24.29,24.29,24.11,24.67,24.01,24.29,24.57,24.57,24.48,24.67,24.29,24.29,24.29,24.01,24.29,24.48,24.29,24.39,24.29,24.29,24.48,24.20,24.39,24.67,24.20,24.11,24.85,24.29,24.48,24.39,24.48,24.29,24.20,24.29,23.92,24.48,24.39,24.76,24.01,24.39,24.39,24.11,24.29,24.29,24.76,24.01,24.29,24.11,24.39,24.11,24.11,23.92,24.39,24.29,24.20,24.20,24.48,24.20,24.29,23.92,23.83,24.57,24.11,23.73,24.01,24.20,24.11,24.20,24.11,24.39,24.11,24.11,24.29,24.20,24.01,24.29,24.29,24.29,23.73,24.11,23.92,24.11,24.11,24.01,24.11,23.92,24.01,24.48,24.29,23.64,24.01,23.73,24.20,24.39,23.92,24.11,24.11,23.83,24.29,23.83,23.92,24.01,24.11,24.11,23.83,23.64,23.64,24.20,24.20,23.92,24.11,23.83,23.92,24.29
24.11,23.55,24.01,23.92,24.20,23.73,23.45,24.11,23.92,24.01,24.20,23.92,24.11,23.83,24.11,24.01,24.01,23.92,23.83,24.39,24.39,24.39,24.01,24.48,24.11,24.48,23.83,24.11,24.11,24.20,24.57,24.39,23.92,24.29,23.92,24.11,24.29,24.20,24.39,24.39,24.29,24.20,23.92,24.29,24.39,24.11,24.20,24.39,24.20,23.92,24.29,24.29,23.83,24.29,24.39,24.39,24.76,24.11,24.39,24.20,23.83,24.67,24.20,24.29,24.11,24.20,23.83,24.48,24.20,24.11,24.29,24.29,24.29,24.39,24.48,24.11,24.11,24.85,24.57,24.20,24.01,24.29,23.92,24.39,24.29,24.39,24.29,24.01,24.76,24.20,24.48,24.48,24.85,24.11,24.48,24.67,24.01,24.48,24.20,24.57,24.57,24.85,24.11,24.20,24.57,24.48,24.39,24.29,24.39,24.67,24.20,24.48,24.20,24.20,24.29,24.29,24.39,24.76,24.67,24.48,24.39,24.29,24.48,24.39,24.20,24.39,23.73,24.39,24.76,24.29,24.67,24.67,24.48,24.57,24.67,24.29,24.48,24.11,24.48,24.67,24.67,24.39,24.85,24.67,24.20,24.85,24.76,24.48,24.48,24.67,24.20,24.48,24.76,24.39,24.29,24.29,24.76,24.85,24.29,24.67,24.20,24.39,24.67,24.93,25.11,25.37,25.20,25.63,25.37,26.14,26.40,27.05,27.05,27.36,27.36,27.92,27.69,27.76,27.85,27.29,27.36,27.05,26.96,26.31,26.96,26.31,26.31,25.81,26.05,25.72,25.63,25.46,25.81,25.63,25.37,25.63,24.76,25.11,25.20,25.20,25.11,25.02,25.02,24.57,24.85,24.76,24.67,24.76,24.85,24.85,24.57,24.76,24.85,24.76,24.76,24.57,24.67,24.39,24.48,24.57,24.39,24.57,24.39,24.76,24.48,24.29,24.67,24.29,24.48,24.20,24.67,24.93,24.93,24.29,24.01,24.48,24.48,24.01,24.85,24.39,24.39,24.39,24.57,24.57,24.67,24.48,24.67,24.57,24.48,24.57,23.83,24.57,24.39,24.48,24.20,24.48,24.57,24.67,24.57,24.11,24.57,24.67,24.39,24.01,24.57,24.48,24.29,24.67,24.20,24.57,24.67,24.48,24.76,24.39,24.29,24.57,24.20,24.39,24.11,24.29,24.57,24.39,24.67,24.20,23.92,24.20,24.20,24.20,24.01,24.48,24.67,24.57,24.67,24.01,24.67,24.29,24.20,24.20,24.85,24.57,24.57,24.29,24.39,23.92,24.57,24.67,24.20,24.85,23.92,23.73,24.39,24.48,24.20,24.20,24.39,24.20,23.92,24.29,24.20,24.29,23.83,24.29,24.39,24.39,23.92,24.01,24.29,24.20,24.39,23.73,24.39,24.20,24.20,24.57,24.20,24.11,24.39,23.64,24.48,24.85,24.39,24.29,24.29,24.20,23.83,23.55,24.39,24.48,24.11,24.11,24.39,24.39,24.01,23.92,23.64,24.39,24.11,23.92,24.29,24.11,24.11,24.11,24.20,24.11,24.01,23.73,24.85,24.29,24.20,24.29,24.01,24.01,24.11,24.20,24.11,24.11,24.11,24.11,24.20,23.83,23.73,24.29
24.20,24.01,24.01,24.20,24.11,24.11,23.92,24.29,24.11,24.01,24.39,24.01,23.92,23.92,23.92,24.29,24.20,24.39,24.01,24.57,24.20,24.48,23.73,23.92,24.39,23.83,24.39,24.11,24.11,23.92,23.83,24.01,24.29,24.48,24.39,24.20,23.92,23.92,24.29,24.01,24.20,24.39,24.29,23.92,23.83,24.20,23.92,24.39,23.83,24.01,24.57,23.92,24.39,24.01,24.11,24.29,24.39,24.20,24.29,24.48,24.29,24.11,24.20,24.48,23.83,24.20,24.39,24.48,24.29,24.39,24.29,24.11,24.29,23.83,24.20,24.57,24.11,24.20,24.11,24.39,24.67,24.39,24.48,24.39,24.39,24.76,24.11,24.39,24.39,24.20,24.48,24.48,24.29,24.29,24.76,24.57,24.39,24.29,24.76,24.67,24.57,24.57,24.20,24.48,24.20,24.11,24.48,24.20,24.11,24.01,24.48,24.39,24.57,24.76,24.39,24.57,24.67,24.11,24.67,24.39,24.48,24.39,24.11,24.57,24.39,24.57,24.57,24.57,24.57,24.29,24.39,24.48,24.48,24.48,24.48,24.39,24.39,24.48,24.39,24.57,24.67,24.39,24.48,24.48,24.48,24.20,24.20,24.67,24.85,24.48,24.67,24.39,24.48,24.57,24.67,24.48,24.57,24.67,24.57,24.29,25.11,24.85,24.67,24.76,25.28,25.02,25.20,25.37,25.55,26.05,26.64,26.73,26.89,27.76,27.69,27.92,27.92,28.00,28.30,27.76,27.53,27.45,27.13,26.64,26.40,26.47,26.40,26.47,26.05,25.63,25.63,25.81,25.55,25.63,25.46,25.63,25.46,25.37,25.20,25.02,25.55,24.85,24.76,25.11,24.57,25.28,25.11,24.76,24.76,24.93,25.02,24.93,24.76,24.29,24.67,24.67,24.67,24.48,24.20,24.85,24.93,24.76,24.39,24.29,24.20,24.48,25.02,24.11,24.57,24.57,24.76,24.67,24.48,24.20,24.48,24.20,24.67,24.48,24.39,24.57,24.67,24.48,24.20,24.57,24.48,24.85,24.39,24.57,24.29,24.29,24.76,24.57,24.20,24.20,24.39,24.57,24.85,24.57,24.29,24.48,24.11,24.76,24.39,24.29,24.39,24.29,24.39,24.57,24.57,24.29,24.85,24.29,24.48,24.39,24.76,24.39,24.48,24.29,24.85,24.48,24.39,24.39,24.29,24.39,24.11,24.20,24.39,24.39,24.39,24.20,24.48,24.67,24.67,24.57,24.11,24.29,24.76,24.67,24.01,23.83,24.20,24.20,24.11,24.01,24.67,24.48,24.39,24.01,24.39,24.01,24.20,24.57,24.39,24.48,24.11,24.39,24.01,24.29,24.29,24.48,24.20,24.20,24.29,24.29,24.20,24.48,24.11,24.39,24.20,24.11,24.39,24.67,24.11,24.48,24.11,24.39,24.01,24.11,24.39,24.29,24.11,24.20,24.11,24.20,24.11,24.20,24.29,24.11,24.29,24.01,24.11,24.11,24.20,23.73,23.92,23.83,24.39,24.11,24.39,24.11,24.20,24.11,24.39,23.92,24.11,24.11,24.11,24.48,24.11,23.92,24.11,24.29,23.92,24.20,24.20,24.11,24.29,24.11,23.73,24.39,23.55,24.11
24.11,24.57,24.57,24.01,24.20,24.67,24.20,24.20,23.64,23.92,24.29,24.01,23.92,24.11,24.39,24.20,24.29,23.83,24.48,23.92,23.83,24.48,23.92,24.20,24.01,24.29,23.83,23.83,24.67,24.29,24.01,23.83,24.57,24.29,24.11,24.01,24.29,23.92,24.48,24.20,24.20,24.20,24.11,24.11,24.29,24.29,24.39,24.01,23.83,23.92,24.20,23.92,24.48,24.39,24.29,24.11,24.29,24.39,24.29,24.48,24.29,24.11,24.20,24.29,24.11,24.20,24.20,24.39,24.39,24.48,24.20,24.29,24.39,24.57,24.29,24.20,24.29,24.29,24.48,24.48,24.76,24.01,24.39,23.92,24.20,24.11,24.29,24.29,24.39,24.57,24.11,24.29,24.57,24.11,24.57,24.29,24.76,24.67,24.20,24.67,24.11,24.76,23.92,24.48,24.48,24.67,24.57,24.39,24.76,24.29,24.29,24.39,24.57,24.67,24.29,24.39,24.39,23.92,24.57,24.48,24.39,24.76,24.48,24.39,24.29,24.48,24.48,24.57,24.48,24.67,24.11,24.48,24.11,24.48,24.48,24.39,24.29,24.39,24.29,24.39,24.57,24.48,24.20,24.29,24.85,24.29,24.57,24.48,24.48,24.48,24.48,24.85,24.67,24.67,24.76,24.39,24.67,24.29,24.67,24.76,24.93,24.67,24.85,24.76,24.93,24.85,25.20,25.55,25.55,25.98,26.56,27.05,27.13,27.76,27.92,28.39,28.23,28.23,28.16,27.92,27.76,27.76,27.36,26.80,26.89,26.56,26.47,26.56,26.64,26.23,26.14,26.23,26.05,25.63,25.72,25.63,26.14,25.72,25.37,25.55,24.76,25.11,24.85,25.02,24.76,25.02,24.57,24.76,24.85,25.11,24.93,24.48,24.67,24.76,24.76,24.29,24.57,24.57,24.39,24.76,24.76,24.29,24.57,24.20,24.01,24.48,24.57,24.57,24.76,24.67,24.29,24.48,24.39,24.48,24.48,24.29,24.01,24.57,24.67,25.02,24.39,24.48,24.57,24.67,24.57,24.67,24.57,24.67,24.39,24.48,24.29,24.76,24.29,24.57,24.67,24.48,24.93,24.39,23.73,24.48,24.01,24.20,24.67,24.48,24.29,24.57,24.67,24.76,24.57,23.92,24.20,24.39,23.92,24.48,24.67,24.39,24.67,24.48,24.67,24.39,24.39,24.01,24.11,24.11,24.39,24.20,24.39,24.39,24.11,24.11,24.20,24.76,24.11,24.39,24.67,24.20,24.11,24.20,24.01,23.92,24.39,24.01,24.29,24.85,24.39,24.29,24.39,24.20,24.11,24.39,24.29,24.20,24.39,24.11,24.29,24.48,24.11,24.20,24.11,24.01,24.48,24.01,24.20,24.11,24.48,24.48,24.57,24.11,24.29,24.48,24.29,24.20,24.11,24.48,24.29,24.01,24.29,24.39,24.01,24.11,24.11,24.01,24.29,24.29,24.57,24.20,24.39,24.39,24.20,23.73,24.29,24.01,24.20,23.83,24.11,24.57,23.92,24.11,23.92,24.11,24.11,24.01,24.20,23.45,23.92,24.01,24.20,24.11,24.39,24.11,24.57,24.01,23.64,23.73,23.73,24.01,23.92,24.01,24.29,24.20,24.20,24.29
24.11,24.20,24.11,24.01,24.11,24.01,24.39,24.11,24.01,23.92,23.64,23.92,24.20,23.73,23.83,24.11,23.92,24.01,24.11,23.83,24.01,23.83,23.83,23.92,23.26,23.73,24.01,24.39,24.20,24.48,24.20,24.48,24.39,24.20,24.29,24.48,24.01,24.48,24.48,24.11,23.92,24.39,24.29,23.73,24.11,24.29,24.29,24.01,24.20,24.20,23.83,23.92,24.29,24.57,24.39,24.11,24.20,24.20,24.29,23.92,24.01,24.39,24.48,24.29,24.48,24.29,23.92,24.20,24.39,24.20,24.39,24.01,24.39,24.39,24.29,24.01,24.01,24.29,24.29,24.29,24.29,24.29,24.93,24.57,24.76,24.57,24.11,24.29,24.01,24.67,24.48,24.20,24.48,24.29,24.39,24.20,24.48,24.39,24.11,24.57,24.29,24.20,24.29,24.48,24.20,24.01,24.01,24.39,24.39,24.29,24.11,24.29,24.20,24.48,24.85,24.29,24.29,24.39,24.29,24.76,24.48,24.39,24.01,24.20,24.39,24.39,24.48,24.11,24.11,24.57,24.57,24.29,24.29,24.85,24.57,24.20,24.29,24.67,24.39,24.29,24.29,24.85,24.29,24.57,24.39,24.48,24.39,23.92,24.57,24.57,24.57,24.29,24.76,24.20,24.85,24.39,24.39,24.67,24.67,24.39,24.93,25.02,24.76,24.67,24.85,25.20,25.20,25.37,25.81,26.23,26.47,26.89,27.45,28.00,28.46,28.39,28.84,28.70,28.61,28.84,28.00,28.16,27.76,27.85,27.62,26.96,26.96,27.29,26.80,27.05,26.64,27.05,26.47,26.47,26.23,25.81,26.05,25.98,25.55,25.37,25.63,25.46,24.93,25.37,25.46,25.37,24.85,24.93,24.67,24.85,25.02,24.76,25.20,25.11,24.39,24.57,24.39,24.67,24.39,24.39,25.02,24.76,24.85,24.11,24.57,24.39,24.29,25.02,24.76,24.39,24.39,24.67,24.93,24.29,24.57,24.39,24.57,24.76,24.76,24.48,24.67,24.20,24.39,24.57,24.67,24.57,24.85,24.39,24.29,24.48,24.57,24.20,24.57,24.48,24.11,24.29,24.39,24.29,24.48,24.29,24.48,24.01,24.57,24.29,24.11,24.39,24.48,24.29,24.67,24.29,25.02,24.29,24.57,24.67,24.57,24.29,24.01,24.39,24.48,24.48,24.11,24.11,24.57,24.29,24.11,24.11,24.48,24.67,24.20,24.48,24.39,24.57,24.29,23.83,24.67,24.39,24.39,24.57,24.93,24.57,24.29,24.76,24.57,24.48,24.20,24.29,24.29,24.11,24.20,24.29,24.20,24.57,24.29,24.20,24.76,24.29,24.11,24.39,24.20,23.92,24.20,24.01,24.29,24.48,24.39,24.29,24.57,24.29,24.01,24.11,24.11,24.20,24.29,24.48,24.11,24.48,24.11,24.29,24.20,24.29,24.11,24.39,24.20,24.29,24.29,24.39,24.11,24.29,24.20,24.57,23.92,23.92,24.57,24.11,23.83,24.39,24.20,24.20,23.64,24.29,24.20,24.20,24.01,24.20,24.11,24.11,24.29,24.11,23.92,23.83,24.11,23.73,24.39,24.01,24.39,24.11,23.36,24.20,24.01,23.64,23.92,24.11
24.39,24.29,23.92,24.29,24.11,24.01,24.11,24.29,24.29,23.64,24.20,24.11,24.20,24.20,24.01,24.76,24.48,23.92,24.20,24.11,24.20,23.83,24.20,23.92,23.73,24.48,23.73,23.92,23.83,24.01,24.20,24.29,23.83,24.20,24.20,24.01,24.01,24.20,24.39,24.11,23.92,24.29,24.01,24.48,24.11,24.11,24.48,23.92,24.29,24.57,24.48,24.20,24.39,24.11,24.29,24.20,24.48,24.48,24.57,24.48,24.39,23.83,24.20,23.92,24.20,24.01,24.39,24.67,24.11,24.29,24.20,24.39,24.29,24.11,24.11,24.29,24.48,24.57,24.39,24.39,24.29,24.67,24.20,24.20,24.48,24.67,24.01,24.57,24.67,24.20,24.85,24.39,24.67,24.39,24.29,24.11,24.29,24.57,24.85,24.20,24.29,24.57,24.29,24.57,24.01,24.57,24.67,24.39,24.67,24.39,24.57,24.48,24.48,24.93,24.39,24.48,24.67,24.48,24.39,24.57,24.93,24.57,24.67,24.67,24.67,24.39,24.39,24.67,24.67,24.11,24.48,24.48,24.67,24.57,24.85,24.48,24.57,24.48,24.39,24.67,24.48,24.67,24.48,24.57,24.29,24.67,24.29,24.67,24.48,24.48,24.29,24.67,24.29,24.67,24.48,24.57,24.20,24.67,24.20,24.57,24.67,24.67,25.11,24.48,24.76,24.67,25.46,25.20,25.55,26.23,26.73,27.29,27.76,28.00,28.70,29.45,29.29,29.29,29.22,28.91,28.70,28.70,28.54,28.61,28.23,28.23,28.09,27.85,27.85,28.00,27.92,27.62,27.62,27.53,27.29,26.96,26.56,26.40,25.81,26.23,25.63,25.63,25.37,25.55,25.20,25.37,25.11,25.20,24.93,24.93,25.11,24.85,24.85,24.93,25.02,25.02,24.48,24.93,24.48,24.57,24.39,24.57,24.85,24.57,24.39,24.39,23.83,24.48,24.48,24.48,24.48,24.48,24.29,24.57,24.67,24.48,25.02,23.92,24.29,24.57,24.67,24.67,24.48,24.85,24.20,24.76,24.57,24.39,24.48,24.76,24.11,24.48,24.48,24.67,24.39,24.39,24.57,24.11,24.76,24.57,24.67,24.39,24.67,24.20,24.11,24.48,24.29,24.20,24.57,24.48,24.57,24.20,24.29,24.20,24.01,24.20,24.20,24.48,24.29,24.20,24.57,24.39,24.29,24.20,24.01,24.20,24.29,24.20,24.11,24.48,24.57,24.57,24.11,24.20,24.39,24.29,24.67,24.11,24.20,24.01,24.39,24.20,24.20,24.57,24.20,24.20,24.39,24.39,24.20,24.20,24.76,24.20,24.01,24.20,24.57,24.20,24.20,23.92,24.20,24.39,24.48,24.67,24.20,24.48,24.01,24.29,23.92,24.11,24.48,24.29,24.29,24.39,24.48,24.29,24.01,24.29,24.01,24.20,24.29,24.20,24.20,24.11,24.11,24.29,24.48,23.92,24.39,24.01,24.01,24.20,23.83,24.39,24.20,24.20,24.39,24.01,24.20,24.11,24.20,23.92,24.29,24.11,23.83,24.11,24.20,24.29,24.57,24.11,23.92,24.48,24.11,24.11,24.01,24.01,24.39,23.64,24.29,23.92,24.20,24.11,24.11,24.29
23.55,24.11,23.83,24.39,23.92,24.29,23.73,24.01,24.01,24.57,24.01,24.29,23.83,24.39,24.20,23.92,23.92,24.11,24.39,23.92,24.11,24.11,24.11,23.83,23.83,23.64,24.39,24.48,24.29,24.29,24.39,24.39,24.20,23.92,24.29,24.20,24.01,23.92,24.01,24.39,24.39,24.01,23.92,24.39,24.29,24.48,24.29,24.20,24.39,23.83,24.11,24.29,24.11,24.11,24.29,24.39,24.39,24.29,24.29,24.01,24.29,24.01,24.20,24.20,24.39,24.20,24.76,24.11,24.11,24.39,24.76,23.83,24.39,24.29,24.11,24.20,24.11,24.29,24.39,24.29,24.67,24.48,24.20,24.01,24.29,24.29,24.01,24.39,24.67,24.01,24.39,24.48,24.48,24.29,24.67,24.48,24.48,24.48,24.11,24.48,24.29,24.20,24.48,24.48,24.29,24.01,23.83,24.29,24.29,24.48,24.01,24.39,24.39,24.29,24.48,24.01,24.57,24.39,24.57,24.20,24.39,24.20,24.39,24.11,24.39,24.29,24.20,24.57,24.39,24.67,24.39,24.39,24.11,24.39,24.29,24.39,24.39,24.57,24.39,24.39,24.11,24.01,24.48,24.39,24.48,24.39,24.48,24.39,24.76,23.92,24.20,24.57,24.48,24.67,24.48,24.67,24.76,24.67,24.67,24.57,24.67,24.29,25.02,25.11,24.57,24.76,25.28,25.37,25.72,26.14,26.64,27.29,27.85,28.54,28.91,29.15,29.22,29.59,29.80,29.36,29.45,29.59,29.52,29.22,29.22,29.45,29.36,29.59,29.52,29.66,29.22,29.07,29.15,28.84,27.92,28.16,27.22,27.13,26.96,26.31,26.05,25.88,25.28,25.72,25.63,25.28,25.20,25.20,25.28,25.37,25.20,25.02,24.85,24.57,24.39,24.57,24.76,24.67,24.67,24.48,24.57,24.39,24.29,24.29,24.20,24.39,24.29,24.57,24.67,24.67,24.48,24.20,24.48,24.85,24.57,24.20,24.57,24.57,24.67,24.67,24.20,24.93,24.57,24.57,24.85,24.57,24.39,24.57,24.76,24.39,24.29,24.11,24.67,24.48,24.57,24.48,24.29,24.29,24.57,24.39,24.48,24.57,24.48,24.39,24.57,24.67,24.29,23.83,24.76,24.39,24.11,24.57,24.29,24.01,24.39,24.93,24.57,24.57,24.67,24.39,24.20,24.29,24.39,24.11,24.39,24.20,24.29,24.67,24.11,24.76,24.11,24.11,24.01,24.39,24.01,24.67,24.48,24.20,24.48,24.39,23.92,24.01,24.11,24.39,24.39,24.57,24.01,24.20,24.20,24.29,24.29,23.92,24.48,24.57,24.11,24.20,24.01,24.11,24.29,24.57,24.39,24.29,24.29,24.01,24.20,24.39,24.29,23.92,24.11,24.29,24.57,24.11,24.20,24.39,24.11,24.11,23.83,24.20,23.92,24.11,24.29,24.39,23.73,24.29,24.48,24.29,24.11,24.01,24.93,24.29,24.20,24.11,24.20,24.20,24.29,24.11,24.11,24.29,24.57,24.11,24.11,24.11,24.11,24.11,24.20,24.01,24.11,24.11,24.20,24.20,24.20,24.11,24.20,24.20,24.29,24.11,24.39,23.83,23.92,23.92,24.11,24.29
24.11,24.39,24.11,24.01,23.92,23.83,24.20,24.11,24.20,23.92,24.11,24.57,23.92,23.45,24.01,23.92,23.83,23.92,23.83,23.92,23.92,23.92,24.11,24.29,24.48,23.64,24.39,24.29,24.01,24.57,24.01,24.29,24.39,24.20,23.92,24.20,24.29,24.29,24.11,23.83,24.20,24.01,23.83,24.20,24.48,24.20,24.11,24.20,24.57,24.20,23.73,24.20,24.39,24.39,24.57,24.01,24.93,24.11,23.92,24.29,24.29,24.57,24.39,24.20,24.20,24.11,24.39,24.20,24.29,24.29,24.48,24.11,24.39,24.20,23.92,24.57,24.48,24.48,24.29,24.20,24.67,24.39,24.01,24.20,24.20,24.48,24.20,24.20,24.11,24.39,24.48,24.39,24.11,24.67,24.20,24.11,24.57,24.01,24.01,24.39,24.01,24.48,23.92,24.20,24.48,24.29,24.39,24.48,24.11,24.20,24.57,24.67,24.29,24.67,24.11,24.39,24.85,24.48,24.29,24.39,24.48,24.57,24.20,24.48,24.20,24.20,24.67,24.11,24.39,24.57,24.67,24.57,24.67,24.29,24.48,24.39,24.39,24.29,24.20,24.29,24.39,24.39,24.39,24.29,24.29,24.20,24.57,24.76,24.57,24.48,24.57,24.93,24.67,24.20,24.39,24.76,24.48,24.48,24.67,25.20,24.57,25.02,24.48,24.93,25.20,25.37,25.20,25.72,25.46,26.14,26.89,27.36,27.85,28.54,29.15,29.73,29.87,30.60,30.39,30.25,30.53,31.09,31.02,31.57,31.64,32.25,31.92,31.85,31.57,31.71,31.43,31.15,30.46,29.95,29.66,29.45,28.77,28.09,27.62,27.05,26.96,26.05,25.88,25.81,25.72,25.37,25.02,25.11,25.55,25.20,24.93,25.37,24.85,25.11,24.57,24.76,24.76,24.39,24.29,24.67,24.20,24.48,24.29,24.57,24.39,24.93,24.48,24.57,24.29,24.57,24.29,24.57,24.67,24.48,24.39,24.57,24.48,24.39,24.01,24.57,24.57,24.76,24.67,24.48,24.29,24.48,24.29,24.67,24.85,24.48,24.29,24.57,24.57,24.48,24.11,24.20,24.57,24.48,24.48,24.11,24.57,24.48,24.29,24.57,24.48,24.20,24.20,24.57,24.85,24.29,24.67,24.67,24.48,24.57,24.67,24.11,24.20,24.29,24.76,24.29,24.01,24.57,24.48,24.57,24.39,24.01,24.48,24.57,24.67,24.48,24.57,24.67,24.48,24.39,24.29,24.67,24.39,24.20,24.29,24.57,24.48,24.48,24.39,24.48,24.29,24.67,24.76,24.11,23.92,24.48,24.57,24.67,24.20,24.29,24.01,24.20,24.39,24.11,23.92,24.20,24.20,24.39,24.39,24.20,24.01,24.29,23.83,24.11,24.11,23.92,24.20,24.11,24.57,24.01,24.20,23.92,24.20,24.20,24.20,24.01,24.20,24.11,24.48,24.01,24.29,23.92,24.01,24.29,23.64,24.01,24.20,24.20,24.11,24.20,24.01,24.39,24.29,24.11,23.83,24.29,23.92,24.39,24.01,24.20,24.11,24.11,24.29,24.39,23.92,24.48,24.01,24.39,23.92,23.92,23.73,23.55,23.64,24.11,24.20,23.92,23.92,23.83
24.01,23.73,24.29,24.01,23.92,24.11,24.11,23.64,24.57,24.20,24.29,23.83,24.48,24.20,24.39,24.11,24.48,23.83,23.83,24.20,24.11,23.64,23.73,24.39,24.29,23.83,24.11,24.01,24.39,24.01,24.20,24.11,24.57,24.29,24.48,24.39,23.92,24.29,24.39,24.39,24.29,24.11,24.57,24.11,24.48,24.11,23.83,24.57,24.57,24.20,24.48,24.48,24.29,24.20,24.48,24.57,24.29,24.48,24.20,24.29,24.29,24.57,24.39,24.29,24.85,24.20,24.39,24.20,24.76,24.48,24.11,24.11,24.39,24.57,24.20,24.76,23.92,24.57,24.39,24.11,24.48,24.29,24.29,24.29,24.29,24.39,24.29,24.57,23.83,24.11,24.11,24.57,24.29,24.29,24.20,24.57,24.48,24.39,24.48,24.67,24.48,24.39,24.29,24.01,24.01,24.39,24.57,24.39,24.67,24.29,24.20,24.67,24.48,24.29,24.57,24.39,24.76,24.39,24.20,24.48,24.29,24.48,24.57,24.29,24.39,24.48,24.20,24.29,24.29,24.20,24.67,24.11,24.57,24.48,24.57,24.39,24.48,24.57,24.39,24.48,24.39,24.20,24.29,24.57,24.39,24.76,24.29,24.57,24.48,24.57,24.57,24.76,24.39,24.57,24.11,25.02,24.20,24.57,24.57,24.67,24.57,24.67,25.02,24.57,25.11,25.11,25.20,25.28,25.63,26.47,26.96,27.22,28.09,29.00,29.45,30.53,30.46,30.95,31.50,32.11,32.39,33.04,33.75,34.57,35.07,35.37,35.44,35.37,35.30,35.00,34.95,34.50,33.87,33.37,32.32,31.29,30.18,29.29,28.70,27.92,27.69,26.47,26.23,26.23,25.88,25.88,25.46,25.88,25.55,25.46,25.46,25.28,24.76,25.02,24.76,24.67,24.48,24.48,24.11,24.39,24.67,24.76,24.76,24.39,24.76,24.67,24.76,25.11,24.67,24.76,24.39,24.48,24.67,24.57,24.48,24.67,24.85,24.67,25.02,24.67,24.48,24.67,24.01,24.39,24.57,24.48,24.48,24.57,24.85,24.85,24.39,24.29,24.20,24.48,24.57,24.20,24.48,24.57,24.57,24.67,24.57,24.76,24.48,24.29,24.48,24.67,24.57,24.57,24.48,24.48,24.20,24.76,24.76,24.48,24.11,23.92,24.48,24.01,24.57,23.83,24.29,24.57,24.20,24.48,24.01,24.11,24.57,24.20,24.20,24.11,25.02,24.20,24.67,24.39,24.29,24.20,23.92,24.11,23.92,24.48,24.01,24.20,23.92,24.20,24.20,24.29,24.76,24.29,24.11,24.29,24.93,24.01,24.48,24.48,24.01,24.29,24.39,24.01,24.20,24.29,23.92,24.29,24.39,24.48,24.20,24.29,24.48,24.01,24.57,23.92,23.92,24.20,24.11,24.29,24.20,24.85,24.39,24.11,24.39,23.92,24.29,24.57,24.20,24.29,24.39,24.20,23.83,24.20,24.85,24.11,24.11,24.11,24.29,24.29,24.48,24.29,23.92,24.20,24.11,24.48,24.29,24.29,24.39,24.67,24.29,24.29,24.20,24.20,24.01,23.92,24.20,24.20,24.29,23.83,23.92,24.39,24.11,24.57,23.92,24.01,24.29,24.39
24.11,23.92,24.29,24.11,24.20,23.36,24.20,24.01,24.20,24.11,23.73,24.01,24.11,24.01,24.20,23.92,24.11,23.92,24.01,24.11,23.92,23.92,24.29,23.73,24.01,23.92,24.39,24.01,23.83,24.39,24.01,24.29,24.39,24.29,24.48,24.39,24.01,23.92,24.20,24.01,23.92,24.48,24.01,24.48,24.39,24.39,24.20,24.20,24.01,24.29,24.29,24.20,24.57,24.11,24.29,24.20,24.57,24.57,24.01,24.39,24.20,24.57,24.20,24.39,24.48,24.11,24.11,24.48,24.67,24.39,24.20,24.67,24.11,24.29,24.29,24.20,24.29,24.48,24.11,24.39,24.67,24.48,24.48,23.83,24.20,24.57,24.39,24.85,24.93,24.11,24.39,24.29,24.39,24.57,24.76,24.48,24.39,24.29,24.67,24.29,24.48,24.57,24.57,23.92,24.57,24.57,24.57,24.20,24.57,24.48,24.11,24.48,24.85,24.39,24.57,24.39,24.67,24.29,24.57,24.57,24.29,24.76,24.67,24.48,24.48,24.57,24.39,24.39,24.39,24.76,24.57,24.76,24.39,24.76,24.67,24.67,24.39,24.48,24.39,24.57,24.57,24.93,24.57,24.29,24.39,24.29,24.76,24.57,24.57,24.20,24.67,24.57,24.57,24.57,24.29,24.67,24.76,24.11,24.93,24.67,25.02,24.93,24.67,25.20,24.93,24.85,25.02,25.55,25.63,26.23,26.96,27.29,28.16,29.52,30.25,30.95,31.57,32.39,33.04,33.82,34.83,36.69,64.24,93.87,110.83,110.10,111.56,101.81,105.12,105.88,97.36,91.96,75.30,60.43,35.91,34.13,32.58,31.22,30.53,29.00,28.23,27.85,27.22,26.56,26.14,25.98,26.31,25.46,25.63,25.55,25.46,24.85,24.93,24.93,24.76,24.76,24.48,24.48,24.57,24.67,24.39,23.92,24.48,24.67,24.48,24.48,24.57,24.85,24.39,24.48,24.29,24.29,24.29,24.48,24.85,24.67,24.57,24.29,24.20,24.67,25.02,24.39,24.57,24.39,24.29,24.57,24.29,24.29,24.39,24.48,24.67,24.39,24.57,24.29,24.67,24.39,24.20,24.57,24.11,24.67,24.20,24.39,23.92,24.20,24.39,24.11,24.57,24.39,24.57,24.48,24.11,24.76,24.67,24.57,24.01,24.67,24.20,24.01,24.20,24.48,24.11,24.39,24.67,24.29,24.29,24.11,24.20,24.29,24.57,24.67,24.20,24.20,24.48,23.92,24.11,24.20,24.39,24.29,23.73,24.01,24.29,24.57,24.20,24.57,24.29,24.29,24.29,24.39,24.01,24.20,24.11,24.57,24.85,24.11,24.20,24.20,24.29,24.11,24.48,24.20,24.20,24.39,24.20,24.29,24.29,24.48,24.29,24.29,24.39,24.20,24.29,24.29,24.48,23.73,24.01,24.20,24.20,24.29,24.39,24.20,24.11,24.29,24.57,23.83,24.29,24.29,24.39,24.20,24.39,24.29,24.48,24.76,24.20,24.01,24.11,24.11,24.01,23.73,24.29,23.73,24.57,23.64,24.29,24.20,24.20,24.29,24.11,24.29,24.20,24.39,24.01,24.11,24.11,24.11,23.83,23.92,24.39,24.01,23.92,24.20,24.39,23.83
24.29,24.48,24.11,23.73,24.20,23.83,24.20,24.01,23.92,23.92,24.11,24.01,23.83,24.11,24.01,24.39,24.11,23.64,23.83,23.92,24.29,24.29,24.20,24.48,24.20,23.83,24.29,23.92,23.83,24.20,23.92,24.48,24.48,24.11,23.92,24.48,24.29,24.29,24.29,24.39,24.20,24.29,24.29,24.11,23.92,24.29,24.39,24.01,24.57,24.39,24.48,24.01,24.11,24.85,24.29,24.20,24.48,24.29,24.01,24.29,24.20,24.39,24.39,24.11,23.55,24.01,24.67,24.29,24.57,24.67,24.11,24.01,24.29,25.02,24.29,24.29,24.11,24.57,23.83,24.48,24.67,24.57,24.29,24.01,24.29,24.48,24.39,24.57,24.20,24.11,24.39,24.48,24.39,24.48,24.01,24.39,24.57,24.67,24.29,24.29,23.92,23.92,24.67,24.48,24.29,24.48,24.29,24.67,24.57,24.29,24.48,24.39,24.57,24.48,24.67,24.39,24.48,24.57,24.20,24.48,24.67,24.67,24.57,24.67,24.29,24.48,24.67,24.48,24.29,24.57,24.67,24.48,24.29,24.48,24.48,24.11,24.57,23.92,24.48,24.76,24.67,24.39,24.57,24.76,24.57,24.01,24.67,24.39,24.57,24.39,24.29,24.39,24.67,24.48,24.76,24.48,24.57,24.48,24.48,25.11,24.67,25.11,25.02,24.67,24.76,24.93,25.28,25.72,25.46,26.14,27.36,27.36,28.54,29.95,30.67,31.78,32.72,34.01,35.49,43.32,89.18,128.85,162.55,192.07,204.57,203.62,196.84,185.85,185.85,184.83,185.85,180.18,163.67,140.99,107.63,69.89,36.10,33.94,32.32,30.60,29.66,28.54,27.69,27.22,26.89,26.31,26.23,25.63,25.63,25.98,25.88,25.55,25.02,25.28,24.67,24.85,24.57,24.29,24.48,24.57,24.57,24.76,24.48,24.39,24.48,24.48,24.39,24.57,24.39,24.29,24.57,24.67,24.20,24.67,24.76,24.39,24.76,24.39,24.48,24.48,24.57,24.67,24.48,24.39,24.76,24.29,24.39,24.48,24.20,24.57,24.39,24.48,23.83,23.83,24.57,24.39,24.48,24.76,24.20,24.67,24.67,24.39,24.39,24.48,24.67,24.48,24.48,24.29,24.39,24.57,24.48,24.29,24.11,24.39,24.39,23.73,24.67,24.29,23.92,24.48,24.48,24.67,24.57,24.67,24.48,24.67,24.85,24.11,24.01,24.67,24.76,24.39,24.67,24.20,23.92,24.01,24.39,24.57,24.11,24.11,24.48,24.01,24.29,24.29,24.48,24.29,24.29,24.57,24.39,24.01,24.20,24.20,24.67,24.11,24.67,24.20,23.92,23.83,24.29,24.01,24.39,24.39,24.20,24.57,24.57,24.39,24.01,24.11,24.11,24.20,24.01,24.20,24.20,24.01,24.29,23.64,24.20,24.20,24.01,23.83,23.92,23.55,24.20,24.01,24.01,24.01,23.64,24.11,24.67,24.29,24.20,24.29,24.20,24.11,24.29,24.11,23.92,24.11,24.39,24.11,24.57,23.92,24.01,24.20,24.29,23.92,24.29,24.01,23.64,24.01,23.83,23.83,24.39,24.29,24.11,23.92,24.20,24.11,24.01,24.39,23.92,23.83
24.20,24.11,24.29,24.01,24.29,24.11,23.92,24.01,24.01,23.92,24.11,24.29,24.48,24.11,24.48,24.01,24.11,24.11,23.92,24.01,23.92,24.11,24.01,24.57,24.20,24.01,24.20,24.11,24.20,24.29,24.01,23.92,24.20,24.57,23.64,24.39,23.73,24.48,24.20,24.20,24.29,24.01,24.01,24.48,24.20,24.20,24.39,24.39,24.11,24.01,24.01,24.20,24.11,24.67,24.29,24.20,24.48,24.01,24.39,24.29,24.39,24.20,24.20,24.20,24.29,24.39,24.20,24.39,24.29,24.76,24.01,24.29,24.57,24.29,24.20,24.57,24.20,24.29,24.29,24.57,24.57,24.01,24.39,24.39,24.39,24.67,24.11,24.39,24.11,24.57,24.01,24.67,24.57,24.11,24.01,24.11,24.11,24.29,23.83,24.48,24.76,24.29,24.11,24.29,24.76,24.76,24.39,24.57,24.29,24.67,24.39,24.67,24.57,24.57,24.48,24.01,24.29,24.39,24.29,24.76,24.76,24.48,24.57,24.67,24.39,24.57,24.11,24.39,24.48,24.57,24.39,24.39,24.76,24.39,24.39,24.57,24.20,24.39,24.29,24.67,24.29,24.48,24.67,24.39,24.48,24.76,24.67,24.48,24.57,24.57,24.39,24.57,24.67,24.11,24.76,24.39,24.48,24.93,24.67,24.48,24.67,24.67,25.11,24.85,24.93,25.20,25.28,25.02,25.55,26.05,26.80,27.69,28.84,30.02,31.50,32.58,34.39,36.28,75.30,123.05,172.60,219.16,258.51,286.96,302.08,301.09,291.76,272.25,261.21,266.70,269.35,259.73,243.42,219.16,188.39,153.60,107.63,56.85,34.83,32.84,31.09,29.95,28.77,27.76,27.36,26.23,26.05,26.40,25.88,26.05,26.40,25.55,25.20,25.28,25.02,24.85,24.57,24.93,24.48,25.02,24.48,24.39,24.67,24.39,24.48,24.11,23.92,24.29,24.57,24.57,24.57,24.48,24.57,24.39,24.29,24.39,24.39,24.57,24.48,24.48,24.39,24.20,24.39,24.48,24.57,24.29,24.29,24.67,24.48,24.39,24.57,24.57,24.48,24.48,23.83,24.57,24.39,24.29,24.29,24.11,24.20,24.48,24.39,24.48,23.83,24.20,24.39,24.29,24.11,24.11,24.57,24.01,24.67,24.20,24.48,24.11,24.29,24.29,24.67,24.57,24.48,24.29,24.20,24.29,24.48,24.20,24.20,24.57,24.57,24.39,24.57,24.29,24.11,23.92,23.83,24.29,24.11,24.11,24.11,24.48,24.39,24.39,24.48,24.48,24.11,24.48,23.92,24.01,24.20,24.20,24.01,24.01,24.20,24.11,24.11,24.29,23.92,24.11,23.92,24.01,24.39,24.48,24.39,23.92,24.11,24.29,24.11,23.92,24.11,23.92,24.29,24.39,24.11,23.92,24.11,23.92,24.39,23.64,24.29,24.39,23.92,24.20,24.39,24.01,24.01,24.67,24.48,24.39,24.20,24.11,24.11,24.20,24.11,23.92,24.29,24.20,24.29,23.92,24.01,24.29,23.92,24.39,24.01,24.20,24.29,24.48,24.11,24.01,24.20,24.39,23.83,24.11,24.20,24.20,24.39,24.39,24.11,23.83,24.29,24.11,24.20,23.73
24.57,24.11,24.20,24.01,23.92,24.29,24.01,24.20,23.64,24.11,24.11,24.39,23.92,24.20,24.20,23.73,24.39,24.29,23.92,24.39,24.39,24.11,24.48,24.11,24.01,24.20,24.11,23.92,23.73,23.73,24.11,24.39,24.01,24.29,23.92,24.57,24.39,24.01,24.20,24.11,24.20,24.20,24.01,24.11,24.11,24.39,24.57,24.20,24.20,24.11,24.48,24.11,24.20,24.29,24.20,24.39,24.20,24.29,24.76,23.83,23.83,23.73,24.11,24.48,24.20,24.11,23.92,23.92,24.20,24.29,24.20,24.48,24.29,24.29,24.48,24.29,24.11,24.57,24.39,24.20,24.39,24.29,24.67,24.57,24.67,24.57,24.48,24.29,24.57,24.57,24.48,24.48,24.29,24.11,24.39,24.39,24.39,24.67,24.57,24.39,24.39,24.57,24.57,24.11,23.83,24.39,24.11,24.20,24.67,24.48,24.29,24.57,24.29,24.29,24.20,24.29,24.76,24.57,24.57,24.48,24.76,24.48,24.39,24.76,24.39,24.85,24.67,24.29,24.39,24.85,24.48,24.39,24.48,24.67,24.39,24.48,24.11,24.67,23.73,24.57,24.57,24.29,24.48,24.57,24.67,24.76,24.48,24.76,24.93,24.57,24.48,24.85,24.48,24.29,24.57,24.39,24.57,24.76,24.48,24.48,24.57,24.85,24.76,24.76,24.93,25.11,25.20,25.28,25.63,26.47,27.13,28.00,28.70,30.60,32.65,34.08,36.33,91.96,145.48,198.31,255.51,308.43,365.28,428.37,493.67,522.29,464.59,424.01,422.58,483.97,494.24,451.75,376.09,308.80,260.81,221.27,175.45,131.69,74.05,35.13,32.98,31.22,29.52,28.30,27.45,26.89,26.64,26.56,26.47,26.47,26.96,25.46,25.20,25.28,24.76,24.39,24.39,24.57,25.02,24.57,24.67,24.48,24.93,24.20,24.48,24.20,24.57,24.39,24.57,24.48,24.29,24.20,24.85,24.57,24.67,24.39,24.29,24.57,24.39,24.76,24.85,24.67,24.39,24.57,24.57,24.39,24.39,24.48,24.20,24.39,24.57,24.39,24.57,24.11,24.39,24.29,24.39,24.29,24.57,24.29,24.39,24.48,24.29,24.20,23.92,24.48,24.76,24.29,24.29,24.76,24.29,24.01,24.57,24.39,24.48,24.01,24.48,24.85,24.48,24.20,24.48,24.39,24.29,24.11,24.29,24.67,24.57,24.11,24.39,24.67,23.83,24.57,24.67,24.01,24.39,24.39,24.11,24.11,24.20,24.29,24.67,24.39,24.48,24.39,24.11,24.48,24.11,24.29,24.29,24.29,24.39,24.29,24.29,24.29,23.92,24.20,24.11,24.11,24.01,24.29,24.48,24.20,24.76,24.39,24.20,24.01,24.39,24.20,24.20,24.20,24.29,24.29,24.39,24.39,24.39,24.29,24.11,24.48,24.11,23.92,24.20,24.48,24.29,24.29,24.48,24.76,24.20,24.20,24.11,24.01,24.11,23.92,24.11,24.20,23.64,24.20,24.76,24.20,24.20,24.20,24.29,24.20,24.01,24.20,24.20,24.29,24.01,24.39,23.55,23.55,24.29,24.01,23.64,23.64,24.39,23.83,24.11,24.39,24.39,23.83,23.64,23.55
23.83,24.01,24.01,24.01,23.45,24.39,24.20,23.73,23.92,24.11,24.01,24.01,23.92,23.83,24.39,24.11,24.67,23.83,24.11,24.48,24.20,24.01,24.01,24.20,23.92,24.39,23.64,24.11,24.01,24.48,23.83,23.83,24.29,24.29,24.48,24.29,23.83,24.29,24.29,24.29,23.83,24.39,24.11,24.39,24.11,24.39,24.20,24.39,23.92,24.76,24.57,24.57,24.48,24.39,24.57,24.01,24.20,24.48,24.20,24.29,24.48,24.39,24.29,24.76,24.57,24.76,24.39,24.48,24.57,24.01,24.11,24.39,24.29,24.20,24.29,23.92,24.20,24.20,24.01,24.29,24.57,24.29,23.92,24.67,24.57,24.20,24.29,23.92,24.01,24.39,23.92,24.20,24.29,24.20,24.39,24.01,24.48,24.67,24.76,24.48,23.92,24.20,24.39,24.39,24.29,24.29,24.11,24.48,24.48,24.57,24.39,24.39,24.39,24.39,24.39,24.57,24.57,24.67,24.57,24.20,24.48,24.57,23.83,24.76,24.39,24.48,24.48,24.67,24.57,24.57,24.39,24.76,24.39,24.57,24.48,24.11,24.20,24.29,24.20,24.39,24.57,24.29,24.20,24.39,24.57,25.11,24.48,24.48,24.29,24.39,24.29,24.57,24.39,25.02,24.48,24.57,24.76,24.76,24.67,24.67,24.39,24.67,24.67,24.67,24.67,24.48,24.67,25.37,25.98,26.56,27.05,28.09,29.80,31.09,33.56,35.80,90.02,148.09,213.35,275.00,342.20,446.91,597.58,693.32,721.24,644.42,487.12,416.34,420.54,552.10,592.62,601.58,600.64,539.83,418.60,309.40,242.15,194.05,134.27,76.23,34.95,32.39,30.46,29.29,28.16,27.45,26.96,26.23,26.23,26.40,26.96,25.81,25.11,25.11,24.67,24.39,25.20,24.67,24.57,24.29,24.39,24.57,24.67,24.20,24.48,24.67,24.48,24.39,24.85,24.29,24.39,24.39,24.39,24.57,24.29,24.48,24.48,24.57,24.48,24.29,24.57,24.76,24.57,24.48,24.39,24.39,24.48,24.57,24.57,24.48,24.29,24.48,24.48,24.39,24.29,24.48,24.01,24.20,24.39,24.29,24.39,24.11,24.57,24.11,23.92,24.11,23.83,24.11,24.48,24.39,24.57,23.92,24.39,24.57,24.67,24.29,24.57,24.01,24.39,24.39,24.39,24.48,24.29,24.29,23.92,24.29,24.11,24.85,24.48,24.39,24.39,24.39,24.11,24.67,24.29,24.39,24.01,24.20,24.29,24.67,24.01,23.73,24.11,24.20,24.39,24.29,24.48,24.11,24.29,24.29,24.29,24.29,24.20,24.11,24.67,24.20,24.39,24.20,24.01,23.92,24.29,23.92,24.57,24.39,24.48,24.29,23.73,24.20,24.57,24.01,24.20,24.01,24.20,23.92,24.39,24.11,24.20,24.01,24.20,24.11,24.39,24.29,24.01,24.11,24.39,23.92,23.92,24.01,24.01,24.29,24.11,24.20,24.20,24.20,24.11,24.01,24.11,24.48,24.57,23.92,24.11,24.11,24.20,24.01,23.83,24.29,24.11,23.92,24.29,23.92,24.20,24.20,24.29,23.83,23.73,23.92,24.01,23.64,23.64,24.57,23.92,23.83
24.11,24.39,23.92,24.01,24.20,24.11,24.11,23.83,24.20,24.01,24.01,23.92,24.11,23.83,24.01,24.11,23.64,24.57,23.92,24.11,24.01,24.29,24.01,24.11,24.01,24.20,23.73,23.83,24.01,23.92,24.20,24.11,24.20,23.73,24.29,24.20,24.29,24.39,24.29,24.39,24.39,24.20,24.29,24.11,24.29,24.29,24.29,24.48,24.29,24.20,24.39,24.39,24.11,24.11,24.01,24.20,24.85,24.39,24.20,24.11,24.67,24.29,24.20,24.29,24.39,23.92,24.29,24.20,24.20,24.11,24.20,24.48,24.39,24.67,23.92,24.39,23.92,24.57,24.39,24.76,24.29,24.39,24.11,24.48,24.48,24.57,24.29,24.11,24.01,24.29,24.39,23.92,24.20,24.20,24.48,24.20,24.29,24.39,24.48,24.48,24.57,24.57,24.39,24.48,24.48,24.76,24.01,24.57,24.39,24.48,24.48,24.48,24.57,24.01,24.67,24.29,24.48,24.39,24.48,24.29,24.20,24.67,24.39,24.39,24.57,24.29,24.76,24.67,24.48,24.39,24.39,24.57,24.48,24.39,24.29,24.39,24.48,24.57,24.39,24.39,24.29,24.48,24.48,24.29,24.67,24.76,24.48,24.39,24.48,24.57,24.39,24.57,24.57,24.39,24.39,24.29,24.76,24.76,24.76,25.11,24.57,24.57,24.48,25.11,25.20,25.02,25.20,25.55,25.98,26.40,27.62,28.61,29.66,32.04,35.25,74.05,143.65,210.55,285.56,358.20,504.63,676.29,729.63,729.21,670.46,550.12,394.59,301.34,271.07,302.08,332.41,384.38,483.59,565.17,574.06,511.74,389.93,258.91,183.81,123.73,47.76,33.68,31.43,30.39,28.39,27.92,27.53,26.64,26.40,26.40,27.05,25.55,25.55,25.37,24.85,25.02,24.76,24.57,24.20,24.48,24.57,24.20,24.11,24.57,24.39,24.29,24.39,24.39,24.39,24.85,24.11,24.48,24.39,24.48,24.20,24.57,24.67,24.76,24.29,24.57,24.48,24.57,24.57,24.48,24.57,25.02,24.48,24.20,24.48,24.29,24.76,24.76,24.67,24.76,24.20,24.67,24.85,24.67,24.39,24.20,24.48,24.29,24.57,24.48,24.11,24.48,24.48,24.11,24.01,24.01,24.39,24.48,24.11,24.39,24.20,24.29,24.57,24.57,24.29,24.01,24.39,24.39,24.57,24.11,24.67,24.01,24.39,24.29,24.48,24.29,23.83,24.39,24.20,24.01,24.29,23.83,24.39,24.48,24.01,24.39,23.92,24.20,24.29,24.20,24.29,24.11,24.29,24.11,24.29,24.48,24.20,24.20,24.20,24.01,24.48,24.29,24.11,24.57,24.39,24.20,24.01,24.20,24.11,24.29,24.20,24.20,24.20,24.29,24.11,24.29,23.92,24.39,24.11,23.83,24.29,24.11,24.11,24.11,24.39,24.39,24.01,24.11,23.92,24.29,24.57,24.01,24.20,24.39,24.20,24.29,24.39,24.20,24.48,24.29,24.20,24.48,24.39,24.29,23.73,24.20,24.11,24.29,24.11,24.29,24.39,24.11,24.29,23.55,24.01,24.01,24.11,24.20,24.20,23.73,24.39,24.11,24.11,24.01,24.29,24.39,23.92,23.73
24.01,24.20,24.29,24.20,23.73,23.92,24.20,24.48,24.01,24.20,24.67,23.83,24.01,24.11,24.48,24.20,24.01,24.01,24.11,24.67,24.11,24.39,23.92,24.57,23.83,24.39,24.01,24.20,24.11,24.20,24.29,23.83,24.39,24.48,24.20,24.48,24.29,24.20,24.29,24.29,24.29,23.73,24.57,24.01,23.83,24.39,24.20,24.29,24.11,24.11,24.20,24.11,24.29,24.39,24.11,24.11,24.20,24.20,24.67,24.01,24.20,24.11,24.29,24.20,24.29,24.20,24.39,24.01,24.67,24.48,24.57,24.29,24.76,24.01,24.39,24.11,24.20,23.64,23.92,24.29,24.20,24.48,24.29,23.83,24.48,24.29,24.39,24.57,24.29,24.57,24.29,24.48,24.29,24.11,24.48,24.11,24.76,24.20,24.39,24.20,24.29,24.76,24.20,24.39,24.39,24.57,24.01,24.20,24.29,24.57,24.20,24.48,24.39,24.67,24.20,24.48,24.67,24.39,24.29,24.57,24.48,24.20,24.29,24.20,24.39,24.39,24.48,24.29,24.29,24.29,24.20,24.57,24.48,24.48,24.57,24.29,24.67,24.48,24.39,24.76,24.67,24.93,24.76,24.39,24.57,24.39,24.39,24.29,24.67,24.48,24.11,24.76,24.39,24.76,24.85,24.67,24.57,24.93,25.02,24.85,24.48,24.85,25.02,24.57,25.46,25.20,25.81,25.20,26.05,26.47,27.92,28.77,30.18,32.91,40.39,116.34,194.88,275.39,363.85,532.03,693.17,727.01,655.91,507.24,379.12,298.38,242.15,196.84,175.98,175.45,185.85,204.10,235.28,297.13,407.88,514.24,520.07,420.34,250.14,160.86,89.18,35.07,32.18,30.81,28.91,28.30,27.76,26.89,26.73,26.64,27.36,25.98,25.46,25.28,24.85,24.67,24.85,24.48,24.67,24.93,24.57,24.57,24.85,24.48,24.76,24.29,24.29,24.57,24.48,24.57,24.85,24.29,24.29,24.57,24.39,24.57,24.57,24.48,24.48,24.39,24.48,24.48,24.67,23.92,24.48,24.57,24.20,24.93,24.48,24.57,24.48,24.85,24.67,24.20,24.57,24.67,24.29,24.29,24.48,24.48,24.67,24.29,24.85,24.29,24.76,24.67,24.48,23.83,24.76,24.29,24.20,24.20,24.39,24.48,24.39,24.11,24.57,24.48,24.01,24.29,24.39,24.67,24.39,23.83,24.39,24.01,24.29,24.20,23.92,24.39,23.92,24.29,24.67,24.29,24.39,24.57,24.48,24.85,24.11,24.67,24.01,23.92,24.48,24.20,24.11,24.39,24.39,24.48,24.39,24.39,24.20,24.39,24.39,24.20,23.92,24.20,24.20,24.57,24.20,24.57,24.39,24.11,24.48,24.20,24.67,24.01,24.29,24.39,24.48,24.11,24.39,23.92,24.01,24.29,24.39,24.20,24.29,23.92,23.92,24.57,24.01,24.48,24.29,24.48,24.29,24.29,24.01,24.39,24.29,24.20,24.29,23.92,23.92,24.67,24.39,24.11,24.11,24.01,24.01,24.20,24.20,24.11,24.57,24.01,24.20,24.11,24.39,24.29,24.01,23.92,23.92,24.48,24.11,24.20,24.29,24.11,24.20,24.48,24.29,23.83,23.73,24.11
24.01,24.48,23.83,24.39,23.73,24.01,23.83,24.01,24.11,24.01,24.01,24.39,24.39,23.92,24.01,23.92,23.92,24.01,24.29,24.39,24.11,24.01,23.83,23.92,24.39,24.01,24.20,24.39,24.20,23.64,24.39,24.48,24.29,23.92,24.39,23.64,24.20,23.73,24.11,24.20,24.29,24.01,24.29,24.48,24.39,24.20,24.29,23.64,24.01,24.29,24.48,24.29,24.11,24.39,24.20,24.48,24.39,24.29,24.57,24.20,24.29,24.20,23.92,24.57,24.57,24.76,24.39,24.11,24.57,24.29,24.48,24.67,24.57,24.57,23.83,24.48,24.01,24.57,24.39,24.11,24.57,24.48,24.57,24.20,24.48,24.57,24.57,24.20,24.29,24.48,24.20,24.39,24.39,24.85,24.48,24.39,24.48,24.48,24.67,24.29,24.57,24.67,24.29,24.67,24.20,24.39,24.39,24.39,23.92,24.29,24.67,24.01,24.57,24.85,24.57,24.85,24.48,24.39,24.20,24.39,24.48,24.29,24.48,24.48,24.85,24.39,24.39,24.67,24.67,24.29,24.39,24.29,24.57,24.67,24.29,24.93,24.48,24.67,24.67,24.93,24.48,24.67,24.39,24.93,24.57,24.57,24.76,24.48,24.57,24.29,24.57,24.76,24.48,24.67,24.85,24.48,24.67,24.57,25.02,24.93,24.67,24.48,24.93,25.37,24.85,24.93,25.11,25.46,25.88,26.73,27.85,29.07,31.09,33.82,78.37,164.23,251.66,344.47,526.12,690.19,694.77,574.22,395.64,301.34,238.59,188.89,150.66,127.31,107.63,104.11,109.11,120.07,139.74,168.27,206.95,305.63,459.12,500.09,380.41,200.25,113.97,36.28,33.56,30.95,29.66,28.30,27.29,27.53,26.80,27.05,27.53,26.14,25.46,25.02,24.67,24.48,24.20,25.11,24.57,24.48,24.48,24.48,24.67,24.39,24.48,24.76,24.29,24.76,24.67,24.29,24.67,24.39,24.48,24.76,24.39,24.48,24.76,24.57,24.57,24.39,24.29,24.57,24.57,24.20,24.57,24.67,24.67,24.67,24.67,24.48,24.48,24.57,24.67,24.48,24.67,24.20,24.48,24.57,24.67,24.85,24.29,24.29,24.48,24.48,23.92,24.48,23.83,24.29,24.76,24.48,24.39,24.67,24.57,24.48,24.29,24.48,23.92,24.57,24.11,24.29,24.29,24.20,24.48,24.67,24.76,24.39,24.76,24.11,24.11,23.92,24.48,24.20,24.57,24.76,24.39,24.39,24.39,24.67,24.01,24.11,24.20,23.92,24.39,24.39,24.11,24.57,24.20,24.29,24.20,23.92,24.39,24.11,24.48,24.01,24.67,24.20,24.67,24.20,24.39,24.11,24.20,24.39,24.57,24.01,24.67,24.11,24.01,24.11,24.67,24.11,24.39,24.57,24.39,24.48,24.29,24.01,24.11,24.39,23.83,24.20,24.11,24.39,24.29,24.67,24.11,24.11,24.01,24.29,24.20,24.11,24.39,24.20,24.01,24.20,24.01,24.67,24.39,24.29,24.67,24.11,24.39,24.01,24.39,24.20,24.20,24.20,24.11,24.39,24.11,24.20,24.29,24.11,24.11,23.83,24.20,24.01,24.29,24.29,24.11,24.29,24.48,23.92
24.20,24.29,24.11,24.01,24.11,24.67,23.92,24.01,24.01,24.85,24.57,23.92,24.48,23.83,24.39,24.01,24.76,24.01,24.29,24.01,24.67,23.83,24.39,24.20,24.01,24.29,24.39,24.20,24.11,24.01,24.48,24.20,24.01,24.20,24.39,23.92,23.64,24.20,24.39,24.39,24.48,24.29,24.29,24.20,23.83,24.11,24.20,24.39,24.01,24.57,24.11,24.29,24.57,24.29,24.11,24.76,24.20,24.85,24.39,24.11,24.20,24.67,24.20,24.39,24.01,24.57,24.39,24.29,24.57,24.29,24.11,24.39,24.67,24.20,24.20,24.57,24.48,24.29,24.39,24.01,24.48,24.11,24.11,24.39,24.20,24.76,24.01,24.39,24.57,24.20,24.67,24.11,24.29,24.20,24.39,24.39,24.39,24.29,24.48,24.48,24.48,24.39,24.29,24.39,24.11,24.67,24.57,24.39,24.48,24.48,24.20,24.39,24.48,24.67,24.20,24.39,24.39,24.93,24.48,24.57,24.57,24.67,24.57,24.76,24.39,24.85,24.39,25.02,24.67,24.29,25.11,24.48,24.67,24.48,24.29,24.29,24.20,24.76,24.57,24.67,24.39,24.48,24.57,24.39,24.57,24.57,24.57,24.11,24.57,24.57,24.57,24.57,25.11,25.02,24.67,24.76,24.39,24.85,24.67,24.57,24.67,24.11,24.76,25.02,25.02,25.02,24.93,25.37,25.46,26.64,28.54,29.45,31.22,34.64,113.25,204.10,305.88,473.22,675.77,683.84,533.72,352.84,263.10,196.84,148.09,110.83,77.46,56.85,39.53,36.69,43.32,55.76,76.23,96.56,120.07,158.97,237.73,399.74,384.70,263.77,132.34,64.24,34.32,31.85,30.02,28.77,27.92,27.22,26.96,27.05,27.76,25.72,25.46,25.11,25.20,24.67,25.02,24.57,24.57,24.57,24.85,24.39,24.67,24.57,24.01,24.85,24.76,24.67,24.20,24.48,24.48,24.57,24.57,24.39,24.20,24.48,24.39,24.48,24.39,24.29,24.39,24.39,24.48,24.67,24.48,24.57,24.39,24.48,24.11,24.39,24.57,24.57,24.48,24.67,24.67,24.67,24.48,24.29,24.67,24.48,24.39,24.48,24.57,24.67,24.76,24.29,24.48,24.20,24.29,24.29,24.57,24.11,24.39,24.76,24.39,24.39,24.57,24.48,24.67,24.11,24.11,24.29,24.11,24.39,24.29,23.92,24.01,24.39,24.39,24.01,24.29,24.57,24.29,24.29,24.39,24.39,23.92,24.29,24.11,24.01,23.92,24.11,25.02,24.11,24.20,24.67,24.57,24.39,24.57,24.11,24.20,24.39,23.92,24.01,24.57,24.85,24.85,24.39,24.57,24.48,24.11,24.57,24.57,24.20,24.20,24.29,24.57,24.11,24.39,24.11,24.20,24.20,24.11,24.20,23.92,23.92,24.11,24.11,24.48,24.39,24.29,24.11,23.83,24.67,24.20,24.20,24.29,24.29,24.11,23.83,23.92,24.48,24.39,24.67,24.20,24.48,24.29,24.48,24.48,23.92,24.20,24.39,24.01,24.11,24.39,24.29,23.92,24.39,24.11,24.39,24.29,24.29,24.29,24.11,24.20,24.20,24.48,23.64,23.92,23.36,24.20,24.01
23.83,24.20,24.11,23.83,24.20,24.01,23.83,24.11,23.64,24.29,23.92,23.92,24.29,23.92,24.39,23.92,24.20,24.11,24.11,24.01,24.11,24.01,24.11,24.01,23.92,24.11,24.20,24.11,24.01,23.92,24.39,24.39,23.92,24.48,24.11,24.01,23.64,24.01,24.11,24.20,24.29,23.64,24.29,24.57,24.39,24.48,24.01,24.29,24.01,24.20,24.39,23.83,24.39,24.39,24.29,24.57,24.67,23.73,24.67,24.20,24.20,24.67,24.39,24.48,24.29,24.29,24.85,24.29,23.92,24.93,24.29,24.76,24.76,24.11,24.29,23.92,24.01,24.29,24.39,24.48,24.11,24.57,24.29,24.20,24.20,24.29,24.01,24.20,24.29,24.48,24.29,24.20,24.29,24.57,24.67,24.39,24.67,24.57,24.29,24.39,24.01,24.11,24.48,24.57,24.29,24.48,24.29,24.29,24.67,24.67,24.39,24.29,24.48,24.29,24.67,24.48,24.48,24.76,24.39,24.85,24.39,24.48,24.39,24.48,24.93,24.29,24.39,24.48,24.57,24.48,24.29,24.57,24.57,24.29,24.01,24.57,24.48,24.29,24.39,24.57,24.39,24.57,24.57,24.48,24.76,24.67,24.57,24.29,24.39,24.57,24.39,24.67,24.39,24.39,24.85,24.67,24.11,24.76,25.02,25.02,24.57,25.02,24.93,24.85,24.93,25.20,24.93,25.37,25.88,26.40,27.92,29.80,31.85,35.74,139.12,244.55,371.85,617.51,685.01,555.71,350.59,249.31,177.04,120.07,69.89,36.33,35.19,34.27,33.87,33.87,34.69,35.19,35.44,36.33,51.65,75.30,118.45,189.40,302.08,325.98,178.62,81.38,34.64,32.25,29.73,28.84,27.69,27.13,27.36,26.73,27.76,25.55,25.55,24.85,24.85,24.67,24.48,24.20,24.39,24.67,24.85,24.48,24.67,24.76,24.29,24.48,24.39,24.57,24.29,24.85,24.57,24.48,24.67,24.57,24.11,24.48,24.57,24.93,24.39,24.67,24.85,24.29,24.39,24.48,24.20,24.11,24.57,24.48,24.29,24.67,24.57,24.39,24.57,24.48,24.85,24.39,24.39,24.20,24.29,24.20,24.48,24.29,24.39,24.57,24.29,24.48,24.67,24.39,24.29,24.39,24.57,24.67,24.11,24.29,23.83,24.11,24.48,24.57,24.48,24.20,24.20,24.39,24.29,24.01,24.57,24.29,24.57,24.57,24.11,24.20,24.01,24.11,24.48,24.20,24.76,24.39,24.48,24.57,24.48,24.39,24.11,24.01,24.48,24.20,24.57,24.39,24.48,24.57,24.57,23.73,24.29,23.92,24.20,24.29,23.83,24.48,24.57,24.01,24.20,24.39,24.67,24.11,24.11,24.20,24.29,23.92,24.93,24.11,24.01,24.11,24.20,24.20,24.20,24.67,24.67,24.11,24.39,24.01,24.20,24.11,24.11,24.48,24.01,24.20,24.29,24.11,24.29,24.48,24.20,24.39,24.29,24.29,24.20,24.29,24.11,24.01,24.11,24.20,24.01,23.83,24.20,24.20,24.11,24.20,24.11,24.29,24.20,24.11,24.11,24.11,23.92,23.73,24.29,24.01,24.11,23.64,24.20,24.11,24.39,24.29,24.29,24.20
23.55,24.11,24.01,24.11,24.20,24.01,24.11,24.11,24.11,24.01,24.11,24.11,23.73,23.92,23.83,23.92,24.39,24.20,24.01,24.48,24.01,23.73,24.48,24.01,23.92,23.64,23.92,23.92,24.57,24.29,24.20,24.39,24.11,24.11,24.39,23.92,24.20,24.29,24.29,24.39,24.29,24.11,24.29,24.48,24.39,24.01,24.20,24.29,24.39,24.20,24.20,24.20,24.39,24.20,24.48,24.11,24.29,24.76,24.48,24.29,24.39,24.76,24.48,24.11,24.20,24.67,24.20,24.76,24.39,24.20,24.11,24.20,24.29,24.76,24.39,24.57,24.48,24.57,24.48,24.57,24.39,24.29,24.39,24.57,24.29,24.48,24.85,24.48,24.57,24.57,24.29,24.57,24.57,24.48,24.39,24.39,24.57,24.01,24.67,24.48,24.57,24.11,24.67,24.39,24.48,24.48,24.67,24.20,24.57,24.67,24.11,24.57,24.57,24.57,24.76,24.20,24.20,24.29,24.29,24.57,24.57,24.39,24.67,24.39,24.76,24.93,24.57,24.57,24.29,24.48,24.48,24.85,24.39,24.29,24.48,24.20,24.93,24.57,24.76,24.93,24.67,24.76,24.57,24.67,24.93,24.57,24.93,24.85,24.67,24.57,24.48,24.76,24.01,24.01,24.48,24.48,24.57,24.57,24.57,24.93,24.48,24.93,24.85,24.57,25.02,25.11,25.11,25.11,25.98,26.89,28.23,29.80,32.11,36.57,161.43,278.89,478.70,655.31,615.73,391.73,262.29,176.51,99.99,36.69,34.88,33.37,32.39,31.64,31.43,31.50,31.97,32.51,33.23,34.08,34.76,35.68,46.17,92.78,223.97,376.63,262.29,103.35,35.30,32.32,29.95,28.84,28.09,27.45,27.22,26.64,28.00,25.98,25.20,24.67,24.85,25.11,25.02,24.85,24.01,25.11,24.57,24.76,24.93,24.57,24.57,24.85,24.48,24.67,24.76,24.48,24.67,24.39,24.39,24.93,24.67,24.48,24.76,25.02,24.76,24.39,24.67,25.20,24.57,24.67,24.20,24.48,24.01,24.85,24.29,24.39,24.39,24.76,24.57,24.20,24.48,24.57,24.39,24.76,24.29,24.29,24.29,24.67,24.29,24.39,24.39,24.48,24.39,24.39,24.29,24.57,24.39,24.67,24.39,24.20,24.29,24.67,24.39,24.39,23.92,24.29,24.01,24.39,24.39,24.67,24.20,24.11,24.57,24.39,24.39,24.29,24.29,24.48,24.29,24.48,23.92,24.39,24.39,24.48,24.01,24.20,24.48,24.67,24.39,24.48,23.73,24.20,24.29,24.57,24.48,24.29,24.29,24.01,24.11,24.48,23.92,23.83,24.39,24.11,24.20,24.48,24.29,24.20,24.20,24.29,24.39,24.20,24.29,24.11,23.83,24.29,24.57,24.29,24.39,24.29,24.11,24.20,24.29,24.29,24.20,24.20,23.92,24.01,24.39,23.92,24.20,24.39,24.20,24.29,24.01,24.29,24.01,24.20,24.11,24.11,24.20,24.48,23.83,24.39,24.01,24.01,24.39,24.11,23.92,24.11,24.39,24.11,24.20,24.39,24.20,24.20,24.20,24.20,24.20,24.11,24.20,24.01,24.11,24.20,23.73,23.83,23.64,23.92
23.55,23.64,23.73,23.92,23.83,24.11,24.29,24.11,24.11,24.11,23.83,23.73,23.92,23.92,24.20,24.39,24.48,23.92,24.39,24.29,24.29,24.48,23.83,24.57,24.01,24.29,24.20,24.39,24.11,24.11,24.20,24.11,24.67,24.29,24.39,23.83,24.20,24.20,24.29,24.39,24.20,24.11,24.11,23.73,24.20,24.67,23.92,23.83,24.39,23.92,23.92,24.29,24.48,24.39,24.20,24.67,24.48,24.39,23.92,24.48,24.76,23.92,24.39,24.29,24.39,24.48,24.39,24.39,24.11,24.29,24.11,24.57,24.11,24.39,24.11,24.01,24.29,24.29,24.67,24.01,24.39,24.48,24.48,24.20,24.67,24.57,24.29,24.76,24.29,24.11,24.29,24.29,24.48,24.01,24.29,24.57,24.29,25.11,24.29,24.11,24.67,24.29,24.39,24.29,24.39,24.48,24.48,24.57,24.20,24.48,24.39,24.85,24.48,24.39,24.67,24.20,24.11,24.20,24.57,24.39,24.11,24.93,24.48,24.48,24.11,24.57,24.29,24.67,24.39,24.48,24.76,24.39,24.48,24.39,24.67,24.39,24.57,24.48,24.48,24.39,24.67,24.11,24.29,24.48,24.29,24.85,24.48,24.48,24.85,24.48,24.29,24.29,24.57,24.39,24.39,24.29,24.93,24.57,24.48,24.67,24.48,24.39,24.67,24.76,24.76,24.67,25.46,25.55,25.63,27.13,28.61,30.09,32.39,51.65,178.09,308.19,554.81,637.47,507.24,307.58,197.82,113.25,36.45,33.49,32.32,31.15,30.25,29.80,29.87,29.73,29.95,30.46,31.22,31.85,32.46,33.61,34.32,35.80,128.85,349.46,315.55,109.11,35.13,31.85,29.80,28.77,27.62,27.29,27.13,27.05,27.13,26.05,25.28,24.48,24.57,24.76,24.39,24.85,24.39,24.76,24.29,24.48,25.02,24.48,24.67,24.48,24.29,24.93,24.76,24.67,24.48,24.29,24.57,24.67,24.39,24.76,24.39,24.48,24.76,24.67,24.39,24.76,24.57,24.20,24.76,24.39,24.39,24.29,24.29,24.39,24.01,24.57,24.39,24.20,24.39,24.48,24.20,24.48,24.48,24.48,24.29,24.20,24.39,24.39,24.67,24.48,24.39,24.29,24.29,24.48,24.39,24.29,24.57,24.20,24.67,24.29,24.29,24.48,24.29,24.85,24.29,24.39,24.57,24.67,24.57,24.48,24.39,24.01,24.48,24.29,24.20,24.48,24.67,24.67,24.39,24.67,24.01,23.92,24.11,24.39,24.29,24.39,24.67,24.01,24.20,24.57,24.20,24.29,24.01,24.11,23.92,24.48,24.11,24.29,24.67,24.48,24.39,24.29,24.11,24.01,24.39,24.39,24.57,24.48,24.39,23.83,23.73,24.20,24.29,24.29,24.39,24.01,24.01,24.39,24.29,23.73,24.39,24.29,24.39,24.20,24.20,24.29,24.01,24.11,24.29,23.92,24.76,24.20,24.01,23.92,24.01,24.29,24.29,23.92,24.01,24.20,23.92,23.92,23.73,24.01,24.39,24.11,24.29,24.20,24.29,24.39,24.20,24.11,24.29,24.01,24.20,24.39,24.39,24.29,24.01,24.29,24.48,23.83,24.29,24.11,23.83,23.83
23.83,24.01,24.11,24.20,23.92,24.20,23.92,24.20,24.48,24.01,24.01,24.39,24.01,24.11,24.29,24.01,23.83,24.20,23.73,24.01,24.29,24.20,24.11,24.39,23.92,24.39,24.01,24.20,23.64,23.83,24.11,23.83,24.11,24.39,24.20,24.20,24.29,24.48,24.29,24.29,24.48,24.01,24.67,24.29,24.11,24.48,24.29,24.20,24.11,24.11,24.39,23.92,24.39,24.39,24.57,24.76,24.01,24.67,24.01,24.57,24.67,24.01,24.29,24.11,24.20,24.48,24.20,24.39,24.11,24.48,24.20,24.67,24.20,24.29,24.11,24.39,24.01,24.57,24.20,23.92,24.57,24.29,24.39,24.29,24.48,23.92,24.20,24.29,24.48,24.39,24.39,24.57,24.20,24.01,24.93,24.20,23.55,24.48,24.39,24.20,24.48,24.29,24.67,24.20,24.20,24.48,24.29,24.01,24.39,24.57,24.29,24.11,24.20,24.29,24.76,24.20,24.76,24.29,24.20,23.92,24.57,24.67,24.48,24.29,24.67,24.57,24.29,24.29,24.57,24.29,24.85,24.11,24.48,24.57,24.93,24.76,24.67,24.48,24.39,24.67,24.57,25.02,24.48,24.48,24.39,24.93,24.29,24.67,24.20,24.57,24.20,24.85,24.48,24.67,24.85,24.67,24.85,24.85,24.93,24.93,24.39,24.29,25.02,25.11,24.93,24.93,25.20,25.37,25.98,26.73,28.16,29.73,31.97,42.07,184.32,333.57,573.65,602.28,407.36,250.83,144.26,47.76,33.87,31.50,30.18,29.52,28.77,28.39,28.30,28.70,28.61,29.22,29.66,30.25,30.74,31.57,32.18,33.23,36.33,236.87,314.59,112.28,34.27,31.15,29.73,28.30,27.45,27.22,26.96,26.89,26.64,25.63,25.28,25.28,24.93,24.85,24.67,24.39,24.67,24.48,25.02,24.57,24.57,24.48,24.67,24.48,24.67,24.67,24.67,24.48,24.85,24.29,24.76,24.57,24.39,24.93,24.48,24.48,24.29,24.67,24.48,24.39,24.48,24.57,24.39,24.57,24.48,24.67,24.20,24.39,24.29,24.29,24.76,24.01,24.57,24.48,24.39,24.48,24.57,24.29,24.57,24.11,24.39,24.20,24.11,24.29,24.76,24.39,24.48,24.57,24.57,23.92,24.67,24.29,24.29,24.48,24.29,24.20,24.67,24.76,23.83,23.64,24.57,24.57,24.20,24.39,24.11,24.11,24.20,24.48,24.48,24.20,24.48,24.29,24.11,24.48,23.92,24.39,24.48,24.39,24.11,24.48,23.55,23.92,24.57,24.11,24.67,24.20,24.20,24.01,24.20,24.01,24.29,24.39,24.57,24.48,24.20,24.20,24.29,24.20,24.39,24.39,24.01,24.11,24.29,24.11,24.39,24.11,24.39,24.57,24.01,24.20,23.83,24.20,24.29,24.29,24.01,24.01,24.11,24.20,24.20,24.01,24.11,24.11,24.11,24.01,24.11,24.11,24.29,24.29,24.11,24.20,23.92,24.20,24.11,24.29,24.20,24.48,23.92,24.11,23.92,24.01,23.92,24.11,24.20,23.83,24.20,24.01,24.11,24.11,24.01,24.01,24.39,24.29,24.20,24.20,23.83,24.20,23.83,24.01,24.20,24.20
23.83,24.57,24.20,24.11,24.29,24.29,24.39,23.73,24.39,23.83,24.01,23.92,24.11,24.11,24.39,24.01,23.92,24.39,24.39,24.11,24.01,24.01,24.39,23.73,24.01,24.57,24.39,24.20,24.11,24.11,24.29,24.57,23.92,24.29,24.29,24.48,23.73,24.48,24.11,24.48,24.20,24.01,24.39,24.20,23.83,24.39,24.48,23.83,23.73,24.20,24.76,24.57,24.20,24.39,24.11,23.92,24.67,24.76,24.39,24.48,24.67,24.20,24.48,24.57,24.20,24.20,24.48,24.39,24.11,24.57,24.39,24.20,24.48,24.20,24.01,24.39,24.39,24.57,24.29,24.01,24.29,24.29,24.29,23.73,24.29,24.20,24.29,24.20,24.29,24.76,24.39,24.57,24.20,24.76,24.29,24.48,23.83,24.11,24.39,24.39,24.48,24.67,24.20,24.39,24.39,24.39,24.57,24.39,24.76,24.39,23.92,24.57,24.01,24.67,24.29,24.48,23.92,24.39,24.76,24.48,24.67,24.48,24.39,24.57,24.48,24.39,24.29,24.93,24.67,24.48,24.48,24.76,24.20,24.85,24.85,24.67,24.67,24.57,24.93,24.39,24.57,24.29,24.48,24.29,24.20,24.29,25.02,24.93,24.67,24.57,25.02,24.67,24.29,24.67,24.29,24.20,24.57,24.76,24.39,24.39,24.20,24.76,24.57,24.76,24.93,24.93,25.28,25.02,25.72,26.56,28.00,29.45,31.64,36.03,173.85,340.37,557.35,552.67,341.28,206.95,98.16,34.69,31.64,30.02,28.84,28.30,27.85,27.69,27.53,27.76,28.16,28.16,28.70,28.91,29.52,30.18,30.46,31.22,32.65,98.16,250.83,93.87,33.61,30.32,28.91,28.30,27.36,26.96,26.47,26.64,27.36,25.81,25.63,24.76,25.02,24.48,24.76,24.67,24.29,24.67,24.20,24.76,24.29,24.20,24.85,24.20,24.48,24.39,24.93,24.20,24.76,24.57,24.48,24.76,25.02,24.57,24.67,24.20,24.85,24.67,24.39,24.57,24.48,24.67,24.57,24.57,24.85,24.57,24.67,24.67,24.11,24.67,24.48,24.39,24.67,24.67,24.01,24.57,24.39,24.57,24.29,24.20,24.57,24.85,24.29,24.57,24.57,24.11,24.67,24.57,24.57,24.39,24.67,24.67,24.48,24.48,24.29,24.57,24.29,24.48,24.39,24.48,24.20,24.39,24.48,24.20,24.29,24.57,24.48,24.29,24.39,24.29,24.57,24.11,24.01,24.48,24.48,24.48,24.01,24.29,24.29,24.39,24.39,24.11,24.57,24.01,24.48,24.48,24.39,24.29,24.11,24.20,24.57,24.29,24.11,24.20,23.92,24.11,24.20,24.01,24.85,24.67,24.57,24.29,24.20,24.67,24.39,24.01,24.39,24.11,24.48,24.29,23.83,24.39,24.29,23.55,24.29,24.67,24.39,23.55,24.39,24.01,24.01,24.29,23.92,24.29,24.39,24.29,24.11,24.29,24.29,24.29,24.20,24.29,24.20,24.11,24.01,24.67,24.20,24.01,24.67,24.20,24.20,24.48,24.01,24.20,24.11,24.11,24.11,23.92,24.29,24.67,24.01,24.01,24.20,24.29,24.29,23.92,24.20,24.11,24.20,24.20
24.29,24.39,24.29,23.92,24.29,23.73,23.83,24.01,24.01,24.20,23.92,23.83,23.83,24.01,24.29,24.01,23.83,24.11,23.92,23.92,24.01,24.39,24.01,23.83,24.01,23.92,24.20,24.29,24.11,24.29,24.29,24.20,24.29,24.39,24.29,23.92,24.29,24.11,24.11,23.83,24.57,24.20,24.11,24.39,24.01,24.48,24.39,24.01,24.39,24.11,24.29,24.01,23.92,24.29,24.48,24.20,24.39,24.67,24.67,24.11,24.29,24.11,24.29,24.29,24.57,24.39,24.48,24.29,24.11,24.76,24.57,24.20,23.83,24.11,24.57,23.64,24.20,24.48,24.48,24.76,24.67,24.39,24.01,24.39,24.57,24.48,24.01,24.20,24.48,24.29,24.39,24.29,24.39,24.39,24.29,24.57,24.29,24.57,24.67,24.76,24.20,24.57,24.48,24.57,24.67,24.39,24.57,24.57,24.39,24.67,24.48,24.57,24.48,24.29,24.57,24.29,24.57,24.01,24.67,24.29,24.48,24.29,24.39,24.48,24.57,24.57,24.57,24.67,24.29,24.57,24.29,24.57,24.11,24.48,24.76,24.39,24.48,24.76,24.48,24.39,24.76,24.48,24.48,24.67,24.85,24.39,24.57,24.48,25.02,24.48,24.93,24.39,24.76,24.48,24.85,24.85,24.57,24.67,24.39,24.48,24.67,24.57,24.76,24.93,24.57,24.76,24.85,25.28,25.46,26.40,27.85,28.77,30.88,35.25,155.53,313.27,526.54,504.63,293.02,169.36,53.16,32.84,30.18,28.84,27.69,27.45,27.45,27.05,27.05,27.05,27.36,27.22,27.85,27.92,28.70,28.84,29.07,29.45,30.18,32.65,122.36,34.39,31.02,29.15,28.09,27.45,27.05,26.80,26.31,26.40,26.73,25.63,25.20,25.11,25.46,25.20,24.76,24.39,24.57,25.02,24.57,24.67,24.57,24.57,24.93,24.85,24.67,24.39,24.57,24.57,24.57,24.48,24.57,24.39,24.20,24.57,24.48,24.29,24.01,24.39,24.20,24.20,24.67,24.39,24.57,24.48,24.20,24.39,24.39,24.48,24.48,24.48,24.39,24.67,24.57,24.39,24.57,24.48,24.48,24.39,24.20,24.39,24.20,24.29,24.57,24.57,24.29,24.20,24.29,24.48,24.85,24.29,24.39,24.39,24.48,24.29,24.39,24.67,24.48,24.57,24.39,24.29,24.29,24.57,24.67,24.11,24.57,24.39,24.39,24.29,24.57,24.39,24.29,24.11,24.29,24.29,23.92,24.20,24.48,24.48,24.39,24.20,23.92,24.29,24.29,24.48,24.29,24.20,24.48,24.20,24.67,24.39,24.01,24.57,24.01,24.29,23.83,24.01,24.48,24.39,24.11,24.29,24.11,24.39,23.92,24.11,24.01,24.11,24.67,24.29,24.20,23.83,24.76,24.01,24.39,24.11,24.39,24.20,24.01,24.20,24.01,24.29,24.11,24.29,24.29,24.39,24.29,24.48,24.20,24.01,24.39,24.20,23.92,24.57,23.92,24.20,24.20,24.11,24.20,24.20,24.20,24.01,24.20,24.20,24.11,24.11,24.29,24.29,24.11,23.92,24.29,24.01,24.11,24.29,24.20,24.20,24.20,24.01,23.83,24.20,23.45,24.11
24.01,23.92,24.01,23.64,23.83,24.67,23.64,23.92,23.73,24.39,23.92,23.92,24.01,23.64,24.01,24.01,24.11,23.64,23.45,24.29,23.73,24.39,24.39,24.20,23.83,24.29,23.92,23.92,24.39,24.29,24.20,24.11,24.29,24.20,24.01,24.11,24.11,24.29,24.01,24.48,24.39,23.83,24.01,24.11,24.29,24.29,24.11,24.11,24.11,24.39,24.39,24.57,24.20,24.11,24.29,24.57,24.76,24.48,24.29,24.20,24.20,24.11,24.39,24.57,24.29,24.20,24.67,24.57,23.83,24.48,24.01,24.39,24.20,24.01,24.01,24.57,24.01,24.57,24.48,24.20,24.39,24.39,24.11,24.39,24.48,24.57,24.76,24.29,24.39,24.85,24.20,24.57,24.48,24.48,24.67,24.11,24.20,24.39,24.93,24.29,24.48,24.67,24.85,24.39,24.11,24.39,24.20,24.57,24.48,24.39,23.92,24.11,24.39,24.39,24.39,24.20,24.48,24.57,24.57,24.48,24.85,24.48,24.39,24.67,24.67,24.48,24.67,24.57,24.39,24.29,24.85,24.20,24.67,24.29,24.29,24.67,24.48,24.76,24.57,24.20,24.48,24.29,24.39,24.76,24.57,24.11,24.48,24.29,24.85,24.39,24.48,24.76,24.67,24.48,25.02,24.76,24.85,24.85,24.57,24.57,24.85,25.02,24.76,24.76,24.76,24.76,25.11,25.11,25.55,26.40,27.45,28.77,30.02,33.56,112.28,273.95,474.95,453.23,258.51,130.82,34.88,31.57,29.22,28.16,27.45,26.96,26.89,26.64,26.40,26.47,26.73,26.96,27.05,27.62,27.53,27.53,28.23,28.39,28.61,29.29,30.02,29.59,28.84,27.53,27.22,26.96,26.56,26.40,26.05,26.23,26.96,25.63,25.11,25.11,25.02,24.67,24.57,24.48,24.48,24.11,24.48,24.39,24.48,24.57,24.57,24.39,24.76,24.48,24.48,24.67,24.20,24.57,24.93,24.48,24.67,24.76,24.76,24.67,24.57,24.20,24.39,24.57,24.67,24.48,24.67,24.67,24.48,24.67,24.29,24.57,24.67,24.39,24.67,24.67,24.48,24.57,24.29,24.39,24.29,24.93,24.48,24.48,24.39,24.39,24.29,24.01,24.01,24.29,24.48,24.39,24.29,24.20,24.29,24.57,24.48,24.48,24.39,24.39,24.76,24.20,24.48,24.29,24.29,24.48,24.57,24.57,24.48,24.48,24.01,24.11,24.20,24.57,23.83,24.48,24.29,24.29,24.29,24.48,24.39,24.11,24.11,24.20,24.39,23.83,24.01,24.20,24.48,24.20,24.01,24.29,24.20,24.48,24.39,24.39,24.20,24.29,24.48,24.01,24.20,23.92,24.20,24.67,24.67,24.29,24.29,24.29,24.29,24.29,24.20,24.01,24.29,24.01,24.76,24.11,24.01,24.20,24.93,24.11,24.67,24.39,24.01,24.29,24.20,24.57,24.57,24.20,23.92,24.29,24.29,24.67,24.11,24.39,24.39,24.20,24.11,24.11,24.11,23.55,23.92,24.29,24.11,24.20,24.29,24.57,24.20,24.11,24.39,24.11,24.39,24.20,23.92,24.01,24.01,23.92,24.20,23.92,24.29,24.01,24.67,24.01,24.20,24.48
24.11,24.67,24.20,24.29,24.01,23.92,24.01,24.01,23.83,24.29,23.92,23.92,24.01,24.20,23.73,23.92,23.92,24.01,24.11,24.01,23.64,24.01,24.39,23.83,24.29,24.11,23.83,24.01,24.29,24.11,24.20,24.20,24.11,24.20,24.11,24.01,24.20,24.39,23.83,24.29,24.29,24.20,24.20,24.11,24.29,24.11,24.11,24.29,24.39,23.92,24.39,23.92,24.39,24.39,24.39,24.29,24.85,24.20,23.92,24.48,24.11,24.57,24.20,24.48,24.01,24.11,23.92,24.01,24.29,24.57,24.48,24.67,23.83,24.20,24.57,24.11,24.67,24.20,24.39,24.20,24.57,24.48,24.11,24.39,24.39,24.57,24.20,24.48,23.92,24.11,24.29,24.57,24.29,24.48,24.57,24.29,24.48,24.39,24.20,24.29,24.20,24.39,24.57,24.39,24.39,24.85,24.48,24.48,24.20,24.57,24.57,24.48,24.11,24.57,24.39,24.48,24.57,24.29,24.48,24.85,24.48,24.85,24.48,24.29,24.48,24.39,24.85,24.48,24.39,24.39,24.29,24.29,24.48,24.93,24.57,24.20,24.67,24.48,24.39,24.29,24.85,24.29,24.11,24.11,24.57,24.39,24.67,25.02,24.01,24.48,24.48,24.85,24.48,24.57,24.48,24.67,24.20,24.39,25.02,24.85,24.57,24.39,24.48,24.67,25.02,25.02,24.85,25.20,25.28,25.98,26.89,27.69,29.00,31.64,57.94,214.12,418.09,419.11,238.16,102.58,33.75,30.18,28.84,27.36,27.22,26.31,26.47,26.40,25.88,26.31,26.31,26.40,26.47,26.80,26.96,26.80,27.45,27.69,27.36,27.85,27.76,27.53,27.69,26.96,26.40,26.56,26.05,25.81,25.98,25.88,26.80,25.81,25.55,25.28,24.67,24.85,24.67,24.48,24.76,24.39,24.93,24.48,24.39,24.67,24.67,24.48,24.39,24.57,24.20,24.67,24.48,24.57,24.76,23.92,24.48,24.67,24.39,24.29,24.39,24.29,24.39,24.20,24.48,24.20,24.29,24.57,24.39,24.39,24.11,24.48,24.39,24.48,24.93,24.76,24.39,24.39,24.20,24.67,24.39,24.48,23.92,24.29,24.39,24.29,24.67,24.20,24.29,23.73,24.67,24.48,24.29,24.39,24.48,24.85,24.29,24.20,24.39,24.11,24.20,24.20,24.48,24.39,24.39,24.67,24.20,24.39,24.67,24.57,24.39,24.48,24.57,24.57,23.92,24.67,24.29,24.67,24.11,24.11,24.48,24.29,24.29,24.57,24.39,24.67,24.48,24.01,24.29,23.73,24.29,24.11,24.20,24.48,23.92,24.48,23.83,24.11,24.48,24.29,24.76,24.20,24.01,24.29,24.39,24.29,24.39,23.92,24.11,24.01,24.29,24.20,24.20,24.39,23.73,24.67,24.20,24.20,24.11,24.01,24.39,24.11,24.11,24.29,24.01,24.01,24.29,24.48,24.67,24.39,24.29,24.67,23.92,24.20,23.92,24.11,24.11,24.20,24.01,23.73,24.11,24.20,23.92,23.64,24.29,24.20,23.92,24.20,24.29,24.29,23.92,24.39,24.39,23.83,24.01,24.20,24.01,23.73,24.48,24.20,23.83,23.73,23.73,24.29
23.92,23.45,24.20,24.01,24.29,23.92,23.73,24.01,23.92,24.20,24.20,24.48,24.29,24.11,23.83,24.11,24.57,24.39,23.83,23.83,24.01,24.01,24.39,24.39,24.01,24.39,24.29,23.64,24.48,24.11,24.01,24.11,24.20,24.20,23.92,24.11,24.29,24.39,24.57,24.39,24.48,24.48,24.39,24.29,24.39,24.20,24.01,24.29,24.39,24.29,24.29,24.11,24.11,24.57,24.39,24.57,24.39,24.29,24.39,24.11,24.67,24.48,24.67,24.57,24.11,24.01,24.48,24.11,24.57,24.76,24.01,24.39,24.67,24.76,24.57,24.29,24.67,24.48,24.57,24.29,24.39,24.39,24.57,24.48,24.29,24.57,24.48,24.48,24.20,24.48,24.11,24.39,24.20,23.83,24.39,24.39,24.48,24.48,24.39,24.20,24.48,24.11,24.20,24.48,24.57,24.39,24.48,24.76,24.57,24.67,24.01,24.29,24.57,24.67,24.57,24.57,23.92,24.48,24.29,24.67,24.48,24.39,24.48,24.48,24.93,24.39,24.39,24.85,24.85,24.76,24.85,24.29,24.76,24.48,24.85,24.76,24.48,24.76,24.39,24.57,24.57,24.67,24.85,24.76,24.93,24.48,24.20,25.02,24.48,24.57,24.48,24.76,24.67,24.76,24.85,24.39,24.76,24.93,24.85,24.76,24.57,24.57,24.85,25.02,24.93,24.85,25.20,25.11,25.98,25.88,26.56,27.29,28.16,30.39,34.57,145.48,340.37,394.38,231.94,70.86,32.39,29.66,27.92,27.29,26.31,25.98,26.14,25.63,25.55,26.31,26.23,25.88,26.31,25.98,26.40,26.89,26.40,26.89,27.05,26.89,26.56,26.96,26.96,26.47,26.73,26.56,25.98,25.63,25.81,26.05,26.05,25.55,25.46,24.48,25.11,24.76,24.39,24.39,24.85,24.48,24.29,24.20,24.76,24.57,24.39,24.29,24.39,24.85,24.57,24.48,24.76,24.11,24.29,24.76,24.67,24.29,24.29,24.85,24.67,24.29,24.48,24.57,24.57,24.39,24.29,24.29,24.57,24.76,24.29,24.57,24.29,24.29,24.11,24.48,24.39,24.39,24.48,24.57,24.29,24.48,24.29,24.20,24.39,24.39,24.29,24.57,24.29,24.48,24.48,24.57,24.48,24.39,24.57,24.48,24.29,24.11,24.29,24.67,24.29,24.48,24.85,24.48,24.48,24.29,24.29,24.48,24.11,24.11,24.48,24.39,24.48,24.29,24.57,24.48,23.83,24.20,23.92,24.85,24.57,24.57,24.29,24.29,24.01,24.11,24.20,24.20,24.20,24.39,24.48,24.20,24.76,24.48,24.20,24.67,24.01,24.39,24.48,23.92,24.11,23.92,24.01,24.01,24.20,24.39,24.67,24.29,24.29,24.29,24.57,24.67,24.20,24.39,24.39,24.20,24.11,23.92,23.83,24.29,24.20,23.83,24.11,24.29,24.29,24.11,24.39,24.11,24.76,24.20,23.83,24.01,24.11,23.64,24.39,24.11,24.29,24.29,23.92,24.11,24.39,24.39,24.01,24.11,24.48,24.39,23.73,24.20,24.29,23.83,24.29,23.73,24.20,24.29,24.11,23.45,24.39,24.11,23.73,24.20,23.55,23.83,24.11,23.83
23.83,24.01,23.73,24.11,23.64,24.11,23.64,23.73,24.01,24.20,24.11,24.39,24.01,24.11,24.11,24.01,24.20,24.29,23.83,24.48,24.11,24.39,24.48,24.48,24.48,23.92,24.29,24.57,24.01,24.01,24.39,23.83,24.20,24.39,24.11,24.01,24.11,24.39,24.39,24.20,24.20,24.48,24.29,24.01,24.20,24.29,24.67,24.57,24.39,24.20,24.39,24.29,24.20,24.11,24.11,24.11,24.20,24.67,24.39,24.67,24.11,24.57,24.67,24.11,24.67,24.29,24.67,24.39,24.29,24.29,24.48,24.39,24.11,24.48,24.11,24.29,23.92,24.29,24.29,24.57,24.39,24.39,24.48,24.29,24.39,24.29,24.20,24.48,24.39,24.76,24.29,24.20,24.01,24.39,24.11,24.20,24.67,24.29,24.67,24.11,24.39,24.48,24.48,24.39,24.57,24.57,24.39,24.29,24.39,24.01,24.39,25.02,24.39,24.29,24.39,24.67,24.76,24.39,24.29,24.29,25.11,24.85,24.57,24.48,24.76,24.39,24.48,24.29,23.83,24.57,24.48,24.48,23.92,24.48,24.11,24.93,24.76,24.29,24.76,24.39,24.01,24.39,24.85,24.57,24.39,24.48,24.29,24.76,24.67,24.67,24.39,24.57,24.48,24.20,24.76,24.76,24.67,24.76,24.48,24.85,24.93,24.76,24.85,24.76,24.85,24.57,24.93,25.02,25.55,25.81,26.40,26.89,27.76,28.61,31.71,50.50,218.25,347.99,230.33,36.52,31.22,28.46,27.85,26.40,26.47,26.05,25.88,25.81,25.63,25.72,25.88,25.72,25.46,26.31,25.63,26.31,26.23,26.14,26.23,26.47,26.23,26.31,26.31,26.47,25.81,25.98,25.98,25.81,25.81,25.63,26.14,25.37,25.11,25.02,24.93,24.93,24.67,24.29,24.39,24.48,24.85,24.85,24.76,24.57,24.67,24.67,24.48,24.20,24.57,24.39,24.39,24.57,24.48,24.67,24.39,24.67,24.76,24.39,24.39,24.57,24.39,24.48,24.48,24.57,24.39,24.20,24.57,24.48,24.67,24.20,24.39,24.39,24.67,24.67,24.39,24.29,24.39,24.39,24.85,24.57,24.39,24.76,24.29,24.11,24.39,24.67,23.83,24.39,24.39,24.20,24.48,24.67,24.20,24.39,23.92,24.29,23.92,24.11,24.57,23.92,24.57,24.48,24.20,24.01,24.29,24.01,24.57,24.57,24.39,23.83,24.01,24.57,24.48,24.20,24.29,24.39,24.48,24.20,24.57,23.83,24.01,24.01,24.29,24.11,24.29,24.29,24.57,24.20,24.48,24.48,24.20,24.29,24.48,24.01,23.92,23.73,23.83,24.57,24.20,23.92,24.29,23.83,24.57,24.57,24.39,24.39,24.29,24.20,24.11,24.11,24.11,24.29,24.20,24.29,24.01,24.20,24.01,24.20,23.73,24.11,24.11,24.11,24.20,24.20,24.11,24.39,24.67,24.29,24.67,24.20,24.20,24.39,24.01,24.11,24.01,24.20,24.20,24.29,24.20,24.29,24.11,24.39,24.29,24.01,23.73,24.01,24.11,23.83,24.11,24.20,23.92,24.20,24.20,23.83,24.20,24.20,24.11,24.20,24.01,24.01,24.01,24.01
24.11,24.01,24.29,24.20,24.39,24.01,23.92,23.73,24.29,24.01,24.01,23.92,24.29,23.83,24.20,23.64,24.48,24.01,24.39,23.92,23.73,24.29,23.55,24.11,24.01,24.48,24.11,24.29,24.67,24.11,24.11,24.29,24.29,24.11,24.29,24.39,23.73,24.20,24.57,24.39,24.39,24.20,24.48,24.39,24.29,24.20,24.48,24.57,24.85,24.48,24.39,24.11,24.39,24.29,25.02,24.57,24.29,24.57,24.11,24.76,24.20,24.11,24.76,24.48,24.11,24.48,24.48,24.48,24.48,24.11,24.01,24.39,24.29,24.57,24.20,24.20,24.20,24.20,24.20,24.29,24.29,24.67,24.29,24.39,24.29,24.48,24.57,24.39,24.67,24.11,24.48,24.48,24.11,24.57,24.29,24.67,24.39,24.39,24.93,24.48,24.57,24.85,24.39,24.29,24.29,24.57,24.76,24.01,24.67,24.57,24.48,24.57,24.48,24.48,24.29,24.11,24.57,24.39,24.57,24.39,24.48,24.29,24.76,24.76,24.48,24.93,24.29,24.29,24.29,24.57,24.85,24.57,24.29,24.67,24.29,24.76,24.29,24.11,24.67,24.39,24.11,24.48,24.76,24.67,24.57,24.39,24.57,24.85,24.67,24.57,24.39,24.76,24.85,24.39,24.39,24.39,24.57,24.67,24.85,24.93,23.83,25.02,24.67,24.93,25.02,24.85,24.85,25.11,25.28,25.72,26.47,26.56,27.13,27.85,29.22,32.84,80.49,247.77,202.18,34.08,29.73,28.46,27.13,26.40,26.05,26.14,25.81,25.81,25.37,25.63,25.81,25.28,25.72,25.88,25.37,25.55,25.72,26.14,25.63,25.88,25.98,25.98,25.72,25.88,25.55,25.72,25.55,25.46,25.46,25.55,25.55,24.93,25.20,24.93,24.85,24.93,24.76,24.67,25.02,24.29,24.39,24.39,24.85,24.57,24.57,24.39,24.39,24.48,24.76,24.39,24.57,24.93,24.39,24.93,24.29,24.48,24.57,24.39,24.67,24.39,24.48,24.48,24.20,24.48,24.93,24.11,24.11,24.29,24.48,24.29,24.57,24.01,24.93,24.85,24.93,24.67,24.29,24.57,24.29,24.76,24.67,24.29,24.48,24.48,24.57,24.11,24.67,24.39,24.39,24.39,24.76,24.76,24.29,24.01,24.20,24.20,24.29,24.67,24.48,24.29,24.39,24.01,24.57,24.67,24.48,24.29,24.57,23.92,24.39,24.01,24.67,24.29,24.39,24.48,24.57,24.29,24.48,24.01,24.48,24.76,24.20,24.48,24.01,24.11,24.39,24.76,24.39,24.48,24.39,24.48,24.85,23.83,24.11,24.48,24.29,24.01,24.29,24.48,24.20,24.01,24.29,24.85,24.57,23.73,24.39,24.29,24.11,24.20,24.67,24.29,24.48,24.11,24.29,24.57,24.29,24.11,24.39,24.20,24.01,24.39,24.01,24.20,24.39,24.76,24.39,24.48,24.11,24.11,24.20,24.39,24.11,24.48,24.11,24.20,24.29,24.11,24.11,23.92,24.85,24.11,23.64,24.11,23.92,24.29,24.01,24.20,24.01,23.83,23.73,23.92,24.01,24.11,24.20,24.01,24.20,24.11,23.92,24.01,23.83,24.11,24.29,23.55
24.01,24.39,24.20,24.11,24.01,24.01,23.92,24.01,23.92,24.29,24.20,24.29,24.39,23.92,24.39,24.11,24.11,24.29,24.39,24.29,24.01,24.29,23.92,24.29,24.29,24.48,24.29,23.92,24.11,23.92,24.01,24.20,24.20,24.29,24.29,23.92,24.29,24.39,24.48,24.39,23.92,24.20,24.48,24.48,24.76,24.57,24.39,24.01,24.20,24.11,24.11,24.20,24.20,24.20,25.02,24.39,24.01,23.92,24.11,24.48,24.48,24.76,24.67,24.67,24.39,24.39,24.48,24.11,24.29,24.20,24.29,24.39,24.39,24.48,24.20,24.39,24.48,24.20,24.20,24.48,24.48,24.29,24.67,24.11,24.39,24.39,24.29,24.48,23.92,24.48,24.11,24.67,24.85,24.39,24.11,24.67,24.48,24.76,24.39,24.20,24.48,24.39,24.85,24.39,24.48,24.11,24.76,24.85,24.48,24.48,24.29,24.57,24.57,24.76,24.29,24.93,24.11,24.20,24.20,24.57,24.48,24.39,24.76,24.48,24.57,24.39,24.57,24.39,24.67,24.67,24.85,24.67,24.57,24.57,24.39,24.48,24.85,24.67,24.76,24.57,24.48,24.85,24.67,24.29,24.39,24.57,24.57,24.67,24.85,24.29,24.20,24.57,24.39,24.67,24.39,24.85,24.39,24.85,24.67,24.48,24.93,24.67,24.76,24.85,25.28,24.85,24.93,24.67,25.37,25.55,25.98,26.23,26.05,26.96,28.30,30.09,32.51,36.03,36.03,31.36,29.22,27.45,26.96,26.14,26.31,25.88,25.81,25.81,25.46,25.37,25.37,25.63,25.46,25.20,25.98,25.63,25.88,25.88,25.37,25.55,25.63,25.81,25.81,25.46,25.63,25.37,25.55,25.72,25.46,25.37,25.37,25.28,24.76,24.93,24.85,24.85,24.57,24.67,24.48,24.67,24.29,24.39,24.57,24.48,24.48,24.67,24.39,24.57,24.76,24.48,24.48,24.67,24.67,24.57,24.39,24.85,24.39,24.11,24.57,24.48,24.39,24.48,24.57,24.76,24.57,24.39,24.39,24.39,24.39,24.20,24.57,25.11,24.85,24.29,24.11,24.39,24.29,24.48,24.39,24.48,24.39,24.29,24.57,24.39,24.11,24.29,24.29,24.39,24.57,24.29,24.29,24.39,24.67,24.57,24.29,24.39,24.48,24.57,24.39,24.67,24.48,24.20,24.48,24.29,24.48,24.39,24.48,24.67,24.39,24.76,24.20,24.48,23.92,24.39,24.57,24.39,24.11,24.20,24.48,24.57,24.01,23.83,24.39,24.57,24.48,24.11,24.67,23.92,24.29,24.20,24.11,24.29,24.57,24.39,23.73,24.57,24.39,24.20,24.39,24.01,24.29,24.29,24.39,24.11,23.92,24.29,24.39,24.48,23.92,24.48,24.39,24.39,24.39,24.20,24.11,24.11,24.11,24.29,24.39,24.11,24.29,24.57,24.20,24.20,24.11,24.11,24.20,24.39,24.29,24.11,24.48,24.11,24.20,24.48,23.83,24.76,23.92,23.83,24.11,24.20,23.83,24.01,24.01,24.01,24.11,24.29,24.29,24.20,23.92,23.92,24.29,24.39,24.29,24.01,24.11,24.01,24.39,24.11,24.01,24.20,23.83,24.20
24.48,24.29,23.83,23.45,24.11,24.29,24.29,24.29,23.92,24.01,24.29,24.01,24.01,23.92,24.11,24.01,24.11,24.20,23.73,24.20,23.92,24.29,24.48,24.39,24.57,24.20,24.20,24.01,23.92,24.39,24.11,23.83,24.11,23.73,24.11,24.11,23.73,24.20,24.20,24.39,24.20,24.20,24.85,24.20,24.48,24.29,24.67,24.76,24.11,24.57,24.29,24.29,24.39,24.29,24.20,24.67,24.48,24.29,24.85,24.48,24.39,24.20,24.11,24.29,24.11,24.39,24.39,24.29,24.20,24.76,24.11,24.57,23.83,24.29,24.11,24.67,23.92,24.57,24.48,24.57,24.57,24.39,24.11,24.48,24.48,24.57,24.20,24.20,24.67,24.57,24.29,24.11,24.11,24.29,24.48,24.20,24.57,24.48,24.67,24.57,24.57,24.39,24.76,24.11,24.57,24.29,25.02,24.57,24.29,24.48,24.67,24.57,24.39,24.39,24.76,24.39,24.48,24.48,24.39,24.67,24.39,24.67,24.39,24.39,24.01,24.11,24.76,24.39,24.39,24.93,24.67,24.39,24.48,24.85,24.67,24.67,24.76,24.20,24.57,24.57,24.76,24.76,24.93,24.57,24.57,24.20,24.85,24.67,24.93,24.76,24.76,24.93,24.67,24.20,24.67,24.39,24.76,24.39,24.29,24.93,24.57,24.93,24.93,24.67,24.57,25.11,25.20,24.93,25.55,25.72,26.05,25.72,26.47,26.96,27.92,28.70,30.18,31.02,30.88,29.87,28.39,27.45,26.56,26.47,25.88,25.98,25.81,25.46,25.46,25.28,25.37,25.46,25.11,25.98,25.37,25.37,25.28,25.55,25.46,25.11,25.63,25.37,25.20,25.46,25.46,25.37,25.11,25.02,25.20,25.37,25.55,25.20,24.85,25.11,25.02,25.20,24.39,24.93,24.48,24.57,24.39,24.67,24.39,24.76,24.67,24.20,24.67,24.39,24.39,24.39,24.29,24.20,24.39,24.48,24.20,24.85,24.29,24.57,24.67,24.48,25.02,24.57,24.48,24.20,24.29,24.48,24.76,24.48,24.48,24.39,24.48,24.76,24.39,24.48,24.67,24.48,24.48,24.57,24.39,24.67,24.39,24.39,24.20,24.48,24.39,24.29,24.48,24.20,24.39,24.20,24.67,24.39,24.76,24.39,24.29,24.39,24.57,24.29,24.29,24.39,24.76,24.39,24.29,24.29,24.01,24.39,24.01,24.39,24.39,24.29,24.29,23.92,24.11,23.92,24.57,24.29,24.48,24.20,24.39,24.76,24.20,24.48,24.11,24.11,24.01,24.29,24.39,24.48,24.11,24.48,24.11,24.11,24.29,24.11,24.67,24.01,24.76,24.20,24.39,24.39,24.20,24.01,24.01,24.29,24.29,24.20,24.11,24.29,24.29,24.11,24.20,24.11,24.29,23.92,24.29,24.20,24.39,24.11,23.92,24.39,24.39,24.29,24.39,24.39,24.29,24.11,24.11,24.67,24.48,24.11,24.39,24.11,24.11,24.01,24.20,24.39,24.11,24.39,23.92,23.83,23.92,24.20,24.01,24.01,24.11,24.20,24.20,24.20,24.29,23.92,23.64,24.39,24.20,23.73,24.11,24.48,24.20,24.01,23.92,24.20,24.01,24.29
24.01,24.20,24.01,23.92,24.01,24.29,23.92,23.92,24.20,24.29,24.01,23.64,24.11,24.39,24.29,24.11,24.01,24.48,24.20,23.92,23.92,24.39,24.11,24.20,24.20,24.20,24.01,24.01,24.48,24.20,24.01,24.20,24.39,23.83,24.48,24.11,24.11,24.11,24.39,24.29,24.29,24.29,24.20,24.57,24.20,24.57,24.29,24.57,24.57,24.57,24.39,24.48,24.57,24.11,24.29,24.39,24.20,24.39,24.39,24.29,24.01,24.57,24.29,24.20,24.76,24.76,24.20,24.67,24.48,23.92,23.83,24.01,24.29,24.29,24.67,24.11,24.39,24.20,24.39,24.20,24.20,24.39,24.29,24.48,24.67,24.39,24.29,24.29,24.57,24.48,24.29,24.39,24.67,24.48,24.39,24.48,24.48,24.48,24.39,24.11,24.48,24.20,24.85,24.29,24.48,24.39,24.67,24.48,24.57,24.29,24.29,24.11,24.39,24.67,24.57,24.39,24.48,24.85,24.48,24.57,24.76,24.48,24.48,24.48,24.76,24.76,24.85,24.39,24.48,24.39,24.29,24.11,24.76,24.48,24.57,24.67,24.29,24.29,24.29,24.29,24.76,24.67,24.39,24.85,24.67,24.48,24.67,24.76,24.85,24.57,24.67,24.29,24.39,24.76,24.57,24.76,24.39,24.48,24.85,24.76,24.67,24.93,24.67,24.93,24.76,24.57,24.93,24.67,25.20,25.11,25.98,25.55,25.98,26.23,26.80,28.16,29.29,29.66,29.36,29.07,28.16,27.36,26.96,26.23,26.31,25.81,25.20,25.20,25.20,25.81,25.20,25.11,25.11,25.28,25.20,25.46,24.85,25.02,25.37,25.20,25.37,25.46,24.93,25.46,25.02,25.02,25.55,25.20,24.85,25.28,25.46,25.20,24.76,24.93,24.57,24.76,24.67,24.57,24.29,24.48,24.57,24.57,24.29,24.93,24.48,24.85,24.67,24.48,24.48,24.85,24.39,24.48,24.48,24.57,24.67,24.76,24.57,24.57,24.93,24.67,24.39,24.57,24.20,24.67,24.29,24.57,24.48,24.76,24.57,24.39,24.48,24.57,24.39,24.57,24.20,24.57,24.29,24.57,24.57,24.57,24.39,24.20,24.76,24.29,24.29,24.57,24.67,24.20,24.29,24.57,24.48,24.57,24.39,24.39,24.29,24.29,24.57,24.39,24.57,24.67,24.39,24.11,24.20,24.67,24.29,24.29,24.11,24.48,23.83,24.39,24.39,24.39,24.39,24.48,24.01,24.01,24.20,24.57,24.48,24.48,24.20,24.20,24.11,24.67,24.85,24.20,24.29,24.29,24.67,24.39,24.11,24.01,24.11,24.29,24.29,24.29,24.01,24.29,24.76,24.39,23.92,24.57,24.39,24.39,24.29,24.29,24.48,24.93,24.11,24.39,24.76,24.29,24.20,24.39,24.01,24.11,24.29,23.83,24.01,24.39,24.20,24.85,24.11,24.20,24.39,24.01,24.20,24.29,24.29,24.29,24.01,24.20,24.39,24.39,24.39,24.01,24.01,24.29,24.29,24.20,24.39,24.39,24.29,23.92,24.29,24.39,24.11,24.39,24.39,24.29,24.39,24.20,24.20,24.11,24.11,24.20,23.73,24.29,24.01,24.39,23.64,24.39
23.73,23.73,23.83,23.55,24.01,24.01,24.01,24.20,24.48,24.57,24.29,23.73,24.39,23.73,24.11,24.01,24.11,23.83,24.20,24.11,24.20,24.29,24.11,24.20,24.11,23.55,24.39,24.29,24.57,24.20,24.20,24.39,24.67,24.29,24.01,24.76,24.39,24.76,24.39,24.39,24.20,24.29,24.39,24.01,23.73,24.29,24.20,24.48,24.67,24.39,24.11,24.48,24.48,24.48,24.39,24.39,24.39,24.11,24.29,24.57,24.29,24.48,24.57,24.67,23.92,24.48,24.57,24.29,24.67,24.20,24.67,24.20,24.11,24.57,24.39,24.57,24.57,24.48,24.29,24.29,24.39,24.48,24.20,24.20,24.48,24.76,24.11,24.48,24.67,24.39,24.57,24.76,24.20,24.57,24.11,24.29,24.39,24.29,24.29,24.29,24.57,24.48,24.11,24.29,24.48,24.20,24.76,24.39,24.39,24.29,24.48,24.76,24.76,24.29,24.76,24.39,24.39,24.20,24.29,24.76,24.76,24.57,24.93,24.01,24.20,24.20,24.20,24.39,24.48,24.67,24.11,24.57,24.29,24.29,24.48,24.76,24.20,24.29,24.20,24.57,24.11,24.57,24.01,24.57,24.76,24.93,24.85,24.93,24.39,24.57,24.67,24.57,24.01,24.67,24.39,25.11,24.76,24.39,24.57,24.48,24.39,24.76,24.85,24.76,24.57,24.67,24.76,25.11,25.20,25.37,25.81,25.81,25.98,26.31,26.80,27.69,28.70,29.15,29.36,28.84,28.16,27.45,26.23,26.23,25.72,25.72,25.81,25.11,25.37,25.72,25.11,25.28,25.02,25.11,25.11,25.11,25.28,25.02,25.02,25.02,25.02,25.28,24.76,25.20,25.20,25.28,25.28,24.93,24.93,24.85,25.20,25.28,24.93,24.93,25.02,24.57,24.39,24.29,24.39,24.57,24.57,24.48,24.57,24.20,24.48,24.48,24.39,24.39,24.48,24.29,24.57,24.48,24.29,24.29,24.11,24.57,24.48,24.57,24.20,24.48,24.67,24.67,24.57,24.39,24.29,24.29,24.20,24.48,24.57,24.57,24.29,24.93,24.76,24.29,24.01,24.76,24.39,24.29,24.29,24.39,24.29,24.39,24.67,24.39,24.67,24.76,24.20,24.57,24.20,24.29,24.29,24.93,24.57,24.57,23.92,24.85,24.39,24.67,23.92,24.48,24.20,24.76,24.39,24.39,24.48,24.29,24.01,24.39,24.01,24.11,24.29,24.57,24.57,23.92,24.11,23.92,24.01,24.39,24.48,23.92,24.48,24.48,24.39,24.57,24.57,24.57,24.48,24.01,23.92,24.39,24.29,24.20,24.29,23.92,24.29,24.11,24.39,24.01,24.01,24.29,24.11,24.11,24.67,24.48,24.20,24.20,24.20,24.29,24.01,24.29,24.20,24.11,23.83,24.48,24.01,24.39,24.11,24.76,24.20,24.11,24.57,24.29,24.11,24.39,24.29,24.11,24.01,24.20,24.29,24.11,24.29,24.20,24.48,24.39,24.01,24.11,23.64,24.01,24.11,24.11,24.20,24.11,24.20,24.20,24.20,23.73,24.20,24.20,24.11,24.39,24.01,24.11,24.11,24.20,23.92,24.29,24.11,23.83,23.83,23.83,24.11,24.29
24.29,23.55,23.83,24.11,24.11,23.92,23.73,24.20,24.11,23.83,24.48,24.11,24.29,24.39,24.48,24.48,24.29,23.92,24.29,23.64,23.83,24.29,24.20,24.48,24.29,24.20,24.20,24.39,24.20,24.48,24.39,24.29,24.29,24.48,24.39,24.48,24.48,24.20,24.48,24.39,24.20,24.48,24.20,24.67,24.39,24.57,24.11,24.57,24.67,24.29,24.01,24.29,24.29,24.01,24.76,24.39,24.39,24.01,24.39,24.29,23.83,24.29,24.29,24.39,24.48,24.39,23.92,24.76,24.20,24.67,24.11,24.20,24.20,24.39,24.57,24.85,24.11,24.39,24.48,24.76,24.29,24.48,24.29,24.39,24.11,24.29,24.76,24.48,24.76,24.57,24.11,24.39,24.29,24.29,24.57,24.39,24.93,24.57,24.39,24.48,24.57,24.76,24.39,24.20,24.48,24.29,24.57,24.67,24.39,24.48,24.48,24.11,24.67,24.39,24.39,24.48,24.20,24.67,24.85,24.39,24.67,24.48,24.39,24.39,24.39,24.57,24.01,24.57,24.67,24.85,24.29,24.39,24.67,24.39,24.57,24.76,24.48,24.48,24.29,24.39,24.29,24.67,24.76,24.48,24.67,24.57,24.67,24.48,24.93,24.20,24.57,24.29,24.57,24.57,24.39,24.29,24.20,24.85,24.76,24.57,24.85,24.93,24.85,24.85,24.67,25.11,25.02,24.67,25.28,25.72,25.88,25.81,25.98,26.31,26.64,27.85,28.61,29.15,29.00,28.91,28.00,27.53,26.47,26.31,25.88,25.55,25.81,25.20,25.20,25.20,25.72,25.11,25.02,25.11,25.20,25.28,25.20,25.20,25.20,25.02,25.20,25.11,25.20,24.93,25.02,24.76,25.28,25.02,24.48,25.11,25.11,25.20,24.39,24.93,25.02,24.29,24.57,24.76,25.11,24.93,24.57,24.76,24.39,24.76,24.85,24.57,24.57,24.48,24.39,24.48,24.67,24.67,24.29,24.67,24.39,24.57,24.93,24.39,24.29,24.20,24.57,24.76,24.76,24.48,24.48,24.29,24.57,24.57,24.48,24.39,24.48,24.39,24.39,24.39,24.29,24.67,24.39,24.57,24.20,24.39,24.39,24.29,24.29,24.29,24.48,24.29,24.48,24.48,24.57,24.57,24.48,24.29,24.39,24.48,24.57,24.76,24.76,24.57,24.57,24.29,24.11,24.11,24.29,24.67,24.48,24.57,23.92,24.01,24.48,24.29,24.11,24.39,24.29,24.67,24.39,24.48,24.48,24.29,24.48,24.48,24.11,24.57,23.92,24.29,24.57,24.39,24.20,24.29,24.57,24.11,24.29,24.85,23.92,24.11,24.20,24.57,24.48,24.39,24.57,24.67,24.20,24.48,24.57,24.67,24.01,24.29,24.67,24.20,23.92,24.57,23.92,24.01,24.11,24.01,24.01,24.39,23.92,24.29,24.67,24.29,24.11,24.67,24.01,24.11,24.01,24.11,24.39,24.11,24.39,24.39,23.73,24.29,23.73,24.76,24.39,24.29,24.29,24.20,24.29,23.83,24.57,24.20,24.20,24.48,24.29,24.20,23.92,24.20,24.29,24.11,23.83,24.11,24.11,23.83,24.39,24.20,24.20,24.11,23.73,24.39,24.29,24.01
23.73,24.20,24.11,23.92,23.92,24.11,23.92,24.11,24.57,24.20,24.11,24.39,24.20,23.83,24.57,24.39,24.20,24.20,24.29,24.01,24.29,24.20,23.92,24.01,23.45,24.11,24.67,24.11,23.73,24.11,23.83,24.29,24.48,24.29,24.29,24.11,24.11,23.92,24.48,24.20,24.20,24.39,24.29,24.20,24.48,24.67,24.48,24.48,24.29,24.29,24.48,24.20,24.39,24.57,24.67,24.20,24.57,24.20,24.11,24.20,24.29,24.29,24.85,24.39,24.29,24.20,24.29,24.20,24.39,24.01,24.01,24.57,24.39,24.48,24.48,24.20,24.39,24.39,24.20,24.39,24.57,24.93,24.20,24.48,24.29,24.48,24.29,24.48,24.29,24.48,24.48,24.39,24.57,24.57,24.76,24.57,24.39,24.29,24.48,24.76,24.29,24.20,24.48,24.20,24.48,24.39,24.67,24.01,24.20,24.76,24.76,24.76,24.48,24.48,24.76,24.85,24.39,24.67,24.67,24.76,24.48,24.76,24.67,24.48,24.76,24.29,24.93,24.85,24.57,24.29,24.20,24.29,24.85,24.48,24.57,24.67,24.76,24.67,24.85,24.20,24.48,24.76,24.85,25.20,24.76,24.20,24.67,24.76,24.57,24.20,24.57,24.20,24.57,24.67,24.85,24.67,24.39,24.76,24.76,24.67,24.67,24.85,25.11,24.85,24.67,24.48,25.02,24.85,25.02,25.28,25.46,25.88,26.23,26.47,26.64,27.53,28.54,28.61,29.00,28.54,28.39,27.29,26.47,26.56,25.88,25.55,25.81,25.28,25.11,25.02,24.93,25.63,24.85,25.11,25.11,25.28,25.20,24.93,25.02,24.93,24.93,24.76,25.02,25.02,25.02,24.85,24.93,25.11,24.85,24.67,25.28,24.76,24.93,25.11,24.76,24.76,24.57,25.02,24.85,24.48,24.57,24.20,24.39,24.85,24.57,24.93,24.48,24.29,24.85,24.48,24.48,24.48,24.57,24.48,24.48,24.29,24.57,24.85,24.76,24.85,24.20,24.57,24.76,24.93,24.57,24.11,24.76,24.57,24.48,24.29,24.76,24.39,24.39,24.67,24.48,24.48,24.20,24.11,24.48,24.39,24.48,24.67,24.67,24.48,24.48,24.20,24.29,24.11,24.48,24.67,24.39,24.29,24.29,24.29,23.92,24.57,24.39,24.29,23.92,24.48,24.48,24.48,24.39,24.48,24.29,24.39,24.29,24.11,24.39,24.39,23.83,24.67,24.39,24.20,24.11,24.39,24.11,24.20,24.39,24.57,24.29,24.39,24.29,24.29,24.29,24.48,24.39,24.39,24.48,24.11,23.92,24.57,24.20,24.29,24.48,24.48,24.76,24.20,23.92,24.20,24.67,23.92,24.20,24.48,24.29,24.29,24.29,24.29,24.48,24.39,24.20,24.39,24.57,24.20,24.39,24.39,24.48,24.20,24.20,24.29,24.39,24.29,23.92,24.39,24.11,24.29,24.29,24.39,24.20,24.57,24.39,23.83,24.11,24.48,24.11,24.01,24.01,24.48,24.11,24.39,24.11,24.11,24.01,24.29,24.20,23.55,24.39,24.11,23.83,24.48,24.20,23.92,24.11,23.92,24.57,23.64,24.20,24.11,23.92,24.11,24.11,23.64
23.83,24.20,23.83,24.39,24.29,24.01,24.11,24.20,23.92,24.11,24.01,23.83,23.83,24.48,23.83,24.01,24.11,23.73,24.11,24.29,23.64,24.20,24.01,24.29,24.29,24.20,24.39,23.92,24.39,23.92,24.11,24.11,24.11,24.48,24.29,24.11,24.01,24.29,24.01,24.20,24.29,24.29,24.39,24.67,24.39,24.39,24.29,24.20,24.29,24.29,24.48,24.11,24.29,24.48,24.39,24.48,24.11,24.39,24.29,24.39,24.20,24.20,24.48,24.48,24.67,24.39,24.11,24.57,24.11,24.67,24.20,24.29,24.39,24.39,24.48,24.48,24.48,24.57,24.29,24.39,25.02,24.29,24.39,24.39,24.48,24.39,24.29,24.39,24.20,24.93,24.48,23.92,24.48,23.92,24.01,24.48,24.48,24.57,24.57,24.48,24.39,24.57,24.11,24.76,24.76,24.67,24.29,24.76,24.48,24.39,24.48,24.67,24.76,24.57,24.76,24.29,24.85,24.57,24.76,24.57,24.39,24.29,24.48,24.39,24.57,24.57,24.39,24.67,24.39,24.29,24.76,24.20,24.67,24.11,24.48,24.57,25.02,24.67,24.57,24.20,24.29,24.57,24.57,24.29,24.76,24.57,24.93,24.76,24.48,24.57,24.57,24.57,24.20,24.67,24.76,24.93,24.76,24.20,24.48,24.67,24.39,24.39,24.67,24.57,24.85,24.48,25.02,25.11,25.02,25.28,25.46,25.46,25.88,26.05,26.73,27.13,28.09,29.00,28.77,28.39,28.00,27.05,26.96,26.56,26.14,25.55,25.20,25.11,25.46,25.02,25.11,25.02,25.20,25.20,25.11,24.85,25.20,25.20,25.02,25.02,24.67,24.76,24.93,25.46,25.20,25.37,24.57,24.85,24.93,24.48,25.11,25.02,24.76,25.02,24.85,24.85,24.57,24.67,24.57,24.67,24.39,24.67,24.76,24.20,24.48,24.93,24.29,24.29,24.48,24.39,24.48,24.48,25.02,23.92,24.48,24.39,24.48,24.20,24.20,24.57,24.39,24.67,24.76,24.48,25.02,24.57,24.76,24.57,24.11,24.85,24.29,24.39,24.39,24.67,24.20,24.57,24.67,24.39,24.67,24.11,24.01,24.20,24.48,24.76,24.48,24.57,24.11,24.39,24.48,24.48,24.57,24.39,24.01,24.67,24.39,24.57,23.92,24.29,24.39,24.57,24.39,24.01,24.29,24.01,24.20,24.48,24.48,24.57,24.01,24.39,24.57,24.29,24.20,24.29,24.29,24.29,24.48,24.11,24.29,24.29,24.48,24.01,24.29,24.48,24.01,24.39,24.20,24.48,24.11,24.20,24.29,24.01,24.48,23.92,24.29,24.48,24.85,24.20,23.92,24.20,24.39,23.92,24.29,24.67,23.92,24.57,24.20,24.29,24.39,24.20,24.57,24.20,24.29,24.20,24.11,24.01,24.29,23.83,24.11,24.20,23.92,24.39,24.11,24.01,24.67,23.92,24.39,24.20,24.20,24.20,24.20,24.39,24.48,23.92,24.11,24.29,24.29,24.57,24.11,24.39,24.29,24.11,24.39,24.11,24.11,24.20,24.01,24.39,24.11,24.20,24.20,24.01,23.83,24.11,24.20,24.20,24.01,24.39,23.92,24.20,24.20,23.83
23.92,24.11,23.92,24.11,24.01,24.20,24.01,24.11,23.64,24.29,24.20,24.29,23.92,23.83,24.20,24.11,24.39,24.39,24.20,23.92,24.29,24.20,24.20,24.29,24.01,24.20,24.20,24.29,24.48,24.29,24.11,24.20,24.48,24.57,24.57,24.11,24.67,24.57,24.29,24.39,24.39,24.20,24.48,24.48,24.39,24.48,24.48,24.39,24.57,24.57,24.39,24.20,24.85,24.39,24.39,24.11,24.01,24.67,24.48,24.57,24.39,24.29,24.29,24.29,24.20,24.39,23.92,23.83,24.39,24.29,24.20,24.48,24.57,24.11,24.85,24.29,24.29,24.67,24.11,24.29,24.29,24.29,25.11,24.39,24.48,24.48,24.67,24.48,24.20,24.76,24.93,24.20,24.67,24.01,24.39,24.48,24.29,24.48,24.76,24.29,24.29,24.93,24.57,24.93,24.48,24.67,24.01,24.85,24.39,24.20,24.85,24.29,25.02,24.57,24.57,24.48,24.85,24.76,24.39,24.85,24.85,24.76,24.39,24.76,24.48,24.85,24.57,24.67,24.67,24.76,24.39,24.57,24.67,24.57,24.76,24.76,24.93,24.67,24.39,24.39,24.01,24.29,24.85,24.48,24.57,24.39,24.76,24.67,24.57,24.67,24.67,24.76,24.76,24.39,24.76,24.48,24.57,24.67,24.85,24.85,24.76,25.11,24.93,24.48,24.57,24.93,24.85,24.85,24.76,25.63,25.46,25.46,25.88,26.40,26.31,27.36,27.92,28.70,28.61,28.46,28.16,27.45,26.89,25.88,25.88,25.98,25.55,25.55,25.20,25.37,25.11,25.11,25.11,24.76,24.93,25.11,24.85,24.93,24.93,24.76,25.02,25.02,24.93,24.67,25.02,24.93,24.57,25.02,24.48,24.85,25.02,24.76,24.57,25.11,24.39,24.76,24.67,24.67,24.76,24.67,24.85,24.67,24.67,24.39,24.57,24.85,24.11,24.67,24.57,24.29,24.29,24.29,24.57,25.11,24.39,24.67,24.29,24.67,24.39,24.67,24.57,24.48,24.57,24.67,24.67,24.57,24.48,24.67,24.67,24.39,24.48,24.48,24.57,24.67,24.76,24.39,24.39,24.67,24.48,24.85,24.48,24.39,24.29,24.57,24.85,24.57,24.85,24.20,24.39,24.39,24.57,24.85,24.39,24.29,24.76,24.48,24.48,24.39,24.20,24.39,24.67,24.48,24.48,24.48,24.48,24.39,24.39,24.57,24.48,24.39,24.67,24.48,24.29,24.39,24.39,24.39,24.48,24.20,24.29,24.57,24.29,24.29,23.83,24.48,24.39,24.39,24.11,24.39,24.29,23.92,24.57,24.57,23.83,24.48,24.20,24.67,24.39,23.92,24.29,24.11,24.11,24.29,24.67,24.29,24.48,24.20,23.83,24.29,24.39,24.39,24.48,24.57,24.48,24.01,24.20,24.39,24.48,24.48,24.11,24.76,24.01,24.01,24.48,24.93,24.20,24.20,24.01,24.01,24.29,24.39,24.01,24.39,23.92,24.29,24.48,24.20,24.67,24.39,23.83,24.29,24.11,24.01,24.29,23.92,24.11,24.11,24.48,24.01,23.92,23.55,23.64,24.01,24.11,24.11,24.48,23.83,24.39,23.92,23.92,24.29,23.55,23.73
24.11,23.92,24.01,24.20,24.01,23.83,24.01,24.29,24.39,24.01,23.83,24.01,24.48,24.39,24.48,24.11,24.29,24.11,24.39,24.20,23.73,24.39,24.29,24.20,23.92,23.92,24.20,24.20,24.39,24.20,24.11,24.29,24.20,24.29,24.48,24.29,24.57,24.01,24.48,24.57,24.20,24.29,24.20,24.20,24.01,24.01,24.01,23.83,23.83,24.20,24.01,24.29,24.48,24.76,24.01,24.29,23.83,24.39,24.20,24.39,24.29,24.48,24.29,24.67,24.11,24.76,24.48,24.11,24.20,24.39,24.20,24.20,24.20,23.92,24.20,24.48,23.92,24.48,24.11,24.48,24.11,24.11,24.29,24.01,24.20,24.39,24.29,24.20,24.48,24.57,24.29,24.11,24.39,24.57,24.48,24.39,24.39,24.48,24.76,24.01,24.57,24.48,24.29,24.39,24.48,24.67,24.20,24.76,24.39,24.39,24.29,24.57,24.39,24.57,24.57,24.67,24.39,24.29,24.20,24.48,24.39,24.48,24.57,24.57,24.85,24.67,24.85,24.01,24.20,24.29,24.57,24.48,24.76,24.29,24.93,24.67,24.57,24.20,24.57,24.39,24.57,24.48,24.48,24.29,24.67,25.02,25.20,25.02,24.20,24.67,24.57,24.93,24.85,24.57,24.39,24.67,24.20,24.67,24.20,24.20,24.67,24.48,24.76,24.76,24.76,24.57,24.93,24.76,24.85,24.85,25.20,25.55,26.40,25.81,26.40,27.45,28.39,28.77,28.30,28.30,28.09,27.69,26.96,26.40,26.23,25.72,25.37,25.46,25.46,25.28,25.02,25.28,25.20,24.93,24.76,25.11,24.93,24.85,25.20,24.57,25.02,24.57,24.93,24.85,25.20,24.93,24.85,24.67,24.85,24.85,25.02,24.93,24.85,24.93,24.67,24.48,24.76,24.48,24.67,24.76,24.29,24.57,25.02,24.93,24.48,24.20,24.57,25.02,24.57,24.67,24.57,24.93,24.48,24.57,24.48,24.76,24.29,24.67,24.57,24.39,24.29,24.57,24.11,24.67,24.29,24.39,24.29,24.57,24.11,24.93,24.76,24.48,24.39,24.48,24.39,24.57,24.29,24.67,24.57,24.67,24.39,24.39,24.29,24.29,24.29,24.67,24.48,24.48,24.67,24.29,24.57,24.29,24.39,24.57,24.48,24.57,24.11,24.48,24.20,24.48,24.29,24.39,24.01,24.76,24.57,24.67,24.29,24.67,24.11,24.57,24.48,24.67,24.57,23.92,23.83,24.29,24.29,24.29,24.48,24.11,24.57,24.57,24.20,24.76,24.29,24.20,24.20,24.39,23.92,24.29,24.39,24.39,23.92,24.67,24.20,23.73,24.39,24.57,24.29,23.92,24.57,23.92,24.29,23.83,24.01,24.39,24.29,24.39,24.39,24.29,24.20,24.29,24.39,24.39,24.11,24.01,24.20,24.20,24.29,24.39,23.64,24.67,24.11,24.39,24.48,24.29,24.29,24.39,24.20,24.39,24.20,24.29,24.20,24.39,24.11,24.39,24.39,24.20,24.11,24.01,24.11,24.39,24.39,24.29,24.11,24.20,24.39,23.64,24.29,24.39,24.29,24.29,24.29,24.20,23.64,24.29,24.20,23.92,23.83,24.11,23.83,24.01
24.11,24.11,24.20,24.11,24.01,24.01,24.11,24.20,24.48,24.48,24.67,23.92,24.11,23.92,24.11,23.83,23.92,24.01,24.29,23.83,23.92,24.01,24.48,24.11,24.39,24.39,23.83,23.83,24.39,24.29,24.29,24.39,24.39,24.01,24.11,24.20,24.01,24.39,24.39,24.20,24.29,24.20,24.20,24.48,24.29,24.11,24.67,23.83,24.20,24.39,24.48,24.29,24.39,24.29,24.11,24.67,24.20,24.01,24.29,24.11,24.29,24.57,24.67,24.20,24.29,24.29,24.85,24.57,24.67,24.39,24.39,24.85,24.29,24.39,24.29,24.39,24.48,24.39,24.11,24.67,24.57,24.20,24.11,24.29,24.48,24.57,24.48,24.11,24.67,24.29,24.48,24.29,24.48,24.29,24.85,24.20,24.39,24.48,24.29,24.11,24.48,24.29,24.39,24.57,24.29,24.67,24.57,24.57,24.76,24.76,25.02,24.85,24.57,24.76,24.57,24.76,24.48,24.67,24.76,24.67,24.76,24.76,24.67,25.02,24.67,25.02,24.39,24.39,24.76,24.85,24.57,24.29,24.20,24.57,24.76,24.67,24.67,24.93,24.39,24.76,24.76,24.39,24.20,24.76,24.85,24.57,24.85,24.57,24.57,24.76,24.57,24.85,24.76,24.93,24.39,24.76,24.85,24.85,24.67,24.85,24.85,24.57,24.76,24.76,24.67,24.20,24.85,24.76,24.93,25.20,25.55,25.81,25.72,26.40,26.47,27.05,28.00,28.23,28.70,28.30,28.09,27.45,26.80,26.31,26.14,25.72,25.72,25.28,25.46,25.46,25.28,25.11,25.20,25.11,24.93,24.76,25.20,25.20,25.02,24.85,25.02,25.11,24.93,25.02,24.57,25.02,24.85,24.48,24.76,24.67,24.76,25.20,24.85,24.76,24.93,24.57,24.76,24.76,24.57,24.57,24.48,24.48,24.57,24.48,24.57,24.67,24.39,24.39,24.76,24.57,24.93,23.92,24.57,24.48,24.39,24.20,24.85,24.39,24.48,24.57,24.57,24.67,24.93,24.85,24.48,24.48,24.57,24.29,24.20,24.76,24.29,24.57,24.93,24.29,24.57,24.67,24.48,24.57,24.57,24.57,24.29,24.39,24.48,24.67,24.76,24.11,24.48,24.11,24.67,24.39,24.29,24.39,24.57,24.48,24.20,24.39,24.29,24.39,24.11,24.57,24.57,24.48,24.29,24.57,24.29,24.29,24.48,24.57,24.39,24.20,24.67,24.67,24.39,24.57,24.29,24.85,24.76,24.57,24.01,24.48,24.29,24.39,24.20,24.29,24.29,23.92,24.39,24.48,24.48,23.92,24.48,24.67,24.39,24.29,24.20,24.29,23.92,24.11,24.39,24.01,24.01,23.73,24.11,24.11,24.20,24.20,24.11,24.11,23.92,24.29,23.92,24.39,24.01,24.29,24.29,24.57,24.20,24.39,24.11,24.11,24.29,24.29,24.20,24.11,24.29,24.01,24.20,24.29,24.20,23.92,24.20,24.01,24.11,24.20,23.92,24.29,24.39,24.11,24.20,24.11,24.39,24.11,24.48,24.20,23.92,24.29,24.11,24.20,24.11,24.39,24.20,24.20,24.01,23.92,24.11,24.01,24.29,23.83,23.55,24.20,24.20,23.83
24.11,24.29,23.45,24.39,24.01,24.20,24.01,23.92,23.92,24.01,24.01,23.83,24.11,24.29,24.48,24.01,24.48,24.29,24.39,24.01,24.29,24.57,23.92,23.73,24.39,24.20,24.57,24.20,23.73,24.39,24.01,24.20,24.11,23.92,24.29,24.29,24.29,24.67,24.20,24.11,24.67,24.39,24.01,24.76,24.29,24.76,24.11,24.39,24.67,24.29,24.01,24.29,24.39,24.48,24.39,24.39,24.85,24.11,24.67,24.20,24.39,24.11,24.57,24.11,24.11,24.48,24.67,24.57,24.48,24.29,24.29,24.39,24.67,24.57,24.39,24.48,24.29,24.29,24.76,24.67,24.57,24.48,24.57,24.57,24.29,24.67,24.48,24.11,24.20,24.20,24.01,24.29,24.48,24.20,24.20,24.39,24.48,24.85,24.48,24.48,24.39,24.76,24.85,24.93,24.57,24.85,24.29,24.76,24.67,24.93,24.57,24.67,24.29,24.20,24.85,24.76,24.48,24.76,24.57,24.67,24.67,24.67,24.93,24.57,24.48,24.57,24.76,24.67,24.93,24.48,24.67,24.57,24.57,24.93,24.85,24.85,24.76,24.76,24.67,24.67,24.57,24.39,24.76,24.76,24.85,24.20,24.20,24.57,24.48,24.93,24.67,24.67,24.48,24.39,24.57,24.76,24.85,24.67,24.39,24.93,24.76,24.93,24.85,24.67,24.93,25.02,25.02,24.85,24.76,25.02,25.28,25.98,26.05,26.23,26.56,27.29,28.00,28.16,28.54,28.39,28.16,27.22,26.73,26.14,25.88,25.55,25.55,25.88,25.63,25.20,25.28,24.85,25.20,24.93,25.20,25.11,25.11,24.76,25.02,24.93,24.67,24.67,24.85,24.85,25.11,24.57,24.85,24.67,24.93,24.48,24.76,25.02,24.85,24.67,24.85,24.85,24.76,24.85,24.48,24.67,24.76,24.48,24.76,24.76,24.29,24.76,24.76,24.76,24.48,24.85,24.76,24.85,24.48,24.39,24.67,24.39,24.57,25.02,24.48,24.20,24.67,24.48,24.48,24.57,24.67,24.67,24.48,24.57,24.20,24.67,24.29,24.57,24.39,24.67,24.67,24.48,24.48,24.67,24.57,24.57,24.76,24.48,24.48,24.48,24.29,24.48,24.67,24.39,24.20,24.39,24.29,24.20,24.57,24.20,24.48,24.76,24.67,24.29,24.48,24.20,24.20,24.67,24.20,24.76,24.29,24.39,24.20,24.39,24.57,24.20,24.48,24.39,24.48,24.39,24.29,24.20,24.39,24.29,24.39,24.39,24.76,24.57,24.57,24.85,24.11,24.48,24.48,24.39,24.01,24.20,24.48,24.57,23.92,23.73,24.39,23.92,24.29,24.11,23.92,24.39,23.83,24.29,24.67,24.39,24.67,24.20,24.29,24.29,24.01,24.01,24.29,24.20,24.20,23.92,24.39,24.01,23.83,24.48,24.29,24.11,24.39,24.85,24.11,24.29,24.29,24.39,24.29,24.11,24.11,24.20,24.11,23.92,24.57,24.01,24.01,24.11,24.39,24.39,23.92,24.20,24.29,24.11,24.67,24.20,24.20,24.01,24.67,24.11,24.29,24.20,24.01,24.01,24.01,24.20,24.39,23.73,24.29,24.20,24.20,24.29,24.29,24.39
24.11,23.92,24.01,24.29,23.45,24.11,23.83,24.76,23.92,24.39,24.11,24.01,24.29,24.20,24.20,24.29,24.29,24.20,24.20,24.11,24.67,24.11,24.20,24.20,24.67,24.29,24.48,24.20,24.29,24.39,24.01,24.29,24.20,24.20,24.20,24.11,24.48,24.11,24.67,24.29,24.11,24.20,24.39,24.20,24.48,24.57,24.57,24.67,24.11,24.29,24.48,24.11,24.39,24.57,24.20,24.29,24.76,24.57,24.48,24.29,24.48,24.20,24.29,24.57,24.29,24.29,24.20,24.29,24.57,24.48,24.57,24.39,24.11,24.57,24.39,24.48,24.20,24.48,24.39,24.20,24.39,24.20,24.48,24.11,24.20,24.29,24.48,24.85,24.29,24.76,24.85,24.29,24.67,23.92,24.48,24.67,24.48,24.67,24.29,24.29,24.48,24.76,24.57,24.67,24.67,24.76,24.20,24.29,24.48,24.76,24.67,24.39,24.76,24.39,24.39,24.93,24.48,24.48,24.67,24.20,24.85,24.76,24.57,24.67,24.76,24.20,24.20,24.48,24.76,24.48,24.57,24.48,24.67,24.67,24.76,24.57,24.67,24.93,24.57,24.29,24.57,24.57,24.67,24.67,24.57,24.67,24.48,24.85,24.29,24.48,24.67,24.76,24.39,24.76,24.57,24.67,24.39,24.39,24.48,24.85,24.57,24.76,24.93,24.48,24.76,24.57,24.85,24.76,24.67,25.20,25.37,25.37,25.72,26.05,26.64,26.96,27.76,27.92,28.16,28.46,27.76,27.29,26.89,26.73,25.72,25.72,25.28,25.37,25.20,25.46,25.20,25.02,25.20,25.28,25.20,25.02,24.93,24.85,24.85,24.85,24.76,24.48,24.85,25.02,24.93,24.76,24.57,24.85,25.02,25.11,24.93,24.57,24.67,24.67,24.57,25.02,24.48,24.76,24.57,24.39,24.29,24.57,24.76,24.20,25.11,24.67,24.39,24.76,24.29,24.57,24.48,24.57,24.20,24.85,24.29,24.93,24.39,25.02,24.48,24.48,25.02,24.67,24.39,24.76,24.76,24.39,24.76,24.57,24.48,24.01,24.39,24.48,24.57,24.57,25.02,24.48,24.76,24.57,24.67,25.02,24.48,24.67,24.57,24.39,24.39,24.48,24.57,24.57,24.48,24.48,24.29,24.76,24.67,24.57,24.48,24.67,24.39,24.48,24.85,24.67,24.29,24.29,24.29,24.67,24.39,24.57,24.39,24.57,24.48,24.48,24.29,24.57,24.39,24.20,24.29,24.48,24.48,24.20,24.57,24.57,24.29,24.39,24.39,24.29,24.11,24.29,24.29,24.67,24.01,24.29,24.01,24.57,24.20,24.11,24.20,24.39,24.48,24.11,24.39,24.01,24.57,24.29,23.92,24.20,24.11,24.48,24.39,24.67,24.39,24.20,24.20,24.57,24.57,24.48,24.48,24.20,24.48,24.29,24.29,24.29,24.57,24.57,24.39,24.20,24.01,24.11,24.01,23.73,24.29,24.20,24.29,24.29,24.48,24.11,24.20,24.20,24.11,24.20,24.57,24.48,24.11,24.20,24.11,24.29,24.29,24.11,24.20,24.48,24.29,24.29,24.01,24.29,23.92,24.11,23.83,24.11,24.39,24.48,24.11,24.29,23.92,24.29
23.83,24.11,24.67,24.20,24.20,23.92,24.29,23.83,24.11,24.11,23.36,24.01,23.83,24.01,24.11,24.29,23.73,24.20,24.20,24.29,23.73,24.11,24.48,24.20,24.11,24.39,23.83,24.29,24.29,24.39,24.20,24.48,24.20,24.01,24.11,24.20,24.48,24.29,24.39,24.29,24.20,24.29,24.48,24.20,24.48,24.20,23.92,24.29,24.29,24.39,24.39,24.48,24.48,24.39,24.57,24.29,24.39,24.20,24.29,23.92,24.39,24.48,24.29,24.20,24.39,24.39,24.39,24.48,24.39,24.29,24.29,24.20,24.48,24.48,24.48,24.39,24.11,24.29,24.39,24.20,24.48,24.39,24.20,24.29,24.67,24.20,24.39,24.48,24.85,24.48,24.39,24.48,24.48,24.57,25.02,24.11,24.39,24.48,24.29,24.57,24.48,24.39,24.85,24.20,24.39,24.39,24.67,24.48,24.85,24.57,24.39,24.39,24.29,24.93,24.57,24.48,24.67,24.67,24.29,24.85,24.85,24.85,24.39,24.67,24.48,24.48,24.57,24.11,24.57,24.76,24.57,24.20,24.39,24.76,24.76,24.67,24.48,24.85,24.57,24.29,24.57,24.67,24.48,24.76,24.85,24.57,24.29,24.76,24.67,24.67,24.57,24.20,24.67,24.48,24.48,24.93,24.57,24.48,24.67,24.85,24.39,24.48,24.85,24.39,24.57,24.76,24.85,24.57,25.20,25.46,25.46,25.88,26.14,26.05,26.40,26.89,27.36,27.85,28.16,27.69,27.76,27.45,27.22,26.23,26.14,26.05,25.63,25.63,25.02,25.28,25.28,25.02,25.28,24.85,25.28,25.11,24.76,25.20,24.85,24.93,24.67,24.85,24.76,25.28,24.67,24.76,24.67,24.76,24.67,24.93,24.57,24.93,24.93,24.93,25.11,24.57,24.39,24.67,24.57,24.67,24.76,24.39,24.85,24.29,24.48,24.76,24.85,24.76,24.76,24.48,24.39,24.57,24.76,24.39,24.57,25.02,24.20,24.29,24.39,24.57,24.57,24.39,24.48,24.57,24.29,24.39,24.20,24.39,24.48,24.39,24.29,24.39,24.85,24.57,24.39,24.93,24.39,24.57,24.39,24.57,24.67,24.39,25.02,24.20,24.48,24.48,24.39,24.67,24.67,24.67,24.39,24.39,24.76,24.39,24.67,24.48,24.39,24.20,24.29,24.48,24.01,24.57,24.48,24.57,24.67,24.76,24.48,24.29,24.57,24.67,24.48,24.20,24.76,24.39,24.48,24.29,24.20,24.20,24.48,24.29,24.39,24.29,24.57,24.20,24.20,24.29,24.57,24.20,24.48,24.48,24.57,24.57,24.48,24.11,24.48,24.39,24.76,23.73,24.20,24.39,24.67,24.01,24.01,24.11,24.01,24.20,24.01,24.48,24.11,24.39,23.92,24.11,24.57,24.76,24.48,24.01,24.20,24.20,24.29,24.39,24.11,24.48,24.39,24.11,24.20,23.92,24.85,24.20,24.48,24.76,24.11,24.29,24.57,24.39,24.11,24.20,24.20,24.01,24.39,24.20,24.29,24.29,24.20,24.20,24.39,23.92,24.20,24.01,23.92,24.01,23.73,24.11,24.20,24.01,23.92,24.29,24.20,24.20,23.83,24.57,23.73,24.29
24.29,24.29,24.20,24.29,24.29,24.11,24.29,24.20,24.20,23.83,24.29,24.48,24.48,24.29,24.11,23.83,24.48,24.20,24.48,24.11,24.29,24.39,24.20,24.20,24.20,24.29,24.57,24.67,24.29,24.39,24.20,24.01,23.73,24.11,24.48,24.39,24.20,24.29,24.29,24.39,24.20,24.39,24.48,24.29,24.01,24.76,24.29,24.39,24.01,24.93,24.57,24.76,24.39,24.20,24.67,24.48,24.39,24.20,24.29,24.57,24.67,24.48,24.48,24.57,24.48,24.29,24.29,24.57,24.48,24.20,24.20,24.67,24.39,24.48,24.11,24.29,24.29,24.39,24.57,24.29,24.39,24.39,24.11,24.39,24.48,24.85,24.29,24.39,24.39,24.57,24.39,24.67,24.76,24.20,24.20,24.57,24.85,24.57,24.67,24.39,24.29,24.20,24.20,24.85,24.93,24.48,24.11,24.48,24.11,24.48,24.57,24.76,24.93,24.67,24.57,24.57,24.85,24.67,24.48,24.67,24.48,24.48,24.85,24.20,24.29,24.57,24.85,24.48,24.29,24.39,25.11,24.48,24.76,24.48,24.85,24.76,25.02,24.57,24.48,24.39,24.67,24.76,24.57,24.85,24.85,24.39,24.48,24.67,24.67,24.57,24.85,24.48,24.48,24.48,24.20,24.85,24.48,24.39,24.85,24.76,24.57,24.67,24.67,25.02,24.93,25.02,25.11,24.39,25.28,25.20,25.28,25.81,25.88,26.05,26.73,27.05,27.76,28.30,28.00,28.16,27.69,27.22,27.13,26.40,26.31,26.14,25.28,25.72,25.46,25.63,24.93,25.11,25.02,25.11,24.76,25.02,25.02,25.02,24.93,24.85,25.02,24.85,25.02,24.85,24.67,24.85,24.76,24.39,24.39,24.93,24.93,25.11,25.11,24.67,24.29,25.11,24.57,24.57,24.85,24.67,24.39,24.48,24.76,24.67,24.85,24.67,24.57,24.67,24.29,24.76,24.29,24.85,24.29,24.76,24.85,24.76,24.76,24.76,24.39,24.93,24.39,24.67,24.39,24.76,25.02,25.02,24.67,25.02,24.20,24.57,24.57,24.57,24.67,24.29,24.20,24.67,24.93,24.29,24.39,24.67,24.67,24.67,25.11,24.39,24.48,24.39,24.20,24.93,24.39,24.01,24.48,24.11,24.39,24.39,24.85,24.29,24.67,24.39,24.67,24.67,24.76,24.57,24.29,24.57,25.11,24.76,24.67,24.67,23.92,24.20,24.48,24.57,24.29,24.29,24.39,24.39,24.48,24.29,24.20,24.48,24.48,24.67,24.39,24.76,24.20,24.11,24.39,23.92,24.20,24.29,24.57,23.92,24.48,23.73,24.48,23.92,24.67,24.11,24.01,24.67,23.92,24.29,24.39,24.11,24.01,24.39,24.20,24.39,24.11,24.57,23.92,24.39,24.67,24.76,24.76,24.29,24.11,23.92,24.20,24.20,24.67,24.48,24.29,24.01,24.20,24.39,24.39,24.20,24.20,24.20,24.29,24.48,23.92,24.39,23.92,24.11,24.20,24.11,24.29,24.39,24.48,24.39,24.01,24.76,24.29,24.29,24.11,24.57,23.73,23.92,24.39,24.39,24.20,24.39,24.20,24.29,23.83,24.11,24.20,24.01,24.20,24.20
24.29,23.92,23.92,24.39,24.29,24.29,23.83,24.20,24.57,24.29,24.48,24.01,24.11,24.39,24.29,24.01,24.48,23.55,24.20,24.39,24.48,23.92,24.11,24.11,23.92,24.11,24.39,23.83,24.39,24.39,24.39,23.92,24.11,24.20,24.20,24.29,24.11,24.29,24.48,24.20,24.20,23.83,24.39,24.39,24.29,24.67,24.48,24.39,24.48,24.29,23.92,24.39,24.20,24.67,24.57,24.67,24.76,24.39,24.01,24.67,24.67,24.48,24.20,24.29,24.39,24.39,23.83,24.67,24.39,24.48,24.48,24.67,24.39,24.20,24.39,24.29,24.67,24.57,24.01,24.48,24.85,24.57,24.48,24.20,24.57,24.48,24.48,24.48,24.39,24.57,24.39,24.39,24.76,24.48,24.67,24.57,24.85,24.67,24.85,24.76,24.85,24.20,24.57,24.67,24.76,24.20,24.85,24.85,24.48,24.48,24.48,24.85,24.76,24.85,25.02,24.76,24.20,24.76,24.29,24.48,24.67,24.67,24.76,24.85,24.85,24.57,24.48,25.02,24.85,24.48,24.67,24.48,24.29,24.67,24.85,24.57,24.67,25.02,24.76,24.76,24.76,24.67,24.67,24.93,24.48,24.57,24.85,24.39,24.76,24.57,24.67,24.48,24.67,24.29,24.57,24.67,24.76,24.67,24.67,24.76,24.85,24.76,24.57,24.39,24.48,24.67,24.76,24.85,25.02,24.93,25.46,25.72,25.88,26.14,26.64,26.96,27.29,27.69,27.76,27.92,27.76,27.22,26.73,26.64,26.23,25.81,25.72,25.46,25.20,25.37,25.02,25.11,25.11,24.67,25.11,25.37,24.67,24.76,25.11,25.11,24.93,24.57,24.93,24.67,24.85,24.85,25.20,24.93,24.93,25.02,25.02,24.93,24.67,25.02,24.93,24.85,24.67,24.29,24.39,24.29,24.67,24.85,25.02,24.76,24.48,24.76,24.11,24.57,24.76,24.48,24.29,24.93,24.57,24.29,24.57,24.57,25.02,25.11,24.67,24.39,24.11,24.48,24.39,24.29,24.20,24.67,24.39,24.39,24.39,24.48,24.29,24.67,24.48,24.85,24.67,24.48,24.57,24.39,24.76,24.67,24.48,24.48,24.57,24.76,24.39,24.48,24.67,24.48,24.48,24.48,24.57,24.29,24.48,24.57,24.20,24.57,24.29,24.48,24.76,24.67,24.20,24.67,24.48,24.39,24.57,24.57,24.57,24.29,24.48,24.20,24.39,24.39,24.57,24.39,24.39,24.48,24.11,23.92,24.29,24.11,24.20,24.57,24.20,24.39,24.20,24.39,24.39,24.39,24.48,24.57,24.01,24.39,24.39,24.29,24.20,24.20,24.29,24.39,24.29,24.39,24.01,24.01,24.20,23.92,24.29,24.57,24.29,24.48,24.20,24.29,23.92,24.20,24.39,24.11,24.11,24.20,24.11,24.67,23.92,24.67,24.20,24.29,23.92,24.29,24.57,24.11,24.20,24.01,23.83,24.29,24.29,23.73,24.29,24.01,24.01,24.29,24.01,24.29,24.20,24.29,24.11,24.11,24.11,24.20,24.67,24.20,24.29,24.20,24.11,23.92,24.67,23.92,24.11,24.20,24.29,24.20,23.36,24.01,23.92,24.11,24.39,23.92
24.01,23.92,24.20,23.83,24.11,24.01,23.83,24.20,24.01,24.01,24.20,24.11,24.20,24.20,24.01,24.11,23.92,24.01,24.57,24.67,24.11,24.29,24.48,24.20,23.92,24.48,24.20,24.39,24.85,24.48,24.11,24.85,24.48,24.20,23.83,24.29,24.11,24.39,24.29,24.39,24.48,24.29,24.29,24.01,24.67,24.01,24.48,24.11,24.39,23.83,24.39,24.39,24.48,24.48,24.39,24.57,24.11,24.48,24.39,24.39,24.20,24.76,24.57,23.73,24.29,24.39,24.11,24.48,24.39,24.20,24.39,24.20,24.57,24.20,24.39,24.29,24.57,24.39,24.39,24.39,24.39,24.39,24.29,24.76,24.20,24.76,24.39,24.20,24.48,24.39,24.48,24.48,24.20,24.67,24.93,24.20,24.67,24.76,24.48,24.39,24.57,24.48,24.29,25.20,24.20,24.76,24.76,24.67,24.93,25.02,24.11,24.85,24.57,24.48,24.76,24.20,25.02,24.76,24.39,24.48,24.85,24.57,24.29,24.76,24.67,25.02,24.48,24.39,24.76,24.39,24.67,24.67,24.57,24.76,24.85,24.85,25.02,24.20,24.48,24.67,24.48,24.48,24.29,24.76,24.67,24.57,24.85,24.76,24.67,24.57,25.02,24.67,24.93,24.85,24.29,24.76,24.76,24.29,24.67,24.39,24.48,25.02,24.29,24.57,24.57,24.85,24.67,24.67,24.85,25.02,25.46,25.72,26.05,26.05,26.73,26.80,27.29,27.45,27.69,27.85,27.53,26.73,27.05,26.56,26.14,26.23,25.88,25.72,25.20,25.28,25.37,24.85,25.02,25.11,25.11,25.11,24.93,25.02,24.76,25.02,25.28,24.93,24.85,24.85,25.02,24.85,24.85,24.67,24.76,24.67,25.11,24.76,24.93,25.02,25.02,24.48,24.20,24.39,25.11,24.57,24.39,24.57,24.48,24.85,24.57,24.57,23.92,24.67,24.57,24.57,24.39,24.29,24.67,24.11,24.29,24.67,24.48,24.85,24.48,24.48,24.57,24.29,24.20,24.85,24.29,24.11,24.57,24.85,24.48,24.67,24.39,24.85,24.48,24.39,24.76,24.20,24.29,23.73,24.29,24.85,24.29,24.39,24.20,24.85,24.29,24.48,24.29,24.57,25.02,24.39,24.29,25.02,24.67,24.57,24.48,24.48,24.39,24.29,24.48,24.29,24.39,24.39,24.67,24.29,24.67,24.48,24.39,24.76,24.29,24.57,24.39,24.57,24.29,24.20,24.29,24.57,24.48,24.01,24.01,24.39,24.29,24.39,24.57,24.20,23.83,24.67,24.39,24.39,24.11,24.20,24.29,24.11,24.29,24.20,24.01,24.20,24.67,24.67,24.20,24.57,24.20,23.92,24.20,24.29,24.48,24.76,24.48,24.29,24.20,24.39,24.67,24.67,24.11,24.67,24.48,24.76,24.39,24.76,25.02,23.92,23.92,23.83,24.39,24.29,24.20,24.11,24.39,24.67,24.67,24.11,24.39,24.48,24.20,24.20,24.01,24.11,24.48,23.92,24.11,24.48,24.39,24.48,24.29,24.01,24.20,24.11,24.39,24.29,24.11,24.20,24.48,23.73,23.92,24.39,24.48,24.20,24.01,24.48,24.20,23.92,24.11,24.20
24.01,24.01,24.20,23.92,24.01,23.83,24.20,24.11,24.11,23.92,24.20,24.01,23.92,23.92,24.20,24.29,24.29,24.20,24.01,24.29,24.20,24.29,24.20,24.29,24.11,23.73,24.20,24.20,23.83,24.20,24.11,24.39,24.39,24.01,24.48,24.20,23.83,24.20,24.29,24.20,24.01,24.29,24.29,24.48,24.76,24.11,24.29,24.39,24.29,24.57,24.39,24.29,24.39,24.01,24.39,24.48,24.57,24.48,24.48,24.57,24.29,24.48,24.67,24.20,24.39,24.20,24.39,24.48,24.48,24.39,24.57,24.39,24.39,24.29,24.29,24.29,24.48,24.67,24.48,24.67,24.48,24.48,24.57,24.39,24.48,24.57,24.29,24.67,24.29,24.39,24.93,24.39,24.76,24.48,24.76,24.76,24.85,24.29,24.76,24.20,25.02,24.67,24.67,24.57,24.67,24.85,24.67,24.76,24.57,25.11,24.39,25.02,24.57,24.39,25.02,24.67,24.93,24.57,24.29,24.85,24.76,24.48,24.39,24.85,24.29,24.67,24.67,24.67,24.67,24.48,24.39,24.39,24.48,24.39,24.85,24.11,24.76,24.85,24.76,24.93,24.57,24.48,24.76,24.93,25.11,24.67,24.48,24.57,24.57,25.02,24.85,24.85,24.85,24.57,24.48,24.48,24.20,24.01,25.20,24.67,24.93,24.76,24.85,24.57,25.02,24.57,24.85,24.39,24.76,25.02,25.46,25.37,25.81,25.81,26.23,26.80,27.13,27.36,27.62,27.53,27.13,27.22,26.89,26.31,26.05,25.63,25.72,25.63,25.11,25.55,25.20,25.20,25.02,25.55,25.28,24.93,24.48,24.93,24.76,24.93,24.85,24.76,24.20,25.11,25.02,24.93,25.11,24.29,24.76,24.57,24.76,25.28,24.39,24.67,24.57,24.93,24.67,24.76,24.39,24.29,25.02,24.39,24.67,24.57,24.76,24.93,24.48,24.29,24.67,25.11,24.76,24.67,25.11,24.39,24.57,24.20,24.57,24.11,24.20,24.67,24.57,24.85,24.48,24.57,24.57,24.76,24.20,24.29,24.48,24.48,24.48,24.76,24.76,24.20,24.01,24.48,24.48,24.57,24.93,24.29,24.67,24.39,24.67,24.39,24.57,24.39,24.67,24.67,24.57,24.57,24.57,24.57,24.39,24.29,24.48,24.67,24.67,24.57,24.20,25.02,24.29,24.39,24.29,24.39,24.67,24.67,24.48,24.48,24.48,24.67,24.20,24.48,24.29,24.67,24.76,24.20,24.48,24.67,24.39,24.57,24.20,24.48,23.83,24.57,24.29,23.92,24.48,24.39,24.39,24.29,24.29,24.48,24.20,24.57,24.01,24.76,24.29,24.11,24.48,24.20,24.57,24.11,24.20,24.01,24.29,24.29,24.48,24.57,24.20,24.76,24.29,24.39,24.39,24.11,24.20,24.57,24.29,24.20,24.29,24.48,24.39,24.20,24.20,24.20,24.11,24.48,24.29,24.48,24.20,24.20,24.48,24.29,24.76,24.29,24.20,24.29,24.39,24.11,24.39,24.20,24.11,24.11,24.57,24.39,24.01,24.39,24.11,24.11,23.92,24.29,24.20,24.01,24.29,24.20,24.20,24.11,24.29,24.11,24.01,24.20,24.29,24.39
24.20,24.48,24.20,24.29,24.29,23.92,23.92,24.01,23.83,24.20,24.39,23.92,24.29,24.29,24.39,24.01,24.29,24.39,23.92,24.76,23.92,24.48,23.83,24.20,24.39,24.11,24.67,24.29,24.11,24.20,24.39,24.57,24.57,24.20,24.29,24.01,23.83,24.11,24.29,24.29,24.67,24.20,24.48,24.85,24.39,24.48,24.67,24.20,24.39,24.29,24.29,24.57,24.29,24.29,23.92,24.67,24.57,24.39,24.39,24.85,24.39,24.39,24.57,24.29,24.39,24.29,24.20,24.39,24.39,24.48,24.67,24.29,24.85,24.67,24.48,24.93,24.39,24.57,24.57,24.29,24.76,24.20,24.67,24.39,24.76,24.67,24.20,24.67,24.93,24.29,24.48,24.29,24.20,24.57,24.39,24.57,24.85,24.85,24.48,24.76,24.48,24.85,24.48,24.48,24.39,24.76,24.39,24.57,24.93,24.11,24.29,24.39,24.57,24.29,24.48,24.29,24.67,24.93,24.67,24.76,24.57,24.57,24.67,24.57,24.48,24.48,24.11,24.85,24.48,24.39,24.57,24.48,24.48,24.76,24.29,24.67,24.67,24.01,24.76,24.67,24.67,24.39,24.57,24.57,24.67,24.20,24.67,24.29,24.57,24.76,24.29,24.29,24.57,24.29,24.76,24.76,24.57,24.67,24.57,24.85,24.85,24.67,24.57,24.76,24.76,24.67,24.93,24.85,25.02,24.85,25.28,25.72,26.05,26.05,26.56,26.64,27.13,27.76,27.36,27.29,27.45,26.96,26.80,26.56,26.64,26.05,25.72,25.46,25.37,25.46,25.37,25.02,25.20,25.11,25.28,24.93,24.85,25.28,24.67,24.57,25.11,24.93,24.67,24.76,24.67,24.67,24.85,24.93,24.93,24.67,24.76,24.93,24.67,24.85,24.85,24.67,24.39,24.57,24.39,24.48,24.76,24.57,24.85,24.85,24.67,24.93,24.57,25.02,25.11,24.39,24.57,24.57,24.57,24.39,24.57,24.85,24.48,24.48,24.93,24.39,24.29,24.29,24.48,24.93,24.29,24.67,24.39,24.39,24.39,24.57,24.48,25.02,24.57,24.67,24.67,24.29,24.20,24.48,25.02,24.29,24.48,24.57,24.57,24.67,24.48,24.57,24.29,24.93,24.67,24.76,24.48,24.57,24.57,24.67,24.29,24.76,24.39,24.48,24.85,24.67,24.20,24.76,24.39,24.48,24.67,24.29,24.48,24.48,24.57,24.67,24.29,24.20,24.57,24.39,24.20,24.67,24.48,24.39,24.48,24.20,24.29,24.20,24.48,24.48,23.92,24.20,24.29,24.57,24.39,24.76,24.48,24.20,24.11,24.20,24.20,24.11,24.39,24.20,24.57,24.01,24.29,24.20,24.57,24.39,24.29,24.39,24.11,24.39,24.01,24.01,24.67,24.48,24.11,24.67,24.20,24.39,24.29,24.11,23.92,24.20,24.11,23.92,24.01,23.73,24.67,23.92,24.39,23.92,24.39,24.20,24.48,24.11,24.01,24.11,24.29,24.11,24.01,24.29,24.20,24.20,23.64,24.29,24.11,23.92,23.92,24.48,24.20,24.20,24.20,23.83,24.29,24.29,24.01,24.01,23.83,23.92,24.20,24.20,23.73,24.48,23.83,23.73
23.64,24.48,24.11,24.29,24.20,24.29,24.11,24.20,24.29,24.48,23.83,24.39,24.20,24.39,24.20,24.20,24.01,24.20,23.64,24.29,24.39,24.48,24.01,24.39,24.20,24.20,24.39,24.11,24.20,23.92,24.48,24.39,24.29,24.20,24.20,24.29,24.48,24.20,24.76,24.20,24.57,24.48,24.11,24.85,24.57,24.39,24.20,24.11,24.39,23.92,24.29,24.11,24.93,24.39,24.67,24.48,24.39,24.48,24.57,24.57,24.48,24.20,24.39,24.20,24.39,24.85,24.29,24.57,24.67,24.39,24.57,24.39,24.39,24.39,24.76,24.39,24.20,24.48,24.39,24.39,24.39,24.39,24.11,24.20,25.02,24.57,24.57,24.29,24.85,24.57,24.67,24.20,24.76,24.57,24.76,24.85,24.76,24.48,24.93,24.57,24.29,24.39,24.67,24.48,24.67,24.67,24.57,24.39,24.67,24.48,24.01,24.57,24.39,24.85,24.85,24.20,24.76,24.20,24.76,24.67,24.48,24.76,24.85,24.57,24.39,24.48,24.29,24.11,24.57,24.57,24.67,24.57,24.57,24.76,24.85,24.57,24.57,24.67,24.48,24.48,24.57,24.67,24.76,24.39,25.02,24.85,24.20,24.57,24.57,24.39,24.39,24.48,24.48,24.57,24.93,24.48,24.85,24.76,24.39,24.67,24.67,24.85,24.48,24.85,24.76,24.57,24.57,24.57,24.29,25.28,25.63,25.81,25.98,26.05,26.05,26.73,26.96,27.36,26.96,27.29,27.36,27.36,26.64,26.64,26.31,26.14,25.20,25.55,25.37,24.85,25.11,24.85,25.11,25.55,25.02,24.85,24.85,24.93,24.57,24.85,25.02,25.02,24.93,25.02,24.85,24.67,24.85,24.57,24.76,24.85,24.67,24.57,24.85,24.76,24.85,24.76,24.57,24.67,24.48,24.67,24.76,24.85,25.11,24.48,24.76,24.29,24.48,24.67,24.48,24.67,24.93,24.57,24.76,24.85,24.20,24.48,24.67,24.39,24.85,24.76,24.85,24.57,24.85,24.11,24.48,24.76,24.57,24.48,24.57,24.39,24.39,24.57,24.39,24.39,24.67,24.85,24.29,24.29,24.39,24.67,24.67,24.20,24.57,24.67,24.76,24.48,24.20,24.48,24.48,24.29,24.29,24.48,24.39,24.39,24.57,24.29,24.57,24.57,24.48,24.67,24.57,24.57,24.76,24.48,24.57,24.67,24.67,24.29,24.57,24.39,24.48,24.57,24.39,24.48,24.76,24.48,24.29,24.39,24.76,24.11,24.39,24.29,24.20,24.39,24.39,24.11,24.67,24.48,24.39,24.67,24.57,24.20,24.48,24.11,24.67,24.48,24.29,24.67,24.48,24.57,24.57,24.20,24.01,24.39,24.29,24.11,24.39,24.39,24.29,24.29,24.67,24.67,24.11,24.29,24.29,24.57,23.83,24.29,24.11,24.11,24.29,24.48,24.57,24.39,24.20,24.57,24.29,24.20,24.11,24.29,24.29,24.57,24.29,24.20,24.01,24.11,24.29,24.20,24.57,24.11,24.20,24.48,24.39,24.48,24.20,24.39,24.39,24.39,23.83,23.64,24.48,24.01,24.57,24.01,24.29,24.11,24.11,24.29,24.20,23.83,23.92,24.01
24.39,23.73,23.92,24.29,23.73,24.11,23.92,23.73,24.11,23.83,23.92,23.92,24.39,23.92,24.01,23.83,24.11,23.73,24.48,24.11,23.92,23.73,24.11,24.39,24.01,24.11,24.20,24.20,24.11,24.39,24.39,24.39,24.11,24.11,24.39,24.01,24.57,24.20,24.39,24.20,24.20,24.39,24.39,24.48,24.48,24.01,24.39,24.29,24.29,24.29,24.29,24.67,24.20,24.29,24.29,24.11,24.29,24.01,23.92,24.39,23.92,24.57,24.11,24.20,24.48,24.11,24.39,24.39,24.48,24.48,24.57,24.57,24.48,24.39,24.29,24.48,24.48,24.48,24.39,24.67,24.48,24.29,24.39,24.39,24.39,24.67,24.57,24.39,24.67,24.85,24.57,24.39,24.48,24.76,24.57,24.11,24.39,24.29,24.20,24.29,24.85,24.39,24.57,24.85,24.39,24.57,24.76,24.57,24.57,24.57,24.67,24.57,24.39,24.39,24.20,24.57,24.76,24.76,24.85,24.39,24.29,24.57,24.48,24.85,24.57,24.93,24.67,24.76,24.39,24.76,24.48,24.67,24.48,24.57,24.67,24.76,24.48,24.48,24.85,24.93,24.67,24.48,24.39,24.11,24.76,24.57,24.48,24.29,24.48,24.57,24.48,24.39,24.76,24.20,24.39,24.39,24.48,24.48,25.02,24.57,24.57,24.67,24.93,24.67,24.57,24.57,24.48,24.57,25.11,25.02,25.37,25.81,25.63,26.05,26.14,26.14,26.89,27.22,27.05,26.96,27.22,27.36,26.40,26.40,26.47,26.23,25.98,25.46,25.46,25.63,25.20,24.57,24.93,25.11,25.02,24.93,25.11,24.76,24.67,25.02,24.76,24.93,24.85,25.28,24.93,24.85,24.48,24.29,25.11,24.76,24.76,24.76,24.85,24.76,24.48,24.01,24.85,24.29,24.57,24.67,24.76,24.93,24.67,24.67,24.39,24.76,24.67,24.57,24.39,24.93,24.39,24.39,24.57,24.67,24.39,24.20,24.57,24.11,24.76,24.57,24.85,24.93,24.48,24.39,24.48,24.76,24.29,24.48,24.93,24.20,24.39,24.29,24.39,24.20,24.57,24.48,24.29,25.02,24.85,24.57,24.67,24.48,24.57,24.48,24.67,24.93,24.39,24.67,24.93,24.67,24.76,24.48,24.39,24.39,24.29,24.48,24.48,24.67,24.39,24.48,25.02,24.67,24.67,24.76,24.57,24.48,24.20,24.57,24.39,24.48,24.39,24.39,24.48,24.67,24.48,24.11,24.67,24.39,24.01,24.39,24.20,24.39,24.20,24.11,24.39,24.29,24.57,23.83,24.01,24.67,24.29,24.11,23.92,24.11,24.29,24.48,24.67,24.39,24.57,24.39,24.01,24.01,24.01,24.01,24.20,24.11,24.11,24.11,24.29,24.39,23.83,24.20,23.83,24.29,24.01,24.76,24.67,24.20,24.20,24.01,24.29,24.48,24.57,24.29,24.29,24.39,24.20,24.48,23.73,24.48,23.83,24.20,24.20,24.01,23.64,24.11,24.11,23.92,24.67,23.92,24.20,24.29,24.39,24.20,23.64,24.29,24.20,24.11,24.29,24.20,24.29,24.11,24.20,24.11,24.20,24.11,24.39,24.01,23.92,24.01,24.20,24.20
24.11,23.92,24.11,24.11,24.01,23.92,23.73,24.20,24.20,24.01,24.20,24.57,24.39,23.92,23.73,24.11,24.20,24.29,24.29,24.11,23.73,24.67,24.39,24.39,24.20,23.92,24.11,24.20,24.29,24.29,23.64,24.39,24.20,24.29,24.48,24.20,24.29,24.20,24.57,24.48,24.57,24.29,24.39,24.39,24.01,24.29,24.39,24.20,24.20,24.20,24.29,24.29,24.57,24.48,24.39,24.39,24.57,24.39,24.57,24.11,24.57,24.67,24.48,24.76,24.57,24.85,24.67,24.57,24.76,24.48,24.39,24.48,24.39,24.39,24.67,24.48,24.57,24.39,24.67,24.48,24.57,24.67,24.67,24.48,24.48,24.76,24.57,24.29,24.76,24.67,24.85,24.67,24.48,24.29,24.76,24.76,24.76,24.57,24.76,24.57,24.76,24.29,24.76,24.85,24.67,24.11,24.93,24.57,24.29,24.57,24.48,24.93,24.57,24.76,24.20,24.67,24.57,24.67,24.29,24.67,24.57,24.67,24.57,24.29,24.57,24.67,24.67,24.29,24.85,24.76,24.76,24.67,24.39,24.48,24.39,24.57,25.02,24.48,24.29,24.93,24.48,24.76,24.93,24.39,24.29,24.76,24.76,24.48,24.85,24.67,24.48,24.76,24.57,24.11,24.57,24.93,24.57,25.02,24.57,24.39,24.85,24.67,24.57,24.29,24.39,24.57,24.48,24.76,24.67,24.76,25.72,25.88,25.37,25.63,26.23,26.05,26.23,27.05,27.22,27.13,26.96,26.80,26.73,26.47,26.23,25.55,25.28,25.98,25.63,25.37,25.20,25.02,25.20,25.02,24.93,24.67,25.11,25.20,24.93,24.67,24.57,24.85,24.67,24.67,24.93,24.76,24.85,24.76,24.20,25.28,24.93,24.67,24.93,24.85,24.93,25.11,24.67,24.76,24.48,24.76,24.67,24.76,24.57,24.39,24.85,24.11,24.48,24.67,24.29,24.57,24.76,24.85,24.48,24.20,24.01,24.39,24.93,24.67,24.57,24.76,24.20,24.48,24.48,24.39,24.01,24.76,24.20,24.39,24.85,24.76,24.67,24.67,24.76,24.29,24.11,24.48,24.20,24.76,24.67,24.93,24.39,24.29,24.48,25.02,24.67,24.93,24.39,24.48,24.67,24.29,24.57,24.39,24.48,24.39,24.76,24.48,24.39,24.20,23.92,24.39,24.20,24.11,24.67,24.39,24.48,24.39,25.02,24.29,24.39,24.76,24.01,24.39,24.20,24.76,24.48,24.39,24.29,24.29,24.67,24.20,24.11,24.20,24.39,24.29,24.39,23.73,24.39,24.67,24.39,24.39,24.20,24.29,24.20,24.29,24.48,24.01,24.20,24.67,24.48,24.57,24.29,24.48,23.92,24.57,24.20,24.20,24.11,24.11,24.67,24.11,24.20,24.20,24.57,24.29,24.39,24.11,24.20,23.83,24.48,23.73,23.92,24.11,24.01,24.48,24.29,24.11,24.29,24.76,24.11,24.57,24.20,24.01,24.39,24.11,24.11,24.20,24.57,24.01,24.11,24.39,24.29,24.39,24.20,24.20,24.11,23.83,24.48,24.29,24.29,24.20,24.01,24.29,24.11,24.20,24.29,24.11,24.01,24.11,24.20,24.48,24.11,24.11
24.11,23.73,24.01,23.83,24.20,24.20,24.01,24.01,24.20,24.48,24.11,24.39,24.01,23.83,24.39,24.11,24.39,24.01,23.92,24.48,24.11,24.48,24.39,24.85,24.29,24.39,24.29,24.20,24.48,24.20,24.20,24.29,24.39,24.57,24.11,24.29,24.48,24.57,24.11,24.29,24.57,24.29,24.39,24.48,24.29,24.11,24.29,24.11,24.48,24.76,24.57,23.83,24.20,24.57,24.20,24.29,24.48,24.29,24.29,24.29,24.39,24.48,24.48,24.20,23.92,24.39,24.57,24.39,24.11,24.48,24.48,24.67,24.01,24.29,24.76,24.20,24.48,24.20,24.93,24.76,24.85,24.48,24.01,24.20,24.57,24.85,24.57,24.76,24.76,24.20,24.67,24.48,24.39,24.57,24.39,24.48,24.76,24.11,24.57,25.02,24.67,24.29,24.57,24.57,23.92,24.57,24.48,24.67,24.20,24.57,24.85,24.76,24.76,24.48,24.39,24.11,24.48,24.29,24.76,24.48,24.48,24.57,24.39,24.93,24.48,24.57,24.48,24.67,24.76,24.11,24.76,24.20,24.76,24.39,24.57,24.67,24.39,24.76,24.67,24.57,24.67,24.48,24.39,24.67,24.85,24.57,24.29,24.85,24.39,24.48,24.67,24.39,24.85,24.57,24.67,24.57,24.57,24.39,24.85,24.48,24.76,24.29,25.11,24.76,24.85,24.85,24.67,24.57,24.76,25.28,25.46,25.46,25.81,25.81,26.47,26.73,26.80,27.05,27.29,26.96,27.29,26.73,26.89,26.40,26.14,26.14,25.63,25.72,25.11,25.72,25.55,25.28,25.46,25.02,25.20,24.93,25.20,24.93,25.11,24.93,24.93,25.02,25.28,24.67,24.67,24.93,24.57,24.93,25.02,24.85,24.57,24.93,25.02,24.67,24.67,24.85,24.67,24.67,24.29,24.67,24.11,24.76,24.48,24.48,24.85,24.67,24.29,24.29,24.29,24.67,24.67,24.76,24.67,24.39,24.48,24.48,24.48,24.20,25.11,24.48,24.76,24.85,24.48,24.20,24.20,24.39,24.39,24.76,24.20,24.39,24.76,24.76,24.76,24.48,24.39,24.57,24.57,24.67,24.11,24.48,24.76,24.29,24.48,24.11,24.57,24.29,24.20,24.76,24.57,24.93,24.39,24.67,24.67,24.39,24.39,24.76,24.57,24.20,24.76,24.57,24.67,24.11,24.57,24.67,24.48,24.29,24.39,24.67,24.48,24.29,24.57,24.85,24.67,24.20,24.48,24.57,24.48,24.39,24.39,24.57,24.39,24.01,24.48,24.39,24.29,24.20,24.67,24.29,24.76,24.57,24.29,24.20,24.11,24.39,24.29,24.76,24.48,24.39,24.39,24.39,24.76,24.67,24.11,24.11,24.57,23.73,23.92,24.57,24.01,24.85,24.29,24.11,24.11,23.92,23.83,24.39,24.20,24.01,24.57,24.39,24.29,24.01,24.20,24.39,24.39,24.11,24.11,24.20,23.92,24.29,24.67,24.67,24.57,24.29,24.48,24.48,24.57,24.20,24.11,24.57,24.20,24.01,24.76,24.01,24.20,24.76,24.20,23.83,23.92,24.29,24.20,23.92,24.29,24.11,24.29,24.20,24.48,24.11,24.11,23.92,24.29,24.11
23.83,24.48,23.92,23.92,23.83,23.92,24.11,24.20,24.20,24.48,24.01,24.57,24.29,24.20,24.39,23.83,24.29,24.39,23.73,24.57,24.11,24.11,24.11,24.11,23.73,24.48,24.11,24.29,24.01,24.29,24.11,24.29,24.39,24.11,24.57,24.20,24.29,24.48,24.48,24.11,23.83,24.67,24.29,24.39,23.92,24.29,24.20,24.48,24.76,24.39,24.29,24.29,23.92,24.29,24.48,24.67,24.39,24.48,24.57,23.92,24.29,24.20,24.39,24.67,24.39,24.48,24.48,24.20,24.76,24.01,24.48,24.29,24.11,24.57,25.11,24.29,24.29,24.39,24.57,24.39,24.67,24.39,24.57,24.39,24.57,24.76,24.57,24.48,24.29,24.67,24.76,24.39,24.20,24.57,24.67,24.11,24.57,24.76,24.57,24.76,24.20,24.67,24.29,24.76,24.67,24.39,24.20,24.67,24.48,24.48,24.85,24.57,24.67,24.48,24.20,24.67,24.76,24.48,24.67,24.20,24.57,24.67,24.29,24.39,24.48,25.11,24.48,24.39,24.93,24.67,24.57,24.48,24.48,24.76,24.76,24.57,24.48,24.93,24.48,24.57,24.67,25.02,24.48,24.76,24.48,24.67,24.85,24.67,24.93,24.67,24.57,24.39,24.48,24.76,24.48,24.29,24.48,24.39,24.67,24.85,24.67,24.93,24.76,24.67,24.57,24.93,24.57,24.85,24.57,25.11,25.20,25.46,25.55,25.88,26.05,26.23,26.47,26.96,26.89,26.80,27.13,27.22,26.47,26.23,26.14,26.14,25.72,25.72,25.28,25.46,25.28,24.93,25.20,24.67,24.93,24.93,25.28,25.02,24.85,24.93,24.76,24.85,25.02,24.93,24.76,24.85,24.76,24.67,25.02,24.67,24.57,24.76,24.48,24.93,24.76,24.29,24.76,25.20,24.76,24.76,24.20,24.57,24.76,24.85,24.67,25.02,24.48,24.57,24.57,25.11,24.48,24.93,24.11,24.67,24.48,24.57,24.48,24.29,24.39,24.67,24.76,24.57,25.02,24.29,24.39,24.85,24.57,24.57,24.48,24.57,24.48,24.39,24.20,24.48,24.48,24.48,24.20,24.85,24.57,24.01,24.57,24.48,24.76,24.67,24.20,24.39,24.57,24.48,24.57,24.39,24.39,24.57,24.48,24.76,24.57,24.57,24.85,24.85,24.48,24.29,24.57,24.85,24.85,24.57,24.39,24.48,24.20,24.93,24.48,24.48,24.48,24.29,24.01,24.48,24.39,24.57,23.92,24.20,24.39,24.48,24.39,24.39,24.01,24.76,24.20,24.29,24.29,24.39,24.01,24.48,24.39,24.11,24.57,24.57,24.39,24.67,24.29,24.48,24.48,24.20,24.11,23.83,24.11,24.01,23.83,24.39,24.29,24.48,24.48,24.11,24.39,24.01,24.11,24.76,24.39,24.20,24.20,24.20,24.57,24.11,24.29,24.20,24.57,24.01,24.48,24.39,24.39,24.01,24.11,24.01,24.39,24.57,24.29,24.11,24.29,23.92,24.11,24.39,24.11,24.01,24.20,24.01,24.48,24.20,24.39,24.20,24.20,23.55,24.20,24.20,24.39,24.48,24.11,24.39,24.01,24.20,24.01,24.20,24.29,24.39,23.73,24.01
23.64,24.01,23.92,23.92,23.92,24.39,24.11,24.11,24.39,24.29,24.01,23.83,24.57,24.01,24.11,24.11,24.20,24.48,24.20,24.39,24.39,23.92,24.01,24.29,24.39,24.39,24.29,24.57,24.01,24.48,24.29,24.29,24.11,24.39,24.29,24.57,24.29,24.29,24.57,24.11,24.39,24.11,24.39,24.20,24.01,23.92,24.76,24.39,24.39,24.29,24.67,24.57,24.39,24.48,24.01,24.29,24.57,23.92,24.57,24.29,24.29,24.76,24.57,24.39,24.48,24.48,24.67,24.48,24.57,24.57,24.20,24.57,24.93,24.39,23.92,24.11,24.29,24.48,24.29,24.76,24.67,24.57,24.48,24.48,24.39,24.67,24.20,24.48,24.39,24.76,24.20,24.48,24.20,24.39,24.57,24.67,24.20,24.29,24.48,24.29,24.57,24.67,24.01,24.57,24.67,24.57,24.29,24.29,24.76,25.02,24.29,24.48,24.76,24.20,24.11,24.48,24.39,24.67,24.57,24.57,24.57,24.85,24.85,24.48,24.57,24.57,24.39,24.29,24.48,24.29,24.76,24.57,24.39,24.57,24.39,24.93,24.57,24.57,24.76,24.67,24.48,24.67,24.48,24.57,24.76,24.67,24.48,24.76,24.76,24.39,24.67,24.29,24.76,24.76,24.57,24.57,24.85,24.39,24.57,24.57,24.76,24.57,24.57,24.57,24.29,24.67,24.48,24.48,24.76,24.93,25.28,25.46,26.05,25.55,25.98,26.56,26.64,26.80,26.80,27.22,26.89,26.96,26.56,26.47,26.05,25.88,25.72,25.88,25.72,25.63,25.02,25.46,25.02,25.28,25.11,24.93,25.20,24.93,25.02,24.76,25.11,24.67,25.02,25.02,24.67,24.57,24.76,24.39,24.48,24.67,24.76,25.11,24.48,24.67,24.85,24.85,24.76,24.67,24.67,24.85,24.29,24.85,24.29,24.67,24.39,24.48,24.93,24.29,24.20,24.67,24.67,24.67,24.57,24.39,24.85,24.67,24.76,24.39,24.85,24.48,24.20,24.48,24.76,24.29,24.67,24.39,24.67,24.76,24.57,24.39,24.48,24.57,24.48,24.39,24.48,24.39,24.57,24.29,24.48,24.39,24.93,24.39,24.57,24.29,24.20,24.93,24.20,24.57,24.57,24.57,24.48,24.48,24.39,24.01,24.57,24.85,24.76,24.29,24.39,24.11,24.20,24.39,24.48,24.48,24.39,24.20,24.48,24.29,24.48,24.39,24.29,24.39,24.48,24.48,24.48,24.20,24.11,24.48,24.48,24.29,24.39,24.67,24.57,24.29,24.29,24.29,24.39,24.20,24.29,24.29,24.29,23.92,24.29,24.20,24.20,24.29,24.67,24.39,23.73,24.20,24.11,24.29,24.48,24.20,24.39,24.57,24.48,24.11,24.48,24.29,24.20,23.92,23.83,24.29,24.48,24.11,24.48,24.20,24.11,24.76,24.39,23.92,24.01,24.39,24.29,24.01,24.29,24.20,24.20,24.29,24.11,24.20,24.48,24.20,24.11,23.92,24.01,24.29,24.20,24.01,24.20,24.01,23.92,24.57,24.29,24.39,24.20,24.20,24.11,24.29,24.11,24.29,23.92,24.20,24.11,24.01,23.64,24.01,24.20,23.64,24.11,24.29
24.11,24.39,23.73,24.01,24.11,24.20,23.92,23.92,24.01,24.29,24.20,24.11,24.29,23.92,24.29,23.83,24.57,23.92,24.39,23.83,23.55,23.92,24.01,24.11,24.48,24.01,24.20,24.11,24.48,24.11,24.20,24.11,24.57,24.29,24.39,24.20,24.11,24.39,24.20,24.85,23.83,23.92,24.11,24.29,24.39,23.92,24.39,24.48,24.39,24.11,24.39,24.39,24.29,24.48,24.29,24.67,24.29,23.92,24.48,24.48,24.48,24.20,24.39,23.92,24.29,24.57,23.83,24.48,24.57,24.57,24.48,24.20,24.39,24.48,24.57,24.48,24.48,24.48,24.39,24.85,24.67,24.57,24.39,24.48,24.48,24.48,24.76,24.85,24.48,24.48,24.20,24.57,25.02,24.29,24.20,24.11,24.57,24.57,24.76,24.57,24.57,24.85,24.85,24.29,24.48,24.39,24.20,24.20,24.76,24.76,24.48,24.57,24.67,24.20,24.93,24.76,24.48,24.85,24.57,24.39,24.76,24.76,24.57,24.93,24.20,24.85,24.67,24.76,24.67,24.11,24.48,24.67,24.39,24.29,24.67,24.85,24.39,24.57,24.48,24.57,24.20,24.39,24.57,24.48,24.57,24.48,24.48,24.67,24.57,24.67,24.85,24.76,24.67,24.48,24.48,24.57,24.48,24.57,24.48,24.76,24.39,24.57,24.48,24.76,24.67,24.67,24.76,24.20,24.48,25.11,25.11,25.63,25.46,25.81,25.63,26.73,26.23,27.22,26.96,27.05,27.05,26.64,26.64,26.14,26.14,26.05,25.88,26.14,25.63,25.37,25.28,25.11,25.63,25.28,24.93,25.02,24.93,24.93,24.85,24.93,24.67,24.85,24.67,24.76,25.11,24.85,24.93,24.67,24.67,24.85,25.02,24.76,24.85,24.85,25.02,25.02,24.39,24.76,24.57,24.20,24.85,24.93,24.29,24.20,24.29,24.29,24.67,24.76,24.85,24.57,24.76,24.29,24.67,24.85,24.57,24.85,24.67,24.76,24.67,24.48,24.85,24.48,24.39,24.39,24.39,24.57,24.48,24.93,24.20,24.67,24.76,24.39,24.57,24.48,24.67,24.11,24.76,24.48,24.67,24.48,24.39,24.29,24.67,24.39,24.48,24.39,24.57,24.29,24.11,24.67,24.48,24.29,24.48,24.39,25.02,25.02,24.57,24.67,24.57,24.20,24.29,24.48,24.39,24.29,24.29,24.57,24.20,24.11,24.85,24.57,24.48,24.48,24.20,24.29,24.29,24.39,24.76,24.29,24.57,24.67,24.67,24.57,24.48,24.57,24.29,24.39,24.39,24.29,24.48,24.39,24.39,24.57,24.29,24.29,24.20,23.83,24.29,24.20,24.48,24.11,23.83,24.39,23.92,24.48,23.83,24.67,24.20,24.39,24.29,24.48,24.29,24.48,24.39,24.29,24.01,24.11,24.57,24.01,24.39,24.57,24.11,24.48,24.29,24.11,24.20,24.39,24.11,24.11,24.57,24.11,24.57,24.11,24.39,24.11,24.11,24.39,24.20,24.39,24.39,23.92,24.29,24.11,23.92,24.01,24.48,24.29,23.45,24.11,24.57,24.01,24.29,24.29,24.01,24.29,24.39,24.29,24.01,24.29,24.39,23.83,24.01,23.83
24.01,24.11,24.48,24.29,24.01,24.01,23.73,24.11,24.01,24.39,24.11,24.29,24.11,24.11,24.29,24.29,24.20,24.39,24.01,24.29,24.01,24.57,23.92,24.39,24.48,24.67,24.29,24.57,24.57,24.29,24.29,24.20,24.20,24.11,24.20,24.01,24.48,24.39,24.29,24.11,24.29,24.20,24.48,24.57,24.48,24.48,24.11,24.39,24.48,24.39,24.67,24.39,24.85,24.57,24.48,24.39,24.29,24.57,24.39,24.48,24.67,23.92,24.29,24.39,24.48,24.29,24.29,24.85,24.01,24.11,24.76,24.93,24.39,24.76,24.85,24.39,24.57,24.93,24.48,24.57,24.67,24.85,24.29,24.67,24.93,24.57,24.48,24.57,24.67,24.67,24.67,24.48,24.39,24.48,24.67,23.92,24.48,24.48,24.20,24.39,24.57,24.67,24.57,24.57,24.57,24.85,24.39,24.57,24.57,24.67,24.57,24.67,24.57,24.20,24.20,24.48,24.67,24.57,24.20,24.48,24.76,24.76,24.76,24.39,24.57,24.85,24.67,24.48,24.76,24.67,24.57,24.67,24.39,24.76,24.20,24.57,24.76,24.57,24.39,24.39,24.76,24.76,24.93,24.39,24.67,24.48,24.11,24.48,24.67,24.48,24.48,24.76,24.67,25.02,24.85,24.85,24.57,24.39,24.67,24.85,24.76,25.11,24.57,24.57,24.76,24.67,24.57,24.67,24.93,25.37,25.46,24.85,25.63,25.72,25.63,26.47,26.56,26.23,27.05,26.73,26.89,26.73,26.80,26.64,26.14,26.05,26.05,25.88,25.46,25.37,25.11,25.37,24.76,25.11,25.11,24.76,24.85,25.02,25.20,25.02,24.93,24.85,24.67,24.57,25.11,24.93,24.48,24.85,24.76,24.93,24.76,24.57,25.02,25.20,24.85,24.85,24.57,24.48,24.76,24.29,24.57,24.67,24.39,24.93,24.48,24.67,24.29,24.29,24.29,24.85,24.20,24.39,24.29,24.29,24.48,24.76,24.67,24.29,24.11,24.57,24.76,25.02,24.11,24.48,24.29,24.57,24.39,24.48,24.48,24.20,24.76,24.67,24.39,24.48,24.57,24.39,24.67,24.29,24.29,24.57,24.57,24.76,25.02,25.02,24.48,24.29,24.67,24.67,24.20,24.48,24.11,24.20,24.85,24.48,24.39,24.39,24.67,24.93,24.57,24.20,24.20,24.39,24.57,24.29,24.01,24.93,24.11,24.29,24.48,24.93,24.39,24.48,24.39,24.39,24.11,24.39,24.57,24.39,24.20,24.67,24.48,24.39,24.29,24.29,24.57,24.20,24.29,24.29,24.20,24.29,24.11,24.48,24.01,24.39,24.39,24.20,24.29,24.20,24.57,23.92,24.29,24.39,24.01,24.20,23.92,24.57,24.48,24.48,24.11,24.11,24.39,24.20,24.48,24.76,24.57,24.67,24.39,24.20,24.39,24.20,24.29,24.01,24.29,24.01,24.11,24.20,24.20,23.83,24.20,24.39,24.11,24.39,24.57,24.39,24.48,24.20,24.11,23.83,24.29,24.01,24.29,24.76,24.20,24.11,24.29,24.11,24.11,24.39,24.57,24.39,24.01,24.11,23.92,24.57,24.01,23.64,24.29,24.29,24.39,24.11,23.92,23.92
24.20,24.20,23.92,23.92,24.11,24.11,24.29,24.39,24.11,24.67,24.20,24.67,24.11,24.20,24.48,24.29,24.20,24.48,24.39,23.83,24.39,24.67,23.83,24.20,24.01,24.11,24.20,24.01,24.11,24.11,24.01,24.11,24.57,23.83,24.39,24.29,24.29,24.48,24.11,24.29,24.39,24.20,24.48,24.48,24.57,24.39,24.20,24.57,24.67,24.11,24.29,24.11,24.57,24.39,24.20,24.29,24.39,24.29,24.20,23.83,23.92,24.29,24.39,24.29,24.29,24.57,24.29,24.39,24.20,24.11,24.48,24.48,24.76,24.57,24.57,24.39,24.29,24.57,24.48,24.39,24.85,24.20,24.48,24.85,24.39,24.20,24.76,24.39,24.57,24.57,24.93,24.48,24.57,24.57,24.48,24.85,24.20,24.48,24.85,24.67,24.85,24.39,24.29,24.93,24.39,24.20,24.67,24.57,24.48,24.48,24.39,24.57,24.57,24.29,24.48,24.57,24.57,24.57,24.67,24.76,24.57,24.76,24.48,24.67,24.20,24.39,24.76,24.48,24.85,24.76,24.85,24.39,24.67,24.67,24.67,24.48,24.48,24.39,24.67,24.67,24.76,24.39,24.67,24.57,24.67,24.67,24.67,24.29,24.48,24.85,24.11,24.48,24.48,24.29,24.29,24.57,24.29,24.67,24.57,25.02,24.93,24.48,24.48,24.57,24.57,24.93,24.67,24.93,24.29,25.11,25.20,25.28,25.72,25.63,25.72,26.73,26.23,26.23,26.56,26.73,26.56,26.56,26.56,26.56,26.23,25.88,25.81,25.81,25.46,25.55,25.46,25.02,25.55,25.02,25.37,25.28,25.11,24.29,24.39,25.02,24.67,25.20,24.93,25.11,24.76,24.93,24.48,24.76,24.67,24.85,24.76,24.85,24.67,24.67,25.02,24.93,24.76,24.76,24.93,24.67,25.02,24.76,24.48,24.57,24.67,24.67,24.67,24.76,24.57,24.67,24.57,25.11,24.57,24.29,24.39,24.29,24.39,24.76,24.76,24.20,24.39,24.76,24.76,24.76,24.67,24.48,24.57,24.39,24.48,24.85,24.67,24.39,24.39,24.57,24.20,24.39,24.76,24.20,24.57,24.39,24.57,24.39,24.57,24.48,24.48,24.48,24.11,24.48,24.48,24.29,24.29,24.57,24.85,24.57,24.39,24.48,24.48,24.39,24.29,24.39,24.11,24.29,24.85,24.20,24.67,24.48,24.57,24.20,24.48,24.48,24.29,24.57,24.20,24.29,24.57,24.20,24.29,24.67,24.57,24.39,24.67,24.39,24.39,24.39,24.67,24.57,24.39,24.39,24.39,24.11,24.11,24.29,24.67,24.20,24.39,24.48,24.76,24.29,24.29,24.39,23.83,24.20,24.01,24.20,24.48,24.48,23.83,24.01,24.39,24.39,24.29,24.29,24.11,24.76,24.01,24.01,24.39,24.57,24.48,24.67,24.29,24.20,24.20,23.92,24.29,24.39,24.01,24.29,24.01,24.57,24.20,24.39,24.48,24.67,24.39,24.29,24.11,24.57,24.01,24.29,24.01,24.29,24.01,24.29,24.01,23.73,24.01,23.92,24.20,24.01,24.11,23.64,24.29,24.01,24.39,23.92,24.39,24.20,24.11,23.73,24.11,24.29
24.20,23.92,24.20,23.92,24.01,23.83,23.64,23.83,24.29,24.11,24.29,24.29,24.57,24.01,24.01,24.39,24.29,24.01,23.83,24.29,24.11,24.39,24.39,24.20,24.29,24.29,24.29,24.48,24.20,24.11,24.39,24.48,24.20,24.20,24.20,24.76,24.57,24.39,24.57,24.67,24.48,24.67,24.48,24.29,24.01,24.11,24.48,23.73,24.20,24.11,24.76,24.57,24.57,24.48,24.20,24.67,24.57,24.20,24.48,24.76,24.01,24.01,24.29,24.48,24.39,24.67,24.48,24.20,24.48,24.48,24.29,24.57,24.39,24.48,24.48,24.39,24.76,24.85,24.29,24.29,24.67,24.57,24.67,24.29,24.85,24.76,24.93,24.39,24.85,24.67,24.39,24.29,24.48,24.39,24.20,24.29,24.67,24.29,24.67,24.67,24.57,24.48,24.57,24.67,24.20,24.48,24.48,24.57,24.76,24.57,24.67,24.39,24.76,24.67,24.57,24.48,24.57,24.76,24.57,24.57,24.67,24.85,24.48,24.39,24.57,24.20,24.67,24.39,24.48,24.57,24.48,24.20,24.29,24.29,24.67,24.39,24.67,24.93,24.57,24.67,24.67,24.48,25.02,24.67,24.76,24.48,24.76,24.48,24.39,24.48,24.39,24.85,24.48,24.85,24.67,24.67,24.57,24.29,24.48,24.39,24.76,24.76,24.57,24.57,24.20,25.02,24.76,24.67,24.93,24.76,25.37,25.28,25.63,25.81,25.46,26.14,26.47,26.23,26.56,26.47,26.56,26.47,26.47,26.31,26.05,26.31,25.88,25.81,25.72,25.55,25.28,25.81,25.11,25.46,25.02,24.93,24.93,24.57,24.67,24.93,24.48,24.85,24.93,24.85,25.11,24.67,25.11,24.93,24.76,24.29,24.85,24.93,24.39,25.02,25.11,24.67,24.93,24.67,24.57,24.76,24.67,24.93,24.67,24.57,24.67,24.85,24.93,24.67,24.76,24.76,24.39,24.57,24.93,24.85,24.85,24.85,24.76,24.85,24.67,24.67,24.48,24.76,24.76,24.93,24.67,24.67,24.67,24.57,24.57,24.01,24.29,24.29,24.39,24.67,24.76,24.39,24.48,24.57,24.76,24.39,24.11,24.39,24.48,24.85,24.39,24.76,25.02,24.39,24.39,24.39,24.39,24.57,24.67,24.57,24.29,24.67,24.29,24.48,24.29,24.20,24.57,24.39,24.29,24.39,24.29,24.57,24.39,24.48,24.48,24.48,24.57,24.48,24.67,24.20,24.67,24.39,24.29,24.57,24.39,24.20,24.39,24.01,24.11,24.20,24.48,24.39,24.48,24.57,24.57,24.48,24.29,24.11,23.92,24.39,24.48,24.29,24.57,24.48,24.39,24.67,24.48,24.39,24.29,24.20,24.39,24.29,24.67,24.57,24.39,24.39,24.29,24.01,24.29,24.20,24.29,24.57,24.39,23.92,24.20,24.39,24.20,23.92,24.48,24.48,24.48,24.11,24.01,24.48,24.01,24.20,24.11,24.29,24.20,24.11,24.39,24.01,24.20,24.29,24.39,24.20,23.92,24.20,24.76,24.39,24.29,24.01,24.11,24.29,24.20,24.20,24.48,24.39,24.20,24.29,24.39,24.29,24.11,24.48,24.11,24.01,24.20,23.83
24.20,24.20,23.92,24.11,23.92,24.01,23.92,24.01,23.92,24.11,24.20,24.29,24.11,24.39,24.67,23.83,24.01,24.20,24.29,24.48,24.39,23.83,24.20,24.48,24.57,24.11,24.39,24.39,24.39,24.48,24.39,24.11,24.20,24.29,24.39,24.20,24.29,24.67,23.92,24.39,24.39,24.01,24.57,24.85,24.57,24.29,24.48,24.48,24.11,24.39,24.57,24.48,24.76,24.48,24.48,24.20,24.01,24.48,24.76,24.39,24.39,24.76,24.48,24.57,24.48,24.29,24.48,24.20,24.39,24.29,24.57,24.57,24.39,24.85,24.67,24.48,24.57,24.48,24.48,24.11,24.76,24.48,24.29,24.20,24.39,25.11,24.29,24.29,24.67,24.57,24.39,24.39,24.67,24.48,24.48,24.67,24.76,24.29,24.57,24.76,24.67,24.57,24.76,24.39,24.67,24.20,24.57,24.67,24.39,24.29,24.48,24.39,24.67,24.48,24.76,24.48,24.57,24.57,24.48,24.67,24.39,24.57,24.29,24.57,24.76,24.48,24.29,24.57,24.76,24.48,24.11,24.67,24.85,24.57,24.76,24.48,24.67,24.48,24.85,25.02,24.85,24.67,24.39,24.67,24.57,24.76,24.76,24.57,24.39,24.93,24.39,25.11,24.48,24.20,24.76,24.39,24.39,24.67,24.48,25.11,25.11,24.93,24.48,24.85,24.85,24.48,24.67,24.85,24.85,24.67,25.02,25.72,25.55,25.55,25.28,25.88,25.81,25.98,26.56,26.64,26.47,26.56,26.64,25.88,26.14,25.98,25.98,26.05,25.55,26.05,25.63,24.93,25.11,25.02,25.46,25.37,25.02,25.20,25.02,25.20,25.11,24.76,24.57,24.67,24.76,24.93,24.76,24.67,24.85,24.93,24.67,24.85,25.02,24.85,24.93,24.67,24.29,24.39,24.67,24.29,24.76,24.48,24.93,24.85,24.48,24.39,24.85,25.11,24.67,24.48,24.39,24.48,24.01,24.67,24.67,25.02,24.85,24.93,24.48,24.57,24.48,24.57,24.29,24.76,24.29,24.76,24.39,24.39,24.39,24.76,24.39,24.76,24.76,24.85,24.85,24.67,24.20,24.20,24.57,24.67,24.85,24.48,24.48,24.85,24.76,24.29,24.48,24.48,24.29,24.67,24.76,24.29,24.29,24.39,24.67,24.39,24.48,24.76,24.48,24.57,24.67,24.20,24.29,24.29,24.76,24.39,24.39,24.67,24.29,24.39,24.20,24.57,24.48,24.39,24.39,25.02,24.93,24.29,24.48,24.76,24.39,24.29,24.29,24.20,24.39,24.11,24.39,24.11,24.39,24.48,24.29,24.20,24.29,24.29,24.29,24.39,24.67,24.11,24.29,24.29,24.20,24.11,24.76,23.92,24.39,24.76,24.39,24.20,24.11,24.20,24.93,24.01,24.48,24.39,23.83,24.11,24.29,24.39,24.11,24.11,24.39,24.20,24.20,23.83,24.29,23.92,24.39,24.11,24.11,24.29,24.29,24.20,24.29,24.48,24.01,24.20,23.83,24.67,24.01,24.67,24.29,24.29,24.11,24.29,24.20,23.92,24.20,24.11,23.92,23.92,23.92,24.29,23.92,24.11,24.20,24.39,23.73,23.73,24.11,24.11,24.29,23.73
23.92,24.11,23.92,24.29,24.11,24.01,24.48,24.20,23.73,24.01,24.20,24.11,24.01,24.01,23.83,24.48,24.57,24.11,24.48,24.29,24.39,24.20,23.92,25.02,24.20,24.20,24.11,24.48,24.39,24.48,24.39,24.20,24.11,24.20,24.57,24.29,24.01,24.20,24.20,24.57,24.01,24.39,24.29,24.67,24.48,23.83,24.48,24.39,24.11,24.29,24.39,24.57,24.20,24.11,24.48,24.20,24.01,24.39,24.57,24.39,24.29,24.29,24.48,24.48,24.67,24.39,24.29,24.39,24.76,24.67,24.11,24.76,24.11,24.57,24.85,24.48,24.76,24.67,24.48,24.57,25.02,24.29,24.01,24.85,24.39,24.20,24.57,24.67,24.67,24.20,24.67,24.67,24.48,24.48,24.20,24.20,24.29,24.39,24.57,24.39,24.57,24.39,24.67,24.76,24.39,24.39,24.76,24.67,24.39,24.01,24.29,24.29,24.39,24.85,24.67,24.29,24.39,24.67,24.57,24.57,24.93,24.48,24.39,24.57,24.57,24.20,24.29,24.48,24.76,25.11,24.85,25.28,24.85,24.67,24.29,24.76,24.93,24.29,24.85,24.57,24.29,24.67,24.39,24.67,25.11,24.39,24.48,24.67,24.39,24.67,24.76,24.29,24.76,24.39,24.57,24.67,24.39,24.39,24.76,24.48,24.29,24.11,24.67,24.67,24.48,24.20,24.67,24.85,24.76,25.20,25.55,25.98,25.55,25.81,25.63,25.72,25.98,26.14,26.05,26.64,26.47,26.31,26.31,26.40,25.98,26.05,26.40,25.81,25.81,25.63,25.55,25.11,25.63,24.93,25.37,25.28,24.93,24.93,25.11,24.93,24.93,24.57,24.93,24.93,25.02,24.85,24.93,24.76,25.02,24.85,24.57,25.20,24.57,24.85,24.76,25.02,24.85,24.57,24.67,24.48,24.67,24.67,24.39,24.85,24.20,25.11,24.93,24.67,25.02,24.57,24.67,24.39,24.67,24.48,24.20,24.67,24.67,24.76,24.85,24.76,24.29,24.39,24.93,24.39,24.67,24.67,24.29,24.39,24.48,24.39,24.76,24.29,24.76,24.20,24.29,24.67,24.01,24.57,24.39,24.39,24.20,24.76,24.29,24.29,24.29,24.11,24.67,25.02,24.11,24.29,24.39,24.67,24.39,24.39,24.57,24.67,24.85,24.67,24.57,24.29,24.39,24.39,24.29,24.57,24.57,24.67,24.39,24.48,24.76,24.39,24.01,24.39,24.48,24.48,24.29,24.57,24.20,24.39,24.57,24.57,24.39,24.39,24.48,24.29,24.57,24.39,24.57,24.29,24.67,24.20,24.85,24.01,24.11,24.39,24.11,24.39,24.29,24.29,23.92,24.20,24.29,24.20,24.39,23.83,24.39,24.39,24.39,24.20,24.57,24.20,24.39,24.39,24.11,23.92,24.57,24.85,24.01,24.11,24.67,24.11,24.57,24.20,24.11,24.20,24.20,23.92,24.01,24.01,24.57,24.48,24.29,24.11,24.29,24.11,24.76,24.01,24.20,24.20,24.20,24.11,24.29,24.20,24.20,24.20,24.11,24.29,24.29,24.20,24.11,24.11,24.01,24.20,24.29,24.57,24.39,24.29,24.39,23.83,24.20,24.29,24.29,23.83
24.20,24.39,24.11,24.85,24.01,23.73,23.73,23.92,24.11,24.11,24.20,24.01,24.29,24.39,23.92,24.29,24.29,24.57,24.20,24.39,24.29,24.20,24.29,24.20,24.20,24.29,24.11,24.20,24.11,24.29,23.83,24.39,24.48,24.29,24.29,24.76,24.67,24.57,24.48,24.20,24.01,23.83,24.20,24.57,24.01,24.48,24.29,24.29,24.67,24.48,24.39,24.57,24.29,23.92,24.01,24.11,24.48,24.20,24.48,24.39,24.29,24.29,24.48,24.76,24.11,24.39,24.48,24.76,24.76,24.39,24.29,24.48,24.85,24.76,24.85,24.57,24.67,24.76,24.20,24.67,24.85,24.48,24.48,24.11,24.76,24.57,24.29,24.48,24.57,24.11,24.29,24.20,24.57,24.48,24.57,24.39,24.48,24.48,24.48,24.20,24.57,24.48,24.20,24.39,24.39,24.57,24.48,24.20,24.48,24.48,24.93,24.67,24.57,24.85,24.48,24.39,24.39,24.67,24.39,24.85,24.20,24.48,24.57,24.20,24.67,24.39,24.57,24.67,24.29,24.39,24.29,24.57,24.85,24.67,24.76,24.67,25.28,24.48,24.67,24.85,24.48,24.39,24.93,24.57,24.67,24.39,24.57,24.67,24.57,24.29,24.76,24.93,24.67,24.48,24.48,25.02,24.67,24.76,24.76,24.57,24.76,24.93,24.76,24.57,24.57,24.85,24.76,24.57,24.76,25.02,25.55,25.37,25.46,25.63,25.46,26.05,26.56,26.05,26.40,26.40,26.56,26.89,25.98,26.14,26.23,25.37,26.14,25.63,25.88,25.98,25.28,25.46,25.28,25.20,24.93,25.02,24.93,25.11,25.02,25.02,24.85,24.67,24.85,24.76,24.76,24.57,25.02,24.85,24.48,24.67,25.02,25.11,25.11,24.76,24.93,24.57,24.93,25.02,24.48,24.67,24.93,24.76,24.67,24.76,24.67,24.93,24.39,24.11,24.85,24.39,24.39,24.57,24.67,24.39,24.76,24.67,24.29,24.57,24.85,24.67,24.48,24.39,24.29,24.93,24.48,24.76,24.85,24.39,24.76,24.57,24.67,24.39,25.02,24.85,24.48,24.39,24.29,24.67,24.48,24.48,24.39,24.93,24.39,24.67,24.39,24.93,24.57,24.48,24.48,24.67,24.39,24.29,24.39,24.39,24.39,24.67,24.57,24.93,24.11,24.67,24.48,24.76,24.39,24.67,24.29,24.29,24.20,24.39,24.48,24.20,24.29,24.67,24.39,24.57,24.48,24.57,24.57,24.29,24.20,24.39,24.39,24.20,24.57,24.48,24.57,24.29,24.11,24.20,24.39,24.11,24.48,24.01,24.57,24.48,24.57,24.20,24.20,24.20,24.29,24.29,24.57,24.48,24.29,24.57,24.48,24.48,24.29,24.29,24.39,24.48,24.29,24.48,24.29,24.20,23.92,24.11,23.73,24.11,24.20,24.11,24.39,24.11,24.57,24.39,24.20,24.11,24.57,24.29,24.39,24.39,24.29,24.11,24.48,24.57,24.11,23.92,24.29,24.29,24.48,24.67,24.29,23.92,24.39,24.39,24.01,24.39,24.11,24.39,24.39,24.20,24.01,24.11,24.39,24.11,24.29,24.01,24.20,24.48,23.92,24.11,24.11,24.01
23.64,24.20,24.39,24.01,23.83,24.01,23.92,24.01,24.48,24.11,24.39,24.11,24.20,24.39,24.11,23.92,24.20,24.20,24.29,23.83,24.20,24.11,24.39,24.39,24.57,24.48,24.39,24.11,24.29,24.48,24.11,24.20,24.20,24.39,24.39,24.01,24.29,24.76,24.39,24.57,24.48,24.29,24.76,24.39,24.20,24.29,24.57,24.48,24.29,24.39,24.85,24.48,24.67,24.39,24.11,24.93,24.20,24.76,24.57,24.01,24.29,24.57,24.67,24.29,24.39,24.48,24.29,24.48,24.11,24.67,24.48,24.67,24.57,24.39,24.93,24.67,24.76,24.39,25.02,24.76,24.67,24.67,24.57,24.29,24.48,24.57,24.67,24.76,24.11,24.67,24.67,24.39,24.57,24.29,24.67,24.57,24.57,24.48,24.76,24.57,24.76,24.20,24.57,24.29,24.67,24.48,24.85,24.39,24.57,24.76,24.93,24.76,24.48,24.67,24.85,24.48,24.76,24.48,24.39,24.67,24.57,24.67,24.76,24.48,24.76,24.48,24.85,24.48,24.93,24.76,24.85,24.39,24.76,24.57,24.39,24.76,24.76,24.76,24.67,24.67,24.57,24.57,24.85,24.57,24.85,24.67,24.39,24.67,24.85,24.76,24.76,25.02,24.57,24.67,24.67,24.93,24.76,24.48,25.02,24.76,24.67,24.48,24.76,24.85,24.85,25.02,24.39,24.57,24.57,24.85,25.55,25.55,25.02,25.81,25.63,25.63,25.81,25.98,25.98,25.98,26.73,26.56,26.47,26.40,26.23,25.88,25.81,26.05,25.88,25.63,25.55,25.37,25.28,25.46,25.20,25.11,25.28,25.20,24.93,25.11,24.76,24.57,25.11,25.02,25.28,25.28,24.85,25.11,25.02,24.39,24.85,24.67,24.57,25.20,24.67,24.48,24.48,24.57,24.67,24.67,24.57,24.57,24.67,24.57,24.85,24.76,24.67,24.76,24.76,24.85,24.48,24.57,25.11,24.76,24.67,24.76,24.93,24.93,24.67,24.85,24.67,24.39,24.48,24.57,24.48,24.57,24.67,24.85,24.67,24.85,25.20,24.67,24.93,24.76,24.48,24.76,24.76,24.67,24.57,24.48,24.57,24.48,24.85,24.76,24.67,24.48,24.67,24.57,24.93,24.67,24.85,24.39,24.76,24.29,24.57,24.39,24.57,24.39,24.85,24.20,24.39,24.48,24.57,24.20,24.29,24.76,24.29,24.57,24.39,24.39,24.01,24.39,24.48,24.29,24.39,24.57,24.20,24.39,24.11,24.29,24.57,24.20,24.67,23.73,24.29,24.29,24.48,24.57,24.48,24.48,24.48,24.11,24.01,24.20,24.20,24.39,24.29,24.57,24.20,24.29,24.48,24.11,23.92,24.01,24.48,24.29,24.67,24.20,23.92,24.57,24.39,24.48,24.39,24.20,24.48,24.11,24.29,23.73,23.83,24.29,24.11,24.29,24.48,24.01,24.48,24.20,24.39,24.20,23.92,24.57,24.76,24.57,24.11,24.20,24.11,24.48,24.39,24.29,24.57,24.39,24.29,24.20,24.20,24.48,24.39,24.29,24.20,24.29,24.11,24.11,24.11,24.20,24.39,24.11,24.29,23.83,23.73,23.83,23.83,24.39,23.92,23.73
24.29,24.20,23.92,24.11,24.20,24.01,24.39,23.83,24.01,24.11,24.11,24.11,24.29,24.01,23.92,24.11,23.83,23.92,24.57,24.01,23.92,24.29,24.29,24.20,24.20,24.20,24.20,24.39,24.01,24.29,24.39,24.29,24.11,24.39,24.29,23.92,24.39,24.57,24.29,23.92,24.39,24.48,24.20,24.11,24.01,24.39,24.39,24.39,24.20,24.48,24.48,24.76,24.39,24.57,24.57,24.48,24.39,24.29,24.85,24.39,24.39,24.20,24.48,24.48,24.29,24.29,24.93,24.29,24.20,24.57,24.48,24.39,24.57,24.29,24.48,24.29,24.67,24.67,24.85,24.93,24.57,24.67,24.39,24.85,24.67,24.76,24.29,24.39,24.67,24.39,24.20,24.20,24.39,24.48,24.57,24.39,24.29,24.93,24.48,24.29,24.85,24.48,24.39,24.48,24.11,24.48,24.29,24.11,24.48,24.57,24.01,24.39,24.48,24.67,24.20,24.85,24.39,24.67,24.57,24.67,24.29,24.39,24.67,24.67,24.48,24.39,24.29,24.29,24.67,24.76,24.39,24.67,24.67,24.57,24.39,24.39,24.76,24.67,24.67,24.29,24.11,24.57,24.29,25.11,24.48,24.76,24.76,24.67,24.76,24.20,24.67,24.39,24.11,24.57,24.76,24.57,24.11,24.57,24.57,24.39,24.93,24.67,24.67,24.39,24.57,24.39,24.93,24.67,24.76,24.93,25.20,25.63,25.46,25.28,25.63,25.63,25.72,25.88,25.98,25.98,26.40,26.05,26.05,26.31,26.14,25.81,25.98,25.55,25.88,25.81,25.28,25.02,25.11,25.28,25.28,25.37,24.93,25.02,24.93,24.48,24.93,24.67,24.57,24.67,24.76,24.93,24.76,25.11,24.85,24.48,25.02,25.11,24.57,24.57,24.20,24.76,24.76,24.48,24.48,24.67,24.76,24.93,24.57,25.02,24.93,24.76,24.76,24.57,24.67,24.76,24.48,24.48,24.57,24.93,24.57,24.85,24.67,24.67,24.76,24.85,24.67,24.67,24.85,24.57,24.48,24.85,24.93,24.57,24.57,24.76,24.67,24.76,24.85,24.85,24.29,24.29,24.20,24.67,24.39,24.39,24.39,24.29,24.29,24.67,24.20,24.48,24.39,24.85,24.11,24.93,24.67,24.67,24.48,24.48,24.39,24.29,24.48,24.29,24.67,24.48,24.85,24.67,24.57,24.48,25.02,24.48,24.20,24.67,24.39,24.29,24.67,24.39,24.20,24.48,24.85,24.76,24.11,24.39,24.76,24.29,24.39,24.01,24.20,24.57,24.39,24.93,24.29,24.39,24.11,24.76,24.29,24.39,24.39,24.20,24.39,24.48,24.11,24.20,24.20,24.29,24.20,23.92,24.48,24.48,24.29,24.48,24.39,24.48,24.76,24.29,24.11,23.92,24.20,24.39,24.48,24.39,24.57,24.57,24.57,24.48,24.29,23.92,24.39,24.39,24.01,24.29,24.01,24.39,24.48,24.85,24.29,24.48,24.48,24.48,24.29,23.83,23.92,24.29,24.48,24.76,24.57,24.67,24.29,24.11,23.92,24.48,23.73,24.11,24.20,24.29,24.48,24.11,24.11,23.83,23.92,24.01,23.92,23.92,24.11,23.92,24.20,24.20
24.11,24.29,23.92,24.39,24.29,24.11,23.73,24.29,23.83,24.01,24.01,24.29,24.01,24.01,24.01,24.29,24.76,24.29,24.29,24.20,24.20,24.29,24.39,24.01,23.92,24.29,24.48,24.29,24.39,24.48,24.11,23.73,24.29,24.29,24.11,24.29,24.11,24.01,24.29,23.83,24.20,24.01,23.92,24.29,24.29,24.39,24.39,24.11,24.11,24.48,24.48,24.20,24.67,24.20,24.48,24.57,24.29,24.29,24.20,24.76,24.39,24.39,24.39,24.20,24.29,24.57,24.39,24.85,24.48,24.57,24.48,24.29,24.93,24.29,24.39,24.39,24.57,24.67,24.76,24.67,24.93,24.57,24.48,24.48,24.76,24.57,24.57,24.29,24.48,24.67,24.48,24.67,24.48,24.76,24.29,24.29,24.48,24.67,24.67,24.29,24.01,24.67,24.48,24.67,24.29,24.29,24.48,24.48,24.57,24.57,24.39,24.57,24.76,24.85,24.39,24.67,24.48,25.02,24.57,24.85,24.93,24.48,24.01,24.67,24.76,24.57,24.85,24.29,24.57,24.85,25.11,24.48,24.39,24.39,24.76,24.67,24.48,24.57,24.85,24.48,24.39,25.02,24.48,24.48,24.57,24.85,24.67,24.57,24.67,24.29,24.76,24.76,24.48,24.85,24.85,24.48,24.57,24.67,24.29,24.76,24.48,24.76,24.67,24.39,24.48,24.39,24.67,24.76,25.20,25.28,25.46,25.46,25.46,25.46,25.72,25.63,25.88,25.88,26.05,26.05,25.88,25.88,25.98,25.88,26.14,25.88,25.55,25.88,25.46,25.37,25.55,25.55,25.28,25.37,25.02,24.85,25.11,25.02,24.67,24.76,25.20,25.02,24.76,24.85,24.93,24.39,25.02,24.93,24.67,24.93,24.85,24.67,24.85,24.57,24.67,24.57,24.57,24.67,24.93,24.57,24.57,24.48,24.67,24.39,24.57,24.48,24.85,24.39,24.57,24.76,24.67,24.57,24.76,24.85,24.67,24.39,24.39,24.57,24.48,25.02,24.85,24.39,24.39,24.57,24.57,24.57,24.93,24.57,24.67,24.48,24.85,24.39,24.93,24.57,24.57,24.85,24.76,24.85,24.39,24.48,24.39,24.76,24.20,24.20,24.57,24.76,24.67,24.39,24.48,24.67,24.39,24.67,24.01,24.48,24.57,24.39,24.48,24.39,24.48,24.48,24.39,24.48,24.48,24.11,24.39,24.29,24.29,24.11,24.29,24.48,24.93,24.57,24.57,24.57,24.20,24.29,24.48,24.29,24.20,24.76,24.11,24.85,24.85,24.39,24.57,24.39,24.39,24.48,24.48,24.29,24.48,24.01,24.29,24.01,24.39,24.67,23.83,24.29,24.39,24.48,23.92,24.57,24.57,24.48,24.01,24.48,24.85,24.76,24.20,23.92,24.85,24.29,24.48,24.67,24.29,24.57,24.01,23.73,24.39,24.85,24.11,24.20,24.39,24.39,23.92,24.39,23.92,24.11,24.48,24.20,24.39,24.11,24.11,24.20,24.67,24.48,24.29,24.48,24.01,24.29,24.29,24.76,24.39,23.92,24.11,24.11,24.67,24.11,24.48,24.01,24.29,24.11,24.29,24.20,23.92,24.29,24.39,23.92,23.64,24.20,23.83,24.20
24.11,24.29,24.29,24.39,24.39,24.01,23.92,24.11,24.29,24.20,24.39,24.11,24.29,24.29,24.48,24.29,23.83,23.92,23.73,23.83,24.48,24.01,24.57,24.11,24.39,24.20,24.48,24.48,24.29,23.92,24.11,24.20,24.01,24.57,24.20,24.67,24.48,24.39,24.11,24.57,24.01,24.48,24.39,24.76,24.48,24.39,23.92,24.48,24.39,24.39,24.29,24.39,24.85,24.39,23.92,24.48,24.39,24.39,24.76,24.57,24.29,24.48,24.39,24.29,24.48,24.29,24.39,24.48,24.39,24.76,24.20,24.48,24.67,24.85,24.39,24.39,24.39,24.67,24.57,24.67,24.11,24.48,24.29,24.48,24.48,24.48,24.76,24.48,24.39,24.76,24.29,24.39,23.83,24.11,24.29,24.48,24.85,24.67,24.48,24.76,24.39,24.67,24.85,24.29,24.39,24.29,24.57,24.76,25.02,24.39,24.48,24.48,24.20,24.48,24.67,24.57,24.67,24.57,24.48,24.76,24.57,24.48,25.02,24.93,24.57,24.67,24.29,24.67,24.67,24.85,24.67,24.76,24.39,24.57,24.93,24.20,24.48,24.57,24.85,24.48,24.01,24.76,24.93,24.39,24.85,24.85,24.57,24.39,25.11,24.29,24.39,24.57,24.39,24.48,24.48,24.57,24.76,24.67,24.93,24.29,24.67,24.20,24.29,24.76,25.02,24.67,24.67,24.57,24.76,25.28,24.76,25.28,25.11,25.55,25.28,25.63,25.46,25.72,26.31,26.05,26.05,26.40,26.14,25.98,25.88,26.47,25.88,25.81,25.88,25.55,25.55,25.72,25.55,25.28,25.81,25.46,24.93,24.85,24.85,24.76,25.11,24.85,24.85,24.76,24.85,24.67,24.85,24.85,24.48,25.02,24.85,24.67,24.57,24.57,24.93,24.76,24.48,24.76,24.93,24.39,24.67,24.48,24.48,24.39,24.67,24.85,24.57,24.76,24.85,24.67,24.29,24.57,24.57,24.67,24.93,24.20,24.67,24.67,25.11,24.76,24.76,24.48,24.57,24.85,25.02,24.67,24.57,24.39,24.85,24.29,24.67,24.67,24.29,24.67,24.39,24.39,24.67,24.20,24.39,24.48,24.48,24.39,24.29,24.29,24.29,24.57,24.48,24.39,24.93,25.02,24.76,24.29,24.39,24.67,24.57,24.39,24.20,24.20,24.11,24.29,24.20,24.29,24.67,24.29,24.57,24.20,24.93,24.20,24.29,24.48,24.48,24.39,24.76,24.57,24.01,24.57,24.29,24.48,24.76,24.48,24.67,24.39,24.39,24.20,24.67,24.29,24.39,24.29,24.76,24.39,24.29,24.20,24.67,24.20,24.29,24.29,24.20,24.39,24.29,24.76,23.83,24.11,24.20,23.92,24.20,24.20,24.29,24.39,24.39,24.39,24.48,24.57,24.48,24.67,24.57,24.48,24.29,24.48,24.39,24.48,24.48,23.92,24.29,24.57,24.11,24.29,24.20,24.76,24.48,24.29,24.11,24.20,24.29,24.57,24.20,24.11,23.92,24.11,24.57,24.11,24.01,24.20,24.20,24.57,24.48,24.01,24.29,24.20,24.29,24.29,24.11,24.20,24.29,24.29,24.29,24.39,23.92,24.48,24.39,24.29,24.20,23.64
23.64,24.48,24.48,24.11,24.01,24.01,24.39,24.01,24.39,24.29,24.29,24.29,24.39,24.20,24.67,24.11,24.39,24.48,24.29,24.01,24.20,24.01,24.29,24.39,24.20,24.01,24.48,24.20,24.01,24.39,24.67,24.29,24.48,24.29,24.57,24.29,24.48,24.29,24.11,24.57,23.83,24.48,24.20,24.39,24.67,24.48,24.29,24.48,24.48,24.48,24.39,24.01,24.39,24.57,24.57,24.11,24.76,24.57,24.20,24.29,24.48,24.57,24.67,24.67,24.48,24.11,24.57,24.85,24.67,24.29,24.29,24.11,24.39,24.29,24.20,24.76,24.39,24.57,24.20,24.11,24.57,24.20,24.76,24.67,24.39,24.67,24.93,24.48,24.29,24.48,24.48,24.48,24.67,24.29,24.93,24.76,24.76,24.20,24.48,24.57,24.76,24.57,24.67,24.57,24.20,24.39,24.57,24.67,24.11,24.76,24.57,24.93,24.48,24.57,24.57,24.48,25.28,24.76,24.67,24.48,24.39,24.39,24.57,24.39,24.48,24.57,24.67,24.48,24.76,24.85,24.76,24.39,24.39,24.93,24.01,24.29,24.57,24.76,24.93,24.57,24.85,24.93,24.57,24.76,24.85,24.93,24.39,24.39,24.39,24.93,24.48,24.48,24.67,24.48,24.57,24.76,24.85,24.67,24.93,24.76,24.48,25.02,24.29,24.48,24.48,24.67,24.85,24.48,25.02,25.11,25.02,25.28,25.11,25.55,25.63,25.63,25.98,25.98,25.63,26.31,26.05,25.88,26.31,25.72,25.81,25.72,25.81,25.88,25.72,25.63,25.88,25.02,25.37,25.46,25.20,25.11,25.28,25.28,24.85,25.02,24.76,24.76,24.67,25.28,24.85,24.76,24.85,24.57,25.02,24.67,24.85,24.76,24.85,24.57,24.76,24.57,24.48,24.39,24.39,24.39,24.67,24.76,24.93,24.29,24.57,24.93,24.85,24.85,24.67,24.48,25.02,24.76,24.85,24.67,24.57,24.48,24.67,24.57,24.57,24.67,24.48,24.76,24.76,24.85,24.20,24.85,24.85,24.48,24.67,24.67,24.48,24.57,24.85,24.67,24.93,24.57,24.67,24.57,24.67,24.67,24.76,24.76,24.29,24.20,24.67,24.48,24.57,24.48,24.93,24.29,24.67,24.57,24.20,24.57,24.67,24.29,24.57,24.39,24.11,24.48,24.39,23.92,24.11,24.20,24.48,24.11,24.39,24.67,24.29,24.48,24.39,24.11,25.11,24.29,24.29,24.48,24.39,24.39,24.76,24.20,24.48,23.92,24.11,23.55,24.76,24.57,24.39,24.67,24.57,24.29,24.01,24.29,24.39,24.01,24.48,24.48,24.76,24.11,24.67,24.20,23.73,24.29,23.64,24.57,24.29,24.57,24.29,24.39,24.76,24.01,24.76,23.92,24.39,24.20,24.39,24.01,23.92,24.29,24.48,24.57,24.20,24.39,24.29,24.20,24.39,24.67,24.39,24.29,24.29,24.01,24.76,24.29,24.11,24.11,24.76,24.11,24.67,24.39,24.57,24.20,24.85,24.20,24.29,24.11,23.92,24.39,24.20,24.20,24.20,24.29,24.29,24.20,24.11,24.20,24.20,24.20,24.39,24.76,24.20,24.11,24.29,24.01
24.01,24.20,24.11,23.73,24.20,24.20,23.92,24.11,24.11,23.83,24.11,24.29,24.39,23.92,24.29,24.29,24.48,24.39,24.57,23.83,24.11,23.92,24.29,24.29,24.29,24.48,24.29,24.11,24.01,24.29,24.39,23.92,24.20,24.29,24.57,24.48,24.11,24.67,24.67,24.20,24.57,24.01,24.48,24.29,24.20,24.29,24.57,24.48,24.39,24.48,24.11,24.48,24.29,24.39,24.57,24.29,24.67,24.29,24.67,24.39,24.29,24.57,24.39,24.48,24.29,24.76,24.11,24.48,24.85,24.39,24.39,24.57,24.39,24.57,24.39,24.48,24.39,24.57,24.67,25.02,24.48,24.48,24.67,24.20,24.57,24.67,24.48,24.39,24.29,24.48,24.48,24.48,24.57,24.20,24.48,24.39,24.67,24.57,24.67,24.57,24.48,24.39,24.57,24.48,24.76,24.76,24.29,24.39,24.20,24.76,24.57,25.02,24.57,24.57,24.57,24.67,24.67,24.85,24.57,24.67,24.85,24.76,24.48,24.76,24.57,24.48,24.29,24.29,24.57,24.57,24.57,24.76,24.76,24.67,24.39,24.76,24.67,24.67,24.85,24.67,24.11,24.57,24.48,24.76,24.85,24.48,24.67,24.67,24.67,25.02,24.67,24.67,24.67,24.57,24.39,24.67,24.67,24.48,24.67,24.76,24.67,24.85,24.67,24.93,24.01,24.76,24.93,24.57,24.85,24.67,25.28,25.46,25.37,25.37,25.55,25.55,25.55,25.98,25.98,25.98,25.98,26.14,25.88,25.72,25.81,25.55,25.98,25.63,25.37,25.72,25.37,25.81,25.28,25.20,25.46,25.28,25.20,24.93,25.37,25.20,24.85,24.93,24.93,24.67,24.57,24.85,24.93,24.67,24.85,25.28,24.67,24.67,24.67,24.57,24.85,24.76,24.48,24.57,24.57,24.48,24.85,24.48,24.85,24.85,24.29,24.67,24.57,24.39,24.57,24.76,24.57,24.85,24.67,24.48,24.76,24.93,25.02,24.57,24.85,24.29,24.57,24.57,24.76,24.67,24.57,24.20,24.29,24.20,24.39,24.67,24.85,24.85,24.85,24.11,24.11,24.48,24.29,24.48,24.93,24.48,24.67,24.85,24.39,24.85,24.76,24.29,24.39,24.67,24.29,24.39,24.85,24.76,24.11,24.85,24.67,24.76,24.85,24.93,24.29,24.93,24.85,24.20,24.20,24.20,24.67,24.57,24.48,24.39,24.39,24.11,24.29,24.48,24.48,24.57,24.67,24.93,24.57,24.48,24.11,24.29,24.57,24.48,24.39,24.20,24.11,24.29,24.01,24.76,24.57,24.11,24.57,24.20,24.29,24.29,24.39,24.57,24.48,24.39,24.48,24.29,24.48,24.48,24.67,24.39,24.76,23.73,24.29,24.29,24.48,24.29,24.57,24.11,24.39,24.76,24.48,24.01,24.39,24.67,24.48,24.57,24.01,24.57,24.01,24.48,24.39,24.39,24.29,24.20,24.29,24.20,24.39,24.48,24.76,24.48,24.20,24.20,24.39,24.20,24.11,23.83,24.29,24.29,24.29,24.11,24.20,24.39,24.01,24.11,24.39,24.29,24.29,24.57,24.39,24.20,24.48,24.39,24.57,24.29,24.20,24.11,24.20,24.57
23.55,24.11,23.83,24.11,24.20,24.39,23.83,24.11,24.11,24.29,24.01,24.48,24.01,23.73,23.92,24.48,24.20,24.48,24.48,24.01,24.39,24.01,24.29,24.29,24.67,24.01,24.20,24.57,24.11,24.20,24.20,24.29,24.11,24.85,24.20,24.48,24.39,24.85,24.57,24.01,24.29,24.29,24.57,24.29,24.20,24.39,24.48,24.67,24.39,24.48,24.29,24.39,24.57,24.39,24.39,24.57,24.67,24.20,24.48,24.39,24.48,24.29,24.57,24.29,24.67,24.39,24.29,24.48,24.48,24.57,24.57,24.29,24.39,24.11,24.39,24.20,24.11,24.48,24.67,24.57,24.85,24.93,24.29,24.57,24.39,24.39,24.57,24.57,24.67,24.67,24.39,24.57,24.76,24.48,24.39,24.67,24.67,24.57,24.67,24.57,24.48,24.48,24.57,24.76,24.39,24.11,24.76,24.67,24.57,24.57,24.39,24.93,24.85,24.48,24.48,24.93,24.57,24.57,24.67,25.11,24.76,24.39,24.67,24.67,24.48,24.39,24.11,24.85,24.67,24.76,24.57,24.57,24.57,24.67,24.48,24.39,24.39,24.76,24.48,24.67,24.76,24.57,24.20,24.76,24.57,24.85,24.76,24.48,24.67,24.48,24.76,24.39,24.48,24.67,24.57,24.39,25.02,24.67,24.48,24.93,24.67,24.39,24.57,24.48,24.57,24.76,24.48,24.48,24.39,24.67,25.02,25.20,25.55,25.46,25.63,25.55,25.72,26.05,25.98,25.63,25.55,26.05,25.98,26.05,26.05,26.05,25.81,25.81,25.55,25.81,25.72,25.46,24.93,24.93,25.11,25.02,24.93,25.02,24.85,24.85,24.76,24.67,24.76,24.85,24.93,25.28,25.20,25.20,24.85,25.20,24.67,25.11,24.85,24.76,24.67,24.76,24.67,24.67,25.02,24.48,24.67,24.93,24.57,24.48,24.29,24.67,24.20,24.11,24.67,24.57,24.85,24.67,24.85,24.76,24.76,24.93,24.76,24.48,24.67,24.85,24.39,25.02,25.02,24.93,23.83,24.39,24.85,24.67,24.20,24.67,25.11,24.57,24.57,24.85,24.67,24.29,25.02,24.39,24.93,24.76,24.29,24.57,24.67,24.67,24.76,24.20,24.48,24.48,24.76,24.48,24.67,24.48,24.11,24.67,24.85,24.39,24.11,24.76,24.67,24.20,24.39,24.48,24.67,24.29,24.93,24.57,24.76,24.57,24.57,24.39,24.39,24.20,24.39,24.57,24.48,24.67,24.29,24.29,24.29,24.76,24.20,24.39,24.29,24.20,24.39,24.39,24.57,24.01,24.48,24.29,24.20,24.48,24.29,24.11,24.48,24.29,24.39,24.01,24.48,24.39,24.39,24.29,24.29,24.11,24.29,24.67,24.39,23.83,24.11,24.67,24.20,24.67,24.39,24.01,24.20,24.29,24.29,24.20,24.39,24.48,24.29,24.29,24.67,24.20,24.39,24.20,24.11,24.29,24.29,24.48,24.57,24.29,24.57,24.01,24.48,24.20,24.11,24.29,24.39,24.76,24.39,24.20,24.29,24.48,24.20,24.48,24.01,23.73,24.20,24.39,24.20,24.01,24.29,24.20,24.29,24.48,24.20,24.20,23.92,24.48,24.11,23.83
24.11,24.20,24.11,24.20,24.01,24.39,23.83,23.83,24.29,24.11,24.11,24.20,24.01,23.92,24.01,24.29,24.48,24.39,23.73,24.48,24.39,24.11,24.11,24.39,23.83,24.29,24.39,24.20,24.20,24.67,24.20,24.01,24.20,24.57,24.20,24.29,24.48,24.57,24.48,24.11,24.57,24.39,24.39,24.67,24.48,24.01,24.57,24.11,23.83,24.57,24.48,24.20,24.57,24.29,24.20,24.67,24.29,24.48,24.57,24.20,24.29,24.11,24.85,24.39,24.48,24.48,24.57,24.48,24.93,24.48,24.67,24.85,24.67,24.48,24.76,24.57,24.57,24.48,24.67,24.67,24.76,24.39,24.39,24.29,24.39,24.48,24.76,24.57,24.29,24.48,24.11,24.39,24.20,24.76,24.93,24.39,24.67,24.93,24.39,24.39,24.20,24.20,24.93,24.76,24.48,24.48,24.29,24.57,24.57,24.39,24.57,24.20,24.67,24.67,24.48,24.85,24.57,24.57,24.48,24.39,24.48,24.67,24.29,24.57,24.39,24.48,24.29,24.85,24.48,24.29,24.39,24.48,24.39,24.76,24.67,24.57,24.67,24.39,24.29,24.20,24.39,24.57,24.67,24.11,24.57,24.85,24.48,24.93,24.85,24.48,24.67,24.67,24.85,24.29,24.76,25.02,24.67,24.67,24.57,25.11,24.39,24.39,24.57,24.20,24.39,24.85,24.76,24.67,24.93,24.76,25.02,25.20,25.02,25.28,25.11,25.81,25.37,25.46,25.55,26.31,25.88,25.88,25.81,25.98,25.81,25.98,25.88,25.63,25.72,25.55,25.55,25.20,25.37,25.20,25.11,25.02,25.20,25.11,24.39,24.93,24.93,25.37,24.67,25.11,24.67,24.57,24.67,24.76,24.67,25.11,24.85,25.11,24.85,25.20,24.67,24.39,24.85,24.85,24.76,24.57,24.76,24.67,24.93,24.48,24.85,24.67,24.57,24.48,24.57,24.48,24.67,24.48,24.57,24.39,24.20,24.57,24.48,24.67,24.57,25.02,24.39,24.76,24.57,24.67,24.57,24.39,24.57,24.48,24.57,24.85,24.48,24.67,24.57,24.76,24.93,24.67,24.01,24.57,24.39,24.48,24.29,24.29,24.20,24.29,24.85,24.85,24.39,24.67,24.93,24.57,24.48,24.20,24.48,24.76,24.01,24.48,24.29,24.67,24.67,24.01,24.67,24.01,24.20,24.39,24.57,24.48,24.39,24.48,24.48,24.76,24.76,24.48,24.76,24.48,24.39,24.57,24.29,24.39,24.39,24.11,24.85,24.29,24.57,24.67,24.11,24.93,24.39,24.48,24.29,24.20,24.67,24.48,24.39,24.29,24.67,24.67,24.57,24.29,24.20,24.20,24.48,24.29,24.48,24.20,24.29,24.67,24.01,24.57,24.39,24.20,24.29,24.39,24.57,24.39,24.29,24.76,24.29,24.57,24.39,24.11,24.39,23.83,24.01,24.20,24.39,24.20,24.11,24.57,24.39,24.01,24.20,24.39,24.29,24.29,24.11,24.39,24.01,23.45,24.48,24.39,23.92,24.11,24.39,24.01,24.11,24.29,24.11,24.39,24.39,24.29,24.29,24.67,24.20,24.20,24.29,24.29,24.39,24.11,24.01,24.29,24.85,24.29
23.73,24.20,24.20,23.73,23.92,24.11,23.73,24.48,23.73,24.11,23.92,24.29,24.29,24.20,24.39,24.39,24.39,24.39,24.11,24.01,24.11,24.11,24.48,24.29,24.48,24.39,24.20,24.39,24.20,24.11,24.11,24.76,24.48,24.39,24.57,24.01,24.48,24.29,24.29,24.29,24.29,24.39,23.83,24.39,24.48,24.29,24.01,24.48,24.29,24.11,24.29,24.57,24.48,24.20,24.57,24.20,24.20,24.48,24.48,24.48,24.29,24.29,24.20,24.29,24.67,24.20,24.39,24.39,24.48,24.48,24.67,24.48,24.57,24.57,24.67,24.39,24.29,24.57,24.48,24.20,24.39,24.76,24.20,24.01,24.57,24.76,24.01,24.48,24.48,24.76,24.48,24.29,24.48,24.29,24.57,24.48,24.20,24.29,24.85,24.48,24.29,24.67,24.48,24.48,24.39,24.48,24.57,24.76,24.67,24.57,24.67,23.73,24.39,24.20,24.67,24.76,24.11,24.57,24.20,24.39,24.76,24.57,24.29,24.67,24.76,24.85,24.39,24.57,24.48,24.29,24.57,24.57,24.20,24.67,24.85,24.67,24.48,24.76,24.67,24.93,24.48,24.67,24.67,24.67,24.85,24.57,24.67,24.67,24.67,24.76,25.28,24.76,25.28,24.57,24.57,24.67,24.76,24.93,24.48,24.48,24.85,24.57,24.57,25.20,24.76,24.76,24.48,24.57,24.93,25.55,25.37,25.46,24.76,25.55,25.55,25.28,25.28,25.63,25.72,25.98,25.98,25.88,26.05,25.81,25.72,25.88,25.81,25.72,25.37,25.72,25.37,25.20,25.46,25.37,25.02,24.93,25.37,25.11,25.37,25.46,24.93,25.11,25.20,24.29,25.02,25.28,25.37,24.67,24.93,25.11,24.93,24.76,24.57,25.02,25.11,24.85,24.57,24.48,24.39,24.76,24.67,24.93,24.85,24.93,24.29,24.67,24.67,24.48,24.39,24.76,24.67,24.48,24.85,24.76,24.76,24.57,24.67,24.67,24.48,24.76,24.67,24.20,24.93,24.93,24.57,24.76,24.48,24.93,24.57,24.39,24.29,24.85,24.29,24.85,24.57,24.48,24.39,24.93,24.57,24.67,24.85,24.48,24.39,24.76,24.57,24.67,24.39,24.67,24.67,24.20,24.39,24.48,24.67,24.76,24.48,24.67,24.29,24.39,24.57,24.29,24.85,24.11,24.48,24.67,24.76,24.67,24.29,24.39,24.76,24.85,24.57,24.20,24.39,24.67,24.29,24.11,24.57,24.29,24.20,24.11,24.29,24.67,24.57,24.57,24.29,24.29,24.11,24.76,24.85,24.67,24.20,24.11,24.20,23.83,24.39,24.48,24.39,24.29,24.48,24.57,24.29,24.39,24.01,24.01,24.76,24.29,24.29,23.92,24.20,24.20,24.01,24.48,24.20,24.48,23.83,24.29,24.11,24.20,24.01,24.39,24.20,24.29,24.01,23.83,24.01,24.39,24.29,24.29,24.39,24.29,24.29,23.92,24.01,24.29,24.11,24.29,24.57,24.29,24.29,24.01,24.29,24.01,23.92,24.11,24.76,24.85,24.48,24.01,24.39,23.83,24.57,24.20,23.73,24.29,23.92,24.29,23.92,24.01,23.83,24.11,23.92,24.20
24.39,23.92,24.01,24.01,24.20,24.11,24.01,23.83,23.73,24.39,24.11,23.92,23.92,24.67,24.01,24.20,24.29,24.48,24.29,23.83,24.48,24.39,24.29,23.64,24.57,24.11,24.20,24.29,24.29,24.39,24.11,24.29,24.76,24.67,24.39,23.92,24.20,24.29,24.48,24.11,24.57,24.11,24.39,24.29,24.48,24.48,24.39,24.39,24.57,24.29,24.20,24.67,24.67,24.29,24.48,24.29,24.39,24.67,24.39,24.39,24.01,24.11,24.85,24.48,24.67,24.39,24.29,24.20,24.39,24.20,24.39,24.57,24.57,24.48,24.48,24.48,24.20,24.57,24.67,24.20,24.57,24.57,24.57,24.01,24.29,24.39,24.29,24.29,24.67,24.39,23.92,24.29,24.57,24.57,24.39,24.29,24.67,24.39,24.76,24.39,24.48,24.67,24.76,24.85,24.29,24.48,24.85,24.67,24.57,24.67,24.67,24.39,24.76,24.57,24.39,24.57,24.93,24.67,24.57,24.29,24.39,24.85,25.02,24.85,24.85,24.67,24.67,24.57,24.29,24.39,24.67,24.57,24.48,24.67,24.48,24.48,25.11,24.85,24.39,24.39,24.76,24.48,24.48,24.85,25.11,24.57,24.39,25.02,24.57,24.39,24.48,24.48,24.48,24.29,24.48,24.57,24.48,24.48,24.76,24.76,24.67,24.57,25.20,24.57,24.76,24.93,25.11,24.76,24.67,25.02,25.37,25.28,25.28,25.46,25.55,25.46,25.11,25.63,25.55,25.55,25.72,25.81,25.81,25.63,25.72,25.81,25.63,25.63,25.46,25.37,25.46,25.55,25.02,25.46,25.02,25.11,25.11,24.85,24.93,25.02,25.20,25.28,24.93,24.85,24.85,25.28,24.67,25.02,24.85,24.67,24.85,24.85,24.93,24.48,24.85,24.57,24.93,24.57,24.48,24.57,24.48,24.93,24.93,24.76,24.39,24.57,24.67,24.67,24.93,24.57,24.57,24.76,24.48,24.48,24.85,24.67,24.67,24.85,24.67,24.39,24.39,24.76,24.48,24.67,24.67,24.93,24.57,24.39,24.67,24.76,25.11,24.67,24.76,25.11,24.39,24.76,24.76,24.85,24.29,24.85,24.39,24.76,24.57,24.76,24.39,24.48,24.85,24.57,24.48,24.39,24.76,24.39,24.39,24.48,24.48,24.67,24.39,24.48,24.85,24.29,24.57,24.48,24.48,24.57,24.20,24.48,24.57,24.20,24.29,24.48,24.48,24.29,24.20,24.29,24.57,24.29,23.73,24.67,24.11,24.20,24.20,24.29,24.39,24.29,24.29,24.29,24.39,24.01,24.29,25.02,24.57,24.48,24.20,24.39,24.29,24.29,24.39,24.39,24.20,24.48,24.29,24.67,24.29,24.67,24.39,24.11,24.11,24.20,24.11,24.76,24.29,24.29,24.67,24.29,24.01,24.20,24.57,24.20,24.39,24.01,24.48,23.73,24.48,23.92,24.29,24.29,24.20,24.29,24.01,24.11,24.57,24.20,24.57,24.57,24.01,24.11,24.29,24.29,24.11,24.76,24.11,24.39,24.29,24.20,24.48,24.11,24.20,24.29,24.48,24.29,24.11,24.01,24.11,24.01,24.29,24.48,24.29,24.29,24.39,24.01,24.20,24.48
24.20,24.48,23.83,24.11,24.57,24.29,24.01,24.39,24.29,24.39,24.29,24.48,24.39,24.29,23.92,24.29,24.67,24.48,24.11,24.48,23.92,24.48,24.20,24.29,24.11,24.20,24.11,24.20,24.48,24.67,24.57,24.20,24.29,24.20,24.11,24.11,24.39,24.67,24.01,24.29,24.39,24.29,24.57,24.20,24.39,24.57,24.29,24.01,24.48,24.20,24.39,24.20,24.39,24.39,24.29,24.39,25.02,24.29,24.11,24.57,24.85,24.20,24.20,24.39,24.57,24.48,24.85,24.76,24.76,24.48,24.85,24.85,24.29,24.48,24.29,24.48,24.39,24.48,24.48,24.85,24.76,24.67,24.67,24.20,23.92,24.39,24.67,24.57,24.48,24.01,24.76,23.92,24.57,24.39,24.48,24.48,24.29,24.48,24.29,24.67,24.57,24.57,24.39,24.48,24.39,24.67,24.39,24.76,24.85,24.67,24.39,24.76,24.57,24.39,24.76,24.76,24.20,24.48,24.48,24.39,24.39,25.02,24.93,24.76,24.48,24.76,24.76,24.48,24.57,25.11,24.57,24.48,24.29,24.39,24.67,24.20,25.02,24.76,24.76,24.67,24.67,24.76,24.57,24.85,24.93,24.48,24.48,25.02,24.39,24.93,24.57,24.39,24.85,24.67,24.57,25.02,24.57,24.76,24.39,24.85,24.85,24.48,24.93,24.39,24.01,24.85,24.93,24.57,25.02,24.85,24.57,25.46,25.28,25.37,25.55,25.55,25.46,25.81,25.88,25.81,25.55,25.72,25.98,25.72,26.05,25.63,25.20,25.46,25.63,25.55,25.55,25.37,25.20,25.20,25.20,25.20,25.55,25.11,24.93,24.85,25.11,25.11,24.85,24.85,24.76,25.02,24.76,24.67,24.67,24.76,25.02,24.76,24.93,24.93,24.76,24.85,24.57,24.57,24.57,24.48,24.85,24.39,24.48,24.85,24.57,24.85,24.48,24.57,24.85,24.29,24.48,24.76,24.39,24.76,24.57,24.85,24.57,24.39,24.67,24.57,24.67,24.67,24.57,24.39,24.48,24.39,24.57,24.48,24.39,24.39,24.67,24.29,24.39,24.48,24.67,24.85,24.85,24.67,24.39,24.85,24.85,24.67,24.76,24.57,24.76,24.76,24.20,24.57,25.02,24.20,24.85,24.48,24.67,24.76,24.76,24.48,24.48,24.85,24.93,24.57,24.57,24.85,24.48,24.76,24.76,24.39,24.20,24.39,24.93,24.67,24.29,24.29,24.29,25.02,24.48,24.48,24.20,24.85,24.20,24.39,24.48,24.39,24.29,24.11,24.67,24.29,24.39,24.57,24.39,24.29,24.76,24.48,24.39,24.20,24.57,24.39,24.57,24.39,24.57,24.39,24.67,24.57,24.29,24.29,24.20,23.83,24.48,24.48,24.57,24.20,24.29,24.29,24.48,24.01,24.48,24.01,24.20,24.29,24.29,24.01,24.29,23.92,24.39,24.48,24.20,24.29,24.67,24.11,24.57,24.11,24.67,24.39,24.48,24.01,24.29,24.57,23.83,24.01,23.92,24.48,24.39,24.57,24.11,24.48,24.67,24.20,24.39,24.20,24.11,24.20,23.92,24.48,24.48,24.20,24.48,24.20,24.39,24.11,24.20,24.11,24.11,24.20
24.11,24.29,23.64,23.92,24.29,23.73,24.20,23.83,24.29,24.39,23.92,24.57,24.39,24.48,24.48,24.39,24.11,24.29,24.11,24.20,24.20,24.29,24.39,24.39,24.39,24.20,24.29,24.57,24.57,24.11,24.39,24.01,24.39,24.67,24.11,24.48,24.48,24.01,24.67,24.39,24.39,24.01,24.11,24.39,24.01,24.48,24.39,24.39,24.67,24.67,24.29,24.29,23.92,24.11,24.11,24.48,24.29,24.57,24.01,24.57,24.29,24.20,24.67,24.20,24.48,24.29,24.39,24.39,24.76,24.39,24.11,24.48,24.29,24.67,24.01,24.11,24.57,24.39,24.67,24.57,24.48,24.39,24.39,24.57,24.57,24.11,24.67,24.57,24.39,24.29,24.39,24.57,24.48,24.67,24.48,24.29,24.85,24.67,24.67,24.11,24.67,24.93,24.39,24.39,24.67,24.67,24.39,24.48,24.39,24.29,24.57,24.48,24.76,24.57,24.48,24.29,24.67,24.85,24.57,24.29,24.93,24.57,24.39,24.39,24.76,24.67,24.85,24.57,24.48,24.76,24.39,24.48,24.67,24.67,24.29,24.85,24.57,24.76,24.48,24.48,24.57,24.76,24.48,24.48,24.67,24.39,24.76,24.29,24.85,24.48,24.29,24.85,24.48,25.02,24.67,24.76,24.57,25.20,25.02,24.48,24.57,24.76,24.39,24.57,24.85,24.67,24.39,24.76,24.67,25.11,25.02,25.20,25.63,25.72,25.28,25.63,25.63,25.55,25.72,25.55,25.63,25.98,25.81,25.81,25.28,25.63,25.55,25.37,25.55,25.28,25.28,25.20,25.46,25.46,25.37,24.85,25.37,25.20,25.02,24.85,25.11,25.20,25.20,24.93,25.11,25.20,24.93,25.20,24.93,24.93,24.76,25.20,24.76,24.76,24.57,24.57,24.57,24.57,24.67,24.76,24.39,24.29,24.67,24.57,24.67,24.85,24.67,24.29,24.85,24.67,24.93,24.57,24.39,24.48,24.76,24.93,24.48,24.48,24.48,24.76,24.48,24.67,24.93,24.85,24.67,24.76,24.93,24.67,24.67,24.57,24.29,24.76,24.57,24.85,24.48,24.48,24.39,24.57,24.39,24.57,24.67,24.48,24.48,24.67,24.29,24.67,24.76,24.57,24.76,24.57,24.29,24.57,24.11,24.29,24.76,24.76,24.20,24.39,24.39,24.85,24.29,24.39,25.11,24.76,24.57,24.48,24.11,24.67,24.11,24.67,24.57,24.29,24.29,24.11,24.57,24.11,24.48,24.67,24.76,24.39,24.01,24.57,24.11,24.48,24.76,24.20,24.67,24.48,24.67,24.48,24.57,24.48,24.48,24.29,24.29,24.48,24.48,24.29,24.39,24.57,24.20,24.29,24.01,24.20,24.29,24.48,24.29,24.57,24.29,24.11,24.39,24.48,24.39,24.39,24.01,24.20,24.39,24.76,24.57,24.39,24.39,24.48,24.11,24.48,24.57,24.39,24.39,23.83,24.39,24.29,24.57,23.92,24.76,23.83,24.11,24.01,23.92,24.11,23.83,24.57,24.20,24.29,24.20,24.01,24.57,24.48,24.20,24.20,24.29,24.29,24.29,24.20,24.29,24.39,24.48,23.83,24.48,24.20,24.29,24.29,24.20,24.01
24.67,24.01,24.01,24.20,24.11,24.20,23.83,23.92,24.39,24.39,24.29,24.29,23.83,24.01,24.01,24.48,24.76,24.39,24.39,24.29,24.11,24.48,24.20,24.01,24.29,24.01,24.39,24.39,23.92,23.92,24.29,24.76,24.39,24.67,24.20,24.11,24.11,24.48,24.20,23.83,24.20,24.48,24.11,24.29,24.11,24.20,24.39,24.48,24.39,24.48,24.57,24.39,24.11,24.39,24.20,24.29,24.20,24.29,24.39,24.76,24.29,24.67,24.48,24.20,24.39,24.20,24.67,24.29,24.48,24.20,24.67,24.67,24.76,24.29,24.01,24.48,24.48,24.67,24.57,24.67,24.01,24.57,24.20,24.29,24.20,24.48,24.93,24.20,24.11,24.20,24.39,24.29,24.39,24.39,24.48,24.29,24.57,24.67,24.48,24.67,24.57,24.48,24.39,25.02,24.67,24.48,24.48,24.48,24.48,24.39,24.67,24.48,24.76,24.29,24.29,24.76,24.39,24.20,24.39,24.57,24.57,24.67,24.48,24.39,24.39,24.48,24.67,24.76,24.57,24.48,24.39,24.85,24.57,24.76,24.39,24.76,24.39,25.02,24.39,24.76,24.57,24.93,24.67,24.57,24.57,24.57,24.48,24.93,24.57,24.57,24.67,24.48,24.67,24.76,24.48,25.02,24.93,24.57,24.48,24.48,24.76,24.29,24.48,24.85,24.85,24.76,24.85,24.67,24.48,24.76,25.20,25.46,25.37,25.37,25.37,25.55,25.72,25.37,25.72,25.46,25.55,25.72,25.72,25.63,25.63,25.46,25.63,25.55,25.37,25.11,25.02,25.02,25.20,25.20,25.28,25.28,25.28,24.93,25.02,25.11,24.93,25.20,25.28,24.76,24.67,25.02,24.93,24.85,24.85,24.85,24.93,24.57,24.93,24.93,24.76,24.93,24.93,24.67,24.48,24.29,24.48,24.57,24.11,24.67,24.48,24.57,24.57,24.29,24.39,24.76,24.48,24.76,24.76,24.48,24.93,24.48,24.48,24.93,24.76,24.48,24.57,24.67,24.76,24.57,24.57,24.76,24.67,24.76,24.76,24.76,24.85,24.93,24.76,24.67,24.67,24.85,24.67,24.57,24.48,24.67,24.48,24.57,24.01,24.57,24.39,24.67,24.48,24.67,24.29,24.57,24.57,24.93,24.39,24.85,24.76,24.76,24.85,24.67,24.11,24.57,24.48,24.01,25.02,24.76,24.20,24.29,24.11,24.39,24.39,24.29,24.48,24.29,24.67,24.29,24.11,24.85,24.39,24.39,24.48,24.39,24.67,24.20,24.48,24.20,24.48,24.48,24.29,24.01,24.39,24.67,24.01,24.29,24.29,24.93,24.48,24.29,24.39,24.76,24.39,24.67,24.57,24.29,24.20,24.29,24.39,24.20,24.29,24.20,24.48,24.11,24.48,24.76,24.39,24.29,24.29,24.01,24.01,24.39,24.48,24.39,24.29,23.73,24.29,23.83,24.29,23.73,24.48,24.29,24.39,24.20,24.39,24.20,24.20,24.20,24.39,24.39,24.29,24.57,24.29,24.48,24.20,24.48,24.39,24.01,24.57,24.57,24.29,24.39,24.11,23.92,24.29,24.39,24.29,24.39,24.29,23.92,24.11,24.11,24.20,24.39,24.85,23.83
24.29,24.11,24.48,24.20,23.92,23.73,24.39,23.73,24.29,24.01,23.92,24.29,24.01,23.83,23.92,24.29,23.83,24.29,24.11,24.20,24.20,24.20,24.39,24.39,24.93,24.11,24.57,23.55,24.11,24.20,24.11,24.20,23.73,23.83,24.39,24.39,24.11,24.29,24.48,24.29,24.20,23.92,24.29,23.92,24.20,24.39,24.57,24.39,24.29,24.20,24.20,24.39,24.29,24.39,24.67,24.85,24.39,24.67,24.76,24.39,23.92,24.48,24.29,24.76,24.48,24.76,24.76,24.01,24.76,24.48,24.93,24.57,24.67,24.11,24.67,24.29,24.67,24.48,24.67,24.57,24.67,24.29,24.39,24.48,24.20,24.67,24.57,24.57,24.39,24.67,24.29,24.48,24.76,24.67,24.57,24.29,24.57,24.48,24.20,24.76,24.67,24.39,24.57,24.48,24.11,24.76,24.57,24.48,24.67,24.29,24.11,24.57,24.85,24.76,24.85,24.57,24.57,24.57,24.48,24.93,24.39,24.67,24.48,24.76,24.48,24.67,25.02,24.67,24.67,24.76,24.57,24.39,24.85,24.29,24.93,24.39,25.02,24.67,24.76,24.48,24.67,24.67,24.57,24.67,24.20,24.76,24.85,24.39,24.76,25.02,24.29,24.93,24.76,24.76,24.48,24.67,24.48,24.57,24.57,24.85,24.85,24.29,24.48,24.76,24.48,24.67,24.76,24.48,24.57,25.02,25.28,25.37,25.11,25.28,25.55,25.11,25.72,25.20,25.63,25.88,25.28,25.46,25.37,25.72,25.46,25.46,25.37,25.37,25.11,25.46,25.20,25.28,25.02,25.37,25.20,25.11,25.20,24.76,24.76,25.11,24.93,24.76,24.57,24.93,24.57,24.93,25.02,24.67,24.76,25.02,24.76,24.67,24.76,24.93,24.85,24.76,24.39,24.57,24.76,24.20,24.67,24.67,24.57,24.76,24.76,24.48,24.48,24.93,24.76,24.57,24.67,24.39,24.76,24.48,24.85,24.29,24.67,24.57,24.76,24.67,24.20,24.29,24.20,24.76,24.67,24.85,24.67,24.48,25.11,24.67,24.76,24.57,24.20,24.67,24.39,24.67,24.93,24.57,24.85,24.85,24.76,24.85,24.48,24.01,24.76,24.29,24.48,24.67,24.76,24.67,24.76,24.39,24.48,24.11,24.67,24.11,24.29,24.48,24.11,24.29,24.11,24.20,24.57,24.39,24.39,24.39,24.57,24.39,24.39,24.29,24.39,24.85,24.11,24.67,24.29,24.67,24.01,24.39,24.39,24.76,24.76,24.67,24.48,24.39,24.39,24.39,24.39,24.29,24.11,24.29,23.92,24.20,24.29,24.57,24.29,24.20,24.29,24.29,24.01,24.20,24.29,24.67,23.73,24.57,24.57,24.57,24.20,24.48,24.57,24.29,24.29,24.57,24.57,24.11,24.20,24.39,24.39,24.29,24.48,24.39,24.11,24.29,24.29,24.76,24.11,24.29,24.48,24.01,24.39,24.48,24.11,23.83,24.20,24.48,24.48,24.29,24.57,24.11,24.01,24.11,24.57,24.29,24.67,23.92,24.29,24.67,24.76,24.20,24.20,24.67,24.29,24.20,24.11,24.01,24.39,24.20,24.39,24.39,24.48,23.92,24.29,24.48
23.83,24.67,24.39,24.48,24.48,24.20,23.83,23.92,24.11,24.20,24.48,24.20,24.39,24.48,24.11,24.48,24.20,24.39,24.39,24.11,23.92,24.29,24.29,24.20,24.29,24.11,24.48,24.11,24.11,24.57,24.48,24.29,24.20,24.67,24.48,23.83,24.29,23.83,24.48,24.67,24.39,24.39,24.39,24.20,24.39,24.29,24.57,24.39,24.29,24.11,24.29,24.29,24.29,24.76,24.48,24.39,24.48,24.67,23.92,24.29,24.39,24.48,24.39,24.39,24.39,24.20,24.39,24.20,24.57,24.57,25.11,24.39,24.76,24.48,24.20,24.67,24.29,24.76,24.85,24.39,24.57,24.67,24.39,24.29,24.48,24.48,24.57,24.67,24.67,24.20,24.39,24.48,24.76,24.67,24.57,24.67,24.39,24.39,24.57,24.67,24.57,24.39,24.76,24.48,24.48,24.48,24.57,24.48,24.48,24.93,24.39,24.76,24.57,24.29,24.29,24.67,24.85,25.02,24.85,24.39,24.48,24.57,24.67,24.57,24.48,24.39,24.85,24.76,24.76,25.02,24.67,24.57,24.85,24.39,25.02,25.20,24.85,25.11,25.20,24.85,24.48,24.57,24.20,24.29,24.67,24.48,24.48,24.93,24.57,24.85,24.48,24.85,24.93,24.85,24.67,24.57,24.85,25.20,24.85,24.76,24.76,25.11,24.39,24.76,25.02,24.67,24.57,24.48,24.48,24.48,25.37,25.37,25.55,25.28,25.46,25.37,25.37,25.63,25.46,25.81,25.11,25.37,25.63,25.63,25.46,25.88,25.55,25.37,24.93,25.20,25.63,25.20,25.02,25.20,25.28,25.46,25.20,24.85,25.11,25.11,24.93,25.11,24.57,25.02,25.11,25.11,25.20,24.85,25.02,24.67,24.48,25.02,24.39,24.76,24.48,24.48,24.67,24.67,24.39,24.85,24.57,25.02,24.76,24.93,24.39,24.29,24.39,24.39,24.57,24.29,24.67,24.57,24.57,24.76,24.57,24.29,24.57,24.76,24.57,24.39,24.57,24.20,24.20,24.48,24.76,24.39,24.48,24.67,24.29,24.29,24.57,24.39,24.39,24.48,24.67,24.67,24.93,24.39,24.11,24.39,24.57,24.20,24.29,24.76,24.57,24.76,24.39,24.48,24.29,24.39,24.76,24.76,24.57,24.48,24.11,24.67,24.48,24.76,24.29,24.29,24.20,24.39,24.85,23.92,24.48,24.29,24.67,25.02,24.67,24.29,24.20,24.76,24.67,24.57,24.20,24.48,24.20,24.29,24.29,24.93,24.67,24.29,24.57,24.11,24.11,24.29,24.11,24.39,24.57,24.48,24.11,24.29,24.20,24.48,24.11,24.48,24.20,24.29,24.67,24.67,24.11,24.29,24.39,24.48,24.57,24.57,24.20,24.39,24.39,24.29,24.11,24.29,23.83,24.29,24.20,24.39,24.01,24.29,24.11,24.20,24.57,24.29,23.83,24.48,23.92,23.92,24.29,24.01,24.57,24.57,24.01,24.48,24.48,24.20,24.57,24.48,24.01,24.29,23.92,24.39,24.57,24.57,24.29,24.01,24.29,24.48,24.11,24.48,24.39,24.01,24.01,24.39,24.29,24.29,24.20,24.39,24.20,24.01,24.20,24.39,24.11,23.92
24.01,23.92,24.11,23.83,24.29,24.11,24.20,24.20,23.92,24.48,24.11,24.11,24.29,24.29,24.20,24.01,24.11,23.92,24.39,24.57,24.39,24.11,24.39,24.20,24.11,24.20,24.11,24.01,24.11,24.11,23.73,24.48,24.11,24.01,24.11,24.48,24.39,24.01,23.92,24.67,24.39,24.57,24.11,24.67,24.57,24.48,24.48,24.48,24.29,24.29,24.48,24.20,24.67,24.39,24.39,24.48,24.39,24.67,24.11,24.11,24.93,24.29,24.76,24.48,24.67,24.76,24.39,24.57,24.48,24.93,24.67,24.48,25.02,24.01,24.67,24.29,24.29,24.48,24.29,24.67,24.29,24.39,24.67,24.57,24.57,24.48,24.76,24.48,24.20,24.39,24.20,24.29,24.20,24.57,24.85,24.01,24.20,24.29,24.57,24.57,24.67,24.67,24.29,24.57,25.02,24.57,24.76,24.57,24.48,24.85,24.20,24.11,24.48,25.02,24.76,25.02,24.67,24.48,24.85,25.02,24.39,24.48,24.67,24.29,24.39,25.11,24.29,24.48,24.67,24.29,24.76,24.39,25.02,24.20,24.76,24.48,25.02,24.57,24.39,25.20,24.29,24.39,24.67,24.57,24.39,24.57,24.85,24.76,24.93,24.48,24.93,24.48,24.39,24.67,24.93,24.67,24.48,24.67,24.48,24.39,24.76,25.11,24.48,24.85,24.85,25.02,25.11,24.67,24.39,25.20,25.11,25.46,25.55,25.20,25.55,25.63,25.20,25.37,25.72,25.55,25.72,25.63,25.72,25.55,25.28,25.46,25.37,25.28,25.11,25.46,25.11,25.46,25.28,25.20,25.02,25.20,24.93,25.20,25.20,24.93,24.93,24.93,25.11,24.67,24.85,24.48,25.02,25.11,24.93,24.76,24.67,25.20,24.48,24.57,24.76,24.67,24.85,24.67,24.67,24.48,24.76,24.39,24.76,24.57,24.93,24.76,24.57,24.20,24.39,24.48,24.76,24.39,24.57,24.67,24.93,24.67,24.29,24.29,24.57,24.48,24.57,24.01,24.67,24.57,24.48,24.57,24.29,24.01,24.67,24.39,24.57,24.39,24.67,24.85,24.76,24.20,24.48,24.76,24.67,24.76,24.57,24.48,24.39,24.48,24.76,24.67,24.85,24.01,24.29,24.01,24.76,24.11,24.20,24.39,24.48,24.29,24.57,24.39,24.57,24.48,24.57,24.67,24.29,24.67,24.39,24.67,24.48,24.48,24.39,24.48,24.76,24.29,24.48,24.11,24.67,24.39,24.29,24.67,24.20,24.29,24.29,24.29,24.39,24.48,24.48,24.39,24.39,24.48,24.29,24.48,23.92,24.57,24.20,24.20,24.20,24.29,24.76,24.39,24.48,24.20,24.39,24.11,24.57,24.48,24.48,24.85,24.29,24.20,24.48,24.11,24.29,24.29,24.29,24.20,24.57,24.48,24.85,23.73,24.67,24.29,24.48,24.57,24.11,24.39,24.20,24.11,24.29,24.39,24.20,24.48,24.11,24.01,23.92,24.48,24.48,24.11,24.48,24.01,24.01,24.11,24.01,24.29,24.67,23.83,24.11,24.11,24.57,24.20,24.20,24.11,24.67,24.01,24.01,24.29,24.48,24.20,24.20,24.29,24.01,24.39,24.11,24.11
24.29,24.01,24.11,24.20,24.01,24.48,24.11,24.11,23.92,24.39,24.11,24.39,24.11,24.20,24.29,24.39,24.29,24.57,24.39,24.11,24.29,24.29,24.20,24.48,24.39,24.48,24.76,24.76,24.76,24.67,23.92,24.29,24.48,24.39,24.39,24.67,24.48,24.01,24.29,24.20,24.29,24.48,24.29,24.39,24.29,24.57,24.20,24.57,24.20,24.48,24.39,24.29,24.48,24.48,24.39,24.39,24.39,24.57,24.29,24.57,24.57,24.29,24.29,24.67,24.67,24.39,24.48,24.76,24.20,24.76,24.48,24.48,24.67,24.57,24.29,24.29,24.67,24.39,24.29,24.57,24.39,24.29,24.48,24.20,24.67,24.39,24.20,24.48,24.48,24.20,24.67,24.20,24.11,24.48,24.57,24.67,24.67,24.57,24.85,24.67,24.76,24.85,24.67,24.67,24.29,25.11,24.57,24.93,24.39,24.76,24.67,24.48,24.48,24.57,24.48,24.39,24.57,25.11,24.57,24.57,24.39,24.48,24.67,24.93,24.48,24.93,24.48,24.67,24.48,24.76,25.02,25.20,24.76,24.93,24.57,24.48,25.02,24.48,24.67,24.39,24.57,24.11,24.93,24.57,24.76,25.02,24.48,24.93,24.48,24.57,24.76,25.02,24.57,24.76,24.20,24.67,24.57,24.85,24.67,24.57,24.57,25.11,24.67,24.67,24.57,25.02,24.67,25.11,25.02,25.11,25.11,25.20,25.46,25.55,25.02,25.46,25.55,25.55,25.81,25.55,25.46,25.63,25.02,25.46,25.37,25.28,25.37,25.46,25.46,25.02,25.46,25.46,25.28,25.46,25.02,25.02,25.20,25.02,25.20,24.93,25.02,24.57,24.85,25.11,24.85,25.11,25.02,25.11,25.11,24.76,24.76,24.48,24.76,24.48,24.93,24.76,24.67,24.48,24.76,24.29,24.48,24.39,24.85,24.76,24.85,24.48,24.67,24.57,24.29,24.85,24.67,24.67,24.67,24.67,24.85,24.67,24.29,24.39,24.76,24.57,24.48,24.67,24.67,24.39,24.76,24.57,24.48,24.29,24.01,24.48,24.48,24.76,24.76,25.02,24.76,24.76,24.57,24.85,24.67,24.93,24.39,24.57,24.67,24.67,24.76,24.48,24.93,24.48,24.76,24.67,24.67,24.39,24.76,24.67,24.85,24.67,24.93,24.39,24.57,24.67,24.57,24.20,24.67,24.67,24.67,24.20,24.48,24.76,24.48,24.57,24.39,25.11,24.48,24.57,24.39,24.57,24.29,24.57,24.39,24.20,24.39,24.11,24.85,24.29,24.39,24.29,24.39,24.20,24.39,24.39,23.83,24.39,24.29,24.39,24.39,24.29,24.39,24.39,24.39,24.39,24.57,24.39,24.57,24.48,24.39,24.67,24.85,24.48,24.39,24.01,24.48,24.20,24.48,24.29,24.57,24.39,24.29,24.20,24.67,24.01,24.48,24.48,24.29,24.39,24.11,24.39,24.48,24.48,24.76,24.29,24.29,24.39,24.39,24.76,24.11,23.92,24.11,24.57,24.48,24.48,24.11,23.92,24.01,24.11,24.20,24.48,24.29,24.11,24.57,24.48,24.29,24.39,23.92,24.20,23.92,24.29,23.64,24.29,23.55,24.11,24.01,24.39
24.57,24.20,24.20,23.45,24.48,23.92,24.01,23.92,24.39,24.39,24.20,23.92,24.67,24.29,24.48,23.92,24.29,24.29,24.20,23.92,24.48,24.11,24.39,24.20,24.29,24.01,24.57,24.11,24.01,24.20,23.92,24.39,24.39,24.11,24.57,24.20,24.29,24.29,23.83,24.48,24.29,24.29,24.57,24.29,24.39,24.39,24.20,24.48,24.11,24.29,24.20,24.57,24.11,24.67,24.20,24.67,24.48,24.67,24.29,24.39,24.01,24.29,24.57,24.57,24.48,24.01,24.39,25.02,24.20,24.48,24.57,24.76,24.48,24.57,24.57,24.67,24.76,24.57,24.20,24.39,24.29,24.29,24.48,24.57,24.29,24.39,24.29,24.29,24.39,24.67,24.67,24.20,24.48,24.29,24.39,24.57,24.67,24.93,24.67,24.20,25.20,24.48,24.48,24.57,24.67,24.57,24.39,24.57,24.48,24.29,24.67,24.67,24.48,24.57,24.85,24.85,24.67,24.39,24.39,25.02,24.76,24.48,24.48,24.57,24.20,24.57,24.39,25.11,24.29,24.76,24.67,24.85,24.67,24.11,25.02,24.93,24.01,24.29,24.57,24.48,24.57,24.39,24.85,24.48,24.67,24.48,25.11,25.02,24.57,24.39,24.76,24.48,24.76,25.02,24.93,25.02,24.67,25.02,24.67,25.02,25.02,25.02,24.67,24.76,24.48,24.57,24.85,24.76,24.67,24.85,25.37,25.46,25.28,25.46,25.46,25.46,25.20,25.63,25.20,25.37,25.63,25.37,25.72,25.28,25.55,25.28,25.63,25.20,25.11,25.37,25.11,25.20,25.20,25.11,25.46,25.02,25.11,24.93,25.20,25.20,25.20,25.20,24.76,25.02,24.93,24.85,25.20,25.02,24.76,24.57,24.76,24.67,24.76,24.67,24.93,25.28,24.48,24.85,24.67,24.57,24.85,24.29,24.57,24.48,24.57,24.85,24.48,24.39,24.57,24.57,24.57,24.67,24.67,24.57,24.67,24.85,24.39,24.85,24.29,24.85,24.29,24.48,24.67,24.48,24.76,24.39,24.57,24.48,24.48,24.48,24.85,24.57,24.67,24.48,24.39,24.76,24.57,24.76,24.57,24.67,24.93,24.67,24.48,24.93,24.67,24.85,24.39,24.67,24.93,24.39,24.67,24.20,24.48,24.67,24.57,24.85,24.39,24.76,24.20,24.20,24.76,24.67,24.67,24.39,24.76,24.67,24.57,25.02,24.67,24.29,24.01,24.57,24.39,24.67,24.48,24.48,24.39,24.48,24.20,24.39,24.48,24.76,24.76,24.76,24.85,24.29,24.11,24.11,24.29,24.20,24.20,24.93,24.20,24.29,24.29,24.11,24.48,24.39,24.29,24.48,24.39,24.29,24.29,24.20,24.48,24.48,24.57,24.11,24.57,24.39,24.39,24.57,24.39,24.67,24.39,24.29,24.39,24.57,24.11,24.29,24.39,24.48,24.48,24.20,24.39,24.39,24.39,24.39,24.20,24.39,24.39,24.29,24.29,24.48,24.29,24.20,24.39,24.39,24.29,24.01,24.76,24.57,24.29,24.48,24.39,24.11,23.92,24.11,24.29,24.48,24.20,24.39,24.29,23.73,24.57,24.01,24.29,24.20,24.29,24.29,23.92,24.39
23.64,24.11,23.64,24.01,24.39,23.64,24.11,23.83,24.01,24.29,24.20,24.48,24.29,24.20,24.29,24.76,24.39,24.11,24.48,24.57,24.76,23.83,24.39,24.20,24.11,24.01,24.29,24.20,24.39,24.20,24.01,24.20,24.48,24.67,24.11,24.20,24.39,24.11,24.29,24.29,24.29,24.39,24.39,24.76,24.29,24.11,24.29,23.92,24.20,24.29,24.57,24.11,24.48,24.85,24.57,24.29,24.67,24.29,24.29,24.85,24.57,24.67,24.11,24.76,24.29,24.76,24.39,24.76,24.11,24.67,24.39,24.85,24.48,24.39,25.02,24.57,24.57,24.48,24.29,24.11,24.93,25.02,24.48,24.11,24.29,24.57,24.39,24.11,24.29,24.11,24.67,23.92,24.39,24.01,24.57,24.48,24.57,24.29,24.20,24.29,24.39,24.67,23.92,24.67,24.39,24.48,24.76,24.48,24.67,24.57,24.57,24.67,24.48,24.48,24.57,24.39,24.39,24.67,24.67,25.20,24.85,24.85,24.48,24.57,24.39,24.85,24.57,24.67,24.48,24.39,24.67,24.20,24.57,24.76,24.85,24.93,24.29,24.39,24.67,24.57,24.29,24.39,24.67,24.39,24.57,24.39,24.93,24.57,24.29,24.93,25.11,24.39,24.85,25.02,24.48,24.67,24.57,24.48,24.48,24.93,24.85,24.48,24.67,24.48,24.67,24.48,24.76,24.57,24.76,24.76,24.85,25.20,25.28,25.37,25.20,25.28,25.28,25.55,25.46,25.46,25.28,25.28,25.55,25.72,25.46,25.55,25.28,25.37,25.55,25.46,25.20,25.28,25.20,25.20,25.37,25.11,25.11,25.11,25.02,25.28,25.11,24.93,24.57,24.76,24.93,24.39,25.11,24.76,25.11,24.67,24.57,24.57,24.76,25.02,24.76,24.57,24.76,24.48,24.57,24.76,24.67,24.57,24.85,24.39,24.48,24.39,24.67,24.76,24.39,24.85,24.29,24.39,24.76,25.02,24.57,24.93,24.85,24.11,24.20,24.67,24.48,24.29,24.39,24.67,24.85,24.29,24.85,24.67,24.67,24.29,24.11,24.67,24.57,24.48,24.67,24.48,24.67,24.39,24.57,24.85,24.67,24.20,24.67,24.93,24.93,24.93,24.57,24.76,24.57,24.57,24.20,24.29,24.67,24.57,24.57,24.57,24.76,24.29,24.67,24.39,24.93,24.57,24.67,24.29,24.20,24.67,24.39,24.57,24.67,24.85,24.29,24.48,24.67,24.29,24.20,23.92,24.85,24.57,24.39,24.11,24.39,24.67,24.29,24.57,24.48,24.39,24.76,24.48,24.29,24.48,24.01,23.92,24.29,24.20,24.48,24.11,24.39,24.20,24.29,24.39,24.29,24.11,24.48,24.29,24.39,24.57,23.92,24.39,24.48,24.29,24.93,24.29,24.48,24.29,23.83,24.48,24.29,24.39,24.29,24.39,24.48,24.57,23.64,24.48,24.29,23.83,24.48,23.92,24.20,24.11,24.39,24.29,24.11,24.67,24.48,24.20,24.48,24.39,24.48,23.83,24.39,23.83,24.20,24.11,24.29,24.48,24.39,24.39,24.57,24.20,24.01,24.11,24.39,24.11,24.20,24.01,24.20,24.20,24.29,24.29,24.20,24.11
23.92,24.20,24.11,24.01,24.11,24.11,24.29,24.29,23.83,24.01,24.48,24.39,24.20,24.11,24.57,24.29,24.29,24.11,24.20,24.20,24.11,24.01,24.57,24.48,24.48,24.39,24.11,24.39,24.20,24.20,24.01,24.48,24.20,24.39,23.92,24.39,24.11,24.11,24.20,24.01,24.85,24.01,24.29,23.83,24.20,24.57,24.11,24.29,24.57,24.29,24.85,24.20,24.67,24.20,24.67,23.92,24.39,24.57,24.39,24.39,24.57,24.57,24.48,24.67,24.20,24.20,24.48,24.39,24.57,24.76,24.76,24.67,24.57,24.20,24.39,24.39,24.20,24.57,24.67,24.20,24.39,24.20,24.57,24.29,24.29,24.29,24.48,24.20,24.39,24.67,24.67,24.29,24.48,24.57,24.57,24.48,24.48,24.57,24.57,24.85,24.48,24.67,24.39,24.76,24.93,24.57,24.48,24.93,24.67,24.57,24.57,24.67,24.93,24.67,25.11,24.67,24.76,24.39,24.76,24.39,24.39,24.93,24.39,24.57,24.85,24.29,24.39,24.67,25.02,24.67,25.02,24.57,24.39,25.02,24.93,24.93,24.76,24.67,24.39,24.48,24.57,24.76,24.20,24.39,24.48,24.76,24.57,24.39,24.57,24.39,24.57,24.67,24.93,24.39,24.67,23.92,25.02,25.02,24.57,24.67,24.93,24.85,24.57,24.85,24.39,24.67,24.57,25.02,25.28,24.85,25.20,25.46,25.55,25.63,25.46,25.55,25.37,25.46,25.81,25.28,24.93,25.28,25.55,25.28,25.20,25.46,25.02,25.02,25.37,25.02,25.28,25.28,24.85,25.20,25.20,24.76,25.20,24.76,25.02,24.48,24.76,24.85,25.20,24.76,24.57,24.76,25.02,24.76,24.93,25.11,24.93,24.76,24.93,24.57,24.76,24.85,24.48,24.85,24.85,24.57,24.20,24.48,24.57,24.76,24.67,24.93,24.39,24.48,24.57,25.02,24.29,24.48,24.48,24.48,24.48,24.85,24.76,25.02,24.39,24.29,24.67,24.57,24.48,24.29,24.48,24.29,24.48,24.39,24.39,24.67,24.67,24.85,24.39,25.02,24.67,24.39,24.57,24.76,24.67,24.29,24.48,24.39,24.57,24.57,24.57,24.76,24.67,24.57,24.29,24.11,24.76,24.20,24.76,24.85,24.57,24.20,24.11,24.39,24.20,24.67,24.85,24.67,24.29,24.48,24.76,24.76,24.67,24.29,24.85,24.67,24.57,24.29,24.11,24.57,24.29,24.20,24.67,24.48,24.20,24.67,24.20,24.29,24.20,24.48,24.29,24.57,24.29,24.76,24.11,24.48,24.57,24.20,24.57,23.83,24.48,24.20,24.20,24.20,24.57,24.57,24.57,24.39,24.39,24.39,24.57,24.67,24.29,24.29,24.76,24.48,24.57,24.48,24.57,23.92,24.39,24.29,24.48,24.39,24.29,24.29,24.39,24.48,24.39,24.20,24.20,24.39,24.57,24.57,24.39,24.20,24.29,23.92,24.29,24.20,24.57,24.48,24.29,24.39,24.11,24.20,24.57,24.20,24.29,24.67,24.11,24.48,23.92,24.93,24.48,24.11,24.85,24.20,24.11,24.11,24.11,24.29,24.29,24.20,24.01,24.29,23.83,24.29
24.01,24.20,24.48,24.29,24.57,23.83,23.83,24.29,24.48,24.39,24.01,24.39,24.85,24.39,23.92,24.29,24.29,24.76,24.29,24.76,24.76,24.20,24.01,24.29,24.29,24.39,24.20,24.11,24.20,24.11,24.57,24.48,24.48,23.83,24.39,24.11,24.57,24.39,24.01,24.29,24.67,24.11,24.01,24.29,24.48,24.29,23.92,24.39,24.39,24.11,24.48,24.29,24.11,24.20,24.29,24.48,24.67,24.48,24.39,24.67,24.11,24.57,24.20,24.29,24.20,24.48,24.48,24.48,24.39,24.67,24.11,24.57,24.85,24.48,24.57,24.67,24.11,24.29,24.11,24.29,24.39,24.39,24.20,24.39,24.39,24.39,24.39,24.29,24.57,24.20,24.29,24.48,24.48,24.48,24.48,24.20,24.57,24.48,24.39,24.57,25.02,24.67,25.11,24.48,24.93,25.28,24.67,24.67,24.85,24.57,24.85,25.02,24.76,25.02,24.29,24.39,24.93,24.67,24.67,24.57,24.39,24.29,24.29,24.57,24.39,24.85,24.67,24.57,24.57,24.85,24.85,25.02,24.85,24.11,24.57,24.93,24.57,24.57,24.67,24.67,25.02,24.76,24.39,24.29,24.76,24.67,24.57,24.67,24.76,24.85,24.29,24.67,24.67,24.93,24.67,24.57,24.85,24.57,24.39,25.02,24.93,24.93,25.20,24.85,24.93,24.29,24.67,24.76,24.85,25.02,24.85,25.20,25.37,25.37,25.20,25.55,25.46,25.72,25.02,25.63,25.55,25.46,25.46,25.20,25.20,25.02,25.20,25.37,25.37,25.20,25.02,25.28,25.37,25.11,25.37,25.55,25.20,25.11,24.57,24.93,25.37,25.20,24.57,24.76,24.93,24.76,24.67,24.67,24.57,24.67,25.02,25.02,25.02,25.02,24.93,24.85,24.57,25.11,24.67,24.39,24.39,24.39,24.29,24.57,24.48,24.76,24.57,24.29,24.48,24.29,24.29,24.85,24.57,24.85,24.48,24.57,24.48,24.20,24.29,24.76,24.48,24.67,24.57,24.85,24.48,24.76,24.48,25.20,24.29,24.67,24.48,24.48,24.57,24.48,24.48,24.76,24.76,24.57,24.39,24.76,24.29,24.57,24.85,24.29,24.29,24.48,24.76,24.48,24.48,24.39,24.93,24.48,24.48,24.48,24.57,24.67,24.85,24.57,24.29,24.76,24.29,24.39,24.85,24.48,24.48,24.85,24.85,24.76,24.20,24.67,24.39,24.29,24.11,24.29,24.20,24.57,24.67,24.20,24.48,23.92,24.29,24.01,23.92,24.11,24.11,24.29,24.76,24.57,24.01,24.20,24.29,24.76,24.57,24.20,24.29,24.48,24.48,24.20,24.20,24.39,24.20,24.29,24.76,24.29,24.57,24.29,24.11,24.48,24.29,24.01,24.01,24.48,24.20,24.29,24.76,24.29,24.67,24.29,24.76,24.39,24.67,24.29,24.20,24.11,24.29,24.11,24.29,23.92,24.20,24.48,24.57,24.29,24.29,24.39,24.48,23.92,24.01,24.67,24.48,24.01,24.01,24.39,24.20,24.48,24.48,24.29,24.11,24.20,24.11,24.67,24.48,24.11,24.20,24.76,24.29,24.20,24.01,24.11,24.11,24.11,24.39,24.39
24.29,24.20,24.39,24.20,24.11,23.83,24.29,24.48,24.76,24.39,24.48,24.29,24.48,24.11,24.29,24.20,23.92,24.39,24.39,24.29,24.29,24.20,24.20,23.92,24.20,24.29,24.39,24.39,24.29,24.39,24.76,24.67,24.29,24.48,24.57,24.29,24.57,24.20,24.29,24.48,24.39,24.29,24.67,24.39,24.48,24.29,24.11,24.39,24.39,24.11,24.29,24.20,24.48,24.48,24.67,24.39,24.57,24.39,24.48,24.20,24.29,24.76,24.39,24.67,24.39,24.29,24.67,24.48,24.48,24.85,24.48,24.48,24.67,24.67,24.67,24.39,24.67,24.85,24.57,24.48,24.57,24.57,24.57,24.67,24.76,24.39,24.39,24.11,24.39,24.67,24.20,24.11,24.67,24.11,24.29,24.48,24.76,24.93,24.67,24.57,24.76,24.39,24.76,24.48,24.57,24.76,24.57,25.02,24.93,24.57,24.48,24.76,24.48,24.29,24.57,24.29,24.29,24.67,24.48,24.67,24.48,24.39,25.20,24.76,24.67,24.57,24.57,24.85,24.29,24.67,24.93,24.76,24.85,24.48,24.67,24.29,24.57,24.20,24.57,24.39,24.76,25.11,24.29,25.20,24.67,24.48,24.67,24.48,24.48,25.02,24.39,24.85,24.48,24.20,24.76,24.39,24.85,24.48,24.93,24.29,24.57,24.93,24.76,25.11,24.93,24.76,25.20,24.93,24.93,24.93,25.02,25.28,25.02,25.37,25.11,25.37,25.55,25.63,25.46,25.20,25.55,25.55,25.55,25.20,25.37,25.28,25.28,25.20,25.20,25.11,25.20,25.11,24.93,24.93,25.20,25.20,25.02,24.76,25.20,25.55,24.85,24.76,24.57,25.02,24.93,25.11,25.28,24.85,24.76,24.93,24.76,25.02,24.67,24.67,24.57,24.48,24.57,24.93,24.48,24.85,24.85,24.76,24.67,24.67,24.85,24.48,24.85,24.39,24.67,24.85,24.57,24.48,24.39,24.48,24.67,24.57,24.48,24.48,24.76,24.67,24.67,24.57,24.67,24.85,24.48,24.57,24.85,24.57,25.02,24.57,24.29,24.76,24.48,24.67,24.39,24.67,24.67,24.48,24.48,24.76,24.67,24.57,24.76,24.57,24.48,24.11,24.76,24.29,24.85,24.39,24.85,24.76,24.57,24.76,24.20,24.85,24.48,24.48,24.29,24.20,24.48,24.20,24.76,24.39,24.67,24.01,24.11,24.85,24.67,24.48,24.20,24.29,24.48,24.29,24.57,24.57,24.67,24.20,24.11,24.76,24.57,24.57,24.93,24.48,24.48,24.57,24.67,24.57,24.29,24.01,24.48,24.67,24.20,24.39,24.11,24.20,24.57,24.20,24.39,24.20,24.48,24.11,24.57,23.92,24.11,24.29,24.29,24.48,24.48,24.48,24.29,24.20,24.39,24.11,24.48,24.20,24.29,24.57,24.57,24.20,24.29,24.20,24.39,24.48,24.48,24.48,24.39,24.48,24.29,24.01,24.20,24.39,24.48,24.20,24.48,24.39,24.01,24.11,24.67,24.01,24.39,24.67,24.57,24.01,24.39,23.92,24.01,24.29,24.85,24.11,24.48,24.29,24.29,24.11,24.01,24.20,24.39,24.11,24.20,24.11,24.20,24.29
24.67,23.64,24.29,24.01,24.01,24.11,23.83,24.01,23.92,24.01,24.11,24.39,24.20,24.20,24.39,24.11,23.92,24.20,24.11,24.29,24.39,24.20,24.20,24.29,24.11,24.39,24.29,24.29,24.11,24.29,23.83,23.92,23.92,23.83,24.67,24.67,24.48,23.92,24.11,24.39,24.01,23.92,24.48,24.39,24.57,24.29,24.20,24.57,24.39,24.29,24.48,24.48,24.29,24.20,24.57,24.57,24.39,24.39,24.67,24.11,24.39,24.39,24.48,24.48,24.29,24.29,24.20,24.85,24.01,24.29,24.39,24.57,24.29,24.57,24.48,24.29,24.67,24.67,24.29,24.39,24.57,24.67,24.39,24.85,24.67,24.39,24.48,24.20,24.29,24.67,24.48,24.48,24.57,24.85,24.48,24.57,24.67,24.85,24.76,24.48,24.20,24.85,24.48,24.57,24.48,24.57,25.11,24.67,24.48,24.67,24.93,24.67,24.39,24.67,24.39,24.67,25.02,24.48,24.57,24.57,25.02,24.85,24.67,24.57,24.39,24.76,24.48,24.85,24.39,24.67,25.02,24.39,24.76,24.67,25.02,24.76,24.57,24.29,24.67,24.67,25.02,24.93,24.93,25.02,24.93,24.85,24.39,24.85,24.76,24.93,25.02,24.57,24.39,24.48,24.57,24.85,24.29,24.76,24.76,24.57,24.57,24.76,24.57,24.57,24.93,25.28,24.93,24.57,25.11,25.20,24.93,25.20,25.11,25.20,25.37,25.20,25.37,25.20,25.46,25.20,25.46,25.20,25.20,25.28,25.37,25.72,25.55,25.11,25.20,25.28,25.20,25.11,25.11,25.20,25.02,24.93,25.20,25.20,25.20,24.76,25.11,25.20,24.76,24.85,24.85,25.02,25.11,24.67,24.67,24.85,25.02,24.93,24.85,24.85,24.93,24.67,24.67,24.39,24.67,24.20,24.20,24.48,24.39,24.76,24.11,24.48,24.67,24.67,24.76,24.29,24.67,24.57,24.85,24.39,24.85,24.57,24.67,24.48,24.48,24.39,24.67,24.48,24.20,24.29,24.57,25.02,24.67,24.39,24.57,24.57,24.57,24.20,24.57,24.57,24.67,24.48,24.76,25.02,24.39,24.29,24.48,24.85,24.85,24.57,24.76,24.39,24.76,24.67,24.67,24.76,24.67,24.39,24.67,24.29,24.48,24.85,24.11,24.85,24.57,24.93,24.67,24.57,24.48,24.57,24.76,24.76,24.57,23.92,24.48,24.67,24.85,24.39,24.29,24.29,24.39,24.57,24.57,24.57,24.20,24.39,24.39,24.57,24.85,24.39,24.29,24.29,24.29,24.29,24.11,24.57,24.57,24.29,24.11,24.39,24.01,24.57,24.57,24.20,24.29,24.48,24.48,24.48,24.48,24.20,24.11,24.29,24.48,24.67,23.92,24.39,24.39,24.29,24.20,24.39,24.11,24.39,24.29,24.20,24.39,24.57,24.01,24.29,24.29,24.48,23.92,24.48,24.76,24.48,24.29,24.67,24.29,24.20,24.39,24.29,24.48,24.01,23.92,24.20,23.92,23.92,24.29,24.48,24.20,23.83,24.39,24.01,24.01,24.20,24.39,24.67,23.83,24.29,24.39,24.11,24.20,24.39,24.20,24.11,23.55,23.73,24.01,23.92
23.92,24.76,24.01,24.39,24.11,23.64,24.48,23.73,23.92,24.48,24.01,24.39,23.83,24.39,24.67,24.39,24.11,24.11,24.20,24.48,24.20,24.67,24.39,24.20,24.11,24.39,24.39,24.48,24.48,24.11,24.39,24.01,24.57,23.92,24.29,24.39,24.67,24.20,24.29,24.39,25.20,24.57,24.39,24.29,24.57,24.29,24.29,24.39,24.48,24.20,24.29,24.67,24.57,24.67,24.29,24.67,24.76,24.57,24.93,24.57,24.20,24.67,24.48,24.48,24.11,24.39,24.67,24.76,24.76,24.29,24.76,24.76,24.57,24.67,24.48,24.39,24.29,24.48,24.57,24.57,24.48,24.39,24.67,24.85,24.29,24.11,24.48,24.39,24.48,24.57,24.39,24.48,24.57,24.39,24.67,24.29,24.76,24.48,24.48,24.85,24.57,24.57,24.48,24.67,24.57,24.93,24.67,25.11,24.29,24.76,24.29,24.67,24.20,24.48,24.57,24.85,24.39,24.11,24.48,24.48,24.57,24.76,24.57,24.67,24.48,24.93,24.39,24.48,24.85,24.57,24.57,24.39,24.48,24.39,24.67,24.57,24.67,24.76,24.67,24.93,24.76,25.11,24.85,24.76,24.48,24.85,24.85,24.85,24.93,24.76,24.57,24.76,24.85,24.85,24.67,24.67,24.57,24.85,24.76,24.67,25.02,24.93,24.29,24.85,24.67,24.39,24.67,24.93,24.85,25.37,25.02,25.28,24.76,25.37,25.28,25.11,25.46,25.37,25.46,25.11,25.20,25.37,25.11,25.46,25.37,25.46,25.20,25.28,25.11,25.37,25.20,25.11,25.28,25.02,25.11,25.20,25.02,24.76,25.02,25.02,25.11,24.93,24.93,24.76,25.11,24.85,24.93,25.02,25.11,24.85,24.76,25.02,24.85,24.76,24.67,24.85,24.67,24.76,24.67,24.20,24.85,24.39,24.93,24.67,24.39,24.57,24.57,24.67,24.39,24.67,24.76,24.76,24.67,24.48,24.67,24.39,24.48,24.48,24.57,24.76,24.57,24.57,24.85,24.67,24.48,24.76,24.67,24.85,24.85,24.76,24.29,24.67,24.20,24.57,24.67,24.48,24.48,24.48,24.67,24.76,24.85,24.20,24.57,24.85,24.85,24.67,24.48,24.39,24.93,24.67,25.11,24.85,24.57,24.57,24.76,24.85,24.76,24.20,24.11,24.76,24.39,24.76,24.67,24.57,24.48,24.67,24.20,24.76,24.67,24.93,24.29,24.57,24.85,24.48,24.85,24.57,24.20,24.67,24.76,24.67,24.48,24.67,24.57,24.67,24.48,24.93,24.20,24.29,24.39,24.76,23.92,24.48,24.67,24.29,24.29,24.48,24.39,24.39,24.48,24.85,24.01,24.67,24.29,24.48,24.67,24.29,24.39,24.39,24.57,24.20,24.76,24.20,24.29,24.29,24.01,24.67,24.57,24.48,24.48,24.48,24.57,24.39,24.67,24.20,24.29,24.29,24.48,23.92,24.57,24.57,24.48,23.92,23.92,24.29,24.57,24.20,24.01,24.48,24.01,24.76,24.11,24.29,24.11,24.39,24.29,24.39,24.20,24.11,24.67,24.57,24.01,24.29,24.11,24.48,24.67,24.29,24.11,24.29,24.20,24.20,24.11,24.67
24.29,23.73,24.20,23.92,24.11,23.92,24.11,24.01,24.29,24.20,24.39,24.20,24.01,24.20,24.29,24.48,24.48,24.11,24.20,24.67,24.11,24.57,24.11,24.29,24.20,24.29,24.67,24.29,24.67,24.57,24.85,24.11,24.11,24.48,24.39,24.48,24.57,24.29,24.39,24.57,24.39,24.39,24.39,24.48,24.48,24.39,24.57,24.57,24.11,24.57,24.20,24.67,24.20,24.39,24.57,24.48,24.20,24.39,24.29,24.20,24.48,24.76,24.76,24.67,24.85,24.57,24.76,24.67,24.29,24.11,24.57,24.57,24.48,24.57,24.67,24.48,24.57,24.76,24.11,24.67,24.39,24.48,24.29,24.48,24.20,24.57,24.29,24.39,24.29,24.39,24.48,24.29,24.29,24.67,24.57,24.39,24.20,24.48,24.01,24.48,24.57,24.48,24.93,24.48,24.57,24.29,24.67,24.85,25.02,24.85,24.48,24.93,24.57,24.48,25.02,24.29,24.93,24.76,24.57,24.29,24.57,25.02,24.39,24.39,24.29,24.20,24.48,24.67,24.85,24.20,24.93,24.48,24.20,24.67,24.57,24.85,24.39,24.57,24.85,24.67,25.11,24.39,24.67,24.57,24.20,24.67,24.67,24.57,24.93,24.93,24.67,24.76,24.93,24.85,24.57,24.67,25.02,24.39,24.76,24.67,24.39,24.67,24.67,24.76,24.76,24.39,24.85,25.02,24.67,25.20,24.93,25.02,25.37,25.11,25.11,25.02,25.20,25.28,25.28,25.63,25.20,24.93,25.20,25.46,25.20,25.46,25.55,25.11,25.37,25.28,24.85,25.37,25.02,25.02,25.02,25.11,24.76,25.11,25.11,24.76,24.93,24.85,24.85,24.93,25.02,25.02,24.76,25.20,25.11,24.85,25.02,24.85,24.93,24.67,24.39,24.57,24.48,24.39,25.11,25.02,24.57,25.11,24.76,24.67,24.48,24.67,24.48,24.20,24.48,24.85,24.48,24.67,24.85,24.48,24.67,24.67,24.29,24.39,24.57,24.48,24.39,25.20,24.57,24.85,24.67,24.57,24.85,24.76,24.39,24.57,24.57,24.93,24.67,24.93,24.67,24.57,24.39,24.57,24.48,24.29,24.57,24.29,24.39,24.67,24.39,24.48,24.57,24.48,24.93,24.76,24.39,24.39,24.67,24.57,24.67,24.76,24.85,24.48,24.57,24.57,24.67,24.57,24.20,24.76,24.48,23.92,24.29,24.48,24.29,24.67,24.39,24.48,24.85,24.29,24.11,24.57,24.48,24.29,24.48,24.93,24.57,24.67,24.20,24.57,24.67,24.57,24.29,23.92,24.20,24.48,24.93,24.29,24.48,24.93,24.20,24.11,24.85,24.29,24.57,24.01,24.67,24.39,24.57,23.92,24.39,24.57,24.29,24.48,24.20,24.20,24.01,24.39,24.48,24.57,24.20,24.29,24.29,24.39,24.20,24.39,24.29,24.39,24.57,24.20,24.29,24.39,23.92,24.48,24.20,24.11,24.20,24.20,24.29,24.67,24.11,24.57,24.29,23.92,24.57,24.48,24.48,24.48,24.11,24.11,24.57,24.29,24.20,24.39,24.39,24.39,24.20,24.11,24.48,24.29,24.11,23.92,24.67,24.39,24.20,23.83,24.20,24.29
24.48,24.20,24.01,24.11,24.11,23.92,24.29,24.11,23.55,24.20,24.20,24.20,24.39,24.01,23.92,24.48,24.48,24.48,24.29,24.39,24.39,24.29,24.39,24.20,24.57,24.48,24.20,24.11,24.76,24.20,24.11,24.29,24.48,24.57,24.29,24.11,24.39,24.48,24.48,24.57,24.39,23.92,24.57,24.29,24.39,24.29,24.57,24.20,24.39,24.67,24.29,24.48,24.29,24.20,24.57,24.67,24.39,24.48,24.57,24.48,24.39,24.76,24.85,24.57,24.57,24.57,24.11,24.67,24.39,24.48,24.48,24.67,24.57,24.67,24.57,24.93,24.93,24.57,24.67,24.48,24.57,24.67,24.67,24.48,24.11,24.76,24.48,24.76,24.76,24.76,24.20,24.29,24.39,24.48,24.67,24.39,24.76,24.48,24.57,24.76,24.57,24.57,24.76,24.57,24.76,24.93,24.93,24.67,24.76,24.85,24.48,24.29,24.76,24.76,24.48,24.93,24.76,24.85,24.39,24.93,24.76,24.67,24.76,24.85,24.85,24.85,24.39,24.29,24.57,24.39,24.67,24.93,24.57,24.57,24.48,24.67,24.76,24.67,24.39,24.39,24.67,25.02,24.85,24.67,24.76,24.57,24.39,24.85,24.67,24.76,24.93,24.85,25.02,24.76,24.29,24.93,24.85,24.76,24.48,24.39,24.85,24.67,24.93,24.67,25.02,24.67,24.76,24.85,24.85,24.76,25.46,25.37,25.46,25.28,25.20,25.02,25.55,25.28,25.28,25.11,25.37,25.28,24.85,24.93,25.20,25.02,25.11,24.93,25.28,24.93,25.37,25.11,25.20,24.93,25.37,25.28,25.11,25.11,25.11,25.20,25.20,24.67,24.57,24.85,25.37,24.85,25.11,24.76,25.11,24.85,24.85,24.67,24.76,24.76,24.76,24.39,24.85,24.29,24.67,24.57,24.48,24.29,24.76,24.85,24.76,24.57,24.57,24.67,24.39,24.76,24.76,24.85,24.85,24.57,24.76,24.76,24.57,24.76,24.39,24.67,24.57,24.85,24.39,24.57,24.76,24.48,24.85,24.48,24.76,24.85,24.57,24.57,24.67,24.39,24.57,24.76,24.39,24.57,24.48,24.76,24.48,24.29,24.67,24.48,24.57,24.29,24.67,24.29,23.92,24.85,24.67,24.48,24.85,24.67,24.39,24.67,24.57,24.67,24.29,24.67,24.29,24.67,24.39,24.67,24.93,24.67,24.57,24.76,24.20,24.57,24.67,24.76,24.57,24.39,24.39,24.57,24.67,24.39,24.48,24.76,24.76,24.76,24.20,24.39,24.29,24.57,24.76,24.67,24.39,24.39,23.73,24.20,24.48,24.29,24.11,24.29,24.29,24.29,24.39,24.57,24.57,24.39,24.01,24.48,24.20,24.29,24.11,24.39,24.20,24.48,24.11,24.48,24.29,24.48,24.48,24.48,24.48,24.76,24.67,24.20,24.29,24.29,24.20,24.39,24.39,24.39,24.29,24.01,24.20,24.48,24.29,24.67,24.48,24.57,23.92,24.29,24.57,24.48,24.29,24.29,24.29,24.57,24.57,24.57,24.29,24.39,24.48,24.20,24.29,24.76,24.57,24.20,23.83,24.48,24.39,23.92,24.20,24.29,24.39,24.39,24.20,24.29
24.20,24.20,24.20,24.11,24.39,23.83,24.01,24.01,24.39,24.48,24.39,24.29,24.20,24.48,24.11,24.29,24.39,24.57,24.01,24.20,24.20,24.29,24.57,24.20,24.48,24.39,24.48,24.39,24.57,24.76,24.11,24.39,24.39,24.39,24.48,24.67,24.29,24.20,24.39,24.48,24.20,24.57,24.48,24.48,24.20,24.57,24.48,24.39,24.29,24.67,24.76,24.20,24.48,24.39,24.57,23.83,23.92,24.29,24.57,24.29,24.29,24.76,24.39,24.93,24.76,24.67,24.39,24.57,24.48,24.48,24.57,24.39,24.48,24.67,23.83,24.57,24.29,24.67,24.57,24.11,24.48,24.67,24.48,24.85,24.39,24.67,24.39,24.57,24.76,24.20,24.39,24.39,24.39,24.48,24.67,24.76,24.67,24.01,24.48,24.48,24.48,24.67,24.93,24.48,24.67,24.29,24.57,24.85,24.57,24.85,24.67,24.76,24.57,24.48,24.85,24.11,24.48,24.29,24.67,24.29,24.57,24.20,24.76,24.85,24.85,24.39,24.85,24.20,24.39,24.67,24.48,24.29,24.93,24.67,24.11,24.67,24.48,24.57,24.57,24.67,24.57,24.85,24.76,24.93,24.85,24.39,24.20,24.93,24.57,24.93,24.57,25.02,24.76,24.39,24.67,24.85,24.67,24.39,25.02,24.76,24.48,24.76,24.39,24.85,24.85,24.93,25.11,24.67,25.02,25.02,25.28,24.57,25.37,25.37,25.11,25.28,24.85,25.28,24.67,25.37,25.11,25.20,25.20,25.46,25.11,25.02,24.93,24.93,24.85,24.57,24.85,25.02,24.85,24.85,25.02,25.11,24.67,25.37,25.02,24.57,25.02,24.29,24.93,24.93,24.85,24.85,25.20,24.67,24.67,25.02,25.02,25.20,24.67,24.93,24.48,24.48,24.57,24.48,24.48,24.48,24.57,24.93,24.29,24.39,25.02,24.57,24.67,24.67,24.67,24.76,24.57,24.48,24.48,24.48,24.39,24.39,24.76,24.67,24.67,24.67,24.29,24.67,24.48,24.76,24.29,24.93,24.48,24.76,24.76,24.39,24.57,24.48,24.57,24.76,24.67,24.57,24.48,24.76,24.67,24.67,24.20,24.48,24.67,24.57,24.93,24.48,24.85,24.57,24.93,24.57,24.67,24.01,24.76,25.11,24.48,24.57,24.76,24.76,24.29,24.67,24.67,24.01,24.01,24.57,24.39,24.76,24.29,24.85,24.67,24.48,24.85,24.29,24.29,24.76,24.57,24.29,24.57,25.02,24.93,24.29,24.29,24.57,24.76,24.39,24.39,24.76,24.29,24.48,24.29,24.48,24.48,24.85,24.39,24.29,24.57,24.57,24.39,24.20,24.29,24.39,24.20,24.48,24.20,24.11,24.29,24.57,24.39,24.57,24.39,24.29,24.29,24.39,24.20,24.67,24.29,24.57,24.01,24.48,24.29,24.39,24.48,24.48,24.48,24.57,24.11,24.11,24.48,23.83,24.67,24.48,24.20,24.48,24.67,24.48,24.57,24.57,24.29,24.20,24.39,24.48,24.48,24.29,24.29,24.11,24.57,24.39,24.48,24.20,24.29,24.48,24.29,24.48,24.11,24.20,24.39,24.29,24.48,24.67,24.39,24.20,24.20,24.20
24.11,24.11,23.83,23.92,23.83,24.20,24.01,24.57,24.01,24.29,24.48,24.20,24.11,24.20,24.29,24.11,24.11,24.20,24.29,24.48,24.48,24.39,24.11,23.83,24.29,24.39,24.01,24.20,24.57,24.29,24.20,24.57,24.29,24.57,24.67,23.73,24.20,24.39,24.48,24.48,24.57,24.57,24.57,24.48,24.20,24.29,24.39,24.67,24.48,24.67,24.29,24.39,24.57,24.67,24.57,24.48,24.85,24.48,24.39,24.39,24.48,24.67,24.39,24.48,24.11,24.29,24.67,24.57,24.39,24.29,24.57,24.48,24.76,24.48,24.48,25.11,24.48,24.11,24.48,24.20,24.67,24.57,24.11,24.57,24.20,24.57,24.39,24.29,24.76,24.57,24.39,24.67,24.76,24.67,24.48,24.29,24.85,24.67,24.76,24.48,24.48,24.67,24.39,24.93,24.48,24.48,24.48,24.93,24.57,24.76,24.93,25.11,25.02,24.39,24.39,24.57,25.11,24.85,25.02,24.85,24.57,24.76,24.48,24.93,24.48,24.48,24.48,24.48,24.57,24.39,24.93,24.76,24.85,24.57,24.93,24.93,24.85,24.57,25.11,24.85,24.48,24.76,24.76,24.76,24.48,24.48,24.67,24.20,24.85,24.67,24.85,24.67,24.76,25.02,24.93,24.67,24.48,24.93,24.76,24.67,24.39,24.93,24.57,24.93,24.76,24.93,24.67,24.76,24.93,25.28,25.28,24.93,24.67,25.20,25.20,25.28,25.37,25.02,25.28,25.37,24.85,25.20,25.20,25.20,25.28,25.20,25.11,25.20,25.20,24.76,25.02,25.11,24.85,25.28,25.11,24.85,25.11,25.20,24.85,25.11,25.37,24.93,25.02,24.57,24.48,25.11,25.20,25.20,25.11,24.93,25.02,24.85,25.11,25.11,24.85,25.11,24.48,24.76,24.93,24.48,24.93,24.76,24.76,24.67,24.67,24.85,24.29,24.67,24.67,24.29,24.48,24.76,24.76,24.67,24.39,24.29,24.57,24.76,24.48,24.48,24.20,24.39,24.67,24.48,24.67,24.57,24.67,24.67,24.76,24.93,24.57,24.76,24.76,24.67,24.57,24.48,24.67,24.48,24.67,24.39,24.57,24.39,24.48,24.57,24.67,24.76,24.48,24.29,24.76,24.48,24.57,24.76,24.29,24.48,24.57,24.67,24.85,24.57,24.39,24.48,24.57,24.57,24.48,24.29,24.29,24.76,24.48,24.48,24.20,24.67,24.20,24.67,24.57,24.29,25.02,24.01,24.67,24.85,24.85,24.67,24.67,24.29,24.48,24.29,24.76,24.39,24.93,23.92,24.48,24.39,24.67,24.39,24.39,24.20,24.48,24.11,24.01,24.01,24.48,24.29,24.29,23.92,25.02,24.01,24.48,24.20,24.57,24.29,24.29,24.48,24.39,24.76,24.39,24.29,24.01,24.57,24.20,24.39,24.76,24.57,24.39,24.11,24.48,24.39,24.48,24.48,24.39,24.48,24.48,24.39,24.29,23.83,24.57,24.48,24.57,24.39,24.01,24.39,24.57,23.92,24.39,24.01,24.11,24.20,24.29,24.39,24.57,24.20,24.48,24.11,24.01,24.29,24.20,23.92,24.11,24.29,24.39,24.39,24.20,24.20,24.57,24.11
24.01,24.39,24.39,23.92,23.92,24.48,24.20,24.11,24.20,23.92,24.39,24.57,24.29,24.29,24.39,24.29,24.57,24.57,24.20,24.48,24.39,24.48,24.39,24.57,23.92,24.39,24.67,24.39,24.29,24.57,24.57,24.48,24.01,24.39,24.48,24.57,23.55,24.29,24.39,24.57,24.20,24.20,24.48,24.67,24.57,24.76,24.57,24.48,24.20,24.67,25.11,24.57,24.39,24.39,24.20,24.48,24.67,24.11,24.20,24.57,24.93,24.57,24.39,24.57,24.76,24.67,24.76,24.48,24.67,24.57,24.39,24.67,24.29,24.29,24.39,24.20,24.57,24.67,24.57,24.57,24.76,24.29,24.57,24.48,24.48,24.39,24.48,24.85,24.76,24.48,24.48,24.85,24.85,24.57,24.48,24.76,24.76,24.93,24.48,24.20,24.67,24.93,24.76,24.93,24.93,24.85,24.48,24.85,24.67,24.93,24.29,24.57,24.93,24.85,24.39,25.02,25.11,25.02,24.85,24.67,24.39,24.67,24.57,24.76,24.85,24.57,24.39,24.67,24.48,24.76,24.85,24.57,24.67,24.48,24.85,24.67,24.93,24.29,24.85,24.48,24.76,24.57,24.29,24.67,24.29,24.93,24.57,24.85,24.76,24.85,24.67,24.85,24.85,24.76,24.48,24.85,24.67,24.67,24.48,24.76,25.20,24.39,24.93,24.57,24.48,24.93,25.02,24.48,24.93,25.37,25.11,25.20,25.20,25.37,25.20,25.20,25.02,25.11,25.02,25.11,25.37,25.20,25.20,25.20,25.20,24.93,25.02,24.93,25.20,25.55,25.28,25.11,24.76,24.85,25.02,24.57,25.11,25.28,25.20,25.20,25.20,25.11,25.11,24.93,24.93,25.20,24.57,24.76,25.11,24.85,25.20,24.85,24.67,24.93,24.76,24.67,24.76,24.57,24.48,24.57,24.67,25.28,24.48,24.67,24.76,24.48,24.20,24.67,24.48,24.76,24.76,24.48,25.02,24.67,24.93,24.93,24.39,24.67,24.57,24.76,24.39,24.57,24.67,24.67,24.57,24.39,24.67,24.48,24.93,24.39,24.85,24.57,24.85,24.57,24.67,24.76,24.48,24.48,24.39,24.85,24.48,24.93,24.76,24.67,24.57,24.48,24.20,24.39,24.67,24.85,24.76,24.57,24.57,24.39,24.76,24.67,24.76,24.48,24.29,24.48,24.76,24.39,24.29,24.57,24.20,24.20,24.20,24.76,24.39,24.67,24.67,24.67,24.20,24.67,24.85,24.39,24.57,25.02,24.76,24.67,24.67,24.57,24.57,24.39,24.29,24.67,24.29,24.39,24.57,24.67,24.57,24.11,24.29,24.20,24.01,24.39,24.57,24.48,24.48,24.67,24.29,24.48,24.01,24.57,24.20,24.20,24.39,24.48,24.57,24.39,24.39,24.29,24.85,24.39,24.67,24.29,24.57,24.39,24.39,24.48,24.29,24.11,24.48,24.39,24.48,24.29,24.29,24.48,24.39,23.73,24.48,24.29,24.39,24.57,24.11,24.48,24.39,24.01,24.29,24.76,24.20,24.20,24.29,24.29,24.76,24.29,24.57,24.67,24.29,23.92,24.39,23.92,24.11,24.39,24.76,23.83,24.29,24.48,24.48,24.39,23.92,24.29
23.92,24.48,24.11,24.11,24.48,24.39,24.29,24.01,24.39,24.48,24.39,24.67,24.48,24.39,24.20,23.83,24.57,24.11,24.67,24.20,24.57,23.92,24.39,24.29,24.29,24.48,24.20,24.39,24.48,24.39,24.11,24.48,24.67,24.29,24.20,24.11,24.29,24.11,24.20,24.57,24.11,24.11,24.29,24.67,24.01,24.29,24.39,24.39,24.48,24.48,24.85,24.39,24.76,24.20,24.11,24.29,24.39,24.29,24.85,24.29,24.57,24.76,24.67,24.57,24.76,24.67,24.57,24.67,24.57,24.48,24.11,24.20,24.67,24.76,24.67,24.39,24.48,24.48,24.29,24.39,24.67,24.57,24.57,24.39,24.85,24.67,24.67,24.29,24.76,24.67,24.29,24.93,24.67,24.67,24.48,24.57,24.85,24.39,24.67,24.93,25.02,24.85,25.02,25.28,24.29,24.93,24.29,24.93,24.67,24.67,24.57,24.57,24.67,24.48,24.39,24.39,24.67,24.67,24.48,24.67,24.29,24.85,24.39,24.39,24.85,24.76,24.29,24.85,24.48,24.29,24.76,24.67,24.48,24.57,24.67,24.48,25.02,24.48,24.20,25.02,24.57,24.85,24.67,24.93,24.39,24.48,24.57,24.39,24.39,24.76,24.57,24.93,24.85,24.85,24.85,24.57,24.76,25.11,24.76,24.93,24.76,24.85,25.02,24.93,24.85,24.67,24.93,24.57,24.93,24.93,25.02,25.28,24.93,25.11,25.28,25.11,25.20,25.02,25.11,25.20,25.28,25.20,25.20,25.11,25.28,25.02,25.02,25.20,25.28,25.02,24.67,24.76,24.93,25.37,25.20,25.28,25.20,25.46,25.02,25.02,25.11,25.11,24.48,25.11,24.85,24.76,24.85,24.93,24.57,24.76,24.67,24.67,24.93,24.85,24.76,24.57,24.85,24.67,24.48,24.20,24.67,24.01,24.57,24.67,24.57,24.85,23.83,24.85,24.48,24.48,24.67,24.20,24.29,24.67,24.57,25.02,24.57,24.57,24.67,24.48,24.39,24.76,24.29,24.76,24.48,24.48,24.29,24.57,24.48,24.39,24.67,24.39,24.39,24.93,24.67,24.48,24.20,24.67,24.29,24.85,24.48,24.67,24.48,24.48,24.67,24.85,24.67,24.48,24.48,24.20,24.48,24.57,24.20,24.67,24.48,25.02,24.48,24.29,24.48,24.93,24.67,24.48,24.57,24.67,24.67,24.39,24.48,24.67,24.48,24.29,24.29,24.76,24.57,24.76,24.29,24.01,24.11,24.48,24.39,24.39,24.29,24.67,24.29,24.11,24.39,24.76,24.67,24.39,24.76,24.29,24.20,24.11,24.48,24.20,24.39,24.29,24.20,24.57,24.29,24.67,24.20,24.01,24.48,24.29,24.20,24.29,24.48,24.67,24.29,24.20,24.20,24.67,24.48,24.29,24.20,24.29,24.48,24.57,24.57,24.29,24.57,24.48,24.39,23.83,24.48,24.01,24.29,24.57,23.73,24.20,24.48,24.48,23.92,25.02,23.92,24.57,24.48,24.29,24.57,24.57,23.83,24.39,24.39,24.11,24.20,24.01,24.48,24.11,24.39,24.67,24.20,24.29,23.83,24.20,24.20,24.29,24.20,24.11,24.29,24.67,24.01,24.11
23.92,24.11,24.01,24.67,24.20,24.48,24.39,24.01,24.01,23.64,24.48,24.39,24.20,24.39,24.01,24.48,24.57,24.20,24.11,24.29,24.01,24.48,24.20,24.76,23.92,24.76,24.57,24.57,24.20,24.39,24.48,24.39,24.20,24.29,24.29,24.67,24.11,24.57,24.67,24.39,24.57,24.57,24.57,24.39,24.57,24.67,24.57,24.57,24.67,24.76,24.48,24.29,24.20,24.39,24.76,24.85,24.85,24.76,24.57,24.48,24.29,24.29,24.67,24.67,24.29,24.29,24.48,24.76,24.67,24.39,24.39,24.29,24.20,24.29,24.01,24.48,24.20,24.20,24.93,24.48,24.67,24.39,24.76,24.48,24.39,24.67,24.57,24.39,24.67,24.57,24.48,24.76,24.85,24.85,24.48,24.48,24.76,24.48,24.67,24.67,24.76,24.76,24.76,24.93,24.93,24.57,24.85,24.85,24.48,24.76,24.67,24.67,24.67,24.48,24.85,24.85,24.67,24.57,24.76,24.67,24.67,24.57,24.85,24.57,24.57,24.39,24.85,24.48,24.85,24.76,24.76,24.67,24.39,25.02,24.93,24.85,24.85,24.29,24.67,24.20,24.85,24.76,24.67,24.85,24.85,24.57,24.67,24.67,24.57,24.29,24.85,24.20,24.85,24.67,24.48,24.85,25.02,24.67,24.67,24.67,24.39,24.48,24.76,24.76,24.67,24.67,24.76,24.93,24.85,25.20,25.11,24.67,25.02,25.37,25.11,25.37,25.11,25.02,25.02,25.28,25.02,25.02,25.28,25.11,25.02,25.11,25.20,25.20,25.11,25.11,25.02,25.02,25.02,25.11,25.11,25.11,25.28,24.67,25.28,24.57,25.02,25.11,25.02,24.57,25.20,24.48,24.76,24.76,24.93,25.28,24.85,25.11,24.93,24.76,24.39,24.57,24.76,24.85,24.29,24.57,24.20,24.48,24.67,24.48,24.67,24.93,24.57,24.57,24.67,25.11,24.29,24.39,24.48,24.20,24.57,24.76,24.67,24.48,24.48,24.76,24.67,24.39,24.57,24.57,24.76,24.57,24.57,24.29,24.76,24.76,24.39,24.48,25.02,24.85,24.57,24.39,24.76,24.29,24.85,25.20,24.29,24.29,24.39,24.67,24.67,24.67,24.48,24.39,24.67,24.57,24.48,24.48,24.93,24.57,24.29,24.67,24.85,24.29,24.57,24.20,24.39,24.76,24.76,24.11,24.48,24.57,24.29,24.39,24.48,24.29,24.48,24.48,24.57,24.48,24.11,24.29,24.57,24.01,24.39,24.57,24.20,24.57,24.57,24.20,24.11,24.01,24.76,24.57,24.20,24.20,24.48,24.20,24.29,24.01,24.29,24.39,24.39,24.48,23.92,24.39,24.67,24.11,24.39,24.29,24.39,24.01,24.39,24.29,24.20,24.11,24.48,24.57,24.39,24.39,24.20,24.67,24.76,24.57,24.29,24.11,24.29,24.48,24.29,24.11,24.93,24.48,24.39,24.29,23.64,24.20,24.39,24.48,24.20,24.39,24.67,24.20,24.29,24.57,24.67,24.20,24.57,24.48,24.67,24.29,24.48,24.39,24.39,24.39,23.92,24.29,24.57,24.67,24.67,24.11,24.67,24.39,24.76,24.39,24.01,24.39,24.39,24.20
24.20,24.39,23.92,24.48,24.39,24.20,23.83,24.29,24.29,24.67,24.39,24.29,24.48,24.39,24.57,24.11,24.11,24.39,24.20,24.57,24.20,24.29,24.11,24.48,24.11,24.20,24.01,24.67,24.29,24.29,24.48,24.39,24.67,24.29,24.39,24.29,24.29,24.67,24.85,24.29,24.93,24.29,24.57,24.67,24.57,24.29,24.29,25.02,24.29,24.48,24.48,24.39,24.57,24.48,24.29,24.57,24.29,24.29,24.29,24.11,24.39,24.39,24.67,24.48,24.20,24.39,24.01,24.67,24.48,24.48,24.20,24.20,24.57,24.11,24.76,24.39,24.29,24.93,24.48,24.67,25.02,24.29,24.93,24.39,24.29,24.57,24.20,24.67,25.02,24.29,24.29,24.29,24.76,24.39,24.57,25.11,24.39,24.57,24.57,24.67,24.11,24.39,24.20,24.57,24.29,24.48,24.76,24.76,24.93,24.93,24.48,24.57,24.29,24.57,24.39,24.48,24.57,25.02,24.85,24.85,24.76,24.67,24.57,24.57,24.93,24.29,24.57,24.39,24.57,24.76,24.20,24.57,24.76,24.67,24.76,24.76,24.76,24.76,24.76,24.67,24.76,25.11,24.93,24.76,24.76,24.76,24.67,25.11,24.85,24.93,25.11,25.20,24.67,24.67,24.29,24.67,24.67,24.76,24.67,25.11,24.85,24.85,24.29,24.39,24.48,24.76,24.93,24.76,25.20,24.93,25.20,25.46,24.76,25.02,25.20,25.11,24.93,24.85,25.37,24.93,25.11,25.02,25.37,25.28,25.20,24.85,25.11,25.20,25.11,24.85,24.93,25.02,25.11,25.37,24.85,24.85,25.37,25.28,25.02,24.93,24.93,24.85,25.02,24.85,25.20,25.20,25.02,25.02,24.93,24.85,25.02,25.11,25.28,24.29,24.85,24.67,24.76,24.76,24.48,24.39,24.57,24.57,24.48,25.02,24.29,24.85,24.48,24.48,24.57,24.67,24.39,24.67,24.67,24.67,24.67,25.02,24.48,24.39,24.11,24.48,24.39,24.39,24.57,24.29,24.48,24.48,24.01,24.20,24.57,24.57,24.85,24.39,24.76,24.57,24.57,25.02,24.39,24.76,24.76,24.93,24.93,24.01,24.48,24.48,24.48,24.48,24.76,24.29,24.57,24.20,24.48,24.29,24.85,24.76,24.57,24.57,24.20,24.93,24.48,24.85,24.39,24.48,24.76,24.20,24.67,24.20,24.67,24.57,24.39,24.29,24.20,24.85,24.57,24.48,24.57,24.67,24.20,24.20,24.29,24.57,24.48,24.57,24.29,24.20,24.39,24.29,24.76,24.11,24.29,24.20,24.11,24.29,24.85,24.29,24.29,24.48,24.57,24.39,24.67,24.39,23.92,24.39,24.48,24.39,24.39,24.29,24.29,23.83,24.39,24.39,24.01,24.29,24.39,24.76,24.39,24.76,24.48,24.48,24.67,24.48,24.48,24.20,24.57,24.29,23.92,24.67,24.57,24.76,24.11,24.20,23.83,24.11,24.20,24.29,24.29,24.20,23.64,24.29,24.29,23.73,24.29,24.48,23.83,24.29,24.11,24.20,24.29,24.29,24.11,24.20,24.85,24.20,24.29,24.48,24.01,24.20,24.11,23.83,24.11,24.01,24.11,24.11
24.11,24.01,24.57,24.11,24.20,23.92,24.29,24.39,23.92,24.29,24.11,24.48,24.29,24.11,24.29,24.29,24.48,24.20,24.20,24.11,24.48,24.39,24.76,24.29,24.39,24.29,24.67,24.76,24.29,24.11,24.39,24.20,24.48,24.48,24.48,23.92,23.92,24.20,24.76,24.01,24.48,24.48,24.48,24.29,24.39,24.01,24.57,24.57,24.57,24.29,24.20,24.29,24.20,24.48,24.29,24.76,24.48,24.76,24.67,24.20,24.57,24.11,24.57,24.11,24.29,24.48,24.20,24.48,24.48,24.67,24.57,24.39,24.67,24.93,24.57,24.29,24.48,24.48,24.20,24.67,24.57,24.29,24.01,25.02,24.57,24.11,24.57,24.57,24.57,24.20,24.20,24.76,24.67,24.48,24.29,24.48,24.67,24.67,24.48,24.57,24.57,24.48,24.39,24.93,24.48,24.76,24.57,24.57,24.57,24.57,24.39,24.57,24.76,24.57,24.85,24.48,24.76,24.85,24.29,24.76,25.02,24.85,24.39,24.85,24.57,24.29,24.29,24.29,24.76,24.76,24.67,24.67,24.85,24.67,24.57,24.76,24.20,24.93,24.85,24.85,24.57,24.93,24.67,24.57,24.85,24.57,24.85,24.67,25.02,24.76,24.48,24.85,24.93,24.57,24.85,24.48,24.67,24.93,24.67,24.85,24.57,24.76,24.29,24.85,24.93,24.85,24.76,24.67,24.85,25.02,25.46,25.46,24.93,24.85,25.28,24.93,25.11,25.02,24.93,25.11,25.11,25.28,24.93,25.28,25.02,25.20,25.28,25.02,24.93,24.93,25.37,25.20,25.37,25.20,25.11,24.93,25.02,25.11,24.76,25.37,25.11,25.20,24.93,25.02,24.85,25.11,24.85,24.76,25.11,24.76,25.37,24.93,24.93,24.48,25.11,24.57,24.48,24.93,24.29,24.57,24.67,24.67,24.67,24.76,24.29,24.93,24.39,24.39,24.48,24.67,24.20,24.76,24.20,24.20,24.39,24.48,24.57,24.67,24.39,24.57,24.67,24.57,24.48,24.67,24.39,24.57,24.76,24.76,24.57,24.57,24.20,24.48,24.29,24.29,24.48,24.39,24.67,24.39,24.48,24.67,24.67,24.48,24.39,24.39,24.39,24.29,24.76,24.48,24.39,24.67,24.48,24.39,24.93,24.48,24.29,24.39,24.29,24.48,24.39,24.29,24.93,24.67,24.67,24.67,24.48,25.02,24.76,24.67,24.20,24.48,24.76,24.48,24.57,24.85,24.11,24.67,24.48,24.39,24.20,24.67,24.85,24.76,24.48,24.20,24.11,24.39,24.67,24.39,24.57,24.48,24.29,24.29,24.29,24.48,24.11,24.48,24.67,24.11,24.11,24.01,24.48,24.29,24.11,24.39,24.39,24.76,24.20,24.11,24.76,24.48,24.57,24.29,24.29,24.39,24.29,24.29,24.57,24.29,24.20,24.11,24.39,24.48,24.57,24.48,24.20,24.11,24.20,24.76,24.48,24.48,24.39,24.39,24.29,24.20,24.29,24.20,23.83,24.48,24.57,24.29,24.39,24.39,24.20,24.29,24.11,24.48,23.83,24.11,24.29,24.20,24.57,24.20,24.48,23.92,24.29,24.20,24.01,24.20,24.11,24.29,24.20,24.01
24.01,23.83,24.29,24.39,24.57,24.29,24.11,24.48,24.11,24.57,24.01,24.48,24.57,24.29,24.29,23.92,24.48,24.11,24.57,24.11,24.11,24.11,24.48,24.20,24.20,24.39,24.67,24.29,24.67,24.11,24.20,24.20,24.39,24.48,24.11,23.92,24.01,23.92,24.48,24.85,24.39,24.48,24.29,24.39,24.39,24.48,24.29,24.39,24.93,24.20,24.11,24.48,24.11,24.39,24.57,24.57,24.85,24.11,24.76,24.20,24.57,24.39,24.01,24.57,24.57,24.20,24.20,24.85,24.11,24.29,24.57,24.48,24.29,24.01,24.39,24.29,24.48,24.57,24.76,24.85,24.85,24.29,24.39,24.11,24.57,24.76,24.76,24.48,24.67,24.39,24.57,24.29,24.48,24.76,24.48,24.11,24.39,24.76,24.57,24.39,24.29,24.39,24.76,24.11,24.57,24.57,24.39,24.20,24.48,24.76,24.76,24.48,24.93,24.39,24.20,24.85,24.48,24.57,24.67,24.85,24.29,24.67,24.67,24.93,24.11,24.39,24.48,24.20,24.67,24.57,24.76,25.02,24.39,24.39,24.85,24.93,24.20,24.85,24.48,25.02,24.67,24.57,24.57,24.76,24.39,24.29,24.85,24.39,25.11,24.67,24.85,24.67,24.85,24.76,24.67,24.76,25.02,24.67,24.57,24.76,24.29,24.93,24.93,24.67,24.93,24.76,24.48,24.48,24.67,25.37,24.85,25.02,25.28,24.76,24.93,25.28,25.63,25.11,25.20,24.85,24.93,25.37,24.93,25.11,25.11,24.85,25.28,24.85,25.28,25.02,24.93,25.02,25.37,25.02,24.48,24.67,25.02,25.11,24.93,25.20,24.85,25.20,24.93,24.76,24.76,24.93,25.11,24.93,24.85,24.67,24.93,24.67,24.67,24.85,24.93,24.85,24.67,24.57,24.39,24.67,24.57,24.39,24.67,24.76,24.29,25.11,24.39,24.76,24.57,24.93,24.57,24.76,24.67,24.67,24.57,24.48,24.67,24.67,24.57,24.48,24.48,24.29,24.20,24.67,24.93,24.39,24.39,24.76,24.48,24.39,24.76,24.57,24.20,24.85,24.76,24.76,24.67,24.57,24.39,24.76,24.29,24.48,24.48,24.57,24.29,24.76,24.48,24.57,24.20,24.48,24.67,24.39,24.39,24.67,24.67,24.39,24.67,24.57,24.29,24.57,24.57,24.67,24.67,24.39,24.29,24.39,24.01,24.76,24.20,24.76,24.67,24.39,24.29,24.39,24.29,24.29,24.48,24.29,24.57,24.67,24.48,24.29,24.39,24.57,24.48,24.29,24.57,24.67,24.85,24.48,24.57,24.29,24.29,24.29,24.29,24.48,24.39,24.29,24.67,24.39,24.29,24.20,24.01,24.57,24.48,24.48,24.29,24.57,24.48,24.01,24.67,24.20,24.48,24.48,24.67,24.11,24.57,24.57,23.92,24.20,24.48,24.39,24.39,24.93,24.29,24.48,24.29,24.39,23.92,24.48,24.67,24.39,24.67,24.93,24.29,24.57,24.20,24.29,24.39,24.11,24.01,24.11,24.11,24.20,24.39,24.57,24.01,24.11,24.67,24.20,24.29,24.29,24.01,24.29,24.01,23.92,24.11,24.20,24.29,24.48,24.57,24.11
24.01,24.39,24.57,23.64,24.20,24.20,23.92,23.83,24.39,23.92,24.01,24.39,24.20,23.92,24.11,24.20,24.39,24.85,24.76,24.39,24.29,24.29,24.39,24.67,24.57,24.20,24.29,24.20,24.67,24.48,24.29,24.11,24.29,24.67,24.48,24.67,24.20,24.29,24.48,24.93,24.20,24.57,24.20,24.48,24.57,24.39,24.57,24.39,24.39,24.39,24.93,24.29,24.01,24.76,24.01,24.85,24.48,24.29,24.39,24.20,24.20,24.57,24.57,23.83,24.20,24.48,24.48,24.20,24.20,24.85,24.48,24.39,24.11,24.20,24.29,24.67,24.57,24.48,24.48,24.57,24.20,24.39,24.29,24.39,24.57,24.29,24.29,24.48,24.29,24.57,24.48,24.39,24.48,24.85,25.11,24.48,24.48,24.85,24.48,24.67,24.39,24.20,24.57,24.85,24.29,24.39,24.57,24.29,24.67,24.76,24.48,24.20,24.67,24.48,24.39,24.29,24.39,24.85,24.57,24.57,24.39,24.76,24.39,24.29,24.76,24.57,24.39,24.93,24.76,24.48,24.76,24.76,24.39,24.67,24.85,24.85,24.85,24.48,25.02,24.20,24.57,24.93,24.48,24.67,24.20,24.67,24.76,24.39,24.67,24.57,24.29,24.93,24.48,24.76,24.67,24.48,24.76,24.67,24.93,24.93,24.48,24.76,25.02,24.76,24.29,24.93,24.67,24.67,24.76,24.85,25.02,25.28,24.76,25.11,24.85,25.20,24.93,25.28,24.85,25.11,25.28,25.11,25.02,25.28,25.11,25.28,24.85,25.02,25.02,24.93,24.93,25.20,24.93,25.20,25.11,25.28,24.85,24.93,25.02,24.85,24.57,24.93,25.37,24.76,25.11,24.76,25.11,24.93,24.57,25.37,24.67,24.93,24.93,24.93,25.02,24.48,24.67,24.67,24.48,24.67,24.20,24.67,24.67,24.67,24.57,24.85,24.48,24.39,24.57,24.39,24.76,24.48,24.48,24.29,24.48,24.39,24.29,24.01,24.29,24.57,24.48,24.48,24.39,24.93,24.57,24.39,24.48,24.67,24.29,24.57,24.48,24.48,24.85,24.48,24.39,24.57,24.29,24.39,24.67,24.48,24.67,24.39,24.67,24.57,24.48,24.48,24.48,24.76,24.76,24.29,24.67,24.48,24.39,24.39,24.20,24.29,24.01,24.76,24.48,24.39,24.39,24.76,24.48,24.48,24.39,24.11,24.67,24.29,24.20,24.57,24.48,24.57,24.85,24.85,24.39,24.48,24.39,24.85,24.01,24.57,24.67,24.39,24.48,24.11,24.48,24.29,24.48,23.83,24.85,24.76,24.29,24.57,24.57,24.39,24.76,24.29,24.20,24.29,24.76,24.85,24.57,23.92,24.48,24.39,24.39,24.20,24.39,24.29,24.20,24.29,24.39,24.67,24.29,24.48,24.11,24.67,24.20,24.39,24.29,24.39,24.48,24.39,24.48,24.48,24.39,24.39,24.76,24.20,24.39,24.67,24.29,24.11,24.57,24.39,24.29,24.29,24.57,24.48,24.29,24.76,24.01,24.20,24.57,24.01,24.57,24.29,24.11,24.11,24.29,24.20,24.39,24.29,24.11,23.83,24.39,24.29,24.01,24.11,24.20,24.20,23.83,24.01
24.11,23.92,23.83,24.11,23.83,23.83,23.73,24.01,24.48,24.11,24.57,24.01,24.29,24.39,24.57,24.39,24.39,24.39,24.48,24.29,24.57,24.39,24.29,24.20,24.39,24.01,24.48,24.67,24.01,24.48,24.29,24.39,24.57,24.48,23.73,24.20,24.11,23.92,24.11,24.39,24.48,25.02,24.39,24.48,24.29,24.48,24.29,24.29,24.76,23.92,24.11,24.20,24.48,24.85,24.01,24.48,24.29,24.85,23.73,24.48,24.29,24.67,24.57,24.48,24.29,23.92,24.20,24.57,24.57,24.48,24.20,24.20,24.39,24.01,24.29,24.01,24.29,24.57,24.29,24.39,24.48,24.67,24.01,24.48,24.01,24.48,24.20,24.48,24.48,24.57,24.39,24.76,24.57,24.67,24.67,24.48,24.67,24.76,24.57,24.48,24.57,24.76,24.48,25.02,24.20,24.57,24.48,24.39,24.20,24.93,24.20,24.67,24.39,24.85,24.48,24.29,24.76,24.76,24.48,24.48,24.39,24.67,24.76,24.67,24.48,24.76,24.20,24.57,24.29,24.48,24.76,24.48,24.57,24.85,24.76,24.67,24.48,24.85,24.39,24.57,24.85,24.57,24.29,24.39,24.57,24.67,24.57,24.76,24.85,24.67,24.67,24.76,24.67,24.39,24.20,24.85,24.93,24.11,24.39,24.85,24.76,24.85,24.93,24.85,24.93,24.85,24.57,24.85,24.85,24.57,24.93,25.02,25.02,24.93,25.11,24.85,25.20,25.02,24.93,25.20,25.02,25.20,24.67,25.28,25.02,25.20,25.02,25.20,25.02,24.93,24.93,24.76,24.67,24.85,24.85,25.46,24.85,24.85,25.11,25.11,25.20,25.02,24.93,25.02,24.67,24.76,25.11,24.93,25.02,24.67,24.76,24.85,24.93,24.85,25.02,24.57,24.48,24.67,24.20,24.57,24.20,24.93,24.67,24.57,24.76,24.48,24.48,24.76,24.48,24.57,24.85,24.76,24.48,24.39,24.57,24.76,24.48,24.29,24.39,24.67,24.48,24.57,24.01,24.57,24.29,24.48,24.20,24.57,24.76,24.85,24.85,24.57,24.76,24.48,24.39,24.76,24.67,24.11,24.48,24.67,24.48,24.57,24.85,24.67,25.02,24.76,24.39,24.57,24.29,24.29,24.67,24.85,24.48,24.48,24.29,24.76,24.39,24.67,24.39,24.67,23.83,24.76,24.67,24.67,24.48,24.48,24.57,24.76,24.48,24.39,23.92,24.20,24.67,24.39,24.57,24.76,24.29,24.48,24.57,24.39,23.83,24.57,24.29,24.20,24.57,24.93,24.85,24.76,24.39,24.11,24.57,24.39,24.67,24.29,24.01,24.20,24.48,24.29,24.39,24.29,24.29,24.20,24.39,24.67,24.11,24.29,24.11,24.57,24.29,24.29,24.85,24.48,24.29,24.48,24.57,24.39,24.20,24.76,24.57,24.29,24.39,24.20,24.29,24.29,24.11,24.48,24.39,24.29,24.20,24.48,24.29,24.48,23.92,24.20,24.01,24.48,24.39,24.29,24.01,23.73,24.39,24.29,24.39,24.20,24.29,24.20,24.29,24.01,24.11,24.29,24.29,24.48,24.29,24.11,24.29,24.01,24.29,24.11,24.11,24.20,23.73,24.39
24.48,24.01,24.29,24.20,23.92,24.39,24.20,23.83,23.92,24.20,23.64,24.01,24.20,24.20,24.20,24.11,24.11,24.01,24.48,24.01,24.11,24.29,24.48,24.29,24.29,24.29,24.48,24.20,24.29,24.01,23.83,24.57,24.67,24.20,24.57,24.39,24.48,24.01,24.29,24.57,24.39,23.83,24.39,24.01,24.57,24.85,24.39,24.39,24.29,24.20,24.57,24.11,24.39,24.48,24.57,24.57,24.39,24.39,24.76,24.57,24.29,24.76,24.67,24.11,24.48,24.48,24.67,24.48,24.57,24.20,24.39,24.39,24.57,24.29,24.39,24.20,24.29,24.39,24.29,24.57,24.76,24.01,24.29,24.20,24.39,24.67,24.29,24.39,24.85,24.20,24.85,24.20,24.85,24.29,24.57,24.29,24.67,24.29,24.11,24.29,24.39,24.39,24.39,24.57,24.93,24.76,24.76,24.57,24.57,24.85,24.93,24.93,24.93,24.76,24.67,24.29,24.93,24.76,24.57,24.48,24.29,24.67,24.76,24.48,24.76,24.57,24.48,24.29,24.48,24.57,24.93,25.02,24.57,24.20,24.85,24.29,24.76,25.02,24.48,24.11,25.02,24.67,24.57,24.39,24.57,24.76,24.67,24.39,24.85,24.93,25.02,24.57,24.57,24.57,25.02,24.57,24.57,24.93,24.57,25.02,24.67,24.76,24.93,24.76,24.76,24.85,24.67,24.39,24.67,25.28,25.02,25.11,25.02,25.20,24.93,25.11,24.93,25.20,25.02,25.02,25.11,25.02,25.02,25.02,25.46,25.37,24.67,24.67,25.55,24.93,24.76,24.93,24.93,25.20,25.11,24.93,24.93,24.76,25.02,25.11,24.76,25.28,24.67,24.67,24.67,25.11,24.93,24.76,24.93,24.48,24.67,24.76,25.02,25.20,24.67,24.93,24.67,24.67,24.93,24.48,24.67,24.39,24.76,24.48,24.20,24.76,24.57,24.48,25.02,24.48,24.01,24.57,24.67,24.48,24.76,24.20,24.48,24.76,24.76,24.20,24.57,24.76,24.39,24.85,24.39,24.76,24.48,24.76,24.20,24.39,24.48,24.93,24.76,24.76,24.67,24.48,24.39,24.29,24.76,24.39,24.67,24.76,24.11,24.20,24.29,24.85,24.29,24.48,24.39,24.48,24.48,24.57,24.57,24.48,24.48,24.67,24.20,24.39,24.67,24.48,24.67,24.39,24.57,24.29,24.48,24.57,24.20,24.39,24.11,24.29,24.57,24.57,24.85,24.67,24.48,24.67,24.29,24.57,24.20,24.20,24.20,24.29,24.39,24.48,24.57,24.11,24.85,24.76,24.57,24.11,24.67,24.39,24.20,24.29,24.29,24.20,24.29,24.11,24.57,24.85,24.57,24.20,24.29,24.39,24.20,24.67,24.20,24.57,24.48,24.57,24.48,24.57,24.67,24.48,24.39,24.48,24.39,24.48,24.29,24.01,24.39,24.11,24.39,24.20,24.20,24.20,24.11,24.39,24.39,24.48,24.01,24.39,24.20,23.83,24.39,24.39,24.48,24.39,24.01,24.20,24.39,24.20,24.29,24.48,24.29,24.11,24.39,24.20,24.11,23.92,24.29,24.11,23.73,24.48,24.48,24.48,24.11,24.39,23.64,23.73,24.11,24.29
24.01,24.01,24.29,24.20,24.20,24.20,23.73,24.39,23.83,24.20,24.29,24.39,24.48,24.29,24.11,24.48,24.48,24.39,24.01,24.20,24.20,24.39,24.48,24.29,24.20,24.29,24.57,24.48,24.01,24.20,23.92,23.92,23.83,23.83,24.48,24.39,24.29,24.48,24.20,24.29,24.20,24.57,24.29,24.29,24.57,24.48,24.39,24.11,24.48,24.48,24.29,24.48,24.57,24.48,24.39,24.57,24.67,24.20,24.48,24.57,24.29,24.57,24.29,24.39,24.11,23.92,24.48,24.39,24.48,24.48,24.39,24.20,24.29,24.39,24.11,24.48,24.39,24.39,24.48,24.29,24.48,24.57,24.67,24.29,24.39,24.57,24.67,24.85,24.48,24.11,24.20,24.85,24.48,24.11,24.76,24.93,24.39,24.39,24.76,24.48,24.39,24.57,24.85,24.57,24.39,24.57,24.57,24.67,24.29,24.39,24.76,24.93,24.48,24.93,24.76,24.76,24.20,24.39,24.39,24.57,24.67,24.76,25.11,24.39,24.11,24.29,24.85,24.85,24.29,24.57,24.76,24.57,24.67,24.20,24.57,24.57,24.57,24.67,24.57,24.76,24.76,24.57,25.02,24.48,25.02,24.48,24.85,25.02,24.76,24.76,24.67,24.67,24.48,24.67,24.67,24.57,24.67,24.76,24.39,24.76,24.57,24.67,24.67,24.76,24.85,24.85,24.85,24.76,24.57,24.85,24.76,25.20,24.76,24.85,24.67,24.93,25.20,25.02,25.02,25.02,24.93,25.11,25.20,24.85,25.28,25.28,24.85,24.93,24.76,25.02,25.11,25.28,25.11,25.20,25.11,25.02,24.67,24.67,24.57,24.85,25.20,24.85,25.46,24.85,25.28,24.48,24.76,25.11,24.76,24.76,24.76,24.76,24.48,24.39,24.67,24.48,24.29,24.76,24.57,24.67,24.93,24.39,24.85,24.67,24.57,24.76,24.48,24.57,24.57,24.48,24.48,24.93,24.48,24.48,24.85,24.76,24.76,24.76,24.39,24.29,24.67,24.48,24.67,24.57,24.29,24.29,24.57,24.76,24.29,24.20,24.67,24.76,24.39,24.57,24.39,24.11,24.57,24.39,24.76,24.29,24.76,24.57,24.67,24.67,24.57,24.39,24.29,24.76,24.85,24.48,24.48,24.57,24.29,24.76,24.39,24.48,24.20,24.67,24.76,24.48,24.48,24.39,24.67,24.57,24.57,24.76,24.67,24.48,24.67,24.20,24.39,24.29,24.29,24.48,24.48,24.29,24.67,24.20,24.01,24.48,24.85,24.67,24.29,24.76,24.39,24.67,24.48,24.29,24.29,24.29,24.76,24.48,25.02,24.20,24.57,24.39,24.20,24.29,24.01,24.20,23.83,24.11,24.20,24.39,24.67,24.48,24.39,24.29,24.20,24.29,24.20,24.57,24.85,24.48,24.29,24.20,24.48,24.39,24.57,24.20,24.57,24.11,24.39,24.29,24.39,24.48,24.39,24.57,24.39,24.48,24.57,24.48,24.57,24.48,24.29,24.57,24.39,24.29,24.39,24.01,24.11,24.29,24.39,24.29,24.39,24.01,24.48,24.01,24.85,24.29,24.39,24.29,24.11,24.76,24.39,24.29,24.11,24.76,23.92,24.11,24.20,24.39
24.01,24.29,23.83,24.48,24.39,23.83,23.83,24.48,24.29,24.57,24.11,24.39,24.29,24.48,24.01,24.48,24.20,24.11,24.01,24.11,24.39,24.29,24.20,24.39,24.39,24.29,24.39,24.20,24.39,24.11,24.01,24.67,24.67,24.20,24.29,24.11,24.76,24.29,24.20,24.39,24.20,24.29,24.20,24.29,24.57,24.39,24.67,24.67,24.29,24.39,24.39,24.76,24.48,24.57,24.39,24.11,23.83,24.48,24.67,24.76,24.29,24.57,24.57,24.39,24.57,24.11,24.48,24.48,24.29,23.64,24.20,24.20,24.48,24.29,24.29,24.29,24.39,24.39,24.29,24.20,24.57,24.67,24.48,24.20,24.48,24.67,24.48,24.57,24.57,24.57,24.57,24.48,24.76,24.20,24.39,24.39,24.48,24.76,24.57,24.67,24.29,24.39,24.67,24.48,24.67,24.76,24.93,24.48,25.02,24.48,24.76,24.85,24.85,24.76,24.67,24.29,24.29,24.76,24.67,24.76,24.67,24.93,24.57,24.20,24.76,24.85,24.57,24.76,24.48,24.57,24.57,24.48,24.48,24.93,24.76,24.67,24.76,24.57,24.93,25.02,24.67,24.57,25.02,24.20,24.48,24.67,24.57,24.85,24.93,24.67,24.93,25.02,24.29,24.76,24.85,24.85,24.76,24.76,24.39,25.02,24.76,24.67,24.93,24.85,24.85,25.11,24.76,24.76,24.67,25.02,24.93,24.93,25.02,24.85,25.20,24.85,25.28,24.76,25.28,25.02,24.85,25.28,25.02,25.20,24.93,24.67,25.20,25.02,24.57,25.46,25.20,25.02,24.93,24.93,25.20,24.48,24.93,25.28,25.02,25.11,25.11,24.85,24.85,24.85,25.02,25.02,25.11,24.85,25.02,25.02,24.85,24.93,25.02,25.20,25.11,24.67,24.39,25.20,24.29,24.48,24.57,24.67,24.20,24.29,24.48,24.93,24.76,24.57,24.67,25.02,24.76,24.57,24.29,24.67,24.57,25.02,24.76,24.57,24.39,24.67,24.39,24.85,24.48,24.57,24.67,24.48,24.76,24.48,24.67,24.57,24.67,24.67,24.57,24.48,24.85,24.67,24.67,24.67,24.57,24.76,24.48,24.29,24.67,24.85,24.39,24.85,24.76,24.20,24.48,24.85,24.76,24.57,24.20,24.39,24.76,24.39,24.48,24.67,24.57,24.85,24.67,24.57,24.93,24.39,24.57,24.76,24.85,24.11,24.48,24.48,24.11,24.76,24.67,24.29,24.57,24.67,24.57,24.76,24.85,24.11,24.20,24.57,24.67,24.29,24.76,24.85,24.01,24.20,24.67,24.67,23.92,24.57,24.11,24.57,24.76,24.48,24.48,24.48,24.20,24.39,24.20,24.67,23.92,24.29,24.57,24.11,24.20,24.29,24.29,24.01,24.20,24.39,24.48,24.20,24.20,24.67,24.11,24.29,24.67,24.57,24.57,24.85,24.29,24.67,24.29,24.39,24.48,24.29,24.20,24.20,24.48,24.29,24.29,24.20,24.39,24.39,24.20,24.29,24.29,24.48,24.29,24.39,24.67,24.39,24.39,24.57,24.29,24.39,24.39,23.92,24.20,24.29,24.67,24.29,24.01,24.29,24.11,24.20,24.29,24.29,23.83,24.11
23.83,24.29,24.39,24.29,23.92,24.01,24.01,24.20,24.48,24.01,23.92,24.20,24.39,24.29,24.48,24.39,24.85,24.39,24.39,24.20,24.29,24.20,24.48,24.39,24.48,24.11,24.01,24.11,24.29,24.57,24.39,24.57,24.11,24.20,23.92,24.39,24.29,24.39,24.29,24.76,24.20,24.48,24.39,24.29,24.29,24.11,24.01,24.29,24.57,24.48,24.29,24.48,24.76,24.39,24.11,24.76,24.67,24.67,24.39,24.67,24.29,24.39,24.11,24.48,24.39,24.57,24.20,24.29,24.48,24.48,24.29,24.39,24.93,24.20,24.48,24.76,24.39,24.39,24.20,24.48,24.57,24.20,24.48,24.29,24.29,24.57,24.85,24.57,24.48,24.85,24.01,24.93,24.39,24.76,24.39,24.76,24.48,24.76,24.20,24.76,24.76,24.76,24.76,25.11,24.76,24.67,24.85,25.02,24.93,24.93,24.76,24.85,24.76,24.29,24.48,24.11,24.76,24.93,24.67,24.39,24.67,24.93,24.57,24.57,24.67,24.57,24.48,24.85,24.29,24.85,24.57,24.67,24.67,24.29,24.29,24.29,24.76,24.39,24.57,24.39,24.76,24.85,24.29,24.93,24.76,24.29,24.76,24.67,24.39,24.85,24.76,24.57,24.67,24.93,24.85,25.11,24.67,24.76,24.67,24.76,24.76,24.67,24.93,24.76,24.93,24.48,25.02,24.57,24.67,25.20,25.02,24.76,25.11,25.11,25.20,25.02,24.85,25.20,25.11,25.28,24.93,24.93,24.85,25.11,24.93,24.93,24.93,25.37,25.20,25.20,25.02,25.28,25.11,25.02,25.20,24.93,25.11,24.93,25.20,24.85,25.02,25.02,25.20,25.02,24.93,24.67,25.02,24.93,25.37,24.67,24.85,24.93,25.20,25.02,24.39,25.02,24.85,24.39,24.93,24.67,25.02,24.57,24.39,24.48,24.48,24.48,24.67,24.76,24.57,24.76,24.93,24.39,24.48,24.57,24.76,24.57,24.29,24.67,24.48,24.76,24.01,25.02,24.85,24.29,24.29,24.48,24.85,24.57,24.67,24.48,24.57,24.85,24.39,24.67,24.57,24.76,24.76,24.85,24.39,24.93,24.76,24.57,24.76,24.39,24.48,24.57,24.57,24.01,24.39,24.29,24.11,24.39,24.67,24.67,24.39,24.76,24.57,24.39,24.57,24.67,24.39,24.85,24.48,24.39,24.85,24.93,24.39,24.76,24.67,24.39,24.29,24.57,24.85,24.48,24.20,24.39,24.29,24.57,24.67,24.48,24.11,24.29,24.57,24.67,24.67,24.67,24.57,24.57,24.39,24.20,24.39,24.11,24.57,24.48,24.48,24.20,24.76,24.67,24.29,24.67,24.01,24.29,24.11,24.29,24.39,24.57,24.39,24.20,24.48,24.39,24.29,24.57,24.76,24.57,24.48,24.39,24.39,24.67,24.29,24.20,24.67,24.29,24.48,24.01,24.57,24.85,24.20,24.67,24.76,24.57,23.92,24.29,24.39,24.01,24.48,24.20,24.39,24.57,24.11,23.92,23.92,24.39,24.76,24.01,24.57,24.11,24.48,24.39,24.11,24.01,24.48,24.11,23.73,24.01,24.48,24.20,24.20,24.39,24.29,24.48,24.11,24.11
24.48,23.83,24.20,24.20,24.11,23.92,24.29,24.76,24.29,23.73,23.83,24.48,24.39,24.20,23.92,23.73,24.57,24.29,24.48,24.29,24.57,24.48,24.29,24.85,24.67,24.01,24.29,24.20,24.85,24.57,24.57,24.29,23.92,24.29,24.39,24.11,24.29,24.29,24.39,24.20,24.48,24.48,24.20,24.29,24.29,24.57,24.57,24.57,24.93,24.67,24.67,24.48,24.57,24.57,24.57,24.67,24.67,24.57,24.20,24.76,24.39,24.29,24.76,24.01,24.39,24.39,24.39,24.39,24.76,24.39,24.20,24.39,24.48,24.67,24.48,24.85,24.20,24.76,24.48,24.57,24.29,24.57,24.39,24.39,24.48,24.57,24.76,24.29,24.57,24.57,24.57,24.57,24.57,24.76,24.76,24.29,24.76,24.57,24.67,24.39,24.67,24.48,24.29,24.48,24.76,24.57,24.57,24.85,24.11,24.76,24.57,24.20,24.57,24.67,24.48,24.93,24.67,24.93,24.67,24.85,24.39,24.67,24.39,24.67,24.85,24.67,24.76,24.48,24.57,24.57,24.11,24.76,24.85,24.67,24.57,24.93,24.93,24.85,24.85,24.76,24.67,24.93,24.48,24.85,24.57,24.76,24.67,24.93,24.93,24.57,24.67,24.67,24.67,24.29,24.76,24.76,24.48,24.93,24.76,24.85,24.76,24.76,24.67,24.76,24.76,24.76,24.57,25.28,24.85,25.11,25.02,25.28,25.20,25.37,25.20,25.11,25.02,24.93,25.02,25.55,24.93,25.20,24.93,24.85,25.28,25.02,24.67,24.85,25.02,25.11,24.85,25.20,25.20,25.20,25.02,25.55,25.02,24.76,25.02,25.37,24.93,24.85,25.20,25.02,25.02,25.02,24.76,24.85,24.93,25.28,24.85,25.02,24.76,25.20,25.02,24.93,24.48,24.29,24.39,24.93,24.48,24.39,25.28,24.48,24.57,24.48,24.39,24.48,24.57,24.57,24.20,24.67,24.76,24.20,24.85,24.76,24.67,24.67,24.39,24.57,24.39,24.48,24.29,24.76,24.76,24.67,24.67,24.57,24.76,24.76,24.01,24.48,24.57,24.57,24.20,24.85,24.39,24.48,24.67,24.48,24.67,24.48,24.48,24.29,24.85,24.29,24.57,24.39,24.57,24.29,24.39,24.76,24.57,24.48,24.76,24.67,24.67,24.39,24.29,24.29,24.67,24.29,24.48,24.48,24.67,24.48,24.57,24.76,24.93,24.48,24.76,24.48,24.67,24.67,24.48,24.85,24.29,24.48,24.67,24.48,24.29,24.29,24.20,24.76,24.67,24.39,24.57,24.39,24.67,24.29,24.76,24.67,24.39,24.57,24.67,24.48,24.76,24.39,24.39,24.20,24.20,24.48,24.29,23.92,24.01,24.39,24.48,24.20,24.11,24.67,24.48,24.67,24.67,24.48,24.39,24.39,24.29,24.57,24.48,24.48,24.29,24.57,24.20,24.48,24.39,24.48,24.48,24.39,24.39,24.48,24.39,24.01,23.73,24.39,24.20,24.48,24.20,24.48,24.11,24.57,24.48,24.01,24.20,24.39,24.57,24.29,24.01,24.48,24.20,24.20,24.76,24.67,24.39,24.01,23.92,24.11,24.48,24.29,24.01,23.92,23.92,23.92
24.20,24.39,24.20,24.01,23.83,24.29,23.92,24.39,24.29,23.92,24.48,24.11,24.48,24.48,24.20,24.29,24.48,24.20,24.11,24.76,24.39,24.11,24.85,24.29,24.29,24.39,24.11,24.67,24.39,23.92,24.11,24.39,24.01,24.29,24.29,24.20,24.29,24.29,24.29,24.11,24.57,24.20,24.48,24.67,24.57,24.39,24.11,25.02,24.20,24.39,24.29,24.48,24.57,24.57,24.39,24.57,24.85,24.39,24.48,24.29,24.29,24.39,24.29,24.57,24.39,24.48,24.29,24.20,24.67,24.39,24.48,24.48,24.29,24.48,24.48,24.11,24.57,24.29,24.11,24.85,24.57,24.39,24.48,24.76,24.39,24.57,24.48,24.48,24.29,24.57,24.76,24.57,24.93,24.93,24.57,24.20,25.02,24.29,24.20,24.85,24.85,24.39,24.76,24.48,24.93,24.39,24.57,24.85,24.76,24.48,24.57,24.39,24.57,24.67,24.57,24.20,24.48,24.57,24.76,24.85,24.76,24.85,25.11,24.76,24.29,24.39,24.57,24.29,24.76,24.76,24.76,24.76,24.48,24.67,24.48,24.39,24.39,24.76,24.93,24.57,24.76,24.93,24.85,24.76,24.67,25.02,25.02,24.76,24.76,24.57,24.48,24.67,24.85,25.20,24.57,24.76,25.02,24.76,24.76,24.93,25.11,24.85,24.85,24.76,25.02,25.11,24.93,24.29,24.39,24.93,25.20,25.11,25.28,25.37,24.76,25.20,24.93,25.11,24.93,24.67,24.85,24.39,25.11,24.93,25.02,25.20,24.67,24.76,25.02,25.02,25.02,24.67,25.02,24.76,25.11,24.93,25.28,24.93,24.76,25.11,24.85,24.85,24.57,24.67,25.02,24.93,24.93,24.93,24.85,24.93,24.93,25.11,25.11,24.85,25.11,24.85,24.85,25.11,24.93,24.39,25.02,24.67,24.85,25.11,24.67,24.67,24.57,24.57,24.29,24.57,24.85,24.76,24.85,24.48,24.39,24.48,24.67,24.57,24.85,24.29,24.39,24.48,24.76,24.39,24.67,25.02,24.48,24.39,24.57,24.29,24.57,24.76,24.48,24.11,24.48,24.29,24.67,24.57,24.57,24.48,24.93,24.57,24.39,24.01,24.76,24.67,24.67,24.67,24.48,24.48,24.48,24.76,24.39,24.76,24.29,24.67,24.57,24.57,24.57,24.67,24.20,24.67,24.67,24.67,24.48,24.76,24.11,24.48,24.48,24.67,24.57,24.85,24.76,24.67,24.57,24.29,24.48,24.76,24.39,24.39,24.20,24.76,24.48,24.67,24.57,24.67,24.39,24.20,24.57,24.11,24.67,24.20,24.76,24.20,24.48,24.29,24.29,24.39,24.29,24.48,24.20,24.85,24.29,24.48,24.93,24.20,24.48,24.76,24.20,24.29,24.67,24.20,24.57,24.39,24.11,24.39,24.39,24.57,24.76,24.57,24.57,24.20,24.48,24.93,24.48,24.29,24.11,24.39,24.01,24.11,24.11,24.20,24.39,24.20,24.48,24.48,24.76,24.01,24.29,24.39,24.57,24.48,24.29,24.39,24.20,24.39,24.29,24.29,24.39,24.39,24.29,24.48,24.20,23.73,24.20,24.48,23.92,24.29,24.11,24.11,24.29,24.39
24.20,24.01,24.39,23.73,23.92,23.92,24.85,24.48,24.29,24.29,24.29,24.39,24.67,24.01,24.85,24.29,24.39,24.48,24.48,23.92,24.39,24.11,24.01,24.67,24.48,24.39,24.11,24.76,24.39,24.29,24.39,24.48,24.67,24.57,24.20,24.48,24.39,24.48,24.39,24.11,24.39,24.57,24.39,24.29,24.11,24.57,24.39,24.39,24.29,24.67,24.67,24.48,24.76,24.57,24.48,24.29,24.48,24.11,24.39,24.20,24.48,24.48,24.39,24.29,24.20,24.67,24.29,24.29,24.11,24.39,24.57,24.48,24.48,24.29,24.20,24.20,24.57,24.67,24.85,24.57,24.48,24.48,24.57,24.29,24.48,24.67,24.67,24.85,24.29,24.48,24.76,24.48,24.39,24.67,24.93,24.29,24.67,24.29,24.39,24.57,24.48,24.39,24.67,24.20,24.11,24.48,24.57,24.93,24.20,24.93,24.76,24.57,24.76,25.02,24.29,24.29,24.57,24.76,24.76,24.76,24.39,24.67,24.39,24.76,24.93,24.67,24.39,24.57,24.48,24.29,24.67,24.76,24.20,24.48,24.67,24.57,24.93,24.85,24.93,24.57,24.29,24.76,25.02,24.57,24.76,24.76,24.67,24.85,24.57,24.93,24.76,24.67,24.93,24.57,24.67,24.67,24.67,24.85,24.85,24.39,24.93,24.67,24.57,25.02,24.57,24.93,24.93,24.67,24.76,24.67,25.28,25.28,24.85,24.29,25.11,24.93,24.85,24.85,24.76,24.85,24.76,24.85,25.11,24.85,24.85,24.85,24.93,25.02,24.93,25.28,24.93,24.67,25.11,24.85,25.28,24.85,25.11,25.20,24.76,24.93,24.85,24.85,24.76,25.02,25.11,24.85,24.93,24.93,24.85,25.02,25.02,24.93,24.76,24.93,24.85,25.02,24.93,24.57,24.48,24.39,24.57,24.76,24.48,24.67,24.85,24.57,24.39,24.48,24.39,24.76,25.02,24.93,24.67,24.39,24.20,24.39,24.57,25.02,24.67,24.85,24.76,24.67,24.48,24.57,24.39,24.57,24.39,24.67,24.76,24.67,24.39,24.39,24.76,24.29,24.76,24.39,24.39,24.76,24.57,24.57,24.57,24.48,24.48,24.76,24.39,24.29,24.48,24.29,24.67,24.39,24.85,24.67,24.67,24.20,24.29,24.01,24.39,24.39,24.39,24.57,24.67,24.57,24.57,24.57,24.20,24.20,24.67,24.67,24.67,24.39,24.76,24.01,24.48,24.48,24.20,24.57,24.29,24.57,24.57,24.48,24.67,24.20,24.01,24.57,24.11,24.29,24.57,24.57,24.29,24.11,24.57,24.39,24.39,24.48,24.20,24.39,24.67,24.39,24.76,24.39,24.39,24.39,24.57,24.39,24.11,24.48,24.48,24.29,24.57,24.11,24.57,24.29,24.67,24.29,24.48,24.20,24.67,24.39,24.29,24.48,24.39,24.01,24.39,24.29,24.29,24.57,24.48,24.01,24.48,24.39,24.39,24.29,24.48,24.48,23.92,24.29,24.39,24.48,24.57,24.39,24.11,24.48,24.48,24.29,24.29,23.83,24.11,24.29,24.57,24.57,24.39,24.67,24.20,24.20,24.29,24.29,24.01,24.29,24.48,24.39,24.20,24.20
23.73,24.11,23.92,23.92,24.57,24.01,24.39,24.39,24.01,23.92,24.20,24.29,24.39,24.11,24.48,24.39,24.48,24.20,23.73,24.01,24.20,24.29,24.39,24.39,24.85,24.39,24.01,23.92,24.57,24.48,24.11,24.48,23.92,24.01,24.11,24.29,24.48,24.39,24.39,24.67,24.57,24.29,24.29,24.85,24.39,24.29,24.48,24.48,24.57,24.29,24.67,24.01,24.67,24.48,24.48,24.67,24.67,24.57,24.67,24.39,24.48,24.20,24.67,24.48,24.85,24.57,24.67,24.48,24.20,24.20,24.29,24.48,24.76,24.29,24.20,24.20,24.39,24.39,24.39,24.39,24.57,24.11,24.39,24.57,24.48,24.67,24.48,24.85,24.57,24.20,24.48,24.57,24.11,24.29,24.57,24.29,24.39,24.48,24.48,24.48,24.20,24.93,24.39,24.85,24.20,24.76,24.48,24.76,24.29,24.76,24.48,24.57,24.76,24.85,24.57,24.39,24.57,24.85,24.48,24.76,24.29,24.85,24.67,25.02,24.76,24.76,24.57,24.67,24.57,24.48,24.85,24.67,24.39,24.85,24.76,24.48,24.57,24.57,24.76,24.76,24.93,24.57,24.67,24.85,25.02,24.85,24.39,24.29,25.02,24.48,24.57,24.85,24.76,24.93,24.85,25.11,24.76,25.20,24.85,24.57,24.76,24.67,24.39,24.67,24.93,24.48,24.76,24.85,25.02,25.11,25.02,24.76,25.11,25.20,24.93,24.85,25.02,24.76,24.93,25.28,24.93,25.11,25.46,25.02,24.67,24.93,24.76,24.85,24.85,24.93,25.02,25.02,25.11,25.20,24.93,25.11,24.93,24.67,24.76,25.28,24.85,25.02,24.57,24.85,25.02,24.76,25.28,25.28,24.76,24.93,24.57,24.85,25.02,24.67,24.76,24.93,24.76,24.85,24.57,24.48,24.57,24.85,24.29,24.76,24.48,24.39,24.57,24.11,24.67,24.48,24.57,24.85,24.39,24.39,24.57,24.39,24.93,24.39,24.76,24.76,24.57,24.67,24.67,24.39,24.76,24.76,24.39,24.29,24.67,24.48,24.67,24.48,24.57,24.39,24.39,24.39,24.48,24.48,24.29,24.85,24.48,24.39,24.29,24.48,24.39,24.39,24.67,24.57,24.39,24.93,23.92,24.48,24.20,24.39,24.39,24.48,24.48,24.29,24.48,24.48,24.29,24.20,24.48,24.01,24.85,24.11,24.67,24.20,24.20,24.39,24.76,24.48,24.57,24.11,24.01,24.39,24.11,24.39,24.39,24.48,24.67,24.48,24.39,24.76,24.48,24.29,24.48,24.39,24.11,24.20,24.67,24.57,24.11,24.39,24.29,24.39,24.67,24.57,24.48,24.29,24.39,24.76,24.48,24.29,23.92,24.20,24.29,24.11,24.57,24.29,24.01,24.39,24.01,24.57,24.48,24.39,24.39,24.67,24.39,24.48,23.92,24.48,24.48,24.11,24.67,24.20,24.29,24.29,24.11,24.57,24.67,24.67,24.39,24.76,24.01,24.67,24.57,24.57,24.39,24.29,24.39,23.92,24.29,24.29,24.48,24.11,24.29,24.29,24.57,24.57,24.39,24.39,24.20,24.29,24.29,24.11,24.39,24.20,24.20,24.39,24.39,24.29
24.29,24.48,24.39,24.11,24.39,24.20,23.73,24.39,24.29,23.92,24.11,24.20,24.20,24.48,24.39,24.57,24.57,24.29,24.39,24.20,23.92,24.39,24.29,24.20,24.01,24.11,24.57,24.39,24.11,24.67,24.48,24.11,24.57,24.29,23.92,24.48,24.39,24.01,24.39,24.11,24.57,24.57,24.67,24.48,24.11,24.11,24.39,24.20,23.92,24.57,24.76,24.85,24.93,24.57,24.29,24.76,24.39,24.01,24.20,24.20,24.48,24.67,24.11,24.11,23.92,24.48,24.48,24.29,24.57,24.48,24.29,24.01,24.39,24.57,24.57,24.57,24.29,24.29,24.39,24.67,24.57,24.76,24.76,24.39,24.29,24.48,24.57,24.39,24.39,24.57,24.29,24.39,24.39,24.39,24.85,24.20,24.39,24.67,24.48,24.29,24.39,24.20,24.76,24.93,24.67,24.76,24.67,24.67,24.20,24.67,24.39,24.57,24.67,24.29,24.67,24.57,24.85,24.67,24.93,24.48,24.57,24.76,24.76,24.93,24.39,24.67,24.85,24.57,24.57,24.48,24.48,24.67,24.39,24.67,25.02,24.85,24.67,24.67,24.67,24.93,24.85,24.67,24.93,24.85,24.93,24.29,24.76,24.67,24.48,24.48,24.67,24.48,24.57,24.76,24.76,24.57,24.57,24.67,24.48,24.93,24.57,24.76,25.02,24.85,24.85,24.76,24.93,25.02,24.67,24.76,24.93,25.11,24.67,24.93,25.02,24.93,24.85,25.02,25.11,25.20,24.93,24.67,24.57,25.02,24.85,25.02,25.11,24.76,24.67,25.02,24.67,24.76,25.02,24.76,25.37,24.85,25.02,24.93,24.76,25.02,25.20,24.48,24.85,24.76,25.11,24.85,24.93,24.76,25.02,24.76,24.67,24.76,25.11,24.93,24.57,24.20,24.85,24.67,24.39,24.93,24.85,24.76,24.85,24.67,24.76,24.76,24.39,24.48,24.67,24.67,24.93,24.67,24.48,24.29,24.48,25.11,24.67,24.57,24.48,24.48,24.76,24.20,24.67,24.93,24.48,24.57,24.11,24.85,24.20,24.20,24.85,24.39,24.39,24.67,24.57,24.57,24.39,24.76,24.29,24.93,24.76,24.39,24.67,24.57,24.57,24.57,24.85,24.57,24.29,24.48,24.39,24.85,24.20,24.48,24.48,24.48,24.29,24.67,24.57,24.76,24.48,24.57,24.48,24.57,24.57,24.48,23.92,24.67,24.39,24.57,24.39,24.48,24.57,24.20,24.20,23.92,24.29,24.39,24.57,24.39,24.48,24.48,24.29,24.76,24.57,24.67,24.67,24.67,24.20,24.57,24.20,24.67,24.11,24.29,24.20,24.57,24.29,24.29,24.01,23.92,24.29,24.29,24.29,24.76,24.29,24.39,24.29,24.76,24.48,24.39,24.48,24.20,24.48,24.20,24.29,24.76,24.57,24.67,24.01,24.11,24.20,24.20,24.48,24.48,24.48,24.29,24.29,24.48,24.57,24.29,24.29,24.39,24.20,24.39,24.48,24.29,24.11,24.11,24.20,23.83,24.57,24.29,24.57,24.20,24.11,24.11,24.29,24.57,24.39,24.20,24.48,24.29,24.29,24.67,24.20,24.29,24.01,24.39,23.92,24.48,24.11,24.39
24.29,24.20,24.20,24.29,24.48,24.20,23.92,24.29,23.92,23.83,24.39,24.20,24.29,24.20,24.57,24.20,24.29,24.29,24.29,24.20,24.20,24.20,24.01,24.48,24.01,24.20,24.48,24.39,24.67,24.48,24.57,24.29,24.29,24.48,24.48,24.67,24.11,24.57,24.29,24.20,25.02,24.01,24.29,24.20,24.57,24.57,24.48,24.85,24.20,24.48,24.48,24.39,24.48,24.29,24.20,24.29,24.39,24.11,24.29,24.67,24.39,24.57,24.39,24.20,24.48,24.76,24.39,24.76,24.48,24.85,24.48,24.76,24.57,24.11,24.67,24.48,24.29,24.57,24.39,24.57,24.76,24.57,24.39,24.76,24.57,24.48,24.48,24.29,24.39,24.76,24.29,24.39,24.29,24.85,24.76,24.67,24.48,24.39,24.39,24.11,24.48,24.39,24.29,24.67,24.29,24.85,24.48,24.20,24.48,24.29,24.57,24.76,24.29,24.29,24.67,24.57,24.48,24.85,24.67,24.48,24.76,24.85,24.57,24.76,24.76,24.67,24.93,24.67,24.76,24.39,24.85,24.20,24.76,24.93,24.85,24.76,24.93,24.48,24.76,25.11,24.67,24.85,24.57,24.29,25.02,24.85,24.48,24.76,24.76,24.76,25.02,24.29,24.67,24.93,24.85,24.93,24.67,24.67,24.76,24.93,24.76,24.67,25.02,24.67,25.28,24.93,24.76,25.28,24.85,25.20,24.57,24.85,24.93,24.76,24.93,25.02,25.28,24.93,25.20,24.93,25.02,24.93,25.02,24.76,24.85,25.28,24.85,24.93,24.93,25.02,25.20,25.02,25.11,24.57,25.20,24.85,24.85,25.02,24.93,25.28,25.20,24.67,24.93,24.85,24.93,24.85,24.93,24.85,24.48,24.93,25.11,25.20,24.93,25.02,24.76,24.85,24.48,24.57,24.85,24.57,25.11,25.20,24.76,24.93,24.67,24.57,24.67,24.85,24.39,24.48,24.57,24.39,24.39,25.02,24.67,24.76,24.76,24.85,24.76,24.76,24.39,24.29,24.29,24.67,24.85,24.67,24.29,24.57,24.57,24.39,24.48,24.39,24.39,24.29,24.48,24.76,24.67,24.57,24.48,24.57,24.67,24.39,24.48,24.57,24.85,24.76,24.67,24.48,24.67,24.39,24.57,24.11,24.29,24.48,24.39,24.39,24.39,24.85,24.29,24.57,24.57,24.20,24.01,24.48,24.57,24.48,24.57,24.39,24.39,24.39,24.29,24.39,24.85,24.29,24.39,24.29,24.29,24.01,24.29,24.11,24.20,24.29,24.48,24.39,24.20,24.48,24.67,24.11,24.29,23.92,24.67,24.67,24.01,24.76,23.83,24.39,24.67,24.39,24.29,24.67,24.20,24.20,24.67,24.39,24.01,24.48,24.67,24.20,24.48,24.01,24.67,24.48,24.67,24.39,24.11,24.48,24.48,24.76,24.29,24.57,24.57,24.57,24.39,24.20,24.67,24.48,24.20,24.57,24.01,24.29,24.57,23.83,24.67,24.76,24.20,24.29,24.20,24.39,24.29,24.57,24.20,24.11,24.39,24.11,24.20,24.01,24.39,23.92,24.11,24.29,24.29,24.39,24.20,24.39,24.29,24.29,23.83,24.20,24.29,24.29,24.29,24.39
24.67,24.01,23.92,23.92,23.73,24.11,24.01,24.20,24.01,24.20,24.11,24.57,24.93,24.11,23.64,24.39,24.20,24.48,24.11,24.39,23.64,24.11,24.39,24.29,24.29,24.48,24.20,24.76,24.57,24.48,24.39,24.39,24.29,24.48,24.39,24.39,24.20,24.57,24.85,24.57,24.48,24.48,24.29,24.67,24.48,24.67,24.11,24.29,24.01,24.48,24.57,24.76,24.57,24.57,24.76,24.57,24.85,24.57,24.48,24.57,24.11,24.76,24.57,24.29,24.85,24.48,24.48,24.67,24.67,24.20,24.39,24.48,24.39,24.48,24.57,24.48,24.57,24.67,24.67,24.39,24.57,24.29,24.48,24.67,24.48,24.85,24.11,24.39,24.57,24.48,24.57,24.67,24.93,24.76,24.67,24.20,24.20,24.39,24.48,24.57,24.39,24.76,24.57,24.67,24.29,24.67,24.48,24.57,24.48,24.48,24.76,24.76,25.02,24.76,24.01,24.57,24.93,24.67,24.67,24.57,24.57,24.67,24.76,24.57,24.57,24.57,24.57,24.29,24.76,24.48,24.85,24.67,24.85,24.85,24.67,24.85,24.93,24.85,24.67,24.48,24.57,24.76,24.76,24.67,24.48,24.57,24.39,25.02,24.93,24.93,24.48,24.57,24.48,24.93,24.57,24.76,24.67,24.39,24.29,24.76,24.76,24.76,24.76,25.02,24.76,24.48,24.67,24.67,24.85,25.02,25.11,24.76,25.02,25.11,24.85,25.11,25.02,24.67,24.85,25.11,24.85,24.85,24.85,24.67,25.28,24.67,25.20,25.11,24.93,25.02,25.28,24.76,25.02,25.20,25.20,25.28,25.28,24.67,24.93,25.11,24.76,24.85,25.02,25.28,24.85,25.02,24.85,24.57,24.76,24.85,24.67,24.76,24.85,25.02,24.67,24.93,25.02,24.29,25.02,24.85,24.93,24.67,24.85,24.85,24.57,24.57,24.48,24.76,24.39,24.85,24.76,24.39,24.67,24.67,24.67,24.48,24.48,24.39,24.57,24.85,24.67,24.39,24.57,24.29,24.85,24.29,24.29,24.20,24.01,24.67,24.67,24.20,24.39,24.48,24.57,24.39,24.67,24.48,24.67,24.39,24.48,24.57,24.76,24.39,24.29,24.48,24.48,24.67,24.67,24.39,24.48,24.57,24.67,24.29,24.29,24.29,24.76,24.39,24.67,24.48,24.57,24.39,24.57,24.48,24.67,24.57,24.29,24.57,24.39,24.39,24.67,24.29,24.57,24.85,24.39,24.39,24.39,24.11,24.57,24.48,24.48,24.48,24.67,24.39,24.29,24.85,23.92,24.48,24.67,24.48,24.39,24.01,24.29,24.48,24.67,24.11,24.29,24.11,24.39,24.76,24.20,24.11,24.01,24.11,24.11,24.48,24.29,24.20,24.67,24.20,24.57,24.57,24.39,24.39,24.67,24.48,24.48,24.48,24.29,24.20,24.29,24.29,24.39,24.39,24.39,24.48,24.20,24.29,24.11,24.48,24.29,24.48,24.29,24.39,24.39,24.39,24.57,24.11,24.29,24.39,24.20,24.20,24.76,24.29,24.11,24.29,24.48,24.39,24.48,24.29,24.67,24.11,24.29,24.11,24.29,24.48,23.92,24.39,24.48,24.11,24.11,24.29
24.01,24.67,24.11,24.20,24.29,23.92,24.29,24.39,24.39,24.39,24.39,24.20,24.20,24.29,24.20,24.57,24.20,24.01,24.11,24.01,24.11,24.20,24.20,24.48,24.29,24.67,24.57,24.48,24.20,24.01,24.29,24.48,24.29,24.39,24.11,24.57,24.39,23.92,24.48,24.29,24.48,24.39,24.29,24.67,24.57,24.39,24.57,24.57,24.93,24.48,24.39,24.48,24.29,24.67,24.67,24.48,24.57,24.67,24.48,24.20,24.29,24.76,24.93,24.20,24.57,24.48,24.76,24.20,24.48,25.20,24.57,24.29,24.48,24.76,24.57,24.48,24.29,24.39,24.20,24.20,24.20,24.20,24.29,24.67,24.48,24.85,24.67,24.48,24.48,24.85,24.76,24.48,24.11,24.29,24.85,24.67,24.48,24.48,24.48,24.85,24.76,24.76,24.67,24.85,24.48,24.85,24.57,24.39,24.20,24.67,24.48,24.57,24.57,24.20,24.39,23.92,24.76,24.93,24.76,24.67,24.93,24.48,24.85,24.76,24.48,24.48,24.67,24.20,24.85,24.48,24.85,24.39,24.67,24.57,24.67,24.48,24.57,24.67,24.67,24.57,24.93,24.39,24.57,24.29,24.39,24.57,24.76,24.57,24.57,24.67,24.57,24.20,24.85,24.39,25.02,24.67,24.67,24.93,24.67,24.67,24.76,24.76,24.57,25.02,24.67,24.67,24.93,24.57,24.76,25.11,24.76,25.28,25.02,24.93,25.20,25.02,24.93,24.85,25.02,24.85,25.28,24.76,25.28,25.11,25.11,24.39,24.76,24.93,24.93,24.29,24.93,25.11,24.85,24.85,25.28,24.93,25.02,24.76,25.28,25.02,24.93,24.85,24.93,25.28,24.85,25.28,25.11,24.93,24.57,24.76,25.02,24.85,24.76,24.85,24.93,25.02,24.11,24.67,24.76,24.57,24.67,24.67,24.93,24.48,24.57,24.85,24.48,24.20,24.48,24.39,24.39,24.76,24.01,24.67,24.67,24.93,24.48,24.85,24.67,24.57,24.39,24.48,24.20,24.39,24.57,25.02,24.29,24.67,24.67,24.85,24.85,24.85,24.67,24.48,24.48,24.57,24.76,24.67,24.48,24.57,24.76,24.76,24.93,24.20,24.67,24.93,24.67,24.01,24.39,24.20,24.76,24.76,24.39,24.39,24.39,24.48,24.67,24.20,24.76,24.29,24.39,24.76,24.85,24.57,24.57,24.11,24.48,24.39,24.57,24.48,24.48,24.20,24.39,24.01,24.11,24.57,24.57,24.67,24.11,24.29,24.11,24.20,24.39,24.29,24.29,24.20,24.29,24.48,24.29,24.39,24.67,24.67,24.29,24.57,24.48,24.39,24.67,24.39,24.85,24.39,24.29,24.29,24.57,24.39,24.20,24.29,24.48,24.67,24.93,24.85,24.39,24.20,24.57,24.48,24.48,24.20,24.29,24.20,24.48,24.48,24.20,24.48,24.57,24.20,24.67,24.01,24.57,24.48,24.48,24.29,24.57,24.67,24.29,24.39,23.83,24.39,24.29,24.20,24.20,24.29,23.92,24.20,24.01,24.57,24.01,24.01,24.29,24.20,24.39,24.48,24.93,24.11,24.01,24.39,24.39,24.29,24.20,24.20,24.01,24.29,24.29,23.92
24.20,24.01,23.92,23.83,24.11,24.29,24.01,23.64,24.20,24.29,23.92,24.29,24.20,24.48,24.29,24.29,23.73,24.39,24.39,24.11,24.39,24.01,24.20,24.48,24.48,24.29,24.67,24.67,24.57,24.67,24.01,24.67,24.11,24.48,23.73,24.57,24.48,24.39,23.92,24.11,24.20,24.01,24.20,24.39,24.20,24.48,24.57,24.39,24.48,24.48,24.39,24.76,24.76,24.57,24.57,24.67,24.67,24.57,24.57,24.67,24.76,24.48,24.48,24.39,24.76,24.67,24.48,24.20,24.29,24.67,24.76,24.20,24.20,24.48,24.29,24.67,24.85,24.67,24.57,24.29,24.48,23.92,24.48,24.48,23.92,24.39,24.29,24.29,24.01,24.57,25.02,24.57,24.67,24.29,24.20,24.11,24.93,24.29,24.93,24.29,24.29,24.29,24.57,24.57,24.11,24.67,24.39,24.57,24.67,24.29,24.48,24.67,25.02,24.39,24.93,25.02,24.76,24.20,24.93,24.76,24.67,24.85,24.76,24.93,24.57,24.29,24.20,24.48,24.76,24.67,25.11,24.67,24.48,24.57,24.29,24.57,24.67,24.39,24.67,24.76,24.57,24.48,25.02,24.67,24.67,24.76,24.39,24.48,24.76,24.93,24.57,24.76,24.57,24.85,24.85,24.76,24.76,24.67,25.02,25.02,24.57,24.67,25.11,24.76,24.76,24.85,24.76,24.85,24.67,25.37,24.76,24.76,24.67,24.85,24.67,25.02,25.02,24.48,24.85,25.20,24.85,25.02,25.11,24.93,24.57,24.93,25.11,24.93,24.85,25.02,24.76,25.02,25.02,24.93,24.76,24.93,25.02,24.85,25.11,25.20,24.85,24.67,25.02,25.11,24.57,24.85,24.85,24.93,25.02,24.67,25.02,25.11,24.85,24.76,24.93,24.85,24.67,24.39,24.57,24.67,24.11,24.57,24.39,24.20,24.85,24.39,24.48,24.67,24.29,24.93,24.76,24.48,24.57,24.29,24.76,24.29,24.29,24.48,25.02,24.48,24.76,24.85,24.57,24.39,24.48,24.39,24.39,24.67,24.57,24.67,24.20,24.85,24.29,24.48,24.57,24.29,24.39,24.29,24.57,24.57,24.57,24.67,24.39,24.57,24.11,24.39,24.48,24.20,24.29,24.20,24.57,24.67,24.39,24.67,24.39,24.39,24.20,24.76,24.11,24.67,24.48,24.29,24.39,24.48,24.48,24.29,24.20,24.39,23.92,24.01,24.39,24.20,24.48,24.39,24.20,24.57,24.57,24.39,24.57,24.67,24.39,24.57,24.67,24.93,24.57,24.85,24.57,24.85,24.48,24.39,24.20,24.57,24.29,24.85,24.11,24.29,24.57,24.67,24.29,24.67,24.29,24.67,24.20,24.29,24.39,24.48,24.57,24.29,24.93,24.48,24.20,24.39,24.20,24.57,24.20,24.67,24.67,24.57,24.39,24.67,24.93,24.48,24.57,24.29,24.01,24.20,24.39,24.48,24.01,24.39,24.48,24.57,24.20,24.67,24.57,24.39,24.57,24.29,24.39,24.39,24.39,24.39,24.20,24.57,24.57,24.01,23.92,24.20,24.48,24.20,24.20,24.29,24.11,24.01,24.01,24.20,24.57,23.73,24.29,23.92,24.11,24.20
24.29,24.29,24.39,24.01,23.92,24.11,24.20,24.20,24.76,24.01,23.73,24.11,24.39,24.39,24.85,24.29,24.39,24.39,24.20,24.67,24.29,24.20,24.76,24.11,23.92,24.20,24.29,24.57,24.67,24.01,24.29,24.67,24.48,23.92,24.57,24.57,24.20,24.39,24.76,24.39,24.57,24.29,24.29,24.29,24.39,24.48,24.48,24.01,24.48,24.48,24.39,24.39,24.67,24.76,24.76,24.29,24.85,24.67,24.57,24.67,24.57,24.48,24.85,24.48,24.48,24.57,24.57,24.48,24.67,24.29,24.01,24.57,24.57,24.48,24.76,24.29,24.48,24.57,24.76,24.76,24.39,24.29,24.48,24.20,24.39,24.39,24.29,24.39,24.93,24.20,24.93,24.29,24.67,24.93,24.48,24.48,24.48,24.76,24.48,24.39,24.48,24.76,24.67,24.29,24.48,24.67,24.76,24.85,24.20,24.85,24.76,24.57,24.57,24.67,24.39,24.76,24.85,24.57,24.67,24.67,24.57,24.85,24.48,24.57,24.57,24.57,24.57,24.29,24.39,24.76,24.76,24.76,24.48,24.85,24.93,24.93,24.93,24.57,24.76,24.85,24.76,24.39,24.93,24.85,25.02,24.85,24.39,24.85,24.67,24.67,24.93,24.76,24.76,24.76,24.76,24.20,24.93,24.76,24.57,24.85,24.76,24.93,24.93,25.11,24.48,24.85,25.02,25.02,25.02,24.85,24.85,24.85,24.57,25.11,24.93,25.02,25.11,24.76,24.93,24.76,25.11,25.28,24.93,24.85,24.67,25.02,25.02,24.76,25.20,24.85,25.20,25.11,25.20,25.02,25.02,24.93,24.93,24.76,25.02,25.02,25.28,24.48,25.11,25.28,25.02,24.76,24.93,25.20,24.85,24.93,24.93,25.11,24.29,24.57,24.93,25.11,24.39,24.76,24.67,24.85,24.29,24.76,24.67,24.76,24.48,24.93,24.29,24.93,24.48,24.48,24.76,24.93,24.57,24.48,24.48,24.48,24.85,24.48,24.57,24.39,24.57,24.57,24.39,24.93,24.39,24.93,24.39,24.76,24.11,24.76,24.57,24.48,24.57,24.48,24.48,24.29,24.29,24.39,24.76,24.39,23.83,24.67,24.11,24.39,24.48,24.48,24.29,24.48,24.39,24.85,24.48,24.57,23.83,24.67,24.39,24.29,24.67,24.67,24.48,24.29,23.92,24.57,24.39,24.57,24.39,24.57,24.20,24.67,24.57,24.48,24.29,24.57,24.48,24.57,23.92,24.20,24.29,24.29,24.48,24.20,23.73,24.29,24.20,24.57,24.20,24.20,24.48,24.20,24.29,24.67,24.20,24.39,24.20,24.11,24.76,24.29,24.48,23.73,24.39,24.48,23.92,24.39,24.39,24.39,24.39,24.48,24.20,24.39,24.67,24.29,24.20,24.39,24.29,24.20,24.39,24.48,24.48,24.48,24.39,24.11,24.48,24.76,24.20,24.29,24.48,24.11,24.29,24.20,24.11,24.39,24.20,24.57,24.67,24.48,24.20,24.11,24.48,24.11,24.48,24.76,24.11,24.39,24.67,24.20,24.01,24.01,24.11,24.48,24.29,24.67,24.67,24.01,24.20,24.20,24.29,24.11,24.39,24.48,24.20,24.20,23.55,24.01
24.01,24.39,23.64,24.11,24.48,23.83,23.92,24.11,24.39,24.01,24.29,23.83,24.48,23.83,24.29,23.83,24.01,23.64,24.20,24.20,24.20,24.67,24.11,24.01,24.20,24.20,24.48,24.67,24.29,24.39,24.48,24.48,24.39,24.20,24.29,24.57,24.29,24.20,24.01,24.48,24.20,24.67,24.20,24.20,24.57,24.57,24.29,24.29,24.01,24.39,24.67,24.39,24.67,24.85,24.67,24.29,24.39,24.20,24.39,24.20,24.76,24.39,24.48,24.57,24.39,24.29,24.01,24.29,24.20,24.39,24.48,24.11,24.20,24.20,24.67,24.48,24.48,24.39,24.57,24.29,24.39,24.11,24.48,24.11,24.57,24.85,24.39,24.29,24.29,24.39,24.57,24.57,24.57,24.67,24.39,24.85,24.67,24.85,24.20,24.39,24.93,24.67,24.76,24.39,24.76,24.01,24.39,24.48,24.20,24.76,24.93,24.67,25.02,24.85,24.48,25.11,24.48,24.85,24.48,24.67,24.85,24.76,24.29,24.67,24.39,24.67,24.85,24.29,24.67,24.67,24.57,24.76,24.67,24.48,24.85,24.76,24.11,24.67,24.76,24.76,24.85,24.48,24.57,24.67,24.57,24.11,24.67,24.76,24.85,24.48,24.85,24.48,24.93,24.48,24.48,24.76,24.39,24.67,24.85,24.76,24.57,24.76,24.93,24.67,24.76,24.76,24.76,24.67,24.67,25.11,24.85,25.20,24.85,24.57,24.85,25.20,24.57,24.85,24.76,24.85,25.02,24.67,24.93,24.85,24.85,24.76,25.20,24.85,24.85,24.85,24.93,24.93,25.02,25.11,25.02,25.11,25.20,24.93,25.02,25.02,25.28,25.02,25.11,24.93,25.20,24.85,24.93,24.85,24.67,25.02,25.11,24.93,24.85,25.02,25.28,24.76,24.93,24.48,24.48,24.85,24.85,24.76,24.29,24.29,24.39,24.67,24.39,24.20,24.39,25.02,24.29,24.48,24.20,24.57,24.67,24.39,24.85,25.20,24.39,24.57,24.29,24.48,24.48,24.29,24.29,24.48,24.11,24.57,24.48,24.20,24.57,24.67,24.67,24.48,24.93,24.48,24.48,24.29,24.67,24.57,24.93,24.39,24.29,24.29,24.67,24.76,24.39,24.48,24.57,24.48,24.39,23.92,24.48,24.29,23.92,24.57,24.01,24.48,24.39,24.39,24.57,24.67,24.57,24.48,24.29,24.48,24.48,24.48,24.29,24.29,24.67,24.48,24.85,24.29,24.48,24.67,24.39,23.83,24.20,24.01,24.29,24.29,24.20,24.11,24.11,24.67,24.39,24.01,24.29,24.39,24.29,23.83,24.20,24.67,24.76,24.20,24.76,24.39,24.01,23.92,24.48,24.76,24.39,23.92,24.57,24.20,24.76,24.20,24.48,24.48,24.39,24.76,24.29,24.67,24.48,24.57,24.57,24.67,24.20,24.29,24.48,24.48,24.48,24.48,24.20,24.48,24.11,24.48,24.11,24.85,24.29,24.29,24.48,24.20,24.20,24.57,24.11,24.39,23.73,24.29,23.83,24.11,24.57,24.29,24.29,24.39,24.48,24.20,24.29,24.11,24.48,24.01,24.20,24.39,24.39,24.20,24.39,24.48,24.11,23.92,24.01,24.39
24.29,23.83,24.11,24.11,24.01,24.29,24.01,24.29,23.92,23.83,24.29,23.73,24.39,24.39,24.20,24.29,24.29,24.39,24.20,24.48,24.11,24.29,24.20,24.67,24.48,24.29,24.29,24.29,24.67,24.39,24.29,24.29,23.92,24.11,24.20,24.11,24.48,24.20,24.48,24.11,24.39,24.29,24.39,24.48,24.11,24.29,24.39,24.29,24.57,24.48,24.20,24.67,24.48,24.20,24.20,24.39,24.20,24.48,24.57,24.57,24.39,24.57,24.29,24.48,24.57,24.20,24.29,24.57,24.67,24.57,24.76,24.48,24.48,24.48,24.48,24.57,24.67,24.39,24.20,24.76,24.48,25.11,24.20,24.29,24.11,24.85,24.11,24.48,24.76,24.29,24.11,24.48,24.67,24.93,24.39,24.48,24.93,24.85,24.39,24.11,24.48,24.57,24.67,24.93,24.48,24.39,24.11,24.85,24.57,24.48,24.29,24.85,24.93,24.67,24.85,24.39,24.20,24.48,24.48,24.57,24.39,24.76,24.93,24.29,24.67,24.48,24.67,24.48,24.48,24.48,24.76,24.67,24.48,24.67,24.29,24.67,24.20,24.67,24.76,24.85,24.48,24.11,24.57,24.67,25.02,24.76,24.67,24.93,24.48,24.48,23.92,24.29,24.29,24.67,24.76,24.48,24.76,24.76,24.85,24.57,24.85,24.93,25.02,25.02,25.11,25.11,24.67,24.67,24.76,24.93,25.02,24.76,24.67,25.20,24.85,25.37,24.85,24.67,24.85,25.11,25.20,24.85,24.93,24.93,24.48,25.11,24.76,24.93,24.85,25.20,25.11,24.57,24.93,24.67,25.02,25.02,24.93,25.11,25.11,24.93,25.02,24.67,25.11,24.76,25.20,24.93,24.67,24.29,25.02,24.85,24.85,24.48,24.93,24.57,24.76,24.57,24.76,25.02,25.02,24.39,24.39,24.39,24.85,24.85,25.02,24.76,24.39,24.85,24.67,24.48,24.85,24.48,24.48,24.48,24.67,24.57,24.57,25.02,25.11,24.93,24.39,24.39,24.67,24.67,24.67,24.48,24.48,24.93,24.11,24.39,24.57,24.39,24.85,24.57,24.39,24.57,24.57,24.39,24.76,23.92,24.48,24.39,24.48,24.67,24.48,24.29,24.01,24.48,24.57,24.48,24.29,24.39,24.39,24.29,23.83,23.73,24.57,24.67,24.20,24.57,24.29,24.29,24.57,24.29,24.39,24.39,24.11,24.39,24.29,23.83,24.20,24.39,24.57,24.29,24.29,24.01,24.29,24.76,24.29,24.76,24.57,24.39,24.20,24.29,24.57,24.48,24.29,24.67,24.29,24.39,24.39,24.20,24.57,24.67,24.29,24.39,24.48,24.67,24.20,24.29,24.20,24.20,24.11,24.48,24.11,24.39,24.76,24.67,24.39,24.85,24.76,24.67,24.48,24.29,24.67,24.48,24.39,24.01,24.85,24.29,24.57,24.39,24.57,24.20,24.11,24.67,24.39,24.39,24.76,24.48,24.39,24.48,24.48,24.11,24.39,24.48,23.92,24.57,24.57,24.48,24.29,24.29,24.11,24.01,24.01,24.20,24.57,24.48,24.67,24.39,24.48,24.67,24.20,24.11,24.39,24.11,24.29,24.20,24.20,24.01,24.11,24.39
24.29,24.11,24.39,24.20,23.92,24.11,24.20,24.20,24.20,24.39,24.29,24.57,24.01,24.20,24.20,24.39,24.11,24.29,24.20,24.39,24.20,24.20,24.20,24.20,24.29,24.01,24.11,24.29,24.20,24.48,24.20,24.48,24.29,24.57,24.39,24.20,24.20,24.11,24.39,24.57,24.29,24.39,24.39,23.92,24.29,24.39,24.67,24.48,24.11,24.76,24.20,24.29,24.39,24.57,24.48,24.57,24.67,24.48,24.48,24.48,24.67,24.29,24.29,24.48,24.48,24.67,24.85,24.57,24.39,24.48,24.48,24.39,24.39,24.48,23.92,24.39,24.57,24.29,24.20,24.67,24.48,24.57,24.01,24.67,24.39,24.39,24.20,24.20,24.48,24.20,24.20,24.57,24.76,24.48,24.39,24.57,24.29,24.29,24.11,24.39,24.29,24.76,24.57,24.57,24.76,24.48,24.29,24.67,24.48,24.29,24.48,24.57,24.39,24.57,24.57,24.85,24.67,24.39,24.67,24.39,24.29,24.76,24.85,24.76,24.39,24.48,24.76,24.39,24.85,24.29,24.76,24.76,24.76,24.39,24.39,24.48,24.39,24.67,24.39,24.57,25.11,24.67,24.39,24.57,24.93,24.76,24.76,24.67,24.85,24.39,24.76,24.48,24.57,24.85,25.11,24.57,24.93,25.02,24.85,24.57,24.67,24.48,24.67,24.76,24.57,24.39,24.57,24.76,24.93,24.93,24.76,24.76,24.93,24.67,24.93,24.57,24.57,24.76,24.39,24.93,24.93,24.85,24.85,25.02,25.02,25.02,24.85,24.85,24.93,25.11,24.85,24.85,25.11,25.02,25.02,25.20,25.02,24.93,25.02,24.85,25.02,25.02,24.85,24.57,25.11,24.85,24.93,24.39,24.85,24.76,25.11,24.48,24.76,24.76,24.39,24.76,24.39,24.67,24.39,24.76,24.76,24.29,24.48,24.11,24.76,24.76,24.57,24.93,24.57,24.48,24.67,24.57,24.29,24.11,24.11,24.57,24.57,24.93,24.48,24.76,24.57,24.57,24.39,24.29,24.57,24.93,24.39,24.85,24.57,24.20,24.76,24.39,24.57,24.48,24.39,24.29,24.20,24.57,24.57,24.57,24.48,24.76,24.57,24.48,24.29,24.67,24.48,24.67,24.39,24.57,24.67,24.39,24.39,24.39,24.39,24.48,24.39,24.01,24.76,24.48,24.76,24.57,24.29,24.57,24.48,25.02,24.67,24.48,24.11,24.20,24.39,24.29,24.29,24.57,24.29,24.57,24.85,24.57,24.48,24.48,24.48,24.85,24.57,24.48,23.92,24.11,24.67,24.39,24.48,23.83,24.11,24.76,24.29,24.20,24.39,24.29,24.76,24.57,24.29,24.48,24.29,24.20,24.20,24.39,24.57,24.57,24.11,24.39,24.57,24.57,24.57,24.39,24.20,24.20,24.01,24.48,24.39,24.57,24.57,24.67,24.76,24.57,24.39,24.29,24.39,24.39,24.11,24.39,24.20,24.48,24.39,24.39,24.48,24.20,24.29,24.29,24.20,24.29,24.57,24.11,24.20,24.29,24.57,23.83,24.29,24.39,24.57,24.57,24.39,24.11,24.29,24.39,24.29,24.11,24.20,24.57,24.57,24.11,24.29,24.11,24.20,24.39
24.29,24.11,24.11,23.73,24.11,24.20,24.39,24.29,24.29,24.29,24.20,24.20,24.39,24.39,24.20,23.92,24.48,24.29,24.20,23.92,24.20,24.29,24.29,24.39,24.67,24.39,24.57,24.29,24.01,24.48,24.48,24.29,24.39,24.39,24.11,24.20,24.11,23.73,24.20,24.57,24.93,24.85,24.29,24.39,24.67,24.29,24.48,24.20,24.67,24.39,24.20,24.57,24.76,24.29,24.67,24.67,24.76,24.39,24.67,24.67,24.39,24.29,23.92,24.48,24.20,24.48,24.57,24.67,24.57,24.20,24.67,24.29,24.85,24.29,24.67,24.39,24.29,24.20,24.29,24.48,24.57,24.39,24.29,24.85,24.39,24.48,24.29,24.57,24.85,24.67,24.39,24.39,24.76,24.48,24.39,23.92,24.11,24.29,24.76,24.29,24.29,24.57,24.11,24.48,24.48,24.48,24.57,24.57,24.48,24.57,24.57,24.29,24.76,24.76,24.76,24.76,24.48,24.76,24.48,24.39,24.85,24.93,24.57,24.85,24.76,24.20,24.57,24.93,24.85,24.67,24.57,24.85,24.76,24.29,24.85,24.67,24.76,25.11,24.85,24.67,24.67,24.48,24.57,24.85,24.48,24.67,24.48,24.57,24.48,24.93,24.48,24.48,24.93,24.76,24.85,24.48,24.57,24.85,24.76,25.20,24.39,24.85,24.67,24.76,24.85,24.85,24.57,24.85,24.57,24.67,24.39,24.93,24.85,24.85,25.28,25.02,24.67,24.93,24.67,24.93,25.02,24.67,24.85,24.93,24.67,24.93,24.76,25.11,24.67,24.93,25.11,25.02,24.85,24.93,25.20,25.11,25.11,24.93,25.28,25.02,25.02,25.20,25.37,24.57,24.48,25.28,24.85,24.76,24.93,25.11,24.85,25.11,25.02,25.20,24.67,25.02,24.48,24.85,24.48,24.67,24.67,24.76,24.85,24.48,24.67,24.85,24.67,24.39,24.39,24.39,24.67,24.85,24.57,24.57,24.57,24.39,24.57,24.93,24.48,25.11,24.20,24.57,24.85,24.67,25.02,24.29,24.39,24.39,24.67,24.57,24.39,24.01,24.57,24.57,24.20,24.57,24.29,24.57,24.48,24.39,24.57,24.29,24.48,24.29,24.29,24.20,23.92,24.48,24.67,24.29,24.29,24.29,24.39,24.57,24.20,24.29,24.29,24.29,24.48,24.57,24.67,24.39,24.39,24.85,24.48,24.48,24.57,24.39,24.20,24.67,24.67,24.48,24.48,24.11,24.11,24.20,24.11,24.29,24.67,24.57,24.57,24.57,24.67,24.85,24.01,24.48,24.57,24.67,24.93,23.92,24.20,24.39,24.85,24.57,24.20,24.11,24.29,24.11,24.29,24.48,24.29,24.57,24.57,24.11,24.01,24.20,24.48,24.48,24.39,24.67,24.29,24.11,24.48,24.57,24.39,24.20,24.01,24.48,24.39,24.29,24.57,24.57,24.29,24.39,24.01,24.67,24.11,24.39,24.39,24.20,24.11,23.83,24.20,24.39,24.39,24.57,24.48,24.48,23.83,24.29,23.92,24.39,23.83,24.48,24.29,24.39,24.29,24.57,24.67,24.20,24.11,24.11,24.67,24.20,24.20,23.92,24.39,24.39,24.29,24.20,24.29,24.29
24.20,24.01,24.11,24.29,24.11,23.92,24.01,24.57,24.20,24.20,24.01,24.20,24.39,24.20,24.11,23.92,24.29,24.48,24.39,24.48,23.92,24.20,24.29,24.29,24.39,24.39,24.29,24.57,24.20,24.48,24.20,24.01,24.29,24.29,24.39,24.11,24.67,24.20,24.39,24.01,24.57,24.20,24.20,24.48,24.11,24.39,24.29,24.11,24.67,24.29,24.39,24.29,24.39,24.48,24.48,24.39,24.39,24.29,24.76,24.57,24.20,24.39,24.57,24.01,24.29,24.11,24.48,24.48,24.57,24.67,24.39,24.57,24.39,24.39,24.39,23.92,24.39,24.48,24.39,24.67,24.67,24.20,24.29,24.85,24.48,24.48,23.92,24.39,24.11,24.48,24.20,24.39,24.01,24.76,24.11,24.85,24.48,25.02,24.93,23.92,24.76,24.48,24.85,24.39,24.67,24.57,24.20,24.57,24.48,24.57,24.39,24.39,24.76,24.39,24.67,24.85,24.85,24.39,24.57,24.76,24.39,24.85,24.67,24.76,24.67,24.67,24.48,24.67,24.57,24.57,24.67,24.48,24.85,24.48,24.76,24.39,24.29,24.39,24.57,24.76,24.48,24.76,24.93,24.39,24.39,24.57,24.76,24.93,24.67,24.48,24.76,24.39,24.76,24.93,24.67,24.93,24.57,24.93,24.93,24.48,24.57,24.93,24.76,24.48,24.39,24.67,24.85,25.11,24.57,25.02,25.20,25.11,24.85,24.93,25.02,24.76,25.20,24.93,24.76,24.93,25.02,24.76,25.02,24.76,24.76,25.02,25.02,24.67,24.85,24.76,24.85,24.76,25.02,25.28,25.28,24.67,24.93,25.11,25.11,25.20,24.93,25.28,24.76,25.11,24.67,25.20,24.85,25.20,25.02,24.93,25.11,24.85,25.11,25.02,24.57,24.76,24.48,24.93,25.02,24.76,24.67,24.57,24.93,24.93,24.57,24.29,24.57,24.67,24.57,24.85,24.67,24.29,24.48,24.48,24.39,24.39,24.39,24.20,24.39,24.11,24.48,24.29,24.48,24.57,24.67,24.76,25.11,24.20,24.39,24.57,24.20,24.29,24.20,24.39,24.57,24.39,24.39,24.48,24.57,24.39,24.67,24.39,24.85,24.39,24.20,24.39,24.39,24.39,24.48,24.76,24.39,24.57,24.76,24.29,24.57,24.39,24.29,24.29,24.39,24.48,24.39,24.29,24.85,24.20,24.11,24.48,24.11,24.20,24.20,24.67,24.11,24.48,24.67,24.48,23.92,24.76,24.29,24.48,24.01,24.57,24.20,24.67,24.67,24.11,24.48,24.29,24.57,24.39,24.20,24.39,24.48,24.20,24.20,24.57,23.92,24.39,24.20,24.29,24.29,24.29,24.11,24.48,24.11,24.11,24.48,24.01,24.20,24.48,24.85,24.67,24.39,24.39,24.11,24.48,24.39,24.57,24.39,24.39,24.20,24.48,24.20,24.57,24.39,24.01,24.48,24.39,24.67,24.85,24.20,24.29,24.11,24.57,24.20,24.29,24.29,24.48,24.39,24.39,24.29,24.39,23.92,24.29,24.29,24.11,24.39,24.11,23.83,24.67,24.20,24.11,24.11,24.39,24.67,24.11,23.92,23.92,24.67,24.29,24.20,24.11,24.11,23.83
23.92,23.83,24.20,24.29,23.92,23.92,24.20,24.20,24.20,24.29,23.83,24.39,24.20,24.29,24.48,24.48,24.11,24.29,24.39,24.48,24.48,24.20,24.67,24.11,24.39,24.39,24.39,24.11,24.48,23.83,23.83,24.57,24.39,24.39,24.39,24.67,24.48,24.29,24.39,24.20,24.20,24.39,24.39,24.01,24.20,24.39,24.57,24.39,24.39,24.48,24.85,24.48,24.67,24.57,24.85,24.29,24.85,24.67,24.57,24.29,24.29,24.48,24.01,24.67,24.67,24.67,24.29,24.39,24.29,24.39,24.20,24.48,24.76,24.20,24.67,24.48,24.48,24.76,24.48,24.20,24.76,23.83,24.39,24.20,24.20,24.39,24.57,24.76,24.39,24.76,24.20,24.48,24.67,24.76,24.39,24.67,24.48,24.57,24.48,25.02,24.76,24.20,24.57,24.48,24.85,24.39,24.67,24.76,24.20,24.57,24.29,24.67,24.76,24.57,24.67,24.57,24.67,24.67,24.57,24.85,24.67,24.48,24.85,25.02,24.76,24.57,24.29,24.67,25.02,24.67,24.93,25.02,24.93,24.67,24.85,24.48,24.57,24.67,24.67,25.02,24.67,24.57,24.85,24.48,24.93,24.76,24.93,24.48,24.67,24.57,25.02,24.67,24.67,24.93,24.85,24.85,25.02,24.85,24.85,24.57,24.76,25.11,24.76,24.93,24.85,24.39,24.67,24.76,24.93,24.93,24.67,25.02,24.85,24.93,24.93,24.85,25.20,24.85,24.93,24.76,24.93,24.76,24.76,24.85,25.11,25.20,25.02,24.85,25.02,25.11,24.85,25.20,25.11,25.11,25.11,24.93,25.37,25.11,25.02,25.20,25.20,25.02,25.11,25.02,25.11,24.76,25.20,24.85,25.11,24.76,24.76,24.85,24.93,24.85,24.67,24.93,24.57,24.76,24.76,24.67,24.57,24.11,24.93,24.67,24.93,25.11,24.11,24.29,24.29,24.57,24.67,24.93,24.85,24.57,24.48,24.39,24.57,24.85,24.48,24.57,24.20,24.39,24.11,24.48,24.29,24.76,24.48,24.48,24.67,24.57,24.67,24.57,24.85,24.39,24.67,24.48,24.48,24.29,24.29,24.39,24.20,24.20,24.29,24.29,24.39,24.29,24.67,24.48,24.39,24.48,25.02,24.48,24.48,24.29,24.48,24.48,24.29,24.48,24.11,24.29,24.29,24.76,24.01,24.29,24.85,24.67,24.11,24.29,24.48,24.67,24.48,24.48,24.57,24.57,24.57,24.39,24.48,24.20,24.57,24.39,24.57,24.39,24.20,24.39,24.29,24.57,24.67,24.11,24.85,24.29,24.57,24.29,24.20,24.48,24.39,24.29,24.29,24.39,24.76,24.57,24.39,24.39,24.39,23.92,24.39,24.48,24.48,24.29,24.67,24.01,24.85,24.67,24.93,24.20,24.67,24.57,24.01,24.76,24.48,24.57,24.48,24.39,24.57,24.11,23.92,24.39,24.39,24.48,24.39,24.67,24.67,24.67,24.29,24.39,24.39,24.39,23.73,24.48,24.20,24.57,24.20,24.57,24.29,24.48,24.39,24.57,24.67,23.83,24.48,24.20,24.29,24.11,23.92,24.48,24.67,24.39,24.20,24.48,24.01,24.39,24.29,23.83
23.92,24.01,24.20,24.20,24.01,24.29,23.83,24.20,24.20,23.55,24.20,24.39,24.20,24.48,24.20,24.29,24.48,24.29,24.01,24.39,24.01,23.83,24.48,24.39,24.85,24.20,24.11,24.39,24.57,24.29,24.11,24.29,24.57,24.57,23.83,24.48,24.39,24.39,24.29,24.48,24.11,24.48,24.20,24.48,24.20,24.67,24.48,24.85,24.39,24.29,24.29,24.29,24.57,24.11,24.85,24.76,24.48,24.76,24.39,24.57,24.39,24.67,24.48,24.48,24.29,24.29,24.48,24.67,24.39,24.67,24.48,24.29,24.76,24.57,24.29,24.85,24.76,24.48,24.67,24.29,24.20,24.85,24.29,24.67,24.85,24.57,24.57,24.67,24.85,24.57,24.39,24.93,24.29,24.85,24.48,24.29,24.20,24.39,24.48,24.48,24.67,24.20,24.57,24.20,24.67,24.20,24.48,24.39,24.39,24.85,24.67,24.85,24.93,24.76,24.48,24.29,24.20,24.76,24.67,24.67,24.67,24.76,24.76,24.76,24.20,24.85,24.76,25.02,24.67,24.48,24.29,24.85,24.48,24.39,24.93,24.67,24.20,24.57,24.67,24.20,24.67,24.57,24.67,24.11,24.39,24.85,24.67,24.39,24.93,24.85,24.48,24.48,24.57,24.67,24.67,25.02,24.76,24.57,24.48,24.93,24.85,24.67,24.85,24.76,24.57,24.57,24.76,24.85,24.67,24.76,24.85,25.11,24.93,24.76,24.48,24.57,24.85,24.93,24.93,24.57,24.85,25.02,24.93,24.57,24.93,24.76,24.67,24.57,25.02,25.02,24.93,24.85,25.20,25.02,24.76,24.93,25.11,24.85,25.02,24.57,25.02,25.11,25.46,24.76,24.93,24.57,25.11,24.39,25.02,24.93,25.02,24.67,24.93,24.67,24.57,24.93,24.39,24.20,24.39,24.67,24.57,24.57,24.93,24.57,24.93,24.48,24.39,24.76,24.48,24.57,24.48,24.48,24.29,24.48,24.76,24.67,24.29,24.67,24.76,24.67,24.48,24.48,24.76,24.57,24.67,24.48,24.57,24.48,24.01,24.39,24.76,24.48,24.39,24.76,24.48,24.29,24.29,24.29,24.67,24.57,24.67,24.48,24.57,24.39,24.39,24.39,24.67,24.85,24.39,24.01,24.39,24.85,23.92,24.48,24.20,24.57,24.57,24.29,24.29,24.67,24.39,24.57,24.20,24.29,24.20,24.11,24.20,24.48,24.01,24.48,24.29,23.92,24.67,24.67,24.67,24.57,24.57,24.48,24.48,24.39,24.67,24.76,24.11,24.48,24.48,24.76,24.48,24.48,24.29,24.57,24.57,24.39,24.39,24.39,24.29,24.20,24.57,24.11,24.48,24.39,24.39,24.57,24.29,24.11,24.20,24.67,24.01,25.02,24.67,24.11,24.01,24.48,24.39,24.67,24.29,24.57,24.39,24.29,24.29,24.39,24.20,24.39,24.29,24.20,24.20,24.39,24.11,24.20,23.83,24.39,24.20,24.48,24.29,24.01,24.29,24.20,24.39,24.57,24.48,24.57,24.29,24.01,24.39,24.67,24.01,23.92,24.01,24.29,24.29,24.76,24.11,24.29,24.01,24.20,24.39,24.29,24.01,24.48,24.01,24.11,23.64,23.92
24.11,23.83,23.92,24.48,24.01,24.67,24.11,23.83,24.29,24.48,24.11,24.29,24.20,24.29,24.29,24.20,24.57,24.48,24.39,24.57,24.48,24.39,24.67,24.20,24.11,23.83,24.67,24.48,24.39,24.11,24.48,24.57,24.39,24.48,24.01,24.11,24.48,24.29,24.29,24.57,24.39,24.29,24.48,24.48,24.48,24.67,24.57,24.57,24.29,24.11,24.76,24.29,24.76,24.67,24.11,24.67,24.57,24.93,24.76,24.48,24.48,24.57,24.29,24.39,24.29,24.29,24.76,24.48,24.39,24.39,24.48,24.11,24.85,24.85,24.20,24.57,24.29,24.48,24.48,24.20,24.57,24.48,24.20,24.48,24.76,24.20,24.57,24.39,24.29,24.85,24.20,24.29,24.67,24.85,24.57,24.67,24.39,24.67,24.57,24.48,24.67,24.76,24.67,24.85,24.67,24.57,24.48,24.57,24.48,24.48,24.93,24.76,24.93,24.57,24.57,24.67,24.67,24.57,24.48,24.48,24.67,24.48,24.67,24.39,24.57,24.67,24.39,24.67,24.93,24.57,24.67,24.39,24.76,24.57,24.67,24.48,24.76,24.48,24.39,24.57,24.85,24.93,24.76,24.57,24.48,24.85,24.11,25.11,24.76,24.76,25.02,24.39,24.48,24.67,24.85,24.67,24.67,24.39,24.67,24.67,24.85,24.67,24.48,24.93,24.76,24.67,24.57,24.76,24.85,24.76,25.11,24.48,25.11,24.93,24.57,24.67,24.85,25.02,24.76,24.85,25.02,25.20,24.93,24.76,25.11,25.02,24.76,25.02,24.48,24.93,25.20,24.93,24.93,24.93,25.02,25.02,24.76,25.20,24.85,25.11,25.28,24.76,24.85,24.85,25.55,24.85,24.57,25.11,24.85,24.93,24.67,24.57,24.85,24.93,24.67,24.93,24.39,24.85,24.67,24.67,24.57,24.85,24.67,24.29,24.76,24.29,24.29,24.48,24.57,24.67,24.76,25.02,25.02,24.39,24.29,24.57,24.57,24.67,24.85,24.48,24.20,24.39,24.67,24.93,24.39,24.20,24.29,24.67,24.29,24.11,24.29,24.39,24.29,24.67,24.29,24.39,24.29,24.67,24.67,24.39,24.39,24.67,24.39,24.67,24.57,24.48,24.48,24.57,24.20,24.39,24.57,24.39,24.39,24.29,24.57,24.57,24.57,24.20,24.29,24.39,24.57,24.11,24.48,24.48,24.39,24.67,24.29,24.29,24.48,24.11,24.29,24.20,24.48,24.20,24.39,24.39,24.29,24.29,24.20,24.48,24.57,24.67,24.48,24.20,24.01,24.57,24.48,24.01,24.39,24.48,24.76,24.39,24.76,24.57,24.57,24.76,24.76,24.20,24.39,24.20,24.20,24.67,24.39,24.85,24.85,24.39,24.11,24.39,24.01,24.39,24.48,24.48,24.20,24.76,24.20,24.48,24.93,24.67,24.39,24.57,25.02,24.20,24.48,24.29,24.67,24.29,24.11,24.67,24.01,24.76,24.57,24.57,23.83,24.29,24.20,24.29,24.20,24.20,24.39,24.20,24.57,24.20,24.39,24.20,24.39,24.29,24.29,24.67,24.57,24.57,24.29,24.11,24.39,24.11,24.20,24.11,24.01,24.48,23.92,24.01,24.39,24.20
23.73,23.83,24.39,24.29,24.11,24.29,24.29,24.20,23.73,24.11,24.01,24.39,24.29,24.29,24.48,24.29,24.67,24.67,24.39,24.48,24.20,24.48,24.29,24.76,24.29,24.39,23.92,24.67,24.29,24.01,24.39,24.39,23.92,24.48,24.01,24.20,24.39,24.39,24.39,24.29,24.48,24.11,24.39,24.11,24.57,24.11,24.20,24.39,24.67,24.48,24.57,24.67,24.20,24.67,24.76,24.20,24.76,24.76,24.29,24.29,24.39,24.48,24.48,24.48,24.11,24.39,24.57,24.20,24.39,24.67,24.39,24.67,24.67,24.39,24.39,24.85,24.39,24.48,24.20,23.92,24.39,24.48,24.76,24.39,24.76,24.67,24.01,24.01,24.67,24.39,24.57,24.20,24.76,24.48,24.48,24.01,24.11,24.76,24.67,24.57,24.39,24.29,24.57,24.57,24.93,24.67,25.02,24.39,24.29,24.39,24.48,24.29,24.76,24.76,25.20,24.48,24.85,24.48,24.39,24.48,24.67,24.39,24.39,24.67,24.76,24.67,25.02,24.85,24.39,24.93,24.85,24.39,24.67,24.57,24.76,24.67,24.76,24.67,24.85,24.67,24.57,24.39,24.57,24.85,24.76,24.85,25.02,24.39,24.57,24.67,24.76,24.67,24.93,24.93,24.67,24.67,24.67,25.11,24.85,24.39,24.85,24.85,24.85,24.85,24.67,24.67,24.57,24.76,25.11,25.02,25.20,24.93,24.76,24.93,24.67,25.02,24.85,24.93,24.93,24.76,24.67,25.11,24.93,24.67,24.93,24.93,24.48,24.76,25.11,24.93,25.11,24.85,25.02,25.11,25.20,24.93,25.11,24.85,24.85,24.93,24.67,25.02,24.76,25.11,24.93,24.93,25.37,24.93,25.20,24.76,25.28,24.85,24.57,25.11,24.93,24.76,24.93,24.39,24.93,24.76,24.48,24.48,24.11,24.85,24.67,24.85,24.76,24.67,24.67,24.57,24.29,24.85,24.29,24.39,24.39,24.76,24.39,25.02,24.57,24.57,24.20,24.76,24.29,24.67,24.20,24.67,24.48,24.48,24.48,24.57,24.57,24.76,24.39,24.29,24.29,24.20,24.67,24.39,24.20,24.67,24.39,24.85,24.67,24.57,24.48,24.57,24.39,24.48,24.67,24.48,24.20,23.92,24.48,24.20,24.39,24.39,24.67,24.57,24.29,24.57,24.48,24.29,24.39,24.39,24.29,24.29,24.48,24.57,24.48,24.39,24.48,24.11,24.29,24.39,24.48,24.29,24.39,24.29,24.39,24.20,24.48,24.57,24.67,24.01,24.48,24.85,24.20,24.39,24.67,24.20,24.29,24.39,24.67,24.76,24.67,24.39,24.39,24.48,24.48,24.11,24.11,24.57,24.01,24.11,24.20,24.67,24.29,24.29,24.39,24.57,24.48,24.20,24.48,24.76,24.57,24.48,24.29,24.11,24.76,24.48,24.57,24.67,24.20,24.85,24.57,24.20,24.29,23.92,24.39,24.39,24.39,24.29,24.39,24.67,24.39,24.39,24.39,24.48,24.11,24.39,23.92,24.57,24.01,24.48,24.48,24.39,24.01,24.01,24.93,24.11,24.39,23.92,24.29,24.29,24.11,24.29,24.29,24.01,24.39,24.20,24.20,24.39
24.11,24.48,24.20,24.01,24.39,24.39,24.20,23.92,24.20,24.11,24.01,24.11,24.39,24.39,24.29,24.20,24.39,24.39,24.11,24.11,24.11,24.39,24.39,24.29,24.29,24.11,23.92,24.29,24.29,24.48,24.20,24.39,24.01,24.48,24.01,24.11,24.48,24.39,24.01,24.57,24.29,24.48,24.67,24.29,24.39,24.20,24.39,24.20,24.29,24.29,24.67,24.67,24.29,24.48,24.57,24.57,24.29,24.11,24.20,24.57,24.29,24.67,24.57,24.29,24.48,24.29,24.29,24.57,24.48,24.01,24.67,24.57,24.57,24.48,24.39,24.29,24.11,24.57,24.29,24.93,24.39,24.48,24.39,24.39,24.39,24.20,24.48,24.57,24.57,24.11,24.76,24.76,24.39,24.48,24.48,24.29,24.48,24.57,24.39,24.39,24.57,24.85,24.67,24.29,24.57,24.67,24.29,24.57,24.39,24.76,24.67,24.57,24.76,24.48,24.57,24.20,24.57,24.57,24.57,24.48,24.57,24.57,24.93,24.20,24.67,24.85,24.20,24.67,24.57,24.48,24.57,24.48,24.67,24.93,24.48,24.57,24.57,24.67,24.93,24.57,24.85,24.67,24.76,24.11,24.67,25.20,24.67,24.57,24.57,24.57,24.57,24.20,24.48,24.67,24.48,24.76,24.29,24.48,24.48,24.93,24.57,24.67,24.76,24.85,24.67,24.85,24.76,25.02,24.85,24.76,25.02,25.02,24.76,25.20,24.48,24.76,24.85,25.11,24.93,24.67,24.48,24.76,24.93,24.93,25.02,24.76,24.85,24.67,24.85,24.76,24.85,25.02,24.85,24.85,24.85,25.02,25.02,24.93,25.02,25.11,24.85,24.76,24.76,25.28,24.76,25.11,24.93,25.02,24.93,24.85,24.67,24.76,24.93,24.67,25.11,24.85,24.85,24.39,24.67,24.93,24.67,24.48,24.57,24.39,24.93,24.76,24.85,24.85,24.67,24.76,24.67,24.39,25.02,24.39,24.48,24.67,24.76,24.29,24.29,24.76,24.39,24.57,24.57,24.76,24.48,24.29,24.39,24.48,24.67,24.39,24.29,24.11,24.57,24.57,24.57,24.57,24.39,24.48,24.76,24.39,24.67,25.02,24.85,24.67,24.48,24.29,24.67,24.39,24.29,24.39,24.67,23.92,24.57,24.76,24.20,24.39,24.29,24.85,24.39,24.20,24.29,24.29,24.20,24.39,24.39,24.29,24.39,24.48,24.85,24.29,24.67,24.29,24.57,24.48,24.11,24.67,24.29,24.67,24.57,24.67,24.85,24.39,24.85,24.48,24.20,24.67,24.11,24.67,24.01,23.92,24.39,24.29,24.01,24.29,24.20,24.48,24.29,24.67,24.29,24.48,24.29,24.57,24.76,24.76,24.11,24.29,24.39,24.20,24.48,24.20,24.48,24.76,24.39,24.39,24.57,24.11,24.29,24.57,24.29,24.39,24.57,24.39,24.67,24.48,24.57,24.01,24.39,24.39,24.29,24.39,24.29,24.48,24.39,24.57,24.39,24.29,24.48,24.39,23.83,24.20,23.83,24.48,23.92,24.48,24.48,24.20,24.39,24.76,24.39,24.20,24.11,24.11,24.85,24.20,23.92,24.39,24.20,24.01,24.01,24.01,24.29,23.83
24.20,24.29,24.11,24.48,24.11,24.11,24.67,24.48,24.11,24.29,24.67,24.01,24.57,24.11,24.20,23.92,24.48,24.01,24.11,24.48,24.39,24.11,24.29,24.39,24.48,24.39,24.39,24.11,24.48,24.29,23.92,24.57,24.39,24.29,24.29,24.29,24.48,24.29,24.48,24.48,24.57,24.39,24.20,24.11,24.39,24.29,24.39,25.02,24.39,24.29,24.48,24.20,24.76,23.92,24.48,24.29,24.11,24.57,24.67,24.39,24.20,24.48,24.67,24.48,24.67,24.57,24.48,24.76,24.57,24.67,24.67,24.39,24.57,24.20,24.48,24.20,24.48,24.67,24.20,24.39,24.39,24.29,24.57,24.67,24.76,24.48,24.29,24.57,24.39,24.29,24.48,24.67,24.11,24.76,24.67,24.39,24.93,24.20,24.20,24.76,24.76,24.29,24.57,24.39,24.57,24.29,24.29,24.57,25.11,24.20,24.67,24.57,24.11,24.57,24.48,24.57,24.57,24.57,24.85,24.48,24.57,24.85,24.67,24.57,24.67,24.57,24.67,25.02,24.48,24.48,24.76,24.67,24.93,24.57,24.57,24.57,24.76,24.67,24.39,24.57,24.48,24.48,24.85,24.76,24.67,24.76,24.67,24.93,24.39,24.76,24.48,24.57,24.76,24.48,24.67,24.67,24.76,24.76,24.93,25.11,24.76,24.85,24.48,25.02,24.76,24.76,24.57,25.02,24.57,24.85,25.28,25.11,24.85,24.85,24.85,24.85,24.93,24.85,24.85,24.39,24.57,25.20,24.93,24.85,25.02,24.93,24.93,24.67,24.85,24.85,24.67,25.02,25.11,24.93,24.85,25.11,24.67,25.11,25.02,24.85,24.85,24.93,24.85,25.02,25.02,25.02,24.85,25.11,24.76,25.02,25.11,24.76,25.20,24.76,24.85,25.02,24.48,24.67,25.02,24.85,24.39,24.85,24.93,24.76,24.29,24.93,24.93,24.67,24.48,24.57,24.67,24.85,24.76,24.57,24.76,24.67,24.85,24.67,25.02,24.93,24.39,24.57,24.57,24.67,24.29,24.39,24.76,24.57,24.29,24.39,24.48,24.67,24.57,24.76,24.93,24.20,24.57,24.76,24.29,24.39,24.48,24.48,24.01,24.39,24.29,24.85,24.29,24.48,24.76,24.85,24.57,24.67,24.20,24.57,24.29,24.67,24.48,24.76,24.20,24.39,24.85,24.39,24.57,24.67,24.67,24.48,24.39,24.48,24.67,24.48,24.20,24.48,24.76,24.57,24.85,24.29,24.57,24.93,24.76,24.29,24.11,24.29,24.29,24.93,24.76,24.29,24.29,24.20,24.57,24.48,24.85,24.39,24.29,24.29,24.48,24.67,24.11,24.29,24.29,24.11,24.29,24.57,24.48,24.01,24.01,24.29,24.39,24.39,24.20,24.20,24.48,24.67,24.11,24.39,24.20,24.29,24.57,24.20,24.76,24.48,24.48,24.01,24.39,24.01,24.67,24.11,24.93,24.48,24.20,24.57,24.57,24.20,24.48,24.39,25.02,24.20,24.29,24.48,24.11,24.48,24.20,24.20,24.57,24.39,24.20,24.01,24.11,24.76,24.67,23.92,24.48,24.57,24.29,24.20,24.67,24.29,24.20,24.85,24.11,24.57,23.73,24.01
24.20,24.20,24.11,23.83,24.29,24.01,24.29,23.73,24.57,24.11,24.57,24.48,24.48,24.20,24.39,24.01,24.29,24.20,24.39,23.64,24.29,24.20,24.20,24.11,24.39,24.01,24.29,24.29,24.29,24.01,24.67,24.01,23.92,24.48,23.92,24.48,24.39,24.20,24.57,24.48,24.29,24.57,24.29,24.85,24.57,24.48,24.48,24.39,24.93,24.67,24.67,24.76,24.67,24.67,24.20,24.48,24.93,24.29,24.67,24.39,24.57,24.57,24.39,24.57,24.85,24.57,24.39,24.29,24.29,24.57,24.20,24.57,24.48,24.39,24.11,24.57,24.76,24.20,24.29,24.48,24.67,24.39,24.48,24.48,24.48,24.57,24.11,24.39,24.48,24.29,24.76,24.48,24.20,24.48,24.57,24.39,24.57,25.02,24.29,24.20,24.76,24.39,24.67,24.76,24.29,24.39,24.57,24.48,24.39,24.57,24.67,24.67,24.93,24.76,24.93,24.67,24.76,24.85,24.29,24.67,24.48,24.20,24.57,24.67,24.48,24.85,24.67,24.76,24.48,24.20,24.57,24.57,24.85,24.57,24.76,25.11,24.67,24.57,24.57,24.48,24.57,24.67,24.76,24.39,24.48,24.39,24.57,24.85,24.85,24.76,24.57,24.57,25.20,24.76,25.11,24.67,24.93,24.76,24.76,25.02,24.57,24.93,25.37,24.85,25.02,25.02,24.57,24.85,24.85,25.28,24.76,24.67,24.67,25.11,24.93,24.93,24.93,24.93,24.76,24.57,24.85,24.85,24.85,24.76,24.57,24.85,25.11,25.11,24.93,24.93,25.02,24.57,24.67,24.85,24.93,24.76,24.76,24.57,25.02,24.85,25.20,25.11,25.11,25.11,24.93,25.02,25.11,25.02,24.85,25.20,24.93,24.93,24.93,25.02,24.39,24.67,24.67,24.93,24.85,24.29,24.48,24.48,24.93,24.29,24.67,24.76,24.39,24.57,24.67,24.20,24.67,24.39,24.67,24.76,24.29,24.57,24.67,24.85,24.48,24.48,24.48,24.67,24.29,25.02,24.57,24.48,24.39,24.57,24.48,24.48,24.20,24.57,24.57,24.48,24.57,24.57,24.48,24.20,24.39,24.39,24.67,24.39,24.57,24.39,24.29,24.29,24.39,24.57,23.92,24.39,24.48,24.01,24.57,24.48,24.20,24.20,24.39,24.57,24.11,24.48,24.48,24.29,24.48,24.76,24.48,24.29,24.48,24.57,24.57,24.01,23.92,24.39,24.39,24.57,24.29,24.48,24.48,23.73,24.20,24.48,24.57,24.57,24.11,24.29,23.92,24.48,24.11,24.67,24.39,24.29,24.29,24.20,24.20,23.92,24.11,24.11,24.29,24.29,24.67,24.67,24.11,24.67,24.29,24.48,24.39,24.11,23.92,24.85,24.48,24.29,24.29,24.29,24.48,24.11,24.39,24.20,24.48,24.57,24.48,24.67,24.29,24.20,24.48,24.29,24.29,24.76,24.20,24.29,24.01,24.67,24.29,24.39,24.20,24.20,24.48,24.11,24.29,24.20,24.39,24.20,24.39,24.20,24.48,24.20,23.92,24.48,23.83,23.83,24.67,23.73,24.20,23.83,24.20,24.39,24.01,24.20,24.01,24.20,24.29,24.20,24.20,24.48
24.11,24.01,23.92,24.57,23.92,24.01,24.48,24.20,24.39,24.20,24.76,24.48,23.83,23.83,24.29,24.11,24.11,24.01,23.92,24.20,24.20,24.20,24.11,24.01,24.11,23.92,24.29,23.92,24.48,24.01,24.57,24.29,24.20,24.67,24.20,24.48,24.39,24.20,24.39,24.67,24.57,24.48,24.39,24.29,24.39,24.29,24.48,24.20,24.67,24.01,24.67,23.83,24.85,24.48,24.39,24.29,24.57,24.67,24.29,24.85,24.29,24.39,24.39,24.48,24.20,24.48,24.39,24.39,24.48,24.39,24.48,24.11,24.93,24.39,24.48,24.76,24.57,24.85,24.20,24.29,24.39,24.20,24.39,24.39,24.48,24.76,24.76,24.39,24.39,24.57,24.67,24.29,24.29,24.76,24.20,24.57,24.93,24.67,24.76,24.93,24.39,24.39,24.48,24.76,24.39,24.20,24.57,24.48,24.20,24.85,24.39,24.67,24.67,24.39,24.76,24.67,24.85,24.67,24.29,24.67,24.67,24.29,24.57,24.57,24.11,24.29,24.93,24.29,24.39,24.76,24.57,24.67,24.76,24.39,24.93,24.48,24.85,24.76,24.67,25.02,24.57,24.29,24.48,24.67,24.85,24.76,24.57,24.76,24.48,24.57,24.67,24.67,24.67,24.67,24.67,24.57,24.48,24.85,25.11,24.67,24.85,24.76,24.76,24.67,24.76,24.39,24.39,24.67,24.67,24.93,24.57,25.02,24.93,24.39,24.85,24.67,24.57,24.85,24.76,25.02,24.76,25.02,24.85,24.76,25.02,24.85,25.11,25.11,24.93,25.20,24.93,25.28,25.11,25.02,24.93,24.76,25.11,25.37,25.11,25.02,24.57,24.57,25.11,25.28,25.02,24.93,25.20,25.11,25.02,25.20,25.11,24.85,24.76,24.76,24.29,25.20,24.85,24.85,24.57,24.85,24.29,24.93,24.57,24.57,24.20,24.57,24.57,24.57,24.29,24.39,24.85,24.20,24.76,24.48,24.48,24.48,24.39,24.85,24.48,24.20,24.67,24.11,24.48,24.29,24.48,24.29,24.57,24.57,24.48,24.20,24.20,24.20,24.48,24.48,24.29,24.67,24.67,24.57,24.29,24.48,24.01,24.39,24.67,24.85,24.11,24.11,24.85,24.29,24.48,24.57,24.11,24.76,24.29,24.76,24.20,24.29,24.48,24.48,24.93,24.20,24.20,24.67,24.39,24.39,23.92,24.29,24.11,24.57,24.48,24.48,23.83,24.48,24.39,24.29,24.39,24.48,24.11,24.57,24.57,24.57,24.57,24.20,24.48,24.48,24.01,24.20,24.48,24.20,24.20,24.57,24.39,24.11,24.67,23.92,24.29,24.39,24.29,24.29,24.48,24.76,24.48,24.48,24.29,24.29,24.11,24.48,24.01,24.76,24.57,24.57,24.76,24.20,24.39,24.11,24.48,24.39,24.57,24.57,24.48,24.20,24.57,24.20,24.48,24.20,24.20,24.29,24.29,24.48,24.29,24.57,24.39,24.57,24.29,24.29,24.48,24.39,24.48,24.39,24.39,23.92,24.11,24.39,24.01,24.39,23.92,24.11,24.29,24.29,24.39,24.39,24.29,24.57,24.29,24.29,24.29,24.29,24.29,24.29,24.01,24.29,24.11,24.39
23.92,24.11,24.11,24.48,24.48,24.11,24.11,24.29,24.20,24.20,24.01,24.39,24.29,23.83,24.20,24.01,24.20,24.11,24.11,24.11,24.11,24.20,24.01,24.11,24.39,24.01,24.48,24.29,24.48,23.73,24.39,24.20,24.29,24.11,24.48,24.67,24.48,24.48,25.02,24.39,24.39,24.39,24.29,24.48,24.39,24.67,24.20,23.92,24.29,24.57,24.20,24.20,24.20,24.01,24.01,24.20,24.57,24.57,24.39,24.48,24.11,24.39,24.57,24.29,24.48,24.39,24.67,24.39,24.76,24.76,24.48,24.57,24.29,24.29,24.20,24.76,24.48,24.48,24.93,24.76,24.67,24.20,24.67,24.29,24.57,24.39,24.20,24.67,24.48,24.57,24.67,24.76,24.29,24.76,24.57,24.48,24.85,24.67,24.48,24.29,24.29,24.76,24.39,24.67,24.48,24.57,25.11,24.48,24.29,24.67,24.29,24.29,24.67,24.57,24.76,24.39,24.29,24.57,24.76,24.93,24.67,24.85,24.93,24.57,24.11,24.48,24.57,24.39,25.02,24.76,24.85,24.57,24.57,24.67,24.57,24.29,24.57,24.48,24.57,24.67,24.57,24.57,24.76,24.76,24.48,24.67,24.57,24.39,24.57,24.67,24.85,24.67,24.85,25.11,24.67,24.93,24.67,24.67,24.67,24.57,24.48,24.01,24.93,24.57,24.48,24.85,24.76,24.48,24.93,25.02,24.85,25.11,24.85,24.93,24.85,24.85,24.93,24.76,25.02,24.76,24.67,24.76,24.93,24.76,24.93,25.11,25.02,25.28,24.67,25.11,25.02,25.02,25.02,25.02,24.85,24.67,25.11,24.76,25.02,24.76,25.20,24.48,24.93,25.11,25.28,24.76,25.02,24.93,25.20,24.76,25.11,24.85,24.57,25.02,24.67,24.67,24.76,24.93,24.93,24.76,24.85,24.76,24.57,24.48,24.48,24.57,24.29,24.39,24.39,24.85,25.02,24.76,24.39,24.48,24.57,24.85,24.57,24.48,24.85,24.67,24.20,24.67,24.39,24.93,24.48,24.76,24.67,24.20,25.02,24.57,24.57,24.57,24.48,24.67,24.48,24.48,24.29,24.48,24.67,24.39,24.39,24.29,24.48,24.20,24.48,24.39,24.48,24.57,24.67,24.57,24.67,24.57,24.48,24.48,24.48,24.20,24.85,24.39,24.29,24.39,24.29,24.48,24.39,24.48,24.29,24.20,24.67,24.48,24.39,24.39,24.11,24.57,24.01,24.39,24.39,24.39,24.39,24.48,24.11,24.48,24.20,24.76,24.20,24.20,24.57,24.67,24.57,24.48,24.39,24.57,24.76,24.57,24.57,24.67,24.01,24.11,24.67,23.73,24.67,24.76,24.29,24.20,24.29,24.93,24.29,24.20,24.39,24.39,24.67,24.11,24.76,24.29,24.57,24.67,24.39,24.29,24.76,24.39,24.39,24.48,24.39,24.01,24.11,24.20,24.76,24.57,24.29,24.57,24.29,24.48,24.48,24.20,24.20,24.48,24.29,24.20,24.39,24.11,24.67,24.29,24.29,23.92,24.20,24.20,24.20,24.67,24.39,24.20,24.57,24.20,24.11,24.39,24.29,24.20,24.20,24.11,23.92,24.48,24.29,24.11,23.83,23.92
24.20,24.29,24.29,24.57,24.39,23.83,24.29,24.39,24.39,24.67,24.39,24.29,24.48,24.11,24.20,24.39,24.39,24.39,24.29,24.20,24.20,24.57,24.11,24.20,23.92,24.20,24.48,24.39,24.85,24.39,24.20,24.57,24.29,24.29,24.76,24.67,24.29,24.39,24.20,24.48,24.48,24.39,24.39,24.39,24.57,24.48,24.48,24.48,24.39,24.29,24.85,24.01,24.57,24.20,24.39,24.39,24.57,24.01,24.48,24.39,24.20,24.39,24.29,24.67,24.67,24.76,24.57,24.57,24.76,24.57,24.57,24.39,24.76,24.57,24.39,24.39,24.39,24.76,24.57,24.39,24.67,24.39,24.01,24.57,24.20,24.57,24.01,24.85,24.20,24.67,24.39,24.39,23.92,24.57,24.67,24.39,24.48,24.67,24.39,24.39,24.48,24.76,24.67,24.39,24.57,24.76,24.67,24.48,24.29,24.39,24.48,24.57,24.76,24.48,24.48,24.57,24.48,24.57,24.48,24.67,24.39,24.67,24.48,24.57,24.48,24.67,24.48,24.57,24.76,24.48,24.11,24.85,24.57,24.76,24.39,24.93,24.39,24.48,24.57,24.48,24.48,24.76,24.67,24.57,24.67,24.67,24.85,24.57,24.39,25.02,24.67,24.57,24.85,25.11,24.57,24.76,25.11,24.93,24.85,24.57,24.76,24.39,24.85,24.85,24.67,25.02,24.67,24.67,24.67,24.67,24.76,25.11,24.93,24.57,24.76,24.57,24.48,24.67,24.67,24.85,25.28,24.85,24.67,25.11,24.48,24.93,24.67,24.57,25.11,24.85,24.85,24.93,25.11,25.02,25.11,25.02,25.02,24.93,24.93,25.02,24.85,25.02,24.93,24.85,24.85,24.85,24.76,24.93,25.11,24.39,24.76,24.57,24.76,24.76,24.57,24.57,24.67,24.76,24.57,24.57,24.57,24.57,25.11,24.67,24.67,24.48,24.48,24.93,24.39,24.57,25.11,24.67,24.85,24.48,24.67,24.67,24.76,24.76,24.39,24.39,24.76,24.57,24.85,24.67,24.48,24.48,24.39,24.39,24.57,24.48,24.57,24.67,24.39,24.48,24.48,24.39,24.76,24.39,24.29,24.67,24.29,24.39,24.85,24.29,24.48,24.67,24.57,24.48,24.76,24.76,24.48,24.29,24.29,24.29,24.29,24.39,24.67,24.48,24.67,24.67,24.29,24.48,24.76,24.67,24.29,24.39,24.48,24.29,24.20,24.48,24.11,24.67,24.39,24.29,24.57,24.29,24.76,24.01,24.11,24.76,24.48,24.39,24.39,24.29,24.67,24.29,24.48,24.48,24.20,24.11,24.39,24.39,24.39,24.01,23.92,24.48,24.11,24.76,24.29,24.39,24.48,24.20,24.29,24.29,24.29,24.39,24.48,24.29,24.20,24.39,24.29,24.39,24.39,24.39,24.67,24.48,24.29,24.29,24.29,24.48,24.57,24.39,24.48,24.85,24.48,24.20,24.29,24.67,24.01,24.48,24.20,24.20,24.48,24.48,24.20,24.39,24.29,24.39,24.48,24.57,24.57,24.01,24.48,24.48,24.01,24.29,24.29,24.29,24.48,24.85,24.11,24.11,24.57,24.20,24.93,24.29,24.67,24.01,24.01,24.11,24.01,24.48
24.11,24.29,24.11,24.48,23.92,24.48,23.83,24.01,23.83,24.29,24.39,24.29,24.11,24.48,24.11,24.48,24.48,23.92,24.39,24.39,23.92,24.11,24.67,24.20,24.11,24.39,24.11,24.39,24.39,24.20,24.11,24.11,24.11,24.20,24.67,24.39,24.39,24.67,24.39,24.67,24.20,24.57,24.67,24.57,24.48,24.29,24.39,24.20,24.76,24.39,24.57,24.57,25.02,24.29,24.76,24.57,24.48,24.93,24.57,24.39,24.29,24.48,24.48,24.57,24.57,24.76,24.57,24.67,24.29,24.67,24.48,24.67,24.67,24.48,24.48,24.48,24.67,24.57,24.48,24.39,24.39,24.48,24.76,24.39,24.20,24.29,24.85,24.67,24.57,24.39,24.20,24.20,24.48,24.29,24.76,24.20,24.67,24.85,24.67,24.76,24.48,24.57,24.93,24.57,24.85,24.48,25.02,24.57,24.85,24.67,24.85,24.48,24.20,24.85,24.76,24.67,24.85,24.76,24.67,24.76,24.29,25.02,24.57,24.39,24.57,24.57,24.48,24.85,24.76,24.67,24.39,24.29,24.48,24.67,24.39,24.93,24.76,24.67,24.39,24.76,24.57,24.67,24.57,24.76,24.57,24.76,24.57,24.85,24.85,24.39,24.67,24.67,24.48,24.57,24.57,24.93,24.67,24.57,24.67,24.76,24.76,24.76,24.85,24.85,24.85,24.76,25.11,25.02,24.57,25.11,25.02,24.85,24.76,24.67,24.76,25.11,25.02,24.93,24.93,25.11,25.11,24.76,24.67,24.57,24.85,24.93,25.11,24.93,24.57,24.93,24.67,24.76,24.93,24.93,25.02,24.85,24.93,24.76,24.57,25.46,25.02,25.11,24.76,24.93,25.02,25.02,25.02,25.02,24.67,24.85,25.20,24.76,24.93,24.48,24.85,24.48,24.85,24.85,24.67,24.67,24.85,24.93,24.85,24.76,24.76,24.67,24.39,24.57,24.76,24.57,24.85,24.67,24.48,24.11,24.20,24.48,24.57,24.67,24.76,24.48,24.57,25.02,24.76,24.57,24.39,24.93,24.76,24.93,24.48,24.85,24.76,24.57,24.57,24.57,24.29,24.48,24.67,24.48,24.67,24.29,24.20,24.39,24.39,24.48,24.57,24.39,24.48,24.57,24.57,24.39,24.29,24.57,24.76,24.85,24.48,24.39,24.67,24.76,24.20,24.57,24.29,24.48,24.39,24.39,24.93,24.48,24.39,24.11,24.39,24.48,24.39,24.39,24.39,24.48,24.76,24.29,24.39,24.85,24.11,24.67,24.29,24.57,24.20,24.39,24.48,24.20,24.29,24.57,24.39,24.20,24.29,24.93,24.48,24.29,24.48,24.48,24.39,24.76,24.11,24.57,24.67,24.29,24.39,24.20,24.57,24.57,24.67,24.20,24.29,24.39,24.39,24.67,24.39,24.20,24.11,24.48,24.29,24.29,24.29,24.39,24.29,24.20,24.76,24.29,24.39,24.39,24.48,24.76,24.11,24.85,24.39,24.39,24.48,24.29,24.29,24.01,24.01,24.48,24.39,24.39,24.57,23.83,24.48,24.29,24.57,24.20,24.57,24.29,24.20,24.20,23.92,24.57,24.67,24.29,24.39,24.57,24.11,24.29,24.20,24.11,24.29,24.01
24.20,23.83,24.29,24.39,24.20,24.11,24.29,24.01,24.67,24.20,24.29,23.73,24.48,24.48,24.29,24.29,24.48,24.57,24.11,24.39,24.20,24.29,24.11,24.29,24.76,24.39,24.11,24.20,24.67,24.01,24.39,24.48,24.76,24.29,24.39,24.11,24.01,24.48,23.92,24.39,23.92,24.48,24.48,24.20,24.11,24.11,24.67,24.85,24.67,23.92,24.57,24.67,24.29,24.39,24.39,24.57,24.39,24.57,24.29,24.29,24.76,24.67,24.67,24.39,24.76,24.39,24.39,24.20,24.39,24.39,24.48,24.29,24.67,24.76,24.29,24.48,24.39,24.39,24.57,24.57,24.57,24.29,24.48,24.85,24.57,24.57,24.67,24.67,24.57,24.39,24.29,24.39,24.20,24.48,24.48,24.57,24.57,24.76,24.29,24.67,24.11,24.20,24.76,24.57,24.76,24.29,24.48,24.20,24.76,24.67,24.48,24.85,24.67,24.57,24.29,24.76,24.76,24.76,24.11,24.85,24.48,24.76,24.57,24.57,24.57,24.85,24.67,25.02,24.39,24.48,24.67,24.20,24.39,24.67,24.29,24.57,24.57,24.29,25.02,24.39,24.48,24.29,24.57,24.85,25.02,24.93,24.76,24.48,24.76,24.20,24.39,24.29,24.85,24.57,24.48,24.85,24.57,24.67,24.85,24.76,24.67,24.67,24.76,24.11,24.85,24.20,24.76,24.76,24.57,25.11,24.93,24.85,24.76,24.39,24.85,24.85,24.76,24.57,24.85,24.67,24.85,25.11,24.76,24.93,24.67,25.11,24.76,24.85,24.67,24.93,24.93,24.57,25.11,24.57,25.11,24.76,24.76,25.02,24.57,24.67,24.76,25.11,25.11,25.02,24.93,25.02,24.76,25.11,24.67,24.76,24.76,24.67,24.85,25.02,24.67,25.11,24.67,24.93,24.11,24.67,24.67,24.67,24.39,24.76,24.76,24.57,24.57,24.85,24.11,24.48,24.57,24.85,24.29,24.29,24.85,24.76,24.39,24.67,24.85,24.39,24.48,24.57,24.85,24.57,24.29,24.48,24.29,24.48,24.29,24.29,24.20,24.67,24.57,24.93,24.76,24.57,24.39,24.57,24.57,24.48,24.48,24.57,24.67,24.20,24.76,24.48,24.39,24.57,24.93,24.67,24.85,24.39,24.76,24.67,24.57,24.85,24.57,24.20,24.29,24.67,24.39,24.01,24.39,24.48,24.57,24.57,24.11,24.20,24.20,24.11,24.57,24.76,24.76,24.67,24.67,24.39,24.29,24.01,24.20,24.57,24.48,24.48,24.29,24.29,24.20,24.48,24.20,24.57,24.57,24.48,24.29,24.20,24.57,24.20,24.11,24.48,24.76,24.39,24.39,24.48,24.29,24.76,24.57,24.57,24.39,24.39,24.20,24.29,24.48,24.39,24.29,24.20,24.57,24.67,24.39,25.02,24.48,24.39,24.57,24.93,24.39,24.39,24.85,24.48,24.39,24.01,24.29,24.57,24.57,24.67,24.29,24.11,24.29,24.29,24.39,24.20,24.76,24.29,24.67,24.93,24.67,24.01,24.39,24.11,24.29,24.20,24.29,24.11,24.11,24.29,24.67,24.48,24.39,24.20,24.57,24.39,24.20,24.67,24.48,24.11,24.20,24.01
24.48,24.11,24.20,24.01,23.83,24.11,24.57,24.39,24.39,24.29,24.01,23.73,24.67,24.39,24.39,24.48,24.29,24.76,24.57,24.20,24.29,24.29,24.20,24.57,24.39,24.48,24.39,24.67,24.48,24.11,24.57,24.20,24.93,24.20,24.11,24.20,24.20,24.39,24.29,24.57,24.29,24.85,24.39,24.20,24.20,24.39,24.48,24.20,24.01,24.48,24.39,24.76,24.67,24.67,24.76,24.57,24.67,24.76,24.48,24.29,24.48,24.39,24.57,24.29,24.39,24.85,24.39,24.85,24.11,24.67,24.48,24.57,24.57,24.20,24.67,24.39,24.85,24.11,24.48,24.39,24.67,24.29,24.48,24.76,24.48,24.67,24.11,24.39,24.76,24.11,24.93,24.39,24.29,24.76,24.29,24.48,24.20,24.39,24.39,24.67,24.67,24.85,24.39,24.85,24.85,24.20,24.48,24.57,24.57,25.28,24.11,24.85,24.67,25.02,24.57,24.67,24.57,24.57,24.85,24.57,24.76,24.85,24.85,24.39,24.93,24.76,24.48,24.48,24.85,24.67,24.85,24.20,24.85,24.57,24.48,24.76,24.57,24.76,24.76,24.48,24.93,24.76,24.76,24.67,24.57,24.67,24.67,24.76,24.76,24.76,25.11,24.67,24.93,24.39,24.76,24.85,24.57,24.39,24.67,24.57,24.29,24.67,24.67,25.02,24.93,24.48,24.48,24.29,25.11,25.20,25.02,25.02,24.57,24.48,25.20,24.76,24.76,25.20,25.02,24.48,24.67,25.02,24.85,24.57,24.67,25.28,25.02,25.02,24.85,24.48,25.28,24.93,25.11,25.11,25.11,25.11,25.11,25.02,24.85,24.76,25.11,25.20,25.02,24.85,25.02,25.02,25.37,24.85,24.76,25.02,25.11,25.02,24.85,24.85,24.39,24.85,25.02,24.76,24.39,24.48,24.48,24.67,24.85,24.48,24.93,24.67,24.57,24.76,24.39,24.57,25.11,24.85,24.39,24.67,24.48,24.57,24.39,24.29,24.48,24.48,24.39,24.39,24.29,24.76,24.39,24.57,24.57,24.57,24.57,24.57,24.67,24.20,24.48,24.57,24.39,24.39,24.39,24.57,24.48,24.01,24.48,24.48,24.29,24.76,24.20,24.48,24.57,24.29,24.39,24.57,24.39,24.57,24.85,24.48,24.48,24.76,24.20,24.85,24.39,24.20,24.48,24.29,24.67,24.01,24.67,24.67,24.48,24.39,24.67,24.48,24.29,24.11,24.76,24.20,24.67,24.39,24.48,24.01,24.48,24.48,24.67,24.39,24.67,24.11,24.20,24.67,24.39,24.39,25.02,24.39,24.20,24.20,24.76,24.39,24.57,24.11,24.20,24.20,24.29,24.48,24.39,24.11,24.48,24.20,24.29,24.57,24.01,24.11,24.48,24.48,24.20,24.01,24.39,24.67,24.20,24.67,24.20,24.48,24.48,24.85,24.48,24.39,24.76,24.20,24.20,24.67,24.29,24.39,24.29,24.20,24.93,24.39,24.48,24.11,23.83,24.20,24.48,24.29,24.76,24.11,24.57,24.39,24.57,24.39,24.01,24.01,24.48,24.29,24.29,24.01,24.48,24.67,24.29,24.20,24.39,24.20,23.73,24.20,24.29,24.11,23.92,24.39
24.11,23.83,24.11,24.11,24.48,24.01,24.29,24.29,23.83,24.20,24.20,24.29,24.20,24.11,24.20,24.39,24.85,24.67,24.39,24.11,24.11,24.39,24.39,24.57,24.20,24.11,24.01,24.67,24.01,24.57,24.57,24.48,24.11,24.85,24.39,24.29,24.29,24.29,24.11,24.29,24.48,24.20,24.29,24.48,24.39,24.48,24.48,24.67,24.67,24.93,24.85,24.85,24.39,24.67,24.85,24.57,24.29,24.29,24.20,25.02,24.39,24.20,24.20,24.57,24.85,24.48,24.67,24.48,24.29,24.39,24.48,24.39,24.01,24.57,24.29,24.39,24.20,24.76,24.48,24.57,24.57,24.39,24.01,24.67,24.01,24.20,24.67,24.20,24.76,24.57,24.39,24.39,24.93,24.29,24.39,24.29,24.20,24.57,24.57,24.48,24.29,24.93,24.48,24.85,24.48,24.67,24.29,24.48,24.57,24.67,24.48,24.11,24.93,24.57,24.76,24.67,24.67,24.76,24.67,24.57,24.20,24.57,24.76,24.57,24.20,24.39,24.57,24.76,24.67,24.39,24.76,24.29,24.39,24.93,25.02,24.67,24.67,24.57,24.67,24.29,24.57,24.39,24.57,24.85,24.67,24.39,24.67,24.57,24.85,24.48,24.67,24.85,24.76,24.76,24.48,24.85,24.76,24.76,24.76,24.93,24.57,24.67,24.48,24.67,24.67,24.76,24.76,24.76,24.85,24.85,25.02,24.76,24.67,24.93,24.76,24.85,24.93,25.02,25.11,24.85,25.02,25.11,24.57,24.76,24.85,24.93,24.67,25.02,24.85,24.76,25.02,25.02,25.02,24.76,25.28,24.85,25.02,25.20,25.02,24.85,24.93,24.85,24.57,24.76,24.85,25.02,25.02,24.67,25.20,24.67,24.57,25.11,25.28,24.76,24.76,24.85,24.57,24.57,24.67,24.85,24.48,24.57,25.02,24.67,24.01,24.57,24.67,24.93,24.57,24.93,24.39,24.85,24.29,24.76,24.29,24.57,24.76,24.85,24.57,24.20,24.39,24.48,24.20,24.48,24.57,24.67,24.67,24.76,24.85,24.57,24.57,24.39,24.20,24.57,24.76,24.11,24.20,24.39,24.57,24.29,24.57,24.76,24.39,24.48,24.85,24.39,24.48,24.29,24.29,24.57,24.39,24.29,24.29,24.48,24.20,24.57,24.57,24.48,24.57,24.67,24.39,24.39,24.48,24.57,24.48,24.57,24.01,24.67,24.01,24.39,24.57,24.48,24.67,24.29,24.29,24.29,24.29,24.29,24.67,24.01,24.01,24.39,24.48,24.57,24.57,24.39,24.48,24.48,24.20,24.67,24.29,24.29,24.57,24.57,24.57,24.20,24.20,24.57,24.76,24.11,24.01,24.29,24.39,24.29,24.20,24.20,24.48,24.57,24.39,24.67,24.39,24.48,24.67,24.48,24.11,24.67,24.20,24.57,24.76,24.39,24.20,24.20,24.29,24.48,24.67,24.57,24.76,24.67,24.11,24.93,24.39,24.39,24.39,24.20,24.20,24.48,24.57,24.48,24.67,24.57,23.73,24.48,24.67,24.67,24.11,24.11,24.39,24.39,24.48,24.57,24.20,24.29,24.39,24.11,24.48,24.93,24.76,24.48,24.48,24.20,24.01,24.29
24.11,24.20,24.76,24.01,23.64,23.83,24.29,24.67,23.83,24.57,23.83,23.83,24.20,24.48,24.29,24.39,24.48,24.11,24.39,24.01,24.20,24.29,24.39,23.92,24.29,24.29,24.11,24.48,24.01,24.20,24.48,24.48,24.11,24.48,24.29,24.29,24.29,24.57,24.29,24.39,24.20,24.11,24.48,24.01,24.93,24.67,24.29,24.39,24.39,24.29,24.85,24.57,24.67,24.57,24.67,24.67,24.48,24.29,24.57,24.29,24.57,24.39,24.39,24.29,24.48,24.76,24.57,25.02,24.29,24.39,24.48,24.85,24.57,24.20,24.93,24.67,24.11,24.48,24.57,24.11,24.48,24.39,24.29,24.01,24.48,24.57,24.20,24.76,24.48,24.29,24.29,24.20,24.29,24.29,24.20,24.11,24.20,24.39,24.39,24.29,24.39,24.67,24.85,24.67,24.67,25.02,24.57,24.67,24.48,24.29,24.76,24.57,24.67,24.76,24.48,24.57,24.20,24.39,24.67,24.67,24.48,24.48,24.93,24.85,24.57,24.67,24.29,24.48,24.57,24.39,24.67,24.39,24.76,24.48,24.20,24.57,24.39,24.76,24.85,24.57,24.20,24.85,24.76,24.67,24.76,24.85,24.67,24.57,24.76,24.67,24.93,25.02,24.76,25.02,24.67,24.76,24.76,24.76,24.76,24.48,24.48,24.48,24.57,24.39,24.57,24.48,24.57,24.76,24.85,24.85,24.57,24.85,25.02,24.76,25.46,25.11,25.20,24.76,24.76,24.85,24.93,25.02,25.28,25.02,25.02,24.93,24.93,24.85,25.02,24.85,24.85,24.67,24.67,24.67,25.11,24.76,24.48,24.76,24.67,24.93,25.02,24.85,25.02,25.11,24.85,24.76,24.57,25.28,25.37,25.02,24.85,25.02,24.57,24.85,24.85,24.85,24.93,24.67,24.85,24.57,24.93,24.76,24.85,24.57,24.57,24.76,24.29,24.57,24.57,24.29,24.20,24.01,24.67,24.39,24.76,24.85,24.48,24.29,24.67,24.29,24.39,24.39,24.57,24.39,24.57,24.20,24.11,24.76,24.48,24.48,24.29,24.57,24.48,24.39,24.48,24.76,24.29,24.57,24.29,24.29,24.85,24.29,24.20,24.29,24.85,24.48,24.48,24.39,24.39,24.20,24.39,24.67,24.76,24.67,24.29,24.11,24.57,24.76,24.39,24.39,24.48,24.48,24.67,24.67,24.29,24.20,24.48,24.39,24.01,24.57,24.48,24.57,24.39,24.48,24.20,24.29,24.48,24.67,24.67,24.48,24.39,24.48,24.01,24.20,24.67,24.11,24.76,24.48,24.20,24.67,23.92,24.48,24.48,24.57,24.29,24.29,24.39,23.83,24.20,24.39,24.48,24.57,24.20,24.48,24.67,24.39,24.20,24.39,24.67,24.93,24.39,24.48,24.48,24.93,24.29,24.48,24.76,24.76,24.48,24.39,24.57,24.48,24.57,24.48,24.48,24.29,24.39,24.57,24.67,24.39,24.39,24.48,24.39,24.57,24.20,24.48,23.83,24.76,24.39,24.29,23.73,24.29,24.39,24.76,24.11,24.29,24.29,24.29,24.11,24.29,24.29,24.39,24.20,24.29,24.29,23.83,24.29,24.11,24.20,24.11,24.20,24.20
24.01,24.20,24.48,24.11,24.39,24.29,24.20,24.29,24.39,24.39,24.57,24.01,24.11,24.39,24.29,24.85,24.57,24.48,24.48,24.20,24.67,24.39,24.39,24.20,24.20,24.57,24.01,24.29,24.11,24.39,24.20,24.57,24.67,24.20,24.39,24.48,24.29,24.39,24.11,24.48,24.39,24.67,24.39,24.48,24.48,24.67,25.02,24.48,24.01,24.67,24.20,24.57,24.48,24.39,24.85,25.02,24.39,24.76,24.11,24.48,24.48,24.48,24.67,24.39,24.67,24.67,24.67,24.39,24.48,24.57,24.29,24.76,25.02,24.85,24.57,24.39,24.48,24.48,24.67,24.57,24.11,24.20,24.39,24.48,24.67,24.57,24.39,24.20,24.29,24.20,24.39,24.67,24.29,24.11,24.57,24.29,24.85,24.93,24.48,24.57,24.48,24.48,24.67,24.93,24.11,24.67,24.76,24.57,24.67,24.76,24.57,25.02,24.39,24.85,24.57,24.76,24.76,24.67,24.48,24.93,24.93,24.76,24.57,24.85,24.67,24.67,24.76,24.67,24.93,24.67,24.85,24.67,24.76,24.67,24.39,24.67,24.67,24.67,24.93,24.93,24.29,24.48,24.67,24.67,24.67,24.85,24.93,24.76,24.57,24.48,24.67,24.48,24.48,24.67,24.93,24.85,24.93,24.76,24.85,24.85,24.57,24.85,24.85,24.67,24.67,24.85,24.76,24.85,24.85,24.67,24.67,24.67,24.67,24.85,25.02,25.02,24.57,24.85,24.93,25.20,25.02,25.02,24.93,24.93,24.93,24.57,24.93,24.76,24.93,24.93,25.02,25.11,25.20,24.85,25.02,24.76,25.02,25.02,24.57,25.11,25.11,24.93,24.93,24.85,25.02,24.93,24.76,25.02,25.37,25.11,24.76,24.93,24.85,24.67,25.02,24.93,24.85,24.76,24.85,24.67,24.48,24.39,24.76,24.48,25.02,24.93,24.48,24.67,24.01,24.67,25.11,24.20,24.48,24.67,24.57,24.93,24.93,24.85,24.67,24.29,24.39,24.39,24.39,24.20,24.29,24.67,25.02,24.48,24.48,24.48,24.67,24.48,24.67,24.67,24.85,24.48,24.48,24.29,24.67,24.67,25.11,24.67,24.39,24.67,24.57,24.57,24.11,24.29,24.01,24.67,24.39,24.57,24.57,24.20,24.20,24.67,24.20,24.93,24.48,24.48,24.48,24.39,24.67,24.01,24.48,23.92,24.57,24.48,24.67,24.39,24.57,24.39,24.48,24.39,24.29,24.39,24.57,24.67,24.57,24.39,24.48,24.29,24.57,24.39,24.57,24.67,24.20,24.67,24.39,24.76,24.57,24.48,24.76,24.29,24.29,24.57,24.85,24.39,24.57,24.39,24.29,24.48,24.48,24.11,24.39,24.01,24.67,24.48,24.29,24.48,24.29,24.39,24.20,24.29,24.39,24.39,24.39,24.29,24.57,24.48,24.20,24.39,24.48,24.20,24.39,24.48,24.57,24.29,24.01,24.20,24.39,24.48,24.76,24.11,24.39,24.57,24.48,24.29,24.29,23.92,24.57,24.48,24.29,24.11,24.76,23.92,24.01,24.57,24.76,24.01,24.20,24.93,23.92,24.29,24.39,24.20,24.29,24.48,24.11,24.20,24.20,24.39
24.01,24.11,24.01,24.01,23.92,24.11,24.20,24.11,23.92,24.48,24.01,24.11,23.92,24.39,24.57,24.20,24.29,24.20,24.57,24.39,24.48,24.67,24.29,24.57,24.29,24.20,23.92,24.48,24.48,24.67,24.67,24.01,24.48,24.20,24.39,24.39,24.48,24.20,24.39,24.39,23.92,24.39,24.67,24.57,24.57,24.76,24.20,24.76,24.39,24.29,24.76,24.48,24.29,24.93,24.57,24.48,24.57,24.67,24.01,24.57,24.48,24.67,24.20,24.57,24.20,24.20,24.67,24.67,24.85,24.48,24.48,24.67,25.02,24.67,24.48,24.67,24.57,24.11,24.39,24.48,24.85,24.48,24.39,24.48,24.11,24.57,24.57,24.39,24.29,24.93,24.57,24.29,24.67,24.57,24.67,24.85,24.48,24.48,24.67,24.48,24.48,24.39,24.39,24.20,24.93,24.48,24.67,24.67,24.29,24.67,24.48,24.39,24.29,24.76,24.67,24.39,24.76,24.57,25.11,24.67,24.48,24.57,24.29,24.85,24.67,24.76,24.67,24.48,24.57,24.67,24.20,24.67,24.57,24.67,24.48,24.93,24.85,24.48,24.76,24.67,24.48,24.67,24.76,24.57,24.76,24.76,24.57,25.02,24.48,24.67,24.29,24.48,24.39,24.67,24.57,24.57,24.67,24.67,24.48,25.11,24.67,24.76,24.67,24.20,24.85,25.02,25.02,24.85,24.85,24.85,25.11,24.76,24.93,24.57,25.02,25.02,24.85,24.76,24.76,24.76,25.11,24.67,25.02,24.76,24.85,24.85,24.85,24.76,24.76,24.85,24.93,24.85,25.11,25.02,25.02,24.85,24.39,24.93,25.11,24.93,24.76,25.46,24.76,25.02,24.85,24.67,24.93,24.67,24.76,24.93,24.85,24.67,24.67,24.67,24.76,24.48,24.57,24.39,24.29,24.39,24.67,24.57,24.76,24.76,24.67,24.57,24.76,24.76,24.48,24.76,25.02,24.76,24.76,24.67,24.67,24.20,24.48,24.76,24.85,24.29,24.76,24.57,24.39,24.39,24.48,24.39,24.57,24.48,24.67,24.48,24.48,24.57,24.48,24.67,24.48,24.39,24.20,24.29,24.20,24.76,24.39,24.11,24.20,23.92,24.67,24.48,24.39,24.20,24.20,24.48,24.29,24.48,24.29,24.29,24.39,24.57,24.39,24.29,24.29,24.29,24.48,24.29,24.11,24.57,24.48,24.48,24.20,24.20,24.85,24.01,24.39,24.57,24.57,24.76,24.57,24.67,24.48,24.20,24.29,24.48,24.76,24.11,24.57,24.20,24.11,24.20,24.39,24.29,24.48,24.85,24.76,24.57,24.29,24.11,24.29,24.48,24.29,24.57,24.20,24.39,24.67,24.57,24.01,24.57,24.57,24.39,24.11,24.20,24.29,24.67,24.20,24.29,24.11,24.85,24.48,24.20,24.20,24.76,24.29,24.39,24.39,24.20,24.39,24.93,24.11,24.57,24.39,24.29,24.39,24.48,24.48,24.01,24.20,24.39,24.39,24.48,24.39,24.29,24.29,24.48,24.39,24.29,24.39,23.92,24.01,24.48,24.67,24.85,24.29,24.48,24.67,24.57,24.67,24.57,24.48,24.11,24.29,24.20,24.39,24.11,24.57,24.48
24.29,24.01,24.11,24.39,24.11,24.39,24.01,24.67,24.48,23.92,24.29,24.29,24.29,24.01,24.67,24.29,24.20,24.39,24.39,24.85,24.76,24.11,24.29,24.67,23.92,24.39,23.92,24.11,24.11,24.20,24.29,24.39,24.76,24.39,24.01,24.29,24.57,24.29,24.11,24.57,24.67,24.48,24.20,24.48,24.39,24.57,24.39,24.57,24.11,24.20,24.57,24.39,23.83,24.01,24.67,24.76,24.57,24.11,24.57,24.48,24.48,24.29,24.29,24.67,23.92,24.57,24.57,24.76,24.48,24.20,24.29,24.57,24.67,24.39,24.20,24.57,24.57,24.39,24.48,24.29,24.20,24.39,24.67,24.39,24.39,24.67,24.20,24.48,24.39,24.67,24.93,24.20,24.20,24.57,24.20,24.39,24.39,24.29,24.85,24.57,24.76,24.85,24.57,24.67,24.76,24.67,24.76,24.57,24.29,24.76,24.57,24.48,24.76,24.85,24.48,24.39,24.57,24.39,24.67,24.93,24.67,24.76,24.85,24.48,24.57,24.48,24.11,24.57,24.57,24.11,24.67,24.67,24.48,24.67,24.93,24.29,24.20,24.67,24.39,24.67,24.48,24.67,24.85,24.57,24.76,24.85,24.67,24.67,24.85,24.76,24.85,25.11,24.39,24.85,24.76,24.57,24.67,24.39,24.57,24.67,24.85,24.39,24.67,24.76,24.48,24.67,24.67,24.76,24.29,24.93,24.93,24.76,25.20,24.67,24.39,24.85,24.57,24.85,24.67,24.85,24.57,24.67,24.85,25.11,24.48,24.93,25.11,25.11,24.76,24.67,24.67,24.48,25.02,24.93,24.85,25.63,24.76,24.76,25.02,24.93,24.93,24.93,25.02,24.85,25.11,25.20,24.85,25.11,24.93,24.67,24.93,24.67,24.85,24.76,24.76,24.85,24.67,24.48,24.39,24.93,24.93,24.20,24.57,24.67,24.57,24.76,24.76,24.57,24.48,24.76,24.85,24.67,24.76,24.48,24.67,24.29,24.39,24.67,24.11,24.57,24.76,24.67,24.85,24.67,24.39,24.57,24.76,24.57,25.02,24.48,24.39,24.85,24.67,24.57,24.11,24.57,24.48,24.76,24.76,24.76,24.85,24.57,24.39,24.39,24.29,24.67,24.67,24.39,24.57,24.29,24.48,24.67,24.57,24.39,24.48,24.48,24.20,24.20,24.76,24.48,24.39,24.48,24.39,25.02,24.29,24.29,24.29,24.48,24.20,24.48,24.39,24.48,24.48,24.29,24.67,24.20,24.76,24.57,24.67,24.20,24.67,24.67,24.48,24.67,23.83,24.20,24.57,24.39,24.57,24.39,24.57,24.48,24.57,24.29,24.01,24.48,24.67,24.67,24.29,24.11,24.57,24.29,24.11,24.67,24.39,24.11,24.20,24.20,24.57,24.39,24.48,24.76,24.48,24.20,24.48,24.29,24.39,24.67,25.20,24.20,24.85,24.67,24.76,24.48,24.20,24.29,24.67,24.48,24.39,24.48,24.20,24.48,24.29,24.39,24.29,24.11,24.57,24.01,24.29,24.57,24.39,24.20,24.29,24.39,24.76,24.20,24.01,24.76,24.01,24.76,24.48,24.20,24.29,24.57,24.29,24.29,24.01,24.39,24.11,24.20,24.57,24.11
24.01,24.11,24.20,24.39,24.20,23.73,24.29,24.29,24.39,24.57,24.48,24.39,24.20,24.20,24.29,24.11,23.92,24.01,24.57,24.01,24.39,24.39,24.39,24.11,24.20,24.39,24.11,24.11,24.20,24.48,24.01,24.67,24.76,24.20,24.11,24.20,24.11,24.39,24.29,24.29,24.48,24.39,24.39,24.11,24.29,24.29,24.48,24.29,24.67,24.85,24.67,24.76,24.29,24.57,24.57,24.11,24.67,24.85,24.39,24.48,24.57,24.39,24.57,24.39,24.29,24.29,24.57,24.57,24.67,24.48,24.29,24.57,24.93,24.57,24.39,24.76,24.39,24.48,24.20,24.48,24.48,24.48,24.93,24.57,24.67,24.39,24.39,24.29,24.76,24.29,24.48,24.39,24.57,24.67,24.76,24.57,24.29,24.48,24.67,24.48,24.29,24.11,24.20,24.29,24.20,24.48,24.57,24.76,24.57,24.11,24.39,24.76,24.67,24.76,24.67,24.48,24.67,24.29,24.48,24.20,24.39,24.29,24.29,24.76,24.67,24.39,24.57,24.57,24.57,24.48,24.67,24.48,24.48,24.57,24.57,24.67,24.76,24.57,24.57,24.67,24.48,25.20,24.48,24.29,24.39,24.39,24.57,24.48,24.39,24.67,24.57,24.48,24.93,24.57,24.76,24.67,24.57,24.57,24.48,24.57,24.48,25.02,24.67,24.57,24.39,24.48,24.48,24.67,24.93,24.85,24.85,25.02,24.85,24.85,24.57,25.20,24.93,24.76,24.57,24.85,25.11,25.11,24.85,24.67,24.48,24.93,24.76,24.39,24.85,24.93,25.20,24.85,24.85,24.93,24.76,24.93,24.76,24.85,24.76,25.20,25.28,24.67,24.85,24.67,24.76,25.11,24.85,25.20,25.20,24.93,24.85,24.57,24.85,25.02,25.02,24.57,24.76,24.76,24.39,24.39,24.39,24.48,24.48,24.57,24.20,24.93,24.20,24.76,24.67,24.39,24.57,24.39,24.39,24.76,24.57,24.39,24.20,24.20,24.48,24.76,24.29,24.20,24.29,24.67,24.76,24.57,24.48,24.48,24.57,24.67,24.67,24.57,24.57,24.93,24.48,24.48,24.57,24.57,24.57,24.48,24.57,24.48,24.67,24.67,24.76,24.11,24.39,24.57,24.48,24.76,24.48,24.39,24.48,24.39,24.48,24.29,24.29,24.29,24.48,24.48,24.57,24.48,24.48,24.29,24.39,24.48,24.57,24.29,24.57,24.48,24.48,24.39,24.93,24.67,24.01,24.20,24.39,24.48,24.48,24.48,24.11,24.85,24.29,24.20,24.39,24.67,24.85,24.01,23.92,24.20,24.11,24.48,24.57,24.29,24.76,24.39,24.20,24.67,24.20,24.85,24.11,23.83,24.48,24.48,24.39,24.20,23.92,24.48,24.20,24.48,24.20,24.29,24.39,24.85,24.11,24.57,24.48,24.67,24.39,24.57,24.57,24.48,24.39,24.39,24.39,24.11,24.76,24.76,24.20,24.20,24.67,24.39,24.29,24.20,24.39,24.48,24.29,24.29,24.48,24.48,24.01,24.01,24.20,24.48,24.39,24.29,24.48,24.20,24.39,24.39,24.85,24.29,24.20,23.92,24.93,24.48,24.20,24.39,24.11,24.29,24.20,24.29
24.01,24.29,24.01,24.39,24.11,23.83,23.73,24.01,23.45,24.29,24.39,24.48,24.39,24.01,24.20,23.92,24.57,24.11,24.29,24.67,24.01,24.11,24.20,24.39,24.67,24.20,24.39,24.67,24.11,24.01,24.29,24.01,24.20,24.01,24.01,24.48,24.29,24.29,24.39,24.29,24.20,24.29,24.39,24.11,24.29,24.29,24.85,24.39,24.39,24.39,24.57,24.57,24.48,24.01,24.67,24.48,24.76,24.20,24.11,24.20,24.48,24.29,24.76,24.48,24.39,24.01,24.76,24.76,24.29,24.57,24.85,24.11,24.93,24.57,24.67,24.57,24.48,24.29,24.01,24.29,24.67,24.29,24.39,24.20,24.39,24.20,24.57,24.29,24.76,24.20,24.20,24.39,24.20,24.29,24.93,24.67,24.57,24.20,24.67,24.48,24.11,24.57,24.57,24.93,24.57,24.67,24.67,24.57,24.67,24.76,23.92,24.48,24.57,24.93,24.57,24.67,24.48,24.76,24.67,24.39,24.57,24.57,24.11,24.93,24.67,24.67,24.48,24.85,24.67,24.39,24.57,24.93,24.57,24.48,24.57,24.57,24.48,24.57,24.85,24.57,24.67,24.57,24.67,24.39,24.57,24.39,24.67,24.57,24.57,24.57,24.20,24.67,24.76,24.67,24.93,24.93,24.39,24.93,24.29,24.67,24.67,24.20,24.76,24.76,24.67,24.57,24.76,24.67,24.85,24.48,24.85,24.85,24.76,24.48,24.93,25.02,24.93,24.57,24.76,24.85,24.93,24.93,24.76,24.76,24.85,24.67,24.57,24.93,25.02,24.48,25.02,24.76,24.85,24.85,24.76,24.93,25.20,25.02,25.02,25.20,24.93,25.20,24.39,24.76,24.93,25.02,24.67,24.76,24.93,24.93,25.02,24.85,24.76,24.76,24.85,24.48,24.85,24.85,24.85,25.02,24.85,24.57,24.57,24.85,24.76,24.85,24.85,24.48,24.11,24.20,24.67,24.57,24.29,24.57,24.20,24.85,24.48,24.39,24.39,24.57,24.48,24.29,24.48,24.29,24.29,24.76,24.48,24.67,24.76,24.67,24.48,24.48,24.93,24.20,24.67,24.20,24.67,24.29,24.29,24.85,24.57,24.01,24.48,24.20,24.20,24.20,24.48,24.11,24.85,24.48,24.57,24.29,24.67,24.57,24.39,24.67,24.20,24.48,24.67,24.93,24.01,24.20,24.20,24.29,24.29,24.29,24.39,24.39,24.20,24.39,24.57,24.85,24.57,24.29,24.57,24.48,24.48,24.29,24.57,24.20,24.11,24.48,24.76,24.29,24.20,24.20,24.39,24.57,24.39,24.48,24.20,24.76,24.48,24.20,24.29,24.48,24.39,24.67,24.20,24.57,24.11,24.67,24.48,24.11,24.29,24.29,24.20,24.29,24.48,24.20,24.29,24.01,24.57,24.01,24.20,24.93,24.29,24.48,24.39,24.39,24.48,24.39,24.57,24.20,24.29,24.39,24.48,24.39,24.29,24.20,24.29,24.20,24.57,24.20,24.39,24.20,24.29,23.83,24.29,24.48,24.20,24.57,24.39,24.01,24.48,24.39,24.48,24.39,24.01,24.39,24.01,24.11,24.20,23.83,24.57,24.29,24.20,24.20,24.11,23.64,24.20,24.11
24.11,24.20,24.01,24.11,24.01,23.83,24.11,23.92,23.83,24.48,24.11,24.57,24.39,24.11,24.20,24.20,24.20,24.29,24.29,24.39,24.20,24.67,24.20,24.48,24.48,24.20,24.57,24.76,24.29,24.39,24.20,24.57,24.29,24.76,24.20,24.39,24.11,24.11,24.93,24.39,24.67,24.20,24.39,24.20,24.48,24.48,24.29,24.57,24.48,24.20,24.76,24.48,24.57,24.01,24.48,24.39,24.85,24.93,24.01,24.20,24.76,24.20,24.57,24.76,24.29,24.11,24.67,24.29,24.29,24.48,24.67,24.85,24.57,24.76,24.76,24.48,24.48,24.39,24.48,24.48,24.48,24.57,24.39,24.39,24.29,24.48,24.48,24.39,24.39,24.85,24.11,24.29,24.67,24.67,24.39,24.67,24.39,24.67,24.57,24.20,24.67,24.01,24.57,24.48,24.93,24.85,24.57,24.39,24.48,24.48,24.85,24.85,24.67,24.39,24.57,24.48,24.57,24.39,24.93,24.67,24.48,24.57,24.39,24.57,24.48,24.67,24.57,24.76,24.29,24.39,24.67,24.48,24.29,24.39,24.57,24.85,24.76,24.39,24.76,24.48,24.85,24.11,24.57,24.67,24.67,24.76,24.39,24.48,24.76,24.57,24.39,24.67,24.57,24.48,24.67,25.02,24.29,24.76,24.67,24.76,24.57,24.67,25.02,24.57,24.67,25.20,24.67,24.39,24.76,24.67,24.93,25.02,24.67,24.57,24.67,25.20,24.85,25.02,24.57,24.85,25.02,24.57,24.76,25.02,24.85,25.02,24.93,24.67,24.76,24.93,24.85,24.67,24.67,24.67,24.57,25.11,24.76,24.76,24.76,25.02,24.93,24.67,24.67,24.67,24.93,25.11,24.76,24.67,24.67,24.93,24.85,25.11,24.20,24.93,24.93,24.85,24.67,24.93,25.02,24.29,24.57,24.93,25.11,24.57,24.57,24.67,24.20,24.57,24.39,24.57,24.29,24.85,24.29,24.57,24.48,24.85,24.48,24.67,24.67,24.39,24.48,24.48,24.67,24.67,24.39,24.67,25.02,24.57,24.76,24.29,24.67,24.57,24.85,24.67,24.48,24.76,24.67,24.01,24.67,24.48,24.67,24.39,24.57,24.57,24.20,24.57,24.20,24.57,24.29,24.57,24.57,24.39,24.57,24.76,24.29,24.85,24.48,24.39,24.57,24.20,24.57,24.39,24.01,24.48,24.57,24.67,24.57,24.57,24.67,24.39,24.11,24.11,24.11,24.57,24.48,24.48,24.67,24.48,24.20,23.92,24.57,23.92,24.48,24.20,24.85,24.29,24.20,24.11,24.67,24.20,24.39,24.57,24.20,24.20,24.48,24.29,24.48,24.11,23.92,24.67,24.39,24.20,24.39,24.67,24.39,24.29,24.01,24.57,24.20,24.39,24.57,24.11,24.67,24.48,24.11,24.20,24.67,24.39,24.48,24.29,24.48,24.29,24.67,24.57,24.29,24.11,24.11,24.48,24.48,24.39,24.48,24.29,24.48,24.11,24.39,24.11,24.29,24.20,24.20,24.29,23.92,24.01,24.01,24.48,24.67,24.29,24.01,24.01,24.76,24.39,24.39,24.48,24.01,24.20,24.67,24.85,24.39,24.20,24.11,24.39,24.48,24.20
24.39,24.20,24.29,24.20,24.01,24.39,24.01,24.39,24.20,23.73,24.39,24.48,24.39,23.92,24.67,24.20,24.39,24.11,24.29,24.29,24.76,24.67,24.29,24.48,24.29,24.01,24.67,24.29,24.57,24.39,24.39,24.20,23.83,24.01,24.29,24.29,24.48,24.20,24.11,24.57,24.20,24.20,24.57,24.39,24.29,24.57,24.39,24.29,24.39,24.57,24.39,24.48,24.39,24.29,24.67,24.57,24.39,24.29,24.20,24.67,24.20,24.29,24.76,24.48,24.48,24.48,24.20,24.39,24.20,24.57,24.48,24.48,24.67,24.57,24.57,24.48,24.48,24.20,24.01,24.29,24.39,24.20,24.85,24.39,24.20,24.29,24.48,24.67,24.20,24.67,24.20,24.29,24.76,24.01,24.57,24.29,24.20,24.76,24.29,24.39,24.76,24.48,24.39,25.02,24.11,24.01,24.67,24.48,24.76,24.76,24.93,24.39,24.85,24.57,24.67,24.76,24.39,24.48,24.48,24.57,24.67,24.57,24.67,24.57,24.29,24.76,24.57,24.48,24.57,24.20,24.39,24.39,24.48,24.20,24.48,24.39,24.57,24.39,24.48,24.48,24.57,24.67,25.02,24.39,25.02,24.48,24.20,24.67,24.67,24.57,24.76,24.76,24.67,24.20,24.20,24.39,24.48,24.67,24.85,24.67,24.11,24.57,24.67,24.48,24.39,24.76,24.48,24.76,24.76,24.67,24.76,24.85,25.11,24.76,24.57,24.76,24.57,24.85,24.85,24.76,24.85,24.85,24.76,24.67,24.85,24.93,24.48,24.93,24.93,24.76,25.20,24.85,24.85,25.11,24.76,25.28,24.85,25.11,24.93,24.85,25.02,24.48,24.85,24.93,25.02,24.76,25.02,24.67,24.93,25.11,24.85,24.67,24.93,24.93,24.39,24.76,24.76,24.76,24.39,24.48,24.20,24.57,24.76,24.57,24.93,24.57,24.93,24.67,24.20,24.29,24.67,24.57,24.76,24.93,24.76,24.48,24.57,24.48,24.39,24.85,24.57,24.29,24.29,24.48,24.57,24.29,24.48,24.76,24.57,24.57,24.48,24.20,24.76,24.57,24.48,24.39,24.67,24.20,24.39,25.02,24.20,24.67,24.39,24.29,24.48,24.48,24.39,24.29,24.29,24.48,24.48,24.29,24.39,24.67,24.48,24.48,24.20,24.01,24.01,24.67,24.48,24.39,24.48,24.20,24.39,24.85,24.67,24.57,24.11,24.11,24.11,24.29,24.39,24.39,24.29,24.67,24.39,24.39,24.20,24.85,24.48,24.20,24.67,24.11,24.85,24.11,24.57,24.20,24.39,24.01,24.76,24.57,24.85,24.48,24.39,24.48,24.67,24.29,24.57,24.20,24.39,24.11,24.29,24.29,24.20,24.11,24.39,24.39,24.85,24.29,24.76,24.57,24.20,24.48,24.39,24.11,24.01,24.29,24.76,24.57,24.39,23.83,24.85,24.48,24.29,24.29,24.48,24.57,24.29,24.39,24.29,24.39,24.20,24.11,24.57,24.85,24.11,24.57,24.67,24.20,24.20,24.11,24.29,24.57,24.11,23.83,24.29,24.29,24.11,24.11,24.48,24.01,24.39,24.67,24.29,24.67,24.11,24.20,24.39,24.39,24.20,24.11
23.83,23.55,24.20,24.57,23.73,24.29,23.73,24.39,24.29,24.29,24.29,24.39,23.92,24.20,24.20,24.29,24.67,24.20,24.39,24.76,24.20,24.39,24.20,24.57,24.48,24.20,24.29,24.29,24.29,24.57,24.39,24.57,24.48,24.48,24.01,24.20,24.39,24.29,23.92,24.20,24.39,24.39,24.29,24.20,24.11,24.76,24.29,24.11,24.57,24.39,24.48,24.29,24.48,24.11,24.67,24.11,24.20,24.76,24.67,24.67,24.29,24.57,24.48,24.57,24.48,24.39,24.20,24.29,24.48,24.93,24.29,24.48,24.48,24.57,24.29,24.57,24.57,24.01,24.29,24.39,24.39,24.29,24.48,24.48,24.11,24.29,24.48,24.29,24.39,24.76,24.39,24.67,24.20,24.67,24.76,24.57,24.57,24.67,24.57,24.57,24.67,24.39,24.20,24.48,24.48,24.67,24.39,24.57,24.11,24.85,24.48,24.57,24.85,24.29,24.93,24.57,24.39,24.93,24.57,24.48,24.29,24.57,24.48,24.57,24.29,24.76,24.39,24.67,24.57,24.57,24.57,24.67,24.11,24.39,24.39,24.85,24.67,24.67,24.57,24.39,24.67,24.76,24.39,24.57,24.93,24.39,24.67,24.20,24.39,24.85,24.85,24.39,24.67,24.67,24.67,24.57,24.48,24.57,25.02,24.57,24.39,24.76,24.76,24.57,24.85,24.57,24.85,24.57,24.85,25.02,24.76,24.76,25.20,24.76,24.93,24.85,24.67,24.93,24.93,24.67,24.76,24.20,24.85,24.85,24.76,24.57,24.76,25.02,25.02,24.76,24.93,24.85,24.93,24.67,25.02,24.76,24.85,24.85,24.93,25.02,24.85,24.76,24.93,24.85,24.85,24.67,25.11,25.02,24.48,25.02,24.39,25.02,24.57,24.76,24.85,24.57,25.02,24.57,24.39,24.67,24.67,24.76,24.67,24.76,24.57,24.76,24.85,24.29,24.76,24.48,24.76,24.57,24.39,24.67,24.39,24.48,24.67,24.93,24.57,24.29,24.67,24.57,24.48,24.29,24.48,24.57,24.48,24.29,24.39,24.29,25.11,24.29,24.76,24.11,24.39,24.57,24.48,24.48,24.76,24.29,24.76,24.48,24.39,24.29,24.57,24.57,24.01,24.57,24.67,24.29,24.57,24.57,24.57,24.48,24.57,24.85,24.57,24.20,24.29,24.20,24.57,24.48,24.76,24.39,24.48,24.29,24.39,24.39,24.11,24.39,23.92,24.57,24.57,24.48,24.20,24.39,24.20,24.39,24.11,24.39,24.85,24.29,24.76,24.67,24.48,24.48,24.48,24.20,24.48,24.20,24.39,24.57,24.76,24.39,24.39,24.76,24.29,24.20,24.20,24.67,24.29,24.11,24.48,24.85,24.29,24.20,24.57,24.11,24.39,24.29,24.39,24.39,24.20,24.39,24.39,24.57,24.11,25.02,24.48,24.67,24.11,24.29,24.57,24.11,24.11,24.48,24.48,24.67,24.11,24.20,24.67,24.76,24.39,24.76,24.20,24.29,24.20,23.83,24.67,24.67,24.67,24.57,24.57,24.29,23.92,24.48,24.85,24.39,24.11,24.76,24.20,24.01,24.20,23.83,24.67,24.20,24.85,24.29,24.11,24.20,24.29,24.39
23.92,23.92,24.01,24.11,23.92,23.83,24.11,23.92,24.39,24.20,24.29,24.29,24.57,24.39,24.48,24.11,24.39,24.57,24.01,24.39,24.11,24.20,24.39,24.48,24.11,24.29,24.67,24.29,23.83,24.76,24.48,24.01,24.01,24.29,24.48,24.29,24.48,24.57,24.39,24.48,24.20,24.29,24.29,24.48,24.29,24.57,24.85,24.29,24.48,24.57,24.11,24.67,24.67,24.39,24.57,24.48,24.39,24.48,24.67,24.39,24.57,24.48,24.67,24.57,24.85,24.67,24.39,24.48,24.57,24.39,24.29,24.48,23.92,24.01,24.48,24.57,24.29,24.48,24.48,24.39,24.20,24.11,24.67,24.39,24.29,24.67,24.29,24.29,24.76,24.39,24.39,24.57,24.48,24.67,24.76,24.57,24.39,24.57,24.57,24.85,24.57,24.57,24.48,24.67,24.57,24.57,24.93,24.57,24.76,24.48,24.76,24.76,24.20,25.02,24.93,24.67,24.57,24.57,24.39,24.85,24.67,24.11,24.39,24.48,24.85,24.76,24.67,24.39,24.67,24.76,24.39,24.48,24.48,24.48,24.20,24.57,24.48,24.67,24.76,24.85,24.67,24.67,24.57,24.48,24.93,24.29,24.39,24.29,24.67,24.48,24.20,24.67,24.67,24.11,24.57,24.76,24.57,24.85,24.57,24.93,24.93,24.39,24.57,24.48,24.57,24.76,24.57,24.48,24.57,24.93,24.57,24.76,24.57,24.48,25.11,24.85,24.67,24.57,24.67,24.93,24.93,24.67,24.85,24.67,24.85,24.67,24.67,24.76,24.48,24.93,24.76,24.93,24.85,24.76,25.02,24.76,25.02,24.76,24.67,25.02,24.93,24.93,24.93,24.85,24.85,24.85,24.93,24.93,24.76,25.20,24.76,25.02,24.93,24.67,24.93,25.02,24.85,24.93,25.11,24.48,24.20,24.67,24.67,24.48,24.67,24.85,24.76,24.57,24.76,24.39,24.48,24.01,24.48,24.48,24.29,24.76,24.39,24.39,24.76,24.57,24.39,24.48,24.48,24.85,24.48,24.39,24.48,24.57,24.29,24.67,24.29,24.67,24.39,24.48,24.57,24.20,24.39,24.57,24.85,24.67,24.57,24.20,24.29,24.85,24.48,24.29,24.20,24.93,24.29,24.48,24.39,24.67,24.67,24.57,24.57,24.39,24.20,24.29,24.57,23.92,24.29,24.29,24.48,24.76,24.48,24.29,24.20,24.39,24.48,24.57,24.39,24.57,24.20,24.48,24.57,24.76,24.20,24.57,24.67,24.48,24.29,24.29,24.57,24.85,23.73,24.11,24.29,24.11,24.67,24.48,24.39,23.92,24.11,24.29,24.57,24.29,24.29,24.11,24.39,24.48,24.01,24.85,24.67,24.48,24.11,24.85,23.83,24.29,25.02,24.01,24.39,24.57,24.29,24.85,24.20,24.85,24.76,24.93,24.29,24.48,24.48,24.29,24.57,24.29,24.39,24.39,24.29,24.11,24.29,24.20,24.39,24.39,24.67,24.39,24.29,24.48,24.01,24.39,24.29,24.67,24.48,24.01,24.76,24.39,24.48,24.57,24.29,24.67,24.39,24.29,24.11,24.11,24.29,24.20,24.85,24.20,24.29,24.39,24.11,24.48,24.39,24.20
24.01,24.48,24.11,24.48,24.39,24.20,24.01,24.11,24.57,23.73,24.29,24.29,23.83,23.83,24.11,23.83,24.48,23.92,24.29,24.48,24.20,24.39,24.39,24.39,24.20,24.20,24.48,24.29,24.11,24.67,24.20,24.39,24.57,24.57,24.29,24.39,24.20,24.48,25.02,24.39,24.85,24.20,24.29,24.29,24.20,24.11,24.76,24.48,24.85,24.20,24.76,24.48,24.76,24.39,24.67,24.67,24.29,24.48,24.39,24.39,24.48,24.39,24.39,24.67,24.67,24.39,24.29,24.67,24.57,24.20,24.67,24.57,24.57,24.29,24.67,24.11,24.67,24.76,24.20,24.67,24.39,24.29,24.76,24.57,24.67,24.85,24.48,24.29,24.11,24.39,24.48,24.20,24.67,24.20,24.29,24.11,24.76,24.39,24.39,24.48,24.67,24.67,24.48,24.20,24.01,24.57,24.20,24.57,24.39,24.67,24.57,24.48,24.57,24.67,24.57,24.29,24.39,24.39,24.67,24.29,24.29,24.67,24.29,24.67,24.29,24.11,24.67,24.67,24.76,24.48,24.76,24.67,24.67,24.93,24.93,24.67,24.20,24.57,24.57,24.57,24.20,24.57,24.29,24.57,24.57,24.76,24.57,24.93,24.48,24.67,24.48,25.02,24.39,24.48,24.48,24.48,24.85,24.76,24.67,24.76,24.57,24.20,24.67,24.67,24.39,24.76,24.76,24.48,24.39,25.20,24.85,24.67,24.85,24.85,24.57,24.67,24.85,25.02,24.76,25.02,24.93,24.85,25.20,24.67,24.93,24.93,24.85,24.67,25.02,24.67,24.93,24.76,24.93,24.67,25.11,24.93,24.93,24.67,24.93,24.93,24.76,24.85,24.48,25.02,24.39,24.76,25.02,24.76,25.11,24.67,24.57,24.67,24.67,24.76,24.67,24.76,24.67,24.29,24.67,24.67,25.02,24.39,24.48,24.85,24.67,24.67,24.67,24.39,24.76,24.29,24.01,24.11,24.39,24.39,24.29,24.76,24.11,25.02,24.20,24.11,24.76,24.39,24.48,24.76,24.57,24.48,24.67,24.39,24.29,24.48,24.67,24.29,24.39,24.48,24.57,24.48,24.29,24.20,24.93,24.67,24.67,24.67,24.57,24.76,24.39,24.57,24.76,24.39,24.39,24.39,24.57,24.48,24.67,24.01,24.39,24.39,24.20,24.67,24.29,24.29,24.01,24.11,24.57,24.11,24.57,24.39,24.67,24.76,24.48,24.93,23.92,24.48,24.48,24.67,24.11,24.20,24.29,24.48,24.20,24.20,24.85,24.20,24.11,24.67,24.20,24.01,24.48,24.39,24.20,24.01,24.11,24.29,24.57,24.20,24.11,24.57,24.85,24.39,24.20,24.76,24.39,24.57,24.29,24.11,24.29,24.20,24.29,24.39,24.20,24.48,24.29,24.20,24.57,24.39,24.48,24.57,24.48,24.20,24.85,24.11,24.39,24.48,24.29,24.48,24.48,24.48,24.57,24.39,24.67,24.48,24.48,24.20,24.29,24.76,24.11,24.29,24.48,24.48,24.39,24.39,24.29,24.20,24.20,24.39,24.29,24.29,24.48,24.20,23.55,24.48,24.39,24.57,24.39,24.48,24.48,24.01,24.57,24.48,24.20,24.39,24.01,24.29
24.29,24.01,23.92,23.83,24.67,23.73,24.48,24.29,24.11,24.48,23.83,23.73,24.20,23.92,24.11,24.48,24.20,24.29,24.29,24.48,24.11,24.39,24.48,24.29,23.92,24.39,24.20,24.20,24.39,24.20,24.11,24.39,24.01,24.48,24.11,24.48,24.20,24.01,24.01,24.39,24.29,24.48,24.20,24.67,24.48,24.29,24.01,24.20,24.20,24.01,24.76,24.39,24.29,25.02,24.11,24.85,24.57,24.39,24.20,24.11,24.48,24.48,24.29,24.39,24.29,24.29,24.39,24.11,24.11,24.29,24.76,24.39,24.29,24.20,24.57,24.48,24.20,24.67,24.29,25.02,24.67,24.57,24.39,24.57,24.29,24.67,24.48,24.29,24.39,24.29,24.93,24.01,24.76,24.29,24.57,24.57,24.93,24.57,24.20,24.67,24.57,24.11,23.83,24.48,24.76,24.67,24.39,24.57,24.85,24.67,24.67,24.93,24.39,24.11,24.85,24.85,24.57,24.76,24.20,24.76,24.39,24.76,24.67,24.67,24.57,24.85,24.57,24.67,24.57,24.11,24.11,24.57,24.57,24.20,24.67,24.76,24.48,24.85,24.39,24.85,24.29,24.48,24.76,24.29,24.39,24.29,24.57,24.48,24.57,24.48,24.57,24.93,24.48,24.48,24.48,24.85,24.20,24.48,24.29,24.85,24.48,24.20,24.67,24.76,24.48,24.76,24.57,24.67,24.39,24.76,24.57,24.76,24.67,24.48,24.39,25.11,24.93,24.76,25.02,24.67,24.57,24.85,24.67,24.67,24.76,24.67,24.57,24.76,24.67,24.85,24.67,24.48,24.67,24.76,24.85,24.67,24.57,24.85,24.76,24.76,24.76,24.67,24.76,24.57,24.93,25.02,25.20,24.93,24.93,25.20,24.76,24.67,24.39,24.76,24.67,24.57,24.67,24.76,24.67,24.57,24.76,24.76,24.57,24.48,25.02,24.93,24.48,24.57,24.67,24.76,24.57,24.29,24.76,24.67,24.11,24.29,24.20,24.39,24.85,24.67,24.11,24.29,24.48,24.76,24.57,25.11,24.48,24.11,24.48,24.48,24.48,24.20,24.85,24.48,24.57,24.48,24.48,24.57,24.76,24.39,24.20,24.48,24.29,24.20,24.57,24.48,24.29,24.76,24.11,24.39,24.67,24.48,24.57,24.39,24.57,24.29,24.39,24.48,24.29,24.39,24.48,24.20,24.48,24.29,24.29,24.48,24.20,24.67,24.57,24.20,24.39,24.39,24.48,24.48,24.48,24.39,24.29,24.39,24.57,24.11,24.29,24.29,24.67,24.67,24.67,24.29,24.48,24.01,24.67,24.29,24.39,24.57,24.39,24.20,24.48,24.39,24.20,24.93,24.39,24.11,24.29,24.11,24.01,24.29,24.20,24.57,23.83,24.39,24.48,24.57,24.67,24.29,24.67,24.11,24.39,24.39,24.29,24.39,24.48,24.20,24.39,24.67,24.39,24.20,24.39,24.20,24.29,24.20,24.01,24.11,24.39,24.39,24.57,24.93,24.29,24.01,24.39,24.85,24.39,24.48,24.01,24.29,24.20,24.29,24.39,24.01,23.92,24.39,24.48,24.76,24.76,24.20,24.48,24.20,24.48,24.20,24.11,24.57,24.29,23.92,24.20,24.29
23.92,24.20,23.92,23.73,24.29,24.39,24.20,24.20,24.39,24.01,24.20,24.20,24.67,24.57,24.29,24.29,24.67,24.48,24.39,24.29,24.48,23.55,24.39,24.20,24.11,24.29,24.11,24.67,24.11,24.48,24.57,24.48,24.29,24.57,24.76,24.11,24.29,24.48,24.76,24.39,24.29,24.39,24.39,23.73,24.29,24.39,24.57,24.48,24.57,24.48,24.76,24.39,24.39,24.29,24.57,24.39,24.39,24.76,24.67,24.67,24.76,24.57,24.85,24.67,24.20,24.93,24.57,24.57,24.85,24.57,24.48,24.39,24.29,24.29,24.39,24.11,24.48,24.20,24.57,24.67,24.67,24.39,24.67,24.48,24.39,24.85,24.39,24.11,24.48,24.29,24.67,24.48,24.48,24.57,24.67,24.11,24.57,24.76,24.85,24.20,24.76,24.11,24.57,24.20,24.48,24.85,24.76,24.29,24.67,24.76,24.67,24.67,24.85,24.29,24.29,24.85,24.57,24.29,24.57,24.48,24.48,24.57,24.93,24.93,24.57,24.29,24.20,24.67,24.39,24.11,24.57,24.57,24.48,24.93,24.67,24.76,24.39,24.76,24.39,24.67,24.57,24.48,24.76,24.85,24.85,24.85,25.37,24.93,24.48,24.57,24.76,24.67,24.76,24.39,24.57,24.48,24.48,24.39,24.85,24.57,25.02,24.57,24.76,24.93,24.57,24.85,24.57,24.76,24.48,24.48,25.11,24.85,24.85,24.93,25.02,24.76,24.76,24.76,24.85,24.85,24.57,24.67,24.76,24.76,24.57,24.67,25.02,24.93,24.85,24.93,24.93,24.67,25.28,24.48,24.57,25.11,24.76,24.85,24.85,24.85,24.93,24.76,24.93,24.67,25.02,24.93,24.67,24.76,24.93,25.11,25.02,24.93,24.85,24.85,24.93,24.76,24.93,24.76,24.85,24.48,24.85,24.29,24.93,24.85,24.39,24.76,24.76,24.57,24.85,24.93,24.48,24.39,24.67,24.67,24.76,24.76,24.48,24.85,24.48,24.39,24.39,24.57,24.93,24.48,24.48,24.48,24.29,24.48,24.48,24.67,24.67,24.48,24.67,24.85,24.29,24.48,24.76,24.39,24.76,24.57,24.29,24.11,24.20,24.57,24.29,24.39,24.48,24.39,24.85,24.48,24.57,24.39,24.39,24.57,24.39,24.29,24.39,24.20,24.57,24.76,24.39,24.29,24.48,24.29,24.39,24.48,24.57,24.67,24.57,24.85,24.67,24.67,24.39,24.29,24.29,24.29,24.20,24.57,23.92,24.11,24.20,24.39,24.29,24.57,24.39,24.76,24.39,23.92,24.48,24.11,24.11,24.39,24.57,24.20,23.92,24.39,24.67,24.67,24.85,24.48,24.57,24.29,23.92,24.57,24.67,24.76,24.11,24.57,24.01,24.29,24.29,24.39,24.76,24.39,24.48,24.57,24.48,24.48,24.29,24.29,24.85,24.93,24.67,24.57,24.93,24.01,24.20,24.39,24.20,24.20,24.39,24.39,24.76,24.57,24.39,24.39,24.67,24.57,24.20,24.57,24.48,24.20,24.57,24.20,24.29,23.64,24.39,24.39,24.29,23.92,24.01,24.57,24.29,24.48,24.48,24.20,24.20,24.57,24.11,23.92,24.11,24.01
24.01,24.57,24.39,24.20,24.57,23.83,24.48,24.01,24.29,24.11,24.11,24.39,24.20,23.83,24.39,24.20,24.48,24.93,24.29,24.29,24.29,24.29,24.57,23.92,24.20,24.29,23.92,24.67,24.48,24.39,24.29,24.39,24.20,24.39,24.76,24.20,24.01,24.29,24.29,24.39,24.20,24.48,24.48,24.29,24.29,24.48,24.39,24.48,24.57,24.39,24.11,24.85,24.20,24.20,24.20,24.57,24.48,24.67,24.39,24.67,24.39,24.48,24.57,24.39,24.39,24.39,24.67,24.85,24.57,24.39,24.57,24.29,24.39,24.29,24.20,24.57,24.57,24.20,24.57,24.11,24.48,24.48,23.92,24.11,24.29,24.48,24.20,24.01,24.85,24.29,24.48,25.11,24.48,24.93,24.11,24.67,24.67,24.57,24.67,24.67,24.85,24.01,24.48,24.67,24.67,24.57,24.48,24.48,24.48,24.57,24.67,24.57,24.57,25.02,24.67,24.57,24.85,24.85,24.85,24.39,24.85,24.93,24.57,24.93,24.39,24.29,24.57,24.57,24.48,24.39,24.76,24.67,24.48,24.67,24.67,24.76,24.67,24.39,24.11,24.48,24.76,24.67,24.67,25.11,24.57,24.39,24.67,24.67,24.48,24.67,24.67,24.39,24.67,24.57,24.57,24.85,24.48,24.67,24.57,24.67,24.48,24.67,24.57,24.67,24.29,24.67,24.67,24.57,24.85,24.48,24.48,24.76,25.02,24.85,24.93,24.57,24.76,24.85,24.39,25.11,24.93,24.76,24.93,24.67,25.02,24.85,24.39,25.02,24.67,24.57,24.85,24.29,24.85,24.85,25.11,24.67,24.57,24.76,24.85,24.76,24.93,25.28,24.85,24.76,24.93,25.11,24.93,24.85,25.02,24.57,25.02,24.93,24.76,24.29,24.76,24.48,24.76,24.29,24.20,24.67,24.67,24.76,24.57,24.67,24.85,24.39,24.29,24.57,24.76,24.01,24.93,24.57,24.76,24.85,24.39,24.39,24.20,24.57,24.39,24.48,24.39,24.57,24.11,24.29,24.76,24.67,24.20,24.76,24.39,24.29,24.29,24.20,24.29,24.57,24.67,24.57,24.76,24.57,24.67,24.67,24.39,24.57,24.48,24.39,24.39,24.57,24.20,24.11,24.57,24.48,24.57,24.20,24.67,24.20,24.39,24.67,24.39,24.48,24.11,24.11,24.29,24.48,24.48,24.67,24.29,24.39,24.20,24.29,24.48,24.20,24.29,23.92,24.57,24.01,24.29,24.29,24.11,23.73,24.48,24.39,24.67,24.57,24.39,24.29,24.67,24.11,24.39,24.29,24.67,24.11,24.85,24.20,24.67,24.57,24.57,24.11,24.11,24.76,23.92,24.67,24.01,24.11,24.39,24.48,24.01,24.11,24.57,24.29,24.11,24.57,24.57,24.29,24.01,24.48,24.57,24.20,24.29,24.57,24.48,24.29,24.57,24.29,24.39,24.48,24.39,24.29,24.39,24.11,24.39,24.01,24.76,24.29,24.57,24.48,24.29,24.39,24.20,24.20,24.39,24.48,24.29,24.39,24.39,24.48,24.01,24.29,24.48,24.11,24.29,24.39,24.67,24.57,24.76,24.39,24.57,24.20,24.11,24.11,24.20,24.29,24.39,23.64
24.29,24.11,24.11,23.83,24.20,24.48,24.39,23.73,24.29,24.39,24.48,24.20,24.29,24.29,24.29,24.48,24.20,24.29,24.01,24.57,24.39,24.76,24.48,24.29,24.29,24.29,24.67,24.11,24.29,24.39,24.39,24.48,24.01,24.48,24.29,24.20,24.39,24.39,24.76,24.39,24.57,24.57,24.76,24.29,24.57,24.20,24.39,24.39,24.93,24.76,24.29,24.20,24.57,24.57,24.76,24.48,24.48,25.02,24.57,25.02,24.01,24.67,24.39,24.20,24.48,24.39,24.29,24.39,24.48,24.39,24.39,24.57,24.29,24.57,24.39,24.57,24.39,24.29,24.57,24.11,24.11,24.85,24.48,24.39,24.39,24.29,24.39,24.39,24.76,24.48,24.48,24.29,24.39,24.76,24.29,24.67,24.57,24.39,24.20,24.76,24.85,24.57,24.48,24.85,24.48,24.39,24.48,24.85,24.76,24.11,24.67,24.76,24.76,24.57,24.57,24.29,24.57,24.39,24.67,24.29,24.29,24.48,24.57,24.39,24.48,24.39,24.57,24.57,24.67,24.67,24.67,24.57,24.20,24.67,24.67,24.39,24.85,24.48,24.29,24.57,24.93,24.57,24.39,24.39,24.67,24.57,24.85,24.48,24.57,24.57,24.20,24.39,24.57,24.76,24.67,24.67,24.85,24.67,24.76,24.48,24.01,24.39,24.29,24.57,24.48,24.76,24.39,24.85,24.57,24.48,24.67,24.67,24.39,24.93,24.67,24.76,24.76,24.57,24.85,24.29,25.02,24.85,24.57,24.93,24.85,24.67,25.02,24.93,24.57,24.76,25.20,24.93,24.76,24.85,24.67,25.11,24.67,24.67,24.48,24.85,24.93,24.67,24.57,24.76,24.48,24.93,24.39,25.20,25.02,24.93,24.85,24.57,24.93,24.85,24.93,24.57,24.39,24.76,24.93,24.76,24.57,24.76,24.48,24.76,24.29,24.48,24.20,24.76,24.48,24.93,24.67,24.93,24.67,24.48,24.57,24.39,24.67,24.76,24.48,24.39,24.29,24.48,23.92,24.76,24.29,24.57,24.67,24.39,24.29,24.11,24.11,24.29,24.20,24.57,24.29,24.57,24.57,24.39,24.39,24.67,24.57,24.67,24.39,24.67,24.76,24.57,24.57,24.29,24.29,24.48,25.02,24.29,24.57,24.39,24.67,24.20,24.57,24.29,24.76,24.20,24.57,24.85,24.11,24.01,24.48,24.48,24.48,24.48,24.48,24.20,24.39,24.39,24.39,24.20,24.85,24.20,24.39,24.39,24.67,24.01,24.67,24.29,24.39,24.01,24.11,24.20,24.11,24.20,24.29,24.29,24.29,24.48,24.11,24.11,24.67,24.67,24.39,24.29,24.85,24.29,24.01,24.11,24.11,24.67,23.83,24.29,23.83,24.20,23.92,24.20,24.20,24.48,24.48,24.67,24.20,24.39,24.11,24.20,24.39,24.39,24.48,24.20,24.20,24.48,24.20,24.20,24.11,24.20,24.39,24.85,24.39,24.57,24.20,24.67,24.76,24.39,24.48,24.39,23.92,24.39,24.39,24.29,24.29,24.39,24.39,24.29,23.83,24.39,24.20,24.76,24.57,24.48,24.67,24.67,23.92,24.20,24.76,24.20,24.39,24.39,24.20,24.20
24.29,24.20,24.29,24.57,24.20,24.57,24.48,24.11,24.29,24.48,24.48,23.83,24.20,24.11,24.20,24.01,24.48,24.29,24.29,24.39,24.48,24.29,24.39,24.48,24.39,24.29,24.85,24.11,24.01,23.83,24.20,24.39,24.39,24.11,24.67,24.11,24.93,24.39,24.20,24.20,25.11,25.02,24.48,24.48,24.39,24.48,24.48,24.29,24.20,24.39,24.57,24.76,24.11,24.48,24.39,25.11,25.02,24.85,24.85,24.85,24.48,25.02,24.85,25.02,24.57,25.02,24.39,24.29,24.48,24.48,24.48,24.67,24.67,24.67,24.39,24.67,24.57,24.48,24.39,24.39,24.20,24.29,24.20,24.01,24.48,23.92,24.57,24.48,24.85,24.76,24.57,24.39,24.76,24.48,24.85,24.39,24.93,24.48,24.76,24.57,24.67,24.48,24.29,24.67,24.57,24.57,24.57,24.85,24.76,24.85,24.67,24.39,24.48,24.76,24.67,24.57,24.57,24.76,24.48,24.48,24.57,24.76,24.20,24.67,24.76,24.29,25.02,24.48,24.39,24.57,24.39,25.02,24.93,25.02,24.48,24.76,24.48,24.48,24.76,24.76,24.93,24.57,24.76,24.85,24.57,24.48,24.67,24.48,24.48,24.67,24.57,24.48,24.39,24.29,24.11,24.67,24.57,24.48,24.85,24.57,24.85,24.39,24.67,24.48,24.48,25.37,24.57,24.76,24.85,24.85,24.93,24.93,24.85,24.76,24.57,24.93,25.20,24.93,24.85,24.93,25.02,25.02,25.11,24.48,24.85,24.85,24.48,24.76,24.76,24.93,24.85,24.93,24.93,25.02,25.02,25.11,24.93,24.67,25.02,24.85,25.02,24.93,24.67,25.02,25.20,24.85,25.28,24.48,24.85,24.85,24.76,24.93,25.02,24.85,24.76,25.02,24.48,24.76,24.57,24.85,24.48,24.29,24.48,24.85,24.29,24.85,24.39,24.67,24.76,24.93,24.48,24.85,24.39,24.67,24.76,24.67,24.11,24.57,24.85,24.93,24.85,24.48,24.85,24.85,24.11,25.02,24.29,24.29,24.67,24.29,24.20,24.39,24.48,24.48,24.29,24.48,24.11,24.20,24.76,24.76,24.57,24.85,24.29,24.48,24.67,24.48,24.57,24.57,24.57,24.48,24.57,24.29,24.67,23.92,24.39,24.39,24.67,24.57,24.20,24.57,24.57,24.48,24.76,24.57,24.39,24.48,24.29,24.48,24.20,24.57,24.39,24.39,24.76,24.29,24.57,24.29,24.39,24.57,24.29,24.57,24.20,24.57,24.48,24.76,24.48,24.39,24.57,24.48,24.20,24.48,24.48,24.57,24.29,24.39,24.48,24.20,24.29,24.11,24.20,24.57,24.29,24.20,24.29,24.29,25.02,24.48,24.11,24.39,24.29,23.73,24.39,24.57,24.39,24.20,24.85,24.39,24.48,24.48,24.67,24.48,24.57,24.48,24.20,24.85,24.01,24.57,24.76,24.57,24.20,24.39,24.57,24.29,24.11,24.48,24.57,24.39,24.39,24.39,24.29,24.20,24.29,24.39,24.39,24.20,23.92,23.92,24.48,24.48,23.92,24.39,24.48,24.20,24.01,24.48,24.11,24.20,24.20,24.39,24.20,24.20,24.48,24.20
24.48,24.48,24.39,24.39,24.01,24.20,24.11,24.29,24.29,24.29,24.01,24.48,24.48,24.48,24.67,24.20,24.20,24.29,24.11,24.29,24.20,24.29,24.11,23.92,24.57,24.67,24.48,24.29,24.01,24.48,24.48,24.39,24.57,23.83,24.39,24.01,24.20,24.39,24.01,24.57,24.29,24.39,24.39,24.76,23.83,24.29,24.20,24.57,24.57,24.48,24.67,24.57,24.29,23.83,24.29,24.29,24.48,24.48,24.76,24.39,24.29,24.48,24.48,24.39,24.29,24.29,24.39,24.48,24.29,24.29,24.48,24.57,24.11,24.48,24.76,24.57,24.11,24.29,24.48,24.48,24.57,24.20,24.39,24.93,24.39,24.67,24.20,24.01,24.20,24.93,24.67,24.48,24.48,24.57,24.67,24.48,24.57,24.76,24.67,24.48,24.48,24.76,24.57,24.57,24.76,23.83,24.67,24.39,24.57,24.29,24.48,24.85,25.02,24.48,24.39,24.39,24.67,24.93,24.57,24.76,24.39,24.57,24.20,24.76,24.76,24.76,24.76,24.67,24.57,24.67,24.67,24.67,24.57,24.57,24.76,24.76,24.57,24.57,24.76,24.67,24.39,24.93,24.67,24.48,24.48,24.67,24.29,24.85,24.76,24.85,24.67,24.67,24.85,24.67,24.57,24.11,24.48,24.67,24.48,24.67,24.11,24.76,24.39,24.48,24.67,24.57,24.93,25.02,24.67,24.93,24.85,24.85,24.57,24.57,24.85,25.20,24.67,24.57,24.67,24.57,24.67,24.67,24.67,24.85,24.76,24.48,24.29,24.57,24.39,24.85,24.93,24.76,25.02,24.76,25.02,24.67,24.76,24.85,24.76,24.76,24.76,24.85,24.57,24.76,24.93,24.57,24.76,25.02,24.76,24.67,24.39,25.02,25.11,24.57,24.76,24.67,24.93,24.85,24.57,24.48,24.57,24.57,24.57,24.48,24.11,24.57,24.39,25.02,24.48,24.67,24.39,24.39,24.67,24.67,24.39,24.48,23.92,24.11,24.85,24.93,24.57,24.29,24.76,24.67,24.39,24.67,24.48,24.67,24.39,24.48,24.67,24.76,24.39,24.48,25.02,24.29,24.29,24.85,24.67,24.48,24.67,24.11,24.29,24.39,24.57,24.39,24.48,24.48,24.67,24.29,24.39,24.76,24.48,24.39,24.48,24.57,24.57,24.29,24.01,24.85,24.48,24.29,24.67,24.29,24.48,24.20,24.67,24.48,24.76,24.93,24.48,24.20,24.29,24.29,24.57,24.20,24.48,24.57,24.76,24.57,24.29,24.39,24.48,24.76,24.20,24.85,24.67,24.67,24.20,24.57,24.39,24.20,24.11,24.29,24.39,24.29,24.76,24.48,24.57,24.39,24.01,24.67,24.20,24.20,24.29,25.02,24.20,24.39,24.20,24.29,23.92,24.85,24.48,24.67,24.20,24.39,24.48,24.76,24.01,24.20,24.29,24.67,24.29,24.29,24.67,24.57,24.57,24.57,24.67,24.20,24.39,24.11,23.92,24.57,24.57,24.67,24.57,24.11,24.39,24.48,24.67,24.39,24.57,24.20,24.57,24.48,24.57,24.48,24.29,24.39,24.48,24.48,24.11,24.39,24.29,24.01,24.11,24.11,23.83,24.29,24.29,24.67
24.29,24.11,24.29,24.11,24.11,23.83,24.20,24.11,24.01,24.11,24.29,24.29,24.29,24.57,24.20,24.48,24.20,24.39,24.20,24.48,24.48,24.20,24.20,24.01,24.67,24.29,24.39,24.57,24.39,24.57,24.01,24.67,24.57,24.11,24.11,24.39,24.20,24.57,24.57,24.76,24.29,24.29,24.39,24.85,24.11,24.76,24.29,24.57,24.39,24.20,24.39,24.29,24.76,24.57,24.85,24.57,24.48,24.67,24.48,24.57,24.29,24.48,24.48,24.39,24.39,24.57,24.20,24.11,24.67,24.48,24.48,24.57,24.57,24.29,24.39,24.76,24.57,24.11,24.29,24.39,24.48,24.11,24.48,24.48,24.57,24.29,24.39,24.29,24.39,24.67,24.67,24.39,24.57,24.67,24.29,24.67,24.39,24.57,24.57,24.48,24.57,24.48,24.67,24.48,24.57,24.57,24.57,24.48,24.48,24.57,24.93,24.76,24.39,24.39,24.67,24.48,24.85,24.76,24.67,24.20,24.48,24.48,24.39,24.48,24.39,24.39,24.67,24.39,24.57,24.57,24.39,24.48,24.67,24.57,24.11,24.39,24.39,24.48,24.39,24.57,24.48,24.48,24.67,24.39,24.29,24.48,25.02,24.67,24.39,24.57,24.57,24.76,24.39,24.29,24.39,24.29,24.76,24.29,24.76,24.57,24.48,24.39,24.76,24.11,24.48,24.57,24.57,25.02,24.29,24.76,24.67,24.67,24.76,24.76,24.67,24.76,24.93,24.67,24.93,24.76,24.67,24.48,24.76,24.93,24.85,24.57,24.76,24.85,24.67,24.67,24.76,24.57,24.67,25.02,24.85,24.76,24.67,24.67,24.20,25.11,24.76,24.76,24.48,24.57,24.85,24.76,24.57,24.76,24.67,24.76,24.85,24.93,25.11,24.76,24.48,24.67,24.29,24.76,24.76,24.67,24.67,24.11,24.67,24.11,24.29,24.39,24.76,24.67,24.57,24.85,24.76,24.85,24.57,24.57,24.29,24.39,24.48,24.57,24.67,24.67,24.67,24.57,24.29,24.67,24.11,24.29,24.01,24.01,24.48,24.57,23.92,24.20,24.57,24.76,24.39,24.57,24.29,24.48,24.76,24.20,24.39,24.48,24.20,24.76,24.48,24.39,24.39,24.48,24.11,24.57,24.20,24.11,24.29,24.48,24.20,24.39,23.92,24.20,24.29,24.20,24.67,24.48,24.57,24.01,24.11,24.11,24.57,24.11,24.57,24.39,24.20,23.92,24.20,24.39,24.48,24.48,24.29,23.92,24.11,24.20,24.67,23.92,24.57,23.92,24.29,24.11,24.67,24.11,24.48,24.39,24.57,24.11,24.39,24.20,23.92,24.20,24.01,24.20,24.67,24.67,24.20,24.20,24.39,23.92,24.01,24.57,24.48,24.29,24.29,24.29,24.57,24.48,24.39,24.48,24.48,24.57,24.76,24.29,24.20,24.20,24.01,24.57,24.20,24.39,24.29,24.39,24.57,24.76,24.29,24.11,24.48,24.20,24.57,24.01,24.57,24.39,24.20,24.48,24.39,24.48,24.29,24.11,24.57,24.29,24.11,24.39,24.01,24.20,24.01,24.29,24.48,24.39,24.39,24.11,24.39,24.11,24.29,24.29,24.11,24.01,24.29,24.01
24.39,24.39,24.57,24.01,24.11,24.20,23.64,24.29,24.11,24.20,24.29,24.57,24.11,24.48,24.11,24.11,24.39,24.39,24.01,24.11,24.48,24.48,24.39,24.67,24.11,24.29,24.11,24.29,24.29,24.39,24.29,24.39,24.39,24.11,24.01,24.39,24.67,24.01,24.39,24.11,24.29,24.76,24.39,24.20,24.29,24.39,24.29,24.76,24.39,24.57,24.29,24.67,24.29,24.39,24.39,24.11,24.57,24.29,24.20,24.67,24.57,24.85,24.39,24.39,24.39,24.48,24.29,24.29,24.11,24.39,24.29,24.57,24.85,24.20,24.39,25.02,24.29,24.48,24.20,24.20,24.57,24.39,24.39,24.29,24.11,24.29,24.29,24.39,24.67,24.29,24.39,24.67,24.39,24.29,24.57,24.93,24.67,24.29,24.85,24.29,24.57,24.48,24.48,24.20,25.02,24.48,24.67,24.67,24.11,24.57,24.57,24.39,24.48,24.48,24.67,24.20,24.67,24.48,24.57,24.48,24.67,24.93,24.85,24.39,24.20,24.39,23.73,24.39,24.57,24.29,24.67,24.57,24.67,24.76,24.48,24.29,24.48,24.57,24.67,24.67,24.11,24.57,24.39,24.57,24.57,24.29,24.48,25.02,24.93,24.20,24.57,24.57,24.39,24.85,24.76,24.39,24.67,24.39,24.57,24.85,24.57,24.76,24.29,24.67,24.76,24.57,24.48,24.85,24.57,24.76,24.76,24.57,24.93,24.85,24.85,24.76,24.76,24.67,24.76,24.76,24.93,24.39,24.85,24.76,24.67,25.02,24.93,24.67,24.57,24.57,24.76,25.02,24.85,24.76,24.93,24.67,24.57,25.02,24.85,24.48,24.93,24.57,24.57,24.76,24.57,24.57,24.67,24.76,24.76,24.67,24.76,24.29,24.85,24.48,24.85,24.85,24.29,24.85,24.67,24.39,24.48,24.20,24.67,24.48,24.67,24.20,24.76,24.76,24.29,24.29,24.67,24.29,24.67,24.29,24.39,24.20,24.85,24.76,24.20,24.67,24.67,24.48,24.57,24.57,24.20,24.67,24.29,24.48,23.83,24.39,24.20,24.48,24.76,25.02,24.11,24.11,24.48,24.57,24.39,24.67,24.67,24.76,24.20,24.39,24.39,24.20,24.39,24.20,24.11,24.67,24.11,24.57,24.39,23.92,24.11,24.67,24.39,24.57,24.57,24.29,24.29,24.85,24.57,24.57,24.67,24.48,24.48,24.67,24.48,24.48,24.57,24.57,24.48,24.93,24.48,24.67,24.57,24.29,24.39,24.48,24.39,24.39,24.29,24.20,24.20,24.20,24.67,24.57,24.67,24.67,24.39,24.76,24.01,24.29,24.76,24.29,24.11,23.92,24.57,24.01,24.01,24.20,24.11,24.93,24.29,24.39,24.29,24.39,24.76,24.29,24.29,24.48,24.39,24.76,24.57,24.29,24.67,24.39,24.01,24.48,24.39,23.83,24.76,24.48,24.48,24.29,24.85,24.29,24.57,24.76,24.39,24.48,24.48,24.85,24.20,23.83,24.11,24.48,24.29,24.29,24.39,24.57,24.57,24.39,24.29,24.11,24.29,24.29,24.48,24.39,24.39,24.39,24.39,24.39,24.20,24.39,24.20,24.39,24.20,24.39,24.11,23.83
24.11,24.01,23.64,24.11,24.20,24.11,24.01,23.83,24.20,23.83,24.29,24.29,24.48,24.11,24.01,23.92,24.20,24.01,24.93,24.48,24.57,24.76,24.01,24.39,24.39,24.29,24.01,24.93,24.39,24.11,24.39,24.48,24.48,24.20,24.01,24.48,24.48,24.01,24.39,24.20,24.11,24.39,24.20,24.48,24.39,24.76,24.85,24.57,24.76,24.57,24.39,24.20,24.11,24.20,24.76,24.93,24.48,24.29,24.39,24.11,24.57,24.48,24.67,24.67,24.48,24.39,24.20,24.48,24.39,24.29,24.20,24.39,24.48,24.57,24.11,24.67,24.39,24.29,24.29,24.67,24.39,24.11,24.20,24.29,24.20,24.11,23.83,24.29,24.67,24.57,24.01,24.39,24.67,24.48,24.11,24.57,24.67,24.67,24.48,24.01,24.67,24.57,24.57,24.67,24.57,24.67,24.48,24.57,24.11,24.48,24.29,24.29,24.29,24.67,24.29,24.57,24.67,24.39,24.57,24.39,24.67,24.67,24.57,24.39,24.76,24.29,24.20,24.48,24.57,24.57,24.48,24.20,24.57,24.57,24.39,24.57,24.67,24.39,24.20,24.76,24.67,24.67,24.48,24.48,24.39,24.29,24.93,24.39,24.57,24.48,24.57,24.29,24.29,24.29,24.57,24.57,24.39,24.29,24.85,24.48,24.57,24.57,24.39,24.57,24.67,24.48,24.85,24.48,24.39,24.67,25.02,24.93,24.85,24.67,24.93,24.93,24.93,24.48,24.67,24.48,24.67,24.67,24.85,24.48,24.76,24.67,24.76,25.02,24.67,24.67,24.85,24.76,24.57,24.48,24.85,24.57,24.76,24.76,24.48,24.76,24.93,24.48,24.76,24.67,24.48,25.02,24.57,24.39,24.93,24.39,25.02,25.11,24.57,25.02,24.85,25.02,24.85,24.76,24.67,24.48,24.85,24.39,24.57,24.67,24.76,24.48,24.48,24.76,24.48,24.57,24.48,24.76,24.11,24.76,25.02,24.48,24.48,24.57,24.85,24.29,24.39,24.39,24.48,24.48,24.39,24.20,25.02,24.11,24.48,24.76,24.67,24.29,24.29,24.29,24.11,24.39,24.11,24.20,24.57,24.67,24.29,24.29,24.67,24.29,24.48,24.20,24.67,24.20,25.02,24.48,24.39,24.48,24.11,24.93,24.67,24.67,24.39,24.20,24.29,24.39,24.20,24.93,24.11,24.20,24.57,24.57,24.39,24.01,24.48,24.67,24.20,24.67,24.57,24.48,24.29,24.11,24.67,24.48,24.67,24.57,24.29,24.11,24.29,24.48,24.39,24.20,23.92,24.48,24.20,24.11,24.39,24.20,23.83,24.29,24.39,24.39,24.57,24.57,24.01,24.57,24.67,24.48,24.39,24.39,24.01,24.39,24.01,24.11,24.39,24.20,24.11,24.20,24.57,24.76,24.39,24.20,24.67,24.57,24.11,24.20,24.20,24.48,24.39,24.57,24.29,24.57,24.29,24.67,24.67,24.39,24.67,24.29,24.48,24.29,24.57,24.29,24.39,24.29,24.39,24.29,24.11,24.29,24.39,24.20,24.29,23.73,24.11,24.57,24.39,24.29,24.48,24.20,24.29,24.20,24.20,24.29,24.29,24.39,24.57,23.92,24.48,24.57
23.83,23.92,24.20,24.01,23.92,24.20,23.92,24.01,24.01,23.83,24.11,23.64,24.20,24.11,24.39,24.29,24.57,24.39,24.20,24.57,24.11,24.11,24.29,24.11,24.29,24.67,24.76,24.11,24.01,24.39,24.39,24.29,23.83,23.92,24.39,24.39,24.67,24.48,24.57,24.48,24.20,24.39,24.48,24.57,24.01,24.01,24.29,24.29,24.57,24.20,24.48,24.48,24.29,24.39,24.39,24.48,24.57,24.29,24.29,24.67,24.39,24.48,24.20,24.57,24.39,24.39,24.29,24.39,24.48,24.48,24.01,24.57,24.48,24.11,24.20,24.39,24.29,24.39,24.57,24.57,24.57,25.02,24.48,24.67,24.11,24.57,24.48,24.48,24.29,24.29,24.48,24.48,24.48,24.48,24.57,24.20,24.39,24.67,24.85,24.48,24.85,24.20,24.39,24.57,25.02,24.48,24.48,24.48,24.39,24.67,24.57,24.57,24.57,24.93,24.29,24.67,24.76,24.39,24.76,24.76,24.48,24.57,24.57,24.57,24.48,24.39,24.20,24.57,24.29,24.29,24.29,24.76,24.39,24.39,24.67,24.67,24.67,24.39,24.29,24.29,24.67,24.76,24.29,24.48,24.48,24.48,24.85,24.48,24.29,24.76,24.48,24.93,24.39,24.29,24.29,24.11,24.29,24.67,24.85,24.48,24.57,24.48,24.57,24.39,24.67,24.57,24.29,24.29,25.11,24.48,24.76,24.76,24.76,25.02,24.76,24.76,24.67,25.11,24.39,24.93,25.02,24.76,24.48,24.29,24.48,24.57,24.48,24.93,24.57,24.57,24.76,24.67,24.93,24.76,24.85,24.67,24.76,24.93,24.57,24.85,24.57,24.48,24.57,24.67,24.48,24.93,24.76,24.85,24.93,25.11,24.85,24.76,24.67,24.48,24.57,24.57,24.93,24.57,24.39,24.76,24.93,24.93,24.48,24.93,24.76,24.48,24.57,24.85,24.57,24.85,24.76,24.67,24.93,24.57,24.48,24.57,24.67,24.57,24.48,24.67,24.67,24.39,24.29,24.29,24.48,24.20,24.67,24.85,24.67,24.48,24.48,24.11,24.39,24.57,24.29,24.57,24.48,24.48,24.29,24.20,24.67,24.48,24.29,24.57,24.29,24.67,24.67,24.29,24.11,24.39,24.20,24.20,24.20,24.11,24.39,24.29,24.39,24.48,24.39,24.29,24.39,24.39,24.85,24.11,24.48,24.20,24.48,24.39,24.29,24.48,24.01,24.39,24.39,24.29,24.39,24.11,24.39,24.48,24.48,24.39,24.20,24.29,24.85,24.29,24.29,24.57,24.29,24.48,24.48,24.67,24.11,24.39,24.39,24.48,24.57,24.20,24.57,24.57,24.01,24.85,24.29,24.29,24.20,23.73,24.20,24.76,24.29,24.39,24.48,24.67,24.48,24.76,24.85,24.29,24.67,24.29,24.20,24.57,24.39,24.29,24.20,24.01,24.20,24.20,24.20,24.20,24.57,24.48,24.29,24.67,24.29,24.48,24.29,24.20,24.67,24.39,24.29,24.67,24.29,24.39,23.92,23.83,24.29,24.01,24.29,24.39,23.92,24.67,24.57,24.48,24.57,24.57,24.39,24.67,24.39,24.20,23.92,24.57,24.48,24.39,24.76,24.29
24.20,24.11,24.01,24.01,24.29,24.01,23.92,24.29,24.01,24.01,24.01,24.57,24.48,24.39,24.29,24.20,24.39,24.39,24.67,24.29,24.29,24.48,23.73,24.39,24.20,24.20,24.20,24.29,24.11,24.20,24.11,24.48,23.92,24.20,24.11,24.11,24.20,24.39,24.57,24.48,24.39,24.29,24.39,24.57,24.57,24.85,24.57,24.20,24.48,24.39,24.67,24.39,24.67,24.20,24.29,24.57,24.39,24.48,24.48,24.29,24.57,24.11,24.39,24.29,24.48,24.48,24.11,24.67,24.29,24.29,24.57,24.76,24.67,24.76,24.57,24.76,24.29,24.39,24.48,24.39,24.67,24.29,24.76,24.29,24.39,24.48,24.57,24.76,24.11,24.85,24.76,24.57,24.57,24.67,24.20,24.20,25.11,24.67,24.67,24.48,24.85,24.29,24.48,24.48,24.29,24.39,24.85,24.67,24.29,24.67,24.20,24.57,24.39,24.76,24.67,24.39,24.01,24.57,24.67,24.76,24.67,24.67,24.67,24.39,24.76,24.67,24.20,24.76,24.76,24.39,24.48,24.29,24.39,24.39,24.76,24.29,24.29,24.20,24.67,24.67,24.57,24.29,24.67,24.48,24.57,24.67,24.29,24.29,24.76,24.67,24.57,24.48,24.76,24.39,24.67,24.39,24.85,24.48,24.85,24.67,24.57,24.39,24.39,24.67,24.39,24.57,24.57,24.76,24.93,24.85,24.57,24.93,24.67,24.39,24.85,24.85,24.48,24.57,24.76,24.76,24.67,24.67,24.93,24.76,24.57,24.57,24.67,24.76,24.93,25.02,24.85,24.93,24.57,24.67,24.93,24.85,25.46,24.57,24.85,24.76,24.93,24.67,24.20,24.76,25.11,24.67,24.57,24.67,25.02,24.85,24.76,24.76,24.85,25.02,24.93,24.85,24.67,24.48,24.85,24.39,24.29,24.57,24.57,24.67,24.57,24.39,25.02,24.67,24.67,24.67,24.67,24.67,24.57,24.67,24.48,24.39,24.76,24.67,24.76,24.67,24.48,24.39,24.57,24.20,24.76,24.48,24.29,24.39,24.39,24.29,24.48,24.48,24.67,24.48,24.39,24.67,24.39,24.48,24.67,24.67,24.39,24.76,24.76,24.29,24.39,24.57,24.57,24.67,24.39,24.48,24.67,24.57,24.11,24.29,24.39,24.20,24.20,24.48,24.76,24.48,24.48,24.29,24.29,24.67,24.48,24.39,24.57,24.39,24.57,24.48,24.29,24.29,24.48,24.76,24.39,24.39,24.39,24.48,23.64,24.01,24.67,24.57,24.57,24.29,24.29,24.67,24.57,24.76,24.39,24.39,24.76,24.39,24.39,24.48,24.20,24.29,24.29,24.48,24.48,24.20,24.39,24.48,24.20,24.11,24.48,24.39,24.29,23.83,24.11,24.76,24.39,24.29,24.57,24.57,24.11,24.57,24.48,24.39,24.48,24.57,24.48,24.39,24.76,24.11,24.39,24.48,24.11,23.92,24.11,24.01,24.20,23.83,24.20,24.67,24.57,24.39,24.29,24.57,24.01,24.39,24.57,24.39,24.29,24.48,24.29,24.29,24.39,24.39,24.67,24.48,24.29,24.20,24.29,24.01,24.85,24.93,24.01,24.20,24.39,23.92,23.83,24.11
24.11,24.29,24.39,24.29,24.57,24.20,24.01,24.11,23.83,24.01,24.29,24.20,24.39,24.39,24.48,23.92,24.48,24.11,24.29,24.29,24.48,24.67,24.39,24.48,24.20,24.39,24.76,24.29,24.20,24.57,24.01,24.01,24.48,24.20,23.83,24.57,24.11,24.20,24.76,24.48,24.20,24.57,24.20,24.29,24.48,24.39,24.29,24.39,24.85,24.67,24.57,24.85,24.29,24.57,24.85,24.57,24.39,24.20,24.39,24.57,24.48,24.57,24.29,24.57,24.48,24.67,24.29,24.76,24.39,24.57,24.57,24.57,24.57,25.02,24.39,24.29,24.48,24.48,24.39,24.67,24.48,24.11,24.76,24.39,24.48,24.01,24.39,24.20,24.67,24.39,24.93,24.39,24.39,24.29,24.01,24.85,24.67,25.02,24.48,24.48,24.57,24.57,24.76,24.85,24.20,24.39,24.39,24.39,24.57,24.39,24.67,24.85,24.76,24.67,24.76,24.39,24.67,24.48,24.76,25.02,24.67,24.67,24.67,24.76,24.76,24.48,24.57,24.67,24.48,24.57,24.76,24.76,24.29,24.85,24.20,24.48,24.57,24.76,24.76,24.76,24.67,24.67,24.85,24.20,24.93,24.29,24.67,24.39,24.57,24.93,24.93,24.39,24.57,24.67,24.48,24.39,24.20,24.57,24.67,24.20,24.85,24.67,24.20,24.76,25.11,24.76,24.93,24.93,24.48,24.11,24.57,24.85,24.76,24.93,24.76,24.39,24.67,25.11,24.48,24.67,24.57,24.93,24.57,24.67,24.76,24.39,24.76,24.67,24.85,24.67,24.57,24.67,24.67,24.85,24.85,24.39,24.57,24.67,24.85,25.02,24.85,24.67,24.76,24.76,24.67,24.76,24.85,24.48,24.85,25.02,24.29,24.85,24.39,24.57,24.85,24.67,24.57,24.57,24.57,24.57,24.67,24.67,24.76,24.57,24.67,24.85,24.48,24.76,24.76,24.76,24.20,24.57,24.11,24.48,24.20,24.01,24.67,24.39,24.39,24.57,24.57,24.29,24.48,24.67,24.29,24.76,24.39,24.76,24.29,24.85,25.02,24.48,24.67,24.39,24.20,24.48,24.48,24.85,24.39,24.39,24.29,24.11,24.39,24.39,24.39,24.85,24.57,24.48,24.20,24.29,24.39,23.92,24.57,24.67,24.57,24.76,24.67,24.48,24.76,24.39,24.48,24.39,24.20,24.39,24.48,24.57,24.48,24.57,24.39,24.57,24.29,24.11,24.20,24.67,24.48,24.48,24.39,24.20,24.39,24.39,24.29,24.01,24.57,24.57,24.48,24.20,24.29,24.67,24.57,24.01,24.57,24.57,24.11,24.39,24.57,24.20,24.67,24.48,24.39,24.57,24.01,24.57,24.39,24.20,24.20,24.39,24.29,24.29,24.29,24.11,24.29,24.76,24.57,24.29,24.20,23.92,24.76,24.29,24.39,24.29,24.57,24.39,24.11,24.39,24.67,24.57,24.39,24.39,24.57,24.48,24.48,24.29,24.01,24.29,24.20,24.57,24.39,24.67,23.92,24.67,24.67,24.01,24.29,23.83,24.01,23.92,24.57,24.01,24.67,24.29,24.29,24.20,24.48,24.11,24.29,24.39,24.57,24.20,23.64,23.64,24.39,24.20
24.01,24.11,24.11,24.20,24.20,24.29,24.29,24.48,24.11,24.11,24.29,24.11,24.48,24.29,24.29,24.20,24.29,24.29,24.20,23.73,24.39,24.39,24.48,24.57,24.48,24.20,24.01,24.76,24.01,24.48,24.29,24.39,24.76,24.11,24.39,24.01,24.76,24.39,24.39,24.48,24.20,24.57,24.11,24.48,24.48,24.57,24.20,24.39,24.57,24.85,24.01,24.76,24.11,23.92,24.57,24.57,24.48,24.57,24.39,24.76,24.39,24.29,24.20,24.57,24.67,24.39,24.48,24.67,24.39,24.39,24.48,24.29,24.57,24.48,24.48,24.57,24.67,24.48,24.57,24.48,24.29,24.67,24.57,24.76,24.57,24.39,24.39,24.11,24.67,24.20,24.20,24.39,24.85,24.20,24.57,24.57,24.29,24.57,24.67,24.48,24.48,24.57,24.85,24.01,24.57,24.57,24.57,24.20,24.67,24.57,24.39,24.48,24.29,24.20,24.48,24.76,24.48,24.48,24.76,24.48,24.57,24.57,24.93,24.29,24.67,24.67,24.11,24.29,24.39,24.20,24.11,24.39,24.29,24.29,24.67,24.48,24.67,24.57,24.85,24.57,24.29,24.57,24.57,24.57,24.48,24.76,24.67,24.76,24.57,24.57,24.57,24.93,24.76,24.48,24.29,24.29,24.85,24.57,24.48,24.57,24.57,24.57,24.67,24.57,24.67,24.39,24.48,24.39,24.76,24.76,24.85,24.57,24.39,24.93,24.57,24.76,24.67,24.39,24.67,24.85,24.93,24.67,24.29,24.93,24.39,24.57,24.39,24.76,24.85,24.67,24.67,24.39,24.76,24.93,24.85,24.67,24.93,24.67,24.57,24.76,25.02,24.67,25.37,24.76,25.11,24.57,24.76,24.57,24.67,24.85,24.67,24.57,25.11,25.02,24.48,24.85,24.76,24.85,24.48,24.57,24.57,24.76,24.57,24.76,24.76,24.67,24.39,24.67,24.48,24.67,24.48,24.67,24.48,24.48,24.85,24.48,24.11,24.85,24.29,24.85,24.85,24.57,24.67,24.29,24.48,24.85,24.67,24.39,24.48,24.48,24.29,24.67,24.20,24.48,24.57,24.20,24.39,24.48,24.67,24.39,24.48,24.20,24.57,24.29,24.57,24.48,24.85,24.48,24.29,24.93,24.48,24.20,24.11,24.48,24.11,24.57,24.39,24.57,24.29,24.11,24.67,24.01,24.29,24.39,24.48,24.39,24.39,24.48,24.76,24.01,24.57,24.48,23.83,23.92,24.39,24.48,24.48,24.20,24.01,24.57,24.29,24.48,24.67,24.20,24.67,24.39,24.57,24.48,24.20,24.48,24.29,24.48,24.20,24.29,24.39,24.48,24.57,24.67,24.11,24.20,24.57,24.11,24.57,24.67,24.20,24.76,24.11,24.48,24.29,23.92,24.57,24.48,24.48,24.48,24.57,24.93,24.01,24.48,24.39,24.48,24.48,24.57,24.39,24.20,24.20,24.39,24.29,24.29,24.48,24.20,24.67,24.39,24.29,24.39,23.83,24.67,24.29,24.48,24.20,24.29,24.29,24.29,24.57,24.39,24.48,24.29,24.20,24.11,24.39,24.20,24.29,24.48,24.20,23.92,24.20,24.76,24.39,24.11,24.29,24.39,24.29,24.29
24.20,24.11,24.11,23.92,24.39,24.57,23.83,24.39,24.57,24.57,24.39,24.11,24.29,24.29,24.76,24.20,23.92,24.11,24.85,24.57,24.39,24.39,24.20,24.85,24.48,24.39,24.39,24.76,23.92,24.20,24.01,24.67,24.39,24.20,24.39,24.67,24.20,24.48,24.01,24.76,24.20,24.39,24.20,24.48,24.48,24.48,24.20,24.48,24.20,24.20,24.01,24.57,24.20,24.57,24.85,24.39,24.67,24.57,24.20,24.39,24.67,24.48,24.20,24.29,24.57,24.57,24.29,25.02,24.20,24.48,24.29,24.39,24.39,24.67,24.67,24.57,24.39,24.76,24.85,24.67,24.67,24.39,24.67,24.76,24.93,24.76,24.67,24.29,24.57,24.67,24.20,24.39,24.57,24.76,24.48,24.48,24.57,24.76,24.57,24.20,24.76,24.67,24.57,24.39,24.76,24.48,24.67,24.29,24.39,24.67,24.67,24.48,24.57,24.20,24.48,24.39,24.48,24.39,24.39,24.67,24.57,24.67,24.57,24.76,24.76,24.20,24.29,24.57,24.76,24.29,24.39,25.02,24.85,24.29,24.67,24.48,24.57,24.76,25.02,24.67,24.57,24.39,24.48,24.48,24.67,24.29,24.48,24.48,24.93,24.39,24.76,24.57,24.57,25.02,24.67,24.85,24.48,24.39,24.57,24.48,24.67,24.57,24.48,24.48,25.02,24.85,24.57,24.85,24.67,24.57,24.48,24.48,24.85,24.48,24.76,24.67,25.11,24.76,24.67,24.39,25.11,24.85,24.57,24.39,24.48,24.48,24.85,24.93,24.93,24.76,24.57,24.67,24.57,24.48,24.76,24.85,24.85,24.76,24.76,24.67,24.67,24.85,24.76,24.85,25.11,25.02,24.48,24.76,24.67,24.76,24.85,24.48,25.11,24.67,25.02,25.02,24.85,25.02,24.67,24.29,24.48,24.76,24.67,24.67,24.57,24.39,24.20,24.48,24.48,24.76,24.57,24.48,24.57,24.48,24.29,24.67,24.76,24.48,24.57,24.39,24.93,24.93,24.29,24.29,24.57,24.93,24.48,24.57,24.48,25.20,24.57,24.20,24.57,24.76,24.48,24.39,24.29,24.48,24.85,24.29,24.67,24.20,24.48,24.39,24.57,24.29,24.01,24.48,24.20,24.39,24.29,23.64,24.67,24.48,24.85,24.11,24.67,24.39,25.11,24.11,24.67,24.20,24.48,24.57,24.20,24.20,23.92,24.39,24.29,24.11,24.29,24.39,24.48,24.29,24.20,24.29,24.39,24.11,24.67,24.39,24.29,24.39,24.39,24.57,24.29,24.76,24.76,24.20,24.29,24.29,24.93,24.67,24.29,24.29,24.39,24.29,24.39,24.20,24.29,24.67,24.29,24.20,23.73,24.01,24.39,24.29,24.20,24.01,24.20,24.67,24.01,24.48,24.48,24.20,24.11,24.20,23.83,24.48,24.48,24.48,24.67,24.57,24.48,24.93,24.39,24.29,24.01,24.20,24.29,24.48,24.39,24.29,24.39,24.48,24.11,24.20,24.01,24.29,24.29,24.29,24.29,24.39,24.01,24.48,23.73,24.67,24.01,24.29,24.29,24.48,24.67,24.57,24.29,24.39,23.92,24.57,24.39,24.85,24.11,24.48,24.39,23.73
24.39,24.29,24.29,24.67,24.01,24.01,23.64,24.57,24.11,24.39,24.29,24.01,24.29,24.29,24.39,23.92,24.29,24.57,24.48,24.20,24.20,24.76,24.76,24.57,24.39,24.20,24.85,24.29,24.57,24.01,24.39,24.48,24.39,24.48,24.20,24.29,24.48,24.57,24.39,24.48,24.39,24.67,24.85,24.67,24.39,24.20,24.39,24.57,24.93,24.39,24.85,24.48,24.39,24.67,24.93,24.48,24.11,24.11,23.92,24.57,24.20,24.48,24.67,24.67,24.67,24.48,24.67,24.39,24.57,24.48,24.48,24.48,24.85,24.39,24.29,24.29,24.39,24.57,24.01,24.48,24.29,24.39,24.01,24.76,24.67,24.29,24.11,24.93,24.29,24.48,24.39,24.57,24.39,24.76,24.39,24.76,24.67,24.11,24.20,24.20,24.48,24.11,24.39,24.57,24.48,24.29,24.48,24.67,24.85,24.67,24.39,24.57,24.39,24.76,24.76,24.76,24.85,24.67,24.57,24.67,24.39,24.39,24.11,24.57,24.48,24.39,24.48,24.11,24.67,24.11,24.11,24.39,24.48,24.39,24.29,24.01,24.57,24.57,24.20,24.57,24.29,24.39,24.57,24.29,24.76,24.39,24.11,24.57,24.29,24.57,24.48,24.57,24.67,24.67,24.48,24.29,24.39,24.67,24.57,24.57,24.48,24.39,24.67,24.57,24.29,24.57,24.48,24.67,24.76,24.93,25.02,24.67,25.02,24.67,24.85,24.67,24.76,24.48,25.02,24.57,24.93,24.93,24.93,24.76,24.85,24.39,25.02,24.85,24.85,24.67,24.48,25.11,24.85,24.76,24.76,24.85,24.93,25.02,24.85,24.93,24.76,24.29,25.02,24.76,24.57,24.57,24.20,24.93,24.67,24.76,24.48,24.57,24.85,24.57,24.57,24.48,24.76,24.57,24.48,24.67,24.57,24.20,24.39,24.67,24.93,24.67,24.85,24.48,24.29,24.85,24.76,24.57,24.57,24.57,24.29,24.57,24.57,24.76,24.76,24.67,24.67,24.29,24.20,24.85,24.57,24.20,24.20,24.39,24.39,24.67,24.39,24.57,24.48,24.29,24.39,24.48,24.20,24.39,24.48,24.01,24.57,24.67,24.20,24.39,24.29,24.57,24.85,24.57,24.67,24.29,24.20,24.76,24.48,24.48,24.29,24.11,24.01,24.67,24.57,24.76,24.39,24.20,24.29,24.11,24.29,24.20,24.29,24.11,24.67,24.39,24.57,24.39,24.29,24.57,24.57,24.29,24.11,24.76,24.11,24.20,24.29,24.57,23.92,23.83,24.29,24.67,24.39,24.76,24.48,24.29,24.48,24.39,24.29,24.67,24.57,24.48,24.39,23.92,24.76,24.01,24.20,24.85,24.20,23.83,24.39,23.92,24.29,24.39,24.48,24.11,24.39,24.20,24.39,24.39,24.48,24.20,24.20,24.67,24.57,24.29,24.39,24.67,24.11,24.67,24.01,24.57,24.48,24.29,24.29,24.29,24.20,24.57,24.48,24.48,24.57,24.29,24.76,24.57,24.11,24.29,24.39,24.39,24.57,24.39,24.48,24.39,24.48,24.29,24.48,24.11,24.29,24.20,24.29,24.01,24.20,24.20,24.29,23.92,24.29,24.29,24.29,24.39
23.83,23.83,24.11,24.01,24.39,24.39,23.83,24.01,23.83,24.29,23.92,24.11,24.01,24.48,23.92,23.92,24.39,24.20,24.29,24.11,24.01,24.29,24.29,24.11,24.76,24.48,24.20,24.11,24.57,23.92,24.29,24.20,24.20,24.39,24.67,24.48,24.57,24.20,24.29,24.76,24.39,24.67,25.02,24.67,24.48,24.57,24.76,24.85,24.29,24.67,24.67,24.48,24.39,24.67,24.48,24.67,24.67,24.57,24.67,24.39,24.76,24.67,24.29,24.39,24.39,24.67,24.67,24.20,24.57,24.57,24.39,24.20,24.39,24.39,24.57,24.29,24.67,24.01,24.01,24.39,24.29,24.29,24.48,24.48,24.67,24.85,24.57,24.67,24.76,24.29,24.67,24.11,24.48,24.11,24.39,24.48,24.39,24.76,24.48,24.39,24.57,24.11,24.67,24.01,24.48,24.57,24.57,24.48,24.76,24.39,24.48,24.57,24.29,24.57,24.57,24.48,24.76,24.57,24.01,24.48,24.48,24.85,24.39,24.01,24.67,24.67,24.11,24.67,24.39,24.48,24.29,24.20,24.20,24.76,24.48,24.48,24.20,24.67,24.39,24.29,24.67,24.39,24.39,24.39,24.57,24.11,24.57,24.48,24.29,24.11,24.67,24.48,24.39,24.39,24.39,24.76,24.67,24.39,24.57,24.57,24.67,24.48,24.67,24.57,24.39,24.57,24.39,24.48,24.48,24.48,25.02,24.93,24.93,24.29,24.48,24.67,24.57,24.57,24.48,24.85,24.93,24.67,24.85,24.85,24.76,24.76,24.76,24.57,24.67,24.57,24.67,24.85,24.76,24.76,24.85,24.39,24.57,24.76,24.57,24.57,24.76,24.57,24.93,24.39,24.29,24.57,24.76,24.39,24.85,24.39,25.02,24.67,25.28,24.57,24.85,24.39,24.57,24.67,24.67,24.57,24.39,24.67,24.76,24.48,24.67,24.76,24.57,24.39,24.67,24.85,24.76,24.57,24.39,24.67,24.76,24.76,24.48,24.48,24.39,24.67,24.57,24.39,24.11,24.01,24.57,24.39,24.67,24.01,24.57,24.76,24.48,24.57,24.29,24.39,24.48,24.48,24.48,24.57,24.29,24.76,24.11,24.29,24.39,24.48,24.48,24.48,24.29,24.48,24.20,24.39,24.48,24.29,24.76,24.48,24.29,24.48,24.57,24.39,24.48,24.48,24.39,24.48,24.20,24.29,24.57,24.48,24.67,23.92,24.01,24.29,24.67,23.83,24.29,24.39,24.48,24.39,24.48,24.39,24.48,24.48,24.57,24.39,24.57,24.39,24.29,24.85,24.57,24.20,24.57,24.48,24.20,24.20,24.57,24.20,24.57,24.29,24.39,24.29,24.67,24.29,24.48,24.57,24.11,24.11,24.29,24.67,24.01,24.48,24.57,24.20,24.20,24.57,24.39,24.29,24.57,24.48,24.11,24.11,24.57,24.48,24.39,24.39,24.48,24.48,24.48,24.20,24.57,24.48,24.29,24.11,24.39,24.48,24.20,24.29,24.39,24.20,24.57,24.39,24.48,24.29,24.48,24.11,24.20,24.67,23.92,24.29,24.29,24.20,24.29,24.57,24.20,24.11,24.39,23.83,24.67,24.01,24.48,24.48,23.92,24.20,24.20,24.57
24.29,24.29,24.29,24.01,24.01,24.11,24.29,24.29,24.20,24.29,24.48,23.92,24.11,24.11,24.29,24.11,24.29,24.48,24.11,24.20,24.20,24.29,24.39,24.29,23.92,24.57,24.67,24.29,24.48,24.48,24.11,24.48,24.20,24.57,24.67,24.01,23.64,24.57,24.48,24.39,24.20,24.48,24.39,24.01,24.20,24.57,24.29,24.20,24.67,24.57,24.39,24.01,24.67,24.48,24.11,24.76,24.39,24.48,24.67,24.76,24.48,24.01,24.20,24.39,24.67,24.48,24.39,24.85,24.57,24.67,24.57,24.20,24.57,24.39,24.57,24.67,24.48,24.20,24.29,24.57,24.20,24.29,24.57,24.67,24.48,24.85,24.11,24.20,24.39,24.11,24.57,24.29,24.48,24.39,24.57,24.57,24.76,24.67,24.48,24.57,24.67,24.67,24.29,24.57,24.20,24.67,24.76,24.57,24.67,24.39,24.48,24.67,24.48,24.57,24.39,24.20,24.67,24.57,24.11,24.48,24.67,25.02,24.48,24.48,24.57,24.57,24.67,24.57,24.85,24.67,24.76,24.29,24.48,24.57,24.29,24.48,24.93,24.57,24.39,24.39,24.39,24.48,24.20,24.20,24.39,24.57,24.76,24.48,24.76,25.02,24.76,24.93,24.67,24.67,24.76,24.39,24.48,24.57,24.85,24.67,24.48,24.85,24.39,24.57,25.02,24.29,24.48,24.67,24.39,24.76,24.93,24.76,24.48,24.85,24.67,24.67,24.85,24.67,25.20,24.76,24.48,24.93,25.11,24.67,24.85,24.39,24.48,25.11,24.48,24.57,24.76,24.39,24.48,24.93,24.76,24.93,24.39,24.93,24.29,24.76,25.02,24.57,24.39,24.67,24.67,25.02,24.57,24.93,24.85,24.76,24.39,24.57,24.76,25.02,24.57,24.48,24.39,24.39,24.57,24.67,24.48,24.57,24.39,25.02,24.67,24.93,24.67,25.02,25.02,24.11,24.39,24.29,24.39,24.57,24.20,24.76,24.48,24.85,24.67,24.57,24.85,24.85,24.85,24.48,24.29,24.11,24.48,24.11,24.39,24.57,24.57,24.20,24.76,24.48,24.57,24.57,24.20,24.48,24.39,24.29,24.76,24.29,24.93,24.20,24.39,24.20,24.48,24.48,24.57,24.39,24.57,24.57,24.20,24.67,24.20,24.20,24.39,24.57,24.29,24.76,24.39,24.57,24.20,24.39,24.29,24.39,24.39,24.39,24.01,24.67,24.39,24.20,24.29,24.29,24.29,24.57,24.29,24.20,24.29,24.48,24.29,24.48,24.39,24.57,24.57,23.64,24.11,24.29,24.20,24.57,24.29,24.76,24.01,24.67,24.57,24.48,24.67,24.11,24.20,24.67,24.39,24.57,24.57,24.20,24.11,24.67,24.20,24.11,24.11,24.20,24.48,24.11,24.57,24.39,24.29,24.20,24.48,24.20,23.92,24.57,24.29,24.11,24.39,24.11,24.57,24.57,24.29,24.29,24.48,24.67,24.39,24.48,24.20,24.20,24.29,24.39,24.01,23.83,24.20,24.48,24.48,24.67,24.39,24.48,24.11,24.39,24.29,24.48,24.57,24.20,24.39,24.11,24.39,23.92,24.85,24.67,24.39,24.48,24.11,24.11,24.20,24.67
24.39,24.11,24.11,24.01,24.29,23.83,24.20,23.92,23.92,24.29,24.48,24.20,24.57,24.11,24.39,24.39,24.20,24.01,24.29,24.48,24.29,24.01,24.29,24.11,24.67,24.20,24.39,24.57,24.29,24.48,24.39,24.29,24.20,24.20,24.20,24.29,24.39,24.29,24.29,24.57,24.29,24.39,24.48,24.48,24.11,24.29,24.57,24.39,24.67,24.57,24.39,24.67,24.57,24.39,24.67,24.67,24.48,24.39,24.48,24.67,24.20,24.57,24.67,24.39,24.48,24.01,24.39,24.01,24.57,24.48,24.20,24.67,24.48,24.29,24.48,24.39,24.57,24.11,24.39,24.76,24.39,24.67,24.39,24.39,24.29,24.39,24.48,24.20,24.39,24.39,24.01,24.76,24.48,24.48,24.39,24.67,24.85,24.67,24.57,24.48,24.48,24.85,24.39,24.29,24.39,24.48,24.67,24.67,24.48,24.48,24.48,24.48,24.48,24.76,24.67,24.39,24.76,24.57,24.48,24.48,24.67,24.57,24.20,24.39,24.29,24.76,24.48,24.39,24.85,24.48,24.39,24.20,24.39,24.48,24.76,24.29,24.48,24.20,24.20,24.76,24.48,24.67,24.85,24.76,24.57,24.57,24.48,24.48,24.67,24.39,24.67,24.48,24.85,24.85,24.57,24.29,24.48,24.48,24.48,24.29,24.93,24.48,24.76,24.67,24.57,24.76,24.39,25.02,24.67,24.57,24.48,24.67,24.93,24.48,24.39,24.93,24.76,24.67,24.20,24.48,24.85,25.11,24.57,24.67,24.39,24.76,24.57,24.85,24.67,24.85,24.67,25.02,24.93,24.67,24.57,24.85,24.39,24.76,24.76,24.93,24.57,25.20,24.57,24.48,24.93,24.39,24.29,24.57,24.67,24.85,24.76,24.48,24.57,24.39,24.85,24.39,24.48,24.57,24.29,24.67,24.39,24.29,24.29,24.48,24.57,24.48,24.76,24.85,24.48,24.48,24.76,24.48,24.29,24.29,24.76,24.48,24.29,24.29,24.85,24.29,24.29,24.29,24.39,24.76,24.67,24.39,24.20,24.29,24.85,24.39,24.85,24.67,24.57,24.29,24.20,24.85,24.39,24.11,24.57,24.29,24.29,24.48,24.76,24.57,24.29,24.48,24.29,24.20,24.29,24.11,24.29,24.57,24.48,24.01,24.48,24.85,24.29,24.67,24.39,24.39,24.39,23.83,24.39,24.39,24.57,24.29,24.20,24.29,24.39,24.48,24.29,24.57,24.57,24.48,24.11,24.39,24.20,24.57,24.39,24.29,24.01,24.57,24.20,24.29,24.39,24.57,24.39,24.57,24.48,24.67,24.29,24.01,24.29,24.20,24.57,24.20,24.11,24.39,24.39,24.48,24.48,24.39,24.11,24.39,24.20,24.20,24.39,24.29,24.39,24.01,24.20,24.39,24.39,24.01,24.39,24.39,24.57,24.39,24.20,24.48,24.01,24.39,24.67,23.73,24.20,24.48,24.29,24.39,24.39,24.01,24.29,24.39,24.11,24.57,24.39,24.57,24.48,24.11,24.20,24.39,24.39,24.39,23.92,24.48,24.39,24.20,24.29,24.29,24.20,24.11,24.01,24.11,24.29,24.48,24.11,24.11,24.48,24.11,24.11,24.57,24.39,24.11
24.11,23.92,24.01,23.83,24.20,24.11,24.48,24.20,24.29,24.20,23.73,24.01,24.20,24.01,24.39,24.39,24.57,24.01,24.76,24.29,24.48,24.57,24.20,24.20,24.76,24.57,24.29,24.39,24.29,24.29,24.57,24.20,24.76,24.29,24.39,24.48,24.67,24.39,24.39,24.48,24.48,24.29,24.48,24.67,24.39,24.48,24.29,24.67,24.39,24.01,24.29,24.11,23.83,24.76,25.02,24.39,24.48,24.67,24.20,24.57,24.11,24.39,24.29,24.39,24.29,24.11,24.20,24.29,24.29,24.57,24.67,24.39,24.48,24.85,24.48,24.85,24.20,24.57,24.39,24.39,24.29,24.39,24.48,24.39,24.11,24.11,24.11,24.29,24.39,24.39,24.48,24.48,24.29,24.11,24.39,24.76,24.29,24.48,24.57,24.67,24.48,24.57,24.39,24.57,24.67,24.93,24.29,24.29,24.39,24.39,24.67,24.67,24.48,24.67,24.57,24.48,24.76,24.48,24.48,24.57,24.57,24.67,24.48,24.57,24.48,24.48,24.29,24.67,24.48,24.48,24.76,24.39,24.48,24.20,24.29,24.48,24.76,24.48,24.57,24.39,24.39,24.39,24.48,24.48,24.76,24.29,24.20,24.76,24.48,24.57,24.48,25.02,24.57,24.29,24.76,24.29,24.67,24.67,24.67,24.39,24.57,24.48,24.48,24.57,24.48,24.76,24.57,24.48,24.57,24.67,24.85,24.39,24.48,24.67,24.67,24.57,24.48,25.02,24.67,24.76,24.93,24.85,24.57,24.39,24.67,24.67,24.57,24.93,24.85,24.76,24.76,24.57,24.85,24.76,24.67,24.76,24.48,24.48,24.48,24.93,24.76,24.85,24.93,24.57,24.57,24.57,24.76,24.76,24.76,24.76,24.39,24.67,24.76,24.57,24.57,24.48,24.76,24.39,24.85,24.76,24.57,24.29,24.29,24.93,24.48,24.85,24.39,24.48,24.57,24.57,24.48,24.57,24.85,24.39,24.57,24.85,24.76,24.67,24.76,24.67,24.93,24.85,24.29,24.93,24.48,24.76,24.57,24.48,24.67,24.20,24.39,24.93,24.39,24.57,24.48,24.57,24.39,24.39,24.57,24.48,24.57,24.29,24.57,24.48,24.76,24.48,24.29,24.48,24.39,24.67,24.01,24.39,24.57,24.48,24.48,24.57,24.29,24.39,24.48,24.48,24.57,24.11,23.83,24.29,24.39,24.20,24.48,24.57,24.39,24.76,24.67,24.20,24.29,24.48,24.20,24.39,24.76,24.39,24.20,24.39,24.67,24.67,24.48,24.29,24.67,24.57,24.57,24.11,24.29,24.48,24.29,24.11,24.01,24.29,24.39,24.11,24.76,24.57,24.29,24.11,24.39,24.39,24.11,24.29,24.29,24.29,24.01,23.83,24.48,24.29,24.11,24.29,24.29,24.48,24.39,24.39,24.29,24.29,24.29,24.67,24.29,24.20,24.29,24.29,24.57,24.11,24.39,24.20,24.57,24.01,24.29,24.29,24.48,24.01,24.11,24.29,24.11,24.20,24.01,24.48,24.39,24.39,24.11,23.64,24.48,24.20,24.11,24.39,24.76,23.55,23.83,24.11,23.92,24.39,24.48,24.11,24.20,24.11,24.20,23.83,24.11,24.48
23.83,24.39,24.11,23.83,24.11,24.20,24.29,24.01,23.83,24.57,24.57,24.20,24.11,23.83,23.92,24.20,24.20,24.20,24.39,24.48,24.20,24.76,24.57,24.29,24.39,24.76,24.76,24.67,24.57,24.57,24.29,24.93,24.48,24.39,24.29,24.29,24.48,24.29,24.01,24.39,24.01,24.20,24.20,24.29,24.39,24.39,24.67,24.85,24.57,23.92,24.76,23.92,24.67,24.39,24.57,24.67,24.48,24.57,24.39,24.20,24.48,24.57,24.57,24.20,24.48,24.48,24.57,24.57,24.01,24.48,24.67,24.57,24.39,24.11,24.20,24.39,24.29,24.39,24.29,24.29,24.29,24.29,24.11,24.39,24.29,24.67,24.29,24.67,24.67,24.57,24.01,24.67,24.67,24.57,24.57,24.29,24.01,24.67,24.29,24.39,24.29,24.39,24.20,24.48,24.93,24.20,24.39,24.67,24.67,24.67,24.48,24.20,24.48,24.39,24.76,24.29,24.67,24.48,24.29,24.48,24.57,24.48,24.39,24.20,24.67,24.20,24.57,24.67,24.67,24.11,24.11,24.48,24.20,24.39,24.11,24.76,24.48,24.48,24.29,24.29,24.39,24.48,24.48,24.39,24.48,24.48,24.29,24.76,24.67,24.29,24.57,24.93,24.76,24.39,24.48,24.20,24.67,24.29,24.76,24.76,24.57,24.29,24.11,24.76,24.48,24.67,24.76,24.39,24.11,24.76,24.57,24.57,24.67,24.39,24.85,24.48,25.02,24.67,24.85,24.20,24.48,24.76,24.67,24.67,24.29,24.76,24.67,24.76,24.85,24.57,24.57,24.48,24.85,24.48,24.85,24.67,24.39,24.85,24.57,25.11,24.76,24.39,24.57,24.85,24.85,24.67,24.76,24.39,24.57,24.57,24.67,24.85,24.67,24.85,24.67,24.67,24.20,24.39,24.67,24.29,24.39,24.76,24.48,24.39,24.67,24.20,24.39,24.48,24.29,24.20,24.29,24.48,24.48,24.39,24.67,23.92,24.29,24.20,24.29,24.57,24.39,24.29,24.57,24.57,24.39,24.57,24.11,24.85,24.48,24.39,24.29,24.48,24.67,24.29,24.57,24.20,24.48,24.20,24.01,24.67,24.39,24.39,24.39,24.67,24.57,24.48,24.76,24.57,24.48,24.57,24.01,24.29,24.29,24.57,24.11,24.39,24.29,24.29,24.29,24.67,24.48,24.48,24.29,24.57,24.11,24.39,24.48,24.29,24.67,24.39,24.29,24.20,24.48,24.48,24.39,24.29,24.39,24.57,24.20,24.29,24.11,24.29,24.20,24.29,24.01,24.29,24.39,24.48,23.73,24.48,24.39,24.20,24.20,24.39,24.20,24.39,24.29,24.39,24.39,24.01,24.20,24.11,24.57,24.67,24.39,24.39,24.01,24.20,24.29,24.01,24.29,24.48,24.39,24.67,24.29,24.20,24.67,24.29,24.76,24.29,24.39,24.39,24.29,24.29,24.39,24.57,24.20,24.57,24.67,24.76,24.20,24.48,24.29,24.48,24.20,24.67,24.39,24.29,24.29,24.11,24.20,24.39,24.39,24.48,24.01,24.01,24.39,23.73,24.67,24.11,24.11,24.11,24.67,24.48,24.29,24.20,24.20,24.20,24.01,24.29,24.01,24.29
24.20,24.11,24.20,24.39,24.57,24.01,24.29,24.01,24.48,24.57,23.83,24.29,24.48,24.29,24.57,24.01,24.29,24.29,24.29,24.01,24.48,24.29,24.39,24.29,24.29,24.11,24.11,23.92,24.48,24.11,24.29,24.29,24.76,24.39,24.48,24.48,24.20,24.20,24.29,24.76,24.76,24.39,24.48,24.48,24.67,24.20,24.39,24.39,24.29,24.29,24.57,24.57,24.29,24.29,24.85,24.57,24.76,24.29,24.20,24.39,24.29,24.11,24.48,24.57,24.39,24.57,24.67,24.39,24.20,24.39,24.39,24.39,24.11,24.29,24.20,24.67,24.29,24.48,24.39,24.20,23.92,24.39,24.01,24.85,24.20,24.39,24.57,24.48,24.01,24.48,24.39,24.57,24.29,24.20,24.39,24.57,24.11,24.20,24.76,24.29,24.48,24.20,24.48,24.48,24.57,24.57,24.29,24.48,24.29,24.76,24.57,24.48,24.01,24.11,24.67,24.29,24.57,24.57,24.20,24.39,24.67,24.67,24.48,24.39,24.29,24.48,24.48,24.11,24.67,24.29,24.48,24.57,24.11,24.48,24.29,24.29,24.57,24.67,24.48,24.20,24.67,24.57,24.67,24.76,24.57,24.48,24.48,24.39,24.48,24.67,24.48,24.48,24.20,24.85,24.57,24.48,24.39,24.57,23.83,24.39,24.39,24.48,24.29,24.76,24.48,24.57,24.67,24.67,24.29,24.93,24.39,24.76,24.39,24.57,24.48,24.67,24.67,24.76,24.76,24.57,24.93,24.67,24.67,24.76,24.85,24.85,24.76,24.48,24.67,24.67,24.39,24.76,24.39,24.93,24.85,24.93,24.48,25.02,24.85,25.20,24.85,24.85,24.67,24.67,24.39,24.57,24.76,24.76,24.93,24.85,24.57,24.57,24.76,24.39,24.57,24.85,25.02,24.57,24.85,24.57,24.67,24.76,24.76,24.48,24.67,24.48,24.57,24.67,24.48,24.48,24.01,24.76,24.29,24.67,24.29,24.67,24.67,24.48,24.48,24.20,24.29,24.85,24.48,24.76,24.93,24.39,24.57,24.67,24.48,24.48,24.48,24.48,24.48,24.39,24.67,24.48,24.39,24.29,24.29,24.29,24.57,24.57,24.39,24.29,24.29,24.20,24.01,24.48,24.20,24.01,24.39,24.29,24.11,24.39,24.48,24.29,24.29,24.39,24.39,24.20,24.48,24.11,24.67,24.39,24.29,24.39,24.57,24.57,24.29,24.93,24.57,24.01,24.76,24.01,24.29,23.92,24.57,24.01,24.48,24.67,24.20,24.29,24.29,24.20,24.67,24.67,24.76,24.39,24.48,24.11,24.39,24.48,24.29,24.11,24.48,24.39,24.48,24.01,24.48,24.48,24.20,24.29,24.20,24.29,24.11,24.57,24.01,24.20,24.01,24.48,24.11,24.48,24.11,24.76,24.11,24.01,24.39,23.83,24.39,24.57,24.48,24.01,24.85,24.57,24.57,24.29,24.29,24.20,24.20,24.57,24.29,24.48,24.20,24.48,24.57,24.57,24.57,24.20,24.11,24.01,24.48,24.29,24.29,24.29,24.39,23.83,23.92,24.11,24.01,24.57,23.92,24.39,24.48,24.29,24.48,24.67,24.29,24.20,24.11,24.01,24.67,24.29
24.20,24.20,24.29,23.83,24.01,23.92,24.11,24.57,24.57,24.29,24.01,24.11,24.29,24.20,24.20,24.48,24.39,24.11,24.01,24.11,24.39,24.76,24.39,24.57,24.20,24.20,24.57,24.57,24.20,24.39,24.39,24.57,24.20,24.29,24.11,24.01,24.67,24.01,24.20,24.57,24.11,23.73,24.57,24.85,24.29,24.29,24.57,24.67,24.11,24.76,24.85,24.39,24.20,24.67,24.48,24.39,24.67,24.57,24.48,24.48,24.39,24.29,24.57,24.29,24.57,24.39,24.48,24.39,24.48,23.92,24.76,24.48,24.39,24.57,24.29,24.11,24.39,24.39,24.48,24.57,24.48,24.76,24.48,24.11,24.57,24.57,24.29,24.29,24.29,24.11,24.48,24.29,24.85,24.57,24.67,24.76,24.29,24.39,24.39,24.85,24.39,24.11,24.76,24.76,24.48,24.20,24.20,24.20,24.57,24.48,24.57,24.57,24.48,24.20,24.29,24.48,24.48,24.48,24.39,24.20,24.57,24.39,24.48,24.76,24.48,24.85,24.48,24.29,24.39,24.20,24.57,24.57,24.76,24.01,24.20,24.29,24.67,24.39,24.29,24.57,24.39,24.57,24.39,24.57,24.48,24.29,24.57,24.67,24.67,24.29,24.29,24.85,24.48,24.39,24.01,24.20,24.48,24.39,24.67,24.39,24.48,24.57,24.57,24.85,24.48,24.20,24.20,24.57,24.48,24.39,24.39,24.48,25.11,24.67,24.39,25.02,24.39,24.57,24.48,24.76,24.67,24.48,24.85,24.48,24.67,24.67,24.76,24.48,24.57,24.67,24.48,24.29,24.67,24.57,24.85,24.85,24.67,24.48,24.48,24.67,24.76,24.67,24.76,24.57,24.57,24.29,24.39,25.02,24.93,24.67,24.57,24.76,24.76,24.57,24.67,24.29,24.48,24.57,24.48,24.48,24.67,24.29,24.67,24.20,24.39,24.48,24.67,24.76,24.67,24.67,24.76,24.01,24.48,24.57,24.57,24.39,24.20,24.57,24.85,24.11,24.20,24.11,24.85,24.67,24.29,24.20,24.39,24.39,24.48,24.57,24.48,24.39,24.57,24.29,24.39,24.48,24.48,24.39,24.67,24.39,24.57,23.83,24.57,24.57,24.39,24.76,24.20,24.20,24.20,24.20,24.57,24.29,24.39,24.29,24.29,24.48,24.20,24.39,24.57,24.48,24.29,24.39,24.39,24.29,24.39,24.39,24.01,24.39,24.01,24.20,23.92,24.57,24.48,24.57,24.29,24.11,24.20,24.48,24.57,23.83,24.76,24.11,24.20,24.67,24.20,24.67,24.01,24.11,24.29,24.67,24.39,24.01,24.20,24.11,24.11,24.57,24.57,24.76,24.39,24.39,24.39,23.92,24.48,24.29,24.20,24.11,24.57,24.39,24.39,24.29,24.29,24.01,24.20,24.76,24.48,24.67,24.48,24.39,24.48,24.29,24.01,24.48,24.39,24.20,24.39,24.57,24.39,24.48,24.48,24.48,24.29,24.29,24.01,24.48,24.29,24.20,23.73,24.48,24.20,24.29,24.29,24.11,23.83,23.92,24.39,24.48,24.29,24.39,24.76,24.48,24.39,24.48,24.48,24.67,24.67,24.39,24.48,24.01,23.64,24.01,24.57,24.29
24.39,23.83,23.92,24.01,24.20,24.11,24.01,24.29,24.57,24.20,24.11,23.73,24.29,24.39,24.29,23.83,24.20,24.39,24.29,23.55,24.57,24.39,24.48,24.29,24.20,23.92,24.29,24.76,24.29,24.20,23.73,24.29,24.29,24.20,24.48,24.20,24.48,24.20,24.57,24.01,24.20,24.48,24.48,24.39,24.29,24.29,24.48,24.67,24.29,24.29,24.76,24.48,24.57,24.67,24.29,24.39,24.39,24.20,24.29,24.57,24.39,24.76,24.76,24.48,24.29,24.20,24.48,24.29,24.39,24.93,24.67,24.76,24.67,24.29,24.29,24.57,24.48,24.48,24.57,24.39,24.48,24.39,24.57,24.39,24.67,24.76,24.29,24.48,24.29,24.48,24.39,24.20,24.57,24.29,24.39,24.57,24.48,24.48,24.57,24.20,24.39,24.39,24.48,24.48,24.39,24.48,24.48,24.11,24.29,24.48,24.20,24.57,24.29,24.76,24.48,24.48,24.39,24.57,24.67,24.48,24.48,24.39,24.76,24.76,24.29,24.48,24.48,24.76,24.39,24.20,24.48,24.39,24.29,24.67,24.39,24.67,24.93,24.57,24.67,24.48,24.39,24.67,24.29,24.39,24.29,24.29,24.67,24.48,24.20,24.57,24.29,24.57,24.48,24.39,24.20,24.57,24.29,24.57,24.67,24.76,24.76,24.39,24.39,24.57,24.39,24.57,24.39,24.57,24.29,24.48,24.76,24.57,25.02,24.76,24.67,24.67,24.29,24.85,24.85,24.48,24.48,24.57,24.39,24.57,24.76,24.93,24.29,24.93,24.67,24.48,24.76,24.76,24.85,24.67,24.85,24.57,24.67,24.67,24.29,24.48,24.85,24.57,24.57,24.48,25.02,24.76,25.11,24.39,24.67,24.67,24.67,24.57,24.76,24.67,24.76,24.57,24.48,24.39,24.20,24.67,24.57,24.48,24.20,24.39,24.57,24.67,24.67,24.11,24.48,24.48,24.76,24.57,24.29,24.57,24.57,24.57,24.29,24.57,24.39,24.20,24.67,24.11,24.29,24.39,24.48,24.29,24.57,24.57,24.20,24.39,24.29,24.57,24.57,24.39,24.39,24.39,24.57,24.11,24.57,24.67,24.85,24.48,24.29,24.01,24.29,24.39,24.39,24.11,24.29,24.48,24.11,24.39,24.39,24.20,24.67,24.29,24.29,24.11,24.29,24.11,24.29,24.20,24.29,24.20,24.48,24.29,24.76,23.92,23.92,24.48,24.57,24.39,24.11,24.39,24.01,23.92,24.29,24.48,24.20,24.57,24.67,24.29,24.11,23.92,24.29,24.20,24.20,24.39,24.29,24.48,24.20,23.73,24.29,24.85,24.39,24.57,24.20,24.57,24.01,24.39,24.39,24.29,24.29,24.29,24.20,24.39,24.39,24.29,24.11,24.57,24.29,24.01,24.39,24.20,24.20,24.11,24.57,24.57,24.20,24.11,24.29,24.48,24.29,24.01,24.29,24.01,24.29,24.20,24.29,24.39,24.39,24.39,24.48,24.20,23.92,24.39,24.01,24.57,24.01,24.29,24.57,23.92,24.48,24.67,24.01,24.29,24.48,24.48,24.29,23.92,24.20,24.29,24.29,24.11,24.29,24.01,24.01,24.20,24.11,24.01,24.57,24.11
24.11,23.64,24.20,24.20,24.20,24.01,24.11,23.73,24.29,24.11,24.29,24.29,24.29,24.29,24.85,23.92,24.39,24.29,24.29,24.01,24.20,24.48,24.20,24.39,24.39,24.20,24.01,24.20,24.39,24.20,24.48,24.48,24.20,24.48,24.85,24.29,24.48,24.29,24.11,24.01,24.01,24.01,24.48,24.29,24.67,24.67,24.39,24.76,24.85,24.20,24.39,24.48,24.85,24.67,23.92,24.76,24.48,24.29,24.11,24.29,24.39,24.48,24.29,24.48,24.11,24.29,24.57,24.57,24.39,24.67,24.39,24.48,24.39,24.20,24.29,24.85,24.11,24.76,24.39,24.39,24.57,24.48,24.39,24.01,24.48,24.48,24.20,24.20,24.67,24.11,24.57,24.39,24.11,24.39,24.67,24.20,24.48,24.29,24.48,24.57,24.67,24.20,24.85,24.48,24.57,24.67,24.20,24.20,24.29,24.76,24.39,24.48,24.57,24.48,24.29,24.67,24.48,24.57,24.48,24.39,24.48,24.57,24.20,24.76,24.67,24.01,24.85,24.48,24.76,24.39,24.57,24.20,24.11,24.57,24.76,24.57,24.76,24.29,24.39,24.29,24.57,24.57,24.67,24.67,24.39,24.20,24.57,24.39,24.48,24.76,24.57,25.20,24.67,24.85,24.57,24.39,24.67,24.20,24.57,24.67,24.57,24.67,24.48,24.48,24.39,24.11,24.48,24.67,24.29,24.48,24.76,24.29,24.57,25.11,24.76,24.67,24.67,24.76,24.76,24.57,24.39,24.57,24.76,24.48,24.67,24.57,24.85,24.76,24.57,24.76,24.57,24.85,24.48,24.48,24.85,24.67,24.67,24.76,24.93,24.57,24.67,24.57,24.67,24.76,24.76,24.85,24.48,24.29,24.48,24.67,24.85,24.85,24.76,24.39,24.57,24.57,24.48,24.20,24.39,24.76,24.57,24.39,24.48,24.57,25.02,24.57,24.39,24.39,24.48,24.39,24.57,24.67,24.67,24.39,24.57,24.39,24.57,24.67,24.29,24.67,24.67,24.20,24.67,24.67,24.85,24.57,24.48,24.39,24.20,24.48,24.29,24.57,24.20,24.20,24.57,24.57,24.48,24.01,24.93,24.20,24.39,24.29,24.48,24.20,24.48,24.39,24.29,24.67,24.01,24.11,24.29,24.20,24.20,24.67,24.57,24.39,23.92,24.39,24.48,24.29,24.20,24.57,24.39,24.57,24.20,24.57,24.85,24.48,24.39,24.29,24.20,24.57,24.57,23.92,24.57,24.39,24.57,24.29,24.11,24.20,24.01,24.67,24.20,24.57,24.39,24.29,24.48,25.02,24.76,24.48,23.92,24.67,24.67,24.48,24.39,24.85,24.39,23.92,24.48,24.48,24.48,24.20,24.20,24.01,24.11,24.20,24.29,24.39,24.39,24.39,24.48,24.57,24.39,24.11,24.39,24.20,24.67,24.48,24.48,24.48,24.29,24.48,24.11,24.39,24.85,24.29,24.39,24.11,24.67,24.29,24.48,24.29,24.39,24.29,24.29,24.29,24.57,23.92,24.20,24.67,23.92,24.20,24.39,24.29,24.67,24.01,24.39,24.11,23.83,24.29,24.11,24.11,24.20,24.39,24.20,24.39,24.39,24.11,23.92,24.39,24.20,24.67
24.29,24.29,24.39,24.20,24.11,24.01,24.48,24.57,24.11,23.73,24.20,24.01,24.29,24.20,24.29,24.48,24.11,24.57,24.57,24.11,24.39,24.67,24.20,24.48,24.11,24.20,24.29,24.29,24.01,24.48,24.20,24.48,24.29,24.39,24.29,24.48,24.29,24.29,23.83,24.48,23.92,24.29,24.11,24.76,24.29,24.29,24.39,24.57,24.67,24.85,24.39,24.85,24.57,24.20,24.57,24.76,24.11,24.39,24.29,24.76,24.48,24.39,24.48,24.20,24.67,24.01,24.57,24.39,24.93,24.39,24.20,24.11,24.39,24.57,24.67,24.39,24.85,24.48,24.39,24.85,24.29,24.39,24.29,24.48,24.39,24.76,24.29,24.57,24.48,24.11,24.20,24.48,24.57,24.67,24.29,24.01,24.67,24.85,24.57,24.29,24.20,24.11,24.29,24.57,24.57,24.39,24.29,24.57,24.39,24.29,24.48,24.39,24.29,24.11,24.57,24.67,24.48,24.76,24.48,24.39,24.39,24.76,24.67,24.85,24.67,24.57,24.76,24.48,24.29,24.29,24.48,24.67,24.20,24.29,24.20,24.57,24.20,24.11,24.39,24.29,24.57,24.57,24.57,24.29,24.57,24.20,24.67,24.29,24.20,24.57,24.48,24.57,24.57,24.57,24.39,24.39,24.11,24.29,24.29,24.57,24.39,24.57,24.67,24.57,24.67,24.20,24.67,24.67,24.57,24.57,24.57,24.57,24.76,24.67,24.39,24.85,24.39,25.02,24.29,24.57,24.67,24.57,24.57,24.76,24.57,24.76,25.20,24.57,24.48,24.57,24.67,24.76,24.57,25.02,24.67,24.67,24.57,24.76,24.93,24.39,24.48,24.76,24.93,25.11,24.67,24.57,24.76,24.48,24.57,24.93,24.85,24.39,24.29,24.29,24.76,24.57,24.76,24.29,24.57,24.39,24.29,24.39,24.57,24.57,24.57,24.01,24.67,24.39,24.39,24.67,24.57,24.85,24.48,24.48,24.48,24.48,24.20,24.39,24.57,24.39,24.20,24.76,24.67,24.76,24.57,24.57,24.67,24.57,24.11,24.20,24.39,24.48,24.29,24.29,24.57,24.29,24.57,24.57,24.76,24.20,24.39,24.67,24.48,24.48,24.39,24.39,24.20,24.29,24.11,24.39,24.20,24.29,24.48,24.39,23.92,24.29,24.48,24.48,24.01,24.20,24.29,24.29,24.01,24.20,24.29,24.11,24.29,24.48,24.39,24.39,24.39,24.67,24.39,24.29,24.29,24.48,24.20,24.29,24.67,24.48,24.20,24.39,24.67,24.76,24.29,24.11,24.29,24.01,24.20,24.11,24.76,24.01,24.67,24.29,24.20,24.48,24.76,24.39,24.57,24.29,24.20,24.48,24.11,23.92,24.29,24.01,23.92,24.01,24.11,24.20,24.11,24.57,24.39,24.29,24.48,24.01,24.57,24.57,24.11,24.39,24.48,24.57,24.67,24.67,24.39,24.76,24.29,24.20,24.57,24.20,24.39,24.29,24.11,24.67,24.48,24.57,24.57,24.39,24.29,24.29,24.20,24.85,24.11,24.57,24.76,24.11,24.39,24.48,24.39,24.85,24.11,24.48,24.76,24.11,24.20,24.57,24.20,24.67,24.01,23.73,24.01,23.92
24.29,24.01,24.20,24.01,23.92,24.67,24.39,24.29,24.11,24.01,24.57,24.11,24.20,24.29,24.48,24.29,24.29,23.73,24.48,24.11,24.48,24.29,24.29,24.57,24.57,24.29,24.57,24.11,24.39,24.01,24.48,24.29,24.48,24.76,24.48,24.48,24.39,24.29,24.39,24.76,24.48,23.92,24.11,24.39,24.67,24.11,24.67,24.67,24.48,24.29,24.67,24.67,24.20,24.57,24.29,24.48,24.57,24.57,24.48,24.93,24.39,24.67,24.29,24.67,24.39,24.39,24.67,24.67,24.39,24.39,24.76,24.39,24.57,24.29,24.57,24.57,24.29,24.48,24.11,24.48,24.48,24.39,24.29,24.57,24.39,24.20,24.39,24.76,24.29,24.57,23.92,24.57,24.20,24.39,24.67,24.29,24.39,24.29,24.48,24.39,24.11,24.29,24.48,24.76,24.57,24.39,24.48,24.39,24.76,24.39,24.57,24.39,24.48,24.29,24.57,24.85,24.39,24.85,24.57,24.39,24.20,24.57,24.39,24.48,24.39,24.48,24.67,24.29,24.67,24.39,24.85,24.93,24.67,24.29,24.57,24.57,24.48,24.29,24.57,24.29,23.92,24.57,24.20,24.39,24.39,24.29,24.20,24.48,24.57,24.57,24.20,24.67,24.67,24.39,24.48,24.29,24.39,24.20,24.29,24.39,24.11,24.57,24.57,24.20,24.67,24.29,24.20,24.29,24.57,24.67,24.39,24.48,24.76,24.67,24.93,25.20,24.48,24.39,24.67,24.67,24.93,24.67,24.76,24.85,24.57,24.20,24.39,24.39,24.48,24.67,24.57,24.76,24.67,24.57,24.39,24.57,24.57,24.48,24.29,24.76,24.85,24.67,24.67,24.48,24.85,24.67,24.48,24.11,24.48,24.93,24.85,24.85,24.67,25.02,24.39,24.85,24.67,24.29,24.57,24.48,24.20,24.20,24.39,24.67,24.39,24.57,24.57,24.39,24.48,24.57,24.67,24.29,24.20,24.48,24.48,24.48,24.11,24.48,24.39,24.29,24.39,24.39,24.20,24.67,24.57,24.29,24.39,24.39,24.20,24.93,24.67,24.48,24.29,24.29,24.39,24.29,24.57,24.11,24.11,24.20,24.01,24.39,24.48,23.83,24.39,24.48,24.39,24.48,24.39,24.39,24.48,24.39,24.57,24.76,24.29,24.11,23.92,24.20,24.20,24.57,24.48,24.01,24.57,24.57,24.29,24.29,24.48,24.67,24.11,24.48,24.67,24.57,24.67,24.01,24.67,24.67,24.01,24.57,24.11,24.67,24.39,24.11,24.29,23.73,24.39,24.29,24.20,24.48,24.48,24.29,24.29,24.39,24.48,24.39,24.20,23.83,24.11,24.29,24.11,24.57,24.39,24.67,24.20,24.39,24.11,24.01,24.20,24.11,24.48,24.29,23.73,24.01,24.29,24.29,24.48,24.57,24.76,24.20,24.57,24.67,24.29,24.20,24.39,24.20,24.48,24.39,24.20,24.57,24.11,24.39,24.39,24.29,24.29,24.48,24.39,24.39,24.39,24.01,24.39,24.57,24.01,24.48,24.01,24.48,24.29,24.29,24.29,24.11,24.29,24.29,24.48,24.39,24.20,24.48,24.39,24.20,24.48,24.29,24.01,24.39,24.29,24.48
23.92,23.92,24.39,24.39,24.11,24.57,24.48,24.29,24.67,24.48,24.39,24.57,24.39,24.20,24.29,24.57,24.11,24.20,24.29,24.11,24.29,24.01,24.57,24.67,24.11,24.11,24.29,24.67,24.48,24.29,24.48,24.39,24.20,24.20,24.29,24.29,24.29,24.39,24.20,24.29,24.39,24.67,24.48,24.57,24.57,24.48,24.48,24.20,24.57,24.67,24.48,24.39,24.48,24.57,24.48,24.39,24.57,24.48,24.67,24.39,24.57,24.48,24.11,24.48,24.11,24.48,24.29,24.20,24.48,24.57,24.39,24.29,24.57,24.11,24.29,24.39,24.39,24.48,24.20,24.57,24.48,24.67,24.48,24.57,24.29,24.20,24.76,24.48,24.57,24.39,23.92,24.20,24.57,24.39,24.11,24.39,24.48,24.57,24.39,24.48,24.39,24.29,24.48,24.67,24.67,24.29,24.39,24.39,24.48,24.67,24.20,24.48,24.57,24.76,25.02,24.57,24.29,24.57,24.48,24.67,24.20,24.57,24.76,24.67,24.20,24.29,24.39,24.57,24.39,24.29,24.29,24.57,24.48,24.20,24.48,24.57,24.57,24.20,24.48,24.76,24.20,24.76,24.48,24.01,24.67,24.29,24.48,24.76,24.76,24.48,24.39,24.39,24.48,24.39,24.39,24.67,24.57,24.20,24.48,24.57,24.29,24.48,24.11,24.39,24.39,24.76,24.48,24.29,24.48,24.29,24.85,24.76,24.76,24.39,24.57,24.76,24.57,24.85,25.02,24.29,24.57,24.93,24.29,24.67,24.29,24.48,24.29,24.20,24.67,24.57,24.39,24.29,25.11,24.76,24.29,25.02,24.48,24.67,24.76,24.48,24.48,24.57,24.48,24.29,24.85,24.67,24.85,24.57,24.39,24.48,24.76,24.76,25.11,24.76,24.57,24.57,24.67,24.85,23.92,24.76,24.57,24.29,24.39,24.57,24.67,24.29,24.29,24.85,24.67,24.57,24.57,24.67,24.67,24.57,24.57,24.48,24.76,24.29,24.29,24.48,24.39,24.20,24.29,24.67,24.20,24.48,24.39,24.48,24.57,24.76,24.76,24.39,24.20,24.48,24.39,24.39,24.11,24.39,24.67,24.20,24.01,24.20,24.29,24.57,23.92,24.29,23.92,24.85,24.57,24.48,24.67,24.20,24.48,24.11,24.01,24.48,24.48,24.20,24.48,24.20,24.48,24.48,24.20,24.48,24.39,24.39,24.48,24.29,24.57,24.20,24.39,24.39,24.39,24.29,24.39,23.92,24.01,24.01,24.20,24.39,24.57,24.39,24.57,24.48,24.67,24.11,24.39,24.01,24.76,24.29,24.29,24.39,24.48,24.20,24.20,24.48,24.29,24.29,24.01,24.57,24.67,24.39,24.48,24.29,24.39,24.39,24.29,24.29,24.11,24.20,24.29,24.20,23.83,24.39,24.39,24.67,24.48,24.48,24.48,24.39,24.29,24.29,24.39,24.39,24.20,24.29,24.57,24.48,24.57,24.29,24.01,24.57,24.39,24.11,24.20,24.48,23.83,24.20,24.48,24.39,24.67,24.29,24.57,24.11,24.01,23.92,24.48,24.67,24.29,24.11,24.01,24.29,24.39,24.39,24.20,24.20,24.11,24.20,24.20,24.20,24.20,24.20
24.20,24.67,24.39,24.01,24.01,23.83,24.11,23.92,24.01,24.20,23.92,24.39,24.57,24.11,23.92,23.92,24.01,24.11,24.20,24.11,24.85,24.20,24.20,24.11,24.20,23.83,23.92,24.29,23.92,24.48,24.57,24.29,24.67,24.57,24.20,24.39,24.39,24.29,24.93,24.39,24.01,24.29,24.67,24.11,24.29,24.57,24.11,24.76,24.67,24.48,24.39,24.20,24.76,24.57,24.20,24.11,24.39,24.48,24.01,24.39,24.57,24.29,24.20,24.39,24.39,24.48,24.11,24.76,24.39,24.01,24.85,24.11,24.29,24.39,24.20,24.29,24.39,24.57,24.29,24.11,24.20,24.01,24.85,24.76,24.20,24.57,24.29,24.11,24.39,24.39,24.48,24.67,23.83,24.39,24.48,24.57,24.57,24.01,24.76,24.39,24.39,24.29,24.29,24.48,24.48,24.29,24.48,24.48,24.48,24.48,24.11,24.29,24.20,24.29,24.20,24.11,24.48,24.85,24.29,24.29,24.48,24.57,24.29,24.39,24.39,24.39,24.76,24.48,24.48,24.48,24.57,24.39,23.92,24.57,24.20,24.57,24.57,24.01,24.76,24.11,24.48,24.39,24.39,24.48,24.29,24.39,24.67,24.48,24.67,24.39,24.67,24.57,24.29,24.85,24.39,24.39,24.20,24.39,24.57,24.29,24.39,24.48,24.20,24.48,24.20,24.85,24.67,24.48,24.39,24.85,24.57,24.48,24.67,24.39,24.29,24.76,24.29,24.76,24.67,24.57,24.57,24.48,24.20,24.76,24.67,24.67,24.20,24.39,24.57,24.67,24.48,24.67,24.76,24.29,24.39,24.57,24.48,24.67,24.76,24.39,24.48,24.20,24.67,24.67,24.39,24.67,24.57,24.29,25.02,24.48,24.48,24.29,25.02,24.85,24.93,24.48,24.85,24.57,24.67,24.67,24.67,24.20,25.02,24.67,24.57,24.67,24.67,24.85,24.67,24.39,24.20,24.48,24.48,24.39,24.48,24.67,24.39,24.57,24.85,24.20,24.48,24.39,24.67,23.92,24.39,24.39,24.29,24.67,24.20,24.57,24.48,24.39,23.83,24.67,24.29,24.39,24.11,24.67,24.76,24.29,24.01,24.29,24.11,24.39,24.11,24.57,24.20,24.20,24.39,24.20,24.29,24.20,24.67,24.11,24.29,24.20,24.48,24.48,24.57,24.29,24.48,24.57,24.39,24.20,24.20,24.39,24.48,24.29,24.57,24.39,24.85,24.20,24.57,24.67,24.20,24.11,23.92,23.92,23.64,24.20,24.57,24.20,24.39,24.39,24.57,24.29,24.29,24.67,24.20,24.67,24.01,24.11,24.67,24.01,24.29,24.29,24.20,24.29,24.20,24.11,24.11,24.48,24.20,23.92,24.01,24.20,24.11,24.57,24.11,24.48,24.01,24.01,24.20,24.01,24.20,24.01,24.39,24.39,24.20,24.39,24.39,24.39,24.48,24.39,24.39,24.20,24.29,24.29,24.39,24.39,24.48,24.20,24.39,24.01,24.76,24.29,24.01,24.20,24.48,24.39,23.83,24.20,24.20,23.83,24.20,24.29,24.29,24.85,24.57,23.92,24.01,24.11,24.67,24.11,24.20,24.57,23.92,24.57,23.92,24.57,24.01,23.83
24.11,24.11,24.11,24.01,24.20,24.48,23.92,24.39,24.57,24.39,24.20,24.39,24.39,24.85,24.29,24.11,24.01,24.20,24.20,23.92,24.01,24.85,24.39,24.48,24.20,24.67,24.48,23.73,24.29,24.11,24.11,24.01,24.29,24.48,24.67,24.67,24.20,24.48,24.39,24.39,24.29,24.39,24.20,24.67,24.29,24.29,24.39,24.29,24.20,24.57,24.76,25.02,24.48,24.76,24.57,24.57,24.29,24.48,24.39,24.48,24.39,24.39,24.48,24.39,24.57,24.67,24.57,24.57,24.67,24.48,24.39,24.20,24.20,24.39,24.20,24.67,24.39,24.57,24.57,24.85,24.57,24.39,24.20,24.29,24.48,24.48,24.48,24.20,24.01,24.39,24.48,24.39,24.29,24.67,24.57,24.67,24.57,24.39,24.57,24.76,24.76,24.20,24.67,24.85,24.67,24.48,24.20,24.57,24.39,24.48,24.67,23.92,24.48,24.20,24.29,24.76,24.76,24.48,24.67,24.67,24.39,24.48,24.20,24.48,24.39,24.67,24.29,24.48,24.67,24.93,24.85,24.20,24.85,24.57,24.57,24.57,24.48,24.67,24.67,24.39,24.29,24.48,24.48,24.57,24.20,24.48,24.48,24.67,24.57,24.57,24.57,24.20,24.20,24.29,24.29,24.76,24.48,24.48,24.29,24.85,24.57,24.39,24.20,24.57,24.57,24.20,24.57,24.39,24.57,24.67,24.67,24.57,25.02,24.48,24.85,24.57,24.57,24.93,24.67,24.39,24.67,24.93,24.57,24.29,24.85,24.39,24.76,25.02,24.48,24.67,24.57,24.57,24.76,24.57,24.39,24.57,24.39,24.76,24.57,24.67,24.48,24.57,24.39,24.57,24.76,24.67,24.11,24.39,24.93,24.48,24.39,24.85,24.48,24.20,24.67,24.39,24.48,24.20,24.11,24.67,24.57,24.48,24.39,24.48,24.67,24.57,24.67,24.48,24.29,24.76,24.29,24.11,24.76,24.57,24.48,24.20,24.39,24.76,24.48,24.20,24.11,24.48,24.29,24.93,24.48,24.20,24.20,24.29,23.92,24.48,24.11,24.57,24.39,24.20,24.57,24.39,24.11,24.76,24.29,24.20,24.39,24.20,24.29,24.39,24.11,23.92,24.11,24.11,24.57,24.48,24.48,24.39,24.11,24.48,24.11,24.29,24.39,24.67,23.73,24.57,24.29,24.67,24.29,24.11,24.39,24.11,24.20,24.48,24.11,24.57,24.76,24.39,24.48,24.01,24.29,24.48,24.48,24.48,24.11,24.57,24.01,24.20,24.01,24.39,24.39,24.29,24.11,24.20,24.29,24.67,24.29,24.20,24.29,24.57,24.20,24.48,24.11,24.29,24.11,24.20,24.11,24.20,24.57,24.48,24.29,24.20,24.01,24.11,24.11,23.92,24.29,24.20,24.29,24.29,24.39,24.76,24.29,23.92,24.39,24.57,24.29,24.29,24.29,24.29,24.48,24.39,24.39,24.01,24.67,24.20,23.83,24.57,24.48,24.20,24.57,24.48,24.20,24.11,24.67,24.29,24.01,24.29,24.57,24.57,24.48,24.20,24.20,24.20,24.29,23.92,24.11,24.01,24.11,24.20,24.01,24.39,24.29,24.20,24.29,24.01,24.20,24.29
24.11,24.11,24.11,24.20,24.20,24.48,23.92,23.83,24.57,24.39,24.39,24.20,24.20,24.39,24.39,24.39,24.20,24.48,24.20,24.01,24.29,24.11,24.29,24.39,24.29,24.39,24.48,24.39,24.01,24.67,24.39,24.39,24.39,24.39,24.39,24.11,24.29,24.11,24.29,24.01,24.20,23.92,24.48,24.57,24.11,23.92,24.20,24.76,24.57,24.57,24.29,24.48,24.20,24.67,24.76,24.39,24.85,24.20,24.29,24.39,24.48,24.48,24.48,24.48,24.11,24.39,24.48,24.39,24.57,24.39,24.29,24.67,24.85,24.39,24.20,24.76,24.20,24.48,24.29,24.20,24.48,24.20,24.39,24.67,24.48,24.48,24.39,24.57,24.48,24.29,24.76,24.39,24.20,24.39,24.29,24.67,24.29,24.57,24.76,24.29,24.67,24.39,24.57,24.57,24.48,24.11,24.39,24.39,24.57,24.48,24.01,24.57,24.48,24.48,24.57,24.48,25.02,24.48,24.20,24.57,24.76,24.29,24.57,24.48,24.57,24.39,24.01,24.39,24.67,24.11,24.20,24.20,24.93,24.48,24.57,24.67,24.67,24.29,24.57,24.39,24.48,23.92,24.48,24.67,24.39,24.57,24.67,24.39,24.67,24.76,24.20,24.48,24.39,24.48,24.11,24.57,24.39,24.39,25.02,24.67,24.29,24.57,24.93,24.48,24.57,24.48,24.48,24.29,24.85,24.48,24.57,24.93,24.67,24.85,24.48,24.93,24.48,24.67,25.02,24.39,24.48,24.76,24.48,24.93,24.85,24.67,24.76,24.76,24.67,25.02,24.39,24.39,24.67,24.67,24.85,24.57,24.93,24.85,24.48,24.39,24.67,24.67,24.57,24.39,24.67,24.57,24.85,24.48,24.76,24.67,24.67,24.39,24.29,24.39,24.67,24.76,24.39,24.57,24.93,24.29,24.29,24.20,24.29,24.67,24.39,24.48,24.76,24.39,24.76,24.67,24.57,24.76,24.76,24.48,24.76,24.39,24.57,24.20,24.48,24.76,24.57,24.48,24.01,24.39,24.20,24.29,24.20,24.76,24.39,24.67,24.29,24.57,24.85,24.48,24.76,24.39,24.57,24.29,24.48,24.29,24.29,24.48,24.57,24.57,24.29,24.29,24.01,24.29,24.20,24.39,24.57,24.29,24.39,24.39,24.20,24.20,24.39,24.20,24.29,24.20,24.20,24.39,24.48,24.20,24.20,24.20,24.20,24.48,24.48,24.57,24.11,24.29,24.76,24.48,24.39,24.57,24.20,24.20,24.57,24.20,24.57,23.92,24.29,24.39,24.01,24.67,24.57,24.29,24.57,24.11,24.01,24.20,23.92,24.20,24.39,24.48,24.39,24.48,24.57,24.67,24.20,24.11,24.57,24.11,24.48,24.01,24.01,24.29,23.92,24.48,24.11,24.85,24.67,24.39,24.11,24.20,24.85,24.39,24.29,24.57,24.29,24.39,24.76,24.48,24.48,24.39,24.93,24.57,24.57,24.48,24.20,24.11,24.67,24.29,24.29,24.48,24.11,24.01,24.29,24.48,24.39,24.48,24.57,24.11,24.29,24.29,24.11,24.67,24.20,24.20,24.20,24.01,24.57,24.11,24.29,24.48,24.39,24.48,24.76,24.01,24.29,24.29
24.20,24.39,23.92,23.83,23.92,24.20,23.92,24.29,24.20,23.92,23.92,24.29,24.76,24.39,24.39,24.29,24.11,24.39,24.39,23.92,24.11,24.20,24.29,24.11,24.11,24.01,24.39,24.20,23.73,24.29,24.48,24.01,24.11,24.48,24.39,24.85,24.39,24.29,24.20,24.39,24.67,24.57,24.39,24.11,24.67,24.11,24.57,24.39,24.48,24.01,24.67,24.20,24.48,24.48,24.67,24.39,24.39,24.67,24.57,24.57,24.29,24.39,24.29,24.11,24.29,24.39,24.57,24.48,24.20,24.29,24.39,24.29,24.39,24.39,24.01,24.48,24.57,24.57,24.67,24.85,24.57,24.20,24.20,24.20,24.39,24.67,24.29,24.57,24.39,24.20,24.48,24.48,24.20,24.29,24.29,24.20,24.39,24.29,24.48,24.67,24.29,24.39,24.39,24.48,24.76,24.29,24.39,24.48,24.67,24.39,24.57,24.48,24.67,24.20,24.57,24.39,24.48,24.67,24.39,24.48,24.39,24.67,24.57,24.11,24.85,24.29,24.76,24.39,24.39,24.11,24.48,24.57,24.20,24.57,24.39,24.39,24.57,24.48,24.85,24.48,24.39,24.76,24.39,24.48,24.57,24.48,24.57,24.67,24.39,24.20,24.57,24.39,24.01,24.39,24.39,24.39,24.67,24.67,24.57,24.67,24.76,24.57,24.39,24.39,24.39,24.67,24.57,24.39,24.85,24.76,24.57,24.67,24.67,24.57,24.29,24.67,24.67,24.39,24.76,24.67,24.57,24.57,24.57,24.67,24.76,24.67,24.93,24.67,24.67,24.67,24.29,24.20,24.39,24.76,24.48,24.57,24.76,24.48,24.57,24.85,24.39,24.20,24.39,24.76,24.67,24.67,24.48,24.48,24.57,24.57,24.48,24.85,24.39,24.57,24.67,24.57,24.67,24.67,24.39,24.48,24.48,24.57,24.67,24.57,24.48,24.39,23.92,24.39,24.20,24.29,24.20,24.48,24.39,24.20,24.57,24.48,24.67,24.39,24.67,24.85,24.85,24.20,24.11,24.39,24.20,24.39,24.20,24.85,24.11,24.67,24.67,24.57,24.29,24.29,24.39,24.48,24.20,24.01,24.20,24.39,24.48,24.48,24.48,24.39,24.57,24.11,24.57,24.67,24.57,24.11,24.20,24.29,24.11,24.48,24.11,24.39,24.20,24.11,24.20,24.20,24.20,24.48,24.57,24.39,24.11,24.39,24.29,24.20,24.39,24.57,24.29,24.67,24.20,24.67,24.29,24.11,24.20,24.11,24.01,24.76,24.20,24.20,23.83,24.57,24.01,24.39,24.11,24.11,24.29,23.92,24.29,24.57,24.20,24.57,24.39,24.01,24.39,24.20,24.20,24.39,24.29,24.29,24.48,24.01,24.20,24.48,24.11,23.83,24.57,24.48,24.11,24.76,24.39,24.57,24.39,24.29,24.48,24.29,24.29,24.48,24.39,24.29,24.48,24.76,24.11,24.57,23.92,24.29,24.29,24.11,24.20,24.57,24.20,23.83,23.92,24.20,24.29,24.29,24.29,24.01,24.01,24.29,24.01,23.92,24.20,24.48,24.11,24.29,24.48,24.67,24.39,24.39,23.92,24.39,24.11,24.20,24.20,23.83,24.20,24.57,23.92,24.01
24.20,23.92,24.29,23.92,24.01,24.11,24.29,23.83,23.92,24.48,24.01,24.20,23.83,24.11,24.39,24.29,24.39,23.92,23.92,24.39,24.20,24.67,24.20,24.39,24.20,24.11,24.48,24.67,24.39,24.29,24.11,24.29,24.20,24.20,24.39,24.39,23.73,24.39,24.39,24.29,24.39,24.01,24.01,24.85,24.20,24.48,24.48,24.48,24.48,24.20,24.20,24.48,24.57,24.48,24.29,24.57,24.20,24.67,24.39,24.67,24.57,24.39,24.20,24.39,24.11,24.67,24.11,24.20,24.29,24.39,24.11,24.20,24.76,24.39,24.39,24.67,24.67,24.57,24.11,24.29,24.57,24.39,24.20,24.29,24.11,24.01,24.29,24.48,24.39,24.39,24.39,24.48,24.48,24.20,24.39,24.48,24.48,24.67,24.39,24.11,24.11,24.20,24.20,24.01,24.48,24.39,24.48,24.48,24.29,24.39,24.39,24.20,24.01,24.48,24.20,24.20,24.29,24.11,24.48,24.48,24.29,24.48,24.11,24.20,24.20,24.11,24.39,24.57,24.29,24.39,24.57,24.20,24.39,24.39,24.67,24.01,24.57,24.48,24.57,24.20,24.39,24.20,24.67,24.39,24.29,24.11,24.29,24.39,24.39,24.20,24.29,24.39,23.83,24.39,24.57,24.29,24.29,24.39,24.48,24.67,24.01,24.29,24.39,24.20,24.39,24.48,24.01,24.29,24.48,24.48,25.20,24.39,24.76,24.67,24.57,24.76,24.85,24.39,24.76,24.20,24.29,24.48,24.67,24.85,24.57,24.57,24.48,24.29,24.48,24.48,24.85,24.67,24.57,24.67,24.93,24.67,24.76,24.57,24.39,24.48,24.48,24.67,24.48,24.48,24.57,24.48,24.20,24.93,24.67,24.48,24.57,24.57,24.57,24.48,24.76,24.48,24.57,24.76,24.11,24.76,24.39,24.48,24.29,24.67,24.48,24.29,24.85,24.39,24.20,24.29,24.39,24.39,24.39,24.39,24.20,24.20,24.11,24.29,24.67,24.76,24.29,24.67,24.20,24.57,24.39,24.29,24.11,24.85,24.39,24.39,24.67,24.39,24.11,24.76,24.20,24.48,24.11,24.48,24.57,24.57,24.20,24.29,23.92,24.39,24.29,24.29,24.48,24.29,24.67,24.01,24.01,24.39,24.29,24.29,24.20,24.29,24.48,24.48,24.57,24.20,24.29,24.39,23.73,24.20,24.67,24.20,24.29,24.29,24.76,24.29,24.11,24.48,24.48,24.48,24.20,24.39,24.57,24.39,24.39,24.67,24.20,24.11,24.20,24.93,24.11,23.92,23.83,24.48,24.11,24.48,24.39,24.20,24.29,24.01,24.67,24.20,24.29,24.11,24.29,24.20,24.39,24.29,24.01,24.11,24.11,24.39,24.20,24.11,24.39,23.92,24.11,24.67,24.67,24.48,24.29,24.29,24.39,24.29,24.48,24.01,24.48,24.11,24.29,24.67,24.20,24.11,24.39,24.29,24.20,24.20,24.01,24.39,24.20,24.29,24.29,24.57,23.92,24.29,24.67,24.48,24.67,24.57,24.11,24.39,24.20,24.57,24.20,24.20,23.92,24.20,24.20,24.29,24.39,24.29,23.83,24.11,24.01,24.39,24.11,24.29,24.48,24.29
24.01,24.29,24.01,24.11,24.01,24.39,23.83,23.73,23.83,24.29,24.48,24.11,24.11,24.20,24.29,24.20,24.76,24.20,24.01,24.11,24.20,24.29,23.92,24.29,24.29,24.48,24.01,24.01,24.20,24.39,23.92,24.20,24.39,24.48,24.57,24.39,24.01,24.20,24.29,23.92,24.85,23.92,24.20,24.29,24.57,24.39,24.11,24.39,24.57,24.20,24.48,24.48,24.29,24.11,24.76,24.39,24.20,24.67,24.39,24.20,24.39,24.67,24.20,24.48,24.39,24.39,25.02,24.57,24.67,24.48,24.48,24.76,24.76,24.20,24.39,24.20,24.39,24.29,24.01,24.29,24.20,24.67,24.20,24.39,24.20,24.39,24.67,24.39,24.67,24.39,24.67,24.29,24.85,24.20,24.48,24.01,24.48,24.57,24.39,24.20,24.57,24.48,24.29,24.39,24.11,24.29,24.29,24.39,24.20,24.20,24.29,24.29,24.48,24.76,24.39,24.85,24.67,24.11,24.29,24.29,24.76,24.29,24.29,24.39,24.11,24.29,24.39,24.48,24.11,24.67,24.67,25.02,24.29,24.39,24.20,24.39,24.29,24.85,24.85,24.57,24.39,24.57,24.67,24.48,24.29,24.29,24.67,24.67,24.39,24.39,24.57,24.76,24.57,24.11,24.11,24.20,24.39,24.48,24.39,24.76,24.39,24.39,24.48,24.29,24.20,24.29,24.67,24.57,24.76,24.39,25.02,24.67,24.85,25.20,25.02,24.76,24.76,24.76,24.57,24.48,24.85,24.57,24.39,24.93,24.67,24.48,24.93,24.85,24.85,24.39,24.48,24.76,24.67,24.67,24.67,24.67,24.57,24.20,24.57,24.48,24.85,24.76,24.67,24.39,24.76,24.67,24.67,24.76,24.11,24.93,24.57,24.67,24.48,24.85,24.76,24.85,24.67,24.29,24.76,24.39,24.01,24.67,24.57,24.67,24.39,24.57,24.11,24.67,24.48,23.92,24.48,24.29,24.20,24.48,24.29,24.76,24.76,24.20,24.57,24.39,24.48,24.67,24.01,24.48,24.76,24.29,23.92,24.39,24.20,24.11,24.48,24.48,24.29,24.67,24.11,24.39,24.48,24.93,24.01,24.11,24.48,24.57,24.48,24.39,24.11,24.67,24.20,24.57,24.29,24.39,24.39,24.20,24.48,24.20,24.29,24.67,24.48,24.39,24.20,24.57,24.29,24.39,24.39,24.20,23.92,24.76,24.20,24.29,24.29,24.48,24.39,24.29,24.29,24.39,24.29,23.92,24.39,24.29,24.85,24.29,24.76,24.11,24.11,24.29,24.57,24.48,24.01,24.48,24.20,24.48,24.20,24.39,24.57,24.20,24.20,24.20,23.73,24.20,24.29,24.11,24.57,24.39,24.39,24.01,24.20,24.48,24.48,24.20,24.20,24.29,23.92,24.01,24.20,24.29,24.11,24.29,24.39,24.29,24.11,24.11,24.48,24.57,24.57,24.57,24.20,24.20,24.57,24.20,24.39,23.73,24.48,24.39,24.48,24.01,24.39,24.29,23.92,24.01,24.29,24.57,24.57,23.92,24.20,24.39,24.11,24.39,24.11,24.01,24.48,24.11,24.20,24.29,23.83,24.20,24.20,24.11,24.20,23.83,24.01,24.11,24.11,24.29
24.20,24.20,23.92,24.11,24.11,24.20,23.73,24.29,24.20,24.39,24.29,24.39,24.29,24.11,24.01,24.57,24.29,24.29,24.29,24.29,24.11,24.20,23.83,23.73,24.76,24.39,24.01,24.01,24.11,24.48,24.39,24.39,23.92,24.48,24.20,24.67,24.29,23.92,24.29,24.20,24.48,24.67,24.11,23.92,24.67,24.76,24.39,24.39,24.20,24.57,24.76,24.20,24.67,24.01,24.57,24.48,24.01,24.39,24.48,24.39,24.39,24.39,24.57,24.67,24.20,23.92,24.67,24.29,24.67,24.29,24.48,24.67,24.29,24.48,24.39,24.29,24.48,24.48,24.76,24.67,24.48,24.11,24.48,24.67,24.29,24.57,24.48,24.39,24.11,24.76,24.67,24.67,24.76,24.48,24.20,24.48,24.57,24.29,24.39,24.48,24.39,24.20,24.39,24.11,24.48,24.11,24.39,24.20,24.48,24.29,24.20,24.39,24.67,24.48,24.48,24.67,24.85,24.39,24.39,24.67,24.48,25.11,24.20,24.29,24.11,24.20,24.29,24.48,24.48,24.39,24.57,24.20,24.48,24.39,24.57,24.76,24.39,24.48,24.29,24.29,24.01,24.39,24.57,24.57,24.20,24.29,24.29,24.67,24.39,24.48,24.76,24.39,24.57,24.20,24.48,24.11,24.39,24.39,24.57,24.39,24.29,24.57,24.39,24.48,24.29,24.39,24.39,24.67,24.67,24.76,24.57,24.76,24.39,24.76,24.67,24.76,24.76,24.48,24.20,24.67,24.57,24.67,24.57,25.02,24.57,24.76,24.67,24.67,24.67,24.39,24.67,25.02,24.39,24.93,24.93,24.48,24.85,24.57,24.76,24.57,24.39,24.57,24.48,24.76,24.29,24.67,24.57,24.29,24.76,24.39,24.29,24.57,24.57,24.76,24.48,24.29,24.67,24.20,24.57,24.20,24.01,24.48,24.29,24.48,24.39,24.67,24.48,24.39,24.11,24.39,24.39,24.67,24.48,24.57,24.57,24.48,24.57,24.11,24.67,24.76,24.39,24.11,24.85,24.29,24.39,24.20,24.11,24.20,24.29,24.67,24.29,24.29,23.92,24.29,23.64,24.39,24.01,24.20,24.39,24.29,24.48,24.39,24.48,24.11,24.01,24.29,24.39,24.01,24.48,24.76,24.29,24.39,24.29,24.76,24.20,24.67,24.48,24.48,24.11,24.29,24.11,24.29,24.57,24.67,24.20,24.20,24.20,24.48,24.29,24.29,24.29,24.20,24.29,24.48,24.20,24.67,24.01,23.83,24.11,24.39,24.67,24.01,24.20,24.11,24.48,24.11,24.20,24.57,24.11,24.39,24.39,24.39,24.57,24.67,24.20,24.11,24.57,24.11,24.39,24.67,24.20,24.29,24.01,24.20,24.48,24.20,24.01,24.20,24.39,24.01,24.39,24.29,24.20,24.39,24.48,24.11,24.39,24.29,24.48,24.67,24.29,24.20,24.57,24.67,24.39,24.57,24.48,24.29,24.20,24.29,24.11,24.20,24.57,24.93,24.20,24.20,24.57,24.11,23.92,24.29,24.20,24.57,24.85,24.57,24.48,24.39,24.39,24.01,24.57,24.29,24.29,24.29,24.11,24.39,24.11,24.20,24.39,24.57,24.39,24.11,24.29,24.29
24.01,24.29,24.11,23.83,24.48,24.39,24.01,24.01,24.20,23.55,24.11,24.20,24.11,24.57,24.11,24.29,24.29,24.29,24.20,23.92,24.20,24.48,24.67,24.29,24.20,24.67,24.67,23.83,24.57,24.39,24.39,24.20,24.48,23.92,24.48,23.92,24.20,24.57,24.20,24.67,24.29,24.67,24.29,24.76,24.48,24.67,24.48,24.01,24.48,24.11,24.57,24.76,24.57,24.11,24.39,24.29,24.48,24.57,24.57,24.57,24.85,24.39,24.11,24.20,23.92,24.39,24.39,24.48,24.67,24.11,24.11,24.39,24.20,24.11,24.39,24.29,24.29,24.20,24.48,24.20,24.48,24.39,24.11,24.39,24.01,24.39,24.67,24.20,24.76,24.29,24.20,24.57,24.48,24.48,24.67,24.57,24.57,24.48,24.29,24.39,24.29,24.57,24.39,24.39,24.48,24.57,24.57,24.29,24.20,24.29,24.48,24.29,24.48,24.39,24.39,24.57,24.76,24.67,24.48,24.57,24.29,24.57,24.48,24.29,24.29,24.29,24.48,24.48,24.93,24.57,24.20,24.29,24.20,24.29,24.57,24.20,24.57,24.29,24.57,24.57,24.57,24.85,24.20,24.29,24.48,24.39,24.39,24.57,24.39,24.48,24.67,24.39,24.67,24.29,24.67,24.29,24.29,24.20,24.57,24.93,24.29,24.48,24.39,24.20,24.67,24.48,24.57,24.67,24.48,24.39,24.48,24.67,24.48,24.57,24.57,24.85,24.85,24.01,24.48,25.02,24.29,24.76,24.29,24.67,24.57,24.39,24.48,24.85,24.67,24.76,24.48,24.85,24.11,24.57,24.85,24.48,24.48,24.76,24.85,24.93,24.57,24.57,24.76,24.48,24.48,24.85,24.67,24.57,24.85,24.76,24.48,24.57,24.57,24.48,25.02,24.48,24.39,24.29,24.29,24.20,24.67,24.39,24.67,24.39,24.11,24.48,24.67,24.39,24.93,24.48,24.76,24.85,24.39,24.11,24.57,24.76,24.48,25.02,24.20,24.48,24.67,24.67,24.48,24.67,24.39,24.39,24.57,24.48,24.57,24.48,24.39,24.11,24.57,24.67,24.57,24.48,24.29,24.67,24.39,24.29,24.57,24.20,24.57,24.39,24.48,24.67,24.11,24.57,23.83,24.11,24.67,24.29,24.67,24.67,24.39,24.20,24.57,24.11,24.39,24.48,24.39,24.85,24.29,24.57,23.83,23.83,24.57,24.29,23.73,24.39,24.20,24.48,24.39,24.39,24.39,24.29,24.39,24.39,24.39,24.29,24.29,24.29,24.11,24.11,24.11,24.29,24.67,24.29,24.29,24.20,23.73,24.57,24.20,24.48,24.11,24.20,24.20,24.48,24.11,24.20,24.29,24.39,24.29,24.39,24.29,24.20,24.20,23.92,24.11,24.11,24.11,24.29,24.48,24.39,24.76,24.48,24.29,24.48,24.20,23.92,24.01,24.57,24.29,24.39,24.39,24.48,24.01,24.48,24.20,24.01,24.57,24.93,24.20,24.48,24.29,24.29,24.48,24.20,24.29,24.39,24.39,24.57,24.29,24.57,24.57,24.57,24.11,24.01,24.76,24.85,24.01,24.39,24.20,24.11,24.29,24.39,24.39,24.39,24.01,24.57,24.20,24.20
24.20,23.92,24.11,23.92,24.11,24.11,23.92,24.01,23.92,24.39,24.39,24.39,24.57,23.83,23.83,23.73,24.20,24.20,24.11,23.92,24.39,24.29,24.39,24.01,24.20,24.20,24.48,23.92,24.39,24.57,24.48,24.20,24.85,24.29,24.11,24.57,24.11,24.48,24.57,24.48,24.39,24.20,24.11,24.39,24.11,24.11,24.01,24.39,24.48,24.29,24.20,24.67,24.01,24.29,24.67,24.67,24.29,24.29,24.57,24.39,24.39,24.11,24.29,24.20,24.48,24.39,24.57,24.39,24.29,24.29,24.20,24.20,24.39,24.29,24.67,24.11,24.48,23.92,24.39,24.01,24.11,24.29,24.29,24.76,24.67,24.01,23.92,24.39,24.39,24.29,24.48,23.92,24.39,24.48,24.29,24.48,24.29,24.48,24.48,24.67,24.57,24.39,24.20,24.48,24.39,24.57,24.29,24.57,24.48,24.20,24.11,24.48,24.11,24.67,23.92,24.39,24.29,24.29,24.39,24.93,24.67,24.48,24.11,24.01,24.20,24.48,24.29,24.39,24.11,24.67,24.67,24.67,24.48,24.20,24.39,24.67,24.39,24.48,24.29,24.48,24.29,24.48,24.11,24.85,24.57,24.57,24.67,24.20,24.39,24.39,24.39,24.11,24.01,24.48,24.39,24.48,24.29,24.39,24.29,24.48,24.39,24.57,24.67,24.48,24.57,24.57,24.48,24.57,24.57,24.76,24.76,24.39,24.85,24.48,24.48,24.29,24.39,24.29,24.39,24.67,24.76,24.67,24.48,24.39,24.48,24.67,24.76,24.67,24.67,24.93,25.02,24.67,24.67,24.48,24.67,24.76,24.67,23.92,24.20,24.48,24.93,24.67,24.67,24.76,24.39,24.57,24.57,24.76,24.39,24.76,24.67,24.85,24.67,24.48,24.85,24.76,24.67,24.39,24.48,24.57,24.76,24.20,24.48,24.11,24.67,24.57,24.57,24.57,24.39,24.93,24.39,24.57,24.29,24.48,24.67,24.48,24.48,24.85,24.76,24.93,24.39,24.39,24.11,24.48,24.76,24.11,24.39,24.67,24.39,24.29,24.29,24.48,24.67,24.39,24.67,24.11,24.48,24.57,24.29,24.48,24.67,24.29,24.29,24.39,24.48,24.20,24.29,24.01,24.39,24.76,24.11,24.11,24.39,24.48,24.48,24.57,24.57,24.48,24.20,24.48,24.29,24.11,24.48,24.20,24.39,24.48,24.48,24.29,24.48,24.29,24.67,24.11,24.29,24.20,24.20,24.29,24.39,24.20,24.57,24.48,24.57,24.29,24.39,24.11,24.11,24.67,24.76,24.39,24.39,24.11,23.92,24.57,24.39,24.57,24.57,24.67,24.76,24.11,24.29,24.76,24.20,24.39,24.48,24.67,24.20,24.39,24.20,24.39,24.48,24.11,24.29,24.48,24.39,24.85,24.29,23.92,24.48,24.11,24.39,24.29,24.39,24.39,24.20,24.76,24.29,24.39,24.11,24.29,24.67,24.39,24.39,24.39,24.39,24.11,24.20,24.76,24.67,24.29,24.57,24.20,24.39,24.48,24.39,24.67,24.29,24.48,24.29,24.01,24.57,24.11,24.29,24.11,24.20,24.29,24.57,24.39,23.45,24.76,24.48,24.39,23.83,24.29
24.39,23.92,24.11,24.11,24.11,24.29,24.01,23.92,24.01,24.39,24.11,24.11,24.29,24.20,24.11,24.39,23.92,23.92,24.29,23.73,24.48,24.20,24.39,24.11,24.20,24.29,24.01,24.48,23.92,24.20,24.20,24.11,24.29,24.29,24.39,24.48,24.20,24.57,24.67,24.01,24.76,24.57,24.20,24.76,24.39,24.11,24.39,24.67,24.11,24.20,24.20,24.67,24.85,24.67,24.39,24.76,24.57,24.67,24.11,24.39,24.48,24.67,24.20,24.48,24.20,24.67,24.57,24.48,24.20,24.76,24.39,24.20,23.73,24.01,24.29,24.48,24.29,24.57,24.20,24.29,24.29,24.39,24.57,24.29,24.67,24.57,24.01,24.48,24.57,24.39,24.57,24.29,24.39,24.57,24.39,24.39,24.39,24.48,24.48,24.67,24.11,24.39,24.57,24.57,24.20,24.29,24.39,24.39,24.29,24.39,24.57,24.48,24.57,24.39,24.39,23.92,24.48,24.29,24.20,24.57,24.48,24.11,24.57,24.39,24.39,24.11,24.11,24.20,24.29,24.39,24.39,24.67,24.39,24.29,24.48,24.76,24.57,24.29,24.57,24.57,24.11,24.11,24.29,24.57,24.57,24.39,24.29,24.67,24.20,24.39,24.01,24.39,24.85,24.85,24.76,24.29,24.39,24.48,24.57,24.48,24.20,24.48,24.39,24.76,24.48,24.39,24.39,24.48,24.29,24.67,24.67,25.11,24.39,24.48,24.85,24.76,24.48,24.57,24.48,24.48,24.39,24.67,24.67,24.76,24.39,24.57,24.29,24.20,24.57,24.57,24.57,24.57,24.76,24.57,24.48,24.57,24.48,24.67,24.48,24.48,24.85,24.57,24.85,24.48,24.57,24.48,24.20,24.76,24.67,24.29,24.57,24.67,24.85,24.57,24.57,24.39,24.29,24.67,24.39,24.29,24.57,24.29,24.57,24.39,24.39,24.57,24.57,24.85,24.67,24.39,24.57,24.57,24.20,24.48,24.20,24.11,24.29,24.76,24.20,24.29,24.48,24.01,24.67,24.48,24.48,24.20,24.39,24.11,24.29,24.20,24.01,24.48,24.11,24.39,24.01,24.29,24.20,24.20,24.39,24.11,24.29,24.20,24.48,24.29,24.01,24.29,24.57,24.29,24.29,24.01,24.11,24.39,24.11,24.20,24.29,24.39,24.39,24.57,24.39,24.39,24.29,24.48,24.57,24.29,24.29,24.29,24.48,24.48,23.92,24.48,24.39,24.20,24.48,24.39,24.11,24.67,24.29,24.20,24.39,24.29,24.29,24.20,24.11,24.29,24.29,24.48,24.20,23.83,23.92,24.01,24.01,24.39,24.76,24.20,24.20,24.67,24.20,24.11,24.48,24.11,23.92,24.20,24.48,24.57,24.20,24.39,24.01,24.57,24.20,24.11,24.01,24.67,24.48,24.20,24.20,24.39,24.48,24.01,24.11,24.29,24.29,24.48,24.29,24.29,24.67,24.01,24.39,24.39,24.29,24.11,24.29,24.20,24.57,24.20,24.48,24.29,24.01,24.20,24.39,24.39,24.48,24.29,24.11,24.20,24.39,24.57,24.29,24.29,24.29,24.57,24.20,24.20,24.29,24.29,24.57,24.48,24.01,24.39,24.01,23.83,24.20,23.73
23.73,24.20,24.20,24.11,24.39,24.20,23.92,24.57,23.83,23.83,23.92,24.11,24.29,23.92,24.01,24.39,23.92,24.39,24.48,24.29,24.20,24.48,24.11,23.92,24.11,24.29,23.92,24.29,24.85,24.29,23.92,24.76,24.01,24.48,24.11,24.39,24.29,24.48,24.20,24.11,24.20,24.57,24.20,23.92,24.39,24.57,24.67,24.39,24.39,24.85,23.83,24.76,24.01,23.92,24.57,24.76,24.76,24.67,24.48,24.39,24.29,24.39,24.29,24.39,24.48,24.48,24.39,24.29,23.92,24.39,24.39,24.48,24.48,24.29,24.39,24.85,24.48,24.48,24.29,24.39,24.85,24.29,24.57,24.20,24.20,24.20,24.76,24.20,24.20,23.73,24.29,23.92,24.48,24.48,24.20,24.48,24.57,24.20,23.73,24.39,24.48,24.57,24.48,24.39,24.67,23.83,24.57,24.01,24.11,24.57,24.20,24.29,24.57,24.57,24.76,24.57,23.83,24.48,24.57,24.57,24.20,24.85,24.57,24.67,24.01,24.29,24.01,24.48,24.85,24.29,24.48,24.39,24.01,24.57,24.11,24.48,24.39,24.48,24.48,24.20,24.57,24.48,24.20,24.29,24.39,24.48,24.57,24.76,24.39,24.01,24.57,23.92,24.57,24.48,24.39,24.29,24.57,24.29,24.57,24.20,24.57,24.39,24.39,24.29,24.39,24.39,24.29,24.39,24.57,24.57,24.67,25.28,24.29,24.11,24.67,24.57,24.85,24.76,24.39,24.39,24.57,24.67,24.39,24.48,24.48,24.39,24.39,24.67,24.39,24.67,24.57,24.76,24.57,24.48,24.67,24.67,24.85,24.39,24.48,24.39,24.57,24.76,24.29,24.57,24.76,24.48,24.76,24.01,24.39,24.39,24.57,24.29,24.57,24.48,24.48,24.39,24.57,24.57,24.57,24.29,24.85,24.29,24.48,24.11,24.57,24.48,24.57,24.57,24.11,24.57,24.29,24.48,24.39,24.57,24.85,24.29,24.39,24.11,24.20,24.01,24.57,24.29,24.29,24.29,24.20,24.29,24.57,24.48,24.29,24.01,24.48,24.11,24.29,24.11,24.01,24.20,23.83,24.48,24.20,24.29,24.11,24.11,24.48,24.29,24.48,24.48,24.57,24.48,24.29,24.01,24.11,24.29,24.20,24.48,24.11,24.29,24.11,24.48,24.20,24.11,24.57,24.29,24.20,24.20,24.20,24.48,24.29,24.57,23.83,24.11,24.48,24.48,24.01,24.20,24.76,24.11,24.11,24.76,24.48,24.76,23.92,24.57,24.20,24.67,24.11,24.76,24.57,24.20,24.01,24.57,24.39,24.57,24.01,24.67,24.20,24.11,24.20,24.20,24.29,23.83,23.55,24.20,24.29,24.20,24.11,24.01,24.11,24.39,24.39,24.11,24.57,24.20,24.57,24.67,24.29,24.20,24.11,24.01,24.39,23.83,24.48,24.11,24.48,24.11,24.29,23.92,24.11,24.20,24.29,23.73,24.29,24.29,23.92,24.39,24.01,24.20,24.39,24.57,23.92,23.92,24.29,24.29,24.20,24.57,24.20,24.39,23.92,24.48,24.39,23.92,24.76,24.11,24.20,23.92,24.11,24.20,24.29,24.11,24.20,23.83,24.11,24.29
24.29,24.39,23.83,24.20,24.29,24.39,24.11,24.11,23.83,24.20,24.01,23.83,24.48,23.92,24.20,24.48,24.29,24.29,24.48,24.48,24.29,24.01,24.01,24.48,24.01,24.20,24.29,24.67,24.29,24.20,24.48,24.01,24.48,24.20,24.67,24.57,24.48,24.11,24.39,24.57,24.39,24.57,24.48,24.01,24.39,24.20,24.01,24.48,23.92,24.48,24.48,24.11,24.29,24.29,24.48,24.57,24.11,24.39,24.67,24.39,23.92,24.29,24.20,24.11,24.57,24.11,23.83,24.20,24.29,24.20,24.39,24.48,24.48,24.29,24.57,24.20,24.29,24.39,24.20,24.20,24.20,24.39,24.48,24.20,24.39,24.57,24.39,24.67,24.11,24.20,24.67,24.48,24.29,24.29,24.57,24.48,24.39,24.76,24.48,24.57,24.48,24.39,24.20,24.57,24.67,24.67,24.29,24.11,24.76,24.20,24.39,24.29,24.67,24.11,24.67,24.20,24.76,24.39,24.39,24.48,24.39,24.39,24.48,24.29,24.76,24.57,24.39,24.11,24.67,24.29,24.57,24.67,24.20,24.29,24.29,24.48,24.48,24.29,24.39,24.48,24.29,24.39,24.48,24.57,25.02,24.57,24.48,24.39,24.11,24.39,24.39,24.39,24.29,24.48,24.48,24.39,24.29,24.57,24.76,24.48,24.20,24.48,24.39,24.67,24.48,24.48,25.02,24.39,24.39,24.57,24.48,24.48,24.57,24.48,24.76,24.67,24.57,24.85,24.48,24.93,24.39,24.67,24.39,25.02,24.48,24.39,24.48,24.57,24.57,24.29,24.85,25.02,24.39,24.76,24.57,24.57,24.76,24.67,24.11,24.85,24.29,24.57,24.85,24.29,24.85,24.67,24.67,24.48,24.67,24.67,24.48,24.76,24.76,24.57,24.67,24.48,24.67,24.76,24.20,24.29,24.29,24.67,24.20,24.20,24.57,24.48,24.67,24.01,24.57,24.39,24.48,24.39,24.57,24.67,24.01,24.67,24.29,24.67,24.39,24.29,24.76,24.29,23.92,23.83,24.57,24.11,24.29,24.29,24.11,24.11,24.29,24.48,23.92,24.29,24.39,24.57,24.48,24.11,24.48,24.20,24.48,24.20,24.20,24.76,24.29,24.39,24.29,23.83,24.20,24.29,24.11,24.11,24.11,24.39,24.29,24.29,24.57,24.57,24.29,24.39,24.29,24.39,24.39,24.48,24.39,24.29,24.39,24.57,24.57,24.48,24.01,24.67,24.57,24.67,24.11,24.29,24.48,24.20,24.67,24.48,24.11,24.48,24.29,24.01,24.20,24.20,24.01,24.29,24.01,24.29,23.92,24.39,24.20,24.39,24.01,24.20,24.20,24.11,24.29,24.39,24.01,24.29,24.39,24.20,24.39,24.11,24.11,24.01,24.29,24.20,24.20,24.29,24.48,24.20,24.29,23.92,24.29,24.20,24.29,24.11,24.20,24.39,24.11,24.11,24.57,24.29,24.39,24.67,24.20,23.83,24.48,24.29,24.29,24.20,24.01,24.20,24.48,24.48,24.11,24.01,24.29,23.83,24.20,24.39,24.29,24.57,24.01,24.57,24.57,24.39,24.39,24.01,24.20,24.20,24.39,24.01,23.83,24.39,24.29,24.20,23.83,23.92
23.92,23.83,24.01,24.29,24.39,24.11,24.67,24.20,23.92,24.29,24.11,24.11,24.01,24.57,24.01,24.20,24.39,23.83,23.92,24.39,24.20,23.83,24.29,24.39,24.20,23.83,24.11,24.48,24.67,24.48,24.01,24.29,23.92,24.20,24.29,24.20,24.11,24.20,23.73,24.57,24.57,24.39,24.20,24.20,24.11,24.11,24.48,24.20,24.76,24.29,24.29,24.29,24.20,24.11,24.48,24.11,24.67,24.29,24.11,24.20,24.48,24.67,24.11,24.67,24.29,24.11,24.20,24.85,24.39,24.01,24.29,24.39,24.20,24.29,24.01,24.48,24.20,24.39,24.11,23.92,24.20,24.20,24.39,24.39,24.29,24.39,24.57,24.29,24.29,24.11,24.39,24.11,24.48,24.67,24.67,24.39,24.20,24.11,24.48,24.20,24.39,24.20,24.01,24.48,24.48,24.11,24.20,24.67,24.39,24.39,24.39,24.48,24.48,24.39,24.39,24.48,24.76,24.67,24.48,24.76,24.48,24.20,24.48,24.48,24.48,24.48,24.48,24.48,24.20,24.39,24.48,24.01,24.67,24.20,24.85,24.76,24.67,24.48,24.39,24.39,24.48,24.76,24.48,24.48,24.20,24.11,24.29,24.57,24.57,24.48,24.48,24.20,24.48,24.29,24.48,24.57,24.20,24.20,24.57,24.48,24.39,24.48,24.48,24.57,24.67,24.48,24.48,24.85,24.39,24.57,24.67,24.57,24.39,24.39,24.57,24.67,24.85,24.67,24.29,24.39,24.39,24.93,24.67,24.57,24.67,24.76,24.29,24.76,24.76,24.57,24.76,24.39,24.57,24.57,24.67,24.67,24.67,24.76,24.85,24.67,24.39,24.20,24.85,24.93,24.48,24.76,24.57,24.93,24.57,24.76,24.93,24.93,24.57,24.29,24.57,24.48,24.29,24.20,24.29,24.85,24.48,24.11,24.39,24.39,24.67,24.11,24.29,24.11,24.01,24.67,24.01,24.29,24.85,24.39,23.92,24.57,24.29,24.29,24.29,24.39,24.20,24.48,24.20,24.48,24.67,24.67,24.01,24.20,24.01,23.83,23.92,24.57,24.20,24.57,24.29,24.39,24.48,24.57,24.67,24.29,24.20,24.20,24.67,24.57,23.92,24.01,24.39,23.92,24.29,24.29,24.39,24.20,24.11,24.29,24.29,24.01,24.11,24.29,24.39,24.39,24.20,24.20,24.29,24.29,23.64,24.01,24.01,24.20,24.20,24.39,24.29,24.20,24.20,24.39,24.29,24.20,24.29,24.48,24.20,24.29,24.11,24.20,24.29,23.92,24.20,24.48,24.29,24.20,24.39,24.01,24.11,24.20,24.39,24.01,24.11,24.11,24.11,24.01,24.01,24.11,23.83,24.20,24.57,24.11,24.01,24.29,24.11,24.48,24.39,24.20,24.57,24.11,24.57,23.92,24.20,24.29,24.20,24.57,24.20,24.11,24.01,24.20,23.92,24.39,23.92,24.01,24.20,24.39,24.39,23.92,24.20,24.29,24.67,24.01,23.64,23.92,24.39,23.92,24.29,24.01,24.11,24.85,24.39,24.67,24.39,24.48,24.20,24.11,23.92,24.29,24.20,24.20,23.92,24.39,24.29,23.92,24.57,24.20,23.73,24.20,24.20,23.73
23.73,24.11,23.73,24.11,24.29,23.92,23.92,23.73,23.64,24.11,24.11,23.92,24.11,24.11,24.11,24.20,24.48,24.11,24.29,24.29,23.73,24.01,24.20,24.39,24.20,23.83,24.29,24.20,24.29,24.29,24.39,24.29,24.48,24.29,23.92,24.20,24.29,24.11,24.01,24.48,24.29,24.57,23.92,24.57,24.20,24.20,23.92,24.67,24.11,24.20,23.92,24.20,24.20,24.01,24.20,24.48,24.76,24.39,24.01,24.76,24.11,24.67,24.39,24.39,24.39,24.76,24.39,24.01,24.39,24.11,24.48,24.48,24.57,24.01,24.48,24.57,23.92,24.20,24.39,24.29,24.20,24.20,24.11,24.76,24.29,24.48,24.11,24.11,24.39,24.20,24.29,24.01,24.39,24.29,24.20,24.11,24.57,24.48,24.01,24.11,24.48,24.57,24.20,24.76,24.57,24.57,24.67,24.39,24.11,24.48,24.20,24.48,24.39,24.20,24.48,24.48,24.57,24.29,24.76,24.39,24.48,24.20,24.76,24.57,24.48,24.29,24.29,24.11,24.39,24.29,24.29,24.29,24.57,24.11,24.93,24.57,24.29,24.48,24.48,24.29,24.29,24.76,24.48,24.39,24.85,24.01,24.67,24.20,24.85,24.76,24.39,24.48,24.29,24.11,24.11,24.29,24.57,24.11,24.29,24.48,24.76,24.76,24.29,24.67,24.29,24.67,24.20,24.67,24.67,24.48,24.48,25.02,24.76,24.85,24.48,24.76,24.57,24.67,24.67,24.85,24.76,24.67,24.76,24.57,24.85,24.57,24.48,24.93,25.02,24.67,24.76,24.85,24.67,24.48,24.93,24.76,24.76,24.85,24.48,24.85,24.85,24.67,24.67,24.39,24.67,24.57,24.57,24.20,24.76,24.48,24.67,24.57,24.39,24.85,24.39,25.02,24.67,24.20,24.20,24.67,24.39,24.48,24.48,24.20,24.67,24.48,24.29,24.01,24.11,24.29,24.11,24.57,24.57,24.29,24.11,24.85,24.57,24.39,24.29,24.29,24.29,24.29,24.01,24.29,24.39,24.67,24.29,24.39,24.20,24.11,24.20,24.57,24.39,24.11,24.39,24.39,24.67,24.01,24.11,24.39,24.48,24.29,24.48,24.20,24.76,24.29,24.39,24.29,24.85,24.20,24.48,24.11,24.67,24.57,24.20,24.20,24.29,24.01,24.29,24.11,24.57,24.29,24.01,24.11,24.57,24.39,24.29,24.20,24.20,24.57,24.67,24.57,24.48,24.11,24.11,24.20,24.39,24.48,23.83,24.39,24.39,24.29,24.39,24.29,24.29,24.29,24.39,24.29,24.11,24.29,24.11,24.57,24.20,24.29,24.20,24.11,24.29,24.48,24.39,24.20,24.11,24.29,24.01,24.39,24.01,24.57,24.20,24.39,24.39,24.39,24.11,24.39,24.20,24.29,24.48,24.29,24.20,24.20,24.39,24.20,24.57,24.29,24.20,24.20,24.29,24.20,23.92,24.11,24.01,24.29,24.48,24.39,24.20,24.39,24.11,24.01,24.57,23.92,23.92,24.20,24.48,24.20,24.11,24.29,24.11,24.20,24.29,24.20,24.20,24.20,24.29,24.48,24.29,24.29,23.83,24.48,24.29,23.83,24.01,24.20,24.20,23.83
24.48,23.92,24.20,24.01,23.92,24.11,23.83,24.20,23.92,24.29,24.20,24.01,24.20,24.01,23.73,24.11,24.20,24.11,24.01,23.73,24.11,24.11,24.01,24.39,23.92,24.48,23.92,24.29,24.39,23.92,24.39,24.48,24.20,24.20,24.11,24.39,24.39,24.01,24.29,24.20,24.29,24.01,24.29,24.39,24.67,23.92,24.39,24.29,24.01,24.20,24.48,24.76,24.29,24.48,24.20,24.48,24.39,24.29,24.11,23.83,24.39,24.11,24.48,24.39,24.29,24.29,24.20,24.29,24.67,24.20,24.57,24.57,24.39,24.39,24.20,24.85,24.39,24.29,24.29,24.01,24.48,24.39,23.45,24.01,24.20,24.57,24.67,24.39,23.92,24.67,24.48,24.48,24.11,24.29,24.76,23.92,24.48,24.57,24.48,24.29,24.11,24.01,24.39,24.11,24.20,24.39,24.11,24.85,24.67,24.29,24.39,24.01,24.20,24.29,24.20,24.20,24.11,24.20,24.29,24.67,24.29,24.39,24.01,24.20,24.48,24.29,24.76,24.20,24.20,24.67,24.67,24.20,24.29,24.29,24.29,24.39,24.67,24.20,24.20,24.48,24.48,24.57,24.01,24.48,24.48,24.57,24.48,24.20,24.39,24.11,24.39,24.48,24.20,24.11,24.29,24.29,24.20,24.39,23.83,24.57,24.57,24.20,24.20,24.48,24.39,24.57,24.57,24.67,24.01,24.76,24.57,24.39,24.85,24.93,24.20,25.02,24.85,24.29,24.85,24.67,24.57,24.20,24.76,24.39,24.57,24.93,24.67,24.39,24.29,24.85,24.57,24.57,24.48,24.76,24.29,24.29,24.11,24.85,24.57,24.76,24.57,24.39,24.39,24.85,25.02,24.48,24.76,24.85,24.67,24.48,24.57,24.48,24.29,24.76,24.57,24.67,24.20,24.39,24.20,24.11,24.48,24.20,24.57,24.57,24.20,24.39,24.39,24.20,24.39,24.20,24.20,24.57,23.92,24.39,24.20,24.29,24.48,24.48,24.20,24.67,24.11,24.67,23.83,24.67,24.29,24.20,24.39,24.11,24.11,24.29,24.11,24.48,24.39,24.67,24.76,24.01,24.57,24.20,24.67,24.20,24.29,24.76,24.11,24.67,24.39,24.20,24.57,24.11,24.48,24.39,24.67,24.85,24.29,24.57,24.39,24.57,24.11,24.01,23.92,24.29,24.20,24.20,24.01,24.48,24.57,24.39,24.01,24.01,24.20,24.29,24.29,24.48,24.39,24.39,24.20,24.20,24.01,24.11,24.20,24.57,24.29,24.01,24.01,24.20,24.57,24.57,24.48,23.64,24.01,24.29,23.92,23.64,24.39,23.83,24.29,23.92,24.29,24.39,24.20,24.29,24.39,24.01,24.57,24.39,24.48,24.39,24.20,24.39,24.57,24.20,24.29,24.29,24.11,24.29,24.39,24.48,23.92,24.48,24.01,24.39,24.48,24.48,24.01,24.01,24.48,24.57,23.92,24.29,24.48,24.57,24.11,23.92,24.20,24.01,24.20,24.39,24.20,24.29,24.29,24.48,24.11,24.20,24.48,24.39,24.39,24.29,24.01,24.11,24.39,24.20,24.11,24.29,24.01,24.39,24.20,24.01,24.11,24.20,24.39,24.39,24.39,24.01
23.92,24.01,24.11,24.11,24.20,23.83,24.39,24.01,24.01,24.01,24.20,24.39,24.01,23.92,23.73,24.11,24.20,24.20,24.01,24.01,24.11,24.11,23.92,23.45,24.01,24.11,24.01,24.11,23.83,24.11,24.11,23.73,23.92,24.01,23.83,24.48,24.39,24.29,24.29,24.39,24.48,24.20,24.11,24.39,24.20,24.01,23.64,24.20,24.20,24.29,24.29,24.39,24.20,24.11,24.67,24.39,24.20,24.20,24.01,24.11,24.20,24.29,24.57,24.20,24.29,24.39,24.29,24.20,24.39,24.01,24.76,24.29,24.85,24.93,24.48,24.85,24.29,24.48,24.57,24.11,23.83,24.39,24.11,24.39,24.11,24.48,24.11,24.11,24.01,24.20,24.29,24.48,24.01,24.20,24.29,23.92,23.73,24.01,24.20,24.39,24.20,24.39,24.57,24.29,24.11,24.29,24.20,24.11,24.20,24.11,24.20,24.48,24.20,24.11,24.29,24.48,24.93,24.29,24.48,24.39,24.20,24.39,24.20,24.29,23.92,24.39,24.57,24.29,24.01,24.48,24.29,24.20,24.57,24.39,24.29,24.29,24.29,24.11,24.39,24.76,24.29,24.76,24.11,24.01,24.57,24.20,24.20,24.57,24.67,24.67,24.67,24.29,24.48,24.67,24.48,24.20,24.57,24.11,24.67,24.01,24.48,24.57,24.29,24.85,24.48,24.48,24.57,24.39,24.48,24.76,24.57,24.67,24.48,24.76,24.76,24.57,24.57,24.76,24.11,24.20,24.93,24.48,24.67,24.39,24.48,24.48,24.48,24.48,24.11,24.67,24.76,24.48,24.29,24.11,24.67,24.57,24.67,24.39,24.48,24.57,24.85,24.29,24.48,24.48,24.20,24.29,24.67,24.48,24.39,24.57,24.67,24.67,24.76,24.01,24.48,24.57,24.20,24.57,24.39,24.01,24.57,24.01,24.20,24.29,24.39,24.57,24.76,24.39,24.48,24.39,24.48,24.39,24.20,24.48,24.29,24.39,24.48,24.20,24.67,24.29,24.39,24.48,24.11,24.39,24.11,24.01,24.39,24.76,24.67,24.57,24.01,24.29,24.11,24.39,24.67,24.39,23.92,24.57,24.29,24.48,24.48,24.29,24.48,24.29,24.20,24.48,24.29,24.67,24.39,24.11,24.39,24.20,24.67,24.39,24.57,24.48,24.39,24.11,24.01,24.11,24.48,24.39,24.29,24.39,24.01,24.57,24.20,24.39,24.20,24.11,24.29,24.39,24.76,24.20,24.20,24.11,24.01,24.29,24.11,24.11,24.11,24.11,23.92,24.20,24.29,24.57,24.29,24.48,24.48,24.48,24.67,24.20,23.83,23.64,24.01,24.11,23.92,23.64,24.20,23.83,24.11,24.29,23.92,24.29,23.73,24.20,24.39,24.20,24.11,24.29,24.01,24.01,24.20,24.29,24.29,24.39,24.29,24.20,24.20,24.57,24.57,24.20,24.29,23.92,24.67,24.29,24.39,24.57,24.67,24.39,24.20,24.48,24.29,24.57,24.29,24.01,24.20,24.11,24.20,24.01,24.29,24.39,24.11,24.11,24.39,24.01,24.48,24.29,24.20,24.29,24.57,24.11,24.48,23.92,24.01,23.83,23.73,23.83,23.92,24.20,24.01,24.20
23.92,23.73,23.92,24.11,24.01,24.11,24.57,23.73,23.45,24.01,23.92,23.73,23.92,24.11,24.39,24.20,24.29,24.01,24.48,23.64,24.20,24.20,24.20,24.01,24.29,24.11,24.39,24.11,24.39,24.11,24.39,24.11,24.48,24.57,23.73,23.83,24.20,24.01,24.20,24.39,24.57,23.64,24.39,24.20,24.20,24.29,24.29,24.67,24.29,24.20,24.48,24.20,24.20,24.20,24.20,24.20,23.92,24.29,24.48,24.20,24.57,24.29,24.29,24.01,23.92,24.48,24.20,24.20,24.20,23.83,24.20,24.11,24.57,24.39,24.20,24.29,24.01,24.39,24.20,24.29,24.11,24.29,24.20,24.76,24.29,24.39,24.48,24.67,24.67,24.11,24.11,24.20,24.57,24.20,24.29,24.29,24.76,24.48,24.39,24.11,24.11,24.29,24.39,24.57,24.20,24.20,24.20,24.48,24.39,24.57,24.39,24.57,24.11,24.20,23.64,23.92,24.20,24.29,24.20,24.39,24.20,24.39,24.11,24.57,24.39,24.11,24.01,24.39,24.20,24.29,24.20,24.20,24.29,24.29,24.01,24.20,24.29,24.76,24.48,24.39,24.20,23.92,24.29,24.39,24.67,24.76,24.48,24.29,24.76,24.20,24.11,24.48,24.11,24.01,24.11,24.29,24.39,24.29,24.57,24.29,24.11,24.39,24.48,24.39,24.11,24.11,24.48,24.48,24.57,24.67,24.29,24.29,24.20,24.39,24.57,24.67,24.39,24.48,24.76,24.48,24.57,24.93,24.57,24.57,25.02,24.48,24.39,24.57,24.48,24.57,24.57,24.39,24.20,24.85,24.48,24.39,24.39,24.85,24.29,24.76,24.57,24.57,24.48,24.85,24.57,24.76,25.02,24.48,24.67,24.85,24.48,24.29,25.11,24.39,24.48,24.76,24.48,24.20,24.20,24.29,24.39,24.57,24.29,24.48,24.57,24.29,24.57,24.20,24.76,24.29,24.01,24.29,23.92,24.39,24.57,24.48,24.48,24.29,24.67,24.29,24.85,24.20,24.39,24.20,24.11,24.48,24.39,24.48,24.29,24.20,24.39,24.93,24.57,24.67,24.39,24.20,24.20,24.29,24.29,24.11,24.67,24.20,24.11,24.29,24.29,24.29,24.11,24.01,24.39,24.01,24.39,24.67,24.48,24.48,24.11,24.01,24.39,24.11,24.39,23.92,24.11,23.83,24.29,24.67,24.11,23.64,24.48,24.39,23.83,24.01,24.01,24.20,24.29,24.29,24.57,24.29,24.29,24.29,24.39,24.39,24.48,23.64,24.29,24.11,24.29,24.01,24.48,24.01,23.92,24.11,24.20,23.83,24.20,24.11,24.11,24.11,24.01,24.20,24.29,24.48,24.11,24.29,24.20,24.11,23.92,23.83,24.20,24.20,23.92,24.20,24.29,24.01,24.29,24.48,24.20,24.20,23.83,24.01,24.20,24.20,24.20,24.67,24.11,23.92,24.39,24.48,24.48,24.29,23.92,24.29,24.48,24.29,24.29,24.39,24.11,24.01,23.73,24.29,24.39,24.57,24.57,24.11,24.39,24.39,24.39,24.29,23.83,24.39,24.11,24.20,24.48,23.83,23.92,23.92,24.39,24.20,24.11,24.39,24.39,23.55,24.20,24.11
23.92,24.01,24.29,23.73,23.73,24.39,23.92,24.85,24.01,24.11,23.64,24.48,24.57,24.01,24.48,23.64,24.11,24.01,24.48,23.73,24.11,23.83,24.29,24.01,24.39,23.73,24.29,23.73,24.20,24.01,23.92,24.20,24.39,23.83,24.48,24.01,24.11,24.01,24.01,23.92,24.29,24.48,24.57,24.20,24.01,24.29,24.29,24.20,23.92,24.39,24.39,24.20,24.20,24.11,24.57,24.48,24.67,24.48,24.29,24.67,24.39,24.57,24.11,24.20,24.57,24.39,24.39,24.29,24.29,24.48,24.20,24.29,24.29,24.48,24.01,24.29,24.11,24.57,24.01,24.29,24.11,23.83,24.57,24.01,24.20,24.39,24.01,24.01,24.01,24.11,23.83,24.20,24.48,24.11,23.92,24.29,24.85,24.57,24.01,24.48,24.01,24.01,24.48,24.11,24.20,24.39,24.48,24.20,24.85,24.48,24.29,24.48,24.48,24.11,24.57,24.29,24.48,24.48,24.85,24.11,24.39,24.57,24.76,24.39,23.92,24.20,24.48,24.48,24.20,24.20,24.20,24.20,24.29,24.11,24.20,24.29,24.11,24.29,24.39,24.76,24.57,24.29,24.29,24.39,24.20,24.48,24.11,24.11,24.11,24.57,23.64,24.11,24.39,24.39,24.11,24.29,24.39,24.48,24.11,24.20,24.39,24.29,24.29,24.48,24.48,24.39,24.67,23.92,24.39,24.01,24.48,24.39,24.48,25.20,24.76,24.48,24.48,24.57,24.67,24.29,24.29,24.57,24.29,24.11,24.67,24.76,24.76,24.11,24.93,24.11,24.76,24.39,24.29,24.57,24.67,24.57,24.67,24.57,24.48,24.48,24.48,24.29,24.48,24.67,24.48,24.48,24.48,24.76,24.29,24.57,24.29,24.57,24.57,24.39,24.85,24.39,24.20,24.39,24.11,24.01,24.48,24.29,24.67,24.76,24.48,24.20,24.20,24.76,24.67,24.11,24.39,24.20,24.11,24.20,24.85,24.29,24.29,24.39,24.29,24.01,24.20,24.48,24.48,24.48,24.48,24.20,24.29,23.83,24.29,24.11,24.11,24.20,24.76,24.39,24.39,24.11,24.39,24.01,24.11,23.83,24.20,24.39,24.29,24.11,24.01,24.20,24.48,24.11,24.11,24.01,24.57,24.20,24.01,23.83,24.48,23.73,24.29,24.39,24.11,24.29,24.29,24.57,23.92,24.29,24.39,24.29,24.11,24.01,24.39,23.92,24.57,24.11,24.29,24.20,23.73,24.11,24.20,24.39,24.01,24.29,24.20,24.20,24.11,24.29,24.01,24.39,24.20,24.57,24.76,23.83,24.20,24.11,24.11,24.29,24.01,23.83,23.83,23.92,24.20,24.48,24.20,24.29,24.39,24.20,24.11,23.92,24.20,24.39,23.92,24.01,24.11,24.29,24.29,24.20,24.11,24.39,24.11,24.29,23.92,24.67,24.01,24.48,24.20,24.01,24.11,24.11,23.73,24.48,24.11,24.11,24.20,24.20,24.20,23.83,24.01,24.48,23.92,24.20,24.29,24.11,24.48,24.48,24.20,24.57,24.01,24.29,24.20,24.11,24.39,24.48,24.29,24.39,23.92,24.20,24.29,24.67,23.92,24.20,23.92,24.29,23.92,23.73
23.92,23.36,24.11,24.01,24.39,24.01,23.45,24.01,24.01,23.92,23.92,24.11,24.29,24.11,24.29,24.48,23.73,23.92,23.83,24.20,24.01,24.20,23.92,23.83,23.83,23.92,24.20,24.48,24.01,24.48,24.20,24.20,24.20,23.73,24.20,24.20,24.11,24.57,23.83,24.01,24.11,24.39,23.73,23.92,23.73,24.57,24.29,24.48,23.73,23.73,24.85,24.29,24.29,24.11,24.48,24.39,23.64,24.39,24.01,24.20,24.11,24.39,23.83,24.20,24.20,24.29,24.20,24.39,23.73,24.20,23.92,24.11,24.29,24.11,24.29,24.48,24.01,23.92,24.11,23.73,24.29,24.01,24.11,23.83,24.29,24.20,24.11,23.83,24.20,24.20,24.01,24.01,24.29,24.11,24.39,24.39,24.29,24.48,24.11,24.01,24.20,24.11,24.01,24.20,24.29,24.29,23.92,24.20,24.01,24.01,24.29,24.39,24.11,24.39,24.20,24.20,24.20,24.01,23.92,24.11,24.57,24.48,24.67,24.29,24.01,24.57,24.20,23.83,24.11,24.48,24.11,24.20,24.20,24.20,24.11,24.01,24.39,24.20,24.20,24.11,24.11,24.48,24.20,24.29,24.57,24.57,24.20,24.67,24.67,24.39,24.39,24.20,24.48,23.92,24.48,24.29,24.29,24.57,24.11,24.57,24.20,24.29,24.39,24.57,24.57,24.20,24.57,24.20,24.48,24.39,24.48,24.57,24.67,24.39,24.39,24.93,24.11,24.67,24.29,24.48,24.39,24.48,24.48,24.29,24.39,24.67,24.67,24.48,24.67,24.67,24.57,24.29,24.48,24.67,24.57,24.67,24.57,24.57,24.11,24.48,24.39,24.39,24.67,24.48,24.85,24.76,24.48,24.85,24.20,24.57,24.39,24.48,24.57,24.48,24.57,24.57,24.57,24.29,24.76,24.39,24.67,24.11,24.11,24.11,24.29,24.11,24.29,24.29,24.29,24.29,24.20,24.39,24.57,24.20,24.11,24.29,24.39,24.29,24.20,24.01,24.57,24.20,24.39,24.20,24.11,24.67,24.01,24.29,24.29,24.48,24.20,24.11,24.39,24.48,23.73,24.48,24.11,24.11,24.48,24.11,24.20,24.20,24.01,23.83,24.11,24.20,24.29,24.29,24.48,24.48,24.11,24.01,24.11,24.01,24.11,23.73,23.92,24.01,24.20,24.39,24.29,24.01,23.83,24.20,23.92,24.76,24.01,24.29,23.73,24.20,24.20,23.73,24.29,24.11,24.11,24.29,23.92,24.39,24.29,24.01,24.76,24.29,23.92,24.39,24.01,24.39,24.01,24.29,24.01,24.29,24.57,23.92,23.64,24.11,23.92,24.11,24.29,24.11,24.57,24.39,24.48,24.11,24.11,24.01,24.39,23.73,24.20,24.01,24.48,23.92,24.11,24.11,24.29,24.11,23.55,23.83,23.92,24.39,23.92,24.01,24.29,24.11,24.57,24.01,24.29,24.29,24.20,24.11,24.48,23.83,24.29,24.48,24.57,24.11,24.11,23.92,23.64,24.57,24.29,24.48,24.39,24.29,23.64,24.01,24.39,24.11,24.20,24.11,24.39,24.39,24.11,24.11,24.01,24.29,24.20,24.11,24.29,24.20,24.01,23.73,24.20,23.73
23.55,23.73,24.01,23.55,23.45,24.20,23.92,23.83,24.29,23.83,24.20,24.01,23.92,23.92,23.73,24.20,23.92,23.36,23.92,24.01,24.20,23.45,23.92,23.83,24.29,23.92,23.83,24.11,24.20,24.48,24.11,24.20,24.11,24.20,24.11,24.01,24.11,24.39,24.01,24.01,24.29,24.20,24.11,24.67,24.39,23.83,23.83,24.20,24.39,24.20,24.01,24.01,24.01,24.39,24.39,24.11,24.29,24.01,24.20,24.39,24.39,24.48,24.11,24.48,24.11,23.92,23.92,24.11,24.11,24.11,23.92,23.92,24.39,24.20,24.29,24.29,24.29,23.73,23.92,24.20,24.01,24.01,24.01,24.67,24.48,24.20,24.20,24.29,23.73,24.11,24.20,24.11,23.73,24.29,24.29,24.29,23.83,23.92,24.11,24.20,24.11,24.20,24.29,24.11,23.73,24.29,23.64,24.20,24.39,24.67,24.57,24.48,24.11,24.01,24.39,24.20,24.57,24.57,24.29,24.01,24.39,24.57,24.29,24.20,23.92,24.20,24.11,24.11,24.20,24.29,24.20,24.11,24.39,24.01,24.29,24.48,24.29,24.20,24.11,24.48,24.48,24.39,24.29,24.39,24.20,24.01,24.01,24.20,24.39,24.01,24.39,24.48,24.01,24.76,24.20,24.48,24.48,24.76,24.20,24.29,24.39,24.48,24.01,24.20,24.20,24.20,24.20,24.29,23.92,24.48,24.48,24.57,24.29,24.76,24.20,24.85,24.39,24.29,24.57,24.48,24.29,24.20,24.57,24.67,24.20,24.20,24.57,24.93,24.93,24.20,24.29,24.48,24.39,24.85,24.57,24.67,24.29,24.76,24.48,24.76,24.29,24.76,24.29,24.67,24.29,24.48,24.39,24.57,24.11,24.11,24.48,24.57,24.93,24.48,24.48,24.29,24.76,24.39,24.29,24.29,24.11,24.29,24.39,24.57,24.29,24.20,24.11,24.20,24.01,24.76,24.29,23.83,24.11,23.83,24.20,24.01,24.11,24.29,24.48,23.83,24.29,24.20,24.11,24.20,24.48,24.20,23.83,24.29,24.20,24.01,24.48,24.39,24.01,24.39,24.20,24.29,24.29,24.29,24.39,24.29,24.20,23.92,24.20,24.29,24.01,23.92,23.92,24.01,24.29,23.83,24.11,24.20,24.57,24.20,23.92,24.11,24.29,24.01,24.29,24.29,24.01,24.20,24.01,24.39,24.11,24.48,24.20,24.20,24.01,24.20,23.64,24.01,23.64,24.29,24.01,24.29,24.20,24.11,24.20,24.01,24.01,24.29,23.83,24.11,24.29,24.39,24.29,24.01,24.11,23.73,24.20,23.92,24.29,24.11,24.29,23.83,23.64,24.01,23.73,24.20,24.48,24.20,23.83,24.39,23.83,24.29,23.83,24.39,23.92,23.64,24.11,24.20,24.39,24.20,24.48,24.01,24.29,24.39,24.48,24.29,24.29,23.92,23.92,24.48,24.11,23.64,24.01,24.01,24.57,23.83,24.11,24.39,24.11,24.20,24.01,24.11,24.39,24.67,24.20,24.39,23.83,24.39,24.29,24.01,23.64,24.11,23.92,23.92,24.11,24.11,24.20,24.20,24.11,24.20,24.39,24.20,24.01,24.11,24.39,24.29,23.73,24.39
23.83,24.29,23.83,24.01,23.83,24.01,23.92,24.57,23.64,23.73,23.92,23.92,23.83,23.83,24.01,23.92,24.29,23.92,24.11,24.11,23.83,24.48,24.20,24.11,23.92,23.92,24.20,24.11,24.01,23.64,24.20,24.20,23.92,23.92,23.64,23.83,23.64,23.83,24.20,24.11,24.20,24.20,24.48,24.29,24.39,24.11,24.29,24.01,23.92,23.83,24.01,23.83,24.20,23.92,24.39,24.20,24.11,24.01,24.48,23.83,23.92,24.48,23.92,24.20,24.39,23.92,24.29,24.39,24.39,24.01,24.20,24.20,24.29,24.20,24.48,24.57,24.20,23.83,24.48,24.29,23.83,24.39,24.48,24.01,24.20,23.83,24.39,24.39,24.11,23.64,24.39,24.01,24.11,23.92,24.39,23.92,24.39,24.57,23.92,24.57,24.11,24.29,23.83,24.48,24.29,23.92,23.83,24.48,24.29,24.11,24.11,24.48,24.48,24.20,24.20,24.20,24.29,23.64,23.64,24.39,24.11,24.39,24.29,24.20,24.29,24.11,24.20,24.29,23.92,24.39,24.48,24.29,24.48,24.48,24.20,24.29,24.39,23.92,24.48,23.83,23.83,24.01,24.39,24.11,24.29,24.29,24.48,24.48,24.48,24.11,24.20,24.20,24.29,23.92,24.39,24.39,24.11,24.11,24.48,24.01,23.92,24.11,24.39,24.48,24.11,24.11,24.20,24.29,24.20,24.48,24.76,24.29,24.39,24.48,24.20,24.39,24.29,24.57,24.48,24.48,24.57,24.20,24.39,24.48,24.48,24.48,24.76,24.67,24.57,24.01,24.67,24.67,24.11,24.39,24.48,24.20,24.48,24.48,24.48,24.11,24.57,24.48,24.29,24.20,24.29,24.29,24.57,24.93,24.20,23.92,24.57,24.67,24.29,24.48,24.39,24.39,24.57,24.29,24.11,24.20,24.48,24.39,24.39,24.39,24.29,24.29,24.29,24.76,24.67,24.29,23.83,24.48,24.20,24.20,24.48,24.29,24.01,24.29,24.29,24.48,24.11,24.29,24.39,24.57,24.11,24.39,23.92,24.39,23.83,23.92,24.01,24.11,24.01,24.01,24.20,24.29,24.48,24.11,24.76,23.92,23.83,24.11,24.20,24.29,23.83,24.11,24.11,24.29,24.01,23.92,24.11,24.20,24.29,24.11,24.29,24.57,24.01,23.83,24.57,24.01,23.83,24.20,23.83,24.39,24.67,24.11,24.11,24.29,23.92,24.39,24.29,24.11,24.39,23.73,23.73,23.73,23.92,24.29,24.01,23.92,24.39,23.83,24.11,24.11,24.01,23.92,24.01,23.64,23.92,24.11,23.73,24.01,23.92,24.39,23.83,24.01,24.20,23.73,24.01,23.92,24.11,24.20,23.83,23.73,24.01,24.01,23.64,23.83,24.01,24.01,23.92,24.20,23.83,24.29,24.48,24.20,24.01,24.29,24.11,24.01,24.11,23.92,24.48,24.39,24.48,24.11,24.11,24.11,24.11,24.20,24.29,24.01,24.39,24.20,24.39,24.39,24.39,24.29,24.11,24.48,24.11,24.29,24.29,23.64,24.01,24.20,24.20,24.67,24.11,24.01,24.11,24.20,24.48,24.11,23.92,24.01,24.48,24.01,24.39,24.11,24.20,24.11
23.92,24.39,23.73,24.29,23.83,24.01,24.11,24.11,24.11,23.83,23.55,24.01,23.64,24.11,23.83,24.11,24.11,23.45,24.39,24.20,24.01,23.83,23.92,23.92,23.92,24.29,24.20,24.39,23.92,23.92,23.83,24.29,24.20,24.11,24.57,24.20,24.39,23.92,24.01,23.92,24.39,24.01,24.01,24.29,23.83,23.92,23.92,24.01,24.01,24.11,24.20,24.11,24.11,24.29,24.20,23.83,24.01,24.39,24.11,24.29,23.92,23.83,24.39,24.29,24.20,24.20,23.83,24.11,23.92,24.20,23.73,24.48,24.48,24.29,24.01,24.11,24.20,24.20,24.20,24.29,24.20,24.20,24.29,24.85,24.20,24.20,24.48,24.11,24.29,24.11,24.29,24.39,24.20,24.20,24.29,24.20,24.29,24.48,24.39,24.29,24.39,24.67,24.11,24.29,24.11,24.20,24.29,24.29,23.92,24.20,24.20,24.29,24.11,24.48,23.64,24.29,24.39,24.48,23.92,24.20,24.29,24.20,23.92,24.57,23.64,24.48,24.39,24.39,24.11,24.39,24.11,24.01,24.01,24.29,24.48,24.29,24.29,24.29,23.92,24.39,23.92,24.20,23.92,23.83,24.11,24.39,24.57,24.39,24.39,24.29,24.48,24.57,24.39,24.29,24.76,24.57,24.57,24.20,24.39,24.39,24.48,24.20,24.39,24.39,23.92,24.85,24.29,24.39,24.48,24.48,24.57,24.67,24.29,24.67,24.11,24.67,24.93,24.29,24.76,24.11,23.83,24.48,24.93,24.20,24.39,24.39,24.39,24.20,24.20,24.93,24.48,24.48,24.39,24.67,24.67,24.39,24.67,24.20,24.57,24.48,24.48,24.57,23.92,24.76,24.11,24.48,24.57,24.76,24.67,24.48,24.39,24.85,24.57,24.67,24.76,24.85,23.92,24.48,24.20,24.39,24.57,23.92,24.29,23.92,24.20,24.11,24.48,24.39,23.92,23.83,24.11,24.20,24.48,24.11,23.92,24.11,24.29,24.11,24.29,24.29,23.83,24.48,24.01,24.11,24.39,24.20,24.11,24.39,24.01,24.29,24.29,24.57,24.11,24.67,24.57,24.11,24.67,23.55,24.20,23.92,24.39,24.11,24.01,24.11,24.29,24.39,24.39,24.39,23.92,24.39,24.20,24.11,24.29,23.92,23.92,24.20,24.01,24.29,23.92,24.29,24.20,24.20,24.11,23.92,24.39,23.92,24.01,23.64,24.29,24.29,24.29,24.01,24.11,24.11,23.92,24.20,24.20,24.29,23.92,23.92,23.92,24.11,23.64,24.01,24.01,24.39,24.01,24.39,24.39,24.29,24.20,24.11,23.92,23.73,24.29,24.20,24.01,24.20,23.83,24.20,24.29,24.01,24.29,23.45,24.01,23.73,24.11,23.73,24.01,23.83,24.57,24.11,24.29,24.11,24.20,24.11,24.29,23.92,24.20,24.11,24.11,24.11,24.01,24.01,24.20,23.83,24.01,24.20,24.11,24.11,23.83,24.39,23.83,24.01,24.29,24.11,24.39,24.29,24.11,23.92,24.48,24.39,23.83,24.20,24.29,24.20,23.92,23.83,24.39,23.92,23.92,24.20,23.83,24.01,24.01,24.57,24.29,24.20,24.11,24.29,24.29,24.11
23.73,24.48,24.01,23.83,24.01,23.64,23.92,23.83,23.92,24.11,23.64,23.83,24.39,23.92,24.20,23.64,23.83,23.73,23.92,24.11,23.83,24.48,24.01,24.20,24.11,24.01,24.11,23.92,24.39,24.11,23.92,24.39,23.73,23.92,23.83,23.92,24.39,24.29,23.83,24.20,23.92,24.01,24.11,24.01,24.11,23.83,24.01,23.92,24.11,24.11,23.83,24.39,24.29,24.11,24.39,24.20,24.29,23.83,24.20,24.11,23.55,24.29,24.20,23.83,24.01,24.01,24.57,24.11,23.73,24.11,23.64,24.39,23.83,24.01,24.20,23.92,23.92,23.92,24.01,24.01,23.92,24.11,23.92,24.29,23.83,23.83,23.92,24.39,23.73,24.39,24.01,23.73,24.29,23.73,24.39,24.01,24.29,23.83,23.83,24.11,23.92,24.11,24.29,24.11,24.20,24.20,24.39,24.57,24.20,24.29,24.01,24.29,24.20,24.20,24.39,23.83,24.39,23.92,24.48,24.01,24.29,23.92,24.29,24.11,23.92,24.01,24.57,24.48,23.92,24.01,24.76,24.29,23.92,24.11,24.48,24.39,24.11,24.11,24.29,23.92,24.11,24.29,24.20,24.20,24.01,24.11,24.48,24.57,23.83,24.01,24.48,23.92,24.39,24.76,23.73,24.85,23.92,24.20,23.92,24.39,23.92,24.20,24.48,24.57,24.01,24.57,23.92,24.57,24.29,24.48,24.67,24.01,24.39,24.48,24.20,24.85,24.67,24.67,24.20,24.20,24.11,24.29,23.92,24.39,24.39,24.48,24.76,24.67,24.39,24.57,24.20,24.67,24.76,24.76,24.57,24.67,24.48,24.93,24.57,23.92,24.01,24.67,24.76,24.76,24.29,24.39,24.20,24.48,24.67,24.57,24.48,24.48,24.39,24.76,24.20,24.11,24.11,24.39,24.67,24.39,24.48,24.57,24.39,24.11,24.29,24.29,24.11,24.11,23.83,23.83,24.39,24.20,23.92,24.29,24.20,24.20,23.92,24.01,24.48,24.11,24.39,24.20,24.11,23.92,23.64,23.64,24.11,24.20,23.55,24.11,24.39,24.11,24.20,24.11,24.11,24.29,24.29,24.29,24.20,24.20,23.83,24.57,24.29,24.39,24.39,23.83,24.57,24.11,24.01,24.01,24.48,24.20,24.57,24.29,24.11,24.20,24.39,23.92,24.11,24.20,24.01,24.01,24.29,24.29,24.01,23.92,24.29,24.29,24.57,24.11,23.92,24.39,24.29,24.20,24.20,24.01,23.92,24.01,24.29,24.20,23.92,23.83,24.01,24.01,24.29,24.39,24.67,24.11,24.01,23.92,24.01,24.01,24.29,24.29,24.11,24.20,23.73,24.11,24.11,24.11,24.01,24.20,24.29,24.01,24.11,24.20,24.11,24.39,23.83,24.20,24.11,24.29,24.29,24.01,24.01,24.20,24.39,24.29,24.11,24.11,24.01,24.29,23.92,24.11,23.64,24.29,23.92,24.48,24.48,23.83,24.01,24.01,24.11,23.83,23.73,24.11,24.48,24.67,24.29,24.01,24.11,24.01,24.39,24.01,24.01,24.11,24.39,24.01,24.11,24.01,23.83,23.73,24.20,23.83,24.11,24.01,23.92,24.20,24.29,24.01,24.20,23.92
23.36,23.83,23.73,24.20,24.11,23.83,24.01,23.55,23.92,24.39,24.20,23.92,24.39,24.01,24.01,23.83,23.92,23.73,24.01,24.01,24.01,24.29,24.01,24.01,24.01,24.01,23.92,24.20,24.39,24.48,24.29,24.01,24.11,23.92,24.01,24.29,24.01,24.20,24.11,24.20,24.11,23.92,24.11,23.92,24.29,24.29,24.01,24.20,24.11,24.01,24.57,24.29,23.83,24.20,24.20,24.20,23.83,24.48,23.92,24.20,24.29,24.20,24.11,23.45,24.11,24.11,24.01,24.39,24.20,24.29,23.64,24.11,23.73,24.20,24.20,24.29,24.11,23.73,24.01,24.67,24.48,23.73,23.92,24.01,24.39,23.92,24.11,23.83,24.01,24.29,23.83,24.20,23.92,24.29,23.92,23.83,24.29,23.83,23.92,24.39,24.20,24.20,24.11,24.11,24.20,23.55,24.39,24.11,23.92,24.20,24.01,24.39,24.20,24.11,24.29,24.29,24.29,24.57,24.01,23.83,24.29,24.39,24.39,24.20,24.29,24.11,24.11,24.20,24.01,24.39,24.48,24.20,24.01,24.67,24.20,24.29,24.01,23.73,24.20,24.29,24.11,24.11,24.20,24.85,23.92,24.29,24.11,24.29,24.20,24.20,23.55,24.20,24.20,24.39,24.11,24.11,24.29,24.11,24.29,24.29,24.39,24.48,24.29,24.20,24.01,24.67,24.48,24.48,24.48,24.39,24.57,24.67,24.39,24.29,24.39,24.67,24.29,24.20,24.48,24.20,24.39,24.76,24.48,24.39,24.67,24.85,24.76,24.57,24.11,24.39,24.20,24.29,24.48,24.29,24.57,24.57,24.29,24.11,24.20,24.57,24.29,24.85,24.76,25.02,24.01,24.48,24.48,24.20,24.57,24.48,24.29,24.29,24.48,24.85,24.67,24.39,24.11,24.11,24.01,24.48,24.20,24.39,24.20,24.67,24.20,24.01,24.01,24.20,24.11,24.11,24.29,24.39,23.83,24.20,24.48,24.29,24.39,24.20,24.39,23.73,23.83,24.11,23.92,24.48,23.92,24.20,24.29,24.11,24.01,23.92,23.83,24.20,24.29,24.11,23.83,24.11,23.92,23.73,24.20,24.01,24.39,23.92,24.11,23.92,24.01,23.92,24.11,24.11,24.01,23.92,24.01,24.11,24.29,24.39,24.01,24.20,24.48,24.48,24.48,24.11,24.39,24.11,23.92,23.73,23.83,24.67,24.39,24.29,24.11,24.29,24.48,24.29,24.11,24.20,24.20,23.83,23.73,24.39,24.01,24.29,23.64,24.11,24.11,23.64,23.83,24.11,24.20,23.64,24.01,24.20,24.01,23.92,23.83,24.01,24.20,23.92,24.29,23.83,23.83,24.11,23.83,24.29,24.01,24.11,24.20,24.20,23.64,24.20,24.39,23.92,24.20,24.20,23.92,24.20,24.29,23.92,24.39,24.29,24.29,24.57,24.01,23.92,24.57,23.73,24.20,24.39,24.29,24.39,24.48,24.01,24.20,24.48,23.83,23.92,24.01,24.01,23.73,23.92,24.48,24.01,23.73,24.01,24.39,23.73,24.29,24.11,24.29,24.01,24.20,24.57,23.92,24.48,24.01,23.55,24.20,23.64,24.01,24.11,24.01,24.01,23.83,23.83
23.92,23.55,23.92,24.11,24.29,24.29,23.83,23.64,23.55,23.64,24.01,24.01,23.73,23.92,24.01,24.11,23.64,24.29,23.92,24.20,24.29,24.01,24.29,23.73,23.92,23.73,23.45,24.01,24.11,23.92,24.11,24.57,24.20,24.01,23.92,23.83,24.39,24.01,24.01,24.20,24.20,23.64,23.83,24.20,24.01,24.01,23.92,24.11,24.20,24.29,24.11,24.29,24.29,24.01,24.20,24.48,24.20,23.92,24.39,23.92,24.11,23.92,23.83,23.83,24.01,23.83,24.39,24.01,24.11,24.39,24.29,23.92,24.39,23.83,24.29,23.83,24.11,23.92,24.01,23.92,24.20,24.11,24.01,24.20,23.73,24.01,23.92,24.20,23.73,23.83,24.11,23.92,23.83,24.01,23.92,23.73,23.92,24.29,24.11,24.39,23.92,24.48,24.39,24.01,24.11,24.20,24.01,24.57,24.20,24.11,23.83,24.01,24.20,23.83,24.01,24.20,24.39,24.01,24.29,24.11,23.92,24.11,24.11,24.57,24.20,23.92,23.92,23.92,24.01,24.01,24.20,23.83,24.29,24.29,24.01,23.45,24.20,24.01,23.92,24.11,24.39,24.11,24.20,24.48,24.29,24.01,24.29,24.39,24.20,24.48,24.20,24.20,24.20,24.11,24.48,24.01,24.11,24.11,24.48,24.29,24.01,24.48,24.11,24.29,24.20,24.11,24.29,24.11,24.01,24.29,24.67,24.29,24.29,24.39,24.29,24.57,24.48,24.85,24.20,24.39,24.39,24.39,24.11,24.20,24.11,24.29,24.29,24.29,24.67,24.29,24.11,24.48,24.20,24.29,24.48,24.39,24.39,24.39,24.39,24.20,24.48,24.57,24.29,24.20,24.57,24.01,24.48,24.29,24.29,24.29,24.29,24.29,24.20,24.48,24.29,24.67,23.92,23.83,23.83,24.39,24.20,23.92,24.20,23.73,23.83,24.11,24.39,23.92,24.11,24.29,24.11,24.01,24.11,24.29,24.48,24.11,23.92,23.92,24.20,24.29,24.01,24.01,24.67,24.48,24.11,23.92,24.11,24.39,24.29,23.83,24.01,24.11,24.11,23.92,24.11,23.92,24.20,24.11,24.11,24.20,24.01,24.11,24.29,24.29,24.20,24.01,23.64,23.64,24.01,24.11,24.57,24.11,23.73,24.01,23.73,24.01,24.29,24.11,24.11,24.11,23.73,24.29,23.92,24.39,24.11,23.73,24.20,24.01,23.92,24.20,24.29,23.83,24.29,24.29,23.92,24.39,23.83,24.29,23.83,23.92,24.20,23.73,24.01,24.29,24.29,23.83,23.73,23.83,24.01,24.01,23.73,23.92,23.64,24.01,24.01,24.01,23.64,24.57,24.20,24.20,24.20,24.39,23.92,24.01,24.20,24.01,23.83,24.20,24.11,23.73,23.64,23.92,24.20,24.01,24.48,24.01,24.48,24.39,23.83,24.01,24.29,24.11,24.29,23.92,24.11,23.92,23.73,24.29,23.92,23.92,24.11,23.92,23.92,24.11,24.29,24.39,24.67,23.64,23.92,23.83,24.20,24.20,23.73,24.29,23.73,23.55,24.11,23.92,23.73,24.48,24.29,23.73,24.01,24.20,23.83,24.01,23.73,24.39,23.64,24.29,23.83,23.45
23.83,23.92,24.11,23.83,23.55,24.11,23.64,23.73,23.83,23.45,24.01,23.73,23.55,24.29,24.01,24.01,23.83,24.20,24.01,23.64,24.01,23.83,24.11,23.92,23.73,23.73,23.45,23.64,24.01,23.73,23.45,23.64,23.83,24.01,23.64,24.01,23.92,23.83,23.64,23.92,23.92,24.11,24.11,23.92,24.01,23.92,24.29,24.20,23.92,24.39,24.01,23.92,23.92,23.83,24.20,24.76,23.73,23.73,23.83,23.36,23.64,24.01,23.73,24.01,23.73,23.73,24.11,24.11,23.92,24.01,23.92,24.39,23.92,24.01,24.01,24.11,23.92,23.83,23.92,23.92,23.64,23.73,23.83,24.11,23.83,24.11,24.11,23.83,24.20,23.92,23.64,24.39,24.20,23.83,24.20,24.11,24.01,23.83,23.55,24.20,24.29,23.92,23.55,23.64,23.83,24.57,23.64,24.01,24.67,24.11,24.48,24.39,24.11,24.39,24.20,23.92,24.57,23.92,24.01,23.83,24.20,24.11,24.39,24.29,23.83,23.83,24.11,24.29,24.76,23.92,24.20,24.29,24.39,24.01,24.11,24.39,24.67,24.11,24.39,23.83,24.01,23.83,24.39,24.11,24.11,24.48,24.11,24.20,24.11,23.83,23.83,24.20,23.92,24.11,24.11,24.39,24.57,24.29,23.92,24.01,24.29,24.48,24.20,24.11,24.48,24.11,24.29,24.11,24.48,24.57,24.67,24.20,23.92,24.39,24.01,24.20,24.11,24.85,24.39,24.20,24.76,24.48,24.29,24.29,24.39,24.29,24.57,24.29,24.39,24.20,24.29,24.39,24.11,24.29,24.20,24.01,24.01,24.11,24.20,24.39,24.20,24.48,24.48,24.39,24.57,24.48,24.01,24.29,24.57,24.57,24.29,24.20,24.39,24.48,23.92,24.01,24.11,24.20,24.39,24.01,24.01,23.92,24.20,24.67,23.73,24.29,24.67,24.48,24.57,24.39,23.83,24.48,24.11,24.39,24.67,24.85,24.01,24.11,23.73,24.48,24.20,24.11,23.55,24.11,24.20,24.11,24.20,24.57,23.73,24.20,23.92,24.20,24.48,24.01,24.29,24.11,24.20,24.11,24.48,24.11,23.64,24.01,24.11,23.64,24.11,24.48,23.92,23.92,23.73,23.83,24.39,24.01,24.01,23.92,24.11,23.92,23.83,24.01,24.11,23.73,24.01,24.01,24.29,24.11,24.29,23.83,24.39,24.01,24.29,24.11,23.92,24.48,23.92,23.83,23.83,24.01,23.73,24.01,24.01,23.83,23.83,24.11,23.45,23.64,24.01,24.11,24.11,23.83,23.92,23.92,24.29,24.11,23.55,23.92,24.11,24.11,23.55,23.73,24.01,23.83,23.64,24.11,24.01,23.92,23.92,23.92,24.11,24.20,23.83,23.64,24.11,24.20,24.11,24.20,23.64,24.11,23.83,24.57,23.92,23.64,24.29,23.83,24.39,24.11,24.11,24.39,24.29,23.92,24.29,23.83,24.01,24.11,23.83,23.83,23.83,24.20,23.83,24.39,24.11,24.29,24.20,24.29,23.83,23.92,24.29,23.92,23.83,23.64,23.64,24.29,24.29,23.83,24.11,23.73,24.11,24.11,24.01,23.83,23.92,23.92,23.55,24.11
23.92,23.45,23.83,23.73,22.87,23.73,23.83,24.01,24.01,24.20,23.92,23.83,23.36,23.73,23.92,23.83,23.64,23.64,24.20,23.73,23.45,23.73,23.83,23.92,23.92,23.83,24.11,23.55,23.73,24.48,23.92,24.20,23.73,24.20,24.48,23.26,24.01,23.83,24.11,23.83,24.01,24.20,24.29,24.01,23.64,24.01,23.92,24.29,23.92,24.11,24.39,23.83,23.83,23.83,24.20,24.29,24.01,23.55,23.73,24.39,23.64,24.29,23.55,23.26,24.11,24.01,23.83,23.64,24.01,24.01,24.01,23.73,23.83,23.92,23.55,24.01,23.92,24.29,24.01,24.48,24.11,24.20,23.83,24.39,23.64,23.92,23.92,24.01,23.92,23.92,23.83,24.11,24.11,24.01,23.64,24.01,24.01,24.01,23.92,24.01,24.11,24.48,24.11,24.01,23.83,24.11,23.92,24.01,24.29,24.11,24.11,24.11,23.83,24.20,24.29,24.29,24.29,24.01,24.11,24.76,24.01,24.39,23.45,24.39,23.73,24.01,24.29,23.83,24.11,23.92,24.01,24.20,24.11,24.48,24.39,24.67,23.92,23.83,24.39,24.39,24.01,24.67,24.20,23.83,24.29,24.57,23.92,24.01,24.20,24.20,24.39,24.20,24.01,24.29,24.48,24.11,24.20,24.01,24.48,24.76,24.11,24.29,24.11,24.29,24.29,23.92,24.29,24.20,24.20,23.92,23.92,24.11,23.83,24.48,24.57,24.01,24.20,24.57,24.67,24.20,24.29,24.29,24.29,24.39,24.01,24.48,23.92,23.92,24.57,24.67,24.29,24.29,24.01,24.11,24.11,24.01,24.76,24.57,24.67,24.29,24.29,24.01,24.29,24.48,24.48,24.20,24.01,24.67,24.67,24.67,23.73,24.57,24.39,24.48,24.48,24.76,24.11,24.39,24.39,24.20,24.20,24.01,24.67,24.01,24.76,24.29,24.29,24.11,23.92,24.29,24.01,23.83,24.01,24.01,24.29,24.39,23.92,24.29,24.57,24.48,24.11,24.11,23.64,24.20,23.83,23.64,24.11,23.92,24.11,23.92,23.83,24.01,23.92,23.73,23.83,24.11,24.29,24.01,23.92,24.29,23.73,24.29,24.11,24.39,24.01,24.20,23.55,24.01,23.55,23.83,24.29,23.83,23.73,23.92,24.20,24.29,23.92,24.01,23.92,24.20,24.11,23.83,23.55,23.83,23.64,23.92,24.29,24.01,24.20,24.01,24.01,24.01,24.20,23.92,23.92,24.48,24.01,24.20,23.83,24.11,23.73,23.92,24.11,24.29,24.01,24.20,24.01,23.92,24.20,24.11,23.64,23.83,24.29,23.83,24.01,23.73,24.01,23.83,24.29,24.11,23.92,23.92,24.01,23.73,24.11,24.29,24.11,23.83,23.92,23.83,23.92,23.92,23.92,23.92,24.20,24.01,23.64,24.20,23.92,23.83,23.92,24.29,23.92,24.11,24.11,23.45,24.01,24.01,24.01,23.92,23.83,23.92,23.73,23.92,24.11,24.01,24.48,23.83,24.01,23.83,24.11,24.01,23.83,24.11,24.11,23.45,23.83,24.01,23.83,23.92,24.01,24.29,24.11,24.01,23.92,23.55,24.11,23.83,23.45,23.64,24.20,23.45
24.11,23.55,23.45,23.36,23.92,23.64,23.92,23.73,23.26,23.83,23.73,24.01,23.64,23.92,23.73,23.73,23.64,23.64,23.92,24.01,23.64,24.01,24.01,23.73,23.45,23.55,24.11,23.73,23.83,23.92,24.01,23.64,24.01,23.73,23.73,23.45,24.01,24.11,23.83,24.01,24.01,23.73,24.57,23.64,23.73,23.55,23.64,24.39,24.01,23.73,24.01,24.01,24.11,23.92,24.20,23.92,23.92,23.73,23.92,24.20,23.55,24.11,24.01,24.01,24.20,24.29,24.20,23.83,24.11,24.39,24.29,24.11,24.39,23.92,24.01,24.20,23.64,24.11,23.73,24.20,23.73,24.11,24.11,24.20,23.73,23.83,24.11,23.83,24.29,23.92,24.20,24.20,24.01,24.11,24.20,23.83,23.83,23.83,23.92,24.11,24.11,23.83,24.20,23.92,24.29,23.83,24.48,24.01,23.45,24.20,24.39,24.01,23.92,24.01,24.11,23.92,23.92,24.48,24.01,23.83,24.39,24.29,24.11,24.11,24.39,23.73,23.83,24.29,24.29,24.01,23.83,24.39,24.11,24.20,23.73,23.55,23.55,24.29,23.92,24.29,24.01,24.29,23.92,23.83,23.83,24.11,24.11,24.29,24.48,24.57,23.73,24.39,24.29,23.73,23.55,23.64,24.29,24.39,24.01,23.92,24.20,24.11,24.11,24.39,24.29,23.92,24.20,24.20,24.39,24.29,24.67,24.48,24.20,24.11,24.39,24.48,24.39,23.92,24.29,24.29,24.39,24.29,24.39,24.29,24.39,24.20,24.20,24.29,24.20,24.67,24.20,24.48,24.11,24.39,24.39,24.29,24.57,24.11,24.29,24.48,24.85,24.20,24.01,24.29,24.29,24.57,24.20,24.20,24.20,24.57,24.39,24.20,24.20,24.39,24.20,23.92,24.39,24.20,23.83,24.29,24.29,23.92,24.48,24.01,24.20,24.20,24.20,23.92,24.20,23.92,23.92,24.48,24.01,23.83,24.01,23.83,23.92,24.01,23.92,24.01,23.73,23.92,23.83,24.01,23.83,24.11,23.36,23.83,24.01,24.57,23.92,23.92,24.01,23.64,24.20,23.92,23.83,23.92,24.01,24.20,24.20,24.11,23.92,23.92,23.92,24.11,24.11,23.83,23.92,24.20,23.73,23.73,23.64,24.11,23.73,24.39,24.11,24.11,24.29,24.01,23.92,23.92,24.11,23.64,23.64,24.11,23.83,23.92,23.83,24.20,24.39,23.83,24.01,23.83,23.64,24.01,24.01,24.01,24.29,23.92,23.83,24.20,24.29,24.29,23.92,23.92,23.55,23.92,23.64,23.83,24.01,24.01,24.11,24.11,23.92,23.92,24.20,23.83,24.01,23.64,24.11,23.83,23.73,23.83,24.01,23.92,24.20,23.55,24.01,23.36,23.83,24.20,24.29,24.48,24.11,24.11,23.83,23.73,24.20,24.39,24.20,24.29,24.29,23.55,24.29,24.11,24.20,23.64,24.20,23.83,23.92,23.73,24.01,24.20,23.83,23.83,24.20,24.11,24.01,24.20,24.11,24.20,24.01,24.01,24.20,23.45,24.29,23.83,24.29,23.73,24.11,23.73,23.73,23.55,23.92,24.20,24.20,23.55,24.20,24.11,23.73,24.11
23.73,23.73,23.73,23.64,24.01,23.45,23.55,23.92,23.45,23.83,23.73,23.73,23.17,24.20,23.73,23.55,23.26,23.73,23.92,23.73,23.45,24.39,23.64,24.01,23.83,23.64,23.92,23.36,23.83,23.92,23.83,23.92,24.29,23.73,23.73,23.64,23.73,23.83,23.73,23.55,24.01,24.01,23.55,23.92,23.92,23.83,23.92,24.11,23.92,23.92,24.29,24.01,24.01,24.11,24.11,24.01,23.45,23.92,23.92,24.01,23.64,24.11,23.92,23.26,24.11,24.01,24.01,23.55,23.73,24.01,23.92,24.39,24.01,24.01,23.92,23.92,24.39,24.20,23.83,24.39,24.39,24.01,23.83,23.73,23.64,24.20,23.92,23.55,23.64,23.83,24.11,24.39,23.83,24.39,24.01,24.48,23.92,24.11,24.11,23.92,24.11,24.29,24.11,23.64,23.92,24.11,24.11,24.48,24.39,24.11,23.92,24.01,24.11,23.92,24.11,24.01,24.11,24.29,23.83,23.55,23.73,24.39,23.83,24.20,23.92,23.92,24.20,23.64,24.01,23.92,23.83,24.01,23.45,24.11,23.73,23.92,24.11,23.92,24.39,23.92,24.01,23.92,24.29,24.20,24.39,23.83,24.20,24.29,24.48,24.01,24.20,24.29,24.11,23.83,24.20,24.11,24.29,24.20,24.29,23.92,24.11,23.83,23.92,24.11,23.92,24.01,23.92,23.92,24.01,24.48,24.11,24.39,23.83,24.20,24.29,24.48,24.29,24.20,24.39,24.20,24.20,24.39,24.20,24.48,24.29,24.39,24.29,23.92,24.20,23.92,24.93,24.29,24.11,24.01,24.39,24.20,24.39,24.39,24.57,24.39,24.48,24.39,24.39,23.92,24.39,24.39,23.92,24.20,24.11,23.92,24.57,24.39,24.39,24.11,24.20,24.39,24.39,24.39,24.11,24.39,24.20,23.92,24.01,24.01,24.20,23.83,24.11,23.92,23.92,24.11,23.64,24.01,23.92,24.29,24.11,23.92,23.64,23.73,24.01,24.11,24.01,23.64,23.83,23.83,22.96,23.64,24.01,24.11,23.64,23.83,23.73,23.64,23.64,23.73,24.11,24.11,23.92,24.20,24.29,23.83,24.20,23.73,23.92,23.73,23.83,23.92,23.92,24.01,24.01,24.01,23.83,24.11,23.92,23.73,23.92,23.92,23.92,24.29,24.01,24.39,24.29,24.20,24.20,23.83,23.83,24.11,24.29,23.55,24.11,23.92,23.92,24.11,23.83,23.92,23.83,23.73,24.01,24.11,23.73,23.83,24.29,23.73,23.64,23.73,23.83,23.73,24.29,24.01,24.11,23.92,23.55,23.83,24.01,23.92,23.83,24.20,23.92,23.83,24.11,23.26,24.01,23.83,23.92,23.64,24.11,24.01,23.83,24.01,23.83,24.01,23.73,24.01,24.01,23.64,23.92,23.64,24.11,24.11,23.64,23.73,24.01,24.01,24.01,24.11,23.45,24.01,24.20,23.64,23.64,23.83,24.01,23.83,23.73,24.20,24.29,23.64,23.83,24.20,23.45,24.29,23.83,23.55,24.29,24.11,23.83,24.01,23.73,23.83,23.92,24.01,24.11,24.11,23.92,23.73,23.92,24.29,24.01,24.39,23.45,23.92,24.01,23.92
23.55,23.36,23.73,23.64,23.64,23.64,23.73,23.73,23.64,23.64,23.55,23.45,23.55,23.83,23.92,23.64,24.01,23.83,23.55,24.20,23.73,23.64,24.11,23.64,23.83,24.01,23.92,23.73,23.55,23.64,23.64,23.83,23.64,24.20,23.73,24.20,23.73,24.01,23.64,24.20,23.73,23.73,23.73,24.11,24.01,23.73,23.64,24.01,24.01,23.64,23.92,24.20,23.92,24.01,23.64,23.92,23.83,24.01,24.20,24.11,24.01,23.55,23.83,24.01,23.45,23.73,23.36,24.29,24.57,24.39,23.45,24.20,24.20,23.73,23.64,23.55,23.55,23.92,23.55,24.01,23.92,23.83,23.92,23.92,23.92,24.20,23.83,24.01,23.92,23.83,23.92,24.01,23.73,23.92,23.73,23.83,24.11,24.29,24.11,23.92,23.83,23.36,24.01,23.92,23.83,23.92,24.20,24.11,24.11,24.48,24.20,23.92,24.39,23.64,23.83,24.67,24.20,23.64,24.20,24.01,24.29,24.20,24.11,24.01,23.55,24.29,23.92,24.29,24.11,24.01,23.73,24.01,23.73,23.83,24.20,24.29,23.83,24.39,24.20,24.11,24.29,24.11,23.64,23.55,23.92,23.73,24.01,24.11,23.73,24.39,24.29,23.83,23.92,24.20,24.11,23.83,24.11,23.83,24.20,24.01,24.01,23.55,24.01,23.73,23.83,23.36,24.20,24.20,23.64,24.11,24.20,24.20,24.20,23.73,24.20,24.11,24.11,24.29,24.29,24.57,24.20,24.39,24.01,24.11,24.11,24.29,24.29,24.11,24.29,24.48,24.01,24.29,24.29,24.39,24.39,24.76,24.48,24.20,24.29,24.57,24.20,24.01,23.83,24.11,23.73,24.48,24.11,24.11,24.48,24.20,24.11,24.85,24.20,24.11,24.39,24.01,23.73,24.11,24.39,24.29,24.11,24.20,23.83,24.29,24.57,24.29,24.20,23.92,24.11,24.20,24.20,24.01,24.01,23.83,23.83,23.73,24.20,23.73,24.20,24.20,23.92,23.83,24.01,23.64,24.48,23.92,24.01,24.39,23.92,24.11,23.92,23.83,23.92,24.29,23.83,23.92,24.39,23.83,23.83,23.92,24.29,23.92,24.11,23.83,23.83,24.11,23.64,23.73,24.01,24.11,24.20,23.83,24.01,24.11,23.83,24.11,24.48,23.92,24.11,23.92,23.45,23.83,24.57,24.20,23.92,23.55,23.73,23.64,23.55,24.11,24.01,23.64,24.01,23.73,23.73,23.73,24.29,24.11,24.20,23.73,23.64,23.73,24.01,23.92,24.20,24.20,23.73,23.92,24.01,23.83,23.92,23.64,23.64,24.01,24.01,24.29,23.55,23.92,23.92,24.01,23.92,23.55,23.83,23.73,23.64,24.11,23.64,23.83,23.83,24.01,23.45,23.73,23.73,24.01,24.20,24.48,24.01,23.73,24.20,23.83,23.92,23.92,23.55,24.20,24.48,23.83,23.45,23.83,23.92,23.64,23.45,24.11,23.92,24.29,24.20,24.01,23.92,24.01,23.92,23.83,24.20,23.64,24.29,23.83,24.20,23.55,24.20,24.01,24.20,23.64,23.73,23.83,23.83,24.11,24.01,23.83,23.92,24.01,23.55,23.83,23.36,24.11
23.92,23.64,23.55,23.92,23.55,23.26,23.45,23.17,23.73,23.45,23.73,23.83,23.83,24.11,23.73,23.83,23.73,23.64,23.73,23.92,24.01,23.45,23.92,23.26,24.20,23.45,23.26,23.83,23.83,23.36,23.55,23.83,23.55,23.55,23.55,23.55,23.55,24.01,23.45,24.01,23.64,23.83,23.92,23.83,24.01,24.20,24.11,24.39,23.55,23.64,24.20,24.39,23.45,23.73,23.83,24.01,23.64,23.64,23.64,23.73,23.73,23.64,23.83,23.26,23.64,23.92,24.29,24.20,23.92,23.92,23.83,24.01,23.92,24.20,24.01,23.73,24.01,23.73,23.64,23.26,24.39,24.11,23.55,24.11,23.08,23.73,24.01,24.01,23.64,23.83,23.83,24.20,23.45,23.73,24.11,23.64,23.92,23.83,23.92,24.01,24.11,23.83,23.92,23.92,23.92,23.64,24.11,23.92,23.73,24.11,23.92,24.01,24.01,23.92,24.01,23.83,23.92,24.01,24.11,24.01,24.01,24.39,24.11,23.92,23.73,24.29,24.01,23.64,24.29,23.92,24.29,24.29,24.48,23.73,24.57,24.29,23.73,23.92,24.01,24.29,24.20,24.29,23.73,23.92,23.83,24.29,23.92,23.92,24.29,24.01,23.92,24.20,24.01,24.01,24.20,24.39,23.73,23.92,23.92,23.73,24.01,24.11,23.92,24.01,24.20,24.29,24.11,24.57,24.29,24.39,24.20,23.92,24.76,24.76,24.29,24.01,24.48,24.20,23.73,23.83,24.20,24.29,24.39,24.39,24.39,24.93,23.83,24.29,24.29,24.48,24.57,24.29,24.76,24.20,24.29,23.92,24.20,24.85,24.01,24.20,24.20,24.48,24.20,24.29,23.73,24.39,24.20,24.48,24.29,24.48,24.20,24.39,24.01,24.20,24.29,23.73,23.73,24.20,23.45,23.92,23.92,24.11,24.39,23.83,23.92,24.01,24.01,23.83,23.92,24.11,24.01,24.11,24.11,24.20,24.01,24.11,23.83,24.20,24.39,23.92,24.29,24.01,24.01,23.55,23.83,24.01,24.01,24.11,24.48,23.45,23.92,23.55,23.92,23.92,23.73,23.92,24.11,23.83,23.73,24.11,23.83,23.83,24.01,24.11,23.64,24.11,23.83,23.92,23.83,24.01,24.20,24.01,24.20,23.73,24.01,24.29,23.83,24.11,24.11,23.92,23.83,24.01,23.92,23.83,24.01,23.64,24.29,24.01,23.55,23.83,23.45,23.73,23.83,24.01,23.92,24.20,23.83,23.92,24.01,24.39,24.20,23.55,23.92,24.29,24.39,24.39,24.01,24.20,23.92,23.92,23.92,23.55,23.92,24.29,23.92,23.55,23.73,23.83,23.83,23.83,23.92,23.92,24.01,23.92,24.01,23.92,24.01,23.83,24.01,24.01,23.64,23.55,23.73,23.92,23.55,23.73,23.73,23.73,24.01,23.73,23.83,24.11,24.57,24.11,24.11,23.92,23.73,23.83,24.11,23.55,24.11,24.01,24.01,23.92,23.83,23.64,23.73,23.73,23.73,23.83,23.36,23.92,23.83,23.83,23.64,24.20,23.55,23.83,23.73,23.55,24.11,23.83,24.29,23.83,23.64,24.11,23.83,23.92,24.11,23.26,23.55,23.64
23.45,23.73,23.55,23.36,23.64,23.55,23.64,23.64,23.64,23.64,23.55,23.55,23.83,23.64,23.36,23.64,23.83,24.11,23.73,23.83,23.73,23.08,23.64,23.73,23.92,23.45,23.92,24.11,23.45,24.01,23.26,23.45,24.20,23.45,24.29,23.64,23.64,23.83,24.01,23.83,24.01,23.73,23.73,24.01,24.01,23.92,23.64,23.73,23.92,24.01,23.83,23.73,23.64,24.01,23.73,23.73,24.11,23.45,23.73,23.64,23.83,23.64,23.55,23.26,23.55,23.92,23.92,23.83,23.55,24.01,24.11,23.26,23.92,23.55,24.11,24.01,23.64,24.11,24.39,23.83,23.83,23.92,23.83,24.01,23.92,23.83,23.73,23.64,23.83,23.73,24.01,23.92,23.73,23.73,23.83,24.11,23.55,23.64,23.73,23.55,23.73,23.83,24.20,24.29,23.73,24.11,24.29,24.11,23.73,24.01,23.64,24.11,24.01,23.73,24.01,24.01,23.83,24.29,24.01,23.45,23.92,23.83,24.11,23.83,23.92,23.83,24.11,23.92,24.20,24.48,24.01,24.01,24.01,23.83,23.73,23.73,24.01,24.01,24.01,24.01,23.92,24.11,24.11,23.64,23.92,24.01,23.92,24.11,23.55,24.29,23.92,24.11,24.01,23.92,24.29,23.83,23.73,24.29,23.64,24.29,23.64,23.73,24.11,24.01,24.01,23.92,24.01,23.92,24.11,24.01,24.11,24.01,24.20,24.39,24.11,24.20,24.39,24.11,24.29,24.29,24.20,24.76,24.39,24.29,24.48,24.39,24.48,24.11,24.57,24.48,23.83,24.20,24.48,24.85,24.39,24.11,24.01,24.01,24.48,24.39,23.83,24.39,24.39,24.67,24.29,24.39,24.48,23.92,24.20,24.29,24.11,24.39,23.83,23.83,23.83,24.57,23.83,24.11,24.11,24.01,24.20,24.01,23.83,23.55,24.01,23.92,24.11,24.48,23.64,24.01,24.01,24.01,23.83,24.48,23.83,24.39,24.29,24.01,24.20,23.83,23.55,23.92,23.55,23.36,24.01,24.29,23.73,23.64,23.73,23.73,24.11,23.83,24.20,23.92,23.92,24.20,23.73,23.83,23.73,24.20,23.92,23.83,23.73,24.11,23.83,24.01,23.73,24.20,23.92,24.20,24.20,24.01,23.73,24.29,24.20,24.20,23.83,23.26,24.20,23.73,23.64,23.64,24.01,24.39,24.01,23.92,23.64,24.01,23.92,23.92,23.55,23.64,23.73,23.26,23.92,23.73,23.45,23.55,24.29,24.11,24.01,24.01,23.92,23.73,23.73,23.45,23.83,24.39,23.64,23.64,24.01,23.92,23.83,23.73,23.64,23.36,23.45,23.55,23.64,23.64,23.73,23.92,23.55,23.83,23.55,23.83,23.64,24.11,23.55,23.73,24.11,24.20,23.92,24.11,23.55,24.01,23.45,23.45,24.11,23.73,24.29,23.64,23.83,23.64,23.83,24.20,23.92,23.92,23.36,23.26,23.45,24.11,23.64,24.11,23.83,23.64,23.64,23.64,23.83,23.92,24.11,23.64,23.45,23.64,23.55,23.73,23.64,23.83,23.55,23.73,23.92,24.01,23.55,23.73,23.73,23.73,23.17,23.55,23.64,23.36,23.64,24.01
23.64,23.17,23.45,23.55,23.08,23.17,24.20,23.45,23.36,23.73,23.73,23.17,23.36,23.55,23.64,23.73,23.45,23.55,23.55,23.64,23.55,23.92,23.45,23.64,23.83,23.83,23.92,23.73,23.55,23.55,23.73,23.83,23.55,23.73,23.55,23.55,23.55,23.64,23.55,23.92,23.64,23.55,23.64,24.01,23.73,24.20,23.64,23.73,23.17,23.83,24.01,23.64,23.64,23.55,24.29,23.45,24.01,23.64,23.45,23.64,23.73,24.20,23.64,23.92,23.55,23.73,23.73,24.01,23.64,23.73,23.64,24.01,23.36,23.55,23.73,24.11,23.92,23.26,24.01,23.64,24.11,24.11,23.73,24.11,24.20,24.11,24.29,23.73,23.73,23.64,24.01,24.01,24.39,23.73,23.64,23.83,24.01,23.55,23.64,24.11,23.83,24.01,24.29,24.29,23.26,24.01,23.83,23.73,24.39,24.01,24.01,24.11,24.01,24.20,23.73,23.92,23.92,24.01,24.29,23.64,23.73,24.20,23.83,24.01,24.01,24.01,24.01,23.92,23.64,23.92,24.20,23.73,24.01,23.45,24.01,23.83,23.83,23.55,24.20,23.73,24.01,24.01,24.01,23.64,23.92,24.20,24.29,24.20,23.83,23.92,23.73,23.83,23.83,24.01,23.92,24.01,23.92,24.11,24.11,23.92,24.29,24.01,24.11,24.11,23.83,23.73,24.11,24.39,24.11,24.20,24.20,24.39,23.64,23.92,24.11,24.11,24.67,24.39,24.11,24.20,24.01,24.29,24.01,23.92,24.39,24.11,24.01,24.01,24.20,24.11,24.67,24.39,24.01,24.11,23.73,24.11,24.20,24.11,24.48,24.11,24.39,24.01,24.11,24.01,24.29,24.48,23.92,24.57,24.29,24.11,23.83,23.73,24.01,24.01,24.01,24.01,24.11,23.83,24.01,23.92,23.83,23.83,23.83,24.39,24.01,23.64,24.20,24.01,24.01,23.55,24.39,23.92,24.20,24.20,23.83,23.73,24.01,23.83,24.29,23.73,23.92,23.36,23.73,23.92,24.01,24.39,24.29,24.48,23.55,23.64,23.83,23.92,24.20,23.55,24.11,23.55,24.11,23.92,23.83,23.92,23.45,23.92,23.73,24.11,23.64,24.01,23.92,23.64,23.45,23.92,24.20,24.29,23.92,24.11,23.36,24.11,24.01,24.57,23.55,24.29,24.11,23.83,23.73,23.73,23.73,24.39,24.11,23.55,24.20,24.01,23.83,24.11,24.01,23.83,24.11,24.11,23.64,24.11,23.83,23.92,23.55,23.64,23.73,23.64,24.29,23.45,23.64,23.73,23.83,23.73,23.73,23.73,23.45,23.92,23.83,23.92,23.26,24.11,23.64,24.11,24.01,23.26,23.55,23.45,23.17,23.45,23.64,23.55,24.39,23.83,23.64,23.64,23.92,24.11,24.11,23.83,23.83,24.11,23.83,23.83,24.20,23.73,23.92,23.45,23.64,24.01,23.83,23.92,23.73,23.73,23.64,24.01,24.01,23.64,24.01,23.92,24.01,23.83,24.01,23.92,24.01,23.55,24.01,23.55,23.36,23.55,24.20,24.01,23.92,23.55,23.83,23.64,23.45,24.11,24.11,23.64,23.83,24.01,24.20,23.36,23.73,24.29
23.83,23.55,23.45,23.55,23.55,23.64,23.08,23.55,23.55,23.73,23.64,23.55,23.45,23.36,23.83,23.73,22.77,23.36,23.73,24.01,23.55,23.73,23.83,23.45,23.55,23.73,23.17,23.45,23.45,23.83,24.01,24.11,24.01,23.36,24.01,23.83,23.73,24.11,24.01,24.01,24.11,23.83,23.55,23.08,23.92,23.64,23.73,23.36,24.01,24.20,23.83,23.73,23.73,23.92,23.83,24.20,23.73,23.26,24.01,23.83,23.26,22.96,23.92,23.64,23.83,24.48,23.83,24.01,23.73,24.11,23.92,24.01,23.45,23.64,23.92,24.29,24.20,24.11,23.55,24.01,24.29,23.45,24.01,23.55,24.20,23.83,23.26,23.73,23.83,24.01,23.83,23.64,23.45,24.29,23.83,23.92,23.83,23.83,23.64,23.73,23.64,23.73,24.39,24.01,24.11,24.01,23.92,23.92,23.83,23.64,24.29,24.11,24.11,23.45,24.01,24.11,24.01,23.64,23.92,24.57,24.01,24.01,23.83,23.45,23.55,24.11,24.11,23.64,23.92,23.92,23.92,23.92,23.92,23.92,24.11,24.01,23.83,24.01,24.11,23.64,24.01,23.92,24.01,24.11,24.11,24.01,23.92,23.92,23.92,24.01,24.29,23.92,23.83,24.20,24.48,23.83,23.83,24.01,24.29,23.83,24.01,24.29,24.48,24.29,23.83,23.92,24.29,23.83,23.83,24.11,23.92,24.01,24.01,23.92,23.92,24.11,23.92,23.73,24.01,24.20,24.01,24.01,24.29,24.29,24.48,24.01,24.39,24.20,23.92,24.29,24.39,24.39,24.29,24.48,24.01,23.92,24.29,24.01,24.57,24.39,23.92,24.57,23.73,24.11,24.11,23.83,24.57,23.92,24.20,24.01,24.39,24.01,23.83,24.29,23.73,24.20,24.01,24.01,23.83,23.55,24.11,23.92,23.92,24.01,24.01,23.83,23.92,24.01,24.39,23.73,23.83,23.73,24.20,23.73,23.64,24.01,24.01,23.92,24.11,23.92,24.11,24.11,23.83,23.73,24.29,24.01,23.55,23.83,24.11,23.17,23.36,23.92,23.73,23.73,24.01,23.73,23.64,24.11,23.64,23.73,23.73,23.73,23.83,23.83,23.36,23.73,23.73,23.73,23.55,23.73,23.64,23.55,23.64,23.73,24.20,23.45,24.29,24.11,23.83,23.55,24.01,23.73,23.64,23.45,23.83,23.92,24.01,23.73,24.39,24.01,23.45,24.29,23.73,23.55,23.64,23.64,23.64,23.26,23.73,23.92,23.92,24.01,23.17,23.73,23.45,23.45,23.36,23.92,23.92,23.64,23.64,23.64,23.55,24.01,23.83,23.73,23.64,24.20,24.01,23.73,23.64,23.45,23.73,23.92,23.64,23.45,23.45,23.64,23.36,23.83,23.17,23.83,24.48,24.01,24.11,23.92,23.92,23.92,23.17,24.11,24.01,23.73,23.64,24.11,23.55,23.64,23.26,23.64,23.73,24.01,23.64,23.83,23.64,24.01,23.83,23.73,23.64,23.64,24.11,23.64,23.36,23.73,23.64,23.83,23.83,23.73,23.73,23.73,23.26,23.36,23.92,23.45,23.36,23.26,23.92,24.01,23.64,23.83,24.11,24.01,23.55,23.17
22.77,23.92,23.36,22.77,23.64,23.92,23.64,23.92,23.73,23.64,23.73,23.55,23.92,23.73,23.92,23.64,23.92,23.92,23.45,23.36,23.64,23.36,23.36,23.45,24.01,23.36,23.73,23.73,23.55,23.73,23.83,23.83,23.45,23.83,23.45,24.11,23.92,23.64,23.55,23.92,23.83,23.92,23.36,24.11,23.83,23.73,23.64,23.73,23.55,23.36,23.92,23.73,23.45,23.36,24.20,23.36,23.36,23.55,24.11,23.55,23.73,23.45,23.83,23.36,23.73,23.17,23.17,23.92,24.11,22.96,23.73,23.64,24.01,23.36,23.26,23.83,23.36,23.55,23.83,23.36,23.64,23.64,23.92,24.20,23.73,23.92,23.64,23.55,23.92,24.01,23.64,23.83,23.55,23.08,23.55,23.17,23.45,23.83,23.55,23.36,24.01,23.64,23.64,23.92,23.17,23.83,23.64,24.01,23.92,23.92,23.73,23.26,23.55,24.20,23.64,23.73,23.83,24.20,23.92,23.64,23.45,23.73,23.83,23.36,23.92,24.01,24.01,23.73,24.20,23.64,24.11,24.20,24.20,23.83,23.36,23.55,23.55,24.29,23.26,23.45,23.92,23.83,23.83,23.92,23.64,23.83,23.64,23.64,23.83,23.73,23.83,23.45,23.55,23.83,24.01,24.01,24.01,23.64,23.73,23.73,24.11,23.92,23.83,24.01,24.11,23.83,23.73,23.64,24.11,24.20,24.01,23.73,23.83,24.11,23.92,24.20,24.48,24.11,23.73,24.11,24.11,24.11,24.29,24.01,24.20,23.92,24.48,24.11,24.01,24.11,24.01,24.48,24.67,24.39,23.92,24.01,23.73,23.92,24.39,24.20,24.48,24.20,24.29,24.20,24.11,24.20,23.73,23.92,24.01,24.11,24.11,23.64,23.83,24.01,23.73,23.64,23.83,23.83,23.92,24.20,23.73,23.73,23.92,24.11,23.73,23.45,24.11,23.73,23.83,24.11,23.92,23.92,23.45,23.64,24.01,23.64,23.36,24.20,23.83,23.92,23.83,24.29,23.64,23.92,23.73,24.01,23.92,23.55,23.92,23.92,23.26,23.83,24.01,23.45,23.83,23.64,23.55,23.64,24.11,23.92,23.64,24.01,24.11,23.64,24.01,23.73,23.45,23.36,24.01,23.73,23.55,24.01,23.92,23.73,23.92,24.01,23.73,23.83,23.64,23.26,23.92,23.73,23.55,23.55,23.55,24.20,23.55,24.29,23.36,23.64,23.36,23.64,23.08,23.83,23.45,23.73,23.64,24.01,23.92,23.08,23.73,23.73,23.73,23.73,24.11,23.92,23.36,23.36,23.73,23.64,23.55,24.29,23.73,23.83,23.17,23.45,23.64,23.73,23.83,23.83,24.01,24.11,23.36,23.73,24.11,23.64,24.11,23.64,23.36,23.64,23.45,23.73,23.64,24.11,24.20,23.64,23.64,24.20,24.01,23.64,23.83,23.73,23.83,23.36,23.83,24.20,23.73,24.01,23.26,23.55,24.01,23.83,24.01,23.83,23.92,23.64,23.55,23.45,24.01,23.64,23.83,23.73,23.73,23.64,23.64,23.64,23.83,23.55,23.64,24.01,23.83,23.45,23.83,23.36,24.01,24.01,24.01,23.64,23.64,23.83,23.36,24.11
22.87,23.36,23.26,23.26,23.64,23.36,23.45,23.45,23.45,22.87,23.55,23.73,23.45,23.45,23.64,23.73,23.36,23.55,23.64,23.55,23.36,23.36,23.08,23.92,23.45,23.55,23.55,23.83,23.26,23.36,23.36,23.17,23.55,23.83,23.55,23.73,23.55,23.26,23.92,23.55,24.01,23.45,23.64,23.45,23.55,23.64,23.55,23.55,23.08,22.96,23.83,23.55,23.45,23.36,23.36,23.45,23.36,23.83,23.36,23.36,23.73,23.73,23.45,23.36,23.36,23.92,23.83,23.55,23.26,23.36,23.92,23.83,24.11,23.55,23.73,23.73,23.45,23.64,23.83,23.45,23.45,23.92,23.55,23.73,23.36,23.26,23.73,23.36,23.64,23.64,23.83,23.64,23.73,23.45,23.17,23.36,23.55,23.36,23.83,23.64,23.64,23.55,23.45,23.92,23.64,23.64,23.55,23.36,23.73,23.64,23.17,23.64,24.11,23.73,23.55,24.01,23.92,23.92,23.83,24.01,23.73,23.83,23.92,23.55,23.64,23.92,23.92,23.92,24.29,23.08,23.64,23.64,24.01,23.55,24.11,23.64,23.55,23.83,23.73,24.01,23.92,23.45,24.20,23.92,24.01,23.83,23.64,23.45,23.92,24.01,23.36,23.92,23.92,23.45,23.45,23.92,23.73,23.45,23.83,23.92,24.01,23.73,23.26,23.83,23.83,23.92,23.83,23.92,23.45,24.29,23.92,24.20,23.92,23.92,24.11,24.57,23.83,23.92,24.01,23.83,24.20,23.92,24.20,24.29,23.83,24.01,24.11,23.83,23.92,23.83,23.92,24.29,23.83,24.01,23.73,24.93,23.92,23.73,23.64,23.83,23.92,24.29,23.83,23.83,23.92,24.29,24.29,23.92,23.73,23.73,24.11,24.29,24.01,23.64,24.01,24.29,23.83,23.92,23.73,24.11,24.01,23.83,23.73,23.64,24.20,23.64,23.73,23.92,23.83,23.92,23.36,23.64,23.73,24.11,23.64,23.92,23.55,24.20,23.73,23.55,23.64,24.39,23.92,23.26,23.26,23.73,23.17,23.36,23.26,23.73,23.64,23.36,23.64,23.26,23.45,23.64,23.64,23.83,23.73,24.01,24.01,24.11,23.92,23.36,23.83,23.36,23.92,23.73,24.01,23.55,23.55,23.55,24.01,23.92,24.20,23.64,24.11,23.92,23.73,23.73,23.55,23.64,23.45,23.83,23.64,23.92,23.36,23.55,23.83,23.36,23.83,23.73,23.73,24.01,23.92,23.73,23.45,23.36,23.08,23.73,23.73,23.64,23.45,24.01,23.73,23.64,23.83,23.92,23.36,23.55,23.64,23.64,23.83,24.20,23.83,24.11,23.83,23.45,23.55,23.64,23.36,23.92,23.92,23.83,23.26,23.26,23.45,23.64,23.55,23.36,23.64,23.64,23.17,23.73,23.83,23.73,23.45,24.11,23.45,23.73,23.92,23.64,23.83,23.55,23.83,23.83,23.17,23.92,24.11,23.45,23.92,23.83,24.01,24.20,24.20,23.83,23.83,23.73,23.36,23.83,23.55,23.73,23.83,24.20,23.64,23.64,24.11,23.73,23.36,23.73,23.73,23.83,24.11,23.73,23.45,23.55,23.64,23.83,23.45,23.45,23.83,23.73
23.92,23.36,23.45,23.17,23.83,23.73,23.45,23.55,23.17,23.36,23.64,23.92,23.55,23.45,24.01,23.73,23.64,23.64,23.36,23.64,23.26,24.57,23.45,23.36,23.55,23.55,24.20,23.55,23.55,23.55,23.55,24.20,23.92,23.45,23.36,23.64,24.11,23.92,23.92,23.55,24.11,24.11,23.83,23.73,23.45,23.83,23.55,23.36,24.20,23.73,23.64,23.64,23.26,23.92,23.64,23.64,23.17,23.55,23.55,23.64,23.83,23.64,23.08,23.45,23.73,23.83,23.26,23.64,23.45,23.64,23.64,23.73,23.73,23.64,23.64,23.73,23.55,23.26,23.64,23.73,24.11,23.73,23.83,23.26,23.92,24.20,23.64,23.83,24.29,23.64,23.73,23.83,23.64,23.73,23.64,23.83,23.45,23.92,23.55,23.92,23.92,23.17,23.64,23.73,23.83,23.55,23.64,24.11,24.20,23.55,23.83,24.01,24.57,23.64,24.01,23.64,23.83,23.73,23.92,23.73,23.64,24.01,23.55,23.92,24.29,23.83,24.11,23.73,23.83,23.73,23.64,23.92,23.92,24.11,23.17,24.01,23.73,23.73,23.73,23.83,24.20,24.01,24.29,23.45,23.64,23.64,23.92,23.45,23.92,23.83,23.83,24.29,24.11,23.83,24.29,23.83,23.64,24.11,24.20,24.20,23.73,24.01,23.92,23.26,23.55,24.20,23.83,24.01,24.01,24.20,24.20,23.64,24.20,24.20,23.73,24.48,24.29,23.92,23.83,24.11,24.01,24.11,24.29,24.57,23.92,23.92,23.92,24.01,24.11,23.45,24.01,23.83,24.11,23.45,24.11,24.11,24.11,24.39,24.48,24.39,23.55,24.01,24.01,24.39,23.92,24.11,24.20,23.92,23.92,24.20,23.73,24.01,24.01,24.01,24.01,24.01,23.83,24.01,23.64,23.83,23.83,23.73,23.73,24.11,23.92,23.92,23.73,23.64,23.36,23.64,23.73,24.01,24.20,23.92,23.73,23.83,23.73,23.55,24.11,23.55,23.83,24.39,24.11,23.83,23.92,24.11,23.92,23.83,23.45,23.64,23.83,23.83,23.92,23.73,23.64,23.45,23.73,23.83,23.73,23.64,23.45,23.83,23.73,23.73,23.73,23.36,23.73,23.45,23.64,24.11,23.55,23.83,23.55,23.92,23.55,24.29,23.64,23.55,23.45,23.73,23.64,23.64,23.17,23.17,23.17,24.11,24.20,23.83,23.83,23.45,23.26,24.11,23.36,23.83,23.73,23.55,23.83,23.83,23.73,23.83,23.73,23.45,23.45,23.83,23.83,23.73,23.73,23.64,23.55,23.64,23.45,23.92,23.73,23.45,23.73,23.45,23.83,23.45,24.11,23.73,23.64,23.17,24.20,23.73,23.73,23.26,23.45,23.83,23.64,23.55,23.64,23.83,23.64,23.26,23.73,23.73,23.83,23.45,24.01,23.64,23.73,23.83,23.83,24.48,23.73,23.55,23.64,23.73,23.92,23.55,23.83,23.92,23.55,23.92,23.92,23.08,23.45,23.73,23.92,23.45,23.83,23.92,23.64,23.36,23.92,23.36,23.55,23.64,23.64,23.55,23.92,24.20,23.73,23.83,23.36,23.64,23.36,24.01,23.45,23.55,23.64,23.64
23.26,23.08,22.96,22.96,22.87,24.20,23.36,23.36,23.36,23.17,23.92,23.17,23.73,23.26,23.73,23.64,23.36,23.26,23.17,22.68,23.45,23.55,23.55,23.45,23.92,23.45,23.45,23.64,22.96,23.45,23.45,23.55,24.29,23.73,23.36,23.36,23.64,23.64,23.45,23.92,23.64,23.83,23.73,23.36,23.83,23.83,24.11,23.64,23.55,23.55,23.64,23.83,23.64,23.73,23.17,23.36,23.83,23.73,23.26,22.77,23.26,23.17,23.55,23.64,23.26,23.45,24.01,24.01,23.26,23.17,23.83,23.26,23.45,23.73,23.64,23.64,23.73,23.73,23.17,23.55,23.92,23.17,24.11,23.83,23.64,23.45,23.73,23.45,23.64,23.55,23.83,23.73,23.83,23.36,23.83,23.73,23.73,23.64,23.92,24.01,23.64,23.73,24.11,23.55,23.83,23.55,23.83,24.29,23.64,23.92,23.64,23.83,23.73,23.92,23.36,23.92,23.64,23.45,23.36,23.55,24.29,23.73,24.01,23.64,24.11,23.45,23.45,23.55,23.45,23.83,23.83,23.73,23.83,23.36,23.92,23.64,24.20,24.01,23.73,23.64,23.83,23.92,23.55,23.92,23.83,23.36,23.73,23.73,23.55,23.55,23.36,23.55,23.73,23.55,23.83,23.83,23.45,24.20,23.92,24.11,23.92,23.26,23.26,23.92,24.29,24.20,24.20,23.45,24.11,24.20,23.92,23.92,23.73,24.29,23.83,24.29,24.20,24.57,24.20,24.20,24.11,24.11,24.11,24.20,23.73,24.29,24.11,23.92,24.48,24.11,24.11,23.83,23.92,24.20,24.01,23.83,24.01,24.01,24.29,24.20,24.20,24.48,23.83,24.01,23.83,23.92,24.39,24.11,24.29,23.83,24.11,24.39,24.29,23.55,24.01,24.20,24.11,24.01,23.92,23.64,24.01,23.92,23.92,23.45,23.64,23.92,23.83,23.45,23.73,24.20,23.92,23.92,23.83,23.55,24.01,24.11,23.45,23.73,23.36,23.83,24.01,23.55,23.73,23.55,23.64,23.92,23.45,23.36,23.64,23.73,23.92,24.20,24.01,24.01,23.36,23.64,23.55,23.64,24.20,24.57,24.29,23.83,23.64,23.73,23.83,23.83,24.11,23.26,24.01,24.11,23.64,23.83,24.29,23.73,23.45,23.83,23.45,23.73,23.73,24.11,23.64,23.73,24.01,23.17,23.26,23.83,23.73,24.11,23.45,23.45,23.17,23.73,23.83,23.73,23.17,23.26,23.55,23.73,23.45,23.83,23.17,23.64,24.01,23.45,23.36,23.55,23.64,23.36,23.83,23.45,24.01,23.08,23.73,23.92,23.55,23.83,23.83,24.11,23.55,23.73,23.55,23.83,23.45,24.01,23.64,23.64,23.17,23.55,23.73,23.45,23.64,23.36,23.73,23.64,23.45,23.83,23.83,23.55,23.45,23.45,23.55,23.55,24.01,23.55,23.45,23.83,23.92,24.01,23.83,23.64,23.92,23.26,24.01,24.20,23.55,23.73,23.92,23.26,23.45,23.64,24.29,24.01,23.64,23.83,24.20,23.45,23.64,23.64,23.45,23.92,23.64,23.73,23.73,23.36,23.83,23.55,23.92,24.20,23.55,23.73,23.17,23.45
23.17,23.45,23.64,23.08,23.08,23.64,23.45,23.73,23.17,23.26,23.36,23.26,22.77,23.26,22.87,23.55,22.87,23.64,23.55,23.36,24.01,23.26,23.26,23.73,23.36,23.45,23.64,23.08,23.83,24.01,23.83,23.55,23.83,23.83,23.36,23.83,23.08,24.20,23.45,23.73,23.73,23.64,24.20,23.55,23.73,23.17,23.36,23.45,23.45,23.64,23.45,23.92,23.83,23.55,23.36,23.64,24.01,23.55,22.96,23.92,23.55,23.08,23.64,24.11,24.20,23.45,23.45,23.26,23.73,23.64,23.36,23.83,23.64,23.17,23.26,24.11,23.64,24.01,23.55,23.64,24.11,23.64,23.26,24.11,23.64,23.92,24.11,23.64,23.55,23.64,23.55,23.92,24.01,23.55,23.36,23.73,23.73,23.83,23.83,23.55,24.20,23.45,23.73,23.83,24.01,23.55,23.92,23.64,23.73,23.92,23.83,23.55,23.73,23.55,23.64,23.64,23.73,23.92,24.29,23.73,23.83,23.83,23.36,23.45,23.64,23.64,23.26,23.64,23.64,23.83,23.45,23.64,23.73,23.73,23.64,23.83,24.11,23.55,23.73,23.64,23.73,23.64,23.73,23.64,24.01,23.73,23.64,23.36,23.55,23.83,23.83,23.64,23.64,23.83,24.01,23.64,24.11,23.64,23.92,24.01,23.73,23.73,23.55,23.55,23.92,23.64,23.92,23.36,24.11,23.55,24.48,23.83,23.83,23.45,24.29,24.67,23.92,23.73,24.01,24.11,23.92,23.83,23.83,23.92,24.11,23.83,23.83,24.01,23.92,23.64,24.01,23.83,23.83,23.92,23.83,23.64,23.83,24.39,23.83,23.92,24.20,23.92,23.73,23.92,24.76,24.20,24.11,24.48,23.83,23.83,24.57,24.39,24.20,24.20,24.11,24.11,23.83,23.83,23.73,23.45,23.83,23.45,24.01,23.55,23.92,24.01,23.83,24.11,23.26,23.64,23.92,24.20,23.45,23.73,23.92,23.83,23.73,23.64,24.11,23.64,23.83,23.73,23.92,23.92,23.92,23.45,23.83,24.11,23.92,23.73,23.83,23.83,23.45,24.20,24.20,23.83,23.92,23.64,23.73,23.55,23.45,23.17,23.55,23.55,23.73,23.92,24.29,23.83,23.64,23.64,23.55,23.64,23.92,23.55,23.36,24.01,22.77,23.73,23.45,24.01,23.55,23.64,23.55,24.20,23.55,23.92,23.73,23.36,23.92,23.92,23.26,24.11,23.64,22.68,23.36,24.01,23.83,23.73,23.73,23.55,23.83,23.83,23.26,24.01,23.92,23.26,23.55,23.45,23.45,23.64,23.55,23.45,23.64,23.45,23.45,23.45,23.64,23.45,23.08,23.36,23.26,23.45,23.64,23.55,23.64,23.36,23.26,23.55,23.26,23.55,23.55,23.64,23.83,23.45,23.64,23.55,23.64,23.73,23.83,23.92,24.39,23.64,24.11,24.01,24.01,23.55,23.73,23.55,23.92,23.73,23.55,23.73,24.29,23.55,24.01,23.83,23.36,23.45,23.83,23.64,23.64,23.45,23.55,24.11,23.45,23.55,23.83,23.55,23.73,23.26,23.92,23.17,23.55,23.17,23.64,23.45,23.83,23.55,23.45,23.92,23.64,23.36
22.77,23.64,23.36,23.45,23.64,22.96,22.68,23.55,23.36,23.36,23.26,22.68,23.45,22.96,23.26,23.17,22.77,23.92,22.96,23.64,23.45,23.64,23.92,23.36,23.55,23.36,23.36,23.26,23.36,23.36,23.83,23.08,23.45,23.26,22.87,23.36,23.73,23.92,23.26,24.01,23.08,23.17,23.64,23.17,23.55,23.45,23.83,23.45,23.45,23.55,24.01,23.17,23.45,23.36,23.64,23.26,23.17,23.64,23.73,24.01,23.08,23.64,23.83,23.55,23.64,23.83,23.45,23.64,23.64,23.08,23.55,23.55,23.55,23.26,24.20,23.55,23.55,23.55,23.83,23.64,23.83,23.73,23.73,23.83,23.45,23.55,23.45,23.83,23.73,23.45,23.55,23.55,23.64,22.96,23.73,23.55,23.83,23.08,23.92,24.01,23.17,23.55,23.55,23.73,23.73,23.64,23.64,23.26,23.45,23.73,23.45,23.55,23.83,24.01,23.55,23.83,23.55,23.36,23.36,23.83,24.11,23.73,23.55,23.73,23.55,24.01,23.55,23.73,23.64,23.92,24.20,23.45,23.83,23.45,23.73,23.55,24.20,23.55,23.83,23.26,24.11,23.64,23.36,23.08,23.73,23.83,23.17,23.83,23.92,23.45,23.73,23.92,23.55,23.83,23.55,23.45,23.92,23.36,23.45,23.83,23.36,22.77,23.64,23.36,23.17,24.01,23.45,23.55,23.73,24.29,23.83,23.36,23.73,23.83,23.92,24.01,23.55,24.11,23.83,23.83,23.83,23.55,24.11,24.20,23.45,23.83,24.11,23.83,23.73,24.01,23.55,23.83,23.92,23.73,23.92,24.11,24.11,23.55,24.11,23.64,23.83,23.64,24.29,23.83,24.11,24.11,24.11,23.83,23.83,24.29,23.92,24.01,23.92,23.92,23.92,23.36,23.45,23.83,23.45,23.92,23.83,23.45,23.55,23.83,23.64,23.55,23.45,23.92,23.64,23.45,23.55,23.08,24.29,23.55,23.26,23.73,23.64,23.55,23.17,23.26,23.45,24.11,23.73,23.64,23.45,23.64,23.55,23.55,23.55,23.55,23.55,23.36,23.26,23.36,23.73,23.55,23.92,23.36,23.45,23.64,23.92,23.73,23.73,23.73,23.64,23.83,23.55,23.26,23.45,23.55,23.55,23.83,23.26,24.01,23.64,23.45,23.83,23.55,23.73,23.83,23.55,23.55,23.73,23.55,23.55,23.36,23.83,23.45,23.36,23.45,23.45,23.83,23.17,23.45,23.08,23.64,23.73,23.55,23.55,23.45,23.36,23.36,23.55,23.17,23.45,23.55,23.73,23.45,23.36,23.55,23.26,23.26,23.55,23.08,23.26,23.08,23.45,23.64,23.73,23.17,23.55,23.45,23.26,23.45,23.73,23.83,23.55,23.36,23.73,23.55,23.26,22.68,23.83,23.83,23.83,23.83,23.08,23.17,23.92,23.55,23.83,23.45,23.83,23.36,23.55,22.87,23.45,23.17,23.45,23.36,23.45,24.01,23.55,23.55,22.96,23.55,23.17,24.01,23.83,23.83,22.96,22.96,23.64,23.64,23.55,23.64,23.36,23.83,23.55,23.45,23.36,23.36,23.26,23.55,23.45,23.73,22.96,23.73,23.55,23.45,23.08,23.36
22.96,23.26,23.08,23.36,22.96,22.38,23.17,23.45,22.96,22.96,23.55,23.26,23.17,23.73,23.17,23.26,22.87,22.96,23.17,23.17,22.77,23.45,23.64,23.73,23.36,23.92,23.17,23.08,23.36,23.17,23.45,23.45,23.83,23.36,22.87,23.45,23.08,23.08,23.45,23.36,23.26,23.08,23.83,23.45,23.55,23.08,23.26,23.45,23.17,23.26,23.64,23.73,23.26,23.08,23.26,23.83,23.08,23.45,23.26,23.55,23.83,23.26,22.96,23.73,23.64,23.08,23.08,23.45,23.08,23.26,23.26,23.26,24.01,22.68,23.36,23.64,22.96,23.26,23.26,23.45,23.55,23.92,23.83,23.36,23.08,23.45,23.45,23.08,23.08,23.55,23.45,23.45,23.36,23.17,23.08,23.73,23.83,23.83,23.83,23.45,23.36,23.17,23.45,23.83,23.36,23.55,23.55,23.45,23.83,23.36,22.96,23.45,23.73,24.01,23.55,23.55,23.83,23.17,23.73,23.45,23.73,24.01,23.45,23.64,23.45,23.64,23.26,23.45,23.45,22.77,23.83,23.64,23.64,23.73,23.64,23.55,23.36,23.83,23.73,23.17,23.26,24.20,23.08,23.73,23.36,23.55,23.92,23.64,24.11,23.55,23.45,23.55,23.92,23.26,23.73,24.01,23.73,23.73,23.26,23.73,23.64,23.26,23.26,22.96,23.36,23.92,23.83,23.55,23.64,23.92,23.73,23.83,23.73,23.73,23.64,23.45,23.92,23.17,23.26,24.11,23.64,24.01,23.73,23.92,23.73,23.26,23.83,24.01,23.55,24.29,23.83,24.01,23.92,23.73,23.92,24.39,23.92,23.83,23.55,24.01,23.55,23.83,23.45,23.92,23.55,23.73,23.17,23.92,23.92,23.55,23.55,24.11,23.64,23.45,23.64,23.55,23.26,23.45,23.55,23.08,23.73,23.64,23.73,23.55,23.55,23.55,23.08,23.83,23.45,24.11,23.36,24.20,23.45,23.26,23.45,23.92,23.55,23.73,23.64,23.36,23.73,23.83,23.36,23.36,23.64,23.92,23.36,23.45,23.55,23.45,23.64,23.73,23.83,23.45,22.96,23.83,23.73,23.64,23.64,23.45,23.83,23.26,23.17,23.36,23.92,24.11,23.55,23.64,23.26,23.73,23.55,23.83,24.01,23.73,23.26,23.17,23.08,23.64,22.96,23.36,23.45,23.26,23.08,23.55,23.55,23.55,23.64,23.64,23.45,23.26,23.36,23.73,23.36,23.64,23.55,23.64,23.26,23.92,23.64,22.96,23.36,23.26,23.45,23.36,23.45,23.36,23.83,23.36,23.64,23.26,23.73,23.17,23.55,23.36,22.87,23.36,23.45,23.08,23.73,23.64,22.87,23.64,23.73,23.26,23.64,23.45,23.26,22.96,23.26,23.08,23.45,23.17,22.68,23.36,23.55,23.36,23.83,23.83,23.55,23.83,23.26,23.45,23.45,23.45,23.64,22.57,24.01,23.73,24.11,23.08,23.17,23.08,24.20,23.73,23.45,23.92,23.73,23.36,23.73,23.55,23.36,23.45,23.26,23.08,23.92,22.96,23.36,23.26,23.64,23.26,23.26,24.01,23.08,23.64,23.64,23.08,23.64,23.64,23.64,24.11,23.45,23.36
22.57,22.38,22.87,23.08,23.17,22.68,22.68,23.55,23.26,22.68,23.36,23.17,22.47,22.96,23.17,22.96,23.45,23.08,22.96,22.38,23.36,23.36,23.17,23.26,23.55,23.45,23.73,23.45,23.26,23.36,23.08,23.45,23.36,24.20,23.45,23.45,23.26,23.36,23.55,22.77,23.08,23.26,22.57,23.45,23.17,23.36,23.45,23.92,23.45,22.96,23.36,23.36,23.55,23.26,23.26,23.36,22.96,23.45,23.08,23.45,23.36,23.45,23.45,23.64,23.73,23.17,23.55,23.36,23.92,23.64,23.45,23.36,23.64,23.64,23.55,23.17,23.26,23.73,23.45,23.55,23.73,23.17,23.45,23.45,23.83,23.36,23.45,23.26,23.17,23.73,23.17,22.96,24.01,23.73,23.17,23.17,23.36,23.55,23.36,23.36,23.08,23.36,23.73,23.55,23.55,23.36,24.01,23.64,23.64,23.55,23.36,23.64,23.92,23.45,23.64,23.73,23.64,23.45,23.92,23.45,23.83,23.83,23.17,23.83,23.55,23.17,23.45,23.83,23.17,23.45,23.73,23.55,23.17,23.83,23.36,23.55,23.17,23.83,23.55,23.55,23.45,23.64,23.55,23.55,23.55,23.55,23.45,23.64,23.73,23.17,23.64,23.26,23.55,23.64,23.64,23.45,23.36,23.45,22.96,24.11,23.92,23.55,23.55,23.45,23.08,23.17,23.55,23.73,23.73,24.20,23.55,23.92,23.83,24.20,23.92,23.83,23.83,23.83,23.64,23.73,24.76,23.73,23.73,24.48,23.92,24.01,24.11,24.01,23.83,24.11,23.83,23.92,23.83,24.01,23.55,24.11,23.55,23.92,23.73,24.29,24.11,23.55,23.55,23.83,23.83,23.92,24.20,23.55,23.83,24.11,23.55,23.55,23.36,23.73,23.92,23.64,23.26,23.83,23.55,23.36,23.83,23.83,23.45,23.55,23.64,23.55,23.45,23.26,23.55,23.64,23.55,23.55,23.64,23.55,23.92,23.73,23.92,23.36,23.64,24.01,23.64,23.17,23.36,23.55,23.26,23.26,22.87,23.26,23.36,23.36,23.55,23.55,23.26,23.26,23.26,23.83,23.55,23.64,23.55,23.36,23.36,23.64,22.96,23.92,22.96,23.55,23.64,23.83,23.36,23.73,23.73,23.36,24.11,23.92,22.87,23.45,23.55,23.64,23.17,23.55,23.36,23.92,23.36,23.26,23.17,23.64,23.17,23.83,23.64,23.83,23.55,23.45,23.83,24.01,22.96,23.45,23.64,22.96,23.73,23.45,23.45,23.08,23.17,23.64,23.64,23.36,23.64,22.96,23.17,22.96,23.36,23.64,23.55,23.55,23.36,23.26,23.64,24.29,23.92,23.45,23.83,23.36,23.36,22.96,23.26,23.45,22.68,23.26,23.55,23.55,23.08,23.64,23.64,23.55,23.26,23.92,22.96,23.64,23.64,23.45,22.77,23.83,23.26,23.64,23.45,23.17,23.45,23.55,23.45,23.55,23.55,23.17,23.64,23.17,23.73,23.55,23.55,22.77,23.36,23.45,23.36,23.08,23.45,23.17,23.45,23.26,23.36,23.64,23.26,23.64,23.17,23.45,23.36,23.64,23.26,23.45,23.26,23.17,23.26,22.77,23.17,23.36
22.77,22.57,22.77,23.55,23.26,23.08,23.08,22.68,22.47,23.26,22.77,22.96,23.26,23.26,22.96,22.96,23.36,23.17,22.77,23.26,23.26,23.64,23.26,22.68,22.96,22.96,23.55,22.96,22.87,22.57,22.77,22.87,23.08,23.55,23.45,22.68,23.55,23.36,23.08,23.73,23.45,23.83,22.87,23.08,23.17,23.36,23.08,23.83,22.77,23.64,23.26,23.36,23.45,23.08,23.26,23.17,23.83,23.55,23.45,23.08,22.77,23.08,23.55,23.83,23.17,24.01,23.55,23.83,23.08,23.92,23.36,23.55,23.36,23.36,23.64,24.11,23.36,23.73,23.17,23.36,23.17,23.08,23.55,23.36,23.36,23.36,23.17,23.55,23.64,23.83,23.36,23.17,23.08,22.96,23.55,23.08,23.08,23.64,23.64,23.26,23.17,23.55,23.45,23.64,23.45,23.55,23.55,23.08,23.55,23.55,22.96,23.36,23.55,23.26,23.64,23.55,23.26,23.64,23.08,23.36,23.83,23.45,23.64,22.96,23.55,23.92,24.01,23.64,23.36,23.92,23.55,23.64,23.92,23.64,23.64,23.26,23.64,23.55,23.45,24.29,23.26,23.45,23.55,23.36,23.64,23.64,23.55,23.64,23.73,24.01,23.64,23.64,23.92,23.36,24.01,23.55,23.73,23.73,23.55,23.92,23.26,23.73,23.26,23.55,23.92,23.55,23.55,23.73,23.73,23.55,23.83,23.55,24.01,23.92,23.55,24.29,24.29,24.11,24.01,23.73,24.20,23.92,24.29,23.83,23.73,23.55,23.73,23.73,23.92,24.11,23.73,23.73,23.92,23.64,24.39,24.01,23.64,24.01,23.92,24.11,23.36,24.01,23.83,23.64,23.83,24.20,24.01,23.73,23.92,23.55,23.45,23.55,23.64,23.73,23.55,23.55,23.55,23.83,23.64,23.73,23.64,23.92,24.11,23.26,23.64,23.45,23.55,23.83,23.26,23.26,23.36,23.64,22.96,23.36,23.73,23.45,23.73,23.45,23.92,23.83,23.45,23.64,23.08,22.96,23.26,23.45,23.83,23.55,22.87,23.45,23.36,23.92,23.55,23.55,23.17,22.96,23.36,22.87,23.55,23.92,23.55,22.87,22.87,23.55,23.26,23.45,23.26,23.73,23.45,23.45,23.92,23.55,23.64,23.36,23.92,23.26,23.73,23.26,23.55,23.73,23.26,23.55,23.08,23.36,23.26,23.26,23.55,23.36,23.26,23.36,23.55,23.17,23.55,23.92,23.73,23.55,23.73,23.08,23.08,23.36,23.45,23.55,23.26,22.87,23.64,23.08,23.08,23.26,23.45,23.36,23.26,22.87,22.87,23.64,24.01,23.55,23.08,23.36,23.08,23.36,23.26,23.73,23.92,23.55,23.55,23.55,24.01,23.73,23.55,23.73,23.08,23.55,23.26,23.26,23.36,23.45,23.55,23.17,23.92,23.26,23.73,23.36,23.26,23.08,23.45,23.36,23.45,23.64,22.96,23.08,23.36,23.45,23.26,23.26,23.26,23.26,23.64,23.73,23.36,23.92,23.26,23.73,23.26,23.45,23.55,23.08,23.45,23.45,23.26,23.36,23.45,22.87,22.77,23.08,22.68,23.55,23.08,23.17,24.01,23.17,22.96,23.26
23.36,22.47,23.17,23.08,22.96,22.87,23.36,23.64,22.77,23.36,23.55,23.08,22.77,23.26,22.87,22.47,23.08,23.26,22.68,23.36,23.08,22.77,23.36,23.26,23.08,23.26,23.26,23.64,23.26,22.96,22.96,23.17,23.26,23.26,22.87,23.83,23.08,23.64,23.17,23.36,22.87,23.55,23.17,23.55,23.08,23.36,22.96,22.96,23.92,23.45,23.17,23.73,23.36,23.45,23.45,23.08,23.36,23.36,23.26,22.57,23.26,23.26,22.77,22.87,22.96,23.36,23.08,22.77,23.08,23.36,23.36,23.64,23.26,23.36,23.17,23.36,23.36,23.17,22.96,23.08,23.36,23.55,23.26,23.17,23.36,23.64,24.01,23.55,23.45,22.87,23.17,23.17,23.36,22.96,23.73,22.96,23.17,23.08,23.08,23.26,23.73,23.73,23.64,23.55,23.73,23.36,23.64,23.26,23.26,23.64,24.01,23.64,23.64,23.36,23.17,23.55,23.45,23.64,23.92,23.83,23.17,23.55,23.26,23.45,22.96,23.55,23.08,22.96,23.55,23.64,23.26,23.64,23.92,23.17,23.92,23.36,23.36,23.55,23.26,22.96,23.55,22.96,23.64,22.96,23.36,22.96,23.17,23.64,23.26,23.55,23.73,23.64,22.96,22.96,23.17,23.73,23.92,23.36,23.36,23.55,23.17,23.36,23.45,23.55,23.55,23.17,23.83,23.55,23.83,23.92,24.20,23.92,23.92,24.20,23.64,23.73,23.26,24.39,23.64,23.83,23.83,24.20,23.83,23.64,23.83,23.64,24.11,23.55,23.36,23.73,23.64,23.83,23.45,23.92,23.45,23.64,23.83,23.83,23.45,24.11,23.83,23.92,23.26,23.83,23.92,22.96,23.26,23.26,23.45,23.83,23.36,23.36,23.26,23.64,23.26,23.83,23.92,23.55,23.64,23.55,23.55,23.55,23.64,23.92,23.17,23.64,23.83,23.26,23.55,23.55,23.36,23.26,23.45,23.92,23.64,23.55,23.17,23.36,23.36,24.01,23.64,23.26,23.26,23.73,23.45,23.83,23.64,23.17,23.36,23.64,23.55,23.45,23.55,23.73,23.55,22.87,23.17,23.73,23.26,23.64,23.36,23.36,22.96,23.55,23.17,23.73,23.36,23.55,23.45,23.26,23.36,23.26,23.64,23.45,23.08,23.45,23.36,23.17,23.36,23.73,23.64,23.36,23.26,22.87,23.36,23.55,23.08,23.36,23.08,23.36,23.64,23.73,22.87,23.17,23.17,23.17,22.68,23.08,23.26,23.26,23.73,23.36,23.45,22.87,23.17,23.36,23.45,23.08,23.17,23.55,23.08,23.45,22.77,23.17,23.45,23.17,23.26,23.26,23.17,23.08,23.26,23.55,23.36,23.45,23.45,23.26,22.96,23.08,23.26,23.45,23.08,23.17,23.45,23.36,23.36,23.45,22.47,23.64,23.08,23.36,23.64,22.96,23.55,22.87,23.64,23.55,23.36,23.45,23.36,23.08,23.26,23.55,23.17,23.73,23.73,23.17,23.36,23.08,23.08,23.26,23.55,23.08,23.08,23.17,22.77,22.77,23.55,23.36,23.73,23.92,23.73,23.17,23.36,23.08,23.26,23.83,23.45,22.68,22.96,23.08,22.77,23.45
22.77,22.68,22.96,23.08,22.68,23.73,22.57,23.45,23.08,22.87,22.77,22.87,22.96,23.36,22.87,22.57,22.77,22.47,22.77,23.08,22.47,22.96,22.77,22.87,23.08,23.08,22.96,23.64,23.08,22.96,22.38,23.17,23.83,22.96,22.96,22.77,23.26,22.96,23.36,22.77,22.68,23.45,22.96,23.17,23.36,23.08,22.68,23.08,23.17,22.96,22.87,23.26,22.77,23.26,23.17,23.17,23.17,23.17,23.08,23.08,23.26,22.87,22.96,23.73,22.87,23.08,23.45,22.96,23.55,22.87,23.73,23.08,23.26,23.36,22.87,23.64,22.87,23.36,23.17,23.36,22.96,22.77,23.08,23.36,23.26,22.68,23.08,22.87,23.36,22.87,22.47,22.77,22.87,23.08,22.68,22.96,23.55,23.17,22.87,23.73,23.36,23.08,23.26,23.26,22.87,23.55,22.87,22.96,23.08,23.08,22.96,23.17,23.45,23.08,23.45,23.64,23.45,22.77,23.83,23.26,23.64,23.64,23.26,23.36,23.55,23.36,23.26,23.36,23.64,23.26,23.45,23.45,23.92,23.36,23.45,23.36,23.36,23.64,23.45,23.08,22.96,23.17,23.45,22.87,23.64,22.87,23.08,23.17,23.08,22.96,23.45,23.36,23.73,23.55,23.08,23.45,23.26,23.36,23.08,23.55,23.64,23.26,23.26,23.73,23.17,23.17,23.08,23.08,23.83,23.92,23.26,23.64,23.45,23.73,23.64,23.64,23.73,23.45,23.92,23.36,23.73,23.73,23.55,23.36,23.73,23.73,23.55,23.26,23.92,23.45,22.96,23.83,23.26,24.01,23.73,23.64,23.92,23.64,23.36,23.55,23.64,24.01,23.45,24.01,23.55,23.64,23.55,23.73,23.26,23.92,24.01,24.01,23.83,24.01,23.55,23.64,23.73,23.45,23.26,23.08,23.45,22.77,23.55,23.45,23.17,23.17,23.55,23.45,23.45,23.64,22.68,23.36,23.26,23.08,23.36,24.11,23.45,23.36,23.36,23.17,23.17,23.26,23.64,23.08,23.36,23.64,23.55,23.45,24.01,23.36,22.87,23.55,23.26,23.92,23.64,23.08,23.45,23.36,23.08,23.26,23.55,22.47,23.73,23.92,23.36,23.92,23.73,23.26,23.73,23.55,23.08,23.55,23.64,22.96,23.36,22.87,23.17,23.45,23.45,23.08,23.64,23.36,23.08,22.77,22.96,23.64,23.36,23.08,23.36,23.45,23.36,23.36,23.36,23.45,23.45,22.96,23.36,23.36,22.96,22.96,23.36,23.08,23.45,23.08,22.96,23.36,23.73,23.36,23.17,23.17,22.96,23.17,23.64,23.17,23.45,23.17,23.08,23.08,23.45,23.83,23.36,23.08,22.68,23.08,23.45,23.26,23.17,22.96,22.68,23.17,23.08,23.17,23.36,23.08,23.26,23.08,23.26,23.73,23.26,23.36,23.45,23.36,23.26,23.45,23.64,23.45,23.26,23.83,23.73,23.17,23.26,24.11,23.55,22.77,23.73,23.08,22.87,23.17,23.45,23.73,22.87,22.68,23.36,23.55,23.45,23.45,23.36,23.73,23.45,23.08,23.73,23.26,23.26,23.26,23.83,23.26,23.45,23.17,23.26,23.45,23.17,23.17
22.17,22.57,22.96,22.57,22.87,23.17,23.26,22.47,22.68,22.68,22.68,23.36,23.08,22.68,22.26,23.08,22.77,23.26,22.77,22.68,23.08,22.96,23.36,22.77,23.26,22.77,23.55,23.17,23.64,23.08,22.87,23.45,23.17,23.08,22.77,23.26,22.47,23.17,23.45,23.26,23.26,23.83,23.45,23.26,22.96,23.26,22.77,23.45,23.64,23.36,23.26,23.17,23.55,22.96,23.55,23.08,22.96,23.17,23.45,23.08,23.17,23.26,23.45,23.26,22.87,22.96,23.17,22.47,23.17,23.73,23.36,22.96,22.57,23.26,22.87,23.55,23.36,22.96,22.96,22.77,23.36,23.08,23.45,22.68,24.01,22.68,23.26,22.87,23.45,23.08,23.45,23.26,23.36,23.08,23.45,23.45,23.45,23.36,22.87,22.87,23.08,23.64,23.36,23.26,23.08,23.08,22.96,23.36,23.08,23.36,23.73,23.36,23.26,23.36,23.36,23.64,23.45,23.73,23.45,23.45,23.36,24.01,22.96,23.45,23.45,23.36,22.87,23.73,23.17,23.08,23.55,23.26,23.64,23.45,23.26,23.17,23.08,23.73,23.45,24.01,23.36,23.36,23.92,23.36,23.45,23.36,23.92,23.26,23.08,22.68,23.36,24.01,23.83,23.45,23.45,23.73,23.73,24.01,23.55,23.45,22.77,23.08,23.73,23.73,23.55,22.96,23.55,23.55,23.45,23.73,23.73,23.73,23.45,23.73,23.73,23.73,23.55,23.55,22.77,23.73,23.17,23.45,23.17,23.55,23.55,23.83,24.01,23.55,23.17,23.45,23.83,23.73,23.08,23.17,23.36,23.83,23.55,23.55,23.08,23.83,24.01,23.36,23.73,24.20,23.26,23.73,23.36,23.45,23.45,23.73,23.36,23.55,23.73,23.36,24.01,23.73,23.45,23.17,23.17,23.26,23.55,23.45,23.08,23.08,23.73,23.26,23.64,23.36,22.17,23.08,23.08,22.68,23.17,22.96,23.26,23.73,22.96,22.87,23.26,23.45,23.73,23.92,23.36,23.08,23.64,23.17,23.64,23.17,23.45,23.08,23.26,22.87,23.36,22.96,22.87,22.77,23.45,23.36,23.55,22.87,23.45,23.17,22.96,23.45,23.36,23.45,23.17,23.73,23.55,23.45,23.55,23.36,22.87,23.45,23.26,22.68,23.08,23.73,23.26,23.17,23.73,23.36,22.96,23.08,23.45,23.64,23.83,23.64,23.36,23.17,23.17,23.17,23.08,23.36,23.36,23.45,23.36,22.96,23.45,22.87,22.96,23.55,23.17,23.45,22.96,23.45,23.08,23.55,23.26,23.08,23.26,23.36,24.11,23.17,24.01,22.87,23.45,23.17,23.83,22.77,22.68,23.26,23.26,23.55,23.17,23.45,23.08,23.55,23.55,23.73,22.96,22.87,23.64,23.45,23.26,23.55,24.20,23.26,22.77,23.45,23.55,23.45,23.08,23.26,22.96,22.77,23.26,23.64,23.26,23.17,23.83,23.45,23.08,23.26,23.17,23.26,23.17,23.26,23.08,23.45,23.17,23.26,23.08,23.08,23.36,22.57,23.08,23.26,23.17,22.57,22.96,23.55,23.55,23.08,23.36,22.77,23.26,22.96,22.87,23.08,23.73,23.17
22.77,22.68,22.68,22.96,22.47,22.38,23.17,22.38,22.77,22.17,23.26,22.47,22.87,22.77,22.77,22.96,23.26,22.77,22.87,22.87,22.87,22.96,23.08,22.57,23.64,22.68,23.17,22.87,23.08,23.17,22.87,23.08,22.47,22.96,22.77,22.77,22.77,22.57,23.45,22.87,22.77,23.73,22.68,23.17,23.08,22.87,23.08,23.08,23.17,22.68,23.17,22.87,23.45,22.68,23.36,22.68,23.08,22.96,22.77,22.68,22.77,23.17,23.17,23.26,22.96,22.96,22.87,22.68,23.55,22.96,23.08,22.38,23.55,22.96,22.96,23.17,22.38,23.45,22.77,23.55,22.96,22.96,23.36,22.77,22.68,22.68,22.96,23.36,22.87,23.17,23.45,23.36,22.96,23.36,23.83,22.26,23.36,22.87,23.17,23.36,23.17,22.77,23.17,22.87,23.64,22.77,23.26,23.26,23.45,23.83,23.36,22.57,23.17,22.87,22.57,22.96,23.36,23.83,23.08,23.17,23.55,23.17,23.08,23.26,23.36,23.55,23.73,23.26,23.26,23.73,23.73,23.17,23.17,23.45,23.73,23.73,22.96,23.36,23.55,23.08,23.36,23.17,23.26,23.26,23.17,23.17,23.55,23.45,23.36,23.26,23.83,23.26,23.45,23.17,23.73,23.55,23.17,23.45,22.87,23.45,23.55,23.17,23.17,23.17,23.73,23.17,23.08,23.08,23.26,23.17,23.55,22.96,24.01,23.83,23.64,23.45,24.01,23.08,23.45,24.01,23.64,23.36,24.01,23.55,23.83,23.45,23.17,23.73,23.26,23.45,23.73,23.08,23.36,23.73,23.83,23.36,23.64,24.11,23.26,23.36,23.73,23.73,23.64,23.17,23.45,24.29,24.20,23.36,23.26,23.45,23.64,23.26,23.36,23.73,23.08,23.26,22.96,23.45,23.45,23.17,23.17,23.17,23.55,23.26,23.36,23.26,23.08,22.87,22.96,23.17,23.73,23.92,23.45,23.17,23.26,23.17,23.17,23.08,23.26,23.08,23.92,23.83,23.55,23.26,23.26,23.55,22.96,23.45,23.26,23.55,22.47,22.57,22.47,23.36,22.87,23.08,23.64,23.55,23.55,23.08,23.83,23.45,23.26,22.57,23.26,23.26,23.08,23.17,22.96,23.45,23.45,22.96,22.96,23.17,22.77,23.17,23.17,22.96,23.36,23.26,23.36,23.26,23.26,22.77,23.45,22.87,23.17,23.26,22.57,23.26,23.08,23.36,23.45,23.45,23.26,23.45,22.87,23.08,23.45,23.08,23.55,22.96,23.26,22.87,22.68,23.17,22.87,22.96,23.83,23.73,23.26,23.36,23.17,23.73,22.87,22.47,23.73,22.96,22.77,23.26,23.73,22.96,23.17,23.08,23.55,22.77,22.77,23.26,22.57,23.17,22.68,22.87,23.36,23.55,23.17,23.26,23.64,23.36,23.55,22.77,23.08,23.45,23.26,23.17,22.96,22.68,22.47,22.77,23.36,23.45,23.64,23.45,23.55,22.87,23.17,23.26,22.87,22.38,22.96,22.87,23.17,23.17,23.26,22.57,23.08,22.68,22.87,22.96,23.55,23.36,22.68,23.17,22.96,23.17,23.08,23.26,22.96,22.77,23.45,22.68,22.87,23.55
23.08,22.96,22.05,22.38,22.57,22.38,22.57,22.57,22.96,22.57,22.17,22.57,22.47,22.77,22.77,22.26,23.17,23.17,22.47,22.87,22.47,22.96,22.77,22.47,23.17,22.68,23.17,23.36,22.77,23.08,22.57,23.17,22.96,23.17,22.87,22.47,22.87,22.87,22.77,23.26,22.57,22.47,23.36,22.77,22.87,23.08,22.57,23.17,23.26,23.26,23.08,22.77,23.08,22.57,23.08,23.36,23.17,22.96,23.26,23.36,22.87,22.38,23.26,23.36,23.17,22.77,22.96,22.87,22.87,22.57,23.26,22.96,22.87,23.36,23.08,22.96,22.57,22.68,23.83,22.87,22.96,22.96,23.08,23.36,23.26,22.96,23.17,23.08,22.68,23.17,23.55,23.36,22.68,22.96,23.55,23.08,22.96,22.77,23.17,22.68,22.87,22.47,22.77,22.96,23.45,23.26,23.08,23.55,23.26,23.26,23.45,22.68,22.87,23.73,23.26,22.77,23.55,23.08,22.96,23.26,23.17,23.08,22.68,23.17,22.77,23.36,22.96,23.45,23.45,23.17,23.55,23.08,23.45,23.45,23.26,23.36,23.55,23.26,22.68,23.45,22.96,23.26,23.36,22.87,23.45,23.08,23.26,23.45,23.73,22.96,23.45,23.36,23.08,23.26,22.96,23.26,22.77,23.17,23.45,23.36,23.45,23.17,23.17,23.45,23.36,23.08,23.73,22.96,23.08,22.87,23.36,23.17,23.55,23.55,23.45,23.73,22.96,23.64,23.55,23.26,23.55,23.17,23.26,23.73,23.45,22.96,23.26,23.17,23.55,23.45,23.55,23.17,23.17,23.17,23.17,23.26,23.55,23.83,23.08,23.17,23.45,23.26,23.64,23.92,23.45,23.08,23.64,23.36,23.55,23.26,23.73,23.55,23.17,23.55,23.17,22.68,22.68,23.36,23.08,22.96,23.26,22.77,23.45,23.36,23.45,22.87,23.17,23.08,23.17,23.17,23.45,23.64,24.01,23.26,22.57,23.55,23.17,23.08,23.45,22.77,23.26,23.45,23.55,23.36,22.68,22.57,23.45,23.45,23.17,22.68,22.77,22.87,23.45,23.55,23.45,23.26,23.17,23.08,23.08,23.45,23.45,23.26,23.26,23.26,23.08,23.08,23.55,23.45,23.17,23.45,22.96,23.26,23.17,23.17,22.68,22.57,23.45,23.17,23.17,22.96,23.26,23.36,23.26,23.55,22.87,23.08,23.17,22.96,22.68,22.77,23.64,23.17,23.55,23.45,22.96,23.45,23.26,23.17,22.96,23.08,22.68,22.05,22.87,23.08,22.87,22.87,23.17,23.08,23.36,22.96,22.87,22.68,23.08,23.08,22.68,22.47,22.96,22.87,23.64,23.55,23.08,22.87,22.77,23.26,23.17,22.68,22.26,23.08,22.96,22.96,23.08,22.68,22.87,23.26,23.08,22.87,23.55,23.36,23.17,23.17,23.26,22.87,22.96,23.55,22.68,22.87,23.36,22.96,23.08,23.26,23.64,22.96,22.96,23.26,22.77,22.87,23.08,23.08,23.26,22.77,23.36,22.87,22.77,23.08,22.96,22.77,23.17,22.77,23.36,23.17,22.47,22.68,22.96,23.08,22.57,22.87,22.77,23.17,23.36,23.36,23.55,23.08
22.68,22.57,22.26,22.87,22.38,23.08,22.26,21.75,22.05,22.68,22.26,22.38,22.05,22.77,22.47,22.87,22.68,23.17,22.68,22.87,22.87,23.55,23.73,22.26,22.47,22.38,22.68,22.87,22.47,22.96,22.47,22.87,23.55,22.87,23.36,23.08,22.57,23.17,22.68,22.47,22.87,22.96,23.08,22.47,22.77,22.87,22.77,22.87,22.87,23.45,22.57,22.87,22.77,22.26,23.08,22.87,22.68,22.57,22.47,22.77,23.36,23.08,22.68,22.17,22.68,22.87,22.68,23.08,22.47,22.96,22.47,23.08,22.57,23.26,22.87,22.96,22.77,22.96,22.57,22.68,23.17,23.36,22.68,22.96,23.17,23.17,23.08,23.36,23.08,22.96,22.87,22.38,23.26,22.87,23.36,22.68,23.36,23.08,22.38,23.08,22.77,23.08,22.87,23.64,23.36,22.77,22.68,23.55,23.17,23.08,23.17,23.83,22.77,22.77,23.73,22.96,23.45,23.17,23.36,22.96,22.96,23.26,23.17,22.87,23.26,22.68,23.08,23.36,23.26,23.17,23.36,23.26,22.87,22.96,22.68,23.26,23.08,22.87,22.38,23.26,23.26,23.26,23.64,23.08,22.96,22.68,23.26,23.17,22.77,23.26,23.26,22.77,23.55,23.17,22.96,23.26,22.68,22.96,22.87,22.96,23.45,23.26,23.17,23.17,23.55,23.45,22.96,23.17,23.36,23.26,23.26,23.73,23.64,23.55,23.45,23.64,23.55,23.45,23.26,23.55,23.73,23.64,23.55,22.87,23.45,23.26,23.55,23.92,23.26,23.55,23.73,23.83,23.08,23.45,23.45,23.17,23.36,22.87,23.26,23.55,22.87,23.55,23.26,23.73,23.08,23.64,23.55,23.45,23.26,23.26,23.26,23.64,23.17,23.55,23.55,23.73,23.26,23.73,23.36,22.87,23.55,23.26,22.57,22.68,23.26,23.26,22.77,23.36,23.83,22.96,22.77,23.26,22.96,22.77,23.83,23.17,23.55,23.26,22.87,23.36,22.47,23.36,23.55,23.08,22.87,23.26,23.17,23.36,23.26,22.68,22.96,23.45,23.36,22.68,22.47,22.96,23.08,23.17,22.96,23.08,22.68,23.36,23.36,22.96,23.08,23.26,23.55,22.77,23.08,23.36,23.26,23.08,23.08,23.26,22.87,23.08,23.55,23.45,23.17,23.17,23.64,23.08,23.26,23.55,22.87,22.96,23.17,22.87,23.36,23.36,23.17,22.77,22.47,22.77,22.96,22.87,23.45,22.77,23.45,23.36,23.64,23.17,22.77,22.68,22.87,22.68,23.08,22.96,23.08,23.08,22.87,23.36,22.87,23.17,23.08,23.17,22.57,23.17,22.57,23.08,22.87,22.96,23.08,23.17,22.57,23.45,22.87,22.68,22.68,22.47,22.57,22.77,23.55,22.47,22.57,22.77,22.68,22.96,22.57,22.77,23.55,23.55,22.68,23.26,23.17,22.96,22.96,22.47,22.57,23.08,22.57,22.87,23.36,22.47,22.26,22.26,22.57,22.77,22.57,23.08,22.77,23.08,22.38,22.77,22.47,22.26,23.08,22.77,22.38,22.96,23.36,22.57,22.38,22.47,22.57,23.08,23.08,23.08,22.68,22.68,23.26,22.77
22.05,22.17,22.38,22.87,21.54,22.47,22.57,22.38,22.47,22.57,22.68,22.38,22.57,22.38,22.38,22.38,22.26,22.77,22.17,21.96,22.77,22.57,23.08,22.77,22.77,23.17,21.75,22.47,21.96,23.36,22.87,22.87,22.96,22.57,22.96,23.08,22.47,22.38,22.96,22.77,22.68,22.96,22.77,22.87,22.47,22.77,23.17,23.17,22.47,22.87,22.47,22.87,22.68,22.26,22.68,23.45,23.08,22.57,22.77,22.87,22.57,22.68,22.77,22.77,22.57,23.17,22.57,22.96,22.87,23.17,22.68,22.87,23.45,22.57,23.17,23.17,22.68,23.36,23.08,23.55,22.96,22.38,23.08,22.87,22.26,22.77,23.08,22.87,22.77,23.08,23.08,22.47,22.47,23.36,22.26,22.87,23.08,22.05,23.08,23.36,22.96,22.77,23.36,22.57,22.47,23.08,22.57,23.36,23.08,23.26,23.08,22.77,22.57,23.08,22.05,23.08,22.68,22.96,22.96,22.96,23.26,22.87,22.68,23.17,22.47,23.08,22.77,23.17,22.77,23.17,23.08,23.55,22.68,23.08,22.77,22.77,23.17,23.26,22.96,22.57,23.36,22.77,23.17,23.26,22.57,23.08,23.26,22.77,23.36,22.96,22.87,23.17,23.83,23.36,22.57,23.08,23.17,23.36,22.77,22.96,22.87,22.77,23.08,23.64,23.36,23.08,23.55,23.17,23.64,23.92,22.96,23.17,23.08,23.92,23.17,23.55,22.87,23.36,23.55,23.64,24.11,24.01,23.36,23.26,22.87,23.26,23.83,23.64,23.64,23.55,23.08,23.36,22.47,23.55,23.73,23.26,23.26,23.26,22.68,23.64,23.26,23.36,23.17,23.26,23.26,23.55,23.83,23.17,23.17,23.55,23.55,23.45,23.36,24.20,23.83,23.92,22.57,22.96,22.87,22.77,23.08,23.55,22.57,22.26,22.96,23.26,22.77,22.96,23.26,22.68,22.38,22.77,23.08,22.57,23.08,22.68,22.96,23.64,23.08,23.08,22.96,22.57,23.26,22.68,22.38,22.96,22.96,23.45,23.08,22.47,22.96,23.08,22.87,23.17,22.47,22.77,22.77,22.87,22.77,22.68,22.87,22.87,22.77,22.68,23.26,22.77,22.87,22.96,22.96,22.96,23.08,22.47,22.87,22.26,22.47,23.08,23.17,23.26,22.77,23.08,22.38,22.77,22.47,23.17,22.47,23.55,22.96,22.57,22.87,23.08,23.26,22.96,22.87,22.68,23.17,22.77,22.77,22.57,22.57,23.36,22.47,22.77,22.77,22.68,23.26,23.36,23.26,23.08,22.96,23.08,22.96,23.08,22.87,23.08,22.87,22.47,22.87,22.68,23.17,22.47,22.68,23.17,23.08,23.08,22.96,23.08,23.36,23.08,22.77,22.26,22.96,22.68,22.77,23.08,22.57,23.17,22.77,22.96,22.87,23.08,23.17,23.26,22.96,23.08,23.45,23.08,22.96,22.96,23.08,22.68,23.36,22.77,22.87,23.17,23.17,23.08,23.26,23.45,22.77,22.96,22.96,23.17,22.26,23.36,23.36,22.68,23.17,22.26,23.08,22.57,22.87,22.87,22.87,22.96,23.17,22.87,23.17,22.87,22.38,22.68,22.38,22.38
22.96,22.26,22.17,22.68,22.68,22.05,22.26,22.77,22.47,22.68,22.68,21.96,22.38,21.84,22.87,22.38,22.68,22.57,22.68,22.68,23.17,22.68,22.77,22.57,22.77,22.26,22.57,22.77,23.36,22.77,23.26,22.68,22.47,22.57,22.68,23.08,22.47,22.05,22.17,22.47,22.57,22.68,22.96,22.77,21.96,22.68,21.96,23.08,22.77,22.68,22.77,22.96,22.96,22.26,22.68,23.08,22.57,22.47,23.36,22.68,22.38,22.26,22.77,22.68,22.77,22.57,22.57,23.17,22.68,23.17,23.36,22.96,23.17,22.57,22.57,22.87,22.68,22.77,22.77,23.45,23.17,23.17,22.68,22.87,22.87,22.57,22.87,22.77,22.87,22.68,22.57,22.57,22.96,23.45,22.68,23.45,22.68,23.17,22.57,22.77,22.96,22.96,23.08,22.96,22.87,22.87,22.68,22.96,22.77,22.38,23.36,22.26,22.26,23.17,22.77,22.68,22.26,22.87,22.77,22.47,23.26,23.36,22.77,22.47,23.45,23.08,22.96,23.26,23.08,23.17,23.55,22.68,22.68,23.45,22.87,23.08,22.96,23.08,22.77,23.08,23.08,23.36,22.57,22.96,22.47,22.87,23.26,22.57,23.17,22.68,22.77,23.55,22.96,23.08,22.87,22.87,23.26,22.57,22.57,23.08,23.26,22.96,23.26,23.08,23.08,22.77,23.26,22.96,22.96,23.36,23.55,23.26,23.45,23.26,23.08,22.96,23.26,23.36,23.26,22.38,23.36,23.92,23.26,23.55,23.36,23.36,23.17,23.08,23.55,22.68,23.36,23.64,22.47,23.55,23.26,23.26,22.96,23.55,23.08,22.87,23.83,23.17,23.26,23.55,23.64,22.96,22.77,23.36,22.87,23.08,22.96,23.08,23.83,23.08,23.26,23.36,23.08,23.26,23.36,22.96,22.68,23.36,23.17,22.77,23.08,22.68,22.87,22.96,23.17,23.45,22.87,22.57,23.36,23.64,22.77,22.96,23.08,22.96,23.17,23.08,23.08,23.36,22.87,22.87,22.47,23.08,22.87,23.17,23.08,23.08,22.57,22.87,22.47,22.77,23.17,22.96,22.77,22.96,23.17,22.77,22.87,22.77,23.26,21.96,22.77,22.87,23.08,22.47,22.57,23.55,23.17,22.96,23.17,22.47,23.17,23.26,22.77,23.17,22.77,22.47,23.26,23.17,22.57,22.96,22.87,23.45,22.87,23.17,23.08,23.73,22.57,23.08,23.08,22.47,22.77,23.08,23.08,22.77,21.84,22.96,22.57,23.17,23.08,23.17,22.96,22.68,22.87,22.87,22.87,22.47,22.68,22.77,22.38,22.68,22.96,22.38,22.57,23.45,22.26,22.68,22.26,22.38,22.47,23.17,22.26,22.96,22.87,23.08,22.96,23.26,23.17,22.57,23.55,22.96,21.96,22.87,22.57,22.68,23.17,23.08,22.96,22.26,23.17,23.17,22.87,22.26,22.68,23.17,22.77,22.47,22.96,22.47,22.77,22.96,22.87,22.77,22.77,23.36,23.08,22.96,23.08,23.55,23.64,23.17,22.96,22.57,22.68,22.87,23.26,22.57,22.38,22.77,22.77,22.87,22.68,22.96,22.47,23.36,22.68,21.96,22.57,22.68
22.17,22.57,22.68,22.26,22.57,21.84,21.75,22.47,21.96,21.96,21.96,21.96,22.47,21.84,22.77,22.38,22.38,21.96,22.47,22.26,22.47,22.38,22.17,22.57,22.47,21.84,22.87,22.77,22.57,22.77,22.17,22.68,22.05,22.57,22.38,22.77,22.38,22.77,23.08,22.38,22.87,22.87,22.96,22.57,22.38,22.77,22.47,22.77,22.77,22.57,22.96,22.68,23.26,22.87,22.26,23.08,22.47,22.87,22.96,22.26,22.77,22.57,22.68,23.45,22.38,23.17,22.17,21.42,22.47,22.68,22.77,22.77,22.77,23.26,21.31,22.17,22.38,22.38,22.47,23.26,22.68,22.05,22.17,22.38,23.26,23.36,22.77,22.47,22.68,22.38,22.47,21.96,22.26,22.38,22.96,22.38,23.17,23.17,23.08,22.87,22.57,23.17,22.47,22.87,22.47,22.68,22.77,22.68,22.57,23.17,22.77,23.45,23.08,22.77,23.45,22.68,23.08,23.17,23.17,22.87,23.17,22.96,22.87,22.96,22.87,22.87,22.68,22.87,23.08,22.57,22.68,23.26,23.17,23.08,22.77,23.55,22.57,22.96,23.17,22.77,23.64,22.57,23.08,22.38,22.87,22.05,22.47,23.36,23.45,22.87,23.17,22.87,22.57,22.68,22.77,22.96,23.17,23.08,23.45,23.17,22.77,22.26,22.57,23.36,22.57,22.96,23.45,22.77,22.77,22.87,22.68,23.08,22.77,23.45,23.17,23.17,23.26,23.26,23.17,23.64,22.47,22.96,22.87,23.45,22.96,23.45,23.08,23.45,22.87,23.08,23.08,23.17,22.87,22.87,22.87,23.45,22.96,23.08,23.45,23.17,23.17,23.36,23.64,23.64,22.96,23.08,23.17,22.77,23.36,23.55,23.08,23.26,23.08,23.45,22.77,22.96,22.77,22.68,23.45,23.17,22.87,22.77,23.26,22.77,22.77,23.17,22.57,23.45,22.68,23.45,23.08,22.77,22.96,22.87,22.87,22.96,22.68,23.17,22.68,22.68,22.77,23.17,23.08,22.87,23.36,22.96,23.08,22.96,23.36,22.68,22.68,23.08,22.68,22.87,23.08,22.87,22.96,22.87,23.36,23.17,22.68,22.38,22.38,22.87,22.68,22.87,22.38,22.96,22.87,22.87,22.87,22.47,22.57,23.45,23.26,22.38,22.57,23.36,23.26,23.17,22.87,22.96,22.96,23.08,23.17,22.87,22.57,22.68,22.96,23.08,22.57,22.87,23.17,23.36,22.68,22.38,22.47,22.47,22.57,23.55,22.77,22.38,22.96,23.17,22.38,22.96,22.38,23.08,22.87,22.96,22.68,22.77,22.05,22.68,22.57,22.47,23.08,23.08,23.26,22.38,22.87,22.77,23.45,22.77,22.38,22.57,22.57,22.05,23.26,22.38,22.26,22.68,22.68,22.57,22.47,22.17,22.87,22.68,22.68,22.77,23.36,22.87,22.57,22.68,22.68,22.68,22.05,22.87,22.87,22.68,22.05,22.96,22.47,23.08,22.68,23.45,22.47,22.96,23.45,22.68,22.96,22.68,22.87,22.68,23.26,22.47,22.87,22.57,22.68,23.08,23.26,22.77,23.26,22.68,22.47,22.38,23.08,22.96,22.96,22.47,22.47,22.96
21.63,22.05,22.77,22.38,21.84,22.77,22.05,22.26,22.47,21.75,22.05,21.54,22.17,21.54,22.77,22.05,22.47,22.26,22.38,22.68,21.96,22.47,22.26,22.68,22.77,21.96,22.05,22.68,22.47,22.05,22.17,22.17,22.87,22.17,21.96,22.38,22.96,22.17,22.47,22.57,21.96,22.47,22.38,22.17,22.68,22.77,23.08,22.77,22.38,23.08,22.26,22.47,22.77,22.57,22.26,22.38,22.77,22.68,23.36,22.05,22.57,22.47,22.77,22.57,22.26,22.68,22.57,22.68,22.68,21.96,21.63,23.17,22.38,22.96,22.77,22.47,22.17,22.57,21.96,22.26,22.77,22.38,22.77,22.57,22.26,22.96,21.96,23.26,22.96,22.38,22.57,22.68,23.08,22.68,22.87,22.87,23.08,22.47,22.38,22.26,22.57,22.47,22.68,22.87,22.47,22.96,22.57,22.96,22.47,22.68,22.96,22.68,22.47,22.47,22.47,22.47,22.38,23.45,22.57,23.45,22.87,22.57,22.96,22.17,21.84,22.96,22.96,22.96,22.05,22.57,22.57,22.87,23.17,23.45,22.47,22.38,22.87,23.26,22.87,22.96,22.96,22.96,22.47,22.96,22.87,23.08,22.96,23.08,22.68,22.96,22.47,22.96,22.87,23.26,23.26,23.08,23.08,22.87,23.17,22.77,22.68,23.17,23.17,23.45,22.77,22.77,22.68,23.08,22.87,22.77,23.17,23.26,23.92,22.77,22.77,23.17,22.96,23.64,23.17,22.47,22.96,22.77,23.64,23.17,23.17,22.68,23.55,23.08,23.17,22.87,23.08,23.45,22.87,22.87,23.55,22.68,23.36,23.36,23.45,23.64,22.96,23.17,23.36,23.45,23.26,23.17,23.26,23.17,23.55,23.45,22.87,23.17,23.17,23.17,22.77,23.73,23.17,23.26,22.77,22.57,23.55,23.17,23.17,22.87,23.08,23.17,23.17,23.26,22.68,22.26,22.77,22.26,23.17,22.68,23.17,22.87,22.68,23.08,22.96,22.68,22.57,21.96,22.87,22.57,22.68,22.68,22.77,22.47,22.38,22.96,22.57,23.17,22.77,22.68,22.68,22.96,22.87,23.08,22.96,22.38,22.87,23.17,22.57,22.68,22.87,22.68,22.77,23.26,22.38,22.68,22.17,22.57,22.68,22.57,23.08,22.68,22.96,22.68,22.96,22.68,21.84,22.77,23.08,22.68,22.87,22.77,23.17,22.38,22.26,22.77,22.57,23.17,22.57,23.08,22.68,22.47,23.55,23.26,23.17,22.68,22.17,23.08,22.57,22.96,22.96,22.77,22.77,22.47,22.96,22.68,22.87,22.77,22.47,22.47,22.96,22.17,23.26,23.08,22.57,22.38,22.05,22.96,22.87,22.47,22.87,22.96,22.17,23.55,23.26,22.47,22.57,22.77,23.17,22.87,22.68,22.68,22.38,23.17,22.47,22.96,22.47,22.17,22.87,22.17,22.38,23.26,22.47,23.26,22.96,23.26,22.47,22.68,22.47,22.38,22.87,22.47,22.87,23.08,22.26,22.68,22.68,22.96,22.96,22.96,22.38,22.77,22.68,22.26,22.87,22.17,22.26,23.08,22.96,22.57,22.57,22.96,22.77,22.26,22.38,22.17,22.57,22.96
21.75,21.96,21.96,21.42,21.96,22.17,21.63,21.42,21.31,22.57,21.54,22.26,22.26,22.05,21.84,21.84,22.77,22.26,21.84,22.77,21.75,22.47,21.75,22.05,22.26,22.26,22.57,22.87,22.96,22.38,21.75,22.68,21.96,22.17,22.68,22.47,22.38,22.47,22.68,22.26,22.47,22.38,22.17,22.26,22.68,22.87,22.57,22.05,22.68,22.05,23.08,23.17,23.08,22.68,22.57,22.17,22.47,22.47,21.84,21.96,22.38,22.57,22.77,21.96,22.17,22.26,22.68,22.87,22.77,22.96,22.68,22.26,22.57,22.26,22.87,22.38,22.05,22.87,22.57,22.87,22.38,22.57,22.47,22.57,22.68,22.26,22.87,22.47,22.77,22.77,21.63,22.57,21.96,22.87,22.68,22.77,22.96,22.87,22.47,21.84,22.05,23.26,22.77,22.77,22.68,22.47,22.96,22.47,22.68,22.47,23.26,23.26,22.77,22.87,22.47,23.36,22.96,22.87,21.96,22.57,23.26,22.47,22.96,23.45,22.38,22.96,23.45,22.57,22.38,22.47,23.17,22.57,22.77,22.47,22.68,23.08,22.05,22.17,22.68,23.26,23.26,22.68,22.47,22.96,22.47,22.87,22.47,22.77,22.38,22.96,22.17,22.96,22.47,22.96,22.77,22.47,22.96,22.57,22.77,22.87,23.36,22.96,22.05,22.57,22.96,22.26,22.47,23.17,23.26,23.26,22.77,22.96,23.45,22.87,23.55,23.26,22.68,22.47,22.68,22.77,23.64,22.96,23.17,22.57,22.38,22.96,22.68,23.17,23.17,22.68,23.45,23.08,22.96,23.26,22.96,23.36,22.87,22.96,22.68,22.96,23.45,22.77,22.38,22.96,22.96,23.17,22.77,22.68,22.96,22.87,22.68,22.57,22.96,22.77,22.77,23.08,23.08,22.47,22.47,22.87,22.38,22.68,22.77,22.87,22.47,22.77,23.17,22.47,22.68,22.77,22.38,22.17,22.57,22.77,22.77,22.57,23.17,22.26,22.87,22.05,22.87,21.96,22.05,22.77,22.57,22.96,22.87,22.17,22.05,22.96,22.96,23.26,22.96,22.96,22.96,22.68,22.87,23.17,22.68,22.68,22.17,22.57,22.87,22.47,22.26,22.26,22.77,22.87,22.57,22.68,22.26,22.26,22.47,22.57,22.26,22.57,22.77,22.57,22.87,22.68,22.77,23.26,22.47,22.77,22.77,22.26,22.57,22.57,22.57,22.87,21.84,22.26,22.47,22.57,23.08,22.96,22.57,22.77,22.38,21.84,22.96,22.68,22.87,22.57,22.26,22.96,22.68,22.26,22.17,22.47,23.08,22.38,22.26,22.68,22.26,22.26,22.77,23.08,22.57,22.26,22.77,22.26,22.87,22.05,22.47,22.87,22.38,22.26,22.38,22.68,22.57,22.47,22.47,23.17,22.77,22.38,22.87,22.87,23.55,22.57,22.96,22.87,22.26,22.68,22.77,22.47,22.77,23.08,22.26,22.57,22.87,22.68,22.77,22.96,22.77,23.17,22.17,22.38,23.26,22.57,22.38,22.17,22.57,21.21,22.26,22.57,21.96,22.26,22.77,22.96,22.57,22.68,22.87,22.57,22.87,22.77,21.54,22.68,21.75,22.17,23.08,22.38
22.05,21.63,21.31,22.26,22.05,22.26,22.17,22.17,22.57,22.17,21.75,21.96,21.84,22.05,22.87,21.96,22.38,22.17,22.57,22.17,21.84,21.84,22.77,22.38,22.77,21.96,21.84,21.96,21.84,22.47,21.84,21.54,21.42,22.26,22.57,22.96,21.96,22.26,22.38,22.26,22.26,22.57,22.38,22.47,21.75,22.05,22.47,22.68,22.26,22.26,22.47,22.26,22.38,22.05,21.96,22.68,22.26,22.17,22.17,22.38,22.17,22.26,21.75,22.87,22.47,22.57,21.96,22.26,22.47,22.05,22.17,22.17,22.68,22.77,22.17,22.17,21.84,22.38,22.57,22.17,22.77,21.96,22.68,21.96,22.68,22.57,21.96,22.47,22.38,22.38,22.87,22.38,22.05,22.57,22.47,22.57,22.38,22.17,22.38,22.87,22.77,22.38,22.87,21.96,22.17,21.84,22.05,22.38,21.31,22.68,22.47,22.05,22.47,22.38,22.05,21.63,22.77,22.26,22.47,22.57,22.57,22.47,22.38,23.26,22.96,22.87,22.87,23.26,22.77,22.47,23.26,22.96,22.57,22.77,22.96,22.57,22.77,22.87,22.57,22.57,22.87,22.57,22.47,22.77,22.68,23.08,23.08,22.87,23.08,23.08,23.26,22.47,22.77,23.08,22.57,23.08,22.26,21.75,22.68,23.08,22.77,22.87,22.47,22.47,22.57,22.96,22.57,22.47,23.17,23.17,22.68,23.36,23.26,22.96,23.08,22.77,22.87,23.26,22.77,23.64,23.08,22.47,23.26,23.08,22.77,23.08,22.68,22.96,22.26,23.26,22.57,22.05,22.47,23.08,23.17,23.08,23.08,22.68,22.68,22.96,22.17,22.77,22.77,22.77,22.96,22.26,22.96,22.05,22.05,23.36,22.77,22.47,23.08,22.38,23.17,22.77,22.68,22.47,22.96,22.57,22.96,22.87,22.87,22.57,22.57,22.77,22.05,22.26,22.47,22.77,22.38,22.47,23.08,22.47,22.47,22.77,22.68,22.68,22.57,21.63,22.17,22.57,22.57,22.47,22.26,23.08,22.17,22.57,21.96,22.77,22.47,22.47,23.08,23.36,22.96,22.05,22.26,22.77,22.68,22.96,22.05,22.26,23.17,22.87,22.47,22.77,22.68,22.57,22.77,22.26,22.77,22.38,23.08,22.87,22.96,22.68,22.77,22.05,22.57,22.26,22.17,22.68,22.38,22.47,22.96,22.68,22.68,22.57,22.47,22.57,22.87,22.26,22.38,22.57,22.77,22.38,22.05,22.38,21.84,21.96,22.38,22.57,22.38,22.87,22.05,22.96,21.96,21.84,22.57,22.77,22.38,22.26,22.57,22.77,22.38,21.75,22.47,22.26,22.38,23.26,22.87,22.47,22.57,21.10,22.38,22.68,21.84,22.57,22.05,22.38,22.38,22.57,22.57,23.17,21.54,22.26,21.42,22.77,22.57,23.08,22.05,22.47,22.68,22.57,21.96,22.68,22.26,22.05,22.57,22.87,22.57,23.17,22.38,22.05,22.05,21.84,22.57,22.87,22.47,22.57,22.77,21.63,22.38,22.77,22.38,22.47,22.77,22.68,22.87,22.38,22.87,21.75,22.68,21.84,22.68,22.38,21.42,22.05,22.87,22.05,22.26,22.26
